id,type,energy,time,convergence,lattice_1d,atom_amount,mag_per_atom,runtype
1009_16,bulk,-59.85926688,74.025,True,"[3.89328572, 0.0, -3.89328572, 0.0, 9.93129749, -7.78657143, 0.0, 0.0, 3.89328572]",10.0,5.46e-06,local
1009_17,bulk,-59.85926688,71.133,True,"[3.89328572, 0.0, -3.89328572, 0.0, 9.93129749, -7.78657143, 0.0, 0.0, 3.89328572]",10.0,5.46e-06,local
1009_4,bulk,-59.86133559,58.676,True,"[9.93129749, 0.0, 0.0, 0.0, 3.89328572, -3.89328572, 0.0, 0.0, 3.89328572]",10.0,2.4840000000000003e-05,local
1010_47,bulk,-107.11871989,549.997,True,"[11.8208815, 0.0, 0.0, 0.0, 6.82478911, -3.12362851, 0.0, 0.0, 3.12362851]",18.0,7.542777777777778e-05,local
1012_2,bulk,-135.15458137,491.682,True,"[6.82729991, 0.0, -6.82729991, -0.0, 6.82729991, -6.82729991, 0.0, 0.0, 6.82729991]",24.0,2.1524999999999998e-05,local
1014_3,bulk,-159.91809357,215.266,True,"[6.2107684, 0.0, 0.0, 0.0, 6.2107684, -6.2107684, 0.0, 0.0, 6.2107684]",16.0,6.05e-06,local
1015_4,bulk,-77.12616738,144.399,True,"[7.65195022, 0.0, -8.83571104, -0.0, 5.51117811, -4.41785552, 0.0, 0.0, 4.41785552]",12.0,2.88e-05,local
1017_0,bulk,-149.05566172,133.146,True,"[5.78945393, 0.0, -5.78945393, -0.0, 5.78945393, -5.78945393, 0.0, 0.0, 5.78945393]",16.0,0.00021893125,local
1019_14,bulk,-111.2735701,227.347,True,"[4.04820303, 0.0, 0.0, 0.0, 29.9836057, -4.04820303, 0.0, 0.0, 4.04820303]",20.0,1.9e-07,local
1019_15,bulk,-111.2735701,187.609,True,"[4.04820303, 0.0, 0.0, 0.0, 29.9836057, -4.04820303, 0.0, 0.0, 4.04820303]",20.0,1.9e-07,local
1019_5,bulk,,,False,,,,local
1020_0,bulk,-73.1176836,41.148,True,"[5.75156206, 0.0, -5.75156206, -0.0, 5.75156206, -5.75156206, 0.0, 0.0, 5.75156206]",16.0,8.21125e-05,local
1020_3,bulk,-73.12072817,61.362,True,"[5.75156206, 0.0, 0.0, 0.0, 5.75156206, -5.75156206, 0.0, 0.0, 5.75156206]",16.0,8.06875e-05,local
1020_5,bulk,-146.2661304,115.441,True,"[5.75156206, 0.0, 0.0, 0.0, 11.50312412, -5.75156206, 0.0, 0.0, 5.75156206]",32.0,4.898125e-05,local
1025_46,bulk,-156.02704028,291.934,True,"[11.60774482, 0.0, 0.0, 0.0, 6.70173459, -3.70867498, 0.0, 0.0, 3.70867498]",18.0,4.4666666666666665e-06,local
1030_10,bulk,-120.60870947,345.611,True,"[11.59958129, 0.0, 0.0, 0.0, 7.94070197, -3.97035098, 0.0, 0.0, 3.97035098]",20.0,0.000183415,local
1030_15,bulk,-120.62684147,727.799,True,"[3.97035098, 0.0, 0.0, 0.0, 23.19916257, -3.97035098, 0.0, 0.0, 3.97035098]",20.0,7.609999999999999e-05,local
1030_2,bulk,-120.62449414,682.718,True,"[3.97035098, 0.0, -3.97035098, -0.0, 23.19916257, -3.97035098, 0.0, 0.0, 3.97035098]",20.0,4.3765e-05,local
1032_0,bulk,-84.66308122,33.473,True,"[6.03149982, 0.0, -6.03149982, -0.0, 6.03149982, -6.03149982, 0.0, 0.0, 6.03149982]",16.0,5.85625e-05,local
1032_5,bulk,-169.38500252,167.642,True,"[6.03149982, 0.0, 0.0, 0.0, 12.06299965, -6.03149982, 0.0, 0.0, 6.03149982]",32.0,1.5690625e-05,local
1034_14,bulk,-103.95466674,49.938,True,"[6.02883942, 0.0, 0.0, 0.0, 6.02883942, 0.0, 0.0, 0.0, 6.02883942]",24.0,1.5895833333333335e-05,local
1034_1,bulk,-103.97676303,115.688,True,"[6.02883942, 0.0, -6.02883942, -0.0, 6.02883942, -6.02883942, 0.0, 0.0, 6.02883942]",24.0,8.333333333333334e-09,local
1036_3,bulk,-137.81446858,117.372,True,"[5.66339993, 0.0, 0.0, -0.0, 5.66339993, 5.66339993, 0.0, 0.0, 5.66339993]",16.0,0.23723653125,local
1036_5,bulk,-275.60672934,689.302,True,"[5.66339993, 0.0, 0.0, 0.0, 11.32679986, -5.66339993, 0.0, 0.0, 5.66339993]",32.0,0.234531115625,local
1036_6,bulk,-137.80684588,48.813,True,"[5.66339993, 0.0, 0.0, 0.0, 5.66339993, 0.0, 0.0, 0.0, 5.66339993]",16.0,0.23549521875,local
1039_5,bulk,-193.36697462,446.659,True,"[6.33916218, 0.0, 0.0, 0.0, 12.67832437, -6.33916218, 0.0, 0.0, 6.33916218]",32.0,2.934375e-06,local
1047_3,bulk,-129.0860268,102.95,True,"[5.7613881, 0.0, 0.0, 0.0, 5.7613881, -5.7613881, 0.0, 0.0, 5.7613881]",16.0,1.30625e-05,local
1049_3,bulk,-102.87802111,164.499,True,"[6.21012321, 0.0, 0.0, 0.0, 6.21012321, -6.21012321, 0.0, 0.0, 6.21012321]",16.0,0.26241733125,local
1052_3,bulk,-153.655184,474.913,True,"[5.90966582, 0.0, -5.90966582, 0.0, 11.81933164, -5.90966582, 0.0, 0.0, 5.90966582]",24.0,1.3329252916666667,local
1052_4,bulk,-153.655184,462.725,True,"[5.90966582, 0.0, -5.90966582, 0.0, 11.81933164, -5.90966582, 0.0, 0.0, 5.90966582]",24.0,1.3329252916666667,local
1052_5,bulk,-76.83171394,87.915,True,"[5.90966582, 0.0, 0.0, -0.0, 5.90966582, 5.90966582, 0.0, 0.0, 5.90966582]",12.0,1.333024325,local
1059_0,bulk,-141.06177933,104.267,True,"[6.05523079, 0.0, -6.05523079, -0.0, 6.05523079, -6.05523079, 0.0, 0.0, 6.05523079]",16.0,1.58125e-06,local
1061_2,bulk,-121.29852212,157.582,True,"[4.05804573, 0.0, -4.05804573, 0.0, 26.92891813, -4.05804573, 0.0, 0.0, 4.05804573]",20.0,3.6e-07,local
1063_17,bulk,-93.23671846,409.555,True,"[3.71688263, 0.0, -2.14594319, -0.0, 26.9722473, -4.29188637, 0.0, 0.0, 4.29188637]",21.0,2.110952380952381e-05,local
1066_1,bulk,-103.66012652,138.034,True,"[6.95321015, 0.0, -6.95321015, -0.0, 6.95321015, -6.95321015, 0.0, 0.0, 6.95321015]",16.0,3.375e-07,local
1066_5,bulk,-207.36307968,363.529,True,"[6.95321015, 0.0, 0.0, 0.0, 13.9064203, -6.95321015, 0.0, 0.0, 6.95321015]",32.0,1.3721875e-05,local
1067_0,bulk,-44.28955982,124.134,True,"[6.6650325, 0.0, 6.6650325, 6.6650325, 6.6650325, -0.0, 0.0, 0.0, 6.6650325]",16.0,1.8e-06,local
1067_5,bulk,-88.56934832,318.216,True,"[6.6650325, 0.0, 0.0, 0.0, 13.33006499, -6.6650325, 0.0, 0.0, 6.6650325]",32.0,1.195625e-05,local
1068_3,bulk,-92.31571624,99.312,True,"[6.09426335, 0.0, 0.0, 0.0, 6.09426335, -6.09426335, 0.0, 0.0, 6.09426335]",16.0,6.73125e-06,local
1073_1,bulk,-70.57824263,75.399,True,"[6.26485326, 0.0, -6.26485326, -0.0, 6.26485326, -6.26485326, 0.0, 0.0, 6.26485326]",16.0,3.673125e-05,local
1073_5,bulk,-141.20169012,360.72,True,"[6.26485326, 0.0, 0.0, 0.0, 12.52970651, -6.26485326, 0.0, 0.0, 6.26485326]",32.0,9e-07,local
1074_1,bulk,-135.47858001,139.567,True,"[6.28260715, 0.0, -6.28260715, -0.0, 6.28260715, -6.28260715, 0.0, 0.0, 6.28260715]",16.0,4.0125e-06,local
1076_0,bulk,-74.31732949,146.884,True,"[6.70595594, 0.0, -6.70595594, -0.0, 6.70595594, -6.70595594, 0.0, 0.0, 6.70595594]",16.0,8.869375e-05,local
1076_3,bulk,-74.32303417,143.183,True,"[6.70595594, 0.0, 0.0, 0.0, 6.70595594, -6.70595594, 0.0, 0.0, 6.70595594]",16.0,0.00031860625,local
1076_5,bulk,-148.65673756,611.037,True,"[6.70595594, 0.0, 0.0, 0.0, 13.41191188, -6.70595594, 0.0, 0.0, 6.70595594]",32.0,1.54e-05,local
1077_35,bulk,-79.68295337,332.45,True,"[3.5886944, 0.0, -2.07193368, -0.0, 26.21641147, 8.28773471, 0.0, 0.0, 4.14386735]",21.0,3.095238095238095e-06,local
1080_5,bulk,-236.68130014,581.218,True,"[6.08394261, 0.0, 0.0, 0.0, 12.16788522, -6.08394261, 0.0, 0.0, 6.08394261]",32.0,1.3525e-05,local
1081_0,bulk,-159.80275824,124.151,True,"[5.93696401, 0.0, -5.93696401, -0.0, 5.93696401, -5.93696401, 0.0, 0.0, 5.93696401]",16.0,1.49375e-06,local
1081_1,bulk,-159.80275824,123.421,True,"[5.93696401, 0.0, -5.93696401, -0.0, 5.93696401, -5.93696401, 0.0, 0.0, 5.93696401]",16.0,1.49375e-06,local
1081_3,bulk,-159.82007616,249.743,True,"[5.93696401, 0.0, 0.0, 0.0, 5.93696401, -5.93696401, 0.0, 0.0, 5.93696401]",16.0,5.69875e-05,local
1083_14,bulk,-156.75932144,406.552,True,"[17.15256973, 0.0, 0.0, 4.90073421, 4.24416032, 3.57701546, 0.0, 0.0, 3.57701546]",18.0,0.2362163055555556,local
1083_51,bulk,-156.76362251,469.011,True,"[6.48306198, 0.0, 0.0, 6.48306198, 11.22899274, 3.57701546, 0.0, 0.0, 3.57701546]",18.0,0.23593989999999998,local
1083_5,bulk,-156.77427893,435.777,True,"[5.61449637, 0.0, -9.72459297, -0.0, 7.15403091, -6.48306198, 0.0, 0.0, 6.48306198]",18.0,0.2349491611111111,local
1084_15,bulk,-140.71568714,290.79,True,"[16.92951895, 0.0, 0.0, 4.83700542, 4.18896957, 3.52407267, 0.0, 0.0, 3.52407267]",18.0,0.2178160388888889,local
1084_51,bulk,-140.71615295,467.901,True,"[6.39875671, 0.0, 0.0, 6.39875671, 11.08297173, 3.52407267, 0.0, 0.0, 3.52407267]",18.0,0.22034234444444445,local
1084_6,bulk,-140.73111569,326.964,True,"[5.54148586, 0.0, -9.59813506, -0.0, 7.04814533, -6.39875671, 0.0, 0.0, 6.39875671]",18.0,0.2136322,local
1086_0,bulk,-125.11619317,112.42,True,"[5.9917108, 0.0, -5.9917108, -0.0, 5.9917108, -5.9917108, 0.0, 0.0, 5.9917108]",16.0,0.5382113,local
1088_39,bulk,-124.33461819,860.259,True,"[11.97985645, 0.0, 0.0, 3.43228245, 8.39380363, 8.01651563, 0.0, 0.0, 8.01651563]",32.0,3.53125e-07,local
1088_9,bulk,-62.14600399,433.215,True,"[8.01651563, 0.0, 0.0, 0.0, 11.0886354, -4.53421719, 0.0, 0.0, 4.53421719]",16.0,6.25e-09,local
1089_0,bulk,-93.96817875,81.738,True,"[5.91120325, 0.0, -5.91120325, -0.0, 5.91120325, -5.91120325, 0.0, 0.0, 5.91120325]",16.0,5.823125e-05,local
1089_3,bulk,-93.98899282,116.415,True,"[5.91120325, 0.0, 0.0, 0.0, 5.91120325, -5.91120325, 0.0, 0.0, 5.91120325]",16.0,5.38e-05,local
1089_5,bulk,-188.0068629,493.972,True,"[5.91120325, 0.0, 0.0, 0.0, 11.82240649, -5.91120325, 0.0, 0.0, 5.91120325]",32.0,2.7753125e-05,local
1100_11,bulk,-84.36201177,165.987,True,"[7.15302781, 0.0, 0.0, 0.0, 7.9802168, -3.9901084, 0.0, 0.0, 3.9901084]",14.0,0.0,local
1103_0,bulk,-54.23307739,67.369,True,"[6.40143137, 0.0, -6.40143137, -0.0, 6.40143137, -6.40143137, 0.0, 0.0, 6.40143137]",16.0,4.353125e-05,local
1109_22,bulk,-141.76349569,484.862,True,"[3.6796467, 0.0, -2.12444501, -0.0, 20.62798725, -4.24889003, 0.0, 0.0, 4.24889003]",21.0,0.14599087619047618,local
1109_53,bulk,-141.76729621,460.077,True,"[3.6796467, 0.0, -2.12444501, -0.0, 20.62798725, 8.49778005, 0.0, 0.0, 4.24889003]",21.0,0.14600436666666666,local
1109_54,bulk,-141.76729621,456.697,True,"[3.6796467, 0.0, -2.12444501, -0.0, 20.62798725, 8.49778005, 0.0, 0.0, 4.24889003]",21.0,0.14600436666666666,local
1111_35,bulk,-252.96944196,611.255,True,"[6.48623959, 0.0, 0.0, -0.0, 12.79146868, -10.63434327, 0.0, 0.0, 10.63434327]",40.0,9.909249999999999e-05,local
1111_3,bulk,-252.95914312,568.233,True,"[10.63434327, 0.0, -6.48623959, -0.0, 12.79146868, -6.48623959, 0.0, 0.0, 6.48623959]",40.0,9.8295e-05,local
1111_4,bulk,-252.95914312,794.447,True,"[10.63434327, 0.0, -6.48623959, -0.0, 12.79146868, -6.48623959, 0.0, 0.0, 6.48623959]",40.0,9.8295e-05,local
1112_0,bulk,-151.95975068,183.191,True,"[6.20615774, 0.0, -6.20615774, -0.0, 6.20615774, -6.20615774, 0.0, 0.0, 6.20615774]",16.0,4.5625e-07,local
1118_0,bulk,-128.00049832,140.207,True,"[6.30327334, 0.0, -6.30327334, -0.0, 6.30327334, -6.30327334, 0.0, 0.0, 6.30327334]",16.0,7.25e-06,local
1123_0,bulk,-135.44729724,74.852,True,"[6.15952831, 0.0, 6.15952831, 6.15952831, 6.15952831, -0.0, 0.0, 0.0, 6.15952831]",16.0,1.495e-05,local
1123_3,bulk,-135.42516781,90.097,True,"[6.15952831, 0.0, 0.0, 0.0, 6.15952831, -6.15952831, 0.0, 0.0, 6.15952831]",16.0,1.275625e-05,local
1127_5,bulk,-117.77129244,355.32,True,"[8.35960129, 0.0, -4.17980064, -0.0, 10.47264198, -4.17980064, 0.0, 0.0, 4.17980064]",20.0,1.8635e-05,local
1127_9,bulk,-117.77957486,325.159,True,"[10.47264198, 0.0, 0.0, 0.0, 8.35960129, -4.17980064, 0.0, 0.0, 4.17980064]",20.0,2.2795e-05,local
1128_39,bulk,-89.20833221,1150.993,True,"[3.80090003, 0.0, -3.80090003, 0.0, 19.34934908, -7.60180007, 0.0, 0.0, 3.80090003]",18.0,7.388888888888888e-07,local
1128_42,bulk,-89.20833221,1115.016,True,"[3.80090003, 0.0, -3.80090003, 0.0, 19.34934908, -7.60180007, 0.0, 0.0, 3.80090003]",18.0,7.388888888888888e-07,local
1128_4,bulk,-89.20979319,1134.742,True,"[3.80090003, 0.0, -3.80090003, -0.0, 19.34934908, -3.80090003, 0.0, 0.0, 3.80090003]",18.0,7.555555555555556e-07,local
1131_0,bulk,-58.12791147,78.801,True,"[5.69802252, 0.0, -5.69802252, -0.0, 5.69802252, -5.69802252, 0.0, 0.0, 5.69802252]",16.0,9.4375e-06,local
1136_1,bulk,-107.91727089,228.468,True,"[4.62946964, 0.0, -8.01847663, -0.0, 12.80955937, -5.34565109, 0.0, 0.0, 5.34565109]",18.0,0.0008836277777777778,local
1136_24,bulk,-107.94027038,190.601,True,"[4.62946964, 0.0, -2.67282554, 0.0, 12.80955937, 10.69130218, 0.0, 0.0, 5.34565109]",18.0,0.00023047777777777777,local
1136_3,bulk,-107.91374014,370.24,True,"[12.80955937, 0.0, 0.0, 0.0, 4.62946964, -8.01847663, 0.0, 0.0, 5.34565109]",18.0,1.3716666666666665e-05,local
1138_5,bulk,-243.16295296,612.241,True,"[6.2416943, 0.0, 0.0, 0.0, 12.4833886, -6.2416943, 0.0, 0.0, 6.2416943]",32.0,2.22553805625,local
1143_20,bulk,-113.71559285,138.507,True,"[9.86510329, 0.0, 0.0, 0.0, 7.0159996, -3.73433358, 0.0, 0.0, 3.73433358]",16.0,1.29375e-06,local
1143_4,bulk,-113.72713639,133.575,True,"[9.86510329, 0.0, -3.73433358, -0.0, 7.0159996, -3.73433358, 0.0, 0.0, 3.73433358]",16.0,1.575e-06,local
1145_27,bulk,-70.85006374,250.4,True,"[5.2569509, 0.0, -3.03510202, -0.0, 21.56361379, 12.14040806, 0.0, 0.0, 6.07020403]",24.0,1.4208333333333334e-06,local
1148_3,bulk,-173.16296314,205.896,True,"[6.41188364, 0.0, 0.0, 0.0, 6.41188364, -6.41188364, 0.0, 0.0, 6.41188364]",16.0,3.404375e-05,local
1149_0,bulk,-93.04368495,141.576,True,"[6.27274802, 0.0, 6.27274802, 6.27274802, 6.27274802, -0.0, 0.0, 0.0, 6.27274802]",16.0,1.33375e-05,local
1149_3,bulk,-93.04344268,151.067,True,"[6.27274802, 0.0, 0.0, 0.0, 6.27274802, -6.27274802, 0.0, 0.0, 6.27274802]",16.0,3.64375e-06,local
1149_5,bulk,-186.09744381,648.43,True,"[6.27274802, 0.0, 0.0, 0.0, 12.54549604, -6.27274802, 0.0, 0.0, 6.27274802]",32.0,4.37375e-05,local
1151_0,bulk,-196.01660208,141.532,True,"[6.4229219, 0.0, -6.4229219, -0.0, 6.4229219, -6.4229219, 0.0, 0.0, 6.4229219]",16.0,4.85e-06,local
1151_3,bulk,-196.00698107,117.162,True,"[6.4229219, 0.0, 0.0, 0.0, 6.4229219, -6.4229219, 0.0, 0.0, 6.4229219]",16.0,6.775e-06,local
1154_3,bulk,-165.69161278,203.142,True,"[6.40336456, 0.0, 0.0, 0.0, 6.40336456, -6.40336456, 0.0, 0.0, 6.40336456]",16.0,0.0332912375,local
1157_3,bulk,-58.52606188,110.483,True,"[5.90679723, 0.0, 0.0, 0.0, 5.90679723, -5.90679723, 0.0, 0.0, 5.90679723]",16.0,1.204375e-05,local
1161_47,bulk,-90.11771466,1019.133,True,"[7.66150823, 0.0, 0.0, -0.0, 19.0904417, 5.98381999, 0.0, 0.0, 5.98381999]",32.0,1.25e-08,local
1161_48,bulk,-90.11771466,1051.338,True,"[7.66150823, 0.0, 0.0, -0.0, 19.0904417, 5.98381999, 0.0, 0.0, 5.98381999]",32.0,1.25e-08,local
1162_0,bulk,-95.75369616,58.97,True,"[5.61037426, 0.0, -5.61037426, -0.0, 5.61037426, -5.61037426, 0.0, 0.0, 5.61037426]",16.0,8.8875e-06,local
1162_1,bulk,-95.75369616,50.335,True,"[5.61037426, 0.0, -5.61037426, -0.0, 5.61037426, -5.61037426, 0.0, 0.0, 5.61037426]",16.0,8.8875e-06,local
1163_3,bulk,-158.75609703,230.516,True,"[6.58671293, 0.0, 0.0, 0.0, 6.58671293, -6.58671293, 0.0, 0.0, 6.58671293]",16.0,6.03125e-06,local
1165_0,bulk,-89.53192112,181.145,True,"[6.5979558, 0.0, -6.5979558, -0.0, 6.5979558, -6.5979558, 0.0, 0.0, 6.5979558]",16.0,8.320625e-05,local
1165_3,bulk,-89.5087326,188.96,True,"[6.5979558, 0.0, 0.0, 0.0, 6.5979558, -6.5979558, 0.0, 0.0, 6.5979558]",16.0,7.669375e-05,local
1165_5,bulk,-178.97975087,519.114,True,"[6.5979558, 0.0, 0.0, 0.0, 13.1959116, -6.5979558, 0.0, 0.0, 6.5979558]",32.0,1.3446875e-05,local
1166_13,bulk,-113.79334921,56.876,True,"[5.99603055, 0.0, 0.0, 0.0, 5.99603055, 0.0, 0.0, 0.0, 5.99603055]",24.0,0.128588725,local
1166_14,bulk,-113.79334921,52.97,True,"[5.99603055, 0.0, 0.0, 0.0, 5.99603055, 0.0, 0.0, 0.0, 5.99603055]",24.0,0.128588725,local
1166_1,bulk,-113.80538089,154.652,True,"[5.99603055, 0.0, -5.99603055, 0.0, 5.99603055, -5.99603055, 0.0, 0.0, 5.99603055]",24.0,0.12854271250000002,local
1168_0,bulk,-65.12026158,83.178,True,"[6.17478218, 0.0, -6.17478218, -0.0, 6.17478218, -6.17478218, 0.0, 0.0, 6.17478218]",16.0,6.75625e-05,local
1168_5,bulk,-130.23379585,393.564,True,"[6.17478218, 0.0, 0.0, 0.0, 12.34956437, -6.17478218, 0.0, 0.0, 6.17478218]",32.0,1.629375e-05,local
1170_1,bulk,-107.89435228,154.234,True,"[6.56762024, 0.0, -6.56762024, -0.0, 6.56762024, -6.56762024, 0.0, 0.0, 6.56762024]",16.0,1.878125e-05,local
1170_3,bulk,-107.88227287,159.515,True,"[6.56762024, 0.0, 0.0, 0.0, 6.56762024, -6.56762024, 0.0, 0.0, 6.56762024]",16.0,1.958125e-05,local
1170_5,bulk,-215.73019063,544.216,True,"[6.56762024, 0.0, 0.0, 0.0, 13.13524048, -6.56762024, 0.0, 0.0, 6.56762024]",32.0,4.965625e-06,local
1173_13,bulk,-173.51434951,138.177,True,"[4.17117926, 0.0, 0.0, 0.0, 19.40727529, -4.17117926, 0.0, 0.0, 4.17117926]",20.0,4.0250000000000004e-06,local
1173_14,bulk,-173.51434951,190.43,True,"[4.17117926, 0.0, 0.0, 0.0, 19.40727529, -4.17117926, 0.0, 0.0, 4.17117926]",20.0,4.0250000000000004e-06,local
1173_17,bulk,-86.76879808,100.886,True,"[4.17117926, 0.0, -4.17117926, 0.0, 9.70363765, -8.34235852, 0.0, 0.0, 4.17117926]",10.0,1.49e-06,local
1174_6,bulk,-60.46691421,196.993,True,"[12.04311271, 0.0, 0.0, 6.02155635, 3.47654718, 6.70660453, 0.0, 0.0, 3.35330226]",9.0,2.001111111111111e-05,local
1175_40,bulk,-139.27740984,837.148,True,"[11.1581075, 0.0, -6.46790185, 5.07422977, 5.55616716, 0.02728578, 0.0, 0.0, 6.49518762]",24.0,3.2625e-06,local
1175_76,bulk,-139.27591577,1323.068,True,"[19.84465223, 0.0, -4.1196044, 5.68841609, 4.92559318, 0.0, 0.0, 0.0, 4.1196044]",24.0,4.166666666666667e-09,local
1175_77,bulk,-139.27591577,1144.574,True,"[19.84465223, 0.0, -4.1196044, 5.68841609, 4.92559318, 0.0, 0.0, 0.0, 4.1196044]",24.0,4.166666666666667e-09,local
1176_0,bulk,-95.27660156,168.182,True,"[6.5657104, 0.0, -6.5657104, -0.0, 6.5657104, -6.5657104, 0.0, 0.0, 6.5657104]",16.0,9.45e-06,local
1178_1,bulk,-153.31367253,81.385,True,"[6.22086084, 0.0, -6.22086084, -0.0, 6.22086084, -6.22086084, 0.0, 0.0, 6.22086084]",16.0,1.6e-06,local
1179_1,bulk,-130.08256001,75.967,True,"[5.94909295, 0.0, -5.94909295, -0.0, 5.94909295, -5.94909295, 0.0, 0.0, 5.94909295]",16.0,1.725e-06,local
1186_6,bulk,-179.83424794,28.918,True,"[6.4159441, 0.0, 0.0, 0.0, 6.4159441, 0.0, 0.0, 0.0, 6.4159441]",16.0,2.38125e-05,local
1192_3,bulk,-85.77108681,235.318,True,"[7.42472636, 0.0, -3.71236318, 0.0, 7.48084882, -3.71236318, 0.0, 0.0, 3.71236318]",16.0,0.1733799125,local
1202_5,bulk,-44.91103798,59.277,True,"[5.74911557, 0.0, -2.87455779, 0.0, 5.70549982, -2.87455779, 0.0, 0.0, 2.87455779]",8.0,0.000718875,local
1202_6,bulk,-89.82532313,112.334,True,"[5.74911557, 0.0, -2.87455779, 0.0, 11.41099963, -2.87455779, 0.0, 0.0, 2.87455779]",16.0,4.8575e-05,local
1202_7,bulk,-89.82532313,121.18,True,"[5.74911557, 0.0, -2.87455779, 0.0, 11.41099963, -2.87455779, 0.0, 0.0, 2.87455779]",16.0,4.8575e-05,local
1203_3,bulk,-140.30068408,128.597,True,"[5.93353648, 0.0, 0.0, 0.0, 5.93353648, -5.93353648, 0.0, 0.0, 5.93353648]",16.0,0.2375384875,local
1205_49,bulk,-164.76664561,469.98,True,"[6.72529279, 0.0, 0.0, 6.72529279, 11.6485488, 3.80257832, 0.0, 0.0, 3.80257832]",18.0,1.1833333333333334e-05,local
1214_3,bulk,-140.21186446,192.666,True,"[6.28072896, 0.0, 0.0, 0.0, 6.28072896, -6.28072896, 0.0, 0.0, 6.28072896]",16.0,1.28125e-06,local
1218_1,bulk,-143.8516374,94.88,True,"[5.97334737, 0.0, -5.97334737, -0.0, 5.97334737, -5.97334737, 0.0, 0.0, 5.97334737]",16.0,2.825e-06,local
1218_3,bulk,-143.8575975,124.367,True,"[5.97334737, 0.0, 0.0, 0.0, 5.97334737, -5.97334737, 0.0, 0.0, 5.97334737]",16.0,3.0325e-05,local
1218_6,bulk,-143.85931876,49.698,True,"[5.97334737, 0.0, 0.0, 0.0, 5.97334737, 0.0, 0.0, 0.0, 5.97334737]",16.0,2.340625e-05,local
1226_1,bulk,-61.82940548,132.26,True,"[3.71842396, 0.0, -6.44049922, -0.0, 18.20444608, -4.29366615, 0.0, 0.0, 4.29366615]",12.0,6.471666666666666e-05,local
1226_8,bulk,-61.73391381,78.583,True,"[9.10222304, 0.0, 0.0, 0.0, 7.43684792, -8.58733229, 0.0, 0.0, 4.29366615]",12.0,0.00017714166666666666,local
1226_9,bulk,-61.73391381,66.438,True,"[9.10222304, 0.0, 0.0, 0.0, 7.43684792, -8.58733229, 0.0, 0.0, 4.29366615]",12.0,0.00017714166666666666,local
1229_29,bulk,-90.03716704,535.0,True,"[13.31360783, 0.0, 0.0, 9.56424695, 12.77475817, 6.28643271, 0.0, 0.0, 6.28643271]",32.0,4.219375e-05,local
1229_30,bulk,-90.03716704,621.398,True,"[13.31360783, 0.0, 0.0, 9.56424695, 12.77475817, 6.28643271, 0.0, 0.0, 6.28643271]",32.0,4.219375e-05,local
1229_31,bulk,-90.03716704,525.831,True,"[13.31360783, 0.0, 0.0, 9.56424695, 12.77475817, 6.28643271, 0.0, 0.0, 6.28643271]",32.0,4.219375e-05,local
1230_43,bulk,-133.90574904,328.234,True,"[12.11393704, 0.0, 0.0, 0.0, 6.99398481, -3.48289775, 0.0, 0.0, 3.48289775]",18.0,3.745555555555556e-05,local
1231_5,bulk,-125.60100374,194.719,True,"[5.76277824, 0.0, 0.0, 0.0, 11.52555647, -5.76277824, 0.0, 0.0, 5.76277824]",32.0,3.8628125e-05,local
1232_4,bulk,-64.90563292,248.314,True,"[7.9518848, 0.0, -3.9759424, -0.0, 7.78791093, -3.9759424, 0.0, 0.0, 3.9759424]",16.0,2.318125e-05,local
1233_3,bulk,-94.91405632,176.323,True,"[6.31935093, 0.0, 0.0, 0.0, 6.31935093, -6.31935093, 0.0, 0.0, 6.31935093]",16.0,0.00010245,local
1233_5,bulk,-189.83907949,811.658,True,"[6.31935093, 0.0, 0.0, 0.0, 12.63870186, -6.31935093, 0.0, 0.0, 6.31935093]",32.0,2.634375e-05,local
1236_5,bulk,-72.69091221,175.173,True,"[6.00260184, 0.0, -6.00260184, 0.0, 12.00520368, -6.00260184, 0.0, 0.0, 6.00260184]",16.0,9.616875e-05,local
1236_7,bulk,-72.69091221,177.362,True,"[6.00260184, 0.0, -6.00260184, 0.0, 12.00520368, -6.00260184, 0.0, 0.0, 6.00260184]",16.0,9.616875e-05,local
1237_3,bulk,-133.3096437,110.467,True,"[5.7822256, 0.0, 0.0, -0.0, 5.7822256, 5.7822256, 0.0, 0.0, 5.7822256]",16.0,0.4965493875,local
1239_6,bulk,-99.5136677,24.937,True,"[5.61663852, 0.0, 0.0, 0.0, 5.61663852, 0.0, 0.0, 0.0, 5.61663852]",16.0,0.000252775,local
1245_6,bulk,-108.61039167,61.249,True,"[5.75501363, 0.0, 0.0, 0.0, 5.75501363, 0.0, 0.0, 0.0, 5.75501363]",16.0,0.5051467625,local
1246_5,bulk,-86.09437142,168.834,True,"[6.61291493, 0.0, 0.0, 0.0, 13.22582986, -6.61291493, 0.0, 0.0, 6.61291493]",32.0,4.321875e-06,local
1260_1,bulk,-91.13278764,70.616,True,"[5.9187769, 0.0, -5.9187769, -0.0, 5.9187769, -5.9187769, 0.0, 0.0, 5.9187769]",16.0,1.89875e-05,local
1266_8,bulk,-53.81536047,66.436,True,"[7.11687554, 0.0, 0.0, 0.0, 9.29834002, -4.02139171, 0.0, 0.0, 4.02139171]",16.0,6e-07,local
1267_1,bulk,-96.69057338,153.261,True,"[6.79774382, 0.0, -6.79774382, -0.0, 6.79774382, -6.79774382, 0.0, 0.0, 6.79774382]",16.0,8.32125e-05,local
1267_3,bulk,-96.69595869,177.248,True,"[6.79774382, 0.0, 0.0, 0.0, 6.79774382, -6.79774382, 0.0, 0.0, 6.79774382]",16.0,8.345e-05,local
1267_5,bulk,-193.39869613,481.194,True,"[6.79774382, 0.0, 0.0, 0.0, 13.59548764, -6.79774382, 0.0, 0.0, 6.79774382]",32.0,1.400625e-05,local
1268_0,bulk,-189.01548581,212.862,True,"[6.49089102, 0.0, -6.49089102, -0.0, 6.49089102, -6.49089102, 0.0, 0.0, 6.49089102]",16.0,8.25e-07,local
1268_3,bulk,-189.00618454,230.812,True,"[6.49089102, 0.0, 0.0, -0.0, 6.49089102, 6.49089102, 0.0, 0.0, 6.49089102]",16.0,3.05625e-06,local
1269_1,bulk,-84.14710631,200.333,True,"[7.08561109, 0.0, -7.08561109, -0.0, 7.08561109, -7.08561109, 0.0, 0.0, 7.08561109]",24.0,1.4583333333333332e-07,local
1269_2,bulk,-84.14710631,191.433,True,"[7.08561109, 0.0, -7.08561109, -0.0, 7.08561109, -7.08561109, 0.0, 0.0, 7.08561109]",24.0,1.4583333333333332e-07,local
1278_46,bulk,-74.06160978,267.257,True,"[12.95430917, 0.0, 0.0, 0.0, 7.47917388, -4.00263887, 0.0, 0.0, 4.00263887]",18.0,1.3722222222222222e-06,local
1282_5,bulk,-161.69544183,360.665,True,"[5.7444847, 0.0, 0.0, 0.0, 11.4889694, -5.7444847, 0.0, 0.0, 5.7444847]",32.0,0.072641165625,local
1282_6,bulk,-80.84639709,55.692,True,"[5.7444847, 0.0, 0.0, 0.0, 5.7444847, 0.0, 0.0, 0.0, 5.7444847]",16.0,0.0620346125,local
1284_27,bulk,-119.37267185,275.892,True,"[3.68557998, 0.0, 0.0, 0.0, 10.69290063, -12.34709811, 0.0, 0.0, 6.17354906]",18.0,1.1436729888888888,local
1284_7,bulk,-119.39466465,370.381,True,"[5.34645031, 0.0, 9.26032359, 5.34645031, 7.37115997, 3.08677453, 0.0, 0.0, 6.17354906]",18.0,1.1549925888888888,local
1284_8,bulk,-119.39466465,315.139,True,"[5.34645031, 0.0, 9.26032359, 5.34645031, 7.37115997, 3.08677453, 0.0, 0.0, 6.17354906]",18.0,1.1549925888888888,local
1287_6,bulk,-128.0675512,70.177,True,"[5.84136946, 0.0, 0.0, 0.0, 5.84136946, 0.0, 0.0, 0.0, 5.84136946]",16.0,1.23886769375,local
1288_0,bulk,-106.09597907,108.956,True,"[6.09877649, 0.0, -6.09877649, -0.0, 6.09877649, -6.09877649, 0.0, 0.0, 6.09877649]",16.0,1.8875e-06,local
1288_1,bulk,-106.09597907,131.212,True,"[6.09877649, 0.0, -6.09877649, -0.0, 6.09877649, -6.09877649, 0.0, 0.0, 6.09877649]",16.0,1.8875e-06,local
1288_3,bulk,-106.07570388,149.762,True,"[6.09877649, 0.0, 0.0, -0.0, 6.09877649, 6.09877649, 0.0, 0.0, 6.09877649]",16.0,1.4875e-06,local
1292_12,bulk,-211.02041265,1227.671,True,"[14.69035315, 0.0, -7.34517657, -0.0, 8.38983489, -7.34517657, 0.0, 0.0, 7.34517657]",40.0,3.7e-07,local
1292_13,bulk,-211.02041265,1222.74,True,"[14.69035315, 0.0, -7.34517657, -0.0, 8.38983489, -7.34517657, 0.0, 0.0, 7.34517657]",40.0,3.7e-07,local
1292_8,bulk,-105.56233406,287.014,True,"[16.42431412, 0.0, 0.0, 3.28486282, 6.56972565, 4.19491745, 0.0, 0.0, 4.19491745]",20.0,2.481e-05,local
1293_3,bulk,-108.97062279,146.845,True,"[6.30703117, 0.0, 0.0, 0.0, 6.30703117, -6.30703117, 0.0, 0.0, 6.30703117]",16.0,4.571875e-05,local
1293_5,bulk,-217.94012945,651.998,True,"[6.30703117, 0.0, 0.0, 0.0, 12.61406234, -6.30703117, 0.0, 0.0, 6.30703117]",32.0,1.2721875e-05,local
1299_7,bulk,-61.26619654,44.598,True,"[4.01187516, 0.0, 0.0, 0.0, 6.59894692, -6.59894692, 0.0, 0.0, 6.59894692]",10.0,2.1059999999999998e-05,local
1301_1,bulk,-106.339593,213.991,True,"[6.44759297, 0.0, -6.44759297, -0.0, 6.44759297, -6.44759297, 0.0, 0.0, 6.44759297]",16.0,3.44375e-06,local
1301_3,bulk,-106.30859856,141.387,True,"[6.44759297, 0.0, 0.0, 0.0, 6.44759297, -6.44759297, 0.0, 0.0, 6.44759297]",16.0,3.29375e-06,local
1303_6,bulk,-86.71764241,34.753,True,"[5.19376903, 0.0, 0.0, 0.0, 5.19376903, 0.0, 0.0, 0.0, 5.19376903]",16.0,1.6e-05,local
1304_3,bulk,-153.12119546,190.342,True,"[6.41056553, 0.0, 0.0, 0.0, 6.41056553, -6.41056553, 0.0, 0.0, 6.41056553]",16.0,9.523125e-05,local
1305_3,bulk,-143.70727595,228.404,True,"[5.84711881, 0.0, 0.0, 0.0, 5.84711881, -5.84711881, 0.0, 0.0, 5.84711881]",16.0,0.13366050625,local
1305_5,bulk,-287.43892297,780.644,True,"[5.84711881, 0.0, 0.0, 0.0, 11.69423762, -5.84711881, 0.0, 0.0, 5.84711881]",32.0,0.12974788125,local
1305_6,bulk,-143.70750856,113.11,True,"[5.84711881, 0.0, 0.0, 0.0, 5.84711881, 0.0, 0.0, 0.0, 5.84711881]",16.0,0.1310743875,local
1308_2,bulk,-87.02235099,111.444,True,"[4.0098707, 0.0, -4.0098707, -0.0, 14.20613567, -4.0098707, 0.0, 0.0, 4.0098707]",14.0,4.512142857142857e-05,local
1310_3,bulk,-75.77551603,135.118,True,"[6.45822981, 0.0, 0.0, 0.0, 6.45822981, -6.45822981, 0.0, 0.0, 6.45822981]",16.0,1.35375e-05,local
1311_5,bulk,-136.87549148,360.373,True,"[5.69544542, 0.0, 0.0, 0.0, 11.39089085, -5.69544542, 0.0, 0.0, 5.69544542]",32.0,7.313125e-05,local
1316_5,bulk,-31.60128657,101.999,True,"[5.90284183, 0.0, -2.95142092, 0.0, 7.37986699, -2.95142092, 0.0, 0.0, 2.95142092]",8.0,4.3125e-06,local
1316_6,bulk,-63.24045219,141.379,True,"[5.90284183, 0.0, -2.95142092, -0.0, 14.75973397, -2.95142092, 0.0, 0.0, 2.95142092]",16.0,5.374375e-05,local
1316_7,bulk,-63.24045219,133.365,True,"[5.90284183, 0.0, -2.95142092, -0.0, 14.75973397, -2.95142092, 0.0, 0.0, 2.95142092]",16.0,5.374375e-05,local
1318_3,bulk,-140.10673424,94.742,True,"[6.26437455, 0.0, 0.0, 0.0, 6.26437455, -6.26437455, 0.0, 0.0, 6.26437455]",16.0,0.00040366875,local
1319_43,bulk,-153.4211472,471.361,True,"[13.46449166, 0.0, 0.0, 0.0, 7.77372788, -3.3158468, 0.0, 0.0, 3.3158468]",18.0,0.0002102222222222222,local
1319_46,bulk,-153.42300495,627.063,True,"[7.77372788, 0.0, 0.0, 7.77372788, 13.46449166, 3.3158468, 0.0, 0.0, 3.3158468]",18.0,0.0003384611111111111,local
1319_49,bulk,-153.42300495,759.545,True,"[7.77372788, 0.0, 0.0, 7.77372788, 13.46449166, 3.3158468, 0.0, 0.0, 3.3158468]",18.0,0.0003384611111111111,local
1321_1,bulk,-134.0484974,91.293,True,"[6.03490439, 0.0, -6.03490439, -0.0, 6.03490439, -6.03490439, 0.0, 0.0, 6.03490439]",16.0,2.819375e-05,local
1322_3,bulk,-168.72844406,129.48,True,"[6.46465338, 0.0, 0.0, 0.0, 6.46465338, -6.46465338, 0.0, 0.0, 6.46465338]",16.0,2.985625e-05,local
1324_3,bulk,-141.09437073,143.909,True,"[6.21634005, 0.0, 0.0, 0.0, 6.21634005, -6.21634005, 0.0, 0.0, 6.21634005]",16.0,7.34375e-06,local
1324_5,bulk,-282.20953277,468.275,True,"[6.21634005, 0.0, 0.0, 0.0, 12.4326801, -6.21634005, 0.0, 0.0, 6.21634005]",32.0,8.5790625e-05,local
1326_22,bulk,-62.10982813,104.282,True,"[7.88297092, 0.0, 0.0, -0.0, 7.88297092, 7.35864529, 0.0, 0.0, 3.67932265]",10.0,4.614e-05,local
1328_39,bulk,-150.85744046,1607.387,True,"[11.36778048, 0.0, 0.0, 3.31985464, 8.0285318, 7.37601519, 0.0, 0.0, 7.37601519]",32.0,0.0,local
1328_40,bulk,-150.85744046,1893.24,True,"[11.36778048, 0.0, 0.0, 3.31985464, 8.0285318, 7.37601519, 0.0, 0.0, 7.37601519]",32.0,0.0,local
1329_10,bulk,-58.68047107,411.108,True,"[7.78848358, 0.0, -8.99336619, -0.0, 14.97937529, -4.49668309, 0.0, 0.0, 4.49668309]",20.0,3e-08,local
1333_9,bulk,-142.83167302,732.059,True,"[7.7865383, 0.0, -3.89326915, 0.0, 11.84492318, -3.89326915, 0.0, 0.0, 3.89326915]",24.0,0.6787141833333333,local
1336_17,bulk,-70.14733887,108.413,True,"[19.19022607, 0.0, 0.0, 5.48292173, 4.74834951, 4.31131354, 0.0, 0.0, 4.31131354]",18.0,0.00010843888888888888,local
1336_20,bulk,-70.14733886,129.384,True,"[19.19022607, 0.0, 0.0, 5.48292173, 4.74834951, 4.31131354, 0.0, 0.0, 4.31131354]",18.0,0.00010843888888888888,local
1336_47,bulk,-70.14415625,92.317,True,"[12.56295194, 0.0, 0.0, 0.0, 7.25322368, -4.31131354, 0.0, 0.0, 4.31131354]",18.0,0.00011390555555555557,local
1340_21,bulk,-85.93070593,196.043,True,"[4.02716404, 0.0, 4.02716404, 8.05432808, 14.56862097, 0.0, 0.0, 0.0, 4.02716404]",16.0,4.1875e-07,local
1341_3,bulk,-75.04969704,330.487,True,"[7.17867866, 0.0, -8.28922411, 0.0, 10.52944991, -4.14461206, 0.0, 0.0, 4.14461206]",16.0,1.23375e-05,local
1342_3,bulk,-130.11032938,102.306,True,"[5.68772634, 0.0, 0.0, 0.0, 5.68772634, -5.68772634, 0.0, 0.0, 5.68772634]",16.0,2.116875e-05,local
1342_5,bulk,-260.23518024,374.696,True,"[5.68772634, 0.0, 0.0, 0.0, 11.37545267, -5.68772634, 0.0, 0.0, 5.68772634]",32.0,1.5684375e-05,local
1343_12,bulk,-154.63568774,490.001,True,"[10.38774165, 0.0, -3.66948519, 2.01385209, 14.70284046, 0.0, 0.0, 0.0, 3.66948519]",24.0,1.9583333333333332e-07,local
1343_16,bulk,-154.63568774,502.773,True,"[10.38774165, 0.0, -3.66948519, 2.01385209, 14.70284046, 0.0, 0.0, 0.0, 3.66948519]",24.0,1.9583333333333332e-07,local
1343_87,bulk,-77.35937121,207.219,True,"[10.38774165, 0.0, 3.66948519, 24.96242808, 7.35142023, 0.0, 0.0, 0.0, 3.66948519]",12.0,0.0,local
1344_0,bulk,-94.62920684,57.263,True,"[5.95761705, 0.0, -5.95761705, -0.0, 5.95761705, -5.95761705, 0.0, 0.0, 5.95761705]",12.0,5.5900000000000004e-05,local
1344_1,bulk,-94.62920684,65.247,True,"[5.95761705, 0.0, -5.95761705, -0.0, 5.95761705, -5.95761705, 0.0, 0.0, 5.95761705]",12.0,5.5900000000000004e-05,local
1344_5,bulk,-94.62746038,78.602,True,"[5.95761705, 0.0, 0.0, -0.0, 5.95761705, 5.95761705, 0.0, 0.0, 5.95761705]",12.0,4.463333333333333e-05,local
1349_2,bulk,-57.40913376,34.976,True,"[6.07954268, 0.0, -6.07954268, -0.0, 6.07954268, -6.07954268, 0.0, 0.0, 6.07954268]",16.0,4.728125e-05,local
1349_8,bulk,-114.71665442,176.882,True,"[6.07954268, 0.0, 0.0, 0.0, 12.15908536, -6.07954268, 0.0, 0.0, 6.07954268]",32.0,4.003125e-06,local
1350_0,bulk,-68.5611148,75.154,True,"[6.08119697, 0.0, -6.08119697, -0.0, 6.08119697, -6.08119697, 0.0, 0.0, 6.08119697]",16.0,7.525e-06,local
1351_1,bulk,-73.8598052,87.097,True,"[6.50778801, 0.0, -6.50778801, -0.0, 6.50778801, -6.50778801, 0.0, 0.0, 6.50778801]",16.0,3.751875e-05,local
1351_5,bulk,-147.60343,229.226,True,"[6.50778801, 0.0, 0.0, 0.0, 13.01557603, -6.50778801, 0.0, 0.0, 6.50778801]",32.0,1.6e-06,local
1355_44,bulk,-149.93070895,222.345,True,"[11.47256111, 0.0, 0.0, 0.0, 6.62368624, -3.93739598, 0.0, 0.0, 3.93739598]",18.0,4.666666666666666e-07,local
1359_14,bulk,-132.28148069,175.632,True,"[4.19768607, 0.0, 0.0, 0.0, 24.78784945, -4.19768607, 0.0, 0.0, 4.19768607]",20.0,1.9499999999999999e-07,local
1361_3,bulk,-193.23168018,179.918,True,"[6.3970466, 0.0, 0.0, -0.0, 6.3970466, 6.3970466, 0.0, 0.0, 6.3970466]",16.0,1.19375e-06,local
1362_17,bulk,-158.02442616,478.038,True,"[16.96527156, 0.0, 0.0, 4.84722045, 4.19781604, 3.48384394, 0.0, 0.0, 3.48384394]",18.0,0.2309685055555556,local
1362_5,bulk,-158.04333786,462.208,True,"[5.55318865, 0.0, -9.61840489, -0.0, 6.96768787, -6.41226993, 0.0, 0.0, 6.41226993]",18.0,0.22862047777777775,local
1362_7,bulk,-158.04333786,383.599,True,"[5.55318865, 0.0, -9.61840489, -0.0, 6.96768787, -6.41226993, 0.0, 0.0, 6.41226993]",18.0,0.22862047777777775,local
1365_15,bulk,-153.39772916,396.028,True,"[20.81148043, 0.0, 0.0, 5.94613727, 5.14950593, 3.61525774, 0.0, 0.0, 3.61525774]",18.0,0.0005499777777777777,local
1365_48,bulk,-153.40222865,249.501,True,"[7.86600023, 0.0, 0.0, 7.86600023, 13.62431206, 3.61525774, 0.0, 0.0, 3.61525774]",18.0,0.0005083777777777778,local
1366_0,bulk,-104.70789388,104.786,True,"[6.4102564, 0.0, -6.4102564, -0.0, 6.4102564, -6.4102564, 0.0, 0.0, 6.4102564]",16.0,0.0001493125,local
1370_46,bulk,-129.09462165,520.78,True,"[6.92198369, 0.0, 0.0, 6.92198369, 11.98922744, 3.31404851, 0.0, 0.0, 3.31404851]",18.0,0.0001493,local
1370_8,bulk,-64.55177719,216.145,True,"[11.98922744, 0.0, 0.0, 5.99461372, 3.46099185, 6.62809701, 0.0, 0.0, 3.31404851]",9.0,0.00013712222222222222,local
1372_0,bulk,-122.51662534,214.477,True,"[9.74723528, 0.0, 5.8610566, 11.07521381, 7.20796301, 0.0, 0.0, 0.0, 5.8610566]",20.0,3.543e-05,local
1372_96,bulk,-122.52991541,209.994,True,"[9.58590321, 0.0, -1.76608476, 0.0, 5.8610566, 0.0, 0.0, 0.0, 7.32927402]",20.0,2.8850000000000003e-05,local
1372_9,bulk,-122.52662317,161.927,True,"[7.32927402, 0.0, 0.0, 1.76608476, 9.58590321, 5.8610566, 0.0, 0.0, 5.8610566]",20.0,3.2105000000000005e-05,local
1373_3,bulk,-95.92426357,323.951,True,"[7.99983683, 0.0, -3.99991842, -0.0, 6.11613479, -3.99991842, 0.0, 0.0, 3.99991842]",16.0,1.03944999375,local
1373_6,bulk,-95.90998742,356.28,True,"[6.11613479, 0.0, 0.0, 0.0, 7.99983683, -3.99991842, 0.0, 0.0, 3.99991842]",16.0,1.04537950625,local
1374_0,bulk,-176.46923266,146.525,True,"[6.28518748, 0.0, -6.28518748, -0.0, 6.28518748, -6.28518748, 0.0, 0.0, 6.28518748]",16.0,4.55e-06,local
1374_1,bulk,-176.46923266,122.037,True,"[6.28518748, 0.0, -6.28518748, -0.0, 6.28518748, -6.28518748, 0.0, 0.0, 6.28518748]",16.0,4.55e-06,local
1377_44,bulk,-138.01339488,778.832,True,"[11.18261923, 0.0, 0.0, -0.0, 8.68009711, 8.17318526, 0.0, 0.0, 8.17318526]",32.0,1.84375e-07,local
1384_25,bulk,-87.2916812,84.808,True,"[3.66146902, 0.0, 0.0, 0.0, 16.40133591, -3.66146902, 0.0, 0.0, 3.66146902]",12.0,1.0358333333333334e-05,local
1384_3,bulk,-87.26961866,112.652,True,"[3.66146902, 0.0, -3.66146902, -0.0, 16.40133591, -3.66146902, 0.0, 0.0, 3.66146902]",12.0,1.05e-06,local
1384_5,bulk,-87.26961866,108.131,True,"[3.66146902, 0.0, -3.66146902, -0.0, 16.40133591, -3.66146902, 0.0, 0.0, 3.66146902]",12.0,1.05e-06,local
1385_0,bulk,-134.17092338,221.112,True,"[6.19319094, 0.0, 6.19319094, 6.19319094, 6.19319094, -0.0, 0.0, 0.0, 6.19319094]",16.0,1.55125e-05,local
1385_1,bulk,-134.17092338,139.795,True,"[6.19319094, 0.0, 6.19319094, 6.19319094, 6.19319094, -0.0, 0.0, 0.0, 6.19319094]",16.0,1.55125e-05,local
1388_5,bulk,-91.15672553,231.346,True,"[6.27877694, 0.0, 0.0, 0.0, 12.55755389, -6.27877694, 0.0, 0.0, 6.27877694]",32.0,9.34375e-07,local
1391_24,bulk,-141.99858374,117.446,True,"[4.1998672, 0.0, 0.0, 0.0, 19.61666055, -4.1998672, 0.0, 0.0, 4.1998672]",20.0,3.9155e-05,local
1391_25,bulk,-141.99858374,116.773,True,"[4.1998672, 0.0, 0.0, 0.0, 19.61666055, -4.1998672, 0.0, 0.0, 4.1998672]",20.0,3.9155e-05,local
1393_45,bulk,-172.19511199,240.729,True,"[6.99470881, 0.0, 0.0, 6.99470881, 12.11519104, 3.43584797, 0.0, 0.0, 3.43584797]",18.0,6.927222222222223e-05,local
1393_47,bulk,-172.19511199,207.495,True,"[6.99470881, 0.0, 0.0, 6.99470881, 12.11519104, 3.43584797, 0.0, 0.0, 3.43584797]",18.0,6.927222222222223e-05,local
1393_48,bulk,-172.19511199,240.548,True,"[6.99470881, 0.0, 0.0, 6.99470881, 12.11519104, 3.43584797, 0.0, 0.0, 3.43584797]",18.0,6.927222222222223e-05,local
1394_18,bulk,-93.72713728,94.645,True,"[3.51701535, 0.0, 0.0, 0.0, 15.83939217, -3.51701535, 0.0, 0.0, 3.51701535]",12.0,4.591666666666666e-06,local
1394_3,bulk,-93.71569379,124.78,True,"[3.51701535, 0.0, -3.51701535, -0.0, 15.83939217, -3.51701535, 0.0, 0.0, 3.51701535]",12.0,3.25e-06,local
1394_5,bulk,-93.71569379,126.072,True,"[3.51701535, 0.0, -3.51701535, -0.0, 15.83939217, -3.51701535, 0.0, 0.0, 3.51701535]",12.0,3.25e-06,local
1405_3,bulk,-177.08231217,150.58,True,"[6.46716294, 0.0, 0.0, 0.0, 6.46716294, -6.46716294, 0.0, 0.0, 6.46716294]",16.0,2.468125e-05,local
1406_4,bulk,-82.802877,530.411,True,"[3.24842701, 0.0, -3.24842701, -0.0, 21.74786851, -3.24842701, 0.0, 0.0, 3.24842701]",12.0,1.8166666666666667e-06,local
1407_1,bulk,-65.80930925,205.111,True,"[9.37439682, 0.0, 4.1133538, 13.35119315, 5.01788926, 0.0, 0.0, 0.0, 4.1133538]",12.0,4.166666666666666e-08,local
1409_17,bulk,-56.70994848,76.084,True,"[4.02017166, 0.0, -4.02017166, 0.0, 10.23582616, -8.04034332, 0.0, 0.0, 4.02017166]",10.0,0.28315435,local
1409_9,bulk,-113.42999819,143.418,True,"[10.23582616, 0.0, 0.0, 0.0, 8.04034332, -4.02017166, 0.0, 0.0, 4.02017166]",20.0,0.269093405,local
1411_29,bulk,-114.86968715,306.432,True,"[5.07357851, 0.0, 0.0, 0.0, 9.01286169, -4.24675389, 0.0, 0.0, 4.24675389]",16.0,2.00625e-05,local
1411_51,bulk,-114.86370303,418.375,True,"[5.07357851, 0.0, 0.0, -0.0, 8.49350778, 4.50643085, 0.0, 0.0, 4.50643085]",16.0,4.6875e-07,local
1412_1,bulk,-107.03085691,53.309,True,"[6.02799474, 0.0, -6.02799474, -0.0, 6.02799474, -6.02799474, 0.0, 0.0, 6.02799474]",16.0,6.408125e-05,local
1414_44,bulk,-148.08839754,231.521,True,"[12.71440232, 0.0, 0.0, 0.0, 7.3406636, -3.71106147, 0.0, 0.0, 3.71106147]",18.0,0.00010842222222222222,local
1416_3,bulk,-71.8801893,97.514,True,"[6.56220675, 0.0, 0.0, 0.0, 6.56220675, -6.56220675, 0.0, 0.0, 6.56220675]",16.0,2.154375e-05,local
1416_5,bulk,-143.71774033,275.817,True,"[6.56220675, 0.0, 0.0, 0.0, 13.1244135, -6.56220675, 0.0, 0.0, 6.56220675]",32.0,6.25625e-06,local
1417_13,bulk,-141.75482417,416.698,True,"[12.88630375, 0.0, 0.0, 0.0, 10.60339325, -3.59934179, 0.0, 0.0, 3.59934179]",24.0,1.1666666666666667e-07,local
1417_27,bulk,-70.88003792,99.14,True,"[5.30169663, 0.0, -3.59934179, 0.0, 12.88630375, -7.19868359, 0.0, 0.0, 3.59934179]",12.0,8.583333333333333e-07,local
1417_32,bulk,-70.89081321,132.753,True,"[3.59934179, 0.0, 0.0, 0.0, 12.88630375, -5.30169663, 0.0, 0.0, 5.30169663]",12.0,4.823333333333333e-05,local
1418_41,bulk,-155.42316194,465.787,True,"[13.35512412, 0.0, 0.0, 0.0, 7.7105845, -3.62211214, 0.0, 0.0, 3.62211214]",18.0,1.0566666666666667e-05,local
1419_0,bulk,-55.52263503,105.7,True,"[6.18860155, 0.0, -6.18860155, 0.0, 6.18860155, -6.18860155, 0.0, 0.0, 6.18860155]",16.0,3.125e-07,local
1419_1,bulk,-55.52263503,96.381,True,"[6.18860155, 0.0, -6.18860155, 0.0, 6.18860155, -6.18860155, 0.0, 0.0, 6.18860155]",16.0,3.125e-07,local
1419_5,bulk,-111.12579947,469.056,True,"[6.18860155, 0.0, 0.0, 0.0, 12.37720311, -6.18860155, 0.0, 0.0, 6.18860155]",32.0,7.665625e-06,local
1422_0,bulk,-58.84729302,83.908,True,"[5.76690073, 0.0, 5.76485554, 8.62852046, 6.09992845, 0.0, 0.0, 0.0, 5.76485554]",10.0,1.1399999999999999e-06,local
1422_28,bulk,-117.72776453,281.58,True,"[7.77764723, 0.0, 2.44926662, 7.00937861, 7.7396098, 11.63633663, 0.0, 0.0, 6.7378034]",20.0,2e-08,local
1422_9,bulk,-117.71036033,261.367,True,"[11.52971108, 0.0, -5.76690073, -0.0, 6.09992845, -8.62852046, 0.0, 0.0, 5.76690073]",20.0,4.6500000000000005e-07,local
1424_11,bulk,-99.239687,154.8,True,"[7.76995633, 0.0, 0.0, 2.04846833, 9.70891081, 5.76634051, 0.0, 0.0, 5.76634051]",20.0,5.6044999999999996e-05,local
1424_66,bulk,-198.48454167,1388.197,True,"[11.29219341, 0.0, 2.04846833, 16.6952417, 9.91567956, 11.86689299, 0.0, 0.0, 7.76995633]",40.0,2.625e-07,local
1424_73,bulk,-198.4932832,1038.379,True,"[5.76634051, 0.0, 0.0, -0.0, 19.41782163, 11.86689299, 0.0, 0.0, 7.76995633]",40.0,3.2e-07,local
1426_6,bulk,-144.71681285,40.034,True,"[5.99871592, 0.0, 0.0, 0.0, 5.99871592, 0.0, 0.0, 0.0, 5.99871592]",16.0,0.533353125,local
1428_14,bulk,-145.84047301,653.885,True,"[17.60617856, 0.0, 0.0, 5.03033673, 4.3563994, 3.60491376, 0.0, 0.0, 3.60491376]",18.0,0.27222938333333335,local
1428_49,bulk,-145.84154757,1247.18,True,"[6.65451, 0.0, 0.0, 6.65451, 11.52594942, 3.60491376, 0.0, 0.0, 3.60491376]",18.0,0.2728322055555556,local
1428_50,bulk,-145.84154757,1289.833,True,"[6.65451, 0.0, 0.0, 6.65451, 11.52594942, 3.60491376, 0.0, 0.0, 3.60491376]",18.0,0.2728322055555556,local
1429_16,bulk,-143.55210884,369.103,True,"[10.59726073, 0.0, -4.21560963, 5.76401805, 8.83304249, 0.0, 0.0, 0.0, 4.21560963]",20.0,3.6125000000000004e-05,local
1429_33,bulk,-143.55451437,344.691,True,"[10.59726073, 0.0, -8.43121927, 5.76401805, 8.83304249, 0.0, 0.0, 0.0, 4.21560963]",20.0,2.5325e-05,local
1429_38,bulk,-287.08969132,689.241,True,"[4.21560963, 0.0, 0.0, 0.0, 17.66608498, -20.26374608, 0.0, 0.0, 10.59726073]",40.0,8.6575e-06,local
1431_6,bulk,-152.8909466,54.148,True,"[6.04342673, 0.0, 0.0, 0.0, 6.04342673, 0.0, 0.0, 0.0, 6.04342673]",16.0,1.335e-05,local
1436_0,bulk,-145.16278012,133.985,True,"[6.13647816, 0.0, -6.13647816, -0.0, 6.13647816, -6.13647816, 0.0, 0.0, 6.13647816]",16.0,0.18046024375,local
1439_3,bulk,-113.90066394,133.797,True,"[6.12735673, 0.0, 0.0, 0.0, 6.12735673, -6.12735673, 0.0, 0.0, 6.12735673]",16.0,7.43125e-06,local
1445_3,bulk,-109.08233529,113.552,True,"[5.90167578, 0.0, 0.0, -0.0, 5.90167578, 5.90167578, 0.0, 0.0, 5.90167578]",16.0,0.02180470625,local
1446_10,bulk,-223.38502912,483.096,True,"[8.31379098, 0.0, 0.0, -0.0, 5.88145198, 10.18697365, 0.0, 0.0, 6.79131577]",24.0,1.7500000000000002e-05,local
1448_3,bulk,-83.99384596,75.387,True,"[5.68440758, 0.0, 0.0, -0.0, 5.68440758, 5.68440758, 0.0, 0.0, 5.68440758]",16.0,0.0002720875,local
1448_5,bulk,-168.03471882,204.254,True,"[5.68440758, 0.0, 0.0, 0.0, 11.36881516, -5.68440758, 0.0, 0.0, 5.68440758]",32.0,9.153125e-06,local
1448_6,bulk,-84.01327218,24.866,True,"[5.68440758, 0.0, 0.0, 0.0, 5.68440758, 0.0, 0.0, 0.0, 5.68440758]",16.0,0.000262575,local
1451_3,bulk,-89.39977568,101.178,True,"[6.34411368, 0.0, 0.0, -0.0, 6.34411368, 6.34411368, 0.0, 0.0, 6.34411368]",16.0,0.00029038125,local
1454_3,bulk,-82.4891424,49.3,True,"[5.74076851, 0.0, 0.0, 0.0, 5.74076851, -5.74076851, 0.0, 0.0, 5.74076851]",16.0,1.163125e-05,local
1454_5,bulk,-164.94799492,170.59,True,"[5.74076851, 0.0, 0.0, 0.0, 11.48153701, -5.74076851, 0.0, 0.0, 5.74076851]",32.0,7.7875e-06,local
1462_11,bulk,-55.90912803,453.432,True,"[8.4728323, 0.0, 0.0, 0.0, 11.26112702, -4.47522254, 0.0, 0.0, 4.47522254]",16.0,6.25e-09,local
1462_39,bulk,-111.91163723,798.587,True,"[12.11778026, 0.0, 0.0, 3.30549265, 8.31770314, 8.4728323, 0.0, 0.0, 8.4728323]",32.0,2.9375e-07,local
1463_0,bulk,-70.1691958,131.092,True,"[6.52843303, 0.0, -6.52843303, -0.0, 6.52843303, -6.52843303, 0.0, 0.0, 6.52843303]",16.0,3.61e-05,local
1463_1,bulk,-70.1691958,160.922,True,"[6.52843303, 0.0, -6.52843303, -0.0, 6.52843303, -6.52843303, 0.0, 0.0, 6.52843303]",16.0,3.61e-05,local
1463_5,bulk,-140.37184676,387.556,True,"[6.52843303, 0.0, 0.0, 0.0, 13.05686605, -6.52843303, 0.0, 0.0, 6.52843303]",32.0,1.328125e-06,local
1465_1,bulk,-110.59990977,102.608,True,"[6.52463882, 0.0, -6.52463882, 0.0, 6.52463882, -6.52463882, 0.0, 0.0, 6.52463882]",16.0,0.0003062625,local
1469_0,bulk,-77.59511686,79.255,True,"[6.27519746, 0.0, -6.27519746, -0.0, 6.27519746, -6.27519746, 0.0, 0.0, 6.27519746]",16.0,2.779375e-05,local
1469_1,bulk,-77.59511686,75.444,True,"[6.27519746, 0.0, -6.27519746, -0.0, 6.27519746, -6.27519746, 0.0, 0.0, 6.27519746]",16.0,2.779375e-05,local
1469_5,bulk,-155.25319731,337.948,True,"[6.27519746, 0.0, 0.0, 0.0, 12.55039493, -6.27519746, 0.0, 0.0, 6.27519746]",32.0,1.0825e-05,local
1470_0,bulk,-79.31876863,168.64,True,"[6.27267338, 0.0, -6.27267338, -0.0, 6.27267338, -6.27267338, 0.0, 0.0, 6.27267338]",16.0,8.1875e-07,local
1470_1,bulk,-79.31876863,160.691,True,"[6.27267338, 0.0, -6.27267338, -0.0, 6.27267338, -6.27267338, 0.0, 0.0, 6.27267338]",16.0,8.1875e-07,local
1470_5,bulk,-158.5950092,591.215,True,"[6.27267338, 0.0, 0.0, 0.0, 12.54534675, -6.27267338, 0.0, 0.0, 6.27267338]",32.0,5e-07,local
1472_11,bulk,-115.84123666,164.906,True,"[5.80186151, 0.0, 0.0, 5.80186151, 5.80186151, 7.28692505, 0.0, 0.0, 7.28692505]",16.0,0.65470546875,local
1472_12,bulk,-115.84228663,176.434,True,"[4.10253562, 0.0, 0.0, -0.0, 8.20507123, 7.28692505, 0.0, 0.0, 7.28692505]",16.0,0.65735615,local
1472_6,bulk,-115.85015074,241.532,True,"[7.28692505, 0.0, 0.0, 0.0, 8.20507123, -4.10253562, 0.0, 0.0, 4.10253562]",16.0,0.6587074875,local
1474_25,bulk,-74.4162032,249.891,True,"[18.73252293, 0.0, 0.0, -0.0, 5.00363097, -4.95070107, 0.0, 0.0, 4.95070107]",16.0,3.125e-08,local
1474_34,bulk,-74.42130228,265.102,True,"[18.73252293, 0.0, -9.90140214, -0.0, 5.00363097, -4.95070107, 0.0, 0.0, 4.95070107]",16.0,3.1875e-07,local
1476_1,bulk,-114.74157116,114.143,True,"[5.83313898, 0.0, -5.83313898, -0.0, 5.83313898, -5.83313898, 0.0, 0.0, 5.83313898]",16.0,0.22796295,local
1476_3,bulk,-114.73676639,147.476,True,"[5.83313898, 0.0, 0.0, 0.0, 5.83313898, -5.83313898, 0.0, 0.0, 5.83313898]",16.0,0.22724306875,local
1482_51,bulk,-72.94260105,312.586,True,"[4.44278001, 0.0, 0.0, -0.0, 17.31256784, 8.45649925, 0.0, 0.0, 4.22824963]",16.0,2.855625e-05,local
1490_1,bulk,-187.61589051,190.902,True,"[6.41424985, 0.0, -6.41424985, -0.0, 6.41424985, -6.41424985, 0.0, 0.0, 6.41424985]",16.0,2.475e-05,local
1491_0,bulk,-69.06445501,48.739,True,"[5.98548051, 0.0, -5.98548051, -0.0, 5.98548051, -5.98548051, 0.0, 0.0, 5.98548051]",16.0,1.93e-05,local
1491_8,bulk,-138.17641714,243.193,True,"[5.98548051, 0.0, 0.0, 0.0, 11.97096103, -5.98548051, 0.0, 0.0, 5.98548051]",32.0,2.04e-05,local
1493_0,bulk,-71.99630173,139.685,True,"[6.61814349, 0.0, -6.61814349, -0.0, 6.61814349, -6.61814349, 0.0, 0.0, 6.61814349]",16.0,9.75e-06,local
1493_1,bulk,-71.99630173,138.31,True,"[6.61814349, 0.0, -6.61814349, -0.0, 6.61814349, -6.61814349, 0.0, 0.0, 6.61814349]",16.0,9.75e-06,local
1493_3,bulk,-71.97021503,154.172,True,"[6.61814349, 0.0, 0.0, 0.0, 6.61814349, -6.61814349, 0.0, 0.0, 6.61814349]",16.0,3.045e-05,local
1494_27,bulk,-274.30161997,869.316,True,"[13.614145, 0.0, 0.0, -0.0, 6.41812053, 4.55472138, 0.0, 0.0, 4.55472138]",24.0,6.125e-07,local
1494_33,bulk,-137.1929515,289.296,True,"[4.55472138, 0.0, 0.0, 0.0, 13.614145, -6.41812053, 0.0, 0.0, 3.20906027]",12.0,7.843333333333333e-05,local
1497_30,bulk,-141.84759165,386.775,True,"[9.418896, 0.0, 0.0, 4.7322093, 8.67990768, 7.97117847, 0.0, 0.0, 3.98558924]",20.0,0.00029675000000000003,local
1497_32,bulk,-141.84830267,502.166,True,"[9.88608124, 0.0, -7.97117847, 5.37750133, 8.26972243, 0.0, 0.0, 0.0, 3.98558924]",20.0,2.165e-06,local
1497_65,bulk,-141.84488609,368.265,True,"[9.88608124, 0.0, -3.98558924, 15.26358257, 8.26972243, 0.0, 0.0, 0.0, 3.98558924]",20.0,5.2885e-05,local
1500_78,bulk,-143.79707684,411.339,True,"[9.72550433, 0.0, -3.75892521, 16.50010516, 8.15936249, 0.0, 0.0, 0.0, 3.75892521]",18.0,5.555555555555555e-09,local
1500_79,bulk,-143.79707684,524.513,True,"[9.72550433, 0.0, -3.75892521, 16.50010516, 8.15936249, 0.0, 0.0, 0.0, 3.75892521]",18.0,5.555555555555555e-09,local
1500_94,bulk,-143.81581114,369.391,True,"[9.72550433, 0.0, 0.0, -2.9509035, 8.15936249, -7.51785043, 0.0, 0.0, 3.75892521]",18.0,1.6666666666666667e-08,local
1502_42,bulk,-185.11583885,311.775,True,"[10.82835114, 0.0, 0.0, 2.98936231, 7.47017018, 7.03444507, 0.0, 0.0, 7.03444507]",32.0,3.2375e-05,local
1503_11,bulk,-78.39686537,46.856,True,"[3.91598859, 0.0, 0.0, 0.0, 5.70116537, -9.87470808, 0.0, 0.0, 6.58313872]",9.0,1.4e-06,local
1503_33,bulk,-156.85373546,236.077,True,"[3.91598859, 0.0, 0.0, 0.0, 11.40233074, -13.16627744, 0.0, 0.0, 6.58313872]",18.0,1.388888888888889e-07,local
1503_44,bulk,-156.84836455,223.046,True,"[11.40233074, 0.0, 0.0, 0.0, 6.58313872, -3.91598859, 0.0, 0.0, 3.91598859]",18.0,1.5e-06,local
1504_0,bulk,-145.28453319,117.004,True,"[6.08767108, 0.0, -6.08767108, -0.0, 6.08767108, -6.08767108, 0.0, 0.0, 6.08767108]",16.0,1e-06,local
1504_1,bulk,-145.28453319,124.387,True,"[6.08767108, 0.0, -6.08767108, -0.0, 6.08767108, -6.08767108, 0.0, 0.0, 6.08767108]",16.0,1e-06,local
1504_3,bulk,-145.29266857,163.74,True,"[6.08767108, 0.0, 0.0, 0.0, 6.08767108, -6.08767108, 0.0, 0.0, 6.08767108]",16.0,5.5125e-06,local
1507_9,bulk,-87.29956056,165.722,True,"[6.70007837, 0.0, 0.0, 0.0, 9.54886921, -4.01417962, 0.0, 0.0, 4.01417962]",16.0,2.4375e-07,local
1511_0,bulk,-112.95526441,46.929,True,"[5.84386672, 0.0, -5.84386672, -0.0, 5.84386672, -5.84386672, 0.0, 0.0, 5.84386672]",16.0,2.60625e-06,local
1511_6,bulk,-112.95421923,32.139,True,"[5.84386672, 0.0, 0.0, 0.0, 5.84386672, 0.0, 0.0, 0.0, 5.84386672]",16.0,7.66875e-06,local
1518_14,bulk,-148.39481506,659.394,True,"[31.11675839, 0.0, 0.0, 1.92062919, 7.4883201, 7.08370025, 0.0, 0.0, 7.08370025]",40.0,4.3749999999999994e-07,local
1518_28,bulk,-148.40032538,715.975,True,"[15.07057479, 0.0, 0.0, 0.0, 14.16740051, -7.73070207, 0.0, 0.0, 7.73070207]",40.0,1.9724999999999997e-06,local
1518_29,bulk,-148.40032538,723.84,True,"[15.07057479, 0.0, 0.0, 0.0, 14.16740051, -7.73070207, 0.0, 0.0, 7.73070207]",40.0,1.9724999999999997e-06,local
1520_0,bulk,-118.84581154,120.81,True,"[6.07770366, 0.0, -6.07770366, -0.0, 6.07770366, -6.07770366, 0.0, 0.0, 6.07770366]",16.0,1.17780876875,local
1522_5,bulk,-179.47824894,462.423,True,"[6.21003403, 0.0, 0.0, 0.0, 12.42006806, -6.21003403, 0.0, 0.0, 6.21003403]",32.0,5.2546875e-05,local
1523_28,bulk,-151.53140925,303.009,True,"[5.92311362, 0.0, -3.41971124, 0.0, 22.39193763, -6.83942248, 0.0, 0.0, 6.83942248]",30.0,0.6006286200000001,local
1523_29,bulk,-151.53140925,285.512,True,"[5.92311362, 0.0, -3.41971124, 0.0, 22.39193763, -6.83942248, 0.0, 0.0, 6.83942248]",30.0,0.6006286200000001,local
1524_20,bulk,-88.66740256,192.928,True,"[5.0960857, 0.0, 0.0, 0.0, 7.1148449, -5.25416886, 0.0, 0.0, 5.25416886]",12.0,0.9562600916666667,local
1525_2,bulk,-58.9355086,203.856,True,"[4.67357186, 0.0, -4.67357186, 0.0, 15.02809186, -4.67357186, 0.0, 0.0, 4.67357186]",14.0,0.00012785000000000002,local
1525_3,bulk,-58.9355086,258.745,True,"[4.67357186, 0.0, -4.67357186, 0.0, 15.02809186, -4.67357186, 0.0, 0.0, 4.67357186]",14.0,0.00012785000000000002,local
1533_6,bulk,-102.49210222,30.496,True,"[5.36080164, 0.0, 0.0, 0.0, 5.36080164, 0.0, 0.0, 0.0, 5.36080164]",16.0,3.115625e-05,local
1535_22,bulk,-62.1224636,76.578,True,"[7.02663706, 0.0, 0.0, -0.0, 7.02663706, 5.52145815, 0.0, 0.0, 2.76072908]",10.0,6e-08,local
1535_24,bulk,-62.1224636,76.431,True,"[7.02663706, 0.0, 0.0, -0.0, 7.02663706, 5.52145815, 0.0, 0.0, 2.76072908]",10.0,6e-08,local
1540_1,bulk,-117.12912894,89.579,True,"[5.9157063, 0.0, -5.9157063, -0.0, 5.9157063, -5.9157063, 0.0, 0.0, 5.9157063]",16.0,4.69375e-06,local
1542_1,bulk,-119.08326532,254.569,True,"[6.91444456, 0.0, -6.91444456, -0.0, 6.91444456, -6.91444456, 0.0, 0.0, 6.91444456]",16.0,9.9375e-06,local
1542_5,bulk,-237.95863935,716.251,True,"[6.91444456, 0.0, 0.0, 0.0, 13.82888911, -6.91444456, 0.0, 0.0, 6.91444456]",32.0,1.2415625e-05,local
1542_6,bulk,-118.9385268,47.234,True,"[6.91444456, 0.0, 0.0, 0.0, 6.91444456, 0.0, 0.0, 0.0, 6.91444456]",16.0,1.4625e-06,local
1543_3,bulk,-122.88911759,209.82,True,"[5.91186847, 0.0, 0.0, -0.0, 5.91186847, 5.91186847, 0.0, 0.0, 5.91186847]",16.0,0.0003542125,local
1554_6,bulk,-149.72812409,37.859,True,"[6.44542207, 0.0, 0.0, 0.0, 6.44542207, 0.0, 0.0, 0.0, 6.44542207]",16.0,9.13125e-06,local
1557_0,bulk,-149.28832804,136.681,True,"[6.21242409, 0.0, -6.21242409, -0.0, 6.21242409, -6.21242409, 0.0, 0.0, 6.21242409]",16.0,0.49755739375,local
1557_1,bulk,-149.28832804,137.577,True,"[6.21242409, 0.0, -6.21242409, -0.0, 6.21242409, -6.21242409, 0.0, 0.0, 6.21242409]",16.0,0.49755739375,local
1557_3,bulk,-149.30170618,194.98,True,"[6.21242409, 0.0, 0.0, -0.0, 6.21242409, 6.21242409, 0.0, 0.0, 6.21242409]",16.0,0.48329835625,local
1563_3,bulk,-147.66559583,144.538,True,"[6.18487493, 0.0, 0.0, 0.0, 6.18487493, -6.18487493, 0.0, 0.0, 6.18487493]",16.0,7.875e-07,local
1564_2,bulk,-66.28942109,722.298,True,"[8.57305654, 0.0, 8.57305654, 8.57305654, 17.14611307, 0.0, 0.0, 0.0, 8.57305654]",32.0,1.0715625e-05,local
1565_0,bulk,-104.2915426,89.705,True,"[5.97103878, 0.0, -5.97103878, -0.0, 5.97103878, -5.97103878, 0.0, 0.0, 5.97103878]",16.0,2.90625e-06,local
1565_1,bulk,-104.2915426,72.602,True,"[5.97103878, 0.0, -5.97103878, -0.0, 5.97103878, -5.97103878, 0.0, 0.0, 5.97103878]",16.0,2.90625e-06,local
1565_6,bulk,-104.26023322,39.678,True,"[5.97103878, 0.0, 0.0, 0.0, 5.97103878, 0.0, 0.0, 0.0, 5.97103878]",16.0,7.356875e-05,local
1567_3,bulk,-109.0520204,118.553,True,"[5.39251421, 0.0, 0.0, 0.0, 5.39251421, -5.39251421, 0.0, 0.0, 5.39251421]",16.0,0.26618824375,local
1568_3,bulk,-104.85422438,166.023,True,"[6.27529735, 0.0, 0.0, 0.0, 6.27529735, -6.27529735, 0.0, 0.0, 6.27529735]",16.0,0.261168825,local
1570_3,bulk,-161.3945828,177.213,True,"[6.41889059, 0.0, 0.0, 0.0, 6.41889059, -6.41889059, 0.0, 0.0, 6.41889059]",16.0,0.2652635,local
1572_24,bulk,-100.45324553,141.21,True,"[8.29330673, 0.0, 0.0, 8.29330673, 14.36442861, 6.3750411, 0.0, 0.0, 6.3750411]",20.0,1.083e-05,local
1572_5,bulk,-100.44896665,195.542,True,"[21.94202714, 0.0, 0.0, 6.26915061, 5.42924369, 6.3750411, 0.0, 0.0, 6.3750411]",20.0,9.225e-06,local
1572_6,bulk,-100.44896665,226.557,True,"[21.94202714, 0.0, 0.0, 6.26915061, 5.42924369, 6.3750411, 0.0, 0.0, 6.3750411]",20.0,9.225e-06,local
1573_1,bulk,-98.41530374,149.243,True,"[6.9628797, 0.0, -6.9628797, -0.0, 6.9628797, -6.9628797, 0.0, 0.0, 6.9628797]",16.0,3.31875e-06,local
1573_6,bulk,-98.39741115,44.135,True,"[6.9628797, 0.0, 0.0, 0.0, 6.9628797, 0.0, 0.0, 0.0, 6.9628797]",16.0,2.35e-06,local
1574_1,bulk,-118.20556991,120.529,True,"[6.20926474, 0.0, -6.20926474, -0.0, 6.20926474, -6.20926474, 0.0, 0.0, 6.20926474]",16.0,1.6925e-05,local
1581_12,bulk,-80.26838077,201.268,True,"[6.20979149, 0.0, 0.0, 0.0, 14.41812179, -6.50964526, 0.0, 0.0, 6.50964526]",20.0,6.1e-07,local
1581_48,bulk,-80.26741029,206.435,True,"[6.50964526, 0.0, 0.0, -0.0, 14.41812179, 12.41958298, 0.0, 0.0, 6.20979149]",20.0,2.0100000000000002e-06,local
1581_49,bulk,-80.26741029,206.644,True,"[6.50964526, 0.0, 0.0, -0.0, 14.41812179, 12.41958298, 0.0, 0.0, 6.20979149]",20.0,2.0100000000000002e-06,local
1582_14,bulk,-163.5950891,437.033,True,"[5.19674473, 0.0, 0.0, 0.0, 12.98018821, -6.4900941, 0.0, 0.0, 6.4900941]",28.0,0.00010795,local
1586_7,bulk,-210.03004197,237.135,True,"[6.18830896, 0.0, 0.0, 0.0, 12.37661793, -6.18830896, 0.0, 0.0, 6.18830896]",24.0,1.4812500000000001e-05,local
1588_0,bulk,-118.96419066,76.638,True,"[5.95943595, 0.0, -5.95943595, -0.0, 5.95943595, -5.95943595, 0.0, 0.0, 5.95943595]",16.0,0.5051719625,local
1588_3,bulk,-118.96660534,104.053,True,"[5.95943595, 0.0, 0.0, 0.0, 5.95943595, -5.95943595, 0.0, 0.0, 5.95943595]",16.0,0.50582833125,local
1598_9,bulk,-68.20103006,239.412,True,"[11.6143093, 0.0, 0.0, 0.0, 9.77814308, -4.88907154, 0.0, 0.0, 4.88907154]",20.0,6.837e-05,local
1600_1,bulk,-70.63476587,115.335,True,"[3.58575401, 0.0, -6.21070813, 0.0, 15.13466347, -4.14047208, 0.0, 0.0, 4.14047208]",12.0,0.00013608333333333333,local
1600_4,bulk,-70.61542032,118.503,True,"[7.17150802, 0.0, -8.28094417, -0.0, 7.56733173, -4.14047208, 0.0, 0.0, 4.14047208]",12.0,2.0416666666666665e-06,local
1600_9,bulk,-70.61713747,126.854,True,"[7.56733173, 0.0, 0.0, 0.0, 7.17150802, -8.28094417, 0.0, 0.0, 4.14047208]",12.0,1.6666666666666667e-08,local
1605_2,bulk,-90.93634563,235.757,True,"[8.12789024, 0.0, -5.11586884, -0.0, 5.24909739, -5.11586884, 0.0, 0.0, 5.11586884]",16.0,3.125e-08,local
1605_30,bulk,-90.9298754,139.337,True,"[5.11586884, 0.0, 0.0, -0.0, 8.12789024, 5.24909739, 0.0, 0.0, 5.24909739]",16.0,1.178125e-05,local
1605_31,bulk,-181.85066347,297.834,True,"[5.11586884, 0.0, 0.0, -0.0, 10.49819478, -8.12789024, 0.0, 0.0, 8.12789024]",32.0,9.15625e-07,local
1606_3,bulk,-105.80489054,64.735,True,"[5.67616681, 0.0, 0.0, 0.0, 5.67616681, -5.67616681, 0.0, 0.0, 5.67616681]",16.0,3.7625e-05,local
1606_5,bulk,-211.62530742,238.708,True,"[5.67616681, 0.0, 0.0, 0.0, 11.35233362, -5.67616681, 0.0, 0.0, 5.67616681]",32.0,4.4375e-05,local
1607_0,bulk,-166.28822621,150.277,True,"[6.39251793, 0.0, -6.39251793, -0.0, 6.39251793, -6.39251793, 0.0, 0.0, 6.39251793]",16.0,0.0002056125,local
1610_55,bulk,-174.96660112,775.49,True,"[20.05892056, 0.0, -5.80003259, 8.33242164, 7.60465303, 0.0, 0.0, 0.0, 5.80003259]",40.0,4.7024999999999994e-06,local
1610_56,bulk,-174.96660112,728.936,True,"[20.05892056, 0.0, -5.80003259, 8.33242164, 7.60465303, 0.0, 0.0, 0.0, 5.80003259]",40.0,4.7024999999999994e-06,local
1610_80,bulk,-174.9374402,364.209,True,"[10.02946028, 0.0, 0.0, -3.39407728, 15.20930606, -5.80003259, 0.0, 0.0, 5.80003259]",40.0,6.47e-06,local
1611_4,bulk,-101.99734468,998.535,True,"[4.58172902, 0.0, -4.58172902, -0.0, 20.75256991, -4.58172902, 0.0, 0.0, 4.58172902]",20.0,8e-07,local
1611_5,bulk,-101.99734468,867.007,True,"[4.58172902, 0.0, -4.58172902, -0.0, 20.75256991, -4.58172902, 0.0, 0.0, 4.58172902]",20.0,8e-07,local
1611_7,bulk,-101.99734468,676.194,True,"[4.58172902, 0.0, -4.58172902, -0.0, 20.75256991, -4.58172902, 0.0, 0.0, 4.58172902]",20.0,8e-07,local
1614_1,bulk,-95.86631471,46.898,True,"[5.61809228, 0.0, -5.61809228, 0.0, 5.61809228, -5.61809228, 0.0, 0.0, 5.61809228]",16.0,4.375e-06,local
1616_4,bulk,-79.64188198,316.819,True,"[8.1557474, 0.0, -4.0778737, -0.0, 7.62962254, -4.0778737, 0.0, 0.0, 4.0778737]",16.0,2.783125e-05,local
1617_10,bulk,-93.91941095,251.489,True,"[10.86694376, 0.0, 0.0, 0.0, 8.94874976, -4.47437488, 0.0, 0.0, 4.47437488]",20.0,2.5245e-05,local
1618_5,bulk,-353.01641479,433.747,True,"[6.4531014, 0.0, 0.0, 0.0, 12.90620279, -6.4531014, 0.0, 0.0, 6.4531014]",32.0,2.95625e-06,local
1622_0,bulk,-156.74534779,143.261,True,"[6.07058979, 0.0, -6.07058979, -0.0, 6.07058979, -6.07058979, 0.0, 0.0, 6.07058979]",16.0,1.141875e-05,local
1622_3,bulk,-156.74811244,192.51,True,"[6.07058979, 0.0, 0.0, 0.0, 6.07058979, -6.07058979, 0.0, 0.0, 6.07058979]",16.0,1.4275e-05,local
1626_32,bulk,-188.29843097,758.673,True,"[7.85584006, 0.0, 0.0, 7.85584006, 7.85584006, 8.02963028, 0.0, 0.0, 8.02963028]",32.0,3.125e-09,local
1627_0,bulk,-106.33281744,186.022,True,"[6.53790654, 0.0, -6.53790654, -0.0, 6.53790654, -6.53790654, 0.0, 0.0, 6.53790654]",16.0,1.251875e-05,local
1630_2,bulk,-79.91803808,430.593,True,"[4.28914252, 0.0, 4.28914252, 4.28914252, 20.6155354, 0.0, 0.0, 0.0, 4.28914252]",20.0,3.0245e-05,local
1630_3,bulk,-79.91803808,509.934,True,"[4.28914252, 0.0, 4.28914252, 4.28914252, 20.6155354, 0.0, 0.0, 0.0, 4.28914252]",20.0,3.0245e-05,local
1635_0,bulk,-65.21875255,49.642,True,"[6.19640882, 0.0, -6.19640882, -0.0, 6.19640882, -6.19640882, 0.0, 0.0, 6.19640882]",16.0,2.198125e-05,local
1635_1,bulk,-65.21875255,65.96,True,"[6.19640882, 0.0, -6.19640882, -0.0, 6.19640882, -6.19640882, 0.0, 0.0, 6.19640882]",16.0,2.198125e-05,local
1635_5,bulk,-130.49965403,220.435,True,"[6.19640882, 0.0, 0.0, 0.0, 12.39281763, -6.19640882, 0.0, 0.0, 6.19640882]",32.0,3.584375e-06,local
1638_47,bulk,-152.24677696,922.885,True,"[14.07671751, 0.0, 0.0, -0.0, 13.33677664, 5.80924004, 0.0, 0.0, 5.80924004]",40.0,1.075e-07,local
1638_59,bulk,-152.25748317,916.017,True,"[6.66838832, 0.0, 0.0, -0.0, 28.15343502, 5.80924004, 0.0, 0.0, 5.80924004]",40.0,5.625e-07,local
1640_15,bulk,-150.32783939,779.671,True,"[20.69043898, 0.0, 0.0, 5.91155399, 5.11955594, 3.67178713, 0.0, 0.0, 3.67178713]",18.0,3.8055555555555556e-06,local
1649_0,bulk,-61.15962803,144.149,True,"[4.09119793, 0.0, -4.09119793, -0.0, 14.86968193, -4.09119793, 0.0, 0.0, 4.09119793]",10.0,1.6e-07,local
1649_17,bulk,-61.15989957,105.67,True,"[4.09119793, 0.0, -4.09119793, 0.0, 14.86968193, -8.18239586, 0.0, 0.0, 4.09119793]",10.0,2.4e-07,local
1649_6,bulk,-122.29942944,274.583,True,"[8.18239586, 0.0, -4.09119793, 0.0, 14.86968193, -4.09119793, 0.0, 0.0, 4.09119793]",20.0,1.225e-06,local
1650_1,bulk,-76.84175338,106.074,True,"[6.43036909, 0.0, -6.43036909, -0.0, 6.43036909, -6.43036909, 0.0, 0.0, 6.43036909]",16.0,4.645e-05,local
1652_15,bulk,-141.38968947,784.752,True,"[21.19571554, 0.0, 0.0, 6.05591873, 5.24457946, 3.4819478, 0.0, 0.0, 3.4819478]",18.0,8.329444444444444e-05,local
1653_5,bulk,-191.111229,294.072,True,"[6.14078356, 0.0, 0.0, 0.0, 12.28156711, -6.14078356, 0.0, 0.0, 6.14078356]",32.0,1.341875e-05,local
1655_0,bulk,-105.91873983,60.856,True,"[5.89516753, 0.0, -5.89516753, -0.0, 5.89516753, -5.89516753, 0.0, 0.0, 5.89516753]",16.0,0.003508725,local
1655_1,bulk,-105.91873983,60.125,True,"[5.89516753, 0.0, -5.89516753, -0.0, 5.89516753, -5.89516753, 0.0, 0.0, 5.89516753]",16.0,0.00350873125,local
1658_3,bulk,-121.77473084,208.706,True,"[6.25982952, 0.0, 0.0, 0.0, 6.25982952, -6.25982952, 0.0, 0.0, 6.25982952]",16.0,6.5375e-06,local
1659_0,bulk,-126.09471737,151.95,True,"[6.58846029, 0.0, -6.58846029, -0.0, 6.58846029, -6.58846029, 0.0, 0.0, 6.58846029]",16.0,1.72125e-05,local
1660_2,bulk,-130.15579256,324.007,True,"[3.97896528, 0.0, -3.97896528, -0.0, 19.02071615, -3.97896528, 0.0, 0.0, 3.97896528]",20.0,4.287e-05,local
1660_3,bulk,-130.15579256,506.186,True,"[3.97896528, 0.0, -3.97896528, -0.0, 19.02071615, -3.97896528, 0.0, 0.0, 3.97896528]",20.0,4.287e-05,local
1660_5,bulk,-130.16495412,302.415,True,"[7.95793057, 0.0, -3.97896528, -0.0, 9.51035807, -3.97896528, 0.0, 0.0, 3.97896528]",20.0,0.00010075,local
1665_6,bulk,-186.96122072,35.765,True,"[6.37682544, 0.0, 0.0, 0.0, 6.37682544, 0.0, 0.0, 0.0, 6.37682544]",16.0,1.2175e-05,local
1668_3,bulk,-61.53651104,166.845,True,"[6.02172832, 0.0, 0.0, 0.0, 6.02172832, -6.02172832, 0.0, 0.0, 6.02172832]",16.0,1.779375e-05,local
1669_5,bulk,-140.27505229,346.444,True,"[6.42620061, 0.0, 0.0, 0.0, 12.85240122, -6.42620061, 0.0, 0.0, 6.42620061]",32.0,6.959375e-06,local
1672_1,bulk,-129.62665224,174.915,True,"[6.16432546, 0.0, -6.16432546, -0.0, 6.16432546, -6.16432546, 0.0, 0.0, 6.16432546]",16.0,2.25402421875,local
1672_3,bulk,-129.63421576,154.146,True,"[6.16432546, 0.0, 0.0, 0.0, 6.16432546, -6.16432546, 0.0, 0.0, 6.16432546]",16.0,2.260186625,local
1673_3,bulk,-35.94767554,51.482,True,"[8.89394479, 0.0, 0.0, 1.77878896, 3.55757792, 3.89316775, 0.0, 0.0, 3.89316775]",8.0,7.08375e-05,local
1673_4,bulk,-71.89069768,159.329,True,"[7.95498605, 0.0, -3.97749303, 0.0, 7.7863355, -3.97749303, 0.0, 0.0, 3.97749303]",16.0,6.53875e-05,local
1676_5,bulk,-126.50726266,492.532,True,"[5.96273002, 0.0, -10.32775135, -0.0, 6.89493133, -6.88516756, 0.0, 0.0, 6.88516756]",18.0,1.111111111111111e-08,local
1679_0,bulk,-141.76190166,81.678,True,"[6.03924331, 0.0, -6.03924331, 0.0, 6.03924331, -6.03924331, 0.0, 0.0, 6.03924331]",16.0,4.125e-05,local
1679_1,bulk,-141.76190166,102.44,True,"[6.03924331, 0.0, -6.03924331, 0.0, 6.03924331, -6.03924331, 0.0, 0.0, 6.03924331]",16.0,4.125e-05,local
1686_4,bulk,-58.34035437,51.129,True,"[10.74061958, 0.0, 0.0, 0.0, 3.945392, -3.945392, 0.0, 0.0, 3.945392]",10.0,4.4e-05,local
1690_0,bulk,-189.44768008,146.524,True,"[6.4047988, 0.0, -6.4047988, -0.0, 6.4047988, -6.4047988, 0.0, 0.0, 6.4047988]",16.0,9.08125e-06,local
1690_1,bulk,-189.44768008,125.028,True,"[6.4047988, 0.0, -6.4047988, -0.0, 6.4047988, -6.4047988, 0.0, 0.0, 6.4047988]",16.0,9.08125e-06,local
1690_3,bulk,-189.43970961,122.381,True,"[6.4047988, 0.0, 0.0, 0.0, 6.4047988, -6.4047988, 0.0, 0.0, 6.4047988]",16.0,1.75625e-06,local
1695_13,bulk,-125.05935622,567.575,True,"[18.88829049, 0.0, 0.0, 5.39665443, 4.67363983, 3.60711219, 0.0, 0.0, 3.60711219]",18.0,5.888888888888889e-07,local
1695_16,bulk,-125.05935622,624.341,True,"[18.88829049, 0.0, 0.0, 5.39665443, 4.67363983, 3.60711219, 0.0, 0.0, 3.60711219]",18.0,5.888888888888889e-07,local
1695_43,bulk,-125.06139028,341.501,True,"[12.3652887, 0.0, 0.0, 0.0, 7.13910276, -3.60711219, 0.0, 0.0, 3.60711219]",18.0,4.094444444444445e-06,local
1699_0,bulk,-88.90926357,100.892,True,"[5.44461077, 0.0, -5.44461077, -0.0, 5.44461077, -5.44461077, 0.0, 0.0, 5.44461077]",16.0,3.5375e-05,local
1699_1,bulk,-88.90926357,118.538,True,"[5.44461077, 0.0, -5.44461077, -0.0, 5.44461077, -5.44461077, 0.0, 0.0, 5.44461077]",16.0,3.5375e-05,local
1700_3,bulk,-77.86440443,51.971,True,"[6.02498942, 0.0, 0.0, 0.0, 6.02498942, -6.02498942, 0.0, 0.0, 6.02498942]",16.0,3.155625e-05,local
1702_13,bulk,-71.88578096,267.184,True,"[7.93352322, 0.0, 0.0, 0.0, 6.27566635, -3.13783318, 0.0, 0.0, 3.13783318]",12.0,1.3333333333333334e-07,local
1704_0,bulk,-186.28621996,180.175,True,"[6.31532923, 0.0, -6.31532923, -0.0, 6.31532923, -6.31532923, 0.0, 0.0, 6.31532923]",16.0,0.00010988125,local
1712_23,bulk,-212.40765181,886.182,True,"[4.63139183, 0.0, 0.0, 0.0, 17.09159772, -8.54579886, 0.0, 0.0, 8.54579886]",36.0,1.9444444444444442e-08,local
1712_25,bulk,-212.40765181,868.144,True,"[4.63139183, 0.0, 0.0, 0.0, 17.09159772, -8.54579886, 0.0, 0.0, 8.54579886]",36.0,1.9444444444444442e-08,local
1712_7,bulk,-212.42379972,542.556,True,"[8.54579886, 0.0, -8.54579886, -0.0, 9.26278365, -8.54579886, 0.0, 0.0, 8.54579886]",36.0,0.0,local
1714_12,bulk,-132.0469942,199.935,True,"[8.32921082, 0.0, 0.0, 0.0, 6.03063935, -10.44537375, 0.0, 0.0, 6.9635825]",24.0,3.1541666666666664e-06,local
1714_8,bulk,-132.0469942,210.721,True,"[8.32921082, 0.0, 0.0, 0.0, 6.03063935, -10.44537375, 0.0, 0.0, 6.9635825]",24.0,3.1541666666666664e-06,local
1717_3,bulk,-93.69178244,160.743,True,"[6.21699697, 0.0, 0.0, 0.0, 6.21699697, -6.21699697, 0.0, 0.0, 6.21699697]",16.0,2.31875e-06,local
1720_14,bulk,-46.00134896,35.615,True,"[3.19424034, 0.0, 0.0, 0.0, 8.07830149, -3.19424034, 0.0, 0.0, 3.19424034]",6.0,1.2100000000000001e-05,local
1720_21,bulk,-46.00062413,53.026,True,"[3.19424034, 0.0, -3.19424034, -0.0, 8.07830149, -6.38848067, 0.0, 0.0, 3.19424034]",6.0,2.8333333333333335e-06,local
1726_23,bulk,-154.09005593,602.32,True,"[14.60300164, 0.0, 0.0, 0.0, 12.16715603, -6.57414142, 0.0, 0.0, 6.57414142]",40.0,1.0925e-06,local
1726_5,bulk,-154.08622968,572.413,True,"[14.60300164, 0.0, -6.57414142, -0.0, 12.16715603, -6.57414142, 0.0, 0.0, 6.57414142]",40.0,6.85e-06,local
1726_7,bulk,-154.08622968,634.372,True,"[14.60300164, 0.0, -6.57414142, -0.0, 12.16715603, -6.57414142, 0.0, 0.0, 6.57414142]",40.0,6.85e-06,local
1727_22,bulk,-53.9489897,59.804,True,"[6.39246799, 0.0, 0.0, 0.0, 12.8425525, -6.39246799, 0.0, 0.0, 6.39246799]",16.0,2.53625e-05,local
1729_3,bulk,-120.07368643,162.792,True,"[6.48156714, 0.0, 0.0, 0.0, 6.48156714, -6.48156714, 0.0, 0.0, 6.48156714]",16.0,0.0001270625,local
1733_1,bulk,-117.46339134,183.13,True,"[6.25066451, 0.0, -6.25066451, -0.0, 6.25066451, -6.25066451, 0.0, 0.0, 6.25066451]",16.0,0.5044397375,local
1733_5,bulk,-234.92795146,800.185,True,"[6.25066451, 0.0, 0.0, 0.0, 12.50132902, -6.25066451, 0.0, 0.0, 6.25066451]",32.0,0.5086671125,local
1738_1,bulk,-119.31593597,158.487,True,"[6.52936464, 0.0, -6.52936464, 0.0, 6.52936464, -6.52936464, 0.0, 0.0, 6.52936464]",16.0,7.98125e-06,local
1740_0,bulk,-161.02809974,146.49,True,"[6.25875209, 0.0, 6.25875209, 6.25875209, 6.25875209, -0.0, 0.0, 0.0, 6.25875209]",16.0,3.41625e-05,local
1741_6,bulk,-132.86727634,50.096,True,"[6.325534, 0.0, 0.0, 0.0, 6.325534, 0.0, 0.0, 0.0, 6.325534]",16.0,1.71125e-05,local
1742_31,bulk,-63.75654947,148.623,True,"[4.06509237, 0.0, 0.0, 0.0, 8.34935933, -5.42754202, 0.0, 0.0, 5.42754202]",10.0,0.07572953,local
1744_0,bulk,-133.85388524,189.896,True,"[6.56180289, 0.0, -6.56180289, -0.0, 6.56180289, -6.56180289, 0.0, 0.0, 6.56180289]",16.0,9.625e-07,local
1754_0,bulk,-82.06790966,44.544,True,"[5.95099657, 0.0, -5.95099657, -0.0, 5.95099657, -5.95099657, 0.0, 0.0, 5.95099657]",16.0,2.018125e-05,local
1754_5,bulk,-164.22109395,244.173,True,"[5.95099657, 0.0, 0.0, 0.0, 11.90199315, -5.95099657, 0.0, 0.0, 5.95099657]",32.0,7.696875e-06,local
1756_3,bulk,-120.12765859,174.914,True,"[6.40752927, 0.0, 0.0, 0.0, 6.40752927, -6.40752927, 0.0, 0.0, 6.40752927]",16.0,2.798125e-05,local
1756_5,bulk,-240.37388783,371.984,True,"[6.40752927, 0.0, 0.0, 0.0, 12.81505854, -6.40752927, 0.0, 0.0, 6.40752927]",32.0,2.525e-05,local
1759_37,bulk,-81.38477777,500.441,True,"[6.69547243, 0.0, 0.0, 0.0, 10.19566911, -8.2140188, 0.0, 0.0, 4.1070094]",16.0,6.25e-09,local
1759_3,bulk,-81.41661517,530.055,True,"[10.19566911, 0.0, -4.1070094, 0.0, 6.69547243, -4.1070094, 0.0, 0.0, 4.1070094]",16.0,1.8125e-07,local
1759_9,bulk,-81.38631798,651.852,True,"[6.69547243, 0.0, 0.0, 0.0, 10.19566911, -4.1070094, 0.0, 0.0, 4.1070094]",16.0,6.25e-09,local
1763_0,bulk,-96.04502473,128.052,True,"[6.09668273, 0.0, -6.09668273, -0.0, 6.09668273, -6.09668273, 0.0, 0.0, 6.09668273]",16.0,1.848125e-05,local
1763_1,bulk,-96.04502473,98.601,True,"[6.09668273, 0.0, -6.09668273, -0.0, 6.09668273, -6.09668273, 0.0, 0.0, 6.09668273]",16.0,1.8475e-05,local
1763_5,bulk,-192.06572908,491.851,True,"[6.09668273, 0.0, 0.0, 0.0, 12.19336546, -6.09668273, 0.0, 0.0, 6.09668273]",32.0,9.934375e-06,local
1765_3,bulk,-174.83254571,143.891,True,"[6.40256734, 0.0, 0.0, 0.0, 6.40256734, -6.40256734, 0.0, 0.0, 6.40256734]",16.0,6.41e-05,local
1769_0,bulk,-112.01538806,187.17,True,"[6.45567297, 0.0, 6.45567297, 6.45567297, 6.45567297, -0.0, 0.0, 0.0, 6.45567297]",16.0,0.00040646875,local
1769_5,bulk,-224.17166193,399.591,True,"[6.45567297, 0.0, 0.0, 0.0, 12.91134593, -6.45567297, 0.0, 0.0, 6.45567297]",32.0,1.30125e-05,local
1773_6,bulk,-112.40947468,44.22,True,"[5.83320045, 0.0, 0.0, 0.0, 5.83320045, 0.0, 0.0, 0.0, 5.83320045]",16.0,0.2493307625,local
1774_0,bulk,-81.5202259,140.583,True,"[6.46026251, 0.0, -6.46026251, -0.0, 6.46026251, -6.46026251, 0.0, 0.0, 6.46026251]",16.0,5.5225e-05,local
1774_3,bulk,-81.51901526,119.755,True,"[6.46026251, 0.0, 0.0, 0.0, 6.46026251, -6.46026251, 0.0, 0.0, 6.46026251]",16.0,7.460625e-05,local
1774_5,bulk,-162.99548955,363.957,True,"[6.46026251, 0.0, 0.0, 0.0, 12.92052502, -6.46026251, 0.0, 0.0, 6.46026251]",32.0,4.3075e-05,local
1776_2,bulk,,,False,,,,local
1776_3,bulk,,,False,,,,local
1777_17,bulk,-77.27836088,135.569,True,"[3.72699825, 0.0, -3.72699825, -0.0, 9.60608552, -7.4539965, 0.0, 0.0, 3.72699825]",10.0,2.83e-06,local
1779_14,bulk,-113.33798191,253.556,True,"[3.73211316, 0.0, 0.0, 0.0, 28.66770362, -3.73211316, 0.0, 0.0, 3.73211316]",20.0,0.31321272499999997,local
1779_15,bulk,-113.33798191,239.167,True,"[3.73211316, 0.0, 0.0, 0.0, 28.66770362, -3.73211316, 0.0, 0.0, 3.73211316]",20.0,0.31321272499999997,local
1780_6,bulk,-133.04324227,36.186,True,"[5.89940266, 0.0, 0.0, 0.0, 5.89940266, 0.0, 0.0, 0.0, 5.89940266]",16.0,1.673125e-05,local
1781_3,bulk,-172.71021458,217.326,True,"[6.32481145, 0.0, 0.0, 0.0, 6.32481145, -6.32481145, 0.0, 0.0, 6.32481145]",16.0,3.8875e-05,local
1782_5,bulk,-182.46217466,401.253,True,"[6.70444826, 0.0, 0.0, 0.0, 13.40889651, -6.70444826, 0.0, 0.0, 6.70444826]",32.0,3.796875e-06,local
1784_13,bulk,-148.71716296,457.674,True,"[3.96104125, 0.0, 0.0, 0.0, 19.06857, -3.96104125, 0.0, 0.0, 3.96104125]",20.0,0.0021887449999999998,local
1784_14,bulk,-148.71716296,415.335,True,"[3.96104125, 0.0, 0.0, 0.0, 19.06857, -3.96104125, 0.0, 0.0, 3.96104125]",20.0,0.0021887449999999998,local
1784_9,bulk,-148.71245437,415.752,True,"[9.534285, 0.0, 0.0, 0.0, 7.9220825, -3.96104125, 0.0, 0.0, 3.96104125]",20.0,0.026456200000000003,local
1788_5,bulk,-161.57460063,327.977,True,"[6.3878995, 0.0, 0.0, 0.0, 12.775799, -6.3878995, 0.0, 0.0, 6.3878995]",32.0,0.953249903125,local
1794_14,bulk,-153.72941395,293.195,True,"[3.89079126, 0.0, 0.0, 0.0, 20.66307871, -3.89079126, 0.0, 0.0, 3.89079126]",20.0,0.711764185,local
1794_5,bulk,-153.73245306,345.855,True,"[7.78158251, 0.0, -3.89079126, 0.0, 10.33153935, -3.89079126, 0.0, 0.0, 3.89079126]",20.0,0.7164637500000001,local
1794_9,bulk,-153.72654362,188.063,True,"[10.33153935, 0.0, 0.0, 0.0, 7.78158251, -3.89079126, 0.0, 0.0, 3.89079126]",20.0,0.70854981,local
1800_3,bulk,-86.46742026,131.715,True,"[6.12112702, 0.0, 0.0, -0.0, 6.12112702, 6.12112702, 0.0, 0.0, 6.12112702]",16.0,4.923125e-05,local
1802_3,bulk,-71.08489397,138.142,True,"[6.79101015, 0.0, 0.0, 0.0, 6.79101015, -6.79101015, 0.0, 0.0, 6.79101015]",16.0,0.000125775,local
1805_3,bulk,-91.99882232,98.719,True,"[5.44325899, 0.0, 0.0, 0.0, 5.44325899, -5.44325899, 0.0, 0.0, 5.44325899]",16.0,0.00010645625,local
1806_3,bulk,-99.46360775,156.694,True,"[6.24614769, 0.0, 0.0, 0.0, 6.24614769, -6.24614769, 0.0, 0.0, 6.24614769]",16.0,0.000120375,local
1808_1,bulk,-75.41385687,84.29,True,"[6.34195428, 0.0, -6.34195428, -0.0, 6.34195428, -6.34195428, 0.0, 0.0, 6.34195428]",16.0,5.119375e-05,local
1810_11,bulk,-109.95784814,330.325,True,"[10.09998031, 0.0, -11.66245271, -0.0, 8.59258462, -5.83122635, 0.0, 0.0, 5.83122635]",24.0,5.9808333333333335e-05,local
1810_12,bulk,-109.95784814,255.997,True,"[10.09998031, 0.0, -11.66245271, -0.0, 8.59258462, -5.83122635, 0.0, 0.0, 5.83122635]",24.0,5.9808333333333335e-05,local
1810_13,bulk,-109.95784814,328.524,True,"[10.09998031, 0.0, -11.66245271, -0.0, 8.59258462, -5.83122635, 0.0, 0.0, 5.83122635]",24.0,5.9808333333333335e-05,local
1811_3,bulk,-137.76904547,145.924,True,"[6.5030402, 0.0, 0.0, 0.0, 6.5030402, -6.5030402, 0.0, 0.0, 6.5030402]",16.0,6.134375e-05,local
1812_16,bulk,-139.40590022,364.167,True,"[20.61147826, 0.0, 0.0, 5.88899379, 5.10001822, 3.6354654, 0.0, 0.0, 3.6354654]",18.0,0.00020181111111111113,local
1812_41,bulk,-139.40927789,512.14,True,"[13.4933799, 0.0, 0.0, 0.0, 7.79040652, -3.6354654, 0.0, 0.0, 3.6354654]",18.0,3.5666666666666667e-06,local
1812_42,bulk,-139.40927789,586.73,True,"[13.4933799, 0.0, 0.0, 0.0, 7.79040652, -3.6354654, 0.0, 0.0, 3.6354654]",18.0,3.5666666666666667e-06,local
1813_0,bulk,-102.67858312,92.834,True,"[6.12971544, 0.0, -6.12971544, -0.0, 6.12971544, -6.12971544, 0.0, 0.0, 6.12971544]",16.0,4.78125e-05,local
1813_1,bulk,-102.67858312,115.164,True,"[6.12971544, 0.0, -6.12971544, -0.0, 6.12971544, -6.12971544, 0.0, 0.0, 6.12971544]",16.0,4.78125e-05,local
1818_2,bulk,-67.98239832,883.335,True,"[7.72286208, 0.0, -7.72286208, 0.0, 15.44572416, -7.72286208, 0.0, 0.0, 7.72286208]",32.0,5.88125e-06,local
1818_3,bulk,-33.98995607,145.613,True,"[7.72286208, 0.0, 0.0, 0.0, 7.72286208, -7.72286208, 0.0, 0.0, 7.72286208]",16.0,2.70375e-05,local
1818_5,bulk,-67.97104577,792.641,True,"[7.72286208, 0.0, 0.0, 0.0, 15.44572416, -7.72286208, 0.0, 0.0, 7.72286208]",32.0,8.16875e-06,local
1823_3,bulk,-71.19498766,118.535,True,"[6.00194658, 0.0, 0.0, -0.0, 6.00194658, 6.00194658, 0.0, 0.0, 6.00194658]",16.0,2.2475e-05,local
1823_5,bulk,-142.38915219,498.06,True,"[6.00194658, 0.0, 0.0, 0.0, 12.00389316, -6.00194658, 0.0, 0.0, 6.00194658]",32.0,4.84375e-06,local
1837_6,bulk,-81.26139581,32.422,True,"[5.54823588, 0.0, 0.0, 0.0, 5.54823588, 0.0, 0.0, 0.0, 5.54823588]",16.0,0.0002044375,local
1840_27,bulk,-65.02269492,152.55,True,"[5.28291979, 0.0, 0.0, 0.0, 9.27155083, -8.5677438, 0.0, 0.0, 4.2838719]",12.0,4.175e-06,local
1840_30,bulk,-130.04010246,667.97,True,"[10.21338402, 0.0, 0.0, 3.59362938, 7.77766428, 5.28291979, 0.0, 0.0, 5.28291979]",24.0,1.7083333333333332e-07,local
1840_7,bulk,-65.01393201,112.145,True,"[5.28291979, 0.0, 0.0, 0.0, 9.27155083, -4.2838719, 0.0, 0.0, 4.2838719]",12.0,4.45e-05,local
1841_0,bulk,-153.70686736,228.505,True,"[6.44878061, 0.0, -6.44878061, -0.0, 6.44878061, -6.44878061, 0.0, 0.0, 6.44878061]",16.0,0.2496943875,local
1843_13,bulk,-115.20294155,49.088,True,"[6.07394005, 0.0, 0.0, 0.0, 6.07394005, 0.0, 0.0, 0.0, 6.07394005]",24.0,0.33284518333333335,local
1845_0,bulk,-83.0271831,85.525,True,"[6.2248182, 0.0, -6.2248182, -0.0, 6.2248182, -6.2248182, 0.0, 0.0, 6.2248182]",12.0,0.00010521666666666667,local
1845_2,bulk,-83.0271831,79.288,True,"[6.2248182, 0.0, -6.2248182, -0.0, 6.2248182, -6.2248182, 0.0, 0.0, 6.2248182]",12.0,0.00010521666666666667,local
1845_5,bulk,-83.02648351,90.856,True,"[6.2248182, 0.0, 0.0, 0.0, 6.2248182, -6.2248182, 0.0, 0.0, 6.2248182]",12.0,0.00010378333333333334,local
1846_0,bulk,-116.8253053,126.931,True,"[6.22780231, 0.0, -6.22780231, -0.0, 6.22780231, -6.22780231, 0.0, 0.0, 6.22780231]",16.0,3.99125e-05,local
1849_0,bulk,-115.3968032,116.389,True,"[6.00677229, 0.0, -6.00677229, 0.0, 6.00677229, -6.00677229, 0.0, 0.0, 6.00677229]",16.0,1.0563260875,local
1849_3,bulk,-115.39915048,122.766,True,"[6.00677229, 0.0, 0.0, 0.0, 6.00677229, -6.00677229, 0.0, 0.0, 6.00677229]",16.0,1.07042363125,local
1850_5,bulk,-99.46690357,357.397,True,"[6.10634239, 0.0, 0.0, 0.0, 12.21268479, -6.10634239, 0.0, 0.0, 6.10634239]",32.0,2.0375e-05,local
1851_0,bulk,-96.5370065,148.818,True,"[5.42598069, 0.0, -5.42598069, -0.0, 5.42598069, -5.42598069, 0.0, 0.0, 5.42598069]",16.0,1.03e-05,local
1851_3,bulk,-96.54010839,145.695,True,"[5.42598069, 0.0, 0.0, 0.0, 5.42598069, -5.42598069, 0.0, 0.0, 5.42598069]",16.0,4.7125e-06,local
1857_66,bulk,-168.28667356,1220.535,True,"[11.29384343, 0.0, -2.25297236, 16.7471935, 9.88998849, 3.35369145, 0.0, 0.0, 7.85963617]",40.0,7.75e-08,local
1857_72,bulk,-168.29470649,1093.404,True,"[5.74289202, 0.0, 0.0, 0.0, 19.4494309, 3.35369145, 0.0, 0.0, 7.85963617]",40.0,6.525e-07,local
1858_3,bulk,-50.88826945,52.424,True,"[3.93595525, 0.0, -6.81727446, -0.0, 14.33033363, -4.54484964, 0.0, 0.0, 4.54484964]",12.0,3.0375000000000003e-05,local
1858_4,bulk,-50.88826945,44.493,True,"[3.93595525, 0.0, -6.81727446, -0.0, 14.33033363, -4.54484964, 0.0, 0.0, 4.54484964]",12.0,3.0375000000000003e-05,local
1858_5,bulk,-50.88826945,51.401,True,"[3.93595525, 0.0, -6.81727446, -0.0, 14.33033363, -4.54484964, 0.0, 0.0, 4.54484964]",12.0,3.0375000000000003e-05,local
1859_21,bulk,-140.68659601,519.407,True,"[10.79502194, 0.0, -4.29563244, 5.93758928, 8.98713983, 0.0, 0.0, 0.0, 4.29563244]",20.0,5.34e-06,local
1861_5,bulk,-312.82214721,563.506,True,"[6.17272075, 0.0, 0.0, 0.0, 12.3454415, -6.17272075, 0.0, 0.0, 6.17272075]",32.0,6.963125e-05,local
1863_29,bulk,-133.66775413,2753.109,True,"[22.02140199, 0.0, 0.0, 11.12743612, 11.01008216, 7.08377248, 0.0, 0.0, 7.08377248]",40.0,4e-08,local
1863_30,bulk,-133.66775414,2812.677,True,"[22.02140199, 0.0, 0.0, 11.12743612, 11.01008216, 7.08377248, 0.0, 0.0, 7.08377248]",40.0,4e-08,local
1863_43,bulk,-133.67144296,1118.45,True,"[15.48871853, 0.0, 0.0, -0.0, 15.65380924, 7.08377248, 0.0, 0.0, 7.08377248]",40.0,5e-08,local
1865_3,bulk,-138.14292253,188.703,True,"[6.59283705, 0.0, 0.0, 0.0, 6.59283705, -6.59283705, 0.0, 0.0, 6.59283705]",16.0,1.138125e-05,local
1865_5,bulk,-276.2872224,539.665,True,"[6.59283705, 0.0, 0.0, 0.0, 13.1856741, -6.59283705, 0.0, 0.0, 6.59283705]",32.0,3.534375e-05,local
1872_13,bulk,-136.92756386,562.222,True,"[3.94086201, 0.0, 0.0, 0.0, 21.46705271, -3.94086201, 0.0, 0.0, 3.94086201]",20.0,0.919019765,local
1872_14,bulk,-136.92756386,656.184,True,"[3.94086201, 0.0, 0.0, 0.0, 21.46705271, -3.94086201, 0.0, 0.0, 3.94086201]",20.0,0.919019765,local
1878_0,bulk,-60.43894684,91.479,True,"[6.30531539, 0.0, -6.30531539, -0.0, 6.30531539, -6.30531539, 0.0, 0.0, 6.30531539]",16.0,0.00014475625,local
1878_3,bulk,-60.43894684,89.43,True,"[6.30531539, 0.0, -6.30531539, -0.0, 6.30531539, -6.30531539, 0.0, 0.0, 6.30531539]",16.0,0.00014475625,local
1880_14,bulk,-130.88922375,413.998,True,"[4.20438225, 0.0, 0.0, 0.0, 22.78088368, -4.20438225, 0.0, 0.0, 4.20438225]",20.0,3.8999999999999997e-07,local
1880_15,bulk,-130.88922375,321.146,True,"[4.20438225, 0.0, 0.0, 0.0, 22.78088368, -4.20438225, 0.0, 0.0, 4.20438225]",20.0,3.8999999999999997e-07,local
1883_1,bulk,-78.05571722,219.041,True,"[13.9975838, 0.0, 0.0, 0.94021374, 3.50381488, 3.6088772, 0.0, 0.0, 3.6088772]",12.0,1.6666666666666665e-07,local
1883_24,bulk,-78.05521509,157.786,True,"[13.51930588, 0.0, 0.0, -0.0, 3.62777074, 3.6088772, 0.0, 0.0, 3.6088772]",12.0,4.166666666666666e-08,local
1883_29,bulk,-78.05900686,167.459,True,"[15.34322371, 0.0, 0.0, 1.71550918, 3.19652136, 3.6088772, 0.0, 0.0, 3.6088772]",12.0,1.75e-07,local
1885_5,bulk,-81.85252131,183.414,True,"[6.56972247, 0.0, 0.0, 0.0, 13.13944494, -6.56972247, 0.0, 0.0, 6.56972247]",32.0,1.984375e-05,local
1887_3,bulk,-94.79063169,167.598,True,"[6.06809624, 0.0, 0.0, 0.0, 6.06809624, -6.06809624, 0.0, 0.0, 6.06809624]",16.0,0.00041345,local
1887_5,bulk,-189.61295912,586.005,True,"[6.06809624, 0.0, 0.0, 0.0, 12.13619248, -6.06809624, 0.0, 0.0, 6.06809624]",32.0,0.0010650625,local
1893_0,bulk,-106.1824564,220.336,True,"[6.5502233, 0.0, -6.5502233, -0.0, 6.5502233, -6.5502233, 0.0, 0.0, 6.5502233]",16.0,0.00012611875,local
1893_1,bulk,-106.1824564,173.809,True,"[6.5502233, 0.0, -6.5502233, -0.0, 6.5502233, -6.5502233, 0.0, 0.0, 6.5502233]",16.0,0.00012613125,local
1899_0,bulk,-88.30524368,124.67,True,"[6.17969543, 0.0, -6.17969543, -0.0, 6.17969543, -6.17969543, 0.0, 0.0, 6.17969543]",16.0,1.09120921875,local
1899_5,bulk,-176.59278714,528.358,True,"[6.17969543, 0.0, 0.0, 0.0, 12.35939086, -6.17969543, 0.0, 0.0, 6.17969543]",32.0,1.0890805375,local
1900_4,bulk,-92.10406506,303.314,True,"[10.17583123, 0.0, 5.72924555, 12.26592012, 7.94737861, 0.0, 0.0, 0.0, 5.72924555]",20.0,3.365e-06,local
1900_94,bulk,-184.18560574,1146.433,True,"[10.17583123, 0.0, 0.0, -4.18017778, 15.89475721, -5.72924555, 0.0, 0.0, 5.72924555]",40.0,9.925e-07,local
1901_0,bulk,-111.1498554,41.759,True,"[5.81851627, 0.0, -5.81851627, -0.0, 5.81851627, -5.81851627, 0.0, 0.0, 5.81851627]",16.0,5.95e-06,local
1901_6,bulk,-111.1355133,22.36,True,"[5.81851627, 0.0, 0.0, 0.0, 5.81851627, 0.0, 0.0, 0.0, 5.81851627]",16.0,1.286875e-05,local
1906_1,bulk,-73.10362436,80.756,True,"[6.06184012, 0.0, -6.06184012, -0.0, 6.06184012, -6.06184012, 0.0, 0.0, 6.06184012]",16.0,7.03125e-06,local
1913_3,bulk,-124.71754795,144.97,True,"[6.38991149, 0.0, 0.0, 0.0, 6.38991149, -6.38991149, 0.0, 0.0, 6.38991149]",16.0,1e-06,local
1914_4,bulk,-60.68060025,484.405,True,"[7.51461429, 0.0, -7.51461429, 0.0, 15.02922858, -7.51461429, 0.0, 0.0, 7.51461429]",32.0,1.365625e-06,local
1914_5,bulk,-60.68060025,498.425,True,"[7.51461429, 0.0, -7.51461429, 0.0, 15.02922858, -7.51461429, 0.0, 0.0, 7.51461429]",32.0,1.365625e-06,local
1914_8,bulk,-60.70037178,452.987,True,"[7.51461429, 0.0, 0.0, 0.0, 15.02922858, -7.51461429, 0.0, 0.0, 7.51461429]",32.0,1.875e-06,local
1915_0,bulk,-101.16646501,52.928,True,"[5.63395716, 0.0, 5.63395716, 5.63395716, 5.63395716, -0.0, 0.0, 0.0, 5.63395716]",16.0,6.25e-06,local
1915_6,bulk,-101.16420481,22.903,True,"[5.63395716, 0.0, 0.0, 0.0, 5.63395716, 0.0, 0.0, 0.0, 5.63395716]",16.0,7.43125e-06,local
1917_3,bulk,-134.39105138,154.413,True,"[6.14550074, 0.0, 0.0, -0.0, 6.14550074, 6.14550074, 0.0, 0.0, 6.14550074]",16.0,1.19819889375,local
1917_5,bulk,-268.76380844,739.731,True,"[6.14550074, 0.0, 0.0, 0.0, 12.29100148, -6.14550074, 0.0, 0.0, 6.14550074]",32.0,1.197589034375,local
1918_3,bulk,-78.74434316,63.636,True,"[5.701252, 0.0, 0.0, 0.0, 5.701252, -5.701252, 0.0, 0.0, 5.701252]",16.0,2.98875e-05,local
1921_1,bulk,-76.24162041,71.444,True,"[6.15784499, 0.0, -6.15784499, -0.0, 6.15784499, -6.15784499, 0.0, 0.0, 6.15784499]",16.0,3.168125e-05,local
1922_1,bulk,-127.3739071,77.336,True,"[5.83735805, 0.0, -5.83735805, -0.0, 5.83735805, -5.83735805, 0.0, 0.0, 5.83735805]",16.0,0.7604130625,local
1922_3,bulk,-127.37246511,100.821,True,"[5.83735805, 0.0, 0.0, 0.0, 5.83735805, -5.83735805, 0.0, 0.0, 5.83735805]",16.0,0.760814075,local
1922_5,bulk,-254.7584482,400.524,True,"[5.83735805, 0.0, 0.0, 0.0, 11.6747161, -5.83735805, 0.0, 0.0, 5.83735805]",32.0,0.7608748,local
1923_1,bulk,-50.84013593,120.587,True,"[3.87426984, 0.0, -6.71043221, -0.0, 14.44555161, -4.47362147, 0.0, 0.0, 4.47362147]",12.0,8.528333333333334e-05,local
1923_4,bulk,-50.81034519,105.843,True,"[7.74853969, 0.0, -8.94724295, 0.0, 7.2227758, -4.47362147, 0.0, 0.0, 4.47362147]",12.0,0.00030071666666666667,local
1923_8,bulk,-50.81065487,76.886,True,"[7.2227758, 0.0, 0.0, 0.0, 7.74853969, -8.94724295, 0.0, 0.0, 4.47362147]",12.0,0.00028314999999999997,local
1929_32,bulk,-124.42953693,373.72,True,"[3.828419, 0.0, 0.0, 0.0, 20.7332572, -7.71394932, 0.0, 0.0, 3.85697466]",20.0,1.155e-06,local
1929_48,bulk,-124.43082272,392.847,True,"[3.85697466, 0.0, 0.0, -0.0, 20.7332572, 7.65683799, 0.0, 0.0, 3.828419]",20.0,7.2e-07,local
1929_53,bulk,-124.43082272,393.936,True,"[3.85697466, 0.0, 0.0, -0.0, 20.7332572, 7.65683799, 0.0, 0.0, 3.828419]",20.0,7.2e-07,local
1932_5,bulk,-187.35874954,599.953,True,"[6.34996427, 0.0, 0.0, 0.0, 12.69992854, -6.34996427, 0.0, 0.0, 6.34996427]",32.0,1.14984225625,local
1935_19,bulk,-203.0626381,787.182,True,"[10.57891276, 0.0, 0.0, 0.0, 13.58913586, -5.81162785, 0.0, 0.0, 5.81162785]",40.0,7.77e-06,local
1935_37,bulk,-406.04316031,2780.21,True,"[5.81162785, 0.0, 0.0, -0.0, 21.15782553, 13.58913586, 0.0, 0.0, 13.58913586]",80.0,7.7025e-06,local
1935_38,bulk,-406.04316031,2788.686,True,"[5.81162785, 0.0, 0.0, -0.0, 21.15782553, 13.58913586, 0.0, 0.0, 13.58913586]",80.0,7.7025e-06,local
1940_20,bulk,-70.94718146,137.617,True,"[7.21592287, 0.0, 0.0, -0.0, 7.21592287, 6.56941203, 0.0, 0.0, 3.28470602]",10.0,0.00022271999999999998,local
1940_3,bulk,-70.94620249,135.294,True,"[10.20485599, 0.0, 0.0, 5.10242799, 5.10242799, 6.56941203, 0.0, 0.0, 3.28470602]",10.0,0.00025571999999999997,local
1943_3,bulk,-70.87210182,575.391,True,"[9.24132961, 0.0, -7.45352136, 0.0, 11.02463095, -7.45352136, 0.0, 0.0, 7.45352136]",32.0,4.2696875e-05,local
1943_44,bulk,-70.882554,466.106,True,"[7.45352136, 0.0, 0.0, -0.0, 18.48265922, 5.51231548, 0.0, 0.0, 5.51231548]",32.0,6.321875e-06,local
1943_5,bulk,-70.87210182,580.421,True,"[9.24132961, 0.0, -7.45352136, 0.0, 11.02463095, -7.45352136, 0.0, 0.0, 7.45352136]",32.0,4.2696875e-05,local
1946_8,bulk,-118.17285504,211.02,True,"[6.379238, 0.0, 0.0, 0.0, 12.75847601, -6.379238, 0.0, 0.0, 6.379238]",32.0,4.90625e-07,local
1947_0,bulk,-59.31703225,91.818,True,"[6.34319918, 0.0, -6.34319918, -0.0, 6.34319918, -6.34319918, 0.0, 0.0, 6.34319918]",16.0,3.946875e-05,local
1947_5,bulk,-118.66407124,230.673,True,"[6.34319918, 0.0, 0.0, 0.0, 12.68639836, -6.34319918, 0.0, 0.0, 6.34319918]",32.0,3.365625e-06,local
1949_1,bulk,-138.30445674,236.722,True,"[9.88191521, 0.0, 3.95529759, 14.43061445, 8.27300446, 0.0, 0.0, 0.0, 3.95529759]",20.0,1.4195e-05,local
1949_39,bulk,-276.6023985,767.714,True,"[3.95529759, 0.0, 0.0, 0.0, 16.54600893, -18.97931369, 0.0, 0.0, 9.88191521]",40.0,5.2274999999999995e-06,local
1949_40,bulk,-276.6023985,890.623,True,"[3.95529759, 0.0, 0.0, 0.0, 16.54600893, -18.97931369, 0.0, 0.0, 9.88191521]",40.0,5.2274999999999995e-06,local
1957_0,bulk,-131.55469651,220.557,True,"[6.19102873, 0.0, -6.19102873, -0.0, 6.19102873, -6.19102873, 0.0, 0.0, 6.19102873]",16.0,8.125e-06,local
1964_0,bulk,-133.03764748,147.148,True,"[6.00638832, 0.0, -6.00638832, -0.0, 6.00638832, -6.00638832, 0.0, 0.0, 6.00638832]",16.0,0.50571620625,local
1976_1,bulk,-100.98753351,81.545,True,"[6.16355312, 0.0, -6.16355312, -0.0, 6.16355312, -6.16355312, 0.0, 0.0, 6.16355312]",16.0,7.68875e-05,local
1982_3,bulk,-100.06547789,106.099,True,"[6.08244673, 0.0, 0.0, -0.0, 6.08244673, 6.08244673, 0.0, 0.0, 6.08244673]",16.0,1.102310325,local
1984_0,bulk,-126.30136913,152.87,True,"[6.48975036, 0.0, -6.48975036, -0.0, 6.48975036, -6.48975036, 0.0, 0.0, 6.48975036]",16.0,1.134375e-05,local
1985_15,bulk,-131.67774047,220.845,True,"[17.19200414, 0.0, 0.0, 4.91200118, 4.25391781, 3.64228391, 0.0, 0.0, 3.64228391]",18.0,1.0762300500000002,local
1985_43,bulk,-131.67692453,361.118,True,"[11.25480862, 0.0, 0.0, 0.0, 6.49796678, -3.64228391, 0.0, 0.0, 3.64228391]",18.0,1.0734696222222224,local
1985_44,bulk,-131.67692453,309.46,True,"[11.25480862, 0.0, 0.0, 0.0, 6.49796678, -3.64228391, 0.0, 0.0, 3.64228391]",18.0,1.0734696222222224,local
1986_3,bulk,-120.323493,378.349,True,"[3.92456171, 0.0, -3.92456171, 0.0, 22.80003694, -3.92456171, 0.0, 0.0, 3.92456171]",20.0,0.9565395600000001,local
1986_5,bulk,-120.31801356,315.746,True,"[7.84912341, 0.0, -3.92456171, -0.0, 11.40001847, -3.92456171, 0.0, 0.0, 3.92456171]",20.0,0.95303979,local
1986_9,bulk,-120.32373462,175.873,True,"[11.40001847, 0.0, 0.0, 0.0, 7.84912341, -3.92456171, 0.0, 0.0, 3.92456171]",20.0,0.9488749200000001,local
1988_0,bulk,-109.96119441,210.485,True,"[16.76061729, 0.0, 0.0, 0.97014321, 3.91395213, 3.97320275, 0.0, 0.0, 3.97320275]",16.0,4.3875e-06,local
1990_0,bulk,-110.32010237,215.763,True,"[6.60280269, 0.0, -6.60280269, -0.0, 6.60280269, -6.60280269, 0.0, 0.0, 6.60280269]",16.0,0.00022765625,local
1990_5,bulk,-220.93869226,451.547,True,"[6.60280269, 0.0, 0.0, 0.0, 13.20560539, -6.60280269, 0.0, 0.0, 6.60280269]",32.0,3.096875e-06,local
1994_8,bulk,-75.00014083,522.209,True,"[12.0642992, 0.0, -5.25299787, -0.0, 14.68155009, -5.25299787, 0.0, 0.0, 5.25299787]",24.0,5.166666666666667e-07,local
1994_9,bulk,-75.00014083,697.603,True,"[12.0642992, 0.0, -5.25299787, -0.0, 14.68155009, -5.25299787, 0.0, 0.0, 5.25299787]",24.0,5.166666666666667e-07,local
1995_27,bulk,-89.49566109,275.499,True,"[10.26092071, 0.0, 0.0, 10.26092071, 10.26092071, 3.8283151, 0.0, 0.0, 3.8283151]",20.0,4.815e-06,local
1995_28,bulk,-89.49566109,270.566,True,"[10.26092071, 0.0, 0.0, 10.26092071, 10.26092071, 3.8283151, 0.0, 0.0, 3.8283151]",20.0,4.815e-06,local
1995_9,bulk,-89.45912024,288.883,True,"[16.22394017, 0.0, 0.0, 3.24478803, 6.48957607, 3.8283151, 0.0, 0.0, 3.8283151]",20.0,2.9024999999999997e-05,local
1996_1,bulk,-41.07647979,129.714,True,"[6.72952774, 0.0, -6.72952774, -0.0, 6.72952774, -6.72952774, 0.0, 0.0, 6.72952774]",16.0,5.42625e-05,local
1996_5,bulk,-82.14888558,311.154,True,"[6.72952774, 0.0, 0.0, 0.0, 13.45905547, -6.72952774, 0.0, 0.0, 6.72952774]",32.0,9.859375e-06,local
1998_2,bulk,-99.65804149,631.686,True,"[4.34624903, 0.0, -4.34624903, 0.0, 20.44002252, -4.34624903, 0.0, 0.0, 4.34624903]",20.0,8.950000000000001e-07,local
1998_9,bulk,-99.6489473,277.038,True,"[10.22001126, 0.0, 0.0, 0.0, 8.69249805, -4.34624903, 0.0, 0.0, 4.34624903]",20.0,4.1999999999999995e-07,local
2003_0,bulk,-56.95512126,125.558,True,"[5.9952835, 0.0, -5.9952835, -0.0, 5.9952835, -5.9952835, 0.0, 0.0, 5.9952835]",16.0,7.66875e-05,local
2003_1,bulk,-56.95512126,99.358,True,"[5.9952835, 0.0, -5.9952835, -0.0, 5.9952835, -5.9952835, 0.0, 0.0, 5.9952835]",16.0,7.66875e-05,local
2003_5,bulk,-113.98208619,521.05,True,"[5.9952835, 0.0, 0.0, 0.0, 11.990567, -5.9952835, 0.0, 0.0, 5.9952835]",32.0,2.4109375e-05,local
2007_21,bulk,-39.73484377,51.841,True,"[3.74664983, 0.0, -3.74664983, -0.0, 8.28174859, -7.49329965, 0.0, 0.0, 3.74664983]",6.0,0.00028146666666666666,local
2007_3,bulk,-79.47021456,187.697,True,"[3.74664983, 0.0, -3.74664983, 0.0, 16.56349719, -3.74664983, 0.0, 0.0, 3.74664983]",12.0,1.4166666666666668e-07,local
2007_4,bulk,-79.47021456,145.359,True,"[3.74664983, 0.0, -3.74664983, 0.0, 16.56349719, -3.74664983, 0.0, 0.0, 3.74664983]",12.0,1.4166666666666668e-07,local
2009_4,bulk,-89.9029404,212.148,True,"[7.99335024, 0.0, -3.99667512, 0.0, 7.06169062, -3.99667512, 0.0, 0.0, 3.99667512]",16.0,4.849375e-05,local
2010_5,bulk,-179.01148117,651.371,True,"[6.05116481, 0.0, 0.0, 0.0, 12.10232961, -6.05116481, 0.0, 0.0, 6.05116481]",32.0,3.2234375e-05,local
2013_92,bulk,-176.72289671,1003.551,True,"[10.43831274, 0.0, 0.0, -3.90726454, 16.34803624, -6.04586504, 0.0, 0.0, 6.04586504]",40.0,4.994e-05,local
2014_3,bulk,-111.93576643,130.162,True,"[5.48861353, 0.0, 0.0, 0.0, 5.48861353, -5.48861353, 0.0, 0.0, 5.48861353]",16.0,0.0117179375,local
2015_5,bulk,-67.57446473,172.407,True,"[12.67268391, 0.0, 0.0, 6.33634196, 3.65828873, 6.5348587, 0.0, 0.0, 3.26742935]",9.0,1.8133333333333335e-05,local
2019_39,bulk,-167.23325469,369.237,True,"[11.80060069, 0.0, 0.0, 0.0, 6.81307998, -3.24419129, 0.0, 0.0, 3.24419129]",18.0,7.094444444444443e-06,local
2019_44,bulk,-167.23894434,423.901,True,"[6.81307998, 0.0, 0.0, 6.81307998, 11.80060069, 3.24419129, 0.0, 0.0, 3.24419129]",18.0,2.333333333333333e-07,local
2019_47,bulk,-167.23894434,392.934,True,"[6.81307998, 0.0, 0.0, 6.81307998, 11.80060069, 3.24419129, 0.0, 0.0, 3.24419129]",18.0,2.333333333333333e-07,local
2024_3,bulk,-122.37326913,101.99,True,"[5.92097313, 0.0, 0.0, -0.0, 5.92097313, 5.92097313, 0.0, 0.0, 5.92097313]",16.0,1.065625e-05,local
2027_19,bulk,-125.79274425,416.097,True,"[17.77928539, 0.0, 0.0, 5.07979583, 4.39923223, 3.84650007, 0.0, 0.0, 3.84650007]",18.0,0.00016987777777777776,local
2029_45,bulk,-93.79122489,129.722,True,"[12.15968746, 0.0, 0.0, 0.0, 7.02039883, -4.2196676, 0.0, 0.0, 4.2196676]",18.0,1.6666666666666667e-08,local
2032_31,bulk,-210.25403068,315.061,True,"[5.63474239, 0.0, -3.25322004, 0.0, 7.95798221, -6.50644007, 0.0, 0.0, 6.50644007]",24.0,2.133333333333333e-05,local
2033_24,bulk,-149.81972136,536.406,True,"[3.79111752, 0.0, 0.0, 0.0, 30.07051995, -3.8546189, 0.0, 0.0, 3.8546189]",24.0,1.7083333333333332e-07,local
2033_25,bulk,-149.81972136,584.416,True,"[3.79111752, 0.0, 0.0, 0.0, 30.07051995, -3.8546189, 0.0, 0.0, 3.8546189]",24.0,1.7083333333333332e-07,local
2033_60,bulk,-74.91980493,181.305,True,"[3.8546189, 0.0, 0.0, -0.0, 15.03525998, 7.58223504, 0.0, 0.0, 3.79111752]",12.0,4.166666666666667e-07,local
2039_13,bulk,-183.04069124,483.183,True,"[4.35824467, 0.0, -2.51623373, -0.0, 12.01615011, -5.03246747, 0.0, 0.0, 5.03246747]",18.0,6.090555555555555e-05,local
2041_3,bulk,-145.63596494,108.772,True,"[6.12276726, 0.0, 0.0, 0.0, 6.12276726, -6.12276726, 0.0, 0.0, 6.12276726]",16.0,9.584375e-05,local
2041_5,bulk,-291.25825976,338.884,True,"[6.12276726, 0.0, 0.0, 0.0, 12.24553453, -6.12276726, 0.0, 0.0, 6.12276726]",32.0,2.526875e-05,local
2046_15,bulk,-143.27932925,543.985,True,"[18.51052338, 0.0, 0.0, 5.28872096, 4.58016671, 3.47429434, 0.0, 0.0, 3.47429434]",18.0,3.9444444444444444e-07,local
2046_16,bulk,-143.27932925,693.955,True,"[18.51052338, 0.0, 0.0, 5.28872096, 4.58016671, 3.47429434, 0.0, 0.0, 3.47429434]",18.0,3.9444444444444444e-07,local
2046_42,bulk,-143.28050514,427.0,True,"[12.11798208, 0.0, 0.0, 0.0, 6.99632021, -3.47429434, 0.0, 0.0, 3.47429434]",18.0,1.9444444444444445e-07,local
2049_5,bulk,-327.03310657,363.183,True,"[6.469541, 0.0, 0.0, 0.0, 12.93908199, -6.469541, 0.0, 0.0, 6.469541]",32.0,9.959375e-06,local
2053_3,bulk,-42.94437922,101.852,True,"[7.21707731, 0.0, 0.0, 0.0, 7.21707731, -7.21707731, 0.0, 0.0, 7.21707731]",16.0,1.28375e-05,local
2058_0,bulk,-65.88886685,33.373,True,"[6.03031348, 0.0, -6.03031348, 0.0, 6.03031348, -6.03031348, 0.0, 0.0, 6.03031348]",16.0,6.963125e-05,local
2058_1,bulk,-65.88886685,39.694,True,"[6.03031348, 0.0, -6.03031348, 0.0, 6.03031348, -6.03031348, 0.0, 0.0, 6.03031348]",16.0,6.963125e-05,local
2058_2,bulk,-65.88886685,32.646,True,"[6.03031348, 0.0, -6.03031348, 0.0, 6.03031348, -6.03031348, 0.0, 0.0, 6.03031348]",16.0,6.963125e-05,local
2062_1,bulk,-78.26271511,147.121,True,"[6.27035386, 0.0, -6.27035386, -0.0, 6.27035386, -6.27035386, 0.0, 0.0, 6.27035386]",16.0,2.000625e-05,local
2062_5,bulk,-156.47720626,525.911,True,"[6.27035386, 0.0, 0.0, 0.0, 12.54070772, -6.27035386, 0.0, 0.0, 6.27035386]",32.0,3.65625e-06,local
2069_4,bulk,-77.04135354,990.711,True,"[5.10837895, 0.0, -5.10837895, -0.0, 22.60147498, -5.10837895, 0.0, 0.0, 5.10837895]",20.0,1.24e-06,local
2069_5,bulk,-77.04135354,898.473,True,"[5.10837895, 0.0, -5.10837895, -0.0, 22.60147498, -5.10837895, 0.0, 0.0, 5.10837895]",20.0,1.24e-06,local
2069_7,bulk,-77.04135354,771.635,True,"[5.10837895, 0.0, -5.10837895, -0.0, 22.60147498, -5.10837895, 0.0, 0.0, 5.10837895]",20.0,1.24e-06,local
2075_2,bulk,-44.24461511,90.428,True,"[3.50847862, 0.0, -3.50847862, 0.0, 7.96050373, -3.50847862, 0.0, 0.0, 3.50847862]",6.0,1.5e-07,local
2075_3,bulk,-88.48265328,97.01,True,"[3.50847862, 0.0, -3.50847862, -0.0, 15.92100746, -3.50847862, 0.0, 0.0, 3.50847862]",12.0,9.166666666666666e-06,local
2077_3,bulk,-141.75738313,181.718,True,"[6.25564209, 0.0, 0.0, 0.0, 6.25564209, -6.25564209, 0.0, 0.0, 6.25564209]",16.0,2.15375e-05,local
2086_0,bulk,-110.98816464,101.614,True,"[5.83580817, 0.0, -5.83580817, -0.0, 5.83580817, -5.83580817, 0.0, 0.0, 5.83580817]",16.0,0.0002793,local
2088_3,bulk,-128.53411327,141.769,True,"[6.43667316, 0.0, 0.0, -0.0, 6.43667316, 6.43667316, 0.0, 0.0, 6.43667316]",16.0,0.00021915,local
2089_3,bulk,-43.43922561,166.278,True,"[4.23244946, 0.0, -4.23244946, -0.0, 21.53484895, -4.23244946, 0.0, 0.0, 4.23244946]",16.0,2.04375e-06,local
2089_4,bulk,-43.43922561,167.257,True,"[4.23244946, 0.0, -4.23244946, -0.0, 21.53484895, -4.23244946, 0.0, 0.0, 4.23244946]",16.0,2.04375e-06,local
2089_5,bulk,-43.43922561,168.612,True,"[4.23244946, 0.0, -4.23244946, -0.0, 21.53484895, -4.23244946, 0.0, 0.0, 4.23244946]",16.0,2.04375e-06,local
2090_10,bulk,-101.93628703,192.707,True,"[11.92054456, 0.0, 0.0, 0.0, 8.29012697, -4.14506349, 0.0, 0.0, 4.14506349]",20.0,1.2970000000000001e-05,local
2090_18,bulk,-50.96429879,53.065,True,"[4.14506349, 0.0, -4.14506349, -0.0, 11.92054456, -8.29012697, 0.0, 0.0, 4.14506349]",10.0,0.00015851,local
2090_1,bulk,-50.950882,112.99,True,"[4.14506349, 0.0, -4.14506349, 0.0, 11.92054456, -4.14506349, 0.0, 0.0, 4.14506349]",10.0,0.00010483000000000001,local
2091_0,bulk,-67.09335396,135.212,True,"[4.73387132, 0.0, 4.73387132, 4.73387132, 4.73387132, -0.0, 0.0, 0.0, 4.73387132]",8.0,8.5e-07,local
2093_0,bulk,-182.45359962,179.395,True,"[6.28816731, 0.0, -6.28816731, -0.0, 6.28816731, -6.28816731, 0.0, 0.0, 6.28816731]",16.0,6.203125e-05,local
2093_3,bulk,-182.46507579,151.499,True,"[6.28816731, 0.0, 0.0, 0.0, 6.28816731, -6.28816731, 0.0, 0.0, 6.28816731]",16.0,7.316875e-05,local
2097_0,bulk,-101.83146427,50.815,True,"[5.80230296, 0.0, -5.80230296, 0.0, 5.80230296, -5.80230296, 0.0, 0.0, 5.80230296]",16.0,4.181875e-05,local
2097_3,bulk,-101.84944368,83.047,True,"[5.80230296, 0.0, 0.0, 0.0, 5.80230296, -5.80230296, 0.0, 0.0, 5.80230296]",16.0,5.601875e-05,local
2097_5,bulk,-203.74337903,232.616,True,"[5.80230296, 0.0, 0.0, 0.0, 11.60460592, -5.80230296, 0.0, 0.0, 5.80230296]",32.0,0.0001920625,local
2099_16,bulk,-78.6093445,403.283,True,"[5.04264571, 0.0, -2.91137286, 0.0, 20.67962453, -5.82274571, 0.0, 0.0, 5.82274571]",24.0,1.4333333333333335e-06,local
2099_27,bulk,-78.60866501,278.078,True,"[5.04264571, 0.0, -2.91137286, -0.0, 20.67962453, 11.64549143, 0.0, 0.0, 5.82274571]",24.0,5.083333333333334e-07,local
2107_1,bulk,-144.44319084,117.858,True,"[6.08217211, 0.0, -6.08217211, -0.0, 6.08217211, -6.08217211, 0.0, 0.0, 6.08217211]",16.0,5.725e-05,local
2107_3,bulk,-144.462477,152.771,True,"[6.08217211, 0.0, 0.0, 0.0, 6.08217211, -6.08217211, 0.0, 0.0, 6.08217211]",16.0,4.1925e-05,local
2121_25,bulk,-255.57165579,1557.102,True,"[6.60588385, 0.0, 0.0, 0.0, 9.24553425, -6.59565616, 0.0, 0.0, 6.59565616]",32.0,0.00015670625,local
2121_26,bulk,-255.57165579,1545.956,True,"[6.60588385, 0.0, 0.0, 0.0, 9.24553425, -6.59565616, 0.0, 0.0, 6.59565616]",32.0,0.0001566875,local
2122_3,bulk,-99.83933512,561.091,True,"[3.904924, 0.0, -3.904924, 0.0, 15.59888539, -3.904924, 0.0, 0.0, 3.904924]",16.0,1.09962806875,local
2126_19,bulk,-112.3320292,403.94,True,"[16.89322321, 0.0, 0.0, 4.8266352, 4.1799887, 3.99910127, 0.0, 0.0, 3.99910127]",18.0,7.96e-05,local
2126_48,bulk,-112.32715634,324.525,True,"[6.38503821, 0.0, 0.0, 6.38503821, 11.05921059, 3.99910127, 0.0, 0.0, 3.99910127]",18.0,8.934444444444444e-05,local
2128_14,bulk,-112.18153671,187.39,True,"[3.78532185, 0.0, 0.0, 0.0, 31.00713345, -3.78532185, 0.0, 0.0, 3.78532185]",20.0,0.311534465,local
2128_15,bulk,-112.18153671,223.368,True,"[3.78532185, 0.0, 0.0, 0.0, 31.00713345, -3.78532185, 0.0, 0.0, 3.78532185]",20.0,0.311534465,local
2128_17,bulk,,,False,,,,local
2129_10,bulk,-85.02398345,255.968,True,"[11.53175776, 0.0, 0.0, 0.0, 8.57602627, -4.28801313, 0.0, 0.0, 4.28801313]",20.0,5e-08,local
2129_2,bulk,-85.09106399,185.892,True,"[4.28801313, 0.0, -4.28801313, -0.0, 23.06351552, -4.28801313, 0.0, 0.0, 4.28801313]",20.0,1.519e-05,local
2129_3,bulk,-85.09106399,237.141,True,"[4.28801313, 0.0, -4.28801313, -0.0, 23.06351552, -4.28801313, 0.0, 0.0, 4.28801313]",20.0,1.519e-05,local
2138_0,bulk,-123.79408162,87.511,True,"[5.7030541, 0.0, -5.7030541, -0.0, 5.7030541, -5.7030541, 0.0, 0.0, 5.7030541]",16.0,3.41625e-05,local
2138_1,bulk,-123.79408162,103.432,True,"[5.7030541, 0.0, -5.7030541, -0.0, 5.7030541, -5.7030541, 0.0, 0.0, 5.7030541]",16.0,3.41625e-05,local
2138_5,bulk,-247.58614015,389.408,True,"[5.7030541, 0.0, 0.0, 0.0, 11.4061082, -5.7030541, 0.0, 0.0, 5.7030541]",32.0,3.034375e-05,local
2143_23,bulk,-100.16389116,506.597,True,"[8.93552157, 0.0, 0.0, 0.0, 11.65002123, -7.14438441, 0.0, 0.0, 7.14438441]",32.0,5.496875e-06,local
2151_0,bulk,-156.85762765,148.843,True,"[6.17761378, 0.0, -6.17761378, -0.0, 6.17761378, -6.17761378, 0.0, 0.0, 6.17761378]",16.0,1.145546225,local
2151_3,bulk,-156.8561769,214.915,True,"[6.17761378, 0.0, 0.0, 0.0, 6.17761378, -6.17761378, 0.0, 0.0, 6.17761378]",16.0,1.14725538125,local
2154_32,bulk,-117.6246881,380.212,True,"[9.15276025, 0.0, 0.0, -0.0, 8.66547693, 5.29423876, 0.0, 0.0, 5.29423876]",24.0,0.000275675,local
2161_1,bulk,-121.65190414,162.81,True,"[6.42886135, 0.0, -6.42886135, -0.0, 6.42886135, -6.42886135, 0.0, 0.0, 6.42886135]",16.0,3.90875e-05,local
2161_3,bulk,-121.65561166,144.576,True,"[6.42886135, 0.0, 0.0, 0.0, 6.42886135, -6.42886135, 0.0, 0.0, 6.42886135]",16.0,3.1275e-05,local
2162_4,bulk,-82.87320407,223.027,True,"[8.00833557, 0.0, -4.00416779, -0.0, 7.17651593, -4.00416779, 0.0, 0.0, 4.00416779]",16.0,6.9175e-05,local
2163_3,bulk,-141.78580364,153.459,True,"[6.10768076, 0.0, 0.0, 0.0, 6.10768076, -6.10768076, 0.0, 0.0, 6.10768076]",16.0,0.20657501875,local
2168_51,bulk,-211.70551447,743.746,True,"[5.41161458, 0.0, 0.0, 0.0, 22.90842789, -6.50298278, 0.0, 0.0, 6.50298278]",40.0,1.15975e-05,local
2168_52,bulk,-211.70551447,549.407,True,"[5.41161458, 0.0, 0.0, 0.0, 22.90842789, -6.50298278, 0.0, 0.0, 6.50298278]",40.0,1.15975e-05,local
2168_5,bulk,-105.84799822,278.077,True,"[6.50298278, 0.0, -5.41161458, -0.0, 11.45421394, -5.41161458, 0.0, 0.0, 5.41161458]",20.0,1.65e-07,local
2172_16,bulk,-98.80652088,399.205,True,"[17.31748696, 0.0, 0.0, 4.94785342, 4.28496675, 3.99361075, 0.0, 0.0, 3.99361075]",18.0,1.1027777777777779e-05,local
2172_17,bulk,-98.80652088,402.379,True,"[17.31748696, 0.0, 0.0, 4.94785342, 4.28496675, 3.99361075, 0.0, 0.0, 3.99361075]",18.0,1.1027777777777779e-05,local
2172_44,bulk,-98.80772176,332.457,True,"[11.33695641, 0.0, 0.0, 0.0, 6.54539483, -3.99361075, 0.0, 0.0, 3.99361075]",18.0,2.777777777777778e-05,local
2173_9,bulk,-148.37671359,323.902,True,"[9.88966911, 0.0, 0.0, 0.0, 8.5271678, -4.2635839, 0.0, 0.0, 4.2635839]",20.0,0.0005142,local
2176_16,bulk,-130.52458721,649.764,True,"[9.97351339, 0.0, -4.16215592, 1.25383213, 9.93499637, 0.0, 0.0, 0.0, 4.16215592]",24.0,1.25e-08,local
2176_72,bulk,-130.42317431,1040.721,True,"[19.94702677, 0.0, 4.16215592, 14.33335402, 4.96749818, 0.0, 0.0, 0.0, 4.16215592]",24.0,1.75e-07,local
2176_94,bulk,-130.54029103,602.992,True,"[4.16215592, 0.0, 0.0, -0.0, 14.99178872, 19.76729906, 0.0, 0.0, 6.60940606]",24.0,0.0,local
2179_4,bulk,-97.42029856,247.935,True,"[7.59237372, 0.0, -8.76691803, -0.0, 9.1417368, -4.38345901, 0.0, 0.0, 4.38345901]",16.0,9.375e-08,local
2181_0,bulk,-117.43497338,115.996,True,"[6.00947302, 0.0, -6.00947302, -0.0, 6.00947302, -6.00947302, 0.0, 0.0, 6.00947302]",16.0,0.00010938125,local
2181_3,bulk,-117.43584592,187.053,True,"[6.00947302, 0.0, 0.0, 0.0, 6.00947302, -6.00947302, 0.0, 0.0, 6.00947302]",16.0,8.611875e-05,local
2181_5,bulk,-234.8468802,624.422,True,"[6.00947302, 0.0, 0.0, 0.0, 12.01894604, -6.00947302, 0.0, 0.0, 6.00947302]",32.0,1.753125e-06,local
2189_1,bulk,-85.44464604,100.041,True,"[6.34588415, 0.0, 6.34588415, 6.34588415, 6.34588415, -0.0, 0.0, 0.0, 6.34588415]",16.0,9.479375e-05,local
2191_0,bulk,-143.07164798,223.281,True,"[6.47608883, 0.0, -6.47608883, -0.0, 6.47608883, -6.47608883, 0.0, 0.0, 6.47608883]",16.0,1.536875e-05,local
2192_3,bulk,-172.74669102,157.03,True,"[6.09376875, 0.0, 0.0, 0.0, 6.09376875, -6.09376875, 0.0, 0.0, 6.09376875]",16.0,7.74375e-06,local
2194_11,bulk,-172.6328841,406.886,True,"[16.63752375, 0.0, 0.0, 0.0, 8.5573851, -4.27869255, 0.0, 0.0, 4.27869255]",24.0,4.058333333333333e-06,local
2194_16,bulk,-172.6376487,347.753,True,"[4.27869255, 0.0, 0.0, 0.0, 33.27504749, -4.27869255, 0.0, 0.0, 4.27869255]",24.0,7.573333333333334e-05,local
2196_0,bulk,-98.93283267,105.408,True,"[6.37356383, 0.0, -6.37356383, -0.0, 6.37356383, -6.37356383, 0.0, 0.0, 6.37356383]",16.0,1.399375e-05,local
2196_1,bulk,-98.93283267,118.945,True,"[6.37356383, 0.0, -6.37356383, -0.0, 6.37356383, -6.37356383, 0.0, 0.0, 6.37356383]",16.0,1.399375e-05,local
2196_5,bulk,-198.17299028,239.47,True,"[6.37356383, 0.0, 0.0, 0.0, 12.74712767, -6.37356383, 0.0, 0.0, 6.37356383]",32.0,5.4375e-06,local
2199_0,bulk,-101.23869777,242.049,True,"[7.10507513, 0.0, -7.10507513, -0.0, 7.10507513, -7.10507513, 0.0, 0.0, 7.10507513]",24.0,2.897916666666667e-05,local
2199_3,bulk,-101.23869777,237.997,True,"[7.10507513, 0.0, -7.10507513, -0.0, 7.10507513, -7.10507513, 0.0, 0.0, 7.10507513]",24.0,2.897916666666667e-05,local
2205_1,bulk,-122.34470018,106.551,True,"[6.33183553, 0.0, -6.33183553, -0.0, 6.33183553, -6.33183553, 0.0, 0.0, 6.33183553]",16.0,9.18125e-06,local
2206_0,bulk,-150.86687417,165.593,True,"[5.91976433, 0.0, 5.91976433, 5.91976433, 5.91976433, -0.0, 0.0, 0.0, 5.91976433]",16.0,3.7175e-05,local
2206_1,bulk,-150.86687417,176.904,True,"[5.91976433, 0.0, 5.91976433, 5.91976433, 5.91976433, -0.0, 0.0, 0.0, 5.91976433]",16.0,3.7175e-05,local
2206_3,bulk,-150.88092239,212.769,True,"[5.91976433, 0.0, 0.0, 0.0, 5.91976433, -5.91976433, 0.0, 0.0, 5.91976433]",16.0,3.526875e-05,local
2208_1,bulk,-68.97741526,79.319,True,"[6.34617451, 0.0, -6.34617451, -0.0, 6.34617451, -6.34617451, 0.0, 0.0, 6.34617451]",16.0,4.54875e-05,local
2208_5,bulk,-138.01408273,378.968,True,"[6.34617451, 0.0, 0.0, 0.0, 12.69234902, -6.34617451, 0.0, 0.0, 6.34617451]",32.0,3.953125e-06,local
2209_14,bulk,-93.62563373,620.021,True,"[5.10643895, 0.0, 0.0, 5.10643895, 5.10643895, 7.12478031, 0.0, 0.0, 7.12478031]",16.0,0.000105975,local
2210_3,bulk,-96.86903577,154.674,True,"[5.9926563, 0.0, 0.0, 0.0, 5.9926563, -5.9926563, 0.0, 0.0, 5.9926563]",16.0,1.39375e-06,local
2212_0,bulk,-132.01940897,86.524,True,"[6.08836142, 0.0, -6.08836142, -0.0, 6.08836142, -6.08836142, 0.0, 0.0, 6.08836142]",16.0,5.069375e-05,local
2217_1,bulk,-113.89869377,116.819,True,"[5.74793985, 0.0, 5.74793985, 5.74793985, 5.74793985, -0.0, 0.0, 0.0, 5.74793985]",16.0,0.50245155625,local
2217_3,bulk,-113.89927899,94.065,True,"[5.74793985, 0.0, 0.0, 0.0, 5.74793985, -5.74793985, 0.0, 0.0, 5.74793985]",16.0,0.50330211875,local
2217_5,bulk,-227.80459385,287.913,True,"[5.74793985, 0.0, 0.0, 0.0, 11.49587971, -5.74793985, 0.0, 0.0, 5.74793985]",32.0,0.503871259375,local
2221_25,bulk,-158.18432249,457.869,True,"[14.74614251, 0.0, 0.0, 0.0, 12.78929397, -6.80675157, 0.0, 0.0, 6.80675157]",40.0,3.0375e-05,local
2221_5,bulk,-158.19012908,635.103,True,"[14.74614251, 0.0, -6.80675157, 0.0, 12.78929397, -6.80675157, 0.0, 0.0, 6.80675157]",40.0,2.55e-06,local
2221_60,bulk,-158.18501932,441.772,True,"[6.80675157, 0.0, 0.0, -0.0, 29.49228502, 6.39464698, 0.0, 0.0, 6.39464698]",40.0,2.925e-07,local
2222_0,bulk,-144.04508339,182.138,True,"[6.32142397, 0.0, -6.32142397, -0.0, 6.32142397, -6.32142397, 0.0, 0.0, 6.32142397]",16.0,1.186164325,local
2222_6,bulk,-144.03327171,101.46,True,"[6.32142397, 0.0, 0.0, 0.0, 6.32142397, 0.0, 0.0, 0.0, 6.32142397]",16.0,1.16877028125,local
2231_0,bulk,-132.73918632,105.308,True,"[6.49841921, 0.0, -6.49841921, -0.0, 6.49841921, -6.49841921, 0.0, 0.0, 6.49841921]",16.0,2.49e-05,local
2231_1,bulk,-132.73918631,127.167,True,"[6.49841921, 0.0, -6.49841921, -0.0, 6.49841921, -6.49841921, 0.0, 0.0, 6.49841921]",16.0,2.49e-05,local
2240_11,bulk,-77.72411532,129.309,True,"[6.61942861, 0.0, 0.0, 1.95669749, 10.00422318, 4.05443552, 0.0, 0.0, 4.05443552]",14.0,1e-07,local
2240_38,bulk,-155.46686048,189.734,True,"[4.05443552, 0.0, 0.0, 0.0, 12.99267642, -12.73498033, 0.0, 0.0, 10.19377979]",28.0,7.342857142857143e-06,local
2240_79,bulk,-77.72121791,61.046,True,"[10.19377979, 0.0, 0.0, -1.27060027, 6.49633821, 0.0, 0.0, 0.0, 4.05443552]",14.0,1.4499999999999999e-06,local
2245_6,bulk,-200.34370156,41.174,True,"[6.4405414, 0.0, 0.0, 0.0, 6.4405414, 0.0, 0.0, 0.0, 6.4405414]",16.0,4.804375e-05,local
2246_4,bulk,-133.69912119,378.297,True,"[10.45203843, 0.0, -4.0668906, -0.0, 11.57582334, -4.0668906, 0.0, 0.0, 4.0668906]",24.0,6.0500000000000005e-06,local
2248_3,bulk,-100.75604259,73.135,True,"[5.79415447, 0.0, 0.0, 0.0, 5.79415447, -5.79415447, 0.0, 0.0, 5.79415447]",16.0,1.113125e-05,local
2255_45,bulk,-111.31843151,385.602,True,"[8.49415534, 0.0, 4.50517796, 4.24707767, 5.0704393, -0.0, 0.0, 0.0, 4.50517796]",16.0,2.375e-06,local
2255_51,bulk,-111.3118455,250.108,True,"[5.0704393, 0.0, 0.0, -0.0, 8.49415534, 4.50517796, 0.0, 0.0, 4.50517796]",16.0,4.69375e-06,local
2258_5,bulk,-270.8620236,431.582,True,"[5.90685887, 0.0, 0.0, 0.0, 11.81371774, -5.90685887, 0.0, 0.0, 5.90685887]",32.0,1.840625e-05,local
2264_9,bulk,-82.53266047,112.838,True,"[7.32954399, 0.0, -3.66477199, 0.0, 10.20956232, -3.66477199, 0.0, 0.0, 3.66477199]",12.0,1.25e-07,local
2268_0,bulk,-119.96450079,157.35,True,"[6.50507284, 0.0, -6.50507284, -0.0, 6.50507284, -6.50507284, 0.0, 0.0, 6.50507284]",16.0,1.24125e-05,local
2269_16,bulk,-180.63650843,274.493,True,"[18.42469556, 0.0, 0.0, 5.26419873, 4.55892983, 3.40167059, 0.0, 0.0, 3.40167059]",18.0,2.7166666666666668e-06,local
2269_40,bulk,-180.6363507,215.441,True,"[12.06179458, 0.0, 0.0, 0.0, 6.96388035, -3.40167059, 0.0, 0.0, 3.40167059]",18.0,3.9e-06,local
2269_6,bulk,-90.31993805,119.282,True,"[12.06179458, 0.0, 0.0, 6.03089729, 3.48194017, 6.80334118, 0.0, 0.0, 3.40167059]",9.0,2.222222222222222e-08,local
2270_3,bulk,-53.49142386,63.912,True,"[5.95798312, 0.0, -5.95798312, 0.0, 5.95798312, -5.95798312, 0.0, 0.0, 5.95798312]",16.0,8.625e-06,local
2270_8,bulk,-106.9281364,292.74,True,"[5.95798312, 0.0, 0.0, 0.0, 11.91596624, -5.95798312, 0.0, 0.0, 5.95798312]",32.0,5.345625e-05,local
2275_5,bulk,-239.7921951,320.538,True,"[5.74333035, 0.0, 0.0, 0.0, 11.48666069, -5.74333035, 0.0, 0.0, 5.74333035]",32.0,0.499389603125,local
2278_2,bulk,-157.82314717,344.936,True,"[9.94097876, 0.0, 3.88587574, 14.45597839, 8.31466454, 0.0, 0.0, 0.0, 3.88587574]",20.0,1.9675e-05,local
2284_10,bulk,-139.82625789,223.995,True,"[8.40789674, 0.0, -4.20394837, -0.0, 9.85724357, -4.20394837, 0.0, 0.0, 4.20394837]",20.0,8.3e-07,local
2284_5,bulk,-139.79331027,290.989,True,"[4.20394837, 0.0, -4.20394837, -0.0, 19.71448714, -4.20394837, 0.0, 0.0, 4.20394837]",20.0,1.755e-06,local
2286_4,bulk,-65.18894963,88.493,True,"[10.13395209, 0.0, 0.0, 0.0, 3.95881301, -3.95881301, 0.0, 0.0, 3.95881301]",10.0,0.00031892,local
2294_0,bulk,-131.6550719,73.135,True,"[6.10821448, 0.0, -6.10821448, -0.0, 6.10821448, -6.10821448, 0.0, 0.0, 6.10821448]",16.0,0.00024219375,local
2295_0,bulk,-39.66149025,143.126,True,"[6.77376113, 0.0, -6.77376113, -0.0, 6.77376113, -6.77376113, 0.0, 0.0, 6.77376113]",16.0,3.435625e-05,local
2295_1,bulk,-39.66149025,113.959,True,"[6.77376113, 0.0, -6.77376113, -0.0, 6.77376113, -6.77376113, 0.0, 0.0, 6.77376113]",16.0,3.435625e-05,local
2295_3,bulk,-39.65386833,121.961,True,"[6.77376113, 0.0, 0.0, 0.0, 6.77376113, -6.77376113, 0.0, 0.0, 6.77376113]",16.0,3.3825e-05,local
2296_13,bulk,-133.25962786,273.595,True,"[4.84684792, 0.0, -2.79832895, -0.0, 11.93110863, -5.5966579, 0.0, 0.0, 5.5966579]",18.0,1.995e-05,local
2296_15,bulk,-133.26818788,146.367,True,"[4.84684792, 0.0, -2.79832895, 0.0, 11.93110863, 0.0, 0.0, 0.0, 5.5966579]",18.0,2.6877777777777778e-05,local
2296_19,bulk,-133.25962651,207.085,True,"[4.84684792, 0.0, -2.79832895, 0.0, 11.93110863, 5.5966579, 0.0, 0.0, 5.5966579]",18.0,2.0522222222222223e-05,local
2297_17,bulk,-140.20232555,788.088,True,"[21.05364138, 0.0, 0.0, 6.01532611, 5.20942522, 3.6489676, 0.0, 0.0, 3.6489676]",18.0,0.0005647722222222222,local
2297_4,bulk,-70.10348013,397.508,True,"[13.78284361, 0.0, 0.0, 6.89142181, 3.97876423, 3.6489676, 0.0, 0.0, 3.6489676]",9.0,3.2233333333333335e-05,local
2297_8,bulk,-70.10408768,147.872,True,"[13.78284361, 0.0, 0.0, 6.89142181, 3.97876423, 7.29793521, 0.0, 0.0, 3.6489676]",9.0,8.916666666666667e-05,local
2302_0,bulk,-169.0214106,180.025,True,"[6.15113862, 0.0, -6.15113862, -0.0, 6.15113862, -6.15113862, 0.0, 0.0, 6.15113862]",16.0,3.489375e-05,local
2302_1,bulk,-169.0214106,175.506,True,"[6.15113862, 0.0, -6.15113862, -0.0, 6.15113862, -6.15113862, 0.0, 0.0, 6.15113862]",16.0,3.489375e-05,local
2302_5,bulk,-337.96155887,835.59,True,"[6.15113862, 0.0, 0.0, 0.0, 12.30227724, -6.15113862, 0.0, 0.0, 6.15113862]",32.0,3.2328125e-05,local
2304_3,bulk,-105.88510752,222.852,True,"[3.79038324, 0.0, -3.79038324, -0.0, 27.45805973, -3.79038324, 0.0, 0.0, 3.79038324]",20.0,6.935e-05,local
2304_5,bulk,-105.87916158,145.211,True,"[7.58076648, 0.0, -3.79038324, -0.0, 13.72902986, -3.79038324, 0.0, 0.0, 3.79038324]",20.0,0.000106445,local
2304_6,bulk,-105.87916158,191.181,True,"[7.58076648, 0.0, -3.79038324, -0.0, 13.72902986, -3.79038324, 0.0, 0.0, 3.79038324]",20.0,0.000106445,local
2309_3,bulk,-141.0811243,190.32,True,"[6.13600378, 0.0, 0.0, 0.0, 6.13600378, -6.13600378, 0.0, 0.0, 6.13600378]",16.0,0.0001669875,local
2310_5,bulk,-134.78995757,352.303,True,"[6.07429175, 0.0, 0.0, 0.0, 12.1485835, -6.07429175, 0.0, 0.0, 6.07429175]",32.0,5.515625e-06,local
2311_16,bulk,-140.76604711,198.002,True,"[17.29406897, 0.0, 0.0, 4.94116256, 4.2791723, 3.60678143, 0.0, 0.0, 3.60678143]",18.0,1.336173938888889,local
2311_43,bulk,-140.76450268,284.778,True,"[11.32162573, 0.0, 0.0, 0.0, 6.53654366, -3.60678143, 0.0, 0.0, 3.60678143]",18.0,1.3363937166666666,local
2311_44,bulk,-140.76450268,288.713,True,"[11.32162573, 0.0, 0.0, 0.0, 6.53654366, -3.60678143, 0.0, 0.0, 3.60678143]",18.0,1.3363937166666666,local
2312_4,bulk,-57.74632305,148.502,True,"[24.47271733, 0.0, 0.0, 0.0, 3.86663481, -6.69720795, 0.0, 0.0, 4.4648053]",12.0,1.9166666666666668e-07,local
2314_7,bulk,-84.26018636,72.494,True,"[7.13242267, 0.0, 0.0, 0.0, 6.42098087, -7.41431007, 0.0, 0.0, 3.70715504]",12.0,2.25e-06,local
2318_1,bulk,-38.26150654,124.487,True,"[3.79508218, 0.0, -6.57327516, -0.0, 19.76102629, -4.38218344, 0.0, 0.0, 4.38218344]",12.0,2.6241666666666666e-05,local
2318_8,bulk,-38.27705292,103.791,True,"[9.88051314, 0.0, 0.0, 0.0, 7.59016437, -8.76436688, 0.0, 0.0, 4.38218344]",12.0,3.6666666666666667e-07,local
2323_8,bulk,-121.76946798,169.449,True,"[6.38167487, 0.0, 0.0, 0.0, 12.76334973, -6.38167487, 0.0, 0.0, 6.38167487]",32.0,3.6153125e-05,local
2324_5,bulk,-183.66918035,410.3,True,"[6.11073093, 0.0, 0.0, 0.0, 12.22146186, -6.11073093, 0.0, 0.0, 6.11073093]",32.0,0.000146228125,local
2327_5,bulk,-137.99170983,392.737,True,"[6.00002737, 0.0, 0.0, 0.0, 12.00005473, -6.00002737, 0.0, 0.0, 6.00002737]",32.0,5.009375e-06,local
2332_3,bulk,-142.03201216,412.428,True,"[3.87723255, 0.0, -3.87723255, 0.0, 19.50687329, -3.87723255, 0.0, 0.0, 3.87723255]",20.0,4.52e-06,local
2332_4,bulk,-71.02228899,73.927,True,"[9.75343665, 0.0, 0.0, -0.0, 3.87723255, 3.87723255, 0.0, 0.0, 3.87723255]",10.0,0.00012889,local
2333_6,bulk,-179.09589079,76.061,True,"[6.2471007, 0.0, 0.0, 0.0, 6.2471007, 0.0, 0.0, 0.0, 6.2471007]",16.0,1.84875e-05,local
2334_0,bulk,-96.6252328,83.267,True,"[6.38937282, 0.0, -6.38937282, 0.0, 6.38937282, -6.38937282, 0.0, 0.0, 6.38937282]",16.0,0.0003883,local
2334_3,bulk,-96.59647341,76.851,True,"[6.38937282, 0.0, 0.0, 0.0, 6.38937282, -6.38937282, 0.0, 0.0, 6.38937282]",16.0,0.00034935,local
2334_5,bulk,-193.17932242,270.101,True,"[6.38937282, 0.0, 0.0, 0.0, 12.77874565, -6.38937282, 0.0, 0.0, 6.38937282]",32.0,1.1925e-05,local
2336_5,bulk,-133.40704958,496.425,True,"[6.0802867, 0.0, 0.0, 0.0, 12.16057341, -6.0802867, 0.0, 0.0, 6.0802867]",32.0,4.375e-08,local
2337_1,bulk,-169.76378452,170.695,True,"[6.1037061, 0.0, -6.1037061, -0.0, 6.1037061, -6.1037061, 0.0, 0.0, 6.1037061]",16.0,3.330625e-05,local
2338_9,bulk,-110.96053065,156.801,True,"[4.15366911, 0.0, 0.0, 0.0, 14.14590108, -4.15366911, 0.0, 0.0, 4.15366911]",16.0,0.97846820625,local
2345_0,bulk,-122.13434307,78.389,True,"[6.28681911, 0.0, -6.28681911, -0.0, 6.28681911, -6.28681911, 0.0, 0.0, 6.28681911]",16.0,0.00019965625,local
2345_6,bulk,-122.22858388,29.502,True,"[6.28681911, 0.0, 0.0, 0.0, 6.28681911, 0.0, 0.0, 0.0, 6.28681911]",16.0,4.57e-05,local
2346_1,bulk,-119.58513108,71.692,True,"[5.8278075, 0.0, -5.8278075, -0.0, 5.8278075, -5.8278075, 0.0, 0.0, 5.8278075]",16.0,0.23339785,local
2346_5,bulk,-239.16767306,534.066,True,"[5.8278075, 0.0, 0.0, 0.0, 11.65561501, -5.8278075, 0.0, 0.0, 5.8278075]",32.0,0.234633884375,local
2346_6,bulk,-119.57888023,59.25,True,"[5.8278075, 0.0, 0.0, 0.0, 5.8278075, 0.0, 0.0, 0.0, 5.8278075]",16.0,0.2338248875,local
2349_4,bulk,-80.01858967,530.663,True,"[4.27933678, 0.0, -4.27933678, 0.0, 21.88121394, -4.27933678, 0.0, 0.0, 4.27933678]",20.0,9.45e-07,local
2349_5,bulk,-80.01858967,554.645,True,"[4.27933678, 0.0, -4.27933678, 0.0, 21.88121394, -4.27933678, 0.0, 0.0, 4.27933678]",20.0,9.45e-07,local
2349_6,bulk,-80.01858967,532.597,True,"[4.27933678, 0.0, -4.27933678, 0.0, 21.88121394, -4.27933678, 0.0, 0.0, 4.27933678]",20.0,9.45e-07,local
2350_4,bulk,-161.96994328,441.808,True,"[6.22922027, 0.0, -6.22922027, 0.0, 12.45844053, -6.22922027, 0.0, 0.0, 6.22922027]",24.0,0.00022084583333333333,local
2350_5,bulk,-80.98413928,109.614,True,"[6.22922027, 0.0, 0.0, 0.0, 6.22922027, -6.22922027, 0.0, 0.0, 6.22922027]",12.0,5.9650000000000007e-05,local
2350_7,bulk,-161.97906613,308.824,True,"[6.22922027, 0.0, 0.0, 0.0, 12.45844053, -6.22922027, 0.0, 0.0, 6.22922027]",24.0,0.000223275,local
2351_1,bulk,-146.23528457,68.487,True,"[6.29343886, 0.0, -6.29343886, -0.0, 6.29343886, -6.29343886, 0.0, 0.0, 6.29343886]",16.0,0.0003542375,local
2359_4,bulk,-62.65034857,470.039,True,"[11.97775936, 0.0, -4.55311506, 0.0, 8.15783975, -4.55311506, 0.0, 0.0, 4.55311506]",16.0,1.05625e-06,local
2363_0,bulk,-122.92276065,220.212,True,"[11.28336095, 0.0, 0.0, 3.2525533, 5.11083456, 4.67232705, 0.0, 0.0, 4.67232705]",16.0,0.00011145625,local
2363_6,bulk,-122.92770716,116.049,True,"[4.67232705, 0.0, 0.0, 0.0, 9.51916496, -6.05803045, 0.0, 0.0, 6.05803045]",16.0,5.911875e-05,local
2371_45,bulk,-90.51006859,220.05,True,"[12.26135268, 0.0, 0.0, 0.0, 7.07909527, -4.25375431, 0.0, 0.0, 4.25375431]",18.0,1.111111111111111e-08,local
2375_3,bulk,-135.31545454,108.607,True,"[6.43625171, 0.0, 0.0, 0.0, 6.43625171, -6.43625171, 0.0, 0.0, 6.43625171]",16.0,4.188125e-05,local
2382_3,bulk,-130.35411891,207.975,True,"[6.13751909, 0.0, 0.0, 0.0, 6.13751909, -6.13751909, 0.0, 0.0, 6.13751909]",16.0,1.006875e-05,local
2384_18,bulk,-60.0588412,440.946,True,"[3.92604158, 0.0, -2.26670116, -0.0, 34.27189721, -4.53340233, 0.0, 0.0, 4.53340233]",24.0,2.0833333333333336e-07,local
2393_3,bulk,-132.77705376,193.343,True,"[6.16231607, 0.0, 0.0, 0.0, 6.16231607, -6.16231607, 0.0, 0.0, 6.16231607]",16.0,1.589375e-05,local
2403_3,bulk,-67.5046483,161.484,True,"[11.05281056, 0.0, 0.0, 5.52640528, 3.19067158, 3.33295505, 0.0, 0.0, 3.33295505]",9.0,1.4935291888888889,local
2407_46,bulk,-118.46196842,575.494,True,"[13.260546, 0.0, 0.0, 0.0, 7.6559798, -3.89983861, 0.0, 0.0, 3.89983861]",18.0,0.0010632333333333334,local
2409_5,bulk,-150.72842322,378.771,True,"[5.68406771, 0.0, 0.0, 0.0, 11.36813542, -5.68406771, 0.0, 0.0, 5.68406771]",32.0,7.8125e-06,local
2410_5,bulk,-187.60094671,519.029,True,"[6.06224451, 0.0, 0.0, 0.0, 12.12448901, -6.06224451, 0.0, 0.0, 6.06224451]",32.0,8.465625e-06,local
2414_5,bulk,-102.54908531,248.782,True,"[4.19973291, 0.0, 4.19973291, 4.19973291, 19.64847229, 0.0, 0.0, 0.0, 4.19973291]",20.0,1.485e-05,local
2416_46,bulk,-116.2611195,777.126,True,"[13.33518561, 0.0, 0.0, 0.0, 7.699073, -3.86027646, 0.0, 0.0, 3.86027646]",18.0,0.07935606111111111,local
2416_48,bulk,-116.26155789,841.808,True,"[7.699073, 0.0, 0.0, 7.699073, 13.33518561, 3.86027646, 0.0, 0.0, 3.86027646]",18.0,0.07887097777777778,local
2416_49,bulk,-116.26155789,1117.968,True,"[7.699073, 0.0, 0.0, 7.699073, 13.33518561, 3.86027646, 0.0, 0.0, 3.86027646]",18.0,0.07887097777777778,local
2418_1,bulk,-120.88510176,59.617,True,"[5.62599558, 0.0, -5.62599558, -0.0, 5.62599558, -5.62599558, 0.0, 0.0, 5.62599558]",16.0,1.25031654375,local
2418_3,bulk,-120.89074624,87.57,True,"[5.62599558, 0.0, 0.0, 0.0, 5.62599558, -5.62599558, 0.0, 0.0, 5.62599558]",16.0,1.2502961125,local
2418_5,bulk,-241.80724905,312.853,True,"[5.62599558, 0.0, 0.0, 0.0, 11.25199117, -5.62599558, 0.0, 0.0, 5.62599558]",32.0,1.250253090625,local
2420_3,bulk,-59.7497776,110.602,True,"[6.50377781, 0.0, 0.0, 0.0, 6.50377781, -6.50377781, 0.0, 0.0, 6.50377781]",16.0,7.84375e-06,local
2420_5,bulk,-119.48282316,337.231,True,"[6.50377781, 0.0, 0.0, 0.0, 13.00755562, -6.50377781, 0.0, 0.0, 6.50377781]",32.0,1.85e-06,local
2433_2,bulk,-191.11119545,1818.014,True,"[6.46653292, 0.0, -11.20036356, 0.0, 9.15054259, -7.46690904, 0.0, 0.0, 7.46690904]",24.0,0.0517318875,local
2435_9,bulk,-142.07393109,234.975,True,"[9.68207101, 0.0, 0.0, 0.0, 7.50829799, -3.75414899, 0.0, 0.0, 3.75414899]",20.0,1.8385e-05,local
2436_0,bulk,-38.89341792,89.346,True,"[6.70686795, 0.0, -6.70686795, -0.0, 6.70686795, -6.70686795, 0.0, 0.0, 6.70686795]",16.0,1.858125e-05,local
2436_3,bulk,-38.93757001,102.976,True,"[6.70686795, 0.0, 0.0, 0.0, 6.70686795, -6.70686795, 0.0, 0.0, 6.70686795]",16.0,2.586875e-05,local
2436_5,bulk,-77.85532405,233.431,True,"[6.70686795, 0.0, 0.0, 0.0, 13.4137359, -6.70686795, 0.0, 0.0, 6.70686795]",32.0,3.57e-05,local
2439_5,bulk,-96.91469741,216.039,True,"[6.33931708, 0.0, 0.0, 0.0, 12.67863416, -6.33931708, 0.0, 0.0, 6.33931708]",32.0,7.775e-06,local
2441_6,bulk,-130.92775009,52.473,True,"[6.05464317, 0.0, 0.0, 0.0, 6.05464317, 0.0, 0.0, 0.0, 6.05464317]",16.0,1.00526316875,local
2442_21,bulk,-190.32746841,910.909,True,"[4.80503225, 0.0, 0.0, 0.0, 17.61637033, -8.80818516, 0.0, 0.0, 8.80818516]",36.0,3.438888888888889e-06,local
2442_24,bulk,-190.32746841,944.637,True,"[4.80503225, 0.0, 0.0, 0.0, 17.61637033, -8.80818516, 0.0, 0.0, 8.80818516]",36.0,3.438888888888889e-06,local
2442_5,bulk,-190.37819032,1381.865,True,"[8.80818516, 0.0, -8.80818516, -0.0, 9.61006449, -8.80818516, 0.0, 0.0, 8.80818516]",36.0,0.0,local
2446_5,bulk,-70.55875786,98.62,True,"[13.75561555, 0.0, 0.0, 6.87780778, 3.97090417, 7.39010727, 0.0, 0.0, 3.69505364]",9.0,0.15381542222222222,local
2446_7,bulk,-70.55875786,98.144,True,"[13.75561555, 0.0, 0.0, 6.87780778, 3.97090417, 7.39010727, 0.0, 0.0, 3.69505364]",9.0,0.15381542222222222,local
2447_3,bulk,-109.54572399,100.4,True,"[5.58182388, 0.0, 0.0, 0.0, 5.58182388, -5.58182388, 0.0, 0.0, 5.58182388]",16.0,6.4125e-06,local
2450_22,bulk,-178.9302269,617.153,True,"[3.43873902, 0.0, -1.9853569, -0.0, 19.4756813, -3.97071379, 0.0, 0.0, 3.97071379]",24.0,1.3526799374999998,local
2452_3,bulk,-148.56397921,321.793,True,"[6.53326116, 0.0, 0.0, 0.0, 6.53326116, -6.53326116, 0.0, 0.0, 6.53326116]",16.0,1.139375e-05,local
2453_17,bulk,-127.01123582,672.735,True,"[16.34474271, 0.0, 0.0, 4.66992649, 4.04427497, 3.75071995, 0.0, 0.0, 3.75071995]",18.0,0.06475720555555556,local
2453_18,bulk,-127.01123582,568.128,True,"[16.34474271, 0.0, 0.0, 4.66992649, 4.04427497, 3.75071995, 0.0, 0.0, 3.75071995]",18.0,0.06475720555555556,local
2453_19,bulk,-127.01123582,582.493,True,"[16.34474271, 0.0, 0.0, 4.66992649, 4.04427497, 3.75071995, 0.0, 0.0, 3.75071995]",18.0,0.06475720555555556,local
2454_1,bulk,-134.43403769,115.833,True,"[6.27421176, 0.0, -6.27421176, -0.0, 6.27421176, -6.27421176, 0.0, 0.0, 6.27421176]",16.0,0.0003822625,local
2456_48,bulk,-202.49427748,2252.749,True,"[19.44735695, 0.0, 5.66131824, 11.38455455, 7.82894761, 0.0, 0.0, 0.0, 5.66131824]",40.0,5.5e-08,local
2456_76,bulk,-202.46635258,1885.044,True,"[9.72367847, 0.0, 0.0, -3.32175215, 15.65789522, -5.66131824, 0.0, 0.0, 5.66131824]",40.0,3.05e-07,local
2459_8,bulk,-107.94424052,189.126,True,"[5.32973265, 0.0, -9.23136773, -0.0, 7.00374891, -6.15424516, 0.0, 0.0, 6.15424516]",18.0,0.00012235,local
2460_2,bulk,-127.71517307,484.807,True,"[4.19558054, 0.0, -4.19558054, 0.0, 20.85928163, -4.19558054, 0.0, 0.0, 4.19558054]",20.0,2.45e-06,local
2460_3,bulk,-127.71517307,510.441,True,"[4.19558054, 0.0, -4.19558054, 0.0, 20.85928163, -4.19558054, 0.0, 0.0, 4.19558054]",20.0,2.45e-06,local
2460_5,bulk,-127.69932456,307.32,True,"[8.39116108, 0.0, -4.19558054, -0.0, 10.42964081, -4.19558054, 0.0, 0.0, 4.19558054]",20.0,4.675e-06,local
2463_14,bulk,-106.34582751,186.151,True,"[4.263496, 0.0, 0.0, 0.0, 20.54365, -4.263496, 0.0, 0.0, 4.263496]",20.0,8.7535e-05,local
2472_2,bulk,-74.15075178,103.341,True,"[3.99285851, 0.0, -3.99285851, 0.0, 13.88778094, -3.99285851, 0.0, 0.0, 3.99285851]",14.0,0.00010342142857142857,local
2475_1,bulk,-138.54927083,187.702,True,"[6.44205195, 0.0, -6.44205195, -0.0, 6.44205195, -6.44205195, 0.0, 0.0, 6.44205195]",16.0,5.05e-06,local
2476_6,bulk,-92.26083877,29.328,True,"[5.47836383, 0.0, 0.0, 0.0, 5.47836383, 0.0, 0.0, 0.0, 5.47836383]",16.0,3.734375e-05,local
2482_14,bulk,-160.96523816,251.813,True,"[4.18274229, 0.0, 0.0, 0.0, 19.1515875, -4.18274229, 0.0, 0.0, 4.18274229]",20.0,7.46e-06,local
2485_6,bulk,-57.97506584,313.735,True,"[3.79748036, 0.0, -6.57742893, 0.0, 14.52716816, -4.38495262, 0.0, 0.0, 4.38495262]",12.0,2.266666666666667e-06,local
2485_7,bulk,-57.97506584,287.675,True,"[3.79748036, 0.0, -6.57742893, 0.0, 14.52716816, -4.38495262, 0.0, 0.0, 4.38495262]",12.0,2.266666666666667e-06,local
2485_9,bulk,-57.97506584,321.694,True,"[3.79748036, 0.0, -6.57742893, 0.0, 14.52716816, -4.38495262, 0.0, 0.0, 4.38495262]",12.0,2.266666666666667e-06,local
2486_16,bulk,-137.20054882,632.538,True,"[20.76731524, 0.0, 0.0, 5.93351864, 5.13857787, 3.35342592, 0.0, 0.0, 3.35342592]",18.0,2.371666666666667e-05,local
2486_41,bulk,-137.20362856,518.922,True,"[13.59539915, 0.0, 0.0, 0.0, 7.84930736, -3.35342592, 0.0, 0.0, 3.35342592]",18.0,3.070555555555556e-05,local
2494_5,bulk,-222.77154611,570.845,True,"[6.65230056, 0.0, 0.0, 0.0, 13.30460112, -6.65230056, 0.0, 0.0, 6.65230056]",32.0,3.2271875e-05,local
2495_3,bulk,-109.26036793,179.918,True,"[6.28471015, 0.0, 0.0, -0.0, 6.28471015, 6.28471015, 0.0, 0.0, 6.28471015]",16.0,1.08659108125,local
2498_2,bulk,-136.61589394,76.986,True,"[5.79047929, 0.0, -5.79047929, -0.0, 5.79047929, -5.79047929, 0.0, 0.0, 5.79047929]",16.0,0.50228655625,local
2501_46,bulk,-95.085117,558.282,True,"[13.60861159, 0.0, 0.0, 0.0, 7.85693557, -3.81242729, 0.0, 0.0, 3.81242729]",18.0,1.2833333333333333e-06,local
2501_47,bulk,-95.085117,463.077,True,"[13.60861159, 0.0, 0.0, 0.0, 7.85693557, -3.81242729, 0.0, 0.0, 3.81242729]",18.0,1.2833333333333333e-06,local
2506_0,bulk,-54.55545395,101.68,True,"[7.10962588, 0.0, 7.10962588, 7.10962588, 7.10962588, -0.0, 0.0, 0.0, 7.10962588]",16.0,3.13625e-05,local
2506_3,bulk,-54.57112236,95.812,True,"[7.10962588, 0.0, 0.0, 0.0, 7.10962588, -7.10962588, 0.0, 0.0, 7.10962588]",16.0,2.189375e-05,local
2506_5,bulk,-109.16119398,401.609,True,"[7.10962588, 0.0, 0.0, 0.0, 14.21925175, -7.10962588, 0.0, 0.0, 7.10962588]",32.0,1.350625e-05,local
2512_2,bulk,-114.59004301,762.886,True,"[7.62938292, 0.0, -7.62938292, 0.0, 15.25876584, -7.62938292, 0.0, 0.0, 7.62938292]",32.0,5.9375e-07,local
2512_3,bulk,-57.27613233,151.109,True,"[7.62938292, 0.0, 0.0, 0.0, 7.62938292, -7.62938292, 0.0, 0.0, 7.62938292]",16.0,3.04125e-05,local
2513_14,bulk,-45.00100387,25.616,True,"[3.84797964, 0.0, -3.84797964, -0.0, 8.61046542, -7.69595928, 0.0, 0.0, 3.84797964]",8.0,9.1125e-05,local
2513_8,bulk,-89.98897073,79.659,True,"[8.61046542, 0.0, 0.0, 0.0, 7.69595928, -3.84797964, 0.0, 0.0, 3.84797964]",16.0,9.751875e-05,local
2517_13,bulk,-97.43533149,202.123,True,"[4.61095437, 0.0, -2.66213575, -0.0, 12.80823348, -5.32427149, 0.0, 0.0, 5.32427149]",18.0,5.761111111111111e-06,local
2517_3,bulk,-97.41786918,314.976,True,"[12.80823348, 0.0, 0.0, 0.0, 4.61095437, -7.98640724, 0.0, 0.0, 5.32427149]",18.0,3.6611111111111114e-06,local
2518_10,bulk,-57.28127668,226.361,True,"[6.55012204, 0.0, 0.0, 6.42866888, 7.36745127, 4.19496661, 0.0, 0.0, 4.19496661]",12.0,8.333333333333334e-09,local
2518_13,bulk,-114.55382283,981.16,True,"[9.77788943, 0.0, -4.19496661, 1.16487207, 9.87078148, 0.0, 0.0, 0.0, 4.19496661]",24.0,9.583333333333334e-08,local
2520_6,bulk,-116.10258479,29.666,True,"[6.00659721, 0.0, 0.0, 0.0, 6.00659721, 0.0, 0.0, 0.0, 6.00659721]",16.0,6.25e-06,local
2522_1,bulk,-130.88566306,94.059,True,"[5.96853668, 0.0, -5.96853668, -0.0, 5.96853668, -5.96853668, 0.0, 0.0, 5.96853668]",16.0,0.52997911875,local
2524_9,bulk,-127.92508642,181.974,True,"[8.23707048, 0.0, -9.51134972, -0.0, 6.61626509, -4.75567486, 0.0, 0.0, 4.75567486]",18.0,3.204444444444444e-05,local
2526_1,bulk,-76.97937217,125.359,True,"[6.58401959, 0.0, -6.58401959, -0.0, 6.58401959, -6.58401959, 0.0, 0.0, 6.58401959]",16.0,8.39375e-05,local
2526_3,bulk,-76.9608185,108.514,True,"[6.58401959, 0.0, 0.0, 0.0, 6.58401959, -6.58401959, 0.0, 0.0, 6.58401959]",16.0,0.00012291875,local
2526_5,bulk,-154.03531695,314.466,True,"[6.58401959, 0.0, 0.0, 0.0, 13.16803918, -6.58401959, 0.0, 0.0, 6.58401959]",32.0,3.323125e-05,local
2529_1,bulk,-83.40130272,99.13,True,"[6.32123182, 0.0, -6.32123182, -0.0, 6.32123182, -6.32123182, 0.0, 0.0, 6.32123182]",16.0,2.813125e-05,local
2531_2,bulk,-59.56076827,31.967,True,"[6.09457478, 0.0, -6.09457478, -0.0, 6.09457478, -6.09457478, 0.0, 0.0, 6.09457478]",16.0,0.0002555375,local
2531_3,bulk,-59.56076827,30.596,True,"[6.09457478, 0.0, -6.09457478, -0.0, 6.09457478, -6.09457478, 0.0, 0.0, 6.09457478]",16.0,0.0002555375,local
2538_13,bulk,-144.28629917,468.242,True,"[4.54150329, 0.0, -2.62203815, -0.0, 13.04369606, -5.2440763, 0.0, 0.0, 5.2440763]",18.0,2.683888888888889e-05,local
2539_9,bulk,-49.70201942,197.458,True,"[7.41767158, 0.0, -8.56518937, -0.0, 9.44408911, -4.28259468, 0.0, 0.0, 4.28259468]",18.0,1.3333333333333334e-07,local
2541_53,bulk,-107.09796178,80.405,True,"[8.47175698, 0.0, 0.0, 0.0, 8.47175698, 0.0, 0.0, 0.0, 4.64167785]",18.0,3.732222222222222e-05,local
2543_45,bulk,-130.68621462,334.715,True,"[13.6060735, 0.0, 0.0, 0.0, 7.8554702, -3.8059777, 0.0, 0.0, 3.8059777]",18.0,4.972222222222222e-06,local
2543_46,bulk,-130.68827498,317.866,True,"[7.8554702, 0.0, 0.0, 7.8554702, 13.6060735, 3.8059777, 0.0, 0.0, 3.8059777]",18.0,2.5516666666666666e-05,local
2543_48,bulk,-130.68827498,265.044,True,"[7.8554702, 0.0, 0.0, 7.8554702, 13.6060735, 3.8059777, 0.0, 0.0, 3.8059777]",18.0,2.5516666666666666e-05,local
2544_3,bulk,-149.97456362,532.888,True,"[3.74410885, 0.0, -3.74410885, 0.0, 19.32766672, -3.74410885, 0.0, 0.0, 3.74410885]",20.0,2.425e-06,local
2544_4,bulk,-74.98844738,114.45,True,"[9.66383336, 0.0, 0.0, 0.0, 3.74410885, -3.74410885, 0.0, 0.0, 3.74410885]",10.0,1.7000000000000001e-07,local
2556_8,bulk,-113.2145979,363.483,True,"[5.98058464, 0.0, -10.35867645, -0.0, 6.91822762, -6.9057843, 0.0, 0.0, 6.9057843]",18.0,2.0394444444444445e-05,local
2558_1,bulk,-114.18306216,116.343,True,"[6.03734596, 0.0, -6.03734596, -0.0, 6.03734596, -6.03734596, 0.0, 0.0, 6.03734596]",16.0,0.77645334375,local
2562_5,bulk,-182.30513012,385.431,True,"[6.29426126, 0.0, 0.0, 0.0, 12.58852252, -6.29426126, 0.0, 0.0, 6.29426126]",32.0,1.10038729375,local
2565_0,bulk,-45.12414597,42.951,True,"[6.29846697, 0.0, -6.29846697, -0.0, 6.29846697, -6.29846697, 0.0, 0.0, 6.29846697]",16.0,1.725e-05,local
2565_8,bulk,-90.27927949,174.571,True,"[6.29846697, 0.0, 0.0, 0.0, 12.59693395, -6.29846697, 0.0, 0.0, 6.29846697]",32.0,5.555625e-05,local
2566_11,bulk,-173.80170358,788.486,True,"[8.07824116, 0.0, -4.03912058, 0.0, 15.15746785, -4.03912058, 0.0, 0.0, 4.03912058]",24.0,0.00015419166666666667,local
2567_10,bulk,-66.08700131,192.627,True,"[7.37454135, 0.0, -8.51538687, -0.0, 14.6591508, -4.25769344, 0.0, 0.0, 4.25769344]",20.0,9.422e-05,local
2567_11,bulk,-66.08700131,151.942,True,"[7.37454135, 0.0, -8.51538687, -0.0, 14.6591508, -4.25769344, 0.0, 0.0, 4.25769344]",20.0,9.422e-05,local
2568_9,bulk,-82.97478183,271.992,True,"[7.70344415, 0.0, 0.0, 0.0, 10.8751284, -4.3548125, 0.0, 0.0, 4.3548125]",16.0,3.0625e-07,local
2569_1,bulk,-101.67298673,95.54,True,"[5.52179843, 0.0, 5.52179843, 5.52179843, 5.52179843, -0.0, 0.0, 0.0, 5.52179843]",16.0,0.77661284375,local
2570_1,bulk,-180.94335336,131.046,True,"[6.39264928, 0.0, -6.39264928, -0.0, 6.39264928, -6.39264928, 0.0, 0.0, 6.39264928]",16.0,5.206875e-05,local
2570_3,bulk,-180.94041518,123.787,True,"[6.39264928, 0.0, 0.0, 0.0, 6.39264928, -6.39264928, 0.0, 0.0, 6.39264928]",16.0,2.86625e-05,local
2570_5,bulk,-361.8694924,440.626,True,"[6.39264928, 0.0, 0.0, 0.0, 12.78529856, -6.39264928, 0.0, 0.0, 6.39264928]",32.0,1.03625e-05,local
2571_5,bulk,-240.52440044,391.898,True,"[6.02852669, 0.0, 0.0, 0.0, 12.05705337, -6.02852669, 0.0, 0.0, 6.02852669]",32.0,3.778125e-06,local
2572_3,bulk,-85.50456402,111.7,True,"[5.945739, 0.0, 0.0, 0.0, 5.945739, -5.945739, 0.0, 0.0, 5.945739]",16.0,1.805e-05,local
2581_1,bulk,-100.05978434,139.95,True,"[6.54654511, 0.0, -6.54654511, -0.0, 6.54654511, -6.54654511, 0.0, 0.0, 6.54654511]",16.0,5.44625e-05,local
2581_3,bulk,-100.07188744,124.75,True,"[6.54654511, 0.0, 0.0, 0.0, 6.54654511, -6.54654511, 0.0, 0.0, 6.54654511]",16.0,2.9575e-05,local
2581_5,bulk,-200.1637045,387.619,True,"[6.54654511, 0.0, 0.0, 0.0, 13.09309023, -6.54654511, 0.0, 0.0, 6.54654511]",32.0,5.7315625e-05,local
2582_0,bulk,-104.66033671,227.596,True,"[7.02179221, 0.0, -7.02179221, -0.0, 7.02179221, -7.02179221, 0.0, 0.0, 7.02179221]",16.0,1.014375e-05,local
2582_1,bulk,-104.66033671,187.748,True,"[7.02179221, 0.0, -7.02179221, -0.0, 7.02179221, -7.02179221, 0.0, 0.0, 7.02179221]",16.0,1.014375e-05,local
2582_3,bulk,-104.68736278,173.628,True,"[7.02179221, 0.0, 0.0, 0.0, 7.02179221, -7.02179221, 0.0, 0.0, 7.02179221]",16.0,8.04375e-06,local
2589_2,bulk,-52.03898473,73.734,True,"[6.53877138, 0.0, -6.53877138, -0.0, 6.53877138, -6.53877138, 0.0, 0.0, 6.53877138]",16.0,6.401875e-05,local
2596_1,bulk,-100.83844561,158.143,True,"[6.50979974, 0.0, -6.50979974, -0.0, 6.50979974, -6.50979974, 0.0, 0.0, 6.50979974]",16.0,3.7625e-06,local
2596_3,bulk,-100.82554919,143.235,True,"[6.50979974, 0.0, 0.0, 0.0, 6.50979974, -6.50979974, 0.0, 0.0, 6.50979974]",16.0,8.60625e-06,local
2596_5,bulk,-201.65300142,456.507,True,"[6.50979974, 0.0, 0.0, 0.0, 13.01959947, -6.50979974, 0.0, 0.0, 6.50979974]",32.0,2.540625e-06,local
2597_5,bulk,-148.32305025,381.214,True,"[6.09666702, 0.0, 0.0, 0.0, 12.19333403, -6.09666702, 0.0, 0.0, 6.09666702]",32.0,5.490625e-06,local
2599_15,bulk,-65.71557864,271.052,True,"[8.03885626, 0.0, 4.07631253, 4.01942813, 8.24706389, 0.0, 0.0, 0.0, 4.07631253]",16.0,1.159375e-05,local
2599_18,bulk,-32.83709222,90.821,True,"[4.07631253, 0.0, -4.01942813, -0.0, 8.24706389, -8.03885626, 0.0, 0.0, 4.01942813]",8.0,4.25e-07,local
2605_14,bulk,-112.33430771,138.1,True,"[3.97599692, 0.0, 0.0, 0.0, 23.24242406, -3.97599692, 0.0, 0.0, 3.97599692]",20.0,0.21600172,local
2605_18,bulk,-56.18841808,88.767,True,"[3.97599692, 0.0, -3.97599692, 0.0, 11.62121203, -7.95199384, 0.0, 0.0, 3.97599692]",10.0,0.21889513,local
2606_1,bulk,-77.23592055,41.946,True,"[6.02566961, 0.0, -6.02566961, -0.0, 6.02566961, -6.02566961, 0.0, 0.0, 6.02566961]",16.0,4.841875e-05,local
2610_18,bulk,-151.68790746,819.199,True,"[6.25971957, 0.0, 0.0, 0.0, 29.86871776, -6.87862767, 0.0, 0.0, 6.87862767]",40.0,8.75e-08,local
2610_19,bulk,-151.68790746,877.805,True,"[6.25971957, 0.0, 0.0, 0.0, 29.86871776, -6.87862767, 0.0, 0.0, 6.87862767]",40.0,8.75e-08,local
2610_20,bulk,-151.68790746,924.247,True,"[6.25971957, 0.0, 0.0, 0.0, 29.86871776, -6.87862767, 0.0, 0.0, 6.87862767]",40.0,8.75e-08,local
2614_16,bulk,-157.08626732,407.746,True,"[17.87934813, 0.0, 0.0, 5.10838518, 4.42399134, 3.83388037, 0.0, 0.0, 3.83388037]",18.0,0.0001779277777777778,local
2614_46,bulk,-157.09326503,317.969,True,"[11.70478088, 0.0, 0.0, 0.0, 6.75775839, -3.83388037, 0.0, 0.0, 3.83388037]",18.0,4.2372222222222225e-05,local
2614_5,bulk,-157.07015685,442.118,True,"[5.85239044, 0.0, -10.13663759, -0.0, 7.66776075, -6.75775839, 0.0, 0.0, 6.75775839]",18.0,5.555555555555555e-09,local
895_1,bulk,-158.92141085,113.171,True,"[5.95345598, 0.0, -5.95345598, -0.0, 5.95345598, -5.95345598, 0.0, 0.0, 5.95345598]",16.0,5.189375e-05,local
895_3,bulk,-158.91962213,220.277,True,"[5.95345598, 0.0, 0.0, -0.0, 5.95345598, 5.95345598, 0.0, 0.0, 5.95345598]",16.0,5.35875e-05,local
895_6,bulk,-158.93010374,71.627,True,"[5.95345598, 0.0, 0.0, 0.0, 5.95345598, 0.0, 0.0, 0.0, 5.95345598]",16.0,5.455e-05,local
897_14,bulk,-123.14238604,173.684,True,"[4.09770414, 0.0, 0.0, 0.0, 26.32169309, -4.09770414, 0.0, 0.0, 4.09770414]",20.0,1.435e-06,local
901_3,bulk,-119.60704288,792.296,True,"[4.08037041, 0.0, 4.08037041, 4.08037041, 19.55660865, 0.0, 0.0, 0.0, 4.08037041]",20.0,4.066e-05,local
903_0,bulk,-107.86847714,99.998,True,"[6.05715498, 0.0, -6.05715498, -0.0, 6.05715498, -6.05715498, 0.0, 0.0, 6.05715498]",16.0,1.298125e-05,local
904_9,bulk,-81.269518,351.337,True,"[10.22037516, 0.0, 0.0, 0.0, 8.35657618, -4.17828809, 0.0, 0.0, 4.17828809]",20.0,2e-08,local
906_5,bulk,-296.86827193,371.013,True,"[6.49456724, 0.0, 0.0, 0.0, 12.98913448, -6.49456724, 0.0, 0.0, 6.49456724]",32.0,0.2521581875,local
907_6,bulk,-121.69334801,930.3,True,"[7.94229993, 0.0, -3.97114997, -0.0, 12.64747841, -3.97114997, 0.0, 0.0, 3.97114997]",20.0,0.00029606,local
908_1,bulk,-170.71933607,107.646,True,"[6.38821418, 0.0, -6.38821418, -0.0, 6.38821418, -6.38821418, 0.0, 0.0, 6.38821418]",16.0,4.11125e-05,local
924_19,bulk,-73.4505061,89.064,True,"[5.72652764, 0.0, 0.0, 5.72652764, 5.72652764, 7.08876714, 0.0, 0.0, 7.08876714]",14.0,2.842857142857143e-06,local
924_2,bulk,-73.44481978,136.891,True,"[4.04926653, 0.0, -4.04926653, -0.0, 14.17753428, -4.04926653, 0.0, 0.0, 4.04926653]",14.0,3.637142857142857e-05,local
924_3,bulk,-73.44481978,113.113,True,"[4.04926653, 0.0, -4.04926653, -0.0, 14.17753428, -4.04926653, 0.0, 0.0, 4.04926653]",14.0,3.637142857142857e-05,local
929_6,bulk,-165.98030294,34.188,True,"[6.52816172, 0.0, 0.0, 0.0, 6.52816172, 0.0, 0.0, 0.0, 6.52816172]",16.0,9.8625e-06,local
930_11,bulk,-57.2611666,332.267,True,"[9.76153038, 0.0, -4.88076519, -0.0, 16.70258254, -4.88076519, 0.0, 0.0, 4.88076519]",24.0,1.15e-06,local
930_12,bulk,-57.2611666,334.65,True,"[9.76153038, 0.0, -4.88076519, -0.0, 16.70258254, -4.88076519, 0.0, 0.0, 4.88076519]",24.0,1.15e-06,local
930_13,bulk,-57.2611666,289.457,True,"[9.76153038, 0.0, -4.88076519, -0.0, 16.70258254, -4.88076519, 0.0, 0.0, 4.88076519]",24.0,1.15e-06,local
932_0,bulk,-158.24150683,150.945,True,"[6.5448842, 0.0, -6.5448842, 0.0, 6.5448842, -6.5448842, 0.0, 0.0, 6.5448842]",16.0,0.00017650625,local
932_3,bulk,-158.28522913,129.301,True,"[6.5448842, 0.0, 0.0, 0.0, 6.5448842, -6.5448842, 0.0, 0.0, 6.5448842]",16.0,2.00625e-06,local
932_5,bulk,-316.62889275,467.952,True,"[6.5448842, 0.0, 0.0, 0.0, 13.08976841, -6.5448842, 0.0, 0.0, 6.5448842]",32.0,2.821875e-06,local
933_27,bulk,-71.5422092,214.531,True,"[14.14855658, 0.0, -7.39416019, -0.0, 3.70313232, -3.69708009, 0.0, 0.0, 3.69708009]",12.0,3.75e-07,local
933_28,bulk,-71.5422092,230.088,True,"[14.14855658, 0.0, -7.39416019, -0.0, 3.70313232, -3.69708009, 0.0, 0.0, 3.69708009]",12.0,3.75e-07,local
933_29,bulk,-71.5422092,218.436,True,"[14.14855658, 0.0, -7.39416019, -0.0, 3.70313232, -3.69708009, 0.0, 0.0, 3.69708009]",12.0,3.75e-07,local
934_12,bulk,-82.88843705,101.511,True,"[4.67438794, 0.0, 0.0, 0.0, 17.37389372, -4.74823197, 0.0, 0.0, 4.74823197]",16.0,2.6375e-06,local
934_53,bulk,-82.89920513,127.444,True,"[4.74823197, 0.0, 0.0, -0.0, 17.37389372, 9.34877589, 0.0, 0.0, 4.67438794]",16.0,2.3125e-06,local
937_0,bulk,-112.84013762,64.552,True,"[5.69170433, 0.0, -5.69170433, -0.0, 5.69170433, -5.69170433, 0.0, 0.0, 5.69170433]",16.0,1.0042658,local
937_5,bulk,-225.67094743,365.771,True,"[5.69170433, 0.0, 0.0, 0.0, 11.38340865, -5.69170433, 0.0, 0.0, 5.69170433]",32.0,1.0047216375,local
939_5,bulk,-214.49190898,523.775,True,"[6.01037846, 0.0, 0.0, 0.0, 12.02075692, -6.01037846, 0.0, 0.0, 6.01037846]",32.0,1.8884375e-05,local
941_11,bulk,-57.69529291,258.299,True,"[8.44231733, 0.0, -9.74834836, -0.0, 16.31957089, -4.87417418, 0.0, 0.0, 4.87417418]",20.0,1.2845e-05,local
945_1,bulk,-133.44726229,182.335,True,"[6.39029792, 0.0, -6.39029792, -0.0, 6.39029792, -6.39029792, 0.0, 0.0, 6.39029792]",16.0,0.137015525,local
948_6,bulk,-148.21869553,529.237,True,"[5.68690537, 0.0, -9.85000904, -0.0, 7.28421248, -6.56667269, 0.0, 0.0, 6.56667269]",18.0,0.7475059222222222,local
955_48,bulk,-165.5228573,785.884,True,"[4.44335348, 0.0, 0.0, 0.0, 13.27671638, -10.16912765, 0.0, 0.0, 10.16912765]",32.0,1.1625e-06,local
956_3,bulk,-89.8599214,142.343,True,"[6.01563155, 0.0, 0.0, 0.0, 6.01563155, -6.01563155, 0.0, 0.0, 6.01563155]",16.0,4.131875e-05,local
957_0,bulk,-61.86587253,53.036,True,"[6.06947351, 0.0, -6.06947351, -0.0, 6.06947351, -6.06947351, 0.0, 0.0, 6.06947351]",16.0,3.4575e-05,local
963_10,bulk,-167.63408873,1144.128,True,"[15.46186374, 0.0, -7.15750091, 0.0, 14.82563484, -7.15750091, 0.0, 0.0, 7.15750091]",40.0,1.0000070875,local
963_21,bulk,-167.62705241,725.697,True,"[7.73093187, 0.0, 0.0, 0.0, 29.65126968, -7.15750091, 0.0, 0.0, 7.15750091]",40.0,1.0000001675,local
963_33,bulk,-83.81696597,248.875,True,"[7.73093187, 0.0, -7.15750091, 0.0, 14.82563484, -14.31500181, 0.0, 0.0, 7.15750091]",20.0,1.000292325,local
967_5,bulk,-109.28573147,127.073,True,"[6.38370973, 0.0, 0.0, 0.0, 12.76741947, -6.38370973, 0.0, 0.0, 6.38370973]",32.0,2.884375e-06,local
972_3,bulk,-109.14888127,103.142,True,"[5.98706411, 0.0, 0.0, 0.0, 5.98706411, -5.98706411, 0.0, 0.0, 5.98706411]",16.0,1.25806286875,local
974_13,bulk,-127.40155167,265.458,True,"[6.73552007, 0.0, -0.02689568, -0.0, 8.42304982, -4.85915679, 0.0, 0.0, 4.85915679]",18.0,2.153888888888889e-05,local
974_15,bulk,-127.40155167,227.75,True,"[6.73552007, 0.0, -0.02689568, -0.0, 8.42304982, -4.85915679, 0.0, 0.0, 4.85915679]",18.0,2.153888888888889e-05,local
974_56,bulk,-254.80364862,821.188,True,"[9.72413474, 0.0, 0.019403, 4.85617051, 8.41794041, 6.77437977, 0.0, 0.0, 6.73557377]",36.0,1.488888888888889e-05,local
980_14,bulk,-87.12605854,654.991,True,"[12.55774853, 0.0, -6.27887427, -0.0, 12.01144015, -6.27887427, 0.0, 0.0, 6.27887427]",28.0,3.571428571428571e-09,local
984_3,bulk,-148.1209582,154.314,True,"[6.36477549, 0.0, 0.0, 0.0, 6.36477549, -6.36477549, 0.0, 0.0, 6.36477549]",16.0,1.81875e-05,local
984_5,bulk,-296.18339586,474.592,True,"[6.36477549, 0.0, 0.0, 0.0, 12.72955098, -6.36477549, 0.0, 0.0, 6.36477549]",32.0,5.275e-06,local
985_0,bulk,-123.40096239,149.826,True,"[6.30665247, 0.0, -6.30665247, -0.0, 6.30665247, -6.30665247, 0.0, 0.0, 6.30665247]",16.0,0.00014425,local
987_13,bulk,-85.55154206,109.267,True,"[8.19097366, 0.0, 0.0, 0.0, 6.52794742, -3.26397371, 0.0, 0.0, 3.26397371]",12.0,0.00022584166666666668,local
987_5,bulk,-85.55138406,183.255,True,"[3.26397371, 0.0, -3.26397371, -0.0, 16.38194732, -3.26397371, 0.0, 0.0, 3.26397371]",12.0,1.675e-06,local
987_7,bulk,-85.55316399,191.337,True,"[6.52794742, 0.0, -3.26397371, -0.0, 8.19097366, -3.26397371, 0.0, 0.0, 3.26397371]",12.0,4.7416666666666664e-06,local
990_0,bulk,-92.94183641,77.758,True,"[5.926304, 0.0, -5.926304, -0.0, 5.926304, -5.926304, 0.0, 0.0, 5.926304]",16.0,1.896875e-05,local
990_1,bulk,-92.94183641,53.108,True,"[5.926304, 0.0, -5.926304, -0.0, 5.926304, -5.926304, 0.0, 0.0, 5.926304]",16.0,1.896875e-05,local
990_6,bulk,-92.96882961,36.899,True,"[5.926304, 0.0, 0.0, 0.0, 5.926304, 0.0, 0.0, 0.0, 5.926304]",16.0,4.71875e-06,local
992_23,bulk,-244.95549374,1034.998,True,"[8.73478436, 0.0, 0.0, 8.73478436, 8.73478436, 4.92151053, 0.0, 0.0, 4.92151053]",24.0,7.249999999999999e-07,local
992_24,bulk,-244.95549374,902.143,True,"[8.73478436, 0.0, 0.0, 8.73478436, 8.73478436, 4.92151053, 0.0, 0.0, 4.92151053]",24.0,7.249999999999999e-07,local
996_1,bulk,-134.34948827,111.066,True,"[6.0292556, 0.0, 6.0292556, 6.0292556, 6.0292556, -0.0, 0.0, 0.0, 6.0292556]",16.0,9.999375e-05,local
996_3,bulk,-134.34882455,128.138,True,"[6.0292556, 0.0, 0.0, -0.0, 6.0292556, 6.0292556, 0.0, 0.0, 6.0292556]",16.0,0.00010156875,local
996_5,bulk,-268.68897007,457.93,True,"[6.0292556, 0.0, 0.0, 0.0, 12.05851119, -6.0292556, 0.0, 0.0, 6.0292556]",32.0,3.4315625e-05,local
998_1,bulk,-99.76165369,104.445,True,"[5.97075658, 0.0, -5.97075658, -0.0, 5.97075658, -5.97075658, 0.0, 0.0, 5.97075658]",16.0,4.93e-05,local
1540_1,slab,-331.11252478,10639.228,True,"[5.9157063, 0.0, -5.9157063, -0.0, 5.9157063, -5.9157063, 0.0, 0.0, 47.32565037]",48.0,1.6666666666666665e-07,local
1542_1,slab,-343.1346016,28355.885,True,"[6.91444456, 0.0, -6.91444456, -0.0, 6.91444456, -6.91444456, 0.0, 0.0, 48.4011119]",48.0,1.6666666666666667e-08,local
1542_5,slab,,,False,,,,local
1542_6,slab,-227.14313777,9651.565,True,"[6.91444456, 0.0, 0.0, 0.0, 6.91444456, 0.0, 0.0, 0.0, 34.57222278]",32.0,0.02189431875,local
1543_3,slab,-354.40552675,31820.19,True,"[5.91186847, 0.0, 0.0, -0.0, 5.91186847, 5.91186847, 0.0, 0.0, 41.3830793]",48.0,0.24030134166666664,local
1554_6,slab,-285.71788354,6331.659,True,"[6.44542207, 0.0, 0.0, 0.0, 6.44542207, 0.0, 0.0, 0.0, 32.22711036]",32.0,0.01764805625,local
1557_0,slab,-425.79886857,28053.393,True,"[6.21242409, 0.0, -6.21242409, -0.0, 6.21242409, -6.21242409, 0.0, 0.0, 49.69939269]",48.0,0.2920422833333333,local
1557_1,slab,,,False,,,,local
1557_3,slab,-432.12460707,110642.692,False,"[6.21242409, 0.0, 0.0, -0.0, 6.21242409, 6.21242409, 0.0, 0.0, 43.4869686]",48.0,0.46847905416666663,local
1563_3,slab,-424.9974779,11221.455,True,"[6.18487493, 0.0, 0.0, 0.0, 6.18487493, -6.18487493, 0.0, 0.0, 43.29412451]",48.0,2.0833333333333334e-09,local
1564_2,slab,-119.7033997,61812.669,True,"[8.57305654, 0.0, 8.57305654, 8.57305654, 17.14611307, 0.0, 0.0, 0.0, 42.86528268]",64.0,1.5625e-09,local
1565_0,slab,-296.2713921,9661.951,True,"[5.97103878, 0.0, -5.97103878, -0.0, 5.97103878, -5.97103878, 0.0, 0.0, 47.76831025]",48.0,0.12811265208333333,local
1565_1,slab,-292.55681381,14763.615,True,"[5.97103878, 0.0, -5.97103878, -0.0, 5.97103878, -5.97103878, 0.0, 0.0, 47.76831025]",48.0,0.14002007291666665,local
1565_6,slab,-198.21236466,6623.991,True,"[5.97103878, 0.0, 0.0, 0.0, 5.97103878, 0.0, 0.0, 0.0, 29.85519391]",32.0,0.228253403125,local
1567_3,slab,-315.11860488,53582.106,True,"[5.39251421, 0.0, 0.0, 0.0, 5.39251421, -5.39251421, 0.0, 0.0, 37.74759944]",48.0,0.42337493541666665,local
1568_3,slab,-303.26316267,26842.328,True,"[6.27529735, 0.0, 0.0, 0.0, 6.27529735, -6.27529735, 0.0, 0.0, 43.92708146]",48.0,0.09742813541666667,local
1570_3,slab,-469.70684082,23864.654,True,"[6.41889059, 0.0, 0.0, 0.0, 6.41889059, -6.41889059, 0.0, 0.0, 44.93223411]",48.0,0.0757757,local
1572_24,slab,-199.09943491,63451.453,True,"[8.29330673, 0.0, 0.0, 8.29330673, 14.36442861, 6.3750411, 0.0, 0.0, 31.87520552]",40.0,0.0,local
1572_5,slab,,,False,,,,local
1572_6,slab,,,False,,,,local
1573_1,slab,-279.78825739,30944.291,True,"[6.9628797, 0.0, -6.9628797, -0.0, 6.9628797, -6.9628797, 0.0, 0.0, 48.7401579]",48.0,0.0,local
1573_6,slab,-188.17764976,8034.612,True,"[6.9628797, 0.0, 0.0, 0.0, 6.9628797, 0.0, 0.0, 0.0, 34.8143985]",32.0,1.978125e-06,local
1574_1,slab,-336.25433658,13766.258,True,"[6.20926474, 0.0, -6.20926474, -0.0, 6.20926474, -6.20926474, 0.0, 0.0, 49.67411789]",48.0,0.0,local
1581_12,slab,-158.00491806,22505.197,True,"[6.20979149, 0.0, 0.0, 0.0, 14.41812179, -6.50964526, 0.0, 0.0, 32.5482263]",40.0,0.0,local
1581_48,slab,-232.79789024,58281.058,True,"[6.50964526, 0.0, 0.0, -0.0, 14.41812179, 12.41958298, 0.0, 0.0, 43.46854042]",60.0,0.027103915,local
1581_49,slab,-231.95515963,116247.717,True,"[6.50964526, 0.0, 0.0, -0.0, 14.41812179, 12.41958298, 0.0, 0.0, 43.46854042]",60.0,0.012730085,local
1582_14,slab,-310.02724427,95959.14,True,"[5.19674473, 0.0, 0.0, 0.0, 12.98018821, -6.4900941, 0.0, 0.0, 32.45047052]",56.0,8.928571428571428e-09,local
1586_7,slab,-397.72141027,47054.976,True,"[6.18830896, 0.0, 0.0, 0.0, 12.37661793, -6.18830896, 0.0, 0.0, 30.94154481]",48.0,0.034965560416666666,local
1588_0,slab,-337.95717155,26691.879,True,"[5.95943595, 0.0, -5.95943595, -0.0, 5.95943595, -5.95943595, 0.0, 0.0, 47.67548762]",48.0,0.1742716479166667,local
1588_3,slab,-343.72336758,28571.624,True,"[5.95943595, 0.0, 0.0, 0.0, 5.95943595, -5.95943595, 0.0, 0.0, 41.71605167]",48.0,0.23332772083333334,local
1598_9,slab,-193.28967386,27608.027,True,"[11.6143093, 0.0, 0.0, 0.0, 9.77814308, -4.88907154, 0.0, 0.0, 34.22350078]",60.0,1.6666666666666665e-09,local
1600_1,slab,-330.80937918,81956.034,True,"[3.58575401, 0.0, -6.21070813, -0.0, 15.13466347, -4.14047208, 0.0, 0.0, 53.82613709]",60.0,1.5e-08,local
1600_4,slab,-264.99017025,31804.674,True,"[7.17150802, 0.0, -8.28094417, -0.0, 7.56733173, -4.14047208, 0.0, 0.0, 41.40472084]",48.0,0.0,local
1600_9,slab,-264.2698501,11829.268,True,"[7.56733173, 0.0, 0.0, 0.0, 7.17150802, -8.28094417, 0.0, 0.0, 41.40472084]",48.0,2.0833333333333334e-09,local
1605_2,slab,-256.35260133,22184.115,True,"[8.12789024, 0.0, -5.11586884, -0.0, 5.24909739, -5.11586884, 0.0, 0.0, 40.92695072]",48.0,0.0,local
1605_30,slab,-261.82789421,10603.371,True,"[5.11586884, 0.0, 0.0, -0.0, 8.12789024, 5.24909739, 0.0, 0.0, 36.74368174]",48.0,2.0833333333333334e-09,local
1605_31,slab,-345.8474843,19400.862,True,"[5.11586884, 0.0, 0.0, -0.0, 10.49819478, -8.12789024, 0.0, 0.0, 40.63945122]",64.0,2.03125e-08,local
1606_3,slab,-303.89586391,11926.468,True,"[5.67616681, 0.0, 0.0, 0.0, 5.67616681, -5.67616681, 0.0, 0.0, 39.73316768]",48.0,2.0833333333333334e-09,local
1606_5,slab,-400.90565111,25930.182,True,"[5.67616681, 0.0, 0.0, 0.0, 11.35233362, -5.67616681, 0.0, 0.0, 28.38083406]",64.0,0.0,local
1607_0,slab,-474.19289847,19052.194,True,"[6.39251793, 0.0, -6.39251793, -0.0, 6.39251793, -6.39251793, 0.0, 0.0, 51.14014346]",48.0,1.1666666666666667e-07,local
1610_55,slab,-329.88259502,38348.678,True,"[20.05892056, 0.0, -5.80003259, 8.33242164, 7.60465303, 0.0, 0.0, 0.0, 29.00016296]",80.0,0.0,local
1610_56,slab,-327.56013251,45464.431,True,"[20.05892056, 0.0, -5.80003259, 8.33242164, 7.60465303, 0.0, 0.0, 0.0, 29.00016296]",80.0,0.0,local
1610_80,slab,-327.11899147,39859.629,True,"[10.02946028, 0.0, 0.0, -3.39407728, 15.20930606, -5.80003259, 0.0, 0.0, 29.00016296]",80.0,0.0,local
1611_4,slab,-392.05012713,149550.641,True,"[4.58172902, 0.0, -4.58172902, -0.0, 20.75256991, -4.58172902, 0.0, 0.0, 41.23556114]",80.0,0.0,local
1611_5,slab,-392.19844531,155879.171,True,"[4.58172902, 0.0, -4.58172902, -0.0, 20.75256991, -4.58172902, 0.0, 0.0, 41.23556114]",80.0,0.0,local
1611_7,slab,,,False,,,,local
1614_1,slab,-363.41814799,23594.349,True,"[5.61809228, 0.0, -5.61809228, -0.0, 5.61809228, -5.61809228, 0.0, 0.0, 50.5628305]",64.0,0.0,local
1616_4,slab,-305.5237242,34428.892,True,"[8.1557474, 0.0, -4.0778737, -0.0, 7.62962254, -4.0778737, 0.0, 0.0, 36.70086328]",64.0,0.0,local
1617_10,slab,-268.07378186,21779.273,True,"[10.86694376, 0.0, 0.0, 0.0, 8.94874976, -4.47437488, 0.0, 0.0, 31.32062417]",60.0,0.0,local
1618_5,slab,-672.6782739,39658.172,True,"[6.4531014, 0.0, 0.0, 0.0, 12.90620279, -6.4531014, 0.0, 0.0, 32.26550699]",64.0,3.125e-08,local
1622_0,slab,-445.74708781,16989.897,True,"[6.07058979, 0.0, -6.07058979, -0.0, 6.07058979, -6.07058979, 0.0, 0.0, 48.56471833]",48.0,2.0833333333333334e-09,local
1622_3,slab,-452.23592996,36460.915,True,"[6.07058979, 0.0, 0.0, 0.0, 6.07058979, -6.07058979, 0.0, 0.0, 42.49412854]",48.0,2.0833333333333334e-09,local
1626_32,slab,,,False,,,,local
1627_0,slab,-304.98123474,31315.884,True,"[6.53790654, 0.0, -6.53790654, -0.0, 6.53790654, -6.53790654, 0.0, 0.0, 45.7653458]",48.0,2.0833333333333334e-09,local
1630_2,slab,,,False,,,,local
1630_3,slab,,,False,,,,local
1635_0,slab,-183.70963751,5024.075,True,"[6.19640882, 0.0, -6.19640882, -0.0, 6.19640882, -6.19640882, 0.0, 0.0, 49.57127054]",48.0,0.0,local
1635_1,slab,-185.49422568,4056.485,True,"[6.19640882, 0.0, -6.19640882, -0.0, 6.19640882, -6.19640882, 0.0, 0.0, 49.57127054]",48.0,2.0833333333333334e-09,local
1635_5,slab,-247.2127111,14292.29,True,"[6.19640882, 0.0, 0.0, 0.0, 12.39281763, -6.19640882, 0.0, 0.0, 30.98204409]",64.0,0.0,local
1638_47,slab,,,False,,,,local
1638_59,slab,,,False,,,,local
1640_15,slab,,,False,,,,local
1649_0,slab,-233.12717691,41214.436,True,"[4.09119793, 0.0, -4.09119793, -0.0, 14.86968193, -4.09119793, 0.0, 0.0, 40.9119793]",40.0,6.8915e-05,local
1649_17,slab,,,False,,,,local
1649_6,slab,,,False,,,,local
1650_1,slab,-216.64915971,11373.252,True,"[6.43036909, 0.0, -6.43036909, -0.0, 6.43036909, -6.43036909, 0.0, 0.0, 51.44295272]",48.0,0.0,local
1652_15,slab,,,False,,,,local
1653_5,slab,-360.72675393,33777.599,True,"[6.14078356, 0.0, 0.0, 0.0, 12.28156711, -6.14078356, 0.0, 0.0, 30.70391779]",64.0,4.6875e-09,local
1655_0,slab,-301.11506072,6339.601,True,"[5.89516753, 0.0, -5.89516753, -0.0, 5.89516753, -5.89516753, 0.0, 0.0, 47.16134028]",48.0,0.12968245,local
1655_1,slab,-298.03471234,5020.217,True,"[5.89516753, 0.0, -5.89516753, -0.0, 5.89516753, -5.89516753, 0.0, 0.0, 47.16134028]",48.0,0.0,local
1658_3,slab,-351.20909049,23360.442,True,"[6.25982952, 0.0, 0.0, 0.0, 6.25982952, -6.25982952, 0.0, 0.0, 43.81880662]",48.0,9.868750000000001e-06,local
1659_0,slab,-356.76393585,23882.548,True,"[6.58846029, 0.0, -6.58846029, -0.0, 6.58846029, -6.58846029, 0.0, 0.0, 46.11922203]",48.0,9.8125e-07,local
1660_2,slab,-492.72262528,152251.399,True,"[3.97896528, 0.0, -3.97896528, -0.0, 19.02071615, -3.97896528, 0.0, 0.0, 39.78965283]",80.0,0.0,local
1660_3,slab,-494.71595073,50551.729,True,"[3.97896528, 0.0, -3.97896528, -0.0, 19.02071615, -3.97896528, 0.0, 0.0, 39.78965283]",80.0,1.25e-09,local
1660_5,slab,-498.18128099,60698.976,True,"[7.95793057, 0.0, -3.97896528, 0.0, 9.51035807, -3.97896528, 0.0, 0.0, 35.81068755]",80.0,0.0,local
1665_6,slab,-357.72540919,4587.812,True,"[6.37682544, 0.0, 0.0, 0.0, 6.37682544, 0.0, 0.0, 0.0, 31.8841272]",32.0,3.3428125e-05,local
1668_3,slab,-176.54838509,13494.782,True,"[6.02172832, 0.0, 0.0, 0.0, 6.02172832, -6.02172832, 0.0, 0.0, 42.15209825]",48.0,0.0,local
1669_5,slab,-264.51669185,47573.763,True,"[6.42620061, 0.0, 0.0, 0.0, 12.85240122, -6.42620061, 0.0, 0.0, 32.13100304]",64.0,0.0,local
1672_1,slab,-372.48145616,23011.124,True,"[6.16432546, 0.0, -6.16432546, -0.0, 6.16432546, -6.16432546, 0.0, 0.0, 49.31460371]",48.0,2.1838309895833334,local
1672_3,slab,-377.11182882,36601.086,True,"[6.16432546, 0.0, 0.0, 0.0, 6.16432546, -6.16432546, 0.0, 0.0, 43.15027824]",48.0,2.23318341875,local
1673_3,slab,-134.22577645,6656.7,True,"[8.89394479, 0.0, 0.0, 1.77878896, 3.55757792, 3.89316775, 0.0, 0.0, 38.9316775]",32.0,3.125e-09,local
1673_4,slab,-271.77022244,26592.093,True,"[7.95498605, 0.0, -3.97749303, 0.0, 7.7863355, -3.97749303, 0.0, 0.0, 35.79743725]",64.0,0.0,local
1676_5,slab,-480.22358761,95407.575,True,"[5.96273002, 0.0, -10.32775135, -0.0, 6.89493133, -6.88516756, 0.0, 0.0, 61.96650807]",72.0,3.8888888888888884e-08,local
1679_0,slab,-401.55104568,15650.96,True,"[6.03924331, 0.0, -6.03924331, 0.0, 6.03924331, -6.03924331, 0.0, 0.0, 48.31394648]",48.0,0.11979203541666666,local
1679_1,slab,-403.58669303,8997.76,True,"[6.03924331, 0.0, -6.03924331, 0.0, 6.03924331, -6.03924331, 0.0, 0.0, 48.31394648]",48.0,0.0,local
1686_4,slab,-219.94782818,25477.651,True,"[10.74061958, 0.0, 0.0, 0.0, 3.945392, -3.945392, 0.0, 0.0, 39.45391995]",40.0,0.14953902,local
1690_0,slab,-538.84751997,16998.476,True,"[6.4047988, 0.0, -6.4047988, -0.0, 6.4047988, -6.4047988, 0.0, 0.0, 51.23839041]",48.0,4.166666666666667e-09,local
1690_1,slab,-539.68996821,15403.662,True,"[6.4047988, 0.0, -6.4047988, -0.0, 6.4047988, -6.4047988, 0.0, 0.0, 51.23839041]",48.0,1.4583333333333333e-08,local
1690_3,slab,-547.19555519,18913.772,True,"[6.4047988, 0.0, 0.0, 0.0, 6.4047988, -6.4047988, 0.0, 0.0, 44.83359161]",48.0,6.25e-09,local
1695_13,slab,,,False,,,,local
1695_16,slab,,,False,,,,local
1695_43,slab,-479.29480804,102055.111,True,"[12.3652887, 0.0, 0.0, 0.0, 7.13910276, -3.60711219, 0.0, 0.0, 32.4640097]",72.0,0.02180693888888889,local
1699_0,slab,-341.72271226,27377.477,True,"[5.44461077, 0.0, -5.44461077, -0.0, 5.44461077, -5.44461077, 0.0, 0.0, 49.00149696]",64.0,0.0,local
1699_1,slab,-343.83902503,26605.208,True,"[5.44461077, 0.0, -5.44461077, -0.0, 5.44461077, -5.44461077, 0.0, 0.0, 49.00149696]",64.0,7.8125e-09,local
1700_3,slab,-225.36681958,8602.697,True,"[6.02498942, 0.0, 0.0, 0.0, 6.02498942, -6.02498942, 0.0, 0.0, 42.17492591]",48.0,0.0,local
1702_13,slab,-273.01841034,19039.349,True,"[7.93352322, 0.0, 0.0, 0.0, 6.27566635, -3.13783318, 0.0, 0.0, 31.37833176]",48.0,2.0625e-07,local
1704_0,slab,-528.57815558,33109.541,True,"[6.31532923, 0.0, -6.31532923, -0.0, 6.31532923, -6.31532923, 0.0, 0.0, 50.52263385]",48.0,0.06053492916666667,local
1712_23,slab,-413.91038396,80554.958,True,"[4.63139183, 0.0, 0.0, 0.0, 17.09159772, -8.54579886, 0.0, 0.0, 34.18319543]",72.0,0.0,local
1712_25,slab,-413.71301045,93587.406,True,"[4.63139183, 0.0, 0.0, 0.0, 17.09159772, -8.54579886, 0.0, 0.0, 34.18319543]",72.0,0.0,local
1712_7,slab,-403.18354764,151516.465,True,"[8.54579886, 0.0, -8.54579886, -0.0, 9.26278365, -8.54579886, 0.0, 0.0, 42.72899429]",72.0,0.0,local
1714_12,slab,-376.42712559,27990.439,True,"[8.32921082, 0.0, 0.0, 0.0, 6.03063935, -10.44537375, 0.0, 0.0, 55.70866002]",72.0,0.0,local
1714_8,slab,-376.76516574,31384.737,True,"[8.32921082, 0.0, 0.0, 0.0, 6.03063935, -10.44537375, 0.0, 0.0, 55.70866002]",72.0,0.0,local
1717_3,slab,-270.8180287,14662.866,True,"[6.21699697, 0.0, 0.0, 0.0, 6.21699697, -6.21699697, 0.0, 0.0, 43.51897876]",48.0,5.208333333333334e-08,local
1720_14,slab,-172.46032748,2814.649,True,"[3.19424034, 0.0, 0.0, 0.0, 8.07830149, -3.19424034, 0.0, 0.0, 31.94240337]",24.0,0.00011499583333333333,local
1720_21,slab,-262.40649117,9046.07,True,"[3.19424034, 0.0, -3.19424034, -0.0, 8.07830149, -6.38848067, 0.0, 0.0, 44.71936471]",36.0,0.010052727777777777,local
1726_23,slab,,,False,,,,local
1726_5,slab,,,False,,,,local
1726_7,slab,,,False,,,,local
1727_22,slab,-100.87429381,24153.743,True,"[6.39246799, 0.0, 0.0, 0.0, 12.8425525, -6.39246799, 0.0, 0.0, 31.96233994]",32.0,0.0,local
1729_3,slab,-350.28940476,18966.906,True,"[6.48156714, 0.0, 0.0, 0.0, 6.48156714, -6.48156714, 0.0, 0.0, 45.37096996]",48.0,8.333333333333334e-09,local
1733_1,slab,-335.10193567,30965.549,True,"[6.25066451, 0.0, -6.25066451, -0.0, 6.25066451, -6.25066451, 0.0, 0.0, 50.00531609]",48.0,0.0340894125,local
1733_5,slab,,,False,,,,local
1738_1,slab,-344.41494325,30893.99,True,"[6.52936464, 0.0, -6.52936464, 0.0, 6.52936464, -6.52936464, 0.0, 0.0, 45.70555245]",48.0,8.333333333333334e-09,local
1740_0,slab,-461.05828112,15763.654,True,"[6.25875209, 0.0, 6.25875209, 6.25875209, 6.25875209, -0.0, 0.0, 0.0, 50.07001671]",48.0,0.0,local
1741_6,slab,-253.18467845,4901.621,True,"[6.325534, 0.0, 0.0, 0.0, 6.325534, 0.0, 0.0, 0.0, 31.62767002]",32.0,2.5e-08,local
1742_31,slab,-184.2342833,14819.734,True,"[4.06509237, 0.0, 0.0, 0.0, 8.34935933, -5.42754202, 0.0, 0.0, 37.99279414]",30.0,0.06223122666666667,local
1744_0,slab,-381.42196608,35206.628,True,"[6.56180289, 0.0, -6.56180289, -0.0, 6.56180289, -6.56180289, 0.0, 0.0, 45.93262022]",48.0,0.0,local
1754_0,slab,-238.4367227,4412.012,True,"[5.95099657, 0.0, -5.95099657, -0.0, 5.95099657, -5.95099657, 0.0, 0.0, 47.60797258]",48.0,0.0,local
1754_5,slab,-317.01511893,22784.335,True,"[5.95099657, 0.0, 0.0, 0.0, 11.90199315, -5.95099657, 0.0, 0.0, 29.75498286]",64.0,0.0,local
1756_3,slab,-349.75101181,19840.36,True,"[6.40752927, 0.0, 0.0, 0.0, 6.40752927, -6.40752927, 0.0, 0.0, 44.85270489]",48.0,2.0833333333333334e-09,local
1756_5,slab,-459.55647376,40718.99,True,"[6.40752927, 0.0, 0.0, 0.0, 12.81505854, -6.40752927, 0.0, 0.0, 32.03764635]",64.0,0.0,local
1759_37,slab,-310.3604084,53399.118,True,"[6.69547243, 0.0, 0.0, 0.0, 10.19566911, -8.2140188, 0.0, 0.0, 36.9630846]",64.0,0.0,local
1759_3,slab,-310.13688194,55020.163,True,"[10.19566911, 0.0, -4.1070094, -0.0, 6.69547243, -4.1070094, 0.0, 0.0, 36.9630846]",64.0,1.5625e-09,local
1759_9,slab,-230.09614512,21861.87,True,"[6.69547243, 0.0, 0.0, 0.0, 10.19566911, -4.1070094, 0.0, 0.0, 28.7490658]",48.0,2.0833333333333334e-09,local
1763_0,slab,-274.83577532,8360.566,True,"[6.09668273, 0.0, -6.09668273, -0.0, 6.09668273, -6.09668273, 0.0, 0.0, 48.77346184]",48.0,2.0833333333333334e-09,local
1763_1,slab,-276.84334381,9866.735,True,"[6.09668273, 0.0, -6.09668273, -0.0, 6.09668273, -6.09668273, 0.0, 0.0, 48.77346184]",48.0,4.166666666666667e-09,local
1763_5,slab,-368.43350435,50279.822,True,"[6.09668273, 0.0, 0.0, 0.0, 12.19336546, -6.09668273, 0.0, 0.0, 30.48341365]",64.0,0.0,local
1765_3,slab,-505.08668454,20202.952,True,"[6.40256734, 0.0, 0.0, 0.0, 6.40256734, -6.40256734, 0.0, 0.0, 44.81797141]",48.0,3.9583333333333334e-08,local
1769_0,slab,-323.42685682,26345.571,True,"[6.45567297, 0.0, 6.45567297, 6.45567297, 6.45567297, -0.0, 0.0, 0.0, 51.64538372]",48.0,2.0833333333333334e-09,local
1769_5,slab,-431.28650876,54744.327,True,"[6.45567297, 0.0, 0.0, 0.0, 12.91134593, -6.45567297, 0.0, 0.0, 32.27836483]",64.0,0.0,local
1773_6,slab,-213.37707526,5265.488,True,"[5.83320045, 0.0, 0.0, 0.0, 5.83320045, 0.0, 0.0, 0.0, 29.16600224]",32.0,0.24476628125,local
1774_0,slab,-232.30173133,15646.115,True,"[6.46026251, 0.0, -6.46026251, -0.0, 6.46026251, -6.46026251, 0.0, 0.0, 51.68210007]",48.0,0.0,local
1774_3,slab,-237.66896371,17289.529,True,"[6.46026251, 0.0, 0.0, 0.0, 6.46026251, -6.46026251, 0.0, 0.0, 45.22183756]",48.0,2.0833333333333334e-09,local
1774_5,slab,-311.8148516,38816.655,True,"[6.46026251, 0.0, 0.0, 0.0, 12.92052502, -6.46026251, 0.0, 0.0, 32.30131254]",64.0,1.5625e-09,local
1776_2,slab,,,False,,,,local
1776_3,slab,,,False,,,,local
1777_17,slab,-370.42191858,23877.431,True,"[3.72699825, 0.0, -3.72699825, -0.0, 9.60608552, -7.4539965, 0.0, 0.0, 44.72397903]",50.0,0.0,local
1779_14,slab,,,False,,,,local
1779_15,slab,,,False,,,,local
1780_6,slab,,,False,,,,local
1781_3,slab,-499.62876183,24356.015,True,"[6.32481145, 0.0, 0.0, 0.0, 6.32481145, -6.32481145, 0.0, 0.0, 44.27368018]",48.0,2.083333333333333e-08,local
1782_5,slab,-351.61390565,41943.368,True,"[6.70444826, 0.0, 0.0, 0.0, 13.40889651, -6.70444826, 0.0, 0.0, 33.52224128]",64.0,0.0,local
1784_13,slab,-424.65805213,93771.876,True,"[3.96104125, 0.0, 0.0, 0.0, 19.06857, -3.96104125, 0.0, 0.0, 27.72728875]",60.0,0.29833191,local
1784_14,slab,-423.70402076,94780.072,True,"[3.96104125, 0.0, 0.0, 0.0, 19.06857, -3.96104125, 0.0, 0.0, 27.72728875]",60.0,0.28790945500000004,local
1784_9,slab,-422.31252841,47814.158,True,"[9.534285, 0.0, 0.0, 0.0, 7.9220825, -3.96104125, 0.0, 0.0, 31.68833]",60.0,0.28809344833333334,local
1788_5,slab,-309.67495428,37204.341,True,"[6.3878995, 0.0, 0.0, 0.0, 12.775799, -6.3878995, 0.0, 0.0, 31.9394975]",64.0,1.0214442734375,local
1794_14,slab,-438.82143741,80163.895,True,"[3.89079126, 0.0, 0.0, 0.0, 20.66307871, -3.89079126, 0.0, 0.0, 27.2355388]",60.0,0.7483892799999999,local
1794_5,slab,-589.67902591,121916.627,True,"[7.78158251, 0.0, -3.89079126, 0.0, 10.33153935, -3.89079126, 0.0, 0.0, 35.01712132]",80.0,0.802855375,local
1794_9,slab,-436.76344507,40563.518,True,"[10.33153935, 0.0, 0.0, 0.0, 7.78158251, -3.89079126, 0.0, 0.0, 31.12633006]",60.0,0.854136065,local
1800_3,slab,-248.70557628,10873.629,True,"[6.12112702, 0.0, 0.0, -0.0, 6.12112702, 6.12112702, 0.0, 0.0, 42.84788917]",48.0,1.25e-08,local
1802_3,slab,-205.92017646,29085.429,True,"[6.79101015, 0.0, 0.0, 0.0, 6.79101015, -6.79101015, 0.0, 0.0, 47.53707105]",48.0,0.0,local
1805_3,slab,-263.23434076,7748.539,True,"[5.44325899, 0.0, 0.0, 0.0, 5.44325899, -5.44325899, 0.0, 0.0, 38.1028129]",48.0,0.03228213333333333,local
1806_3,slab,-287.67875194,17549.34,True,"[6.24614769, 0.0, 0.0, 0.0, 6.24614769, -6.24614769, 0.0, 0.0, 43.72303381]",48.0,8.333333333333334e-09,local
1808_1,slab,-213.51803017,6314.644,True,"[6.34195428, 0.0, -6.34195428, -0.0, 6.34195428, -6.34195428, 0.0, 0.0, 50.73563428]",48.0,0.0,local
1810_11,slab,-313.67326739,61225.731,True,"[10.09998031, 0.0, -11.66245271, -0.0, 8.59258462, -5.83122635, 0.0, 0.0, 46.64981083]",72.0,0.0,local
1810_12,slab,-314.01223743,67548.556,True,"[10.09998031, 0.0, -11.66245271, -0.0, 8.59258462, -5.83122635, 0.0, 0.0, 46.64981083]",72.0,0.0,local
1810_13,slab,-313.97284029,62871.533,True,"[10.09998031, 0.0, -11.66245271, -0.0, 8.59258462, -5.83122635, 0.0, 0.0, 46.64981083]",72.0,0.0,local
1811_3,slab,-402.53387737,19472.525,True,"[6.5030402, 0.0, 0.0, 0.0, 6.5030402, -6.5030402, 0.0, 0.0, 45.52128141]",48.0,4.166666666666667e-09,local
1812_16,slab,-533.70423806,144808.199,True,"[20.61147826, 0.0, 0.0, 5.88899379, 5.10001822, 3.6354654, 0.0, 0.0, 36.35465397]",72.0,0.0009616652777777777,local
1812_41,slab,-534.93590162,90524.901,True,"[13.4933799, 0.0, 0.0, 0.0, 7.79040652, -3.6354654, 0.0, 0.0, 32.71918858]",72.0,0.0001081513888888889,local
1812_42,slab,-533.74667642,95538.832,True,"[13.4933799, 0.0, 0.0, 0.0, 7.79040652, -3.6354654, 0.0, 0.0, 32.71918858]",72.0,0.000933076388888889,local
1813_0,slab,-291.1542456,12860.826,True,"[6.12971544, 0.0, -6.12971544, -0.0, 6.12971544, -6.12971544, 0.0, 0.0, 49.03772354]",48.0,2.7083333333333334e-08,local
1813_1,slab,-292.29690626,13251.906,True,"[6.12971544, 0.0, -6.12971544, -0.0, 6.12971544, -6.12971544, 0.0, 0.0, 49.03772354]",48.0,2.0833333333333334e-09,local
1818_2,slab,-120.50354947,40902.398,True,"[7.72286208, 0.0, -7.72286208, 0.0, 15.44572416, -7.72286208, 0.0, 0.0, 38.61431041]",64.0,0.0,local
1818_3,slab,-61.88651991,6236.717,True,"[7.72286208, 0.0, 0.0, 0.0, 7.72286208, -7.72286208, 0.0, 0.0, 38.61431041]",32.0,0.0,local
1818_5,slab,-123.81272306,55357.953,True,"[7.72286208, 0.0, 0.0, 0.0, 15.44572416, -7.72286208, 0.0, 0.0, 38.61431041]",64.0,0.0,local
1823_3,slab,-207.05377859,21036.975,True,"[6.00194658, 0.0, 0.0, -0.0, 6.00194658, 6.00194658, 0.0, 0.0, 42.01362606]",48.0,0.0,local
1823_5,slab,-271.63319546,51347.785,True,"[6.00194658, 0.0, 0.0, 0.0, 12.00389316, -6.00194658, 0.0, 0.0, 30.0097329]",64.0,0.0,local
1837_6,slab,-155.5077493,4810.958,True,"[5.54823588, 0.0, 0.0, 0.0, 5.54823588, 0.0, 0.0, 0.0, 27.74117942]",32.0,0.0,local
1840_27,slab,-246.58163592,17466.112,True,"[5.28291979, 0.0, 0.0, 0.0, 9.27155083, -8.5677438, 0.0, 0.0, 38.55484711]",48.0,2.0833333333333334e-09,local
1840_30,slab,-372.89402915,30573.876,True,"[10.21338402, 0.0, 0.0, 3.59362938, 7.77766428, 5.28291979, 0.0, 0.0, 36.98043854]",72.0,4.166666666666667e-09,local
1840_7,slab,-184.56121818,8266.632,True,"[5.28291979, 0.0, 0.0, 0.0, 9.27155083, -4.2838719, 0.0, 0.0, 29.98710331]",36.0,2.7777777777777776e-09,local
1841_0,slab,-442.47227724,32553.664,True,"[6.44878061, 0.0, -6.44878061, -0.0, 6.44878061, -6.44878061, 0.0, 0.0, 51.59024485]",48.0,0.11256445625,local
1843_13,slab,-219.57994986,9725.199,True,"[6.07394005, 0.0, 0.0, 0.0, 6.07394005, 0.0, 0.0, 0.0, 30.36970023]",48.0,0.3502424333333333,local
1845_0,slab,-236.2325294,5444.685,True,"[6.2248182, 0.0, -6.2248182, -0.0, 6.2248182, -6.2248182, 0.0, 0.0, 49.79854563]",36.0,5.2777777777777776e-08,local
1845_2,slab,-229.67107844,16027.107,True,"[6.2248182, 0.0, -6.2248182, -0.0, 6.2248182, -6.2248182, 0.0, 0.0, 49.79854563]",36.0,0.00029771944444444446,local
1845_5,slab,-239.32839886,20469.681,True,"[6.2248182, 0.0, 0.0, 0.0, 6.2248182, -6.2248182, 0.0, 0.0, 43.57372743]",36.0,2.7777777777777776e-09,local
1846_0,slab,-335.34729867,9751.125,True,"[6.22780231, 0.0, -6.22780231, -0.0, 6.22780231, -6.22780231, 0.0, 0.0, 49.82241847]",48.0,6.458333333333333e-08,local
1849_0,slab,-328.61351895,9285.634,True,"[6.00677229, 0.0, -6.00677229, 0.0, 6.00677229, -6.00677229, 0.0, 0.0, 48.05417831]",48.0,1.0682816875,local
1849_3,slab,-334.3819458,15579.217,True,"[6.00677229, 0.0, 0.0, 0.0, 6.00677229, -6.00677229, 0.0, 0.0, 42.04740602]",48.0,1.0510640541666667,local
1850_5,slab,-186.990803,29190.378,True,"[6.10634239, 0.0, 0.0, 0.0, 12.21268479, -6.10634239, 0.0, 0.0, 30.53171196]",64.0,0.0,local
1851_0,slab,-367.85191889,23621.416,True,"[5.42598069, 0.0, -5.42598069, -0.0, 5.42598069, -5.42598069, 0.0, 0.0, 48.83382617]",64.0,1.40625e-08,local
1851_3,slab,-276.51691186,6288.655,True,"[5.42598069, 0.0, 0.0, 0.0, 5.42598069, -5.42598069, 0.0, 0.0, 37.9818648]",48.0,1.4583333333333333e-08,local
1857_66,slab,-319.19407835,76190.371,True,"[11.29384343, 0.0, -2.25297236, 16.7471935, 9.88998849, 3.35369145, 0.0, 0.0, 39.29818087]",80.0,0.0,local
1857_72,slab,-322.74033585,88587.789,True,"[5.74289202, 0.0, 0.0, 0.0, 19.4494309, 3.35369145, 0.0, 0.0, 31.43854469]",80.0,1.25e-09,local
1858_3,slab,-242.88734497,37367.173,True,"[3.93595525, 0.0, -6.81727446, -0.0, 14.33033363, -4.54484964, 0.0, 0.0, 54.53819569]",60.0,0.004303746666666666,local
1858_4,slab,-242.94845436,108927.004,True,"[3.93595525, 0.0, -6.81727446, -0.0, 14.33033363, -4.54484964, 0.0, 0.0, 54.53819569]",60.0,0.004761565,local
1858_5,slab,-244.03064805,104280.588,True,"[3.93595525, 0.0, -6.81727446, -0.0, 14.33033363, -4.54484964, 0.0, 0.0, 54.53819569]",60.0,0.0,local
1859_21,slab,-401.31114954,50912.634,True,"[10.79502194, 0.0, -4.29563244, 5.93758928, 8.98713983, 0.0, 0.0, 0.0, 30.06942708]",60.0,0.0,local
1861_5,slab,-593.60589194,35855.904,True,"[6.17272075, 0.0, 0.0, 0.0, 12.3454415, -6.17272075, 0.0, 0.0, 30.86360375]",64.0,8.7296875e-06,local
1863_29,slab,,,False,,,,local
1863_30,slab,,,False,,,,local
1863_43,slab,,,False,,,,local
1865_3,slab,-399.94315731,22524.687,True,"[6.59283705, 0.0, 0.0, 0.0, 6.59283705, -6.59283705, 0.0, 0.0, 46.14985937]",48.0,6.5625e-07,local
1865_5,slab,-526.71372463,51303.07,True,"[6.59283705, 0.0, 0.0, 0.0, 13.1856741, -6.59283705, 0.0, 0.0, 32.96418526]",64.0,6.578125e-07,local
1872_13,slab,-394.4465217,138281.35,True,"[3.94086201, 0.0, 0.0, 0.0, 21.46705271, -3.94086201, 0.0, 0.0, 27.58603409]",60.0,0.808474975,local
1872_14,slab,-393.08202232,144490.762,True,"[3.94086201, 0.0, 0.0, 0.0, 21.46705271, -3.94086201, 0.0, 0.0, 27.58603409]",60.0,0.77229341,local
1878_0,slab,-170.67374277,8161.105,True,"[6.30531539, 0.0, -6.30531539, -0.0, 6.30531539, -6.30531539, 0.0, 0.0, 50.4425231]",48.0,7.291666666666666e-08,local
1878_3,slab,-166.33850246,17001.537,True,"[6.30531539, 0.0, -6.30531539, -0.0, 6.30531539, -6.30531539, 0.0, 0.0, 50.4425231]",48.0,0.0,local
1880_14,slab,-376.28970327,92334.901,True,"[4.20438225, 0.0, 0.0, 0.0, 22.78088368, -4.20438225, 0.0, 0.0, 29.43067574]",60.0,0.0,local
1880_15,slab,-373.94157397,104905.12,True,"[4.20438225, 0.0, 0.0, 0.0, 22.78088368, -4.20438225, 0.0, 0.0, 29.43067574]",60.0,0.027468816666666666,local
1883_1,slab,-296.92244271,26206.813,True,"[13.9975838, 0.0, 0.0, 0.94021374, 3.50381488, 3.6088772, 0.0, 0.0, 36.08877201]",48.0,0.0,local
1883_24,slab,-297.26562346,15325.109,True,"[13.51930588, 0.0, 0.0, -0.0, 3.62777074, 3.6088772, 0.0, 0.0, 36.08877201]",48.0,0.0,local
1883_29,slab,-374.18876376,25720.515,True,"[15.34322371, 0.0, 0.0, 1.71550918, 3.19652136, 3.6088772, 0.0, 0.0, 43.30652641]",60.0,1.6666666666666665e-09,local
1885_5,slab,-153.22136029,34382.096,True,"[6.56972247, 0.0, 0.0, 0.0, 13.13944494, -6.56972247, 0.0, 0.0, 32.84861235]",64.0,0.0,local
1887_3,slab,,,False,,,,local
1887_5,slab,-358.77547584,64504.765,True,"[6.06809624, 0.0, 0.0, 0.0, 12.13619248, -6.06809624, 0.0, 0.0, 30.34048121]",64.0,0.0,local
1893_0,slab,-307.49535167,31625.987,True,"[6.5502233, 0.0, -6.5502233, -0.0, 6.5502233, -6.5502233, 0.0, 0.0, 45.85156309]",48.0,0.0,local
1893_1,slab,-306.48181063,29765.298,True,"[6.5502233, 0.0, -6.5502233, -0.0, 6.5502233, -6.5502233, 0.0, 0.0, 45.85156309]",48.0,2.083333333333333e-08,local
1899_0,slab,-252.72915712,13452.611,True,"[6.17969543, 0.0, -6.17969543, -0.0, 6.17969543, -6.17969543, 0.0, 0.0, 49.43756344]",48.0,1.0734393625,local
1899_5,slab,-337.93036054,37031.529,True,"[6.17969543, 0.0, 0.0, 0.0, 12.35939086, -6.17969543, 0.0, 0.0, 30.89847715]",64.0,1.123996509375,local
1900_4,slab,-260.0503087,45287.809,True,"[10.17583123, 0.0, 5.72924555, 12.26592012, 7.94737861, 0.0, 0.0, 0.0, 40.10471887]",60.0,0.0,local
1900_94,slab,-342.20364315,82690.615,True,"[10.17583123, 0.0, 0.0, -4.18017778, 15.89475721, -5.72924555, 0.0, 0.0, 28.64622776]",80.0,0.0,local
1901_0,slab,-317.41772568,6866.315,True,"[5.81851627, 0.0, -5.81851627, -0.0, 5.81851627, -5.81851627, 0.0, 0.0, 46.5481302]",48.0,0.0,local
1901_6,slab,-212.46547303,2929.02,True,"[5.81851627, 0.0, 0.0, 0.0, 5.81851627, 0.0, 0.0, 0.0, 29.09258137]",32.0,0.0,local
1906_1,slab,-212.19457203,9169.072,True,"[6.06184012, 0.0, -6.06184012, -0.0, 6.06184012, -6.06184012, 0.0, 0.0, 48.49472093]",48.0,4.375e-08,local
1913_3,slab,-361.43160323,17355.284,True,"[6.38991149, 0.0, 0.0, 0.0, 6.38991149, -6.38991149, 0.0, 0.0, 44.7293804]",48.0,6.25e-09,local
1914_4,slab,-112.64522167,96279.736,True,"[7.51461429, 0.0, -7.51461429, 0.0, 15.02922858, -7.51461429, 0.0, 0.0, 37.57307144]",64.0,3.125e-09,local
1914_5,slab,-112.3951357,96939.725,True,"[7.51461429, 0.0, -7.51461429, 0.0, 15.02922858, -7.51461429, 0.0, 0.0, 37.57307144]",64.0,0.0,local
1914_8,slab,-115.20901196,56622.669,True,"[7.51461429, 0.0, 0.0, 0.0, 15.02922858, -7.51461429, 0.0, 0.0, 37.57307144]",64.0,0.0,local
1915_0,slab,-384.85063581,12971.47,True,"[5.63395716, 0.0, 5.63395716, 5.63395716, 5.63395716, -0.0, 0.0, 0.0, 50.70561448]",64.0,1.40625e-08,local
1915_6,slab,-192.51893586,2281.414,True,"[5.63395716, 0.0, 0.0, 0.0, 5.63395716, 0.0, 0.0, 0.0, 28.16978582]",32.0,0.0,local
1917_3,slab,-390.37558192,28862.666,True,"[6.14550074, 0.0, 0.0, -0.0, 6.14550074, 6.14550074, 0.0, 0.0, 43.01850519]",48.0,1.1141806250000001,local
1917_5,slab,-514.84198947,79914.584,True,"[6.14550074, 0.0, 0.0, 0.0, 12.29100148, -6.14550074, 0.0, 0.0, 30.72750371]",64.0,1.1399930703125,local
1918_3,slab,-227.31046345,9770.823,True,"[5.701252, 0.0, 0.0, 0.0, 5.701252, -5.701252, 0.0, 0.0, 39.90876403]",48.0,4.166666666666667e-09,local
1921_1,slab,-220.10069985,9332.594,True,"[6.15784499, 0.0, -6.15784499, -0.0, 6.15784499, -6.15784499, 0.0, 0.0, 49.26275988]",48.0,0.0,local
1922_1,slab,-361.71097662,16767.283,True,"[5.83735805, 0.0, -5.83735805, -0.0, 5.83735805, -5.83735805, 0.0, 0.0, 46.69886438]",48.0,0.61186566875,local
1922_3,slab,-367.79054584,22820.057,True,"[5.83735805, 0.0, 0.0, 0.0, 5.83735805, -5.83735805, 0.0, 0.0, 40.86150633]",48.0,0.7727855895833334,local
1922_5,slab,-485.19282502,43021.206,True,"[5.83735805, 0.0, 0.0, 0.0, 11.6747161, -5.83735805, 0.0, 0.0, 29.18679024]",64.0,0.7780821515625,local
1923_1,slab,-234.22636351,103503.259,True,"[3.87426984, 0.0, -6.71043221, -0.0, 14.44555161, -4.47362147, 0.0, 0.0, 53.68345768]",60.0,0.0,local
1923_4,slab,-187.61143268,29718.416,True,"[7.74853969, 0.0, -8.94724295, 0.0, 7.2227758, -4.47362147, 0.0, 0.0, 44.73621473]",48.0,0.0,local
1923_8,slab,-187.40419267,15675.543,True,"[7.2227758, 0.0, 0.0, 0.0, 7.74853969, -8.94724295, 0.0, 0.0, 44.73621473]",48.0,4.166666666666667e-07,local
1929_32,slab,-353.48804406,39637.885,True,"[3.828419, 0.0, 0.0, 0.0, 20.7332572, -7.71394932, 0.0, 0.0, 30.85579729]",60.0,0.0,local
1929_48,slab,-352.97555983,105450.23,True,"[3.85697466, 0.0, 0.0, -0.0, 20.7332572, 7.65683799, 0.0, 0.0, 30.62735197]",60.0,0.0,local
1929_53,slab,-351.25155142,26634.602,True,"[3.85697466, 0.0, 0.0, -0.0, 20.7332572, 7.65683799, 0.0, 0.0, 30.62735197]",60.0,0.0,local
1932_5,slab,-359.75163003,82906.586,True,"[6.34996427, 0.0, 0.0, 0.0, 12.69992854, -6.34996427, 0.0, 0.0, 31.74982134]",64.0,1.1800312171875,local
1935_19,slab,-386.32631293,52699.852,True,"[10.57891276, 0.0, 0.0, 0.0, 13.58913586, -5.81162785, 0.0, 0.0, 29.05813924]",80.0,0.0,local
1935_37,slab,-381.06854298,164702.423,True,"[5.81162785, 0.0, 0.0, -0.0, 21.15782553, 13.58913586, 0.0, 0.0, 40.76740757]",80.0,0.0,local
1935_38,slab,-381.2721712,96423.597,True,"[5.81162785, 0.0, 0.0, -0.0, 21.15782553, 13.58913586, 0.0, 0.0, 40.76740757]",80.0,1.25e-09,local
1940_20,slab,-339.343508,150759.831,True,"[7.21592287, 0.0, 0.0, -0.0, 7.21592287, 6.56941203, 0.0, 0.0, 39.41647219]",50.0,5.528e-06,local
1940_3,slab,-335.31797913,66234.145,True,"[10.20485599, 0.0, 0.0, 5.10242799, 5.10242799, 6.56941203, 0.0, 0.0, 42.70117821]",50.0,2.7442e-05,local
1943_3,slab,,,False,,,,local
1943_44,slab,-129.69054132,67877.951,True,"[7.45352136, 0.0, 0.0, -0.0, 18.48265922, 5.51231548, 0.0, 0.0, 27.56157739]",64.0,0.01017444375,local
1943_5,slab,,,False,,,,local
1946_8,slab,-226.05184806,31016.758,True,"[6.379238, 0.0, 0.0, 0.0, 12.75847601, -6.379238, 0.0, 0.0, 31.89619002]",64.0,0.0,local
1947_0,slab,-168.90297366,8693.582,True,"[6.34319918, 0.0, -6.34319918, -0.0, 6.34319918, -6.34319918, 0.0, 0.0, 50.74559346]",48.0,0.0,local
1947_5,slab,-225.09760601,29066.105,True,"[6.34319918, 0.0, 0.0, 0.0, 12.68639836, -6.34319918, 0.0, 0.0, 31.71599591]",64.0,0.0,local
1949_1,slab,-526.35237434,54442.287,True,"[9.88191521, 0.0, 3.95529759, 14.43061445, 8.27300446, 0.0, 0.0, 0.0, 35.59767832]",80.0,2.1250000000000002e-08,local
1949_39,slab,-528.11128546,58615.883,True,"[3.95529759, 0.0, 0.0, 0.0, 16.54600893, -18.97931369, 0.0, 0.0, 49.40957604]",80.0,0.053483789999999996,local
1949_40,slab,-530.09824248,59565.41,True,"[3.95529759, 0.0, 0.0, 0.0, 16.54600893, -18.97931369, 0.0, 0.0, 49.40957604]",80.0,0.044732493750000005,local
1957_0,slab,-371.22910775,28284.605,True,"[6.19102873, 0.0, -6.19102873, -0.0, 6.19102873, -6.19102873, 0.0, 0.0, 49.5282298]",48.0,0.11863073333333334,local
1964_0,slab,-380.21301946,14978.966,True,"[6.00638832, 0.0, -6.00638832, -0.0, 6.00638832, -6.00638832, 0.0, 0.0, 48.05110654]",48.0,0.413892575,local
1976_1,slab,-291.59405831,9451.914,True,"[6.16355312, 0.0, -6.16355312, -0.0, 6.16355312, -6.16355312, 0.0, 0.0, 49.30842495]",48.0,4.166666666666667e-09,local
1982_3,slab,-290.9792684,29483.748,True,"[6.08244673, 0.0, 0.0, -0.0, 6.08244673, 6.08244673, 0.0, 0.0, 42.57712714]",48.0,1.12436855,local
1984_0,slab,-360.7165533,20517.902,True,"[6.48975036, 0.0, -6.48975036, -0.0, 6.48975036, -6.48975036, 0.0, 0.0, 51.91800292]",48.0,4.166666666666667e-09,local
1985_15,slab,,,False,,,,local
1985_43,slab,-513.6051838,135843.78,True,"[11.25480862, 0.0, 0.0, 0.0, 6.49796678, -3.64228391, 0.0, 0.0, 32.78055516]",72.0,1.2340022625,local
1985_44,slab,-513.69826007,103586.155,True,"[11.25480862, 0.0, 0.0, 0.0, 6.49796678, -3.64228391, 0.0, 0.0, 32.78055516]",72.0,1.2177102569444445,local
1986_3,slab,,,False,,,,local
1986_5,slab,-347.09884665,103918.215,True,"[7.84912341, 0.0, -3.92456171, -0.0, 11.40001847, -3.92456171, 0.0, 0.0, 31.39649364]",60.0,0.8846347583333334,local
1986_9,slab,-346.76053591,67054.834,True,"[11.40001847, 0.0, 0.0, 0.0, 7.84912341, -3.92456171, 0.0, 0.0, 31.39649364]",60.0,0.8803026833333334,local
1988_0,slab,-421.599803,56534.039,True,"[16.76061729, 0.0, 0.0, 0.97014321, 3.91395213, 3.97320275, 0.0, 0.0, 39.73202746]",64.0,0.0,local
1990_0,slab,-314.72041067,35119.986,True,"[6.60280269, 0.0, -6.60280269, -0.0, 6.60280269, -6.60280269, 0.0, 0.0, 46.21961886]",48.0,1.4583333333333333e-08,local
1990_5,slab,-422.37692677,49605.448,True,"[6.60280269, 0.0, 0.0, 0.0, 13.20560539, -6.60280269, 0.0, 0.0, 33.01401347]",64.0,0.0,local
1994_8,slab,,,False,,,,local
1994_9,slab,,,False,,,,local
1995_27,slab,-248.40192809,30898.4,True,"[10.26092071, 0.0, 0.0, 10.26092071, 10.26092071, 3.8283151, 0.0, 0.0, 30.62652081]",60.0,1.2381666666666667e-05,local
1995_28,slab,-249.10666236,32503.897,True,"[10.26092071, 0.0, 0.0, 10.26092071, 10.26092071, 3.8283151, 0.0, 0.0, 30.62652081]",60.0,4.383333333333333e-07,local
1995_9,slab,-337.12089317,75684.461,True,"[16.22394017, 0.0, 0.0, 3.24478803, 6.48957607, 3.8283151, 0.0, 0.0, 34.45483592]",80.0,7.5e-09,local
1996_1,slab,-117.48209508,21001.077,True,"[6.72952774, 0.0, -6.72952774, -0.0, 6.72952774, -6.72952774, 0.0, 0.0, 47.10669416]",48.0,2.0833333333333334e-09,local
1996_5,slab,-155.84821053,68979.887,True,"[6.72952774, 0.0, 0.0, 0.0, 13.45905547, -6.72952774, 0.0, 0.0, 33.64763869]",64.0,0.0,local
1998_2,slab,-380.07413116,167940.055,True,"[4.34624903, 0.0, -4.34624903, 0.0, 20.44002252, -4.34624903, 0.0, 0.0, 39.11624123]",80.0,1.25e-09,local
1998_9,slab,-285.14921544,28213.132,True,"[10.22001126, 0.0, 0.0, 0.0, 8.69249805, -4.34624903, 0.0, 0.0, 30.42374318]",60.0,1.6666666666666665e-09,local
2003_0,slab,-157.41570799,9344.812,True,"[5.9952835, 0.0, -5.9952835, -0.0, 5.9952835, -5.9952835, 0.0, 0.0, 47.96226801]",48.0,2.0833333333333334e-09,local
2003_1,slab,-160.82963324,9870.142,True,"[5.9952835, 0.0, -5.9952835, -0.0, 5.9952835, -5.9952835, 0.0, 0.0, 47.96226801]",48.0,2.0833333333333334e-09,local
2003_5,slab,-213.54669246,24676.457,True,"[5.9952835, 0.0, 0.0, 0.0, 11.990567, -5.9952835, 0.0, 0.0, 29.9764175]",64.0,0.0,local
2007_21,slab,-190.66358191,10003.793,True,"[3.74664983, 0.0, -3.74664983, -0.0, 8.28174859, -7.49329965, 0.0, 0.0, 44.95979793]",30.0,3.333333333333333e-09,local
2007_3,slab,-303.36124905,28083.387,True,"[3.74664983, 0.0, -3.74664983, 0.0, 16.56349719, -3.74664983, 0.0, 0.0, 37.46649827]",48.0,4.166666666666667e-09,local
2007_4,slab,-300.37311277,39530.915,True,"[3.74664983, 0.0, -3.74664983, 0.0, 16.56349719, -3.74664983, 0.0, 0.0, 37.46649827]",48.0,0.049087402083333335,local
2009_4,slab,-343.81962649,38209.03,True,"[7.99335024, 0.0, -3.99667512, 0.0, 7.06169062, -3.99667512, 0.0, 0.0, 35.97007607]",64.0,0.0,local
2010_5,slab,-340.99614629,73131.232,True,"[6.05116481, 0.0, 0.0, 0.0, 12.10232961, -6.05116481, 0.0, 0.0, 30.25582403]",64.0,0.0,local
2013_92,slab,-336.78039356,43059.351,True,"[10.43831274, 0.0, 0.0, -3.90726454, 16.34803624, -6.04586504, 0.0, 0.0, 30.22932521]",80.0,0.0,local
2014_3,slab,-322.70733834,11509.854,True,"[5.48861353, 0.0, 0.0, 0.0, 5.48861353, -5.48861353, 0.0, 0.0, 38.42029473]",48.0,4.166666666666667e-09,local
2015_5,slab,-450.93292767,96726.691,True,"[12.67268391, 0.0, 0.0, 6.33634196, 3.65828873, 6.5348587, 0.0, 0.0, 55.54629891]",63.0,1.5873015873015873e-09,local
2019_39,slab,-635.35164978,58987.49,True,"[11.80060069, 0.0, 0.0, 0.0, 6.81307998, -3.24419129, 0.0, 0.0, 32.44191291]",72.0,2.5833333333333333e-07,local
2019_44,slab,-639.47059168,47422.192,True,"[6.81307998, 0.0, 0.0, 6.81307998, 11.80060069, 3.24419129, 0.0, 0.0, 29.19772161]",72.0,8.333333333333334e-09,local
2019_47,slab,-638.98635631,47875.557,True,"[6.81307998, 0.0, 0.0, 6.81307998, 11.80060069, 3.24419129, 0.0, 0.0, 29.19772161]",72.0,3.272222222222222e-06,local
2024_3,slab,-351.80852925,24933.406,True,"[5.92097313, 0.0, 0.0, -0.0, 5.92097313, 5.92097313, 0.0, 0.0, 41.44681192]",48.0,0.0,local
2027_19,slab,-481.29971151,120014.053,True,"[17.77928539, 0.0, 0.0, 5.07979583, 4.39923223, 3.84650007, 0.0, 0.0, 38.46500073]",72.0,0.0,local
2029_45,slab,-262.29919752,30416.624,True,"[12.15968746, 0.0, 0.0, 0.0, 7.02039883, -4.2196676, 0.0, 0.0, 33.75734081]",54.0,0.06569512222222222,local
2032_31,slab,,,False,,,,local
2033_24,slab,-427.07802459,152295.292,True,"[3.79111752, 0.0, 0.0, 0.0, 30.07051995, -3.8546189, 0.0, 0.0, 26.98233232]",72.0,0.024325480555555556,local
2033_25,slab,-427.41689607,145609.815,True,"[3.79111752, 0.0, 0.0, 0.0, 30.07051995, -3.8546189, 0.0, 0.0, 26.98233232]",72.0,0.006748644444444445,local
2033_60,slab,-215.76637922,20061.911,True,"[3.8546189, 0.0, 0.0, -0.0, 15.03525998, 7.58223504, 0.0, 0.0, 30.32894016]",36.0,0.0,local
2039_13,slab,-521.04142415,89472.446,True,"[4.35824467, 0.0, -2.51623373, -0.0, 12.01615011, -5.03246747, 0.0, 0.0, 35.22727228]",54.0,0.07025961481481481,local
2041_3,slab,-420.03426917,10527.637,True,"[6.12276726, 0.0, 0.0, 0.0, 6.12276726, -6.12276726, 0.0, 0.0, 42.85937085]",48.0,2.0833333333333334e-09,local
2041_5,slab,-553.02956478,30009.69,True,"[6.12276726, 0.0, 0.0, 0.0, 12.24553453, -6.12276726, 0.0, 0.0, 30.61383632]",64.0,9.375e-09,local
2046_15,slab,-549.06271437,131292.466,True,"[18.51052338, 0.0, 0.0, 5.28872096, 4.58016671, 3.47429434, 0.0, 0.0, 34.74294344]",72.0,0.0,local
2046_16,slab,-548.04017516,108622.38,True,"[18.51052338, 0.0, 0.0, 5.28872096, 4.58016671, 3.47429434, 0.0, 0.0, 34.74294344]",72.0,0.0,local
2046_42,slab,-550.73136326,53339.593,True,"[12.11798208, 0.0, 0.0, 0.0, 6.99632021, -3.47429434, 0.0, 0.0, 31.2686491]",72.0,1.3888888888888888e-09,local
2049_5,slab,-623.4921934,100989.404,True,"[6.469541, 0.0, 0.0, 0.0, 12.93908199, -6.469541, 0.0, 0.0, 32.34770498]",64.0,0.0,local
2053_3,slab,-77.77888457,3680.827,True,"[7.21707731, 0.0, 0.0, 0.0, 7.21707731, -7.21707731, 0.0, 0.0, 36.08538653]",32.0,4.09375e-07,local
2058_0,slab,-182.36024628,4288.713,True,"[6.03031348, 0.0, -6.03031348, 0.0, 6.03031348, -6.03031348, 0.0, 0.0, 48.24250783]",48.0,2.0833333333333334e-09,local
2058_1,slab,-186.86578213,2648.826,True,"[6.03031348, 0.0, -6.03031348, 0.0, 6.03031348, -6.03031348, 0.0, 0.0, 48.24250783]",48.0,1.4583333333333333e-08,local
2058_2,slab,-190.95503467,4641.704,True,"[6.03031348, 0.0, -6.03031348, 0.0, 6.03031348, -6.03031348, 0.0, 0.0, 48.24250783]",48.0,0.0,local
2062_1,slab,-221.03310626,13541.737,True,"[6.27035386, 0.0, -6.27035386, -0.0, 6.27035386, -6.27035386, 0.0, 0.0, 50.16283087]",48.0,4.375e-08,local
2062_5,slab,-296.40827293,72443.263,True,"[6.27035386, 0.0, 0.0, 0.0, 12.54070772, -6.27035386, 0.0, 0.0, 31.35176929]",64.0,9.375e-09,local
2069_4,slab,-219.82496411,132692.206,True,"[5.10837895, 0.0, -5.10837895, -0.0, 22.60147498, -5.10837895, 0.0, 0.0, 40.86703157]",60.0,0.0,local
2069_5,slab,-220.91857661,117090.479,True,"[5.10837895, 0.0, -5.10837895, -0.0, 22.60147498, -5.10837895, 0.0, 0.0, 40.86703157]",60.0,0.0,local
2069_7,slab,-219.69942658,141286.043,True,"[5.10837895, 0.0, -5.10837895, -0.0, 22.60147498, -5.10837895, 0.0, 0.0, 40.86703157]",60.0,0.0,local
2075_2,slab,-212.94815612,8369.613,True,"[3.50847862, 0.0, -3.50847862, 0.0, 7.96050373, -3.50847862, 0.0, 0.0, 42.10174349]",30.0,0.0,local
2075_3,slab,-425.58750312,44824.138,True,"[3.50847862, 0.0, -3.50847862, -0.0, 15.92100746, -3.50847862, 0.0, 0.0, 42.10174349]",60.0,0.0,local
2077_3,slab,-411.3460052,16782.573,True,"[6.25564209, 0.0, 0.0, 0.0, 6.25564209, -6.25564209, 0.0, 0.0, 43.78949466]",48.0,8.333333333333334e-09,local
2086_0,slab,-315.17534027,21631.085,True,"[5.83580817, 0.0, -5.83580817, -0.0, 5.83580817, -5.83580817, 0.0, 0.0, 46.68646535]",48.0,0.17452948958333334,local
2088_3,slab,-372.12913076,17031.859,True,"[6.43667316, 0.0, 0.0, -0.0, 6.43667316, 6.43667316, 0.0, 0.0, 45.05671211]",48.0,1.6666666666666667e-08,local
2089_3,slab,,,False,,,,local
2089_4,slab,,,False,,,,local
2089_5,slab,,,False,,,,local
2090_10,slab,-292.78886783,51691.832,True,"[11.92054456, 0.0, 0.0, 0.0, 8.29012697, -4.14506349, 0.0, 0.0, 33.16050789]",60.0,0.0,local
2090_18,slab,-196.97720832,26852.918,True,"[4.14506349, 0.0, -4.14506349, -0.0, 11.92054456, -8.29012697, 0.0, 0.0, 41.45063487]",40.0,0.0,local
2090_1,slab,-196.41025603,58227.957,True,"[4.14506349, 0.0, -4.14506349, 0.0, 11.92054456, -4.14506349, 0.0, 0.0, 41.45063487]",40.0,0.0,local
2091_0,slab,-256.8831075,7106.529,True,"[4.73387132, 0.0, 4.73387132, 4.73387132, 4.73387132, -0.0, 0.0, 0.0, 47.33871317]",32.0,0.0,local
2093_0,slab,-518.74106172,18684.931,True,"[6.28816731, 0.0, -6.28816731, -0.0, 6.28816731, -6.28816731, 0.0, 0.0, 50.30533845]",48.0,0.11161733750000001,local
2093_3,slab,-527.44389119,28102.814,True,"[6.28816731, 0.0, 0.0, 0.0, 6.28816731, -6.28816731, 0.0, 0.0, 44.01717114]",48.0,0.18848215208333333,local
2097_0,slab,-286.9359243,6866.228,True,"[5.80230296, 0.0, -5.80230296, 0.0, 5.80230296, -5.80230296, 0.0, 0.0, 46.41842367]",48.0,4.166666666666667e-09,local
2097_3,slab,-292.61535489,7069.521,True,"[5.80230296, 0.0, 0.0, 0.0, 5.80230296, -5.80230296, 0.0, 0.0, 40.61612071]",48.0,0.0,local
2097_5,slab,-384.47221387,14181.1,True,"[5.80230296, 0.0, 0.0, 0.0, 11.60460592, -5.80230296, 0.0, 0.0, 29.0115148]",64.0,3.125e-09,local
2099_16,slab,,,False,,,,local
2099_27,slab,-226.3333472,63702.446,True,"[5.04264571, 0.0, -2.91137286, 0.0, 20.67962453, 11.64549143, 0.0, 0.0, 40.75922]",72.0,0.06322978055555556,local
2107_1,slab,-414.6685632,18442.001,True,"[6.08217211, 0.0, -6.08217211, -0.0, 6.08217211, -6.08217211, 0.0, 0.0, 48.65737685]",48.0,0.12464414166666667,local
2107_3,slab,-419.71409345,25030.19,True,"[6.08217211, 0.0, 0.0, 0.0, 6.08217211, -6.08217211, 0.0, 0.0, 42.57520474]",48.0,0.07555467083333334,local
2121_25,slab,-488.47094322,168648.057,True,"[6.60588385, 0.0, 0.0, 0.0, 9.24553425, -6.59565616, 0.0, 0.0, 32.97828082]",64.0,0.0923243671875,local
2121_26,slab,-488.11126494,97253.97,True,"[6.60588385, 0.0, 0.0, 0.0, 9.24553425, -6.59565616, 0.0, 0.0, 32.97828082]",64.0,0.1978887203125,local
2122_3,slab,-381.5076169,65975.398,True,"[3.904924, 0.0, -3.904924, 0.0, 15.59888539, -3.904924, 0.0, 0.0, 39.04924005]",64.0,1.1491865,local
2126_19,slab,-424.69009143,56320.015,True,"[16.89322321, 0.0, 0.0, 4.8266352, 4.1799887, 3.99910127, 0.0, 0.0, 39.99101268]",72.0,1.3888888888888888e-09,local
2126_48,slab,-316.03625893,33345.269,True,"[6.38503821, 0.0, 0.0, 6.38503821, 11.05921059, 3.99910127, 0.0, 0.0, 27.99370888]",54.0,0.012594399999999999,local
2128_14,slab,,,False,,,,local
2128_15,slab,,,False,,,,local
2128_17,slab,-216.16690508,68196.093,True,"[3.78532185, 0.0, -3.78532185, -0.0, 15.50356672, -7.57064369, 0.0, 0.0, 37.85321846]",40.0,0.5068907375,local
2129_10,slab,-244.81158126,66563.958,True,"[11.53175776, 0.0, 0.0, 0.0, 8.57602627, -4.28801313, 0.0, 0.0, 30.01609193]",60.0,0.0,local
2129_2,slab,,,False,,,,local
2129_3,slab,,,False,,,,local
2138_0,slab,-472.97826164,41268.18,True,"[5.7030541, 0.0, -5.7030541, -0.0, 5.7030541, -5.7030541, 0.0, 0.0, 51.32748691]",64.0,0.2438907859375,local
2138_1,slab,-473.51220744,47063.151,True,"[5.7030541, 0.0, -5.7030541, -0.0, 5.7030541, -5.7030541, 0.0, 0.0, 51.32748691]",64.0,0.1781818859375,local
2138_5,slab,-468.45891157,55528.853,True,"[5.7030541, 0.0, 0.0, 0.0, 11.4061082, -5.7030541, 0.0, 0.0, 28.51527051]",64.0,0.2405590484375,local
2143_23,slab,-186.69218851,66111.777,True,"[8.93552157, 0.0, 0.0, 0.0, 11.65002123, -7.14438441, 0.0, 0.0, 35.72192204]",64.0,0.0615240984375,local
2151_0,slab,-447.08155249,37642.32,True,"[6.17761378, 0.0, -6.17761378, -0.0, 6.17761378, -6.17761378, 0.0, 0.0, 49.42091023]",48.0,1.0366714979166667,local
2151_3,slab,-453.97651178,32352.768,True,"[6.17761378, 0.0, 0.0, 0.0, 6.17761378, -6.17761378, 0.0, 0.0, 43.24329645]",48.0,1.0476496375,local
2154_32,slab,-336.7994841,31151.622,True,"[9.15276025, 0.0, 0.0, -0.0, 8.66547693, 5.29423876, 0.0, 0.0, 37.05967133]",72.0,1.3888888888888888e-09,local
2161_1,slab,-347.1524179,33506.488,True,"[6.42886135, 0.0, -6.42886135, -0.0, 6.42886135, -6.42886135, 0.0, 0.0, 51.43089079]",48.0,0.10022862291666666,local
2161_3,slab,-352.92505183,18376.746,True,"[6.42886135, 0.0, 0.0, 0.0, 6.42886135, -6.42886135, 0.0, 0.0, 45.00202945]",48.0,1.4583333333333333e-08,local
2162_4,slab,-317.66358567,40337.492,True,"[8.00833557, 0.0, -4.00416779, -0.0, 7.17651593, -4.00416779, 0.0, 0.0, 36.03751007]",64.0,0.0,local
2163_3,slab,-411.6744176,39830.031,True,"[6.10768076, 0.0, 0.0, 0.0, 6.10768076, -6.10768076, 0.0, 0.0, 42.75376529]",48.0,0.0977944125,local
2168_51,slab,-400.22121029,50440.568,True,"[5.41161458, 0.0, 0.0, 0.0, 22.90842789, -6.50298278, 0.0, 0.0, 32.51491389]",80.0,0.0,local
2168_52,slab,-400.89962469,66928.88,True,"[5.41161458, 0.0, 0.0, 0.0, 22.90842789, -6.50298278, 0.0, 0.0, 32.51491389]",80.0,0.0,local
2168_5,slab,-301.20507391,50318.714,True,"[6.50298278, 0.0, -5.41161458, -0.0, 11.45421394, -5.41161458, 0.0, 0.0, 37.88130206]",60.0,0.0,local
2172_16,slab,-375.4985725,87563.357,True,"[17.31748696, 0.0, 0.0, 4.94785342, 4.28496675, 3.99361075, 0.0, 0.0, 39.93610749]",72.0,3.184722222222222e-06,local
2172_17,slab,-375.66951706,85657.48,True,"[17.31748696, 0.0, 0.0, 4.94785342, 4.28496675, 3.99361075, 0.0, 0.0, 39.93610749]",72.0,0.007066190277777777,local
2172_44,slab,-276.97707347,32059.309,True,"[11.33695641, 0.0, 0.0, 0.0, 6.54539483, -3.99361075, 0.0, 0.0, 31.94888599]",54.0,0.01739616111111111,local
2173_9,slab,-421.39966961,66511.359,True,"[9.88966911, 0.0, 0.0, 0.0, 8.5271678, -4.2635839, 0.0, 0.0, 29.84508728]",60.0,6.817833333333333e-05,local
2176_16,slab,-368.06448577,70825.648,True,"[9.97351339, 0.0, -4.16215592, 1.25383213, 9.93499637, 0.0, 0.0, 0.0, 29.13509142]",72.0,0.0,local
2176_72,slab,,,False,,,,local
2176_94,slab,-369.12219829,90069.988,True,"[4.16215592, 0.0, 0.0, -0.0, 14.99178872, 19.76729906, 0.0, 0.0, 46.26584244]",72.0,0.0,local
2179_4,slab,-369.61556018,27820.735,True,"[7.59237372, 0.0, -8.76691803, -0.0, 9.1417368, -4.38345901, 0.0, 0.0, 43.83459013]",64.0,0.0,local
2181_0,slab,-331.9639156,11993.934,True,"[6.00947302, 0.0, -6.00947302, -0.0, 6.00947302, -6.00947302, 0.0, 0.0, 48.07578415]",48.0,1.0416666666666666e-08,local
2181_3,slab,-338.93951729,27521.186,True,"[6.00947302, 0.0, 0.0, 0.0, 6.00947302, -6.00947302, 0.0, 0.0, 42.06631113]",48.0,0.0,local
2181_5,slab,-446.15743604,63280.326,True,"[6.00947302, 0.0, 0.0, 0.0, 12.01894604, -6.00947302, 0.0, 0.0, 30.04736509]",64.0,0.0,local
2189_1,slab,-243.63364884,13006.021,True,"[6.34588415, 0.0, 6.34588415, 6.34588415, 6.34588415, -0.0, 0.0, 0.0, 50.76707317]",48.0,1.875e-08,local
2191_0,slab,-407.57856793,30080.929,True,"[6.47608883, 0.0, -6.47608883, -0.0, 6.47608883, -6.47608883, 0.0, 0.0, 51.8087106]",48.0,2.0833333333333334e-09,local
2192_3,slab,-498.39507285,26724.182,True,"[6.09376875, 0.0, 0.0, 0.0, 6.09376875, -6.09376875, 0.0, 0.0, 42.65638128]",48.0,0.0,local
2194_11,slab,-491.9869913,85302.795,True,"[16.63752375, 0.0, 0.0, 0.0, 8.5573851, -4.27869255, 0.0, 0.0, 29.95084785]",72.0,0.03612136388888889,local
2194_16,slab,-493.95123477,60608.165,True,"[4.27869255, 0.0, 0.0, 0.0, 33.27504749, -4.27869255, 0.0, 0.0, 29.95084785]",72.0,0.06753820416666667,local
2196_0,slab,-285.87032271,12607.501,True,"[6.37356383, 0.0, -6.37356383, -0.0, 6.37356383, -6.37356383, 0.0, 0.0, 50.98851067]",48.0,0.0,local
2196_1,slab,-282.10821704,9415.7,True,"[6.37356383, 0.0, -6.37356383, -0.0, 6.37356383, -6.37356383, 0.0, 0.0, 50.98851067]",48.0,0.0,local
2196_5,slab,-378.84426169,37477.606,True,"[6.37356383, 0.0, 0.0, 0.0, 12.74712767, -6.37356383, 0.0, 0.0, 31.86781917]",64.0,0.0,local
2199_0,slab,-285.19145988,19734.126,True,"[7.10507513, 0.0, -7.10507513, -0.0, 7.10507513, -7.10507513, 0.0, 0.0, 49.7355259]",72.0,9.583333333333334e-08,local
2199_3,slab,-287.52669084,25651.364,True,"[7.10507513, 0.0, -7.10507513, -0.0, 7.10507513, -7.10507513, 0.0, 0.0, 49.7355259]",72.0,6.944444444444444e-09,local
2205_1,slab,-351.17600283,9105.537,True,"[6.33183553, 0.0, -6.33183553, -0.0, 6.33183553, -6.33183553, 0.0, 0.0, 50.65468426]",48.0,2.0833333333333334e-09,local
2206_0,slab,-428.47496158,34429.312,True,"[5.91976433, 0.0, 5.91976433, 5.91976433, 5.91976433, -0.0, 0.0, 0.0, 47.35811462]",48.0,0.05046404791666667,local
2206_1,slab,-429.57682581,32797.679,True,"[5.91976433, 0.0, 5.91976433, 5.91976433, 5.91976433, -0.0, 0.0, 0.0, 47.35811462]",48.0,0.17332274166666664,local
2206_3,slab,-434.85768418,42278.345,True,"[5.91976433, 0.0, 0.0, 0.0, 5.91976433, -5.91976433, 0.0, 0.0, 41.43835029]",48.0,9.286666666666667e-05,local
2208_1,slab,-195.02843412,9693.935,True,"[6.34617451, 0.0, -6.34617451, -0.0, 6.34617451, -6.34617451, 0.0, 0.0, 50.76939608]",48.0,4.166666666666667e-09,local
2208_5,slab,-263.34988229,30347.99,True,"[6.34617451, 0.0, 0.0, 0.0, 12.69234902, -6.34617451, 0.0, 0.0, 31.73087255]",64.0,0.0,local
2209_14,slab,-269.79698877,21368.97,True,"[5.10643895, 0.0, 0.0, 5.10643895, 5.10643895, 7.12478031, 0.0, 0.0, 49.87346218]",48.0,4.619375e-05,local
2210_3,slab,-280.94985252,13642.712,True,"[5.9926563, 0.0, 0.0, 0.0, 5.9926563, -5.9926563, 0.0, 0.0, 41.9485941]",48.0,1.25e-08,local
2212_0,slab,-373.53981205,10458.288,True,"[6.08836142, 0.0, -6.08836142, -0.0, 6.08836142, -6.08836142, 0.0, 0.0, 48.70689135]",48.0,4.166666666666667e-09,local
2217_1,slab,-437.4533132,46726.217,True,"[5.74793985, 0.0, 5.74793985, 5.74793985, 5.74793985, -0.0, 0.0, 0.0, 51.73145869]",64.0,0.2577371953125,local
2217_3,slab,-329.03178527,24170.169,True,"[5.74793985, 0.0, 0.0, 0.0, 5.74793985, -5.74793985, 0.0, 0.0, 40.23557898]",48.0,0.20775771666666668,local
2217_5,slab,-431.67863687,33116.827,True,"[5.74793985, 0.0, 0.0, 0.0, 11.49587971, -5.74793985, 0.0, 0.0, 28.73969927]",64.0,0.2683429484375,local
2221_25,slab,,,False,,,,local
2221_5,slab,,,False,,,,local
2221_60,slab,,,False,,,,local
2222_0,slab,-406.16906993,36399.75,True,"[6.32142397, 0.0, -6.32142397, -0.0, 6.32142397, -6.32142397, 0.0, 0.0, 50.57139172]",48.0,0.11471601666666666,local
2222_6,slab,-273.68441269,17109.482,True,"[6.32142397, 0.0, 0.0, 0.0, 6.32142397, 0.0, 0.0, 0.0, 31.60711983]",32.0,0.856128334375,local
2231_0,slab,-380.15433694,18707.099,True,"[6.49841921, 0.0, -6.49841921, -0.0, 6.49841921, -6.49841921, 0.0, 0.0, 45.48893447]",48.0,1.875e-08,local
2231_1,slab,-377.75518311,18499.178,True,"[6.49841921, 0.0, -6.49841921, -0.0, 6.49841921, -6.49841921, 0.0, 0.0, 45.48893447]",48.0,1.4583333333333333e-08,local
2240_11,slab,-221.23278926,4910.16,True,"[6.61942861, 0.0, 0.0, 1.95669749, 10.00422318, 4.05443552, 0.0, 0.0, 28.38104862]",42.0,4.761904761904762e-09,local
2240_38,slab,-299.30920747,20607.693,True,"[4.05443552, 0.0, 0.0, 0.0, 12.99267642, -12.73498033, 0.0, 0.0, 50.96889897]",56.0,0.0,local
2240_79,slab,-222.93597305,3376.441,True,"[10.19377979, 0.0, 0.0, -1.27060027, 6.49633821, 0.0, 0.0, 0.0, 28.38104862]",42.0,2.380952380952381e-09,local
2245_6,slab,-380.89801462,6878.111,True,"[6.4405414, 0.0, 0.0, 0.0, 6.4405414, 0.0, 0.0, 0.0, 32.20270698]",32.0,0.079317184375,local
2246_4,slab,-378.97075855,16822.219,True,"[10.45203843, 0.0, -4.0668906, -0.0, 11.57582334, -4.0668906, 0.0, 0.0, 32.53512481]",72.0,0.0,local
2248_3,slab,-291.45491628,15172.188,True,"[5.79415447, 0.0, 0.0, 0.0, 5.79415447, -5.79415447, 0.0, 0.0, 40.55908126]",48.0,2.0833333333333334e-09,local
2255_45,slab,-316.52013265,40636.301,True,"[8.49415534, 0.0, 4.50517796, 4.24707767, 5.0704393, -0.0, 0.0, 0.0, 36.04142366]",48.0,2.9166666666666666e-08,local
2255_51,slab,-319.47615815,20012.979,True,"[5.0704393, 0.0, 0.0, -0.0, 8.49415534, 4.50517796, 0.0, 0.0, 31.5362457]",48.0,4.166666666666667e-09,local
2258_5,slab,-512.79794301,57853.925,True,"[5.90685887, 0.0, 0.0, 0.0, 11.81371774, -5.90685887, 0.0, 0.0, 29.53429436]",64.0,0.2490997,local
2264_9,slab,-316.71428412,14506.871,True,"[7.32954399, 0.0, -3.66477199, 0.0, 10.20956232, -3.66477199, 0.0, 0.0, 32.98294794]",48.0,0.0,local
2268_0,slab,-341.40394937,23137.903,True,"[6.50507284, 0.0, -6.50507284, -0.0, 6.50507284, -6.50507284, 0.0, 0.0, 45.5355099]",48.0,4.166666666666667e-09,local
2269_16,slab,-686.26983484,69461.316,True,"[18.42469556, 0.0, 0.0, 5.26419873, 4.55892983, 3.40167059, 0.0, 0.0, 34.01670592]",72.0,1.1527777777777778e-07,local
2269_40,slab,-687.396396,46447.753,True,"[12.06179458, 0.0, 0.0, 0.0, 6.96388035, -3.40167059, 0.0, 0.0, 30.61503533]",72.0,1.3888888888888889e-08,local
2269_6,slab,-598.86117212,129903.874,True,"[12.06179458, 0.0, 0.0, 6.03089729, 3.48194017, 6.80334118, 0.0, 0.0, 57.82840007]",63.0,4.761904761904762e-09,local
2270_3,slab,-145.96951662,7455.925,True,"[5.95798312, 0.0, -5.95798312, 0.0, 5.95798312, -5.95798312, 0.0, 0.0, 47.66386494]",48.0,1.4583333333333333e-08,local
2270_8,slab,-203.89969088,37634.01,True,"[5.95798312, 0.0, 0.0, 0.0, 11.91596624, -5.95798312, 0.0, 0.0, 29.78991559]",64.0,0.0,local
2275_5,slab,-458.83769934,31527.66,True,"[5.74333035, 0.0, 0.0, 0.0, 11.48666069, -5.74333035, 0.0, 0.0, 28.71665174]",64.0,0.2375768140625,local
2278_2,slab,-601.96358423,94603.511,True,"[9.94097876, 0.0, 3.88587574, 14.45597839, 8.31466454, 0.0, 0.0, 0.0, 34.97288165]",80.0,7.161e-05,local
2284_10,slab,-401.21263589,33008.354,True,"[8.40789674, 0.0, -4.20394837, -0.0, 9.85724357, -4.20394837, 0.0, 0.0, 33.63158696]",60.0,0.0,local
2284_5,slab,-535.4619533,133869.551,True,"[4.20394837, 0.0, -4.20394837, -0.0, 19.71448714, -4.20394837, 0.0, 0.0, 42.0394837]",80.0,0.0,local
2286_4,slab,-247.1565804,18791.233,True,"[10.13395209, 0.0, 0.0, 0.0, 3.95881301, -3.95881301, 0.0, 0.0, 39.58813009]",40.0,0.1831541125,local
2294_0,slab,-373.35538161,15789.483,True,"[6.10821448, 0.0, -6.10821448, -0.0, 6.10821448, -6.10821448, 0.0, 0.0, 48.86571583]",48.0,0.054067760416666666,local
2295_0,slab,-109.61723395,27479.775,True,"[6.77376113, 0.0, -6.77376113, -0.0, 6.77376113, -6.77376113, 0.0, 0.0, 47.41632793]",48.0,2.0833333333333334e-09,local
2295_1,slab,-113.71708164,24746.493,True,"[6.77376113, 0.0, -6.77376113, -0.0, 6.77376113, -6.77376113, 0.0, 0.0, 47.41632793]",48.0,0.0,local
2295_3,slab,-114.69372988,26637.716,True,"[6.77376113, 0.0, 0.0, 0.0, 6.77376113, -6.77376113, 0.0, 0.0, 47.41632793]",48.0,0.0,local
2296_13,slab,-385.46444196,53225.726,True,"[4.84684792, 0.0, -2.79832895, -0.0, 11.93110863, -5.5966579, 0.0, 0.0, 39.17660528]",54.0,3.7037037037037036e-09,local
2296_15,slab,-386.49980076,52470.302,True,"[4.84684792, 0.0, -2.79832895, 0.0, 11.93110863, 0.0, 0.0, 0.0, 39.17660528]",54.0,1.8518518518518518e-09,local
2296_19,slab,-385.91120845,48081.899,True,"[4.84684792, 0.0, -2.79832895, 0.0, 11.93110863, 5.5966579, 0.0, 0.0, 39.17660528]",54.0,0.0,local
2297_17,slab,,,False,,,,local
2297_4,slab,-268.22684052,83991.598,True,"[13.78284361, 0.0, 0.0, 6.89142181, 3.97876423, 3.6489676, 0.0, 0.0, 36.48967603]",36.0,0.020291530555555555,local
2297_8,slab,-400.69426234,113602.423,True,"[13.78284361, 0.0, 0.0, 6.89142181, 3.97876423, 7.29793521, 0.0, 0.0, 54.73451404]",54.0,0.041601448148148146,local
2302_0,slab,-480.55896609,31260.953,True,"[6.15113862, 0.0, -6.15113862, -0.0, 6.15113862, -6.15113862, 0.0, 0.0, 49.20910896]",48.0,1.684375e-05,local
2302_1,slab,-481.91892921,24512.07,True,"[6.15113862, 0.0, -6.15113862, -0.0, 6.15113862, -6.15113862, 0.0, 0.0, 49.20910896]",48.0,8.310416666666666e-06,local
2302_5,slab,-643.49851141,139748.188,True,"[6.15113862, 0.0, 0.0, 0.0, 12.30227724, -6.15113862, 0.0, 0.0, 30.7556931]",64.0,1.5625e-09,local
2304_3,slab,,,False,,,,local
2304_5,slab,,,False,,,,local
2304_6,slab,-408.57326177,129052.128,True,"[7.58076648, 0.0, -3.79038324, -0.0, 13.72902986, -3.79038324, 0.0, 0.0, 34.11344917]",80.0,0.0564026925,local
2309_3,slab,-408.59704546,27138.069,True,"[6.13600378, 0.0, 0.0, 0.0, 6.13600378, -6.13600378, 0.0, 0.0, 42.95202646]",48.0,5e-08,local
2310_5,slab,-254.1695126,20900.391,True,"[6.07429175, 0.0, 0.0, 0.0, 12.1485835, -6.07429175, 0.0, 0.0, 30.37145876]",64.0,0.0,local
2311_16,slab,-546.93031988,171431.291,True,"[17.29406897, 0.0, 0.0, 4.94116256, 4.2791723, 3.60678143, 0.0, 0.0, 36.06781431]",72.0,1.2939028875,local
2311_43,slab,-548.28802647,103043.387,True,"[11.32162573, 0.0, 0.0, 0.0, 6.53654366, -3.60678143, 0.0, 0.0, 32.46103288]",72.0,1.3363609916666668,local
2311_44,slab,-548.43702043,112878.058,True,"[11.32162573, 0.0, 0.0, 0.0, 6.53654366, -3.60678143, 0.0, 0.0, 32.46103288]",72.0,1.3320461041666667,local
2312_4,slab,-278.00048949,27736.909,True,"[24.47271733, 0.0, 0.0, 0.0, 3.86663481, -6.69720795, 0.0, 0.0, 53.57766356]",60.0,0.0,local
2314_7,slab,-400.49605455,11291.996,True,"[7.13242267, 0.0, 0.0, 0.0, 6.42098087, -7.41431007, 0.0, 0.0, 44.48586043]",60.0,0.0,local
2318_1,slab,-177.01819631,86046.72,True,"[3.79508218, 0.0, -6.57327516, -0.0, 19.76102629, -4.38218344, 0.0, 0.0, 52.58620128]",60.0,1.75e-07,local
2318_8,slab,-140.8349663,30769.617,True,"[9.88051314, 0.0, 0.0, 0.0, 7.59016437, -8.76436688, 0.0, 0.0, 43.8218344]",48.0,0.025900475000000003,local
2323_8,slab,-232.92477943,18188.695,True,"[6.38167487, 0.0, 0.0, 0.0, 12.76334973, -6.38167487, 0.0, 0.0, 31.90837433]",64.0,0.0,local
2324_5,slab,-352.17256245,30482.478,True,"[6.11073093, 0.0, 0.0, 0.0, 12.22146186, -6.11073093, 0.0, 0.0, 30.55365464]",64.0,0.0,local
2327_5,slab,-262.51800162,34119.714,True,"[6.00002737, 0.0, 0.0, 0.0, 12.00005473, -6.00002737, 0.0, 0.0, 30.00013683]",64.0,0.0,local
2332_3,slab,-537.72029403,84789.069,True,"[3.87723255, 0.0, -3.87723255, 0.0, 19.50687329, -3.87723255, 0.0, 0.0, 38.77232553]",80.0,0.07871750250000001,local
2332_4,slab,-268.78763025,12508.327,True,"[9.75343665, 0.0, 0.0, -0.0, 3.87723255, 3.87723255, 0.0, 0.0, 38.77232553]",40.0,0.11989654999999999,local
2333_6,slab,-341.30072697,6442.473,True,"[6.2471007, 0.0, 0.0, 0.0, 6.2471007, 0.0, 0.0, 0.0, 31.23550351]",32.0,3.5e-07,local
2334_0,slab,-276.08595852,10206.28,True,"[6.38937282, 0.0, -6.38937282, 0.0, 6.38937282, -6.38937282, 0.0, 0.0, 51.1149826]",48.0,2.0833333333333334e-09,local
2334_3,slab,-281.12584504,7158.924,True,"[6.38937282, 0.0, 0.0, 0.0, 6.38937282, -6.38937282, 0.0, 0.0, 44.72560977]",48.0,4.166666666666667e-09,local
2334_5,slab,-369.45083785,17692.568,True,"[6.38937282, 0.0, 0.0, 0.0, 12.77874565, -6.38937282, 0.0, 0.0, 31.94686412]",64.0,0.0,local
2336_5,slab,-249.59358403,24646.672,True,"[6.0802867, 0.0, 0.0, 0.0, 12.16057341, -6.0802867, 0.0, 0.0, 30.40143352]",64.0,0.0,local
2337_1,slab,-483.43617939,18277.948,True,"[6.1037061, 0.0, -6.1037061, -0.0, 6.1037061, -6.1037061, 0.0, 0.0, 48.82964878]",48.0,2.5e-08,local
2338_9,slab,-319.64061272,52004.327,True,"[4.15366911, 0.0, 0.0, 0.0, 14.14590108, -4.15366911, 0.0, 0.0, 29.0756838]",48.0,0.9753283125,local
2345_0,slab,-345.54496523,9086.243,True,"[6.28681911, 0.0, -6.28681911, -0.0, 6.28681911, -6.28681911, 0.0, 0.0, 50.29455288]",48.0,2.9166666666666666e-08,local
2345_6,slab,-232.77690508,5472.654,True,"[6.28681911, 0.0, 0.0, 0.0, 6.28681911, 0.0, 0.0, 0.0, 31.43409555]",32.0,1.25e-08,local
2346_1,slab,-340.14114835,21418.873,True,"[5.8278075, 0.0, -5.8278075, -0.0, 5.8278075, -5.8278075, 0.0, 0.0, 46.62246003]",48.0,0.3688444270833333,local
2346_5,slab,-455.15173077,61288.813,True,"[5.8278075, 0.0, 0.0, 0.0, 11.65561501, -5.8278075, 0.0, 0.0, 29.13903752]",64.0,0.38367503125,local
2346_6,slab,-229.54979283,7557.525,True,"[5.8278075, 0.0, 0.0, 0.0, 5.8278075, 0.0, 0.0, 0.0, 29.13903752]",32.0,0.3508657875,local
2349_4,slab,,,False,,,,local
2349_5,slab,,,False,,,,local
2349_6,slab,,,False,,,,local
2350_4,slab,-459.21308423,159347.12,True,"[6.22922027, 0.0, -6.22922027, 0.0, 12.45844053, -6.22922027, 0.0, 0.0, 43.60454187]",72.0,0.07573112222222222,local
2350_5,slab,-231.68462977,30488.084,True,"[6.22922027, 0.0, 0.0, 0.0, 6.22922027, -6.22922027, 0.0, 0.0, 43.60454187]",36.0,3.8888888888888884e-08,local
2350_7,slab,-304.58750317,64697.79,True,"[6.22922027, 0.0, 0.0, 0.0, 12.45844053, -6.22922027, 0.0, 0.0, 31.14610134]",48.0,1.3125e-07,local
2351_1,slab,-414.91684409,7009.533,True,"[6.29343886, 0.0, -6.29343886, -0.0, 6.29343886, -6.29343886, 0.0, 0.0, 50.34751091]",48.0,7.708333333333333e-08,local
2359_4,slab,-177.43844504,44936.014,True,"[11.97775936, 0.0, -4.55311506, 0.0, 8.15783975, -4.55311506, 0.0, 0.0, 31.87180541]",48.0,4.166666666666667e-09,local
2363_0,slab,-347.19244032,24327.364,True,"[11.28336095, 0.0, 0.0, 3.2525533, 5.11083456, 4.67232705, 0.0, 0.0, 37.37861637]",48.0,2.4375e-07,local
2363_6,slab,-233.24354594,4007.989,True,"[4.67232705, 0.0, 0.0, 0.0, 9.51916496, -6.05803045, 0.0, 0.0, 30.29015223]",32.0,2.246875e-06,local
2371_45,slab,-252.94233008,50942.671,True,"[12.26135268, 0.0, 0.0, 0.0, 7.07909527, -4.25375431, 0.0, 0.0, 34.03003448]",54.0,0.06264041296296297,local
2375_3,slab,-391.57894454,25831.797,True,"[6.43625171, 0.0, 0.0, 0.0, 6.43625171, -6.43625171, 0.0, 0.0, 45.05376197]",48.0,2.083333333333333e-08,local
2382_3,slab,-379.74952724,28936.308,True,"[6.13751909, 0.0, 0.0, 0.0, 6.13751909, -6.13751909, 0.0, 0.0, 42.96263363]",48.0,4.166666666666667e-09,local
2384_18,slab,-172.55285451,59004.316,True,"[3.92604158, 0.0, -2.26670116, -0.0, 34.27189721, -4.53340233, 0.0, 0.0, 31.7338163]",72.0,0.0,local
2393_3,slab,-383.48969598,30761.029,True,"[6.16231607, 0.0, 0.0, 0.0, 6.16231607, -6.16231607, 0.0, 0.0, 43.13621246]",48.0,4.166666666666667e-09,local
2403_3,slab,-329.96543382,50755.068,True,"[11.05281056, 0.0, 0.0, 5.52640528, 3.19067158, 3.33295505, 0.0, 0.0, 39.99546058]",45.0,1.5677045044444444,local
2407_46,slab,-335.48159893,71804.803,True,"[13.260546, 0.0, 0.0, 0.0, 7.6559798, -3.89983861, 0.0, 0.0, 31.19870891]",54.0,0.06915350370370371,local
2409_5,slab,-288.91814102,40125.303,True,"[5.68406771, 0.0, 0.0, 0.0, 11.36813542, -5.68406771, 0.0, 0.0, 28.42033854]",64.0,1.5625e-09,local
2410_5,slab,-356.71386002,41918.464,True,"[6.06224451, 0.0, 0.0, 0.0, 12.12448901, -6.06224451, 0.0, 0.0, 30.31122253]",64.0,3.125e-09,local
2414_5,slab,-393.94226803,90111.819,True,"[4.19973291, 0.0, 4.19973291, 4.19973291, 19.64847229, 0.0, 0.0, 0.0, 41.99732913]",80.0,0.0,local
2416_46,slab,-330.24246743,81116.924,True,"[13.33518561, 0.0, 0.0, 0.0, 7.699073, -3.86027646, 0.0, 0.0, 30.88221166]",54.0,0.10178928703703703,local
2416_48,slab,-332.00341834,158649.394,True,"[7.699073, 0.0, 0.0, 7.699073, 13.33518561, 3.86027646, 0.0, 0.0, 30.88221166]",54.0,0.052667531481481476,local
2416_49,slab,-332.54347551,160591.221,True,"[7.699073, 0.0, 0.0, 7.699073, 13.33518561, 3.86027646, 0.0, 0.0, 30.88221166]",54.0,0.13233524444444444,local
2418_1,slab,-465.30347598,45943.585,True,"[5.62599558, 0.0, -5.62599558, -0.0, 5.62599558, -5.62599558, 0.0, 0.0, 50.63396025]",64.0,1.196805559375,local
2418_3,slab,-350.60601407,19308.979,True,"[5.62599558, 0.0, 0.0, 0.0, 5.62599558, -5.62599558, 0.0, 0.0, 39.38196908]",48.0,1.1898252458333334,local
2418_5,slab,-461.85879503,24441.46,True,"[5.62599558, 0.0, 0.0, 0.0, 11.25199117, -5.62599558, 0.0, 0.0, 28.12997791]",64.0,1.2419835515625,local
2420_3,slab,-170.97796011,10747.173,True,"[6.50377781, 0.0, 0.0, 0.0, 6.50377781, -6.50377781, 0.0, 0.0, 45.52644466]",48.0,0.0,local
2420_5,slab,-223.39583143,28770.528,True,"[6.50377781, 0.0, 0.0, 0.0, 13.00755562, -6.50377781, 0.0, 0.0, 32.51888904]",64.0,0.0,local
2433_2,slab,,,False,,,,local
2435_9,slab,-402.73560233,37533.701,True,"[9.68207101, 0.0, 0.0, 0.0, 7.50829799, -3.75414899, 0.0, 0.0, 30.03319196]",60.0,0.0,local
2436_0,slab,-110.40408099,12473.876,True,"[6.70686795, 0.0, -6.70686795, -0.0, 6.70686795, -6.70686795, 0.0, 0.0, 46.94807565]",48.0,0.0,local
2436_3,slab,-112.6656778,15288.934,True,"[6.70686795, 0.0, 0.0, 0.0, 6.70686795, -6.70686795, 0.0, 0.0, 46.94807565]",48.0,0.0,local
2436_5,slab,-147.97266987,28106.178,True,"[6.70686795, 0.0, 0.0, 0.0, 13.4137359, -6.70686795, 0.0, 0.0, 33.53433975]",64.0,0.0,local
2439_5,slab,-182.61905283,20998.123,True,"[6.33931708, 0.0, 0.0, 0.0, 12.67863416, -6.33931708, 0.0, 0.0, 31.69658541]",64.0,0.0,local
2441_6,slab,-250.15512517,6433.393,True,"[6.05464317, 0.0, 0.0, 0.0, 6.05464317, 0.0, 0.0, 0.0, 30.27321586]",32.0,1.019422503125,local
2442_21,slab,-371.52790866,107894.178,True,"[4.80503225, 0.0, 0.0, 0.0, 17.61637033, -8.80818516, 0.0, 0.0, 35.23274065]",72.0,0.0,local
2442_24,slab,-371.34327023,104300.315,True,"[4.80503225, 0.0, 0.0, 0.0, 17.61637033, -8.80818516, 0.0, 0.0, 35.23274065]",72.0,0.0,local
2442_5,slab,,,False,,,,local
2446_5,slab,-401.4677917,128065.434,True,"[13.75561555, 0.0, 0.0, 6.87780778, 3.97090417, 7.39010727, 0.0, 0.0, 55.42580453]",54.0,0.015373648148148148,local
2446_7,slab,-403.48403093,111687.465,True,"[13.75561555, 0.0, 0.0, 6.87780778, 3.97090417, 7.39010727, 0.0, 0.0, 55.42580453]",54.0,0.011957403703703705,local
2447_3,slab,-314.72081039,9659.737,True,"[5.58182388, 0.0, 0.0, 0.0, 5.58182388, -5.58182388, 0.0, 0.0, 39.07276716]",48.0,3.125e-07,local
2450_22,slab,-512.30435061,72391.422,True,"[3.43873902, 0.0, -1.9853569, -0.0, 19.4756813, -3.97071379, 0.0, 0.0, 31.76571034]",72.0,1.317359788888889,local
2452_3,slab,-430.99557385,20473.149,True,"[6.53326116, 0.0, 0.0, 0.0, 6.53326116, -6.53326116, 0.0, 0.0, 45.7328281]",48.0,6.875e-08,local
2453_17,slab,,,False,,,,local
2453_18,slab,,,False,,,,local
2453_19,slab,,,False,,,,local
2454_1,slab,-382.96611992,14114.516,True,"[6.27421176, 0.0, -6.27421176, -0.0, 6.27421176, -6.27421176, 0.0, 0.0, 50.19369405]",48.0,5.833333333333333e-08,local
2456_48,slab,-382.70797323,83842.674,True,"[19.44735695, 0.0, 5.66131824, 11.38455455, 7.82894761, 0.0, 0.0, 0.0, 28.30659119]",80.0,0.0,local
2456_76,slab,-382.18409365,83738.91,True,"[9.72367847, 0.0, 0.0, -3.32175215, 15.65789522, -5.66131824, 0.0, 0.0, 28.30659119]",80.0,0.0,local
2459_8,slab,-413.37363742,82445.788,True,"[5.32973265, 0.0, -9.23136773, -0.0, 7.00374891, -6.15424516, 0.0, 0.0, 61.54245155]",72.0,0.0,local
2460_2,slab,-483.8025493,155553.543,True,"[4.19558054, 0.0, -4.19558054, 0.0, 20.85928163, -4.19558054, 0.0, 0.0, 41.9558054]",80.0,0.0,local
2460_3,slab,-484.93786461,149913.968,True,"[4.19558054, 0.0, -4.19558054, 0.0, 20.85928163, -4.19558054, 0.0, 0.0, 41.9558054]",80.0,0.0,local
2460_5,slab,-362.95642129,60256.731,True,"[8.39116108, 0.0, -4.19558054, -0.0, 10.42964081, -4.19558054, 0.0, 0.0, 33.56464432]",60.0,0.0,local
2463_14,slab,-306.6066644,51926.509,True,"[4.263496, 0.0, 0.0, 0.0, 20.54365, -4.263496, 0.0, 0.0, 29.84447202]",60.0,0.0,local
2472_2,slab,-283.33593549,19911.746,True,"[3.99285851, 0.0, -3.99285851, -0.0, 13.88778094, -3.99285851, 0.0, 0.0, 39.92858514]",56.0,0.0,local
2475_1,slab,-393.03198468,30120.788,True,"[6.44205195, 0.0, -6.44205195, -0.0, 6.44205195, -6.44205195, 0.0, 0.0, 51.5364156]",48.0,0.029857652083333335,local
2476_6,slab,-176.341725,5251.945,True,"[5.47836383, 0.0, 0.0, 0.0, 5.47836383, 0.0, 0.0, 0.0, 27.39181916]",32.0,0.205097825,local
2482_14,slab,-458.26464383,44262.976,True,"[4.18274229, 0.0, 0.0, 0.0, 19.1515875, -4.18274229, 0.0, 0.0, 29.27919601]",60.0,1.94e-06,local
2485_6,slab,-270.80052727,170707.034,True,"[3.79748036, 0.0, -6.57742893, 0.0, 14.52716816, -4.38495262, 0.0, 0.0, 52.61943143]",60.0,0.0,local
2485_7,slab,-270.63048091,89137.213,True,"[3.79748036, 0.0, -6.57742893, 0.0, 14.52716816, -4.38495262, 0.0, 0.0, 52.61943143]",60.0,0.0,local
2485_9,slab,-270.75396954,81581.217,True,"[3.79748036, 0.0, -6.57742893, 0.0, 14.52716816, -4.38495262, 0.0, 0.0, 52.61943143]",60.0,2.137333333333333e-05,local
2486_16,slab,-521.05480394,146082.395,True,"[20.76731524, 0.0, 0.0, 5.93351864, 5.13857787, 3.35342592, 0.0, 0.0, 33.53425919]",72.0,1.9543055555555557e-05,local
2486_41,slab,-522.99810607,110168.874,True,"[13.59539915, 0.0, 0.0, 0.0, 7.84930736, -3.35342592, 0.0, 0.0, 30.18083327]",72.0,0.012254319444444444,local
2494_5,slab,-430.08534569,53642.219,True,"[6.65230056, 0.0, 0.0, 0.0, 13.30460112, -6.65230056, 0.0, 0.0, 33.26150279]",64.0,0.0,local
2495_3,slab,-317.0672022,39566.685,True,"[6.28471015, 0.0, 0.0, -0.0, 6.28471015, 6.28471015, 0.0, 0.0, 43.99297106]",48.0,1.1176233583333333,local
2498_2,slab,-390.07171336,34850.721,True,"[5.79047929, 0.0, -5.79047929, -0.0, 5.79047929, -5.79047929, 0.0, 0.0, 46.32383435]",48.0,0.7742141166666667,local
2501_46,slab,-269.30488503,34993.101,True,"[13.60861159, 0.0, 0.0, 0.0, 7.85693557, -3.81242729, 0.0, 0.0, 30.49941833]",54.0,0.0,local
2501_47,slab,-269.99167445,46123.476,True,"[13.60861159, 0.0, 0.0, 0.0, 7.85693557, -3.81242729, 0.0, 0.0, 30.49941833]",54.0,0.0,local
2506_0,slab,-154.49991409,13719.648,True,"[7.10962588, 0.0, 7.10962588, 7.10962588, 7.10962588, -0.0, 0.0, 0.0, 49.76738114]",48.0,6.25e-09,local
2506_3,slab,-102.93509417,6351.368,True,"[7.10962588, 0.0, 0.0, 0.0, 7.10962588, -7.10962588, 0.0, 0.0, 35.54812938]",32.0,3.125e-09,local
2506_5,slab,-207.24368827,92143.27,True,"[7.10962588, 0.0, 0.0, 0.0, 14.21925175, -7.10962588, 0.0, 0.0, 35.54812938]",64.0,0.0,local
2512_2,slab,-215.50734364,60791.619,True,"[7.62938292, 0.0, -7.62938292, 0.0, 15.25876584, -7.62938292, 0.0, 0.0, 38.14691459]",64.0,0.0,local
2512_3,slab,-109.33879272,11480.452,True,"[7.62938292, 0.0, 0.0, 0.0, 7.62938292, -7.62938292, 0.0, 0.0, 38.14691459]",32.0,0.0,local
2513_14,slab,-213.93451217,4370.342,True,"[3.84797964, 0.0, -3.84797964, -0.0, 8.61046542, -7.69595928, 0.0, 0.0, 46.1757557]",40.0,6.250000000000001e-08,local
2513_8,slab,-250.71749333,9798.283,True,"[8.61046542, 0.0, 0.0, 0.0, 7.69595928, -3.84797964, 0.0, 0.0, 30.78383714]",48.0,0.012456033333333333,local
2517_13,slab,-272.83826614,18802.484,True,"[4.61095437, 0.0, -2.66213575, -0.0, 12.80823348, -5.32427149, 0.0, 0.0, 37.26990045]",54.0,0.05061144629629629,local
2517_3,slab,-364.35971761,53242.828,True,"[12.80823348, 0.0, 0.0, 0.0, 4.61095437, -7.98640724, 0.0, 0.0, 53.24271493]",72.0,2.5833333333333333e-07,local
2518_10,slab,-160.10246052,17054.856,True,"[6.55012204, 0.0, 0.0, 6.42866888, 7.36745127, 4.19496661, 0.0, 0.0, 33.55973288]",36.0,0.0,local
2518_13,slab,-322.39403598,127987.726,True,"[9.77788943, 0.0, -4.19496661, 1.16487207, 9.87078148, 0.0, 0.0, 0.0, 29.36476627]",72.0,0.0,local
2520_6,slab,-218.83799314,2152.248,True,"[6.00659721, 0.0, 0.0, 0.0, 6.00659721, 0.0, 0.0, 0.0, 30.03298606]",32.0,3.125e-09,local
2522_1,slab,-370.38670174,11801.086,True,"[5.96853668, 0.0, -5.96853668, -0.0, 5.96853668, -5.96853668, 0.0, 0.0, 47.74829343]",48.0,0.6910595562499999,local
2524_9,slab,-486.06925514,70831.189,True,"[8.23707048, 0.0, -9.51134972, -0.0, 6.61626509, -4.75567486, 0.0, 0.0, 47.55674859]",72.0,6.198611111111111e-06,local
2526_1,slab,-217.54491806,34493.837,True,"[6.58401959, 0.0, -6.58401959, -0.0, 6.58401959, -6.58401959, 0.0, 0.0, 46.08813714]",48.0,0.0,local
2526_3,slab,-221.46990138,13080.507,True,"[6.58401959, 0.0, 0.0, 0.0, 6.58401959, -6.58401959, 0.0, 0.0, 46.08813714]",48.0,4.166666666666667e-09,local
2526_5,slab,-290.29463752,52609.808,True,"[6.58401959, 0.0, 0.0, 0.0, 13.16803918, -6.58401959, 0.0, 0.0, 32.92009796]",64.0,0.0,local
2529_1,slab,-238.59961722,19265.021,True,"[6.32123182, 0.0, -6.32123182, -0.0, 6.32123182, -6.32123182, 0.0, 0.0, 50.56985453]",48.0,8.333333333333334e-09,local
2531_2,slab,-172.29845134,3260.273,True,"[6.09457478, 0.0, -6.09457478, -0.0, 6.09457478, -6.09457478, 0.0, 0.0, 48.75659825]",48.0,6.25e-09,local
2531_3,slab,-169.58464797,4598.772,True,"[6.09457478, 0.0, -6.09457478, -0.0, 6.09457478, -6.09457478, 0.0, 0.0, 48.75659825]",48.0,0.0,local
2538_13,slab,-414.11505089,40912.657,True,"[4.54150329, 0.0, -2.62203815, 0.0, 13.04369606, -5.2440763, 0.0, 0.0, 36.70853408]",54.0,3.109259259259259e-06,local
2539_9,slab,-187.42833506,59295.884,True,"[7.41767158, 0.0, -8.56518937, -0.0, 9.44408911, -4.28259468, 0.0, 0.0, 42.82594685]",72.0,0.0,local
2541_53,slab,-311.65538794,45790.124,True,"[8.47175698, 0.0, 0.0, 0.0, 8.47175698, 0.0, 0.0, 0.0, 32.49174496]",54.0,0.0,local
2543_45,slab,-368.91772082,68203.6,True,"[13.6060735, 0.0, 0.0, 0.0, 7.8554702, -3.8059777, 0.0, 0.0, 30.44782163]",54.0,0.017169805555555556,local
2543_46,slab,,,False,,,,local
2543_48,slab,-370.11935558,75718.662,True,"[7.8554702, 0.0, 0.0, 7.8554702, 13.6060735, 3.8059777, 0.0, 0.0, 30.44782163]",54.0,0.019495455555555558,local
2544_3,slab,-566.59617586,83000.751,True,"[3.74410885, 0.0, -3.74410885, 0.0, 19.32766672, -3.74410885, 0.0, 0.0, 37.44108855]",80.0,0.08152944125,local
2544_4,slab,-283.12081662,7309.155,True,"[9.66383336, 0.0, 0.0, 0.0, 3.74410885, -3.74410885, 0.0, 0.0, 37.44108855]",40.0,0.12336444499999999,local
2556_8,slab,-429.45581897,137706.279,True,"[5.98058464, 0.0, -10.35867645, -0.0, 6.91822762, -6.9057843, 0.0, 0.0, 62.15205869]",72.0,0.0,local
2558_1,slab,-322.87477244,12883.417,True,"[6.03734596, 0.0, -6.03734596, -0.0, 6.03734596, -6.03734596, 0.0, 0.0, 48.29876765]",48.0,0.8273929,local
2562_5,slab,-349.1460397,34233.288,True,"[6.29426126, 0.0, 0.0, 0.0, 12.58852252, -6.29426126, 0.0, 0.0, 31.47130629]",64.0,1.1220359234375,local
2565_0,slab,-123.60600561,5307.393,True,"[6.29846697, 0.0, -6.29846697, -0.0, 6.29846697, -6.29846697, 0.0, 0.0, 50.3877358]",48.0,3.75e-08,local
2565_8,slab,-170.2382167,15076.404,True,"[6.29846697, 0.0, 0.0, 0.0, 12.59693395, -6.29846697, 0.0, 0.0, 31.49233487]",64.0,0.0,local
2566_11,slab,-491.23552043,89495.97,True,"[8.07824116, 0.0, -4.03912058, 0.0, 15.15746785, -4.03912058, 0.0, 0.0, 32.31296463]",72.0,0.021533801388888888,local
2567_10,slab,-245.52644139,112003.14,True,"[7.37454135, 0.0, -8.51538687, -0.0, 14.6591508, -4.25769344, 0.0, 0.0, 42.57693436]",80.0,0.04548509375,local
2567_11,slab,-250.41307478,78528.875,True,"[7.37454135, 0.0, -8.51538687, -0.0, 14.6591508, -4.25769344, 0.0, 0.0, 42.57693436]",80.0,0.0,local
2568_9,slab,-236.80261015,19870.072,True,"[7.70344415, 0.0, 0.0, 0.0, 10.8751284, -4.3548125, 0.0, 0.0, 30.48368748]",48.0,4.166666666666667e-09,local
2569_1,slab,-390.37846497,22478.812,True,"[5.52179843, 0.0, 5.52179843, 5.52179843, 5.52179843, -0.0, 0.0, 0.0, 49.69618585]",64.0,0.86622208125,local
2570_1,slab,-514.54919748,15896.571,True,"[6.39264928, 0.0, -6.39264928, -0.0, 6.39264928, -6.39264928, 0.0, 0.0, 51.14119422]",48.0,1.6666666666666667e-08,local
2570_3,slab,-522.83116469,14419.191,True,"[6.39264928, 0.0, 0.0, 0.0, 6.39264928, -6.39264928, 0.0, 0.0, 44.74854494]",48.0,2.2916666666666667e-08,local
2570_5,slab,-687.93765711,20385.957,True,"[6.39264928, 0.0, 0.0, 0.0, 12.78529856, -6.39264928, 0.0, 0.0, 31.96324639]",64.0,1.875e-08,local
2571_5,slab,-457.32951613,34085.539,True,"[6.02852669, 0.0, 0.0, 0.0, 12.05705337, -6.02852669, 0.0, 0.0, 30.14263343]",64.0,0.0,local
2572_3,slab,-246.69737201,28345.1,True,"[5.945739, 0.0, 0.0, 0.0, 5.945739, -5.945739, 0.0, 0.0, 41.62017301]",48.0,2.2916666666666667e-08,local
2581_1,slab,-288.81962451,24279.656,True,"[6.54654511, 0.0, -6.54654511, -0.0, 6.54654511, -6.54654511, 0.0, 0.0, 45.8258158]",48.0,4.166666666666667e-09,local
2581_3,slab,-289.77258625,20018.629,True,"[6.54654511, 0.0, 0.0, 0.0, 6.54654511, -6.54654511, 0.0, 0.0, 45.8258158]",48.0,2.4897916666666664e-05,local
2581_5,slab,-383.61138164,67379.197,True,"[6.54654511, 0.0, 0.0, 0.0, 13.09309023, -6.54654511, 0.0, 0.0, 32.73272557]",64.0,0.0,local
2582_0,slab,-297.5989876,31107.448,True,"[7.02179221, 0.0, -7.02179221, -0.0, 7.02179221, -7.02179221, 0.0, 0.0, 49.15254548]",48.0,9.375e-07,local
2582_1,slab,-301.73056104,15104.021,True,"[7.02179221, 0.0, -7.02179221, -0.0, 7.02179221, -7.02179221, 0.0, 0.0, 49.15254548]",48.0,8.333333333333334e-09,local
2582_3,slab,-304.41997191,21203.371,True,"[7.02179221, 0.0, 0.0, 0.0, 7.02179221, -7.02179221, 0.0, 0.0, 49.15254548]",48.0,7.291666666666666e-08,local
2589_2,slab,-148.06428756,18942.648,True,"[6.53877138, 0.0, -6.53877138, -0.0, 6.53877138, -6.53877138, 0.0, 0.0, 45.77139963]",48.0,0.0,local
2596_1,slab,-287.61266084,31564.499,True,"[6.50979974, 0.0, -6.50979974, -0.0, 6.50979974, -6.50979974, 0.0, 0.0, 45.56859815]",48.0,1.0416666666666666e-08,local
2596_3,slab,-293.3878084,20568.794,True,"[6.50979974, 0.0, 0.0, 0.0, 6.50979974, -6.50979974, 0.0, 0.0, 45.56859815]",48.0,2.0833333333333334e-09,local
2596_5,slab,-386.36375217,50417.225,True,"[6.50979974, 0.0, 0.0, 0.0, 13.01959947, -6.50979974, 0.0, 0.0, 32.54899868]",64.0,0.0,local
2597_5,slab,-284.38130383,48080.572,True,"[6.09666702, 0.0, 0.0, 0.0, 12.19333403, -6.09666702, 0.0, 0.0, 30.48333508]",64.0,0.0,local
2599_15,slab,-181.90666645,31929.813,True,"[8.03885626, 0.0, 4.07631253, 4.01942813, 8.24706389, 0.0, 0.0, 0.0, 32.61050027]",48.0,0.0,local
2599_18,slab,-154.10320624,19063.248,True,"[4.07631253, 0.0, -4.01942813, -0.0, 8.24706389, -8.03885626, 0.0, 0.0, 48.23313758]",40.0,2.5e-09,local
2605_14,slab,-325.09399095,63970.763,True,"[3.97599692, 0.0, 0.0, 0.0, 23.24242406, -3.97599692, 0.0, 0.0, 27.83197843]",60.0,0.027137316666666668,local
2605_18,slab,-215.93587141,21918.713,True,"[3.97599692, 0.0, -3.97599692, 0.0, 11.62121203, -7.95199384, 0.0, 0.0, 39.75996918]",40.0,0.0484280675,local
2606_1,slab,-217.80934498,3797.491,True,"[6.02566961, 0.0, -6.02566961, -0.0, 6.02566961, -6.02566961, 0.0, 0.0, 48.20535688]",48.0,0.0,local
2610_18,slab,,,False,,,,local
2610_19,slab,,,False,,,,local
2610_20,slab,,,False,,,,local
2614_16,slab,-602.63134797,134241.343,True,"[17.87934813, 0.0, 0.0, 5.10838518, 4.42399134, 3.83388037, 0.0, 0.0, 38.33880373]",72.0,0.0,local
2614_46,slab,-448.21840546,49389.421,True,"[11.70478088, 0.0, 0.0, 0.0, 6.75775839, -3.83388037, 0.0, 0.0, 30.67104298]",54.0,0.0,local
2614_5,slab,,,False,,,,local
895_1,slab,-453.58091063,20809.896,True,"[5.95345598, 0.0, -5.95345598, -0.0, 5.95345598, -5.95345598, 0.0, 0.0, 47.62764785]",48.0,0.2716181791666667,local
895_3,slab,-458.49932261,31562.071,True,"[5.95345598, 0.0, 0.0, -0.0, 5.95345598, 5.95345598, 0.0, 0.0, 41.67419187]",48.0,0.22952226875,local
895_6,slab,-304.45635537,12095.436,True,"[5.95345598, 0.0, 0.0, 0.0, 5.95345598, 0.0, 0.0, 0.0, 29.7672799]",32.0,0.410702640625,local
897_14,slab,-353.55428483,45805.398,True,"[4.09770414, 0.0, 0.0, 0.0, 26.32169309, -4.09770414, 0.0, 0.0, 28.68392898]",60.0,0.0,local
901_3,slab,,,False,,,,local
903_0,slab,-307.93502811,20117.074,True,"[6.05715498, 0.0, -6.05715498, -0.0, 6.05715498, -6.05715498, 0.0, 0.0, 48.45723988]",48.0,0.13586339583333332,local
904_9,slab,-229.98912223,31414.852,True,"[10.22037516, 0.0, 0.0, 0.0, 8.35657618, -4.17828809, 0.0, 0.0, 33.42630473]",60.0,0.0,local
906_5,slab,,,False,,,,local
907_6,slab,-350.37374148,123686.109,True,"[7.94229993, 0.0, -3.97114997, -0.0, 12.64747841, -3.97114997, 0.0, 0.0, 31.76919972]",60.0,0.27239917999999996,local
908_1,slab,-484.50802838,12123.32,True,"[6.38821418, 0.0, -6.38821418, -0.0, 6.38821418, -6.38821418, 0.0, 0.0, 51.10571346]",48.0,2.0833333333333334e-09,local
924_19,slab,-213.18559484,7646.54,True,"[5.72652764, 0.0, 0.0, 5.72652764, 5.72652764, 7.08876714, 0.0, 0.0, 49.62136999]",42.0,0.0,local
924_2,slab,-280.34623392,17036.896,True,"[4.04926653, 0.0, -4.04926653, -0.0, 14.17753428, -4.04926653, 0.0, 0.0, 40.49266527]",56.0,0.0,local
924_3,slab,-279.86790254,15190.961,True,"[4.04926653, 0.0, -4.04926653, -0.0, 14.17753428, -4.04926653, 0.0, 0.0, 40.49266527]",56.0,0.0,local
929_6,slab,-317.7363719,5300.595,True,"[6.52816172, 0.0, 0.0, 0.0, 6.52816172, 0.0, 0.0, 0.0, 32.64080861]",32.0,1.209375e-06,local
930_11,slab,-160.05651827,93697.717,True,"[9.76153038, 0.0, -4.88076519, -0.0, 16.70258254, -4.88076519, 0.0, 0.0, 34.16535632]",72.0,0.048659905555555556,local
930_12,slab,-161.38833679,64183.026,True,"[9.76153038, 0.0, -4.88076519, -0.0, 16.70258254, -4.88076519, 0.0, 0.0, 34.16535632]",72.0,2.7777777777777776e-09,local
930_13,slab,-161.27325506,102047.031,True,"[9.76153038, 0.0, -4.88076519, -0.0, 16.70258254, -4.88076519, 0.0, 0.0, 34.16535632]",72.0,0.014520783333333334,local
932_0,slab,-456.91934671,27813.122,True,"[6.5448842, 0.0, -6.5448842, 0.0, 6.5448842, -6.5448842, 0.0, 0.0, 45.81418942]",48.0,6.25e-09,local
932_3,slab,-463.85181804,22413.269,True,"[6.5448842, 0.0, 0.0, 0.0, 6.5448842, -6.5448842, 0.0, 0.0, 45.81418942]",48.0,4.166666666666667e-09,local
932_5,slab,-610.92621348,50664.347,True,"[6.5448842, 0.0, 0.0, 0.0, 13.08976841, -6.5448842, 0.0, 0.0, 32.72442102]",64.0,1.5625e-09,local
933_27,slab,-344.39049321,57928.573,True,"[14.14855658, 0.0, -7.39416019, -0.0, 3.70313232, -3.69708009, 0.0, 0.0, 44.36496113]",60.0,0.0,local
933_28,slab,-343.0013132,127150.961,True,"[14.14855658, 0.0, -7.39416019, -0.0, 3.70313232, -3.69708009, 0.0, 0.0, 44.36496113]",60.0,0.02081621,local
933_29,slab,-344.21629353,50941.698,True,"[14.14855658, 0.0, -7.39416019, -0.0, 3.70313232, -3.69708009, 0.0, 0.0, 44.36496113]",60.0,3.333333333333333e-09,local
934_12,slab,-242.46192531,18418.451,True,"[4.67438794, 0.0, 0.0, 0.0, 17.37389372, -4.74823197, 0.0, 0.0, 33.23762379]",48.0,0.0,local
934_53,slab,-240.20070222,18071.027,True,"[4.74823197, 0.0, 0.0, -0.0, 17.37389372, 9.34877589, 0.0, 0.0, 32.72071561]",48.0,0.0,local
937_0,slab,-431.7458709,36987.222,True,"[5.69170433, 0.0, -5.69170433, -0.0, 5.69170433, -5.69170433, 0.0, 0.0, 51.22533893]",64.0,1.0306885046875,local
937_5,slab,-428.03931928,41253.482,True,"[5.69170433, 0.0, 0.0, 0.0, 11.38340865, -5.69170433, 0.0, 0.0, 28.45852163]",64.0,1.2377880046875,local
939_5,slab,-408.60316349,50284.751,True,"[6.01037846, 0.0, 0.0, 0.0, 12.02075692, -6.01037846, 0.0, 0.0, 30.05189231]",64.0,0.0,local
941_11,slab,,,False,,,,local
945_1,slab,-385.28761809,19953.899,True,"[6.39029792, 0.0, -6.39029792, -0.0, 6.39029792, -6.39029792, 0.0, 0.0, 51.12238337]",48.0,3.125e-08,local
948_6,slab,,,False,,,,local
955_48,slab,-319.15270361,60307.458,True,"[4.44335348, 0.0, 0.0, 0.0, 13.27671638, -10.16912765, 0.0, 0.0, 40.67651062]",64.0,3.125e-09,local
956_3,slab,-257.73180321,7584.779,True,"[6.01563155, 0.0, 0.0, 0.0, 6.01563155, -6.01563155, 0.0, 0.0, 42.10942084]",48.0,6.25e-09,local
957_0,slab,-175.37203304,6195.446,True,"[6.06947351, 0.0, -6.06947351, -0.0, 6.06947351, -6.06947351, 0.0, 0.0, 48.55578811]",48.0,6.25e-09,local
963_10,slab,,,False,,,,local
963_21,slab,,,False,,,,local
963_33,slab,-242.99406835,169343.035,True,"[7.73093187, 0.0, -7.15750091, 0.0, 14.82563484, -14.31500181, 0.0, 0.0, 50.10250634]",60.0,0.9662687316666666,local
967_5,slab,-205.48150355,18410.039,True,"[6.38370973, 0.0, 0.0, 0.0, 12.76741947, -6.38370973, 0.0, 0.0, 31.91854866]",64.0,0.0,local
972_3,slab,-316.64874012,20455.483,True,"[5.98706411, 0.0, 0.0, 0.0, 5.98706411, -5.98706411, 0.0, 0.0, 41.90944876]",48.0,1.2796161104166666,local
974_13,slab,-363.78745643,111561.589,True,"[6.73552007, 0.0, -0.02689568, -0.0, 8.42304982, -4.85915679, 0.0, 0.0, 34.0140975]",54.0,0.0,local
974_15,slab,-361.92959597,45321.696,True,"[6.73552007, 0.0, -0.02689568, -0.0, 8.42304982, -4.85915679, 0.0, 0.0, 34.0140975]",54.0,1.8518518518518518e-09,local
974_56,slab,-481.00676715,71180.543,True,"[9.72413474, 0.0, 0.019403, 4.85617051, 8.41794041, 6.77437977, 0.0, 0.0, 33.67786885]",72.0,0.0,local
980_14,slab,-164.16791667,161520.11,True,"[12.55774853, 0.0, -6.27887427, -0.0, 12.01144015, -6.27887427, 0.0, 0.0, 31.39437133]",56.0,0.0,local
984_3,slab,-428.28636944,21988.792,True,"[6.36477549, 0.0, 0.0, 0.0, 6.36477549, -6.36477549, 0.0, 0.0, 44.55342842]",48.0,2.2916666666666667e-08,local
984_5,slab,-563.83804755,39520.648,True,"[6.36477549, 0.0, 0.0, 0.0, 12.72955098, -6.36477549, 0.0, 0.0, 31.82387745]",64.0,1.015625e-07,local
985_0,slab,-355.65091073,13458.585,True,"[6.30665247, 0.0, -6.30665247, -0.0, 6.30665247, -6.30665247, 0.0, 0.0, 50.45321978]",48.0,5.208333333333334e-08,local
987_13,slab,-325.42894001,14260.498,True,"[8.19097366, 0.0, 0.0, 0.0, 6.52794742, -3.26397371, 0.0, 0.0, 32.6397371]",48.0,5e-08,local
987_5,slab,-407.53871104,46073.094,True,"[3.26397371, 0.0, -3.26397371, -0.0, 16.38194732, -3.26397371, 0.0, 0.0, 39.16768451]",60.0,0.01074849,local
987_7,slab,-323.44325444,39493.921,True,"[6.52794742, 0.0, -3.26397371, -0.0, 8.19097366, -3.26397371, 0.0, 0.0, 32.6397371]",48.0,0.013710220833333333,local
990_0,slab,-270.4937224,9039.477,True,"[5.926304, 0.0, -5.926304, -0.0, 5.926304, -5.926304, 0.0, 0.0, 47.41043197]",48.0,0.0,local
990_1,slab,-265.94688795,8922.638,True,"[5.926304, 0.0, -5.926304, -0.0, 5.926304, -5.926304, 0.0, 0.0, 47.41043197]",48.0,6.25e-09,local
990_6,slab,-180.10317268,4776.387,True,"[5.926304, 0.0, 0.0, 0.0, 5.926304, 0.0, 0.0, 0.0, 29.63151998]",32.0,0.0,local
992_23,slab,-704.83698091,77149.185,True,"[8.73478436, 0.0, 0.0, 8.73478436, 8.73478436, 4.92151053, 0.0, 0.0, 34.4505737]",72.0,0.0,local
992_24,slab,-705.61448297,49073.684,True,"[8.73478436, 0.0, 0.0, 8.73478436, 8.73478436, 4.92151053, 0.0, 0.0, 34.4505737]",72.0,1.111111111111111e-08,local
996_1,slab,-381.54386383,7990.518,True,"[6.0292556, 0.0, 6.0292556, 6.0292556, 6.0292556, -0.0, 0.0, 0.0, 48.23404478]",48.0,3.541666666666667e-08,local
996_3,slab,-388.00773723,14519.133,True,"[6.0292556, 0.0, 0.0, -0.0, 6.0292556, 6.0292556, 0.0, 0.0, 42.20478918]",48.0,1.25e-08,local
996_5,slab,-511.54146272,58575.468,True,"[6.0292556, 0.0, 0.0, 0.0, 12.05851119, -6.0292556, 0.0, 0.0, 30.14627799]",64.0,0.0,local
998_1,slab,-280.42872913,13586.897,True,"[5.97075658, 0.0, -5.97075658, -0.0, 5.97075658, -5.97075658, 0.0, 0.0, 47.76605264]",48.0,0.17259635625,local
1009_16,slab,-283.36092083,82549.635,True,"[3.89328572, 0.0, -3.89328572, 0.0, 9.93129749, -7.78657143, 0.0, 0.0, 46.71942859]",50.0,0.09911849,remote
1009_17,slab,-286.13843122,31141.245,True,"[3.89328572, 0.0, -3.89328572, 0.0, 9.93129749, -7.78657143, 0.0, 0.0, 46.71942859]",50.0,3.9999999999999994e-09,remote
1009_4,slab,-225.67891232,38004.477,True,"[9.93129749, 0.0, 0.0, 0.0, 3.89328572, -3.89328572, 0.0, 0.0, 38.93285716]",40.0,0.1395356625,remote
1010_47,slab,-407.16102179,224845.794,True,"[11.8208815, 0.0, 0.0, 0.0, 6.82478911, -3.12362851, 0.0, 0.0, 31.23628512]",72.0,0.05899186111111111,remote
1012_2,slab,-384.90767355,191843.8,True,"[6.82729991, 0.0, -6.82729991, -0.0, 6.82729991, -6.82729991, 0.0, 0.0, 47.79109935]",72.0,0.08274101805555556,remote
1014_3,slab,-460.98240961,44539.492,True,"[6.2107684, 0.0, 0.0, 0.0, 6.2107684, -6.2107684, 0.0, 0.0, 43.47537877]",48.0,5e-08,remote
1015_4,slab,-292.53352358,153663.232,True,"[7.65195022, 0.0, -8.83571104, -0.0, 5.51117811, -4.41785552, 0.0, 0.0, 44.17855521]",48.0,1.6041666666666668e-07,remote
1017_0,slab,-423.44965293,60366.591,True,"[5.78945393, 0.0, -5.78945393, -0.0, 5.78945393, -5.78945393, 0.0, 0.0, 46.31563147]",48.0,0.22882326249999999,remote
1019_14,slab,,,False,,,,remote
1019_15,slab,,,False,,,,remote
1019_5,slab,,,False,,,,remote
1020_0,slab,-278.47325509,24597.225,True,"[5.75156206, 0.0, -5.75156206, -0.0, 5.75156206, -5.75156206, 0.0, 0.0, 51.76405856]",64.0,0.0,remote
1020_3,slab,-211.70896615,21286.533,True,"[5.75156206, 0.0, 0.0, 0.0, 5.75156206, -5.75156206, 0.0, 0.0, 40.26093444]",48.0,2.0833333333333334e-09,remote
1020_5,slab,-279.24784933,36683.44,True,"[5.75156206, 0.0, 0.0, 0.0, 11.50312412, -5.75156206, 0.0, 0.0, 28.75781031]",64.0,0.0,remote
1025_46,slab,-598.2398027,111383.981,True,"[11.60774482, 0.0, 0.0, 0.0, 6.70173459, -3.70867498, 0.0, 0.0, 33.37807483]",72.0,0.0,remote
1030_10,slab,-345.91403062,257723.965,True,"[11.59958129, 0.0, 0.0, 0.0, 7.94070197, -3.97035098, 0.0, 0.0, 31.76280786]",60.0,0.33238338666666667,remote
1030_15,slab,,,False,,,,remote
1030_2,slab,,,False,,,,remote
1032_0,slab,-235.91667012,13199.868,True,"[6.03149982, 0.0, -6.03149982, -0.0, 6.03149982, -6.03149982, 0.0, 0.0, 48.25199858]",48.0,0.0,remote
1032_5,slab,-322.80608254,113910.469,True,"[6.03149982, 0.0, 0.0, 0.0, 12.06299965, -6.03149982, 0.0, 0.0, 30.15749911]",64.0,0.0,remote
1034_14,slab,-197.81772103,15107.999,True,"[6.02883942, 0.0, 0.0, 0.0, 6.02883942, 0.0, 0.0, 0.0, 30.1441971]",48.0,0.0,remote
1034_1,slab,-290.13235546,21749.029,True,"[6.02883942, 0.0, -6.02883942, -0.0, 6.02883942, -6.02883942, 0.0, 0.0, 48.23071535]",72.0,1.3888888888888888e-09,remote
1036_3,slab,-399.02235441,55412.505,True,"[5.66339993, 0.0, 0.0, -0.0, 5.66339993, 5.66339993, 0.0, 0.0, 39.64379951]",48.0,0.3897471604166667,remote
1036_5,slab,-526.27971097,187504.002,True,"[5.66339993, 0.0, 0.0, 0.0, 11.32679986, -5.66339993, 0.0, 0.0, 28.31699965]",64.0,0.4761076328125,remote
1036_6,slab,-265.14184616,56065.54,True,"[5.66339993, 0.0, 0.0, 0.0, 5.66339993, 0.0, 0.0, 0.0, 28.31699965]",32.0,0.348053353125,remote
1039_5,slab,-370.73953712,106394.289,True,"[6.33916218, 0.0, 0.0, 0.0, 12.67832437, -6.33916218, 0.0, 0.0, 31.69581092]",64.0,0.0,remote
1047_3,slab,-371.31094498,72120.315,True,"[5.7613881, 0.0, 0.0, 0.0, 5.7613881, -5.7613881, 0.0, 0.0, 40.32971668]",48.0,0.08339509166666666,remote
1049_3,slab,-298.62306757,81185.099,True,"[6.21012321, 0.0, 0.0, 0.0, 6.21012321, -6.21012321, 0.0, 0.0, 43.47086249]",48.0,0.11495139583333334,remote
1052_3,slab,,,False,,,,remote
1052_4,slab,-441.96132361,266603.088,True,"[5.90966582, 0.0, -5.90966582, 0.0, 11.81933164, -5.90966582, 0.0, 0.0, 41.36766074]",72.0,1.3246866597222222,remote
1052_5,slab,-223.22114337,48794.492,True,"[5.90966582, 0.0, 0.0, -0.0, 5.90966582, 5.90966582, 0.0, 0.0, 41.36766074]",36.0,1.332652161111111,remote
1059_0,slab,-400.19369575,28458.513,True,"[6.05523079, 0.0, -6.05523079, -0.0, 6.05523079, -6.05523079, 0.0, 0.0, 48.44184633]",48.0,1.25e-08,remote
1061_2,slab,-463.25571182,296811.741,True,"[4.05804573, 0.0, -4.05804573, -0.0, 26.92891813, -4.05804573, 0.0, 0.0, 40.58045728]",80.0,0.0,remote
1063_17,slab,-264.6556631,105402.468,True,"[3.71688263, 0.0, -2.14594319, -0.0, 26.9722473, -4.29188637, 0.0, 0.0, 34.33509096]",63.0,0.0,remote
1066_1,slab,-294.72942883,85255.374,True,"[6.95321015, 0.0, -6.95321015, -0.0, 6.95321015, -6.95321015, 0.0, 0.0, 48.67247107]",48.0,0.06648366458333334,remote
1066_5,slab,-399.20241375,236935.586,True,"[6.95321015, 0.0, 0.0, 0.0, 13.9064203, -6.95321015, 0.0, 0.0, 34.76605076]",64.0,0.0079079796875,remote
1067_0,slab,-122.71125152,58798.592,True,"[6.6650325, 0.0, 6.6650325, 6.6650325, 6.6650325, -0.0, 0.0, 0.0, 46.65522748]",48.0,0.0,remote
1067_5,slab,-165.98016289,102698.73,True,"[6.6650325, 0.0, 0.0, 0.0, 13.33006499, -6.6650325, 0.0, 0.0, 33.32516248]",64.0,0.0,remote
1068_3,slab,-265.13511778,18452.687,True,"[6.09426335, 0.0, 0.0, 0.0, 6.09426335, -6.09426335, 0.0, 0.0, 42.65984348]",48.0,2.0833333333333334e-09,remote
1073_1,slab,-200.86243681,18309.498,True,"[6.26485326, 0.0, -6.26485326, -0.0, 6.26485326, -6.26485326, 0.0, 0.0, 50.11882604]",48.0,0.0,remote
1073_5,slab,-269.13597214,38544.135,True,"[6.26485326, 0.0, 0.0, 0.0, 12.52970651, -6.26485326, 0.0, 0.0, 31.32426628]",64.0,0.0,remote
1074_1,slab,-386.07651314,27919.027,True,"[6.28260715, 0.0, -6.28260715, -0.0, 6.28260715, -6.28260715, 0.0, 0.0, 50.26085721]",48.0,1.6666666666666665e-07,remote
1076_0,slab,-209.51661339,37783.531,True,"[6.70595594, 0.0, -6.70595594, -0.0, 6.70595594, -6.70595594, 0.0, 0.0, 46.94169158]",48.0,9.166666666666667e-08,remote
1076_3,slab,-212.92574726,40148.434,True,"[6.70595594, 0.0, 0.0, 0.0, 6.70595594, -6.70595594, 0.0, 0.0, 46.94169158]",48.0,0.07060633958333333,remote
1076_5,slab,-279.19818026,88074.217,True,"[6.70595594, 0.0, 0.0, 0.0, 13.41191188, -6.70595594, 0.0, 0.0, 33.5297797]",64.0,0.04787516875,remote
1077_35,slab,-228.34749408,53693.755,True,"[3.5886944, 0.0, -2.07193368, -0.0, 26.21641147, 8.28773471, 0.0, 0.0, 33.15093882]",63.0,0.0,remote
1080_5,slab,-450.76049861,164871.262,True,"[6.08394261, 0.0, 0.0, 0.0, 12.16788522, -6.08394261, 0.0, 0.0, 30.41971306]",64.0,0.0,remote
1081_0,slab,-452.9311805,39622.248,True,"[5.93696401, 0.0, -5.93696401, -0.0, 5.93696401, -5.93696401, 0.0, 0.0, 47.49571209]",48.0,0.07061731041666666,remote
1081_1,slab,-455.52473945,42770.433,True,"[5.93696401, 0.0, -5.93696401, -0.0, 5.93696401, -5.93696401, 0.0, 0.0, 47.49571209]",48.0,0.17743552291666667,remote
1081_3,slab,-460.54696439,141139.749,True,"[5.93696401, 0.0, 0.0, 0.0, 5.93696401, -5.93696401, 0.0, 0.0, 41.55874808]",48.0,0.09485971458333332,remote
1083_14,slab,,,False,,,,remote
1083_51,slab,,,False,,,,remote
1083_5,slab,,,False,,,,remote
1084_15,slab,,,False,,,,remote
1084_51,slab,-406.26178593,199675.268,True,"[6.39875671, 0.0, 0.0, 6.39875671, 11.08297173, 3.52407267, 0.0, 0.0, 28.19258133]",54.0,0.3824158277777778,remote
1084_6,slab,,,False,,,,remote
1086_0,slab,-354.41141602,38091.215,True,"[5.9917108, 0.0, -5.9917108, -0.0, 5.9917108, -5.9917108, 0.0, 0.0, 47.93368641]",48.0,0.63504175,remote
1088_39,slab,-234.19789174,184736.57,True,"[11.97985645, 0.0, 0.0, 3.43228245, 8.39380363, 8.01651563, 0.0, 0.0, 40.08257816]",64.0,0.0,remote
1088_9,slab,-175.82735985,36789.596,True,"[8.01651563, 0.0, 0.0, 0.0, 11.0886354, -4.53421719, 0.0, 0.0, 31.73952035]",48.0,6.25e-09,remote
1089_0,slab,-269.16971977,23505.813,True,"[5.91120325, 0.0, -5.91120325, -0.0, 5.91120325, -5.91120325, 0.0, 0.0, 47.28962596]",48.0,0.0,remote
1089_3,slab,-272.04616137,53140.847,True,"[5.91120325, 0.0, 0.0, 0.0, 5.91120325, -5.91120325, 0.0, 0.0, 41.37842272]",48.0,0.0,remote
1089_5,slab,-358.3169833,90401.589,True,"[5.91120325, 0.0, 0.0, 0.0, 11.82240649, -5.91120325, 0.0, 0.0, 29.55601623]",64.0,0.0,remote
1100_11,slab,-239.28584523,30218.909,True,"[7.15302781, 0.0, 0.0, 0.0, 7.9802168, -3.9901084, 0.0, 0.0, 31.92086718]",42.0,0.0,remote
1103_0,slab,-153.85970391,15328.432,True,"[6.40143137, 0.0, -6.40143137, -0.0, 6.40143137, -6.40143137, 0.0, 0.0, 51.21145093]",48.0,0.0,remote
1109_22,slab,,,False,,,,remote
1109_53,slab,-405.21507554,187720.261,True,"[3.6796467, 0.0, -2.12444501, -0.0, 20.62798725, 8.49778005, 0.0, 0.0, 33.99112022]",63.0,1.111111111111111e-08,remote
1109_54,slab,-404.14478177,314562.037,True,"[3.6796467, 0.0, -2.12444501, -0.0, 20.62798725, 8.49778005, 0.0, 0.0, 33.99112022]",63.0,0.03734989841269841,remote
1111_35,slab,-489.04727049,168044.577,True,"[6.48623959, 0.0, 0.0, -0.0, 12.79146868, -10.63434327, 0.0, 0.0, 42.53737307]",80.0,0.0,remote
1111_3,slab,-485.01734345,186440.318,True,"[10.63434327, 0.0, -6.48623959, -0.0, 12.79146868, -6.48623959, 0.0, 0.0, 32.43119796]",80.0,2.5e-09,remote
1111_4,slab,,,False,,,,remote
1112_0,slab,-430.37961845,38545.681,True,"[6.20615774, 0.0, -6.20615774, -0.0, 6.20615774, -6.20615774, 0.0, 0.0, 49.64926195]",48.0,8.333333333333334e-09,remote
1118_0,slab,-364.19418323,43307.835,True,"[6.30327334, 0.0, -6.30327334, -0.0, 6.30327334, -6.30327334, 0.0, 0.0, 50.42618668]",48.0,0.1065482875,remote
1123_0,slab,-382.03877243,24582.458,True,"[6.15952831, 0.0, 6.15952831, 6.15952831, 6.15952831, -0.0, 0.0, 0.0, 49.27622644]",48.0,0.0,remote
1123_3,slab,-390.1754903,46556.163,True,"[6.15952831, 0.0, 0.0, 0.0, 6.15952831, -6.15952831, 0.0, 0.0, 43.11669814]",48.0,0.0,remote
1127_5,slab,-333.89115389,143609.649,True,"[8.35960129, 0.0, -4.17980064, -0.0, 10.47264198, -4.17980064, 0.0, 0.0, 33.43840514]",60.0,0.0,remote
1127_9,slab,-333.9450627,95243.101,True,"[10.47264198, 0.0, 0.0, 0.0, 8.35960129, -4.17980064, 0.0, 0.0, 33.43840514]",60.0,5e-09,remote
1128_39,slab,,,False,,,,remote
1128_42,slab,-341.72628092,218448.389,True,"[3.80090003, 0.0, -3.80090003, -0.0, 19.34934908, -7.60180007, 0.0, 0.0, 38.00900033]",72.0,2.0061111111111112e-05,remote
1128_4,slab,-341.42377298,235787.163,True,"[3.80090003, 0.0, -3.80090003, -0.0, 19.34934908, -3.80090003, 0.0, 0.0, 38.00900033]",72.0,4.396388888888889e-05,remote
1131_0,slab,-218.69914434,67221.205,True,"[5.69802252, 0.0, -5.69802252, -0.0, 5.69802252, -5.69802252, 0.0, 0.0, 51.28220265]",64.0,3.4375e-08,remote
1136_1,slab,-405.48951805,154876.174,True,"[4.62946964, 0.0, -8.01847663, -0.0, 12.80955937, -5.34565109, 0.0, 0.0, 53.45651089]",72.0,0.019655883333333332,remote
1136_24,slab,-304.96250518,31584.109,True,"[4.62946964, 0.0, -2.67282554, 0.0, 12.80955937, 10.69130218, 0.0, 0.0, 37.41955762]",54.0,1.2962962962962963e-08,remote
1136_3,slab,-407.03166825,138827.892,True,"[12.80955937, 0.0, 0.0, 0.0, 4.62946964, -8.01847663, 0.0, 0.0, 53.45651089]",72.0,0.031203054166666664,remote
1138_5,slab,-468.88533851,158834.443,True,"[6.2416943, 0.0, 0.0, 0.0, 12.4833886, -6.2416943, 0.0, 0.0, 31.20847149]",64.0,2.261081071875,remote
1143_20,slab,-435.73974597,94565.886,True,"[9.86510329, 0.0, 0.0, 0.0, 7.0159996, -3.73433358, 0.0, 0.0, 33.60900226]",64.0,0.0,remote
1143_4,slab,-438.19540969,61100.326,True,"[9.86510329, 0.0, -3.73433358, 0.0, 7.0159996, -3.73433358, 0.0, 0.0, 33.60900226]",64.0,0.0,remote
1145_27,slab,-202.90565581,210333.068,True,"[5.2569509, 0.0, -3.03510202, -0.0, 21.56361379, 12.14040806, 0.0, 0.0, 42.49142822]",72.0,0.06690907222222223,remote
1148_3,slab,-500.53899776,53293.464,True,"[6.41188364, 0.0, 0.0, 0.0, 6.41188364, -6.41188364, 0.0, 0.0, 44.88318548]",48.0,2.2916666666666667e-08,remote
1149_0,slab,-266.58383918,50849.212,True,"[6.27274802, 0.0, 6.27274802, 6.27274802, 6.27274802, -0.0, 0.0, 0.0, 50.18198416]",48.0,0.0,remote
1149_3,slab,-270.45912199,65060.2,True,"[6.27274802, 0.0, 0.0, 0.0, 6.27274802, -6.27274802, 0.0, 0.0, 43.90923614]",48.0,2.0833333333333334e-09,remote
1149_5,slab,-355.68256126,153226.018,True,"[6.27274802, 0.0, 0.0, 0.0, 12.54549604, -6.27274802, 0.0, 0.0, 31.3637401]",64.0,0.0,remote
1151_0,slab,-557.91588147,48487.685,True,"[6.4229219, 0.0, -6.4229219, -0.0, 6.4229219, -6.4229219, 0.0, 0.0, 51.38337516]",48.0,0.0,remote
1151_3,slab,-566.34559985,29703.636,True,"[6.4229219, 0.0, 0.0, 0.0, 6.4229219, -6.4229219, 0.0, 0.0, 44.96045327]",48.0,0.0,remote
1154_3,slab,-480.21603419,63215.632,True,"[6.40336456, 0.0, 0.0, 0.0, 6.40336456, -6.40336456, 0.0, 0.0, 44.82355189]",48.0,0.18766287708333332,remote
1157_3,slab,-170.16235582,51952.705,True,"[5.90679723, 0.0, 0.0, 0.0, 5.90679723, -5.90679723, 0.0, 0.0, 41.34758062]",48.0,0.0,remote
1161_47,slab,-170.75506444,213555.432,True,"[7.66150823, 0.0, 0.0, -0.0, 19.0904417, 5.98381999, 0.0, 0.0, 29.91909995]",64.0,0.0,remote
1161_48,slab,-170.44836932,159960.642,True,"[7.66150823, 0.0, 0.0, -0.0, 19.0904417, 5.98381999, 0.0, 0.0, 29.91909995]",64.0,0.0,remote
1162_0,slab,-364.178171,36530.803,True,"[5.61037426, 0.0, -5.61037426, -0.0, 5.61037426, -5.61037426, 0.0, 0.0, 50.49336833]",64.0,6.25e-09,remote
1162_1,slab,-364.04370961,32246.893,True,"[5.61037426, 0.0, -5.61037426, -0.0, 5.61037426, -5.61037426, 0.0, 0.0, 50.49336833]",64.0,3.125e-09,remote
1163_3,slab,-461.46823349,48485.73,True,"[6.58671293, 0.0, 0.0, 0.0, 6.58671293, -6.58671293, 0.0, 0.0, 46.10699048]",48.0,4.166666666666667e-09,remote
1165_0,slab,-254.9998243,53453.367,True,"[6.5979558, 0.0, -6.5979558, -0.0, 6.5979558, -6.5979558, 0.0, 0.0, 46.18569059]",48.0,2.0833333333333334e-09,remote
1165_3,slab,-261.95711938,49069.734,True,"[6.5979558, 0.0, 0.0, 0.0, 6.5979558, -6.5979558, 0.0, 0.0, 46.18569059]",48.0,2.0833333333333334e-09,remote
1165_5,slab,-344.75006086,180746.163,True,"[6.5979558, 0.0, 0.0, 0.0, 13.1959116, -6.5979558, 0.0, 0.0, 32.98977899]",64.0,0.0,remote
1166_13,slab,-216.36163419,22818.438,True,"[5.99603055, 0.0, 0.0, 0.0, 5.99603055, 0.0, 0.0, 0.0, 29.98015276]",48.0,0.09537863749999999,remote
1166_14,slab,-215.61020611,21743.26,True,"[5.99603055, 0.0, 0.0, 0.0, 5.99603055, 0.0, 0.0, 0.0, 29.98015276]",48.0,0.11609364791666667,remote
1166_1,slab,-318.34964785,21096.583,True,"[5.99603055, 0.0, -5.99603055, 0.0, 5.99603055, -5.99603055, 0.0, 0.0, 47.96824442]",72.0,0.07633732777777777,remote
1168_0,slab,-185.29052765,30943.318,True,"[6.17478218, 0.0, -6.17478218, -0.0, 6.17478218, -6.17478218, 0.0, 0.0, 49.39825747]",48.0,6.25e-09,remote
1168_5,slab,-250.57678293,217413.994,True,"[6.17478218, 0.0, 0.0, 0.0, 12.34956437, -6.17478218, 0.0, 0.0, 30.87391092]",64.0,0.0,remote
1170_1,slab,-308.75352337,43245.444,True,"[6.56762024, 0.0, -6.56762024, -0.0, 6.56762024, -6.56762024, 0.0, 0.0, 45.9733417]",48.0,2.0833333333333334e-09,remote
1170_3,slab,-313.03322856,43372.908,True,"[6.56762024, 0.0, 0.0, 0.0, 6.56762024, -6.56762024, 0.0, 0.0, 45.9733417]",48.0,8.333333333333334e-09,remote
1170_5,slab,-411.96016956,108967.778,True,"[6.56762024, 0.0, 0.0, 0.0, 13.13524048, -6.56762024, 0.0, 0.0, 32.83810121]",64.0,9.375e-09,remote
1173_13,slab,-495.52625353,47319.284,True,"[4.17117926, 0.0, 0.0, 0.0, 19.40727529, -4.17117926, 0.0, 0.0, 29.1982548]",60.0,1.6666666666666665e-09,remote
1173_14,slab,-494.57709665,82745.928,True,"[4.17117926, 0.0, 0.0, 0.0, 19.40727529, -4.17117926, 0.0, 0.0, 29.1982548]",60.0,1e-08,remote
1173_17,slab,-330.28834188,26113.252,True,"[4.17117926, 0.0, -4.17117926, 0.0, 9.70363765, -8.34235852, 0.0, 0.0, 41.71179258]",40.0,0.0,remote
1174_6,slab,-401.20714649,256689.195,True,"[12.04311271, 0.0, 0.0, 6.02155635, 3.47654718, 6.70660453, 0.0, 0.0, 57.00613846]",63.0,0.015220368253968254,remote
1175_40,slab,-262.75378544,120174.272,True,"[11.1581075, 0.0, -6.46790185, 5.07422977, 5.55616716, 0.02728578, 0.0, 0.0, 32.47593812]",48.0,2.0833333333333334e-09,remote
1175_76,slab,-396.11196039,183440.524,True,"[19.84465223, 0.0, -4.1196044, 5.68841609, 4.92559318, 0.0, 0.0, 0.0, 28.83723081]",72.0,0.0,remote
1175_77,slab,-396.05352818,207960.036,True,"[19.84465223, 0.0, -4.1196044, 5.68841609, 4.92559318, 0.0, 0.0, 0.0, 28.83723081]",72.0,0.0,remote
1176_0,slab,-269.93255076,54155.109,True,"[6.5657104, 0.0, -6.5657104, -0.0, 6.5657104, -6.5657104, 0.0, 0.0, 45.95997283]",48.0,0.07638415416666666,remote
1178_1,slab,-433.02415907,18323.115,True,"[6.22086084, 0.0, -6.22086084, -0.0, 6.22086084, -6.22086084, 0.0, 0.0, 49.76688669]",48.0,1.158125e-05,remote
1179_1,slab,-365.83685756,19694.965,True,"[5.94909295, 0.0, -5.94909295, -0.0, 5.94909295, -5.94909295, 0.0, 0.0, 47.59274359]",48.0,0.013228772916666666,remote
1186_6,slab,-343.98668662,9348.499,True,"[6.4159441, 0.0, 0.0, 0.0, 6.4159441, 0.0, 0.0, 0.0, 32.07972048]",32.0,2.409375e-06,remote
1192_3,slab,-328.6545765,122226.03,True,"[7.42472636, 0.0, -3.71236318, 0.0, 7.48084882, -3.71236318, 0.0, 0.0, 33.41126861]",64.0,0.170234790625,remote
1202_5,slab,-214.02017189,21626.002,True,"[5.74911557, 0.0, -2.87455779, 0.0, 5.70549982, -2.87455779, 0.0, 0.0, 34.49469343]",40.0,0.0593072575,remote
1202_6,slab,-339.16133905,115835.399,True,"[5.74911557, 0.0, -2.87455779, 0.0, 11.41099963, -2.87455779, 0.0, 0.0, 28.74557786]",64.0,0.0783754109375,remote
1202_7,slab,-338.95983638,169430.938,True,"[5.74911557, 0.0, -2.87455779, 0.0, 11.41099963, -2.87455779, 0.0, 0.0, 28.74557786]",64.0,0.078733590625,remote
1203_3,slab,-408.56329337,32476.905,True,"[5.93353648, 0.0, 0.0, 0.0, 5.93353648, -5.93353648, 0.0, 0.0, 41.53475537]",48.0,0.04930690208333333,remote
1205_49,slab,-472.55889381,142947.843,True,"[6.72529279, 0.0, 0.0, 6.72529279, 11.6485488, 3.80257832, 0.0, 0.0, 30.42062656]",54.0,3.098518518518518e-05,remote
1214_3,slab,-405.83974993,36341.278,True,"[6.28072896, 0.0, 0.0, 0.0, 6.28072896, -6.28072896, 0.0, 0.0, 43.96510271]",48.0,1.5208333333333334e-07,remote
1218_1,slab,-407.61745451,22164.354,True,"[5.97334737, 0.0, -5.97334737, -0.0, 5.97334737, -5.97334737, 0.0, 0.0, 47.78677893]",48.0,5.0229166666666665e-06,remote
1218_3,slab,-413.3595933,22614.962,True,"[5.97334737, 0.0, 0.0, 0.0, 5.97334737, -5.97334737, 0.0, 0.0, 41.81343157]",48.0,7.083333333333334e-08,remote
1218_6,slab,-273.04363189,13676.03,True,"[5.97334737, 0.0, 0.0, 0.0, 5.97334737, 0.0, 0.0, 0.0, 29.86673683]",32.0,1.65625e-07,remote
1226_1,slab,-293.76314541,106924.782,True,"[3.71842396, 0.0, -6.44049922, -0.0, 18.20444608, -4.29366615, 0.0, 0.0, 55.81765991]",60.0,0.0,remote
1226_8,slab,-234.66851751,64014.872,True,"[9.10222304, 0.0, 0.0, 0.0, 7.43684792, -8.58733229, 0.0, 0.0, 42.93666147]",48.0,0.0,remote
1226_9,slab,-234.07612237,71937.118,True,"[9.10222304, 0.0, 0.0, 0.0, 7.43684792, -8.58733229, 0.0, 0.0, 42.93666147]",48.0,0.0,remote
1229_29,slab,,,False,,,,remote
1229_30,slab,,,False,,,,remote
1229_31,slab,,,False,,,,remote
1230_43,slab,-514.13026838,270743.896,True,"[12.11393704, 0.0, 0.0, 0.0, 6.99398481, -3.48289775, 0.0, 0.0, 31.34607971]",72.0,0.0,remote
1231_5,slab,-239.85633713,61274.246,True,"[5.76277824, 0.0, 0.0, 0.0, 11.52555647, -5.76277824, 0.0, 0.0, 28.81389118]",64.0,0.0,remote
1232_4,slab,-247.69292128,132743.992,True,"[7.9518848, 0.0, -3.9759424, -0.0, 7.78791093, -3.9759424, 0.0, 0.0, 35.78348161]",64.0,3.125e-09,remote
1233_3,slab,-274.38333358,64713.181,True,"[6.31935093, 0.0, 0.0, 0.0, 6.31935093, -6.31935093, 0.0, 0.0, 44.23545652]",48.0,4.166666666666667e-09,remote
1233_5,slab,-360.19136657,162277.926,True,"[6.31935093, 0.0, 0.0, 0.0, 12.63870186, -6.31935093, 0.0, 0.0, 31.59675466]",64.0,3.125e-09,remote
1236_5,slab,,,False,,,,remote
1236_7,slab,,,False,,,,remote
1237_3,slab,-386.52308375,78770.749,True,"[5.7822256, 0.0, 0.0, -0.0, 5.7822256, 5.7822256, 0.0, 0.0, 40.47557921]",48.0,0.63552310625,remote
1239_6,slab,-190.00693597,13712.7,True,"[5.61663852, 0.0, 0.0, 0.0, 5.61663852, 0.0, 0.0, 0.0, 28.08319262]",32.0,8.4375e-08,remote
1245_6,slab,-206.80933308,28257.786,True,"[5.75501363, 0.0, 0.0, 0.0, 5.75501363, 0.0, 0.0, 0.0, 28.77506817]",32.0,0.42912315,remote
1246_5,slab,-160.01817115,53473.633,True,"[6.61291493, 0.0, 0.0, 0.0, 13.22582986, -6.61291493, 0.0, 0.0, 33.06457464]",64.0,0.0,remote
1260_1,slab,-255.31246419,27435.056,True,"[5.9187769, 0.0, -5.9187769, -0.0, 5.9187769, -5.9187769, 0.0, 0.0, 47.35021522]",48.0,0.07311561041666667,remote
1266_8,slab,-150.50832885,13597.24,True,"[7.11687554, 0.0, 0.0, 0.0, 9.29834002, -4.02139171, 0.0, 0.0, 32.17113367]",48.0,0.0,remote
1267_1,slab,-278.28609373,75325.99,True,"[6.79774382, 0.0, -6.79774382, -0.0, 6.79774382, -6.79774382, 0.0, 0.0, 47.58420673]",48.0,0.0,remote
1267_3,slab,-282.29156817,33482.453,True,"[6.79774382, 0.0, 0.0, 0.0, 6.79774382, -6.79774382, 0.0, 0.0, 47.58420673]",48.0,4.166666666666667e-09,remote
1267_5,slab,-371.95325812,142042.43,True,"[6.79774382, 0.0, 0.0, 0.0, 13.59548764, -6.79774382, 0.0, 0.0, 33.98871909]",64.0,0.0,remote
1268_0,slab,-538.67882252,61600.697,True,"[6.49089102, 0.0, -6.49089102, -0.0, 6.49089102, -6.49089102, 0.0, 0.0, 51.92712816]",48.0,8.333333333333333e-08,remote
1268_3,slab,-547.76113495,32737.088,True,"[6.49089102, 0.0, 0.0, -0.0, 6.49089102, 6.49089102, 0.0, 0.0, 45.43623714]",48.0,6.25e-09,remote
1269_1,slab,-238.27494175,44319.772,True,"[7.08561109, 0.0, -7.08561109, -0.0, 7.08561109, -7.08561109, 0.0, 0.0, 49.5992776]",72.0,1.3888888888888888e-09,remote
1269_2,slab,-239.788312,68686.601,True,"[7.08561109, 0.0, -7.08561109, -0.0, 7.08561109, -7.08561109, 0.0, 0.0, 49.5992776]",72.0,0.0,remote
1278_46,slab,-206.31618266,64188.048,True,"[12.95430917, 0.0, 0.0, 0.0, 7.47917388, -4.00263887, 0.0, 0.0, 32.02111098]",54.0,5.555555555555555e-09,remote
1282_5,slab,-308.33766778,178912.502,True,"[5.7444847, 0.0, 0.0, 0.0, 11.4889694, -5.7444847, 0.0, 0.0, 28.72242349]",64.0,0.0605590734375,remote
1282_6,slab,-153.3371921,23275.949,True,"[5.7444847, 0.0, 0.0, 0.0, 5.7444847, 0.0, 0.0, 0.0, 28.72242349]",32.0,0.20896375625,remote
1284_27,slab,-348.37912875,298143.844,True,"[3.68557998, 0.0, 0.0, 0.0, 10.69290063, -12.34709811, 0.0, 0.0, 43.2148434]",54.0,1.1896465074074074,remote
1284_7,slab,,,False,,,,remote
1284_8,slab,,,False,,,,remote
1287_6,slab,-245.60034826,37319.782,True,"[5.84136946, 0.0, 0.0, 0.0, 5.84136946, 0.0, 0.0, 0.0, 29.20684731]",32.0,1.21235280625,remote
1288_0,slab,-299.27217825,37291.566,True,"[6.09877649, 0.0, -6.09877649, -0.0, 6.09877649, -6.09877649, 0.0, 0.0, 48.79021193]",48.0,1.4583333333333333e-08,remote
1288_1,slab,-299.41824901,27787.007,True,"[6.09877649, 0.0, -6.09877649, -0.0, 6.09877649, -6.09877649, 0.0, 0.0, 48.79021193]",48.0,7.708333333333333e-08,remote
1288_3,slab,-305.33816405,62393.032,True,"[6.09877649, 0.0, 0.0, -0.0, 6.09877649, 6.09877649, 0.0, 0.0, 42.69143544]",48.0,6.25e-09,remote
1292_12,slab,-396.97210444,223790.52,True,"[14.69035315, 0.0, -7.34517657, -0.0, 8.38983489, -7.34517657, 0.0, 0.0, 36.72588286]",80.0,2.6249999999999997e-08,remote
1292_13,slab,-399.89781091,231860.523,True,"[14.69035315, 0.0, -7.34517657, -0.0, 8.38983489, -7.34517657, 0.0, 0.0, 36.72588286]",80.0,0.0,remote
1292_8,slab,-294.99856171,175411.527,True,"[16.42431412, 0.0, 0.0, 3.28486282, 6.56972565, 4.19491745, 0.0, 0.0, 33.55933956]",60.0,5.149999999999999e-07,remote
1293_3,slab,-314.51118488,58844.437,True,"[6.30703117, 0.0, 0.0, 0.0, 6.30703117, -6.30703117, 0.0, 0.0, 44.14921819]",48.0,2.0833333333333334e-09,remote
1293_5,slab,-414.15775069,130418.774,True,"[6.30703117, 0.0, 0.0, 0.0, 12.61406234, -6.30703117, 0.0, 0.0, 31.53515585]",64.0,3.125e-09,remote
1299_7,slab,-176.58440554,17651.067,True,"[4.01187516, 0.0, 0.0, 0.0, 6.59894692, -6.59894692, 0.0, 0.0, 46.19262842]",30.0,6e-08,remote
1301_1,slab,-302.06080595,55102.989,True,"[6.44759297, 0.0, -6.44759297, -0.0, 6.44759297, -6.44759297, 0.0, 0.0, 51.58074375]",48.0,4.166666666666667e-09,remote
1301_3,slab,-308.30770326,61989.201,True,"[6.44759297, 0.0, 0.0, 0.0, 6.44759297, -6.44759297, 0.0, 0.0, 45.13315078]",48.0,2.0833333333333334e-09,remote
1303_6,slab,-164.25723296,9945.807,True,"[5.19376903, 0.0, 0.0, 0.0, 5.19376903, 0.0, 0.0, 0.0, 25.96884516]",32.0,0.097967925,remote
1304_3,slab,-444.75395943,77962.036,True,"[6.41056553, 0.0, 0.0, 0.0, 6.41056553, -6.41056553, 0.0, 0.0, 44.87395872]",48.0,0.22045786041666668,remote
1305_3,slab,-414.97658339,123308.769,True,"[5.84711881, 0.0, 0.0, 0.0, 5.84711881, -5.84711881, 0.0, 0.0, 40.92983165]",48.0,0.28679638333333335,remote
1305_5,slab,,,False,,,,remote
1305_6,slab,-276.62304702,59024.256,True,"[5.84711881, 0.0, 0.0, 0.0, 5.84711881, 0.0, 0.0, 0.0, 29.23559404]",32.0,0.460701384375,remote
1308_2,slab,-332.01789128,74662.852,True,"[4.0098707, 0.0, -4.0098707, -0.0, 14.20613567, -4.0098707, 0.0, 0.0, 40.09870703]",56.0,0.0,remote
1310_3,slab,-217.7919549,38032.957,True,"[6.45822981, 0.0, 0.0, 0.0, 6.45822981, -6.45822981, 0.0, 0.0, 45.20760868]",48.0,8.333333333333334e-09,remote
1311_5,slab,-259.96961057,125889.538,True,"[5.69544542, 0.0, 0.0, 0.0, 11.39089085, -5.69544542, 0.0, 0.0, 28.47722712]",64.0,1.5625e-09,remote
1316_5,slab,-149.48200977,27781.172,True,"[5.90284183, 0.0, -2.95142092, 0.0, 7.37986699, -2.95142092, 0.0, 0.0, 35.417051]",40.0,0.0,remote
1316_6,slab,-236.10571299,57830.701,True,"[5.90284183, 0.0, -2.95142092, -0.0, 14.75973397, -2.95142092, 0.0, 0.0, 29.51420916]",64.0,0.0,remote
1316_7,slab,-235.73308875,44516.868,True,"[5.90284183, 0.0, -2.95142092, -0.0, 14.75973397, -2.95142092, 0.0, 0.0, 29.51420916]",64.0,0.0,remote
1318_3,slab,-405.73692646,43194.136,True,"[6.26437455, 0.0, 0.0, 0.0, 6.26437455, -6.26437455, 0.0, 0.0, 43.85062183]",48.0,0.0,remote
1319_43,slab,-586.47792489,282132.486,True,"[13.46449166, 0.0, 0.0, 0.0, 7.77372788, -3.3158468, 0.0, 0.0, 29.84262121]",72.0,0.0069607222222222214,remote
1319_46,slab,-587.72887054,295979.528,True,"[7.77372788, 0.0, 0.0, 7.77372788, 13.46449166, 3.3158468, 0.0, 0.0, 29.84262121]",72.0,0.015862745833333334,remote
1319_49,slab,-588.01831618,207700.508,True,"[7.77372788, 0.0, 0.0, 7.77372788, 13.46449166, 3.3158468, 0.0, 0.0, 29.84262121]",72.0,0.011826302777777777,remote
1321_1,slab,-383.16499383,34059.643,True,"[6.03490439, 0.0, -6.03490439, -0.0, 6.03490439, -6.03490439, 0.0, 0.0, 48.27923514]",48.0,2.0833333333333334e-09,remote
1322_3,slab,-488.66109176,37925.639,True,"[6.46465338, 0.0, 0.0, 0.0, 6.46465338, -6.46465338, 0.0, 0.0, 45.25257368]",48.0,4.375e-08,remote
1324_3,slab,-409.53540764,32099.734,True,"[6.21634005, 0.0, 0.0, 0.0, 6.21634005, -6.21634005, 0.0, 0.0, 43.51438035]",48.0,0.0,remote
1324_5,slab,-539.52209702,80962.281,True,"[6.21634005, 0.0, 0.0, 0.0, 12.4326801, -6.21634005, 0.0, 0.0, 31.08170025]",64.0,0.0,remote
1326_22,slab,-238.48635657,20494.878,True,"[7.88297092, 0.0, 0.0, -0.0, 7.88297092, 7.35864529, 0.0, 0.0, 36.79322646]",40.0,5e-09,remote
1328_39,slab,-283.39293698,186342.335,True,"[11.36778048, 0.0, 0.0, 3.31985464, 8.0285318, 7.37601519, 0.0, 0.0, 36.88007596]",64.0,0.0,remote
1328_40,slab,-281.37780344,165935.16,True,"[11.36778048, 0.0, 0.0, 3.31985464, 8.0285318, 7.37601519, 0.0, 0.0, 36.88007596]",64.0,0.0,remote
1329_10,slab,,,False,,,,remote
1333_9,slab,-410.13917307,136357.989,True,"[7.7865383, 0.0, -3.89326915, 0.0, 11.84492318, -3.89326915, 0.0, 0.0, 31.14615321]",72.0,0.7522546194444444,remote
1336_17,slab,-267.44120469,130559.432,True,"[19.19022607, 0.0, 0.0, 5.48292173, 4.74834951, 4.31131354, 0.0, 0.0, 38.80182188]",72.0,0.004068008333333334,remote
1336_20,slab,-265.31905547,148242.757,True,"[19.19022607, 0.0, 0.0, 5.48292173, 4.74834951, 4.31131354, 0.0, 0.0, 38.80182188]",72.0,0.010348618055555557,remote
1336_47,slab,-196.11117588,39086.729,True,"[12.56295194, 0.0, 0.0, 0.0, 7.25322368, -4.31131354, 0.0, 0.0, 34.49050834]",54.0,0.0,remote
1340_21,slab,-322.66155824,61921.667,True,"[4.02716404, 0.0, 4.02716404, 8.05432808, 14.56862097, 0.0, 0.0, 0.0, 40.27164042]",64.0,0.0,remote
1341_3,slab,-282.90893335,192802.861,True,"[7.17867866, 0.0, -8.28922411, 0.0, 10.52944991, -4.14461206, 0.0, 0.0, 41.44612056]",64.0,0.0,remote
1342_3,slab,-375.38198502,28997.602,True,"[5.68772634, 0.0, 0.0, 0.0, 5.68772634, -5.68772634, 0.0, 0.0, 39.81408435]",48.0,0.14594385625,remote
1342_5,slab,-494.85199899,158413.945,True,"[5.68772634, 0.0, 0.0, 0.0, 11.37545267, -5.68772634, 0.0, 0.0, 28.43863168]",64.0,0.2418294484375,remote
1343_12,slab,-440.29671026,252645.889,True,"[10.38774165, 0.0, -3.66948519, 2.01385209, 14.70284046, 0.0, 0.0, 0.0, 29.35588155]",72.0,0.05789160416666667,remote
1343_16,slab,-440.91971786,289774.009,True,"[10.38774165, 0.0, -3.66948519, 2.01385209, 14.70284046, 0.0, 0.0, 0.0, 29.35588155]",72.0,0.01893057916666667,remote
1343_87,slab,-367.6064469,103438.081,True,"[10.38774165, 0.0, 3.66948519, 24.96242808, 7.35142023, 0.0, 0.0, 0.0, 44.03382233]",60.0,0.0,remote
1344_0,slab,-269.35109763,9854.428,True,"[5.95761705, 0.0, -5.95761705, -0.0, 5.95761705, -5.95761705, 0.0, 0.0, 47.66093644]",36.0,4.7222222222222226e-08,remote
1344_1,slab,-263.6681427,16490.638,True,"[5.95761705, 0.0, -5.95761705, -0.0, 5.95761705, -5.95761705, 0.0, 0.0, 47.66093644]",36.0,0.135927625,remote
1344_5,slab,-271.73993764,69653.945,True,"[5.95761705, 0.0, 0.0, -0.0, 5.95761705, 5.95761705, 0.0, 0.0, 41.70331938]",36.0,0.021103675000000002,remote
1349_2,slab,-157.90673585,7586.664,True,"[6.07954268, 0.0, -6.07954268, -0.0, 6.07954268, -6.07954268, 0.0, 0.0, 48.63634145]",48.0,1.875e-08,remote
1349_8,slab,-219.53324032,79720.623,True,"[6.07954268, 0.0, 0.0, 0.0, 12.15908536, -6.07954268, 0.0, 0.0, 30.39771341]",64.0,0.0,remote
1350_0,slab,-194.06464804,38997.758,True,"[6.08119697, 0.0, -6.08119697, -0.0, 6.08119697, -6.08119697, 0.0, 0.0, 48.64957576]",48.0,4.166666666666667e-09,remote
1351_1,slab,-210.79050776,45362.717,True,"[6.50778801, 0.0, -6.50778801, -0.0, 6.50778801, -6.50778801, 0.0, 0.0, 45.55451609]",48.0,0.0,remote
1351_5,slab,-282.32071743,60714.588,True,"[6.50778801, 0.0, 0.0, 0.0, 13.01557603, -6.50778801, 0.0, 0.0, 32.53894007]",64.0,0.0,remote
1355_44,slab,-429.55325826,111630.293,True,"[11.47256111, 0.0, 0.0, 0.0, 6.62368624, -3.93739598, 0.0, 0.0, 31.49916781]",54.0,1.6666666666666667e-08,remote
1359_14,slab,-379.84045157,114664.044,True,"[4.19768607, 0.0, 0.0, 0.0, 24.78784945, -4.19768607, 0.0, 0.0, 29.38380251]",60.0,0.0,remote
1361_3,slab,-557.88151786,50396.037,True,"[6.3970466, 0.0, 0.0, -0.0, 6.3970466, 6.3970466, 0.0, 0.0, 44.7793262]",48.0,2.4791666666666664e-07,remote
1362_17,slab,,,False,,,,remote
1362_5,slab,,,False,,,,remote
1362_7,slab,,,False,,,,remote
1365_15,slab,,,False,,,,remote
1365_48,slab,,,False,,,,remote
1366_0,slab,-298.32283985,43018.459,True,"[6.4102564, 0.0, -6.4102564, -0.0, 6.4102564, -6.4102564, 0.0, 0.0, 51.28205121]",48.0,0.0,remote
1370_46,slab,-494.03322778,264513.408,True,"[6.92198369, 0.0, 0.0, 6.92198369, 11.98922744, 3.31404851, 0.0, 0.0, 29.82643656]",72.0,0.006779455555555556,remote
1370_8,slab,,,False,,,,remote
1372_0,slab,-353.4483997,140358.113,True,"[9.74723528, 0.0, 5.8610566, 11.07521381, 7.20796301, 0.0, 0.0, 0.0, 41.02739619]",60.0,1.6666666666666665e-09,remote
1372_96,slab,-233.37083898,76029.74,True,"[9.58590321, 0.0, -1.76608476, 0.0, 5.8610566, 0.0, 0.0, 0.0, 36.6463701]",40.0,0.0,remote
1372_9,slab,-233.41942529,29322.084,True,"[7.32927402, 0.0, 0.0, 1.76608476, 9.58590321, 5.8610566, 0.0, 0.0, 29.305283]",40.0,0.0,remote
1373_3,slab,-369.92568647,254552.155,True,"[7.99983683, 0.0, -3.99991842, -0.0, 6.11613479, -3.99991842, 0.0, 0.0, 35.99926574]",64.0,1.0621197796875,remote
1373_6,slab,-274.53121979,131276.179,True,"[6.11613479, 0.0, 0.0, 0.0, 7.99983683, -3.99991842, 0.0, 0.0, 31.99934732]",48.0,1.0797170354166667,remote
1374_0,slab,-507.49336203,31016.694,True,"[6.28518748, 0.0, -6.28518748, -0.0, 6.28518748, -6.28518748, 0.0, 0.0, 50.2814998]",48.0,0.0,remote
1374_1,slab,-505.33424089,38842.521,True,"[6.28518748, 0.0, -6.28518748, -0.0, 6.28518748, -6.28518748, 0.0, 0.0, 50.2814998]",48.0,2.0833333333333334e-09,remote
1377_44,slab,-262.68309432,108121.509,True,"[11.18261923, 0.0, 0.0, -0.0, 8.68009711, 8.17318526, 0.0, 0.0, 40.86592631]",64.0,0.0,remote
1384_25,slab,-250.86726872,82737.33,True,"[3.66146902, 0.0, 0.0, 0.0, 16.40133591, -3.66146902, 0.0, 0.0, 29.29175216]",36.0,0.0,remote
1384_3,slab,-336.37495411,42900.415,True,"[3.66146902, 0.0, -3.66146902, -0.0, 16.40133591, -3.66146902, 0.0, 0.0, 36.6146902]",48.0,0.0,remote
1384_5,slab,-335.8323604,76235.841,True,"[3.66146902, 0.0, -3.66146902, -0.0, 16.40133591, -3.66146902, 0.0, 0.0, 36.6146902]",48.0,0.0,remote
1385_0,slab,-379.88402504,37431.621,True,"[6.19319094, 0.0, 6.19319094, 6.19319094, 6.19319094, -0.0, 0.0, 0.0, 49.54552754]",48.0,1.9845833333333332e-05,remote
1385_1,slab,-379.49119879,30919.524,True,"[6.19319094, 0.0, 6.19319094, 6.19319094, 6.19319094, -0.0, 0.0, 0.0, 49.54552754]",48.0,1.125e-07,remote
1388_5,slab,-173.93425949,69466.451,True,"[6.27877694, 0.0, 0.0, 0.0, 12.55755389, -6.27877694, 0.0, 0.0, 31.39388472]",64.0,0.0,remote
1391_24,slab,-410.72783075,83871.621,True,"[4.1998672, 0.0, 0.0, 0.0, 19.61666055, -4.1998672, 0.0, 0.0, 29.39907037]",60.0,0.0,remote
1391_25,slab,-410.8973834,55187.571,True,"[4.1998672, 0.0, 0.0, 0.0, 19.61666055, -4.1998672, 0.0, 0.0, 29.39907037]",60.0,0.0,remote
1393_45,slab,-658.22172539,156306.001,True,"[6.99470881, 0.0, 0.0, 6.99470881, 12.11519104, 3.43584797, 0.0, 0.0, 30.92263175]",72.0,0.0,remote
1393_47,slab,-658.17111618,134758.704,True,"[6.99470881, 0.0, 0.0, 6.99470881, 12.11519104, 3.43584797, 0.0, 0.0, 30.92263175]",72.0,6.838888888888889e-06,remote
1393_48,slab,-658.46454656,151409.033,True,"[6.99470881, 0.0, 0.0, 6.99470881, 12.11519104, 3.43584797, 0.0, 0.0, 30.92263175]",72.0,2.7777777777777776e-09,remote
1394_18,slab,-266.2116842,26852.56,True,"[3.51701535, 0.0, 0.0, 0.0, 15.83939217, -3.51701535, 0.0, 0.0, 28.13612277]",36.0,0.027552466666666667,remote
1394_3,slab,-452.08849604,45930.116,True,"[3.51701535, 0.0, -3.51701535, -0.0, 15.83939217, -3.51701535, 0.0, 0.0, 42.20418415]",60.0,0.0,remote
1394_5,slab,-450.97613569,41381.947,True,"[3.51701535, 0.0, -3.51701535, -0.0, 15.83939217, -3.51701535, 0.0, 0.0, 42.20418415]",60.0,5e-09,remote
1405_3,slab,-512.74010281,22007.586,True,"[6.46716294, 0.0, 0.0, 0.0, 6.46716294, -6.46716294, 0.0, 0.0, 45.27014061]",48.0,6.041666666666667e-08,remote
1406_4,slab,-393.74710805,183914.12,True,"[3.24842701, 0.0, -3.24842701, -0.0, 21.74786851, -3.24842701, 0.0, 0.0, 38.98112416]",60.0,3.333333333333333e-09,remote
1407_1,slab,-246.6192263,97501.261,True,"[9.37439682, 0.0, 4.1133538, 13.35119315, 5.01788926, 0.0, 0.0, 0.0, 41.13353798]",48.0,0.0,remote
1409_17,slab,-274.67206755,70191.743,True,"[4.02017166, 0.0, -4.02017166, 0.0, 10.23582616, -8.04034332, 0.0, 0.0, 48.24205991]",50.0,0.163395974,remote
1409_9,slab,-324.31971577,58924.897,True,"[10.23582616, 0.0, 0.0, 0.0, 8.04034332, -4.02017166, 0.0, 0.0, 32.16137327]",60.0,0.22356105166666668,remote
1411_29,slab,-328.70202343,45221.85,True,"[5.07357851, 0.0, 0.0, 0.0, 9.01286169, -4.24675389, 0.0, 0.0, 29.72727724]",48.0,8.958333333333334e-08,remote
1411_51,slab,-329.75437833,46380.575,True,"[5.07357851, 0.0, 0.0, -0.0, 8.49350778, 4.50643085, 0.0, 0.0, 31.54501592]",48.0,1.25e-08,remote
1412_1,slab,-307.70982271,14875.262,True,"[6.02799474, 0.0, -6.02799474, -0.0, 6.02799474, -6.02799474, 0.0, 0.0, 48.22395791]",48.0,0.0,remote
1414_44,slab,-572.93328859,247292.387,True,"[12.71440232, 0.0, 0.0, 0.0, 7.3406636, -3.71106147, 0.0, 0.0, 33.39955319]",72.0,0.0,remote
1416_3,slab,-211.18880229,42245.658,True,"[6.56220675, 0.0, 0.0, 0.0, 6.56220675, -6.56220675, 0.0, 0.0, 45.93544725]",48.0,0.0,remote
1416_5,slab,-278.55305115,88130.832,True,"[6.56220675, 0.0, 0.0, 0.0, 13.1244135, -6.56220675, 0.0, 0.0, 32.81103375]",64.0,0.0,remote
1417_13,slab,-405.40248483,244533.523,True,"[12.88630375, 0.0, 0.0, 0.0, 10.60339325, -3.59934179, 0.0, 0.0, 28.79473435]",72.0,0.031932143055555556,remote
1417_27,slab,-272.23078867,86132.341,True,"[5.30169663, 0.0, -3.59934179, 0.0, 12.88630375, -7.19868359, 0.0, 0.0, 35.99341794]",48.0,0.0,remote
1417_32,slab,-204.92526806,51152.16,True,"[3.59934179, 0.0, 0.0, 0.0, 12.88630375, -5.30169663, 0.0, 0.0, 37.11187639]",36.0,0.0,remote
1418_41,slab,-595.62422734,206769.267,True,"[13.35512412, 0.0, 0.0, 0.0, 7.7105845, -3.62211214, 0.0, 0.0, 32.5990093]",72.0,7.208472222222222e-05,remote
1419_0,slab,-157.07956976,33244.801,True,"[6.18860155, 0.0, -6.18860155, 0.0, 6.18860155, -6.18860155, 0.0, 0.0, 49.50881243]",48.0,0.0,remote
1419_1,slab,-155.46810279,30026.684,True,"[6.18860155, 0.0, -6.18860155, 0.0, 6.18860155, -6.18860155, 0.0, 0.0, 49.50881243]",48.0,0.0,remote
1419_5,slab,-209.6497725,120841.613,True,"[6.18860155, 0.0, 0.0, 0.0, 12.37720311, -6.18860155, 0.0, 0.0, 30.94300777]",64.0,0.0,remote
1422_0,slab,-221.76074327,174443.345,True,"[5.76690073, 0.0, 5.76485554, 8.62852046, 6.09992845, 0.0, 0.0, 0.0, 57.64855541]",40.0,0.0,remote
1422_28,slab,-340.68456337,177758.091,True,"[7.77764723, 0.0, 2.44926662, 7.00937861, 7.7396098, 11.63633663, 0.0, 0.0, 47.16462378]",60.0,0.0,remote
1422_9,slab,,,False,,,,remote
1424_11,slab,-287.64339829,69567.515,True,"[7.76995633, 0.0, 0.0, 2.04846833, 9.70891081, 5.76634051, 0.0, 0.0, 40.36438357]",60.0,1.6666666666666665e-09,remote
1424_66,slab,-376.19275244,142251.499,True,"[11.29219341, 0.0, 2.04846833, 16.6952417, 9.91567956, 11.86689299, 0.0, 0.0, 38.84978166]",80.0,1.25e-09,remote
1424_73,slab,-377.64642019,141666.04,True,"[5.76634051, 0.0, 0.0, -0.0, 19.41782163, 11.86689299, 0.0, 0.0, 38.84978166]",80.0,0.0,remote
1426_6,slab,-276.07085025,14859.333,True,"[5.99871592, 0.0, 0.0, 0.0, 5.99871592, 0.0, 0.0, 0.0, 29.99357962]",32.0,0.6681259625,remote
1428_14,slab,,,False,,,,remote
1428_49,slab,,,False,,,,remote
1428_50,slab,,,False,,,,remote
1429_16,slab,-408.47082486,35022.051,True,"[10.59726073, 0.0, -4.21560963, 5.76401805, 8.83304249, 0.0, 0.0, 0.0, 29.50926744]",60.0,5e-09,remote
1429_33,slab,-548.65867816,170891.842,True,"[10.59726073, 0.0, -8.43121927, 5.76401805, 8.83304249, 0.0, 0.0, 0.0, 37.94048671]",80.0,7.2e-07,remote
1429_38,slab,-551.1922648,96612.762,True,"[4.21560963, 0.0, 0.0, 0.0, 17.66608498, -20.26374608, 0.0, 0.0, 52.98630363]",80.0,4.3625e-07,remote
1431_6,slab,,,False,,,,remote
1436_0,slab,-412.15761798,59535.451,True,"[6.13647816, 0.0, -6.13647816, -0.0, 6.13647816, -6.13647816, 0.0, 0.0, 49.09182528]",48.0,0.32496326875,remote
1439_3,slab,-328.78960595,91516.679,True,"[6.12735673, 0.0, 0.0, 0.0, 6.12735673, -6.12735673, 0.0, 0.0, 42.89149712]",48.0,0.0,remote
1445_3,slab,-314.66421958,23987.961,True,"[5.90167578, 0.0, 0.0, -0.0, 5.90167578, 5.90167578, 0.0, 0.0, 41.31173047]",48.0,0.20986504166666667,remote
1446_10,slab,,,False,,,,remote
1448_3,slab,-240.23214938,19987.69,True,"[5.68440758, 0.0, 0.0, -0.0, 5.68440758, 5.68440758, 0.0, 0.0, 39.79085305]",48.0,4.166666666666667e-09,remote
1448_5,slab,-316.0071888,35547.64,True,"[5.68440758, 0.0, 0.0, 0.0, 11.36881516, -5.68440758, 0.0, 0.0, 28.42203789]",64.0,0.0,remote
1448_6,slab,-159.35503014,8773.873,True,"[5.68440758, 0.0, 0.0, 0.0, 5.68440758, 0.0, 0.0, 0.0, 28.42203789]",32.0,6.25e-09,remote
1451_3,slab,-259.56258181,44144.778,True,"[6.34411368, 0.0, 0.0, -0.0, 6.34411368, 6.34411368, 0.0, 0.0, 44.40879574]",48.0,0.0,remote
1454_3,slab,-237.96876906,42415.771,True,"[5.74076851, 0.0, 0.0, 0.0, 5.74076851, -5.74076851, 0.0, 0.0, 40.18537955]",48.0,0.0,remote
1454_5,slab,-314.26535948,93627.12,True,"[5.74076851, 0.0, 0.0, 0.0, 11.48153701, -5.74076851, 0.0, 0.0, 28.70384254]",64.0,0.0,remote
1462_11,slab,-159.08430473,55616.752,True,"[8.4728323, 0.0, 0.0, 0.0, 11.26112702, -4.47522254, 0.0, 0.0, 31.32655777]",48.0,2.0833333333333334e-09,remote
1462_39,slab,-212.77711478,264305.564,True,"[12.11778026, 0.0, 0.0, 3.30549265, 8.31770314, 8.4728323, 0.0, 0.0, 42.3641615]",64.0,0.0,remote
1463_0,slab,-197.35128044,47011.94,True,"[6.52843303, 0.0, -6.52843303, -0.0, 6.52843303, -6.52843303, 0.0, 0.0, 45.69903118]",48.0,3.3333333333333334e-08,remote
1463_1,slab,-198.05719293,53473.827,True,"[6.52843303, 0.0, -6.52843303, -0.0, 6.52843303, -6.52843303, 0.0, 0.0, 45.69903118]",48.0,0.0,remote
1463_5,slab,-265.20563978,99075.159,True,"[6.52843303, 0.0, 0.0, 0.0, 13.05686605, -6.52843303, 0.0, 0.0, 32.64216513]",64.0,0.0,remote
1465_1,slab,-315.65748574,39308.375,True,"[6.52463882, 0.0, -6.52463882, -0.0, 6.52463882, -6.52463882, 0.0, 0.0, 45.67247173]",48.0,0.0,remote
1469_0,slab,-223.32059021,21579.025,True,"[6.27519746, 0.0, -6.27519746, -0.0, 6.27519746, -6.27519746, 0.0, 0.0, 50.20157971]",48.0,4.166666666666667e-09,remote
1469_1,slab,-222.54416677,20484.753,True,"[6.27519746, 0.0, -6.27519746, -0.0, 6.27519746, -6.27519746, 0.0, 0.0, 50.20157971]",48.0,0.0,remote
1469_5,slab,-297.60918406,87662.082,True,"[6.27519746, 0.0, 0.0, 0.0, 12.55039493, -6.27519746, 0.0, 0.0, 31.37598732]",64.0,0.0,remote
1470_0,slab,-222.89170279,33238.426,True,"[6.27267338, 0.0, -6.27267338, -0.0, 6.27267338, -6.27267338, 0.0, 0.0, 50.18138701]",48.0,4.166666666666667e-09,remote
1470_1,slab,-221.68115822,31550.164,True,"[6.27267338, 0.0, -6.27267338, -0.0, 6.27267338, -6.27267338, 0.0, 0.0, 50.18138701]",48.0,0.0,remote
1470_5,slab,-298.52070108,154539.641,True,"[6.27267338, 0.0, 0.0, 0.0, 12.54534675, -6.27267338, 0.0, 0.0, 31.36336688]",64.0,0.0,remote
1472_11,slab,-338.5167634,195445.868,True,"[5.80186151, 0.0, 0.0, 5.80186151, 5.80186151, 7.28692505, 0.0, 0.0, 51.00847532]",48.0,0.7151340125,remote
1472_12,slab,-222.0977509,58947.495,True,"[4.10253562, 0.0, 0.0, -0.0, 8.20507123, 7.28692505, 0.0, 0.0, 36.43462523]",32.0,0.769788390625,remote
1472_6,slab,-331.79930066,69915.966,True,"[7.28692505, 0.0, 0.0, 0.0, 8.20507123, -4.10253562, 0.0, 0.0, 32.82028494]",48.0,0.7907045479166667,remote
1474_25,slab,-213.74744153,78370.839,True,"[18.73252293, 0.0, 0.0, -0.0, 5.00363097, -4.95070107, 0.0, 0.0, 39.60560857]",48.0,0.0,remote
1474_34,slab,-286.22653628,139062.99,True,"[18.73252293, 0.0, -9.90140214, -0.0, 5.00363097, -4.95070107, 0.0, 0.0, 44.55630964]",64.0,0.0,remote
1476_1,slab,-325.62042818,33639.503,True,"[5.83313898, 0.0, -5.83313898, -0.0, 5.83313898, -5.83313898, 0.0, 0.0, 46.66511182]",48.0,0.5438507,remote
1476_3,slab,-331.85158641,54766.23,True,"[5.83313898, 0.0, 0.0, 0.0, 5.83313898, -5.83313898, 0.0, 0.0, 40.83197284]",48.0,0.3916444125,remote
1482_51,slab,-206.34988439,138366.982,True,"[4.44278001, 0.0, 0.0, -0.0, 17.31256784, 8.45649925, 0.0, 0.0, 29.59774739]",48.0,2.0833333333333334e-09,remote
1490_1,slab,-535.33959513,50326.747,True,"[6.41424985, 0.0, -6.41424985, -0.0, 6.41424985, -6.41424985, 0.0, 0.0, 51.31399884]",48.0,2.2916666666666667e-08,remote
1491_0,slab,-189.46126241,37270.123,True,"[5.98548051, 0.0, -5.98548051, -0.0, 5.98548051, -5.98548051, 0.0, 0.0, 47.88384411]",48.0,8.333333333333334e-09,remote
1491_8,slab,-263.9102276,107216.217,True,"[5.98548051, 0.0, 0.0, 0.0, 11.97096103, -5.98548051, 0.0, 0.0, 29.92740257]",64.0,0.0,remote
1493_0,slab,-202.86078218,111301.447,True,"[6.61814349, 0.0, -6.61814349, -0.0, 6.61814349, -6.61814349, 0.0, 0.0, 46.32700446]",48.0,0.0,remote
1493_1,slab,-204.7036802,91694.033,True,"[6.61814349, 0.0, -6.61814349, -0.0, 6.61814349, -6.61814349, 0.0, 0.0, 46.32700446]",48.0,1.0416666666666666e-08,remote
1493_3,slab,-206.57434837,41958.512,True,"[6.61814349, 0.0, 0.0, 0.0, 6.61814349, -6.61814349, 0.0, 0.0, 46.32700446]",48.0,0.0,remote
1494_27,slab,-781.44674263,160034.461,True,"[13.614145, 0.0, 0.0, -0.0, 6.41812053, 4.55472138, 0.0, 0.0, 36.43777103]",72.0,0.0,remote
1494_33,slab,-521.42964205,100060.262,True,"[4.55472138, 0.0, 0.0, 0.0, 13.614145, -6.41812053, 0.0, 0.0, 32.09060267]",48.0,8.333333333333334e-09,remote
1497_30,slab,-541.19823623,148855.976,True,"[9.418896, 0.0, 0.0, 4.7322093, 8.67990768, 7.97117847, 0.0, 0.0, 39.85589235]",80.0,0.11378532999999999,remote
1497_32,slab,,,False,,,,remote
1497_65,slab,-539.33232577,167563.118,True,"[9.88608124, 0.0, -3.98558924, 15.26358257, 8.26972243, 0.0, 0.0, 0.0, 35.87030312]",80.0,0.066062325,remote
1500_78,slab,-542.3965869,204220.7,True,"[9.72550433, 0.0, -3.75892521, 16.50010516, 8.15936249, 0.0, 0.0, 0.0, 37.58925215]",72.0,0.000102125,remote
1500_79,slab,-542.97765734,84514.579,True,"[9.72550433, 0.0, -3.75892521, 16.50010516, 8.15936249, 0.0, 0.0, 0.0, 37.58925215]",72.0,6.591111111111112e-05,remote
1500_94,slab,-551.1436108,143105.215,True,"[9.72550433, 0.0, 0.0, -2.9509035, 8.15936249, -7.51785043, 0.0, 0.0, 37.58925215]",72.0,0.006328168055555555,remote
1502_42,slab,-346.28056267,71397.942,True,"[10.82835114, 0.0, 0.0, 2.98936231, 7.47017018, 7.03444507, 0.0, 0.0, 35.17222535]",64.0,0.0243855984375,remote
1503_11,slab,-301.25600885,45274.141,True,"[3.91598859, 0.0, 0.0, 0.0, 5.70116537, -9.87470808, 0.0, 0.0, 59.2482485]",36.0,5.555555555555556e-07,remote
1503_33,slab,,,False,,,,remote
1503_44,slab,-452.03443727,203591.967,True,"[11.40233074, 0.0, 0.0, 0.0, 6.58313872, -3.91598859, 0.0, 0.0, 31.3279087]",54.0,0.0,remote
1504_0,slab,-415.09444755,50686.882,True,"[6.08767108, 0.0, -6.08767108, -0.0, 6.08767108, -6.08767108, 0.0, 0.0, 48.70136862]",48.0,0.29302229166666666,remote
1504_1,slab,-411.88282032,73232.106,True,"[6.08767108, 0.0, -6.08767108, -0.0, 6.08767108, -6.08767108, 0.0, 0.0, 48.70136862]",48.0,0.0088452,remote
1504_3,slab,-419.63898237,108223.755,True,"[6.08767108, 0.0, 0.0, 0.0, 6.08767108, -6.08767108, 0.0, 0.0, 42.61369755]",48.0,0.20878585208333333,remote
1507_9,slab,-245.86302113,22924.153,True,"[6.70007837, 0.0, 0.0, 0.0, 9.54886921, -4.01417962, 0.0, 0.0, 32.11343692]",48.0,8.333333333333334e-09,remote
1511_0,slab,-317.42362882,9253.583,True,"[5.84386672, 0.0, -5.84386672, -0.0, 5.84386672, -5.84386672, 0.0, 0.0, 46.75093378]",48.0,0.0,remote
1511_6,slab,-214.19981144,11251.58,True,"[5.84386672, 0.0, 0.0, 0.0, 5.84386672, 0.0, 0.0, 0.0, 29.21933361]",32.0,0.0,remote
1518_14,slab,,,False,,,,remote
1518_28,slab,,,False,,,,remote
1518_29,slab,,,False,,,,remote
1520_0,slab,-342.61389958,45635.465,True,"[6.07770366, 0.0, -6.07770366, -0.0, 6.07770366, -6.07770366, 0.0, 0.0, 48.62162927]",48.0,1.1108815458333334,remote
1522_5,slab,-338.65673967,137890.532,True,"[6.21003403, 0.0, 0.0, 0.0, 12.42006806, -6.21003403, 0.0, 0.0, 31.05017016]",64.0,1.5625e-09,remote
1523_28,slab,-291.0425496,161525.479,True,"[5.92311362, 0.0, -3.41971124, 0.0, 22.39193763, -6.83942248, 0.0, 0.0, 34.19711242]",60.0,0.60061346,remote
1523_29,slab,-294.01788919,76880.447,True,"[5.92311362, 0.0, -3.41971124, 0.0, 22.39193763, -6.83942248, 0.0, 0.0, 34.19711242]",60.0,0.5994085933333333,remote
1524_20,slab,-256.75978795,67609.407,True,"[5.0960857, 0.0, 0.0, 0.0, 7.1148449, -5.25416886, 0.0, 0.0, 36.779182]",36.0,0.4123078611111111,remote
1525_2,slab,-223.64644269,127142.573,True,"[4.67357186, 0.0, -4.67357186, 0.0, 15.02809186, -4.67357186, 0.0, 0.0, 42.06214677]",56.0,0.0,remote
1525_3,slab,-223.7989284,237755.194,True,"[4.67357186, 0.0, -4.67357186, 0.0, 15.02809186, -4.67357186, 0.0, 0.0, 42.06214677]",56.0,0.0,remote
1533_6,slab,-193.69910534,4417.8,True,"[5.36080164, 0.0, 0.0, 0.0, 5.36080164, 0.0, 0.0, 0.0, 26.80400822]",32.0,0.230451415625,remote
1535_22,slab,-300.30395427,29453.801,True,"[7.02663706, 0.0, 0.0, -0.0, 7.02663706, 5.52145815, 0.0, 0.0, 33.1287489]",50.0,0.0,remote
1535_24,slab,-300.09247471,35330.045,True,"[7.02663706, 0.0, 0.0, -0.0, 7.02663706, 5.52145815, 0.0, 0.0, 33.1287489]",50.0,0.0,remote
