slab_id,mp_id,formula,crystal_id,miller_index,shift,num_atom,test,energy,chem_system,weight,normalized_weight,surface_energy,converge
476_26,mp-7577,Co4 Si4,476,100,0.25,24,0,na,"(14, 27)",0.025371956,0.0006120746433696,0.158985032953026,True
476_25,mp-7577,Co4 Si4,476,100,0.0,24,0,na,"(14, 27)",0.025364101,0.0006122598976199,0.12026081020649779,True
476_12,mp-7577,Co4 Si4,476,110,0.25,32,0,na,"(14, 27)",0.024004351,0.0005797920975704,0.12566317503488075,True
476_11,mp-7577,Co4 Si4,476,110,0.0932602486609185,32,0,na,"(14, 27)",0.02395763,0.0005789993152743,0.149576446467031,True
258_24,mp-9939,Hf8 Ge4,258,102,0.1249999999999998,72,0,na,"(32, 72)",0.022364944,0.0005479425338398,0.129133103282752,True
258_23,mp-9939,Hf8 Ge4,258,102,0.038851075681954,72,0,na,"(32, 72)",0.022312554,0.0005469586774702,0.13083909944300465,True
258_22,mp-9939,Hf8 Ge4,258,112,0.5,72,0,na,"(32, 72)",0.020938946,0.0005135676451224,0.12080806637630279,True
258_5,mp-9939,Hf8 Ge4,258,110,0.3445956972721831,36,0,na,"(32, 72)",0.020902928,0.0005129476682022,0.14437626672924508,True
621_8,mp-20685,Cr6 Ge2,621,100,0.125,24,0,na,"(24, 32)",0.019602325,0.0004905025958269,,False
61_24,mp-1743,Mo10 As8,61,100,0.0890728883022511,36,0,na,"(33, 42)",0.019396054,0.0004855793216749,0.12306501228593,True
100_13,mp-865362,Zn6 Ir2,100,001,0.1249999999999999,16,0,na,"(30, 77)",0.019072106,0.0004777012602169,0.08682671548735899,True
61_23,mp-1743,Mo10 As8,61,100,0.0286592067524047,36,0,na,"(33, 42)",0.018791964,0.000470909464961,0.11697869053068623,True
61_25,mp-1743,Mo10 As8,61,100,0.1609553397060494,36,0,na,"(33, 42)",0.01806603,0.0004529315112727,0.11425331693670153,True
563_8,mp-22568,V6 Ga2,563,100,0.125,24,0,na,"(23, 31)",0.01802704,0.0004521587941072,0.1361631520136353,True
61_27,mp-1743,Mo10 As8,61,100,0.25,36,0,na,"(33, 42)",0.017716244,0.0004445643436057,0.11283145693637654,True
621_3,mp-20685,Cr6 Ge2,621,110,0.375,32,0,na,"(24, 32)",0.017685613,0.0004439930850331,,False
713_13,mp-1973,Nb2 Ga6,713,001,0.1249999999999999,16,0,na,"(31, 41)",0.017651498,0.0004433334731127,0.08177373993889675,True
621_1,mp-20685,Cr6 Ge2,621,221,0.0625,64,0,na,"(24, 32)",0.017466785,0.0004388888117327,,False
524_5,mp-1471,Zr3 Al1,524,100,0.25,12,0,na,"(13, 40)",0.017094411,0.0004427383974851,0.10381165351098391,True
621_2,mp-20685,Cr6 Ge2,621,110,0.125,32,0,na,"(24, 32)",0.016957056,0.0004393754864034,,False
563_6,mp-22568,V6 Ga2,563,210,0.0625,48,0,na,"(23, 31)",0.01654794,0.0004289633285443,0.13591910357970918,True
626_18,mp-30883,V8 Zn10,626,100,0.2499999999999999,36,0,na,"(23, 30)",0.016338827,0.0004237243671814,0.09613745143356378,True
563_7,mp-22568,V6 Ga2,563,210,0.1875,48,0,na,"(23, 31)",0.016222037,0.0004217200242154,0.14258021157146186,True
343_34,mp-556,Zr4 Ni4,343,010,0.0,16,0,na,"(28, 40)",0.016142484,0.0004198289561002,0.12427459927180803,True
563_1,mp-22568,V6 Ga2,563,221,0.0625,64,0,na,"(23, 31)",0.016046455,0.0004175067436513,0.14312692668901453,True
524_2,mp-1471,Zr3 Al1,524,110,0.25,16,0,na,"(13, 40)",0.01585371,0.0004126640732274,0.11635002490868544,True
343_35,mp-556,Zr4 Ni4,343,010,0.1110762816396775,16,0,na,"(28, 40)",0.015590439,0.0004059787947786,0.16577835847926503,True
524_4,mp-1471,Zr3 Al1,524,210,0.125,24,0,na,"(13, 40)",0.015083671,0.0003929419598383,0.12028295152611615,True
510_8,mp-1555,V6 Sb2,510,100,0.125,24,0,na,"(23, 51)",0.014965098,0.0003900062860941,0.13059619414200133,True
343_36,mp-556,Zr4 Ni4,343,010,0.25,16,0,na,"(28, 40)",0.014827717,0.0003865767592591,0.09799985633827428,True
100_3,mp-865362,Zn6 Ir2,100,212,0.125,64,0,na,"(30, 77)",0.014760388,0.0003849702302355,0.08490528278080821,True
524_1,mp-1471,Zr3 Al1,524,221,0.125,32,0,na,"(13, 40)",0.014666612,0.0003832091466492,0.11260974579731964,True
626_11,mp-30883,V8 Zn10,626,210,0.125,72,0,na,"(23, 30)",0.014277581,0.0003731875559981,,False
626_10,mp-30883,V8 Zn10,626,210,0.0400517027834119,72,0,na,"(23, 30)",0.014079893,0.0003681577769638,,False
644_4,mp-2749,Ti8 Be16,644,110,0.1249999999999999,72,0,na,"(4, 22)",0.0136560025,0.0003572054944529,0.15834302729956948,True
806_13,mp-1184772,Hf6 Pb2,806,001,0.1249999999999999,16,0,na,"(72, 82)",0.013418096,0.0003538282536981,0.08551220440776265,True
510_7,mp-1555,V6 Sb2,510,210,0.1875,48,0,na,"(23, 51)",0.013294743,0.0003506995862899,0.13457009202895975,True
100_11,mp-865362,Zn6 Ir2,100,112,0.5,40,0,na,"(30, 77)",0.013291168,0.0003507282822843,0.06926092392178403,True
342_1,mp-2377,Ga2 Mo6,342,221,0.0625,64,0,na,"(31, 42)",0.013205999,0.0003486031016488,0.17591808156928346,True
100_12,mp-865362,Zn6 Ir2,100,102,0.25,32,0,na,"(30, 77)",0.013128382,0.0003466750721618,0.09038057486097235,True
510_6,mp-1555,V6 Sb2,510,210,0.0625,48,0,na,"(23, 51)",0.013122176,0.000346631361661,0.1307421290097389,True
342_7,mp-2377,Ga2 Mo6,342,210,0.1875,48,0,na,"(31, 42)",0.012752556,0.0003388949267877,,False
301_21,mp-1380,Zn12 Ru4,301,001,0.0585618365018268,16,0,na,"(30, 44)",0.012690378,0.0003373568956947,0.10408818804231376,True
301_23,mp-1380,Zn12 Ru4,301,001,0.1896085212307952,16,0,na,"(30, 44)",0.012663488,0.0003367556674966,0.09403721835316926,True
644_7,mp-2749,Ti8 Be16,644,100,0.0625,48,0,na,"(4, 22)",0.012630081,0.0003359804302488,0.1506012881307285,True
713_3,mp-1973,Nb2 Ga6,713,212,0.125,64,0,na,"(31, 41)",0.012477017,0.0003320202344294,0.09011501556828556,True
342_6,mp-2377,Ga2 Mo6,342,210,0.0625,48,0,na,"(31, 42)",0.012471677,0.0003319883609674,0.16545440638084943,True
597_4,mp-1077790,Nb8 Fe16,597,110,0.1250000000000001,72,0,na,"(26, 41)",0.012455437,0.0003316661714775,0.16880937696691853,True
309_8,mp-494,Ge2 Mo6,309,100,0.125,24,0,na,"(32, 42)",0.012258224,0.0003265230361036,,False
251_4,mp-19870,Ga1 Fe3,251,210,0.125,32,0,na,"(26, 31)",0.0122038135,0.0003251798791255,0.13982507495875732,True
342_5,mp-2377,Ga2 Mo6,342,211,0.25,96,0,na,"(31, 42)",0.012189295,0.0003248986731779,0.16663539981541542,True
510_0,mp-1555,V6 Sb2,510,111,0.125,32,0,na,"(23, 51)",0.01211116,0.0003229209461149,0.13592401837551277,True
777_24,mp-866184,Ti6 Pb2,777,001,0.0,24,0,na,"(22, 82)",0.012084917,0.0003223253122452,0.08248740640431573,True
504_15,mp-1822,Ti4 As4,504,101,0.4753716014192749,32,0,na,"(22, 33)",0.011981889,0.0003200587066802,0.10878361191001493,True
309_1,mp-494,Ge2 Mo6,309,221,0.0625,64,0,na,"(32, 42)",0.011925238,0.0003186474382053,,False
626_23,mp-30883,V8 Zn10,626,001,0.25,72,0,na,"(23, 30)",0.011922555,0.0003186772930057,0.10658939936006989,True
262_7,mp-567276,Ta8 V16,262,100,0.0625,48,0,na,"(23, 73)",0.01191981,0.0003187054862588,0.17451600904636844,True
504_16,mp-1822,Ti4 As4,504,201,0.0539808659570293,64,0,na,"(22, 33)",0.011825218,0.0003173766783362,0.10643082980865294,True
504_17,mp-1822,Ti4 As4,504,201,0.158147532623696,64,0,na,"(22, 33)",0.011734612,0.0003155690092689,0.11290517593466254,True
504_18,mp-1822,Ti4 As4,504,201,0.2291666666666667,64,0,na,"(22, 33)",0.011722734,0.0003153490986499,0.12952650505113256,True
856_27,mp-2294,Al6 Ir2,856,001,0.0,16,0,na,"(13, 77)",0.011662731,0.0003156877719362,0.08662909421710431,True
713_10,mp-1973,Nb2 Ga6,713,100,0.25,24,0,na,"(31, 41)",0.011660811,0.0003157354750453,0.0902364702561249,True
597_7,mp-1077790,Nb8 Fe16,597,100,0.0625,48,0,na,"(26, 41)",0.011447571,0.0003100595510791,0.1754049153382292,True
777_16,mp-866184,Ti6 Pb2,777,201,0.25,48,0,na,"(22, 82)",0.011430382,0.0003096900062193,0.11896488917080116,True
713_12,mp-1973,Nb2 Ga6,713,102,0.25,32,0,na,"(31, 41)",0.011346403,0.0003075099469495,0.09959788642032887,True
594_37,mp-7598,Nb4 As8,594,20-1,0.0,48,0,na,"(33, 41)",0.011244509,0.0003048421601572,0.11662371856077634,True
644_1,mp-2749,Ti8 Be16,644,111,0.8125000000000002,72,0,na,"(4, 22)",0.011242336,0.0003048761885626,0.17213985309070293,True
777_15,mp-866184,Ti6 Pb2,777,201,0.0,48,0,na,"(22, 82)",0.011174578,0.0003043133304435,0.08836726336619942,True
856_28,mp-2294,Al6 Ir2,856,001,0.1646173571319416,16,0,na,"(13, 77)",0.011138672,0.000303427852185,0.10809254848157729,True
287_8,mp-839,V6 Au2,287,100,0.125,24,0,na,"(23, 79)",0.0111285765,0.0003032448542495,,False
594_40,mp-7598,Nb4 As8,594,20-1,0.25,48,0,na,"(33, 41)",0.011075372,0.000301886619525,0.06067009995883751,True
309_7,mp-494,Ge2 Mo6,309,210,0.1875,48,0,na,"(32, 42)",0.011015571,0.0003003472663852,0.1563464068551723,True
454_20,mp-862589,Re6 Pt2,454,100,0.5,24,0,na,"(75, 78)",0.010984335,0.0002995855746538,0.16250608918846007,True
777_23,mp-866184,Ti6 Pb2,777,102,0.25,48,0,na,"(22, 82)",0.010981433,0.000299596180511,0.10021610321766133,True
309_6,mp-494,Ge2 Mo6,309,210,0.0625,48,0,na,"(32, 42)",0.010974612,0.0002994998185401,,False
440_13,mp-11387,Hf2 Ga6,440,001,0.1249999999999999,16,0,na,"(31, 72)",0.01095226,0.0002989793713159,0.08894366785324258,True
301_22,mp-1380,Zn12 Ru4,301,001,0.1231703577326221,16,0,na,"(30, 44)",0.010896424,0.0002975440963964,0.1752551093702037,True
405_13,mp-866108,Hf2 Zn6,405,101,0.0,32,0,na,"(30, 72)",0.010864527,0.0002967613979496,0.11115057561741266,True
179_7,mp-819,Hf8 Cr16,179,100,0.0625,48,0,na,"(24, 72)",0.010759712,0.0002954096903306,,False
262_1,mp-567276,Ta8 V16,262,111,0.3125,72,0,na,"(23, 73)",0.010682655,0.0002933807450386,0.19867689926755913,True
594_39,mp-7598,Nb4 As8,594,20-1,0.1355208512837382,48,0,na,"(33, 41)",0.010602197,0.0002916576827074,0.11636018526357746,True
454_18,mp-862589,Re6 Pt2,454,100,0.0,24,0,na,"(75, 78)",0.010580887,0.0002911563802033,0.22529898821551214,True
435_5,mp-542569,Al1 Ru1,435,100,0.25,8,0,na,"(13, 44)",0.010528405,0.0002897965986592,0.1645540445870485,True
644_0,mp-2749,Ti8 Be16,644,111,0.1875,72,0,na,"(4, 22)",0.010526954,0.0002898406544098,0.147505476397143,True
405_25,mp-866108,Hf2 Zn6,405,001,0.0,24,0,na,"(30, 72)",0.010517852,0.0002896740065923,0.08545768836569434,True
454_19,mp-862589,Re6 Pt2,454,100,0.2460321614822678,24,0,na,"(75, 78)",0.010441171,0.0002876454451312,0.25671892523553497,True
343_16,mp-556,Zr4 Ni4,343,100,0.25,32,0,na,"(28, 40)",0.010430754,0.0002874411467133,0.11507824901086516,True
834_8,mp-1079399,V6 Fe2,834,100,0.125,24,0,na,"(23, 26)",0.010385741,0.000286283009283,,False
405_16,mp-866108,Hf2 Zn6,405,201,0.0,48,0,na,"(30, 72)",0.01038064,0.000286224341355,0.08776837395865282,True
262_0,mp-567276,Ta8 V16,262,111,0.0625,72,0,na,"(23, 73)",0.010298221,0.000284033107757,0.16760359266151748,True
597_6,mp-1077790,Nb8 Fe16,597,210,0.03125,96,0,na,"(26, 41)",0.010296528,0.0002840670979341,,False
834_2,mp-1079399,V6 Fe2,834,110,0.125,32,0,na,"(23, 26)",0.0102525875,0.0002861527043198,,False
405_14,mp-866108,Hf2 Zn6,405,101,0.2391541496720019,32,0,na,"(30, 72)",0.010177324,0.0002841333836422,0.09464000615303883,True
454_15,mp-862589,Re6 Pt2,454,101,0.5,32,0,na,"(75, 78)",0.010154246,0.000285202945415,0.20029900879415694,True
59_12,mp-2644,Co2 Sb2,59,201,0.1458333333333333,32,0,na,"(27, 51)",0.010138744,0.0002848487794779,0.09589400758311062,True
365_4,mp-1718,Zr8 Fe16,365,110,0.125,72,0,na,"(26, 40)",0.010121785,0.0002844533412774,0.15179817491471348,True
59_11,mp-2644,Co2 Sb2,59,201,0.0208333333333333,32,0,na,"(27, 51)",0.010058047,0.0002827425341745,0.0805767655411665,True
597_0,mp-1077790,Nb8 Fe16,597,111,0.1874999999999999,72,0,na,"(26, 41)",0.010049274,0.0002825758118967,0.16890281854608047,True
707_13,mp-20536,Co3 Sn3,707,100,0.1666666666666666,18,0,na,"(27, 50)",0.009962157,0.0002802053458317,0.0813235666418633,True
251_5,mp-19870,Ga1 Fe3,251,100,0.25,12,0,na,"(26, 31)",0.009960373,0.0002802336902855,0.12927912166266817,True
594_38,mp-7598,Nb4 As8,594,20-1,0.0907976219004905,48,0,na,"(33, 41)",0.009938053,0.0002796840971385,0.13956155791745212,True
287_7,mp-839,V6 Au2,287,210,0.1875,48,0,na,"(23, 79)",0.009912543,0.0002790442199295,,False
287_1,mp-839,V6 Au2,287,221,0.0625,64,0,na,"(23, 79)",0.009900495,0.0002787828540175,0.15042642067589934,True
834_3,mp-1079399,V6 Fe2,834,110,0.375,32,0,na,"(23, 26)",0.00989902,0.0002788190502355,,False
251_0,mp-19870,Ga1 Fe3,251,111,0.5,20,0,na,"(26, 31)",0.009870077,0.000278081366569,0.11597571461369036,True
59_5,mp-2644,Co2 Sb2,59,211,0.1041666666666667,80,0,na,"(27, 51)",0.009853737,0.000277698223102,0.08626219119855645,True
179_6,mp-819,Hf8 Cr16,179,210,0.03125,96,0,na,"(24, 72)",0.009845127,0.0002775326462239,,False
59_6,mp-2644,Co2 Sb2,59,211,0.2291666666666667,80,0,na,"(27, 51)",0.009844078,0.0002775801126152,0.09894633035723013,True
179_1,mp-819,Hf8 Cr16,179,111,0.3125,72,0,na,"(24, 72)",0.0097814435,0.0002783384408462,,False
707_14,mp-20536,Co3 Sn3,707,100,0.4166666666666667,18,0,na,"(27, 50)",0.009754617,0.0002776523536356,0.10478170136562838,True
609_0,mp-972048,Zn24 Mo4,609,111,0.25,84,0,na,"(30, 42)",0.0097492775,0.0002775774418152,0.06817850498000352,True
834_6,mp-1079399,V6 Fe2,834,210,0.0625,48,0,na,"(23, 26)",0.009690573,0.0002759826378542,0.18234368724723968,True
707_15,mp-20536,Co3 Sn3,707,2-12,0.1249999999999999,48,0,na,"(27, 50)",0.009674206,0.0002755925727035,0.08883299814776652,True
707_18,mp-20536,Co3 Sn3,707,001,0.25,18,0,na,"(27, 50)",0.009581242,0.0002734187224443,0.06962610564270741,True
806_10,mp-1184772,Hf6 Pb2,806,100,0.25,24,0,na,"(72, 82)",0.009575564,0.0002733314239867,0.08715444915129206,True
301_17,mp-1380,Zn12 Ru4,301,100,0.25,48,0,na,"(30, 44)",0.009560523,0.0002729766965423,0.0984034450680126,True
251_2,mp-19870,Ga1 Fe3,251,110,0.25,16,0,na,"(26, 31)",0.009551271,0.0002727869934367,0.1338351202203087,True
806_12,mp-1184772,Hf6 Pb2,806,102,0.2499999999999999,32,0,na,"(72, 82)",0.009491576,0.0002711560552464,0.10008739388475646,True
112_14,mp-30581,Hf4 Cu2,112,100,0.25,24,0,na,"(29, 72)",0.0094304895,0.0002737868243652,0.1271740002014577,True
781_17,mp-865496,V2 Ir6,781,100,0.0,24,0,na,"(23, 77)",0.009405687,0.0002731415384957,0.1734634438419833,True
806_9,mp-1184772,Hf6 Pb2,806,201,0.0624999999999998,48,0,na,"(72, 82)",0.009381595,0.0002725163413545,0.09785721037419623,True
365_7,mp-1718,Zr8 Fe16,365,100,0.0625,48,0,na,"(26, 40)",0.00937226,0.0002723193899874,0.15504095724062233,True
179_0,mp-819,Hf8 Cr16,179,111,0.0625,72,0,na,"(24, 72)",0.009300693,0.0002703135584687,0.18235688309597195,True
156_6,mp-1425,Ti8 Cr16,156,210,0.03125,96,0,na,"(22, 24)",0.009280299,0.0002697937600734,,False
156_1,mp-1425,Ti8 Cr16,156,111,0.3125,72,0,na,"(22, 24)",0.009271901,0.0002696223586458,,False
112_13,mp-30581,Hf4 Cu2,112,201,0.1249999999999999,48,0,na,"(29, 72)",0.009236643,0.0002686695125108,0.127461215425485,True
534_7,mp-2385,Ta8 Cr16,534,100,0.0625,48,0,na,"(24, 73)",0.009216496,0.0002681555347895,,False
294_3,mp-21289,Ti1 Zn3,294,211,0.125,64,0,na,"(22, 30)",0.009205211,0.0002678990343843,0.09547942122630872,True
46_0,mp-903,Zr8 Cr16,46,111,0.0625000000000004,72,0,na,"(24, 40)",0.009184317,0.0002678996008777,,False
287_5,mp-839,V6 Au2,287,211,0.2499999999999999,96,0,na,"(23, 79)",0.009156662,0.0002671644986452,,False
238_19,mp-977426,Nb2 Co6,238,100,0.2366676396867308,24,0,na,"(27, 41)",0.009113508,0.0002659764511592,0.1872136600239724,True
65_3,mp-2515,Cr1 Pt3,65,211,0.125,64,0,na,"(24, 78)",0.009089755,0.0002653538010522,0.12522017605197935,True
609_5,mp-972048,Zn24 Mo4,609,100,0.125,56,0,na,"(30, 42)",0.0090505155,0.0002642784243625,0.08358259259752619,True
46_1,mp-903,Zr8 Cr16,46,111,0.3125000000000002,72,0,na,"(24, 40)",0.008997414,0.0002630521643193,0.17254903982092173,True
112_10,mp-30581,Hf4 Cu2,112,101,0.171694469203878,24,0,na,"(29, 72)",0.0089752255,0.0002624724959977,0.1254866157828163,True
170_6,mp-1932,Nb6 Os2,170,210,0.0625,48,0,na,"(41, 76)",0.008864962,0.0002599798864916,0.16561157409500335,True
166_4,mp-580357,Cu3 Pd1,166,210,0.125,32,0,na,"(29, 46)",0.0088466685,0.0002595108665123,0.09927974408081609,True
156_0,mp-1425,Ti8 Cr16,156,111,0.0625,72,0,na,"(22, 24)",0.00881968,0.0002587863355048,0.19501701806516877,True
496_2,mp-11313,Zr1 Cd3,496,110,0.25,16,0,na,"(40, 48)",0.008816802,0.0002587688553059,0.07524738156763773,True
109_17,mp-867141,Re2 Os6,109,100,0.0,24,0,na,"(75, 76)",0.008812264,0.0002587026113892,0.20162009325406716,True
109_18,mp-867141,Re2 Os6,109,100,0.2508928246415803,24,0,na,"(75, 76)",0.008803455,0.0002585108820397,0.2693567604135425,True
170_7,mp-1932,Nb6 Os2,170,210,0.1875,48,0,na,"(41, 76)",0.008791635,0.0002582305466021,0.17630938720752656,True
755_8,mp-2567,V6 Si2,755,100,0.125,24,0,na,"(14, 23)",0.008770153,0.000257666108099,0.15286814930859546,True
443_22,mp-568,Ti4 Sb8,443,112,0.1735928933988386,72,0,na,"(22, 51)",0.008746028,0.0002570235445706,0.056206071224488334,True
109_19,mp-867141,Re2 Os6,109,100,0.5,24,0,na,"(75, 76)",0.008712548,0.0002561054775606,0.20985171417374823,True
112_11,mp-30581,Hf4 Cu2,112,101,0.5,24,0,na,"(29, 72)",0.008689433,0.0002554914445515,0.13314279240401639,True
636_4,mp-548,Nb8 Cr16,636,110,0.125,72,0,na,"(24, 41)",0.008641629,0.0002541508186515,0.1919578399158391,True
201_22,mp-1007758,Hf2 Cd2,201,001,0.0,8,0,na,"(48, 72)",0.008623257,0.0002536749687487,,False
443_21,mp-568,Ti4 Sb8,443,112,0.0,72,0,na,"(22, 51)",0.008623053,0.0002537333333669,0.05151206338565797,True
65_5,mp-2515,Cr1 Pt3,65,100,0.25,12,0,na,"(24, 78)",0.008546767,0.0002515524450676,0.12928053682098772,True
365_6,mp-1718,Zr8 Fe16,365,210,0.03125,96,0,na,"(26, 40)",0.008539879,0.0002514129577732,0.15343063100978602,True
238_18,mp-977426,Nb2 Co6,238,100,0.0,24,0,na,"(27, 41)",0.008498701,0.0002502636021731,0.15967588760538662,True
773_8,mp-1071690,Be20 Co4,773,110,0.1255303933891625,72,0,na,"(4, 27)",0.008488332,0.000250020834473,0.14855525212859355,True
435_3,mp-542569,Al1 Ru1,435,211,0.25,40,0,na,"(13, 44)",0.008456866,0.000249156308775,0.15990654180694666,True
238_20,mp-977426,Nb2 Co6,238,100,0.5,24,0,na,"(27, 41)",0.008451902,0.0002490721172243,0.16212094814746783,True
781_19,mp-865496,V2 Ir6,781,100,0.5,24,0,na,"(23, 77)",0.008429335,0.0002484689689374,0.18058433331010224,True
262_4,mp-567276,Ta8 V16,262,110,0.125,48,0,na,"(23, 73)",0.008422574,0.0002483313796186,0.1675021714865174,True
534_6,mp-2385,Ta8 Cr16,534,210,0.03125,96,0,na,"(24, 73)",0.008420349,0.0002483274451608,,False
595_21,mp-864735,Mn6 Ir2,595,100,0.5,24,0,na,"(25, 77)",0.008405947,0.0002479642871005,0.15242307115127915,True
755_3,mp-2567,V6 Si2,755,110,0.375,32,0,na,"(14, 23)",0.008398959,0.0002478196007798,0.16803246552674253,True
294_5,mp-21289,Ti1 Zn3,294,100,0.25,12,0,na,"(22, 30)",0.008398096,0.0002478555605765,0.0881750953526035,True
496_1,mp-11313,Zr1 Cd3,496,221,0.1249999999999997,32,0,na,"(40, 48)",0.008384659,0.0002475203396026,0.07208422743574305,True
835_16,mp-862259,Sc6 Al2,835,201,0.25,48,0,na,"(13, 21)",0.008379645,0.0002474335680503,0.10209906411185585,True
595_19,mp-864735,Mn6 Ir2,595,100,0.0,24,0,na,"(25, 77)",0.008333263,0.0002469899907852,0.17738495118826342,True
781_24,mp-865496,V2 Ir6,781,001,0.0,24,0,na,"(23, 77)",0.0083325775,0.0002470306873242,0.1601378415677511,True
443_4,mp-568,Ti4 Sb8,443,110,0.0971857867976773,36,0,na,"(22, 51)",0.0083247125,0.0002468585002381,0.09852278016732643,True
835_15,mp-862259,Sc6 Al2,835,201,0.0,48,0,na,"(13, 21)",0.008304431,0.0002463178844505,0.07812268105307567,True
75_13,mp-570491,Ta2 Ni6,75,001,0.125,16,0,na,"(28, 73)",0.008257958,0.0002449997957527,0.15572858204692983,True
805_4,mp-929,Zr8 Co16,805,110,0.125,72,0,na,"(27, 40)",0.00823777,0.0002444607444059,0.14494236306387542,True
250_19,mp-30787,Mo2 Rh6,250,100,0.4999999999999999,24,0,na,"(42, 45)",0.008216587,0.0002438917481886,0.1661065866292397,True
781_18,mp-865496,V2 Ir6,781,100,0.251251691226301,24,0,na,"(23, 77)",0.008216129,0.000243937647821,0.22656634945457477,True
852_20,mp-11220,Sc4 Al2,852,102,0.25,36,0,na,"(13, 21)",0.008210569,0.0002438320507116,0.0849822823604538,True
365_1,mp-1718,Zr8 Fe16,365,111,0.3125,72,0,na,"(26, 40)",0.008188186,0.0002432266416243,0.15616096320527914,True
430_3,mp-1089,Ti1 Ir3,430,211,0.125,64,0,na,"(22, 77)",0.008182767,0.0002431248069253,0.178699044099041,True
778_13,mp-869,Ta2 Al6,778,001,0.125,16,0,na,"(13, 73)",0.008174457,0.0002429369657987,0.12438244187772703,True
755_2,mp-2567,V6 Si2,755,110,0.125,32,0,na,"(14, 23)",0.008165578,0.0002427320590855,0.15800753471593126,True
443_5,mp-568,Ti4 Sb8,443,110,0.3471857867976774,36,0,na,"(22, 51)",0.008163504,0.0002427293250201,0.056163514674993156,True
592_28,mp-20662,Sn16 Pt4,592,120,0.0209388129378904,80,0,na,"(50, 78)",0.008150257,0.0002423942819049,,False
166_1,mp-580357,Cu3 Pd1,166,221,0.125,40,0,na,"(29, 46)",0.008145766,0.0002423194533077,0.08986876637905425,True
393_6,mp-866121,V12 Os4,393,100,0.125,32,0,na,"(23, 76)",0.0081329895,0.0002419980200585,0.2053012199427048,True
534_1,mp-2385,Ta8 Cr16,534,111,0.3125,72,0,na,"(24, 73)",0.008123052,0.0002435231907207,,False
393_2,mp-866121,V12 Os4,393,221,0.0625,96,0,na,"(23, 76)",0.008109794,0.000243184946698,,False
636_7,mp-548,Nb8 Cr16,636,100,0.0625,48,0,na,"(24, 41)",0.008103206,0.0002430465003916,0.196066301561387,True
109_24,mp-867141,Re2 Os6,109,001,0.0,24,0,na,"(75, 76)",0.008099091,0.0002429821315768,0.18422517566840652,True
852_19,mp-11220,Sc4 Al2,852,102,0.0416666666666667,36,0,na,"(13, 21)",0.008095384,0.0002429299449095,0.10559532891259588,True
595_20,mp-864735,Mn6 Ir2,595,100,0.2450198221354848,24,0,na,"(25, 77)",0.008072093,0.0002422898775127,0.18628000717650683,True
543_11,mp-1221387,Mo2 W2,543,010,0.25,12,0,na,"(42, 74)",0.008061809,0.0002420398394038,0.18797900203402373,True
65_0,mp-2515,Cr1 Pt3,65,111,0.5,20,0,na,"(24, 78)",0.008061291,0.000242082881182,0.10990410147658818,True
496_5,mp-11313,Zr1 Cd3,496,100,0.25,12,0,na,"(40, 48)",0.008048628,0.0002417611338914,0.06493097371655182,True
592_29,mp-20662,Sn16 Pt4,592,120,0.1249999999999999,80,0,na,"(50, 78)",0.008039989,0.000241560039253,0.035442228041318774,True
755_1,mp-2567,V6 Si2,755,221,0.0625,64,0,na,"(14, 23)",0.008034822,0.0002414631254993,0.16062680157979,True
292_8,mp-1578,V6 Rh2,292,100,0.125,24,0,na,"(23, 45)",0.008031425,0.000241419332445,,False
166_3,mp-580357,Cu3 Pd1,166,211,0.125,64,0,na,"(29, 46)",0.008013134,0.0002432936352222,0.09245062494699731,True
170_4,mp-1932,Nb6 Os2,170,211,0.0625,96,0,na,"(41, 76)",0.0080070235,0.0002431672701391,0.17239485725368867,True
619_3,mp-865382,V12 Ru4,619,110,0.25,48,0,na,"(23, 44)",0.007993428,0.0002428134293275,0.17307158595054142,True
616_19,mp-10909,Al2 Re4,616,001,0.0846556518228674,12,0,na,"(13, 75)",0.00799003,0.0002427691571399,0.16817333655120548,True
792_4,mp-2773,Be1 Co1,792,210,0.125,20,0,na,"(4, 27)",0.0079855155,0.0002426909063903,0.1780563465577248,True
294_0,mp-21289,Ti1 Zn3,294,111,0.5,20,0,na,"(22, 30)",0.007960849,0.0002419999883948,0.08582129712174257,True
238_21,mp-977426,Nb2 Co6,238,2-12,0.1316661801566346,64,0,na,"(27, 41)",0.007901382,0.0002448756620658,0.17423636752855945,True
375_37,mp-8628,Te12 Pt9,375,001,0.0,21,0,na,"(52, 78)",0.007895703,0.0002447595970188,,False
435_0,mp-542569,Al1 Ru1,435,111,0.25,12,0,na,"(13, 44)",0.007870935,0.0002440515455497,0.17559978549280575,True
496_4,mp-11313,Zr1 Cd3,496,210,0.125,24,0,na,"(40, 48)",0.007863977,0.0002438953241164,0.07567797693344312,True
805_7,mp-929,Zr8 Co16,805,100,0.0625,48,0,na,"(27, 40)",0.007852368,0.0002435946913306,0.1481906166078048,True
65_2,mp-2515,Cr1 Pt3,65,110,0.25,16,0,na,"(24, 78)",0.007832137,0.0002430262889466,0.12893030986802198,True
294_2,mp-21289,Ti1 Zn3,294,110,0.25,16,0,na,"(22, 30)",0.007819637,0.0002426974036516,0.10115270432222864,True
534_0,mp-2385,Ta8 Cr16,534,111,0.0625,72,0,na,"(24, 73)",0.007762557,0.0002430591895487,,False
595_1,mp-864735,Mn6 Ir2,595,221,0.0,80,0,na,"(25, 77)",0.0077592586,0.0002430149779193,,False
773_13,mp-1071690,Be20 Co4,773,100,0.0627651966945812,48,0,na,"(4, 27)",0.007748046,0.0002427227917886,,False
856_21,mp-2294,Al6 Ir2,856,100,0.1666666666666666,24,0,na,"(13, 77)",0.007715497,0.0002429902656563,0.09299139267992283,True
194_8,mp-729,Cr6 Si2,194,100,0.125,24,0,na,"(14, 24)",0.0076857037,0.0002430588953279,,False
75_7,mp-570491,Ta2 Ni6,75,101,0.125,32,0,na,"(28, 73)",0.0076224827,0.0002411181493225,0.18690733883860003,True
375_39,mp-8628,Te12 Pt9,375,001,0.0911549984232884,21,0,na,"(52, 78)",0.00762234,0.0002411717862602,0.006747575715268283,True
792_2,mp-2773,Be1 Co1,792,110,0.5,12,0,na,"(4, 27)",0.00760003,0.0002405239026628,0.17014622830480286,True
46_4,mp-903,Zr8 Cr16,46,110,0.125,48,0,na,"(24, 40)",0.007570176,0.0002396367288864,0.16316464082150303,True
250_14,mp-30787,Mo2 Rh6,250,101,0.4999999999999999,32,0,na,"(42, 45)",0.0075564273,0.0002396574376669,0.16880277977504737,True
250_24,mp-30787,Mo2 Rh6,250,001,0.0,24,0,na,"(42, 45)",0.0075428,0.0002395995697265,0.14484369494152882,True
500_7,mp-850,Sc8 Ni16,500,100,0.0625,48,0,na,"(21, 28)",0.0075180945,0.0002388720248741,0.1194631019134214,True
856_24,mp-2294,Al6 Ir2,856,2-12,0.1646173571319416,48,0,na,"(13, 77)",0.0074776565,0.0002376439569,0.09463503161389632,True
430_0,mp-1089,Ti1 Ir3,430,111,0.5,20,0,na,"(22, 77)",0.0074731475,0.0002376135799936,0.15486654836132993,True
543_5,mp-1221387,Mo2 W2,543,100,0.25,16,0,na,"(42, 74)",0.007462495,0.000237331269968,0.22658674569221082,True
75_6,mp-570491,Ta2 Ni6,75,210,0.125,64,0,na,"(28, 73)",0.0074610044,0.0002373401923575,0.17431725363974987,True
194_3,mp-729,Cr6 Si2,194,110,0.375,32,0,na,"(14, 24)",0.0074521424,0.0002371145622514,,False
619_2,mp-865382,V12 Ru4,619,221,0.0625,96,0,na,"(23, 44)",0.0074446816,0.0002381568970229,,False
375_38,mp-8628,Te12 Pt9,375,001,0.0367157881402479,21,0,na,"(52, 78)",0.0074339253,0.0002378694510219,0.11222512623762965,True
619_6,mp-865382,V12 Ru4,619,100,0.125,32,0,na,"(23, 44)",0.0074239112,0.0002376055406883,0.1894857934158354,True
292_1,mp-1578,V6 Rh2,292,221,0.0625,64,0,na,"(23, 45)",0.00738714,0.000236484852383,,False
786_3,mp-635,Sc1 Rh3,786,211,0.125,64,0,na,"(21, 45)",0.007348451,0.0002361919979228,0.12684235230009366,True
375_40,mp-8628,Te12 Pt9,375,001,0.1478213375708854,21,0,na,"(52, 78)",0.0073301615,0.0002356598025374,0.09514831526107796,True
292_7,mp-1578,V6 Rh2,292,210,0.1875,48,0,na,"(23, 45)",0.007318338,0.000235335143933,0.18106840040302496,True
636_6,mp-548,Nb8 Cr16,636,210,0.03125,96,0,na,"(24, 41)",0.007317803,0.0002353733316025,,False
250_17,mp-30787,Mo2 Rh6,250,100,0.0,24,0,na,"(42, 45)",0.0073127206,0.0002352652340089,0.147900774534979,True
440_3,mp-11387,Hf2 Ga6,440,212,0.125,64,0,na,"(31, 72)",0.0073109004,0.0002352620234132,0.08478694339586235,True
99_7,mp-570436,Ca8 Ir16,99,100,0.0625,48,0,na,"(20, 77)",0.0073062363,0.0002351672603561,0.10727124143891674,True
75_8,mp-570491,Ta2 Ni6,75,101,0.375,32,0,na,"(28, 73)",0.0073061017,0.0002352182435894,0.17097534335279632,True
544_23,mp-11278,Ta8 Be4,544,001,0.125,36,0,na,"(4, 73)",0.007288849,0.0002347180068862,0.1852176402304609,True
167_3,mp-933,Y4 As4,167,211,0.125,96,0,na,"(33, 39)",0.007269478,0.0002341491743505,0.10485460136337449,True
292_6,mp-1578,V6 Rh2,292,210,0.0625,48,0,na,"(23, 45)",0.007207795,0.0002322167443212,,False
551_1,mp-1401,Zr8 Zn16,551,111,0.3124999999999999,72,0,na,"(30, 40)",0.0072052456,0.0002321885272289,0.11781743790632793,True
554_4,mp-253,Sc8 Co16,554,110,0.125,72,0,na,"(21, 27)",0.0071996674,0.0002320626524159,,False
166_0,mp-580357,Cu3 Pd1,166,111,0.5,20,0,na,"(29, 46)",0.0071983617,0.0002320744223604,0.07981578606929277,True
796_8,mp-2211,V6 Pt2,796,100,0.125,24,0,na,"(23, 78)",0.0071932697,0.0002319640897493,,False
194_1,mp-729,Cr6 Si2,194,221,0.0625,64,0,na,"(14, 24)",0.007175064,0.0002314306872616,,False
435_4,mp-542569,Al1 Ru1,435,210,0.125,16,0,na,"(13, 44)",0.007172712,0.0002334174528992,0.1571630565783878,True
543_10,mp-1221387,Mo2 W2,543,021,0.125,24,0,na,"(42, 74)",0.007148324,0.0002326781193362,0.21500099426104183,True
720_6,mp-1458,Nb6 Ir2,720,210,0.0625,48,0,na,"(41, 77)",0.0071437056,0.0002325819070251,0.16375511887236463,True
393_5,mp-866121,V12 Os4,393,210,0.0624999999999999,64,0,na,"(23, 76)",0.007135681,0.0002335320408221,0.20371914289423879,True
832_3,mp-316,Mn1 V1,832,211,0.25,40,0,na,"(23, 25)",0.007106293,0.0002326245742937,0.20523313348450534,True
729_13,mp-30836,Ta2 Pd6,729,001,0.1249999999999999,16,0,na,"(46, 73)",0.0070929304,0.0002322411744499,0.12953280933486555,True
636_1,mp-548,Nb8 Cr16,636,111,0.3125000000000002,72,0,na,"(24, 41)",0.007074691,0.0002316977783431,,False
720_7,mp-1458,Nb6 Ir2,720,210,0.1875,48,0,na,"(41, 77)",0.007072765,0.0002316883830781,0.16976903334115123,True
805_6,mp-929,Zr8 Co16,805,210,0.03125,96,0,na,"(27, 40)",0.0070670955,0.0002315563115087,,False
72_4,mp-815,Ga1 Ni3,72,210,0.125,32,0,na,"(28, 31)",0.0070468746,0.0002316092182018,0.12714949261379904,True
430_2,mp-1089,Ti1 Ir3,430,110,0.25,16,0,na,"(22, 77)",0.0070366813,0.0002313277732474,0.17358346910627467,True
551_7,mp-1401,Zr8 Zn16,551,100,0.0625,48,0,na,"(30, 40)",0.0070210407,0.0002308670014166,0.10120673094517521,True
832_5,mp-316,Mn1 V1,832,100,0.2499999999999999,8,0,na,"(23, 25)",0.007003727,0.0002303508699339,,False
543_4,mp-1221387,Mo2 W2,543,210,0.1249999999999999,32,0,na,"(42, 74)",0.0069935857,0.0002300703219533,0.2143765337396548,True
600_4,mp-1038,Mg8 Cu16,600,110,0.125,72,0,na,"(12, 29)",0.0069712177,0.0002293872495934,0.075973619789005,True
677_13,mp-193,Zr4 Cu2,677,201,0.125,48,0,na,"(29, 40)",0.0069707567,0.0002294247075352,0.11585817968737276,True
832_1,mp-316,Mn1 V1,832,221,0.125,24,0,na,"(23, 25)",0.0069630607,0.000229224002941,,False
677_12,mp-193,Zr4 Cu2,677,201,0.0385649756006092,48,0,na,"(29, 40)",0.006951173,0.0002288851257454,0.11749695443601445,True
201_13,mp-1007758,Hf2 Cd2,201,101,0.25,16,0,na,"(48, 72)",0.006945741,0.0002287586227171,0.0858651583797259,True
488_3,mp-864984,Mn4 V12,488,110,0.2499999999999999,48,0,na,"(23, 25)",0.006933913,0.0002284213197888,0.16839233964823838,True
500_6,mp-850,Sc8 Ni16,500,210,0.03125,96,0,na,"(21, 28)",0.006922767,0.0002281062455816,0.11788976483505856,True
194_7,mp-729,Cr6 Si2,194,210,0.1875,48,0,na,"(14, 24)",0.006889509,0.0002270621836293,,False
393_0,mp-866121,V12 Os4,393,111,0.1250000000000002,48,0,na,"(23, 76)",0.0068857656,0.0002276186624094,0.21392035254447206,True
615_21,mp-1007755,Hf2 Au2,615,102,0.1287079310496395,24,0,na,"(72, 79)",0.006880939,0.0002277903278347,0.10420017090739109,True
201_18,mp-1007758,Hf2 Cd2,201,100,0.25,16,0,na,"(48, 72)",0.0068761157,0.0002276825185773,0.08867958095776374,True
442_5,mp-899,In1 Rh1,442,100,0.25,8,0,na,"(45, 49)",0.0068750842,0.0002277002068195,0.11302570827604262,True
619_5,mp-865382,V12 Ru4,619,210,0.0625,64,0,na,"(23, 44)",0.006850647,0.0002269425307939,,False
170_2,mp-1932,Nb6 Os2,170,110,0.125,24,0,na,"(41, 76)",0.0068000667,0.0002253180829785,0.18064355146598735,True
805_1,mp-929,Zr8 Co16,805,111,0.3125000000000002,72,0,na,"(27, 40)",0.0067991046,0.0002253369765916,0.15046681726225844,True
430_1,mp-1089,Ti1 Ir3,430,221,0.125,32,0,na,"(22, 77)",0.006798538,0.0002253689822118,0.1701248218141986,True
757_4,mp-540,Sc8 Fe16,757,110,0.125,72,0,na,"(21, 26)",0.006790574,0.0002260054434604,0.13516573576385907,True
440_10,mp-11387,Hf2 Ga6,440,100,0.25,24,0,na,"(31, 72)",0.0067832246,0.0002258118737543,0.09064097621611537,True
551_6,mp-1401,Zr8 Zn16,551,210,0.0312499999999999,96,0,na,"(30, 40)",0.00678032,0.0002257661610166,0.09972503921634264,True
201_17,mp-1007758,Hf2 Cd2,201,201,0.25,32,0,na,"(48, 72)",0.006773963,0.0002256054243274,0.08702752626966251,True
554_7,mp-253,Sc8 Co16,554,100,0.0625,48,0,na,"(21, 27)",0.0067472337,0.0002259155523037,0.1381260753974041,True
440_12,mp-11387,Hf2 Ga6,440,102,0.25,32,0,na,"(31, 72)",0.0067304405,0.000225404193062,0.09125836818747872,True
549_7,mp-1400,Hf8 W16,549,100,0.0625,48,0,na,"(72, 74)",0.0067198076,0.0002250988327118,0.2000831572741826,True
677_10,mp-193,Zr4 Cu2,677,101,0.1728700487987813,24,0,na,"(29, 40)",0.0066878954,0.0002250413399339,0.11508063087245057,True
615_24,mp-1007755,Hf2 Au2,615,001,0.5,8,0,na,"(72, 79)",0.006687139,0.0002250665370661,,False
765_16,mp-1009641,Co1 Te2,765,100,0.5,12,0,na,"(27, 52)",0.006676048,0.0002247438337423,0.03799736938914974,True
677_11,mp-193,Zr4 Cu2,677,101,0.4999999999999999,24,0,na,"(29, 40)",0.0066733444,0.0002247033198892,0.12043794688804568,True
592_27,mp-20662,Sn16 Pt4,592,121,0.0831223741242193,80,0,na,"(50, 78)",0.0066641085,0.0002244931498409,,False
544_21,mp-11278,Ta8 Be4,544,102,0.0401637725926473,72,0,na,"(4, 73)",0.0066571403,0.0002243087685734,0.18691959270674055,True
383_7,mp-1545,Nb6 Rh2,383,210,0.1875,48,0,na,"(41, 45)",0.006632614,0.0002238264450599,0.15781381753722304,True
544_22,mp-11278,Ta8 Be4,544,102,0.1249999999999998,72,0,na,"(4, 73)",0.0066239797,0.0002235851133002,0.1861787913936313,True
103_2,mp-22154,In8 Au4,103,221,0.0625,72,0,na,"(49, 79)",0.0066116056,0.0002232173473076,0.03658584633073077,True
500_0,mp-850,Sc8 Ni16,500,111,0.1875000000000002,72,0,na,"(21, 28)",0.006594012,0.0002226730664708,0.11855149682953811,True
383_6,mp-1545,Nb6 Rh2,383,210,0.0625,48,0,na,"(41, 45)",0.0065903356,0.0002225984848759,0.15445136601544332,True
765_15,mp-1009641,Co1 Te2,765,100,0.1666666666666667,12,0,na,"(27, 52)",0.006584331,0.0002224451864523,0.06406779653352292,True
593_4,mp-894,Zn1 Pt1,593,211,0.25,40,0,na,"(30, 78)",0.006559891,0.0002226687922871,0.09655584856203034,True
209_3,mp-1020,Ta1 Rh3,209,211,0.1250000000000001,64,0,na,"(45, 73)",0.006555142,0.0002225571488697,0.16685250213184136,True
786_0,mp-635,Sc1 Rh3,786,111,0.5,20,0,na,"(21, 45)",0.0065540615,0.0002225699987779,0.10989174289235146,True
796_1,mp-2211,V6 Pt2,796,221,0.0625,64,0,na,"(23, 78)",0.0065179053,0.0002213914420311,0.17572292117351632,True
456_3,mp-305,Ti1 Fe1,456,211,0.25,40,0,na,"(22, 26)",0.0065044235,0.0002209824339985,0.1728919020214668,True
765_18,mp-1009641,Co1 Te2,765,102,0.0489574515753036,18,0,na,"(27, 52)",0.0064980756,0.0002211330590338,0.04672886992361211,True
592_26,mp-20662,Sn16 Pt4,592,121,0.0205773270143583,80,0,na,"(50, 78)",0.006477643,0.0002204864833552,,False
544_5,mp-11278,Ta8 Be4,544,110,0.3393449096294106,36,0,na,"(4, 73)",0.00646465,0.0002207230439125,0.179702872854074,True
796_6,mp-2211,V6 Pt2,796,210,0.0625,48,0,na,"(23, 78)",0.0064477865,0.0002201958744341,0.17567623981653938,True
765_17,mp-1009641,Co1 Te2,765,2-12,0.1322907849086369,24,0,na,"(27, 52)",0.0064453166,0.0002201600041547,0.04688715416094734,True
456_1,mp-305,Ti1 Fe1,456,221,0.125,24,0,na,"(22, 26)",0.006427193,0.0002195892805291,,False
796_7,mp-2211,V6 Pt2,796,210,0.1875,48,0,na,"(23, 78)",0.0064213476,0.0002194377547682,0.1650879914221883,True
373_20,mp-30501,Ti4 Cd2,373,001,0.2499999999999999,6,0,na,"(22, 48)",0.0064198435,0.0002194345071301,,False
600_7,mp-1038,Mg8 Cu16,600,100,0.0625,48,0,na,"(12, 29)",0.006417384,0.0002193985834094,0.08038625122296628,True
80_5,mp-11521,Sc1 Ni1,80,100,0.25,8,0,na,"(21, 28)",0.0064138807,0.0002200413595023,0.11178636614934757,True
172_3,mp-1187196,Ta12 Ir4,172,110,0.25,48,0,na,"(73, 77)",0.0064102868,0.0002199664650965,0.1560735884860857,True
593_10,mp-894,Zn1 Pt1,593,102,0.125,16,0,na,"(30, 78)",0.0064039626,0.0002197978008113,0.09331981224990357,True
99_6,mp-570436,Ca8 Ir16,99,210,0.0312499999999999,96,0,na,"(20, 77)",0.006403071,0.0002198155141439,0.11171374798775753,True
671_5,mp-214,Zr1 Ru1,671,100,0.25,8,0,na,"(40, 44)",0.0063854856,0.0002199538343186,0.16607395707041314,True
72_1,mp-815,Ga1 Ni3,72,221,0.1250000000000002,40,0,na,"(28, 31)",0.006377116,0.0002197621958356,0.11021787865484066,True
786_5,mp-635,Sc1 Rh3,786,100,0.25,12,0,na,"(21, 45)",0.006370967,0.0002195985542201,0.1330228746511188,True
265_1,mp-12086,Cu3 Pt1,265,221,0.1250000000000001,40,0,na,"(29, 78)",0.0063659702,0.0002194745176173,0.09602751395734122,True
103_6,mp-22154,In8 Au4,103,100,0.1249999999999999,24,0,na,"(49, 79)",0.0063575343,0.0002202623952187,0.04119570390695175,True
786_2,mp-635,Sc1 Rh3,786,110,0.25,16,0,na,"(21, 45)",0.0063546547,0.0002202111331631,0.1256538039163188,True
72_3,mp-815,Ga1 Ni3,72,211,0.125,64,0,na,"(28, 31)",0.0063521545,0.0002201729769812,0.11457531449190275,True
456_5,mp-305,Ti1 Fe1,456,100,0.25,8,0,na,"(22, 26)",0.0063233464,0.0002192227220387,0.18723464053924407,True
616_20,mp-10909,Al2 Re4,616,001,0.25,12,0,na,"(13, 75)",0.006321847,0.0002192187974075,0.3209209066928282,True
99_1,mp-570436,Ca8 Ir16,99,111,0.8125,72,0,na,"(20, 77)",0.006319471,0.0002191844556706,0.09926955225852371,True
173_20,mp-862586,Re6 Pd2,173,100,0.5,24,0,na,"(46, 75)",0.006319206,0.0002192233147568,0.1493314466789593,True
593_1,mp-894,Zn1 Pt1,593,221,0.1250000000000001,24,0,na,"(30, 78)",0.006314535,0.0002191093041996,0.10181413250527817,True
701_5,mp-983590,Be3 Fe1,701,100,0.2499999999999999,16,0,na,"(4, 26)",0.006282329,0.0002180395563041,0.15651525041891176,True
720_0,mp-1458,Nb6 Ir2,720,111,0.125,32,0,na,"(41, 77)",0.006268671,0.0002176129790233,0.1653154858070773,True
549_1,mp-1400,Hf8 W16,549,111,0.3125,72,0,na,"(72, 74)",0.006253442,0.0002171315644939,0.19964074093697182,True
303_1,mp-2271,Na8 Pt16,303,111,0.3125,72,0,na,"(11, 78)",0.0062525403,0.000217147405287,0.06971553596199401,True
209_5,mp-1020,Ta1 Rh3,209,100,0.25,12,0,na,"(45, 73)",0.0062443223,0.0002169090997579,0.1648671586397626,True
191_4,mp-2516,Y1 Zn1,191,210,0.125,16,0,na,"(30, 39)",0.0062391893,0.000219365142078,0.07446365827357743,True
639_7,mp-11263,Zr6 Au2,639,210,0.1875,48,0,na,"(40, 79)",0.0062373527,0.000219348686077,0.11059789977753094,True
554_0,mp-253,Sc8 Co16,554,111,0.0625000000000004,72,0,na,"(21, 27)",0.006227858,0.0002190628375588,,False
757_7,mp-540,Sc8 Fe16,757,100,0.0625,48,0,na,"(21, 26)",0.006208835,0.0002184415622777,0.13771813742958397,True
549_6,mp-1400,Hf8 W16,549,210,0.03125,96,0,na,"(72, 74)",0.0062033175,0.0002182951282516,,False
173_18,mp-862586,Re6 Pd2,173,100,0.0,24,0,na,"(46, 75)",0.0061953263,0.0002180615191944,0.21381810845778523,True
167_2,mp-933,Y4 As4,167,110,0.25,24,0,na,"(33, 39)",0.0061944216,0.000218077230046,0.08245202761173237,True
720_4,mp-1458,Nb6 Ir2,720,211,0.0625,96,0,na,"(41, 77)",0.0061858105,0.0002178215745573,0.17350590518469336,True
442_2,mp-899,In1 Rh1,442,110,0.5,10,0,na,"(45, 49)",0.006182085,0.0002177378161407,0.06206902576409374,True
277_16,mp-1216229,V2 Re2,277,010,0.25,12,0,na,"(23, 75)",0.006174307,0.0002175112293837,0.19212938418375178,True
378_30,mp-865373,Y6 Co6,378,001,0.0,12,0,na,"(27, 39)",0.0061650705,0.0002172330924962,0.04242428227633802,True
442_0,mp-899,In1 Rh1,442,111,0.25,12,0,na,"(45, 49)",0.0061604017,0.0002171157468784,0.08373518671023157,True
265_3,mp-12086,Cu3 Pt1,265,211,0.1250000000000001,64,0,na,"(29, 78)",0.0061420095,0.0002171899087287,0.0992874155651979,True
173_19,mp-862586,Re6 Pd2,173,100,0.2463210044958108,24,0,na,"(46, 75)",0.0061142663,0.0002184101425825,0.24243154019550042,True
442_4,mp-899,In1 Rh1,442,210,0.125,16,0,na,"(45, 49)",0.0061086374,0.0002182567398886,0.08094305077678908,True
639_6,mp-11263,Zr6 Au2,639,210,0.0625,48,0,na,"(40, 79)",0.0061019138,0.0002180641049864,0.1094817052069323,True
383_4,mp-1545,Nb6 Rh2,383,211,0.0625,96,0,na,"(41, 45)",0.0060854293,0.0002175224322132,0.16331921293626883,True
385_19,mp-862630,Re2 Ru6,385,100,0.5,24,0,na,"(44, 75)",0.006081725,0.0002174373202582,0.19521267729319405,True
877_8,mp-1068446,Sc2 Au8,877,110,0.5,30,0,na,"(21, 79)",0.006078628,0.0002173738597275,0.0684583374313526,True
173_13,mp-862586,Re6 Pd2,173,101,0.0,32,0,na,"(46, 75)",0.006071484,0.0002171655939164,0.2166384124183429,True
209_0,mp-1020,Ta1 Rh3,209,111,0.5,20,0,na,"(45, 73)",0.0060648234,0.0002169744761392,0.1460531294564621,True
303_6,mp-2271,Na8 Pt16,303,210,0.03125,96,0,na,"(11, 78)",0.006054128,0.0002166388437473,0.08263230295477243,True
583_3,mp-11517,Nb1 Ru3,583,211,0.125,64,0,na,"(41, 44)",0.006047399,0.0002164449458978,0.16472597095490166,True
593_6,mp-894,Zn1 Pt1,593,101,0.5,10,0,na,"(30, 78)",0.0060458714,0.0002164371176579,0.07691723819607806,True
549_0,mp-1400,Hf8 W16,549,111,0.0625,72,0,na,"(72, 74)",0.0060418183,0.0002163388438382,0.19385305064628905,True
539_33,mp-2643,Ti6 Cu8,539,001,0.25,14,0,na,"(22, 29)",0.0060406136,0.0002163425105424,0.15575201725901597,True
671_4,mp-214,Zr1 Ru1,671,210,0.125,16,0,na,"(40, 44)",0.006036043,0.0002162255948543,0.14709224661377715,True
373_0,mp-30501,Ti4 Cd2,373,111,0.0887303560873854,36,0,na,"(22, 48)",0.006027594,0.000215969629491,0.10073286053859502,True
172_2,mp-1187196,Ta12 Ir4,172,221,0.0625,96,0,na,"(73, 77)",0.00602525,0.000215932278421,0.17586101094064366,True
312_31,mp-1229032,Ag3 Pt12,312,001,0.1009525011285508,15,0,na,"(47, 78)",0.0060107512,0.0002157701320327,,False
615_23,mp-1007755,Hf2 Au2,615,001,0.2596179071613242,8,0,na,"(72, 79)",0.0060102753,0.0002157996115872,0.12620404868170323,True
383_5,mp-1545,Nb6 Rh2,383,211,0.25,96,0,na,"(41, 45)",0.0060014986,0.0002155309946901,0.15182112553272264,True
615_11,mp-1007755,Hf2 Au2,615,210,0.125,32,0,na,"(72, 79)",0.00599687,0.0002154111962036,0.10661075116046945,True
610_3,mp-1186117,Ni1 Pt3,610,211,0.125,64,0,na,"(28, 78)",0.0059850398,0.0002150325686897,0.11361191922221442,True
172_6,mp-1187196,Ta12 Ir4,172,100,0.125,32,0,na,"(73, 77)",0.005980865,0.0002170448435225,0.19803816837016533,True
877_7,mp-1068446,Sc2 Au8,877,110,0.2970847012229356,30,0,na,"(21, 79)",0.005970149,0.0002167029954893,0.07229931997233602,True
539_32,mp-2643,Ti6 Cu8,539,001,0.1712448229237591,14,0,na,"(22, 29)",0.0059588365,0.0002163392585206,0.11777341092795912,True
72_0,mp-815,Ga1 Ni3,72,111,0.5000000000000002,20,0,na,"(28, 31)",0.005953794,0.0002162029606158,0.0991882654738157,True
277_12,mp-1216229,V2 Re2,277,112,0.125,32,0,na,"(23, 75)",0.005951022,0.0002161490317185,0.2068963923652176,True
715_5,mp-2212,Sc1 Co1,715,100,0.2499999999999999,8,0,na,"(21, 27)",0.005942644,0.0002158913963351,0.1373501069065963,True
373_1,mp-30501,Ti4 Cd2,373,111,0.2500000000000001,36,0,na,"(22, 48)",0.0059422473,0.0002159236005962,0.10749408827419561,True
307_5,mp-987,Zn1 Cu1,307,100,0.25,8,0,na,"(29, 30)",0.005935022,0.0002157076310434,0.08280964164977525,True
312_32,mp-1229032,Ag3 Pt12,312,001,0.1666666666666666,15,0,na,"(47, 78)",0.0059188227,0.0002158953354809,,False
533_2,mp-570276,Zr1 Zn1,533,110,0.5,10,0,na,"(30, 40)",0.005913175,0.0002157359060093,0.10426349750568141,True
565_3,mp-979289,Ta4 W12,565,110,0.25,48,0,na,"(73, 74)",0.005906704,0.0002155463195315,0.19436766114142168,True
312_30,mp-1229032,Ag3 Pt12,312,001,0.0339960530047645,15,0,na,"(47, 78)",0.005901518,0.0002154035024375,0.07009474430649368,True
668_3,mp-2444,Ga1 Rh1,668,211,0.25,40,0,na,"(31, 45)",0.0058922423,0.0002151112781037,0.08548532820946904,True
883_3,mp-1184364,Fe12 Rh4,883,110,0.25,48,0,na,"(26, 45)",0.0058916695,0.0002151366449028,0.13320662162673735,True
373_14,mp-30501,Ti4 Cd2,373,100,0.2499999999999999,24,0,na,"(22, 48)",0.005890881,0.0002151541400529,0.1074398333601707,True
167_1,mp-933,Y4 As4,167,221,0.125,48,0,na,"(33, 39)",0.0058859475,0.0002151107426525,0.11102497210014757,True
701_2,mp-983590,Be3 Fe1,701,110,0.25,20,0,na,"(4, 26)",0.005883816,0.0002150791096284,0.17324166060595633,True
668_5,mp-2444,Ga1 Rh1,668,100,0.2499999999999999,8,0,na,"(31, 45)",0.0058781817,0.0002149193760837,0.13153017962375357,True
385_17,mp-862630,Re2 Ru6,385,100,0.0,24,0,na,"(44, 75)",0.0058768885,0.0002155123748609,0.17664126040952868,True
701_4,mp-983590,Be3 Fe1,701,210,0.125,32,0,na,"(4, 26)",0.0058754473,0.0002155059685744,0.18224738795375153,True
456_4,mp-305,Ti1 Fe1,456,210,0.125,16,0,na,"(22, 26)",0.005864035,0.0002151337385784,0.17669173818018577,True
452_17,mp-7558,Ta3 Ge6,452,210,0.0410479873336298,72,0,na,"(32, 73)",0.0058552087,0.0002155440470123,0.10501573149897374,True
103_5,mp-22154,In8 Au4,103,210,0.0625,48,0,na,"(49, 79)",0.005853543,0.000215529184698,0.035384753990347885,True
522_22,mp-568069,Ti8 Bi4,522,001,0.25,12,0,na,"(22, 83)",0.005845335,0.0002166574658038,0.027579492936296034,True
701_0,mp-983590,Be3 Fe1,701,111,0.5,24,0,na,"(4, 26)",0.005837431,0.0002164113910197,0.14033352096816276,True
778_12,mp-869,Ta2 Al6,778,102,0.25,32,0,na,"(13, 73)",0.005833293,0.0002163047935461,0.13680100333346046,True
191_1,mp-2516,Y1 Zn1,191,221,0.125,20,0,na,"(30, 39)",0.0058310307,0.0002165497520178,0.07278527977364188,True
195_31,mp-30682,Zr8 Ga8,195,001,0.25,16,0,na,"(31, 40)",0.0058308747,0.0002165908612691,0.08904755761874668,True
452_26,mp-7558,Ta3 Ge6,452,100,0.2462879240017788,27,0,na,"(32, 73)",0.005827142,0.0002164990999205,0.10673005235936268,True
437_57,mp-19940,V4 As4,437,001,0.25,16,0,na,"(23, 33)",0.0058141747,0.0002167402353264,0.1267217038069815,True
437_33,mp-19940,V4 As4,437,120,0.0,48,0,na,"(23, 33)",0.0057946527,0.0002160593248703,,False
600_6,mp-1038,Mg8 Cu16,600,210,0.0312499999999999,96,0,na,"(12, 29)",0.005793692,0.000216070188205,0.07987908218611628,True
877_19,mp-1068446,Sc2 Au8,877,100,0.1526553336546641,20,0,na,"(21, 79)",0.005788387,0.0002159189969747,0.0783299571319528,True
191_3,mp-2516,Y1 Zn1,191,211,0.25,32,0,na,"(30, 39)",0.005786905,0.0002159103344037,0.07155383711992593,True
385_12,mp-862630,Re2 Ru6,385,101,0.0,32,0,na,"(44, 75)",0.0057809497,0.0002157347205811,0.20465702512155742,True
277_10,mp-1216229,V2 Re2,277,121,0.125,32,0,na,"(23, 75)",0.0057734745,0.0002155022507823,0.20889376354319517,True
307_3,mp-987,Zn1 Cu1,307,211,0.25,40,0,na,"(29, 30)",0.005772805,0.0002155237066904,0.07297524948802123,True
877_20,mp-1068446,Sc2 Au8,877,100,0.25,20,0,na,"(21, 79)",0.0057672076,0.0002153611470415,0.0851892796971886,True
385_14,mp-862630,Re2 Ru6,385,101,0.5,32,0,na,"(44, 75)",0.0057382607,0.0002145061126928,0.20061677696165225,True
103_1,mp-22154,In8 Au4,103,111,0.5,36,0,na,"(49, 79)",0.005727842,0.0002141625828446,0.02920170324704203,True
195_29,mp-30682,Zr8 Ga8,195,001,0.0688257574961159,16,0,na,"(31, 40)",0.0057238997,0.0002140610250935,0.16041603501371865,True
437_30,mp-19940,V4 As4,437,121,0.1619859263311908,48,0,na,"(23, 33)",0.005722868,0.0002151532511505,0.11150811233127099,True
437_17,mp-19940,V4 As4,437,210,0.0471108801750741,64,0,na,"(23, 33)",0.0057109674,0.0002147520484763,,False
452_18,mp-7558,Ta3 Ge6,452,210,0.1268560379991106,72,0,na,"(32, 73)",0.005705904,0.0002146077346435,0.09995313480502468,True
581_18,mp-1186060,Mn2 Os6,581,100,0.2559550962242021,24,0,na,"(25, 76)",0.0056783627,0.0002182414249244,0.24796174438151822,True
671_2,mp-214,Zr1 Ru1,671,110,0.5,10,0,na,"(40, 44)",0.00567082,0.0002179991062471,0.13066884391024286,True
883_2,mp-1184364,Fe12 Rh4,883,221,0.0625,96,0,na,"(26, 45)",0.005662932,0.0002177433415967,0.1474051639624386,True
639_5,mp-11263,Zr6 Au2,639,211,0.2500000000000001,96,0,na,"(40, 79)",0.0056599802,0.0002176772407768,0.10401829288283972,True
583_5,mp-11517,Nb1 Ru3,583,100,0.25,12,0,na,"(41, 44)",0.0056594484,0.0002177041775194,0.17206425359995464,True
401_4,mp-191,Y1 Rh1,401,210,0.125,16,0,na,"(39, 45)",0.0056482414,0.0002173203850973,0.09309789038365747,True
600_1,mp-1038,Mg8 Cu16,600,111,0.8125000000000001,72,0,na,"(12, 29)",0.005632164,0.0002167488988546,0.0792771502416651,True
565_2,mp-979289,Ta4 W12,565,221,0.0625,96,0,na,"(73, 74)",0.005620796,0.0002164510417035,,False
452_19,mp-7558,Ta3 Ge6,452,210,0.2108080506654808,72,0,na,"(32, 73)",0.0056178025,0.0002163826013534,0.09903368157641662,True
639_4,mp-11263,Zr6 Au2,639,211,0.0625000000000001,96,0,na,"(40, 79)",0.0056171366,0.0002164037786939,0.1138766791236292,True
243_19,mp-1018113,Y2 Au4,243,001,0.0823248421547084,12,0,na,"(39, 79)",0.005615681,0.0002163945293671,0.093029678917337,True
307_1,mp-987,Zn1 Cu1,307,221,0.125,24,0,na,"(29, 30)",0.0056080236,0.0002161462321445,0.07934957896065567,True
243_20,mp-1018113,Y2 Au4,243,001,0.25,12,0,na,"(39, 79)",0.005604292,0.0002160491058287,0.06930240502250416,True
581_19,mp-1186060,Mn2 Os6,581,100,0.5,24,0,na,"(25, 76)",0.005601485,0.0002175606668024,0.18807197855995403,True
468_40,mp-30744,Ir2 W2,468,001,0.2478076276644785,12,0,na,"(74, 77)",0.005595942,0.0002173926737776,0.26247434079163323,True
86_6,mp-1221,V6 Ge2,86,210,0.0625,48,0,na,"(23, 32)",0.005588289,0.0002171425731608,0.14049566160478608,True
757_6,mp-540,Sc8 Fe16,757,210,0.03125,96,0,na,"(21, 26)",0.0055719186,0.0002165534961179,0.13780062326800194,True
277_14,mp-1216229,V2 Re2,277,011,0.25,16,0,na,"(23, 75)",0.0055694887,0.0002165059427896,0.21713067113209722,True
209_4,mp-1020,Ta1 Rh3,209,210,0.125,24,0,na,"(45, 73)",0.005542148,0.0002176133506985,0.17472849548863628,True
671_1,mp-214,Zr1 Ru1,671,221,0.125,20,0,na,"(40, 44)",0.0055379304,0.0002174950757746,0.14541886830410822,True
265_0,mp-12086,Cu3 Pt1,265,111,0.5,20,0,na,"(29, 78)",0.0055351197,0.0002174319795411,0.08522175542021196,True
862_13,mp-1842,Nb2 Al6,862,001,0.1249999999999999,16,0,na,"(13, 41)",0.0055319956,0.0002173565181085,0.12810293633472172,True
265_5,mp-12086,Cu3 Pt1,265,100,0.2499999999999999,12,0,na,"(29, 78)",0.0055222777,0.0002170218651859,0.09997625558403231,True
630_3,mp-20516,In1 Pt3,630,211,0.125,64,0,na,"(49, 78)",0.005512197,0.0002166727230544,0.08897770912983881,True
118_0,mp-932,Sc1 Ga3,118,111,0.5,20,0,na,"(21, 31)",0.0055117607,0.0002167025265572,0.04904844767181952,True
86_7,mp-1221,V6 Ge2,86,210,0.1875,48,0,na,"(23, 32)",0.005491142,0.0002159386681868,0.1445353476939384,True
729_3,mp-30836,Ta2 Pd6,729,212,0.125,64,0,na,"(46, 73)",0.005489145,0.0002159067589584,0.13106461254689405,True
271_27,mp-1079460,Ti12 Sn4,271,120,0.0695808034285249,64,0,na,"(22, 50)",0.0054661,0.0002151390360836,,False
315_8,mp-1585,V6 Co2,315,100,0.125,24,0,na,"(23, 27)",0.0054608644,0.0002149792196687,,False
468_32,mp-30744,Ir2 W2,468,011,0.5,16,0,na,"(74, 77)",0.005430681,0.0002144775539641,0.2028324637667245,True
847_4,mp-2052,Sc4 As4,847,210,0.125,48,0,na,"(21, 33)",0.0054120226,0.000215741887458,0.06599581894216797,True
706_4,mp-2474,Y1 Ag1,706,210,0.125,16,0,na,"(39, 47)",0.005408486,0.0002156474305676,0.07124141480458894,True
624_13,mp-279,Li1 Ir1,624,100,0.0,10,0,na,"(3, 77)",0.0054071103,0.0002156390806005,0.11134932421314361,True
271_28,mp-1079460,Ti12 Sn4,271,120,0.125,64,0,na,"(22, 50)",0.005399886,0.0002153974189124,0.11523522772974071,True
433_3,mp-1187243,Ta1 Os3,433,211,0.125,64,0,na,"(73, 76)",0.0053914343,0.0002151066203235,0.18831551897699575,True
751_0,mp-1187696,V4 Cr12,751,111,0.125,64,0,na,"(23, 24)",0.005391139,0.0002151411167678,,False
565_6,mp-979289,Ta4 W12,565,100,0.125,32,0,na,"(73, 74)",0.0053894655,0.0002151206146447,0.24805361362025646,True
401_0,mp-191,Y1 Rh1,401,111,0.25,12,0,na,"(39, 45)",0.005371184,0.0002157164278007,0.09118849327438915,True
318_22,mp-9938,Hf8 Si4,318,102,0.0392379458335501,72,0,na,"(14, 72)",0.0053653657,0.000215529247588,0.1448595301467044,True
818_17,mp-1331,Y1 Cd2,818,102,0.2500000000000001,24,0,na,"(39, 48)",0.005335067,0.0002143583351401,0.05872386434187612,True
874_25,mp-1841,Si4 Ir12,874,001,0.125,32,0,na,"(14, 77)",0.0053349896,0.0002144011839565,0.15709703996100588,True
861_3,mp-915,Y1 Cd1,861,211,0.25,32,0,na,"(39, 48)",0.0053337608,0.0002143977683949,0.06568785818110714,True
539_31,mp-2643,Ti6 Cu8,539,001,0.1025592309161655,14,0,na,"(22, 29)",0.0053321104,0.0002143773903567,0.11188134205562811,True
532_7,mp-571262,Ca8 Rh16,532,100,0.0625,48,0,na,"(20, 45)",0.005327016,0.0002144386578814,0.0959518719159205,True
610_5,mp-1186117,Ni1 Pt3,610,100,0.25,12,0,na,"(28, 78)",0.0053211544,0.0002142486427733,0.12139992753374455,True
318_4,mp-9938,Hf8 Si4,318,110,0.0930482166657994,36,0,na,"(14, 72)",0.0052985563,0.0002133844800542,0.1716322656644394,True
668_4,mp-2444,Ga1 Rh1,668,210,0.125,16,0,na,"(31, 45)",0.0052933446,0.0002132200913262,0.09340546520089969,True
866_38,mp-12561,Ta4 As8,866,20-1,0.0,48,0,na,"(33, 73)",0.005282035,0.0002128099070747,0.12200968351609812,True
818_16,mp-1331,Y1 Cd2,818,102,0.0833333333333333,24,0,na,"(39, 48)",0.0052780523,0.0002126947101086,0.05719138006356899,True
668_2,mp-2444,Ga1 Rh1,668,110,0.5,10,0,na,"(31, 45)",0.00527675,0.0002126874675821,0.07338915600124245,True
883_6,mp-1184364,Fe12 Rh4,883,100,0.1249999999999999,32,0,na,"(26, 45)",0.0052671893,0.0002123472725708,0.1487732256882121,True
555_22,mp-1080001,Zr4 Ga12,555,001,0.1869337143689265,16,0,na,"(31, 40)",0.005262407,0.0002121995336519,0.0711930849275692,True
620_19,mp-862620,Ir2 Ru6,620,100,0.4999999999999999,24,0,na,"(44, 77)",0.0052512637,0.0002117951377922,0.18229732234036158,True
172_1,mp-1187196,Ta12 Ir4,172,111,0.375,48,0,na,"(73, 77)",0.005243734,0.0002115362506032,0.18212654979300658,True
468_39,mp-30744,Ir2 W2,468,001,0.0,12,0,na,"(74, 77)",0.0052171214,0.0002105072078173,0.18903951486522125,True
581_24,mp-1186060,Mn2 Os6,581,001,0.0,24,0,na,"(25, 76)",0.0052044764,0.0002100412060792,0.1710218829994674,True
620_12,mp-862620,Ir2 Ru6,620,101,0.0,32,0,na,"(44, 77)",0.005199365,0.0002098790044709,0.19426845760864117,True
302_7,mp-1687,Ba8 Pd16,302,100,0.0625,48,0,na,"(46, 56)",0.0051907515,0.0002095752950038,0.053245480514738826,True
610_2,mp-1186117,Ni1 Pt3,610,110,0.25,16,0,na,"(28, 78)",0.005159076,0.0002083400675359,0.11975420295458868,True
468_36,mp-30744,Ir2 W2,468,010,0.0,12,0,na,"(74, 77)",0.00515127,0.0002081535860929,0.16709600274551997,True
539_30,mp-2643,Ti6 Cu8,539,001,0.035183462717562,14,0,na,"(22, 29)",0.00512771,0.0002072447074576,0.12633520003691381,True
218_3,mp-2258,Cu3 Au1,218,211,0.125,64,0,na,"(29, 79)",0.0051266975,0.0002072467364189,0.07818383155117938,True
167_0,mp-933,Y4 As4,167,111,0.25,24,0,na,"(33, 39)",0.005125507,0.0002072415605958,0.1437840000147112,True
757_0,mp-540,Sc8 Fe16,757,111,0.1875,72,0,na,"(21, 26)",0.0051189433,0.0002070190709898,0.13662869406741698,True
86_5,mp-1221,V6 Ge2,86,211,0.2499999999999999,96,0,na,"(23, 32)",0.0051189205,0.0002070610144965,0.1370981000900291,True
778_9,mp-869,Ta2 Al6,778,201,0.0625,48,0,na,"(13, 73)",0.0051175975,0.0002070503710306,0.13616827101730708,True
878_26,mp-11322,Zr4 Si4,878,010,0.0,16,0,na,"(14, 40)",0.0051135425,0.0002069291565301,0.10979278296991414,True
118_1,mp-932,Sc1 Ga3,118,221,0.125,32,0,na,"(21, 31)",0.00511334,0.0002069637888273,0.058530140245693495,True
318_20,mp-9938,Hf8 Si4,318,112,0.0,72,0,na,"(14, 72)",0.0051056924,0.0002069374496543,0.1373285051673488,True
318_21,mp-9938,Hf8 Si4,318,112,0.1715241083328997,72,0,na,"(14, 72)",0.0050919917,0.0002064248672919,0.14334591759061566,True
883_5,mp-1184364,Fe12 Rh4,883,210,0.0625,64,0,na,"(26, 45)",0.00508801,0.0002063060393709,0.14648842672332976,True
565_1,mp-979289,Ta4 W12,565,111,0.375,48,0,na,"(73, 74)",0.0050810724,0.0002060672500159,0.2257101008797576,True
581_13,mp-1186060,Mn2 Os6,581,101,0.2559550962242021,32,0,na,"(25, 76)",0.0050773798,0.0002059599350526,0.21528456437163537,True
847_3,mp-2052,Sc4 As4,847,211,0.125,96,0,na,"(21, 33)",0.005073095,0.0002063520263755,0.10650231671973248,True
99_4,mp-570436,Ca8 Ir16,99,110,0.1249999999999999,48,0,na,"(20, 77)",0.005071982,0.0002063493348511,0.11350908243530128,True
606_15,mp-10744,Si6 Pt4,606,101,0.0,40,0,na,"(14, 78)",0.005070061,0.0002063137532826,0.08210907892766278,True
751_1,mp-1187696,V4 Cr12,751,111,0.375,64,0,na,"(23, 24)",0.0050677373,0.0002062617506206,,False
315_2,mp-1585,V6 Co2,315,110,0.125,32,0,na,"(23, 27)",0.0050665084,0.0002062542755842,0.1965716097330458,True
620_18,mp-862620,Ir2 Ru6,620,100,0.2485478093898176,24,0,na,"(44, 77)",0.0050593535,0.0002077842969461,0.22786066734683985,True
271_46,mp-1079460,Ti12 Sn4,271,001,0.0,48,0,na,"(22, 50)",0.005057456,0.0002077495349691,0.09618082631410377,True
271_19,mp-1079460,Ti12 Sn4,271,201,0.0,96,0,na,"(22, 50)",0.005052167,0.0002075753977915,,False
606_17,mp-10744,Si6 Pt4,606,101,0.2768879465652544,40,0,na,"(14, 78)",0.0050509237,0.0002075674009454,0.10318804602076942,True
778_4,mp-869,Ta2 Al6,778,211,0.0625,96,0,na,"(13, 73)",0.0050479756,0.0002074893169743,0.13129151577939827,True
729_11,mp-30836,Ta2 Pd6,729,112,0.4999999999999998,40,0,na,"(46, 73)",0.005039361,0.0002071782142821,0.1123346737383917,True
569_5,mp-417,Mn1 Rh1,569,100,0.25,8,0,na,"(25, 45)",0.0050390223,0.0002072072184688,0.12879865012375624,True
624_16,mp-279,Li1 Ir1,624,102,0.0,16,0,na,"(3, 77)",0.005038262,0.0002072188917875,0.11235416287181982,True
706_1,mp-2474,Y1 Ag1,706,221,0.125,20,0,na,"(39, 47)",0.0050299377,0.0002069193989078,0.06871985516435637,True
606_35,mp-10744,Si6 Pt4,606,001,0.193554613231921,10,0,na,"(14, 78)",0.005027522,0.0002068628268191,0.0687905659711383,True
433_5,mp-1187243,Ta1 Os3,433,100,0.25,12,0,na,"(73, 76)",0.005023368,0.0002070235987137,0.21267521424693062,True
555_21,mp-1080001,Zr4 Ga12,555,001,0.0619337143689265,16,0,na,"(31, 40)",0.005016455,0.000206881039756,0.09085734691310433,True
315_7,mp-1585,V6 Co2,315,210,0.1875,48,0,na,"(23, 27)",0.0050120037,0.0002067402366179,0.1918086367552405,True
630_0,mp-20516,In1 Pt3,630,111,0.5,20,0,na,"(49, 78)",0.00500903,0.0002066602994089,0.07729189594658778,True
606_18,mp-10744,Si6 Pt4,606,101,0.387109226463842,40,0,na,"(14, 78)",0.0050032004,0.0002064624519948,0.09168312499768291,True
624_4,mp-279,Li1 Ir1,624,212,0.4999999999999999,28,0,na,"(3, 77)",0.005001565,0.0002064375870632,0.11136680055328359,True
324_4,mp-2116,Zr8 Mn16,324,110,0.125,72,0,na,"(25, 40)",0.004992586,0.0002061095311979,,False
818_14,mp-1331,Y1 Cd2,818,100,0.5000000000000001,9,0,na,"(39, 48)",0.0049871146,0.000205926098062,0.0666365226428848,True
797_5,mp-11457,Hf1 Rh1,797,100,0.2499999999999999,8,0,na,"(45, 72)",0.0049802605,0.0002088620202532,0.13402177587491612,True
624_11,mp-279,Li1 Ir1,624,201,0.125,20,0,na,"(3, 77)",0.0049792966,0.0002088652202549,0.10941104548199664,True
155_41,mp-1066254,Y4 Au4,155,001,0.0,24,0,na,"(39, 79)",0.0049785394,0.0002088770853478,0.06879277818519387,True
878_28,mp-11322,Zr4 Si4,878,010,0.25,16,0,na,"(14, 40)",0.0049742283,0.0002105385912238,0.12575428804144545,True
583_4,mp-11517,Nb1 Ru3,583,210,0.125,24,0,na,"(41, 44)",0.004970212,0.0002104128978262,0.16988895421487252,True
307_4,mp-987,Zn1 Cu1,307,210,0.125,16,0,na,"(29, 30)",0.0049691075,0.0002104104121115,0.07885118251333556,True
620_24,mp-862620,Ir2 Ru6,620,001,0.0,24,0,na,"(44, 77)",0.004964217,0.0002102475685095,0.16273495796548665,True
315_6,mp-1585,V6 Co2,315,210,0.0625,48,0,na,"(23, 27)",0.0049594804,0.0002100911322658,0.1842995971057509,True
807_17,mp-9970,Sc4 Ge4,807,122,0.215041487852744,64,0,na,"(21, 32)",0.0049572224,0.0002100396074107,0.07932101062139982,True
191_2,mp-2516,Y1 Zn1,191,110,0.5,8,0,na,"(30, 39)",0.004950724,0.0002133443995987,0.06495150437971377,True
706_3,mp-2474,Y1 Ag1,706,211,0.25,32,0,na,"(39, 47)",0.0049466523,0.0002132144235896,0.06635792396535395,True
674_12,mp-1216231,V2 W2,674,112,0.125,32,0,na,"(23, 74)",0.0049378267,0.0002128794047293,0.19765802545820757,True
332_32,mp-30835,Ta2 Pd4,332,001,0.25,12,0,na,"(46, 73)",0.0049300655,0.0002134217440308,0.11914033867712864,True
537_5,mp-364,Al1 Rh1,537,100,0.25,8,0,na,"(13, 45)",0.00492972,0.0002134523427626,0.1725221553721418,True
751_3,mp-1187696,V4 Cr12,751,110,0.25,48,0,na,"(23, 24)",0.0049238373,0.0002132431445109,,False
47_13,mp-1882,Ca1 Cu5,47,100,0.1666666666666667,18,0,na,"(20, 29)",0.0049130423,0.0002144180629799,0.06530126358009163,True
149_13,mp-11454,Hf4 Pd2,149,201,0.1249999999999998,48,0,na,"(46, 72)",0.004912319,0.000214432474465,0.12718220758642654,True
118_4,mp-932,Sc1 Ga3,118,210,0.125,24,0,na,"(21, 31)",0.0049118632,0.000214458564771,0.06882429654480955,True
610_1,mp-1186117,Ni1 Pt3,610,221,0.1250000000000001,32,0,na,"(28, 78)",0.004911811,0.0002145022875014,0.10873090314514484,True
155_38,mp-1066254,Y4 Au4,155,012,0.0,48,0,na,"(39, 79)",0.0049113627,0.0002145287268235,0.07482268893017319,True
494_5,mp-2393,Y1 Tl3,494,100,0.25,12,0,na,"(39, 81)",0.004908671,0.0002154509619479,0.03603047727856103,True
118_5,mp-932,Sc1 Ga3,118,100,0.25,12,0,na,"(21, 31)",0.004902472,0.0002166396814326,0.06248623674455506,True
630_5,mp-20516,In1 Pt3,630,100,0.25,12,0,na,"(49, 78)",0.004898768,0.000216522909547,0.09222354129699777,True
149_12,mp-11454,Hf4 Pd2,149,201,0.0395557135271821,48,0,na,"(46, 72)",0.004894013,0.0002193465411731,0.12785696993234985,True
774_34,mp-9948,V10 Te8,774,100,0.191984324184169,36,0,na,"(23, 52)",0.0048939832,0.0002193933287239,0.05602659744854751,True
630_2,mp-20516,In1 Pt3,630,110,0.25,16,0,na,"(49, 78)",0.004893418,0.0002194161296978,0.09481488420073855,True
47_14,mp-1882,Ca1 Cu5,47,100,0.4166666666666667,18,0,na,"(20, 29)",0.0048885783,0.0002197515619991,0.08219319082202838,True
149_14,mp-11454,Hf4 Pd2,149,100,0.2499999999999999,24,0,na,"(46, 72)",0.0048884656,0.0002197947961541,0.12763124042432514,True
655_11,mp-864894,Be6 Rh2,655,210,0.2500000000000001,64,0,na,"(4, 45)",0.004879428,0.0002194366793518,0.13430177317268563,True
878_27,mp-11322,Zr4 Si4,878,010,0.1118491355489829,16,0,na,"(14, 40)",0.0048735547,0.0002192206515075,0.19087447085483003,True
537_3,mp-364,Al1 Rh1,537,211,0.25,40,0,na,"(13, 45)",0.0048684734,0.0002193312003819,0.128122882187939,True
674_3,mp-1216231,V2 W2,674,212,0.125,40,0,na,"(23, 74)",0.0048659644,0.0002192662585273,0.1939999836893146,True
674_14,mp-1216231,V2 W2,674,011,0.25,16,0,na,"(23, 74)",0.0048526716,0.0002194070207575,0.20871338248423837,True
696_17,mp-11277,Sc1 Be5,696,102,0.2083333333333333,48,0,na,"(4, 21)",0.004846102,0.0002191580699471,0.16810313682376285,True
86_4,mp-1221,V6 Ge2,86,211,0.0625,96,0,na,"(23, 32)",0.0048439815,0.0002191101931178,0.15785445434412573,True
807_33,mp-9970,Sc4 Ge4,807,021,0.5000000000000002,32,0,na,"(21, 32)",0.004841847,0.0002190616408699,0.08657381672179172,True
655_17,mp-864894,Be6 Rh2,655,100,0.0,24,0,na,"(4, 45)",0.004840141,0.0002190324372275,0.10906850705728834,True
774_31,mp-9948,V10 Te8,774,100,0.036954575582083,36,0,na,"(23, 52)",0.0048340354,0.0002188040637597,,False
674_1,mp-1216231,V2 W2,674,221,0.125,40,0,na,"(23, 74)",0.004826396,0.0002186440813579,0.19630917443151175,True
433_2,mp-1187243,Ta1 Os3,433,110,0.25,16,0,na,"(73, 76)",0.004806388,0.0002177853018408,0.1839402896460476,True
270_13,mp-863709,Ir6 Rh2,270,001,0.125,16,0,na,"(45, 77)",0.0047952463,0.0002173277839869,0.17425440786101543,True
56_22,mp-1220678,Nb8 Pd4,56,102,0.0872112459482608,48,0,na,"(41, 46)",0.0047923373,0.0002172431566998,0.15114320699807457,True
532_0,mp-571262,Ca8 Rh16,532,111,0.0625,72,0,na,"(20, 45)",0.0047812923,0.0002167895679033,0.10589270324270643,True
655_10,mp-864894,Be6 Rh2,655,210,0.1232886097146947,64,0,na,"(4, 45)",0.004772895,0.0002164557495271,0.1593494148967273,True
149_10,mp-11454,Hf4 Pd2,149,101,0.1708885729456355,24,0,na,"(46, 72)",0.0047695185,0.0002163494518251,0.12394997893870761,True
303_4,mp-2271,Na8 Pt16,303,110,0.125,48,0,na,"(11, 78)",0.0047640195,0.0002167928206229,0.08066258196989817,True
655_19,mp-864894,Be6 Rh2,655,100,0.5,24,0,na,"(4, 45)",0.004761728,0.0002167355296817,0.14558433764430434,True
401_5,mp-191,Y1 Rh1,401,100,0.25,6,0,na,"(39, 45)",0.0047550867,0.0002164801622121,0.11390665194532587,True
863_8,mp-1275,Si2 Mo6,863,100,0.125,24,0,na,"(14, 42)",0.0047463505,0.0002182101935042,0.1650317010158857,True
847_0,mp-2052,Sc4 As4,847,111,0.25,32,0,na,"(21, 33)",0.0047454815,0.0002182178591893,0.15058100333200106,True
618_4,mp-2593,Al1 Ni3,618,210,0.125,32,0,na,"(13, 28)",0.0047444375,0.0002182174704822,0.1449434255076072,True
774_32,mp-9948,V10 Te8,774,100,0.0818944958678323,36,0,na,"(23, 52)",0.004740398,0.0002180792648819,,False
532_6,mp-571262,Ca8 Rh16,532,210,0.03125,96,0,na,"(20, 45)",0.0047385874,0.000218043520048,,False
367_5,mp-1185790,Mg3 Sc1,367,100,0.25,12,0,na,"(12, 21)",0.0047367397,0.0002180060339412,0.05636309195526818,True
874_12,mp-1841,Si4 Ir12,874,210,0.0131980890626445,96,0,na,"(14, 77)",0.00473454,0.0002179523087866,0.18189825966680817,True
807_19,mp-9970,Sc4 Ge4,807,121,0.2499999999999996,40,0,na,"(21, 32)",0.004733698,0.0002179610528297,0.07167850706204056,True
362_38,mp-1969,Nb4 Sb8,362,100,0.0,24,0,na,"(41, 51)",0.0047235335,0.0002175404482206,0.07092972846909897,True
302_6,mp-1687,Ba8 Pd16,302,210,0.03125,96,0,na,"(46, 56)",0.004720856,0.0002174644443405,0.051707117056164986,True
47_15,mp-1882,Ca1 Cu5,47,2-12,0.125,48,0,na,"(20, 29)",0.0047084102,0.0002169383096444,0.07536852986416011,True
739_19,mp-7188,Al4 Os2,739,001,0.0807926866568777,12,0,na,"(13, 76)",0.00470441,0.0002168010343153,0.2068094421340949,True
110_7,mp-2363,Hf8 Mo16,110,100,0.0625,48,0,na,"(42, 72)",0.0047038184,0.0002175429136265,0.17611267838408573,True
511_13,mp-2731,Ti2 Ga6,511,001,0.1249999999999999,16,0,na,"(22, 31)",0.004703483,0.0002175747338375,0.08602977666393487,True
874_13,mp-1841,Si4 Ir12,874,210,0.0592641187501926,96,0,na,"(14, 77)",0.0046942853,0.0002172909476425,0.1765543043277949,True
807_18,mp-9970,Sc4 Ge4,807,121,0.0466041450841669,40,0,na,"(21, 32)",0.0046843067,0.0002168761794619,0.0933195109164663,True
751_6,mp-1187696,V4 Cr12,751,100,0.125,32,0,na,"(23, 24)",0.0046555568,0.0002179011133077,,False
362_39,mp-1969,Nb4 Sb8,362,100,0.1220557237600915,24,0,na,"(41, 51)",0.004654502,0.0002178992243809,0.08960750923781767,True
433_0,mp-1187243,Ta1 Os3,433,111,0.5,20,0,na,"(73, 76)",0.004651711,0.0002178160264307,0.1560734149865814,True
324_7,mp-2116,Zr8 Mn16,324,100,0.0625,48,0,na,"(25, 40)",0.004640469,0.0002173369600782,0.15688074826504092,True
874_15,mp-1841,Si4 Ir12,874,101,0.0,48,0,na,"(14, 77)",0.0046399324,0.0002173590685077,0.1403409124224979,True
827_89,mp-2089,Zr2 Te6,827,10-2,0.25,32,0,na,"(40, 52)",0.0046283007,0.0002189651511889,0.02827239681584341,True
135_5,mp-1079855,Li4 Pd28,135,100,0.1249999999999999,64,0,na,"(3, 46)",0.0046233507,0.0002187788713755,0.09115154656852924,True
866_41,mp-12561,Ta4 As8,866,20-1,0.25,48,0,na,"(33, 73)",0.0046143597,0.0002184011950959,0.06502280020536191,True
810_3,mp-972071,V12 Mo4,810,110,0.25,48,0,na,"(23, 42)",0.0046124835,0.0002183600832094,0.15701096198156617,True
56_23,mp-1220678,Nb8 Pd4,56,102,0.2499999999999999,48,0,na,"(41, 46)",0.004610399,0.000218309070655,0.13894292271222816,True
827_88,mp-2089,Zr2 Te6,827,10-2,0.1941515107784343,32,0,na,"(40, 52)",0.0045892433,0.0002173547681341,0.017362091670910133,True
797_4,mp-11457,Hf1 Rh1,797,210,0.125,16,0,na,"(45, 72)",0.0045878957,0.000217338182879,0.11471709746177162,True
47_18,mp-1882,Ca1 Cu5,47,001,0.25,18,0,na,"(20, 29)",0.0045796917,0.0002170871633246,0.07230453750702191,True
532_1,mp-571262,Ca8 Rh16,532,111,0.3125,72,0,na,"(20, 45)",0.0045710877,0.0002167263638683,0.08781127250612106,True
56_32,mp-1220678,Nb8 Pd4,56,001,0.2499999999999999,12,0,na,"(41, 46)",0.004569284,0.0002166878080337,0.1803595657481665,True
444_39,mp-11481,Mo2 Ir2,444,001,0.0,12,0,na,"(42, 77)",0.0045578857,0.0002167864257842,0.17626366347033876,True
827_86,mp-2089,Zr2 Te6,827,10-2,0.0281353684760452,32,0,na,"(40, 52)",0.004537625,0.0002163810956383,0.036122582101313985,True
218_0,mp-2258,Cu3 Au1,218,111,0.5,20,0,na,"(29, 79)",0.0045359316,0.0002163471576345,0.06892024303980367,True
827_87,mp-2089,Zr2 Te6,827,10-2,0.1042161426441428,32,0,na,"(40, 52)",0.0045327647,0.0002166840073418,0.02263301739404079,True
696_8,mp-11277,Sc1 Be5,696,210,0.2083333333333333,48,0,na,"(4, 21)",0.004514496,0.0002158574643813,0.16509620785666462,True
56_28,mp-1220678,Nb8 Pd4,56,010,0.25,36,0,na,"(41, 46)",0.004510544,0.0002157150659763,0.130650650449784,True
362_40,mp-1969,Nb4 Sb8,362,100,0.2499999999999999,24,0,na,"(41, 51)",0.004491079,0.0002163621855359,0.08254140186202057,True
696_7,mp-11277,Sc1 Be5,696,210,0.0833333333333333,48,0,na,"(4, 21)",0.004489072,0.0002163122981217,0.1488441304740535,True
559_11,mp-1220316,Nb2 W2,559,010,0.25,12,0,na,"(41, 74)",0.004487573,0.0002162868521878,0.16604761873877724,True
599_18,mp-1220023,Os1 Ru1,599,001,0.25,6,0,na,"(44, 76)",0.0044874875,0.0002163295205887,,False
218_5,mp-2258,Cu3 Au1,218,100,0.2499999999999999,12,0,na,"(29, 79)",0.0044837045,0.0002161939216145,0.0807651070464069,True
303_2,mp-2271,Na8 Pt16,303,221,0.03125,96,0,na,"(11, 78)",0.00446914,0.0002155382529728,0.08391735933763388,True
569_4,mp-417,Mn1 Rh1,569,210,0.125,16,0,na,"(25, 45)",0.0044654366,0.0002154060731748,0.13295217054188416,True
494_1,mp-2393,Y1 Tl3,494,221,0.125,32,0,na,"(39, 81)",0.0044645686,0.0002154106028875,0.03492671113614498,True
234_3,mp-2126,Hf1 Ir3,234,211,0.125,64,0,na,"(72, 77)",0.0044619027,0.0002153283601097,0.17430915326568153,True
706_5,mp-2474,Y1 Ag1,706,100,0.2499999999999999,6,0,na,"(39, 47)",0.0044577243,0.0002151730462544,0.072575384458389,True
228_19,mp-1186374,Os6 W2,228,100,0.5,24,0,na,"(74, 76)",0.0044552996,0.0002151022909108,0.19553947988840775,True
800_7,mp-1328,Sr8 Rh16,800,100,0.0625,48,0,na,"(38, 45)",0.0044519813,0.0002149883275511,0.07853887917488404,True
367_2,mp-1185790,Mg3 Sc1,367,110,0.25,16,0,na,"(12, 21)",0.004444324,0.0002146647032407,0.0634849872590273,True
696_14,mp-11277,Sc1 Be5,696,100,0.4166666666666667,18,0,na,"(4, 21)",0.0044424525,0.0002146203795879,0.18268135632204682,True
569_0,mp-417,Mn1 Rh1,569,111,0.25,12,0,na,"(25, 45)",0.004425856,0.0002141271936732,0.14006700437693123,True
876_0,mp-1438,Zr1 Ir3,876,111,0.5,20,0,na,"(40, 77)",0.004424026,0.0002140844978161,0.148086771584265,True
362_77,mp-1969,Nb4 Sb8,362,10-2,0.125,48,0,na,"(41, 51)",0.0044232905,0.0002140947403586,0.088630286917933,True
218_2,mp-2258,Cu3 Au1,218,110,0.25,16,0,na,"(29, 79)",0.004418553,0.0002139112346173,0.0833158757430474,True
810_6,mp-972071,V12 Mo4,810,100,0.125,32,0,na,"(23, 42)",0.004414048,0.000213738859449,,False
854_3,mp-865786,Cr1 Pd3,854,211,0.1249999999999998,64,0,na,"(24, 46)",0.0044041467,0.0002192029772014,0.10192989519335911,True
810_2,mp-972071,V12 Mo4,810,221,0.0624999999999997,96,0,na,"(23, 42)",0.0044021625,0.0002191522585222,,False
324_1,mp-2116,Zr8 Mn16,324,111,0.8125,72,0,na,"(25, 40)",0.0043921615,0.000218702309201,0.16181026550249888,True
797_0,mp-11457,Hf1 Rh1,797,111,0.2499999999999999,12,0,na,"(45, 72)",0.0043792734,0.0002181082628075,0.11365803917865008,True
611_16,mp-1229015,Ag3 Pt3,611,001,0.0833333333333333,6,0,na,"(47, 78)",0.004365863,0.0002174877981582,0.06814742644232595,True
632_5,mp-892,Sc1 Pt1,632,100,0.25,8,0,na,"(21, 78)",0.0043489086,0.0002217273084816,0.1127088782784192,True
847_2,mp-2052,Sc4 As4,847,110,0.25,24,0,na,"(21, 33)",0.0043343133,0.0002252215317456,0.08406590213210621,True
491_3,mp-12083,Cr1 Ir3,491,211,0.125,64,0,na,"(24, 77)",0.0043337015,0.0002252404701233,0.16144513524399837,True
110_6,mp-2363,Hf8 Mo16,110,210,0.03125,96,0,na,"(42, 72)",0.004317791,0.0002248514632119,0.1724135601767954,True
866_42,mp-12561,Ta4 As8,866,10-1,0.0,24,0,na,"(33, 73)",0.004314416,0.0002247262381587,0.10618123584434602,True
876_5,mp-1438,Zr1 Ir3,876,100,0.25,12,0,na,"(40, 77)",0.004311998,0.0002246507760148,0.17607032258589544,True
876_2,mp-1438,Zr1 Ir3,876,110,0.25,16,0,na,"(40, 77)",0.004307141,0.0002244481536325,0.16549985504953674,True
453_19,mp-20112,Ni6 Sn2,453,100,0.2464328252338449,24,0,na,"(28, 50)",0.0042986423,0.0002240555692435,0.13296457817244386,True
501_19,mp-862655,Ru6 W2,501,100,0.5,24,0,na,"(44, 74)",0.00428377,0.0002233304276454,0.181446511745842,True
378_16,mp-865373,Y6 Co6,378,101,1.0,48,0,na,"(27, 39)",0.004282147,0.0002232956827464,0.09439143629641338,True
293_7,mp-921,Y8 Rh16,293,100,0.0625,48,0,na,"(39, 45)",0.004278777,0.0002231697844845,0.11575666284416922,True
559_5,mp-1220316,Nb2 W2,559,100,0.25,16,0,na,"(41, 74)",0.00426877,0.0002226975449774,0.2057976831809913,True
774_21,mp-9948,V10 Te8,774,210,0.0976626795530515,72,0,na,"(23, 52)",0.0042671645,0.0002226633742035,,False
316_8,mp-1220,Be20 Au4,316,110,0.1247016931269016,72,0,na,"(4, 79)",0.0042613423,0.0002236034972723,0.11187087265934155,True
228_17,mp-1186374,Os6 W2,228,100,0.0,24,0,na,"(74, 76)",0.004260121,0.0002235894079205,0.18351461372482733,True
330_19,mp-1186923,Re6 Rh2,330,100,0.5,24,0,na,"(45, 75)",0.004260037,0.0002236350016581,0.15916738767883057,True
885_8,mp-7226,V6 Ni2,885,100,0.125,24,0,na,"(23, 28)",0.004254969,0.0002234189161016,0.17090002413059513,True
324_6,mp-2116,Zr8 Mn16,324,210,0.03125,96,0,na,"(25, 40)",0.004253599,0.000223648452677,,False
866_34,mp-12561,Ta4 As8,866,100,0.0,24,0,na,"(33, 73)",0.004253559,0.0002236963788804,0.09288096831026962,True
367_1,mp-1185790,Mg3 Sc1,367,221,0.1249999999999997,32,0,na,"(12, 21)",0.0042532203,0.0002237286137919,0.06153495753611052,True
157_11,mp-1220322,Nb2 Re2,157,010,0.25,12,0,na,"(41, 75)",0.0042521865,0.0002237242871941,0.1606682685688267,True
564_22,mp-16756,Ta6 Ga4,564,201,0.2499999999999999,60,0,na,"(31, 73)",0.0042517274,0.0002237501904859,0.14125362662888577,True
797_1,mp-11457,Hf1 Rh1,797,221,0.1249999999999998,20,0,na,"(45, 72)",0.0042491034,0.0002236621450597,0.10774695065541369,True
616_14,mp-10909,Al2 Re4,616,100,0.25,24,0,na,"(13, 75)",0.004245282,0.0002235109870956,0.2201708966489573,True
775_3,mp-2083,Sn8 Ir4,775,110,0.25,36,0,na,"(50, 77)",0.004239797,0.0002232721096337,0.05429348931566189,True
782_4,mp-2031,Be16 Cu8,782,110,0.1249999999999999,72,0,na,"(4, 29)",0.0042322623,0.0002229250974698,0.13942901847449668,True
616_15,mp-10909,Al2 Re4,616,112,0.1693113036457348,36,0,na,"(13, 75)",0.004221556,0.0002224107476295,0.1830175854617732,True
237_23,mp-1017983,Ti2 Mo6,237,001,0.25,16,0,na,"(22, 42)",0.004217303,0.0002223524152869,,False
367_4,mp-1185790,Mg3 Sc1,367,210,0.125,24,0,na,"(12, 21)",0.0042070686,0.0002218621499875,0.06534021097292812,True
302_1,mp-1687,Ba8 Pd16,302,111,0.3125,72,0,na,"(46, 56)",0.004206422,0.0002218772773394,0.04438622671228236,True
494_4,mp-2393,Y1 Tl3,494,210,0.125,24,0,na,"(39, 81)",0.004205728,0.0002218899030615,0.04062736711685325,True
876_4,mp-1438,Zr1 Ir3,876,210,0.1249999999999999,24,0,na,"(40, 77)",0.004205709,0.0002219381464747,0.17834272788389072,True
723_8,mp-259,Al2 Mo6,723,100,0.1249999999999999,24,0,na,"(13, 42)",0.0042053815,0.000221970127714,0.17329010337885217,True
110_0,mp-2363,Hf8 Mo16,110,111,0.0625,72,0,na,"(42, 72)",0.0041972604,0.0002215906630746,0.17214679467088714,True
378_14,mp-865373,Y6 Co6,378,101,0.2897388467899934,48,0,na,"(27, 39)",0.004194173,0.0002214767436916,0.09141676798647907,True
573_4,mp-11501,Mn1 Ni3,573,210,0.125,32,0,na,"(25, 28)",0.0041927267,0.00022144941653,0.149321903828983,True
803_60,mp-1007786,Hf2 Ir2,803,10-2,0.0,24,0,na,"(72, 77)",0.0041910973,0.0002214123873107,0.1313898297943569,True
302_0,mp-1687,Ba8 Pd16,302,111,0.0625,72,0,na,"(46, 56)",0.004187546,0.0002212737676668,0.06610751563863533,True
803_69,mp-1007786,Hf2 Ir2,803,010,0.0,12,0,na,"(72, 77)",0.004181218,0.0002209882892598,0.1342559122600093,True
723_1,mp-259,Al2 Mo6,723,221,0.0625,64,0,na,"(13, 42)",0.0041754083,0.0002207300101919,0.18679865858878528,True
569_1,mp-417,Mn1 Rh1,569,221,0.125,20,0,na,"(25, 45)",0.004167563,0.0002203639148787,0.1363007468460694,True
453_20,mp-20112,Ni6 Sn2,453,100,0.5,24,0,na,"(28, 50)",0.004166131,0.0002203367507659,0.08117100897421366,True
803_61,mp-1007786,Hf2 Ir2,803,10-2,0.1634074332031723,24,0,na,"(72, 77)",0.0041621723,0.0002201758973888,0.13687517791825468,True
378_23,mp-865373,Y6 Co6,378,10-1,0.0,48,0,na,"(27, 39)",0.0041601006,0.0002230378875373,0.09285614085111711,True
501_17,mp-862655,Ru6 W2,501,100,0.0,24,0,na,"(44, 74)",0.0041588843,0.000223022419789,0.1610616491039502,True
599_17,mp-1220023,Os1 Ru1,599,102,0.2499999999999999,16,0,na,"(44, 76)",0.0041571604,0.0002229797041924,0.20870325855646335,True
253_5,mp-12593,Sc1 Ir3,253,100,0.25,12,0,na,"(21, 77)",0.004142694,0.00022364762357,0.15787107741052775,True
537_2,mp-364,Al1 Rh1,537,110,0.5,10,0,na,"(13, 45)",0.004141927,0.0002236562364669,0.11092901405536656,True
854_5,mp-865786,Cr1 Pd3,854,100,0.25,12,0,na,"(24, 46)",0.0041317353,0.0002231558141022,0.10052472759004817,True
501_18,mp-862655,Ru6 W2,501,100,0.2499265876752711,24,0,na,"(44, 74)",0.004129586,0.00022308951372,0.21516837673341638,True
800_1,mp-1328,Sr8 Rh16,800,111,0.8125,72,0,na,"(38, 45)",0.004125036,0.0002228934376861,0.06754733837951582,True
270_3,mp-863709,Ir6 Rh2,270,212,0.1250000000000001,64,0,na,"(45, 77)",0.004121586,0.0002236929380796,0.16504089369573935,True
537_0,mp-364,Al1 Rh1,537,111,0.25,12,0,na,"(13, 45)",0.004121009,0.0002237116649841,0.13875750573743306,True
618_1,mp-2593,Al1 Ni3,618,221,0.125,40,0,na,"(13, 28)",0.004119566,0.0002236833713661,0.128853362363554,True
207_3,mp-30777,Mg1 Pt3,207,211,0.1250000000000001,64,0,na,"(12, 78)",0.0041079284,0.0002233381449427,0.10327371300073789,True
599_16,mp-1220023,Os1 Ru1,599,102,0.0,16,0,na,"(44, 76)",0.004104704,0.0002240144447749,0.21707838045197592,True
771_10,mp-1025513,Zr4 Ge4,771,110,0.5,32,0,na,"(32, 40)",0.0040979283,0.0002236947714377,0.09964849794744791,True
854_0,mp-865786,Cr1 Pd3,854,111,0.5,20,0,na,"(24, 46)",0.0040951027,0.0002235905456471,0.09108951860121033,True
403_0,mp-291,Ti1 Os1,403,111,0.25,12,0,na,"(22, 76)",0.004087541,0.0002232275922134,0.2001069839497503,True
618_0,mp-2593,Al1 Ni3,618,111,0.5,20,0,na,"(13, 28)",0.0040844767,0.0002231100498783,0.11609362116823586,True
686_17,mp-1066274,Pt2 Pb2,686,102,0.2499999999999999,24,0,na,"(78, 82)",0.004083425,0.0002231023783046,0.054653099555823474,True
686_16,mp-1066274,Pt2 Pb2,686,102,0.0416666666666666,24,0,na,"(78, 82)",0.00408274,0.0002231147300094,0.06473616145251848,True
647_6,mp-2663,Nb6 Pt2,647,210,0.0625,48,0,na,"(41, 78)",0.0040812576,0.0002230834926083,0.15147045542049892,True
90_5,mp-1206346,Mg4 Pt28,90,100,0.125,64,0,na,"(12, 78)",0.004080778,0.0002231070489426,0.11923347400117744,True
802_14,mp-568920,Ca4 Au20,802,100,0.1873275746576759,48,0,na,"(20, 79)",0.004079849,0.0002231060345566,0.045535591775329516,True
403_2,mp-291,Ti1 Os1,403,110,0.5,10,0,na,"(22, 76)",0.0040551545,0.0002218051049563,0.1788028123483924,True
522_16,mp-568069,Ti8 Bi4,522,100,0.25,36,0,na,"(22, 83)",0.0040550954,0.0002218510800611,0.07658647420288456,True
645_4,mp-1033,Be1 Ni1,645,210,0.125,20,0,na,"(4, 28)",0.0040479647,0.0002215101073288,0.1562954805452346,True
494_3,mp-2393,Y1 Tl3,494,211,0.125,48,0,na,"(39, 81)",0.0040477007,0.0002215447352896,0.03664039981357174,True
501_24,mp-862655,Ru6 W2,501,001,0.0,24,0,na,"(44, 74)",0.004043308,0.0002213533472116,0.1538379262741445,True
377_13,mp-11385,Y1 Fe5,377,100,0.1666666666666667,18,0,na,"(26, 39)",0.0040399544,0.000221218719851,0.11912952160226029,True
491_5,mp-12083,Cr1 Ir3,491,100,0.25,12,0,na,"(24, 77)",0.00403164,0.0002208122900183,0.17115109414312693,True
622_3,mp-867227,Li12 Pt4,622,110,0.25,48,0,na,"(3, 78)",0.004025506,0.0002205250264372,0.04709802640746656,True
453_18,mp-20112,Ni6 Sn2,453,100,0.0,24,0,na,"(28, 50)",0.0040246947,0.0002205292140604,0.10172525585973347,True
353_5,mp-11452,Hf1 Os1,353,100,0.25,8,0,na,"(72, 76)",0.004021917,0.000220425622992,0.20575948032711303,True
775_6,mp-2083,Sn8 Ir4,775,100,0.125,24,0,na,"(50, 77)",0.004017812,0.0002202491924785,0.07778167243175453,True
187_8,mp-432,Nb1 Ru1,187,100,0.2499999999999999,8,0,na,"(41, 44)",0.0040168567,0.0002202453335158,0.1493404779857633,True
775_2,mp-2083,Sn8 Ir4,775,221,0.0625000000000002,72,0,na,"(50, 77)",0.0040149195,0.0002201876116126,0.060466675972566254,True
782_7,mp-2031,Be16 Cu8,782,100,0.0625,48,0,na,"(4, 29)",0.0040126913,0.0002201138782424,0.15502688471990242,True
800_6,mp-1328,Sr8 Rh16,800,210,0.0312499999999999,96,0,na,"(38, 45)",0.00400979,0.0002200031548437,,False
157_5,mp-1220322,Nb2 Re2,157,100,0.25,16,0,na,"(41, 75)",0.0040058685,0.0002198363605453,0.1984533580602392,True
885_2,mp-7226,V6 Ni2,885,110,0.125,32,0,na,"(23, 28)",0.003998828,0.0002194982416227,,False
377_7,mp-11385,Y1 Fe5,377,210,0.0833333333333332,48,0,na,"(26, 39)",0.0039952537,0.0002193501929777,0.1270016883419018,True
511_3,mp-2731,Ti2 Ga6,511,212,0.125,64,0,na,"(22, 31)",0.0039937985,0.0002193184061115,0.0841860434203442,True
618_5,mp-2593,Al1 Ni3,618,100,0.25,12,0,na,"(13, 28)",0.0039913226,0.000219230523996,0.13271549296264903,True
228_24,mp-1186374,Os6 W2,228,001,0.0,24,0,na,"(74, 76)",0.003986957,0.0002190387555983,0.170569244439912,True
771_35,mp-1025513,Zr4 Ge4,771,112,0.0,48,0,na,"(32, 40)",0.0039847954,0.0002189679622919,0.08717924206743519,True
676_22,mp-11507,Ni8 Mo2,676,201,0.0751626676965315,60,0,na,"(28, 42)",0.003981668,0.0002188919404861,0.1586998347982679,True
453_15,mp-20112,Ni6 Sn2,453,101,0.4999999999999999,32,0,na,"(28, 50)",0.0039797323,0.0002188334263772,0.11277317952961759,True
264_0,mp-20849,Pd3 Pb1,264,111,0.5,20,0,na,"(46, 82)",0.003979657,0.0002188771835023,0.05912774633152706,True
253_0,mp-12593,Sc1 Ir3,253,111,0.5,20,0,na,"(21, 77)",0.003974381,0.000218719647377,0.12552939224564635,True
645_2,mp-1033,Be1 Ni1,645,110,0.5,12,0,na,"(4, 28)",0.003971403,0.0002186035738445,0.1433063183417041,True
93_34,mp-19895,Ni2 Sb4,93,021,0.0505808913314549,36,0,na,"(28, 51)",0.0039711855,0.0002186393970368,0.05711761453769295,True
444_38,mp-11481,Mo2 Ir2,444,012,0.25,24,0,na,"(42, 77)",0.0039698933,0.0002186160511668,0.20147404808713726,True
573_1,mp-11501,Mn1 Ni3,573,221,0.1250000000000001,40,0,na,"(25, 28)",0.003969686,0.0002186524363999,0.13809131041568223,True
477_24,mp-1431,Mn4 Si4,477,100,0.25,24,0,na,"(14, 25)",0.003966053,0.0002204577812509,0.15872433772652153,True
269_3,mp-11504,Mn1 Zn3,269,211,0.125,64,0,na,"(25, 30)",0.0039622523,0.0002202950805778,0.07799131133465163,True
228_14,mp-1186374,Os6 W2,228,101,0.5,32,0,na,"(74, 76)",0.003959739,0.0002202038548231,0.21440983399900648,True
885_3,mp-7226,V6 Ni2,885,110,0.375,32,0,na,"(23, 28)",0.003959049,0.0002202139754068,,False
377_8,mp-11385,Y1 Fe5,377,210,0.2083333333333334,48,0,na,"(26, 39)",0.0039542606,0.0002213946147828,0.13632365783915157,True
485_20,mp-979115,Ti4 Ag2,485,001,0.25,6,0,na,"(22, 47)",0.0039532306,0.0002213859598977,0.16189586577160683,True
508_6,mp-1079796,Ti6 Pd2,508,210,0.0625,48,0,na,"(22, 46)",0.003949203,0.0002212093818078,0.12133904756372646,True
132_13,mp-865985,Cd2 Pd6,132,001,0.1249999999999999,16,0,na,"(46, 48)",0.003948665,0.0002212281841993,,False
810_1,mp-972071,V12 Mo4,810,111,0.375,48,0,na,"(23, 42)",0.0039406763,0.0002208294624298,0.17206461470828616,True
771_36,mp-1025513,Zr4 Ge4,771,112,0.1354680684402627,48,0,na,"(32, 40)",0.003939383,0.000220805748294,0.10143875983499934,True
559_4,mp-1220316,Nb2 W2,559,210,0.125,32,0,na,"(41, 74)",0.0039392235,0.0002208455721559,0.19621808624575057,True
52_20,mp-13164,Ti4 Pd2,52,001,0.2499999999999999,12,0,na,"(22, 46)",0.0039374786,0.0002207965093666,0.15665763145802028,True
723_6,mp-259,Al2 Mo6,723,210,0.0625,48,0,na,"(13, 42)",0.0039366498,0.0002207987855032,0.17504464792141594,True
93_36,mp-19895,Ni2 Sb4,93,021,0.2300452886774824,36,0,na,"(28, 51)",0.0039364835,0.0002208382188805,0.055836263269748644,True
771_37,mp-1025513,Zr4 Ge4,771,112,0.2017086551078577,48,0,na,"(32, 40)",0.003933867,0.0002207401801054,0.10722025992372376,True
676_21,mp-11507,Ni8 Mo2,676,201,0.025431961126177,60,0,na,"(28, 42)",0.003932868,0.0002207328480553,0.16199274525933446,True
485_19,mp-979115,Ti4 Ag2,485,001,0.0865015432688754,6,0,na,"(22, 47)",0.0039328462,0.000220780358004,0.07613324235711386,True
676_23,mp-11507,Ni8 Mo2,676,201,0.125,60,0,na,"(28, 42)",0.0039324723,0.0002208081182687,0.16000730120672454,True
559_10,mp-1220316,Nb2 W2,559,021,0.125,24,0,na,"(41, 74)",0.0039290395,0.000221302628432,0.19048137741759433,True
370_0,mp-1069288,Mn2 Ga8,370,111,0.1250000000000002,40,0,na,"(25, 31)",0.003928838,0.0002213402621531,0.07790493850954161,True
723_0,mp-259,Al2 Mo6,723,111,0.125,32,0,na,"(13, 42)",0.003917303,0.0002238268144532,0.190448459067111,True
93_29,mp-19895,Ni2 Sb4,93,102,0.0544643973460275,36,0,na,"(28, 51)",0.003915288,0.0002237617652891,0.046410722923610544,True
142_39,mp-1218044,Ta6 Ru4,142,001,0.2570668735557467,10,0,na,"(44, 73)",0.0039131786,0.000223691264985,0.17452314385179715,True
138_2,mp-977390,Ta12 Ru4,138,221,0.0625,96,0,na,"(44, 73)",0.0039105155,0.0002235890475944,,False
854_2,mp-865786,Cr1 Pd3,854,110,0.25,16,0,na,"(24, 46)",0.0039088908,0.0002235461356275,0.10542546626819278,True
573_3,mp-11501,Mn1 Ni3,573,211,0.125,64,0,na,"(25, 28)",0.0039072135,0.0002235001748695,0.14171037882718754,True
863_7,mp-1275,Si2 Mo6,863,210,0.1875,48,0,na,"(14, 42)",0.0039062914,0.0002234973806684,0.17386644298243187,True
93_30,mp-19895,Ni2 Sb4,93,102,0.125,36,0,na,"(28, 51)",0.0039054903,0.0002235014979531,0.0577720189937935,True
522_12,mp-568069,Ti8 Bi4,522,101,0.2483987698492527,36,0,na,"(22, 83)",0.0038914038,0.0002253205162742,0.07765698575675153,True
444_22,mp-11481,Mo2 Ir2,444,121,0.25,32,0,na,"(42, 77)",0.003889849,0.0002252812505511,0.1848948314469676,True
676_28,mp-11507,Ni8 Mo2,676,112,0.1504319611261769,80,0,na,"(28, 42)",0.0038878901,0.0002282118481838,0.16838075449230971,True
884_3,mp-6938,Zn1 Rh1,884,211,0.25,40,0,na,"(30, 45)",0.0038852328,0.0002281079265952,0.11483193795419931,True
81_27,mp-2123,Nb6 Au4,81,001,0.0498157053165151,10,0,na,"(41, 79)",0.0038845977,0.0002281226754988,0.19772653895018655,True
328_3,mp-570632,Sc4 Bi4,328,211,0.125,96,0,na,"(21, 83)",0.0038807578,0.0002279491780684,,False
157_4,mp-1220322,Nb2 Re2,157,210,0.125,32,0,na,"(41, 75)",0.003880283,0.0002279732554322,0.19159985171382546,True
368_11,mp-949,Co1 Pt1,368,001,0.25,6,0,na,"(27, 78)",0.0038748353,0.0002287016371544,0.1851802706590853,True
444_21,mp-11481,Mo2 Ir2,444,121,0.0,32,0,na,"(42, 77)",0.0038712579,0.0002285427589317,0.18731142647167112,True
647_7,mp-2663,Nb6 Pt2,647,210,0.1875,48,0,na,"(41, 78)",0.0038588678,0.000230137443277,0.15365342849383867,True
506_31,mp-945077,Y4 Te12,506,010,0.0,16,0,na,"(39, 52)",0.003855185,0.0002299707311455,0.00048387166003092155,True
667_1,mp-2199,Fe12 Si4,667,111,0.375,64,0,na,"(14, 26)",0.0038540284,0.0002299546201038,0.15758377384554453,True
138_6,mp-977390,Ta12 Ru4,138,100,0.125,32,0,na,"(44, 73)",0.003849579,0.0002297419722448,0.19582021366448923,True
492_5,mp-2802,Hf1 Ru1,492,100,0.25,8,0,na,"(44, 72)",0.0038490584,0.0002297636893219,0.18505576607859464,True
142_37,mp-1218044,Ta6 Ru4,142,001,0.0524233975186164,10,0,na,"(44, 73)",0.0038485844,0.0002297881915952,0.20954047091191727,True
88_4,mp-1183162,Al1 Fe3,88,210,0.125,32,0,na,"(13, 26)",0.003846363,0.0002322469760194,0.15092754609691247,True
622_2,mp-867227,Li12 Pt4,622,221,0.0625,96,0,na,"(3, 78)",0.0038459033,0.0002322731636456,0.05570097388252735,True
330_24,mp-1186923,Re6 Rh2,330,001,0.0,24,0,na,"(45, 75)",0.003845699,0.0002323147854461,0.1705850127622886,True
477_23,mp-1431,Mn4 Si4,477,100,0.0,24,0,na,"(14, 25)",0.003843474,0.0002322343269152,0.128406662249545,True
377_14,mp-11385,Y1 Fe5,377,100,0.4166666666666667,18,0,na,"(26, 39)",0.0038423066,0.0002322177180009,0.14934275782430745,True
330_18,mp-1186923,Re6 Rh2,330,100,0.2471160174219792,24,0,na,"(45, 75)",0.003826659,0.0002320877991576,0.24148629773463823,True
157_9,mp-1220322,Nb2 Re2,157,011,0.25,16,0,na,"(41, 75)",0.0038240778,0.0002319850896587,0.20092291008112925,True
403_3,mp-291,Ti1 Os1,403,211,0.25,32,0,na,"(22, 76)",0.0038220044,0.0002319131086353,0.19250135229694754,True
863_6,mp-1275,Si2 Mo6,863,210,0.0625,48,0,na,"(14, 42)",0.0038169774,0.0002316618037317,0.1687248032218707,True
237_22,mp-1017983,Ti2 Mo6,237,001,0.1219030732354298,16,0,na,"(22, 42)",0.0038137708,0.000231672810716,0.16454455360945466,True
527_19,mp-862604,Re6 Ni2,527,100,0.5,24,0,na,"(28, 75)",0.0038133434,0.0002317005264209,0.17220434160767914,True
492_4,mp-2802,Hf1 Ru1,492,210,0.1249999999999999,16,0,na,"(44, 72)",0.0038113177,0.0002316311129934,0.16306321885086114,True
599_14,mp-1220023,Os1 Ru1,599,100,0.5,10,0,na,"(44, 76)",0.0038077356,0.0002314670274478,0.24926918248894817,True
885_6,mp-7226,V6 Ni2,885,210,0.0625,48,0,na,"(23, 28)",0.00380669,0.0002314570415305,0.1725497445867021,True
319_37,mp-9969,Sc4 Si4,319,010,0.1102485164571724,16,0,na,"(14, 21)",0.0038056946,0.0002314500892729,0.1570319991571192,True
522_11,mp-568069,Ti8 Bi4,522,101,0.0727342287379038,36,0,na,"(22, 83)",0.0038049861,0.0002314605721547,0.08076590043850732,True
667_0,mp-2199,Fe12 Si4,667,111,0.125,64,0,na,"(14, 26)",0.0037978876,0.0002310822507335,0.1620827220597533,True
145_55,mp-1364,Y4 Ni4,145,001,0.0,16,0,na,"(28, 39)",0.0037850314,0.0002312007014855,0.08810523214697434,True
344_13,mp-865562,Be6 Ru2,344,001,0.1249999999999999,16,0,na,"(4, 44)",0.0037847904,0.0002312394432277,0.15056285365852914,True
686_9,mp-1066274,Pt2 Pb2,686,101,0.2083333333333332,16,0,na,"(78, 82)",0.0037785454,0.0002310145199634,0.05111205015385375,True
319_36,mp-9969,Sc4 Si4,319,010,0.0,16,0,na,"(14, 21)",0.0037702203,0.0002311005917991,0.10341992916983574,True
145_36,mp-1364,Y4 Ni4,145,112,0.0637053808628316,48,0,na,"(28, 39)",0.0037652357,0.0002316818061481,0.08686429681473455,True
470_7,mp-2322,Y8 Al16,470,100,0.0624999999999999,48,0,na,"(13, 39)",0.0037549427,0.0002311020012517,0.09095486267477763,True
884_5,mp-6938,Zn1 Rh1,884,100,0.25,8,0,na,"(30, 45)",0.0037544686,0.0002311262359912,0.11698218120506423,True
833_0,mp-1070544,Cr2 Ga8,833,111,0.125,40,0,na,"(24, 31)",0.0037530442,0.0002310919609063,0.10061195896815837,True
862_10,mp-1842,Nb2 Al6,862,100,0.25,24,0,na,"(13, 41)",0.0037507815,0.0002310060198344,0.1246417589531187,True
462_14,mp-2726,Sr1 Cu5,462,100,0.4166666666666667,18,0,na,"(29, 38)",0.0037498965,0.00023100487729,0.07435119936608249,True
145_37,mp-1364,Y4 Ni4,145,112,0.1144285160363481,48,0,na,"(28, 39)",0.0037439237,0.0002320392414662,0.08397831415305684,True
325_40,mp-15681,Cr4 As8,325,20-1,0.1641182536586622,48,0,na,"(24, 33)",0.0037437028,0.0002320794021524,,False
645_0,mp-1033,Be1 Ni1,645,111,0.25,14,0,na,"(4, 28)",0.0037410143,0.000231966571483,0.17280725687438545,True
508_7,mp-1079796,Ti6 Pd2,508,210,0.1875,48,0,na,"(22, 46)",0.003740359,0.0002319797502815,0.1270930773688235,True
634_17,mp-865960,Co2 Re6,634,100,0.0,24,0,na,"(27, 75)",0.0037384403,0.0002319145506096,0.19999057534513043,True
506_33,mp-945077,Y4 Te12,506,010,0.189254516884139,16,0,na,"(39, 52)",0.0037335367,0.0002320184457051,0.1349325324475926,True
506_34,mp-945077,Y4 Te12,506,010,0.2499999999999999,16,0,na,"(39, 52)",0.003733294,0.0002320572048081,0.022592344186790056,True
253_2,mp-12593,Sc1 Ir3,253,110,0.25,16,0,na,"(21, 77)",0.003733064,0.0002320967680033,0.1443571400305979,True
266_25,mp-28919,Hf6 Te4,266,001,0.1270166662303395,10,0,na,"(52, 72)",0.003726631,0.0002317505959699,,False
449_18,mp-1219533,Re1 Ir1,449,001,0.25,6,0,na,"(75, 77)",0.0037223827,0.0002315400635285,,False
491_2,mp-12083,Cr1 Ir3,491,110,0.25,16,0,na,"(24, 77)",0.003717923,0.0002313162197443,0.16389146528924753,True
330_15,mp-1186923,Re6 Rh2,330,201,0.0,48,0,na,"(45, 75)",0.0037126625,0.000232891629323,0.1980272068904399,True
396_20,mp-1018124,Ti4 Rh2,396,001,0.25,12,0,na,"(22, 45)",0.0037061046,0.0002337568691182,0.15408411925572318,True
622_6,mp-867227,Li12 Pt4,622,100,0.125,32,0,na,"(3, 78)",0.0037018892,0.0002335455821061,0.05006484537417902,True
645_1,mp-1033,Be1 Ni1,645,221,0.125,24,0,na,"(4, 28)",0.003695687,0.0002332087612544,0.16518518857674344,True
270_10,mp-863709,Ir6 Rh2,270,100,0.2499999999999999,24,0,na,"(45, 77)",0.0036937995,0.0002331440256609,0.17047124898382512,True
368_6,mp-949,Co1 Pt1,368,101,0.5,10,0,na,"(27, 78)",0.0036888393,0.0002328852451873,0.10606848476532994,True
862_11,mp-1842,Nb2 Al6,862,112,0.5,40,0,na,"(13, 41)",0.0036885536,0.0002329214522327,0.10507323664271243,True
480_10,mp-1194,Cd1 Pt1,480,102,0.125,16,0,na,"(48, 78)",0.003684232,0.0002327027572022,0.07590021967259271,True
477_12,mp-1431,Mn4 Si4,477,110,0.6134754172988295,32,0,na,"(14, 25)",0.0036828753,0.000232671208808,0.16235152571260658,True
492_0,mp-2802,Hf1 Ru1,492,111,0.25,12,0,na,"(44, 72)",0.0036799896,0.000232543006415,0.16489871156763894,True
145_56,mp-1364,Y4 Ni4,145,001,0.1082088172443073,16,0,na,"(28, 39)",0.0036782548,0.0002327932091427,0.09164185737942955,True
446_7,mp-2295,Ca8 Ni16,446,100,0.0625,48,0,na,"(20, 28)",0.0036757595,0.0002326894525296,0.07675098950805945,True
266_24,mp-28919,Hf6 Te4,266,001,0.0456916807832605,10,0,na,"(52, 72)",0.0036718694,0.0002351085924339,0.15264038155666662,True
207_0,mp-30777,Mg1 Pt3,207,111,0.5,20,0,na,"(12, 78)",0.00367164,0.0002351491896222,0.08970569221372357,True
253_1,mp-12593,Sc1 Ir3,253,221,0.1250000000000001,32,0,na,"(21, 77)",0.0036695087,0.0002350679671328,0.1379789182118698,True
687_3,mp-973940,Li4 Cd12,687,110,0.25,48,0,na,"(3, 48)",0.0036649904,0.0002348337276578,0.03144021511449291,True
632_4,mp-892,Sc1 Pt1,632,210,0.125,16,0,na,"(21, 78)",0.0036632107,0.0002362186941955,0.09281906937483102,True
481_39,mp-11697,Ta4 Sb8,481,100,0.2499999999999999,24,0,na,"(51, 73)",0.0036631417,0.0002362700561996,0.08194648299412517,True
123_20,mp-11252,Mn2 Au4,123,001,0.25,12,0,na,"(25, 79)",0.0036611499,0.0002361973928756,0.07568580162077322,True
632_2,mp-892,Sc1 Pt1,632,110,0.5,10,0,na,"(21, 78)",0.0036554711,0.0002358867435533,0.07268697883771741,True
270_11,mp-863709,Ir6 Rh2,270,112,0.5000000000000004,40,0,na,"(45, 77)",0.0036518825,0.0002357107730338,0.14260912817011837,True
192_51,mp-30840,Ti8 Pd12,192,010,0.1512471566492337,20,0,na,"(22, 46)",0.0036516036,0.0002357483398554,0.13732877285049502,True
802_13,mp-568920,Ca4 Au20,802,100,0.0623275746576759,48,0,na,"(20, 79)",0.003651515,0.000235798208856,0.0531666702620744,True
492_2,mp-2802,Hf1 Ru1,492,110,0.5,10,0,na,"(44, 72)",0.0036477013,0.0002356074933034,0.14424153882234397,True
325_38,mp-15681,Cr4 As8,325,20-1,0.0,48,0,na,"(24, 33)",0.0036450806,0.0002354937045999,0.026883060763459476,True
511_11,mp-2731,Ti2 Ga6,511,112,0.5,40,0,na,"(22, 31)",0.0036436573,0.0002354571997138,0.07435818056461618,True
862_12,mp-1842,Nb2 Al6,862,102,0.2499999999999997,32,0,na,"(13, 41)",0.0036393718,0.0002352356538511,0.13797616528009468,True
661_43,mp-427,Fe4 As4,661,021,0.0,48,0,na,"(26, 33)",0.0036386994,0.0002352475309864,0.09552777033620155,True
863_5,mp-1275,Si2 Mo6,863,211,0.25,96,0,na,"(14, 42)",0.00363714,0.0002356705263438,0.16463635388740397,True
148_74,mp-1048,Ti2 Ni2,148,001,0.2720609176053479,12,0,na,"(22, 28)",0.0036360242,0.0002356537641036,0.17946628399547185,True
511_12,mp-2731,Ti2 Ga6,511,102,0.25,32,0,na,"(22, 31)",0.003635324,0.0002356639186465,0.09141418768733604,True
81_29,mp-2123,Nb6 Au4,81,001,0.25,10,0,na,"(41, 79)",0.0036347497,0.0002356822308088,0.08375576393994243,True
536_3,mp-861936,Li1 Pd3,536,211,0.1249999999999997,64,0,na,"(3, 46)",0.0036344465,0.0002357181254723,0.08174982537399023,True
207_2,mp-30777,Mg1 Pt3,207,110,0.25,16,0,na,"(12, 78)",0.0036340386,0.000235747240331,0.1096459675972655,True
686_7,mp-1066274,Pt2 Pb2,686,210,0.0833333333333333,32,0,na,"(78, 82)",0.003632574,0.0002357077963074,0.049058042623235126,True
632_0,mp-892,Sc1 Pt1,632,111,0.25,12,0,na,"(21, 78)",0.0036151444,0.0002359583245413,0.08796660407616848,True
477_10,mp-1431,Mn4 Si4,477,110,0.095136337114603,32,0,na,"(14, 25)",0.003614229,0.0002359542522979,0.14426567221727551,True
316_13,mp-1220,Be20 Au4,316,100,0.0623508465634508,48,0,na,"(4, 79)",0.0036117244,0.000235846388922,0.13074627290580557,True
634_24,mp-865960,Co2 Re6,634,001,0.0,24,0,na,"(27, 75)",0.0036115518,0.0002358907520865,0.1771409498763063,True
833_2,mp-1070544,Cr2 Ga8,833,110,0.25,30,0,na,"(24, 31)",0.0036055746,0.0002355559130123,0.08660381581897719,True
506_32,mp-945077,Y4 Te12,506,010,0.1239277020572355,16,0,na,"(39, 52)",0.003601866,0.0002353690689194,0.05191944327583616,True
527_24,mp-862604,Re6 Ni2,527,001,0.0,24,0,na,"(28, 75)",0.0036001569,0.000235312770691,0.17584912354433785,True
734_7,mp-601820,Fe3 Co1,734,201,0.125,32,0,na,"(26, 27)",0.0035984877,0.0002352590282118,0.16378611121843187,True
132_11,mp-865985,Cd2 Pd6,132,112,0.25,48,0,na,"(46, 48)",0.0035971953,0.0002352298746781,0.06694211047805322,True
782_0,mp-2031,Be16 Cu8,782,111,0.1875000000000001,72,0,na,"(4, 29)",0.0035845367,0.0002354771831266,0.14088473530943704,True
368_9,mp-949,Co1 Pt1,368,112,0.25,16,0,na,"(27, 78)",0.0035763807,0.0002363027417029,0.1264500045482196,True
481_38,mp-11697,Ta4 Sb8,481,100,0.1217011166584427,24,0,na,"(51, 73)",0.003575972,0.0002363315834072,0.09516887245471715,True
661_45,mp-427,Fe4 As4,661,021,0.130915455848484,48,0,na,"(26, 33)",0.0035618434,0.0002354534867369,0.08696872485586084,True
264_1,mp-20849,Pd3 Pb1,264,221,0.125,32,0,na,"(46, 82)",0.0035549554,0.0002351636299447,0.06693818060338358,True
775_5,mp-2083,Sn8 Ir4,775,210,0.0625,48,0,na,"(50, 77)",0.0035548147,0.0002352096352595,0.06637541118607122,True
346_5,mp-2291,Si8 Ni4,346,210,0.0625,72,0,na,"(14, 28)",0.0035517907,0.000235064837288,0.08034019702288081,True
414_5,mp-1183627,Cd1 Ag3,414,100,0.25,12,0,na,"(47, 48)",0.0035511882,0.0002350802216888,0.0469427355905803,True
470_6,mp-2322,Y8 Al16,470,210,0.03125,96,0,na,"(13, 39)",0.0035503595,0.0002350806265235,0.08804444895489896,True
316_12,mp-1220,Be20 Au4,316,210,0.0939737301548236,96,0,na,"(4, 79)",0.0035496633,0.000235089793957,0.11561468768642998,True
491_4,mp-12083,Cr1 Ir3,491,210,0.125,24,0,na,"(24, 77)",0.0035490594,0.000235105069212,0.1815145756494492,True
316_14,mp-1220,Be20 Au4,316,100,0.1873508465634508,48,0,na,"(4, 79)",0.0035481344,0.0002371206752639,0.10921329891405847,True
88_1,mp-1183162,Al1 Fe3,88,221,0.1250000000000001,40,0,na,"(13, 26)",0.003539747,0.0002366162546386,0.14161722352023406,True
87_7,mp-30871,Ta6 Sn2,87,210,0.1875,48,0,na,"(50, 73)",0.003536771,0.0002364732757703,0.12883162315347169,True
629_13,mp-1184336,Fe2 Ir6,629,001,0.125,16,0,na,"(26, 77)",0.0035324404,0.0002383692781523,0.17580448805401472,True
661_44,mp-427,Fe4 As4,661,021,0.0567668570089132,48,0,na,"(26, 33)",0.0035199898,0.0002376422906984,0.09299182041032068,True
480_6,mp-1194,Cd1 Pt1,480,101,0.5,10,0,na,"(48, 78)",0.0035192126,0.0002376462950187,0.06063373445812886,True
264_2,mp-20849,Pd3 Pb1,264,110,0.25,16,0,na,"(46, 82)",0.003514992,0.000237417706693,0.06997342819893679,True
527_17,mp-862604,Re6 Ni2,527,100,0.0,24,0,na,"(28, 75)",0.0035143194,0.0002374286461553,0.20672703031720144,True
878_4,mp-11322,Zr4 Si4,878,221,0.2499999999999997,64,0,na,"(14, 40)",0.0035053906,0.0002369925015564,0.14603564234134878,True
527_12,mp-862604,Re6 Ni2,527,101,0.0,32,0,na,"(28, 75)",0.0035016187,0.000236793609193,0.21623684100105892,True
325_39,mp-15681,Cr4 As8,325,20-1,0.1163385551471112,48,0,na,"(24, 33)",0.003483799,0.0002399117339631,,False
661_46,mp-427,Fe4 As4,661,021,0.2499999999999999,48,0,na,"(26, 33)",0.003477943,0.0002395659353435,0.09519421114672501,True
429_43,mp-208,Ge4 Ir4,429,011,0.5,24,0,na,"(32, 77)",0.003472091,0.0002392201497967,0.09827373636395946,True
347_23,mp-12884,Hf10 Te8,347,210,0.1073820062485158,72,0,na,"(52, 72)",0.0034676567,0.0002389718022349,,False
87_6,mp-30871,Ta6 Sn2,87,210,0.0625,48,0,na,"(50, 73)",0.0034627826,0.0002386929469899,0.12810581163926102,True
353_2,mp-11452,Hf1 Os1,353,110,0.5,10,0,na,"(72, 76)",0.0034620357,0.0002386984380856,0.15972282092022605,True
347_20,mp-12884,Hf10 Te8,347,210,0.0117573406283355,72,0,na,"(52, 72)",0.0034593674,0.0002385714123017,0.08599196093803597,True
110_3,mp-2363,Hf8 Mo16,110,221,0.1562500000000003,96,0,na,"(42, 72)",0.0034588717,0.0002385941486474,0.17442625410159895,True
462_15,mp-2726,Sr1 Cu5,462,2-12,0.1249999999999999,48,0,na,"(29, 38)",0.0034576845,0.0002385691763963,0.065480293904225,True
188_3,mp-953,Nb1 Zn3,188,211,0.125,64,0,na,"(30, 41)",0.003457547,0.0002386166159054,0.12017464239800124,True
368_10,mp-949,Co1 Pt1,368,102,0.125,16,0,na,"(27, 78)",0.0034574769,0.0002386687283997,0.17462909047102515,True
88_3,mp-1183162,Al1 Fe3,88,211,0.125,64,0,na,"(13, 26)",0.0034549532,0.000238551452819,0.1433346009443637,True
647_5,mp-2663,Nb6 Pt2,647,211,0.25,96,0,na,"(41, 78)",0.003451146,0.0002408028911295,0.14750847960381913,True
148_73,mp-1048,Ti2 Ni2,148,001,0.0,12,0,na,"(22, 28)",0.0034442327,0.0002403784010806,0.10796743866072821,True
536_0,mp-861936,Li1 Pd3,536,111,0.5,20,0,na,"(3, 46)",0.0034378464,0.0002400480845883,0.06746629590424531,True
547_18,mp-867792,Re2 Ir6,547,100,0.2511614266404844,24,0,na,"(75, 77)",0.00343731,0.0002400682583121,0.23234627381594333,True
449_11,mp-1219533,Re1 Ir1,449,201,0.0416666666666666,20,0,na,"(75, 77)",0.0034353707,0.0002399904280012,0.22654717762286652,True
269_0,mp-11504,Mn1 Zn3,269,111,0.5,20,0,na,"(25, 30)",0.0034348294,0.000240010213657,0.06454279791324405,True
353_0,mp-11452,Hf1 Os1,353,111,0.25,12,0,na,"(72, 76)",0.0034312804,0.0002401714217119,0.18160134707270403,True
547_19,mp-867792,Re2 Ir6,547,100,0.4999999999999999,24,0,na,"(75, 77)",0.0034276543,0.0002399752491487,0.18112816832061962,True
470_1,mp-2322,Y8 Al16,470,111,0.3125,72,0,na,"(13, 39)",0.003426959,0.0002399841604053,0.09521452771892559,True
353_4,mp-11452,Hf1 Os1,353,210,0.125,16,0,na,"(72, 76)",0.0034164854,0.0002408576374869,0.18117724910588986,True
462_13,mp-2726,Sr1 Cu5,462,100,0.1666666666666667,18,0,na,"(29, 38)",0.0034058217,0.0002403327187512,0.0565372082123642,True
802_11,mp-568920,Ca4 Au20,802,210,0.0315086380134861,96,0,na,"(20, 79)",0.0034042387,0.0002402787607809,,False
664_12,mp-865045,Mn2 Ru6,664,101,0.0,32,0,na,"(25, 44)",0.003402146,0.0002401887656059,0.17806097490787018,True
462_6,mp-2726,Sr1 Cu5,462,211,0.2083333333333332,96,0,na,"(29, 38)",0.0033981788,0.0002418200161926,0.06182485648384921,True
480_8,mp-1194,Cd1 Pt1,480,100,0.2499999999999999,8,0,na,"(48, 78)",0.0033899145,0.0002412902637699,0.08375596742809663,True
667_2,mp-2199,Fe12 Si4,667,221,0.0625,96,0,na,"(14, 26)",0.003387238,0.0002411579426035,0.1558718115898972,True
687_6,mp-973940,Li4 Cd12,687,100,0.125,32,0,na,"(3, 48)",0.0033864826,0.0002411623193213,0.04064525112804685,True
480_0,mp-1194,Cd1 Pt1,480,111,0.25,12,0,na,"(48, 78)",0.0033852484,0.0002411325800615,0.07823970022258651,True
647_0,mp-2663,Nb6 Pt2,647,111,0.125,32,0,na,"(41, 78)",0.0033818623,0.0002409494875933,0.1488461078465707,True
328_2,mp-570632,Sc4 Bi4,328,110,0.25,24,0,na,"(21, 83)",0.0033808588,0.0002409360440682,0.056247576447926786,True
188_5,mp-953,Nb1 Zn3,188,100,0.2499999999999999,12,0,na,"(30, 41)",0.003369622,0.0002452496519933,0.11169317111187732,True
370_1,mp-1069288,Mn2 Ga8,370,221,0.0625,60,0,na,"(25, 31)",0.0033680114,0.0002451925618229,,False
734_8,mp-601820,Fe3 Co1,734,100,0.25,12,0,na,"(26, 27)",0.003367869,0.0002452423266409,0.14750908192507828,True
802_2,mp-568920,Ca4 Au20,802,111,0.4373275746576759,72,0,na,"(20, 79)",0.0033671611,0.0002452509245091,0.04342268008976768,True
197_3,mp-29665,Sb6 Au2,197,211,0.125,96,0,na,"(51, 79)",0.0033636943,0.0002450585171024,0.015867971873293012,True
325_41,mp-15681,Cr4 As8,325,20-1,0.2499999999999999,48,0,na,"(24, 33)",0.0033623034,0.0002450172280602,0.0718794680872577,True
66_8,mp-1387,Al2 V6,66,100,0.125,24,0,na,"(13, 23)",0.0033611588,0.0002449938466678,0.13934566568720572,True
446_6,mp-2295,Ca8 Ni16,446,210,0.03125,96,0,na,"(20, 28)",0.003353402,0.0002454541426618,,False
153_52,mp-12802,Al2 Cu6,153,010,0.5,24,0,na,"(13, 29)",0.0033515943,0.0002453820570875,0.07802955699230252,True
646_24,mp-871,Fe4 Si4,646,100,0.2499999999999999,24,0,na,"(14, 26)",0.0033506455,0.0002453728021712,0.1654468139104398,True
481_37,mp-11697,Ta4 Sb8,481,100,0.0,24,0,na,"(51, 73)",0.0033475743,0.0002452080609717,0.07434651140029448,True
573_0,mp-11501,Mn1 Ni3,573,111,0.5,20,0,na,"(25, 28)",0.0033463088,0.0002463307080539,0.12545394958122388,True
269_2,mp-11504,Mn1 Zn3,269,110,0.25,16,0,na,"(25, 30)",0.0033443682,0.0002462485138873,0.08407388683846319,True
108_19,mp-1018149,Sc2 Cu4,108,001,0.0868615486108724,12,0,na,"(21, 29)",0.003341744,0.0002461158976099,0.10291981726224261,True
634_16,mp-865960,Co2 Re6,634,201,0.25,48,0,na,"(27, 75)",0.0033384657,0.0002459349828045,0.2385126937950863,True
414_0,mp-1183627,Cd1 Ag3,414,111,0.5,20,0,na,"(47, 48)",0.003332771,0.0002455758666437,0.04268552439834291,True
734_4,mp-601820,Fe3 Co1,734,211,0.125,64,0,na,"(26, 27)",0.0033272281,0.0002452276589952,0.15965251866994892,True
481_76,mp-11697,Ta4 Sb8,481,10-2,0.1249999999999999,48,0,na,"(51, 73)",0.0033215617,0.0002448700755856,0.08933014899429921,True
884_4,mp-6938,Zn1 Rh1,884,210,0.125,16,0,na,"(30, 45)",0.0033147032,0.0002444243097759,0.1143586573659187,True
329_6,mp-30811,Ni8 W2,329,110,0.1005805669845933,30,0,na,"(28, 74)",0.0033138043,0.0002444177670503,0.20027279675958795,True
634_18,mp-865960,Co2 Re6,634,100,0.2496334841341719,24,0,na,"(27, 75)",0.0033132203,0.0002444344368166,0.24500701412800885,True
135_2,mp-1079855,Li4 Pd28,135,110,0.125,64,0,na,"(3, 46)",0.003313135,0.000244487905031,0.09465401759029597,True
768_24,mp-1017985,Ti2 Ag2,768,001,1.0,8,0,na,"(22, 47)",0.0033122662,0.0002490716712389,0.17174674175625693,True
344_10,mp-865562,Be6 Ru2,344,100,0.2499999999999999,32,0,na,"(4, 44)",0.0033116697,0.0002490888573523,0.16382905722914196,True
486_6,mp-30352,Na8 Ag16,486,210,0.03125,96,0,na,"(11, 47)",0.0033072429,0.0002488178711829,0.038828275150945585,True
396_19,mp-1018124,Ti4 Rh2,396,001,0.080955039553924,12,0,na,"(22, 45)",0.0032995124,0.0002539629566261,0.14160671287902382,True
269_1,mp-11504,Mn1 Zn3,269,221,0.125,32,0,na,"(25, 30)",0.003288628,0.0002531894868004,0.0760842941356904,True
349_16,mp-1064554,Bi2 Rh2,349,102,0.0416666666666666,24,0,na,"(45, 83)",0.0032863715,0.000254300869467,0.07417662924339129,True
622_0,mp-867227,Li12 Pt4,622,111,0.1250000000000002,48,0,na,"(3, 78)",0.0032856995,0.0002543135419668,0.07062624306590048,True
815_24,mp-13156,Hf2 Ag2,815,001,0.5,8,0,na,"(47, 72)",0.003284027,0.0002542487491628,0.06525365139798446,True
370_5,mp-1069288,Mn2 Ga8,370,100,0.125,20,0,na,"(25, 31)",0.0032741814,0.0002536154541552,0.07233575875261823,True
564_17,mp-16756,Ta6 Ga4,564,101,0.0631025386069659,40,0,na,"(31, 73)",0.003264555,0.0002574949516951,0.16582684274575854,True
553_58,mp-818,Si4 Rh4,553,001,0.25,16,0,na,"(14, 45)",0.0032619021,0.0002573519684593,0.15248562081917186,True
538_16,mp-1220327,Nb2 Mo2,538,010,0.25,12,0,na,"(41, 42)",0.0032601806,0.0002572823606209,0.15227291208816535,True
68_3,mp-1121,Ga1 Co1,68,211,0.25,40,0,na,"(27, 31)",0.0032520087,0.0002567035073611,0.10604188736819108,True
730_26,mp-10904,Al4 Pt4,730,100,0.0,24,0,na,"(13, 78)",0.003244869,0.0002562056904276,0.08672069657588566,True
414_2,mp-1183627,Cd1 Ag3,414,110,0.25,16,0,na,"(47, 48)",0.0032438764,0.0002561929556285,0.05023649446037139,True
665_11,mp-266,Zr4 Pd2,665,101,0.5000000000000002,24,0,na,"(40, 46)",0.0032379813,0.0002572929283581,0.11624953082764025,True
81_16,mp-2123,Nb6 Au4,81,101,0.5,40,0,na,"(41, 79)",0.0032350412,0.0002571254619108,0.14496054909069214,True
264_4,mp-20849,Pd3 Pb1,264,210,0.125,24,0,na,"(46, 82)",0.0032323387,0.0002569767388084,0.07577957618271121,True
200_5,mp-863750,Ag1 Au3,200,100,0.25,12,0,na,"(47, 79)",0.0032315375,0.0002569790796135,0.05286699296781898,True
833_1,mp-1070544,Cr2 Ga8,833,221,0.0625,60,0,na,"(24, 31)",0.0032280982,0.000256771563716,,False
87_5,mp-30871,Ta6 Sn2,87,211,0.2499999999999999,96,0,na,"(50, 73)",0.0032247992,0.0002565750336061,0.11683177071085,True
458_19,mp-13452,Be2 Pd4,458,001,0.25,12,0,na,"(4, 46)",0.003220093,0.000256266345273,0.08924685119266222,True
791_7,mp-2339,Ti6 Pt2,791,210,0.1875,48,0,na,"(22, 78)",0.0032180904,0.0002561726197309,0.12856113163159846,True
79_4,mp-321,Rh4 Pb8,79,110,0.0847491322524761,36,0,na,"(45, 82)",0.0032179067,0.0002562236339698,0.05880336222231418,True
884_2,mp-6938,Zn1 Rh1,884,110,0.5,10,0,na,"(30, 45)",0.0032164939,0.0002561767792753,0.10158345253108861,True
153_53,mp-12802,Al2 Cu6,153,012,0.0,48,0,na,"(13, 29)",0.003212801,0.0002559482272547,0.07671296092081065,True
81_14,mp-2123,Nb6 Au4,81,101,0.0997707109871441,40,0,na,"(41, 79)",0.0031977713,0.0002549463936224,0.1240121638079766,True
728_41,mp-13010,Y4 Sn8,728,010,0.0,12,0,na,"(39, 50)",0.0031974555,0.000254986223883,0.05563870921994007,True
665_12,mp-266,Zr4 Pd2,665,201,0.0391626305604334,48,0,na,"(40, 46)",0.003190433,0.0002544910950659,0.11698113808918609,True
429_57,mp-208,Ge4 Ir4,429,001,0.25,16,0,na,"(32, 77)",0.0031841432,0.0002543751242333,0.12990779346931852,True
564_20,mp-16756,Ta6 Ga4,564,201,0.0373829737096861,60,0,na,"(31, 73)",0.0031806235,0.0002546431475227,0.1550492202542161,True
200_2,mp-863750,Ag1 Au3,200,110,0.25,16,0,na,"(47, 79)",0.0031799574,0.0002546546651132,0.05634280173374991,True
87_4,mp-30871,Ta6 Sn2,87,211,0.0625,96,0,na,"(50, 73)",0.003176146,0.0002544142315656,0.1484498226465812,True
328_1,mp-570632,Sc4 Bi4,328,221,0.125,48,0,na,"(21, 83)",0.0031757993,0.0002544511963623,0.07330251161929702,True
734_6,mp-601820,Fe3 Co1,734,101,0.25,20,0,na,"(26, 27)",0.0031599603,0.0002562567369362,0.15854482415840707,True
153_51,mp-12802,Al2 Cu6,153,010,0.248955615059117,24,0,na,"(13, 29)",0.0031590806,0.0002562510637939,0.1162898375477422,True
486_0,mp-30352,Na8 Ag16,486,111,0.1875,72,0,na,"(11, 47)",0.0031577356,0.0002562076166392,0.036516209347437996,True
800_3,mp-1328,Sr8 Rh16,800,221,0.1562500000000003,96,0,na,"(38, 45)",0.0031497912,0.0002599034278545,,False
153_39,mp-12802,Al2 Cu6,153,102,0.125,48,0,na,"(13, 29)",0.0031454577,0.000259613325687,0.09605241843161526,True
795_31,mp-1206704,Mo2 Pd4,795,001,0.0826179762195948,12,0,na,"(42, 46)",0.0031437422,0.0002595391150851,0.15000287969130255,True
791_6,mp-2339,Ti6 Pt2,791,210,0.0625,48,0,na,"(22, 78)",0.003142317,0.0002594888018031,0.1383754745330342,True
329_11,mp-30811,Ni8 W2,329,212,0.1250000000000001,80,0,na,"(28, 74)",0.0031298667,0.0002586607707002,0.17723797403929056,True
553_56,mp-818,Si4 Rh4,553,001,0.0,16,0,na,"(14, 45)",0.003128784,0.0002586381929562,,False
428_5,mp-11272,Be4 Nb6,428,110,0.0704415865310538,30,0,na,"(4, 41)",0.0031269863,0.0002585564602336,0.17204506444508777,True
404_21,mp-510437,In3 Pd2,404,102,0.0916922442136548,30,0,na,"(46, 49)",0.0031250843,0.0002584660204509,0.06277065876902621,True
344_12,mp-865562,Be6 Ru2,344,102,0.2499999999999999,40,0,na,"(4, 44)",0.0031249768,0.000258523949116,0.16869569157924408,True
461_19,mp-11420,Y4 Ga4,461,100,0.25,24,0,na,"(31, 39)",0.0031211195,0.0002600423274132,0.08074057697185356,True
344_8,mp-865562,Be6 Ru2,344,101,0.375,32,0,na,"(4, 44)",0.003120331,0.0002600442544684,0.14799006951543833,True
386_38,mp-1025448,Y4 Pt4,386,112,0.1428653381884606,48,0,na,"(39, 78)",0.0031179653,0.000259914689484,0.0816628789178416,True
132_10,mp-865985,Cd2 Pd6,132,100,0.25,24,0,na,"(46, 48)",0.0031168205,0.0002598868069501,0.07926179408829358,True
756_32,mp-952,Mo2 Pt4,756,001,0.25,12,0,na,"(42, 78)",0.0031165478,0.0002599316214708,0.1400262205144802,True
665_13,mp-266,Zr4 Pd2,665,201,0.1250000000000001,48,0,na,"(40, 46)",0.0031125194,0.0002643544763785,0.11656760022875692,True
386_39,mp-1025448,Y4 Pt4,386,112,0.2071942922967194,48,0,na,"(39, 78)",0.0031081846,0.0002640561148052,0.08380364257361868,True
664_20,mp-865045,Mn2 Ru6,664,2-12,0.1226822804248146,64,0,na,"(25, 44)",0.0031070241,0.0002640272424264,0.1858728763461003,True
88_5,mp-1183162,Al1 Fe3,88,100,0.2499999999999999,12,0,na,"(13, 26)",0.0031061475,0.0002640224602433,0.13856392510655538,True
429_55,mp-208,Ge4 Ir4,429,001,0.0,16,0,na,"(32, 77)",0.0031022124,0.0002637576147755,0.08810534543224915,True
664_17,mp-865045,Mn2 Ru6,664,100,0.0,24,0,na,"(25, 44)",0.0031013251,0.0002637517409097,0.16818843543914586,True
564_16,mp-16756,Ta6 Ga4,564,210,0.2196538079104489,40,0,na,"(31, 73)",0.003100297,0.0002637338665616,0.15324629611015875,True
553_45,mp-818,Si4 Rh4,553,011,0.5,24,0,na,"(14, 45)",0.003098027,0.0002636102867716,0.11266093740642487,True
730_9,mp-10904,Al4 Pt4,730,221,0.3576808471800081,64,0,na,"(13, 78)",0.003096339,0.000263536126138,0.11450822933888062,True
414_4,mp-1183627,Cd1 Ag3,414,210,0.125,24,0,na,"(47, 48)",0.003090036,0.0002630689923242,0.05354305775179649,True
553_57,mp-818,Si4 Rh4,553,001,0.1294803551933689,16,0,na,"(14, 45)",0.003089005,0.0002630504189557,0.14864931444282475,True
446_1,mp-2295,Ca8 Ni16,446,111,0.8124999999999999,72,0,na,"(20, 28)",0.0030888857,0.0002631094707814,0.07227824817505708,True
664_24,mp-865045,Mn2 Ru6,664,001,0.0,24,0,na,"(25, 44)",0.0030882452,0.0002631241438216,0.15117132000988592,True
429_33,mp-208,Ge4 Ir4,429,120,0.25,48,0,na,"(32, 77)",0.0030880584,0.0002631774764678,0.09716720102849738,True
148_75,mp-1048,Ti2 Ni2,148,001,0.5,12,0,na,"(22, 28)",0.0030853201,0.0002630133260739,0.13337126811131822,True
329_29,mp-30811,Ni8 W2,329,112,0.25,80,0,na,"(28, 74)",0.0030809918,0.0002627134499639,,False
404_22,mp-510437,In3 Pd2,404,102,0.25,30,0,na,"(46, 49)",0.0030710995,0.0002631128739755,0.06288554425770536,True
730_23,mp-10904,Al4 Pt4,730,210,0.2024769677808925,48,0,na,"(13, 78)",0.0030684962,0.0002629590271844,0.1273759702376792,True
614_14,mp-2221,Zr4 Ag2,614,100,0.25,24,0,na,"(40, 47)",0.003064186,0.0002626587271155,0.10447159221867236,True
730_27,mp-10904,Al4 Pt4,730,100,0.25,24,0,na,"(13, 78)",0.0030587167,0.0002622587891638,0.1314913775597922,True
461_16,mp-11420,Y4 Ga4,461,210,0.1249999999999999,48,0,na,"(31, 39)",0.0030571297,0.0002621914795108,0.088267995171198,True
627_37,mp-1001787,Li2 Rh6,627,001,0.1277932227022979,16,0,na,"(3, 45)",0.0030558347,0.0002621491484852,0.11517003945714228,True
92_13,mp-1260,Sr1 Pd5,92,100,0.1666666666666666,18,0,na,"(38, 46)",0.003051108,0.0002618122956386,0.07418482657044739,True
614_12,mp-2221,Zr4 Ag2,614,201,0.0409123079281084,48,0,na,"(40, 47)",0.0030506714,0.00026184338528,0.10582726435082977,True
175_32,mp-11549,V2 Pd4,175,001,0.25,12,0,na,"(23, 46)",0.0030495573,0.000261816315392,0.11584799101027768,True
665_8,mp-266,Zr4 Pd2,665,211,0.2500000000000001,96,0,na,"(40, 46)",0.0030466919,0.0002616388110041,,False
486_1,mp-30352,Na8 Ag16,486,111,0.8125000000000002,72,0,na,"(11, 47)",0.003046358,0.0002616786021658,0.035777692458767885,True
202_41,mp-30849,Ta4 Pt8,202,010,0.0810370639566144,24,0,na,"(73, 78)",0.003042688,0.0002614317645413,0.19097271021912968,True
739_16,mp-7188,Al4 Os2,739,112,0.5,36,0,na,"(13, 76)",0.003042613,0.0002614936831974,0.16418528605361343,True
148_58,mp-1048,Ti2 Ni2,148,102,0.1550695719041853,32,0,na,"(22, 28)",0.0030340229,0.0002624034630303,0.13580249106413703,True
346_1,mp-2291,Si8 Ni4,346,111,0.5000000000000003,48,0,na,"(14, 28)",0.0030321814,0.0002665366765895,0.06168590051745254,True
461_15,mp-11420,Y4 Ga4,461,210,0.0540543383948043,48,0,na,"(31, 39)",0.0030288605,0.000266315743706,0.08743151469909002,True
614_13,mp-2221,Zr4 Ag2,614,201,0.125,48,0,na,"(40, 47)",0.0030288477,0.0002663855609213,0.10606398702339523,True
458_18,mp-13452,Be2 Pd4,458,001,0.07173482474386,12,0,na,"(4, 46)",0.0030277572,0.0002666518994714,0.13879725468233658,True
629_11,mp-1184336,Fe2 Ir6,629,112,0.25,48,0,na,"(26, 77)",0.003024443,0.0002705338134807,0.13645168382267256,True
386_27,mp-1025448,Y4 Pt4,386,100,0.0,24,0,na,"(39, 78)",0.0030225636,0.000270438865632,0.08210916607548904,True
461_14,mp-11420,Y4 Ga4,461,210,0.0,48,0,na,"(31, 39)",0.0030224319,0.0002705002357698,0.08602311705739327,True
739_10,mp-7188,Al4 Os2,739,101,0.1692073133431222,24,0,na,"(13, 76)",0.0030221674,0.0002705497474395,0.1935541766537014,True
739_14,mp-7188,Al4 Os2,739,100,0.2499999999999999,24,0,na,"(13, 76)",0.0030141417,0.0002699042951818,0.16796814856565886,True
386_59,mp-1025448,Y4 Pt4,386,001,0.1123489242057189,16,0,na,"(39, 78)",0.0030095407,0.0002721310352576,0.10343140811482442,True
687_0,mp-973940,Li4 Cd12,687,111,0.1250000000000002,48,0,na,"(3, 48)",0.0030070907,0.0002719835146031,0.03694933043445619,True
200_1,mp-863750,Ag1 Au3,200,221,0.125,32,0,na,"(47, 79)",0.003006941,0.0002720439661024,0.0513717865072639,True
66_1,mp-1387,Al2 V6,66,221,0.0624999999999997,64,0,na,"(13, 23)",0.0030067286,0.0002720987726789,0.1467772946427007,True
767_13,mp-570578,Zr2 In6,767,001,0.1249999999999999,16,0,na,"(40, 49)",0.003005438,0.0002720560038471,0.06393633180740933,True
68_2,mp-1121,Ga1 Co1,68,110,0.5,10,0,na,"(27, 31)",0.0030029917,0.0002719085360635,0.08766843636758274,True
