slab_id,mp_id,formula,crystal_id,miller_index,shift,num_atom,test,energy,chem_system,weight,normalized_weight,surface_energy,converge
1518_14,mp-1080614,Cs8 Sb8 Pt4,1518,212,0.0256412676038843,80,0,na,"(51, 55, 78)",0.5010203,0.0002669527314173,,False
1518_29,mp-1080614,Cs8 Sb8 Pt4,1518,201,0.0915923370484108,80,0,na,"(51, 55, 78)",0.46950397,0.0002502270561804,,False
1518_28,mp-1080614,Cs8 Sb8 Pt4,1518,201,0.0290923370484108,80,0,na,"(51, 55, 78)",0.46619686,0.0002485266853837,,False
1649_6,mp-570837,Cs2 As4 Ru4,1649,212,0.1250000000000003,60,0,na,"(33, 44, 55)",0.4634137,0.0002488545557562,,False
2570_5,mp-864782,Ta8 Mo4 Ru4,2570,210,0.0625,64,0,na,"(42, 44, 73)",0.449166,0.0002412635373786,0.19589456105565348,True
1863_30,mp-1080693,Cs8 Bi8 Pd4,1863,122,0.0799657684099026,80,0,na,"(46, 55, 83)",0.4251386,0.0002284126469765,,False
2099_27,mp-14205,K9 Cu9 As6,2099,10-2,0.0892924997743188,72,0,na,"(19, 29, 33)",0.42507866,0.0002284326201333,0.03542860063934305,True
1863_29,mp-1080693,Cs8 Bi8 Pd4,1863,122,0.0274127738428975,80,0,na,"(46, 55, 83)",0.4154042,0.0002232846767033,,False
1863_43,mp-1080693,Cs8 Bi8 Pd4,1863,102,0.0477476697544716,80,0,na,"(46, 55, 83)",0.4115246,0.0002212487472161,,False
1572_6,mp-1228798,Cs2 Ta2 Te6,1572,212,0.2590072432697,60,0,na,"(52, 55, 73)",0.3948848,0.0002136333278187,,False
1111_4,mp-30050,Ba8 Ge16 Ru16,1111,111,0.8479447671436304,80,0,na,"(32, 44, 56)",0.387899,0.0002098988398894,,False
1922_5,mp-1185986,Mn4 Be4 Ir8,1922,210,0.0625,64,0,na,"(4, 25, 77)",0.38583195,0.0002088241554272,0.15962047758301107,True
2302_5,mp-972236,V8 Mo4 W4,2302,210,0.0625,64,0,na,"(23, 42, 74)",0.37108058,0.000200882207916,0.19162346353981385,True
2581_5,mp-865795,Li4 Sc8 Ru4,2581,210,0.0624999999999999,64,0,na,"(3, 21, 44)",0.36987463,0.0002002696048418,0.08721551419758977,True
1202_6,mp-1228893,Al1 Ga1 Co2,1202,211,0.0626594894690307,64,0,na,"(13, 27, 31)",0.36585662,0.0001981337227739,0.13393541898150427,True
1202_7,mp-1228893,Al1 Ga1 Co2,1202,211,0.1876594894690308,64,0,na,"(13, 27, 31)",0.36046928,0.0001952548354293,0.13527545904527793,True
2526_5,mp-866117,Hf4 Zn4 Au8,2526,210,0.0625,64,0,na,"(30, 72, 79)",0.3578691,0.000193884256803,0.09169311493318827,True
1649_17,mp-570837,Cs2 As4 Ru4,1649,112,0.1606814879770514,40,0,na,"(33, 44, 55)",0.35319328,0.000191388125158,,False
2217_1,mp-4955,Al4 V4 Co8,2217,111,0.3750000000000002,64,0,na,"(13, 23, 27)",0.34453756,0.0001867335082927,0.1585102051385594,True
1448_5,mp-867307,Be8 Ru4 Au4,1448,210,0.0625,64,0,na,"(4, 44, 79)",0.33743536,0.0001829183934604,0.13883347532967114,True
1922_3,mp-1185986,Mn4 Be4 Ir8,1922,110,0.2499999999999999,48,0,na,"(4, 25, 77)",0.3368067,0.0001826110096894,0.14865278136397395,True
2041_3,mp-865442,Ti4 Al4 Os8,2041,110,0.2500000000000002,48,0,na,"(13, 22, 76)",0.33575246,0.0001820726667104,0.15913580809803637,True
1500_79,mp-1079688,Hf8 Cu2 Si8,1500,11-2,0.5,72,0,na,"(14, 29, 72)",0.33499336,0.000181694101632,0.1529716160411356,True
2447_3,mp-866152,Ti4 Be4 Co8,2447,110,0.25,48,0,na,"(4, 22, 27)",0.330042,0.0001790411077514,0.15791684258667626,True
2453_17,mp-22769,Ti3 Co3 Ge3,2453,212,0.2635905753816364,72,0,na,"(22, 27, 32)",0.3284375,0.0001782026045546,,False
932_5,mp-865178,Hf8 Ir4 Rh4,932,210,0.0625,64,0,na,"(45, 72, 77)",0.3277127,0.0001778410365446,0.11657364180614864,True
1922_1,mp-1185986,Mn4 Be4 Ir8,1922,111,0.3750000000000002,48,0,na,"(4, 25, 77)",0.32654372,0.0001772381821608,0.1729161516935905,True
1448_3,mp-867307,Be8 Ru4 Au4,1448,110,0.25,48,0,na,"(4, 44, 79)",0.32457742,0.0001762021629763,0.12855822009631612,True
2418_1,mp-4492,Mn4 Co8 Si4,2418,111,0.3750000000000002,64,0,na,"(14, 25, 27)",0.32388383,0.000175856622614,0.1663268490124085,True
990_0,mp-862335,Li4 As4 Rh8,990,111,0.125,48,0,na,"(3, 33, 45)",0.323199,0.000175515651515,0.06848251096410742,True
1136_3,mp-1224324,Hf6 Al9 Ag3,1136,110,0.25,72,0,na,"(13, 47, 72)",0.32106295,0.0001743862609904,0.10380557970322159,True
2453_19,mp-22769,Ti3 Co3 Ge3,2453,212,0.4166666666666667,72,0,na,"(22, 27, 32)",0.3210517,0.0001744105653271,,False
1019_15,mp-569012,Cs2 As4 Rh4,1019,201,0.1020524204471831,60,0,na,"(33, 45, 55)",0.31872123,0.0001731747465994,,False
1572_5,mp-1228798,Cs2 Ta2 Te6,1572,212,0.1211339650718131,60,0,na,"(52, 55, 73)",0.31737873,0.0001724751778208,,False
2453_18,mp-22769,Ti3 Co3 Ge3,2453,212,0.3089666323620229,72,0,na,"(22, 27, 32)",0.317187,0.0001724007195905,,False
1756_3,mp-862360,Sc8 Ni4 Ir4,1756,110,0.25,48,0,na,"(21, 28, 77)",0.3164674,0.0001720392549362,0.09155610420822012,True
1030_2,mp-4488,Sr2 Fe4 As4,1030,221,0.0368086938871934,80,0,na,"(26, 33, 38)",0.31501758,0.0001720715885789,,False
1020_5,mp-862312,Li4 Be4 Pd8,1020,210,0.0624999999999999,64,0,na,"(3, 4, 46)",0.31397027,0.000171529033254,0.08979573314122974,True
2570_1,mp-864782,Ta8 Mo4 Ru4,2570,111,0.375,48,0,na,"(42, 44, 73)",0.31387848,0.0001715083049624,0.19977460104158323,True
2245_6,mp-1187208,Ta8 Re4 W4,2245,100,0.125,32,0,na,"(73, 74, 75)",0.3118566,0.0001704327474874,0.23853802898866264,True
2217_3,mp-4955,Al4 V4 Co8,2217,110,0.2499999999999999,48,0,na,"(13, 23, 27)",0.31051987,0.0001697311389322,0.13554135825432198,True
1218_3,mp-862622,Be4 Ru8 W4,1218,110,0.25,48,0,na,"(4, 44, 74)",0.30978024,0.0001693555997635,0.1804702839949665,True
1572_24,mp-1228798,Cs2 Ta2 Te6,1572,102,0.2590072432696999,40,0,na,"(52, 55, 73)",0.3088198,0.0001688591283531,0.006932419345750607,True
1111_3,mp-30050,Ba8 Ge16 Ru16,1111,111,0.375,80,0,na,"(32, 44, 56)",0.3087062,0.0001688255209049,0.060190097602407865,True
2128_17,mp-28884,Cs2 Fe4 As4,2128,112,0.1608509220441634,40,0,na,"(26, 33, 55)",0.30851144,0.0001687474992676,,False
1019_5,mp-569012,Cs2 As4 Rh4,1019,212,0.0458951591056331,60,0,na,"(33, 45, 55)",0.30672222,0.0001677971591735,,False
1123_3,mp-977561,Li4 Ta4 Ir8,1123,110,0.2499999999999999,48,0,na,"(3, 73, 77)",0.30567408,0.0001672518222713,0.15003283836011755,True
1649_0,mp-570837,Cs2 As4 Ru4,1649,111,0.0803407439885255,40,0,na,"(33, 44, 55)",0.30151674,0.000165004700434,0.06566912215764958,True
2128_15,mp-28884,Cs2 Fe4 As4,2128,201,0.1027127305110408,60,0,na,"(26, 33, 55)",0.30052766,0.0001644905692218,,False
1699_0,mp-865792,Be4 Si4 Ni8,1699,111,0.125,64,0,na,"(4, 14, 28)",0.29623106,0.000162451249573,0.13549971303380362,True
2275_5,mp-3657,Ti4 Co8 Si4,2275,210,0.0625,64,0,na,"(14, 22, 27)",0.29406738,0.0001612909029825,0.14063915355222154,True
1614_1,mp-865003,Be8 Ir4 Pd4,1614,111,0.375,64,0,na,"(4, 46, 77)",0.2932784,0.0001608841101583,0.18335106289047828,True
2217_5,mp-4955,Al4 V4 Co8,2217,210,0.0625,64,0,na,"(13, 23, 27)",0.29289833,0.000160701468981,0.16196205092580193,True
1500_78,mp-1079688,Hf8 Cu2 Si8,1500,11-2,0.4131003976858932,72,0,na,"(14, 29, 72)",0.29140207,0.0001600910985553,0.155731177993016,True
2350_4,mp-30847,Ti4 Sn4 Pt4,2350,221,0.1875,72,0,na,"(22, 50, 78)",0.29123265,0.0001600236405902,0.11466732911481332,True
1076_5,mp-867242,Sc8 Zn4 Ga4,1076,210,0.0625,64,0,na,"(21, 30, 31)",0.29057816,0.0001596895719948,0.09007598464495663,True
2097_3,mp-862287,Be4 Al4 Rh8,2097,110,0.2499999999999999,48,0,na,"(4, 13, 45)",0.2905709,0.0001597110863982,0.13581654575317598,True
1428_50,mp-22191,Hf3 Fe3 Ge3,1428,102,0.25,54,0,na,"(26, 32, 72)",0.28946093,0.0001591264102571,,False
1019_14,mp-569012,Cs2 As4 Rh4,1019,201,0.0395524204471832,60,0,na,"(33, 45, 55)",0.28935868,0.000159095516291,,False
1340_21,mp-30183,Zr2 Al10 Ni4,1340,112,0.5,64,0,na,"(13, 28, 40)",0.28869158,0.0001587539876631,0.11820618128614144,True
2349_5,mp-1227072,Ca2 Ga6 Pt2,2349,221,0.090510465678796,80,0,na,"(20, 31, 78)",0.28375733,0.0001562459806329,,False
2476_6,mp-867293,Li4 Co8 Si4,2476,100,0.125,32,0,na,"(3, 14, 27)",0.28313607,0.0001559282579095,0.13627589583283423,True
1823_3,mp-13915,Li4 Ni8 Sn4,1823,110,0.25,48,0,na,"(3, 28, 50)",0.28279608,0.0001557653073563,0.0641006893707425,True
1883_29,mp-1217089,Ti4 Al2 Si6,1883,121,0.250946598116897,60,0,na,"(13, 14, 22)",0.2814549,0.0001550507311204,0.10887145456981458,True
2570_3,mp-864782,Ta8 Mo4 Ru4,2570,110,0.25,48,0,na,"(42, 44, 73)",0.28066334,0.0001546386453509,0.17294491624963423,True
1756_5,mp-862360,Sc8 Ni4 Ir4,1756,210,0.0625,64,0,na,"(21, 28, 77)",0.27900633,0.0001537494489187,0.11541478405878217,True
901_3,mp-5109,Y2 Ni4 Ge4,901,221,0.0947728522035403,80,0,na,"(28, 32, 39)",0.27899548,0.0001537671115177,,False
1883_24,mp-1217089,Ti4 Al2 Si6,1883,101,0.25,48,0,na,"(13, 14, 22)",0.27894494,0.0001537629002997,0.10808986633517186,True
990_1,mp-862335,Li4 As4 Rh8,990,111,0.375,48,0,na,"(3, 33, 45)",0.2787112,0.0001536576825825,0.10585488335281733,True
1316_6,mp-30493,Zn1 Cd1 Pt2,1316,211,0.0689608471717609,64,0,na,"(30, 48, 78)",0.27809736,0.000153342825648,0.08517161100221994,True
2097_0,mp-862287,Be4 Al4 Rh8,2097,111,0.1250000000000002,48,0,na,"(4, 13, 45)",0.27808368,0.0001533587989704,0.15912950392388042,True
1542_5,mp-866166,Y8 Pd4 Ru4,1542,210,0.0625,64,0,na,"(39, 44, 46)",0.2780341,0.0001533549747108,,False
1883_1,mp-1217089,Ti4 Al2 Si6,1883,111,0.5929882892710621,48,0,na,"(13, 14, 22)",0.2775769,0.0001531262800668,0.10865608992931493,True
1794_5,mp-3854,Y2 Mn4 Si4,1794,212,0.0648593884650596,80,0,na,"(14, 25, 39)",0.27665797,0.0001526427226897,0.13311285255175817,True
1823_5,mp-13915,Li4 Ni8 Sn4,1823,210,0.0625,64,0,na,"(3, 28, 50)",0.27602547,0.0001523169984686,0.08159526172340208,True
2222_0,mp-865091,Hf4 Mn4 Rh8,2222,111,0.1250000000000002,48,0,na,"(25, 45, 72)",0.27578273,0.0001522062327299,0.1875804643227308,True
2099_16,mp-14205,K9 Cu9 As6,2099,101,0.3762985167198363,72,0,na,"(19, 29, 33)",0.2747773,0.000151674415346,,False
1012_2,mp-1072255,Sc4 Ni16 Au4,1012,111,0.4379376965069212,72,0,na,"(21, 28, 79)",0.27469444,0.0001516516791061,0.12730677448959912,True
1052_4,mp-600124,Mn4 Ni4 Sb4,1052,221,0.1875,72,0,na,"(25, 28, 51)",0.27378008,0.0001511698098096,0.09069286980196642,True
1929_53,mp-3129,Sc4 Si12 Ni4,1929,021,1.0,60,0,na,"(14, 21, 28)",0.27239197,0.0001504260939139,0.12927744404340474,True
1426_6,mp-864951,Mn4 Al4 Os8,1426,100,0.125,32,0,na,"(13, 25, 76)",0.27206436,0.0001502677783386,0.1856735682065436,True
1655_1,mp-867319,Al8 Co4 Ir4,1655,111,0.375,48,0,na,"(13, 27, 77)",0.2706894,0.0001495308240769,0.16381632368621787,True
2128_14,mp-28884,Cs2 Fe4 As4,2128,201,0.0402127305110407,60,0,na,"(26, 33, 55)",0.27063683,0.0001495241424888,,False
1500_94,mp-1079688,Hf8 Cu2 Si8,1500,012,0.1495867390870131,72,0,na,"(14, 29, 72)",0.2692542,0.0001487824998144,0.1117664418193261,True
1321_1,mp-861666,Li4 Ru8 W4,1321,111,0.375,48,0,na,"(3, 44, 74)",0.2682201,0.0001482331389609,0.15044446020359964,True
1448_6,mp-867307,Be8 Ru4 Au4,1448,100,0.125,32,0,na,"(4, 44, 79)",0.26815906,0.0001482213762288,0.1341820816755172,True
2349_6,mp-1227072,Ca2 Ga6 Pt2,2349,221,0.1590110714283854,80,0,na,"(20, 31, 78)",0.26783273,0.0001480629477282,,False
1165_5,mp-861935,Ca4 Sn4 Rh8,1165,210,0.0625,64,0,na,"(20, 45, 50)",0.26715302,0.0001477090615531,0.06785012216289926,True
2349_4,mp-1227072,Ca2 Ga6 Pt2,2349,221,0.0272186672500503,80,0,na,"(20, 31, 78)",0.2671147,0.0001477096924627,,False
1851_3,mp-865229,Be8 Ni4 Ir4,1851,110,0.25,48,0,na,"(4, 28, 77)",0.26710436,0.0001477257951578,0.15735587367609502,True
1935_19,mp-1078231,Sr8 Ga16 Rh16,1935,101,0.25,80,0,na,"(31, 38, 45)",0.26532835,0.0001467652290438,0.06331486727367887,True
1136_1,mp-1224324,Hf6 Al9 Ag3,1136,111,0.1049457408255397,72,0,na,"(13, 47, 72)",0.26531497,0.0001467793700626,0.10803955495132891,True
1573_1,mp-865592,Y8 Zn4 Ru4,1573,111,0.375,48,0,na,"(30, 39, 44)",0.26508278,0.000146672444805,0.09203969494078898,True
1076_3,mp-867242,Sc8 Zn4 Ga4,1076,110,0.25,48,0,na,"(21, 30, 31)",0.26476878,0.0001465201965424,0.0789609636436255,True
1843_13,mp-1221618,Mn4 Be16 Al4,1843,100,0.0616913719677611,48,0,na,"(4, 13, 25)",0.2642273,0.0001462419747343,0.14672169878668356,True
1491_8,mp-31441,Li8 Ga4 Ir4,1491,210,0.0625,64,0,na,"(3, 31, 77)",0.26419467,0.0001462453021987,0.0776601692821964,True
1020_3,mp-862312,Li4 Be4 Pd8,1020,110,0.2499999999999999,48,0,na,"(3, 4, 46)",0.2636385,0.0001459587793598,0.08179513823936935,True
1109_54,mp-1217124,Ti6 Co9 Sn6,1109,10-2,0.878889178124247,63,0,na,"(22, 27, 50)",0.26341912,0.000145858612859,0.11367844677081584,True
1794_14,mp-3854,Y2 Mn4 Si4,1794,201,0.0925703057674702,60,0,na,"(14, 25, 39)",0.26297554,0.0001456342388181,0.13670211257882273,True
1893_1,mp-862629,Sc4 Rh8 Pb4,1893,111,0.3750000000000002,48,0,na,"(21, 45, 82)",0.26222944,0.000145455385827,0.08117916840206874,True
1600_4,mp-8126,Y2 Cu2 Si2,1600,212,0.2499999999999999,48,0,na,"(14, 29, 39)",0.2617837,0.0001452292638107,0.09920782149395077,True
1454_5,mp-862316,Li4 Be4 Pt8,1454,210,0.0625,64,0,na,"(3, 4, 78)",0.26154885,0.0001451200521846,0.10605262576556944,True
987_13,mp-1228817,Al2 Re2 Ge2,987,210,0.125,48,0,na,"(13, 32, 75)",0.26123282,0.0001449657407704,0.14032111704725986,True
1030_10,mp-4488,Sr2 Fe4 As4,1030,210,0.1249999999999999,60,0,na,"(26, 33, 38)",0.2606058,0.000144687865676,0.07725760270154333,True
2077_3,mp-1184684,Hf4 Ge4 Ru8,2077,110,0.25,48,0,na,"(32, 44, 72)",0.26048356,0.0001446409260374,0.12581780604845846,True
974_56,mp-1228701,Al8 Ge4 W6,974,112,0.0439561506356298,72,0,na,"(13, 32, 74)",0.25986412,0.0001443178385759,0.13617611842944724,True
2610_19,mp-1205560,Rb8 As8 Pd4,2610,210,0.0307919658823712,80,0,na,"(33, 37, 46)",0.2597875,0.0001442961114839,,False
2097_5,mp-862287,Be4 Al4 Rh8,2097,210,0.0624999999999999,64,0,na,"(4, 13, 45)",0.25905153,0.0001439080904145,0.15285743853536415,True
2324_5,mp-865162,Mg4 Ge4 Rh8,2324,210,0.0625,64,0,na,"(12, 32, 45)",0.2588891,0.0001438385569681,0.09081633139384648,True
1422_28,mp-569006,Sr2 As4 Rh4,1422,112,0.25,60,0,na,"(33, 38, 45)",0.2586278,0.0001437140505388,0.06459144572174119,True
1949_1,mp-9902,Sc8 Co4 Si8,1949,111,0.1424291410702595,80,0,na,"(14, 21, 27)",0.2577469,0.0001432451392017,0.12800538791022353,True
1794_9,mp-3854,Y2 Mn4 Si4,1794,210,0.1249999999999999,60,0,na,"(14, 25, 39)",0.25694403,0.0001428193952204,0.13581879023419538,True
1409_9,mp-569298,Ca2 Co4 As4,1409,210,0.125,60,0,na,"(20, 27, 33)",0.2568149,0.0001427680098302,0.0867820691613565,True
2581_3,mp-865795,Li4 Sc8 Ru4,2581,110,0.25,48,0,na,"(3, 21, 44)",0.2566521,0.000142697879082,0.0861507610706101,True
1282_5,mp-19971,Zn4 Co8 Ge4,1282,210,0.0625,64,0,na,"(27, 30, 32)",0.2566105,0.0001426951118834,0.10200281046946406,True
2596_5,mp-867881,Sc4 Tl4 Rh8,2596,210,0.0625,64,0,na,"(21, 45, 81)",0.25615865,0.0001424641775826,0.08939656841367062,True
1720_21,mp-1228809,Al2 Re2 Si2,1720,112,0.1592758249737615,36,0,na,"(13, 14, 75)",0.2551532,0.0001428669709279,0.16260584415302917,True
1606_5,mp-866139,Ti4 Be8 Ir4,1606,210,0.0625,64,0,na,"(4, 22, 77)",0.2546744,0.0001426192538268,0.15507948723886325,True
1083_51,mp-1079643,Ta3 Mn3 Ge3,1083,102,0.2499999999999999,54,0,na,"(25, 32, 73)",0.2545118,0.0001432172314521,,False
996_1,mp-867828,Be4 Nb4 Ru8,996,111,0.375,48,0,na,"(4, 41, 44)",0.25429502,0.0001431157430552,0.17077070632322364,True
1782_5,mp-1206369,Sc4 Pd8 Pb4,1782,210,0.0625,64,0,na,"(21, 46, 82)",0.2542934,0.0001431353162459,0.06621424739480271,True
2610_18,mp-1205560,Rb8 As8 Pd4,2610,210,0.0101142879583857,80,0,na,"(33, 37, 46)",0.2542581,0.0001431359345769,,False
1929_32,mp-3129,Sc4 Si12 Ni4,1929,120,2.220446049250313e-16,60,0,na,"(14, 21, 28)",0.25401703,0.0001430206943534,0.11689829423541577,True
1535_22,mp-975044,Li2 Si4 Rh4,1535,201,0.0998995690073912,50,0,na,"(3, 14, 45)",0.2539605,0.0001430093192289,0.08208186476672362,True
2596_1,mp-867881,Sc4 Tl4 Rh8,2596,111,0.3750000000000002,48,0,na,"(21, 45, 81)",0.25365925,0.0001428899118356,0.10151690738924084,True
1635_5,mp-977399,Li4 Mg4 Pd8,1635,210,0.0624999999999999,64,0,na,"(3, 12, 46)",0.2527424,0.0001423937836501,0.0802900919134854,True
2302_0,mp-972236,V8 Mo4 W4,2302,111,0.1249999999999997,48,0,na,"(23, 42, 74)",0.2523531,0.0001421947016502,0.20222298224623636,True
932_0,mp-865178,Hf8 Ir4 Rh4,932,111,0.125,48,0,na,"(45, 72, 77)",0.2519276,0.000141975131084,0.11999182534420053,True
1763_5,mp-865743,Ga8 Ir4 Rh4,1763,210,0.0625,64,0,na,"(31, 45, 77)",0.25188228,0.0001419697469318,0.094436712248237,True
1030_15,mp-4488,Sr2 Fe4 As4,1030,201,0.0993086938871933,60,0,na,"(26, 33, 38)",0.25171626,0.0001418963171819,,False
2196_5,mp-867119,Li4 Hf4 Pd8,2196,210,0.0625,64,0,na,"(3, 46, 72)",0.25118473,0.0001416167804666,0.09633875427714275,True
2192_3,mp-1187694,V8 Os4 W4,2192,110,0.25,48,0,na,"(23, 74, 76)",0.25080037,0.0001414201075497,0.18894446569757786,True
1226_1,mp-8456,Sr2 As2 Pt2,1226,221,0.0625000000000001,60,0,na,"(33, 38, 78)",0.25046685,0.0001412520197705,0.05642485584443744,True
2208_5,mp-867926,Li4 In4 Pd8,2208,210,0.0624999999999999,64,0,na,"(3, 46, 49)",0.25038376,0.0001412251090856,0.07039169597945913,True
1020_0,mp-862312,Li4 Be4 Pd8,1020,111,0.1250000000000002,64,0,na,"(3, 4, 46)",0.25023425,0.000141160715707,0.1221483460335546,True
1535_24,mp-975044,Li2 Si4 Rh4,1535,201,0.5,50,0,na,"(3, 14, 45)",0.24978492,0.0001409271356094,0.0837658019171301,True
2302_1,mp-972236,V8 Mo4 W4,2302,111,0.3749999999999998,48,0,na,"(23, 42, 74)",0.24878567,0.0001403831486201,0.19184708936214684,True
1036_6,mp-865026,Mn8 V4 Si4,1036,100,0.125,32,0,na,"(14, 23, 25)",0.24848951,0.0001402357201267,0.16324458055753155,True
1660_2,mp-5176,Y2 Si4 Ni4,1660,221,0.0318064197248997,80,0,na,"(14, 28, 39)",0.2482421,0.0001401157428631,0.12893494214661597,True
1428_14,mp-22191,Hf3 Fe3 Ge3,1428,212,0.0620414482473137,72,0,na,"(26, 32, 72)",0.24735633,0.0001396353511917,,False
2526_3,mp-866117,Hf4 Zn4 Au8,2526,110,0.2499999999999999,48,0,na,"(30, 72, 79)",0.24711052,0.0001395160701361,0.0767680066684322,True
2334_5,mp-16524,Sc4 Al4 Pd8,2334,210,0.0624999999999999,64,0,na,"(13, 21, 46)",0.24693058,0.0001394339311281,0.09260956057165307,True
1494_27,mp-1220335,Nb4 Mo4 W4,1494,120,0.125,72,0,na,"(41, 42, 74)",0.24658297,0.0001392570638553,0.1934690360848831,True
1149_5,mp-4536,Sc4 Ni8 Sn4,1149,210,0.0625,64,0,na,"(21, 28, 50)",0.24636357,0.0001391525362737,0.09383774911730344,True
2075_2,mp-21907,Nb2 Si2 As2,2075,111,0.5,30,0,na,"(14, 33, 41)",0.24591708,0.000138919678163,0.10000726205197069,True
1943_3,mp-13520,Na8 Zn4 Ge4,1943,221,0.0284931031117106,64,0,na,"(11, 30, 32)",0.24553484,0.000138723020404,,False
1949_39,mp-9902,Sc8 Co4 Si8,1949,201,0.1254502207338798,80,0,na,"(14, 21, 27)",0.24330607,0.000137482875193,0.12598326825424336,True
945_1,mp-1186233,Nb4 Sn4 Ru8,945,111,0.375,48,0,na,"(41, 44, 50)",0.24326131,0.0001374764837057,0.10642016950653224,True
992_23,mp-1217989,Ta8 Co2 Ni2,992,112,0.0799442211626696,72,0,na,"(27, 28, 73)",0.24308603,0.0001373963148823,0.171452806940163,True
987_7,mp-1228817,Al2 Re2 Ge2,987,212,0.0425546906901743,48,0,na,"(13, 32, 75)",0.24293108,0.0001373276028413,0.14787173653119368,True
1077_35,mp-8608,K3 Cu12 As6,1077,10-2,0.0533499187314952,63,0,na,"(19, 29, 33)",0.24288747,0.000137321808423,0.04750458019412916,True
1943_5,mp-13520,Na8 Zn4 Ge4,1943,221,0.1765382166850244,64,0,na,"(11, 30, 32)",0.24227785,0.0001369959587925,,False
1810_13,mp-1220866,Na1 Sn2 Pd3,1810,211,0.331069681931289,72,0,na,"(11, 46, 50)",0.24220352,0.0001369726936153,0.05480728178842584,True
1523_29,mp-3779,Cr6 Si6 Te18,1523,101,0.4999999999999996,60,0,na,"(14, 24, 52)",0.24201588,0.0001368853276318,0.028548159401382098,True
1469_5,mp-1185861,Mg4 Ga4 Pt8,1469,210,0.0624999999999999,64,0,na,"(12, 31, 78)",0.24196556,0.0001368756026633,0.07323623333320416,True
2019_39,mp-1095145,Ti3 Re3 Si3,2019,2-12,0.06566286975122,72,0,na,"(14, 22, 75)",0.2416388,0.0001367094725494,0.18855790304316192,True
1419_1,mp-864844,Zn8 Rh4 Au4,1419,111,0.375,48,0,na,"(30, 45, 79)",0.2416005,0.000136706493029,0.0836641835026494,True
1810_12,mp-1220866,Na1 Sn2 Pd3,1810,211,0.1644030152646223,72,0,na,"(11, 46, 50)",0.24032892,0.0001360055789101,0.05467148590567845,True
1600_1,mp-8126,Y2 Cu2 Si2,1600,221,0.0625,60,0,na,"(14, 29, 39)",0.23975183,0.0001358801652017,0.10207502635643914,True
1943_44,mp-13520,Na8 Zn4 Ge4,1943,012,0.1249999999999999,64,0,na,"(11, 30, 32)",0.23946673,0.0001357370277767,0.04199638490057098,True
1170_3,mp-862311,Sc8 Ga4 Ru4,1170,110,0.25,48,0,na,"(21, 31, 44)",0.23773977,0.0001351564897059,0.08699639376278238,True
2436_5,mp-12580,Li8 Cd4 Sn4,2436,210,0.0625,64,0,na,"(3, 48, 50)",0.23767173,0.0001351360730737,0.038465642797951956,True
1260_1,mp-862297,Li4 Al4 Rh8,1260,111,0.375,48,0,na,"(3, 13, 45)",0.23716304,0.0001348650657917,0.14903405954761026,True
992_24,mp-1217989,Ta8 Co2 Ni2,992,112,0.2499999999999997,72,0,na,"(27, 28, 73)",0.23689426,0.0001347303918578,0.1670136751127053,True
2248_3,mp-867902,Li4 Si4 Rh8,2248,110,0.2499999999999999,48,0,na,"(3, 14, 45)",0.23663904,0.0001346033741156,0.11387530820748169,True
1574_1,mp-865804,Ta4 Zn4 Rh8,1574,111,0.375,48,0,na,"(30, 45, 73)",0.23581727,0.0001341539981962,0.1374857957733647,True
1349_2,mp-1222602,Li8 Si4 Au4,1349,111,0.6249999999999999,48,0,na,"(3, 14, 79)",0.2355918,0.0001340437131526,0.11184865144303244,True
2597_5,mp-5419,Li4 Ga8 Ir4,2597,210,0.0625,64,0,na,"(3, 31, 77)",0.23513994,0.0001339797421148,0.07378369549800955,True
1362_7,mp-7829,Mn3 Nb3 Si3,1362,221,0.2943391544978055,72,0,na,"(14, 25, 41)",0.23510791,0.00013397944236,,False
1900_94,mp-21885,Ca8 In4 Pt8,1900,021,0.25,80,0,na,"(20, 49, 78)",0.23477566,0.0001338080327012,0.07610007649133918,True
1472_11,mp-1018066,Cr2 Sn2 Rh4,1472,112,0.2499999999999997,48,0,na,"(24, 45, 50)",0.23477505,0.000133825591977,0.08333324142511003,True
1170_5,mp-862311,Sc8 Ga4 Ru4,1170,210,0.0624999999999999,64,0,na,"(21, 31, 44)",0.23344944,0.0001330877832963,0.1010900155140073,True
1880_14,mp-4404,Sr2 As4 Ru4,1880,201,0.0355213672277132,60,0,na,"(33, 38, 44)",0.23328076,0.0001330093220032,0.08407833167943794,True
1906_1,mp-20567,Li4 Ga8 Ru4,1906,111,0.3750000000000002,48,0,na,"(3, 31, 44)",0.23320693,0.0001329849147022,0.055905525462544306,True
1763_0,mp-865743,Ga8 Ir4 Rh4,1763,111,0.125,48,0,na,"(31, 45, 77)",0.23311085,0.0001329478056857,0.10328825321124716,True
1774_5,mp-861877,Cd4 Sn4 Rh8,1774,210,0.0625,64,0,na,"(45, 48, 50)",0.23291792,0.0001328554366656,0.07595253636803413,True
984_5,mp-867146,Sc4 Nb4 Ru8,984,210,0.0624999999999999,64,0,na,"(21, 41, 44)",0.23291248,0.0001328699862117,0.1574713238633872,True
2531_3,mp-30816,Li8 Al4 Pd4,2531,111,0.875,48,0,na,"(3, 13, 46)",0.23274252,0.0001327906727307,0.07070532258161681,True
1422_0,mp-569006,Sr2 As4 Rh4,1422,111,0.0460463225165493,40,0,na,"(33, 38, 45)",0.23267065,0.0001327672977376,0.0968692222348691,True
1052_3,mp-600124,Mn4 Ni4 Sb4,1052,221,0.0625,72,0,na,"(25, 28, 51)",0.23259583,0.000132742227528,,False
1929_48,mp-3129,Sc4 Si12 Ni4,1929,021,0.0884509471676329,60,0,na,"(14, 21, 28)",0.23247534,0.0001326910777044,0.11916555063247146,True
2295_0,mp-865076,Na4 Cd8 Pt4,2295,111,0.125,48,0,na,"(11, 48, 78)",0.23213816,0.0001325162075583,0.05893334893242603,True
1266_8,mp-3034,Mg4 Al8 Cu4,1266,110,0.0,48,0,na,"(12, 13, 29)",0.2320649,0.0001324919443735,0.07585252516103748,True
2460_2,mp-16259,Ca2 Ge4 Ir4,2460,221,0.0310993793204428,80,0,na,"(20, 32, 77)",0.23189667,0.0001324134411638,0.10822134815084726,True
1763_1,mp-865743,Ga8 Ir4 Rh4,1763,111,0.375,48,0,na,"(31, 45, 77)",0.23107268,0.0001319604146337,0.08769658596916452,True
1372_0,mp-30312,Ca8 Si4 Ir8,1372,111,2.220446049250313e-16,60,0,na,"(14, 20, 77)",0.23104203,0.0001319603246467,0.06742713501307321,True
1293_3,mp-977582,Zr4 Zn4 Rh8,1293,110,0.2499999999999999,48,0,na,"(30, 40, 45)",0.23086041,0.0001322759596802,0.11021753014584675,True
2088_3,mp-862372,Sc8 Ru4 Rh4,2088,110,0.25,48,0,na,"(21, 44, 45)",0.23000963,0.0001321266895931,0.11497492646616636,True
1949_40,mp-9902,Sc8 Co4 Si8,1949,201,0.2005399522140276,80,0,na,"(14, 21, 27)",0.22997406,0.0001321237138378,0.1160076481079245,True
1324_5,mp-1183042,Zr4 Si4 Ru8,1324,210,0.0625,64,0,na,"(14, 40, 44)",0.22993964,0.0001321213953759,0.14406614836467305,True
1557_0,mp-1187461,Ti8 V4 Os4,1557,111,0.125,48,0,na,"(22, 23, 76)",0.22929831,0.0001317703021942,0.16504906743830428,True
924_2,mp-1025293,In1 As1 Pd5,924,221,0.0721508486889224,56,0,na,"(33, 46, 49)",0.22878896,0.000131494922394,0.0810907826355491,True
1618_5,mp-864651,Ta8 Nb4 Ru4,1618,210,0.0625,64,0,na,"(41, 44, 73)",0.22875226,0.0001314911197294,0.17910313320031024,True
1525_2,mp-1206242,Y1 In5 Rh1,1525,221,0.07524448884703,56,0,na,"(39, 45, 49)",0.22799395,0.000131089698822,0.05946682351196096,True
1428_49,mp-22191,Hf3 Fe3 Ge3,1428,102,0.1859944404402996,54,0,na,"(26, 32, 72)",0.227763,0.0001309740788355,,False
2581_1,mp-865795,Li4 Sc8 Ru4,2581,111,0.3750000000000002,48,0,na,"(3, 21, 44)",0.2276992,0.0001309545425858,0.07651613055965123,True
1851_0,mp-865229,Be8 Ni4 Ir4,1851,111,0.125,64,0,na,"(4, 28, 77)",0.22722091,0.0001306965833769,0.179395515876451,True
1915_0,mp-867280,Be8 Ir4 Pt4,1915,111,0.1250000000000002,64,0,na,"(4, 77, 78)",0.22721869,0.0001307123901044,0.18021099622672387,True
2212_0,mp-866155,Ti4 Al4 Ru8,2212,111,0.1250000000000002,48,0,na,"(13, 22, 44)",0.22695103,0.0001305754808227,0.17536638207974717,True
932_3,mp-865178,Hf8 Ir4 Rh4,932,110,0.25,48,0,na,"(45, 72, 77)",0.22683136,0.0001305236722982,0.09082313696689072,True
2138_1,mp-5778,Al4 V4 Fe8,2138,111,0.375,64,0,na,"(13, 23, 26)",0.22677112,0.0001305060430269,0.19228058181667,True
1014_3,mp-865717,Ti8 Re4 Ir4,1014,110,0.25,48,0,na,"(22, 75, 77)",0.22676711,0.000130520769034,0.17205682343121964,True
1267_5,mp-5538,Y4 Sn4 Pd8,1267,210,0.0625,64,0,na,"(39, 46, 50)",0.22672214,0.0001305119200833,0.07183073080374056,True
1493_1,mp-1183037,Zr4 Zn4 Au8,1493,111,0.375,48,0,na,"(30, 40, 79)",0.22665967,0.0001304929903058,0.07437847006851604,True
1673_4,mp-1217009,Ti1 Al2 Zn1,1673,211,0.125,64,0,na,"(13, 22, 30)",0.22622368,0.0001302589790936,0.10371118326846775,True
2196_1,mp-867119,Li4 Hf4 Pd8,2196,111,0.375,48,0,na,"(3, 46, 72)",0.22611488,0.0001302132938005,0.10439382252855606,True
1372_9,mp-30312,Ca8 Si4 Ir8,1372,110,0.0,40,0,na,"(14, 20, 77)",0.22607207,0.0001302055952072,0.07063668489129239,True
1284_8,mp-1079845,Mn3 Ni3 As3,1284,221,0.4620831325266156,72,0,na,"(25, 28, 33)",0.22594458,0.0001301491138305,,False
1267_3,mp-5538,Y4 Sn4 Pd8,1267,110,0.2500000000000002,48,0,na,"(39, 46, 50)",0.22584514,0.0001301087677151,0.059650543006854156,True
987_5,mp-1228817,Al2 Re2 Ge2,987,221,0.2087773453450871,60,0,na,"(13, 32, 75)",0.22567439,0.0001300273168008,0.1323785566240086,True
1988_0,mp-1078782,Y4 Co4 Si8,1988,111,0.1464255088017707,64,0,na,"(14, 27, 39)",0.2253636,0.0001298651342481,0.09759007083725973,True
1810_11,mp-1220866,Na1 Sn2 Pd3,1810,211,0.0394030152646223,72,0,na,"(11, 46, 50)",0.2252844,0.000129836356689,0.05583986350381672,True
1507_9,mp-12781,Sc4 Al8 Ni4,1507,110,0.0,48,0,na,"(13, 21, 28)",0.22521253,0.0001298117907166,0.11552824141703467,True
1393_48,mp-1079238,Zr3 Re3 Si3,1393,102,0.25,72,0,na,"(14, 40, 75)",0.22516872,0.0001298033887813,0.17208486118124328,True
2206_3,mp-865494,V8 Cr4 Ru4,2206,110,0.25,48,0,na,"(23, 24, 44)",0.22500196,0.0001297240949922,0.17943289640669882,True
2596_3,mp-867881,Sc4 Tl4 Rh8,2596,110,0.2499999999999999,48,0,na,"(21, 45, 81)",0.22495648,0.0001297147007791,0.07582774968019733,True
1165_3,mp-861935,Ca4 Sn4 Rh8,1165,110,0.25,48,0,na,"(20, 45, 50)",0.22492252,0.0001297119442653,0.05335076475399657,True
1776_2,mp-1206348,Cs2 As4 Ir4,1776,221,0.0390882411564277,80,0,na,"(33, 55, 77)",0.22465575,0.0001295749064548,,False
1305_5,mp-865678,Ti4 Mn8 V4,1305,210,0.0625,64,0,na,"(22, 23, 25)",0.22443454,0.0001294640942547,,False
1372_96,mp-30312,Ca8 Si4 Ir8,1372,001,0.0,40,0,na,"(14, 20, 77)",0.2241594,0.0001293221235066,0.10230331222602891,True
1837_6,mp-10181,Li4 Si4 Ni8,1837,100,0.125,32,0,na,"(3, 14, 28)",0.22400273,0.0001292484520769,0.11394373901969125,True
1176_0,mp-865793,Li4 Sc8 Rh4,1176,111,0.1250000000000002,48,0,na,"(3, 21, 45)",0.22338833,0.0001289106078539,0.1064554848085778,True
1293_5,mp-977582,Zr4 Zn4 Rh8,1293,210,0.0625,64,0,na,"(30, 40, 45)",0.22338378,0.0001289246019362,0.12210825291711619,True
2221_5,mp-13445,Rb8 As8 Pt4,2221,221,0.0797988224886019,80,0,na,"(33, 37, 78)",0.22307278,0.0001287617107134,,False
1039_5,mp-865228,Li4 Sc4 Pt8,1039,210,0.0625,64,0,na,"(3, 21, 78)",0.22302526,0.0001287508594765,0.08899990812346255,True
2460_3,mp-16259,Ca2 Ge4 Ir4,2460,221,0.0935993793204428,80,0,na,"(20, 32, 77)",0.22273542,0.0001286000943265,0.10368055784179635,True
2209_14,mp-1216876,Ti1 Ga1 Ni6,2209,112,0.2513238700485658,48,0,na,"(22, 28, 31)",0.22253169,0.0001284989923182,0.12376548817701026,True
1151_0,mp-864650,Ta8 Os4 W4,1151,111,0.125,48,0,na,"(73, 74, 76)",0.22211446,0.0001283947500005,0.21086271510364168,True
1600_9,mp-8126,Y2 Cu2 Si2,1600,210,0.2500000000000001,48,0,na,"(14, 29, 39)",0.22167806,0.0001281589409953,0.10976622064670467,True
1431_6,mp-865680,Ti4 Si4 Os8,1431,100,0.125,32,0,na,"(14, 22, 76)",0.2216481,0.0001281580447922,,False
1419_0,mp-864844,Zn8 Rh4 Au4,1419,111,0.125,48,0,na,"(30, 45, 79)",0.22149701,0.0001280870991874,0.07151783488826559,True
1385_0,mp-977401,Nb4 Ga4 Ru8,1385,111,0.125,48,0,na,"(31, 41, 44)",0.2212843,0.000127980486082,0.17031029757906022,True
2129_10,mp-9247,Ba2 Cu4 As4,2129,210,0.125,60,0,na,"(29, 33, 56)",0.2206205,0.0001276129071805,0.046397690978325724,True
1202_5,mp-1228893,Al1 Ga1 Co2,1202,212,0.2506379578761231,40,0,na,"(13, 27, 31)",0.22056091,0.0001275947214346,0.13095141273453823,True
1985_44,mp-567856,Mn3 As3 Rh3,1985,2-12,0.4514175569657535,72,0,na,"(25, 33, 45)",0.22052397,0.0001275896313687,0.07758608365932668,True
1887_3,mp-864807,Hf4 Zn4 Ni8,1887,110,0.25,48,0,na,"(28, 30, 72)",0.22011042,0.000127818784714,,False
2485_6,mp-1216081,Y2 Ga3 Cu1,2485,221,0.0522155022513164,60,0,na,"(29, 31, 39)",0.21996187,0.0001277488499837,0.08547378617382381,True
1985_43,mp-567856,Mn3 As3 Rh3,1985,2-12,0.3507087784828767,72,0,na,"(25, 33, 45)",0.21990429,0.0001277317264108,0.0781411747588163,True
1324_3,mp-1183042,Zr4 Si4 Ru8,1324,110,0.25,48,0,na,"(14, 40, 44)",0.2198683,0.0001277271363747,0.1257811814633667,True
1451_3,mp-866073,Mg4 Sn4 Rh8,1451,110,0.25,48,0,na,"(12, 45, 50)",0.21948303,0.0001281573697273,0.07586879778966377,True
895_3,mp-865656,Ti4 Mn8 W4,895,110,0.25,48,0,na,"(22, 25, 74)",0.2191551,0.0001279822914386,0.18214054648778608,True
2196_0,mp-867119,Li4 Hf4 Pd8,2196,111,0.125,48,0,na,"(3, 46, 72)",0.21894625,0.0001278766930762,0.07765909958828729,True
1374_1,mp-867123,Ta4 Ti4 Os8,1374,111,0.3749999999999998,48,0,na,"(22, 73, 76)",0.21888253,0.00012785582686,0.17591844014678423,True
2138_5,mp-5778,Al4 V4 Fe8,2138,210,0.0625,64,0,na,"(13, 23, 26)",0.21816008,0.0001274501174655,0.18365327539117982,True
1076_0,mp-867242,Sc8 Zn4 Ga4,1076,111,0.1250000000000002,48,0,na,"(21, 30, 31)",0.21790077,0.0001273148536694,0.0862457654363886,True
2304_6,mp-569408,K2 Co4 As4,2304,212,0.125,80,0,na,"(19, 27, 33)",0.21763599,0.0001271763397011,0.06233869641203658,True
1342_5,mp-866141,Ti4 Fe8 Si4,1342,210,0.0625,64,0,na,"(14, 22, 26)",0.21757245,0.0001271553810394,0.17707569985512234,True
1089_5,mp-13322,Li4 Ge4 Rh8,1089,210,0.0624999999999999,64,0,na,"(3, 32, 45)",0.21749027,0.0001271235172048,0.1132469591674824,True
1284_7,mp-1079845,Mn3 Ni3 As3,1284,221,0.3370831325266155,72,0,na,"(25, 28, 33)",0.21744049,0.0001271105794347,,False
2304_5,mp-569408,K2 Co4 As4,2304,212,0.0482756002643114,80,0,na,"(19, 27, 33)",0.21731646,0.0001270542243596,,False
2304_3,mp-569408,K2 Co4 As4,2304,221,0.1008621998678442,80,0,na,"(19, 27, 33)",0.21723445,0.0001270224158887,,False
1714_8,mp-1228909,Al9 Si3 Pd12,1714,110,0.0919380467485276,72,0,na,"(13, 14, 46)",0.2169273,0.0001268589315299,0.09643458546690685,True
1074_1,mp-977443,Zr4 Ge4 Ru8,1074,111,0.3750000000000002,48,0,na,"(32, 40, 44)",0.2164439,0.0001265922989158,0.14889868107205434,True
2138_0,mp-5778,Al4 V4 Fe8,2138,111,0.125,64,0,na,"(13, 23, 26)",0.21618804,0.0001264586618777,0.19701963485145987,True
1084_51,mp-1205741,Ti3 Mn3 As3,1084,102,0.25,54,0,na,"(22, 25, 33)",0.2161461,0.0001264501198909,0.10674229974598606,True
2039_13,mp-1217985,Ta6 Mn3 V9,2039,101,0.4372155256151764,54,0,na,"(23, 25, 73)",0.21608567,0.0001264307542245,0.21826990602217824,True
1166_14,mp-1227272,Be16 Al4 Fe4,1166,100,0.1865743032493263,48,0,na,"(4, 13, 26)",0.21575758,0.0001262547527238,0.16656048257430212,True
2610_20,mp-1205560,Rb8 As8 Pd4,2610,210,0.0725006072367504,80,0,na,"(33, 37, 46)",0.21519409,0.000125940916208,,False
1726_5,mp-8147,K8 As8 Pd4,1726,221,0.0857554132484654,80,0,na,"(19, 33, 46)",0.21512012,0.0001259134834148,,False
1393_47,mp-1079238,Zr3 Re3 Si3,1393,102,0.1843909013191561,72,0,na,"(14, 40, 75)",0.21505557,0.0001258915526403,0.17375048627819858,True
1470_5,mp-1187922,Zn4 In4 Rh8,1470,210,0.0625,64,0,na,"(30, 45, 49)",0.21472187,0.0001257120338127,0.10609821840064346,True
967_5,mp-864601,Li4 Mg8 Rh4,967,210,0.0625,64,0,na,"(3, 12, 45)",0.21435624,0.0001255137490136,0.07182523219272881,True
924_3,mp-1025293,In1 As1 Pd5,924,221,0.1971508486889224,56,0,na,"(33, 46, 49)",0.21429743,0.0001254950648731,0.0839783085379663,True
1229_31,mp-10381,K8 Cu4 Sb4,1229,112,0.1871702909758922,64,0,na,"(19, 29, 51)",0.21426186,0.0001254899830413,,False
1923_4,mp-1071862,Y2 Al2 Zn2,1923,212,0.2500000000000001,48,0,na,"(13, 30, 39)",0.21415827,0.0001254450540175,0.0847152938451809,True
1166_13,mp-1227272,Be16 Al4 Fe4,1166,100,0.0615743032493263,48,0,na,"(4, 13, 26)",0.21415192,0.0001254570724195,0.15611015869105838,True
1316_7,mp-30493,Zn1 Cd1 Pt2,1316,211,0.193960847171761,64,0,na,"(30, 48, 78)",0.21393241,0.0001253442017283,0.08705443174863275,True
1690_0,mp-864770,Ta8 Mo4 Os4,1690,111,0.1250000000000002,48,0,na,"(42, 73, 76)",0.21368359,0.0001252141115543,0.20756515841902906,True
1491_0,mp-31441,Li8 Ga4 Ir4,1491,111,0.125,48,0,na,"(3, 31, 77)",0.2133524,0.0001254082584284,0.14288004259257073,True
1384_5,mp-1224317,Hf2 Si1 As3,1384,221,0.2500000000000001,48,0,na,"(14, 33, 72)",0.2133108,0.0001253995321404,0.07703077098656066,True
937_5,mp-3623,Mn4 Al4 Co8,937,210,0.0625,64,0,na,"(13, 25, 27)",0.21290502,0.0001251766823749,0.16084377772053554,True
1305_3,mp-865678,Ti4 Mn8 V4,1305,110,0.25,48,0,na,"(22, 23, 25)",0.21286243,0.0001251673097779,0.16696129117017203,True
1995_28,mp-13570,Mg2 Sc4 Ga4,1995,112,0.1876160415025118,60,0,na,"(12, 21, 31)",0.21275067,0.0001251172532822,0.08622994436268325,True
2569_1,mp-864945,Mn4 Be8 Rh4,2569,111,0.3750000000000002,64,0,na,"(4, 25, 45)",0.21244904,0.0001249555007755,0.1544525012819534,True
2544_3,mp-569344,Zr2 Co4 Si4,2544,221,0.0930337191729968,80,0,na,"(14, 27, 40)",0.21232276,0.0001249255232161,0.16119880525295074,True
1672_3,mp-865032,Mn8 Pt4 Rh4,1672,110,0.25,48,0,na,"(25, 45, 78)",0.21230139,0.0001249285563956,0.10970535792937289,True
1605_31,mp-1079890,Al8 Cu4 Ir4,1605,021,0.0451359313001855,64,0,na,"(13, 29, 77)",0.21229795,0.0001249421409721,0.13142782519950877,True
2572_3,mp-862730,Li4 Ga4 Rh8,2572,110,0.25,48,0,na,"(3, 31, 45)",0.21210636,0.0001248449843273,0.09817299355637218,True
1741_6,mp-866075,Mg4 Ta4 Ir8,1741,100,0.125,32,0,na,"(12, 73, 77)",0.21156108,0.0001245395827675,0.15682488906178385,True
2019_47,mp-1095145,Ti3 Re3 Si3,2019,102,0.25,72,0,na,"(14, 22, 75)",0.21148105,0.0001245079777085,0.17971299174334351,True
1333_9,mp-20757,Mn2 Al2 Ge2,1333,211,0.1250000000000001,72,0,na,"(13, 25, 32)",0.21135734,0.0001247025133214,0.08539103156977505,True
2494_5,mp-865518,Y4 Sn4 Rh8,2494,210,0.0624999999999999,64,0,na,"(39, 45, 50)",0.21107192,0.0001245496449027,0.07810655045515884,True
2240_11,mp-9177,Y4 Al6 Si4,2240,110,0.5,42,0,na,"(13, 14, 39)",0.21086541,0.0001244432865298,0.0835472208423829,True
1957_0,mp-1187436,Ti8 Cu4 Re4,1957,111,0.125,48,0,na,"(22, 29, 75)",0.21067879,0.0001243486261461,0.17650148284489864,True
1659_0,mp-865870,Li4 Zr8 Os4,1659,111,0.1250000000000002,48,0,na,"(3, 40, 76)",0.21052979,0.0001242761356664,0.14311598464645184,True
1388_5,mp-865879,Li8 Ag4 Au4,1388,210,0.0625,64,0,na,"(3, 47, 79)",0.21042913,0.000124232154969,0.04752662909946201,True
1616_4,mp-639659,In1 Cu1 Pt2,1616,211,0.1250000000000001,64,0,na,"(29, 49, 78)",0.21002877,0.0001240111985033,0.08457826807717451,True
1424_66,mp-1078362,Ca8 Al4 Pt8,1424,112,0.2499999999999999,80,0,na,"(13, 20, 78)",0.20935398,0.0001237770861312,0.06863110843004153,True
1084_6,mp-1205741,Ti3 Mn3 As3,1084,221,0.1690772578438615,72,0,na,"(22, 25, 33)",0.2090685,0.0001236236025612,,False
2334_3,mp-16524,Sc4 Al4 Pd8,2334,110,0.2499999999999999,48,0,na,"(13, 21, 46)",0.20899463,0.0001235952020202,0.07503012941041232,True
1690_1,mp-864770,Ta8 Mo4 Os4,1690,111,0.3750000000000002,48,0,na,"(42, 73, 76)",0.2088461,0.0001235226311834,0.20163670213838916,True
1611_4,mp-1070247,Ba2 Ge6 Rh2,1611,221,0.0223964340339168,80,0,na,"(32, 45, 56)",0.20874214,0.0001234763958694,0.05855889462799123,True
1733_5,mp-20730,Hf4 Co8 Sn4,1733,210,0.0625,64,0,na,"(27, 50, 72)",0.208726,0.0001234820957644,,False
2409_5,mp-16349,Li4 Ni8 Ge4,2409,210,0.0625,64,0,na,"(3, 28, 32)",0.20860565,0.0001234261377413,0.08677991413702536,True
1935_38,mp-1078231,Sr8 Ga16 Rh16,1935,012,0.0625000000000001,80,0,na,"(31, 38, 45)",0.20859875,0.000123437290592,0.0847515631733358,True
1990_5,mp-972879,Sc8 Ru4 Au4,1990,210,0.0624999999999999,64,0,na,"(21, 44, 79)",0.20852643,0.0001234097289481,0.10001684916693597,True
1131_0,mp-1185421,Li4 Zn4 Ni8,1131,111,0.125,64,0,na,"(3, 28, 30)",0.20837606,0.0001233359581079,0.12280990452426467,True
2363_0,mp-1217093,Ti8 Nb4 Al4,2363,111,0.0,48,0,na,"(13, 22, 41)",0.20739211,0.000122768708549,0.1380699640882135,True
1665_6,mp-977357,Ta8 Re4 Ru4,1665,100,0.125,32,0,na,"(44, 73, 75)",0.20729458,0.0001227260411962,0.19915737518590948,True
1175_77,mp-1223908,Hf4 Ga6 Cu2,1175,12-1,0.1754979964400744,72,0,na,"(29, 31, 72)",0.20714907,0.0001226549468625,0.10616992316125562,True
974_15,mp-1228701,Al8 Ge4 W6,974,110,0.5810512373370892,54,0,na,"(13, 32, 74)",0.2071349,0.0001226616017221,0.15477705071430486,True
2582_0,mp-865561,Y8 Ag4 Ru4,2582,111,0.125,48,0,na,"(39, 44, 47)",0.20701641,0.0001226064731591,0.09591376710064003,True
2062_1,mp-861909,Cd4 Ga4 Rh8,2062,111,0.3750000000000002,48,0,na,"(31, 45, 48)",0.20688806,0.0001225454821183,0.1009920305996837,True
1976_1,mp-977440,Li4 Ti4 Pt8,1976,111,0.375,48,0,na,"(3, 22, 78)",0.20650673,0.0001223346014351,0.08638769164813238,True
998_1,mp-867915,Sc4 Ga4 Co8,998,111,0.3750000000000002,48,0,na,"(21, 27, 31)",0.20648034,0.0001223339336702,0.1526882286014492,True
1192_3,mp-1224791,Ga1 Ni2 Pt1,1192,211,0.1250000000000001,64,0,na,"(28, 31, 78)",0.20647964,0.000122348486311,0.10619257144550073,True
1154_3,mp-865179,Hf8 Fe4 Os4,1154,110,0.25,48,0,na,"(26, 72, 76)",0.20647156,0.0001223586689451,0.14536682865360837,True
1470_0,mp-1187922,Zn4 In4 Rh8,1470,111,0.1250000000000002,48,0,na,"(30, 45, 49)",0.20626615,0.0001222518979547,0.11052530509813642,True
2506_0,mp-865231,Li4 Sc4 Tl8,2506,111,0.1249999999999997,48,0,na,"(3, 21, 81)",0.20614202,0.0001221932656955,0.05235003165058473,True
2311_16,mp-10049,Mn3 As3 Ru3,2311,212,0.2121262611568697,72,0,na,"(25, 33, 44)",0.20606089,0.0001221601020131,0.08334876190936703,True
2162_4,mp-644280,Ga1 Cu1 Pt2,2162,211,0.1250000000000001,64,0,na,"(29, 31, 78)",0.20602527,0.0001221539075652,0.09628688162385478,True
2240_38,mp-9177,Y4 Al6 Si4,2240,201,0.2500000000000001,56,0,na,"(13, 14, 39)",0.2057985,0.0001221457280124,0.07879658078956224,True
2416_48,mp-1206500,Sc6 Mn1 Te2,2416,102,0.0578439829910136,54,0,na,"(21, 25, 52)",0.20567514,0.0001220874237212,0.07850233595422001,True
1267_1,mp-5538,Y4 Sn4 Pd8,1267,111,0.375,48,0,na,"(39, 46, 50)",0.20559114,0.000122052462939,0.07362621249234544,True
1493_0,mp-1183037,Zr4 Zn4 Au8,1493,111,0.125,48,0,na,"(30, 40, 79)",0.20535807,0.0001219289789443,0.08652461118146325,True
1672_1,mp-865032,Mn8 Pt4 Rh4,1672,111,0.375,48,0,na,"(25, 45, 78)",0.20526345,0.0001218876610517,0.12457829865451628,True
1878_3,mp-31442,Li8 In4 Rh4,1878,111,0.875,48,0,na,"(3, 45, 49)",0.20483546,0.0001216483433836,0.10875754004978208,True
1858_4,mp-1206280,Li3 Y1 Sb2,1858,221,0.1494865279484082,60,0,na,"(3, 39, 51)",0.2046834,0.0001215728266335,0.05031182652818604,True
1407_1,mp-1219310,Sc4 Ga4 Ni4,1407,111,0.4999999999999999,48,0,na,"(21, 28, 31)",0.20440665,0.0001217390575007,0.11049480061596849,True
1995_9,mp-13570,Mg2 Sc4 Ga4,1995,212,0.1371175073293606,80,0,na,"(12, 21, 31)",0.20432073,0.0001217027018509,0.08473234179405074,True
1858_5,mp-1206280,Li3 Y1 Sb2,1858,221,0.2122524580676811,60,0,na,"(3, 39, 51)",0.20425825,0.0001216802947473,0.04557436471397632,True
1362_5,mp-7829,Mn3 Nb3 Si3,1362,221,0.0363216910043888,72,0,na,"(14, 25, 41)",0.20421788,0.0001216710505852,,False
1233_5,mp-20744,Zr4 In4 Ni8,1233,210,0.0625,64,0,na,"(28, 40, 49)",0.20410456,0.0001216183330484,0.10911398416437273,True
1233_3,mp-20744,Zr4 In4 Ni8,1233,110,0.25,48,0,na,"(28, 40, 49)",0.20410454,0.0001216331139477,0.09171090748916895,True
2338_9,mp-1018062,Fe2 Sn2 Rh4,2338,201,0.0625,48,0,na,"(26, 45, 50)",0.2039942,0.0001215821468545,0.10811075847360647,True
1841_0,mp-864835,Hf8 Co4 Ir4,1841,111,0.125,48,0,na,"(27, 72, 77)",0.20398343,0.0001215905110852,0.12944759854240281,True
1504_0,mp-865569,Ti8 Mn4 Ir4,1504,111,0.125,48,0,na,"(22, 25, 77)",0.20380841,0.0001215009584687,0.16170246030662128,True
1923_8,mp-1071862,Y2 Al2 Zn2,1923,210,0.0833333333333333,48,0,na,"(13, 30, 39)",0.20378686,0.0001215028740911,0.09263383788933327,True
2436_3,mp-12580,Li8 Cd4 Sn4,2436,110,0.25,48,0,na,"(3, 48, 50)",0.20368673,0.0001214579315434,0.032595144129086075,True
2420_5,mp-865926,Cd8 Pd4 Rh4,2420,210,0.0624999999999999,64,0,na,"(45, 46, 48)",0.20343477,0.0001213517401444,0.0823070544157843,True
2410_5,mp-10898,Sc4 Al4 Ni8,2410,210,0.0624999999999999,64,0,na,"(13, 21, 28)",0.2034233,0.0001213596253276,0.11248868029953793,True
2240_79,mp-9177,Y4 Al6 Si4,2240,010,0.25,42,0,na,"(13, 14, 39)",0.2033673,0.0001213409423665,0.0772223991649544,True
1759_3,mp-11444,Y4 Ga8 Ni4,1759,111,0.4999999999999999,64,0,na,"(28, 31, 39)",0.20330885,0.0001213207888231,0.09170237696819479,True
2485_9,mp-1216081,Y2 Ga3 Cu1,2485,221,0.4343687009819188,60,0,na,"(29, 31, 39)",0.20327413,0.0001213147883123,0.0856824103825238,True
2382_3,mp-865529,Ti8 Ni4 Ir4,2382,110,0.25,48,0,na,"(22, 28, 77)",0.20321442,0.0001212938678929,0.10617946578543713,True
2486_16,mp-1080526,Zr6 Ga2 Fe1,2486,212,0.2076752046303813,72,0,na,"(26, 31, 40)",0.20318177,0.0001212890915053,0.10887464065931336,True
1231_5,mp-7473,Li4 Cu8 Si4,1231,210,0.0625,64,0,na,"(3, 14, 29)",0.20313151,0.0001212990060496,0.07639260998719086,True
1712_23,mp-1219656,Rb2 Si8 Pt8,1712,210,0.0326275985585304,72,0,na,"(14, 37, 78)",0.20304364,0.0001212612437693,0.06160887529507609,True
1774_3,mp-861877,Cd4 Sn4 Rh8,1774,110,0.2499999999999999,48,0,na,"(45, 48, 50)",0.20300294,0.000121251640136,0.058351629446794194,True
2346_1,mp-31187,Ti4 Al4 Fe8,2346,111,0.3750000000000002,48,0,na,"(13, 22, 26)",0.2027415,0.0001211101694269,0.15821381549434513,True
2194_11,mp-31438,Y4 Zr4 Sb4,2194,210,0.125,72,0,na,"(39, 40, 51)",0.20272629,0.0001211157518925,0.0813917686838352,True
1504_1,mp-865569,Ti8 Mn4 Ir4,1504,111,0.375,48,0,na,"(22, 25, 77)",0.2026463,0.0001210826280919,0.18671928296770104,True
996_3,mp-867828,Be4 Nb4 Ru8,996,110,0.25,48,0,na,"(4, 41, 44)",0.2023107,0.0001210716880103,0.14626451091312334,True
972_3,mp-20840,Mn4 Co8 Sn4,972,110,0.25,48,0,na,"(25, 27, 50)",0.20229992,0.000121079896128,0.10650417651461958,True
1168_0,mp-20363,Li4 Ga8 Pt4,1168,111,0.125,48,0,na,"(3, 31, 78)",0.20212802,0.0001209916607518,0.07624417171067555,True
1284_27,mp-1079845,Mn3 Ni3 As3,1284,210,0.1065878077806799,54,0,na,"(25, 28, 33)",0.2021089,0.0001209948550937,0.08088901715443501,True
934_12,mp-9769,Ba4 As8 Pt4,934,110,0.5,48,0,na,"(33, 56, 78)",0.20201905,0.0001209557003585,0.03684130755989581,True
1611_5,mp-1070247,Ba2 Ge6 Rh2,1611,221,0.083168063161338,80,0,na,"(32, 45, 56)",0.20181206,0.000121166454381,0.05801399146080088,True
1123_0,mp-977561,Li4 Ta4 Ir8,1123,111,0.125,48,0,na,"(3, 73, 77)",0.20179646,0.0001211717702112,0.18491684895247512,True
1168_5,mp-20363,Li4 Ga8 Pt4,1168,210,0.0625,64,0,na,"(3, 31, 78)",0.20167626,0.0001211142699136,0.058006080751521104,True
1923_1,mp-1071862,Y2 Al2 Zn2,1923,221,0.0625,60,0,na,"(13, 30, 39)",0.20155199,0.0001210543024524,0.0881744755129843,True
1557_1,mp-1187461,Ti8 V4 Os4,1557,111,0.375,48,0,na,"(22, 23, 76)",0.201324,0.0001209320085355,,False
1901_0,mp-865933,Li4 Si4 Ir8,1901,111,0.125,48,0,na,"(3, 14, 77)",0.20101301,0.0001207743942247,0.136699918250088,True
2512_2,mp-867799,Ca8 Bi4 Au4,2512,221,0.0625000000000002,64,0,na,"(20, 79, 83)",0.20098107,0.0001207697896528,0.03914944007622807,True
1605_2,mp-1079890,Al8 Cu4 Ir4,1605,111,0.3360310357350115,48,0,na,"(13, 29, 77)",0.20073992,0.0001206394519015,0.12591410766882238,True
2524_9,mp-1228015,Al3 Si3 Mo3,2524,212,0.3767284945530731,72,0,na,"(13, 14, 42)",0.20068535,0.0001206212084324,0.13929324656055286,True
2009_4,mp-12550,Al1 Cu1 Pt2,2009,211,0.125,64,0,na,"(13, 29, 78)",0.20062613,0.0001206001614014,0.11162966614963041,True
1759_9,mp-11444,Y4 Ga8 Ni4,1759,110,0.0,48,0,na,"(28, 31, 39)",0.2001706,0.0001203408468281,0.09554168192942418,True
2168_5,mp-27388,Ba4 Si8 Ni8,2168,111,0.5,60,0,na,"(14, 28, 56)",0.19992697,0.0001202088445971,0.0792407289813411,True
2221_60,mp-13445,Rb8 As8 Pt4,2221,012,0.0260596212548005,80,0,na,"(33, 37, 78)",0.1999219,0.0001202202477268,,False
2350_7,mp-30847,Ti4 Sn4 Pt4,2350,210,0.0625,48,0,na,"(22, 50, 78)",0.19986685,0.0001202015948422,0.11162496905291097,True
1136_24,mp-1224324,Hf6 Al9 Ag3,1136,10-2,0.123441851682254,54,0,na,"(13, 47, 72)",0.19968103,0.0001201042778662,0.111600144657001,True
1567_3,mp-862669,Be4 Fe8 Si4,1567,110,0.25,48,0,na,"(4, 14, 26)",0.19953455,0.0001202322463007,0.14635485518666022,True
1818_2,mp-867849,Ca8 Tl4 Cd4,1818,221,0.0625000000000003,64,0,na,"(20, 48, 81)",0.19926533,0.000120084462167,0.04320526912325462,True
2599_18,mp-1215412,Zr2 Zn3 Ga3,2599,112,0.0,40,0,na,"(30, 31, 40)",0.19879402,0.0001198148216905,0.08771801525411699,True
1384_25,mp-1224317,Hf2 Si1 As3,1384,201,0.4339248371722899,36,0,na,"(14, 33, 72)",0.1987144,0.0001197811856107,0.0894486951716076,True
1047_3,mp-867837,Be4 Cr4 Ru8,1047,110,0.25,48,0,na,"(4, 24, 44)",0.1986549,0.0001197596651196,0.1698569909370277,True
2526_1,mp-866117,Hf4 Zn4 Au8,2526,111,0.3750000000000002,48,0,na,"(30, 72, 79)",0.19854575,0.0001197081999491,0.08918903234875274,True
1384_3,mp-1224317,Hf2 Si1 As3,1384,221,0.0660751628277102,48,0,na,"(14, 33, 72)",0.19842722,0.0001196510584595,0.07387539945220235,True
956_3,mp-866033,Al4 Zn4 Rh8,956,110,0.25,48,0,na,"(13, 30, 45)",0.19838499,0.0001196399089294,0.11575404206980534,True
1986_9,mp-1068300,Ca2 Fe4 As4,1986,210,0.125,60,0,na,"(20, 26, 33)",0.19826959,0.0001195846218185,0.0710236155790258,True
1880_15,mp-4404,Sr2 As4 Ru4,1880,201,0.0980213672277132,60,0,na,"(33, 38, 44)",0.19815423,0.0001195293372834,0.09613274492244203,True
934_53,mp-9769,Ba4 As8 Pt4,934,021,0.5,48,0,na,"(33, 56, 78)",0.19794,0.0001194143843444,0.045350694844418366,True
2450_22,mp-1225227,Fe9 Co9 Si6,2450,101,0.1884217462057007,72,0,na,"(14, 26, 27)",0.19783725,0.0001193666508271,0.15590719990100352,True
2311_43,mp-10049,Mn3 As3 Ru3,2311,2-12,0.351055187201043,72,0,na,"(25, 33, 44)",0.19771463,0.0001194434078895,0.08737278264366836,True
1036_3,mp-865026,Mn8 V4 Si4,1036,110,0.25,48,0,na,"(14, 23, 25)",0.19770044,0.0001194491028313,0.15896351852814114,True
1292_12,mp-1079785,Y4 Cd2 Ge4,1292,211,0.0750352763394568,80,0,na,"(32, 39, 48)",0.19768658,0.000119454997517,0.07161766751365656,True
974_13,mp-1228701,Al8 Ge4 W6,974,110,0.2419814200821549,54,0,na,"(13, 32, 74)",0.19724753,0.0001192039346604,0.14059439595259882,True
1800_3,mp-865125,Mg4 Ga4 Rh8,1800,110,0.25,48,0,na,"(12, 31, 45)",0.19713195,0.0001191482883616,0.10093491220097198,True
1173_13,mp-567749,Y2 Si4 Os4,1173,201,0.0318793789732808,60,0,na,"(14, 39, 76)",0.19710541,0.0001191464434465,0.15106785908121004,True
2176_16,mp-1215639,Zr4 Ga6 Cu2,2176,22-1,0.3952108431535062,72,0,na,"(29, 31, 40)",0.19691166,0.0001190435088948,0.10934978620045803,True
1173_14,mp-567749,Y2 Si4 Os4,1173,201,0.0943793789732808,60,0,na,"(14, 39, 76)",0.19673076,0.0001189483053045,0.15679949248164388,True
1344_0,mp-9437,Nb4 Fe4 Sb4,1344,111,0.25,36,0,na,"(26, 41, 51)",0.1966504,0.0001189138622543,0.11822919865485623,True
955_48,mp-1079075,Y4 Ga8 Pd4,955,021,0.25,64,0,na,"(31, 39, 46)",0.19664977,0.0001189276234384,0.08002366298219724,True
908_1,mp-862699,Sc4 Ta4 Os8,908,111,0.3750000000000002,48,0,na,"(21, 73, 76)",0.19660063,0.0001189120470322,0.19558937498688697,True
1034_1,mp-1227279,Be16 Al4 Ni4,1034,111,0.1857132801292136,72,0,na,"(4, 13, 28)",0.19612923,0.0001186410330118,0.17312399686956972,True
1385_1,mp-977401,Nb4 Ga4 Ru8,1385,111,0.375,48,0,na,"(31, 41, 44)",0.19581434,0.0001184646068617,0.17326681837766,True
1493_3,mp-1183037,Zr4 Zn4 Au8,1493,110,0.25,48,0,na,"(30, 40, 79)",0.19558732,0.0001184625205096,0.07536284659829365,True
1533_6,mp-865901,Be4 Co8 Si4,1533,100,0.125,32,0,na,"(4, 14, 27)",0.19550215,0.0001184249640153,0.1963432185798348,True
1269_2,mp-3676,Mg4 Cu16 Sn4,1269,111,0.4372650219796199,72,0,na,"(12, 29, 50)",0.19548854,0.0001184307449468,0.0727525969029412,True
2416_46,mp-1206500,Sc6 Mn1 Te2,2416,2-12,0.3459010540769227,54,0,na,"(21, 25, 52)",0.19531313,0.0001183384930863,0.08071710265747836,True
1318_3,mp-864909,Hf4 Al4 Ru8,1318,110,0.25,48,0,na,"(13, 44, 72)",0.19520646,0.0001182878606866,0.1313876898020176,True
1690_3,mp-864770,Ta8 Mo4 Os4,1690,110,0.25,48,0,na,"(42, 73, 76)",0.19494542,0.0001181436551073,0.1820586914002768,True
2129_2,mp-9247,Ba2 Cu4 As4,2129,221,0.0348943320968579,80,0,na,"(29, 33, 56)",0.19494279,0.0001181560206207,,False
2571_5,mp-864930,Li4 Ti4 Ir8,2571,210,0.0625,64,0,na,"(3, 22, 77)",0.19471449,0.0001180315927338,0.14593659709676257,True
1776_3,mp-1206348,Cs2 As4 Ir4,1776,221,0.1015882411564277,80,0,na,"(33, 55, 77)",0.19469903,0.0001180361532208,,False
1157_3,mp-567097,Li4 Cu8 Ge4,1157,110,0.25,48,0,na,"(3, 29, 32)",0.19457656,0.0001179758312807,0.05488022593016311,True
1103_0,mp-21029,Li8 In4 Pd4,1103,111,0.1250000000000002,48,0,na,"(3, 46, 49)",0.19436036,0.0001178586491784,0.062270776034269296,True
2442_21,mp-1219661,Rb2 Ge8 Pt8,2442,210,0.033417205547595,72,0,na,"(32, 37, 78)",0.19433235,0.0001178555544231,0.0482204934244288,True
1769_5,mp-862623,Sc4 Sn4 Rh8,1769,210,0.0625,64,0,na,"(21, 45, 50)",0.19432496,0.0001178649636956,0.09151660491886733,True
2485_7,mp-1216081,Y2 Ga3 Cu1,2485,221,0.1965367539202258,60,0,na,"(29, 31, 39)",0.19423483,0.0001178241840048,0.08623576033573709,True
1066_5,mp-867235,Li4 Y8 Ir4,1066,210,0.0625,64,0,na,"(3, 39, 77)",0.1941782,0.0001178037119835,0.07179774570143048,True
1635_1,mp-977399,Li4 Mg4 Pd8,1635,111,0.3750000000000002,48,0,na,"(3, 12, 46)",0.19409537,0.000117767334244,0.07640289361342938,True
2208_1,mp-867926,Li4 In4 Pd8,2208,111,0.3750000000000002,48,0,na,"(3, 46, 49)",0.19406202,0.0001177609675322,0.08532403853757813,True
1700_3,mp-30821,Li4 Al8 Rh4,1700,110,0.25,48,0,na,"(3, 13, 45)",0.19385886,0.0001176515404758,0.08012202553519737,True
1173_17,mp-567749,Y2 Si4 Os4,1173,112,0.5,40,0,na,"(14, 39, 76)",0.19373503,0.0001175902236151,0.12529713295658634,True
1986_5,mp-1068300,Ca2 Fe4 As4,1986,212,0.0631332008815094,60,0,na,"(20, 26, 33)",0.19370118,0.0001175835045482,0.06618067831134634,True
1311_5,mp-867197,Li4 Ga4 Ni8,1311,210,0.0625,64,0,na,"(3, 28, 31)",0.19368413,0.0001175869808812,0.09499966662672045,True
2024_3,mp-867927,Li4 V4 Ir8,2024,110,0.25,48,0,na,"(3, 23, 77)",0.19363146,0.0001175688291219,0.1544117240100462,True
1699_1,mp-865792,Be4 Si4 Ni8,1699,111,0.375,64,0,na,"(4, 14, 28)",0.19360058,0.0001175639013049,0.11489077783495624,True
1344_1,mp-9437,Nb4 Fe4 Sb4,1344,111,0.625,36,0,na,"(26, 41, 51)",0.19356556,0.0001175564558147,0.1644501011670919,True
1161_48,mp-1078709,Na8 Bi4 Au4,1161,012,0.125,64,0,na,"(11, 79, 83)",0.1934127,0.0001174774309362,0.031925795986387125,True
1089_3,mp-13322,Li4 Ge4 Rh8,1089,110,0.2499999999999999,48,0,na,"(3, 32, 45)",0.1932596,0.0001173982307811,0.10038080275932382,True
1610_56,mp-1078304,Ca8 Al4 Pd8,1610,12-1,0.1003112083215835,80,0,na,"(13, 20, 46)",0.19313861,0.0001173385090569,0.06739625967614549,True
1947_5,mp-867924,Li4 Cd4 Pd8,1947,210,0.0625,64,0,na,"(3, 46, 48)",0.19295262,0.0001172392702614,0.06796945877485171,True
1344_5,mp-9437,Nb4 Fe4 Sb4,1344,110,0.25,36,0,na,"(26, 41, 51)",0.19272426,0.0001173483597799,0.12095280106913125,True
2168_52,mp-27388,Ba4 Si8 Ni8,2168,021,0.0856108923223823,80,0,na,"(14, 28, 56)",0.19258682,0.0001172784360244,0.08734171378877205,True
1679_0,mp-867114,Ta4 Be4 Ru8,1679,111,0.125,48,0,na,"(4, 44, 73)",0.19248892,0.0001172325673031,0.18785697519628305,True
1784_9,mp-5288,Y2 Fe4 Si4,1784,210,0.1249999999999999,60,0,na,"(14, 26, 39)",0.19247255,0.0001172363413108,0.14106439265962958,True
1111_35,mp-30050,Ba8 Ge16 Ru16,1111,011,0.25,80,0,na,"(32, 44, 56)",0.1924474,0.0001172347664496,0.07827714843069053,True
1845_5,mp-31451,Zr4 Co4 Bi4,1845,110,0.25,36,0,na,"(27, 40, 83)",0.1923227,0.0001174227677746,0.08897195224191891,True
2058_0,mp-30818,Li8 Al4 Pt4,2058,111,0.125,48,0,na,"(3, 13, 78)",0.19213659,0.0001173229145568,0.12150701719345484,True
1151_3,mp-864650,Ta8 Os4 W4,1151,110,0.25,48,0,na,"(73, 74, 76)",0.1919917,0.0001172481973709,0.18576150029228575,True
1635_0,mp-977399,Li4 Mg4 Pd8,1635,111,0.1250000000000002,48,0,na,"(3, 12, 46)",0.19196777,0.0001172473304993,0.08982025940196615,True
2269_40,mp-1079831,Hf3 Re3 Si3,2269,2-12,0.0640476019777096,72,0,na,"(14, 72, 75)",0.19182123,0.0001171715669463,0.18799798347625224,True
1917_3,mp-865523,Ti4 Mn4 Rh8,1917,110,0.25,48,0,na,"(22, 25, 45)",0.19160682,0.0001170543127527,0.1198030969792688,True
1840_7,mp-1077722,Sc4 Zn4 Pt4,1840,110,0.5,36,0,na,"(21, 30, 78)",0.19160673,0.0001170679610807,0.09712064409512046,True
1218_6,mp-862622,Be4 Ru8 W4,1218,100,0.125,32,0,na,"(4, 44, 74)",0.19156568,0.0001170565839099,0.20564243542251776,True
2129_3,mp-9247,Ba2 Cu4 As4,2129,221,0.0973943320968578,80,0,na,"(29, 33, 56)",0.19150059,0.0001170305097296,,False
1607_0,mp-1186206,Nb8 Mo4 Ru4,1607,111,0.1250000000000002,48,0,na,"(41, 42, 44)",0.19145076,0.0001170137516249,0.17428738503041258,True
2010_5,mp-11400,Sc4 Ga4 Ni8,2010,210,0.0625,64,0,na,"(21, 28, 31)",0.19144118,0.0001170215895118,0.1039777662925301,True
2332_4,mp-5129,Y2 Co4 Si4,2332,110,0.25,40,0,na,"(14, 27, 39)",0.19135047,0.0001169798306888,0.14305736626594748,True
2151_3,mp-867216,Ta4 Fe4 Ru8,2151,110,0.25,48,0,na,"(26, 44, 73)",0.19134931,0.0001169928073354,0.15371375600666234,True
1128_39,mp-1219797,Ni12 Sn2 Te4,1128,112,0.1568248976497621,72,0,na,"(28, 50, 52)",0.19120799,0.0001169200817377,,False
2513_14,mp-1217891,Ta1 Ti1 Al6,2513,112,0.4977516134560462,40,0,na,"(13, 22, 73)",0.19117978,0.0001169165017413,0.099859023502674,True
1811_3,mp-865041,Hf4 Sc4 Rh8,1811,110,0.25,48,0,na,"(21, 45, 72)",0.1911772,0.0001169285948178,0.09006773296731754,True
1588_0,mp-5149,Nb4 Al4 Co8,1588,111,0.125,48,0,na,"(13, 27, 41)",0.19115132,0.0001169264380285,0.15391238133899865,True
1109_53,mp-1217124,Ti6 Co9 Sn6,1109,10-2,0.6223610465387378,63,0,na,"(22, 27, 50)",0.19107533,0.0001168936232283,0.1079276919928973,True
1472_12,mp-1018066,Cr2 Sn2 Rh4,1472,102,0.1249999999999997,32,0,na,"(24, 45, 50)",0.19081306,0.0001172593370258,0.10647277115619745,True
2090_10,mp-568280,Ba2 Ni4 As4,2090,210,0.125,60,0,na,"(28, 33, 56)",0.19077304,0.0001172484922281,0.0589207789165761,True
1089_0,mp-13322,Li4 Ge4 Rh8,1089,111,0.1250000000000002,48,0,na,"(3, 32, 45)",0.19065931,0.0001172167116896,0.10520836781885877,True
1319_43,mp-1087487,Hf6 Ga2 Fe1,1319,2-12,0.2759149895600625,72,0,na,"(26, 31, 72)",0.19052516,0.000117147968414,0.11954409453088341,True
2614_5,mp-1091395,Zr3 Ge3 Os3,2614,221,0.0467415868175681,72,0,na,"(32, 40, 76)",0.19052476,0.0001171614476921,,False
2221_25,mp-13445,Rb8 As8 Pt4,2221,201,0.0276795799790009,80,0,na,"(33, 37, 78)",0.19042227,0.0001171121434381,,False
1581_12,mp-1079513,K8 As8 Pt4,1581,110,0.5,40,0,na,"(19, 33, 78)",0.1903104,0.0001170570507524,0.01288653331456123,True
1712_25,mp-1219656,Rb2 Si8 Pt8,1712,210,0.1249999999999999,72,0,na,"(14, 37, 78)",0.19016063,0.0001169786226616,0.06272396466237731,True
1995_27,mp-13570,Mg2 Sc4 Ga4,1995,112,0.1005329023362548,60,0,na,"(12, 21, 31)",0.1898917,0.0001171845518607,0.08936555791494487,True
1118_0,mp-1188059,Zr4 Ga4 Ru8,1118,111,0.1249999999999997,48,0,na,"(31, 40, 44)",0.18962166,0.0001173388956827,0.14391386349565666,True
2517_3,mp-1215442,Zr6 Al9 Zn3,2517,110,0.25,72,0,na,"(13, 30, 40)",0.1895574,0.0001173128966173,0.10714755793349669,True
2375_3,mp-862369,Sc8 Ir4 Ru4,2375,110,0.25,48,0,na,"(21, 44, 77)",0.18953554,0.0001173131302883,0.12262181097760688,True
1525_3,mp-1206242,Y1 In5 Rh1,1525,221,0.20024448884703,56,0,na,"(39, 45, 49)",0.18938339,0.0001172327098954,0.0587171420559335,True
1630_2,mp-3241,Sr2 Cu4 Ge4,1630,221,0.0316465742191187,80,0,na,"(29, 32, 38)",0.18928649,0.0001171864646353,,False
1899_0,mp-1186001,Mn4 Zn4 Pd8,1899,111,0.125,48,0,na,"(25, 30, 46)",0.18923803,0.0001171701940152,0.09212062202895113,True
2199_3,mp-13240,Sc4 In4 Cu16,2199,111,0.812589931987599,72,0,na,"(21, 29, 49)",0.18919751,0.0001171588328379,0.09257694552789306,True
2565_0,mp-31168,Li8 Al4 Ag4,2565,111,0.125,48,0,na,"(3, 13, 47)",0.18906316,0.0001170893558778,0.08562182194582686,True
1288_1,mp-861961,Ti4 Zn4 Rh8,1288,111,0.375,48,0,na,"(22, 30, 45)",0.18898441,0.0001170542907559,0.1464497605797738,True
1229_29,mp-10381,K8 Cu4 Sb4,1229,112,0.0,64,0,na,"(19, 29, 51)",0.18887217,0.0001169984660479,,False
2456_76,mp-1078483,Ca8 Ge4 Pt8,2456,021,0.1703964793817913,80,0,na,"(20, 32, 78)",0.18884039,0.0001169924675969,0.0702557488133575,True
1542_1,mp-866166,Y8 Pd4 Ru4,1542,111,0.375,48,0,na,"(39, 44, 46)",0.18874873,0.000116949363584,0.08522787140723433,True
1568_3,mp-1188066,Zr4 In4 Co8,1568,110,0.2499999999999999,48,0,na,"(27, 40, 49)",0.18872581,0.0001169488393653,0.10144859033289794,True
2278_2,mp-4022,Zr8 Co4 Si8,2278,111,0.2518925206824676,80,0,na,"(14, 27, 40)",0.18871136,0.0001169535626317,0.139621077245297,True
1564_2,mp-866292,Ba8 Tl4 Cd4,1564,221,0.0625,64,0,na,"(48, 56, 81)",0.18866405,0.0001169379186413,0.029197087875571754,True
1543_3,mp-977410,Nb4 Ga4 Fe8,1543,110,0.25,48,0,na,"(26, 31, 41)",0.18865342,0.0001169450052508,0.14427152234648438,True
1813_0,mp-3944,Zr4 Al4 Ni8,1813,111,0.1250000000000002,48,0,na,"(13, 28, 40)",0.18862234,0.0001169394144451,0.12969997111507361,True
1268_3,mp-1186767,Ta8 Nb4 Re4,1268,110,0.25,48,0,na,"(41, 73, 75)",0.1885333,0.0001177308094727,0.1616011488156227,True
1695_16,mp-30563,Zr3 Co3 Sn3,1695,212,0.4166666666666667,72,0,na,"(27, 40, 50)",0.18829261,0.0001177423232731,,False
2058_2,mp-30818,Li8 Al4 Pt4,2058,111,0.6249999999999999,48,0,na,"(3, 13, 78)",0.1881233,0.0001176503034937,0.053278679977669496,True
1463_1,mp-866188,Tl4 Cd4 Rh8,1463,111,0.375,48,0,na,"(45, 48, 81)",0.18805945,0.0001176242109095,0.08432854007643348,True
1419_5,mp-864844,Zn8 Rh4 Au4,1419,210,0.0625,64,0,na,"(30, 45, 79)",0.18805403,0.0001176346575843,0.0735755389964023,True
1917_5,mp-865523,Ti4 Mn4 Rh8,1917,210,0.0625,64,0,na,"(22, 25, 45)",0.18799444,0.0001176112170202,0.1343139887073686,True
1394_3,mp-5031,Ta2 Si2 As2,1394,221,0.063542482311,60,0,na,"(14, 33, 73)",0.1879496,0.0001175969953898,0.10338894536414996,True
1985_15,mp-567856,Mn3 As3 Rh3,1985,212,0.1978183551620259,72,0,na,"(25, 33, 45)",0.18772283,0.0001174689230965,,False
2544_4,mp-569344,Zr2 Co4 Si4,2544,110,0.25,40,0,na,"(14, 27, 40)",0.1875863,0.0001173972789902,0.16448183105671832,True
1805_3,mp-867270,Be8 Co4 Pt4,1805,110,0.25,48,0,na,"(4, 27, 78)",0.18754907,0.0001173877603142,0.15228602274525907,True
1497_30,mp-3618,Sc8 Fe4 Si8,1497,210,0.25,80,0,na,"(14, 21, 26)",0.18748792,0.0001173632632799,0.11798321233041455,True
1984_0,mp-862371,Sc8 Ru4 Pt4,1984,111,0.125,48,0,na,"(21, 44, 78)",0.1873378,0.0001172830562247,0.12466016359959299,True
1463_5,mp-866188,Tl4 Cd4 Rh8,1463,210,0.0625,64,0,na,"(45, 48, 81)",0.18726256,0.0001172497035353,0.08151991437263797,True
2318_1,mp-31147,Ba2 Zn2 Si2,2318,221,0.0625,60,0,na,"(14, 30, 56)",0.18722326,0.0001172388430564,0.04734433300228848,True
1626_32,mp-1224823,Ga2 Ge2 Pt12,1626,112,0.3478690285495087,64,0,na,"(31, 32, 78)",0.187201,0.000117238648811,,False
1660_3,mp-5176,Y2 Si4 Ni4,1660,221,0.0943064197248997,80,0,na,"(14, 28, 39)",0.18718258,0.00011724085805,0.11972331914987559,True
1149_3,mp-4536,Sc4 Ni8 Sn4,1149,110,0.25,48,0,na,"(21, 28, 50)",0.18706968,0.0001171838824475,0.07791459701036177,True
2459_8,mp-1080033,Si3 Ni3 Pd3,2459,221,0.421367809720423,72,0,na,"(14, 28, 46)",0.1870624,0.000117193055259,0.1128429229131161,True
1009_4,mp-1070152,Ca2 Co4 Si4,1009,110,0.25,40,0,na,"(14, 20, 27)",0.18703443,0.0001171892660522,0.12587922789818595,True
1148_3,mp-982725,Nb8 Ru4 W4,1148,110,0.25,48,0,na,"(41, 44, 74)",0.18702176,0.0001171950614743,0.16296354863408444,True
1393_45,mp-1079238,Zr3 Re3 Si3,1393,102,0.0636489220841678,72,0,na,"(14, 40, 75)",0.18692559,0.000117148526865,0.17346320869530826,True
1482_51,mp-13513,Sr4 Ni4 Ge8,1482,021,0.3617842428050366,48,0,na,"(28, 32, 38)",0.18687479,0.0001171304115461,0.07288388205796603,True
1788_5,mp-5491,Mn4 Al4 Au8,1788,210,0.0625,64,0,na,"(13, 25, 79)",0.1867375,0.0001170580712227,0.07383688322677778,True
1411_29,mp-1217923,Ta1 Ni6 Mo1,1411,210,0.0010402251418639,48,0,na,"(28, 42, 73)",0.18670942,0.0001170541711592,0.1573415328796966,True
1859_21,mp-1207905,Y8 Ge8 Ru4,1859,11-1,0.5,60,0,na,"(32, 39, 44)",0.18660264,0.0001170009227714,0.09651845954404574,True
2003_0,mp-1187800,Zn8 Cu4 Rh4,2003,111,0.125,48,0,na,"(29, 30, 45)",0.18654858,0.0001169807136936,0.10801923514374241,True
1994_8,mp-9008,Rb2 Te2 Au2,1994,211,0.1136681325268913,72,0,na,"(37, 52, 79)",0.1864013,0.0001169020327685,,False
1850_5,mp-867251,Li4 Zn8 Pt4,1850,210,0.0625,64,0,na,"(3, 30, 78)",0.18639328,0.0001169106701008,0.07162032387534283,True
1570_3,mp-1184586,Hf8 Co4 Os4,1570,110,0.25,48,0,na,"(27, 72, 76)",0.1862129,0.0001168111875891,0.12422553105547146,True
2562_5,mp-1185892,Mg4 Mn4 Pd8,2562,210,0.0625,64,0,na,"(12, 25, 46)",0.18599126,0.0001166857832179,0.08728176217356562,True
2312_4,mp-1065514,Y3 Tl3 Te6,2312,110,0.5,60,0,na,"(39, 52, 81)",0.18571721,0.0001165274489083,0.028351101873577457,True
1497_32,mp-3618,Sc8 Fe4 Si8,1497,21-2,0.213964035720771,80,0,na,"(14, 21, 26)",0.18568164,0.0001165187082956,,False
2567_10,mp-7770,Sr1 Zn2 As2,2567,211,0.0894417117877461,80,0,na,"(30, 33, 38)",0.18560046,0.0001164813385796,0.05598624883455656,True
1726_23,mp-8147,K8 As8 Pd4,1726,201,0.0302038946635612,80,0,na,"(19, 33, 46)",0.18551888,0.0001164572683041,,False
2161_1,mp-867748,Sc4 Sn4 Ru8,2161,111,0.3749999999999998,48,0,na,"(21, 44, 50)",0.18550147,0.0001164599019859,0.12434881025347862,True
2295_1,mp-865076,Na4 Cd8 Pt4,2295,111,0.375,48,0,na,"(11, 48, 78)",0.18539307,0.0001164054038129,0.03313942916255632,True
1162_1,mp-862600,Be8 Pt4 Rh4,1162,111,0.375,64,0,na,"(4, 45, 78)",0.18536852,0.0001164035392535,0.17398734136477542,True
1765_3,mp-1186205,Nb8 Mo4 Os4,1765,110,0.25,48,0,na,"(41, 42, 76)",0.18520813,0.0001163163607976,0.16741468325403178,True
1465_1,mp-1184572,Hf4 Mg4 Pt8,1465,111,0.375,48,0,na,"(12, 72, 78)",0.18467951,0.000116399787715,0.10946122941006509,True
2269_6,mp-1079831,Hf3 Re3 Si3,2269,221,0.3076009222438749,63,0,na,"(14, 72, 75)",0.18462643,0.0001163798790498,0.1810432335362826,True
2420_3,mp-865926,Cd8 Pd4 Rh4,2420,110,0.25,48,0,na,"(45, 46, 48)",0.18440104,0.000116251333036,0.06913551530850585,True
2393_3,mp-865591,Ti8 Ni4 Mo4,2393,110,0.25,48,0,na,"(22, 28, 42)",0.18422094,0.0001161512959363,0.13817957348018087,True
1610_55,mp-1078304,Ca8 Al4 Pd8,1610,12-1,0.0326515512072376,80,0,na,"(13, 20, 46)",0.18404931,0.0001160565633478,0.06040011259838499,True
1394_18,mp-5031,Ta2 Si2 As2,1394,201,0.25,36,0,na,"(14, 33, 73)",0.18400821,0.0001160441144702,0.13116583058196188,True
1781_3,mp-1187245,Ti4 Mo8 W4,1781,110,0.25,48,0,na,"(22, 42, 74)",0.18398887,0.0001160453841527,0.1635218322710412,True
1080_5,mp-1185620,Mg4 V4 Ru8,1080,210,0.0625,64,0,na,"(12, 23, 44)",0.18391624,0.0001160130377666,0.1365411665467532,True
2181_5,mp-865486,V4 Zn4 Ru8,2181,210,0.0624999999999999,64,0,na,"(23, 30, 44)",0.18386228,0.0001159924568251,0.1457306370134526,True
1229_30,mp-10381,K8 Cu4 Sb4,1229,112,0.1059088318449691,64,0,na,"(19, 29, 51)",0.18380496,0.0001159697472032,,False
1100_11,mp-1025370,In1 Si1 Pt5,1100,210,0.125,42,0,na,"(14, 49, 78)",0.18358819,0.0001158464132006,0.10811736745361183,True
2346_5,mp-31187,Ti4 Al4 Fe8,2346,210,0.0625,64,0,na,"(13, 22, 26)",0.1835402,0.0001158295493563,0.15263557547304574,True
1305_6,mp-865678,Ti4 Mn8 V4,1305,100,0.125,32,0,na,"(22, 23, 25)",0.18328708,0.0001156832085415,0.15782903482890087,True
1292_13,mp-1079785,Y4 Cd2 Ge4,1292,211,0.1696163154741395,80,0,na,"(32, 39, 48)",0.18308897,0.0001155715394067,0.06325935220984924,True
895_1,mp-865656,Ti4 Mn8 W4,895,111,0.375,48,0,na,"(22, 25, 74)",0.18297233,0.0001155112623699,0.18881945909825032,True
2205_1,mp-977435,Zr4 Al4 Rh8,2205,111,0.3750000000000002,48,0,na,"(13, 40, 45)",0.18282318,0.0001154304368135,0.11418293850699004,True
1088_9,mp-20533,Sr4 In8 Pt4,1088,110,0.0,48,0,na,"(38, 49, 78)",0.18278433,0.000115419230691,0.05524269057829191,True
1660_5,mp-5176,Y2 Si4 Ni4,1660,212,0.0613871605502005,80,0,na,"(14, 28, 39)",0.18276665,0.0001154213884965,0.12440186948843075,True
1362_17,mp-7829,Mn3 Nb3 Si3,1362,212,0.3138362439155694,72,0,na,"(14, 25, 41)",0.18212831,0.0001150686989603,,False
2311_44,mp-10049,Mn3 As3 Ru3,2311,2-12,0.4521103744020862,72,0,na,"(25, 33, 44)",0.18208742,0.0001150561040071,0.08649139938272833,True
1915_6,mp-867280,Be8 Ir4 Pt4,1915,100,0.125,32,0,na,"(4, 77, 78)",0.18199202,0.0001150090558275,0.154521399703898,True
1610_80,mp-1078304,Ca8 Al4 Pd8,1610,021,0.0935975996639495,80,0,na,"(13, 20, 46)",0.18188652,0.0001149556065027,0.0696936690033204,True
1565_0,mp-862602,Sc4 Al4 Co8,1565,111,0.1250000000000002,48,0,na,"(13, 21, 27)",0.18188573,0.0001149683234616,0.13443189683949197,True
1083_5,mp-1079643,Ta3 Mn3 Ge3,1083,221,0.0384115985663093,72,0,na,"(25, 32, 73)",0.18176492,0.0001149051710091,,False
930_12,mp-1018652,K2 Cd2 Sb2,930,211,0.125,72,0,na,"(19, 48, 51)",0.18173888,0.0001149019122921,0.027586440181200142,True
2255_51,mp-1220426,Nb1 Ni6 Mo1,2255,120,0.3802935639708166,48,0,na,"(28, 41, 42)",0.18171452,0.0001148997132132,0.1482951386166629,True
2075_3,mp-21907,Nb2 Si2 As2,2075,221,0.0633602628724575,60,0,na,"(14, 33, 41)",0.18161511,0.0001148500516208,0.10522788519949286,True
2151_0,mp-867216,Ta4 Fe4 Ru8,2151,111,0.125,48,0,na,"(26, 44, 73)",0.18160439,0.0001148564637609,0.17769511351004072,True
2323_8,mp-1222608,Li8 Sn4 Pd4,2323,210,0.0625,64,0,na,"(3, 46, 50)",0.18151133,0.0001148107943326,0.05827753072161973,True
996_5,mp-867828,Be4 Nb4 Ru8,996,210,0.0625,64,0,na,"(4, 41, 44)",0.1814749,0.0001148009317647,0.1589245215592729,True
1511_6,mp-865966,Be4 Al4 Ir8,1511,100,0.125,32,0,na,"(4, 13, 77)",0.18146743,0.0001148093864709,0.17142547875967246,True
1463_0,mp-866188,Tl4 Cd4 Rh8,1463,111,0.125,48,0,na,"(45, 48, 81)",0.18141253,0.0001147878314912,0.0891097998065455,True
2314_7,mp-12571,Hf2 Be2 Si2,2314,210,0.25,60,0,na,"(4, 14, 72)",0.18137573,0.000114777721569,0.1486990937234693,True
1301_3,mp-867842,Sc4 In4 Rh8,1301,110,0.25,48,0,na,"(21, 45, 49)",0.18126136,0.0001147407371073,0.09030385313864708,True
1170_1,mp-862311,Sc8 Ga4 Ru4,1170,111,0.3750000000000002,48,0,na,"(21, 31, 44)",0.18105663,0.0001146242924996,0.0999170374176772,True
1476_3,mp-636320,Ti4 Ga4 Fe8,1476,110,0.25,48,0,na,"(22, 26, 31)",0.18103297,0.0001146224522186,0.12841731846008209,True
2538_13,mp-1216057,Y6 Ni3 Ru9,2538,101,0.3115287248352847,54,0,na,"(28, 39, 44)",0.18099947,0.0001146143788107,0.12939346944481725,True
1417_27,mp-11113,Ti4 Te4 As4,1417,112,0.0,48,0,na,"(22, 33, 52)",0.18096693,0.000114606909091,0.062050384168499895,True
2517_13,mp-1215442,Zr6 Al9 Zn3,2517,101,0.437905829646939,54,0,na,"(13, 30, 40)",0.18094076,0.0001146034698996,0.13429925875552454,True
1127_5,mp-16261,Ca2 Ge4 Rh4,1127,212,0.0631062699370197,60,0,na,"(20, 32, 45)",0.18092866,0.0001146089406366,0.09344101617363262,True
1316_5,mp-30493,Zn1 Cd1 Pt2,1316,212,0.2758433886870438,40,0,na,"(30, 48, 78)",0.18071303,0.0001144985847264,0.08239949350730848,True
2346_6,mp-31187,Ti4 Al4 Fe8,2346,100,0.125,32,0,na,"(13, 22, 26)",0.1807036,0.0001145057206835,0.14144615278239356,True
1342_3,mp-866141,Ti4 Fe8 Si4,1342,110,0.25,48,0,na,"(14, 22, 26)",0.18052718,0.0001144939027401,0.16337660007259525,True
2539_9,mp-569788,Li3 Zn3 Ge3,2539,212,0.1467737707337892,72,0,na,"(3, 30, 32)",0.18036085,0.0001148160295223,0.050973711411022374,True
1940_20,mp-22150,Zr4 In2 Co4,1940,201,0.2097947333262838,50,0,na,"(27, 40, 49)",0.18015712,0.0001146995062525,0.10929619334704953,True
1149_0,mp-4536,Sc4 Ni8 Sn4,1149,111,0.125,48,0,na,"(21, 28, 50)",0.18010911,0.0001146820940057,0.09205365903712324,True
1422_9,mp-569006,Sr2 As4 Rh4,1422,212,0.046046322516549,80,0,na,"(33, 38, 45)",0.18009695,0.0001146875038896,,False
1145_27,mp-14206,K9 Ag9 As6,1145,10-2,0.0911770316571486,72,0,na,"(19, 33, 47)",0.17996411,0.0001146160551042,0.033114137771130744,True
1779_15,mp-35276,K2 Fe4 As4,1779,201,0.100356159908129,60,0,na,"(19, 26, 33)",0.17988391,0.0001145781095906,,False
1163_3,mp-1184592,Hf8 Re4 Pd4,1163,110,0.25,48,0,na,"(46, 72, 75)",0.17977484,0.0001145217585022,0.12060933982810278,True
2194_16,mp-31438,Y4 Zr4 Sb4,2194,201,0.125,72,0,na,"(39, 40, 51)",0.17970659,0.0001144913930393,0.083463590000067,True
1494_33,mp-1220335,Nb4 Mo4 W4,1494,102,0.413681305935146,48,0,na,"(41, 42, 74)",0.17960224,0.0001144380136334,0.19942118523143496,True
2093_3,mp-867774,Ta8 Cr4 Os4,2093,110,0.25,48,0,na,"(24, 73, 76)",0.17955586,0.0001144215556437,0.17839341365348244,True
1073_1,mp-865123,Mg4 Ga4 Pd8,1073,111,0.375,48,0,na,"(12, 31, 46)",0.17951614,0.0001144093350599,0.07996660197284843,True
1846_0,mp-867148,Li4 Hf4 Rh8,1846,111,0.125,48,0,na,"(3, 45, 72)",0.17916267,0.0001141971265627,0.11260015164273998,True
2206_1,mp-865494,V8 Cr4 Ru4,2206,111,0.375,48,0,na,"(23, 24, 44)",0.17909822,0.0001141690843311,0.18966075880428368,True
1084_15,mp-1205741,Ti3 Mn3 As3,1084,212,0.1453822936012513,72,0,na,"(22, 25, 33)",0.1789843,0.0001141094919434,,False
933_29,mp-1217076,Ti4 Al2 Ge6,933,121,0.2496187748669147,60,0,na,"(13, 22, 32)",0.17897542,0.0001141168524122,0.08547805006989898,True
2606_1,mp-867820,Li4 Al4 Pd8,2606,111,0.375,48,0,na,"(3, 13, 46)",0.17895316,0.0001141156816943,0.11050045687035628,True
1326_22,mp-21508,Y4 Pd4 Pb2,1326,201,0.4999999999999999,40,0,na,"(39, 46, 82)",0.17894936,0.0001141262820912,0.058540888924137766,True
1343_12,mp-1224358,Hf2 Sb8 Mo2,1343,22-1,0.0002828235458931,72,0,na,"(42, 51, 72)",0.17883645,0.0001140672909767,0.07280539030482569,True
1336_20,mp-5615,Ca3 Ag3 As3,1336,212,0.4166666666666666,72,0,na,"(20, 33, 47)",0.1786487,0.0001139605375241,0.062034845270807104,True
1165_0,mp-861935,Ca4 Sn4 Rh8,1165,111,0.125,48,0,na,"(20, 45, 50)",0.17862312,0.0001139572065904,0.09015706862249669,True
1777_17,mp-571367,Hf2 Co4 Si4,1777,112,0.5,50,0,na,"(14, 27, 72)",0.17858392,0.0001139451828185,0.13826180990417122,True
2049_5,mp-865001,Hf4 Sc4 Os8,2049,210,0.0625,64,0,na,"(21, 72, 76)",0.17838879,0.0001138336512321,0.16333926803459528,True
1469_1,mp-1185861,Mg4 Ga4 Pt8,1469,111,0.3750000000000002,48,0,na,"(12, 31, 78)",0.17838813,0.0001138461895997,0.0750766257734729,True
1900_4,mp-21885,Ca8 In4 Pt8,1900,111,0.4516616043145484,60,0,na,"(20, 49, 78)",0.1782904,0.0001137967742536,0.06984599943033917,True
1059_0,mp-1187713,V4 Ga4 Os8,1059,111,0.1250000000000002,48,0,na,"(23, 31, 76)",0.17822953,0.000113770869735,0.1810164189056566,True
2268_0,mp-862370,Sc8 Pd4 Ru4,2268,111,0.125,48,0,na,"(21, 44, 46)",0.17817527,0.0001137491748004,0.12613379454969273,True
963_10,mp-8720,Rb8 Mn4 Te8,963,212,0.1250000000000002,80,0,na,"(25, 37, 52)",0.17813735,0.0001137379038219,,False
1439_3,mp-864631,Li4 Nb4 Rh8,1439,110,0.2499999999999999,48,0,na,"(3, 41, 45)",0.17812762,0.0001137446284452,0.12159484730370346,True
1611_7,mp-1070247,Ba2 Ge6 Rh2,1611,221,0.2103652076473334,80,0,na,"(32, 45, 56)",0.17791925,0.0001136244965111,,False
1865_3,mp-866012,Hf8 Zn4 Re4,1865,110,0.25,48,0,na,"(30, 72, 75)",0.17789374,0.0001136211152125,0.11782762388477235,True
2558_1,mp-864985,Mn4 Zn4 Ir8,2558,111,0.3750000000000002,48,0,na,"(25, 30, 77)",0.1778656,0.0001136160513163,0.15581851372198557,True
2172_16,mp-1078430,Sc3 Cu3 Ge3,2172,212,0.2047429328230569,72,0,na,"(21, 29, 32)",0.17784676,0.0001136169255067,0.09724066344516995,True
1010_47,mp-30656,Ti3 Ga3 Ni3,1010,2-12,0.4460455920649195,72,0,na,"(22, 28, 31)",0.17782974,0.0001136189613625,0.12011405253903072,True
2173_9,mp-21001,Y2 Ge4 Ru4,2173,210,0.125,60,0,na,"(32, 39, 44)",0.17778112,0.0001136008042819,0.1258446590630547,True
1246_5,mp-864978,Mg8 Ag4 Au4,1246,210,0.0625,64,0,na,"(12, 47, 79)",0.17758958,0.0001134913043597,0.062231477093942784,True
1812_41,mp-1205965,Zr6 Co1 Te2,1812,2-12,0.0475741131689666,72,0,na,"(27, 40, 52)",0.17753442,0.0001134689312653,0.09784876529257977,True
2032_31,mp-1216481,V9 Cr9 Si6,2032,101,0.3754213636218819,72,0,na,"(14, 23, 24)",0.17751148,0.0001134671444433,,False
1712_7,mp-1219656,Rb2 Si8 Pt8,1712,221,0.1993658093204402,72,0,na,"(14, 37, 78)",0.1774777,0.0001134584257272,0.08104067561822552,True
1582_14,mp-1025165,Zr2 V4 Ga8,1582,210,0.1250000000000001,56,0,na,"(23, 31, 40)",0.17739972,0.0001134214430795,0.11378739488387653,True
1127_9,mp-16261,Ca2 Ge4 Rh4,1127,210,0.125,60,0,na,"(20, 32, 45)",0.17736498,0.0001134120952415,0.09906790894729627,True
2062_5,mp-861909,Cd4 Ga4 Rh8,2062,210,0.0625,64,0,na,"(31, 45, 48)",0.17735769,0.0001134202970465,0.09410172512462339,True
1394_5,mp-5031,Ta2 Si2 As2,1394,221,0.25,60,0,na,"(14, 33, 73)",0.17727877,0.0001133826875805,0.11036322992356577,True
1878_0,mp-31442,Li8 In4 Rh4,1878,111,0.1250000000000002,48,0,na,"(3, 45, 49)",0.1771774,0.0001133307038208,0.0772794101163031,True
1754_0,mp-864997,Li4 Si4 Pd8,1754,111,0.125,48,0,na,"(3, 14, 46)",0.17717026,0.0001133389815394,0.06331165019289631,True
1617_10,mp-569881,Sr2 Ni4 Sb4,1617,210,0.125,60,0,na,"(28, 38, 51)",0.17705652,0.0001132790589619,0.06293215347578715,True
1742_31,mp-1206356,Y4 Ga2 Co4,1742,011,0.0,30,0,na,"(27, 31, 39)",0.17703909,0.0001132807397511,0.08689525063531009,True
1288_0,mp-861961,Ti4 Zn4 Rh8,1288,111,0.125,48,0,na,"(22, 30, 45)",0.17703336,0.0001132899069013,0.14758343208525757,True
2435_9,mp-571147,Hf2 Si4 Ni4,2435,210,0.125,60,0,na,"(14, 28, 72)",0.17694533,0.0001132464030661,0.14448335615078467,True
1429_16,mp-31011,Y8 Si8 Rh4,1429,11-1,0.0,60,0,na,"(14, 39, 45)",0.1768508,0.0001131987224706,0.10704228953198593,True
2486_41,mp-1080526,Zr6 Ga2 Fe1,2486,2-12,0.0621709356485239,72,0,na,"(26, 31, 40)",0.17673792,0.0001131392774221,0.11123410013013227,True
1774_0,mp-861877,Cd4 Sn4 Rh8,1774,111,0.1250000000000002,48,0,na,"(45, 48, 50)",0.17646712,0.0001132428664403,0.08479342751397917,True
1581_48,mp-1079513,K8 As8 Pt4,1581,021,0.0452889117827837,60,0,na,"(19, 33, 78)",0.1764602,0.000113251250619,0.03230777312623583,True
1887_5,mp-864807,Hf4 Zn4 Ni8,1887,210,0.0625,64,0,na,"(28, 30, 72)",0.1764388,0.0001132503419518,0.12418890260361855,True
2019_44,mp-1095145,Ti3 Re3 Si3,2019,102,0.06566286975122,72,0,na,"(14, 22, 75)",0.17626874,0.0001131540006839,0.17680925239831408,True
1627_0,mp-867243,Sc8 Zn4 Os4,1627,111,0.125,48,0,na,"(21, 30, 76)",0.17618954,0.0001133476738824,0.0946659452259509,True
1865_5,mp-866012,Hf8 Zn4 Re4,1865,210,0.0625,64,0,na,"(30, 72, 75)",0.1761586,0.0001133406162076,0.133039600965893,True
2350_5,mp-30847,Ti4 Sn4 Pt4,2350,110,0.25,36,0,na,"(22, 50, 78)",0.17614643,0.0001133456326815,0.10266591927848284,True
2416_49,mp-1206500,Sc6 Mn1 Te2,2416,102,0.141177316324347,54,0,na,"(21, 25, 52)",0.17608048,0.0001133160394551,0.07597596062888694,True
1497_65,mp-3618,Sc8 Fe4 Si8,1497,11-2,0.1293472278990464,80,0,na,"(14, 21, 26)",0.17604516,0.0001133061487841,0.13093564180094372,True
1287_6,mp-865537,Ti4 Mn4 Co8,1287,100,0.125,32,0,na,"(22, 25, 27)",0.17588277,0.0001134984407244,0.15437076535519828,True
2472_2,mp-1025346,Ga1 As1 Pd5,2472,221,0.0698148319294418,56,0,na,"(31, 33, 46)",0.17586061,0.0001134970224491,0.08289321393029707,True
2176_94,mp-1215639,Zr4 Ga6 Cu2,2176,102,0.0103488532301363,72,0,na,"(29, 31, 40)",0.17572372,0.0001134215493096,0.10894181957070583,True
2475_1,mp-866219,Hf4 Sn4 Ru8,2475,111,0.375,48,0,na,"(44, 50, 72)",0.17566593,0.0001133971102083,0.15731619022233853,True
1586_7,mp-31454,Ta4 Sb4 Ru4,1586,210,0.0625,48,0,na,"(44, 51, 73)",0.17556874,0.0001133472246817,0.13043628141862998,True
1733_1,mp-20730,Hf4 Co8 Sn4,1733,111,0.3750000000000002,48,0,na,"(27, 50, 72)",0.17555813,0.0001133532231362,0.12773436074722813,True
1161_47,mp-1078709,Na8 Bi4 Au4,1161,012,0.0446909923736899,64,0,na,"(11, 79, 83)",0.17530276,0.0001132011692251,0.03092534377385951,True
1581_49,mp-1079513,K8 As8 Pt4,1581,021,0.1239036049230719,60,0,na,"(19, 33, 78)",0.17529698,0.0001132102523425,0.03570927121495647,True
1914_5,mp-20389,Na8 Cd4 Pb4,1914,221,0.1875,64,0,na,"(11, 48, 82)",0.17527026,0.0001132058120972,0.0264628877638468,True
1504_3,mp-865569,Ti8 Mn4 Ir4,1504,110,0.25,48,0,na,"(22, 25, 77)",0.17525622,0.0001132095597414,0.15492180703600308,True
1336_47,mp-5615,Ca3 Ag3 As3,1336,2-12,0.3533411208381469,54,0,na,"(20, 33, 47)",0.17523478,0.0001132085265178,0.06755082640039861,True
1328_40,mp-22056,Y4 In8 Ni4,1328,112,0.25,64,0,na,"(28, 39, 49)",0.17518152,0.000113186932199,0.08204642573080081,True
1377_44,mp-20497,Sr4 In8 Ir4,1377,102,0.1249999999999998,64,0,na,"(38, 49, 77)",0.17493367,0.0001130395878733,0.05004223846780887,True
1640_15,mp-1205957,Hf6 Ni1 Bi2,1640,212,0.2840615325827423,72,0,na,"(28, 72, 83)",0.17485291,0.0001130001754316,,False
2513_8,mp-1217891,Ta1 Ti1 Al6,2513,210,0.125,48,0,na,"(13, 22, 73)",0.17479253,0.0001129739204176,0.12991019433611353,True
1622_0,mp-972204,V8 Mo4 Ru4,1622,111,0.125,48,0,na,"(23, 42, 44)",0.17479238,0.0001129865880057,0.1918305914495441,True
1857_66,mp-1078280,Ca8 Ga4 Pd8,1857,11-2,0.2127464597551825,80,0,na,"(20, 31, 46)",0.17461413,0.0001131189079645,0.06356377298079494,True
957_0,mp-3726,Li8 Ga4 Pt4,957,111,0.1250000000000002,48,0,na,"(3, 31, 78)",0.17443806,0.0001130176303425,0.08013006230070431,True
930_11,mp-1018652,K2 Cd2 Sb2,930,211,0.052621500620356,72,0,na,"(19, 48, 51)",0.1742159,0.0001128864520424,0.031120788983508625,True
1366_0,mp-865866,Li4 Zr4 Pt8,1366,111,0.125,48,0,na,"(3, 40, 78)",0.1740842,0.0001128138497184,0.11100404368959085,True
2269_16,mp-1079831,Hf3 Re3 Si3,2269,212,0.2114285372887526,72,0,na,"(14, 72, 75)",0.17406575,0.0001128146203977,0.17306904084787691,True
1630_3,mp-3241,Sr2 Cu4 Ge4,1630,221,0.0941465742191185,80,0,na,"(29, 32, 38)",0.17400353,0.0001127870187082,,False
2359_4,mp-21032,Ba4 In8 Pt4,2359,111,0.5,48,0,na,"(49, 56, 78)",0.17396688,0.0001127759822809,0.04458080135035087,True
1328_39,mp-22056,Y4 In8 Ni4,1328,112,0.1856929399656587,64,0,na,"(28, 39, 49)",0.17378889,0.0001126733051086,0.07391671759108155,True
2452_3,mp-977567,Hf8 Cu4 Re4,2452,110,0.25,48,0,na,"(29, 72, 75)",0.17376283,0.0001126691043161,0.1217320293612517,True
2121_26,mp-1216977,V8 Fe4 Ge4,2121,201,0.1813951411065506,64,0,na,"(23, 26, 32)",0.17370504,0.0001126443243877,0.15349918224996278,True
2003_5,mp-1187800,Zn8 Cu4 Rh4,2003,210,0.0625,64,0,na,"(29, 30, 45)",0.17370284,0.0001126555877433,0.08969224786508473,True
1806_3,mp-867769,Sc4 Zn4 Rh8,1806,110,0.25,48,0,na,"(21, 30, 45)",0.1736643,0.0001126432823859,0.09707423210895731,True
2556_8,mp-1078832,Zr3 Ga3 Ni3,2556,221,0.471589988792189,72,0,na,"(28, 31, 40)",0.17355987,0.000112588228619,0.12652206123332377,True
1083_14,mp-1079643,Ta3 Mn3 Ge3,1083,212,0.0618047500266023,72,0,na,"(25, 32, 73)",0.17348754,0.0001125539804259,,False
1472_6,mp-1018066,Cr2 Sn2 Rh4,1472,210,0.1249999999999999,48,0,na,"(24, 45, 50)",0.1734701,0.0001125553343808,0.1178150169032515,True
1009_16,mp-1070152,Ca2 Co4 Si4,1009,112,0.1321906499971916,50,0,na,"(14, 20, 27)",0.17340308,0.000112524513974,0.12743775221840123,True
1226_9,mp-8456,Sr2 As2 Pt2,1226,210,0.2499999999999999,48,0,na,"(33, 38, 78)",0.17322455,0.000112421312659,0.062182822523187686,True
2107_1,mp-1187422,Ti8 Co4 Os4,2107,111,0.375,48,0,na,"(22, 27, 76)",0.17311071,0.0001126366997862,0.1456220350371535,True
2582_3,mp-865561,Y8 Ag4 Ru4,2582,110,0.25,48,0,na,"(39, 44, 47)",0.17291757,0.0001125237050713,0.06914032722705689,True
1299_7,mp-10676,Sc4 Al2 Si4,1299,110,0.3736127033787326,30,0,na,"(13, 14, 21)",0.1728611,0.0001124996168774,0.09634300339377556,True
1162_0,mp-862600,Be8 Pt4 Rh4,1162,111,0.125,64,0,na,"(4, 45, 78)",0.17285648,0.0001125092673878,0.17275417035441784,True
1470_1,mp-1187922,Zn4 In4 Rh8,1470,111,0.3750000000000002,48,0,na,"(30, 45, 49)",0.1728337,0.0001125070983744,0.11940677426436658,True
1858_3,mp-1206280,Li3 Y1 Sb2,1858,221,0.0622340698807271,60,0,na,"(3, 39, 51)",0.17280842,0.0001125032996317,0.05057934185773366,True
1557_3,mp-1187461,Ti8 V4 Os4,1557,110,0.25,48,0,na,"(22, 23, 76)",0.17274997,0.0001124779011194,0.1445619146273347,True
1239_6,mp-865021,Be8 Ru4 Pt4,1239,100,0.125,32,0,na,"(4, 44, 78)",0.1725327,0.0001124682307749,0.14296931124322942,True
1322_3,mp-979288,Ta8 Nb4 Rh4,1322,110,0.25,48,0,na,"(41, 45, 73)",0.17234594,0.0001123591250805,0.148253078846127,True
1914_4,mp-20389,Na8 Cd4 Pb4,1914,221,0.0625,64,0,na,"(11, 48, 82)",0.1723234,0.0001123570547047,0.025724771644563035,True
2176_72,mp-1215639,Zr4 Ga6 Cu2,2176,121,0.004191273350663,72,0,na,"(29, 31, 40)",0.17230923,0.0001123604401721,,False
1982_3,mp-861658,Li4 Mn4 Pt8,1982,110,0.25,48,0,na,"(3, 25, 78)",0.17230386,0.0001123695643638,0.08808374137657848,True
1446_10,mp-1216468,V9 Si6 Mo9,1446,110,0.624921565576365,72,0,na,"(14, 23, 42)",0.17230259,0.0001123813643665,,False
1214_3,mp-972957,Sc4 Ti4 Ru8,1214,110,0.2499999999999999,48,0,na,"(21, 22, 44)",0.17216311,0.0001123030117307,0.13260949760145102,True
1695_43,mp-30563,Zr3 Co3 Sn3,1695,2-12,0.3493732337340753,72,0,na,"(27, 40, 50)",0.17216158,0.0001123146269735,0.1059131523404098,True
1343_87,mp-1224358,Hf2 Sb8 Mo2,1343,112,0.4096066596290737,60,0,na,"(42, 51, 72)",0.17207868,0.0001122731546586,0.0784762441987902,True
2498_2,mp-999576,Mn8 Si4 Ru4,2498,111,0.625,48,0,na,"(14, 25, 44)",0.1720656,0.0001122772262991,0.1702621496937827,True
1511_0,mp-865966,Be4 Al4 Ir8,1511,111,0.1250000000000002,48,0,na,"(4, 13, 77)",0.17191091,0.000112188883355,0.18124974058738233,True
2058_1,mp-30818,Li8 Al4 Pt4,2058,111,0.375,48,0,na,"(3, 13, 78)",0.17189011,0.0001121878955311,0.08574054972937217,True
2456_48,mp-1078483,Ca8 Ge4 Pt8,2456,121,0.1783204693295523,80,0,na,"(20, 32, 78)",0.17178261,0.0001121303129339,0.0650831228565853,True
2296_13,mp-10214,Y6 Ge3 Rh9,2296,101,0.4353652036520317,54,0,na,"(32, 39, 45)",0.17151928,0.000111970980822,0.09930399148055868,True
2041_5,mp-865442,Ti4 Al4 Os8,2041,210,0.0625,64,0,na,"(13, 22, 76)",0.17131379,0.0001118493570046,0.1758812010162014,True
1812_16,mp-1205965,Zr6 Co1 Te2,1812,212,0.2320664907682311,72,0,na,"(27, 40, 52)",0.17121549,0.0001117976822462,0.09264437587862279,True
1409_17,mp-569298,Ca2 Co4 As4,1409,112,0.5,50,0,na,"(20, 27, 33)",0.17114422,0.0001117636403634,0.06668032850018117,True
2270_8,mp-35841,Li8 Cu4 Ge4,2270,210,0.0625,64,0,na,"(3, 29, 32)",0.17111227,0.0001117552659819,0.06271865504005814,True
1653_5,mp-865186,Mg4 Ga4 Ir8,1653,210,0.0625,64,0,na,"(12, 31, 77)",0.1710278,0.0001117125821847,0.12746445584207758,True
1268_0,mp-1186767,Ta8 Nb4 Re4,1268,111,0.125,48,0,na,"(41, 73, 75)",0.17090346,0.0001116438373368,0.19436759942967105,True
1469_0,mp-1185861,Mg4 Ga4 Pt8,1469,111,0.1250000000000002,48,0,na,"(12, 31, 78)",0.17086445,0.0001116308166841,0.06938477870500079,True
2210_3,mp-867917,Cu4 Ge4 Rh8,2210,110,0.25,48,0,na,"(29, 32, 45)",0.17085497,0.0001116370852577,0.09507579290558736,True
1416_5,mp-861905,Li4 Bi4 Pd8,1416,210,0.0625,64,0,na,"(3, 46, 83)",0.17061698,0.0001114940288362,0.04612293689735817,True
2407_46,mp-11201,Sc6 Fe1 Sb2,2407,2-12,0.3474469579670263,54,0,na,"(21, 26, 51)",0.17060095,0.0001114959847593,0.08734951191720065,True
2589_2,mp-30405,Li8 Sn4 Au4,2589,111,0.625,48,0,na,"(3, 50, 79)",0.17040908,0.0001113830071782,0.05436968177446588,True
904_9,mp-4441,Ca2 Cu4 Ge4,904,210,0.125,60,0,na,"(20, 29, 32)",0.17037228,0.0001113713587906,0.07236190130970936,True
1174_6,mp-1079246,Zr3 Ga3 Co3,1174,221,0.3066988213933825,63,0,na,"(27, 31, 40)",0.17035528,0.0001113726497138,0.1212486199830256,True
2332_3,mp-5129,Y2 Co4 Si4,2332,221,0.094603589352694,80,0,na,"(14, 27, 39)",0.17023341,0.0001113053715113,0.1407609852724197,True
2436_0,mp-12580,Li8 Cd4 Sn4,2436,111,0.125,48,0,na,"(3, 48, 50)",0.17023316,0.000111317598298,0.040277708629962036,True
924_19,mp-1025293,In1 As1 Pd5,924,112,0.25,42,0,na,"(33, 46, 49)",0.17019297,0.0001113037076143,0.0686589823977715,True
1424_11,mp-1078362,Ca8 Al4 Pt8,1424,110,0.4999999999999999,60,0,na,"(13, 20, 78)",0.17011029,0.0001112620199816,0.057417825246988095,True
2093_0,mp-867774,Ta8 Cr4 Os4,2093,111,0.125,48,0,na,"(24, 73, 76)",0.17010055,0.000111268029361,0.20894252590844348,True
1245_6,mp-22790,V4 Ga4 Co8,1245,100,0.1249999999999999,32,0,na,"(23, 27, 31)",0.17000547,0.0001112182096241,0.1571768279723733,True
1695_13,mp-30563,Zr3 Co3 Sn3,1695,212,0.050786253756396,72,0,na,"(27, 40, 50)",0.1699104,0.0001111683784252,,False
1812_42,mp-1205965,Zr6 Co1 Te2,1812,2-12,0.1487870565844833,72,0,na,"(27, 40, 52)",0.16981429,0.0001113596715061,0.10297466905640454,True
2007_3,mp-1018811,Nb2 Ge2 Sb2,2007,221,0.061353816109225,48,0,na,"(32, 41, 51)",0.16981344,0.0001113715163943,0.08168256655246532,True
2027_19,mp-1079597,Sc3 Ge3 Rh3,2027,212,0.4166666666666666,72,0,na,"(21, 32, 45)",0.16980876,0.0001113808516879,0.10525478476398141,True
1175_76,mp-1223908,Hf4 Ga6 Cu2,1175,12-1,0.0757431231876868,72,0,na,"(29, 31, 72)",0.16959873,0.0001112554806768,0.10588501084321558,True
2086_0,mp-862713,Be4 Ge4 Ru8,2086,111,0.1250000000000002,48,0,na,"(4, 32, 44)",0.16946843,0.0001113919656625,0.15078656500807094,True
930_13,mp-1018652,K2 Cd2 Sb2,930,211,0.2899838510973698,72,0,na,"(19, 48, 51)",0.16938594,0.0001113501483189,0.02789184138150267,True
1203_3,mp-865507,V4 Si4 Ru8,1203,110,0.25,48,0,na,"(14, 23, 44)",0.1693049,0.0001113092689209,0.12390797230934568,True
1405_3,mp-864640,Ta8 Nb4 Ir4,1405,110,0.25,48,0,na,"(41, 73, 77)",0.16930093,0.0001113190496921,0.15644422015262582,True
1088_39,mp-20533,Sr4 In8 Pt4,1088,112,0.1843345943504032,64,0,na,"(38, 49, 78)",0.1692798,0.0001113175480204,0.05203678955713542,True
1717_3,mp-30595,Cu4 Sn4 Rh8,1717,110,0.25,48,0,na,"(29, 45, 50)",0.16926883,0.0001113227263763,0.09382693748751546,True
1361_3,mp-1187242,Ta4 Nb4 Re8,1361,110,0.25,48,0,na,"(41, 73, 75)",0.16926806,0.0001113346140446,0.18846112681661248,True
2222_6,mp-865091,Hf4 Mn4 Rh8,2222,100,0.125,32,0,na,"(25, 45, 72)",0.16925995,0.0001113416759442,0.17995478482490948,True
907_6,mp-568961,Ba2 Fe4 As4,907,212,0.125,60,0,na,"(26, 33, 56)",0.16920453,0.0001113176141456,0.06303526775920971,True
2089_3,mp-1084778,Cs1 Zn4 As3,2089,221,0.0382745242457325,64,0,na,"(30, 33, 55)",0.16920307,0.0001113290465131,,False
2206_0,mp-865494,V8 Cr4 Ru4,2206,111,0.125,48,0,na,"(23, 24, 44)",0.1691922,0.0001113342892157,0.1987374722883415,True
1329_10,mp-7429,Ca1 Zn2 Sb2,1329,211,0.1102842402652719,80,0,na,"(20, 30, 51)",0.16914077,0.0001113128394419,,False
2181_0,mp-865486,V4 Zn4 Ru8,2181,111,0.1250000000000002,48,0,na,"(23, 30, 44)",0.16908287,0.000111287122693,0.16259567686565193,True
1067_0,mp-1183537,Cd8 Ag4 Pt4,1067,111,0.1249999999999997,48,0,na,"(47, 48, 78)",0.16897479,0.0001112283647814,0.06600678560916748,True
2231_1,mp-862364,Sc8 Os4 Pt4,2231,111,0.375,48,0,na,"(21, 76, 78)",0.16873237,0.0001110811461731,0.13987818411544714,True
2442_24,mp-1219661,Rb2 Ge8 Pt8,2442,210,0.125,72,0,na,"(32, 37, 78)",0.1686351,0.0001110294439427,0.04919598687570705,True
2309_3,mp-865728,Ti8 Re4 Ni4,2309,110,0.25,48,0,na,"(22, 28, 75)",0.16850324,0.0001109549465111,0.13753477102039693,True
2191_0,mp-1188014,Zr4 Sc4 Ru8,2191,111,0.1250000000000002,48,0,na,"(21, 40, 44)",0.16848058,0.0001109523362083,0.14892523802604457,True
1373_6,mp-601285,Mn2 Ga2 Ni4,1373,210,0.1249999999999999,48,0,na,"(25, 28, 31)",0.16846843,0.0001112244317224,0.12063945759475195,True
1861_5,mp-865842,Ti8 Os4 Ru4,1861,210,0.0625,64,0,na,"(22, 44, 76)",0.16844769,0.0001112231097078,0.18801937064315027,True
1872_14,mp-21113,Y2 Fe4 Ge4,1872,201,0.091901868144568,60,0,na,"(26, 32, 39)",0.16840774,0.0001112091004325,0.10289603901720445,True
2199_0,mp-13240,Sc4 In4 Cu16,2199,111,0.0622302040372029,72,0,na,"(21, 29, 49)",0.16828547,0.0001111407185355,0.10593065328700149,True
1226_8,mp-8456,Sr2 As2 Pt2,1226,210,0.0833333333333333,48,0,na,"(33, 38, 78)",0.1682821,0.0001111508462724,0.05931827042579741,True
1068_3,mp-865155,Mg4 Al4 Rh8,1068,110,0.25,48,0,na,"(12, 13, 45)",0.16817024,0.0001114351616892,0.11244422296791443,True
1017_0,mp-864953,Mn4 V8 Cr4,1017,111,0.125,48,0,na,"(23, 24, 25)",0.16814713,0.0001114322657116,0.2042678460754664,True
2033_24,mp-1224337,Hf2 Sc2 Ge8,2033,210,0.0772588932111138,72,0,na,"(21, 32, 72)",0.1681345,0.0001114363133242,0.09736546109593482,True
2518_10,mp-1219296,Sc4 Ga4 Cu4,2518,110,0.5,36,0,na,"(21, 29, 31)",0.16809767,0.0001114243198238,0.10571683358725249,True
2033_25,mp-1224337,Hf2 Sc2 Ge8,2033,210,0.1726784576470391,72,0,na,"(21, 32, 72)",0.16800918,0.0001113780740433,0.09589125653556352,True
2033_60,mp-1224337,Hf2 Sc2 Ge8,2033,021,0.750611298220846,36,0,na,"(21, 32, 72)",0.16792046,0.0001113316589323,0.06927564142596163,True
1658_3,mp-866183,Ti8 Zn4 Re4,1658,110,0.25,48,0,na,"(22, 30, 75)",0.16785063,0.0001114286442192,0.12735441833815414,True
2172_17,mp-1078430,Sc3 Cu3 Ge3,2172,212,0.2643526424999544,72,0,na,"(21, 29, 32)",0.167841,0.0001114346683001,0.09639804511334463,True
2336_5,mp-864839,Zn8 Pd4 Rh4,2336,210,0.0625,64,0,na,"(30, 45, 46)",0.16779624,0.0001114173665524,0.10415569591963464,True
984_3,mp-867146,Sc4 Nb4 Ru8,984,110,0.2499999999999999,48,0,na,"(21, 41, 44)",0.16776377,0.0001114082191545,0.14030736633074364,True
2463_14,mp-570452,Y2 Si4 Au4,2463,201,0.0904826317399418,60,0,na,"(14, 39, 79)",0.16774964,0.0001114112478619,0.06948154845298295,True
2512_3,mp-867799,Ca8 Bi4 Au4,2512,110,0.25,32,0,na,"(20, 79, 83)",0.16774726,0.0001114220808534,0.031666730164520304,True
2531_2,mp-30816,Li8 Al4 Pd4,2531,111,0.625,48,0,na,"(3, 13, 46)",0.16771114,0.0001114105026026,0.049614139865724216,True
1109_22,mp-1217124,Ti6 Co9 Sn6,1109,101,0.4342095430355532,63,0,na,"(22, 27, 50)",0.1676802,0.0001114597763481,,False
2168_51,mp-27388,Ba4 Si8 Ni8,2168,021,0.0,80,0,na,"(14, 28, 56)",0.16766483,0.000111461983185,0.08997388527380867,True
2518_13,mp-1219296,Sc4 Ga4 Cu4,2518,22-1,0.2499999999999999,72,0,na,"(21, 29, 31)",0.16754216,0.0001113928494045,0.10114196326953391,True
2297_8,mp-1205897,Zr6 Fe1 Bi2,2297,221,0.8899967494565713,54,0,na,"(26, 40, 83)",0.16751148,0.0001113848588357,0.08698318293984159,True
1417_13,mp-11113,Ti4 Te4 As4,1417,210,0.0623145079370619,72,0,na,"(22, 33, 52)",0.1673441,0.0001112859569736,0.06882365444510592,True
1236_7,mp-991676,Nb1 Cu3 Te4,1236,221,0.4358585088890834,48,0,na,"(29, 41, 52)",0.16733383,0.0001112915124753,,False
2270_3,mp-35841,Li8 Cu4 Ge4,2270,111,0.8750000000000001,48,0,na,"(3, 29, 32)",0.16730236,0.0001112829670451,0.11795632582068806,True
1606_3,mp-866139,Ti4 Be8 Ir4,1606,110,0.25,48,0,na,"(4, 22, 77)",0.16726732,0.0001112720424947,0.14834847882117846,True
1143_20,mp-13572,Sc4 Si4 Pt8,1143,101,0.0,64,0,na,"(14, 21, 78)",0.16701868,0.0001111190029519,0.12194448786489002,True
1351_1,mp-864883,Mg4 Sn4 Pd8,1351,111,0.3750000000000002,48,0,na,"(12, 46, 50)",0.1669421,0.0001113784783856,0.07353939716364696,True
1086_0,mp-865140,Mn4 Ga4 Ru8,1086,111,0.125,48,0,na,"(25, 31, 44)",0.16693564,0.0001113865745455,0.16835481225628945,True
1052_5,mp-600124,Mn4 Ni4 Sb4,1052,110,0.25,36,0,na,"(25, 28, 51)",0.16691872,0.0001113876918937,0.0736380644197136,True
2189_1,mp-861903,Li4 Bi4 Rh8,2189,111,0.3749999999999998,48,0,na,"(3, 45, 83)",0.1668698,0.0001113674517117,0.09104135469141632,True
1232_4,mp-1216640,Ti1 Zn1 Ga2,1232,211,0.125,64,0,na,"(22, 30, 31)",0.16683954,0.0001113596582925,0.07836551015460719,True
1424_73,mp-1078362,Ca8 Al4 Pt8,1424,102,0.125,80,0,na,"(13, 20, 78)",0.16672456,0.000111446330629,0.07369143646735438,True
2046_42,mp-1078635,Sc3 Ge3 Os3,2046,2-12,0.2716518437124336,72,0,na,"(21, 32, 76)",0.16650955,0.000111315013749,0.1182696260937546,True
1986_3,mp-1068300,Ca2 Fe4 As4,1986,221,0.0940666004407546,80,0,na,"(20, 26, 33)",0.16647302,0.0001113029823955,,False
2529_1,mp-861663,Li4 Rh8 Pb4,2529,111,0.3750000000000003,48,0,na,"(3, 45, 82)",0.16635364,0.0001114936445692,0.08383484207538931,True
1686_4,mp-1069057,Sr2 Co4 Si4,1686,110,0.2499999999999999,40,0,na,"(14, 27, 38)",0.16634017,0.0001114970479093,0.11191299465967572,True
1336_17,mp-5615,Ca3 Ag3 As3,1336,212,0.2084265731099369,72,0,na,"(20, 33, 47)",0.16632326,0.0001114981449284,0.05341371822801787,True
2172_44,mp-1078430,Sc3 Cu3 Ge3,2172,2-12,0.1892952002551382,54,0,na,"(21, 29, 32)",0.16630706,0.0001114997169439,0.11185360642903341,True
937_0,mp-3623,Mn4 Al4 Co8,937,111,0.125,64,0,na,"(13, 25, 27)",0.16620912,0.0001114464798233,0.17478571362923914,True
1885_5,mp-867196,Li4 Cd8 Pd4,1885,210,0.0625,64,0,na,"(3, 46, 48)",0.1661718,0.0001114338749433,0.054313127016092054,True
1502_42,mp-16493,Y4 Al8 Co4,1502,112,0.1834947887741257,64,0,na,"(13, 27, 39)",0.1659568,0.0001115906930754,0.10778202119818753,True
1779_14,mp-35276,K2 Fe4 As4,1779,201,0.037856159908129,60,0,na,"(19, 26, 33)",0.16594543,0.0001115955008148,,False
2522_1,mp-864980,Mn4 Al4 Ru8,2522,111,0.3750000000000002,48,0,na,"(13, 25, 44)",0.16590585,0.0001117860150365,0.18046769236059548,True
906_5,mp-972327,Zr8 Co4 Os4,906,210,0.0625,64,0,na,"(27, 40, 76)",0.1658887,0.000111786955724,,False
1454_3,mp-862316,Li4 Be4 Pt8,1454,110,0.25,48,0,na,"(3, 4, 78)",0.16579232,0.0001117991655798,0.10190070635943453,True
2506_5,mp-865231,Li4 Sc4 Tl8,2506,210,0.0625,64,0,na,"(3, 21, 81)",0.16565272,0.0001120075833502,0.049009502777074124,True
1932_5,mp-1185995,Mn4 Pd8 Au4,1932,210,0.0625,64,0,na,"(25, 46, 79)",0.16552977,0.0001119369873883,0.08299355728884737,True
933_28,mp-1217076,Ti4 Al2 Ge6,933,121,0.1661063028125659,60,0,na,"(13, 22, 32)",0.16544832,0.0001118944331913,0.09317394147009724,True
1269_1,mp-3676,Mg4 Cu16 Sn4,1269,111,0.1882049340611402,72,0,na,"(12, 29, 50)",0.16534072,0.0001118341758051,0.0814542135520322,True
1714_12,mp-1228909,Al9 Si3 Pd12,1714,110,0.7531386079019645,72,0,na,"(13, 14, 46)",0.16533045,0.0001118397368239,0.09811703126890642,True
2295_3,mp-865076,Na4 Cd8 Pt4,2295,110,0.25,48,0,na,"(11, 48, 78)",0.16530351,0.0001118340204299,0.03288568962021729,True
1998_2,mp-16260,Ca2 Ge4 Pd4,1998,221,0.0309893514394854,80,0,na,"(20, 32, 46)",0.16526523,0.0001118206279255,0.0730359538120851,True
1391_25,mp-1068587,Y2 Si6 Ir2,1391,201,0.2279601843140142,60,0,na,"(14, 39, 77)",0.16524713,0.0001118208851091,0.0895998462600099,True
1474_34,mp-9768,Ba4 Sb8 Pd4,1474,121,0.4999999999999996,64,0,na,"(46, 51, 56)",0.16522421,0.0001118178789756,0.040675062117801496,True
1638_59,mp-9673,K8 Ni4 As8,1638,012,0.0252212271036125,80,0,na,"(19, 28, 33)",0.16518083,0.000111801022285,,False
2003_1,mp-1187800,Zn8 Cu4 Rh4,2003,111,0.375,48,0,na,"(29, 30, 45)",0.16515751,0.0001117977374734,0.08060071974819637,True
2418_3,mp-4492,Mn4 Co8 Si4,2418,110,0.25,48,0,na,"(14, 25, 27)",0.1651423,0.0001117999405636,0.13478067902912688,True
2334_0,mp-16524,Sc4 Al4 Pd8,2334,111,0.1250000000000002,48,0,na,"(13, 21, 46)",0.16493902,0.0001116748069594,0.09750996287297183,True
2433_2,mp-1217094,Ti9 Nb9 Sn6,2433,111,0.2142390341093379,72,0,na,"(22, 41, 50)",0.16493273,0.0001116830203862,,False
1849_0,mp-861953,Al4 Fe4 Rh8,1849,111,0.125,48,0,na,"(13, 26, 45)",0.16486278,0.0001116481234429,0.14062712257127968,True
2414_5,mp-1069139,Sr2 Si6 Ni2,2414,221,0.085781783651737,80,0,na,"(14, 28, 38)",0.1648236,0.0001116340537549,0.06885924233067882,True
2442_5,mp-1219661,Rb2 Ge8 Pt8,2442,221,0.0462632989504392,72,0,na,"(32, 37, 78)",0.16468012,0.0001115493282995,,False
1288_3,mp-861961,Ti4 Zn4 Rh8,1288,110,0.25,48,0,na,"(22, 30, 45)",0.1645245,0.0001114563489031,0.12251436948153868,True
1813_1,mp-3944,Zr4 Al4 Ni8,1813,111,0.3750000000000002,48,0,na,"(13, 28, 40)",0.16445832,0.0001114239344782,0.12092095138417198,True
1205_49,mp-1095196,Hf3 Ge3 Os3,1205,102,0.0616804591943758,54,0,na,"(32, 72, 76)",0.1643104,0.0001113361211083,0.13191038461392798,True
2565_8,mp-31168,Li8 Al4 Ag4,2565,210,0.0625,64,0,na,"(3, 13, 47)",0.16427432,0.0001113240678233,0.058171383208068146,True
2441_6,mp-864950,Mn4 Al4 Ir8,2441,100,0.125,32,0,na,"(13, 25, 77)",0.16420732,0.000111291053188,0.15958522479138212,True
2107_3,mp-1187422,Ti8 Co4 Os4,2107,110,0.25,48,0,na,"(22, 27, 76)",0.16411345,0.0001112398130533,0.1306809042496226,True
1940_3,mp-22150,Zr4 In2 Co4,1940,221,0.0846441194547509,50,0,na,"(27, 40, 49)",0.16410609,0.0001112471993962,0.1143480471114776,True
948_6,mp-9951,Mn3 Nb3 Ge3,948,221,0.2080026759944182,72,0,na,"(25, 32, 41)",0.16409452,0.0001112517325594,,False
1166_1,mp-1227272,Be16 Al4 Fe4,1166,111,0.5652770902520212,72,0,na,"(4, 13, 26)",0.16393791,0.0001111579216443,0.18520952049187428,True
2089_5,mp-1084778,Cs1 Zn4 As3,2089,221,0.1953198874489938,64,0,na,"(30, 33, 55)",0.1639213,0.000111159015457,,False
2446_5,mp-1205996,Zr6 Mn1 Bi2,2446,221,0.2499999999999997,54,0,na,"(25, 40, 83)",0.1638911,0.000111150891527,0.09482035895703102,True
2566_11,mp-22179,Y2 Ti2 Si2,2566,211,0.2889761955003056,72,0,na,"(14, 22, 39)",0.16371688,0.0001113822829864,0.10718718681795943,True
2121_25,mp-1216977,V8 Fe4 Ge4,2121,201,0.0585797062771273,64,0,na,"(23, 26, 32)",0.16368787,0.0001113749516716,0.15110207344256812,True
1462_11,mp-1206544,Sr4 Tl8 Pt4,1462,110,0.5,48,0,na,"(38, 78, 81)",0.16361782,0.000111339689366,0.0420907652131142,True
1503_33,mp-1079079,Hf3 As3 Ru3,1503,210,0.4593291617210475,54,0,na,"(33, 44, 72)",0.1634353,0.0001112278710782,,False
1429_38,mp-31011,Y8 Si8 Rh4,1429,201,0.0,80,0,na,"(14, 39, 45)",0.16340972,0.0001112228333786,0.10141731709306055,True
1914_8,mp-20389,Na8 Cd4 Pb4,1914,210,0.0625,64,0,na,"(11, 48, 82)",0.16340828,0.0001112342250458,0.024517926361527588,True
1391_24,mp-1068587,Y2 Si6 Ir2,1391,201,0.1697463839780271,60,0,na,"(14, 39, 77)",0.16338663,0.000111231860388,0.09060604054233853,True
1704_0,mp-1186772,Ta8 Cr4 Re4,1704,111,0.125,48,0,na,"(24, 73, 75)",0.16323538,0.0001112432940654,0.21916968759425934,True
1784_13,mp-5288,Y2 Fe4 Si4,1784,201,0.0336135616701902,60,0,na,"(14, 26, 39)",0.16312966,0.0001115656616052,0.13930764853470273,True
980_14,mp-13949,Cd2 Ga4 Te8,980,212,0.112279570963274,56,0,na,"(31, 48, 52)",0.16312878,0.0001115775079847,0.027084313232763977,True
1359_14,mp-4109,Ba2 As4 Ru4,1359,201,0.0374496000228798,60,0,na,"(33, 44, 56)",0.16311277,0.0001115790071053,0.08056240430835919,True
2284_10,mp-1080646,Y2 Si4 Pt4,2284,212,0.3131095720452848,60,0,na,"(14, 39, 78)",0.16304559,0.0001115454980551,0.09209146227457567,True
1523_28,mp-3779,Cr6 Si6 Te18,1523,101,0.3871724063276938,60,0,na,"(14, 24, 52)",0.16300449,0.0001115298206795,0.03793910829411191,True
1081_3,mp-865485,V8 Cr4 Os4,1081,110,0.25,48,0,na,"(23, 24, 76)",0.16299248,0.000111534042651,0.189711064432789,True
1638_47,mp-9673,K8 Ni4 As8,1638,102,0.125,80,0,na,"(19, 28, 33)",0.16291866,0.0001114959639957,,False
1655_0,mp-867319,Al8 Co4 Ir4,1655,111,0.125,48,0,na,"(13, 27, 77)",0.1627763,0.0001114109595485,0.1382294685109839,True
1818_5,mp-867849,Ca8 Tl4 Cd4,1818,210,0.0624999999999999,64,0,na,"(20, 48, 81)",0.16276255,0.0001114139612053,0.04547436401756865,True
2246_4,mp-29736,Y4 Al4 Ge4,2246,221,0.2173501087039575,72,0,na,"(13, 32, 39)",0.1627589,0.0001114238768887,0.08098524696392799,True
1565_1,mp-862602,Sc4 Al4 Co8,1565,111,0.3750000000000002,48,0,na,"(13, 21, 27)",0.16268502,0.0001113857100614,0.16450782989894375,True
2439_5,mp-11947,Li4 Al4 Ag8,2439,210,0.0625,64,0,na,"(3, 13, 47)",0.16259387,0.0001113357035091,0.06237620005768408,True
1784_14,mp-5288,Y2 Fe4 Si4,1784,201,0.0961135616701902,60,0,na,"(14, 26, 39)",0.16252321,0.0001112997109008,0.14549111134378745,True
1236_5,mp-991676,Nb1 Cu3 Te4,1236,221,0.195707455554583,48,0,na,"(29, 41, 52)",0.16251707,0.0001113078946211,,False
1138_5,mp-1185926,Mn8 Pd4 Pt4,1138,210,0.0625,64,0,na,"(25, 46, 78)",0.16250491,0.0001113119561401,0.10010150880758378,True
1702_13,mp-1216850,Ti2 Cu2 Ni2,1702,210,0.125,48,0,na,"(22, 28, 29)",0.16242914,0.000111272441465,0.13046578425198752,True
990_6,mp-862335,Li4 As4 Rh8,990,100,0.125,32,0,na,"(3, 33, 45)",0.16240154,0.000111265914854,0.0830624611977098,True
1429_33,mp-31011,Y8 Si8 Rh4,1429,21-2,0.2766363168126702,80,0,na,"(14, 39, 45)",0.16230187,0.0001112100019843,0.0989808412308446,True
1754_5,mp-864997,Li4 Si4 Pd8,1754,210,0.0625,64,0,na,"(3, 14, 46)",0.16210066,0.0001110844856552,0.07215068366682059,True
1128_4,mp-1219797,Ni12 Sn2 Te4,1128,111,0.4534124488248813,72,0,na,"(28, 50, 52)",0.16209415,0.0001110923651148,0.0734019119387322,True
1365_48,mp-31383,Hf6 Co1 Bi2,1365,102,0.2499999999999999,54,0,na,"(27, 72, 83)",0.16198632,0.0001110307977402,,False
1588_3,mp-5149,Nb4 Al4 Co8,1588,110,0.25,48,0,na,"(13, 27, 41)",0.16192302,0.0001109997342092,0.1311725799485306,True
1520_0,mp-4664,Mn4 Ge4 Rh8,1520,111,0.125,48,0,na,"(25, 32, 45)",0.16190305,0.0001109983653778,0.10881276539137244,True
1726_7,mp-8147,K8 As8 Pd4,1726,221,0.2246523760786569,80,0,na,"(19, 33, 46)",0.16188395,0.0001109975912481,,False
2231_0,mp-862364,Sc8 Os4 Pt4,2231,111,0.125,48,0,na,"(21, 76, 78)",0.16187452,0.0001110034465754,0.12347787557308952,True
2258_5,mp-867249,Ta4 Al4 Fe8,2258,210,0.0625,64,0,na,"(13, 26, 73)",0.16186924,0.0001110121486119,0.18537952250957251,True
1067_5,mp-1183537,Cd8 Ag4 Pt4,1067,210,0.0625,64,0,na,"(47, 48, 78)",0.16185747,0.0001110164007534,0.05616782292097243,True
1565_6,mp-862602,Sc4 Al4 Co8,1565,100,0.125,32,0,na,"(13, 21, 27)",0.1617159,0.0001109316145516,0.14456025937374867,True
2333_6,mp-1187511,Ti4 Re8 Mo4,2333,100,0.125,32,0,na,"(22, 42, 75)",0.16167864,0.0001109183598099,0.2164062289445591,True
2310_5,mp-864661,Zn4 Cu4 Pd8,2310,210,0.0624999999999999,64,0,na,"(29, 30, 46)",0.16163205,0.0001112236133547,0.09339157306853367,True
1573_6,mp-865592,Y8 Zn4 Ru4,1573,100,0.125,32,0,na,"(30, 39, 44)",0.16162448,0.0001112307757111,0.08887037435571969,True
1913_3,mp-862361,Sc8 Ni4 Os4,1913,110,0.25,48,0,na,"(21, 28, 76)",0.16157119,0.0001112064708485,0.11015087737924231,True
1303_6,mp-867271,Be8 Co4 Ni4,1303,100,0.125,32,0,na,"(4, 27, 28)",0.16153081,0.0001111910432026,0.1701199501877861,True
2069_4,mp-1068048,Ba2 Sn6 Au2,2069,221,0.0253712303982977,60,0,na,"(50, 56, 79)",0.16152874,0.0001112019829658,0.03416661969472608,True
1343_16,mp-1224358,Hf2 Sb8 Mo2,1343,22-1,0.3647941329088855,72,0,na,"(42, 51, 72)",0.1613479,0.0001110898398526,0.07088427071979803,True
1540_1,mp-866143,Ti4 Be4 Rh8,1540,111,0.3750000000000002,48,0,na,"(4, 22, 45)",0.16129774,0.0001110676426163,0.16724535945349392,True
2605_18,mp-571203,Sr2 Co4 As4,2605,112,0.5000000000000002,40,0,na,"(27, 33, 38)",0.16126709,0.0001110588724499,0.06073526989850956,True
1230_43,mp-9223,Sc3 Ge3 Ru3,1230,2-12,0.3501431994235079,72,0,na,"(21, 32, 44)",0.1612654,0.0001110700439213,0.11353929685440631,True
2090_1,mp-568280,Ba2 Ni4 As4,2090,111,0.2020436697549738,40,0,na,"(28, 33, 56)",0.16116334,0.0001110120811625,0.051371004445429,True
1522_5,mp-10887,Hf4 Al4 Cu8,1522,210,0.0625,64,0,na,"(13, 29, 72)",0.16115196,0.0001110165666028,0.11770310160949471,True
2327_5,mp-862657,Li4 Cu4 Pd8,2327,210,0.0624999999999999,64,0,na,"(3, 29, 46)",0.1609644,0.0001108996694049,0.08363698723615966,True
2089_4,mp-1084778,Cs1 Zn4 As3,2089,221,0.1085944116947263,64,0,na,"(30, 33, 55)",0.16094588,0.000110899208363,,False
1365_15,mp-31383,Hf6 Co1 Bi2,1365,212,0.2837664879820873,72,0,na,"(27, 72, 83)",0.16083536,0.000110835346487,,False
1304_3,mp-977572,Hf8 Mn4 Rh4,1304,110,0.25,48,0,na,"(25, 45, 72)",0.16077961,0.0001108092094567,0.12569020804996936,True
2163_3,mp-861672,Ti8 Fe4 Ir4,2163,110,0.25,48,0,na,"(22, 26, 77)",0.160718,0.0001107790232181,0.1296831238597204,True
1738_1,mp-864947,Zr4 Sn4 Rh8,1738,111,0.375,48,0,na,"(40, 45, 50)",0.16068892,0.0001107712502096,0.09163413183196248,True
1349_8,mp-1222602,Li8 Si4 Au4,1349,210,0.0625,64,0,na,"(3, 14, 79)",0.1606729,0.0001107724771942,0.05989373259105701,True
2126_48,mp-7930,Zr3 Cu4 Si2,2126,102,0.0616857947963547,54,0,na,"(14, 29, 40)",0.16062948,0.0001107548107933,0.13947031555102013,True
1049_3,mp-3791,Sc4 Co8 Sn4,1049,110,0.25,48,0,na,"(21, 27, 50)",0.16062103,0.0001107612518185,0.09177657588259758,True
2294_0,mp-861954,Li4 Ta4 Ru8,2294,111,0.1250000000000002,48,0,na,"(3, 44, 73)",0.16057512,0.0001107418590499,0.16719845236640266,True
2582_1,mp-865561,Y8 Ag4 Ru4,2582,111,0.375,48,0,na,"(39, 44, 47)",0.16044714,0.0001106658520067,0.07172415486212287,True
2181_3,mp-865486,V4 Zn4 Ru8,2181,110,0.2499999999999999,48,0,na,"(23, 30, 44)",0.16042762,0.0001106646351947,0.13087278035621816,True
1015_4,mp-22662,Ti2 Ga2 Pt2,1015,212,0.2499999999999999,48,0,na,"(22, 31, 78)",0.16042268,0.0001106734751712,0.10976872328162475,True
1899_5,mp-1186001,Mn4 Zn4 Pd8,1899,210,0.0625,64,0,na,"(25, 30, 46)",0.16041917,0.0001106833033747,0.08932420441638773,True
2599_15,mp-1215412,Zr2 Zn3 Ga3,2599,121,0.0604588811783113,48,0,na,"(30, 31, 40)",0.16037327,0.0001106638827138,0.1001087809668209,True
2351_1,mp-866071,Mg4 Ta4 Os8,2351,111,0.3750000000000002,48,0,na,"(12, 73, 76)",0.16036211,0.0001106684288716,0.17338427389828354,True
1319_49,mp-1087487,Hf6 Ga2 Fe1,1319,102,0.2499999999999999,72,0,na,"(26, 31, 72)",0.16032848,0.0001106574665645,0.11908410789103038,True
2543_45,mp-1078729,Zr6 Cu1 Bi2,2543,2-12,0.4472609496490242,54,0,na,"(29, 40, 83)",0.16031247,0.0001106586617946,0.09742217689795347,True
1061_2,mp-1206406,K2 As4 Ir4,1061,221,0.0364115830199125,80,0,na,"(19, 33, 77)",0.16022202,0.000110666770496,0.07057842420794615,True
1319_46,mp-1087487,Hf6 Ga2 Fe1,1319,102,0.0623508473908831,72,0,na,"(26, 31, 72)",0.16006872,0.0001110572156865,0.12042666353989685,True
2122_3,mp-1221696,Mn1 Fe1 Pd6,2122,221,0.1863612324035043,64,0,na,"(25, 26, 46)",0.16002531,0.0001110394291413,0.10201893824436485,True
1996_5,mp-1186122,Na4 Cd8 Rh4,1996,210,0.0625,64,0,na,"(11, 45, 48)",0.15992683,0.0001109834187177,0.041720543138305526,True
1436_0,mp-861656,Ti8 Cr4 Ir4,1436,111,0.1250000000000002,48,0,na,"(22, 24, 77)",0.15986733,0.0001109544419794,0.17885421401840537,True
1032_5,mp-11512,Li4 Al8 Ir4,1032,210,0.0625,64,0,na,"(3, 13, 77)",0.15984872,0.000110953836702,0.09812371315608533,True
1720_14,mp-1228809,Al2 Re2 Si2,1720,101,0.16651492917563,24,0,na,"(13, 14, 75)",0.1598109,0.000110939894375,0.2080340403856328,True
1780_6,mp-972777,Si8 Os4 Ru4,1780,100,0.125,32,0,na,"(14, 44, 76)",0.15977944,0.0001109303616094,,False
2029_45,mp-14208,Li3 Y3 Si3,2029,2-12,0.3562998461152383,54,0,na,"(3, 14, 39)",0.15962341,0.0001108343292706,0.09575604009428541,True
1175_40,mp-1223908,Hf4 Ga6 Cu2,1175,21-2,0.1205339601598129,48,0,na,"(29, 31, 72)",0.15961596,0.0001108414414085,0.1000771539217848,True
1769_0,mp-862623,Sc4 Sn4 Rh8,1769,111,0.1249999999999997,48,0,na,"(21, 45, 50)",0.15960243,0.0001108443319729,0.0874101471838487,True
1301_1,mp-867842,Sc4 In4 Rh8,1301,111,0.375,48,0,na,"(21, 45, 49)",0.15952997,0.0001108062905504,0.11775736836943172,True
929_6,mp-865131,Hf8 Os4 Rh4,929,100,0.125,32,0,na,"(45, 72, 76)",0.1594665,0.0001109274855178,0.16688491538761507,True
1773_6,mp-5407,Ti4 Al4 Co8,1773,100,0.125,32,0,na,"(13, 22, 27)",0.15944594,0.0001109254883336,0.16813315703897758,True
2446_7,mp-1205996,Zr6 Mn1 Bi2,2446,221,0.8906552630555069,54,0,na,"(25, 40, 83)",0.15943335,0.000110929034411,0.08608457354324016,True
1964_0,mp-1206594,Cr4 Ge4 Ru8,1964,111,0.125,48,0,na,"(24, 32, 44)",0.15936227,0.00011104198716,0.151231617960814,True
1849_3,mp-861953,Al4 Fe4 Rh8,1849,110,0.25,48,0,na,"(13, 26, 45)",0.15913571,0.0001108964366479,0.11577771686907931,True
895_6,mp-865656,Ti4 Mn8 W4,895,100,0.125,32,0,na,"(22, 25, 74)",0.159052,0.0001108503948189,0.18908685488196883,True
985_0,mp-865019,Hf4 Ga4 Rh8,985,111,0.125,48,0,na,"(31, 45, 72)",0.15902498,0.0001108438504668,0.10561693507991338,True
1893_0,mp-862629,Sc4 Rh8 Pb4,1893,111,0.1250000000000002,48,0,na,"(21, 45, 82)",0.15899688,0.000110836549709,0.07435988869021631,True
1802_3,mp-30395,Sc4 In4 Au8,1802,110,0.25,48,0,na,"(21, 49, 79)",0.15895492,0.0001108195822994,0.05622857573100688,True
2126_19,mp-7930,Zr3 Cu4 Si2,2126,212,0.4166666666666666,72,0,na,"(14, 29, 40)",0.1589421,0.0001108229258512,0.12605707086261234,True
2460_5,mp-16259,Ca2 Ge4 Ir4,2460,212,0.0621987586408856,60,0,na,"(20, 32, 77)",0.15889414,0.0001108017649521,0.0968458715598989,True
1998_9,mp-16260,Ca2 Ge4 Pd4,1998,210,0.125,60,0,na,"(20, 32, 46)",0.15885065,0.00011078371307,0.06945818085477898,True
1676_5,mp-1078767,Hf3 Al3 Ni3,1676,221,0.0334107724380527,72,0,na,"(13, 28, 72)",0.15884264,0.000110790400604,0.14039269597679513,True
2296_19,mp-10214,Y6 Ge3 Rh9,2296,10-1,0.1020318703186983,54,0,na,"(32, 39, 45)",0.15877075,0.0001107525287054,0.09620459724111241,True
1994_9,mp-9008,Rb2 Te2 Au2,1994,211,0.2386681325268913,72,0,na,"(37, 52, 79)",0.15862586,0.0001106637151543,,False
963_21,mp-8720,Rb8 Mn4 Te8,963,201,0.025776483405892,80,0,na,"(25, 37, 52)",0.15849936,0.000110587701764,,False
1418_41,mp-15297,Hf6 Ni1 Sb2,1418,2-12,0.2195248296357252,72,0,na,"(28, 51, 72)",0.15841417,0.0001111163889413,0.11456443656241971,True
1729_3,mp-865066,Hf4 In4 Rh8,1729,110,0.25,48,0,na,"(45, 49, 72)",0.15810138,0.0001114537009717,0.08358273204084994,True
1563_3,mp-862446,Ta4 Al4 Ru8,1563,110,0.2499999999999999,48,0,na,"(13, 44, 73)",0.15785266,0.0001113099244576,0.16636003760472318,True
1652_15,mp-1207263,Zr6 Fe1 Sn2,1652,212,0.2866537404614202,72,0,na,"(26, 40, 50)",0.15781514,0.000111295855534,,False
1727_22,mp-4756,Zn4 Sn4 Sb8,1727,101,0.5625,32,0,na,"(30, 50, 51)",0.15779217,0.0001112920427609,0.03829563759090905,True
1350_0,mp-4913,Li4 Ga8 Rh4,1350,111,0.1250000000000002,48,0,na,"(3, 31, 45)",0.15771039,0.0001112467435692,0.09069610537422695,True
2614_46,mp-1091395,Zr3 Ge3 Os3,2614,2-12,0.3541441082488425,54,0,na,"(32, 40, 76)",0.15765297,0.0001112186129981,0.12679327403268217,True
1186_6,mp-1186766,Ta8 Mo4 Ir4,1186,100,0.125,32,0,na,"(42, 73, 77)",0.15760352,0.0001112834788747,0.1904780904710856,True
1282_6,mp-19971,Zn4 Co8 Ge4,1282,100,0.125,32,0,na,"(27, 30, 32)",0.15752804,0.0001112425620816,0.1266034671935926,True
1872_13,mp-21113,Y2 Fe4 Ge4,1872,201,0.0294018681445679,60,0,na,"(26, 32, 39)",0.15747139,0.0001112149290301,0.09496404619924305,True
1946_8,mp-21026,Li8 In4 Pt4,1946,210,0.0625,64,0,na,"(3, 49, 78)",0.15742223,0.0001111925758173,0.05656212716159495,True
2543_48,mp-1078729,Zr6 Cu1 Bi2,2543,102,0.1819638081578455,54,0,na,"(29, 40, 83)",0.15739988,0.0001111891526746,0.09886686912068854,True
1218_1,mp-862622,Be4 Ru8 W4,1218,111,0.3750000000000002,48,0,na,"(4, 44, 74)",0.15731469,0.0001111413311529,0.1936653202610641,True
1278_46,mp-13171,Y3 Mg3 Cu3,1278,2-12,0.3535661593925869,54,0,na,"(12, 29, 39)",0.1572508,0.0001111085422273,0.07220255981932239,True
1063_17,mp-568925,Ni6 Sn12 Au3,1063,101,0.4502280038934012,63,0,na,"(28, 50, 79)",0.15723312,0.000111108395179,0.0644148236576885,True
1524_20,mp-1215958,Y4 Fe4 Co4,1524,011,0.0622631348808244,36,0,na,"(26, 27, 39)",0.15719782,0.0001110957941967,0.10252736011521411,True
2543_46,mp-1078729,Zr6 Cu1 Bi2,2543,102,0.0594993452177307,54,0,na,"(29, 40, 83)",0.15719582,0.0001111067242344,,False
1374_0,mp-867123,Ta4 Ti4 Os8,1374,111,0.1249999999999997,48,0,na,"(22, 73, 76)",0.15717863,0.0001111069189896,0.1601405142088212,True
939_5,mp-863727,Li4 Ti4 Rh8,939,210,0.0625,64,0,na,"(3, 22, 45)",0.15714803,0.000111097632082,0.12615355384528115,True
2520_6,mp-865989,Al8 Ir4 Ru4,2520,100,0.125,32,0,na,"(13, 44, 77)",0.15714337,0.0001111066813299,0.18524763186336501,True
1081_0,mp-865485,V8 Cr4 Os4,1081,111,0.125,48,0,na,"(23, 24, 76)",0.1570611,0.0001110608527346,0.21684572536222047,True
1490_1,mp-1187211,Ta8 Ru4 W4,1490,111,0.375,48,0,na,"(44, 73, 74)",0.1569923,0.0001112705185904,0.1930091301358346,True
2403_3,mp-4238,Mn3 Fe3 As3,2403,111,0.75,45,0,na,"(25, 26, 33)",0.15697743,0.0001112723606004,0.07409957949671814,True
1292_8,mp-1079785,Y4 Cd2 Ge4,1292,212,0.0304189608653171,60,0,na,"(32, 39, 48)",0.15687166,0.0001112097608434,0.08470462206994411,True
2090_18,mp-568280,Ba2 Ni4 As4,2090,112,0.5000000000000001,40,0,na,"(28, 33, 56)",0.15666966,0.0001114592487679,0.04417588221492794,True
941_11,mp-8150,Ba1 Cd2 Sb2,941,211,0.0923220728470434,80,0,na,"(48, 51, 56)",0.15664643,0.0001114551449924,,False
2495_3,mp-864968,Mn4 In4 Rh8,2495,110,0.25,48,0,na,"(25, 45, 49)",0.15659225,0.0001114290148409,0.09590299136088504,True
1622_3,mp-972204,V8 Mo4 Ru4,1622,110,0.25,48,0,na,"(23, 42, 44)",0.15657504,0.0001114291848723,0.1727700815767757,True
2345_0,mp-865925,Li4 Zr4 Ir8,2345,111,0.125,48,0,na,"(3, 40, 77)",0.15653788,0.0001114151542511,0.15234262795023243,True
2363_6,mp-1217093,Ti8 Nb4 Al4,2363,110,0.0,32,0,na,"(13, 22, 41)",0.15651827,0.0001114136100836,0.11961281683398134,True
1673_3,mp-1217009,Ti1 Al2 Zn1,1673,212,0.125,32,0,na,"(13, 22, 30)",0.1564347,0.0001113665306195,0.10196059343384807,True
2053_3,mp-865512,Y4 Mg4 Cd8,2053,110,0.2500000000000001,32,0,na,"(12, 39, 48)",0.15638974,0.0001113469237242,0.05504861430409074,True
2046_15,mp-1078635,Sc3 Ge3 Os3,2046,212,0.1473039654851463,72,0,na,"(21, 32, 76)",0.15624914,0.0001112592072062,0.11302451248204604,True
1542_6,mp-866166,Y8 Pd4 Ru4,1542,100,0.125,32,0,na,"(39, 44, 46)",0.15619132,0.0001112304111399,0.11225704145805186,True
2161_3,mp-867748,Sc4 Sn4 Ru8,2161,110,0.25,48,0,na,"(21, 44, 50)",0.15610503,0.0001114222227625,0.10300959734981699,True
1370_46,mp-1095158,Hf3 Ga3 Co3,1370,102,0.1839583520898022,72,0,na,"(27, 31, 72)",0.15605415,0.0001113983186749,0.12976133026739747,True
933_27,mp-1217076,Ti4 Al2 Ge6,933,121,0.068459448298436,60,0,na,"(13, 22, 32)",0.1560214,0.0001113873486473,0.08437463976264778,True
1178_1,mp-865278,Nb4 Al4 Os8,1178,111,0.3750000000000002,48,0,na,"(13, 41, 76)",0.15594357,0.0001113441863126,0.20078569864586204,True
1009_17,mp-1070152,Ca2 Co4 Si4,1009,112,0.5,50,0,na,"(14, 20, 27)",0.15592954,0.0001113465666425,0.10522560947670193,True
1808_1,mp-862774,Li4 In4 Pt8,1808,111,0.375,48,0,na,"(3, 49, 78)",0.1558729,0.0001113185159403,0.09132110078452332,True
1445_3,mp-866031,Al8 Fe4 Ir4,1445,110,0.25,48,0,na,"(13, 26, 77)",0.15582196,0.0001112945256649,0.127726535670236,True
2013_92,mp-20393,Sr8 In4 Pt8,2013,021,0.4999999999999998,80,0,na,"(38, 49, 78)",0.15571965,0.0001112338313236,0.04579877409531127,True
2286_4,mp-4908,Y2 Co4 Ge4,2286,110,0.25,40,0,na,"(27, 32, 39)",0.15564089,0.0001111899394769,0.11984643240590837,True
2014_3,mp-866288,Be4 V4 Co8,2014,110,0.2499999999999999,48,0,na,"(4, 23, 27)",0.15557684,0.0001111565416099,0.15374454085601244,True
1411_51,mp-1217923,Ta1 Ni6 Mo1,1411,120,0.3800297856837246,48,0,na,"(28, 42, 73)",0.15556377,0.0001111595594685,0.15207086973091788,True
2296_15,mp-10214,Y6 Ge3 Rh9,2296,100,0.0833333333333333,54,0,na,"(32, 39, 45)",0.15555196,0.0001111634774047,0.09962482741350584,True
1744_0,mp-864897,Zr8 Cu4 Os4,1744,111,0.125,48,0,na,"(29, 40, 76)",0.15554208,0.0001111687746802,0.1350254986040294,True
1918_3,mp-866024,Be8 Rh4 Au4,1918,110,0.25,48,0,na,"(4, 45, 79)",0.15548411,0.000111139697723,0.09705195806040423,True
1503_11,mp-1079079,Hf3 As3 Ru3,1503,110,0.4550005941510911,36,0,na,"(33, 44, 72)",0.15538545,0.0001110815213401,0.13808585442082116,True
2501_47,mp-11547,Y3 Tl3 Pd3,2501,2-12,0.4513449710597969,54,0,na,"(39, 46, 81)",0.15537655,0.000111087498701,0.06421696053212102,True
1355_44,mp-8221,Zr3 As3 Ru3,1355,2-12,0.1890394275987574,54,0,na,"(33, 40, 44)",0.15527716,0.0001110287730676,0.1144693629169162,True
2568_9,mp-11957,Ca4 Sn8 Ir4,2568,110,0.0,48,0,na,"(20, 50, 77)",0.15526828,0.0001110347515994,0.06716157716694841,True
1034_14,mp-1227279,Be16 Al4 Ni4,1034,100,0.188095573290262,48,0,na,"(4, 13, 28)",0.15523602,0.0001110240094971,0.13882354658279636,True
1406_4,mp-1018799,Mg1 Sc3 Ru2,1406,221,0.1095120890486924,60,0,na,"(12, 21, 44)",0.15523529,0.0001110358150462,0.10086759295050511,True
1740_0,mp-861908,Ta4 Ti4 Ru8,1740,111,0.125,48,0,na,"(22, 44, 73)",0.15512496,0.0001109692203893,0.16231919114200663,True
1032_0,mp-11512,Li4 Al8 Ir4,1032,111,0.125,48,0,na,"(3, 13, 77)",0.15511163,0.0001109719992002,0.14340976997584426,True
2384_18,mp-1078578,Na3 Cd12 As9,2384,101,0.3995619117394527,72,0,na,"(11, 33, 48)",0.15505168,0.0001111692410465,0.02437477088532663,True
1935_37,mp-1078231,Sr8 Ga16 Rh16,1935,012,0.0215640263193766,80,0,na,"(31, 38, 45)",0.15499543,0.0001111412663074,0.08544825759577354,True
963_33,mp-8720,Rb8 Mn4 Te8,963,112,0.0742363305145765,60,0,na,"(25, 37, 52)",0.15499166,0.0001113436685562,0.022088829543117496,True
2264_9,mp-13963,Hf2 Si2 Te2,2264,212,0.125,48,0,na,"(14, 52, 72)",0.15495627,0.0001113306408765,0.07634177708822022,True
1845_2,mp-31451,Zr4 Co4 Bi4,1845,111,0.875,36,0,na,"(27, 40, 83)",0.15494174,0.0001113325963108,0.14460792800916267,True
2179_4,mp-1078242,Y2 Al2 Pd4,2179,212,0.0443366176853508,64,0,na,"(13, 39, 46)",0.15493828,0.0001113425061958,0.09028609056883705,True
1476_1,mp-636320,Ti4 Ga4 Fe8,1476,111,0.375,48,0,na,"(22, 26, 31)",0.15487194,0.0001113072258453,0.1578402353468335,True
2418_5,mp-4492,Mn4 Co8 Si4,2418,210,0.0624999999999999,64,0,na,"(14, 25, 27)",0.15481173,0.0001112763384824,0.15369486272017638,True
1845_0,mp-31451,Zr4 Co4 Bi4,1845,111,0.25,36,0,na,"(27, 40, 83)",0.15473406,0.0001112328880454,0.09572514536556163,True
2318_8,mp-31147,Ba2 Zn2 Si2,2318,210,0.0833333333333332,48,0,na,"(14, 30, 56)",0.15472515,0.0001112388563782,0.05356860637121329,True
2297_4,mp-1205897,Zr6 Fe1 Bi2,2297,111,0.7499999999999999,36,0,na,"(26, 40, 83)",0.1546981,0.0001112317822151,0.08189263857050241,True
2605_14,mp-571203,Sr2 Co4 As4,2605,201,0.0363324206471711,60,0,na,"(27, 33, 38)",0.1546762,0.0001112284077043,0.06351145148436477,True
1840_27,mp-1077722,Sc4 Zn4 Pt4,1840,120,0.25,48,0,na,"(21, 30, 78)",0.15462887,0.0001112067418199,0.10127993205255562,True
1081_1,mp-865485,V8 Cr4 Os4,1081,111,0.375,48,0,na,"(23, 24, 76)",0.15460756,0.000111203782601,0.19560464176334064,True
1503_44,mp-1079079,Hf3 As3 Ru3,1503,2-12,0.0614178581075108,54,0,na,"(33, 44, 72)",0.1545881,0.000111202151807,0.10596933733651476,True
1066_1,mp-867235,Li4 Y8 Ir4,1066,111,0.375,48,0,na,"(3, 39, 77)",0.15453534,0.0001111765622463,0.09703254886887938,True
1237_3,mp-865652,Ti4 Mn8 Si4,1237,110,0.25,48,0,na,"(14, 22, 25)",0.1544796,0.0001111488186493,0.14176179774310396,True
1310_3,mp-977367,Cd4 In4 Rh8,1310,110,0.2499999999999999,48,0,na,"(45, 48, 49)",0.1544127,0.0001111130338585,0.08082211004930692,True
1759_37,mp-11444,Y4 Ga8 Ni4,1759,120,0.25,64,0,na,"(28, 31, 39)",0.15441164,0.0001111246184921,0.08657458939500291,True
1474_25,mp-9768,Ba4 Sb8 Pd4,1474,101,0.0,48,0,na,"(46, 51, 56)",0.15428424,0.0001111442705755,0.0360286066955281,True
1025_46,mp-7544,Zr3 Si3 Ru3,1025,2-12,0.3537153550655762,72,0,na,"(14, 40, 44)",0.15420792,0.000111101638995,0.14547627404667998,True
1990_0,mp-972879,Sc8 Ru4 Au4,1990,111,0.1250000000000002,48,0,na,"(21, 44, 79)",0.15396422,0.0001109383867477,0.10753157164452835,True
1417_32,mp-11113,Ti4 Te4 As4,1417,011,0.0,36,0,na,"(22, 33, 52)",0.15386246,0.0001108773644873,0.07723334182634421,True
1598_9,mp-7882,Ba2 Ag4 Sn4,1598,210,0.125,60,0,na,"(47, 50, 56)",0.15376703,0.0001108208826287,0.0445511574290056,True
1818_3,mp-867849,Ca8 Tl4 Cd4,1818,110,0.2499999999999999,32,0,na,"(20, 48, 81)",0.15371452,0.0001107953167704,0.03612081850633933,True
1462_39,mp-1206544,Sr4 Tl8 Pt4,1462,112,0.0659655298274033,64,0,na,"(38, 78, 81)",0.1537142,0.0001108073630557,0.03838752970101032,True
1112_0,mp-865948,Ti8 Re4 Rh4,1112,111,0.1249999999999997,48,0,na,"(22, 45, 75)",0.15369011,0.0001108022750982,0.19111628619791093,True
2284_5,mp-1080646,Y2 Si4 Pt4,2284,221,0.0968798916595528,80,0,na,"(14, 39, 78)",0.1536171,0.0001107619115001,0.10001969413584584,True
2337_1,mp-979259,V8 Re4 Mo4,2337,111,0.375,48,0,na,"(23, 42, 75)",0.15358016,0.0001109301225786,0.20034089852862358,True
1921_1,mp-862321,Li4 As4 Pd8,1921,111,0.3750000000000002,48,0,na,"(3, 33, 46)",0.15350832,0.000110890534034,0.06565514231128113,True
1373_3,mp-601285,Mn2 Ga2 Ni4,1373,212,0.125,64,0,na,"(25, 28, 31)",0.15350044,0.0001108971391639,0.10865022139071269,True
1901_6,mp-865933,Li4 Si4 Ir8,1901,100,0.125,32,0,na,"(3, 14, 77)",0.1533905,0.0001108944014695,0.1448163559133876,True
2454_1,mp-865010,Hf4 Ga4 Ru8,2454,111,0.375,48,0,na,"(31, 44, 72)",0.15337563,0.0001108959488711,0.14912704733530138,True
1996_1,mp-1186122,Na4 Cd8 Rh4,1996,111,0.3750000000000003,48,0,na,"(11, 45, 48)",0.1533734,0.0001109066355997,0.036635946452597816,True
2046_16,mp-1078635,Sc3 Ge3 Os3,2046,212,0.2112745976369593,72,0,na,"(21, 32, 76)",0.15336527,0.0001109130576672,0.11782908138229836,True
2345_6,mp-865925,Li4 Zr4 Ir8,2345,100,0.125,32,0,na,"(3, 40, 77)",0.15335508,0.0001109179905596,0.14776129372855745,True
2614_16,mp-1091395,Zr3 Ge3 Os3,2614,212,0.1836261346333518,72,0,na,"(32, 40, 76)",0.15319198,0.0001108911523198,0.12283554639676092,True
1857_72,mp-1078280,Ca8 Ga4 Pd8,1857,10-2,0.125,80,0,na,"(20, 31, 46)",0.1531893,0.0001109015103432,0.06109294562924057,True
1669_5,mp-21067,Sc4 In4 Cu8,1669,210,0.0625,64,0,na,"(21, 29, 49)",0.15317096,0.0001111298713355,0.08681652860230943,True
1179_1,mp-866154,Ti4 Be4 Ir8,1179,111,0.375,48,0,na,"(4, 22, 77)",0.15310925,0.0001110974452269,0.19910871991805867,True
1351_5,mp-864883,Mg4 Sn4 Pd8,1351,210,0.0625,64,0,na,"(12, 46, 50)",0.15310837,0.0001111091506338,0.06803637074261172,True
1073_5,mp-865123,Mg4 Ga4 Pd8,1073,210,0.0625,64,0,na,"(12, 31, 46)",0.15307124,0.0001110945494002,0.07558737864177206,True
1605_30,mp-1079890,Al8 Cu4 Ir4,1605,011,0.25,48,0,na,"(13, 29, 77)",0.15296106,0.0001110269185215,0.11072753097157939,True
2297_17,mp-1205897,Zr6 Fe1 Bi2,2297,212,0.4166666666666666,72,0,na,"(26, 40, 83)",0.15295044,0.0001110315374747,,False
897_14,mp-1206600,K2 As4 Ru4,897,201,0.0375070690036,60,0,na,"(19, 33, 44)",0.15291983,0.0001110216436163,0.07270615926297677,True
2143_23,mp-7773,Na8 As4 Au4,2143,201,0.0142779083234021,64,0,na,"(11, 33, 79)",0.15289584,0.0001110165518266,0.05583109513967689,True
2069_5,mp-1068048,Ba2 Sn6 Au2,2069,221,0.0876562433122087,60,0,na,"(50, 56, 79)",0.15286818,0.000111008791916,0.030859714372886426,True
2007_4,mp-1018811,Nb2 Ge2 Sb2,2007,221,0.1579444094351368,48,0,na,"(32, 41, 51)",0.15281694,0.0001109839029848,0.09849284273586585,True
903_0,mp-865895,Ga4 Ge4 Ru8,903,111,0.125,48,0,na,"(31, 32, 44)",0.15270588,0.0001113528199286,0.12329690625421956,True
2506_3,mp-865231,Li4 Sc4 Tl8,2506,110,0.25,32,0,na,"(3, 21, 81)",0.15268484,0.0001113498767258,0.04341639796260275,True
1143_4,mp-13572,Sc4 Si4 Pt8,1143,111,1.0,64,0,na,"(14, 21, 78)",0.1526318,0.0001113483790004,0.10108501043805272,True
1416_3,mp-861905,Li4 Bi4 Pd8,1416,110,0.25,48,0,na,"(3, 46, 83)",0.15258768,0.0001113285887121,0.036550008162191304,True
2069_7,mp-1068048,Ba2 Sn6 Au2,2069,221,0.2144608114934617,60,0,na,"(50, 56, 79)",0.15253359,0.0001113015154699,0.03454622465173563,True
2371_45,mp-14209,Li3 Y3 Ge3,2371,2-12,0.3558596190012917,54,0,na,"(3, 32, 39)",0.15245505,0.0001112565890149,0.09177907409474652,True
1128_42,mp-1219797,Ni12 Sn2 Te4,1128,112,0.661723625324303,72,0,na,"(28, 50, 52)",0.1524357,0.0001112548458677,0.06997435523470784,True
2154_32,mp-1071720,Sc4 Zn4 Pd4,2154,102,0.1250000000000001,72,0,na,"(21, 30, 46)",0.15240695,0.0001112462394294,0.08647433964803651,True
1370_8,mp-1095158,Hf3 Ga3 Co3,1370,221,0.847499924974124,63,0,na,"(27, 31, 72)",0.15237843,0.0001112377966433,,False
2091_0,mp-1216453,V6 Si1 Ge1,2091,111,0.1279949050200919,32,0,na,"(14, 23, 32)",0.15232703,0.0001119213562382,0.14801582945580652,True
2541_53,mp-1223832,K2 Si8 Pt8,2541,001,0.3510968885157483,54,0,na,"(14, 19, 78)",0.15232255,0.0001119305920092,0.06714788849755825,True
2482_14,mp-568673,Y2 Si4 Ru4,2482,201,0.0954891386715885,60,0,na,"(14, 39, 44)",0.15224816,0.0001119121169463,0.1501997003289244,True
1554_6,mp-865030,Hf4 Sc4 Ru8,1554,100,0.125,32,0,na,"(21, 44, 72)",0.15224333,0.0001119210919143,0.16534928443730443,True
1036_5,mp-865026,Mn8 V4 Si4,1036,210,0.0625,64,0,na,"(14, 23, 25)",0.15197302,0.0001117348800589,0.17382734653962367,True
1679_1,mp-867114,Ta4 Be4 Ru8,1679,111,0.375,48,0,na,"(4, 44, 73)",0.15196906,0.0001117444543077,0.1717450711279013,True
2015_5,mp-1079842,Hf3 Ga3 Rh3,2015,221,0.0513519033756324,63,0,na,"(31, 45, 72)",0.15194276,0.0001117376016973,0.11636739931752392,True
1947_0,mp-867924,Li4 Cd4 Pd8,1947,111,0.125,48,0,na,"(3, 46, 48)",0.15191297,0.0001118551407338,0.06491591450955889,True
2501_46,mp-11547,Y3 Tl3 Pd3,2501,2-12,0.3506724855298985,54,0,na,"(39, 46, 81)",0.15188718,0.0001118486621295,0.06710640390662831,True
1668_3,mp-980665,Zn8 Cu4 Ir4,1668,110,0.25,48,0,na,"(29, 30, 77)",0.15186249,0.0001118429900742,0.07859765474009359,True
2567_11,mp-7770,Sr1 Zn2 As2,2567,211,0.2500000000000001,80,0,na,"(30, 33, 38)",0.15180874,0.0001120043731313,0.041450566512080914,True
1412_1,mp-866086,Mg4 Si4 Ir8,1412,111,0.375,48,0,na,"(12, 14, 77)",0.15179558,0.0001120072089905,0.10631852637430932,True
1840_30,mp-1077722,Sc4 Zn4 Pt4,1840,112,0.25,72,0,na,"(21, 30, 78)",0.15170953,0.0001121538260894,0.0896938088302898,True
1308_2,mp-1025324,Si1 Sn1 Pt5,1308,221,0.07405167359342,56,0,na,"(14, 50, 78)",0.15168366,0.0001121472790025,0.09781893972061771,True
1341_3,mp-12520,Sr2 Ni4 Ge2,1341,212,0.0416666666666665,64,0,na,"(28, 32, 38)",0.15165798,0.0001121408687937,0.07250406131387616,True
2007_21,mp-1018811,Nb2 Ge2 Sb2,2007,112,0.4999999999999999,30,0,na,"(32, 41, 51)",0.15162702,0.0001121305503748,0.07688662033169211,True
1650_1,mp-864902,Mg4 Tl4 Rh8,1650,111,0.375,48,0,na,"(12, 45, 81)",0.15158515,0.0001121121580536,0.09687350401741489,True
1414_44,mp-1079038,Hf3 Sn3 Ir3,1414,2-12,0.2676366919035243,72,0,na,"(50, 72, 77)",0.15157208,0.0001121150609619,0.0928480166487522,True
2255_45,mp-1220426,Nb1 Ni6 Mo1,2255,121,0.1808337023291921,48,0,na,"(28, 41, 42)",0.15156701,0.0001121238815526,0.16645384114704018,True
