slab_id,mp_id,formula,crystal_id,miller_index,shift,num_atom,test,energy,chem_system,weight,normalized_weight
1006_5,mp-864921,Mg4 Zr4 Ir8,1006,210,0.0625,64,0,na,"(12, 40, 77)",0.5609445,0.00021436464421945888
983_5,mp-864908,Mg4 Ti4 Ir8,983,210,0.0625,64,0,na,"(12, 22, 77)",0.5594355,0.00021383381907750428
1348_5,mp-865048,Ti4 Zn4 Ir8,1348,210,0.0625,64,0,na,"(22, 30, 77)",0.54488313,0.00020831599120072747
1697_5,mp-977563,Li4 Nb4 Ir8,1697,210,0.0625,64,0,na,"(3, 41, 77)",0.54411554,0.00020806587489129099
1790_2,mp-637771,Zr4 In4 Ni16,1790,111,0.4374470651965404,72,0,na,"(28, 40, 49)",0.5341534,0.0002042989317350835
1671_4,mp-567636,V4 Fe4 Sb4,1671,221,0.1875,72,0,na,"(23, 26, 51)",0.52890295,0.00020233211576872864
1790_3,mp-637771,Zr4 In4 Ni16,1790,111,0.8124470651965404,72,0,na,"(28, 40, 49)",0.52690834,0.00020160986876241002
903_5,mp-865895,Ga4 Ge4 Ru8,903,210,0.0625,64,0,na,"(31, 32, 44)",0.525974,0.00020129294678905812
2345_5,mp-865925,Li4 Zr4 Ir8,2345,210,0.0625,64,0,na,"(3, 40, 77)",0.52488214,0.00020091552924736473
1431_5,mp-865680,Ti4 Si4 Os8,1431,210,0.0625,64,0,na,"(14, 22, 76)",0.51863617,0.00019856457794830256
1077_38,mp-8608,K3 Cu12 As6,1077,10-2,0.5000000000000002,63,0,na,"(19, 29, 33)",0.51219636,0.00019613798413519395
1795_5,mp-1183038,Zr4 Zn4 Ir8,1795,210,0.0625,64,0,na,"(30, 40, 77)",0.5028795,0.00019260800880584005
2345_3,mp-865925,Li4 Zr4 Ir8,2345,110,0.25,48,0,na,"(3, 40, 77)",0.50231236,0.00019242785151144247
1348_3,mp-865048,Ti4 Zn4 Ir8,1348,110,0.25,48,0,na,"(22, 30, 77)",0.49929202,0.00019130762035658516
1671_3,mp-567636,V4 Fe4 Sb4,1671,221,0.0625,72,0,na,"(23, 26, 51)",0.4968637,0.0001904136182402181
2294_5,mp-861954,Li4 Ta4 Ru8,2294,210,0.0624999999999999,64,0,na,"(3, 44, 73)",0.49161017,0.00018843618301778782
970_5,mp-867107,Be4 Si4 Os8,970,210,0.0624999999999999,64,0,na,"(4, 14, 76)",0.47926435,0.0001837386028647599
983_3,mp-864908,Mg4 Ti4 Ir8,983,110,0.25,48,0,na,"(12, 22, 77)",0.47819707,0.00018336312387002556
1077_18,mp-8608,K3 Cu12 As6,1077,101,0.4999999999999998,63,0,na,"(19, 29, 33)",0.4764091,0.00018271103500750322
1863_14,mp-1080693,Cs8 Bi8 Pd4,1863,212,0.0807009359758746,80,0,na,"(46, 55, 83)",0.46709093,0.00017917009385321468
900_5,mp-865640,Ti4 Ge4 Ru8,900,210,0.0625,64,0,na,"(22, 32, 44)",0.46615118,0.00017884166087553732
1636_5,mp-867767,Be4 Si4 Rh8,1636,210,0.0625,64,0,na,"(4, 14, 45)",0.4651587,0.00017849281199676444
1275_3,mp-15779,Mg6 Si3 Ni9,1275,110,0.2500000000000001,72,0,na,"(12, 14, 28)",0.46464428,0.0001783272465463734
1051_3,mp-1100405,Sc4 Te4 Rh4,1051,221,0.0625,72,0,na,"(21, 45, 52)",0.46261075,0.00017757845893795794
2047_5,mp-867958,Ta4 In4 Ru8,2047,210,0.0624999999999999,64,0,na,"(44, 49, 73)",0.4617226,0.00017726901149976132
1051_4,mp-1100405,Sc4 Te4 Rh4,1051,221,0.1875,72,0,na,"(21, 45, 52)",0.45493525,0.0001746941142180905
975_3,mp-3441,Y2 Si4 Rh4,975,221,0.0929327102455932,80,0,na,"(14, 39, 45)",0.45440212,0.0001745198810915381
1791_2,mp-1069956,Ca2 Si4 Rh4,1791,221,0.0317346183306863,80,0,na,"(14, 20, 45)",0.45349523,0.00017420197823017608
975_2,mp-3441,Y2 Si4 Rh4,975,221,0.0304327102455932,80,0,na,"(14, 39, 45)",0.44947731,0.00017268864974507138
2081_5,mp-862610,Li4 Hf4 Ir8,2081,210,0.0625,64,0,na,"(3, 72, 77)",0.4483217,0.0001722744155890077
1790_8,mp-637771,Zr4 In4 Ni16,1790,110,0.1251058696069193,72,0,na,"(28, 40, 49)",0.44756478,0.00017201319106626073
1014_0,mp-865717,Ti8 Re4 Ir4,1014,111,0.125,48,0,na,"(22, 75, 77)",0.44631907,0.00017156393687887842
1094_5,mp-862290,Li4 Fe4 Rh8,1094,210,0.0624999999999999,64,0,na,"(3, 26, 45)",0.44548133,0.00017127129569092115
983_1,mp-864908,Mg4 Ti4 Ir8,983,111,0.375,48,0,na,"(12, 22, 77)",0.44461337,0.00017096687850070641
1667_5,mp-865448,Ti4 Ga4 Ru8,1667,210,0.0625,64,0,na,"(22, 31, 44)",0.4444526,0.0001709342818219174
1093_5,mp-867781,Ta4 Ga4 Ru8,1093,210,0.0625,64,0,na,"(31, 44, 73)",0.44434026,0.0001709202925484475
1863_13,mp-1080693,Cs8 Bi8 Pd4,1863,212,0.0262764972835025,80,0,na,"(46, 55, 83)",0.4439186,0.00017078728747664038
1074_5,mp-977443,Zr4 Ge4 Ru8,1074,210,0.0625,64,0,na,"(32, 40, 44)",0.44260418,0.00017031068205677826
1043_5,mp-864906,Mg4 Sn4 Ir8,1043,210,0.0625,64,0,na,"(12, 50, 77)",0.44128448,0.00016983179582254494
2356_5,mp-867878,Al4 Fe8 Si4,2356,210,0.0625,64,0,na,"(13, 14, 26)",0.43889448,0.0001689406770617226
1741_5,mp-866075,Mg4 Ta4 Ir8,1741,210,0.0625,64,0,na,"(12, 73, 77)",0.4374162,0.0001684001023894227
1051_7,mp-1100405,Sc4 Te4 Rh4,1051,210,0.0625,48,0,na,"(21, 45, 52)",0.43594468,0.0001678618524159961
2279_5,mp-22503,Zr4 Co8 Sn4,2279,210,0.0625,64,0,na,"(27, 40, 50)",0.4333044,0.00016687321605246208
2444_5,mp-864798,Hf4 Zn4 Ir8,2444,210,0.0625,64,0,na,"(30, 72, 77)",0.4324578,0.00016657497226575042
1006_0,mp-864921,Mg4 Zr4 Ir8,1006,111,0.125,48,0,na,"(12, 40, 77)",0.43223995,0.00016651879822522864
2454_5,mp-865010,Hf4 Ga4 Ru8,2454,210,0.0625,64,0,na,"(31, 44, 72)",0.43134344,0.00016620109676136405
1940_9,mp-22150,Zr4 In2 Co4,1940,212,0.1128318902779117,80,0,na,"(27, 40, 49)",0.43106607,0.00016612183285723463
2464_17,mp-1095148,Ti3 Fe3 As3,2464,212,0.2899667867410708,72,0,na,"(22, 26, 33)",0.43096206,0.00016610934445349484
1940_8,mp-22150,Zr4 In2 Co4,1940,212,0.0296624052097556,80,0,na,"(27, 40, 49)",0.4307014,0.0001660364562764215
1459_3,mp-7361,Sr2 Co4 Ge4,1459,221,0.0977925505846988,80,0,na,"(27, 32, 38)",0.42725822,0.00016473645411689176
1901_3,mp-865933,Li4 Si4 Ir8,1901,110,0.25,48,0,na,"(3, 14, 77)",0.42533273,0.00016402106993692564
1894_3,mp-867904,Al4 Ge4 Ru8,1894,110,0.2499999999999999,48,0,na,"(13, 32, 44)",0.42320526,0.00016322742637158948
1894_5,mp-867904,Al4 Ge4 Ru8,1894,210,0.0625,64,0,na,"(13, 32, 44)",0.42144677,0.00016257572540653785
2043_3,mp-861978,Hf8 Re4 Ir4,2043,110,0.25,48,0,na,"(72, 75, 77)",0.42018616,0.00016211579331341152
1741_3,mp-866075,Mg4 Ta4 Ir8,1741,110,0.25,48,0,na,"(12, 73, 77)",0.4193566,0.00016182196722158978
2153_5,mp-867120,Ta4 Mn8 Al4,2153,210,0.0625,64,0,na,"(13, 25, 73)",0.41856578,0.00016154294558577578
2261_3,mp-865170,Ga4 Fe4 Rh8,2261,110,0.25,48,0,na,"(26, 31, 45)",0.41807115,0.00016137811560807067
2500_5,mp-867928,Sc4 Ga4 Rh8,2500,210,0.0625,64,0,na,"(21, 31, 45)",0.41743317,0.00016115785863308406
1791_3,mp-1069956,Ca2 Si4 Rh4,1791,221,0.0942346183306863,80,0,na,"(14, 20, 45)",0.41391748,0.00015982631822310483
1404_2,mp-15608,Ba2 Mn4 As4,1404,221,0.0362849105514513,80,0,na,"(25, 33, 56)",0.40969858,0.00015839517647062444
2594_2,mp-1219193,Si1 Ni6 Ge1,2594,221,0.0642934443330762,80,0,na,"(14, 28, 32)",0.40842977,0.00015792965215035999
1894_1,mp-867904,Al4 Ge4 Ru8,1894,111,0.3750000000000002,48,0,na,"(13, 32, 44)",0.40588552,0.00015697064415958048
903_3,mp-865895,Ga4 Ge4 Ru8,903,110,0.25,48,0,na,"(31, 32, 44)",0.40325847,0.00015597915284065543
1404_3,mp-15608,Ba2 Mn4 As4,1404,221,0.0987849105514513,80,0,na,"(25, 33, 56)",0.40252405,0.00015571937038812142
1173_9,mp-567749,Y2 Si4 Os4,1173,210,0.125,60,0,na,"(14, 39, 76)",0.40215406,0.0001556004670594972
1898_5,mp-981365,V8 Re4 Ru4,1898,210,0.0625,64,0,na,"(23, 44, 75)",0.4019434,0.00015557962970699207
962_5,mp-865807,Ti8 Mo4 Ir4,962,210,0.0625,64,0,na,"(22, 42, 77)",0.40176418,0.00015553445728334328
970_1,mp-867107,Be4 Si4 Os8,970,111,0.3750000000000002,64,0,na,"(4, 14, 76)",0.4016955,0.00015553205987660097
1862_18,mp-1205902,Li5 Cu2 Ge2,1862,210,0.25,72,0,na,"(3, 29, 32)",0.40163347,0.00015553223279441995
1795_3,mp-1183038,Zr4 Zn4 Ir8,1795,110,0.25,48,0,na,"(30, 40, 77)",0.40146622,0.00015549164933210152
1698_3,mp-10755,Ti4 Fe4 Sb4,1698,221,0.0625,72,0,na,"(22, 26, 51)",0.4012878,0.00015544671625144975
1813_5,mp-3944,Zr4 Al4 Ni8,1813,210,0.0625,64,0,na,"(13, 28, 40)",0.4012479,0.0001554554252376307
2043_5,mp-861978,Hf8 Re4 Ir4,2043,210,0.0625,64,0,na,"(72, 75, 77)",0.40088832,0.00015534026168827428
1697_3,mp-977563,Li4 Nb4 Ir8,1697,110,0.25,48,0,na,"(3, 41, 77)",0.40073478,0.0001553048915583336
1783_5,mp-867326,Al8 Ru4 Rh4,1783,210,0.0625,64,0,na,"(13, 44, 45)",0.39922354,0.00015474324239772756
1348_1,mp-865048,Ti4 Zn4 Ir8,1348,111,0.375,48,0,na,"(22, 30, 77)",0.39882427,0.0001546124063720222
2038_5,mp-864944,Mn4 Be8 Pt4,2038,210,0.0625,64,0,na,"(4, 25, 78)",0.398805,0.0001546288434989684
1940_25,mp-22150,Zr4 In2 Co4,1940,112,0.0413389701363122,80,0,na,"(27, 40, 49)",0.39823925,0.00015443336484751767
970_0,mp-867107,Be4 Si4 Os8,970,111,0.1250000000000002,64,0,na,"(4, 14, 76)",0.3977912,0.0001542834418622206
1948_5,mp-862291,Be4 Ga4 Rh8,1948,210,0.0625,64,0,na,"(4, 31, 45)",0.3976065,0.00015423560190872833
2464_14,mp-1095148,Ti3 Fe3 As3,2464,212,0.0833333333333332,72,0,na,"(22, 26, 33)",0.3972481,0.0001541203457508874
2261_5,mp-865170,Ga4 Fe4 Rh8,2261,210,0.0625,64,0,na,"(26, 31, 45)",0.39704743,0.0001540662365524344
2523_16,mp-1228194,Al6 Co1 Cu3,2523,212,0.0810991417552258,80,0,na,"(13, 27, 29)",0.39597607,0.0001536741929458843
1404_10,mp-15608,Ba2 Mn4 As4,1404,210,0.125,60,0,na,"(25, 33, 56)",0.39587343,0.00015365797269471673
1863_44,mp-1080693,Cs8 Bi8 Pd4,1863,102,0.125,80,0,na,"(46, 55, 83)",0.39583293,0.0001536658646355547
2450_21,mp-1225227,Fe9 Co9 Si6,2450,101,0.0635303368544053,72,0,na,"(14, 26, 27)",0.39533693,0.0001534969002571862
913_5,mp-864715,Hf4 In4 Co8,913,210,0.0625,64,0,na,"(27, 49, 72)",0.39440873,0.00015316001896858013
1045_5,mp-867821,Ta4 Ti4 Mn8,1045,210,0.0625,64,0,na,"(22, 25, 73)",0.39323783,0.00015272871745169886
1321_5,mp-861666,Li4 Ru8 W4,1321,210,0.0625,64,0,na,"(3, 44, 74)",0.39241007,0.00015313780656727916
2476_3,mp-867293,Li4 Co8 Si4,2476,110,0.25,48,0,na,"(3, 14, 27)",0.39173448,0.00015289757235299587
2046_18,mp-1078635,Sc3 Ge3 Os3,2046,212,0.4166666666666666,72,0,na,"(21, 32, 76)",0.3912356,0.00015272620636440294
1524_3,mp-1215958,Y4 Fe4 Co4,1524,221,0.0938684325595877,72,0,na,"(26, 27, 39)",0.39110687,0.0001526992753584097
1658_5,mp-866183,Ti8 Zn4 Re4,1658,210,0.0625,64,0,na,"(22, 30, 75)",0.3909557,0.00015266356589533592
1965_5,mp-865506,V4 Si4 Os8,1965,210,0.0625,64,0,na,"(14, 23, 76)",0.3906505,0.0001525676804397547
2046_48,mp-1078635,Sc3 Ge3 Os3,2046,102,0.25,54,0,na,"(21, 32, 76)",0.3878713,0.00015191300481805483
1753_5,mp-1185981,Mn8 Ir4 Rh4,1753,210,0.0625,64,0,na,"(25, 45, 77)",0.38699368,0.00015159230652432335
1006_1,mp-864921,Mg4 Zr4 Ir8,1006,111,0.375,48,0,na,"(12, 40, 77)",0.3868641,0.0001515645237496912
2043_0,mp-861978,Hf8 Re4 Ir4,2043,111,0.125,48,0,na,"(72, 75, 77)",0.3868338,0.00015157562638895021
2017_3,mp-1223820,Hf6 Al9 Cu3,2017,110,0.2500000000000003,72,0,na,"(13, 29, 72)",0.38403514,0.0001505018214832555
1366_5,mp-865866,Li4 Zr4 Pt8,1366,210,0.0625,64,0,na,"(3, 40, 78)",0.38387954,0.00015046348750015896
1518_32,mp-1080614,Cs8 Sb8 Pt4,1518,122,0.0311729488154224,80,0,na,"(51, 55, 78)",0.38383198,0.00015046748598523626
1077_17,mp-8608,K3 Cu12 As6,1077,101,0.343739300859066,63,0,na,"(19, 29, 33)",0.3830372,0.00015037651199503407
1213_5,mp-1183688,Cr4 Ga4 Ru8,1213,210,0.0625,64,0,na,"(24, 31, 44)",0.38227436,0.00015009960021794607
1059_5,mp-1187713,V4 Ga4 Os8,1059,210,0.0625,64,0,na,"(23, 31, 76)",0.38212037,0.00015006166041178363
1058_5,mp-865615,Ga4 Si4 Ru8,1058,210,0.0625,64,0,na,"(14, 31, 44)",0.3817936,0.00014995583789695867
1178_5,mp-865278,Nb4 Al4 Os8,1178,210,0.0625,64,0,na,"(13, 41, 76)",0.38141763,0.0001498306373543726
1516_11,mp-30147,Zr4 Ti4 As4,1516,210,0.125,72,0,na,"(22, 33, 40)",0.3810484,0.00014970802517980995
2523_25,mp-1228194,Al6 Co1 Cu3,2523,210,0.0833333333333333,80,0,na,"(13, 27, 29)",0.3798491,0.00014925918404921302
1173_3,mp-567749,Y2 Si4 Os4,1173,221,0.0943793789732808,80,0,na,"(14, 39, 76)",0.37949112,0.00014914077881389052
975_9,mp-3441,Y2 Si4 Rh4,975,210,0.125,60,0,na,"(14, 39, 45)",0.37944287,0.00014914405992741384
2464_19,mp-1095148,Ti3 Fe3 As3,2464,212,0.4400498198883937,72,0,na,"(22, 26, 33)",0.3791312,0.00014904378371061755
2455_5,mp-4259,Ca2 Co4 Ge4,2455,212,0.0657774927283227,60,0,na,"(20, 27, 32)",0.37804902,0.00014864051183436437
1173_2,mp-567749,Y2 Si4 Os4,1173,221,0.0318793789732808,80,0,na,"(14, 39, 76)",0.37785158,0.00014858496853971306
1795_1,mp-1183038,Zr4 Zn4 Ir8,1795,111,0.375,48,0,na,"(30, 40, 77)",0.37634522,0.00014801460580745747
2375_5,mp-862369,Sc8 Ir4 Ru4,2375,210,0.0625,64,0,na,"(21, 44, 77)",0.37608552,0.00014793436360284638
1518_15,mp-1080614,Cs8 Sb8 Pt4,1518,212,0.0830643718856595,80,0,na,"(51, 55, 78)",0.37589425,0.00014788100365870828
962_3,mp-865807,Ti8 Mo4 Ir4,962,110,0.25,48,0,na,"(22, 42, 77)",0.37575725,0.0001478926088354849
1712_35,mp-1219656,Rb2 Si8 Pt8,1712,201,0.096478076216476,72,0,na,"(14, 37, 78)",0.37525415,0.0001477164421354554
1512_0,mp-865020,Hf4 Mg4 Ir8,1512,111,0.1250000000000002,48,0,na,"(12, 72, 77)",0.37509406,0.0001476752377719334
1152_5,mp-1184055,Ga4 Fe4 Ru8,1152,210,0.0625,64,0,na,"(26, 31, 44)",0.37492883,0.0001476319879987147
1518_26,mp-1080614,Cs8 Sb8 Pt4,1518,101,0.0334076629515892,40,0,na,"(51, 55, 78)",0.3741494,0.00014734683272302063
2523_26,mp-1228194,Al6 Co1 Cu3,2523,210,0.2499999999999999,80,0,na,"(13, 27, 29)",0.3740998,0.00014734901075173386
1563_5,mp-862446,Ta4 Al4 Ru8,1563,210,0.0625,64,0,na,"(13, 44, 73)",0.37397987,0.00014732348114727937
1209_5,mp-977550,Zr4 Sc4 Os8,1209,210,0.0625,64,0,na,"(21, 40, 76)",0.37367678,0.00014722577342765172
1843_1,mp-1221618,Mn4 Be16 Al4,1843,111,0.3100741159032838,72,0,na,"(4, 13, 25)",0.3727903,0.00014689813432636764
1516_18,mp-30147,Zr4 Ti4 As4,1516,112,4.440892098500626e-16,48,0,na,"(22, 33, 40)",0.37200555,0.0001466104401435223
2433_8,mp-1217094,Ti9 Nb9 Sn6,2433,110,0.6218926879143303,72,0,na,"(22, 41, 50)",0.3718217,0.00014655947049822192
2047_3,mp-867958,Ta4 In4 Ru8,2047,110,0.2499999999999999,48,0,na,"(44, 49, 73)",0.37175012,0.00014655273478748047
2071_1,mp-862719,Li4 Y8 Os4,2071,111,0.375,48,0,na,"(3, 39, 76)",0.37160796,0.00014651816457367562
2044_7,mp-1226004,Co1 Ni1 Pt2,2044,211,0.187963357624632,80,0,na,"(27, 28, 78)",0.37150267,0.00014649811530364535
2577_1,mp-865465,V4 Co8 Ge4,2577,111,0.3750000000000002,64,0,na,"(23, 27, 32)",0.37047836,0.00014611559524020543
1651_5,mp-865025,Hf4 Ta4 Re8,1651,210,0.0625,64,0,na,"(72, 73, 75)",0.3701417,0.0001460041509919113
997_5,mp-867156,Sc4 Ga4 Ru8,997,210,0.0625,64,0,na,"(21, 31, 44)",0.36948028,0.00014576453295937913
2056_2,mp-975359,Rb2 Fe4 As4,2056,221,0.0389794055860442,80,0,na,"(26, 33, 37)",0.36768442,0.0001473077991883392
2046_17,mp-1078635,Sc3 Ge3 Os3,2046,212,0.2946079309702926,72,0,na,"(21, 32, 76)",0.36726454,0.00014716125793568863
1399_0,mp-1077397,Sc4 Cd4 Ni16,1399,111,0.1876817665899538,72,0,na,"(21, 28, 48)",0.36695802,0.0001470600782892564
1014_5,mp-865717,Ti8 Re4 Ir4,1014,210,0.0625,64,0,na,"(22, 75, 77)",0.3663591,0.00014684165294833913
1698_4,mp-10755,Ti4 Fe4 Sb4,1698,221,0.1875,72,0,na,"(22, 26, 51)",0.36622262,0.00014680850753328968
1554_5,mp-865030,Hf4 Sc4 Ru8,1554,210,0.0625,64,0,na,"(21, 44, 72)",0.36570868,0.00014662400887036802
900_3,mp-865640,Ti4 Ge4 Ru8,900,110,0.2499999999999999,48,0,na,"(22, 32, 44)",0.36522684,0.00014645229761850733
1516_16,mp-30147,Zr4 Ti4 As4,1516,201,0.125,72,0,na,"(22, 33, 40)",0.3644033,0.000146143469389989
2470_5,mp-862700,Al4 V4 Os8,2470,210,0.0625,64,0,na,"(13, 23, 76)",0.36435255,0.00014614447422900883
1512_3,mp-865020,Hf4 Mg4 Ir8,1512,110,0.2499999999999999,48,0,na,"(12, 72, 77)",0.36393782,0.0001459994600052301
2444_3,mp-864798,Hf4 Zn4 Ir8,2444,110,0.25,48,0,na,"(30, 72, 77)",0.36393428,0.00014601935862528932
1524_2,mp-1215958,Y4 Fe4 Co4,1524,221,0.0313684325595877,72,0,na,"(26, 27, 39)",0.36382186,0.000145995571143849
2356_1,mp-867878,Al4 Fe8 Si4,2356,111,0.375,64,0,na,"(13, 14, 26)",0.36355984,0.00014591172940699005
1534_5,mp-867834,Li4 Hf4 Pt8,1534,210,0.0625,64,0,na,"(3, 72, 78)",0.36353087,0.00014592139418051145
1743_5,mp-862705,Al4 Zn4 Ir8,1743,210,0.0624999999999999,64,0,na,"(13, 30, 77)",0.36340225,0.0001458910547021831
1586_4,mp-31454,Ta4 Sb4 Ru4,1586,221,0.1875,72,0,na,"(44, 51, 73)",0.3633835,0.00014590481355560638
938_5,mp-1185625,Mg4 Zr4 Pt8,938,210,0.0625,64,0,na,"(12, 40, 78)",0.3633584,0.00014591602531826924
1012_0,mp-1072255,Sc4 Ni16 Au4,1012,111,0.0623541011643595,72,0,na,"(21, 28, 79)",0.36334065,0.0001459301908970892
1723_2,mp-978853,Sr2 Ge4 Ir4,1723,221,0.0326343492676937,80,0,na,"(32, 38, 77)",0.36313304,0.00014586809408844527
1045_3,mp-867821,Ta4 Ti4 Mn8,1045,110,0.25,48,0,na,"(22, 25, 73)",0.36307436,0.00014586579989426263
1743_3,mp-862705,Al4 Zn4 Ir8,1743,110,0.2499999999999999,48,0,na,"(13, 30, 77)",0.36306816,0.00014588458860493212
988_5,mp-865730,Ti4 Zn4 Au8,988,210,0.0625,64,0,na,"(22, 30, 79)",0.36229855,0.00014559659154671787
1094_3,mp-862290,Li4 Fe4 Rh8,1094,110,0.2499999999999999,48,0,na,"(3, 26, 45)",0.36163,0.00014534908429241234
1760_25,mp-1206088,Y4 Si8 Ni4,1760,101,0.0,64,0,na,"(14, 28, 39)",0.36131978,0.00014524550960875137
2294_1,mp-861954,Li4 Ta4 Ru8,2294,111,0.3750000000000002,48,0,na,"(3, 44, 73)",0.3609937,0.00014513551028011044
2433_3,mp-1217094,Ti9 Nb9 Sn6,2433,111,0.2949326047112371,72,0,na,"(22, 41, 50)",0.36057156,0.00014501900772517255
2279_3,mp-22503,Zr4 Co8 Sn4,2279,110,0.25,48,0,na,"(27, 40, 50)",0.36045,0.0001449911437337826
1634_3,mp-5292,Ca2 Si4 Ni4,1634,221,0.095071540923355,80,0,na,"(14, 20, 28)",0.36038402,0.00014498562488633764
2356_3,mp-867878,Al4 Fe8 Si4,2356,110,0.25,48,0,na,"(13, 14, 26)",0.3594977,0.00014465002281748411
2422_6,mp-1217070,Ti2 Re1 Pt1,2422,211,0.0601851296648238,64,0,na,"(22, 75, 78)",0.3587836,0.0001443835776072165
1354_2,mp-1207011,Sc4 In4 Ni16,1354,111,0.4376477077968916,72,0,na,"(21, 28, 49)",0.3585703,0.00014431857753530972
1412_5,mp-866086,Mg4 Si4 Ir8,1412,210,0.0625,64,0,na,"(12, 14, 77)",0.35850167,0.0001443117819737161
1012_3,mp-1072255,Sc4 Ni16 Au4,1012,111,0.6873541011643596,72,0,na,"(21, 28, 79)",0.35745445,0.00014438330917013596
1524_14,mp-1215958,Y4 Fe4 Co4,1524,122,0.0625,72,0,na,"(26, 27, 39)",0.35689557,0.0001441783828314302
2594_3,mp-1219193,Si1 Ni6 Ge1,2594,221,0.1892934443330762,80,0,na,"(14, 28, 32)",0.35656253,0.00014406461260528283
2028_8,mp-1207117,Fe8 Co4 Si4,2028,210,0.0625,64,0,na,"(14, 26, 27)",0.3562955,0.0001439774645447459
2455_3,mp-4259,Ca2 Co4 Ge4,2455,221,0.0953887463641613,80,0,na,"(20, 27, 32)",0.35564482,0.00014373522221480426
1815_5,mp-865519,Y4 Ta4 Ru8,1815,210,0.0625,64,0,na,"(39, 44, 73)",0.35527334,0.00014360572834494747
1813_3,mp-3944,Zr4 Al4 Ni8,1813,110,0.2499999999999999,48,0,na,"(13, 28, 40)",0.3547264,0.00014340524247715545
1796_5,mp-864936,Mn4 Ge4 Ru8,1796,210,0.0625,64,0,na,"(25, 32, 44)",0.3544224,0.00014330289478288745
940_5,mp-865904,Be4 Si4 Ir8,940,210,0.0625,64,0,na,"(4, 14, 77)",0.35441375,0.0001433199355074567
1275_12,mp-15779,Mg6 Si3 Ni9,1275,101,0.0626736704652501,54,0,na,"(12, 14, 28)",0.35394132,0.00014314940762427076
1991_5,mp-865191,Fe4 Ge4 Ru8,1991,210,0.0625,64,0,na,"(26, 32, 44)",0.35374442,0.000143090255905846
2444_1,mp-864798,Hf4 Zn4 Ir8,2444,111,0.375,48,0,na,"(30, 72, 77)",0.35317308,0.00014287959252283112
1862_12,mp-1205902,Li5 Cu2 Ge2,1862,212,0.2499999999999999,72,0,na,"(3, 29, 32)",0.35224825,0.00014252580761204943
1420_5,mp-867802,Sc8 Cu4 Os4,1420,210,0.0625,64,0,na,"(21, 29, 76)",0.35215813,0.00014250965478625324
1121_5,mp-861875,Li4 Hf8 Re4,1121,210,0.0625,64,0,na,"(3, 72, 75)",0.35186487,0.0001424112747244485
1705_5,mp-862336,Sc8 Ir4 Pd4,1705,210,0.0625,64,0,na,"(21, 46, 77)",0.35186282,0.00014243072876373125
1014_1,mp-865717,Ti8 Re4 Ir4,1014,111,0.375,48,0,na,"(22, 75, 77)",0.35177255,0.00014241447252191032
1152_1,mp-1184055,Ga4 Fe4 Ru8,1152,111,0.375,48,0,na,"(26, 31, 44)",0.35119033,0.0001421990130188012
1742_3,mp-1206356,Y4 Ga2 Co4,1742,221,0.0697319690804274,80,0,na,"(27, 31, 39)",0.35087082,0.00014208984659212792
1566_0,mp-862706,Be4 Co8 Ge4,1566,111,0.125,64,0,na,"(4, 27, 32)",0.35050145,0.00014196043639099916
1723_3,mp-978853,Sr2 Ge4 Ir4,1723,221,0.0951343492676937,80,0,na,"(32, 38, 77)",0.3504306,0.0001419518922080158
1991_3,mp-865191,Fe4 Ge4 Ru8,1991,110,0.25,48,0,na,"(26, 32, 44)",0.3500881,0.000141833286334516
1623_5,mp-867788,Ta4 Ga4 Os8,1623,210,0.0625,64,0,na,"(31, 73, 76)",0.34971878,0.00014170375982342252
1586_3,mp-31454,Ta4 Sb4 Ru4,1586,221,0.0625,72,0,na,"(44, 51, 73)",0.34911603,0.00014147957765810475
2484_5,mp-864669,Nb4 Ge4 Ru8,2484,210,0.0625,64,0,na,"(32, 41, 44)",0.34799924,0.00014104695279344874
2433_7,mp-1217094,Ti9 Nb9 Sn6,2433,110,0.3732125692800471,72,0,na,"(22, 41, 50)",0.3474809,0.00014085673274322907
1566_3,mp-862706,Be4 Co8 Ge4,1566,110,0.25,48,0,na,"(4, 27, 32)",0.34731025,0.00014080739080736177
2261_1,mp-865170,Ga4 Fe4 Rh8,2261,111,0.375,48,0,na,"(26, 31, 45)",0.34649,0.0001404946256810946
1830_3,mp-1070869,Zr4 Cu16 Ag4,1830,111,0.8127219603949707,72,0,na,"(29, 40, 47)",0.34640586,0.00014048024534726037
2086_5,mp-862713,Be4 Ge4 Ru8,2086,210,0.0625,64,0,na,"(4, 32, 44)",0.34523234,0.00014002401067543426
1563_1,mp-862446,Ta4 Al4 Ru8,1563,111,0.3750000000000002,48,0,na,"(13, 44, 73)",0.34501597,0.00013995584957819562
1704_5,mp-1186772,Ta8 Cr4 Re4,1704,210,0.0625,64,0,na,"(24, 73, 75)",0.34486893,0.00013991578478300798
1929_22,mp-3129,Sc4 Si12 Ni4,1929,101,0.25,80,0,na,"(14, 21, 28)",0.34425545,0.00013968643590847992
2594_14,mp-1219193,Si1 Ni6 Ge1,2594,112,0.5,40,0,na,"(14, 28, 32)",0.3436398,0.0001399192368320382
1123_5,mp-977561,Li4 Ta4 Ir8,1123,210,0.0625,64,0,na,"(3, 73, 77)",0.34312144,0.00013972772766355777
1152_3,mp-1184055,Ga4 Fe4 Ru8,1152,110,0.25,48,0,na,"(26, 31, 44)",0.34271833,0.00013958307470304305
988_3,mp-865730,Ti4 Zn4 Au8,988,110,0.25,48,0,na,"(22, 30, 79)",0.34191826,0.00013927666109955978
1512_1,mp-865020,Hf4 Mg4 Ir8,1512,111,0.3750000000000002,48,0,na,"(12, 72, 77)",0.34182823,0.0001392593839464125
903_1,mp-865895,Ga4 Ge4 Ru8,903,111,0.375,48,0,na,"(31, 32, 44)",0.3410268,0.0001389522351360756
2455_2,mp-4259,Ca2 Co4 Ge4,2455,221,0.0328887463641613,80,0,na,"(20, 27, 32)",0.34065968,0.00013882194077933602
2362_3,mp-1207056,Y4 Sb4 Pd4,2362,221,0.0625000000000002,72,0,na,"(39, 46, 51)",0.3405187,0.000138783756368062
1796_0,mp-864936,Mn4 Ge4 Ru8,1796,111,0.125,48,0,na,"(25, 32, 44)",0.3402792,0.00013870539442870485
1742_2,mp-1206356,Y4 Ga2 Co4,1742,221,0.0182125463828821,80,0,na,"(27, 31, 39)",0.33997262,0.0001385996500992471
1926_0,mp-867275,Be4 V4 Os8,1926,111,0.1250000000000002,48,0,na,"(4, 23, 76)",0.3399316,0.00013860213732015195
1043_3,mp-864906,Mg4 Sn4 Ir8,1043,110,0.25,48,0,na,"(12, 50, 77)",0.3397869,0.0001385623430487479
1200_5,mp-861507,Sc4 Al4 Ir8,1200,210,0.0624999999999999,64,0,na,"(13, 21, 77)",0.33946005,0.00013844823998115794
1753_1,mp-1185981,Mn8 Ir4 Rh4,1753,111,0.375,48,0,na,"(25, 45, 77)",0.33930418,0.00013840383041698588
2291_3,mp-14793,Mg4 Si2 Pt2,2291,221,0.0835675415375298,80,0,na,"(12, 14, 78)",0.3392728,0.00013841018686191973
2454_0,mp-865010,Hf4 Ga4 Ru8,2454,111,0.125,48,0,na,"(31, 44, 72)",0.33900997,0.00013832210757110385
2132_0,mp-865538,Ti8 Re4 Pd4,2132,111,0.125,48,0,na,"(22, 46, 75)",0.33811778,0.00013797716344786666
1949_12,mp-9902,Sc8 Co4 Si8,1949,110,0.4081154523391246,60,0,na,"(14, 21, 27)",0.33724013,0.00013763800797399108
2482_3,mp-568673,Y2 Si4 Ru4,2482,221,0.0954891386715885,80,0,na,"(14, 39, 44)",0.33706835,0.00013758683648201422
2047_1,mp-867958,Ta4 In4 Ru8,2047,111,0.375,48,0,na,"(44, 49, 73)",0.3369722,0.0001375665166672175
1160_5,mp-971737,V8 Os4 Ru4,1160,210,0.0625,64,0,na,"(23, 44, 76)",0.33684275,0.00013753258949980522
1105_5,mp-977407,Hf8 Re4 Rh4,1105,210,0.0625,64,0,na,"(45, 72, 75)",0.3365439,0.00013742947034662295
1040_4,mp-16763,K3 Y3 Te6,1040,110,0.5,60,0,na,"(19, 39, 52)",0.33653566,0.00013744499449211062
2577_5,mp-865465,V4 Co8 Ge4,2577,210,0.0625,64,0,na,"(23, 27, 32)",0.3361004,0.00013728609864040712
2422_7,mp-1217070,Ti2 Re1 Pt1,2422,211,0.1851851296648238,64,0,na,"(22, 75, 78)",0.3356199,0.0001371086531065752
2572_5,mp-862730,Li4 Ga4 Rh8,2572,210,0.0625,64,0,na,"(3, 31, 45)",0.33551347,0.00013708396933717048
1459_10,mp-7361,Sr2 Co4 Ge4,1459,210,0.1249999999999999,60,0,na,"(27, 32, 38)",0.3352211,0.0001369832911241107
1025_16,mp-7544,Zr3 Si3 Ru3,1025,212,0.1889674875221736,72,0,na,"(14, 40, 44)",0.3349728,0.00013690057998493597
1195_5,mp-865531,Ti4 Mn8 Al4,1195,210,0.0625,64,0,na,"(13, 22, 25)",0.33488703,0.0001368842660391535
962_0,mp-865807,Ti8 Mo4 Ir4,962,111,0.1250000000000002,48,0,na,"(22, 42, 77)",0.33475113,0.00013684744950451778
1671_7,mp-567636,V4 Fe4 Sb4,1671,210,0.0625,48,0,na,"(23, 26, 51)",0.3347368,0.00013686032033545704
1753_3,mp-1185981,Mn8 Ir4 Rh4,1753,110,0.25,48,0,na,"(25, 45, 77)",0.33469492,0.0001368619282669845
2170_5,mp-862288,Al4 Fe8 W4,2170,210,0.0625,64,0,na,"(13, 26, 74)",0.3346717,0.00013687116570158936
2207_5,mp-861958,Ti8 Mn4 Be4,2207,210,0.0625,64,0,na,"(4, 22, 25)",0.33436182,0.0001367631525651516
1791_5,mp-1069956,Ca2 Si4 Rh4,1791,212,0.0615307633386276,60,0,na,"(14, 20, 45)",0.33422604,0.00013672631394380405
1991_1,mp-865191,Fe4 Ge4 Ru8,1991,111,0.375,48,0,na,"(26, 32, 44)",0.3341441,0.0001367114857101874
1210_5,mp-862712,Sc8 Co4 Ir4,1210,210,0.0625,64,0,na,"(21, 27, 77)",0.333723,0.00013655786617653053
2127_5,mp-865805,Ta4 Zn4 Co8,2127,210,0.0624999999999999,64,0,na,"(27, 30, 73)",0.33368185,0.00013655967608999512
1468_3,mp-3469,Zr2 Ni4 Sb2,1468,221,0.0866428575130102,80,0,na,"(28, 40, 51)",0.3332735,0.00013641118665617846
1563_0,mp-862446,Ta4 Al4 Ru8,1563,111,0.1250000000000002,48,0,na,"(13, 44, 73)",0.3330462,0.00013633674902584697
1368_5,mp-30774,Mg4 Ni8 Sn4,1368,210,0.0625,64,0,na,"(12, 28, 50)",0.33292782,0.0001363068722848665
1740_5,mp-861908,Ta4 Ti4 Ru8,1740,210,0.0625,64,0,na,"(22, 44, 73)",0.33241594,0.00013611585257141456
1730_7,mp-1228910,Al2 Fe1 Ni1,1730,211,0.1899264682753418,64,0,na,"(13, 26, 28)",0.33212084,0.00013601353024254306
1135_5,mp-865838,Li4 Si4 Ru8,1135,210,0.0625,64,0,na,"(3, 14, 44)",0.3320167,0.00013598937815783
1712_3,mp-1219656,Rb2 Si8 Pt8,1712,111,0.3095535210582092,54,0,na,"(14, 37, 78)",0.33192226,0.00013614121455819667
1775_5,mp-864903,Mg4 Ta4 Ru8,1775,210,0.0624999999999999,64,0,na,"(12, 44, 73)",0.3318873,0.00013614541036818546
1949_0,mp-9902,Sc8 Co4 Si8,1949,111,0.0,80,0,na,"(14, 21, 27)",0.33128923,0.00013591857730221095
1945_2,mp-1224834,Ga1 Si1 Ni6,1945,221,0.0647147749462268,80,0,na,"(14, 28, 31)",0.33103806,0.00013583399173608835
2212_5,mp-866155,Ti4 Al4 Ru8,2212,210,0.0624999999999999,64,0,na,"(13, 22, 44)",0.33019483,0.00013550639772405774
2577_0,mp-865465,V4 Co8 Ge4,2577,111,0.1250000000000002,64,0,na,"(23, 27, 32)",0.33004424,0.00013549153226697104
2452_5,mp-977567,Hf8 Cu4 Re4,2452,210,0.0625,64,0,na,"(29, 72, 75)",0.32925415,0.00013518549677101748
2438_1,mp-977436,Zr4 Al4 Ru8,2438,111,0.375,48,0,na,"(13, 40, 44)",0.32901537,0.00013510572257506852
1712_53,mp-1219656,Rb2 Si8 Pt8,1712,001,0.3503215581976882,54,0,na,"(14, 37, 78)",0.32877025,0.0001351770475323174
1639_0,mp-1215319,Zr4 Al4 Fe16,1639,111,0.3120699719979463,72,0,na,"(13, 26, 40)",0.32725874,0.00013475342755271726
1468_6,mp-3469,Zr2 Ni4 Sb2,1468,212,0.1666666666666666,64,0,na,"(28, 40, 51)",0.3270306,0.00013467763594517262
1862_17,mp-1205902,Li5 Cu2 Ge2,1862,210,0.0833333333333333,72,0,na,"(3, 29, 32)",0.32700282,0.00013468433456233312
1356_5,mp-867771,Ta4 Cu4 Rh8,1356,210,0.0625,64,0,na,"(29, 45, 73)",0.32694647,0.00013467926458492864
1796_3,mp-864936,Mn4 Ge4 Ru8,1796,110,0.25,48,0,na,"(25, 32, 44)",0.32688174,0.00013467073767131356
2438_5,mp-977436,Zr4 Al4 Ru8,2438,210,0.0625,64,0,na,"(13, 40, 44)",0.326559,0.00013455589401451337
2153_3,mp-867120,Ta4 Mn8 Al4,2153,110,0.25,48,0,na,"(13, 25, 73)",0.3260284,0.00013435534304296717
1876_1,mp-867273,Be8 Cu4 Ir4,1876,111,0.375,64,0,na,"(4, 29, 77)",0.32599163,0.00013435824198199694
2520_5,mp-865989,Al8 Ir4 Ru4,2520,210,0.0625,64,0,na,"(13, 44, 77)",0.32583702,0.00013431256509514563
2291_2,mp-14793,Mg4 Si2 Pt2,2291,221,0.0,80,0,na,"(12, 14, 78)",0.32534462,0.00013412760899171193
1726_39,mp-8147,K8 As8 Pd4,1726,112,0.070683907821774,80,0,na,"(19, 33, 46)",0.32502896,0.0001340154491667635
2545_12,mp-1215478,Zr6 V3 Co9,2545,101,0.4364648903965928,54,0,na,"(23, 27, 40)",0.32482687,0.00013430359394900652
1250_5,mp-7187,Ti4 Al4 Ni8,1250,210,0.0625,64,0,na,"(13, 22, 28)",0.3246316,0.00013424088624173803
1238_1,mp-3433,Y4 Mg4 Ni16,1238,111,0.5631183504594972,72,0,na,"(12, 28, 39)",0.32455507,0.00013422725852450806
1058_3,mp-865615,Ga4 Si4 Ru8,1058,110,0.25,48,0,na,"(14, 31, 44)",0.32414147,0.0001340742010873742
1059_1,mp-1187713,V4 Ga4 Os8,1059,111,0.3750000000000002,48,0,na,"(23, 31, 76)",0.3237307,0.00013392225036244388
2056_3,mp-975359,Rb2 Fe4 As4,2056,221,0.1014794055860442,80,0,na,"(26, 33, 37)",0.32357195,0.00013387450678330643
1741_1,mp-866075,Mg4 Ta4 Ir8,1741,111,0.375,48,0,na,"(12, 73, 77)",0.32333905,0.0001337960587279475
2454_3,mp-865010,Hf4 Ga4 Ru8,2454,110,0.2500000000000001,48,0,na,"(31, 44, 72)",0.32294053,0.0001336490348875914
1766_5,mp-864961,Be8 Pd4 Pt4,1766,210,0.0625,64,0,na,"(4, 46, 78)",0.322594,0.00013352346862620867
2068_11,mp-1018658,Ca2 Co2 Si2,2068,211,0.125,72,0,na,"(14, 20, 27)",0.3225516,0.0001335237475819669
1303_0,mp-867271,Be8 Co4 Ni4,1303,111,0.125,64,0,na,"(4, 27, 28)",0.3222323,0.0001334375323936461
1726_38,mp-8147,K8 As8 Pd4,1726,112,0.0198116144460068,80,0,na,"(19, 33, 46)",0.32192376,0.00013332755579103912
2077_5,mp-1184684,Hf4 Ge4 Ru8,2077,210,0.0625,64,0,na,"(32, 44, 72)",0.3213106,0.0001336516207202156
2160_0,mp-867274,Be8 Co4 Ir4,2160,111,0.1250000000000002,64,0,na,"(4, 27, 77)",0.32101217,0.0001335453350118922
1528_19,mp-1025355,Zr1 Ga5 Co1,1528,112,0.25,42,0,na,"(27, 31, 40)",0.3208504,0.00013349586428884418
950_5,mp-864857,Nb4 Zn4 Co8,950,210,0.0625,64,0,na,"(27, 30, 41)",0.32068413,0.0001334444988060543
1209_3,mp-977550,Zr4 Sc4 Os8,1209,110,0.2500000000000001,48,0,na,"(21, 40, 76)",0.320605,0.00013342937629664785
2015_44,mp-1079842,Hf3 Ga3 Rh3,2015,2-12,0.1524545013603742,72,0,na,"(31, 45, 72)",0.32055187,0.00013342506747887254
1742_4,mp-1206356,Y4 Ga2 Co4,1742,221,0.125,80,0,na,"(27, 31, 39)",0.32042107,0.00013338842123474253
1636_3,mp-867767,Be4 Si4 Rh8,1636,110,0.25,48,0,na,"(4, 14, 45)",0.32019475,0.00013331198852170888
1275_25,mp-15779,Mg6 Si3 Ni9,1275,10-2,0.3753473409305006,54,0,na,"(12, 14, 28)",0.32013977,0.0001333068691906546
2362_4,mp-1207056,Y4 Sb4 Pd4,2362,221,0.1875000000000003,72,0,na,"(39, 46, 51)",0.3200672,0.0001332944199528171
2450_28,mp-1225227,Fe9 Co9 Si6,2450,101,0.9380280288281112,72,0,na,"(14, 26, 27)",0.3200357,0.00013329906956037737
2468_5,mp-1186207,Nb8 Re4 Ru4,2468,210,0.0625,64,0,na,"(41, 44, 75)",0.31962907,0.00013314745125967277
988_1,mp-865730,Ti4 Zn4 Au8,988,111,0.375,48,0,na,"(22, 30, 79)",0.31848592,0.00013268891799484336
1417_17,mp-11113,Ti4 Te4 As4,1417,201,0.0295451651970868,72,0,na,"(22, 33, 52)",0.31836036,0.00013265420841299157
1477_5,mp-866165,Y4 Mg4 Rh8,1477,210,0.0625,64,0,na,"(12, 39, 45)",0.31811658,0.00013257021630242122
1354_3,mp-1207011,Sc4 In4 Ni16,1354,111,0.8126477077968914,72,0,na,"(21, 28, 49)",0.3176969,0.0001324128750886382
2214_5,mp-864788,Nb4 In4 Ru8,2214,210,0.0625,64,0,na,"(41, 44, 49)",0.31749505,0.00013234627038738567
2608_0,mp-1185317,Li4 Be8 Pt4,2608,111,0.1250000000000002,64,0,na,"(3, 4, 78)",0.3172413,0.0001322579997846558
2294_3,mp-861954,Li4 Ta4 Ru8,2294,110,0.2499999999999999,48,0,na,"(3, 44, 73)",0.3171477,0.00013223646724527246
1759_40,mp-11444,Y4 Ga8 Ni4,1759,112,0.187139821898646,64,0,na,"(28, 31, 39)",0.31706476,0.00013221936918115184
2084_5,mp-4364,Nb4 Ga4 Co8,2084,210,0.0624999999999999,64,0,na,"(27, 31, 41)",0.31641084,0.00013196412581610977
938_3,mp-1185625,Mg4 Zr4 Pt8,938,110,0.25,48,0,na,"(12, 40, 78)",0.3161488,0.00013187224031063015
2184_5,mp-20521,Sc4 In4 Pt8,2184,210,0.0625,64,0,na,"(21, 49, 78)",0.31599063,0.00013182364819353955
2309_0,mp-865728,Ti8 Re4 Ni4,2309,111,0.1249999999999997,48,0,na,"(22, 28, 75)",0.3150157,0.00013146115416872686
2160_1,mp-867274,Be8 Co4 Ir4,2160,111,0.3750000000000002,64,0,na,"(4, 27, 77)",0.31474435,0.00013136518483727235
1716_5,mp-862445,Ta4 Al4 Os8,1716,210,0.0625,64,0,na,"(13, 73, 76)",0.31473896,0.00013138019399069485
1844_3,mp-568113,Ba2 As4 Rh4,1844,221,0.0984444713913371,80,0,na,"(33, 45, 56)",0.3143394,0.0001312306484056946
1426_5,mp-864951,Mn4 Al4 Os8,1426,210,0.0625,64,0,na,"(13, 25, 76)",0.31409502,0.0001311770374522123
2561_5,mp-862296,Li4 Al4 Pt8,2561,210,0.0625,64,0,na,"(3, 13, 78)",0.3138932,0.00013121669688678612
1759_38,mp-11444,Y4 Ga8 Ni4,1759,112,0.0,64,0,na,"(28, 31, 39)",0.3133305,0.0001309986607562939
1546_11,mp-1077453,Hf4 Cu4 Ge4,1546,210,0.1249999999999999,72,0,na,"(29, 32, 72)",0.31312403,0.0001309294904141965
985_5,mp-865019,Hf4 Ga4 Rh8,985,210,0.0625,64,0,na,"(31, 45, 72)",0.3130537,0.00013091722359637848
1651_1,mp-865025,Hf4 Ta4 Re8,1651,111,0.375,48,0,na,"(72, 73, 75)",0.31299752,0.00013091086793682737
2029_44,mp-14208,Li3 Y3 Si3,2029,2-12,0.201795495039029,54,0,na,"(3, 14, 39)",0.3124576,0.00013070215732446865
1121_0,mp-861875,Li4 Hf8 Re4,1121,111,0.125,48,0,na,"(3, 72, 75)",0.31241563,0.00013070168411198488
1130_5,mp-1185621,Mg4 Zn8 Ir4,1130,210,0.0625,64,0,na,"(12, 30, 77)",0.3121505,0.00013060783542955735
1012_8,mp-1072255,Sc4 Ni16 Au4,1012,110,0.1247082023287191,72,0,na,"(21, 28, 79)",0.31194052,0.00013053702622069024
1050_3,mp-3390,Y2 Cu4 Si4,1050,221,0.0918852401794498,80,0,na,"(14, 29, 39)",0.31190643,0.0001305398009348399
2345_1,mp-865925,Li4 Zr4 Ir8,2345,111,0.375,48,0,na,"(3, 40, 77)",0.31188244,0.00013054680213808314
1370_42,mp-1095158,Hf3 Ga3 Co3,1370,2-12,0.350625018756469,72,0,na,"(27, 31, 72)",0.31181914,0.00013053734745008358
2404_5,mp-862715,Al8 Pd4 Ru4,2404,210,0.0625,64,0,na,"(13, 44, 46)",0.31147614,0.0001304107802864637
1074_3,mp-977443,Zr4 Ge4 Ru8,1074,110,0.2499999999999999,48,0,na,"(32, 40, 44)",0.31141987,0.00013040422692757255
1059_3,mp-1187713,V4 Ga4 Os8,1059,110,0.2499999999999999,48,0,na,"(23, 31, 76)",0.3113544,0.00013039381586764612
2272_4,mp-924130,Ti4 Ni4 Sn4,2272,221,0.1875000000000002,72,0,na,"(22, 28, 50)",0.3112717,0.0001303761817291593
2532_1,mp-1186222,Nb4 Ga4 Os8,2532,111,0.3750000000000002,48,0,na,"(31, 41, 76)",0.3111479,0.0001303413214909719
900_0,mp-865640,Ti4 Ge4 Ru8,900,111,0.1250000000000002,48,0,na,"(22, 32, 44)",0.31099415,0.00013029389757026772
1366_3,mp-865866,Li4 Zr4 Pt8,1366,110,0.25,48,0,na,"(3, 40, 78)",0.3107608,0.00013021309938520756
2015_8,mp-1079842,Hf3 Ga3 Rh3,2015,221,0.7499999999999999,63,0,na,"(31, 45, 72)",0.31038716,0.0001300734762965651
1050_2,mp-3390,Y2 Cu4 Si4,1050,221,0.0293852401794498,80,0,na,"(14, 29, 39)",0.31017354,0.0001300008645515917
1723_9,mp-978853,Sr2 Ge4 Ir4,1723,210,0.125,60,0,na,"(32, 38, 77)",0.30994913,0.0001299236993524422
1058_0,mp-865615,Ga4 Si4 Ru8,1058,111,0.125,48,0,na,"(14, 31, 44)",0.3097124,0.00012984133693128502
1730_6,mp-1228910,Al2 Fe1 Ni1,1730,211,0.0649264682753418,64,0,na,"(13, 26, 28)",0.30934978,0.00012970615625816794
2086_1,mp-862713,Be4 Ge4 Ru8,2086,111,0.3750000000000002,48,0,na,"(4, 32, 44)",0.30914915,0.00012963884978421439
2576_3,mp-1094088,Nb4 Co4 Sn4,2576,221,0.0625,72,0,na,"(27, 41, 50)",0.3090685,0.00012962183397470463
2368_5,mp-867125,Al8 Ru4 Pt4,2368,210,0.0625,64,0,na,"(13, 44, 78)",0.30834514,0.00012933522495856223
1839_3,mp-4822,Y2 Si4 Pd4,1839,221,0.0916468631113467,80,0,na,"(14, 39, 46)",0.30810365,0.000129250648752584
2278_42,mp-4022,Zr8 Co4 Si8,2278,201,0.2500000000000001,80,0,na,"(14, 27, 40)",0.30792406,0.00012919200821789257
2366_7,mp-15987,Hf3 Cu4 Si2,2366,221,0.2930041100518624,72,0,na,"(14, 29, 72)",0.30790985,0.000129202738259684
1634_2,mp-5292,Ca2 Si4 Ni4,1634,221,0.032571540923355,80,0,na,"(14, 20, 28)",0.30775312,0.0001291536594416059
1366_1,mp-865866,Li4 Zr4 Pt8,1366,111,0.375,48,0,na,"(3, 40, 78)",0.30765134,0.00012912762309535132
1895_4,mp-505297,Nb4 Sb4 Ru4,1895,221,0.1875,72,0,na,"(41, 44, 51)",0.307405,0.00012925980824505132
1897_4,mp-1018135,Li4 Cd4 As4,1897,221,0.1875,72,0,na,"(3, 33, 48)",0.30734012,0.00012924923377924123
1836_12,mp-21249,Y2 Mn2 Si2,1836,211,0.1249999999999998,72,0,na,"(14, 25, 39)",0.30725676,0.00012923088044327981
2375_0,mp-862369,Sc8 Ir4 Ru4,2375,111,0.1250000000000002,48,0,na,"(21, 44, 77)",0.30720842,0.00012922724899698673
2443_18,mp-8607,Na3 Cu12 Sb6,2443,101,0.4999999999999998,63,0,na,"(11, 29, 51)",0.3070944,0.00012919598211526991
1290_5,mp-865050,Hf4 Mg4 Rh8,1290,210,0.0625,64,0,na,"(12, 45, 72)",0.30708244,0.00012920764359840235
1554_3,mp-865030,Hf4 Sc4 Ru8,1554,110,0.2499999999999999,48,0,na,"(21, 44, 72)",0.30668005,0.0001290550093524394
1417_18,mp-11113,Ti4 Te4 As4,1417,201,0.0819227945504934,72,0,na,"(22, 33, 52)",0.30657446,0.00012902722729800755
929_5,mp-865131,Hf8 Os4 Rh4,929,210,0.0625,64,0,na,"(45, 72, 76)",0.3064262,0.00012898147160374677
1581_56,mp-1079513,K8 As8 Pt4,1581,012,0.0274435481688843,80,0,na,"(19, 33, 78)",0.30621785,0.00012891039959708796
1581_43,mp-1079513,K8 As8 Pt4,1581,102,0.1249999999999998,80,0,na,"(19, 33, 78)",0.30618244,0.0001289121109447339
1581_58,mp-1079513,K8 As8 Pt4,1581,012,0.125,80,0,na,"(19, 33, 78)",0.3057897,0.0001287633546267357
1935_21,mp-1078231,Sr8 Ga16 Rh16,1935,100,0.1249999999999999,80,0,na,"(31, 38, 45)",0.30514684,0.00012892432470378086
1200_0,mp-861507,Sc4 Al4 Ir8,1200,111,0.1250000000000002,48,0,na,"(13, 21, 77)",0.30506468,0.0001289307610080594
1121_3,mp-861875,Li4 Hf8 Re4,1121,110,0.25,48,0,na,"(3, 72, 75)",0.30496144,0.00012890374791358773
1321_0,mp-861666,Li4 Ru8 W4,1321,111,0.125,48,0,na,"(3, 44, 74)",0.30487937,0.000128885671699919
1916_5,mp-30555,Ta4 Ga4 Co8,1916,210,0.0625,64,0,na,"(27, 31, 73)",0.30475533,0.00012884984153534106
2468_3,mp-1186207,Nb8 Re4 Ru4,2468,110,0.25,48,0,na,"(41, 44, 75)",0.3044424,0.00012873412283375522
1218_5,mp-862622,Be4 Ru8 W4,1218,210,0.0624999999999999,64,0,na,"(4, 44, 74)",0.30413163,0.0001286192707606696
1043_0,mp-864906,Mg4 Sn4 Ir8,1043,111,0.125,48,0,na,"(12, 50, 77)",0.30393115,0.00012855102058589377
2424_25,mp-1079802,Y4 Ni4 Ge8,2424,101,0.0,64,0,na,"(28, 32, 39)",0.30388847,0.00012854949377939294
2476_1,mp-867293,Li4 Co8 Si4,2476,111,0.375,64,0,na,"(3, 14, 27)",0.30385947,0.00012855375185336765
1086_3,mp-865140,Mn4 Ga4 Ru8,1086,110,0.25,48,0,na,"(25, 31, 44)",0.30359232,0.00012860122027900106
1025_17,mp-7544,Zr3 Si3 Ru3,1025,212,0.2683496698900764,72,0,na,"(14, 40, 44)",0.30357525,0.00012861052892531436
1239_5,mp-865021,Be8 Ru4 Pt4,1239,210,0.0625,64,0,na,"(4, 44, 78)",0.30251032,0.0001283433071826084
2114_5,mp-865888,Ti4 Sn4 Ru8,2114,210,0.0625,64,0,na,"(22, 44, 50)",0.302398,0.00012831212219799917
2435_3,mp-571147,Hf2 Si4 Ni4,2435,221,0.0922271633924225,80,0,na,"(14, 28, 72)",0.3023963,0.00012832786688279056
1849_5,mp-861953,Al4 Fe4 Rh8,1849,210,0.0625,64,0,na,"(13, 26, 45)",0.3023223,0.00012831292963981232
2056_5,mp-975359,Rb2 Fe4 As4,2056,212,0.0470411888279118,80,0,na,"(26, 33, 37)",0.30191985,0.00012815856448235863
1775_0,mp-864903,Mg4 Ta4 Ru8,1775,111,0.1250000000000002,48,0,na,"(12, 44, 73)",0.3014368,0.00012799528360720136
1147_5,mp-16497,Sc4 Al4 Cu8,1147,210,0.0625,64,0,na,"(13, 21, 29)",0.3012334,0.00012792529027984943
2000_1,mp-866284,Al8 Ir4 Os4,2000,111,0.3750000000000002,48,0,na,"(13, 76, 77)",0.30090877,0.00012780377845189147
1760_3,mp-1206088,Y4 Si8 Ni4,1760,111,0.5,64,0,na,"(14, 28, 39)",0.30040997,0.00012760823393721062
1025_18,mp-7544,Zr3 Si3 Ru3,1025,212,0.3129513116010903,72,0,na,"(14, 40, 44)",0.30023018,0.00012793094618310504
1468_10,mp-3469,Zr2 Ni4 Sb2,1468,210,0.0833333333333332,64,0,na,"(28, 40, 51)",0.30014423,0.00012791068580254836
2071_5,mp-862719,Li4 Y8 Os4,2071,210,0.0625000000000001,64,0,na,"(3, 39, 76)",0.30001462,0.0001278718068483077
2532_0,mp-1186222,Nb4 Ga4 Os8,2532,111,0.1250000000000002,48,0,na,"(31, 41, 76)",0.29993466,0.0001278540753418693
2060_5,mp-865586,V4 Ga4 Ru8,2060,210,0.0625,64,0,na,"(23, 31, 44)",0.29983306,0.00012815082384196201
1658_0,mp-866183,Ti8 Zn4 Re4,1658,111,0.125,48,0,na,"(22, 30, 75)",0.2996909,0.00012810648057822886
1760_0,mp-1206088,Y4 Si8 Ni4,1760,111,0.1450473222239522,64,0,na,"(14, 28, 39)",0.2996546,0.00012810737509148784
1045_1,mp-867821,Ta4 Ti4 Mn8,1045,111,0.375,48,0,na,"(22, 25, 73)",0.29965246,0.00012812287369057786
2443_32,mp-8607,Na3 Cu12 Sb6,2443,102,0.0235127948489998,63,0,na,"(11, 29, 51)",0.2995382,0.00012809043067671166
1294_0,mp-864895,Be8 Ni4 Rh4,1294,111,0.1250000000000002,64,0,na,"(4, 28, 45)",0.299403,0.0001280759985252398
982_2,mp-11808,Sc4 Ni16 Sn4,982,111,0.4375124842427456,72,0,na,"(21, 28, 50)",0.29872638,0.0001278299268897875
1929_4,mp-3129,Sc4 Si12 Ni4,1929,111,0.4999999999999999,80,0,na,"(14, 21, 28)",0.29807317,0.0001275966669911801
1605_1,mp-1079890,Al8 Cu4 Ir4,1605,111,0.1597281373996287,48,0,na,"(13, 29, 77)",0.29804164,0.0001275994511574431
1417_25,mp-11113,Ti4 Te4 As4,1417,121,0.25,72,0,na,"(22, 33, 52)",0.29803705,0.0001276137695048818
2240_67,mp-9177,Y4 Al6 Si4,2240,11-2,0.2499999999999999,56,0,na,"(13, 14, 39)",0.29793456,0.00012758616699711
2215_2,mp-1207142,Rb2 Co4 As4,2215,221,0.0395476981425773,80,0,na,"(27, 33, 37)",0.29711196,0.00012725013579950473
1372_87,mp-30312,Ca8 Si4 Ir8,1372,021,0.0,80,0,na,"(14, 20, 77)",0.2969778,0.0001272088637337025
2590_5,mp-865130,Hf8 Mo4 Rh4,2590,210,0.0625,64,0,na,"(42, 45, 72)",0.29669502,0.00012713316072001103
2482_2,mp-568673,Y2 Si4 Ru4,2482,221,0.0329891386715885,80,0,na,"(14, 39, 44)",0.29658154,0.00012710069350356428
2279_1,mp-22503,Zr4 Co8 Sn4,2279,111,0.375,48,0,na,"(27, 40, 50)",0.29653737,0.00012709791858320015
2470_3,mp-862700,Al4 V4 Os8,2470,110,0.25,48,0,na,"(13, 23, 76)",0.29644877,0.00012707609513229115
1658_1,mp-866183,Ti8 Zn4 Re4,1658,111,0.375,48,0,na,"(22, 30, 75)",0.29641333,0.000127077051833738
1361_5,mp-1187242,Ta4 Nb4 Re8,1361,210,0.0625,64,0,na,"(41, 73, 75)",0.29634953,0.00012706584692452478
1634_9,mp-5292,Ca2 Si4 Ni4,1634,210,0.125,60,0,na,"(14, 20, 28)",0.29629853,0.000127060124646729
2435_2,mp-571147,Hf2 Si4 Ni4,2435,221,0.0297271633924225,80,0,na,"(14, 28, 72)",0.2962706,0.0001270642923780242
2375_1,mp-862369,Sc8 Ir4 Ru4,2375,111,0.3750000000000002,48,0,na,"(21, 44, 77)",0.29624104,0.00012706776048449433
2576_4,mp-1094088,Nb4 Co4 Sn4,2576,221,0.1875,72,0,na,"(27, 41, 50)",0.29623026,0.00012707928425944126
2240_17,mp-9177,Y4 Al6 Si4,2240,11-1,0.5000000000000001,42,0,na,"(13, 14, 39)",0.29616752,0.00012706851731637925
2406_5,mp-3909,Zr4 Al4 Co8,2406,210,0.0625,64,0,na,"(13, 27, 40)",0.29602945,0.0001270254203203353
1929_31,mp-3129,Sc4 Si12 Ni4,1929,121,0.5000000000000001,80,0,na,"(14, 21, 28)",0.29585445,0.00012696645627059293
2029_46,mp-14208,Li3 Y3 Si3,2029,2-12,0.4625996922304765,54,0,na,"(3, 14, 39)",0.29565755,0.00012689806808816026
1554_1,mp-865030,Hf4 Sc4 Ru8,1554,111,0.3750000000000002,48,0,na,"(21, 44, 72)",0.29552373,0.00012685672958179798
2351_0,mp-866071,Mg4 Ta4 Os8,2351,111,0.1250000000000002,48,0,na,"(12, 73, 76)",0.29545966,0.00012684531802957478
1665_3,mp-977357,Ta8 Re4 Ru4,1665,110,0.25,48,0,na,"(44, 73, 75)",0.2952856,0.0001267866737247561
1915_5,mp-867280,Be8 Ir4 Pt4,1915,210,0.0624999999999999,64,0,na,"(4, 77, 78)",0.29527834,0.0001267996330048198
2215_3,mp-1207142,Rb2 Co4 As4,2215,221,0.1020476981425773,80,0,na,"(27, 33, 37)",0.29485482,0.00012673127608179535
1926_5,mp-867275,Be4 V4 Os8,1926,210,0.0624999999999999,64,0,na,"(4, 23, 76)",0.29475942,0.0001267063299513633
1086_5,mp-865140,Mn4 Ga4 Ru8,1086,210,0.0625,64,0,na,"(25, 31, 44)",0.2940859,0.00012645664237130786
1759_43,mp-11444,Y4 Ga8 Ni4,1759,102,0.125,64,0,na,"(28, 31, 39)",0.2938806,0.0001264072807831602
2256_5,mp-1184678,Hf8 Fe4 Rh4,2256,210,0.0625,64,0,na,"(26, 45, 72)",0.2937963,0.0001263869969407785
2443_37,mp-8607,Na3 Cu12 Sb6,2443,10-2,0.3945719171453183,63,0,na,"(11, 29, 51)",0.29370117,0.0001263620438846879
1074_0,mp-977443,Zr4 Ge4 Ru8,1074,111,0.1250000000000002,48,0,na,"(32, 40, 44)",0.29357532,0.00012632386069941952
1198_5,mp-13914,Li4 Co8 Ge4,1198,210,0.0625,64,0,na,"(3, 27, 32)",0.29340115,0.00012626486656277088
2559_45,mp-22780,Ba4 In8 Ir4,2559,112,0.1809809744625355,64,0,na,"(49, 56, 77)",0.29333246,0.00012625124699265435
2026_3,mp-1078547,Y2 Sn2 Pt4,2026,221,0.0847392976500405,80,0,na,"(39, 50, 78)",0.29332852,0.00012626549237967574
1875_5,mp-865653,Ti4 Nb4 Re8,1875,210,0.0625,64,0,na,"(22, 41, 75)",0.29260957,0.00012597192079071888
1925_5,mp-977362,Zn4 Ga4 Rh8,1925,210,0.0625,64,0,na,"(30, 31, 45)",0.2925706,0.00012597101254988006
1915_3,mp-867280,Be8 Ir4 Pt4,1915,110,0.25,48,0,na,"(4, 77, 78)",0.2921719,0.00012581519487196567
2160_3,mp-867274,Be8 Co4 Ir4,2160,110,0.25,48,0,na,"(4, 27, 77)",0.29195642,0.00012589477077220145
2559_43,mp-22780,Ba4 In8 Ir4,2559,112,0.0,64,0,na,"(49, 56, 77)",0.29194912,0.0001259074740257089
2073_5,mp-861951,Li4 Ta4 Rh8,2073,210,0.0625,64,0,na,"(3, 45, 73)",0.29190183,0.00012590293161799228
938_0,mp-1185625,Mg4 Zr4 Pt8,938,111,0.125,48,0,na,"(12, 40, 78)",0.29175094,0.00012585369517802264
2520_0,mp-865989,Al8 Ir4 Ru4,2520,111,0.125,48,0,na,"(13, 44, 77)",0.29154983,0.00012578277183107782
2029_15,mp-14208,Li3 Y3 Si3,2029,212,0.0374003077695234,72,0,na,"(3, 14, 39)",0.2914124,0.00012576874396282223
1780_5,mp-972777,Si8 Os4 Ru4,1780,210,0.0624999999999999,64,0,na,"(14, 44, 76)",0.29135025,0.00012575773744941956
1935_7,mp-1078231,Sr8 Ga16 Rh16,1935,110,0.090603595859232,80,0,na,"(31, 38, 45)",0.29101822,0.00012563021977244176
2005_5,mp-864983,Mn4 V4 Ru8,2005,210,0.0625,64,0,na,"(23, 25, 44)",0.29066002,0.00012549135322605874
2288_5,mp-4922,Mn4 Al4 Ni8,2288,210,0.0625,64,0,na,"(13, 25, 28)",0.2906549,0.00012550489246441053
1897_3,mp-1018135,Li4 Cd4 As4,1897,221,0.0625,72,0,na,"(3, 33, 48)",0.2904421,0.00012542874726776966
1876_3,mp-867273,Be8 Cu4 Ir4,1876,110,0.25,48,0,na,"(4, 29, 77)",0.2902453,0.0001253594819718109
1928_0,mp-866224,Be8 Ni4 Pt4,1928,111,0.125,64,0,na,"(4, 28, 78)",0.29004398,0.00012528823617254833
2368_3,mp-867125,Al8 Ru4 Pt4,2368,110,0.25,48,0,na,"(13, 44, 78)",0.28992328,0.00012525179082753212
1071_5,mp-865921,Mg4 Al4 Ir8,1071,210,0.0625,64,0,na,"(12, 13, 77)",0.28916755,0.00012575975274167555
948_47,mp-9951,Mn3 Nb3 Ge3,948,2-12,0.3125093948925155,72,0,na,"(25, 32, 41)",0.28912377,0.00012575652781063223
1836_14,mp-21249,Y2 Mn2 Si2,1836,211,0.375,72,0,na,"(14, 25, 39)",0.28908128,0.0001257538608389379
1841_5,mp-864835,Hf8 Co4 Ir4,1841,210,0.0625,64,0,na,"(27, 72, 77)",0.28907835,0.00012576840211556007
2614_2,mp-1091395,Zr3 Ge3 Os3,2614,111,0.2889938560842716,36,0,na,"(32, 40, 76)",0.28907064,0.00012578086700894096
2559_44,mp-22780,Ba4 In8 Ir4,2559,112,0.1253328732250622,64,0,na,"(49, 56, 77)",0.28904352,0.0001257848878445602
2017_25,mp-1223820,Hf6 Al9 Cu3,2017,10-2,0.374888954366796,54,0,na,"(13, 29, 72)",0.28891546,0.00012574497598604923
1139_5,mp-977555,Mg4 Nb4 Rh8,1139,210,0.0625,64,0,na,"(12, 41, 45)",0.28881347,0.00012571639497739717
1586_2,mp-31454,Ta4 Sb4 Ru4,1586,111,0.8749999999999998,36,0,na,"(44, 51, 73)",0.28859112,0.0001256354036154593
1230_5,mp-9223,Sc3 Ge3 Ru3,1230,221,0.1021530498233291,63,0,na,"(21, 32, 44)",0.28848884,0.00012560665763184398
1050_9,mp-3390,Y2 Cu4 Si4,1050,210,0.125,60,0,na,"(14, 29, 39)",0.28847638,0.0001256170109404756
2072_5,mp-31169,Sc4 Al4 Ag8,2072,210,0.0625,64,0,na,"(13, 21, 47)",0.28838938,0.00012559490365552685
1926_1,mp-867275,Be4 V4 Os8,1926,111,0.3750000000000002,48,0,na,"(4, 23, 76)",0.2882324,0.00012554230561606826
1779_2,mp-35276,K2 Fe4 As4,1779,221,0.037856159908129,80,0,na,"(19, 26, 33)",0.2877799,0.00012594082289940983
2424_13,mp-1079802,Y4 Ni4 Ge8,2424,110,0.5,48,0,na,"(28, 32, 39)",0.2872477,0.00012574930690563592
1667_3,mp-865448,Ti4 Ga4 Ru8,1667,110,0.25,48,0,na,"(22, 31, 44)",0.28713945,0.00012571772688804657
2500_1,mp-867928,Sc4 Ga4 Rh8,2500,111,0.375,48,0,na,"(21, 31, 45)",0.28671324,0.00012554690363440968
2000_0,mp-866284,Al8 Ir4 Os4,2000,111,0.1250000000000002,48,0,na,"(13, 76, 77)",0.2866518,0.00012553576071823653
1775_1,mp-864903,Mg4 Ta4 Ru8,1775,111,0.3750000000000002,48,0,na,"(12, 44, 73)",0.28645247,0.00012546421675148543
2026_11,mp-1078547,Y2 Sn2 Pt4,2026,210,0.0833333333333333,64,0,na,"(39, 50, 78)",0.2863869,0.00012545123718251942
1259_5,mp-864949,Mn4 Ga4 Rh8,1259,210,0.0625,64,0,na,"(25, 31, 45)",0.2863839,0.00012546566286085164
2364_5,mp-865924,Li4 Zr4 Au8,2364,210,0.0625,64,0,na,"(3, 40, 79)",0.28627264,0.0001254326570058765
1533_1,mp-865901,Be4 Co8 Si4,1533,111,0.375,64,0,na,"(4, 14, 27)",0.28605384,0.00012535251132669053
1830_2,mp-1070869,Zr4 Cu16 Ag4,1830,111,0.4377219603949708,72,0,na,"(29, 40, 47)",0.28600287,0.00012534588803194072
1949_19,mp-9902,Sc8 Co4 Si8,1949,11-1,1.0,60,0,na,"(14, 21, 27)",0.28581968,0.00012528130522487736
2608_1,mp-1185317,Li4 Be8 Pt4,2608,111,0.3750000000000002,64,0,na,"(3, 4, 78)",0.28517342,0.00012501369655969053
2153_1,mp-867120,Ta4 Mn8 Al4,2153,111,0.375,48,0,na,"(13, 25, 73)",0.28513736,0.00012501351705809953
1639_1,mp-1215319,Zr4 Al4 Fe16,1639,111,0.5637900840061614,72,0,na,"(13, 26, 40)",0.2850846,0.00012500601279488946
2033_68,mp-1224337,Hf2 Sc2 Ge8,2033,012,0.0772588932111139,72,0,na,"(21, 32, 72)",0.28503504,0.00012499990709798235
2476_0,mp-867293,Li4 Co8 Si4,2476,111,0.125,64,0,na,"(3, 14, 27)",0.2847822,0.0001249316629777838
2078_3,mp-961693,Zr4 In4 Au4,2078,221,0.0625000000000002,72,0,na,"(40, 49, 79)",0.2847109,0.00012491599020305217
1651_3,mp-865025,Hf4 Ta4 Re8,1651,110,0.2500000000000001,48,0,na,"(72, 73, 75)",0.28457984,0.00012487408682045666
2500_3,mp-867928,Sc4 Ga4 Rh8,2500,110,0.25,48,0,na,"(21, 31, 45)",0.2843253,0.0001247779757990325
1209_1,mp-977550,Zr4 Sc4 Os8,1209,111,0.375,48,0,na,"(21, 40, 76)",0.2843158,0.00012478937762923402
897_2,mp-1206600,K2 As4 Ru4,897,221,0.0375070690036,80,0,na,"(19, 33, 44)",0.28393632,0.00012463837316719354
997_3,mp-867156,Sc4 Ga4 Ru8,997,110,0.2499999999999999,48,0,na,"(21, 31, 44)",0.28352183,0.00012447194015549373
1686_10,mp-1069057,Sr2 Co4 Si4,1686,210,0.125,60,0,na,"(14, 27, 38)",0.28299543,0.00012498602873256147
1442_3,mp-1008624,Y4 Bi4 Pd4,1442,221,0.0625,72,0,na,"(39, 46, 83)",0.28203782,0.00012457866715661934
1566_6,mp-862706,Be4 Co8 Ge4,1566,100,0.125,32,0,na,"(4, 27, 32)",0.28200865,0.00012458130267527579
2249_2,mp-1228829,Al1 V6 Ge1,2249,221,0.062437387774171,64,0,na,"(13, 23, 32)",0.28177452,0.00012449338198991522
2198_3,mp-961713,Zr4 Sn4 Pt4,2198,221,0.0625000000000002,72,0,na,"(40, 50, 78)",0.28140852,0.00012434715657508804
1815_3,mp-865519,Y4 Ta4 Ru8,1815,110,0.2500000000000002,48,0,na,"(39, 44, 73)",0.2812184,0.00012427860114831414
1546_19,mp-1077453,Hf4 Cu4 Ge4,1546,112,0.2976338729844133,60,0,na,"(29, 32, 72)",0.28109238,0.00012423834940838847
1546_15,mp-1077453,Hf4 Cu4 Ge4,1546,201,0.0320200058920283,72,0,na,"(29, 32, 72)",0.28086358,0.00012415264797709815
1162_5,mp-862600,Be8 Pt4 Rh4,1162,210,0.0625,64,0,na,"(4, 45, 78)",0.28059623,0.0001240498699779617
2244_2,mp-19791,Ca2 Ge4 Ru4,2244,221,0.0333058348384867,80,0,na,"(20, 32, 44)",0.2805678,0.00012405268996962807
1235_3,mp-10527,Y4 Al2 Si4,1235,221,0.0717132525355914,80,0,na,"(13, 14, 39)",0.28051367,0.00012404414446991972
2578_0,mp-865603,Y8 Ir4 Rh4,2578,111,0.125,48,0,na,"(39, 45, 77)",0.28029612,0.00012396332000866767
1988_47,mp-1078782,Y4 Co4 Si8,1988,021,0.136304400063743,48,0,na,"(14, 27, 39)",0.28025883,0.00012396219495731592
1142_5,mp-864971,Mn4 Sn4 Ru8,1142,210,0.0625,64,0,na,"(25, 44, 50)",0.2800868,0.00012390146290559324
977_20,mp-1226006,Co3 Si12 Ni3,977,10-1,0.0814169051451152,72,0,na,"(14, 27, 28)",0.28006342,0.00012390647253284634
2366_5,mp-15987,Hf3 Cu4 Si2,2366,221,0.0389917798962746,72,0,na,"(14, 29, 72)",0.27987203,0.0001238371414359629
1399_1,mp-1077397,Sc4 Cd4 Ni16,1399,111,0.562681766589954,72,0,na,"(21, 28, 48)",0.27977937,0.00012381147390820522
1230_16,mp-9223,Sc3 Ge3 Ru3,1230,212,0.2096962570920137,72,0,na,"(21, 32, 44)",0.2793084,0.00012377717649170105
1574_5,mp-865804,Ta4 Zn4 Rh8,1574,210,0.0625,64,0,na,"(30, 45, 73)",0.2792736,0.00012377707544190914
2132_3,mp-865538,Ti8 Re4 Pd4,2132,110,0.25,48,0,na,"(22, 46, 75)",0.27908745,0.00012370988419931387
1356_3,mp-867771,Ta4 Cu4 Rh8,1356,110,0.2500000000000001,48,0,na,"(29, 45, 73)",0.27905053,0.0001237088228350986
897_3,mp-1206600,K2 As4 Ru4,897,221,0.1000070690036,80,0,na,"(19, 33, 44)",0.2790338,0.00012371671093166706
1105_3,mp-977407,Hf8 Re4 Rh4,1105,110,0.25,48,0,na,"(45, 72, 75)",0.27886462,0.00012365699912583885
979_5,mp-867829,Li4 V4 Rh8,979,210,0.0625,64,0,na,"(3, 23, 45)",0.27846768,0.00012374063705562847
1109_24,mp-1217124,Ti6 Co9 Sn6,1109,101,0.6888194767306309,63,0,na,"(22, 27, 50)",0.2782626,0.00012366480952506612
1975_4,mp-924128,Hf4 Ni4 Sn4,1975,221,0.1875,72,0,na,"(28, 50, 72)",0.27810296,0.0001236091487939783
2608_3,mp-1185317,Li4 Be8 Pt4,2608,110,0.25,48,0,na,"(3, 4, 78)",0.27808705,0.00012361735747106836
982_1,mp-11808,Sc4 Ni16 Sn4,982,111,0.1874625472717641,72,0,na,"(21, 28, 50)",0.2780524,0.00012403735696772593
977_21,mp-1226006,Co3 Si12 Ni3,977,10-1,0.1449039171721201,72,0,na,"(14, 27, 28)",0.27801907,0.00012403787400278444
977_11,mp-1226006,Co3 Si12 Ni3,977,101,0.0615705838387865,72,0,na,"(14, 27, 28)",0.27795646,0.00012402532446408791
1318_5,mp-864909,Hf4 Al4 Ru8,1318,210,0.0625,64,0,na,"(13, 44, 72)",0.27771178,0.00012393151788070916
1976_5,mp-977440,Li4 Ti4 Pt8,1976,210,0.0625,64,0,na,"(3, 22, 78)",0.2775297,0.00012386561380592782
1446_11,mp-1216468,V9 Si6 Mo9,1446,110,0.8743607838385072,72,0,na,"(14, 23, 42)",0.2774589,0.0001238493553941927
933_23,mp-1217076,Ti4 Al2 Ge6,933,210,0.2499317073388484,72,0,na,"(13, 22, 32)",0.2774436,0.00012385786564856897
1283_1,mp-861882,Li4 Ge4 Ir8,1283,111,0.375,48,0,na,"(3, 32, 77)",0.27731705,0.000123816706189193
2272_3,mp-924130,Ti4 Ni4 Sn4,2272,221,0.0625000000000002,72,0,na,"(22, 28, 50)",0.27726802,0.0001238101450056003
1716_0,mp-862445,Ta4 Al4 Os8,1716,111,0.125,48,0,na,"(13, 73, 76)",0.2770559,0.0001237307449165438
2214_0,mp-864788,Nb4 In4 Ru8,2214,111,0.125,48,0,na,"(41, 44, 49)",0.27688357,0.00012366908551188267
1839_2,mp-4822,Y2 Si4 Pd4,1839,221,0.0291468631113467,80,0,na,"(14, 39, 46)",0.27687472,0.00012368042813554314
1171_5,mp-861641,Ti8 Co4 Re4,1171,210,0.0624999999999999,64,0,na,"(22, 27, 75)",0.27642295,0.0001235166134585709
2520_3,mp-865989,Al8 Ir4 Ru4,2520,110,0.25,48,0,na,"(13, 44, 77)",0.2761526,0.0001234110537927393
1610_79,mp-1078304,Ca8 Al4 Pd8,1610,021,0.026314492375425,80,0,na,"(13, 20, 46)",0.2761226,0.0001234128774736406
1574_3,mp-865804,Ta4 Zn4 Rh8,1574,110,0.25,48,0,na,"(30, 45, 73)",0.27601877,0.00012338169759006342
978_3,mp-5396,Mn4 Co8 Sb4,978,110,0.25,48,0,na,"(25, 27, 51)",0.27588764,0.0001233382995477246
2033_9,mp-1224337,Hf2 Sc2 Ge8,2033,221,0.3746227438502475,72,0,na,"(21, 32, 72)",0.2758635,0.00012334272040323986
1726_29,mp-8147,K8 As8 Pd4,1726,122,0.125,80,0,na,"(19, 33, 46)",0.2757357,0.00012330078735540582
1844_2,mp-568113,Ba2 As4 Rh4,1844,221,0.0359444713913372,80,0,na,"(33, 45, 56)",0.27564815,0.0001232768377357929
2438_3,mp-977436,Zr4 Al4 Ru8,2438,110,0.25,48,0,na,"(13, 40, 44)",0.27536532,0.0001231655324501041
2252_6,mp-1068653,Ca2 Si6 Ir2,2252,221,0.1669897242387534,80,0,na,"(14, 20, 77)",0.27474925,0.00012338724213228048
2017_0,mp-1223820,Hf6 Al9 Cu3,2017,111,0.0624444771833978,72,0,na,"(13, 29, 72)",0.2746173,0.00012334320363579097
2484_1,mp-864669,Nb4 Ge4 Ru8,2484,111,0.375,48,0,na,"(32, 41, 44)",0.27459857,0.0001233500055200291
2202_20,mp-1218015,Ta4 Co4 Ni8,2202,210,0.0665109078973262,64,0,na,"(27, 28, 73)",0.27398056,0.00012372336359564728
2252_4,mp-1068653,Ca2 Si6 Ir2,2252,221,0.0367630169658319,80,0,na,"(14, 20, 77)",0.27370304,0.00012361333575946852
2366_8,mp-15987,Hf3 Cu4 Si2,2366,221,0.4180041100518623,72,0,na,"(14, 29, 72)",0.2734283,0.00012494558973446586
1083_16,mp-1079643,Ta3 Mn3 Ge3,1083,212,0.2069428333865383,72,0,na,"(25, 32, 73)",0.2732208,0.00012489028786856753
2484_3,mp-864669,Nb4 Ge4 Ru8,2484,110,0.25,48,0,na,"(32, 41, 44)",0.27320582,0.00012489903912939147
2406_3,mp-3909,Zr4 Al4 Co8,2406,110,0.25,48,0,na,"(13, 27, 40)",0.2729944,0.0001248179758012368
950_1,mp-864857,Nb4 Zn4 Co8,950,111,0.375,48,0,na,"(27, 30, 41)",0.27286488,0.0001247743309947604
1685_5,mp-1185418,Li4 Zn4 Pt8,1685,210,0.0625,64,0,na,"(3, 30, 78)",0.2728035,0.00012476183051952612
2127_3,mp-865805,Ta4 Zn4 Co8,2127,110,0.2499999999999999,48,0,na,"(27, 30, 73)",0.2727175,0.00012473806249754286
1240_4,mp-1025045,Ti2 Ga2 Pd2,1240,212,0.2500000000000001,48,0,na,"(22, 31, 46)",0.27260607,0.0001247026507764938
929_3,mp-865131,Hf8 Os4 Rh4,929,110,0.25,48,0,na,"(45, 72, 76)",0.2725865,0.00012470925012555831
2546_5,mp-1080769,Hf3 Mn3 Ge3,2546,221,0.0815354606521303,72,0,na,"(25, 32, 72)",0.2724952,0.00012468302919235247
1572_22,mp-1228798,Cs2 Ta2 Te6,1572,102,0.0577888496236054,40,0,na,"(52, 55, 73)",0.27155674,0.00012511353316859835
1442_4,mp-1008624,Y4 Bi4 Pd4,1442,221,0.1875,72,0,na,"(39, 46, 83)",0.27139097,0.00012505280424525387
1758_2,mp-4370,Sr2 As4 Pd4,1758,221,0.0313197265828764,80,0,na,"(33, 38, 46)",0.27113944,0.00012495252873604855
963_5,mp-8720,Rb8 Mn4 Te8,963,221,0.051552966811784,80,0,na,"(25, 37, 52)",0.27065754,0.00012476905724904535
1109_48,mp-1217124,Ti6 Co9 Sn6,1109,102,0.1182361827316424,63,0,na,"(22, 27, 50)",0.27065143,0.00012478180953963275
1391_5,mp-1068587,Y2 Si6 Ir2,1391,221,0.1042974880127091,80,0,na,"(14, 39, 77)",0.2705854,0.0001247669355479258
978_5,mp-5396,Mn4 Co8 Sb4,978,210,0.0625,64,0,na,"(25, 27, 51)",0.27058506,0.00012478234748502243
1325_2,mp-20649,Y2 Mn4 Ge4,1325,221,0.029777905625087,80,0,na,"(25, 32, 39)",0.2705472,0.0001247804584581256
1118_5,mp-1188059,Zr4 Ga4 Ru8,1118,210,0.0625,64,0,na,"(31, 40, 44)",0.27042985,0.00012474190021566256
2468_0,mp-1186207,Nb8 Re4 Ru4,2468,111,0.125,48,0,na,"(41, 44, 75)",0.27004096,0.00012460188299731883
1252_0,mp-1215207,Zr4 Sc4 Fe16,1252,111,0.1873845560343208,72,0,na,"(21, 26, 40)",0.26993197,0.00012456711429672873
1528_6,mp-1025355,Zr1 Ga5 Co1,1528,212,0.125,56,0,na,"(27, 31, 40)",0.2691611,0.00012431729487812198
2367_0,mp-864992,Mn4 Nb4 Ru8,2367,111,0.125,48,0,na,"(25, 41, 44)",0.2690455,0.00012427935284022555
2189_5,mp-861903,Li4 Bi4 Rh8,2189,210,0.0625,64,0,na,"(3, 45, 83)",0.2690148,0.00012428061719917818
1200_3,mp-861507,Sc4 Al4 Ir8,1200,110,0.2499999999999999,48,0,na,"(13, 21, 77)",0.26843253,0.0001240270317500944
1697_0,mp-977563,Li4 Nb4 Ir8,1697,111,0.125,48,0,na,"(3, 41, 77)",0.26841354,0.0001240336411018998
1420_3,mp-867802,Sc8 Cu4 Os4,1420,110,0.25,48,0,na,"(21, 29, 76)",0.26839197,0.00012403905864153284
1240_1,mp-1025045,Ti2 Ga2 Pd2,1240,221,0.0625000000000001,60,0,na,"(22, 31, 46)",0.26821443,0.00012420622206243408
2491_5,mp-867110,Sc8 Co4 Os4,2491,210,0.0624999999999999,64,0,na,"(21, 27, 76)",0.2680591,0.0001241497111533087
2161_5,mp-867748,Sc4 Sn4 Ru8,2161,210,0.0625,64,0,na,"(21, 44, 50)",0.26775187,0.00012402281710868646
1116_5,mp-862261,Sc8 Zn4 Ru4,1116,210,0.0625,64,0,na,"(21, 30, 44)",0.26763344,0.00012398333702866342
1935_18,mp-1078231,Sr8 Ga16 Rh16,1935,101,0.0581341757510074,80,0,na,"(31, 38, 45)",0.26748767,0.00012393117330777344
1901_1,mp-865933,Li4 Si4 Ir8,1901,111,0.375,48,0,na,"(3, 14, 77)",0.26715648,0.00012379306968040733
1319_16,mp-1087487,Hf6 Ga2 Fe1,1319,212,0.2080350281150996,72,0,na,"(26, 31, 72)",0.26695505,0.0001237150475450826
1758_3,mp-4370,Sr2 As4 Pd4,1758,221,0.0938197265828764,80,0,na,"(33, 38, 46)",0.26691437,0.00012371150017633637
974_63,mp-1228701,Al8 Ge4 W6,974,102,0.125,72,0,na,"(13, 32, 74)",0.2669022,0.00012372116526322908
1737_5,mp-866069,Mg4 Sc4 Rh8,1737,210,0.0625,64,0,na,"(12, 21, 45)",0.2666441,0.0001236168183300789
2037_4,mp-5676,Mn4 Sb4 Pt4,2037,221,0.1874999999999999,72,0,na,"(25, 51, 78)",0.26651224,0.00012357096317996445
1213_3,mp-1183688,Cr4 Ga4 Ru8,1213,110,0.25,48,0,na,"(24, 31, 44)",0.26646635,0.00012356495488062064
2127_1,mp-865805,Ta4 Zn4 Co8,2127,111,0.3750000000000002,48,0,na,"(27, 30, 73)",0.26646513,0.00012357965926099998
2278_37,mp-4022,Zr8 Co4 Si8,2278,201,0.0,80,0,na,"(14, 27, 40)",0.26632497,0.00012352992245129345
1720_3,mp-1228809,Al2 Re2 Si2,1720,221,0.0398189562434403,60,0,na,"(13, 14, 75)",0.26619548,0.00012348511501114254
2132_5,mp-865538,Ti8 Re4 Pd4,2132,210,0.0625,64,0,na,"(22, 46, 75)",0.26607534,0.0001234446269787002
2020_5,mp-867916,Sc4 Ga4 Ir8,2020,210,0.0625,64,0,na,"(21, 31, 77)",0.2657956,0.00012333006711958905
2545_2,mp-1215478,Zr6 V3 Co9,2545,110,0.2500000000000001,72,0,na,"(23, 27, 40)",0.26571164,0.00012330631676886442
1975_3,mp-924128,Hf4 Ni4 Sn4,1975,221,0.0625,72,0,na,"(28, 50, 72)",0.26545107,0.0001232005878956209
1186_0,mp-1186766,Ta8 Mo4 Ir4,1186,111,0.125,48,0,na,"(42, 73, 77)",0.26519978,0.00012309912559815766
2482_5,mp-568673,Y2 Si4 Ru4,2482,212,0.0659782773431771,60,0,na,"(14, 39, 44)",0.26512337,0.00012307880887505528
1843_0,mp-1221618,Mn4 Be16 Al4,1843,111,0.0633086280322392,72,0,na,"(4, 13, 25)",0.26492482,0.0001230017744809804
1150_8,mp-1222657,Li8 Ge4 Pd4,1150,210,0.0624999999999999,64,0,na,"(3, 32, 46)",0.26463264,0.0001228812330261995
2593_5,mp-1187939,Zn4 Sn4 Rh8,2593,210,0.0625,64,0,na,"(30, 45, 50)",0.2645615,0.00012286329701154033
1838_5,mp-865174,Hf4 Cd4 Rh8,1838,210,0.0625,64,0,na,"(45, 48, 72)",0.26411605,0.00012267150027985035
2078_4,mp-961693,Zr4 In4 Au4,2078,221,0.1875000000000002,72,0,na,"(40, 49, 79)",0.26396418,0.0001226160041370085
1094_1,mp-862290,Li4 Fe4 Rh8,1094,111,0.3750000000000002,48,0,na,"(3, 26, 45)",0.26386505,0.00012258498738985913
1605_21,mp-1079890,Al8 Cu4 Ir4,1605,121,0.0,64,0,na,"(13, 29, 77)",0.26354453,0.00012314578521277394
2184_0,mp-20521,Sc4 In4 Pt8,2184,111,0.125,48,0,na,"(21, 49, 78)",0.26345685,0.00012311997690741985
2211_4,mp-30460,Y4 Ni4 Bi4,2211,221,0.1875,72,0,na,"(28, 39, 83)",0.2634219,0.00012311880228216924
929_1,mp-865131,Hf8 Os4 Rh4,929,111,0.375,48,0,na,"(45, 72, 76)",0.26308855,0.00012297814122686819
948_8,mp-9951,Mn3 Nb3 Ge3,948,221,0.4589946480111635,72,0,na,"(25, 32, 41)",0.26300535,0.00012295437090955612
1687_3,mp-865152,Mg4 Al4 Pd8,1687,110,0.25,48,0,na,"(12, 13, 46)",0.2628824,0.00012291200464737852
1897_7,mp-1018135,Li4 Cd4 As4,1897,210,0.0625,48,0,na,"(3, 33, 48)",0.26258922,0.00012281623312792114
1639_3,mp-1215319,Zr4 Al4 Fe16,1639,111,0.9370699719979462,72,0,na,"(13, 26, 40)",0.2625888,0.00012283112234447223
978_1,mp-5396,Mn4 Co8 Sb4,978,111,0.375,48,0,na,"(25, 27, 51)",0.2620747,0.00012271492374072072
1945_5,mp-1224834,Ga1 Si1 Ni6,1945,212,0.1161409002150932,64,0,na,"(14, 28, 31)",0.26188055,0.00012266370980232677
1230_41,mp-9223,Sc3 Ge3 Ru3,1230,2-12,0.1868185381206597,72,0,na,"(21, 32, 44)",0.26186812,0.0001226729351617468
1019_3,mp-569012,Cs2 As4 Rh4,1019,221,0.1020524204471831,80,0,na,"(33, 45, 55)",0.26152176,0.0001225257123314138
1287_5,mp-865537,Ti4 Mn4 Co8,1287,210,0.0625,64,0,na,"(22, 25, 27)",0.26147938,0.00012252086880961858
1116_3,mp-862261,Sc8 Zn4 Ru4,1116,110,0.25,48,0,na,"(21, 30, 44)",0.26090586,0.000122416308861298
1239_0,mp-865021,Be8 Ru4 Pt4,1239,111,0.125,64,0,na,"(4, 44, 78)",0.26086086,0.00012241017998799417
1321_3,mp-861666,Li4 Ru8 W4,1321,110,0.25,48,0,na,"(3, 44, 74)",0.26062733,0.00012270666626103697
1198_0,mp-13914,Li4 Co8 Ge4,1198,111,0.125,64,0,na,"(3, 27, 32)",0.26060712,0.00012271220874169074
2415_1,mp-569151,Mn2 Ga2 Pt2,2415,221,0.0625000000000001,60,0,na,"(25, 31, 78)",0.26024264,0.00012255562492790358
2074_3,mp-1187201,Ta8 V4 Re4,2074,110,0.25,48,0,na,"(23, 73, 75)",0.26002705,0.00012246910677288813
1412_3,mp-866086,Mg4 Si4 Ir8,1412,110,0.25,48,0,na,"(12, 14, 77)",0.25959975,0.00012268532063992816
2367_1,mp-864992,Mn4 Nb4 Ru8,2367,111,0.375,48,0,na,"(25, 41, 44)",0.25953862,0.00012267148095011324
1345_13,mp-865747,Y4 Mg2 Ge4,1345,211,0.2191756976951593,80,0,na,"(12, 32, 39)",0.2591656,0.00012251020076121645
1477_0,mp-866165,Y4 Mg4 Rh8,1477,111,0.125,48,0,na,"(12, 39, 45)",0.25897366,0.00012248494986744519
1428_16,mp-22191,Hf3 Fe3 Ge3,1428,212,0.2074162298279607,72,0,na,"(26, 32, 72)",0.25889108,0.0001224608922021087
1374_5,mp-867123,Ta4 Ti4 Os8,1374,210,0.0625,64,0,na,"(22, 73, 76)",0.25851864,0.00012229969722737648
1210_3,mp-862712,Sc8 Co4 Ir4,1210,110,0.25,48,0,na,"(21, 27, 77)",0.2584536,0.00012230412310396403
1945_3,mp-1224834,Ga1 Si1 Ni6,1945,221,0.1897147749462268,80,0,na,"(14, 28, 31)",0.25826088,0.00012222787408004934
1477_3,mp-866165,Y4 Mg4 Rh8,1477,110,0.25,48,0,na,"(12, 39, 45)",0.2581906,0.00012220954987453368
1459_6,mp-7361,Sr2 Co4 Ge4,1459,212,0.125,60,0,na,"(27, 32, 38)",0.25805363,0.00012215964683740644
2424_1,mp-1079802,Y4 Ni4 Ge8,2424,111,0.3244559930322204,64,0,na,"(28, 32, 39)",0.25757012,0.00012197315879297968
2519_4,mp-1093991,Zr4 As4 Ir4,2519,221,0.1875000000000001,72,0,na,"(33, 40, 77)",0.2573314,0.00012201002484043428
2586_49,mp-12962,Zr6 Fe1 Sb2,2586,102,0.2500000000000002,54,0,na,"(26, 40, 51)",0.25729057,0.0001220286542641008
2086_3,mp-862713,Be4 Ge4 Ru8,2086,110,0.2499999999999999,48,0,na,"(4, 32, 44)",0.2571082,0.00012195704144846327
1424_83,mp-1078362,Ca8 Al4 Pt8,1424,021,0.25,80,0,na,"(13, 20, 78)",0.25708324,0.00012196007577928072
997_0,mp-867156,Sc4 Ga4 Ru8,997,111,0.1250000000000002,48,0,na,"(21, 31, 44)",0.2570743,0.00012197071020775716
2610_47,mp-1205560,Rb8 As8 Pd4,2610,102,0.1250000000000001,80,0,na,"(33, 37, 46)",0.2569756,0.00012193875425483986
1254_15,mp-1224393,Hf6 Al2 Fe1,1254,212,0.2915110813468461,72,0,na,"(13, 26, 72)",0.2569633,0.00012194778788275916
914_5,mp-867835,Be4 Si4 Ru8,914,210,0.0625,64,0,na,"(4, 14, 44)",0.25695485,0.0001219586503303811
2064_5,mp-861640,Ti8 Al4 Re4,2064,210,0.0625,64,0,na,"(13, 22, 75)",0.25694692,0.00012196976177676593
2546_7,mp-1080769,Hf3 Mn3 Ge3,2546,221,0.3369290786957394,72,0,na,"(25, 32, 72)",0.25692368,0.00012197360710658482
2170_1,mp-862288,Al4 Fe8 W4,2170,111,0.3750000000000002,48,0,na,"(13, 26, 74)",0.25690144,0.00012197792683307773
2081_1,mp-862610,Li4 Hf4 Ir8,2081,111,0.3750000000000002,48,0,na,"(3, 72, 77)",0.25664902,0.00012187294252241455
2610_46,mp-1205560,Rb8 As8 Pd4,2610,102,0.044233350031675,80,0,na,"(33, 37, 46)",0.2564209,0.0001218275658064396
1664_48,mp-1206135,Hf6 Fe1 Sb2,1664,102,0.25,54,0,na,"(26, 51, 72)",0.25629947,0.00012178471020291308
2051_1,mp-865441,Ti4 Al4 Pd8,2051,111,0.375,48,0,na,"(13, 22, 46)",0.25625128,0.00012177664250223831
1290_3,mp-865050,Hf4 Mg4 Rh8,1290,110,0.2499999999999999,48,0,na,"(12, 45, 72)",0.25622383,0.00012177842738385732
1507_12,mp-12781,Sc4 Al8 Ni4,1507,110,0.5,48,0,na,"(13, 21, 28)",0.25604352,0.00012170755074400489
2214_1,mp-864788,Nb4 In4 Ru8,2214,111,0.375,48,0,na,"(41, 44, 49)",0.2560043,0.00012170372019787386
1319_14,mp-1087487,Hf6 Ga2 Fe1,1319,212,0.0481499469745134,72,0,na,"(26, 31, 72)",0.25599614,0.00012171465408315616
982_3,mp-11808,Sc4 Ni16 Sn4,982,111,0.8125124842427454,72,0,na,"(21, 28, 50)",0.25592804,0.00012169708791413012
1898_3,mp-981365,V8 Re4 Ru4,1898,110,0.25,48,0,na,"(23, 44, 75)",0.25572434,0.00012161502612820251
2405_3,mp-7878,Ca2 Ag4 Ge4,2405,221,0.0900682190705275,80,0,na,"(20, 32, 47)",0.2555777,0.00012156007195903793
1664_16,mp-1206135,Hf6 Fe1 Sb2,1664,212,0.4166666666666668,72,0,na,"(26, 51, 72)",0.2555606,0.00012156671636821104
2184_3,mp-20521,Sc4 In4 Pt8,2184,110,0.25,48,0,na,"(21, 49, 78)",0.2554989,0.00012155214320873021
1420_0,mp-867802,Sc8 Cu4 Os4,1420,111,0.1250000000000002,48,0,na,"(21, 29, 76)",0.2554426,0.00012154013226867108
2211_3,mp-30460,Y4 Ni4 Bi4,2211,221,0.0625,72,0,na,"(28, 39, 83)",0.25523606,0.0001214566219513687
1794_2,mp-3854,Y2 Mn4 Si4,1794,221,0.0300703057674703,80,0,na,"(14, 25, 39)",0.25491408,0.0001213181394520282
1304_5,mp-977572,Hf8 Mn4 Rh4,1304,210,0.0625,64,0,na,"(25, 45, 72)",0.25489438,0.00012132348261122204
2610_45,mp-1205560,Rb8 As8 Pd4,2610,112,0.2500000000000001,80,0,na,"(33, 37, 46)",0.2548862,0.00012133430983257634
1664_40,mp-1206135,Hf6 Fe1 Sb2,1664,2-12,0.059836301046392,72,0,na,"(26, 51, 72)",0.25478038,0.00012129865368096715
2249_3,mp-1228829,Al1 V6 Ge1,2249,221,0.1875626122258289,64,0,na,"(13, 23, 32)",0.2547803,0.00012131333073737674
2123_28,mp-1025315,Mn2 Al4 Te8,2123,201,0.1012510058965502,56,0,na,"(13, 25, 52)",0.25470316,0.0001215394225134996
1105_0,mp-977407,Hf8 Re4 Rh4,1105,111,0.125,48,0,na,"(45, 72, 75)",0.2546015,0.00012150568005758252
913_3,mp-864715,Hf4 In4 Co8,913,110,0.25,48,0,na,"(27, 49, 72)",0.25453267,0.00012148759315287069
1447_32,mp-541449,Cr6 Ge6 Te18,1447,101,0.5,60,0,na,"(24, 32, 52)",0.25438032,0.00012142962920016791
2026_2,mp-1078547,Y2 Sn2 Pt4,2026,221,0.0222392976500405,80,0,na,"(39, 50, 78)",0.2542666,0.00012139008478209446
1841_3,mp-864835,Hf8 Co4 Ir4,1841,110,0.25,48,0,na,"(27, 72, 77)",0.25422418,0.00012138456782155004
1740_1,mp-861908,Ta4 Ti4 Ru8,1740,111,0.375,48,0,na,"(22, 44, 73)",0.25410965,0.00012134461247884917
1386_5,mp-862691,Al8 Fe4 Co4,1386,210,0.0625,64,0,na,"(13, 26, 27)",0.25388563,0.00012125234985268298
2244_3,mp-19791,Ca2 Ge4 Ru4,2244,221,0.0958058348384867,80,0,na,"(20, 32, 44)",0.2537085,0.00012118244861229964
1294_1,mp-864895,Be8 Ni4 Rh4,1294,111,0.3750000000000002,64,0,na,"(4, 28, 45)",0.2536956,0.00012119097321820252
2123_21,mp-1025315,Mn2 Al4 Te8,2123,210,0.0666602657397799,56,0,na,"(13, 25, 52)",0.25368822,0.000121202136380046
1541_5,mp-1188021,Zr4 Ga4 Rh8,1541,210,0.0625,64,0,na,"(31, 40, 45)",0.25348067,0.00012111765696795971
1466_5,mp-865707,Ti4 Sn4 Rh8,1466,210,0.0625,64,0,na,"(22, 45, 50)",0.25345215,0.00012111869920826604
1915_1,mp-867280,Be8 Ir4 Pt4,1915,111,0.3750000000000002,64,0,na,"(4, 77, 78)",0.25283036,0.0001212912980677523
2272_7,mp-924130,Ti4 Ni4 Sn4,2272,210,0.0624999999999999,48,0,na,"(22, 28, 50)",0.25163454,0.00012085361429813287
2590_3,mp-865130,Hf8 Mo4 Rh4,2590,110,0.25,48,0,na,"(42, 45, 72)",0.25163022,0.00012086614662362103
1104_24,mp-1222673,Li6 Ga3 Cu9,1104,10-2,0.1245825885206694,54,0,na,"(3, 29, 31)",0.25145647,0.00012079728917258074
2198_4,mp-961713,Zr4 Sn4 Pt4,2198,221,0.1875000000000002,72,0,na,"(40, 50, 78)",0.25136113,0.00012076607696089098
1623_1,mp-867788,Ta4 Ga4 Os8,1623,111,0.3749999999999998,48,0,na,"(31, 73, 76)",0.25128105,0.00012074218420520975
1893_5,mp-862629,Sc4 Rh8 Pb4,1893,210,0.0625,64,0,na,"(21, 45, 82)",0.25104955,0.00012064551394747508
2305_5,mp-865585,V4 Ge4 Ru8,2305,210,0.0625,64,0,na,"(23, 32, 44)",0.25082594,0.000120552599038786
1916_3,mp-30555,Ta4 Ga4 Co8,1916,110,0.25,48,0,na,"(27, 31, 73)",0.25080812,0.00012055856799392661
1815_0,mp-865519,Y4 Ta4 Ru8,1815,111,0.125,48,0,na,"(39, 44, 73)",0.2507472,0.00012054381752898914
1895_3,mp-505297,Nb4 Sb4 Ru4,1895,221,0.0625,72,0,na,"(41, 44, 51)",0.25070664,0.00012053884899091841
948_19,mp-9951,Mn3 Nb3 Ge3,948,212,0.395998662002791,72,0,na,"(25, 32, 41)",0.25064498,0.0001207095313247854
1139_3,mp-977555,Mg4 Nb4 Rh8,1139,110,0.2500000000000001,48,0,na,"(12, 41, 45)",0.25046653,0.00012095532565051697
2305_0,mp-865585,V4 Ge4 Ru8,2305,111,0.1250000000000002,48,0,na,"(23, 32, 44)",0.250451,0.0001209624569544923
922_22,mp-1215554,Zr6 Fe3 Co9,922,102,0.1233366162743224,54,0,na,"(26, 27, 40)",0.25040457,0.00012095466323437846
1965_3,mp-865506,V4 Si4 Os8,1965,110,0.25,48,0,na,"(14, 23, 76)",0.250392,0.00012096322252558681
1958_5,mp-864966,Mn4 Si4 Ru8,1958,210,0.0625,64,0,na,"(14, 25, 44)",0.250295,0.00012093099047443532
2281_5,mp-864987,Mn4 Zn4 Rh8,2281,210,0.0625,64,0,na,"(25, 30, 45)",0.25015673,0.0001208788027862762
1901_5,mp-865933,Li4 Si4 Ir8,1901,210,0.0625,64,0,na,"(3, 14, 77)",0.25009114,0.00012086171851294923
2350_3,mp-30847,Ti4 Sn4 Pt4,2350,221,0.0625,72,0,na,"(22, 50, 78)",0.2500005,0.00012083251888323034
1409_3,mp-569298,Ca2 Co4 As4,1409,221,0.0962758185087987,80,0,na,"(20, 27, 33)",0.24993761,0.0001208167209042833
2401_3,mp-1228041,Al1 Si1 Ni6,2401,221,0.1892698775432411,80,0,na,"(13, 14, 28)",0.24970885,0.00012074437935753334
897_10,mp-1206600,K2 As4 Ru4,897,210,0.1249999999999999,60,0,na,"(19, 33, 44)",0.24946432,0.00012102650864393391
1438_5,mp-19917,Zr2 Si2 Te2,1438,221,0.1974560034275576,48,0,na,"(14, 40, 52)",0.24928929,0.0001209562325260939
1142_1,mp-864971,Mn4 Sn4 Ru8,1142,111,0.375,48,0,na,"(25, 44, 50)",0.24909198,0.00012087511746679163
2519_3,mp-1093991,Zr4 As4 Ir4,2519,221,0.0625000000000001,72,0,na,"(33, 40, 77)",0.24886952,0.00012078176537348273
1783_3,mp-867326,Al8 Ru4 Rh4,1783,110,0.25,48,0,na,"(13, 44, 45)",0.24876286,0.00012074458471069763
1040_18,mp-16763,K3 Y3 Te6,1040,20-1,0.1909482327203797,72,0,na,"(19, 39, 52)",0.24861813,0.0001206889081559904
1687_5,mp-865152,Mg4 Al4 Pd8,1687,210,0.0625,64,0,na,"(12, 13, 46)",0.2484271,0.00012061073114298269
2000_6,mp-866284,Al8 Ir4 Os4,2000,100,0.125,32,0,na,"(13, 76, 77)",0.24840862,0.00012061630677049004
2192_5,mp-1187694,V8 Os4 W4,2192,210,0.0625,64,0,na,"(23, 74, 76)",0.24820293,0.00012053097074838603
2202_18,mp-1218015,Ta4 Co4 Ni8,2202,210,7.614854688142714e-05,64,0,na,"(27, 28, 73)",0.24808246,0.00012048699116950456
1370_47,mp-1095158,Hf3 Ga3 Co3,1370,102,0.2499999999999997,72,0,na,"(27, 31, 72)",0.24805203,0.0001204867292188625
1610_51,mp-1078304,Ca8 Al4 Pd8,1610,121,0.1181850437053884,80,0,na,"(13, 20, 46)",0.24779342,0.00012037561781360793
1675_4,mp-31457,Zr4 Sb4 Ru4,1675,221,0.1875,72,0,na,"(40, 44, 51)",0.2477388,0.00012038446470875629
2038_1,mp-864944,Mn4 Be8 Pt4,2038,111,0.375,64,0,na,"(4, 25, 78)",0.24756159,0.00012083890467700799
2268_3,mp-862370,Sc8 Pd4 Ru4,2268,110,0.25,48,0,na,"(21, 44, 46)",0.24748072,0.00012081402972811656
1895_7,mp-505297,Nb4 Sb4 Ru4,1895,210,0.0625,48,0,na,"(41, 44, 51)",0.24730746,0.00012074403601069091
1610_59,mp-1078304,Ca8 Al4 Pd8,1610,112,0.0202645385276571,80,0,na,"(13, 20, 46)",0.2472961,0.00012075306987970014
2405_2,mp-7878,Ca2 Ag4 Ge4,2405,221,0.0275682190705275,80,0,na,"(20, 32, 47)",0.24721986,0.00012073042095478506
1523_55,mp-3779,Cr6 Si6 Te18,1523,10-2,1.0,60,0,na,"(14, 24, 52)",0.24701793,0.00012064637363478058
1830_8,mp-1070869,Zr4 Cu16 Ag4,1830,110,0.1245560792100588,72,0,na,"(29, 40, 47)",0.24695759,0.00012063145663854327
974_60,mp-1228701,Al8 Ge4 W6,974,112,0.3789428361601388,72,0,na,"(13, 32, 74)",0.24693549,0.000120635213845715
1319_8,mp-1087487,Hf6 Ga2 Fe1,1319,221,0.7950665252653693,54,0,na,"(26, 31, 72)",0.24686792,0.00012061675455114441
1093_3,mp-867781,Ta4 Ga4 Ru8,1093,110,0.25,48,0,na,"(31, 44, 73)",0.24673022,0.00012061298970682935
2586_48,mp-12962,Zr6 Fe1 Sb2,2586,102,0.1833901601836606,54,0,na,"(26, 40, 51)",0.2466116,0.00012056954509156191
1928_3,mp-866224,Be8 Ni4 Pt4,1928,110,0.25,48,0,na,"(4, 28, 78)",0.24646486,0.0001205123333481019
2606_5,mp-867820,Li4 Al4 Pd8,2606,210,0.0625,64,0,na,"(3, 13, 46)",0.24638061,0.00012048565817666165
1653_1,mp-865186,Mg4 Ga4 Ir8,1653,111,0.375,48,0,na,"(12, 31, 77)",0.24636249,0.00012049131456457195
1034_2,mp-1227279,Be16 Al4 Ni4,1034,111,0.4380955732902621,72,0,na,"(4, 13, 28)",0.24634847,0.00012049897672327962
2355_1,mp-862431,Sc8 Ag4 Os4,2355,111,0.375,48,0,na,"(21, 47, 76)",0.2463228,0.00012050094073055925
2074_0,mp-1187201,Ta8 V4 Re4,2074,111,0.125,48,0,na,"(23, 73, 75)",0.24628167,0.00012049533976524638
1399_8,mp-1077397,Sc4 Cd4 Ni16,1399,110,0.1246364668200925,72,0,na,"(21, 28, 48)",0.24613136,0.00012043631137140203
1963_5,mp-865868,Li4 Zr4 Rh8,1963,210,0.0625,64,0,na,"(3, 40, 45)",0.24567674,0.00012022833783707121
1447_55,mp-541449,Cr6 Ge6 Te18,1447,10-2,1.0,60,0,na,"(24, 32, 52)",0.24509752,0.00012087821485918347
1071_3,mp-865921,Mg4 Al4 Ir8,1071,110,0.2499999999999999,48,0,na,"(12, 13, 77)",0.24508576,0.00012088702762154407
2325_3,mp-10895,Mn8 Al4 V4,2325,110,0.25,48,0,na,"(13, 23, 25)",0.24486211,0.00012079131575241768
1665_5,mp-977357,Ta8 Re4 Ru4,1665,210,0.0624999999999999,64,0,na,"(44, 73, 75)",0.24483085,0.00012079048552925474
2448_5,mp-865093,Ti4 Zn4 Ni8,2448,210,0.0625,64,0,na,"(22, 28, 30)",0.24480423,0.0001207919427232911
940_3,mp-865904,Be4 Si4 Ir8,940,110,0.2499999999999999,48,0,na,"(4, 14, 77)",0.24478783,0.00012079844207094142
2441_5,mp-864950,Mn4 Al4 Ir8,2441,210,0.0625,64,0,na,"(13, 25, 77)",0.24475425,0.00012079646296248711
1188_0,mp-977571,Mg4 Rh8 Pb4,1188,111,0.125,48,0,na,"(12, 45, 82)",0.24434851,0.00012063387465172416
2470_1,mp-862700,Al4 V4 Os8,2470,111,0.375,48,0,na,"(13, 23, 76)",0.24432705,0.00012063783294542669
1449_20,mp-12903,Y2 Ag2 Te4,1449,211,0.0204375299024821,64,0,na,"(39, 47, 52)",0.24422584,0.00012060240916116035
1151_5,mp-864650,Ta8 Os4 W4,1151,210,0.0625,64,0,na,"(73, 74, 76)",0.24421597,0.00012061208131364072
1368_1,mp-30774,Mg4 Ni8 Sn4,1368,111,0.375,48,0,na,"(12, 28, 50)",0.24403766,0.0001205385569276662
2202_19,mp-1218015,Ta4 Co4 Ni8,2202,210,0.0409575184257278,64,0,na,"(27, 28, 73)",0.24393642,0.00012050307629179654
1354_8,mp-1207011,Sc4 In4 Ni16,1354,110,0.1247045844062171,72,0,na,"(21, 28, 49)",0.24387416,0.00012048683927330379
1909_1,mp-1187420,Ti8 Mo4 Os4,1909,111,0.3750000000000002,48,0,na,"(22, 42, 76)",0.24384569,0.00012048729070801265
1040_14,mp-16763,K3 Y3 Te6,1040,201,0.0173851006129533,72,0,na,"(19, 39, 52)",0.24383125,0.0001204946737951387
1213_1,mp-1183688,Cr4 Ga4 Ru8,1213,111,0.375,48,0,na,"(24, 31, 44)",0.24381593,0.00012052490220041445
1913_5,mp-862361,Sc8 Ni4 Os4,1913,210,0.0625,64,0,na,"(21, 28, 76)",0.24377997,0.00012052165204633832
1391_6,mp-1068587,Y2 Si6 Ir2,1391,221,0.169746383978027,80,0,na,"(14, 39, 77)",0.24371357,0.00012050334801102333
2401_5,mp-1228041,Al1 Si1 Ni6,2401,212,0.1179204898270358,64,0,na,"(13, 14, 28)",0.24365063,0.00012048674659787156
1705_3,mp-862336,Sc8 Ir4 Pd4,1705,110,0.25,48,0,na,"(21, 46, 77)",0.24344552,0.00012039982501487727
1115_5,mp-867922,Sc4 Al4 Rh8,1115,210,0.0625,64,0,na,"(13, 21, 45)",0.2433605,0.00012037226983195225
1238_3,mp-3433,Y4 Mg4 Ni16,1238,111,0.9356449486215084,72,0,na,"(12, 28, 39)",0.24334762,0.00012038038951831442
2404_3,mp-862715,Al8 Pd4 Ru4,2404,110,0.25,48,0,na,"(13, 44, 46)",0.24329765,0.00012037016032137557
1766_3,mp-864961,Be8 Pd4 Pt4,1766,110,0.25,48,0,na,"(4, 46, 78)",0.24315271,0.0001206846077670647
1502_55,mp-16493,Y4 Al8 Co4,1502,021,0.2499999999999999,64,0,na,"(13, 27, 39)",0.24312852,0.00012068716656572401
1116_1,mp-862261,Sc8 Zn4 Ru4,1116,111,0.375,48,0,na,"(21, 30, 44)",0.24305765,0.00012066655013541154
2215_10,mp-1207142,Rb2 Co4 As4,2215,210,0.125,60,0,na,"(27, 33, 37)",0.2429777,0.0001206414161506881
2051_0,mp-865441,Ti4 Al4 Pd8,2051,111,0.125,48,0,na,"(13, 22, 46)",0.24290963,0.00012062217058805311
1386_1,mp-862691,Al8 Fe4 Co4,1386,111,0.3750000000000002,64,0,na,"(13, 26, 27)",0.24290252,0.00012067689135893865
1234_5,mp-865487,V4 Zn4 Rh8,1234,210,0.0625,64,0,na,"(23, 30, 45)",0.2425957,0.000120539005767801
1290_1,mp-865050,Hf4 Mg4 Rh8,1290,111,0.3750000000000002,48,0,na,"(12, 45, 72)",0.24255499,0.00012053330707449701
2538_12,mp-1216057,Y6 Ni3 Ru9,2538,101,0.0615287248352847,54,0,na,"(28, 39, 44)",0.24216719,0.0001203551036902793
1339_13,mp-1077470,Ca2 Ni2 Ge2,1339,211,0.375,72,0,na,"(20, 28, 32)",0.24194199,0.00012063017184833029
2364_3,mp-865924,Li4 Zr4 Au8,2364,110,0.2499999999999999,48,0,na,"(3, 40, 79)",0.24186592,0.00012060679282611746
950_3,mp-864857,Nb4 Zn4 Co8,950,110,0.25,48,0,na,"(27, 30, 41)",0.24180676,0.0001205918368007409
2430_5,mp-861667,Li4 Sb4 Rh8,2430,210,0.0625,64,0,na,"(3, 45, 51)",0.24171111,0.00012055867342782248
1843_3,mp-1221618,Mn4 Be16 Al4,1843,111,0.688308628032239,72,0,na,"(4, 13, 25)",0.24163456,0.00012053502399292291
958_5,mp-977356,Zn4 Ga4 Ir8,958,210,0.0625,64,0,na,"(30, 31, 77)",0.24152738,0.00012049608318934687
1528_2,mp-1025355,Zr1 Ga5 Co1,1528,221,0.0761652555465435,56,0,na,"(27, 31, 40)",0.24149543,0.00012049466272411929
1975_7,mp-924128,Hf4 Ni4 Sn4,1975,210,0.0625,48,0,na,"(28, 50, 72)",0.2413731,0.00012044813926617964
1766_1,mp-864961,Be8 Pd4 Pt4,1766,111,0.375,64,0,na,"(4, 46, 78)",0.24136733,0.00012045976912041154
2114_3,mp-865888,Ti4 Sn4 Ru8,2114,110,0.25,48,0,na,"(22, 44, 50)",0.24132739,0.00012045434607205943
1870_8,mp-11401,Sc4 Ga8 Ni4,1870,110,0.0,48,0,na,"(21, 28, 31)",0.24127798,0.00012044419196108645
1111_2,mp-30050,Ba8 Ge16 Ru16,1111,111,0.2135488352032872,80,0,na,"(32, 44, 56)",0.24121414,0.00012042682821492366
1262_5,mp-865247,Ga4 Fe4 Ir8,1262,210,0.0625,64,0,na,"(26, 31, 77)",0.24118575,0.00012042715708926528
2497_5,mp-865187,Mg4 Fe4 Rh8,2497,210,0.0625,64,0,na,"(12, 26, 45)",0.24107806,0.00012038788405332353
1189_3,mp-4889,Y2 Ge4 Rh4,1189,221,0.0929276270500913,80,0,na,"(32, 39, 45)",0.24105446,0.00012039059241822604
1883_22,mp-1217089,Ti4 Al2 Si6,1883,210,0.0785058553644688,72,0,na,"(13, 14, 22)",0.24103405,0.00012039489339982465
2210_5,mp-867917,Cu4 Ge4 Rh8,2210,210,0.0625,64,0,na,"(29, 32, 45)",0.2409265,0.00012035566310248142
963_6,mp-8720,Rb8 Mn4 Te8,963,221,0.1250000000000002,80,0,na,"(25, 37, 52)",0.24092153,0.0001203676672522673
1716_1,mp-862445,Ta4 Al4 Os8,1716,111,0.375,48,0,na,"(13, 73, 76)",0.24083589,0.00012033936531425977
1092_44,mp-29752,Ni8 Ge8 Pt16,1092,011,0.25,64,0,na,"(28, 32, 78)",0.24080496,0.00012033839185176665
1428_47,mp-22191,Hf3 Fe3 Ge3,1428,102,0.0620414482473137,54,0,na,"(26, 32, 72)",0.24079211,0.0001203464525702499
1445_5,mp-866031,Al8 Fe4 Ir4,1445,210,0.0625,64,0,na,"(13, 26, 77)",0.24070379,0.00012031679046281352
2497_0,mp-865187,Mg4 Fe4 Rh8,2497,111,0.125,48,0,na,"(12, 26, 45)",0.24048655,0.00012024568342103058
1714_9,mp-1228909,Al9 Si3 Pd12,1714,110,0.2458859709416253,72,0,na,"(13, 14, 46)",0.24026798,0.00012015084385243173
1401_5,mp-867170,Li4 Ga4 Pt8,1401,210,0.0625,64,0,na,"(3, 31, 78)",0.24022695,0.00012014476146881376
2367_5,mp-864992,Mn4 Nb4 Ru8,2367,210,0.0625,64,0,na,"(25, 41, 44)",0.24019852,0.00012014497755584226
1446_9,mp-1216468,V9 Si6 Mo9,1446,110,0.3752803908689292,72,0,na,"(14, 23, 42)",0.24014632,0.00012013330103324839
2073_3,mp-861951,Li4 Ta4 Rh8,2073,110,0.25,48,0,na,"(3, 45, 73)",0.24011031,0.00012012971859473259
1702_4,mp-1216850,Ti2 Cu2 Ni2,1702,221,0.1264976725398021,60,0,na,"(22, 28, 29)",0.24010897,0.0001201434809811717
2068_10,mp-1018658,Ca2 Co2 Si2,2068,211,0.0394256026127912,72,0,na,"(14, 20, 27)",0.24004668,0.00012012674533883315
2072_3,mp-31169,Sc4 Al4 Ag8,2072,110,0.25,48,0,na,"(13, 21, 47)",0.24002361,0.00012012963118254059
1805_1,mp-867270,Be8 Co4 Pt4,1805,111,0.375,64,0,na,"(4, 27, 78)",0.2398318,0.00012007120358017352
1332_5,mp-1184580,Hf4 Zn4 Rh8,1332,210,0.0625,64,0,na,"(30, 45, 72)",0.2398174,0.00012007841221490225
1049_5,mp-3791,Sc4 Co8 Sn4,1049,210,0.0625,64,0,na,"(21, 27, 50)",0.23981313,0.00012009069449305657
1941_0,mp-862377,Li4 Be8 Ir4,1941,111,0.125,64,0,na,"(3, 4, 77)",0.23963116,0.00012038290035841673
2368_0,mp-867125,Al8 Ru4 Pt4,2368,111,0.125,48,0,na,"(13, 44, 78)",0.23929085,0.00012022641288788206
1971_17,mp-8623,K4 Te4 Pt2,1971,201,0.0516419881820375,60,0,na,"(19, 52, 78)",0.23908155,0.00012013569820054197
2340_40,mp-27999,K15 Cu3 Sb6,2340,10-2,0.3520646636821355,72,0,na,"(19, 29, 51)",0.2389879,0.00012010306883078262
1283_0,mp-861882,Li4 Ge4 Ir8,1283,111,0.125,48,0,na,"(3, 32, 77)",0.23881656,0.00012003137826597563
1783_0,mp-867326,Al8 Ru4 Rh4,1783,111,0.125,48,0,na,"(13, 44, 45)",0.23879106,0.00012003296945647554
1679_5,mp-867114,Ta4 Be4 Ru8,1679,210,0.0625,64,0,na,"(4, 44, 73)",0.23876351,0.00012003352889418998
1164_5,mp-864989,Mn8 Al4 Re4,1164,210,0.0625,64,0,na,"(13, 25, 75)",0.23873729,0.00012003475551442871
1339_10,mp-1077470,Ca2 Ni2 Ge2,1339,211,0.0462169207945848,72,0,na,"(20, 28, 32)",0.238677,0.00012001884873003939
1555_4,mp-961673,Ti4 Fe4 Te4,1555,221,0.1875000000000002,72,0,na,"(22, 26, 52)",0.23864058,0.00012001493896964387
2578_5,mp-865603,Y8 Ir4 Rh4,2578,210,0.0625,64,0,na,"(39, 45, 77)",0.23853105,0.00011997425384606151
1254_14,mp-1224393,Hf6 Al2 Fe1,1254,212,0.2081777480135127,72,0,na,"(13, 26, 72)",0.23849888,0.00011997246686902522
2281_0,mp-864987,Mn4 Zn4 Rh8,2281,111,0.125,48,0,na,"(25, 30, 45)",0.23849541,0.00012013265399289695
2480_0,mp-11537,Nb4 Al4 Ru8,2480,111,0.1250000000000002,48,0,na,"(13, 41, 44)",0.23844077,0.00012016046429877403
2191_5,mp-1188014,Zr4 Sc4 Ru8,2191,210,0.0625,64,0,na,"(21, 40, 44)",0.23830114,0.00012010453060810606
1135_0,mp-865838,Li4 Si4 Ru8,1135,111,0.125,48,0,na,"(3, 14, 44)",0.23830046,0.0001201186146757816
1300_5,mp-30817,Li4 Al8 Pd4,1300,210,0.0625,64,0,na,"(3, 13, 46)",0.23812848,0.00012004634559915115
1083_49,mp-1079643,Ta3 Mn3 Ge3,1083,102,0.1451380833599358,54,0,na,"(25, 32, 73)",0.23798229,0.00011998705167952904
1495_5,mp-4612,Ti4 Co8 Ge4,1495,210,0.0625,64,0,na,"(22, 27, 32)",0.23776151,0.00011991184981183208
1481_2,mp-862631,Ba8 Sb4 Au4,1481,221,0.0624999999999997,64,0,na,"(51, 56, 79)",0.23767965,0.00011988494043644586
1361_1,mp-1187242,Ta4 Nb4 Re8,1361,111,0.375,48,0,na,"(41, 73, 75)",0.23761852,0.00011986847706329143
2170_3,mp-862288,Al4 Fe8 W4,2170,110,0.25,48,0,na,"(13, 26, 74)",0.23753692,0.00011984167855962478
2244_17,mp-19791,Ca2 Ge4 Ru4,2244,112,0.5,40,0,na,"(20, 32, 44)",0.23752011,0.00011984756034295416
1667_0,mp-865448,Ti4 Ga4 Ru8,1667,111,0.125,48,0,na,"(22, 31, 44)",0.23747742,0.0001198403824607494
974_16,mp-1228701,Al8 Ge4 W6,974,110,0.7469807040186361,54,0,na,"(13, 32, 74)",0.23739506,0.0001198131788447846
2546_0,mp-1080769,Hf3 Mn3 Ge3,2546,111,0.25,36,0,na,"(25, 32, 72)",0.23736024,0.00011983385818429644
940_0,mp-865904,Be4 Si4 Ir8,940,111,0.1250000000000002,48,0,na,"(4, 14, 77)",0.23734766,0.0001198418681500558
2065_2,mp-1070498,Rb4 Te4 Pt2,2065,221,0.0189095345607537,60,0,na,"(37, 52, 78)",0.23730686,0.0001198356286902198
1369_3,mp-862764,Li4 Ca8 Rh4,1369,110,0.25,32,0,na,"(3, 20, 45)",0.23719513,0.00012000076573787177
1702_5,mp-1216850,Ti2 Cu2 Ni2,1702,221,0.2077486356403496,60,0,na,"(22, 28, 29)",0.23719485,0.00012001502597646288
1533_0,mp-865901,Be4 Co8 Si4,1533,111,0.125,64,0,na,"(4, 14, 27)",0.23710288,0.00011998289106523663
1606_1,mp-866139,Ti4 Be8 Ir4,1606,111,0.375,64,0,na,"(4, 22, 77)",0.23706484,0.00011997803671968337
1977_16,mp-1080715,Sc3 Si3 Ru3,1977,212,0.2906188026389412,72,0,na,"(14, 21, 44)",0.2370467,0.00011998325145727017
1268_5,mp-1186767,Ta8 Nb4 Re4,1268,210,0.0625,64,0,na,"(41, 73, 75)",0.23689623,0.00012024475916376273
1339_11,mp-1077470,Ca2 Ni2 Ge2,1339,211,0.1250000000000001,72,0,na,"(20, 28, 32)",0.23687313,0.0001202474931019529
953_5,mp-31185,Mn4 Al4 Fe8,953,210,0.0625,64,0,na,"(13, 25, 26)",0.23683514,0.00012046517588054675
999_3,mp-1070253,Ba2 Co4 Ge4,999,221,0.1012341464657904,80,0,na,"(27, 32, 56)",0.2367227,0.00012042249047438625
1198_3,mp-13914,Li4 Co8 Ge4,1198,110,0.25,48,0,na,"(3, 27, 32)",0.23655352,0.00012035092038460178
1534_0,mp-867834,Li4 Hf4 Pt8,1534,111,0.1249999999999997,48,0,na,"(3, 72, 78)",0.2364512,0.0001203133430388385
2212_3,mp-866155,Ti4 Al4 Ru8,2212,110,0.2499999999999999,48,0,na,"(13, 22, 44)",0.23638347,0.00012029335291304889
1875_0,mp-865653,Ti4 Nb4 Re8,1875,111,0.125,48,0,na,"(22, 41, 75)",0.23617935,0.00012020393787515249
1054_0,mp-867846,Ta4 Ti4 Re8,1054,111,0.125,48,0,na,"(22, 73, 75)",0.23613837,0.00012019752924107485
1473_37,mp-7774,Na8 Sb4 Au4,1473,112,0.0,64,0,na,"(11, 51, 79)",0.23601025,0.00012014675582291586
2096_5,mp-865234,Ta4 Zn4 Ru8,2096,210,0.0625,64,0,na,"(30, 44, 73)",0.23561387,0.00012060292826894559
1135_3,mp-865838,Li4 Si4 Ru8,1135,110,0.25,48,0,na,"(3, 14, 44)",0.23553005,0.00012057456523564207
1238_8,mp-3433,Y4 Mg4 Ni16,1238,110,0.1237632990810058,72,0,na,"(12, 28, 39)",0.23545069,0.00012057527896064671
1195_0,mp-865531,Ti4 Mn8 Al4,1195,111,0.125,48,0,na,"(13, 22, 25)",0.23529741,0.00012051131431960386
1471_5,mp-865497,V8 Re4 Os4,1471,210,0.0625,64,0,na,"(23, 75, 76)",0.23526451,0.00012050898675723782
2519_1,mp-1093991,Zr4 As4 Ir4,2519,111,0.375,36,0,na,"(33, 40, 77)",0.23511489,0.00012044686218577379
1898_0,mp-981365,V8 Re4 Ru4,1898,111,0.125,48,0,na,"(23, 44, 75)",0.23508902,0.00012044811685713933
1700_5,mp-30821,Li4 Al8 Rh4,1700,210,0.0625,64,0,na,"(3, 13, 45)",0.2350017,0.00012041788246668897
1702_9,mp-1216850,Ti2 Cu2 Ni2,1702,212,0.2065073836397106,48,0,na,"(22, 28, 29)",0.23499915,0.00012043107786939267
1370_15,mp-1095158,Hf3 Ga3 Co3,1370,212,0.2499999999999999,72,0,na,"(27, 31, 72)",0.23487332,0.00012038109082438264
2207_3,mp-861958,Ti8 Mn4 Be4,2207,110,0.25,48,0,na,"(4, 22, 25)",0.23484442,0.0001203807700951555
2538_3,mp-1216057,Y6 Ni3 Ru9,2538,110,0.25,72,0,na,"(28, 39, 44)",0.23480271,0.00012037388033474927
1449_22,mp-12903,Y2 Ag2 Te4,1449,211,0.2745417663819367,64,0,na,"(39, 47, 52)",0.23474194,0.00012035721387133107
2033_49,mp-1224337,Hf2 Sc2 Ge8,2033,112,0.4998113719251237,72,0,na,"(21, 32, 72)",0.23460513,0.00012030154761700059
1356_1,mp-867771,Ta4 Cu4 Rh8,1356,111,0.375,48,0,na,"(29, 45, 73)",0.23453629,0.00012090801378122665
1607_5,mp-1186206,Nb8 Mo4 Ru4,1607,210,0.0624999999999999,64,0,na,"(41, 42, 44)",0.23443905,0.00012087249912595612
1485_2,mp-7365,Sr2 Si4 Au4,1485,221,0.0294552396710603,80,0,na,"(14, 38, 79)",0.23435728,0.00012089080370967245
2441_1,mp-864950,Mn4 Al4 Ir8,2441,111,0.375,48,0,na,"(13, 25, 77)",0.23411159,0.00012077866806862066
1114_4,mp-4964,Y4 Sb4 Pt4,1114,221,0.1875,72,0,na,"(39, 51, 78)",0.2340612,0.0001207672578688137
1374_3,mp-867123,Ta4 Ti4 Os8,1374,110,0.25,48,0,na,"(22, 73, 76)",0.23402555,0.00012076344800670713
1446_8,mp-1216468,V9 Si6 Mo9,1446,110,0.1247196091310713,72,0,na,"(14, 23, 42)",0.23400179,0.00012076577130166223
1870_30,mp-11401,Sc4 Ga8 Ni4,1870,121,0.25,64,0,na,"(21, 28, 31)",0.23387584,0.00012078212438028597
1166_3,mp-1227272,Be16 Al4 Fe4,1166,111,0.9365743032493264,72,0,na,"(4, 13, 26)",0.23386727,0.00012079228806482631
2188_1,mp-865548,Ti4 In4 Co8,2188,111,0.375,48,0,na,"(22, 27, 49)",0.23369655,0.00012071869318651626
2060_1,mp-865586,V4 Ga4 Ru8,2060,111,0.375,48,0,na,"(23, 31, 44)",0.23360017,0.00012068347571885958
1608_5,mp-862485,Ga4 Cu4 Rh8,1608,210,0.0625,64,0,na,"(29, 31, 45)",0.2335977,0.00012069676576255255
2569_0,mp-864945,Mn4 Be8 Rh4,2569,111,0.1250000000000002,64,0,na,"(4, 25, 45)",0.23323946,0.00012052621513394819
1240_8,mp-1025045,Ti2 Ga2 Pd2,1240,210,0.0833333333333332,48,0,na,"(22, 31, 46)",0.23318559,0.00012051290283920701
1881_5,mp-867812,Li4 Al4 Ni8,1881,210,0.0625,64,0,na,"(3, 13, 28)",0.23311582,0.0001204913656925378
1104_23,mp-1222673,Li6 Ga3 Cu9,1104,102,0.1254174114793302,54,0,na,"(3, 29, 31)",0.2329301,0.00012040988031623708
2568_40,mp-11957,Ca4 Sn8 Ir4,2568,112,0.2499999999999999,64,0,na,"(20, 50, 77)",0.23288597,0.00012040156548263945
1439_5,mp-864631,Li4 Nb4 Rh8,1439,210,0.0624999999999999,64,0,na,"(3, 41, 45)",0.23285837,0.00012040179290399763
1971_13,mp-8623,K4 Te4 Pt2,1971,210,0.0552071109549228,60,0,na,"(19, 52, 78)",0.23278101,0.00012037628664847843
1147_3,mp-16497,Sc4 Al4 Cu8,1147,110,0.25,48,0,na,"(13, 21, 29)",0.23260824,0.00012030142484126345
1188_5,mp-977571,Mg4 Rh8 Pb4,1188,210,0.0625,64,0,na,"(12, 45, 82)",0.23257113,0.000120296703981617
1382_45,mp-10445,Sc6 Fe1 Te2,1382,2-12,0.2872449035695688,54,0,na,"(21, 26, 52)",0.23247707,0.00012026251891962241
1379_5,mp-865165,Hf4 Sc4 Co8,1379,210,0.0625,64,0,na,"(21, 27, 72)",0.23236682,0.00012024183236072572
1971_4,mp-8623,K4 Te4 Pt2,1971,221,0.125,60,0,na,"(19, 52, 78)",0.23222633,0.0001201835847151864
2064_1,mp-861640,Ti8 Al4 Re4,2064,111,0.375,48,0,na,"(13, 22, 75)",0.2321696,0.000120168667663598
2211_7,mp-30460,Y4 Ni4 Bi4,2211,210,0.0625,48,0,na,"(28, 39, 83)",0.23213327,0.00012016430360247419
1327_4,mp-1078428,Ca8 Ga4 Pt8,1327,111,0.4999999999999998,60,0,na,"(20, 31, 78)",0.23201744,0.00012011877793460717
963_46,mp-8720,Rb8 Mn4 Te8,963,021,0.0612036120011013,80,0,na,"(25, 37, 52)",0.23169789,0.00011996775266664171
1083_15,mp-1079643,Ta3 Mn3 Ge3,1083,212,0.1451380833599357,72,0,na,"(25, 32, 73)",0.23165962,0.0001199623289660216
1737_0,mp-866069,Mg4 Sc4 Rh8,1737,111,0.125,48,0,na,"(12, 21, 45)",0.23151211,0.00011990032609378545
1071_1,mp-865921,Mg4 Al4 Ir8,1071,111,0.3750000000000002,48,0,na,"(12, 13, 77)",0.2314864,0.00011990138707750438
2114_0,mp-865888,Ti4 Sn4 Ru8,2114,111,0.125,48,0,na,"(22, 44, 50)",0.23147343,0.00011990904635855104
1965_0,mp-865506,V4 Si4 Os8,1965,111,0.125,48,0,na,"(14, 23, 76)",0.23143362,0.00011990280120993154
1720_4,mp-1228809,Al2 Re2 Si2,1720,221,0.126923584168745,60,0,na,"(13, 14, 75)",0.23123878,0.00011981622339645752
1838_3,mp-865174,Hf4 Cd4 Rh8,1838,110,0.25,48,0,na,"(45, 48, 72)",0.23120362,0.00011981236072991401
1740_3,mp-861908,Ta4 Ti4 Ru8,1740,110,0.25,48,0,na,"(22, 44, 73)",0.23106006,0.00011990749727901852
1164_3,mp-864989,Mn8 Al4 Re4,1164,110,0.25,48,0,na,"(13, 25, 75)",0.23096031,0.00011987010582478759
2452_1,mp-977567,Hf8 Cu4 Re4,2452,111,0.375,48,0,na,"(29, 72, 75)",0.23078002,0.00011979089333095832
1237_5,mp-865652,Ti4 Mn8 Si4,1237,210,0.0625,64,0,na,"(14, 22, 25)",0.23070045,0.00011976393759173118
1064_3,mp-1215479,Zr6 V9 Fe3,1064,110,0.25,72,0,na,"(23, 26, 40)",0.23067999,0.00011981771041403159
2021_15,mp-1220689,Nb3 Zn9 Ga9,2021,10-2,0.25,63,0,na,"(30, 31, 41)",0.23038307,0.00011998500936509709
1130_0,mp-1185621,Mg4 Zn8 Ir4,1130,111,0.1250000000000002,48,0,na,"(12, 30, 77)",0.23034342,0.00012000058957738019
1698_5,mp-10755,Ti4 Fe4 Sb4,1698,110,0.25,36,0,na,"(22, 26, 51)",0.23013903,0.00011990849887136627
1668_5,mp-980665,Zn8 Cu4 Ir4,1668,210,0.0625,64,0,na,"(29, 30, 77)",0.23011577,0.00011991075811746176
2355_0,mp-862431,Sc8 Ag4 Os4,2355,111,0.125,48,0,na,"(21, 47, 76)",0.23009874,0.00011991626322466424
1143_45,mp-13572,Sc4 Si4 Pt8,1143,021,0.0,64,0,na,"(14, 21, 78)",0.2300503,0.000120285275510235
1054_3,mp-867846,Ta4 Ti4 Re8,1054,110,0.25,48,0,na,"(22, 73, 75)",0.22998159,0.00012026381541466953
1538_3,mp-1018726,Hf2 V2 Ge2,1538,221,0.0623772003840894,48,0,na,"(23, 32, 72)",0.22995096,0.00012026226132809173
2267_4,mp-13314,Sc3 Tl3 Te6,2267,110,0.5,60,0,na,"(21, 52, 81)",0.22988679,0.00012026541845153329
2319_5,mp-865092,Mg4 Ga4 Ni8,2319,210,0.0625,64,0,na,"(12, 28, 31)",0.22984432,0.00012025766308255429
2340_38,mp-27999,K15 Cu3 Sb6,2340,10-2,0.0884105395680497,72,0,na,"(19, 29, 51)",0.22976333,0.00012022974656532984
1054_1,mp-867846,Ta4 Ti4 Re8,1054,111,0.375,48,0,na,"(22, 73, 75)",0.22966455,0.00012019250802941063
1575_4,mp-1018782,Li3 Y1 Bi2,1575,221,0.149491183756538,60,0,na,"(3, 39, 83)",0.2295466,0.0001201452207024659
1846_5,mp-867148,Li4 Hf4 Rh8,1846,210,0.0625,64,0,na,"(3, 45, 72)",0.2294965,0.00012013343170439864
2115_3,mp-865588,Y8 Cu4 Ru4,2115,110,0.25,48,0,na,"(29, 39, 44)",0.22948155,0.00012014003873476877
1465_5,mp-1184572,Hf4 Mg4 Pt8,1465,210,0.0625,64,0,na,"(12, 72, 78)",0.22947358,0.0001201503010776762
1340_19,mp-30183,Zr2 Al10 Ni4,1340,112,0.1021115736866775,64,0,na,"(13, 28, 40)",0.229354,0.00012010212037189614
1017_5,mp-864953,Mn4 V8 Cr4,1017,210,0.0625,64,0,na,"(23, 24, 25)",0.22931091,0.00012009397966623464
931_5,mp-864671,Hf4 Al4 Rh8,931,210,0.0625,64,0,na,"(13, 45, 72)",0.22924274,0.0001200726978990258
2280_5,mp-1187911,Zn4 Ga4 Co8,2280,210,0.0625,64,0,na,"(27, 30, 31)",0.22915141,0.00012003927453685333
2193_5,mp-21883,V4 Ga4 Fe8,2193,210,0.0625,64,0,na,"(23, 26, 31)",0.22877985,0.00011985902336391397
1114_3,mp-4964,Y4 Sb4 Pt4,1114,221,0.0625,72,0,na,"(39, 51, 78)",0.22864042,0.00011980033437011372
2207_6,mp-861958,Ti8 Mn4 Be4,2207,100,0.125,32,0,na,"(4, 22, 25)",0.22863886,0.00011981387072132536
1264_3,mp-1217044,Ti1 Al1 Ni6,1264,221,0.1868117092344211,64,0,na,"(13, 22, 28)",0.22857311,0.0001197937686323525
2274_5,mp-30657,Ti4 Ga4 Ni8,2274,210,0.0625,64,0,na,"(22, 28, 31)",0.22853668,0.00011978902587106653
1599_4,mp-5967,Ti4 Co4 Sb4,1599,221,0.1875000000000002,72,0,na,"(22, 27, 51)",0.22843683,0.00012016557155948751
1870_39,mp-11401,Sc4 Ga8 Ni4,1870,102,0.0246294786939316,64,0,na,"(21, 28, 31)",0.22841594,0.00012016902288560833
2021_8,mp-1220689,Nb3 Zn9 Ga9,2021,101,0.25,63,0,na,"(30, 31, 41)",0.22818977,0.00012025410266757966
1535_4,mp-975044,Li2 Si4 Rh4,1535,221,0.2599011341305726,60,0,na,"(3, 14, 45)",0.22818245,0.0001202647074131979
1976_3,mp-977440,Li4 Ti4 Pt8,1976,110,0.25,48,0,na,"(3, 22, 78)",0.22815968,0.00012026717026626985
2173_2,mp-21001,Y2 Ge4 Ru4,2173,221,0.0325479107323509,80,0,na,"(32, 39, 44)",0.22810648,0.00012025359012526932
2362_7,mp-1207056,Y4 Sb4 Pd4,2362,210,0.0624999999999999,48,0,na,"(39, 46, 51)",0.22805287,0.00012028037480738945
2339_4,mp-1018713,Hf2 Cu2 Sn2,2339,221,0.190458235539861,60,0,na,"(29, 50, 72)",0.22801375,0.00012027420863864135
1140_5,mp-864877,Hf8 Co4 Re4,1140,210,0.0625,64,0,na,"(27, 72, 75)",0.2279047,0.00012025928979916516
1534_1,mp-867834,Li4 Hf4 Pt8,1534,111,0.3749999999999998,48,0,na,"(3, 72, 78)",0.22786272,0.00012025159943406511
1665_1,mp-977357,Ta8 Re4 Ru4,1665,111,0.3750000000000002,48,0,na,"(44, 73, 75)",0.22769499,0.0001201775336394695
1130_3,mp-1185621,Mg4 Zn8 Ir4,1130,110,0.25,48,0,na,"(12, 30, 77)",0.22759792,0.00012060890327952696
1294_3,mp-864895,Be8 Ni4 Rh4,1294,110,0.25,48,0,na,"(4, 28, 45)",0.22721928,0.00012042277807471237
1805_0,mp-867270,Be8 Co4 Pt4,1805,111,0.125,64,0,na,"(4, 27, 78)",0.227158,0.00012040480008307188
1507_0,mp-12781,Sc4 Al8 Ni4,1507,111,0.0,64,0,na,"(13, 21, 28)",0.22711314,0.00012039551829719734
1203_5,mp-865507,V4 Si4 Ru8,1203,210,0.0625,64,0,na,"(14, 23, 44)",0.2270983,0.00012040214730637359
2405_10,mp-7878,Ca2 Ag4 Ge4,2405,210,0.125,60,0,na,"(20, 32, 47)",0.22685552,0.00012031472768830995
1605_22,mp-1079890,Al8 Cu4 Ir4,1605,121,0.1076359313001855,64,0,na,"(13, 29, 77)",0.22681102,0.00012030560127574157
1144_1,mp-1185943,Mg4 Ru8 W4,1144,111,0.3749999999999998,48,0,na,"(12, 44, 74)",0.22666138,0.00012024069452608497
1737_3,mp-866069,Mg4 Sc4 Rh8,1737,110,0.25,48,0,na,"(12, 21, 45)",0.22662252,0.0001202345369233742
2522_5,mp-864980,Mn4 Al4 Ru8,2522,210,0.0624999999999999,64,0,na,"(13, 25, 44)",0.22631459,0.00012014340272302148
2002_5,mp-864639,Ta8 Nb4 Os4,2002,210,0.0625,64,0,na,"(41, 73, 76)",0.22628705,0.00012014321700534481
1431_3,mp-865680,Ti4 Si4 Os8,1431,110,0.25,48,0,na,"(14, 22, 76)",0.22624224,0.00012013385917490023
1378_1,mp-865681,Ti4 Si4 Ru8,1378,111,0.375,48,0,na,"(14, 22, 44)",0.22606647,0.00012005494856761185
1729_5,mp-865066,Hf4 In4 Rh8,1729,210,0.0625,64,0,na,"(45, 49, 72)",0.22598419,0.00012002566259316507
1626_31,mp-1224823,Ga2 Ge2 Pt12,1626,112,0.1478680535762482,64,0,na,"(31, 32, 78)",0.22588135,0.00011998544311708707
1143_3,mp-13572,Sc4 Si4 Pt8,1143,111,0.5,64,0,na,"(14, 21, 78)",0.22584662,0.0001199813909811967
1570_5,mp-1184586,Hf8 Co4 Os4,1570,210,0.0625,64,0,na,"(27, 72, 76)",0.22573821,0.00011993818833978848
2051_3,mp-865441,Ti4 Al4 Pd8,2051,110,0.25,48,0,na,"(13, 22, 46)",0.22571538,0.00011994044384864938
1575_5,mp-1018782,Li3 Y1 Bi2,1575,221,0.2126534376194689,60,0,na,"(3, 39, 83)",0.22567412,0.0001199329039511857
1844_10,mp-568113,Ba2 As4 Rh4,1844,210,0.1249999999999999,60,0,na,"(33, 45, 56)",0.22565164,0.00011993534130904501
1455_1,mp-16481,Ti2 Al2 Au2,1455,221,0.0625,60,0,na,"(13, 22, 79)",0.22563365,0.00011994016456945894
2038_3,mp-864944,Mn4 Be8 Pt4,2038,110,0.25,48,0,na,"(4, 25, 78)",0.22553538,0.0001199023082510188
2497_3,mp-865187,Mg4 Fe4 Rh8,2497,110,0.25,48,0,na,"(12, 26, 45)",0.22546841,0.0001198810787305803
2267_18,mp-13314,Sc3 Tl3 Te6,2267,20-1,0.1914545519325839,72,0,na,"(21, 52, 81)",0.22543731,0.00011987891413962514
1428_48,mp-22191,Hf3 Fe3 Ge3,1428,102,0.145374781580647,54,0,na,"(26, 32, 72)",0.22525562,0.000119796659460339
1859_73,mp-1207905,Y8 Ge8 Ru4,1859,102,0.0,80,0,na,"(32, 39, 44)",0.22490257,0.00012036307754432162
2576_7,mp-1094088,Nb4 Co4 Sn4,2576,210,0.0625,48,0,na,"(27, 41, 50)",0.22489005,0.00012068439661471057
1572_21,mp-1228798,Cs2 Ta2 Te6,1572,2-12,0.1117016639976711,40,0,na,"(52, 55, 73)",0.22487448,0.00012069060664447815
1969_4,mp-991652,V1 Cu3 Te4,1969,221,0.1878960641958144,48,0,na,"(23, 29, 52)",0.22476119,0.00012064436430458554
908_5,mp-862699,Sc4 Ta4 Os8,908,210,0.0625,64,0,na,"(21, 73, 76)",0.2247477,0.00012065167926442525
1618_3,mp-864651,Ta8 Nb4 Ru4,1618,110,0.25,48,0,na,"(41, 44, 73)",0.22462979,0.0001206318333713608
1252_1,mp-1215207,Zr4 Sc4 Fe16,1252,111,0.5623845560343208,72,0,na,"(21, 26, 40)",0.22457987,0.00012061957563937786
1019_2,mp-569012,Cs2 As4 Rh4,1019,221,0.0395524204471832,80,0,na,"(33, 45, 55)",0.22452351,0.00012060385243918991
1784_3,mp-5288,Y2 Fe4 Si4,1784,221,0.0961135616701903,80,0,na,"(14, 26, 39)",0.22449659,0.00012060393753489745
2256_3,mp-1184678,Hf8 Fe4 Rh4,2256,110,0.25,48,0,na,"(26, 45, 72)",0.22436754,0.0001214200355745549
1890_5,mp-867255,Li4 Zn8 Au4,1890,210,0.0625,64,0,na,"(3, 30, 79)",0.22424659,0.0001222456895582401
1139_0,mp-977555,Mg4 Nb4 Rh8,1139,111,0.125,48,0,na,"(12, 41, 45)",0.22413872,0.00012220182399910672
1104_12,mp-1222673,Li6 Ga3 Cu9,1104,101,0.1877087057396651,54,0,na,"(3, 29, 31)",0.22410321,0.0001221973964710168
2081_0,mp-862610,Li4 Hf4 Ir8,2081,111,0.1250000000000002,48,0,na,"(3, 72, 77)",0.22402036,0.00012223269133699859
2393_5,mp-865591,Ti8 Ni4 Mo4,2393,210,0.0625,64,0,na,"(22, 28, 42)",0.22388802,0.00012217541621962864
2329_5,mp-972337,Ti8 Ir4 W4,2329,210,0.0625,64,0,na,"(22, 74, 77)",0.22346081,0.00012195718842009357
1140_3,mp-864877,Hf8 Co4 Re4,1140,110,0.25,48,0,na,"(27, 72, 75)",0.22329512,0.00012200192016935032
1492_35,mp-15685,Na8 Cu4 As4,1492,102,0.0942582462643173,64,0,na,"(11, 29, 33)",0.22323148,0.00012198203117742479
1166_0,mp-1227272,Be16 Al4 Fe4,1166,111,0.3115743032493263,72,0,na,"(4, 13, 26)",0.22314858,0.00012195160742113132
1250_3,mp-7187,Ti4 Al4 Ni8,1250,110,0.25,48,0,na,"(13, 22, 28)",0.22313768,0.00012196052380867717
895_5,mp-865656,Ti4 Mn8 W4,895,210,0.0625,64,0,na,"(22, 25, 74)",0.22313488,0.00012197386940764763
2285_5,mp-867775,Al8 Ni4 Ru4,2285,210,0.0624999999999999,64,0,na,"(13, 28, 44)",0.22311959,0.00012198038974201563
1259_1,mp-864949,Mn4 Ga4 Rh8,1259,111,0.375,48,0,na,"(25, 31, 45)",0.223107,0.00012198838692865474
1532_5,mp-862781,Al4 Cr4 Ru8,1532,210,0.0624999999999999,64,0,na,"(13, 24, 44)",0.2229242,0.00012190330801919382
1865_0,mp-866012,Hf8 Zn4 Re4,1865,111,0.125,48,0,na,"(30, 72, 75)",0.2228422,0.00012187332410710607
1559_1,mp-1080133,Sr4 Ga12 Pd4,1559,111,0.1197613283290692,60,0,na,"(31, 38, 46)",0.2227341,0.0001218290514799037
2396_5,mp-1187920,Zn4 Ge4 Rh8,2396,210,0.0625,64,0,na,"(30, 32, 45)",0.22271244,0.00012183204677481983
1883_21,mp-1217089,Ti4 Al2 Si6,1883,210,0.0001741588282069,72,0,na,"(13, 14, 22)",0.22241458,0.00012168393120033576
2415_4,mp-569151,Mn2 Ga2 Pt2,2415,212,0.2499999999999997,48,0,na,"(25, 31, 78)",0.2223221,0.00012164813763570464
1649_2,mp-570837,Cs2 As4 Ru4,1649,221,0.0401703719942627,80,0,na,"(33, 44, 55)",0.22231957,0.00012166155319521816
2065_17,mp-1070498,Rb4 Te4 Pt2,2065,201,0.0505751672666869,60,0,na,"(37, 52, 78)",0.22217593,0.00012159774180476655
1457_11,mp-1018709,Hf2 Ga1 Sb3,1457,211,0.1250000000000002,72,0,na,"(31, 51, 72)",0.22192357,0.00012147439521739598
2060_3,mp-865586,V4 Ga4 Ru8,2060,110,0.25,48,0,na,"(23, 31, 44)",0.22186713,0.00012145825569968262
1541_3,mp-1188021,Zr4 Ga4 Rh8,1541,110,0.2499999999999999,48,0,na,"(31, 40, 45)",0.22180676,0.00012143995681885627
2337_5,mp-979259,V8 Re4 Mo4,2337,210,0.0625,64,0,na,"(23, 42, 75)",0.22172117,0.00012155796097720402
1195_1,mp-865531,Ti4 Mn8 Al4,1195,111,0.375,48,0,na,"(13, 22, 25)",0.22168888,0.00012155503406443497
1449_23,mp-12903,Y2 Ag2 Te4,1449,211,0.3291350154375951,64,0,na,"(39, 47, 52)",0.2216515,0.00012165064870761553
1109_25,mp-1217124,Ti6 Co9 Sn6,1109,101,0.8153597053492139,63,0,na,"(22, 27, 50)",0.2216434,0.00012166100326406976
2255_12,mp-1220426,Nb1 Ni6 Mo1,2255,221,0.3735466805742292,64,0,na,"(28, 41, 42)",0.22136748,0.00012152433437707153
2309_1,mp-865728,Ti8 Re4 Ni4,2309,111,0.3749999999999998,48,0,na,"(22, 28, 75)",0.22136472,0.00012153758899162183
1912_6,mp-1217067,Ti2 Re1 Os1,1912,211,0.06266415485592,64,0,na,"(22, 75, 76)",0.2213578,0.00012154856236957033
2572_6,mp-862730,Li4 Ga4 Rh8,2572,100,0.125,32,0,na,"(3, 31, 45)",0.22135203,0.00012156016950049438
1369_5,mp-862764,Li4 Ca8 Rh4,1369,210,0.0625,64,0,na,"(3, 20, 45)",0.2213162,0.00012155526897395056
1755_3,mp-34232,K2 As4 Rh4,1755,221,0.0992621847296781,80,0,na,"(19, 33, 45)",0.22121345,0.00012151360538754681
1142_3,mp-864971,Mn4 Sn4 Ru8,1142,110,0.2499999999999999,48,0,na,"(25, 44, 50)",0.22113971,0.00012148786208123452
1694_2,mp-1218889,Sr2 Si4 Pt4,1694,221,0.0353416086415521,80,0,na,"(14, 38, 78)",0.22101718,0.00012143530050200756
1492_42,mp-15685,Na8 Cu4 As4,1492,012,0.0437368593475149,64,0,na,"(11, 29, 33)",0.22098932,0.00012143473961546295
2325_1,mp-10895,Mn8 Al4 V4,2325,111,0.375,48,0,na,"(13, 23, 25)",0.22096495,0.00012143609473879037
1839_9,mp-4822,Y2 Si4 Pd4,1839,210,0.125,60,0,na,"(14, 39, 46)",0.22088848,0.00012140881239894683
1367_0,mp-1183136,Al8 Os4 Rh4,1367,111,0.125,48,0,na,"(13, 45, 76)",0.22087672,0.00012141708975488104
1659_5,mp-865870,Li4 Zr8 Os4,1659,210,0.0624999999999999,64,0,na,"(3, 40, 76)",0.2208748,0.00012143077809250832
1414_50,mp-1079038,Hf3 Sn3 Ir3,1414,102,0.2500000000000002,54,0,na,"(50, 72, 77)",0.22082731,0.00012144764192329149
2189_3,mp-861903,Li4 Bi4 Rh8,2189,110,0.25,48,0,na,"(3, 45, 83)",0.22065505,0.00012160517545539063
1941_1,mp-862377,Li4 Be8 Ir4,1941,111,0.375,64,0,na,"(3, 4, 77)",0.22058411,0.00012158086458373204
2435_17,mp-571147,Hf2 Si4 Ni4,2435,112,0.5,50,0,na,"(14, 28, 72)",0.22057632,0.000121591354097686
1592_5,mp-867253,Li4 Zn8 Ir4,1592,210,0.0625,64,0,na,"(3, 30, 77)",0.22028714,0.00012144671225266492
1515_0,mp-862695,Al8 Co4 Ru4,1515,111,0.125,48,0,na,"(13, 27, 44)",0.22028401,0.00012145973753518859
1239_1,mp-865021,Be8 Ru4 Pt4,1239,111,0.375,64,0,na,"(4, 44, 78)",0.22025666,0.00012145940977732136
2198_7,mp-961713,Zr4 Sn4 Pt4,2198,210,0.0625,48,0,na,"(40, 50, 78)",0.22020401,0.00012144512685725978
1575_3,mp-1018782,Li3 Y1 Bi2,1575,221,0.061837746137069,60,0,na,"(3, 39, 83)",0.22019213,0.000121453324810601
2115_5,mp-865588,Y8 Cu4 Ru4,2115,210,0.0625,64,0,na,"(29, 39, 44)",0.2201353,0.00012143672747809628
2388_5,mp-1188031,Zr4 Sc4 Co8,2388,210,0.0625,64,0,na,"(21, 27, 40)",0.2200852,0.00012142383533357601
2364_1,mp-865924,Li4 Zr4 Au8,2364,111,0.3750000000000002,48,0,na,"(3, 40, 79)",0.2200351,0.00012141093670083062
1743_0,mp-862705,Al4 Zn4 Ir8,1743,111,0.1250000000000002,48,0,na,"(13, 30, 77)",0.22001682,0.00012141559134566288
2532_3,mp-1186222,Nb4 Ga4 Os8,2532,110,0.2499999999999999,48,0,na,"(31, 41, 76)",0.21999693,0.0001214193573146793
909_5,mp-977382,Ta8 V4 Ru4,909,210,0.0625,64,0,na,"(23, 44, 73)",0.2199649,0.00012141642181728542
1188_3,mp-977571,Mg4 Rh8 Pb4,1188,110,0.25,48,0,na,"(12, 45, 82)",0.21994102,0.0001214179826505706
1473_38,mp-7774,Na8 Sb4 Au4,1473,112,0.1134443526563107,64,0,na,"(11, 51, 79)",0.21977504,0.00012134108672674414
1473_24,mp-7774,Na8 Sb4 Au4,1473,201,0.0200426922722662,64,0,na,"(11, 51, 79)",0.21966088,0.00012129277508041031
1228_5,mp-863690,Ti8 Mn4 Co4,1228,210,0.0624999999999999,64,0,na,"(22, 25, 27)",0.2195741,0.00012125956463909007
2339_3,mp-1018713,Hf2 Cu2 Sn2,2339,221,0.0654582355398609,60,0,na,"(29, 50, 72)",0.21954222,0.00012125666247288771
1988_23,mp-1078782,Y4 Co4 Si8,1988,101,0.0,64,0,na,"(14, 27, 39)",0.21941589,0.0001212015849028147
2561_3,mp-862296,Li4 Al4 Pt8,2561,110,0.25,48,0,na,"(3, 13, 78)",0.2193188,0.00012116263915126909
2538_0,mp-1216057,Y6 Ni3 Ru9,2538,111,0.0615287248352846,72,0,na,"(28, 39, 44)",0.21930262,0.00012116838159351867
1345_10,mp-865747,Y4 Mg2 Ge4,1345,212,0.2191756976951594,60,0,na,"(12, 32, 39)",0.21924025,0.00012114860050062606
