slab_id,mp_id,formula,crystal_id,miller_index,shift,num_atom,test,energy,chem_system,weight,normalized_weight
1518_14,mp-1080614,Cs8 Sb8 Pt4,1518,212,0.0256412676038843,80,0,na,"(51, 55, 78)",0.5010203,0.00026695273141731017
1518_29,mp-1080614,Cs8 Sb8 Pt4,1518,201,0.0915923370484108,80,0,na,"(51, 55, 78)",0.46950397,0.0002502270561804451
1518_28,mp-1080614,Cs8 Sb8 Pt4,1518,201,0.0290923370484108,80,0,na,"(51, 55, 78)",0.46619686,0.0002485266853837475
1649_6,mp-570837,Cs2 As4 Ru4,1649,212,0.1250000000000003,60,0,na,"(33, 44, 55)",0.4634137,0.0002488545557562128
2570_5,mp-864782,Ta8 Mo4 Ru4,2570,210,0.0625,64,0,na,"(42, 44, 73)",0.449166,0.00024126353737865484
1863_30,mp-1080693,Cs8 Bi8 Pd4,1863,122,0.0799657684099026,80,0,na,"(46, 55, 83)",0.4251386,0.00022841264697655381
2099_27,mp-14205,K9 Cu9 As6,2099,10-2,0.0892924997743188,72,0,na,"(19, 29, 33)",0.42507866,0.00022843262013333654
1863_29,mp-1080693,Cs8 Bi8 Pd4,1863,122,0.0274127738428975,80,0,na,"(46, 55, 83)",0.4154042,0.000223284676703302
1863_43,mp-1080693,Cs8 Bi8 Pd4,1863,102,0.0477476697544716,80,0,na,"(46, 55, 83)",0.4115246,0.0002212487472161956
1572_6,mp-1228798,Cs2 Ta2 Te6,1572,212,0.2590072432697,60,0,na,"(52, 55, 73)",0.3948848,0.00021363332781876017
1111_4,mp-30050,Ba8 Ge16 Ru16,1111,111,0.8479447671436304,80,0,na,"(32, 44, 56)",0.387899,0.00020989883988943456
1922_5,mp-1185986,Mn4 Be4 Ir8,1922,210,0.0625,64,0,na,"(4, 25, 77)",0.38583195,0.00020882415542721692
2302_5,mp-972236,V8 Mo4 W4,2302,210,0.0625,64,0,na,"(23, 42, 74)",0.37108058,0.00020088220791606904
2581_5,mp-865795,Li4 Sc8 Ru4,2581,210,0.0624999999999999,64,0,na,"(3, 21, 44)",0.36987463,0.0002002696048418081
1202_6,mp-1228893,Al1 Ga1 Co2,1202,211,0.0626594894690307,64,0,na,"(13, 27, 31)",0.36585662,0.00019813372277393813
1202_7,mp-1228893,Al1 Ga1 Co2,1202,211,0.1876594894690308,64,0,na,"(13, 27, 31)",0.36046928,0.00019525483542935917
2526_5,mp-866117,Hf4 Zn4 Au8,2526,210,0.0625,64,0,na,"(30, 72, 79)",0.3578691,0.00019388425680303662
1649_17,mp-570837,Cs2 As4 Ru4,1649,112,0.1606814879770514,40,0,na,"(33, 44, 55)",0.35319328,0.0001913881251580519
2217_1,mp-4955,Al4 V4 Co8,2217,111,0.3750000000000002,64,0,na,"(13, 23, 27)",0.34453756,0.00018673350829276732
1448_5,mp-867307,Be8 Ru4 Au4,1448,210,0.0625,64,0,na,"(4, 44, 79)",0.33743536,0.0001829183934604284
1922_3,mp-1185986,Mn4 Be4 Ir8,1922,110,0.2499999999999999,48,0,na,"(4, 25, 77)",0.3368067,0.00018261100968944066
2041_3,mp-865442,Ti4 Al4 Os8,2041,110,0.2500000000000002,48,0,na,"(13, 22, 76)",0.33575246,0.00018207266671047437
1500_79,mp-1079688,Hf8 Cu2 Si8,1500,11-2,0.5,72,0,na,"(14, 29, 72)",0.33499336,0.00018169410163204462
2447_3,mp-866152,Ti4 Be4 Co8,2447,110,0.25,48,0,na,"(4, 22, 27)",0.330042,0.00017904110775142154
2453_17,mp-22769,Ti3 Co3 Ge3,2453,212,0.2635905753816364,72,0,na,"(22, 27, 32)",0.3284375,0.00017820260455460568
932_5,mp-865178,Hf8 Ir4 Rh4,932,210,0.0625,64,0,na,"(45, 72, 77)",0.3277127,0.00017784103654465376
1922_1,mp-1185986,Mn4 Be4 Ir8,1922,111,0.3750000000000002,48,0,na,"(4, 25, 77)",0.32654372,0.00017723818216081795
1448_3,mp-867307,Be8 Ru4 Au4,1448,110,0.25,48,0,na,"(4, 44, 79)",0.32457742,0.00017620216297631973
2418_1,mp-4492,Mn4 Co8 Si4,2418,111,0.3750000000000002,64,0,na,"(14, 25, 27)",0.32388383,0.00017585662261401954
990_0,mp-862335,Li4 As4 Rh8,990,111,0.125,48,0,na,"(3, 33, 45)",0.323199,0.00017551565151502916
1136_3,mp-1224324,Hf6 Al9 Ag3,1136,110,0.25,72,0,na,"(13, 47, 72)",0.32106295,0.0001743862609904924
2453_19,mp-22769,Ti3 Co3 Ge3,2453,212,0.4166666666666667,72,0,na,"(22, 27, 32)",0.3210517,0.00017441056532713098
1019_15,mp-569012,Cs2 As4 Rh4,1019,201,0.1020524204471831,60,0,na,"(33, 45, 55)",0.31872123,0.00017317474659947526
1572_5,mp-1228798,Cs2 Ta2 Te6,1572,212,0.1211339650718131,60,0,na,"(52, 55, 73)",0.31737873,0.00017247517782087467
2453_18,mp-22769,Ti3 Co3 Ge3,2453,212,0.3089666323620229,72,0,na,"(22, 27, 32)",0.317187,0.00017240071959056277
1756_3,mp-862360,Sc8 Ni4 Ir4,1756,110,0.25,48,0,na,"(21, 28, 77)",0.3164674,0.00017203925493628153
1030_2,mp-4488,Sr2 Fe4 As4,1030,221,0.0368086938871934,80,0,na,"(26, 33, 38)",0.31501758,0.00017207158857899152
1020_5,mp-862312,Li4 Be4 Pd8,1020,210,0.0624999999999999,64,0,na,"(3, 4, 46)",0.31397027,0.00017152903325402919
2570_1,mp-864782,Ta8 Mo4 Ru4,2570,111,0.375,48,0,na,"(42, 44, 73)",0.31387848,0.00017150830496245255
2245_6,mp-1187208,Ta8 Re4 W4,2245,100,0.125,32,0,na,"(73, 74, 75)",0.3118566,0.00017043274748743389
2217_3,mp-4955,Al4 V4 Co8,2217,110,0.2499999999999999,48,0,na,"(13, 23, 27)",0.31051987,0.00016973113893224348
1218_3,mp-862622,Be4 Ru8 W4,1218,110,0.25,48,0,na,"(4, 44, 74)",0.30978024,0.00016935559976359238
1572_24,mp-1228798,Cs2 Ta2 Te6,1572,102,0.2590072432696999,40,0,na,"(52, 55, 73)",0.3088198,0.00016885912835312003
1111_3,mp-30050,Ba8 Ge16 Ru16,1111,111,0.375,80,0,na,"(32, 44, 56)",0.3087062,0.00016882552090498996
2128_17,mp-28884,Cs2 Fe4 As4,2128,112,0.1608509220441634,40,0,na,"(26, 33, 55)",0.30851144,0.000168747499267634
1019_5,mp-569012,Cs2 As4 Rh4,1019,212,0.0458951591056331,60,0,na,"(33, 45, 55)",0.30672222,0.0001677971591735028
1123_3,mp-977561,Li4 Ta4 Ir8,1123,110,0.2499999999999999,48,0,na,"(3, 73, 77)",0.30567408,0.0001672518222713307
1649_0,mp-570837,Cs2 As4 Ru4,1649,111,0.0803407439885255,40,0,na,"(33, 44, 55)",0.30151674,0.00016500470043406126
2128_15,mp-28884,Cs2 Fe4 As4,2128,201,0.1027127305110408,60,0,na,"(26, 33, 55)",0.30052766,0.00016449056922181833
1699_0,mp-865792,Be4 Si4 Ni8,1699,111,0.125,64,0,na,"(4, 14, 28)",0.29623106,0.00016245124957309448
2275_5,mp-3657,Ti4 Co8 Si4,2275,210,0.0625,64,0,na,"(14, 22, 27)",0.29406738,0.00016129090298257177
1614_1,mp-865003,Be8 Ir4 Pd4,1614,111,0.375,64,0,na,"(4, 46, 77)",0.2932784,0.00016088411015835092
2217_5,mp-4955,Al4 V4 Co8,2217,210,0.0625,64,0,na,"(13, 23, 27)",0.29289833,0.00016070146898107497
1500_78,mp-1079688,Hf8 Cu2 Si8,1500,11-2,0.4131003976858932,72,0,na,"(14, 29, 72)",0.29140207,0.00016009109855532821
2350_4,mp-30847,Ti4 Sn4 Pt4,2350,221,0.1875,72,0,na,"(22, 50, 78)",0.29123265,0.0001600236405902501
1076_5,mp-867242,Sc8 Zn4 Ga4,1076,210,0.0625,64,0,na,"(21, 30, 31)",0.29057816,0.00015968957199483474
2097_3,mp-862287,Be4 Al4 Rh8,2097,110,0.2499999999999999,48,0,na,"(4, 13, 45)",0.2905709,0.00015971108639829628
1428_50,mp-22191,Hf3 Fe3 Ge3,1428,102,0.25,54,0,na,"(26, 32, 72)",0.28946093,0.00015912641025717325
1019_14,mp-569012,Cs2 As4 Rh4,1019,201,0.0395524204471832,60,0,na,"(33, 45, 55)",0.28935868,0.00015909551629103038
1340_21,mp-30183,Zr2 Al10 Ni4,1340,112,0.5,64,0,na,"(13, 28, 40)",0.28869158,0.00015875398766311888
2349_5,mp-1227072,Ca2 Ga6 Pt2,2349,221,0.090510465678796,80,0,na,"(20, 31, 78)",0.28375733,0.00015624598063294242
2476_6,mp-867293,Li4 Co8 Si4,2476,100,0.125,32,0,na,"(3, 14, 27)",0.28313607,0.00015592825790950007
1823_3,mp-13915,Li4 Ni8 Sn4,1823,110,0.25,48,0,na,"(3, 28, 50)",0.28279608,0.00015576530735634316
1883_29,mp-1217089,Ti4 Al2 Si6,1883,121,0.250946598116897,60,0,na,"(13, 14, 22)",0.2814549,0.00015505073112040706
2570_3,mp-864782,Ta8 Mo4 Ru4,2570,110,0.25,48,0,na,"(42, 44, 73)",0.28066334,0.00015463864535099074
1756_5,mp-862360,Sc8 Ni4 Ir4,1756,210,0.0625,64,0,na,"(21, 28, 77)",0.27900633,0.00015374944891870633
901_3,mp-5109,Y2 Ni4 Ge4,901,221,0.0947728522035403,80,0,na,"(28, 32, 39)",0.27899548,0.0001537671115177811
1883_24,mp-1217089,Ti4 Al2 Si6,1883,101,0.25,48,0,na,"(13, 14, 22)",0.27894494,0.00015376290029976415
990_1,mp-862335,Li4 As4 Rh8,990,111,0.375,48,0,na,"(3, 33, 45)",0.2787112,0.00015365768258259827
1316_6,mp-30493,Zn1 Cd1 Pt2,1316,211,0.0689608471717609,64,0,na,"(30, 48, 78)",0.27809736,0.00015334282564800583
2097_0,mp-862287,Be4 Al4 Rh8,2097,111,0.1250000000000002,48,0,na,"(4, 13, 45)",0.27808368,0.00015335879897046333
1542_5,mp-866166,Y8 Pd4 Ru4,1542,210,0.0625,64,0,na,"(39, 44, 46)",0.2780341,0.00015335497471086781
1883_1,mp-1217089,Ti4 Al2 Si6,1883,111,0.5929882892710621,48,0,na,"(13, 14, 22)",0.2775769,0.0001531262800668435
1794_5,mp-3854,Y2 Mn4 Si4,1794,212,0.0648593884650596,80,0,na,"(14, 25, 39)",0.27665797,0.00015264272268978338
1823_5,mp-13915,Li4 Ni8 Sn4,1823,210,0.0625,64,0,na,"(3, 28, 50)",0.27602547,0.00015231699846867967
2222_0,mp-865091,Hf4 Mn4 Rh8,2222,111,0.1250000000000002,48,0,na,"(25, 45, 72)",0.27578273,0.00015220623272998453
2099_16,mp-14205,K9 Cu9 As6,2099,101,0.3762985167198363,72,0,na,"(19, 29, 33)",0.2747773,0.0001516744153460321
1012_2,mp-1072255,Sc4 Ni16 Au4,1012,111,0.4379376965069212,72,0,na,"(21, 28, 79)",0.27469444,0.0001516516791061958
1052_4,mp-600124,Mn4 Ni4 Sb4,1052,221,0.1875,72,0,na,"(25, 28, 51)",0.27378008,0.00015116980980968252
1929_53,mp-3129,Sc4 Si12 Ni4,1929,021,1.0,60,0,na,"(14, 21, 28)",0.27239197,0.00015042609391394539
1426_6,mp-864951,Mn4 Al4 Os8,1426,100,0.125,32,0,na,"(13, 25, 76)",0.27206436,0.00015026777833864374
1655_1,mp-867319,Al8 Co4 Ir4,1655,111,0.375,48,0,na,"(13, 27, 77)",0.2706894,0.0001495308240769717
2128_14,mp-28884,Cs2 Fe4 As4,2128,201,0.0402127305110407,60,0,na,"(26, 33, 55)",0.27063683,0.00014952414248889557
1500_94,mp-1079688,Hf8 Cu2 Si8,1500,012,0.1495867390870131,72,0,na,"(14, 29, 72)",0.2692542,0.00014878249981445602
1321_1,mp-861666,Li4 Ru8 W4,1321,111,0.375,48,0,na,"(3, 44, 74)",0.2682201,0.00014823313896095743
1448_6,mp-867307,Be8 Ru4 Au4,1448,100,0.125,32,0,na,"(4, 44, 79)",0.26815906,0.00014822137622881197
2349_6,mp-1227072,Ca2 Ga6 Pt2,2349,221,0.1590110714283854,80,0,na,"(20, 31, 78)",0.26783273,0.0001480629477282086
1165_5,mp-861935,Ca4 Sn4 Rh8,1165,210,0.0625,64,0,na,"(20, 45, 50)",0.26715302,0.0001477090615531798
2349_4,mp-1227072,Ca2 Ga6 Pt2,2349,221,0.0272186672500503,80,0,na,"(20, 31, 78)",0.2671147,0.0001477096924627453
1851_3,mp-865229,Be8 Ni4 Ir4,1851,110,0.25,48,0,na,"(4, 28, 77)",0.26710436,0.00014772579515787195
1935_19,mp-1078231,Sr8 Ga16 Rh16,1935,101,0.25,80,0,na,"(31, 38, 45)",0.26532835,0.0001467652290438825
1136_1,mp-1224324,Hf6 Al9 Ag3,1136,111,0.1049457408255397,72,0,na,"(13, 47, 72)",0.26531497,0.0001467793700626279
1573_1,mp-865592,Y8 Zn4 Ru4,1573,111,0.375,48,0,na,"(30, 39, 44)",0.26508278,0.00014667244480504702
1076_3,mp-867242,Sc8 Zn4 Ga4,1076,110,0.25,48,0,na,"(21, 30, 31)",0.26476878,0.00014652019654246438
1843_13,mp-1221618,Mn4 Be16 Al4,1843,100,0.0616913719677611,48,0,na,"(4, 13, 25)",0.2642273,0.00014624197473434751
1491_8,mp-31441,Li8 Ga4 Ir4,1491,210,0.0625,64,0,na,"(3, 31, 77)",0.26419467,0.00014624530219879854
1020_3,mp-862312,Li4 Be4 Pd8,1020,110,0.2499999999999999,48,0,na,"(3, 4, 46)",0.2636385,0.00014595877935982666
1109_54,mp-1217124,Ti6 Co9 Sn6,1109,10-2,0.878889178124247,63,0,na,"(22, 27, 50)",0.26341912,0.00014585861285906933
1794_14,mp-3854,Y2 Mn4 Si4,1794,201,0.0925703057674702,60,0,na,"(14, 25, 39)",0.26297554,0.0001456342388181032
1893_1,mp-862629,Sc4 Rh8 Pb4,1893,111,0.3750000000000002,48,0,na,"(21, 45, 82)",0.26222944,0.00014545538582703054
1600_4,mp-8126,Y2 Cu2 Si2,1600,212,0.2499999999999999,48,0,na,"(14, 29, 39)",0.2617837,0.00014522926381072427
1454_5,mp-862316,Li4 Be4 Pt8,1454,210,0.0625,64,0,na,"(3, 4, 78)",0.26154885,0.00014512005218467834
987_13,mp-1228817,Al2 Re2 Ge2,987,210,0.125,48,0,na,"(13, 32, 75)",0.26123282,0.00014496574077044603
1030_10,mp-4488,Sr2 Fe4 As4,1030,210,0.1249999999999999,60,0,na,"(26, 33, 38)",0.2606058,0.00014468786567601552
2077_3,mp-1184684,Hf4 Ge4 Ru8,2077,110,0.25,48,0,na,"(32, 44, 72)",0.26048356,0.00014464092603745518
974_56,mp-1228701,Al8 Ge4 W6,974,112,0.0439561506356298,72,0,na,"(13, 32, 74)",0.25986412,0.00014431783857599438
2610_19,mp-1205560,Rb8 As8 Pd4,2610,210,0.0307919658823712,80,0,na,"(33, 37, 46)",0.2597875,0.00014429611148390935
2097_5,mp-862287,Be4 Al4 Rh8,2097,210,0.0624999999999999,64,0,na,"(4, 13, 45)",0.25905153,0.0001439080904145024
2324_5,mp-865162,Mg4 Ge4 Rh8,2324,210,0.0625,64,0,na,"(12, 32, 45)",0.2588891,0.00014383855696810553
1422_28,mp-569006,Sr2 As4 Rh4,1422,112,0.25,60,0,na,"(33, 38, 45)",0.2586278,0.00014371405053885685
1949_1,mp-9902,Sc8 Co4 Si8,1949,111,0.1424291410702595,80,0,na,"(14, 21, 27)",0.2577469,0.00014324513920175824
1794_9,mp-3854,Y2 Mn4 Si4,1794,210,0.1249999999999999,60,0,na,"(14, 25, 39)",0.25694403,0.00014281939522048487
1409_9,mp-569298,Ca2 Co4 As4,1409,210,0.125,60,0,na,"(20, 27, 33)",0.2568149,0.00014276800983027184
2581_3,mp-865795,Li4 Sc8 Ru4,2581,110,0.25,48,0,na,"(3, 21, 44)",0.2566521,0.0001426978790820583
1282_5,mp-19971,Zn4 Co8 Ge4,1282,210,0.0625,64,0,na,"(27, 30, 32)",0.2566105,0.00014269511188347937
2596_5,mp-867881,Sc4 Tl4 Rh8,2596,210,0.0625,64,0,na,"(21, 45, 81)",0.25615865,0.0001424641775826804
1720_21,mp-1228809,Al2 Re2 Si2,1720,112,0.1592758249737615,36,0,na,"(13, 14, 75)",0.2551532,0.00014286697092791216
1606_5,mp-866139,Ti4 Be8 Ir4,1606,210,0.0625,64,0,na,"(4, 22, 77)",0.2546744,0.00014261925382681446
1083_51,mp-1079643,Ta3 Mn3 Ge3,1083,102,0.2499999999999999,54,0,na,"(25, 32, 73)",0.2545118,0.00014321723145214508
996_1,mp-867828,Be4 Nb4 Ru8,996,111,0.375,48,0,na,"(4, 41, 44)",0.25429502,0.00014311574305527234
1782_5,mp-1206369,Sc4 Pd8 Pb4,1782,210,0.0625,64,0,na,"(21, 46, 82)",0.2542934,0.0001431353162459332
2610_18,mp-1205560,Rb8 As8 Pd4,2610,210,0.0101142879583857,80,0,na,"(33, 37, 46)",0.2542581,0.00014313593457697786
1929_32,mp-3129,Sc4 Si12 Ni4,1929,120,2.220446049250313e-16,60,0,na,"(14, 21, 28)",0.25401703,0.00014302069435340422
1535_22,mp-975044,Li2 Si4 Rh4,1535,201,0.0998995690073912,50,0,na,"(3, 14, 45)",0.2539605,0.00014300931922894933
2596_1,mp-867881,Sc4 Tl4 Rh8,2596,111,0.3750000000000002,48,0,na,"(21, 45, 81)",0.25365925,0.00014288991183564477
1635_5,mp-977399,Li4 Mg4 Pd8,1635,210,0.0624999999999999,64,0,na,"(3, 12, 46)",0.2527424,0.00014239378365012124
2302_0,mp-972236,V8 Mo4 W4,2302,111,0.1249999999999997,48,0,na,"(23, 42, 74)",0.2523531,0.00014219470165023927
932_0,mp-865178,Hf8 Ir4 Rh4,932,111,0.125,48,0,na,"(45, 72, 77)",0.2519276,0.00014197513108401414
1763_5,mp-865743,Ga8 Ir4 Rh4,1763,210,0.0625,64,0,na,"(31, 45, 77)",0.25188228,0.00014196974693180862
1030_15,mp-4488,Sr2 Fe4 As4,1030,201,0.0993086938871933,60,0,na,"(26, 33, 38)",0.25171626,0.0001418963171819094
2196_5,mp-867119,Li4 Hf4 Pd8,2196,210,0.0625,64,0,na,"(3, 46, 72)",0.25118473,0.00014161678046664328
2192_3,mp-1187694,V8 Os4 W4,2192,110,0.25,48,0,na,"(23, 74, 76)",0.25080037,0.00014142010754975858
1226_1,mp-8456,Sr2 As2 Pt2,1226,221,0.0625000000000001,60,0,na,"(33, 38, 78)",0.25046685,0.00014125201977053658
2208_5,mp-867926,Li4 In4 Pd8,2208,210,0.0624999999999999,64,0,na,"(3, 46, 49)",0.25038376,0.0001412251090856742
1020_0,mp-862312,Li4 Be4 Pd8,1020,111,0.1250000000000002,64,0,na,"(3, 4, 46)",0.25023425,0.00014116071570701683
1535_24,mp-975044,Li2 Si4 Rh4,1535,201,0.5,50,0,na,"(3, 14, 45)",0.24978492,0.0001409271356094316
2302_1,mp-972236,V8 Mo4 W4,2302,111,0.3749999999999998,48,0,na,"(23, 42, 74)",0.24878567,0.0001403831486201424
1036_6,mp-865026,Mn8 V4 Si4,1036,100,0.125,32,0,na,"(14, 23, 25)",0.24848951,0.0001402357201267753
1660_2,mp-5176,Y2 Si4 Ni4,1660,221,0.0318064197248997,80,0,na,"(14, 28, 39)",0.2482421,0.00014011574286310814
1428_14,mp-22191,Hf3 Fe3 Ge3,1428,212,0.0620414482473137,72,0,na,"(26, 32, 72)",0.24735633,0.00013963535119173624
2526_3,mp-866117,Hf4 Zn4 Au8,2526,110,0.2499999999999999,48,0,na,"(30, 72, 79)",0.24711052,0.00013951607013617685
2334_5,mp-16524,Sc4 Al4 Pd8,2334,210,0.0624999999999999,64,0,na,"(13, 21, 46)",0.24693058,0.00013943393112818105
1494_27,mp-1220335,Nb4 Mo4 W4,1494,120,0.125,72,0,na,"(41, 42, 74)",0.24658297,0.00013925706385538083
1149_5,mp-4536,Sc4 Ni8 Sn4,1149,210,0.0625,64,0,na,"(21, 28, 50)",0.24636357,0.00013915253627377322
2075_2,mp-21907,Nb2 Si2 As2,2075,111,0.5,30,0,na,"(14, 33, 41)",0.24591708,0.00013891967816308156
1943_3,mp-13520,Na8 Zn4 Ge4,1943,221,0.0284931031117106,64,0,na,"(11, 30, 32)",0.24553484,0.0001387230204040747
1949_39,mp-9902,Sc8 Co4 Si8,1949,201,0.1254502207338798,80,0,na,"(14, 21, 27)",0.24330607,0.00013748287519303406
945_1,mp-1186233,Nb4 Sn4 Ru8,945,111,0.375,48,0,na,"(41, 44, 50)",0.24326131,0.00013747648370579795
992_23,mp-1217989,Ta8 Co2 Ni2,992,112,0.0799442211626696,72,0,na,"(27, 28, 73)",0.24308603,0.00013739631488233743
987_7,mp-1228817,Al2 Re2 Ge2,987,212,0.0425546906901743,48,0,na,"(13, 32, 75)",0.24293108,0.0001373276028413533
1077_35,mp-8608,K3 Cu12 As6,1077,10-2,0.0533499187314952,63,0,na,"(19, 29, 33)",0.24288747,0.0001373218084230777
1943_5,mp-13520,Na8 Zn4 Ge4,1943,221,0.1765382166850244,64,0,na,"(11, 30, 32)",0.24227785,0.00013699595879257664
1810_13,mp-1220866,Na1 Sn2 Pd3,1810,211,0.331069681931289,72,0,na,"(11, 46, 50)",0.24220352,0.0001369726936153638
1523_29,mp-3779,Cr6 Si6 Te18,1523,101,0.4999999999999996,60,0,na,"(14, 24, 52)",0.24201588,0.00013688532763188446
1469_5,mp-1185861,Mg4 Ga4 Pt8,1469,210,0.0624999999999999,64,0,na,"(12, 31, 78)",0.24196556,0.00013687560266334325
2019_39,mp-1095145,Ti3 Re3 Si3,2019,2-12,0.06566286975122,72,0,na,"(14, 22, 75)",0.2416388,0.00013670947254943588
1419_1,mp-864844,Zn8 Rh4 Au4,1419,111,0.375,48,0,na,"(30, 45, 79)",0.2416005,0.00013670649302903982
1810_12,mp-1220866,Na1 Sn2 Pd3,1810,211,0.1644030152646223,72,0,na,"(11, 46, 50)",0.24032892,0.00013600557891014424
1600_1,mp-8126,Y2 Cu2 Si2,1600,221,0.0625,60,0,na,"(14, 29, 39)",0.23975183,0.00013588016520178048
1943_44,mp-13520,Na8 Zn4 Ge4,1943,012,0.1249999999999999,64,0,na,"(11, 30, 32)",0.23946673,0.0001357370277767314
1170_3,mp-862311,Sc8 Ga4 Ru4,1170,110,0.25,48,0,na,"(21, 31, 44)",0.23773977,0.0001351564897059147
2436_5,mp-12580,Li8 Cd4 Sn4,2436,210,0.0625,64,0,na,"(3, 48, 50)",0.23767173,0.00013513607307379281
1260_1,mp-862297,Li4 Al4 Rh8,1260,111,0.375,48,0,na,"(3, 13, 45)",0.23716304,0.00013486506579179404
992_24,mp-1217989,Ta8 Co2 Ni2,992,112,0.2499999999999997,72,0,na,"(27, 28, 73)",0.23689426,0.00013473039185782728
2248_3,mp-867902,Li4 Si4 Rh8,2248,110,0.2499999999999999,48,0,na,"(3, 14, 45)",0.23663904,0.00013460337411566348
1574_1,mp-865804,Ta4 Zn4 Rh8,1574,111,0.375,48,0,na,"(30, 45, 73)",0.23581727,0.0001341539981962893
1349_2,mp-1222602,Li8 Si4 Au4,1349,111,0.6249999999999999,48,0,na,"(3, 14, 79)",0.2355918,0.0001340437131526911
2597_5,mp-5419,Li4 Ga8 Ir4,2597,210,0.0625,64,0,na,"(3, 31, 77)",0.23513994,0.0001339797421148813
1362_7,mp-7829,Mn3 Nb3 Si3,1362,221,0.2943391544978055,72,0,na,"(14, 25, 41)",0.23510791,0.0001339794423600815
1900_94,mp-21885,Ca8 In4 Pt8,1900,021,0.25,80,0,na,"(20, 49, 78)",0.23477566,0.00013380803270122418
1472_11,mp-1018066,Cr2 Sn2 Rh4,1472,112,0.2499999999999997,48,0,na,"(24, 45, 50)",0.23477505,0.00013382559197702977
1170_5,mp-862311,Sc8 Ga4 Ru4,1170,210,0.0624999999999999,64,0,na,"(21, 31, 44)",0.23344944,0.00013308778329638492
1880_14,mp-4404,Sr2 As4 Ru4,1880,201,0.0355213672277132,60,0,na,"(33, 38, 44)",0.23328076,0.00013300932200322184
1906_1,mp-20567,Li4 Ga8 Ru4,1906,111,0.3750000000000002,48,0,na,"(3, 31, 44)",0.23320693,0.0001329849147022228
1763_0,mp-865743,Ga8 Ir4 Rh4,1763,111,0.125,48,0,na,"(31, 45, 77)",0.23311085,0.00013294780568571225
1774_5,mp-861877,Cd4 Sn4 Rh8,1774,210,0.0625,64,0,na,"(45, 48, 50)",0.23291792,0.00013285543666560886
984_5,mp-867146,Sc4 Nb4 Ru8,984,210,0.0624999999999999,64,0,na,"(21, 41, 44)",0.23291248,0.00013286998621171579
2531_3,mp-30816,Li8 Al4 Pd4,2531,111,0.875,48,0,na,"(3, 13, 46)",0.23274252,0.0001327906727307505
1422_0,mp-569006,Sr2 As4 Rh4,1422,111,0.0460463225165493,40,0,na,"(33, 38, 45)",0.23267065,0.00013276729773768222
1052_3,mp-600124,Mn4 Ni4 Sb4,1052,221,0.0625,72,0,na,"(25, 28, 51)",0.23259583,0.00013274222752805622
1929_48,mp-3129,Sc4 Si12 Ni4,1929,021,0.0884509471676329,60,0,na,"(14, 21, 28)",0.23247534,0.00013269107770444292
2295_0,mp-865076,Na4 Cd8 Pt4,2295,111,0.125,48,0,na,"(11, 48, 78)",0.23213816,0.00013251620755835248
1266_8,mp-3034,Mg4 Al8 Cu4,1266,110,0.0,48,0,na,"(12, 13, 29)",0.2320649,0.00013249194437351067
2460_2,mp-16259,Ca2 Ge4 Ir4,2460,221,0.0310993793204428,80,0,na,"(20, 32, 77)",0.23189667,0.00013241344116384084
1763_1,mp-865743,Ga8 Ir4 Rh4,1763,111,0.375,48,0,na,"(31, 45, 77)",0.23107268,0.00013196041463378732
1372_0,mp-30312,Ca8 Si4 Ir8,1372,111,2.220446049250313e-16,60,0,na,"(14, 20, 77)",0.23104203,0.00013196032464674273
1293_3,mp-977582,Zr4 Zn4 Rh8,1293,110,0.2499999999999999,48,0,na,"(30, 40, 45)",0.23086041,0.0001322759596802002
2088_3,mp-862372,Sc8 Ru4 Rh4,2088,110,0.25,48,0,na,"(21, 44, 45)",0.23000963,0.00013212668959314906
1949_40,mp-9902,Sc8 Co4 Si8,1949,201,0.2005399522140276,80,0,na,"(14, 21, 27)",0.22997406,0.00013212371383781115
1324_5,mp-1183042,Zr4 Si4 Ru8,1324,210,0.0625,64,0,na,"(14, 40, 44)",0.22993964,0.0001321213953759873
1557_0,mp-1187461,Ti8 V4 Os4,1557,111,0.125,48,0,na,"(22, 23, 76)",0.22929831,0.00013177030219423022
924_2,mp-1025293,In1 As1 Pd5,924,221,0.0721508486889224,56,0,na,"(33, 46, 49)",0.22878896,0.0001314949223940414
1618_5,mp-864651,Ta8 Nb4 Ru4,1618,210,0.0625,64,0,na,"(41, 44, 73)",0.22875226,0.00013149111972943225
1525_2,mp-1206242,Y1 In5 Rh1,1525,221,0.07524448884703,56,0,na,"(39, 45, 49)",0.22799395,0.000131089698822068
1428_49,mp-22191,Hf3 Fe3 Ge3,1428,102,0.1859944404402996,54,0,na,"(26, 32, 72)",0.227763,0.0001309740788355
2581_1,mp-865795,Li4 Sc8 Ru4,2581,111,0.3750000000000002,48,0,na,"(3, 21, 44)",0.2276992,0.00013095454258581226
1851_0,mp-865229,Be8 Ni4 Ir4,1851,111,0.125,64,0,na,"(4, 28, 77)",0.22722091,0.00013069658337697864
1915_0,mp-867280,Be8 Ir4 Pt4,1915,111,0.1250000000000002,64,0,na,"(4, 77, 78)",0.22721869,0.00013071239010440774
2212_0,mp-866155,Ti4 Al4 Ru8,2212,111,0.1250000000000002,48,0,na,"(13, 22, 44)",0.22695103,0.00013057548082270483
932_3,mp-865178,Hf8 Ir4 Rh4,932,110,0.25,48,0,na,"(45, 72, 77)",0.22683136,0.00013052367229829742
2138_1,mp-5778,Al4 V4 Fe8,2138,111,0.375,64,0,na,"(13, 23, 26)",0.22677112,0.00013050604302692953
1014_3,mp-865717,Ti8 Re4 Ir4,1014,110,0.25,48,0,na,"(22, 75, 77)",0.22676711,0.00013052076903405312
1267_5,mp-5538,Y4 Sn4 Pd8,1267,210,0.0625,64,0,na,"(39, 46, 50)",0.22672214,0.00013051192008334037
1493_1,mp-1183037,Zr4 Zn4 Au8,1493,111,0.375,48,0,na,"(30, 40, 79)",0.22665967,0.00013049299030587375
1673_4,mp-1217009,Ti1 Al2 Zn1,1673,211,0.125,64,0,na,"(13, 22, 30)",0.22622368,0.0001302589790936709
2196_1,mp-867119,Li4 Hf4 Pd8,2196,111,0.375,48,0,na,"(3, 46, 72)",0.22611488,0.0001302132938005728
1372_9,mp-30312,Ca8 Si4 Ir8,1372,110,0.0,40,0,na,"(14, 20, 77)",0.22607207,0.00013020559520725132
1284_8,mp-1079845,Mn3 Ni3 As3,1284,221,0.4620831325266156,72,0,na,"(25, 28, 33)",0.22594458,0.00013014911383056276
1267_3,mp-5538,Y4 Sn4 Pd8,1267,110,0.2500000000000002,48,0,na,"(39, 46, 50)",0.22584514,0.00013010876771510872
987_5,mp-1228817,Al2 Re2 Ge2,987,221,0.2087773453450871,60,0,na,"(13, 32, 75)",0.22567439,0.00013002731680088105
1988_0,mp-1078782,Y4 Co4 Si8,1988,111,0.1464255088017707,64,0,na,"(14, 27, 39)",0.2253636,0.00012986513424811263
1810_11,mp-1220866,Na1 Sn2 Pd3,1810,211,0.0394030152646223,72,0,na,"(11, 46, 50)",0.2252844,0.0001298363566890094
1507_9,mp-12781,Sc4 Al8 Ni4,1507,110,0.0,48,0,na,"(13, 21, 28)",0.22521253,0.0001298117907166041
1393_48,mp-1079238,Zr3 Re3 Si3,1393,102,0.25,72,0,na,"(14, 40, 75)",0.22516872,0.00012980338878136377
2206_3,mp-865494,V8 Cr4 Ru4,2206,110,0.25,48,0,na,"(23, 24, 44)",0.22500196,0.00012972409499226965
2596_3,mp-867881,Sc4 Tl4 Rh8,2596,110,0.2499999999999999,48,0,na,"(21, 45, 81)",0.22495648,0.00012971470077911793
1165_3,mp-861935,Ca4 Sn4 Rh8,1165,110,0.25,48,0,na,"(20, 45, 50)",0.22492252,0.00012971194426537937
1776_2,mp-1206348,Cs2 As4 Ir4,1776,221,0.0390882411564277,80,0,na,"(33, 55, 77)",0.22465575,0.00012957490645486983
1305_5,mp-865678,Ti4 Mn8 V4,1305,210,0.0625,64,0,na,"(22, 23, 25)",0.22443454,0.00012946409425475852
1372_96,mp-30312,Ca8 Si4 Ir8,1372,001,0.0,40,0,na,"(14, 20, 77)",0.2241594,0.00012932212350666986
1837_6,mp-10181,Li4 Si4 Ni8,1837,100,0.125,32,0,na,"(3, 14, 28)",0.22400273,0.00012924845207692022
1176_0,mp-865793,Li4 Sc8 Rh4,1176,111,0.1250000000000002,48,0,na,"(3, 21, 45)",0.22338833,0.00012891060785399767
1293_5,mp-977582,Zr4 Zn4 Rh8,1293,210,0.0625,64,0,na,"(30, 40, 45)",0.22338378,0.00012892460193625064
2221_5,mp-13445,Rb8 As8 Pt4,2221,221,0.0797988224886019,80,0,na,"(33, 37, 78)",0.22307278,0.0001287617107134426
1039_5,mp-865228,Li4 Sc4 Pt8,1039,210,0.0625,64,0,na,"(3, 21, 78)",0.22302526,0.00012875085947651677
2460_3,mp-16259,Ca2 Ge4 Ir4,2460,221,0.0935993793204428,80,0,na,"(20, 32, 77)",0.22273542,0.00012860009432657236
2209_14,mp-1216876,Ti1 Ga1 Ni6,2209,112,0.2513238700485658,48,0,na,"(22, 28, 31)",0.22253169,0.00012849899231822464
1151_0,mp-864650,Ta8 Os4 W4,1151,111,0.125,48,0,na,"(73, 74, 76)",0.22211446,0.00012839475000055005
1600_9,mp-8126,Y2 Cu2 Si2,1600,210,0.2500000000000001,48,0,na,"(14, 29, 39)",0.22167806,0.00012815894099533579
1431_6,mp-865680,Ti4 Si4 Os8,1431,100,0.125,32,0,na,"(14, 22, 76)",0.2216481,0.00012815804479224293
1419_0,mp-864844,Zn8 Rh4 Au4,1419,111,0.125,48,0,na,"(30, 45, 79)",0.22149701,0.0001280870991874898
1385_0,mp-977401,Nb4 Ga4 Ru8,1385,111,0.125,48,0,na,"(31, 41, 44)",0.2212843,0.00012798048608205281
2129_10,mp-9247,Ba2 Cu4 As4,2129,210,0.125,60,0,na,"(29, 33, 56)",0.2206205,0.000127612907180583
1202_5,mp-1228893,Al1 Ga1 Co2,1202,212,0.2506379578761231,40,0,na,"(13, 27, 31)",0.22056091,0.00012759472143461945
1985_44,mp-567856,Mn3 As3 Rh3,1985,2-12,0.4514175569657535,72,0,na,"(25, 33, 45)",0.22052397,0.00012758963136873366
1887_3,mp-864807,Hf4 Zn4 Ni8,1887,110,0.25,48,0,na,"(28, 30, 72)",0.22011042,0.00012781878471402494
2485_6,mp-1216081,Y2 Ga3 Cu1,2485,221,0.0522155022513164,60,0,na,"(29, 31, 39)",0.21996187,0.00012774884998377397
1985_43,mp-567856,Mn3 As3 Rh3,1985,2-12,0.3507087784828767,72,0,na,"(25, 33, 45)",0.21990429,0.00012773172641086908
1324_3,mp-1183042,Zr4 Si4 Ru8,1324,110,0.25,48,0,na,"(14, 40, 44)",0.2198683,0.0001277271363747072
1451_3,mp-866073,Mg4 Sn4 Rh8,1451,110,0.25,48,0,na,"(12, 45, 50)",0.21948303,0.00012815736972735824
895_3,mp-865656,Ti4 Mn8 W4,895,110,0.25,48,0,na,"(22, 25, 74)",0.2191551,0.00012798229143868109
2196_0,mp-867119,Li4 Hf4 Pd8,2196,111,0.125,48,0,na,"(3, 46, 72)",0.21894625,0.00012787669307626266
1374_1,mp-867123,Ta4 Ti4 Os8,1374,111,0.3749999999999998,48,0,na,"(22, 73, 76)",0.21888253,0.00012785582686005033
2138_5,mp-5778,Al4 V4 Fe8,2138,210,0.0625,64,0,na,"(13, 23, 26)",0.21816008,0.0001274501174655015
1076_0,mp-867242,Sc8 Zn4 Ga4,1076,111,0.1250000000000002,48,0,na,"(21, 30, 31)",0.21790077,0.0001273148536694443
2304_6,mp-569408,K2 Co4 As4,2304,212,0.125,80,0,na,"(19, 27, 33)",0.21763599,0.00012717633970114756
1342_5,mp-866141,Ti4 Fe8 Si4,1342,210,0.0625,64,0,na,"(14, 22, 26)",0.21757245,0.00012715538103942305
1089_5,mp-13322,Li4 Ge4 Rh8,1089,210,0.0624999999999999,64,0,na,"(3, 32, 45)",0.21749027,0.00012712351720482845
1284_7,mp-1079845,Mn3 Ni3 As3,1284,221,0.3370831325266155,72,0,na,"(25, 28, 33)",0.21744049,0.00012711057943475768
2304_5,mp-569408,K2 Co4 As4,2304,212,0.0482756002643114,80,0,na,"(19, 27, 33)",0.21731646,0.00012705422435961493
2304_3,mp-569408,K2 Co4 As4,2304,221,0.1008621998678442,80,0,na,"(19, 27, 33)",0.21723445,0.00012702241588876355
1714_8,mp-1228909,Al9 Si3 Pd12,1714,110,0.0919380467485276,72,0,na,"(13, 14, 46)",0.2169273,0.00012685893152998665
1074_1,mp-977443,Zr4 Ge4 Ru8,1074,111,0.3750000000000002,48,0,na,"(32, 40, 44)",0.2164439,0.00012659229891584818
2138_0,mp-5778,Al4 V4 Fe8,2138,111,0.125,64,0,na,"(13, 23, 26)",0.21618804,0.00012645866187773657
1084_51,mp-1205741,Ti3 Mn3 As3,1084,102,0.25,54,0,na,"(22, 25, 33)",0.2161461,0.00012645011989092242
2039_13,mp-1217985,Ta6 Mn3 V9,2039,101,0.4372155256151764,54,0,na,"(23, 25, 73)",0.21608567,0.00012643075422451885
1166_14,mp-1227272,Be16 Al4 Fe4,1166,100,0.1865743032493263,48,0,na,"(4, 13, 26)",0.21575758,0.00012625475272387557
2610_20,mp-1205560,Rb8 As8 Pd4,2610,210,0.0725006072367504,80,0,na,"(33, 37, 46)",0.21519409,0.00012594091620804672
1726_5,mp-8147,K8 As8 Pd4,1726,221,0.0857554132484654,80,0,na,"(19, 33, 46)",0.21512012,0.00012591348341482278
1393_47,mp-1079238,Zr3 Re3 Si3,1393,102,0.1843909013191561,72,0,na,"(14, 40, 75)",0.21505557,0.00012589155264035589
1470_5,mp-1187922,Zn4 In4 Rh8,1470,210,0.0625,64,0,na,"(30, 45, 49)",0.21472187,0.0001257120338127833
967_5,mp-864601,Li4 Mg8 Rh4,967,210,0.0625,64,0,na,"(3, 12, 45)",0.21435624,0.0001255137490136618
924_3,mp-1025293,In1 As1 Pd5,924,221,0.1971508486889224,56,0,na,"(33, 46, 49)",0.21429743,0.00012549506487310978
1229_31,mp-10381,K8 Cu4 Sb4,1229,112,0.1871702909758922,64,0,na,"(19, 29, 51)",0.21426186,0.00012548998304139406
1923_4,mp-1071862,Y2 Al2 Zn2,1923,212,0.2500000000000001,48,0,na,"(13, 30, 39)",0.21415827,0.00012544505401758423
1166_13,mp-1227272,Be16 Al4 Fe4,1166,100,0.0615743032493263,48,0,na,"(4, 13, 26)",0.21415192,0.0001254570724195346
1316_7,mp-30493,Zn1 Cd1 Pt2,1316,211,0.193960847171761,64,0,na,"(30, 48, 78)",0.21393241,0.00012534420172836508
1690_0,mp-864770,Ta8 Mo4 Os4,1690,111,0.1250000000000002,48,0,na,"(42, 73, 76)",0.21368359,0.00012521411155437865
1491_0,mp-31441,Li8 Ga4 Ir4,1491,111,0.125,48,0,na,"(3, 31, 77)",0.2133524,0.00012540825842844623
1384_5,mp-1224317,Hf2 Si1 As3,1384,221,0.2500000000000001,48,0,na,"(14, 33, 72)",0.2133108,0.00012539953214042165
937_5,mp-3623,Mn4 Al4 Co8,937,210,0.0625,64,0,na,"(13, 25, 27)",0.21290502,0.0001251766823749768
1305_3,mp-865678,Ti4 Mn8 V4,1305,110,0.25,48,0,na,"(22, 23, 25)",0.21286243,0.0001251673097779182
1995_28,mp-13570,Mg2 Sc4 Ga4,1995,112,0.1876160415025118,60,0,na,"(12, 21, 31)",0.21275067,0.00012511725328228336
2569_1,mp-864945,Mn4 Be8 Rh4,2569,111,0.3750000000000002,64,0,na,"(4, 25, 45)",0.21244904,0.0001249555007755132
2544_3,mp-569344,Zr2 Co4 Si4,2544,221,0.0930337191729968,80,0,na,"(14, 27, 40)",0.21232276,0.0001249255232161658
1672_3,mp-865032,Mn8 Pt4 Rh4,1672,110,0.25,48,0,na,"(25, 45, 78)",0.21230139,0.00012492855639568068
1605_31,mp-1079890,Al8 Cu4 Ir4,1605,021,0.0451359313001855,64,0,na,"(13, 29, 77)",0.21229795,0.0001249421409721701
2572_3,mp-862730,Li4 Ga4 Rh8,2572,110,0.25,48,0,na,"(3, 31, 45)",0.21210636,0.00012484498432735176
1741_6,mp-866075,Mg4 Ta4 Ir8,1741,100,0.125,32,0,na,"(12, 73, 77)",0.21156108,0.00012453958276751755
2019_47,mp-1095145,Ti3 Re3 Si3,2019,102,0.25,72,0,na,"(14, 22, 75)",0.21148105,0.00012450797770859287
1333_9,mp-20757,Mn2 Al2 Ge2,1333,211,0.1250000000000001,72,0,na,"(13, 25, 32)",0.21135734,0.00012470251332141538
2494_5,mp-865518,Y4 Sn4 Rh8,2494,210,0.0624999999999999,64,0,na,"(39, 45, 50)",0.21107192,0.00012454964490279675
2240_11,mp-9177,Y4 Al6 Si4,2240,110,0.5,42,0,na,"(13, 14, 39)",0.21086541,0.00012444328652984883
1957_0,mp-1187436,Ti8 Cu4 Re4,1957,111,0.125,48,0,na,"(22, 29, 75)",0.21067879,0.00012434862614617694
1659_0,mp-865870,Li4 Zr8 Os4,1659,111,0.1250000000000002,48,0,na,"(3, 40, 76)",0.21052979,0.00012427613566645036
1388_5,mp-865879,Li8 Ag4 Au4,1388,210,0.0625,64,0,na,"(3, 47, 79)",0.21042913,0.0001242321549690436
1616_4,mp-639659,In1 Cu1 Pt2,1616,211,0.1250000000000001,64,0,na,"(29, 49, 78)",0.21002877,0.00012401119850336952
1424_66,mp-1078362,Ca8 Al4 Pt8,1424,112,0.2499999999999999,80,0,na,"(13, 20, 78)",0.20935398,0.00012377708613123581
1084_6,mp-1205741,Ti3 Mn3 As3,1084,221,0.1690772578438615,72,0,na,"(22, 25, 33)",0.2090685,0.00012362360256123483
2334_3,mp-16524,Sc4 Al4 Pd8,2334,110,0.2499999999999999,48,0,na,"(13, 21, 46)",0.20899463,0.00012359520202023303
1690_1,mp-864770,Ta8 Mo4 Os4,1690,111,0.3750000000000002,48,0,na,"(42, 73, 76)",0.2088461,0.00012352263118342843
1611_4,mp-1070247,Ba2 Ge6 Rh2,1611,221,0.0223964340339168,80,0,na,"(32, 45, 56)",0.20874214,0.00012347639586940819
1733_5,mp-20730,Hf4 Co8 Sn4,1733,210,0.0625,64,0,na,"(27, 50, 72)",0.208726,0.0001234820957644671
2409_5,mp-16349,Li4 Ni8 Ge4,2409,210,0.0625,64,0,na,"(3, 28, 32)",0.20860565,0.0001234261377413109
1935_38,mp-1078231,Sr8 Ga16 Rh16,1935,012,0.0625000000000001,80,0,na,"(31, 38, 45)",0.20859875,0.0001234372905920261
1990_5,mp-972879,Sc8 Ru4 Au4,1990,210,0.0624999999999999,64,0,na,"(21, 44, 79)",0.20852643,0.00012340972894813145
1131_0,mp-1185421,Li4 Zn4 Ni8,1131,111,0.125,64,0,na,"(3, 28, 30)",0.20837606,0.00012333595810797037
2363_0,mp-1217093,Ti8 Nb4 Al4,2363,111,0.0,48,0,na,"(13, 22, 41)",0.20739211,0.00012276870854903757
1665_6,mp-977357,Ta8 Re4 Ru4,1665,100,0.125,32,0,na,"(44, 73, 75)",0.20729458,0.0001227260411962822
1175_77,mp-1223908,Hf4 Ga6 Cu2,1175,12-1,0.1754979964400744,72,0,na,"(29, 31, 72)",0.20714907,0.00012265494686255712
974_15,mp-1228701,Al8 Ge4 W6,974,110,0.5810512373370892,54,0,na,"(13, 32, 74)",0.2071349,0.00012266160172218476
2582_0,mp-865561,Y8 Ag4 Ru4,2582,111,0.125,48,0,na,"(39, 44, 47)",0.20701641,0.00012260647315914632
2062_1,mp-861909,Cd4 Ga4 Rh8,2062,111,0.3750000000000002,48,0,na,"(31, 45, 48)",0.20688806,0.00012254548211832256
1976_1,mp-977440,Li4 Ti4 Pt8,1976,111,0.375,48,0,na,"(3, 22, 78)",0.20650673,0.0001223346014351208
998_1,mp-867915,Sc4 Ga4 Co8,998,111,0.3750000000000002,48,0,na,"(21, 27, 31)",0.20648034,0.00012233393367027477
1192_3,mp-1224791,Ga1 Ni2 Pt1,1192,211,0.1250000000000001,64,0,na,"(28, 31, 78)",0.20647964,0.00012234848631109842
1154_3,mp-865179,Hf8 Fe4 Os4,1154,110,0.25,48,0,na,"(26, 72, 76)",0.20647156,0.00012235866894511676
1470_0,mp-1187922,Zn4 In4 Rh8,1470,111,0.1250000000000002,48,0,na,"(30, 45, 49)",0.20626615,0.0001222518979547622
2506_0,mp-865231,Li4 Sc4 Tl8,2506,111,0.1249999999999997,48,0,na,"(3, 21, 81)",0.20614202,0.00012219326569557976
2311_16,mp-10049,Mn3 As3 Ru3,2311,212,0.2121262611568697,72,0,na,"(25, 33, 44)",0.20606089,0.00012216010201317358
2162_4,mp-644280,Ga1 Cu1 Pt2,2162,211,0.1250000000000001,64,0,na,"(29, 31, 78)",0.20602527,0.0001221539075652701
2240_38,mp-9177,Y4 Al6 Si4,2240,201,0.2500000000000001,56,0,na,"(13, 14, 39)",0.2057985,0.00012214572801249373
2416_48,mp-1206500,Sc6 Mn1 Te2,2416,102,0.0578439829910136,54,0,na,"(21, 25, 52)",0.20567514,0.00012208742372128692
1267_1,mp-5538,Y4 Sn4 Pd8,1267,111,0.375,48,0,na,"(39, 46, 50)",0.20559114,0.0001220524629390647
1493_0,mp-1183037,Zr4 Zn4 Au8,1493,111,0.125,48,0,na,"(30, 40, 79)",0.20535807,0.00012192897894431488
1672_1,mp-865032,Mn8 Pt4 Rh4,1672,111,0.375,48,0,na,"(25, 45, 78)",0.20526345,0.0001218876610517232
1878_3,mp-31442,Li8 In4 Rh4,1878,111,0.875,48,0,na,"(3, 45, 49)",0.20483546,0.00012164834338363785
1858_4,mp-1206280,Li3 Y1 Sb2,1858,221,0.1494865279484082,60,0,na,"(3, 39, 51)",0.2046834,0.00012157282663354993
1407_1,mp-1219310,Sc4 Ga4 Ni4,1407,111,0.4999999999999999,48,0,na,"(21, 28, 31)",0.20440665,0.00012173905750072661
1995_9,mp-13570,Mg2 Sc4 Ga4,1995,212,0.1371175073293606,80,0,na,"(12, 21, 31)",0.20432073,0.00012170270185098256
1858_5,mp-1206280,Li3 Y1 Sb2,1858,221,0.2122524580676811,60,0,na,"(3, 39, 51)",0.20425825,0.00012168029474735912
1362_5,mp-7829,Mn3 Nb3 Si3,1362,221,0.0363216910043888,72,0,na,"(14, 25, 41)",0.20421788,0.00012167105058523127
1233_5,mp-20744,Zr4 In4 Ni8,1233,210,0.0625,64,0,na,"(28, 40, 49)",0.20410456,0.00012161833304846957
1233_3,mp-20744,Zr4 In4 Ni8,1233,110,0.25,48,0,na,"(28, 40, 49)",0.20410454,0.0001216331139477736
2338_9,mp-1018062,Fe2 Sn2 Rh4,2338,201,0.0625,48,0,na,"(26, 45, 50)",0.2039942,0.00012158214685450306
1841_0,mp-864835,Hf8 Co4 Ir4,1841,111,0.125,48,0,na,"(27, 72, 77)",0.20398343,0.00012159051108521201
1504_0,mp-865569,Ti8 Mn4 Ir4,1504,111,0.125,48,0,na,"(22, 25, 77)",0.20380841,0.00012150095846879259
1923_8,mp-1071862,Y2 Al2 Zn2,1923,210,0.0833333333333333,48,0,na,"(13, 30, 39)",0.20378686,0.00012150287409116901
2436_3,mp-12580,Li8 Cd4 Sn4,2436,110,0.25,48,0,na,"(3, 48, 50)",0.20368673,0.00012145793154340173
2420_5,mp-865926,Cd8 Pd4 Rh4,2420,210,0.0624999999999999,64,0,na,"(45, 46, 48)",0.20343477,0.00012135174014444952
2410_5,mp-10898,Sc4 Al4 Ni8,2410,210,0.0624999999999999,64,0,na,"(13, 21, 28)",0.2034233,0.00012135962532766843
2240_79,mp-9177,Y4 Al6 Si4,2240,010,0.25,42,0,na,"(13, 14, 39)",0.2033673,0.00012134094236650245
1759_3,mp-11444,Y4 Ga8 Ni4,1759,111,0.4999999999999999,64,0,na,"(28, 31, 39)",0.20330885,0.00012132078882319972
2485_9,mp-1216081,Y2 Ga3 Cu1,2485,221,0.4343687009819188,60,0,na,"(29, 31, 39)",0.20327413,0.0001213147883123926
2382_3,mp-865529,Ti8 Ni4 Ir4,2382,110,0.25,48,0,na,"(22, 28, 77)",0.20321442,0.00012129386789297006
2486_16,mp-1080526,Zr6 Ga2 Fe1,2486,212,0.2076752046303813,72,0,na,"(26, 31, 40)",0.20318177,0.00012128909150533484
1231_5,mp-7473,Li4 Cu8 Si4,1231,210,0.0625,64,0,na,"(3, 14, 29)",0.20313151,0.00012129900604968765
1712_23,mp-1219656,Rb2 Si8 Pt8,1712,210,0.0326275985585304,72,0,na,"(14, 37, 78)",0.20304364,0.0001212612437693552
1774_3,mp-861877,Cd4 Sn4 Rh8,1774,110,0.2499999999999999,48,0,na,"(45, 48, 50)",0.20300294,0.00012125164013604474
2346_1,mp-31187,Ti4 Al4 Fe8,2346,111,0.3750000000000002,48,0,na,"(13, 22, 26)",0.2027415,0.0001211101694269616
2194_11,mp-31438,Y4 Zr4 Sb4,2194,210,0.125,72,0,na,"(39, 40, 51)",0.20272629,0.0001211157518925586
1504_1,mp-865569,Ti8 Mn4 Ir4,1504,111,0.375,48,0,na,"(22, 25, 77)",0.2026463,0.00012108262809196215
996_3,mp-867828,Be4 Nb4 Ru8,996,110,0.25,48,0,na,"(4, 41, 44)",0.2023107,0.0001210716880103871
972_3,mp-20840,Mn4 Co8 Sn4,972,110,0.25,48,0,na,"(25, 27, 50)",0.20229992,0.00012107989612809405
1168_0,mp-20363,Li4 Ga8 Pt4,1168,111,0.125,48,0,na,"(3, 31, 78)",0.20212802,0.00012099166075182497
1284_27,mp-1079845,Mn3 Ni3 As3,1284,210,0.1065878077806799,54,0,na,"(25, 28, 33)",0.2021089,0.00012099485509374423
934_12,mp-9769,Ba4 As8 Pt4,934,110,0.5,48,0,na,"(33, 56, 78)",0.20201905,0.00012095570035857735
1611_5,mp-1070247,Ba2 Ge6 Rh2,1611,221,0.083168063161338,80,0,na,"(32, 45, 56)",0.20181206,0.00012116645438104371
1123_0,mp-977561,Li4 Ta4 Ir8,1123,111,0.125,48,0,na,"(3, 73, 77)",0.20179646,0.0001211717702112588
1168_5,mp-20363,Li4 Ga8 Pt4,1168,210,0.0625,64,0,na,"(3, 31, 78)",0.20167626,0.00012111426991368371
1923_1,mp-1071862,Y2 Al2 Zn2,1923,221,0.0625,60,0,na,"(13, 30, 39)",0.20155199,0.00012105430245243802
1557_1,mp-1187461,Ti8 V4 Os4,1557,111,0.375,48,0,na,"(22, 23, 76)",0.201324,0.00012093200853552137
1901_0,mp-865933,Li4 Si4 Ir8,1901,111,0.125,48,0,na,"(3, 14, 77)",0.20101301,0.00012077439422476667
2512_2,mp-867799,Ca8 Bi4 Au4,2512,221,0.0625000000000002,64,0,na,"(20, 79, 83)",0.20098107,0.00012076978965288539
1605_2,mp-1079890,Al8 Cu4 Ir4,1605,111,0.3360310357350115,48,0,na,"(13, 29, 77)",0.20073992,0.00012063945190152344
2524_9,mp-1228015,Al3 Si3 Mo3,2524,212,0.3767284945530731,72,0,na,"(13, 14, 42)",0.20068535,0.0001206212084324655
2009_4,mp-12550,Al1 Cu1 Pt2,2009,211,0.125,64,0,na,"(13, 29, 78)",0.20062613,0.00012060016140148455
1759_9,mp-11444,Y4 Ga8 Ni4,1759,110,0.0,48,0,na,"(28, 31, 39)",0.2001706,0.00012034084682810474
2168_5,mp-27388,Ba4 Si8 Ni8,2168,111,0.5,60,0,na,"(14, 28, 56)",0.19992697,0.0001202088445971263
2221_60,mp-13445,Rb8 As8 Pt4,2221,012,0.0260596212548005,80,0,na,"(33, 37, 78)",0.1999219,0.00012022024772686624
2350_7,mp-30847,Ti4 Sn4 Pt4,2350,210,0.0625,48,0,na,"(22, 50, 78)",0.19986685,0.00012020159484225222
1136_24,mp-1224324,Hf6 Al9 Ag3,1136,10-2,0.123441851682254,54,0,na,"(13, 47, 72)",0.19968103,0.00012010427786620422
1567_3,mp-862669,Be4 Fe8 Si4,1567,110,0.25,48,0,na,"(4, 14, 26)",0.19953455,0.00012023224630071963
1818_2,mp-867849,Ca8 Tl4 Cd4,1818,221,0.0625000000000003,64,0,na,"(20, 48, 81)",0.19926533,0.00012008446216708857
2599_18,mp-1215412,Zr2 Zn3 Ga3,2599,112,0.0,40,0,na,"(30, 31, 40)",0.19879402,0.00011981482169055997
1384_25,mp-1224317,Hf2 Si1 As3,1384,201,0.4339248371722899,36,0,na,"(14, 33, 72)",0.1987144,0.00011978118561076318
1047_3,mp-867837,Be4 Cr4 Ru8,1047,110,0.25,48,0,na,"(4, 24, 44)",0.1986549,0.0001197596651196347
2526_1,mp-866117,Hf4 Zn4 Au8,2526,111,0.3750000000000002,48,0,na,"(30, 72, 79)",0.19854575,0.00011970819994912254
1384_3,mp-1224317,Hf2 Si1 As3,1384,221,0.0660751628277102,48,0,na,"(14, 33, 72)",0.19842722,0.00011965105845953543
956_3,mp-866033,Al4 Zn4 Rh8,956,110,0.25,48,0,na,"(13, 30, 45)",0.19838499,0.00011963990892943261
1986_9,mp-1068300,Ca2 Fe4 As4,1986,210,0.125,60,0,na,"(20, 26, 33)",0.19826959,0.00011958462181856601
1880_15,mp-4404,Sr2 As4 Ru4,1880,201,0.0980213672277132,60,0,na,"(33, 38, 44)",0.19815423,0.00011952933728345118
934_53,mp-9769,Ba4 As8 Pt4,934,021,0.5,48,0,na,"(33, 56, 78)",0.19794,0.00011941438434441585
2450_22,mp-1225227,Fe9 Co9 Si6,2450,101,0.1884217462057007,72,0,na,"(14, 26, 27)",0.19783725,0.00011936665082717131
2311_43,mp-10049,Mn3 As3 Ru3,2311,2-12,0.351055187201043,72,0,na,"(25, 33, 44)",0.19771463,0.00011944340788951284
1036_3,mp-865026,Mn8 V4 Si4,1036,110,0.25,48,0,na,"(14, 23, 25)",0.19770044,0.00011944910283135064
1292_12,mp-1079785,Y4 Cd2 Ge4,1292,211,0.0750352763394568,80,0,na,"(32, 39, 48)",0.19768658,0.00011945499751700334
974_13,mp-1228701,Al8 Ge4 W6,974,110,0.2419814200821549,54,0,na,"(13, 32, 74)",0.19724753,0.00011920393466046861
1800_3,mp-865125,Mg4 Ga4 Rh8,1800,110,0.25,48,0,na,"(12, 31, 45)",0.19713195,0.00011914828836167174
1173_13,mp-567749,Y2 Si4 Os4,1173,201,0.0318793789732808,60,0,na,"(14, 39, 76)",0.19710541,0.00011914644344651413
2176_16,mp-1215639,Zr4 Ga6 Cu2,2176,22-1,0.3952108431535062,72,0,na,"(29, 31, 40)",0.19691166,0.00011904350889481705
1173_14,mp-567749,Y2 Si4 Os4,1173,201,0.0943793789732808,60,0,na,"(14, 39, 76)",0.19673076,0.00011894830530454529
1344_0,mp-9437,Nb4 Fe4 Sb4,1344,111,0.25,36,0,na,"(26, 41, 51)",0.1966504,0.00011891386225438006
955_48,mp-1079075,Y4 Ga8 Pd4,955,021,0.25,64,0,na,"(31, 39, 46)",0.19664977,0.00011892762343844499
908_1,mp-862699,Sc4 Ta4 Os8,908,111,0.3750000000000002,48,0,na,"(21, 73, 76)",0.19660063,0.00011891204703225842
1034_1,mp-1227279,Be16 Al4 Ni4,1034,111,0.1857132801292136,72,0,na,"(4, 13, 28)",0.19612923,0.00011864103301187048
1385_1,mp-977401,Nb4 Ga4 Ru8,1385,111,0.375,48,0,na,"(31, 41, 44)",0.19581434,0.00011846460686175155
1493_3,mp-1183037,Zr4 Zn4 Au8,1493,110,0.25,48,0,na,"(30, 40, 79)",0.19558732,0.00011846252050961533
1533_6,mp-865901,Be4 Co8 Si4,1533,100,0.125,32,0,na,"(4, 14, 27)",0.19550215,0.00011842496401536198
1269_2,mp-3676,Mg4 Cu16 Sn4,1269,111,0.4372650219796199,72,0,na,"(12, 29, 50)",0.19548854,0.00011843074494682678
2416_46,mp-1206500,Sc6 Mn1 Te2,2416,2-12,0.3459010540769227,54,0,na,"(21, 25, 52)",0.19531313,0.00011833849308630775
1318_3,mp-864909,Hf4 Al4 Ru8,1318,110,0.25,48,0,na,"(13, 44, 72)",0.19520646,0.00011828786068662916
1690_3,mp-864770,Ta8 Mo4 Os4,1690,110,0.25,48,0,na,"(42, 73, 76)",0.19494542,0.00011814365510736112
2129_2,mp-9247,Ba2 Cu4 As4,2129,221,0.0348943320968579,80,0,na,"(29, 33, 56)",0.19494279,0.00011815602062070814
2571_5,mp-864930,Li4 Ti4 Ir8,2571,210,0.0625,64,0,na,"(3, 22, 77)",0.19471449,0.00011803159273382861
1776_3,mp-1206348,Cs2 As4 Ir4,1776,221,0.1015882411564277,80,0,na,"(33, 55, 77)",0.19469903,0.00011803615322087576
1157_3,mp-567097,Li4 Cu8 Ge4,1157,110,0.25,48,0,na,"(3, 29, 32)",0.19457656,0.0001179758312807839
1103_0,mp-21029,Li8 In4 Pd4,1103,111,0.1250000000000002,48,0,na,"(3, 46, 49)",0.19436036,0.00011785864917842256
2442_21,mp-1219661,Rb2 Ge8 Pt8,2442,210,0.033417205547595,72,0,na,"(32, 37, 78)",0.19433235,0.0001178555544231627
1769_5,mp-862623,Sc4 Sn4 Rh8,1769,210,0.0625,64,0,na,"(21, 45, 50)",0.19432496,0.00011786496369560237
2485_7,mp-1216081,Y2 Ga3 Cu1,2485,221,0.1965367539202258,60,0,na,"(29, 31, 39)",0.19423483,0.00011782418400486255
1066_5,mp-867235,Li4 Y8 Ir4,1066,210,0.0625,64,0,na,"(3, 39, 77)",0.1941782,0.00011780371198354621
1635_1,mp-977399,Li4 Mg4 Pd8,1635,111,0.3750000000000002,48,0,na,"(3, 12, 46)",0.19409537,0.00011776733424408627
2208_1,mp-867926,Li4 In4 Pd8,2208,111,0.3750000000000002,48,0,na,"(3, 46, 49)",0.19406202,0.00011776096753222354
1700_3,mp-30821,Li4 Al8 Rh4,1700,110,0.25,48,0,na,"(3, 13, 45)",0.19385886,0.00011765154047586554
1173_17,mp-567749,Y2 Si4 Os4,1173,112,0.5,40,0,na,"(14, 39, 76)",0.19373503,0.00011759022361514707
1986_5,mp-1068300,Ca2 Fe4 As4,1986,212,0.0631332008815094,60,0,na,"(20, 26, 33)",0.19370118,0.00011758350454824841
1311_5,mp-867197,Li4 Ga4 Ni8,1311,210,0.0625,64,0,na,"(3, 28, 31)",0.19368413,0.00011758698088122754
2024_3,mp-867927,Li4 V4 Ir8,2024,110,0.25,48,0,na,"(3, 23, 77)",0.19363146,0.00011756882912198187
1699_1,mp-865792,Be4 Si4 Ni8,1699,111,0.375,64,0,na,"(4, 14, 28)",0.19360058,0.00011756390130495965
1344_1,mp-9437,Nb4 Fe4 Sb4,1344,111,0.625,36,0,na,"(26, 41, 51)",0.19356556,0.00011755645581473601
1161_48,mp-1078709,Na8 Bi4 Au4,1161,012,0.125,64,0,na,"(11, 79, 83)",0.1934127,0.00011747743093628636
1089_3,mp-13322,Li4 Ge4 Rh8,1089,110,0.2499999999999999,48,0,na,"(3, 32, 45)",0.1932596,0.0001173982307811074
1610_56,mp-1078304,Ca8 Al4 Pd8,1610,12-1,0.1003112083215835,80,0,na,"(13, 20, 46)",0.19313861,0.00011733850905692879
1947_5,mp-867924,Li4 Cd4 Pd8,1947,210,0.0625,64,0,na,"(3, 46, 48)",0.19295262,0.0001172392702614385
1344_5,mp-9437,Nb4 Fe4 Sb4,1344,110,0.25,36,0,na,"(26, 41, 51)",0.19272426,0.00011734835977993616
2168_52,mp-27388,Ba4 Si8 Ni8,2168,021,0.0856108923223823,80,0,na,"(14, 28, 56)",0.19258682,0.00011727843602448931
1679_0,mp-867114,Ta4 Be4 Ru8,1679,111,0.125,48,0,na,"(4, 44, 73)",0.19248892,0.00011723256730318406
1784_9,mp-5288,Y2 Fe4 Si4,1784,210,0.1249999999999999,60,0,na,"(14, 26, 39)",0.19247255,0.00011723634131088132
1111_35,mp-30050,Ba8 Ge16 Ru16,1111,011,0.25,80,0,na,"(32, 44, 56)",0.1924474,0.00011723476644965473
1845_5,mp-31451,Zr4 Co4 Bi4,1845,110,0.25,36,0,na,"(27, 40, 83)",0.1923227,0.00011742276777468621
2058_0,mp-30818,Li8 Al4 Pt4,2058,111,0.125,48,0,na,"(3, 13, 78)",0.19213659,0.00011732291455687594
1151_3,mp-864650,Ta8 Os4 W4,1151,110,0.25,48,0,na,"(73, 74, 76)",0.1919917,0.00011724819737091334
1635_0,mp-977399,Li4 Mg4 Pd8,1635,111,0.1250000000000002,48,0,na,"(3, 12, 46)",0.19196777,0.00011724733049938107
2269_40,mp-1079831,Hf3 Re3 Si3,2269,2-12,0.0640476019777096,72,0,na,"(14, 72, 75)",0.19182123,0.00011717156694631514
1917_3,mp-865523,Ti4 Mn4 Rh8,1917,110,0.25,48,0,na,"(22, 25, 45)",0.19160682,0.00011705431275277774
1840_7,mp-1077722,Sc4 Zn4 Pt4,1840,110,0.5,36,0,na,"(21, 30, 78)",0.19160673,0.00011706796108070589
1218_6,mp-862622,Be4 Ru8 W4,1218,100,0.125,32,0,na,"(4, 44, 74)",0.19156568,0.00011705658390992207
2129_3,mp-9247,Ba2 Cu4 As4,2129,221,0.0973943320968578,80,0,na,"(29, 33, 56)",0.19150059,0.00011703050972963752
1607_0,mp-1186206,Nb8 Mo4 Ru4,1607,111,0.1250000000000002,48,0,na,"(41, 42, 44)",0.19145076,0.00011701375162491244
2010_5,mp-11400,Sc4 Ga4 Ni8,2010,210,0.0625,64,0,na,"(21, 28, 31)",0.19144118,0.00011702158951180382
2332_4,mp-5129,Y2 Co4 Si4,2332,110,0.25,40,0,na,"(14, 27, 39)",0.19135047,0.00011697983068883572
2151_3,mp-867216,Ta4 Fe4 Ru8,2151,110,0.25,48,0,na,"(26, 44, 73)",0.19134931,0.0001169928073354462
1128_39,mp-1219797,Ni12 Sn2 Te4,1128,112,0.1568248976497621,72,0,na,"(28, 50, 52)",0.19120799,0.00011692008173771027
2513_14,mp-1217891,Ta1 Ti1 Al6,2513,112,0.4977516134560462,40,0,na,"(13, 22, 73)",0.19117978,0.00011691650174139067
1811_3,mp-865041,Hf4 Sc4 Rh8,1811,110,0.25,48,0,na,"(21, 45, 72)",0.1911772,0.00011692859481780444
1588_0,mp-5149,Nb4 Al4 Co8,1588,111,0.125,48,0,na,"(13, 27, 41)",0.19115132,0.00011692643802857759
1109_53,mp-1217124,Ti6 Co9 Sn6,1109,10-2,0.6223610465387378,63,0,na,"(22, 27, 50)",0.19107533,0.00011689362322830674
1472_12,mp-1018066,Cr2 Sn2 Rh4,1472,102,0.1249999999999997,32,0,na,"(24, 45, 50)",0.19081306,0.00011725933702589279
2090_10,mp-568280,Ba2 Ni4 As4,2090,210,0.125,60,0,na,"(28, 33, 56)",0.19077304,0.00011724849222816394
1089_0,mp-13322,Li4 Ge4 Rh8,1089,111,0.1250000000000002,48,0,na,"(3, 32, 45)",0.19065931,0.0001172167116896719
1319_43,mp-1087487,Hf6 Ga2 Fe1,1319,2-12,0.2759149895600625,72,0,na,"(26, 31, 72)",0.19052516,0.00011714796841406191
2614_5,mp-1091395,Zr3 Ge3 Os3,2614,221,0.0467415868175681,72,0,na,"(32, 40, 76)",0.19052476,0.00011716144769213247
2221_25,mp-13445,Rb8 As8 Pt4,2221,201,0.0276795799790009,80,0,na,"(33, 37, 78)",0.19042227,0.00011711214343815342
1581_12,mp-1079513,K8 As8 Pt4,1581,110,0.5,40,0,na,"(19, 33, 78)",0.1903104,0.00011705705075247067
1712_25,mp-1219656,Rb2 Si8 Pt8,1712,210,0.1249999999999999,72,0,na,"(14, 37, 78)",0.19016063,0.00011697862266161405
1995_27,mp-13570,Mg2 Sc4 Ga4,1995,112,0.1005329023362548,60,0,na,"(12, 21, 31)",0.1898917,0.00011718455186071123
1118_0,mp-1188059,Zr4 Ga4 Ru8,1118,111,0.1249999999999997,48,0,na,"(31, 40, 44)",0.18962166,0.0001173388956827669
2517_3,mp-1215442,Zr6 Al9 Zn3,2517,110,0.25,72,0,na,"(13, 30, 40)",0.1895574,0.00011731289661739246
2375_3,mp-862369,Sc8 Ir4 Ru4,2375,110,0.25,48,0,na,"(21, 44, 77)",0.18953554,0.00011731313028835808
1525_3,mp-1206242,Y1 In5 Rh1,1525,221,0.20024448884703,56,0,na,"(39, 45, 49)",0.18938339,0.00011723270989548718
1630_2,mp-3241,Sr2 Cu4 Ge4,1630,221,0.0316465742191187,80,0,na,"(29, 32, 38)",0.18928649,0.0001171864646353498
1899_0,mp-1186001,Mn4 Zn4 Pd8,1899,111,0.125,48,0,na,"(25, 30, 46)",0.18923803,0.00011717019401529719
2199_3,mp-13240,Sc4 In4 Cu16,2199,111,0.812589931987599,72,0,na,"(21, 29, 49)",0.18919751,0.00011715883283795231
2565_0,mp-31168,Li8 Al4 Ag4,2565,111,0.125,48,0,na,"(3, 13, 47)",0.18906316,0.00011708935587781793
1288_1,mp-861961,Ti4 Zn4 Rh8,1288,111,0.375,48,0,na,"(22, 30, 45)",0.18898441,0.00011705429075597485
1229_29,mp-10381,K8 Cu4 Sb4,1229,112,0.0,64,0,na,"(19, 29, 51)",0.18887217,0.00011699846604796469
2456_76,mp-1078483,Ca8 Ge4 Pt8,2456,021,0.1703964793817913,80,0,na,"(20, 32, 78)",0.18884039,0.00011699246759693613
1542_1,mp-866166,Y8 Pd4 Ru4,1542,111,0.375,48,0,na,"(39, 44, 46)",0.18874873,0.00011694936358401798
1568_3,mp-1188066,Zr4 In4 Co8,1568,110,0.2499999999999999,48,0,na,"(27, 40, 49)",0.18872581,0.00011694883936536548
2278_2,mp-4022,Zr8 Co4 Si8,2278,111,0.2518925206824676,80,0,na,"(14, 27, 40)",0.18871136,0.00011695356263177487
1564_2,mp-866292,Ba8 Tl4 Cd4,1564,221,0.0625,64,0,na,"(48, 56, 81)",0.18866405,0.00011693791864136081
1543_3,mp-977410,Nb4 Ga4 Fe8,1543,110,0.25,48,0,na,"(26, 31, 41)",0.18865342,0.00011694500525085136
1813_0,mp-3944,Zr4 Al4 Ni8,1813,111,0.1250000000000002,48,0,na,"(13, 28, 40)",0.18862234,0.00011693941444518912
1268_3,mp-1186767,Ta8 Nb4 Re4,1268,110,0.25,48,0,na,"(41, 73, 75)",0.1885333,0.00011773080947272131
1695_16,mp-30563,Zr3 Co3 Sn3,1695,212,0.4166666666666667,72,0,na,"(27, 40, 50)",0.18829261,0.00011774232327313408
2058_2,mp-30818,Li8 Al4 Pt4,2058,111,0.6249999999999999,48,0,na,"(3, 13, 78)",0.1881233,0.00011765030349379107
1463_1,mp-866188,Tl4 Cd4 Rh8,1463,111,0.375,48,0,na,"(45, 48, 81)",0.18805945,0.00011762421090953887
1419_5,mp-864844,Zn8 Rh4 Au4,1419,210,0.0625,64,0,na,"(30, 45, 79)",0.18805403,0.00011763465758433896
1917_5,mp-865523,Ti4 Mn4 Rh8,1917,210,0.0625,64,0,na,"(22, 25, 45)",0.18799444,0.00011761121702022835
1394_3,mp-5031,Ta2 Si2 As2,1394,221,0.063542482311,60,0,na,"(14, 33, 73)",0.1879496,0.00011759699538989807
1985_15,mp-567856,Mn3 As3 Rh3,1985,212,0.1978183551620259,72,0,na,"(25, 33, 45)",0.18772283,0.00011746892309659652
2544_4,mp-569344,Zr2 Co4 Si4,2544,110,0.25,40,0,na,"(14, 27, 40)",0.1875863,0.00011739727899029433
1805_3,mp-867270,Be8 Co4 Pt4,1805,110,0.25,48,0,na,"(4, 27, 78)",0.18754907,0.00011738776031429157
1497_30,mp-3618,Sc8 Fe4 Si8,1497,210,0.25,80,0,na,"(14, 21, 26)",0.18748792,0.00011736326327992005
1984_0,mp-862371,Sc8 Ru4 Pt4,1984,111,0.125,48,0,na,"(21, 44, 78)",0.1873378,0.0001172830562247252
1463_5,mp-866188,Tl4 Cd4 Rh8,1463,210,0.0625,64,0,na,"(45, 48, 81)",0.18726256,0.00011724970353531472
2318_1,mp-31147,Ba2 Zn2 Si2,2318,221,0.0625,60,0,na,"(14, 30, 56)",0.18722326,0.0001172388430564343
1626_32,mp-1224823,Ga2 Ge2 Pt12,1626,112,0.3478690285495087,64,0,na,"(31, 32, 78)",0.187201,0.00011723864881106487
1660_3,mp-5176,Y2 Si4 Ni4,1660,221,0.0943064197248997,80,0,na,"(14, 28, 39)",0.18718258,0.00011724085805004052
1149_3,mp-4536,Sc4 Ni8 Sn4,1149,110,0.25,48,0,na,"(21, 28, 50)",0.18706968,0.00011718388244752771
2459_8,mp-1080033,Si3 Ni3 Pd3,2459,221,0.421367809720423,72,0,na,"(14, 28, 46)",0.1870624,0.00011719305525906653
1009_4,mp-1070152,Ca2 Co4 Si4,1009,110,0.25,40,0,na,"(14, 20, 27)",0.18703443,0.00011718926605221504
1148_3,mp-982725,Nb8 Ru4 W4,1148,110,0.25,48,0,na,"(41, 44, 74)",0.18702176,0.00011719506147430158
1393_45,mp-1079238,Zr3 Re3 Si3,1393,102,0.0636489220841678,72,0,na,"(14, 40, 75)",0.18692559,0.00011714852686502964
1482_51,mp-13513,Sr4 Ni4 Ge8,1482,021,0.3617842428050366,48,0,na,"(28, 32, 38)",0.18687479,0.00011713041154610789
1788_5,mp-5491,Mn4 Al4 Au8,1788,210,0.0625,64,0,na,"(13, 25, 79)",0.1867375,0.00011705807122276991
1411_29,mp-1217923,Ta1 Ni6 Mo1,1411,210,0.0010402251418639,48,0,na,"(28, 42, 73)",0.18670942,0.00011705417115925205
1859_21,mp-1207905,Y8 Ge8 Ru4,1859,11-1,0.5,60,0,na,"(32, 39, 44)",0.18660264,0.00011700092277141154
2003_0,mp-1187800,Zn8 Cu4 Rh4,2003,111,0.125,48,0,na,"(29, 30, 45)",0.18654858,0.00011698071369360094
1994_8,mp-9008,Rb2 Te2 Au2,1994,211,0.1136681325268913,72,0,na,"(37, 52, 79)",0.1864013,0.00011690203276852512
1850_5,mp-867251,Li4 Zn8 Pt4,1850,210,0.0625,64,0,na,"(3, 30, 78)",0.18639328,0.00011691067010082923
1570_3,mp-1184586,Hf8 Co4 Os4,1570,110,0.25,48,0,na,"(27, 72, 76)",0.1862129,0.00011681118758917232
2562_5,mp-1185892,Mg4 Mn4 Pd8,2562,210,0.0625,64,0,na,"(12, 25, 46)",0.18599126,0.00011668578321797718
2312_4,mp-1065514,Y3 Tl3 Te6,2312,110,0.5,60,0,na,"(39, 52, 81)",0.18571721,0.0001165274489083217
1497_32,mp-3618,Sc8 Fe4 Si8,1497,21-2,0.213964035720771,80,0,na,"(14, 21, 26)",0.18568164,0.00011651870829565006
2567_10,mp-7770,Sr1 Zn2 As2,2567,211,0.0894417117877461,80,0,na,"(30, 33, 38)",0.18560046,0.00011648133857965783
1726_23,mp-8147,K8 As8 Pd4,1726,201,0.0302038946635612,80,0,na,"(19, 33, 46)",0.18551888,0.00011645726830416027
2161_1,mp-867748,Sc4 Sn4 Ru8,2161,111,0.3749999999999998,48,0,na,"(21, 44, 50)",0.18550147,0.00011645990198597986
2295_1,mp-865076,Na4 Cd8 Pt4,2295,111,0.375,48,0,na,"(11, 48, 78)",0.18539307,0.00011640540381293995
1162_1,mp-862600,Be8 Pt4 Rh4,1162,111,0.375,64,0,na,"(4, 45, 78)",0.18536852,0.00011640353925359485
1765_3,mp-1186205,Nb8 Mo4 Os4,1765,110,0.25,48,0,na,"(41, 42, 76)",0.18520813,0.00011631636079761288
1465_1,mp-1184572,Hf4 Mg4 Pt8,1465,111,0.375,48,0,na,"(12, 72, 78)",0.18467951,0.00011639978771503972
2269_6,mp-1079831,Hf3 Re3 Si3,2269,221,0.3076009222438749,63,0,na,"(14, 72, 75)",0.18462643,0.00011637987904983553
2420_3,mp-865926,Cd8 Pd4 Rh4,2420,110,0.25,48,0,na,"(45, 46, 48)",0.18440104,0.00011625133303607572
2393_3,mp-865591,Ti8 Ni4 Mo4,2393,110,0.25,48,0,na,"(22, 28, 42)",0.18422094,0.00011615129593633791
1610_55,mp-1078304,Ca8 Al4 Pd8,1610,12-1,0.0326515512072376,80,0,na,"(13, 20, 46)",0.18404931,0.00011605656334784612
1394_18,mp-5031,Ta2 Si2 As2,1394,201,0.25,36,0,na,"(14, 33, 73)",0.18400821,0.00011604411447022868
1781_3,mp-1187245,Ti4 Mo8 W4,1781,110,0.25,48,0,na,"(22, 42, 74)",0.18398887,0.00011604538415277246
1080_5,mp-1185620,Mg4 V4 Ru8,1080,210,0.0625,64,0,na,"(12, 23, 44)",0.18391624,0.00011601303776668182
2181_5,mp-865486,V4 Zn4 Ru8,2181,210,0.0624999999999999,64,0,na,"(23, 30, 44)",0.18386228,0.0001159924568251219
1229_30,mp-10381,K8 Cu4 Sb4,1229,112,0.1059088318449691,64,0,na,"(19, 29, 51)",0.18380496,0.00011596974720324088
1100_11,mp-1025370,In1 Si1 Pt5,1100,210,0.125,42,0,na,"(14, 49, 78)",0.18358819,0.00011584641320061938
2346_5,mp-31187,Ti4 Al4 Fe8,2346,210,0.0625,64,0,na,"(13, 22, 26)",0.1835402,0.00011582954935630215
1305_6,mp-865678,Ti4 Mn8 V4,1305,100,0.125,32,0,na,"(22, 23, 25)",0.18328708,0.00011568320854159953
1292_13,mp-1079785,Y4 Cd2 Ge4,1292,211,0.1696163154741395,80,0,na,"(32, 39, 48)",0.18308897,0.00011557153940678624
895_1,mp-865656,Ti4 Mn8 W4,895,111,0.375,48,0,na,"(22, 25, 74)",0.18297233,0.00011551126236996518
2205_1,mp-977435,Zr4 Al4 Rh8,2205,111,0.3750000000000002,48,0,na,"(13, 40, 45)",0.18282318,0.00011543043681350298
1088_9,mp-20533,Sr4 In8 Pt4,1088,110,0.0,48,0,na,"(38, 49, 78)",0.18278433,0.00011541923069101568
1660_5,mp-5176,Y2 Si4 Ni4,1660,212,0.0613871605502005,80,0,na,"(14, 28, 39)",0.18276665,0.00011542138849654447
1362_17,mp-7829,Mn3 Nb3 Si3,1362,212,0.3138362439155694,72,0,na,"(14, 25, 41)",0.18212831,0.00011506869896030934
2311_44,mp-10049,Mn3 As3 Ru3,2311,2-12,0.4521103744020862,72,0,na,"(25, 33, 44)",0.18208742,0.00011505610400716284
1915_6,mp-867280,Be8 Ir4 Pt4,1915,100,0.125,32,0,na,"(4, 77, 78)",0.18199202,0.00011500905582750353
1610_80,mp-1078304,Ca8 Al4 Pd8,1610,021,0.0935975996639495,80,0,na,"(13, 20, 46)",0.18188652,0.00011495560650272838
1565_0,mp-862602,Sc4 Al4 Co8,1565,111,0.1250000000000002,48,0,na,"(13, 21, 27)",0.18188573,0.00011496832346163505
1083_5,mp-1079643,Ta3 Mn3 Ge3,1083,221,0.0384115985663093,72,0,na,"(25, 32, 73)",0.18176492,0.00011490517100910289
930_12,mp-1018652,K2 Cd2 Sb2,930,211,0.125,72,0,na,"(19, 48, 51)",0.18173888,0.00011490191229214839
2255_51,mp-1220426,Nb1 Ni6 Mo1,2255,120,0.3802935639708166,48,0,na,"(28, 41, 42)",0.18171452,0.00011489971321328914
2075_3,mp-21907,Nb2 Si2 As2,2075,221,0.0633602628724575,60,0,na,"(14, 33, 41)",0.18161511,0.00011485005162082151
2151_0,mp-867216,Ta4 Fe4 Ru8,2151,111,0.125,48,0,na,"(26, 44, 73)",0.18160439,0.00011485646376099282
2323_8,mp-1222608,Li8 Sn4 Pd4,2323,210,0.0625,64,0,na,"(3, 46, 50)",0.18151133,0.00011481079433263915
996_5,mp-867828,Be4 Nb4 Ru8,996,210,0.0625,64,0,na,"(4, 41, 44)",0.1814749,0.00011480093176475082
1511_6,mp-865966,Be4 Al4 Ir8,1511,100,0.125,32,0,na,"(4, 13, 77)",0.18146743,0.00011480938647099665
1463_0,mp-866188,Tl4 Cd4 Rh8,1463,111,0.125,48,0,na,"(45, 48, 81)",0.18141253,0.00011478783149126275
2314_7,mp-12571,Hf2 Be2 Si2,2314,210,0.25,60,0,na,"(4, 14, 72)",0.18137573,0.00011477772156909944
1301_3,mp-867842,Sc4 In4 Rh8,1301,110,0.25,48,0,na,"(21, 45, 49)",0.18126136,0.00011474073710732906
1170_1,mp-862311,Sc8 Ga4 Ru4,1170,111,0.3750000000000002,48,0,na,"(21, 31, 44)",0.18105663,0.00011462429249961174
1476_3,mp-636320,Ti4 Ga4 Fe8,1476,110,0.25,48,0,na,"(22, 26, 31)",0.18103297,0.00011462245221869752
2538_13,mp-1216057,Y6 Ni3 Ru9,2538,101,0.3115287248352847,54,0,na,"(28, 39, 44)",0.18099947,0.00011461437881074247
1417_27,mp-11113,Ti4 Te4 As4,1417,112,0.0,48,0,na,"(22, 33, 52)",0.18096693,0.00011460690909105789
2517_13,mp-1215442,Zr6 Al9 Zn3,2517,101,0.437905829646939,54,0,na,"(13, 30, 40)",0.18094076,0.00011460346989964177
1127_5,mp-16261,Ca2 Ge4 Rh4,1127,212,0.0631062699370197,60,0,na,"(20, 32, 45)",0.18092866,0.0001146089406366607
1316_5,mp-30493,Zn1 Cd1 Pt2,1316,212,0.2758433886870438,40,0,na,"(30, 48, 78)",0.18071303,0.00011449858472644286
2346_6,mp-31187,Ti4 Al4 Fe8,2346,100,0.125,32,0,na,"(13, 22, 26)",0.1807036,0.00011450572068355742
1342_3,mp-866141,Ti4 Fe8 Si4,1342,110,0.25,48,0,na,"(14, 22, 26)",0.18052718,0.00011449390274014318
2539_9,mp-569788,Li3 Zn3 Ge3,2539,212,0.1467737707337892,72,0,na,"(3, 30, 32)",0.18036085,0.00011481602952236205
1940_20,mp-22150,Zr4 In2 Co4,1940,201,0.2097947333262838,50,0,na,"(27, 40, 49)",0.18015712,0.0001146995062525046
1149_0,mp-4536,Sc4 Ni8 Sn4,1149,111,0.125,48,0,na,"(21, 28, 50)",0.18010911,0.00011468209400578688
1422_9,mp-569006,Sr2 As4 Rh4,1422,212,0.046046322516549,80,0,na,"(33, 38, 45)",0.18009695,0.00011468750388969472
1145_27,mp-14206,K9 Ag9 As6,1145,10-2,0.0911770316571486,72,0,na,"(19, 33, 47)",0.17996411,0.00011461605510425825
1779_15,mp-35276,K2 Fe4 As4,1779,201,0.100356159908129,60,0,na,"(19, 26, 33)",0.17988391,0.00011457810959068672
1163_3,mp-1184592,Hf8 Re4 Pd4,1163,110,0.25,48,0,na,"(46, 72, 75)",0.17977484,0.00011452175850224116
2194_16,mp-31438,Y4 Zr4 Sb4,2194,201,0.125,72,0,na,"(39, 40, 51)",0.17970659,0.00011449139303930363
1494_33,mp-1220335,Nb4 Mo4 W4,1494,102,0.413681305935146,48,0,na,"(41, 42, 74)",0.17960224,0.00011443801363344494
2093_3,mp-867774,Ta8 Cr4 Os4,2093,110,0.25,48,0,na,"(24, 73, 76)",0.17955586,0.00011442155564375878
1073_1,mp-865123,Mg4 Ga4 Pd8,1073,111,0.375,48,0,na,"(12, 31, 46)",0.17951614,0.00011440933505991212
1846_0,mp-867148,Li4 Hf4 Rh8,1846,111,0.125,48,0,na,"(3, 45, 72)",0.17916267,0.00011419712656276621
2206_1,mp-865494,V8 Cr4 Ru4,2206,111,0.375,48,0,na,"(23, 24, 44)",0.17909822,0.00011416908433117123
1084_15,mp-1205741,Ti3 Mn3 As3,1084,212,0.1453822936012513,72,0,na,"(22, 25, 33)",0.1789843,0.00011410949194349999
933_29,mp-1217076,Ti4 Al2 Ge6,933,121,0.2496187748669147,60,0,na,"(13, 22, 32)",0.17897542,0.00011411685241222348
2606_1,mp-867820,Li4 Al4 Pd8,2606,111,0.375,48,0,na,"(3, 13, 46)",0.17895316,0.00011411568169438048
1326_22,mp-21508,Y4 Pd4 Pb2,1326,201,0.4999999999999999,40,0,na,"(39, 46, 82)",0.17894936,0.00011412628209122256
1343_12,mp-1224358,Hf2 Sb8 Mo2,1343,22-1,0.0002828235458931,72,0,na,"(42, 51, 72)",0.17883645,0.00011406729097679124
1336_20,mp-5615,Ca3 Ag3 As3,1336,212,0.4166666666666666,72,0,na,"(20, 33, 47)",0.1786487,0.0001139605375241139
1165_0,mp-861935,Ca4 Sn4 Rh8,1165,111,0.125,48,0,na,"(20, 45, 50)",0.17862312,0.0001139572065904862
1777_17,mp-571367,Hf2 Co4 Si4,1777,112,0.5,50,0,na,"(14, 27, 72)",0.17858392,0.00011394518281853689
2049_5,mp-865001,Hf4 Sc4 Os8,2049,210,0.0625,64,0,na,"(21, 72, 76)",0.17838879,0.00011383365123219715
1469_1,mp-1185861,Mg4 Ga4 Pt8,1469,111,0.3750000000000002,48,0,na,"(12, 31, 78)",0.17838813,0.00011384618959971097
1900_4,mp-21885,Ca8 In4 Pt8,1900,111,0.4516616043145484,60,0,na,"(20, 49, 78)",0.1782904,0.00011379677425368315
1059_0,mp-1187713,V4 Ga4 Os8,1059,111,0.1250000000000002,48,0,na,"(23, 31, 76)",0.17822953,0.00011377086973504455
2268_0,mp-862370,Sc8 Pd4 Ru4,2268,111,0.125,48,0,na,"(21, 44, 46)",0.17817527,0.0001137491748004745
963_10,mp-8720,Rb8 Mn4 Te8,963,212,0.1250000000000002,80,0,na,"(25, 37, 52)",0.17813735,0.00011373790382198588
1439_3,mp-864631,Li4 Nb4 Rh8,1439,110,0.2499999999999999,48,0,na,"(3, 41, 45)",0.17812762,0.00011374462844521504
1611_7,mp-1070247,Ba2 Ge6 Rh2,1611,221,0.2103652076473334,80,0,na,"(32, 45, 56)",0.17791925,0.00011362449651119371
1865_3,mp-866012,Hf8 Zn4 Re4,1865,110,0.25,48,0,na,"(30, 72, 75)",0.17789374,0.00011362111521252954
2558_1,mp-864985,Mn4 Zn4 Ir8,2558,111,0.3750000000000002,48,0,na,"(25, 30, 77)",0.1778656,0.00011361605131632652
2172_16,mp-1078430,Sc3 Cu3 Ge3,2172,212,0.2047429328230569,72,0,na,"(21, 29, 32)",0.17784676,0.00011361692550677791
1010_47,mp-30656,Ti3 Ga3 Ni3,1010,2-12,0.4460455920649195,72,0,na,"(22, 28, 31)",0.17782974,0.00011361896136250768
2173_9,mp-21001,Y2 Ge4 Ru4,2173,210,0.125,60,0,na,"(32, 39, 44)",0.17778112,0.000113600804281907
1246_5,mp-864978,Mg8 Ag4 Au4,1246,210,0.0625,64,0,na,"(12, 47, 79)",0.17758958,0.00011349130435979926
1812_41,mp-1205965,Zr6 Co1 Te2,1812,2-12,0.0475741131689666,72,0,na,"(27, 40, 52)",0.17753442,0.00011346893126538184
2032_31,mp-1216481,V9 Cr9 Si6,2032,101,0.3754213636218819,72,0,na,"(14, 23, 24)",0.17751148,0.0001134671444433986
1712_7,mp-1219656,Rb2 Si8 Pt8,1712,221,0.1993658093204402,72,0,na,"(14, 37, 78)",0.1774777,0.00011345842572722017
1582_14,mp-1025165,Zr2 V4 Ga8,1582,210,0.1250000000000001,56,0,na,"(23, 31, 40)",0.17739972,0.00011342144307955942
1127_9,mp-16261,Ca2 Ge4 Rh4,1127,210,0.125,60,0,na,"(20, 32, 45)",0.17736498,0.0001134120952415327
2062_5,mp-861909,Cd4 Ga4 Rh8,2062,210,0.0625,64,0,na,"(31, 45, 48)",0.17735769,0.00011342029704655444
1394_5,mp-5031,Ta2 Si2 As2,1394,221,0.25,60,0,na,"(14, 33, 73)",0.17727877,0.0001133826875805013
1878_0,mp-31442,Li8 In4 Rh4,1878,111,0.1250000000000002,48,0,na,"(3, 45, 49)",0.1771774,0.0001133307038208204
1754_0,mp-864997,Li4 Si4 Pd8,1754,111,0.125,48,0,na,"(3, 14, 46)",0.17717026,0.00011333898153941702
1617_10,mp-569881,Sr2 Ni4 Sb4,1617,210,0.125,60,0,na,"(28, 38, 51)",0.17705652,0.00011327905896193706
1742_31,mp-1206356,Y4 Ga2 Co4,1742,011,0.0,30,0,na,"(27, 31, 39)",0.17703909,0.00011328073975113737
1288_0,mp-861961,Ti4 Zn4 Rh8,1288,111,0.125,48,0,na,"(22, 30, 45)",0.17703336,0.00011328990690136792
2435_9,mp-571147,Hf2 Si4 Ni4,2435,210,0.125,60,0,na,"(14, 28, 72)",0.17694533,0.00011324640306611834
1429_16,mp-31011,Y8 Si8 Rh4,1429,11-1,0.0,60,0,na,"(14, 39, 45)",0.1768508,0.00011319872247068925
2486_41,mp-1080526,Zr6 Ga2 Fe1,2486,2-12,0.0621709356485239,72,0,na,"(26, 31, 40)",0.17673792,0.00011313927742212187
1774_0,mp-861877,Cd4 Sn4 Rh8,1774,111,0.1250000000000002,48,0,na,"(45, 48, 50)",0.17646712,0.00011324286644039554
1581_48,mp-1079513,K8 As8 Pt4,1581,021,0.0452889117827837,60,0,na,"(19, 33, 78)",0.1764602,0.00011325125061909937
1887_5,mp-864807,Hf4 Zn4 Ni8,1887,210,0.0625,64,0,na,"(28, 30, 72)",0.1764388,0.00011325034195180108
2019_44,mp-1095145,Ti3 Re3 Si3,2019,102,0.06566286975122,72,0,na,"(14, 22, 75)",0.17626874,0.0001131540006839083
1627_0,mp-867243,Sc8 Zn4 Os4,1627,111,0.125,48,0,na,"(21, 30, 76)",0.17618954,0.0001133476738824182
1865_5,mp-866012,Hf8 Zn4 Re4,1865,210,0.0625,64,0,na,"(30, 72, 75)",0.1761586,0.00011334061620763462
2350_5,mp-30847,Ti4 Sn4 Pt4,2350,110,0.25,36,0,na,"(22, 50, 78)",0.17614643,0.00011334563268153763
2416_49,mp-1206500,Sc6 Mn1 Te2,2416,102,0.141177316324347,54,0,na,"(21, 25, 52)",0.17608048,0.0001133160394551197
1497_65,mp-3618,Sc8 Fe4 Si8,1497,11-2,0.1293472278990464,80,0,na,"(14, 21, 26)",0.17604516,0.0001133061487841622
1287_6,mp-865537,Ti4 Mn4 Co8,1287,100,0.125,32,0,na,"(22, 25, 27)",0.17588277,0.00011349844072448917
2472_2,mp-1025346,Ga1 As1 Pd5,2472,221,0.0698148319294418,56,0,na,"(31, 33, 46)",0.17586061,0.00011349702244912833
2176_94,mp-1215639,Zr4 Ga6 Cu2,2176,102,0.0103488532301363,72,0,na,"(29, 31, 40)",0.17572372,0.00011342154930968512
2475_1,mp-866219,Hf4 Sn4 Ru8,2475,111,0.375,48,0,na,"(44, 50, 72)",0.17566593,0.00011339711020837731
1586_7,mp-31454,Ta4 Sb4 Ru4,1586,210,0.0625,48,0,na,"(44, 51, 73)",0.17556874,0.00011334722468176833
1733_1,mp-20730,Hf4 Co8 Sn4,1733,111,0.3750000000000002,48,0,na,"(27, 50, 72)",0.17555813,0.00011335322313623135
1161_47,mp-1078709,Na8 Bi4 Au4,1161,012,0.0446909923736899,64,0,na,"(11, 79, 83)",0.17530276,0.00011320116922518867
1581_49,mp-1079513,K8 As8 Pt4,1581,021,0.1239036049230719,60,0,na,"(19, 33, 78)",0.17529698,0.00011321025234251087
1914_5,mp-20389,Na8 Cd4 Pb4,1914,221,0.1875,64,0,na,"(11, 48, 82)",0.17527026,0.00011320581209726224
1504_3,mp-865569,Ti8 Mn4 Ir4,1504,110,0.25,48,0,na,"(22, 25, 77)",0.17525622,0.00011320955974144782
1336_47,mp-5615,Ca3 Ag3 As3,1336,2-12,0.3533411208381469,54,0,na,"(20, 33, 47)",0.17523478,0.00011320852651781316
1328_40,mp-22056,Y4 In8 Ni4,1328,112,0.25,64,0,na,"(28, 39, 49)",0.17518152,0.00011318693219904774
1377_44,mp-20497,Sr4 In8 Ir4,1377,102,0.1249999999999998,64,0,na,"(38, 49, 77)",0.17493367,0.0001130395878733477
1640_15,mp-1205957,Hf6 Ni1 Bi2,1640,212,0.2840615325827423,72,0,na,"(28, 72, 83)",0.17485291,0.00011300017543169544
2513_8,mp-1217891,Ta1 Ti1 Al6,2513,210,0.125,48,0,na,"(13, 22, 73)",0.17479253,0.00011297392041764049
1622_0,mp-972204,V8 Mo4 Ru4,1622,111,0.125,48,0,na,"(23, 42, 44)",0.17479238,0.00011298658800571514
1857_66,mp-1078280,Ca8 Ga4 Pd8,1857,11-2,0.2127464597551825,80,0,na,"(20, 31, 46)",0.17461413,0.00011311890796452434
957_0,mp-3726,Li8 Ga4 Pt4,957,111,0.1250000000000002,48,0,na,"(3, 31, 78)",0.17443806,0.00011301763034259429
930_11,mp-1018652,K2 Cd2 Sb2,930,211,0.052621500620356,72,0,na,"(19, 48, 51)",0.1742159,0.00011288645204241074
1366_0,mp-865866,Li4 Zr4 Pt8,1366,111,0.125,48,0,na,"(3, 40, 78)",0.1740842,0.00011281384971849589
2269_16,mp-1079831,Hf3 Re3 Si3,2269,212,0.2114285372887526,72,0,na,"(14, 72, 75)",0.17406575,0.00011281462039770942
1630_3,mp-3241,Sr2 Cu4 Ge4,1630,221,0.0941465742191185,80,0,na,"(29, 32, 38)",0.17400353,0.00011278701870824157
2359_4,mp-21032,Ba4 In8 Pt4,2359,111,0.5,48,0,na,"(49, 56, 78)",0.17396688,0.00011277598228094626
1328_39,mp-22056,Y4 In8 Ni4,1328,112,0.1856929399656587,64,0,na,"(28, 39, 49)",0.17378889,0.00011267330510863687
2452_3,mp-977567,Hf8 Cu4 Re4,2452,110,0.25,48,0,na,"(29, 72, 75)",0.17376283,0.00011266910431613172
2121_26,mp-1216977,V8 Fe4 Ge4,2121,201,0.1813951411065506,64,0,na,"(23, 26, 32)",0.17370504,0.00011264432438778732
2003_5,mp-1187800,Zn8 Cu4 Rh4,2003,210,0.0625,64,0,na,"(29, 30, 45)",0.17370284,0.00011265558774334336
1806_3,mp-867769,Sc4 Zn4 Rh8,1806,110,0.25,48,0,na,"(21, 30, 45)",0.1736643,0.00011264328238599215
2556_8,mp-1078832,Zr3 Ga3 Ni3,2556,221,0.471589988792189,72,0,na,"(28, 31, 40)",0.17355987,0.0001125882286190252
1083_14,mp-1079643,Ta3 Mn3 Ge3,1083,212,0.0618047500266023,72,0,na,"(25, 32, 73)",0.17348754,0.00011255398042591408
1472_6,mp-1018066,Cr2 Sn2 Rh4,1472,210,0.1249999999999999,48,0,na,"(24, 45, 50)",0.1734701,0.00011255533438086007
1009_16,mp-1070152,Ca2 Co4 Si4,1009,112,0.1321906499971916,50,0,na,"(14, 20, 27)",0.17340308,0.00011252451397405633
1226_9,mp-8456,Sr2 As2 Pt2,1226,210,0.2499999999999999,48,0,na,"(33, 38, 78)",0.17322455,0.00011242131265901195
2107_1,mp-1187422,Ti8 Co4 Os4,2107,111,0.375,48,0,na,"(22, 27, 76)",0.17311071,0.0001126366997862758
2582_3,mp-865561,Y8 Ag4 Ru4,2582,110,0.25,48,0,na,"(39, 44, 47)",0.17291757,0.00011252370507130433
1299_7,mp-10676,Sc4 Al2 Si4,1299,110,0.3736127033787326,30,0,na,"(13, 14, 21)",0.1728611,0.00011249961687746444
1162_0,mp-862600,Be8 Pt4 Rh4,1162,111,0.125,64,0,na,"(4, 45, 78)",0.17285648,0.00011250926738783071
1470_1,mp-1187922,Zn4 In4 Rh8,1470,111,0.3750000000000002,48,0,na,"(30, 45, 49)",0.1728337,0.00011250709837443697
1858_3,mp-1206280,Li3 Y1 Sb2,1858,221,0.0622340698807271,60,0,na,"(3, 39, 51)",0.17280842,0.00011250329963176946
1557_3,mp-1187461,Ti8 V4 Os4,1557,110,0.25,48,0,na,"(22, 23, 76)",0.17274997,0.00011247790111944203
1239_6,mp-865021,Be8 Ru4 Pt4,1239,100,0.125,32,0,na,"(4, 44, 78)",0.1725327,0.00011246823077493843
1322_3,mp-979288,Ta8 Nb4 Rh4,1322,110,0.25,48,0,na,"(41, 45, 73)",0.17234594,0.00011235912508057715
1914_4,mp-20389,Na8 Cd4 Pb4,1914,221,0.0625,64,0,na,"(11, 48, 82)",0.1723234,0.00011235705470472416
2176_72,mp-1215639,Zr4 Ga6 Cu2,2176,121,0.004191273350663,72,0,na,"(29, 31, 40)",0.17230923,0.00011236044017211549
1982_3,mp-861658,Li4 Mn4 Pt8,1982,110,0.25,48,0,na,"(3, 25, 78)",0.17230386,0.0001123695643638966
1446_10,mp-1216468,V9 Si6 Mo9,1446,110,0.624921565576365,72,0,na,"(14, 23, 42)",0.17230259,0.00011238136436654476
1214_3,mp-972957,Sc4 Ti4 Ru8,1214,110,0.2499999999999999,48,0,na,"(21, 22, 44)",0.17216311,0.00011230301173071227
1695_43,mp-30563,Zr3 Co3 Sn3,1695,2-12,0.3493732337340753,72,0,na,"(27, 40, 50)",0.17216158,0.00011231462697356186
1343_87,mp-1224358,Hf2 Sb8 Mo2,1343,112,0.4096066596290737,60,0,na,"(42, 51, 72)",0.17207868,0.00011227315465866862
2498_2,mp-999576,Mn8 Si4 Ru4,2498,111,0.625,48,0,na,"(14, 25, 44)",0.1720656,0.00011227722629914477
1511_0,mp-865966,Be4 Al4 Ir8,1511,111,0.1250000000000002,48,0,na,"(4, 13, 77)",0.17191091,0.00011218888335506477
2058_1,mp-30818,Li8 Al4 Pt4,2058,111,0.375,48,0,na,"(3, 13, 78)",0.17189011,0.00011218789553114693
2456_48,mp-1078483,Ca8 Ge4 Pt8,2456,121,0.1783204693295523,80,0,na,"(20, 32, 78)",0.17178261,0.00011213031293393103
2296_13,mp-10214,Y6 Ge3 Rh9,2296,101,0.4353652036520317,54,0,na,"(32, 39, 45)",0.17151928,0.00011197098082203674
2041_5,mp-865442,Ti4 Al4 Os8,2041,210,0.0625,64,0,na,"(13, 22, 76)",0.17131379,0.00011184935700464443
1812_16,mp-1205965,Zr6 Co1 Te2,1812,212,0.2320664907682311,72,0,na,"(27, 40, 52)",0.17121549,0.0001117976822462994
1409_17,mp-569298,Ca2 Co4 As4,1409,112,0.5,50,0,na,"(20, 27, 33)",0.17114422,0.00011176364036342737
2270_8,mp-35841,Li8 Cu4 Ge4,2270,210,0.0625,64,0,na,"(3, 29, 32)",0.17111227,0.00011175526598192235
1653_5,mp-865186,Mg4 Ga4 Ir8,1653,210,0.0625,64,0,na,"(12, 31, 77)",0.1710278,0.00011171258218473037
1268_0,mp-1186767,Ta8 Nb4 Re4,1268,111,0.125,48,0,na,"(41, 73, 75)",0.17090346,0.0001116438373368452
1469_0,mp-1185861,Mg4 Ga4 Pt8,1469,111,0.1250000000000002,48,0,na,"(12, 31, 78)",0.17086445,0.00011163081668411121
2210_3,mp-867917,Cu4 Ge4 Rh8,2210,110,0.25,48,0,na,"(29, 32, 45)",0.17085497,0.00011163708525773096
1416_5,mp-861905,Li4 Bi4 Pd8,1416,210,0.0625,64,0,na,"(3, 46, 83)",0.17061698,0.00011149402883629402
2407_46,mp-11201,Sc6 Fe1 Sb2,2407,2-12,0.3474469579670263,54,0,na,"(21, 26, 51)",0.17060095,0.0001114959847593924
2589_2,mp-30405,Li8 Sn4 Au4,2589,111,0.625,48,0,na,"(3, 50, 79)",0.17040908,0.00011138300717825299
904_9,mp-4441,Ca2 Cu4 Ge4,904,210,0.125,60,0,na,"(20, 29, 32)",0.17037228,0.00011137135879066897
1174_6,mp-1079246,Zr3 Ga3 Co3,1174,221,0.3066988213933825,63,0,na,"(27, 31, 40)",0.17035528,0.0001113726497138456
2332_3,mp-5129,Y2 Co4 Si4,2332,221,0.094603589352694,80,0,na,"(14, 27, 39)",0.17023341,0.00011130537151130984
2436_0,mp-12580,Li8 Cd4 Sn4,2436,111,0.125,48,0,na,"(3, 48, 50)",0.17023316,0.00011131759829800477
924_19,mp-1025293,In1 As1 Pd5,924,112,0.25,42,0,na,"(33, 46, 49)",0.17019297,0.0001113037076143764
1424_11,mp-1078362,Ca8 Al4 Pt8,1424,110,0.4999999999999999,60,0,na,"(13, 20, 78)",0.17011029,0.0001112620199816779
2093_0,mp-867774,Ta8 Cr4 Os4,2093,111,0.125,48,0,na,"(24, 73, 76)",0.17010055,0.00011126802936109416
1245_6,mp-22790,V4 Ga4 Co8,1245,100,0.1249999999999999,32,0,na,"(23, 27, 31)",0.17000547,0.00011121820962418022
1695_13,mp-30563,Zr3 Co3 Sn3,1695,212,0.050786253756396,72,0,na,"(27, 40, 50)",0.1699104,0.0001111683784252454
1812_42,mp-1205965,Zr6 Co1 Te2,1812,2-12,0.1487870565844833,72,0,na,"(27, 40, 52)",0.16981429,0.00011135967150610612
2007_3,mp-1018811,Nb2 Ge2 Sb2,2007,221,0.061353816109225,48,0,na,"(32, 41, 51)",0.16981344,0.00011137151639431112
2027_19,mp-1079597,Sc3 Ge3 Rh3,2027,212,0.4166666666666666,72,0,na,"(21, 32, 45)",0.16980876,0.0001113808516879747
1175_76,mp-1223908,Hf4 Ga6 Cu2,1175,12-1,0.0757431231876868,72,0,na,"(29, 31, 72)",0.16959873,0.00011125548067683403
2086_0,mp-862713,Be4 Ge4 Ru8,2086,111,0.1250000000000002,48,0,na,"(4, 32, 44)",0.16946843,0.00011139196566253125
930_13,mp-1018652,K2 Cd2 Sb2,930,211,0.2899838510973698,72,0,na,"(19, 48, 51)",0.16938594,0.00011135014831897263
1203_3,mp-865507,V4 Si4 Ru8,1203,110,0.25,48,0,na,"(14, 23, 44)",0.1693049,0.00011130926892099412
1405_3,mp-864640,Ta8 Nb4 Ir4,1405,110,0.25,48,0,na,"(41, 73, 77)",0.16930093,0.00011131904969210339
1088_39,mp-20533,Sr4 In8 Pt4,1088,112,0.1843345943504032,64,0,na,"(38, 49, 78)",0.1692798,0.0001113175480204465
1717_3,mp-30595,Cu4 Sn4 Rh8,1717,110,0.25,48,0,na,"(29, 45, 50)",0.16926883,0.00011132272637636921
1361_3,mp-1187242,Ta4 Nb4 Re8,1361,110,0.25,48,0,na,"(41, 73, 75)",0.16926806,0.00011133461404463238
2222_6,mp-865091,Hf4 Mn4 Rh8,2222,100,0.125,32,0,na,"(25, 45, 72)",0.16925995,0.0001113416759442393
907_6,mp-568961,Ba2 Fe4 As4,907,212,0.125,60,0,na,"(26, 33, 56)",0.16920453,0.00011131761414567235
2089_3,mp-1084778,Cs1 Zn4 As3,2089,221,0.0382745242457325,64,0,na,"(30, 33, 55)",0.16920307,0.00011132904651317069
2206_0,mp-865494,V8 Cr4 Ru4,2206,111,0.125,48,0,na,"(23, 24, 44)",0.1691922,0.00011133428921573327
1329_10,mp-7429,Ca1 Zn2 Sb2,1329,211,0.1102842402652719,80,0,na,"(20, 30, 51)",0.16914077,0.00011131283944197434
2181_0,mp-865486,V4 Zn4 Ru8,2181,111,0.1250000000000002,48,0,na,"(23, 30, 44)",0.16908287,0.00011128712269302401
1067_0,mp-1183537,Cd8 Ag4 Pt4,1067,111,0.1249999999999997,48,0,na,"(47, 48, 78)",0.16897479,0.00011122836478146522
2231_1,mp-862364,Sc8 Os4 Pt4,2231,111,0.375,48,0,na,"(21, 76, 78)",0.16873237,0.00011108114617316522
2442_24,mp-1219661,Rb2 Ge8 Pt8,2442,210,0.125,72,0,na,"(32, 37, 78)",0.1686351,0.0001110294439427061
2309_3,mp-865728,Ti8 Re4 Ni4,2309,110,0.25,48,0,na,"(22, 28, 75)",0.16850324,0.00011095494651113867
2191_0,mp-1188014,Zr4 Sc4 Ru8,2191,111,0.1250000000000002,48,0,na,"(21, 40, 44)",0.16848058,0.00011095233620835127
1373_6,mp-601285,Mn2 Ga2 Ni4,1373,210,0.1249999999999999,48,0,na,"(25, 28, 31)",0.16846843,0.00011122443172245212
1861_5,mp-865842,Ti8 Os4 Ru4,1861,210,0.0625,64,0,na,"(22, 44, 76)",0.16844769,0.00011122310970782091
1872_14,mp-21113,Y2 Fe4 Ge4,1872,201,0.091901868144568,60,0,na,"(26, 32, 39)",0.16840774,0.0001112091004325789
2199_0,mp-13240,Sc4 In4 Cu16,2199,111,0.0622302040372029,72,0,na,"(21, 29, 49)",0.16828547,0.0001111407185355625
1226_8,mp-8456,Sr2 As2 Pt2,1226,210,0.0833333333333333,48,0,na,"(33, 38, 78)",0.1682821,0.00011115084627247276
1068_3,mp-865155,Mg4 Al4 Rh8,1068,110,0.25,48,0,na,"(12, 13, 45)",0.16817024,0.00011143516168926921
1017_0,mp-864953,Mn4 V8 Cr4,1017,111,0.125,48,0,na,"(23, 24, 25)",0.16814713,0.00011143226571166805
2033_24,mp-1224337,Hf2 Sc2 Ge8,2033,210,0.0772588932111138,72,0,na,"(21, 32, 72)",0.1681345,0.00011143631332421363
2518_10,mp-1219296,Sc4 Ga4 Cu4,2518,110,0.5,36,0,na,"(21, 29, 31)",0.16809767,0.00011142431982388117
2033_25,mp-1224337,Hf2 Sc2 Ge8,2033,210,0.1726784576470391,72,0,na,"(21, 32, 72)",0.16800918,0.00011137807404330429
2033_60,mp-1224337,Hf2 Sc2 Ge8,2033,021,0.750611298220846,36,0,na,"(21, 32, 72)",0.16792046,0.00011133165893234629
1658_3,mp-866183,Ti8 Zn4 Re4,1658,110,0.25,48,0,na,"(22, 30, 75)",0.16785063,0.00011142864421924371
2172_17,mp-1078430,Sc3 Cu3 Ge3,2172,212,0.2643526424999544,72,0,na,"(21, 29, 32)",0.167841,0.00011143466830017852
2336_5,mp-864839,Zn8 Pd4 Rh4,2336,210,0.0625,64,0,na,"(30, 45, 46)",0.16779624,0.0001114173665524846
984_3,mp-867146,Sc4 Nb4 Ru8,984,110,0.2499999999999999,48,0,na,"(21, 41, 44)",0.16776377,0.0001114082191545417
2463_14,mp-570452,Y2 Si4 Au4,2463,201,0.0904826317399418,60,0,na,"(14, 39, 79)",0.16774964,0.00011141124786193674
2512_3,mp-867799,Ca8 Bi4 Au4,2512,110,0.25,32,0,na,"(20, 79, 83)",0.16774726,0.00011142208085340065
2531_2,mp-30816,Li8 Al4 Pd4,2531,111,0.625,48,0,na,"(3, 13, 46)",0.16771114,0.00011141050260260651
1109_22,mp-1217124,Ti6 Co9 Sn6,1109,101,0.4342095430355532,63,0,na,"(22, 27, 50)",0.1676802,0.00011145977634816404
2168_51,mp-27388,Ba4 Si8 Ni8,2168,021,0.0,80,0,na,"(14, 28, 56)",0.16766483,0.00011146198318504661
2518_13,mp-1219296,Sc4 Ga4 Cu4,2518,22-1,0.2499999999999999,72,0,na,"(21, 29, 31)",0.16754216,0.00011139284940450141
2297_8,mp-1205897,Zr6 Fe1 Bi2,2297,221,0.8899967494565713,54,0,na,"(26, 40, 83)",0.16751148,0.00011138485883570689
1417_13,mp-11113,Ti4 Te4 As4,1417,210,0.0623145079370619,72,0,na,"(22, 33, 52)",0.1673441,0.00011128595697361392
1236_7,mp-991676,Nb1 Cu3 Te4,1236,221,0.4358585088890834,48,0,na,"(29, 41, 52)",0.16733383,0.00011129151247533444
2270_3,mp-35841,Li8 Cu4 Ge4,2270,111,0.8750000000000001,48,0,na,"(3, 29, 32)",0.16730236,0.00011128296704515588
1606_3,mp-866139,Ti4 Be8 Ir4,1606,110,0.25,48,0,na,"(4, 22, 77)",0.16726732,0.0001112720424947199
1143_20,mp-13572,Sc4 Si4 Pt8,1143,101,0.0,64,0,na,"(14, 21, 78)",0.16701868,0.00011111900295197881
1351_1,mp-864883,Mg4 Sn4 Pd8,1351,111,0.3750000000000002,48,0,na,"(12, 46, 50)",0.1669421,0.00011137847838560232
1086_0,mp-865140,Mn4 Ga4 Ru8,1086,111,0.125,48,0,na,"(25, 31, 44)",0.16693564,0.00011138657454551832
1052_5,mp-600124,Mn4 Ni4 Sb4,1052,110,0.25,36,0,na,"(25, 28, 51)",0.16691872,0.00011138769189375943
2189_1,mp-861903,Li4 Bi4 Rh8,2189,111,0.3749999999999998,48,0,na,"(3, 45, 83)",0.1668698,0.00011136745171173938
1232_4,mp-1216640,Ti1 Zn1 Ga2,1232,211,0.125,64,0,na,"(22, 30, 31)",0.16683954,0.00011135965829255769
1424_73,mp-1078362,Ca8 Al4 Pt8,1424,102,0.125,80,0,na,"(13, 20, 78)",0.16672456,0.00011144633062902331
2046_42,mp-1078635,Sc3 Ge3 Os3,2046,2-12,0.2716518437124336,72,0,na,"(21, 32, 76)",0.16650955,0.00011131501374901624
1986_3,mp-1068300,Ca2 Fe4 As4,1986,221,0.0940666004407546,80,0,na,"(20, 26, 33)",0.16647302,0.00011130298239559792
2529_1,mp-861663,Li4 Rh8 Pb4,2529,111,0.3750000000000003,48,0,na,"(3, 45, 82)",0.16635364,0.00011149364456923787
1686_4,mp-1069057,Sr2 Co4 Si4,1686,110,0.2499999999999999,40,0,na,"(14, 27, 38)",0.16634017,0.00011149704790932557
1336_17,mp-5615,Ca3 Ag3 As3,1336,212,0.2084265731099369,72,0,na,"(20, 33, 47)",0.16632326,0.00011149814492841092
2172_44,mp-1078430,Sc3 Cu3 Ge3,2172,2-12,0.1892952002551382,54,0,na,"(21, 29, 32)",0.16630706,0.00011149971694395289
937_0,mp-3623,Mn4 Al4 Co8,937,111,0.125,64,0,na,"(13, 25, 27)",0.16620912,0.00011144647982332559
1885_5,mp-867196,Li4 Cd8 Pd4,1885,210,0.0625,64,0,na,"(3, 46, 48)",0.1661718,0.0001114338749433404
1502_42,mp-16493,Y4 Al8 Co4,1502,112,0.1834947887741257,64,0,na,"(13, 27, 39)",0.1659568,0.00011159069307541538
1779_14,mp-35276,K2 Fe4 As4,1779,201,0.037856159908129,60,0,na,"(19, 26, 33)",0.16594543,0.00011159550081483785
2522_1,mp-864980,Mn4 Al4 Ru8,2522,111,0.3750000000000002,48,0,na,"(13, 25, 44)",0.16590585,0.00011178601503654984
906_5,mp-972327,Zr8 Co4 Os4,906,210,0.0625,64,0,na,"(27, 40, 76)",0.1658887,0.00011178695572407353
1454_3,mp-862316,Li4 Be4 Pt8,1454,110,0.25,48,0,na,"(3, 4, 78)",0.16579232,0.00011179916557986754
2506_5,mp-865231,Li4 Sc4 Tl8,2506,210,0.0625,64,0,na,"(3, 21, 81)",0.16565272,0.00011200758335026836
1932_5,mp-1185995,Mn4 Pd8 Au4,1932,210,0.0625,64,0,na,"(25, 46, 79)",0.16552977,0.00011193698738832293
933_28,mp-1217076,Ti4 Al2 Ge6,933,121,0.1661063028125659,60,0,na,"(13, 22, 32)",0.16544832,0.00011189443319135275
1269_1,mp-3676,Mg4 Cu16 Sn4,1269,111,0.1882049340611402,72,0,na,"(12, 29, 50)",0.16534072,0.0001118341758051077
1714_12,mp-1228909,Al9 Si3 Pd12,1714,110,0.7531386079019645,72,0,na,"(13, 14, 46)",0.16533045,0.00011183973682396534
2295_3,mp-865076,Na4 Cd8 Pt4,2295,110,0.25,48,0,na,"(11, 48, 78)",0.16530351,0.00011183402042999373
1998_2,mp-16260,Ca2 Ge4 Pd4,1998,221,0.0309893514394854,80,0,na,"(20, 32, 46)",0.16526523,0.00011182062792556869
1391_25,mp-1068587,Y2 Si6 Ir2,1391,201,0.2279601843140142,60,0,na,"(14, 39, 77)",0.16524713,0.00011182088510913412
1474_34,mp-9768,Ba4 Sb8 Pd4,1474,121,0.4999999999999996,64,0,na,"(46, 51, 56)",0.16522421,0.00011181787897561926
1638_59,mp-9673,K8 Ni4 As8,1638,012,0.0252212271036125,80,0,na,"(19, 28, 33)",0.16518083,0.0001118010222850229
2003_1,mp-1187800,Zn8 Cu4 Rh4,2003,111,0.375,48,0,na,"(29, 30, 45)",0.16515751,0.00011179773747342398
2418_3,mp-4492,Mn4 Co8 Si4,2418,110,0.25,48,0,na,"(14, 25, 27)",0.1651423,0.0001117999405636389
2334_0,mp-16524,Sc4 Al4 Pd8,2334,111,0.1250000000000002,48,0,na,"(13, 21, 46)",0.16493902,0.00011167480695946968
2433_2,mp-1217094,Ti9 Nb9 Sn6,2433,111,0.2142390341093379,72,0,na,"(22, 41, 50)",0.16493273,0.00011168302038627541
1849_0,mp-861953,Al4 Fe4 Rh8,1849,111,0.125,48,0,na,"(13, 26, 45)",0.16486278,0.00011164812344291313
2414_5,mp-1069139,Sr2 Si6 Ni2,2414,221,0.085781783651737,80,0,na,"(14, 28, 38)",0.1648236,0.00011163405375496682
2442_5,mp-1219661,Rb2 Ge8 Pt8,2442,221,0.0462632989504392,72,0,na,"(32, 37, 78)",0.16468012,0.00011154932829952683
1288_3,mp-861961,Ti4 Zn4 Rh8,1288,110,0.25,48,0,na,"(22, 30, 45)",0.1645245,0.00011145634890311365
1813_1,mp-3944,Zr4 Al4 Ni8,1813,111,0.3750000000000002,48,0,na,"(13, 28, 40)",0.16445832,0.0001114239344782205
1205_49,mp-1095196,Hf3 Ge3 Os3,1205,102,0.0616804591943758,54,0,na,"(32, 72, 76)",0.1643104,0.00011133612110839837
2565_8,mp-31168,Li8 Al4 Ag4,2565,210,0.0625,64,0,na,"(3, 13, 47)",0.16427432,0.00011132406782334898
2441_6,mp-864950,Mn4 Al4 Ir8,2441,100,0.125,32,0,na,"(13, 25, 77)",0.16420732,0.00011129105318807366
2107_3,mp-1187422,Ti8 Co4 Os4,2107,110,0.25,48,0,na,"(22, 27, 76)",0.16411345,0.00011123981305330979
1940_3,mp-22150,Zr4 In2 Co4,1940,221,0.0846441194547509,50,0,na,"(27, 40, 49)",0.16410609,0.00011124719939629293
948_6,mp-9951,Mn3 Nb3 Ge3,948,221,0.2080026759944182,72,0,na,"(25, 32, 41)",0.16409452,0.00011125173255945969
1166_1,mp-1227272,Be16 Al4 Fe4,1166,111,0.5652770902520212,72,0,na,"(4, 13, 26)",0.16393791,0.00011115792164433166
2089_5,mp-1084778,Cs1 Zn4 As3,2089,221,0.1953198874489938,64,0,na,"(30, 33, 55)",0.1639213,0.00011115901545702006
2446_5,mp-1205996,Zr6 Mn1 Bi2,2446,221,0.2499999999999997,54,0,na,"(25, 40, 83)",0.1638911,0.00011115089152708007
2566_11,mp-22179,Y2 Ti2 Si2,2566,211,0.2889761955003056,72,0,na,"(14, 22, 39)",0.16371688,0.00011138228298643551
2121_25,mp-1216977,V8 Fe4 Ge4,2121,201,0.0585797062771273,64,0,na,"(23, 26, 32)",0.16368787,0.00011137495167165879
1462_11,mp-1206544,Sr4 Tl8 Pt4,1462,110,0.5,48,0,na,"(38, 78, 81)",0.16361782,0.00011133968936600232
1503_33,mp-1079079,Hf3 As3 Ru3,1503,210,0.4593291617210475,54,0,na,"(33, 44, 72)",0.1634353,0.00011122787107821024
1429_38,mp-31011,Y8 Si8 Rh4,1429,201,0.0,80,0,na,"(14, 39, 45)",0.16340972,0.00011122283337864918
1914_8,mp-20389,Na8 Cd4 Pb4,1914,210,0.0625,64,0,na,"(11, 48, 82)",0.16340828,0.00011123422504588614
1391_24,mp-1068587,Y2 Si6 Ir2,1391,201,0.1697463839780271,60,0,na,"(14, 39, 77)",0.16338663,0.0001112318603880258
1704_0,mp-1186772,Ta8 Cr4 Re4,1704,111,0.125,48,0,na,"(24, 73, 75)",0.16323538,0.00011124329406545446
1784_13,mp-5288,Y2 Fe4 Si4,1784,201,0.0336135616701902,60,0,na,"(14, 26, 39)",0.16312966,0.0001115656616052368
980_14,mp-13949,Cd2 Ga4 Te8,980,212,0.112279570963274,56,0,na,"(31, 48, 52)",0.16312878,0.00011157750798479197
1359_14,mp-4109,Ba2 As4 Ru4,1359,201,0.0374496000228798,60,0,na,"(33, 44, 56)",0.16311277,0.00011157900710531606
2284_10,mp-1080646,Y2 Si4 Pt4,2284,212,0.3131095720452848,60,0,na,"(14, 39, 78)",0.16304559,0.00011154549805515638
1523_28,mp-3779,Cr6 Si6 Te18,1523,101,0.3871724063276938,60,0,na,"(14, 24, 52)",0.16300449,0.000111529820679587
1081_3,mp-865485,V8 Cr4 Os4,1081,110,0.25,48,0,na,"(23, 24, 76)",0.16299248,0.00011153404265105533
1638_47,mp-9673,K8 Ni4 As8,1638,102,0.125,80,0,na,"(19, 28, 33)",0.16291866,0.00011149596399576539
1655_0,mp-867319,Al8 Co4 Ir4,1655,111,0.125,48,0,na,"(13, 27, 77)",0.1627763,0.0001114109595485216
1818_5,mp-867849,Ca8 Tl4 Cd4,1818,210,0.0624999999999999,64,0,na,"(20, 48, 81)",0.16276255,0.00011141396120538483
2246_4,mp-29736,Y4 Al4 Ge4,2246,221,0.2173501087039575,72,0,na,"(13, 32, 39)",0.1627589,0.00011142387688870169
1565_1,mp-862602,Sc4 Al4 Co8,1565,111,0.3750000000000002,48,0,na,"(13, 21, 27)",0.16268502,0.0001113857100614673
2439_5,mp-11947,Li4 Al4 Ag8,2439,210,0.0625,64,0,na,"(3, 13, 47)",0.16259387,0.00011133570350915885
1784_14,mp-5288,Y2 Fe4 Si4,1784,201,0.0961135616701902,60,0,na,"(14, 26, 39)",0.16252321,0.00011129971090088709
1236_5,mp-991676,Nb1 Cu3 Te4,1236,221,0.195707455554583,48,0,na,"(29, 41, 52)",0.16251707,0.00011130789462118774
1138_5,mp-1185926,Mn8 Pd4 Pt4,1138,210,0.0625,64,0,na,"(25, 46, 78)",0.16250491,0.00011131195614016026
1702_13,mp-1216850,Ti2 Cu2 Ni2,1702,210,0.125,48,0,na,"(22, 28, 29)",0.16242914,0.00011127244146507095
990_6,mp-862335,Li4 As4 Rh8,990,100,0.125,32,0,na,"(3, 33, 45)",0.16240154,0.00011126591485404887
1429_33,mp-31011,Y8 Si8 Rh4,1429,21-2,0.2766363168126702,80,0,na,"(14, 39, 45)",0.16230187,0.00011121000198437051
1754_5,mp-864997,Li4 Si4 Pd8,1754,210,0.0625,64,0,na,"(3, 14, 46)",0.16210066,0.00011108448565522951
1128_4,mp-1219797,Ni12 Sn2 Te4,1128,111,0.4534124488248813,72,0,na,"(28, 50, 52)",0.16209415,0.0001110923651148304
1365_48,mp-31383,Hf6 Co1 Bi2,1365,102,0.2499999999999999,54,0,na,"(27, 72, 83)",0.16198632,0.00011103079774027993
1588_3,mp-5149,Nb4 Al4 Co8,1588,110,0.25,48,0,na,"(13, 27, 41)",0.16192302,0.00011099973420929529
1520_0,mp-4664,Mn4 Ge4 Rh8,1520,111,0.125,48,0,na,"(25, 32, 45)",0.16190305,0.00011099836537786135
1726_7,mp-8147,K8 As8 Pd4,1726,221,0.2246523760786569,80,0,na,"(19, 33, 46)",0.16188395,0.000110997591248137
2231_0,mp-862364,Sc8 Os4 Pt4,2231,111,0.125,48,0,na,"(21, 76, 78)",0.16187452,0.0001110034465754249
2258_5,mp-867249,Ta4 Al4 Fe8,2258,210,0.0625,64,0,na,"(13, 26, 73)",0.16186924,0.00011101214861194816
1067_5,mp-1183537,Cd8 Ag4 Pt4,1067,210,0.0625,64,0,na,"(47, 48, 78)",0.16185747,0.00011101640075342632
1565_6,mp-862602,Sc4 Al4 Co8,1565,100,0.125,32,0,na,"(13, 21, 27)",0.1617159,0.00011093161455162377
2333_6,mp-1187511,Ti4 Re8 Mo4,2333,100,0.125,32,0,na,"(22, 42, 75)",0.16167864,0.00011091835980993548
2310_5,mp-864661,Zn4 Cu4 Pd8,2310,210,0.0624999999999999,64,0,na,"(29, 30, 46)",0.16163205,0.00011122361335474751
1573_6,mp-865592,Y8 Zn4 Ru4,1573,100,0.125,32,0,na,"(30, 39, 44)",0.16162448,0.00011123077571111012
1913_3,mp-862361,Sc8 Ni4 Os4,1913,110,0.25,48,0,na,"(21, 28, 76)",0.16157119,0.00011120647084852742
1303_6,mp-867271,Be8 Co4 Ni4,1303,100,0.125,32,0,na,"(4, 27, 28)",0.16153081,0.00011119104320260309
2069_4,mp-1068048,Ba2 Sn6 Au2,2069,221,0.0253712303982977,60,0,na,"(50, 56, 79)",0.16152874,0.00011120198296580598
1343_16,mp-1224358,Hf2 Sb8 Mo2,1343,22-1,0.3647941329088855,72,0,na,"(42, 51, 72)",0.1613479,0.0001110898398526351
1540_1,mp-866143,Ti4 Be4 Rh8,1540,111,0.3750000000000002,48,0,na,"(4, 22, 45)",0.16129774,0.00011106764261635309
2605_18,mp-571203,Sr2 Co4 As4,2605,112,0.5000000000000002,40,0,na,"(27, 33, 38)",0.16126709,0.00011105887244996792
1230_43,mp-9223,Sc3 Ge3 Ru3,1230,2-12,0.3501431994235079,72,0,na,"(21, 32, 44)",0.1612654,0.00011107004392130105
2090_1,mp-568280,Ba2 Ni4 As4,2090,111,0.2020436697549738,40,0,na,"(28, 33, 56)",0.16116334,0.00011101208116254427
1522_5,mp-10887,Hf4 Al4 Cu8,1522,210,0.0625,64,0,na,"(13, 29, 72)",0.16115196,0.00011101656660287076
2327_5,mp-862657,Li4 Cu4 Pd8,2327,210,0.0624999999999999,64,0,na,"(3, 29, 46)",0.1609644,0.00011089966940497177
2089_4,mp-1084778,Cs1 Zn4 As3,2089,221,0.1085944116947263,64,0,na,"(30, 33, 55)",0.16094588,0.00011089920836304025
1365_15,mp-31383,Hf6 Co1 Bi2,1365,212,0.2837664879820873,72,0,na,"(27, 72, 83)",0.16083536,0.0001108353464870764
1304_3,mp-977572,Hf8 Mn4 Rh4,1304,110,0.25,48,0,na,"(25, 45, 72)",0.16077961,0.00011080920945670861
2163_3,mp-861672,Ti8 Fe4 Ir4,2163,110,0.25,48,0,na,"(22, 26, 77)",0.160718,0.00011077902321815519
1738_1,mp-864947,Zr4 Sn4 Rh8,1738,111,0.375,48,0,na,"(40, 45, 50)",0.16068892,0.0001107712502096597
1349_8,mp-1222602,Li8 Si4 Au4,1349,210,0.0625,64,0,na,"(3, 14, 79)",0.1606729,0.00011077247719423098
2126_48,mp-7930,Zr3 Cu4 Si2,2126,102,0.0616857947963547,54,0,na,"(14, 29, 40)",0.16062948,0.00011075481079330929
1049_3,mp-3791,Sc4 Co8 Sn4,1049,110,0.25,48,0,na,"(21, 27, 50)",0.16062103,0.0001107612518185374
2294_0,mp-861954,Li4 Ta4 Ru8,2294,111,0.1250000000000002,48,0,na,"(3, 44, 73)",0.16057512,0.00011074185904995117
2582_1,mp-865561,Y8 Ag4 Ru4,2582,111,0.375,48,0,na,"(39, 44, 47)",0.16044714,0.00011066585200677236
2181_3,mp-865486,V4 Zn4 Ru8,2181,110,0.2499999999999999,48,0,na,"(23, 30, 44)",0.16042762,0.00011066463519470446
1015_4,mp-22662,Ti2 Ga2 Pt2,1015,212,0.2499999999999999,48,0,na,"(22, 31, 78)",0.16042268,0.00011067347517125426
1899_5,mp-1186001,Mn4 Zn4 Pd8,1899,210,0.0625,64,0,na,"(25, 30, 46)",0.16041917,0.00011068330337472447
2599_15,mp-1215412,Zr2 Zn3 Ga3,2599,121,0.0604588811783113,48,0,na,"(30, 31, 40)",0.16037327,0.00011066388271381304
2351_1,mp-866071,Mg4 Ta4 Os8,2351,111,0.3750000000000002,48,0,na,"(12, 73, 76)",0.16036211,0.00011066842887160547
1319_49,mp-1087487,Hf6 Ga2 Fe1,1319,102,0.2499999999999999,72,0,na,"(26, 31, 72)",0.16032848,0.00011065746656458171
2543_45,mp-1078729,Zr6 Cu1 Bi2,2543,2-12,0.4472609496490242,54,0,na,"(29, 40, 83)",0.16031247,0.0001106586617946043
1061_2,mp-1206406,K2 As4 Ir4,1061,221,0.0364115830199125,80,0,na,"(19, 33, 77)",0.16022202,0.00011066677049608371
1319_46,mp-1087487,Hf6 Ga2 Fe1,1319,102,0.0623508473908831,72,0,na,"(26, 31, 72)",0.16006872,0.00011105721568658593
2122_3,mp-1221696,Mn1 Fe1 Pd6,2122,221,0.1863612324035043,64,0,na,"(25, 26, 46)",0.16002531,0.00011103942914138598
1996_5,mp-1186122,Na4 Cd8 Rh4,1996,210,0.0625,64,0,na,"(11, 45, 48)",0.15992683,0.00011098341871778617
1436_0,mp-861656,Ti8 Cr4 Ir4,1436,111,0.1250000000000002,48,0,na,"(22, 24, 77)",0.15986733,0.00011095444197942528
1032_5,mp-11512,Li4 Al8 Ir4,1032,210,0.0625,64,0,na,"(3, 13, 77)",0.15984872,0.00011095383670206194
1720_14,mp-1228809,Al2 Re2 Si2,1720,101,0.16651492917563,24,0,na,"(13, 14, 75)",0.1598109,0.00011093989437501036
1780_6,mp-972777,Si8 Os4 Ru4,1780,100,0.125,32,0,na,"(14, 44, 76)",0.15977944,0.0001109303616094756
2029_45,mp-14208,Li3 Y3 Si3,2029,2-12,0.3562998461152383,54,0,na,"(3, 14, 39)",0.15962341,0.00011083432927060021
1175_40,mp-1223908,Hf4 Ga6 Cu2,1175,21-2,0.1205339601598129,48,0,na,"(29, 31, 72)",0.15961596,0.0001108414414085701
1769_0,mp-862623,Sc4 Sn4 Rh8,1769,111,0.1249999999999997,48,0,na,"(21, 45, 50)",0.15960243,0.00011084433197296523
1301_1,mp-867842,Sc4 In4 Rh8,1301,111,0.375,48,0,na,"(21, 45, 49)",0.15952997,0.00011080629055048888
929_6,mp-865131,Hf8 Os4 Rh4,929,100,0.125,32,0,na,"(45, 72, 76)",0.1594665,0.0001109274855178598
1773_6,mp-5407,Ti4 Al4 Co8,1773,100,0.125,32,0,na,"(13, 22, 27)",0.15944594,0.00011092548833367471
2446_7,mp-1205996,Zr6 Mn1 Bi2,2446,221,0.8906552630555069,54,0,na,"(25, 40, 83)",0.15943335,0.00011092903441106386
1964_0,mp-1206594,Cr4 Ge4 Ru8,1964,111,0.125,48,0,na,"(24, 32, 44)",0.15936227,0.00011104198716004346
1849_3,mp-861953,Al4 Fe4 Rh8,1849,110,0.25,48,0,na,"(13, 26, 45)",0.15913571,0.00011089643664793304
895_6,mp-865656,Ti4 Mn8 W4,895,100,0.125,32,0,na,"(22, 25, 74)",0.159052,0.0001108503948189279
985_0,mp-865019,Hf4 Ga4 Rh8,985,111,0.125,48,0,na,"(31, 45, 72)",0.15902498,0.00011084385046682799
1893_0,mp-862629,Sc4 Rh8 Pb4,1893,111,0.1250000000000002,48,0,na,"(21, 45, 82)",0.15899688,0.00011083654970902082
1802_3,mp-30395,Sc4 In4 Au8,1802,110,0.25,48,0,na,"(21, 49, 79)",0.15895492,0.00011081958229943583
2126_19,mp-7930,Zr3 Cu4 Si2,2126,212,0.4166666666666666,72,0,na,"(14, 29, 40)",0.1589421,0.00011082292585129079
2460_5,mp-16259,Ca2 Ge4 Ir4,2460,212,0.0621987586408856,60,0,na,"(20, 32, 77)",0.15889414,0.00011080176495213047
1998_9,mp-16260,Ca2 Ge4 Pd4,1998,210,0.125,60,0,na,"(20, 32, 46)",0.15885065,0.00011078371307008059
1676_5,mp-1078767,Hf3 Al3 Ni3,1676,221,0.0334107724380527,72,0,na,"(13, 28, 72)",0.15884264,0.00011079040060400472
2296_19,mp-10214,Y6 Ge3 Rh9,2296,10-1,0.1020318703186983,54,0,na,"(32, 39, 45)",0.15877075,0.00011075252870544005
1994_9,mp-9008,Rb2 Te2 Au2,1994,211,0.2386681325268913,72,0,na,"(37, 52, 79)",0.15862586,0.00011066371515434347
963_21,mp-8720,Rb8 Mn4 Te8,963,201,0.025776483405892,80,0,na,"(25, 37, 52)",0.15849936,0.0001105877017640486
1418_41,mp-15297,Hf6 Ni1 Sb2,1418,2-12,0.2195248296357252,72,0,na,"(28, 51, 72)",0.15841417,0.00011111638894132478
1729_3,mp-865066,Hf4 In4 Rh8,1729,110,0.25,48,0,na,"(45, 49, 72)",0.15810138,0.0001114537009717986
1563_3,mp-862446,Ta4 Al4 Ru8,1563,110,0.2499999999999999,48,0,na,"(13, 44, 73)",0.15785266,0.00011130992445761444
1652_15,mp-1207263,Zr6 Fe1 Sn2,1652,212,0.2866537404614202,72,0,na,"(26, 40, 50)",0.15781514,0.00011129585553406441
1727_22,mp-4756,Zn4 Sn4 Sb8,1727,101,0.5625,32,0,na,"(30, 50, 51)",0.15779217,0.00011129204276091021
1350_0,mp-4913,Li4 Ga8 Rh4,1350,111,0.1250000000000002,48,0,na,"(3, 31, 45)",0.15771039,0.0001112467435692289
2614_46,mp-1091395,Zr3 Ge3 Os3,2614,2-12,0.3541441082488425,54,0,na,"(32, 40, 76)",0.15765297,0.00011121861299818886
1186_6,mp-1186766,Ta8 Mo4 Ir4,1186,100,0.125,32,0,na,"(42, 73, 77)",0.15760352,0.0001112834788747318
1282_6,mp-19971,Zn4 Co8 Ge4,1282,100,0.125,32,0,na,"(27, 30, 32)",0.15752804,0.00011124256208161116
1872_13,mp-21113,Y2 Fe4 Ge4,1872,201,0.0294018681445679,60,0,na,"(26, 32, 39)",0.15747139,0.00011121492903014742
1946_8,mp-21026,Li8 In4 Pt4,1946,210,0.0625,64,0,na,"(3, 49, 78)",0.15742223,0.00011119257581736515
2543_48,mp-1078729,Zr6 Cu1 Bi2,2543,102,0.1819638081578455,54,0,na,"(29, 40, 83)",0.15739988,0.00011118915267460895
1218_1,mp-862622,Be4 Ru8 W4,1218,111,0.3750000000000002,48,0,na,"(4, 44, 74)",0.15731469,0.0001111413311529132
1278_46,mp-13171,Y3 Mg3 Cu3,1278,2-12,0.3535661593925869,54,0,na,"(12, 29, 39)",0.1572508,0.00011110854222730823
1063_17,mp-568925,Ni6 Sn12 Au3,1063,101,0.4502280038934012,63,0,na,"(28, 50, 79)",0.15723312,0.00011110839517901216
1524_20,mp-1215958,Y4 Fe4 Co4,1524,011,0.0622631348808244,36,0,na,"(26, 27, 39)",0.15719782,0.00011109579419676537
2543_46,mp-1078729,Zr6 Cu1 Bi2,2543,102,0.0594993452177307,54,0,na,"(29, 40, 83)",0.15719582,0.00011110672423443736
1374_0,mp-867123,Ta4 Ti4 Os8,1374,111,0.1249999999999997,48,0,na,"(22, 73, 76)",0.15717863,0.00011110691898965788
939_5,mp-863727,Li4 Ti4 Rh8,939,210,0.0625,64,0,na,"(3, 22, 45)",0.15714803,0.00011109763208206262
2520_6,mp-865989,Al8 Ir4 Ru4,2520,100,0.125,32,0,na,"(13, 44, 77)",0.15714337,0.00011110668132993342
1081_0,mp-865485,V8 Cr4 Os4,1081,111,0.125,48,0,na,"(23, 24, 76)",0.1570611,0.00011106085273462712
1490_1,mp-1187211,Ta8 Ru4 W4,1490,111,0.375,48,0,na,"(44, 73, 74)",0.1569923,0.0001112705185904877
2403_3,mp-4238,Mn3 Fe3 As3,2403,111,0.75,45,0,na,"(25, 26, 33)",0.15697743,0.00011127236060041747
1292_8,mp-1079785,Y4 Cd2 Ge4,1292,212,0.0304189608653171,60,0,na,"(32, 39, 48)",0.15687166,0.00011120976084340205
2090_18,mp-568280,Ba2 Ni4 As4,2090,112,0.5000000000000001,40,0,na,"(28, 33, 56)",0.15666966,0.00011145924876791208
941_11,mp-8150,Ba1 Cd2 Sb2,941,211,0.0923220728470434,80,0,na,"(48, 51, 56)",0.15664643,0.00011145514499243398
2495_3,mp-864968,Mn4 In4 Rh8,2495,110,0.25,48,0,na,"(25, 45, 49)",0.15659225,0.00011142901484091493
1622_3,mp-972204,V8 Mo4 Ru4,1622,110,0.25,48,0,na,"(23, 42, 44)",0.15657504,0.0001114291848723419
2345_0,mp-865925,Li4 Zr4 Ir8,2345,111,0.125,48,0,na,"(3, 40, 77)",0.15653788,0.00011141515425115321
2363_6,mp-1217093,Ti8 Nb4 Al4,2363,110,0.0,32,0,na,"(13, 22, 41)",0.15651827,0.00011141361008362247
1673_3,mp-1217009,Ti1 Al2 Zn1,1673,212,0.125,32,0,na,"(13, 22, 30)",0.1564347,0.00011136653061957395
2053_3,mp-865512,Y4 Mg4 Cd8,2053,110,0.2500000000000001,32,0,na,"(12, 39, 48)",0.15638974,0.00011134692372426745
2046_15,mp-1078635,Sc3 Ge3 Os3,2046,212,0.1473039654851463,72,0,na,"(21, 32, 76)",0.15624914,0.00011125920720628734
1542_6,mp-866166,Y8 Pd4 Ru4,1542,100,0.125,32,0,na,"(39, 44, 46)",0.15619132,0.00011123041113993192
2161_3,mp-867748,Sc4 Sn4 Ru8,2161,110,0.25,48,0,na,"(21, 44, 50)",0.15610503,0.00011142222276250185
1370_46,mp-1095158,Hf3 Ga3 Co3,1370,102,0.1839583520898022,72,0,na,"(27, 31, 72)",0.15605415,0.00011139831867495111
933_27,mp-1217076,Ti4 Al2 Ge6,933,121,0.068459448298436,60,0,na,"(13, 22, 32)",0.1560214,0.00011138734864730738
1178_1,mp-865278,Nb4 Al4 Os8,1178,111,0.3750000000000002,48,0,na,"(13, 41, 76)",0.15594357,0.00011134418631266627
1009_17,mp-1070152,Ca2 Co4 Si4,1009,112,0.5,50,0,na,"(14, 20, 27)",0.15592954,0.00011134656664258291
1808_1,mp-862774,Li4 In4 Pt8,1808,111,0.375,48,0,na,"(3, 49, 78)",0.1558729,0.00011131851594037891
1445_3,mp-866031,Al8 Fe4 Ir4,1445,110,0.25,48,0,na,"(13, 26, 77)",0.15582196,0.00011129452566497565
2013_92,mp-20393,Sr8 In4 Pt8,2013,021,0.4999999999999998,80,0,na,"(38, 49, 78)",0.15571965,0.00011123383132361143
2286_4,mp-4908,Y2 Co4 Ge4,2286,110,0.25,40,0,na,"(27, 32, 39)",0.15564089,0.00011118993947692816
2014_3,mp-866288,Be4 V4 Co8,2014,110,0.2499999999999999,48,0,na,"(4, 23, 27)",0.15557684,0.00011115654160998764
1411_51,mp-1217923,Ta1 Ni6 Mo1,1411,120,0.3800297856837246,48,0,na,"(28, 42, 73)",0.15556377,0.00011115955946850384
2296_15,mp-10214,Y6 Ge3 Rh9,2296,100,0.0833333333333333,54,0,na,"(32, 39, 45)",0.15555196,0.00011116347740476358
1744_0,mp-864897,Zr8 Cu4 Os4,1744,111,0.125,48,0,na,"(29, 40, 76)",0.15554208,0.00011116877468026952
1918_3,mp-866024,Be8 Rh4 Au4,1918,110,0.25,48,0,na,"(4, 45, 79)",0.15548411,0.00011113969772305965
1503_11,mp-1079079,Hf3 As3 Ru3,1503,110,0.4550005941510911,36,0,na,"(33, 44, 72)",0.15538545,0.0001110815213401104
2501_47,mp-11547,Y3 Tl3 Pd3,2501,2-12,0.4513449710597969,54,0,na,"(39, 46, 81)",0.15537655,0.00011108749870104871
1355_44,mp-8221,Zr3 As3 Ru3,1355,2-12,0.1890394275987574,54,0,na,"(33, 40, 44)",0.15527716,0.00011102877306763377
2568_9,mp-11957,Ca4 Sn8 Ir4,2568,110,0.0,48,0,na,"(20, 50, 77)",0.15526828,0.00011103475159940886
1034_14,mp-1227279,Be16 Al4 Ni4,1034,100,0.188095573290262,48,0,na,"(4, 13, 28)",0.15523602,0.00011102400949712853
1406_4,mp-1018799,Mg1 Sc3 Ru2,1406,221,0.1095120890486924,60,0,na,"(12, 21, 44)",0.15523529,0.00011103581504623716
1740_0,mp-861908,Ta4 Ti4 Ru8,1740,111,0.125,48,0,na,"(22, 44, 73)",0.15512496,0.00011096922038937206
1032_0,mp-11512,Li4 Al8 Ir4,1032,111,0.125,48,0,na,"(3, 13, 77)",0.15511163,0.00011097199920024675
2384_18,mp-1078578,Na3 Cd12 As9,2384,101,0.3995619117394527,72,0,na,"(11, 33, 48)",0.15505168,0.00011116924104651797
1935_37,mp-1078231,Sr8 Ga16 Rh16,1935,012,0.0215640263193766,80,0,na,"(31, 38, 45)",0.15499543,0.00011114126630743511
963_33,mp-8720,Rb8 Mn4 Te8,963,112,0.0742363305145765,60,0,na,"(25, 37, 52)",0.15499166,0.00011134366855629318
2264_9,mp-13963,Hf2 Si2 Te2,2264,212,0.125,48,0,na,"(14, 52, 72)",0.15495627,0.00011133064087657188
1845_2,mp-31451,Zr4 Co4 Bi4,1845,111,0.875,36,0,na,"(27, 40, 83)",0.15494174,0.00011133259631088699
2179_4,mp-1078242,Y2 Al2 Pd4,2179,212,0.0443366176853508,64,0,na,"(13, 39, 46)",0.15493828,0.0001113425061958446
1476_1,mp-636320,Ti4 Ga4 Fe8,1476,111,0.375,48,0,na,"(22, 26, 31)",0.15487194,0.00011130722584536571
2418_5,mp-4492,Mn4 Co8 Si4,2418,210,0.0624999999999999,64,0,na,"(14, 25, 27)",0.15481173,0.00011127633848243896
1845_0,mp-31451,Zr4 Co4 Bi4,1845,111,0.25,36,0,na,"(27, 40, 83)",0.15473406,0.00011123288804544082
2318_8,mp-31147,Ba2 Zn2 Si2,2318,210,0.0833333333333332,48,0,na,"(14, 30, 56)",0.15472515,0.00011123885637823945
2297_4,mp-1205897,Zr6 Fe1 Bi2,2297,111,0.7499999999999999,36,0,na,"(26, 40, 83)",0.1546981,0.00011123178221513607
2605_14,mp-571203,Sr2 Co4 As4,2605,201,0.0363324206471711,60,0,na,"(27, 33, 38)",0.1546762,0.0001112284077043672
1840_27,mp-1077722,Sc4 Zn4 Pt4,1840,120,0.25,48,0,na,"(21, 30, 78)",0.15462887,0.00011120674181999126
1081_1,mp-865485,V8 Cr4 Os4,1081,111,0.375,48,0,na,"(23, 24, 76)",0.15460756,0.0001112037826010213
1503_44,mp-1079079,Hf3 As3 Ru3,1503,2-12,0.0614178581075108,54,0,na,"(33, 44, 72)",0.1545881,0.00011120215180706176
1066_1,mp-867235,Li4 Y8 Ir4,1066,111,0.375,48,0,na,"(3, 39, 77)",0.15453534,0.00011117656224634212
1237_3,mp-865652,Ti4 Mn8 Si4,1237,110,0.25,48,0,na,"(14, 22, 25)",0.1544796,0.0001111488186493184
1310_3,mp-977367,Cd4 In4 Rh8,1310,110,0.2499999999999999,48,0,na,"(45, 48, 49)",0.1544127,0.00011111303385850586
1759_37,mp-11444,Y4 Ga8 Ni4,1759,120,0.25,64,0,na,"(28, 31, 39)",0.15441164,0.00011112461849210104
1474_25,mp-9768,Ba4 Sb8 Pd4,1474,101,0.0,48,0,na,"(46, 51, 56)",0.15428424,0.00011114427057558852
1025_46,mp-7544,Zr3 Si3 Ru3,1025,2-12,0.3537153550655762,72,0,na,"(14, 40, 44)",0.15420792,0.00011110163899500625
1990_0,mp-972879,Sc8 Ru4 Au4,1990,111,0.1250000000000002,48,0,na,"(21, 44, 79)",0.15396422,0.00011093838674776336
1417_32,mp-11113,Ti4 Te4 As4,1417,011,0.0,36,0,na,"(22, 33, 52)",0.15386246,0.00011087736448730496
1598_9,mp-7882,Ba2 Ag4 Sn4,1598,210,0.125,60,0,na,"(47, 50, 56)",0.15376703,0.00011082088262876355
1818_3,mp-867849,Ca8 Tl4 Cd4,1818,110,0.2499999999999999,32,0,na,"(20, 48, 81)",0.15371452,0.00011079531677049562
1462_39,mp-1206544,Sr4 Tl8 Pt4,1462,112,0.0659655298274033,64,0,na,"(38, 78, 81)",0.1537142,0.00011080736305577687
1112_0,mp-865948,Ti8 Re4 Rh4,1112,111,0.1249999999999997,48,0,na,"(22, 45, 75)",0.15369011,0.00011080227509822571
2284_5,mp-1080646,Y2 Si4 Pt4,2284,221,0.0968798916595528,80,0,na,"(14, 39, 78)",0.1536171,0.00011076191150015321
2337_1,mp-979259,V8 Re4 Mo4,2337,111,0.375,48,0,na,"(23, 42, 75)",0.15358016,0.00011093012257863672
1921_1,mp-862321,Li4 As4 Pd8,1921,111,0.3750000000000002,48,0,na,"(3, 33, 46)",0.15350832,0.00011089053403400973
1373_3,mp-601285,Mn2 Ga2 Ni4,1373,212,0.125,64,0,na,"(25, 28, 31)",0.15350044,0.00011089713916397721
1901_6,mp-865933,Li4 Si4 Ir8,1901,100,0.125,32,0,na,"(3, 14, 77)",0.1533905,0.00011089440146950364
2454_1,mp-865010,Hf4 Ga4 Ru8,2454,111,0.375,48,0,na,"(31, 44, 72)",0.15337563,0.00011089594887119094
1996_1,mp-1186122,Na4 Cd8 Rh4,1996,111,0.3750000000000003,48,0,na,"(11, 45, 48)",0.1533734,0.00011090663559972845
2046_16,mp-1078635,Sc3 Ge3 Os3,2046,212,0.2112745976369593,72,0,na,"(21, 32, 76)",0.15336527,0.00011091305766728688
2345_6,mp-865925,Li4 Zr4 Ir8,2345,100,0.125,32,0,na,"(3, 40, 77)",0.15335508,0.0001109179905596519
2614_16,mp-1091395,Zr3 Ge3 Os3,2614,212,0.1836261346333518,72,0,na,"(32, 40, 76)",0.15319198,0.00011089115231984541
1857_72,mp-1078280,Ca8 Ga4 Pd8,1857,10-2,0.125,80,0,na,"(20, 31, 46)",0.1531893,0.00011090151034323104
1669_5,mp-21067,Sc4 In4 Cu8,1669,210,0.0625,64,0,na,"(21, 29, 49)",0.15317096,0.00011112987133558834
1179_1,mp-866154,Ti4 Be4 Ir8,1179,111,0.375,48,0,na,"(4, 22, 77)",0.15310925,0.0001110974452269274
1351_5,mp-864883,Mg4 Sn4 Pd8,1351,210,0.0625,64,0,na,"(12, 46, 50)",0.15310837,0.00011110915063381033
1073_5,mp-865123,Mg4 Ga4 Pd8,1073,210,0.0625,64,0,na,"(12, 31, 46)",0.15307124,0.00011109454940026468
1605_30,mp-1079890,Al8 Cu4 Ir4,1605,011,0.25,48,0,na,"(13, 29, 77)",0.15296106,0.00011102691852156366
2297_17,mp-1205897,Zr6 Fe1 Bi2,2297,212,0.4166666666666666,72,0,na,"(26, 40, 83)",0.15295044,0.00011103153747478571
897_14,mp-1206600,K2 As4 Ru4,897,201,0.0375070690036,60,0,na,"(19, 33, 44)",0.15291983,0.00011102164361632707
2143_23,mp-7773,Na8 As4 Au4,2143,201,0.0142779083234021,64,0,na,"(11, 33, 79)",0.15289584,0.00011101655182661718
2069_5,mp-1068048,Ba2 Sn6 Au2,2069,221,0.0876562433122087,60,0,na,"(50, 56, 79)",0.15286818,0.00011100879191609984
2007_4,mp-1018811,Nb2 Ge2 Sb2,2007,221,0.1579444094351368,48,0,na,"(32, 41, 51)",0.15281694,0.00011098390298480464
903_0,mp-865895,Ga4 Ge4 Ru8,903,111,0.125,48,0,na,"(31, 32, 44)",0.15270588,0.00011135281992865977
2506_3,mp-865231,Li4 Sc4 Tl8,2506,110,0.25,32,0,na,"(3, 21, 81)",0.15268484,0.00011134987672583645
1143_4,mp-13572,Sc4 Si4 Pt8,1143,111,1.0,64,0,na,"(14, 21, 78)",0.1526318,0.00011134837900047832
1416_3,mp-861905,Li4 Bi4 Pd8,1416,110,0.25,48,0,na,"(3, 46, 83)",0.15258768,0.00011132858871217297
2069_7,mp-1068048,Ba2 Sn6 Au2,2069,221,0.2144608114934617,60,0,na,"(50, 56, 79)",0.15253359,0.00011130151546995852
2371_45,mp-14209,Li3 Y3 Ge3,2371,2-12,0.3558596190012917,54,0,na,"(3, 32, 39)",0.15245505,0.0001112565890149579
1128_42,mp-1219797,Ni12 Sn2 Te4,1128,112,0.661723625324303,72,0,na,"(28, 50, 52)",0.1524357,0.0001112548458677479
2154_32,mp-1071720,Sc4 Zn4 Pd4,2154,102,0.1250000000000001,72,0,na,"(21, 30, 46)",0.15240695,0.00011124623942943843
1370_8,mp-1095158,Hf3 Ga3 Co3,1370,221,0.847499924974124,63,0,na,"(27, 31, 72)",0.15237843,0.00011123779664338325
2091_0,mp-1216453,V6 Si1 Ge1,2091,111,0.1279949050200919,32,0,na,"(14, 23, 32)",0.15232703,0.00011192135623822515
2541_53,mp-1223832,K2 Si8 Pt8,2541,001,0.3510968885157483,54,0,na,"(14, 19, 78)",0.15232255,0.00011193059200921123
2482_14,mp-568673,Y2 Si4 Ru4,2482,201,0.0954891386715885,60,0,na,"(14, 39, 44)",0.15224816,0.00011191211694638329
1554_6,mp-865030,Hf4 Sc4 Ru8,1554,100,0.125,32,0,na,"(21, 44, 72)",0.15224333,0.00011192109191436878
1036_5,mp-865026,Mn8 V4 Si4,1036,210,0.0625,64,0,na,"(14, 23, 25)",0.15197302,0.00011173488005899348
1679_1,mp-867114,Ta4 Be4 Ru8,1679,111,0.375,48,0,na,"(4, 44, 73)",0.15196906,0.00011174445430773606
2015_5,mp-1079842,Hf3 Ga3 Rh3,2015,221,0.0513519033756324,63,0,na,"(31, 45, 72)",0.15194276,0.00011173760169738794
1947_0,mp-867924,Li4 Cd4 Pd8,1947,111,0.125,48,0,na,"(3, 46, 48)",0.15191297,0.00011185514073389172
2501_46,mp-11547,Y3 Tl3 Pd3,2501,2-12,0.3506724855298985,54,0,na,"(39, 46, 81)",0.15188718,0.00011184866212955388
1668_3,mp-980665,Zn8 Cu4 Ir4,1668,110,0.25,48,0,na,"(29, 30, 77)",0.15186249,0.00011184299007421888
2567_11,mp-7770,Sr1 Zn2 As2,2567,211,0.2500000000000001,80,0,na,"(30, 33, 38)",0.15180874,0.00011200437313131177
1412_1,mp-866086,Mg4 Si4 Ir8,1412,111,0.375,48,0,na,"(12, 14, 77)",0.15179558,0.00011200720899053094
1840_30,mp-1077722,Sc4 Zn4 Pt4,1840,112,0.25,72,0,na,"(21, 30, 78)",0.15170953,0.00011215382608945584
1308_2,mp-1025324,Si1 Sn1 Pt5,1308,221,0.07405167359342,56,0,na,"(14, 50, 78)",0.15168366,0.0001121472790025178
1341_3,mp-12520,Sr2 Ni4 Ge2,1341,212,0.0416666666666665,64,0,na,"(28, 32, 38)",0.15165798,0.0001121408687937466
2007_21,mp-1018811,Nb2 Ge2 Sb2,2007,112,0.4999999999999999,30,0,na,"(32, 41, 51)",0.15162702,0.00011213055037486227
1650_1,mp-864902,Mg4 Tl4 Rh8,1650,111,0.375,48,0,na,"(12, 45, 81)",0.15158515,0.0001121121580536539
1414_44,mp-1079038,Hf3 Sn3 Ir3,1414,2-12,0.2676366919035243,72,0,na,"(50, 72, 77)",0.15157208,0.0001121150609619615
2255_45,mp-1220426,Nb1 Ni6 Mo1,2255,121,0.1808337023291921,48,0,na,"(28, 41, 42)",0.15156701,0.00011212388155265673
