id,type,energy,time,convergence,lattice_1d,atom_amount,mag_per_atom,runtype
1001_13,bulk,-116.25944894,344.784,True,"[4.22865244, 0.0, 0.0, 0.0, 21.82093292, -4.22865244, 0.0, 0.0, 4.22865244]",20.0,2.5355e-05,local
1001_17,bulk,-58.13783461,146.831,True,"[4.22865244, 0.0, 4.22865244, 8.45730488, 10.91046646, -0.0, 0.0, 0.0, 4.22865244]",10.0,9.646000000000001e-05,local
1003_14,bulk,-100.19657533,532.893,True,"[20.31126254, 0.0, 0.0, 5.80321787, 5.0257341, 3.90912976, 0.0, 0.0, 3.90912976]",18.0,2.6833333333333336e-06,local
1003_33,bulk,-50.09576934,154.396,True,"[7.67693564, 0.0, 0.0, 3.83846782, 6.64842129, 3.90912976, 0.0, 0.0, 3.90912976]",9.0,2.8033333333333335e-05,local
1003_50,bulk,-100.19630643,334.968,True,"[7.67693564, 0.0, 0.0, 7.67693564, 13.29684258, 3.90912976, 0.0, 0.0, 3.90912976]",18.0,1.8794444444444443e-05,local
1004_32,bulk,-61.56805324,177.807,True,"[6.75331059, 0.0, 0.16943606, 8.77496727, 6.44360987, 7.04070836, 0.0, 0.0, 6.70183623]",12.0,1.6666666666666667e-08,local
1004_33,bulk,-61.56805324,147.342,True,"[6.75331059, 0.0, 0.16943606, 8.77496727, 6.44360987, 7.04070836, 0.0, 0.0, 6.70183623]",12.0,1.6666666666666667e-08,local
1006_3,bulk,-123.07310522,87.85,True,"[6.418089, 0.0, 0.0, 0.0, 6.418089, -6.418089, 0.0, 0.0, 6.418089]",16.0,3.175e-06,local
1010_13,bulk,-53.55839811,104.073,True,"[3.12362851, 0.0, 0.0, -0.0, 5.91044075, 10.23718367, 0.0, 0.0, 6.82478911]",9.0,4.9699999999999995e-05,local
1011_17,bulk,-28.84155589,11.848,True,"[3.74412447, 0.0, -2.16167127, 0.0, 8.97518829, 0.0, 0.0, 0.0, 4.32334254]",6.0,0.00076035,local
1011_21,bulk,-28.84155591,12.594,True,"[4.32334254, 0.0, 0.0, -2.16167127, 3.74412447, 0.0, 0.0, 0.0, 8.97518829]",6.0,0.0007547666666666667,local
1011_3,bulk,-57.62257112,120.559,True,"[7.48824894, 0.0, -8.64668508, -0.0, 8.97518829, -4.32334254, 0.0, 0.0, 4.32334254]",12.0,6.75e-07,local
1015_9,bulk,-77.07500171,202.375,True,"[5.51117811, 0.0, 0.0, 0.0, 7.65195022, -8.83571104, 0.0, 0.0, 4.41785552]",12.0,5.4416666666666665e-06,local
1019_1,bulk,,,False,,,,local
1020_6,bulk,-73.12697802,21.771,True,"[5.75156206, 0.0, 0.0, 0.0, 5.75156206, 0.0, 0.0, 0.0, 5.75156206]",16.0,2.774375e-05,local
1025_29,bulk,-156.0319972,170.646,True,"[3.70867498, 0.0, 0.0, 0.0, 11.60774482, -13.40346919, 0.0, 0.0, 6.70173459]",18.0,0.0001934722222222222,local
1025_52,bulk,-78.02032333,21.103,True,"[6.70173459, 0.0, 0.0, -3.3508673, 5.80387241, 0.0, 0.0, 0.0, 3.70867498]",9.0,3.2677777777777776e-05,local
1030_1,bulk,-60.30886388,114.858,True,"[3.97035098, 0.0, -3.97035098, -0.0, 11.59958129, -3.97035098, 0.0, 0.0, 3.97035098]",10.0,6.623999999999999e-05,local
1030_3,bulk,-120.62449416,866.613,True,"[3.97035098, 0.0, -3.97035098, -0.0, 23.19916257, -3.97035098, 0.0, 0.0, 3.97035098]",20.0,4.351e-05,local
1031_1,bulk,-43.14640722,64.739,True,"[3.97788885, 0.0, -6.8899056, -0.0, 5.47924148, -4.5932704, 0.0, 0.0, 4.5932704]",6.0,0.00013411666666666666,local
1042_11,bulk,-16.33456619,56.915,True,"[4.0335017, 0.0, -2.32874329, -0.0, 9.18720526, -4.65748658, 0.0, 0.0, 4.65748658]",6.0,6.523333333333334e-05,local
1043_1,bulk,-97.3396369,73.232,True,"[6.36505934, 0.0, -6.36505934, -0.0, 6.36505934, -6.36505934, 0.0, 0.0, 6.36505934]",16.0,0.0001995,local
1044_21,bulk,-24.90893352,15.598,True,"[4.44824474, 0.0, 0.0, -2.22412237, 3.85229295, 0.0, 0.0, 0.0, 8.00867524]",6.0,2.7e-06,local
1046_25,bulk,-37.952994,27.56,True,"[3.83635771, 0.0, 0.0, 0.0, 3.83635771, 0.0, 0.0, 0.0, 8.71690824]",6.0,0.00010123333333333333,local
1046_27,bulk,-37.952994,28.551,True,"[3.83635771, 0.0, 0.0, 0.0, 3.83635771, 0.0, 0.0, 0.0, 8.71690824]",6.0,0.00010123333333333333,local
1050_14,bulk,-110.93160106,389.323,True,"[3.98084116, 0.0, 0.0, 0.0, 20.01430027, -3.98084116, 0.0, 0.0, 3.98084116]",20.0,1.8450000000000001e-06,local
1052_7,bulk,-153.66441126,381.037,True,"[5.90966582, 0.0, 0.0, 0.0, 11.81933164, -5.90966582, 0.0, 0.0, 5.90966582]",24.0,1.333060725,local
1054_5,bulk,-370.26757498,779.774,True,"[6.32734986, 0.0, 0.0, 0.0, 12.65469972, -6.32734986, 0.0, 0.0, 6.32734986]",32.0,3.921875e-06,local
1055_2,bulk,-79.67923921,100.195,True,"[6.14814244, 0.0, -6.14814244, 0.0, 6.14814244, -6.14814244, 0.0, 0.0, 6.14814244]",12.0,2.49e-05,local
1056_13,bulk,-48.60858057,301.471,True,"[5.33090945, 0.0, -4.83851251, -0.0, 12.18020157, -4.83851251, 0.0, 0.0, 4.83851251]",16.0,1.75625e-06,local
1056_31,bulk,-48.60471624,169.74,True,"[6.09010079, 0.0, 0.0, 0.0, 10.6618189, -4.83851251, 0.0, 0.0, 4.83851251]",16.0,7.8675e-05,local
1056_8,bulk,-48.60858057,357.758,True,"[5.33090945, 0.0, -4.83851251, -0.0, 12.18020157, -4.83851251, 0.0, 0.0, 4.83851251]",16.0,1.75625e-06,local
1063_36,bulk,-93.25387803,430.944,True,"[3.71688263, 0.0, -2.14594319, -0.0, 26.9722473, -8.58377274, 0.0, 0.0, 4.29188637]",21.0,1.2485714285714284e-05,local
1069_36,bulk,-96.27220215,404.856,True,"[6.29220286, 0.0, 0.0, 0.0, 23.93920044, -6.29220286, 0.0, 0.0, 6.29220286]",28.0,2.857142857142857e-08,local
1070_13,bulk,-69.58137394,447.044,True,"[18.1738745, 0.0, 0.0, 3.6347749, 7.2695498, 7.79707135, 0.0, 0.0, 3.89853567]",20.0,2.735e-06,local
1070_17,bulk,-34.80281446,318.451,True,"[8.12760376, 0.0, 0.0, -0.0, 8.12760376, 3.89853567, 0.0, 0.0, 3.89853567]",10.0,2e-08,local
1075_1,bulk,-65.11568084,148.694,True,"[5.92956045, 0.0, -5.92956045, -0.0, 5.92956045, -5.92956045, 0.0, 0.0, 5.92956045]",16.0,6.176875e-05,local
1076_6,bulk,-74.33623327,41.544,True,"[6.70595594, 0.0, 0.0, 0.0, 6.70595594, 0.0, 0.0, 0.0, 6.70595594]",16.0,0.000183625,local
1077_21,bulk,-79.6843626,250.728,True,"[3.5886944, 0.0, -2.07193368, 0.0, 26.21641147, 0.0, 0.0, 0.0, 4.14386735]",21.0,1.2857142857142858e-07,local
1078_0,bulk,-49.40300683,138.638,True,"[12.72172369, 0.0, 0.0, 6.36086185, 3.6724453, 3.07841804, 0.0, 0.0, 3.07841804]",8.0,3.7625e-06,local
1078_27,bulk,-98.81378574,256.458,True,"[3.07841804, 0.0, 0.0, 0.0, 12.72172369, -14.6897812, 0.0, 0.0, 7.3448906]",16.0,0.00011644375,local
1078_40,bulk,-98.80581482,394.851,True,"[12.72172369, 0.0, 0.0, 0.0, 7.3448906, -3.07841804, 0.0, 0.0, 3.07841804]",16.0,3.13125e-06,local
1080_1,bulk,-118.3705606,96.465,True,"[6.08394261, 0.0, 6.08394261, 6.08394261, 6.08394261, -0.0, 0.0, 0.0, 6.08394261]",16.0,4.799375e-05,local
1083_43,bulk,-156.75845043,245.873,True,"[11.22899274, 0.0, 0.0, 0.0, 6.48306198, -3.57701546, 0.0, 0.0, 3.57701546]",18.0,0.2359992833333333,local
1084_11,bulk,-70.36395866,88.973,True,"[3.52407267, 0.0, 0.0, 0.0, 5.54148586, -9.59813506, 0.0, 0.0, 6.39875671]",9.0,0.21451955555555557,local
1084_32,bulk,-140.72001706,277.467,True,"[3.52407267, 0.0, 0.0, 0.0, 11.08297173, -12.79751342, 0.0, 0.0, 6.39875671]",18.0,0.22220025555555556,local
1084_38,bulk,-140.71715793,188.527,True,"[5.54148586, 0.0, -3.19937835, -0.0, 7.04814533, -6.39875671, 0.0, 0.0, 6.39875671]",18.0,0.2198125611111111,local
1087_16,bulk,-24.42366511,20.151,True,"[3.81898084, 0.0, -2.20488962, 0.0, 7.28277486, 0.0, 0.0, 0.0, 4.40977923]",6.0,3.1333333333333334e-05,local
1088_12,bulk,-62.14600399,509.802,True,"[8.01651563, 0.0, 0.0, 0.0, 11.0886354, -4.53421719, 0.0, 0.0, 4.53421719]",16.0,6.25e-09,local
1091_23,bulk,-45.97743175,86.133,True,"[3.76915444, 0.0, -2.17612233, -0.0, 13.79499724, -4.35224466, 0.0, 0.0, 4.35224466]",12.0,5.75e-06,local
1091_28,bulk,-22.98736871,14.304,True,"[3.76915444, 0.0, -2.17612233, 0.0, 6.89749862, 0.0, 0.0, 0.0, 4.35224466]",6.0,2.2683333333333334e-05,local
1091_38,bulk,-22.98736984,15.814,True,"[4.35224466, 0.0, 0.0, -2.17612233, 3.76915444, 0.0, 0.0, 0.0, 6.89749862]",6.0,2.5350000000000003e-05,local
1094_0,bulk,-100.49073187,101.554,True,"[5.89270742, 0.0, -5.89270742, -0.0, 5.89270742, -5.89270742, 0.0, 0.0, 5.89270742]",16.0,0.90270653125,local
1095_36,bulk,-60.19396868,855.518,True,"[3.94190575, 0.0, -2.27586034, 0.0, 36.61948106, 9.10344138, 0.0, 0.0, 4.55172069]",24.0,1.625e-07,local
1100_1,bulk,-42.19595197,50.938,True,"[3.9901084, 0.0, -3.9901084, -0.0, 7.15302781, -3.9901084, 0.0, 0.0, 3.9901084]",7.0,3.38e-05,local
1101_17,bulk,-42.52940528,221.519,True,"[4.87377969, 0.0, 0.0, 0.0, 11.07820727, -4.87377969, 0.0, 0.0, 4.87377969]",10.0,7e-07,local
1101_4,bulk,-85.03967204,1001.618,True,"[4.87377969, 0.0, 4.87377969, 4.87377969, 22.15641454, 0.0, 0.0, 0.0, 4.87377969]",20.0,0.00012359,local
1102_20,bulk,-62.81881971,432.69,True,"[9.06205426, 0.0, 0.0, -0.0, 8.6381278, 5.4148734, 0.0, 0.0, 5.4148734]",20.0,1.4500000000000001e-07,local
1102_21,bulk,-31.38390038,96.305,True,"[5.4148734, 0.0, -4.3190639, -0.0, 9.06205426, -8.6381278, 0.0, 0.0, 4.3190639]",10.0,1.4129999999999999e-05,local
1102_24,bulk,-31.40082881,96.896,True,"[5.4148734, 0.0, 0.0, -0.0, 9.06205426, -8.6381278, 0.0, 0.0, 4.3190639]",10.0,0.00014483,local
1104_27,bulk,-56.87721664,72.019,True,"[4.99541421, 0.0, 0.0, -2.4977071, 4.32615561, 0.0, 0.0, 0.0, 11.99769015]",18.0,2.9933333333333334e-05,local
1106_2,bulk,-78.913209,222.823,True,"[18.14982057, 0.0, 0.0, 1.24775313, 4.59234228, 4.63766221, 0.0, 0.0, 4.63766221]",16.0,2.36875e-06,local
1107_1,bulk,-97.24086917,139.752,True,"[6.05539316, 0.0, -6.05539316, -0.0, 6.05539316, -6.05539316, 0.0, 0.0, 6.05539316]",16.0,9.66875e-06,local
1107_5,bulk,-194.56986964,610.24,True,"[6.05539316, 0.0, 0.0, 0.0, 12.11078632, -6.05539316, 0.0, 0.0, 6.05539316]",32.0,1.334375e-06,local
1108_11,bulk,-74.29223449,539.802,True,"[9.46822817, 0.0, -4.73411409, -0.0, 11.57786105, -4.73411409, 0.0, 0.0, 4.73411409]",20.0,2.65e-07,local
1109_21,bulk,-141.76349569,454.213,True,"[3.6796467, 0.0, -2.12444501, -0.0, 20.62798725, -4.24889003, 0.0, 0.0, 4.24889003]",21.0,0.14599087619047618,local
1110_6,bulk,-141.76755713,106.748,True,"[6.19245051, 0.0, 0.0, 0.0, 6.19245051, 0.0, 0.0, 0.0, 6.19245051]",16.0,4.25e-06,local
1113_37,bulk,-60.92071439,301.579,True,"[7.03526492, 0.0, 0.0, 0.0, 10.39677091, -8.09916089, 0.0, 0.0, 4.04958045]",16.0,4.375e-08,local
1113_54,bulk,-121.79694326,999.223,True,"[4.04958045, 0.0, 0.0, 0.0, 14.07052985, -10.39677091, 0.0, 0.0, 10.39677091]",32.0,4.375e-08,local
1117_39,bulk,-75.51605455,237.685,True,"[3.74022173, 0.0, -2.15941802, -0.0, 27.85364067, 8.6376721, 0.0, 0.0, 4.31883605]",21.0,1.0795238095238096e-05,local
1119_0,bulk,-57.622141,135.344,True,"[11.07170816, 0.0, 0.0, 5.53585408, 3.19612684, 4.01049153, 0.0, 0.0, 4.01049153]",9.0,4.9111111111111114e-05,local
1119_7,bulk,-115.26602546,277.333,True,"[5.53585408, 0.0, -9.58838053, -0.0, 8.02098306, -6.39225369, 0.0, 0.0, 6.39225369]",18.0,9.272222222222222e-06,local
1120_15,bulk,-62.49104196,94.791,True,"[5.75797487, 0.0, 0.0, 0.0, 11.36865623, -5.75797487, 0.0, 0.0, 5.75797487]",16.0,5.899375e-05,local
1120_18,bulk,-62.49104196,86.794,True,"[5.75797487, 0.0, 0.0, 0.0, 11.36865623, -5.75797487, 0.0, 0.0, 5.75797487]",16.0,5.899375e-05,local
1122_33,bulk,-63.48974908,220.525,True,"[4.54936994, 0.0, 0.0, 4.54936994, 7.87973987, 7.30283727, 0.0, 0.0, 7.30283727]",12.0,5.734166666666667e-05,local
1122_34,bulk,-63.48974908,269.943,True,"[4.54936994, 0.0, 0.0, 4.54936994, 7.87973987, 7.30283727, 0.0, 0.0, 7.30283727]",12.0,5.734166666666667e-05,local
1124_10,bulk,-22.1760105,61.068,True,"[5.60066906, 0.0, 0.0, 2.80033453, 4.85032168, 4.59916208, 0.0, 0.0, 4.59916208]",6.0,9.503333333333333e-05,local
1124_17,bulk,-44.35806107,112.859,True,"[5.60066906, 0.0, 0.0, 5.60066906, 9.70064336, 4.59916208, 0.0, 0.0, 4.59916208]",12.0,2.5300000000000002e-05,local
1125_17,bulk,-23.81005123,18.961,True,"[2.80100227, 0.0, 0.0, 0.0, 2.80100227, 0.0, 0.0, 0.0, 6.42227901]",4.0,0.532036775,local
1127_12,bulk,-58.883858,123.304,True,"[4.17980064, 0.0, 0.0, 0.0, 10.47264198, -4.17980064, 0.0, 0.0, 4.17980064]",10.0,2.264e-05,local
1127_15,bulk,-58.89024547,47.549,True,"[4.17980064, 0.0, 0.0, 0.0, 10.47264198, 0.0, 0.0, 0.0, 4.17980064]",10.0,0.00011095,local
1127_17,bulk,-58.89006387,132.935,True,"[4.17980064, 0.0, 4.17980064, 8.35960129, 10.47264198, -0.0, 0.0, 0.0, 4.17980064]",10.0,1.216e-05,local
1130_1,bulk,-54.65973625,71.326,True,"[6.20599203, 0.0, -6.20599203, -0.0, 6.20599203, -6.20599203, 0.0, 0.0, 6.20599203]",16.0,2.06625e-05,local
1131_1,bulk,-58.12791147,68.339,True,"[5.69802252, 0.0, -5.69802252, -0.0, 5.69802252, -5.69802252, 0.0, 0.0, 5.69802252]",16.0,9.4375e-06,local
1141_1,bulk,-60.67418912,42.386,True,"[6.35658278, 0.0, -6.35658278, -0.0, 6.35658278, -6.35658278, 0.0, 0.0, 6.35658278]",16.0,1.785625e-05,local
1146_3,bulk,-53.94893824,125.084,True,"[11.18387267, 0.0, 0.0, 5.59193633, 3.22850595, 4.02327052, 0.0, 0.0, 4.02327052]",9.0,6.433333333333333e-06,local
1147_0,bulk,-76.4287947,101.054,True,"[6.21841568, 0.0, -6.21841568, -0.0, 6.21841568, -6.21841568, 0.0, 0.0, 6.21841568]",16.0,2.824375e-05,local
1157_1,bulk,-58.52071998,85.23,True,"[5.90679723, 0.0, -5.90679723, -0.0, 5.90679723, -5.90679723, 0.0, 0.0, 5.90679723]",16.0,1.1025e-05,local
1158_1,bulk,-75.04185455,84.031,True,"[6.13120436, 0.0, 6.13120436, 6.13120436, 6.13120436, -0.0, 0.0, 0.0, 6.13120436]",16.0,2.5e-08,local
1158_6,bulk,-75.07089714,46.678,True,"[6.13120436, 0.0, 0.0, 0.0, 6.13120436, 0.0, 0.0, 0.0, 6.13120436]",16.0,1.15625e-05,local
1161_4,bulk,-90.15481751,763.409,True,"[9.54522085, 0.0, -7.66150823, -0.0, 11.96763998, -7.66150823, 0.0, 0.0, 7.66150823]",32.0,6.25e-09,local
1166_8,bulk,-113.79869794,140.049,True,"[5.99603055, 0.0, 0.0, 0.0, 5.99603055, -5.99603055, 0.0, 0.0, 5.99603055]",24.0,0.12829324583333332,local
1175_100,bulk,-139.28669516,1145.857,True,"[7.52454658, 0.0, -6.46790185, -0.0, 8.2392088, 6.49518762, 0.0, 0.0, 6.49518762]",24.0,8.333333333333334e-09,local
1175_55,bulk,-69.63768998,138.991,True,"[4.1196044, 0.0, 0.0, 0.0, 4.92559318, -4.23391003, 0.0, 0.0, 9.92232612]",12.0,1.1566666666666667e-05,local
1175_87,bulk,-139.33563027,713.047,True,"[8.578458, 0.0, -6.46790185, 13.20022812, 7.22697604, -6.44061607, 0.0, 0.0, 6.49518762]",24.0,7.5e-08,local
1176_3,bulk,-95.27514437,129.37,True,"[6.5657104, 0.0, 0.0, 0.0, 6.5657104, -6.5657104, 0.0, 0.0, 6.5657104]",16.0,7.75e-06,local
1179_6,bulk,-130.06382753,40.982,True,"[5.94909295, 0.0, 0.0, 0.0, 5.94909295, 0.0, 0.0, 0.0, 5.94909295]",16.0,2.11875e-06,local
1182_5,bulk,-133.15177479,594.049,True,"[7.1375388, 0.0, 0.0, 0.0, 14.27507761, -7.1375388, 0.0, 0.0, 7.1375388]",32.0,0.110581471875,local
1189_2,bulk,-137.59922264,464.561,True,"[4.13462931, 0.0, -4.13462931, 0.0, 20.77547894, -4.13462931, 0.0, 0.0, 4.13462931]",20.0,1.675e-05,local
1190_0,bulk,-51.98114336,84.87,True,"[6.35555563, 0.0, -6.35555563, -0.0, 6.35555563, -6.35555563, 0.0, 0.0, 6.35555563]",16.0,1.9675e-05,local
1191_3,bulk,-49.52044013,135.711,True,"[6.60092678, 0.0, 0.0, 0.0, 6.60092678, -6.60092678, 0.0, 0.0, 6.60092678]",16.0,2.208125e-05,local
1194_7,bulk,-91.57404627,761.729,True,"[4.98360505, 0.0, -4.98360505, -0.0, 22.47334524, -4.98360505, 0.0, 0.0, 4.98360505]",20.0,7.2e-07,local
1195_3,bulk,-123.51779484,154.749,True,"[5.94902163, 0.0, 0.0, 0.0, 5.94902163, -5.94902163, 0.0, 0.0, 5.94902163]",16.0,0.73920559375,local
1197_12,bulk,-23.74494417,53.191,True,"[4.0091415, 0.0, -2.31467893, -0.0, 9.65286449, -4.62935785, 0.0, 0.0, 4.62935785]",6.0,1.5283333333333333e-05,local
1201_11,bulk,-25.82114715,50.716,True,"[3.20702795, 0.0, 0.0, 0.0, 13.49352328, -3.20702795, 0.0, 0.0, 3.20702795]",8.0,4.99e-05,local
1202_16,bulk,-22.45338136,16.764,True,"[2.87455779, 0.0, 0.0, 0.0, 2.87455779, 0.0, 0.0, 0.0, 5.70549982]",4.0,0.0001744,local
1204_16,bulk,-132.64366922,202.331,True,"[4.72594346, 0.0, 0.0, 0.0, 13.55975251, -3.24212276, 0.0, 0.0, 3.24212276]",12.0,4.705e-05,local
1204_1,bulk,-132.64641072,568.902,True,"[4.72594346, 0.0, -3.24212276, -0.0, 13.55975251, -3.24212276, 0.0, 0.0, 3.24212276]",12.0,2.9166666666666664e-07,local
1212_1,bulk,-49.23158007,164.833,True,"[4.4410397, 0.0, -4.4410397, 0.0, 10.35156153, -4.4410397, 0.0, 0.0, 4.4410397]",10.0,2.83e-06,local
1217_30,bulk,-111.02471472,667.823,True,"[14.17329789, 0.0, 0.0, -0.0, 14.08368101, 7.34648106, 0.0, 0.0, 7.34648106]",40.0,5.1075e-06,local
1217_48,bulk,-55.51056699,179.773,True,"[7.04184051, 0.0, 0.0, 0.0, 14.17329789, 0.0, 0.0, 0.0, 7.34648106]",20.0,5.1205e-05,local
1219_11,bulk,-39.92816724,27.799,True,"[3.23405937, 0.0, -1.86718505, 0.0, 7.24962334, -3.7343701, 0.0, 0.0, 3.7343701]",6.0,3.216666666666667e-06,local
1220_46,bulk,-30.97391311,217.699,True,"[11.78301306, 0.0, -10.08259965, 0.54825076, 6.0789032, -7.55452332, 0.0, 0.0, 5.04154176]",12.0,1.1275000000000001e-05,local
1220_56,bulk,-15.4858595,84.478,True,"[6.10357625, 0.0, 2.51298155, 0.5292017, 5.86769075, 7.56207071, 0.0, 0.0, 5.04154176]",6.0,5.666666666666667e-07,local
1220_75,bulk,-30.97332428,293.222,True,"[6.39093405, 0.0, 0.47044318, 3.69486623, 8.56038353, 10.4394586, 0.0, 0.0, 6.60066052]",12.0,1.6666666666666665e-07,local
1221_45,bulk,-44.00786993,140.903,True,"[5.98270973, 0.0, -4.34710468, -0.0, 12.7920563, -8.69420936, 0.0, 0.0, 4.34710468]",12.0,1.2016666666666668e-05,local
1226_4,bulk,-61.73115703,80.675,True,"[7.43684792, 0.0, -8.58733229, 0.0, 9.10222304, -4.29366615, 0.0, 0.0, 4.29366615]",12.0,0.000204925,local
1229_36,bulk,-90.04095012,417.16,True,"[7.97918019, 0.0, 0.0, -0.0, 12.57286542, -10.65761872, 0.0, 0.0, 10.65761872]",32.0,6.8125e-07,local
1229_7,bulk,-45.01777277,235.209,True,"[6.28643271, 0.0, 0.0, 0.0, 10.65761872, -7.97918019, 0.0, 0.0, 7.97918019]",16.0,4.175625e-05,local
1230_11,bulk,-66.95066839,99.157,True,"[3.48289775, 0.0, 0.0, 0.0, 6.05696852, -10.49097722, 0.0, 0.0, 6.99398481]",9.0,1.57e-05,local
1230_39,bulk,-66.95175889,41.726,True,"[6.05696852, 0.0, -3.49699241, 0.0, 3.48289775, 0.0, 0.0, 0.0, 6.99398481]",9.0,1.48e-05,local
1231_0,bulk,-62.79877631,63.607,True,"[5.76277824, 0.0, -5.76277824, -0.0, 5.76277824, -5.76277824, 0.0, 0.0, 5.76277824]",16.0,4.13125e-05,local
1239_3,bulk,-99.4953371,73.558,True,"[5.61663852, 0.0, 0.0, 0.0, 5.61663852, -5.61663852, 0.0, 0.0, 5.61663852]",16.0,0.00031020625,local
1241_4,bulk,-40.35833713,162.679,True,"[8.56667897, 0.0, -9.89194882, -0.0, 8.77288552, -4.94597441, 0.0, 0.0, 4.94597441]",12.0,1.5258333333333334e-05,local
1243_39,bulk,-37.68538101,93.028,True,"[8.007474, 0.0, 0.0, 4.003737, 6.93467591, 7.76144585, 0.0, 0.0, 3.88072292]",9.0,5.242222222222222e-05,local
1243_40,bulk,-37.68835596,26.83,True,"[6.93467591, 0.0, -4.003737, 0.0, 3.88072292, 0.0, 0.0, 0.0, 8.007474]",9.0,5.635555555555555e-05,local
1243_44,bulk,-75.36558633,449.312,True,"[13.86935182, 0.0, 0.0, 0.0, 8.007474, -3.88072292, 0.0, 0.0, 3.88072292]",18.0,2.6611111111111112e-06,local
1253_0,bulk,-52.05506804,413.512,True,"[11.3577643, 0.0, -4.51964237, 0.0, 8.36431069, -4.51964237, 0.0, 0.0, 4.51964237]",16.0,1.8125e-06,local
1253_10,bulk,-52.0319059,533.332,True,"[8.36431069, 0.0, 0.0, 0.0, 11.3577643, -4.51964237, 0.0, 0.0, 4.51964237]",16.0,1.25e-08,local
1254_4,bulk,-77.92073895,151.787,True,"[13.64562235, 0.0, 0.0, 6.82281117, 3.93915187, 6.5482029, 0.0, 0.0, 3.27410145]",9.0,0.00020054444444444445,local
1261_16,bulk,-19.91695275,60.07,True,"[4.59391998, 0.0, 0.0, 0.0, 11.08835495, -4.59391998, 0.0, 0.0, 4.59391998]",8.0,7.165e-05,local
1261_23,bulk,-19.9151249,62.53,True,"[4.59391998, 0.0, 4.59391998, 9.18783995, 11.08835495, -0.0, 0.0, 0.0, 4.59391998]",8.0,1.33875e-05,local
1262_1,bulk,-118.85820595,130.166,True,"[6.06853951, 0.0, -6.06853951, -0.0, 6.06853951, -6.06853951, 0.0, 0.0, 6.06853951]",16.0,1.075052875,local
1263_5,bulk,-70.50902505,92.67,True,"[13.56794292, 0.0, 0.0, 6.78397146, 3.91672775, 7.18999848, 0.0, 0.0, 3.59499924]",9.0,7.707777777777778e-05,local
1266_50,bulk,-53.835407,61.923,True,"[4.02139171, 0.0, 0.0, 0.0, 7.11687554, 0.0, 0.0, 0.0, 9.29834002]",16.0,1.67875e-05,local
1269_3,bulk,-84.14710631,212.431,True,"[7.08561109, 0.0, -7.08561109, -0.0, 7.08561109, -7.08561109, 0.0, 0.0, 7.08561109]",24.0,1.4583333333333332e-07,local
1272_15,bulk,-64.33767758,69.322,True,"[3.9251688, 0.0, 0.0, -0.0, 5.71924256, 9.9060187, 0.0, 0.0, 6.60401247]",9.0,0.7264052,local
1272_35,bulk,-64.34172105,94.941,True,"[6.60401247, 0.0, 0.0, 3.30200623, 5.71924256, 3.9251688, 0.0, 0.0, 3.9251688]",9.0,0.7232348222222222,local
1273_6,bulk,-32.61976629,60.703,True,"[8.16261332, 0.0, 0.0, 0.0, 8.16261332, 0.0, 0.0, 0.0, 8.16261332]",16.0,0.00075095625,local
1276_0,bulk,-44.75212466,100.393,True,"[6.36819914, 0.0, -6.36819914, -0.0, 6.36819914, -6.36819914, 0.0, 0.0, 6.36819914]",16.0,3.11875e-06,local
1278_3,bulk,-37.02743985,142.497,True,"[12.95430917, 0.0, 0.0, 6.47715458, 3.73958694, 4.00263887, 0.0, 0.0, 4.00263887]",9.0,1.2911111111111111e-05,local
1278_52,bulk,-37.03979508,23.625,True,"[7.47917388, 0.0, 0.0, -3.73958694, 6.47715458, 0.0, 0.0, 0.0, 4.00263887]",9.0,0.00016843333333333333,local
1279_25,bulk,-136.44033074,416.514,True,"[3.71068553, 0.0, 0.0, 0.0, 13.38970193, -15.46109602, 0.0, 0.0, 7.73054801]",18.0,3.1166666666666668e-06,local
1279_2,bulk,-68.21319734,165.394,True,"[13.38970193, 0.0, 0.0, 6.69485096, 3.86527401, 3.71068553, 0.0, 0.0, 3.71068553]",9.0,0.00011854444444444445,local
1279_35,bulk,-68.2172378,109.855,True,"[7.73054801, 0.0, 0.0, 3.86527401, 6.69485096, 7.42137105, 0.0, 0.0, 3.71068553]",9.0,0.00013802222222222222,local
1280_20,bulk,-268.62148268,1224.703,True,"[4.5468117, 0.0, 0.0, 0.0, 13.03153362, -6.49343734, 0.0, 0.0, 6.49343734]",32.0,1.5828125e-05,local
1280_24,bulk,-134.3189717,246.451,True,"[6.51576681, 0.0, 0.0, -0.0, 6.49343734, 4.5468117, 0.0, 0.0, 4.5468117]",16.0,2.4375e-07,local
1281_38,bulk,-81.72125022,243.134,True,"[5.78157287, 0.0, 0.0, -0.0, 9.91013174, 10.82038891, 0.0, 0.0, 8.21898301]",20.0,8.9195e-05,local
1284_32,bulk,-119.37267185,265.938,True,"[3.68557998, 0.0, 0.0, 0.0, 10.69290063, -12.34709811, 0.0, 0.0, 6.17354906]",18.0,1.1436729888888888,local
1284_35,bulk,-59.68389053,168.189,True,"[6.17354906, 0.0, 0.0, 3.08677453, 5.34645031, 3.68557998, 0.0, 0.0, 3.68557998]",9.0,1.1441954,local
1284_47,bulk,-119.3670354,257.294,True,"[10.69290063, 0.0, 0.0, 0.0, 6.17354906, -3.68557998, 0.0, 0.0, 3.68557998]",18.0,1.14393285,local
1285_25,bulk,-133.21172844,234.596,True,"[8.03587322, 0.0, 0.0, 8.03587322, 8.03587322, 11.04341584, 0.0, 0.0, 11.04341584]",32.0,9.375e-08,local
1289_73,bulk,-156.49966187,1070.957,True,"[11.95226129, 0.0, -2.49784735, 17.67043466, 10.49566783, 3.42163928, 0.0, 0.0, 8.41733399]",40.0,0.0001781225,local
1291_0,bulk,-89.10629462,114.358,True,"[6.17617282, 0.0, 6.17617282, 6.17617282, 6.17617282, -0.0, 0.0, 0.0, 6.17617282]",16.0,3.406875e-05,local
1292_9,bulk,-105.56233406,229.239,True,"[16.42431412, 0.0, 0.0, 3.28486282, 6.56972565, 4.19491745, 0.0, 0.0, 4.19491745]",20.0,2.481e-05,local
1295_36,bulk,-71.62966579,114.377,True,"[7.82583055, 0.0, 0.0, 3.91291528, 6.77736807, 7.23595566, 0.0, 0.0, 3.61797783]",9.0,1.3277777777777779e-05,local
1295_5,bulk,-71.63058341,90.304,True,"[13.55473613, 0.0, 0.0, 6.77736807, 3.91291528, 7.23595566, 0.0, 0.0, 3.61797783]",9.0,1.6055555555555554e-05,local
1296_0,bulk,-28.87975887,53.656,True,"[3.15805025, 0.0, -5.46990349, 0.0, 5.92312401, -3.64660233, 0.0, 0.0, 3.64660233]",4.0,0.69490605,local
1296_4,bulk,-28.87815492,42.413,True,"[5.92312401, 0.0, 0.0, 0.0, 3.15805025, -5.46990349, 0.0, 0.0, 3.64660233]",4.0,0.6915419,local
1298_6,bulk,-69.29419958,220.587,True,"[6.69531854, 0.0, 11.59663188, 6.69531854, 8.24804526, 3.86554396, 0.0, 0.0, 7.73108792]",18.0,0.0001247,local
1299_26,bulk,-122.53014921,353.395,True,"[9.33232023, 0.0, 0.0, 9.33232023, 9.33232023, 4.01187516, 0.0, 0.0, 4.01187516]",20.0,4e-08,local
1299_30,bulk,-122.53493588,136.005,True,"[6.59894692, 0.0, 0.0, -0.0, 13.19789383, 4.01187516, 0.0, 0.0, 4.01187516]",20.0,8.828e-05,local
1299_8,bulk,-122.53653709,204.655,True,"[14.75569389, 0.0, 0.0, 2.95113878, 5.90227755, 4.01187516, 0.0, 0.0, 4.01187516]",20.0,0.00010166000000000001,local
1300_6,bulk,-68.58955102,22.319,True,"[6.09394083, 0.0, 0.0, 0.0, 6.09394083, 0.0, 0.0, 0.0, 6.09394083]",16.0,4.63125e-06,local
1301_5,bulk,-212.62342701,470.491,True,"[6.44759297, 0.0, 0.0, 0.0, 12.89518594, -6.44759297, 0.0, 0.0, 6.44759297]",32.0,2.2121875e-05,local
1302_44,bulk,-62.44459934,105.852,True,"[3.2804619, 0.0, 0.0, 0.0, 4.08296529, 0.0, 0.0, 0.0, 9.85942038]",8.0,0.000380875,local
1302_45,bulk,-62.44459934,108.845,True,"[3.2804619, 0.0, 0.0, 0.0, 4.08296529, 0.0, 0.0, 0.0, 9.85942038]",8.0,0.000380875,local
1307_17,bulk,-41.61329282,191.307,True,"[4.7836999, 0.0, 0.0, 0.0, 11.00415986, -4.7836999, 0.0, 0.0, 4.7836999]",10.0,1.9e-07,local
1310_5,bulk,-151.58615653,417.363,True,"[6.45822981, 0.0, 0.0, 0.0, 12.91645962, -6.45822981, 0.0, 0.0, 6.45822981]",32.0,1.64e-05,local
1314_16,bulk,-20.28429938,14.8,True,"[3.79022749, 0.0, -2.18828886, 0.0, 5.64599402, 0.0, 0.0, 0.0, 4.37657772]",4.0,6.9825e-05,local
1316_0,bulk,-15.79825823,30.764,True,"[2.95142092, 0.0, -2.95142092, -0.0, 7.37986699, -2.95142092, 0.0, 0.0, 2.95142092]",4.0,1.955e-05,local
1316_2,bulk,-31.60615639,90.422,True,"[2.95142092, 0.0, 2.95142092, 2.95142092, 14.75973397, 0.0, 0.0, 0.0, 2.95142092]",8.0,1.0375e-06,local
1317_54,bulk,-77.82674475,131.372,True,"[4.37615012, 0.0, 0.0, 0.0, 7.6381404, 0.0, 0.0, 0.0, 10.92841359]",16.0,0.00032370625,local
1327_28,bulk,-190.09780012,709.491,True,"[7.67444153, 0.0, -1.71039384, -0.0, 11.4051655, -9.88962227, 0.0, 0.0, 9.88962227]",40.0,0.000165605,local
1327_65,bulk,-190.07207552,1299.598,True,"[11.21142068, 0.0, -2.15130777, 16.62171214, 9.81960793, 3.56011298, 0.0, 0.0, 7.86272853]",40.0,6e-08,local
1328_41,bulk,-150.90295894,1077.222,True,"[10.5050818, 0.0, 0.0, -0.0, 8.68785115, 7.37601519, 0.0, 0.0, 7.37601519]",32.0,1.90625e-07,local
1329_11,bulk,-58.68047107,370.131,True,"[7.78848358, 0.0, -8.99336619, -0.0, 14.97937529, -4.49668309, 0.0, 0.0, 4.49668309]",20.0,3e-08,local
1333_5,bulk,-71.41140413,254.172,True,"[7.7865383, 0.0, -3.89326915, -0.0, 5.92246159, -3.89326915, 0.0, 0.0, 3.89326915]",12.0,0.677262675,local
1336_1,bulk,-35.07640435,48.836,True,"[12.56295194, 0.0, 0.0, 6.28147597, 3.62661184, 4.31131354, 0.0, 0.0, 4.31131354]",9.0,4.558888888888889e-05,local
1336_45,bulk,-70.14415625,91.358,True,"[12.56295194, 0.0, 0.0, 0.0, 7.25322368, -4.31131354, 0.0, 0.0, 4.31131354]",18.0,0.00011390555555555557,local
1336_50,bulk,-70.14836257,128.472,True,"[7.25322368, 0.0, 0.0, 7.25322368, 12.56295194, 4.31131354, 0.0, 0.0, 4.31131354]",18.0,0.00010921666666666667,local
1338_3,bulk,-122.1789625,188.696,True,"[6.33426838, 0.0, 0.0, 0.0, 6.33426838, -6.33426838, 0.0, 0.0, 6.33426838]",16.0,1.4625e-06,local
1339_24,bulk,-54.22343828,154.786,True,"[5.94548128, 0.0, 0.0, 5.94548128, 5.94548128, 6.64210371, 0.0, 0.0, 6.64210371]",12.0,0.00011970833333333333,local
1341_1,bulk,-75.01696251,668.585,True,"[3.58933933, 0.0, -6.21691808, 0.0, 21.05889982, -4.14461206, 0.0, 0.0, 4.14461206]",16.0,1.44375e-06,local
1341_20,bulk,-75.02480713,316.587,True,"[3.58933933, 0.0, -2.07230603, -0.0, 21.05889982, -4.14461206, 0.0, 0.0, 4.14461206]",16.0,5.43375e-05,local
1343_119,bulk,-154.64876375,487.607,True,"[10.38774165, 0.0, 0.0, -8.37388956, 14.70284046, -3.66948519, 0.0, 0.0, 3.66948519]",24.0,1.8333333333333333e-07,local
1343_128,bulk,-77.32147036,77.734,True,"[9.02641071, 0.0, -5.14092271, 0.0, 3.66948519, 0.0, 0.0, 0.0, 8.4601351]",12.0,4.1733333333333336e-05,local
1343_38,bulk,-77.32321464,225.43,True,"[10.38774165, 0.0, -7.33897039, 6.20079687, 7.35142023, 0.0, 0.0, 0.0, 3.66948519]",12.0,8.333333333333334e-09,local
1344_3,bulk,-189.25437189,429.834,True,"[5.95761705, 0.0, -5.95761705, 0.0, 11.91523411, -5.95761705, 0.0, 0.0, 5.95761705]",24.0,1.5162500000000001e-05,local
1352_16,bulk,-76.57409462,128.735,True,"[8.69676404, 0.0, 5.9400163, 8.69676404, 8.95115804, -0.0, 0.0, 0.0, 5.9400163]",20.0,1.023e-05,local
1352_1,bulk,-38.21943189,61.925,True,"[5.9400163, 0.0, -4.34838202, -0.0, 8.95115804, -4.34838202, 0.0, 0.0, 4.34838202]",10.0,8.8e-07,local
1352_21,bulk,-38.22436157,60.629,True,"[5.9400163, 0.0, -4.34838202, -0.0, 8.95115804, -8.69676404, 0.0, 0.0, 4.34838202]",10.0,2.848e-05,local
1354_1,bulk,-132.63761448,469.661,True,"[6.91238765, 0.0, -6.91238765, -0.0, 6.91238765, -6.91238765, 0.0, 0.0, 6.91238765]",24.0,6.817083333333333e-05,local
1357_12,bulk,-50.77216965,80.978,True,"[4.3486588, 0.0, 0.0, 0.0, 10.28875218, -4.3486588, 0.0, 0.0, 4.3486588]",10.0,0.0,local
1357_20,bulk,-50.75342117,21.569,True,"[4.3486588, 0.0, 0.0, 0.0, 4.3486588, 0.0, 0.0, 0.0, 10.28875218]",10.0,4.22e-06,local
1360_20,bulk,-63.6670587,479.142,True,"[8.5089285, 0.0, -4.25446425, -0.0, 11.36537357, -4.25446425, 0.0, 0.0, 4.25446425]",20.0,1.2500000000000002e-07,local
1360_39,bulk,-63.6924809,552.887,True,"[4.25446425, 0.0, 0.0, 0.0, 22.73074714, -4.25446425, 0.0, 0.0, 4.25446425]",20.0,4e-08,local
1362_0,bulk,-79.01212301,124.083,True,"[11.1063773, 0.0, 0.0, 5.55318865, 3.20613496, 3.48384394, 0.0, 0.0, 3.48384394]",9.0,0.23535520000000001,local
1362_29,bulk,-158.03128363,454.931,True,"[3.48384394, 0.0, 0.0, 0.0, 11.1063773, -12.82453985, 0.0, 0.0, 6.41226993]",18.0,0.23037870000000002,local
1362_48,bulk,-158.02329579,700.951,True,"[6.41226993, 0.0, 0.0, 6.41226993, 11.1063773, 3.48384394, 0.0, 0.0, 3.48384394]",18.0,0.22949636666666665,local
1364_18,bulk,-14.9699346,39.32,True,"[4.47197006, 0.0, 0.0, 0.0, 7.49521557, -4.47197006, 0.0, 0.0, 4.47197006]",6.0,3.3333333333333334e-08,local
1364_9,bulk,-29.94833778,64.163,True,"[8.94394012, 0.0, -4.47197006, 0.0, 7.49521557, -4.47197006, 0.0, 0.0, 4.47197006]",12.0,5.921666666666667e-05,local
1368_3,bulk,-69.70240125,127.011,True,"[6.17852714, 0.0, 0.0, 0.0, 6.17852714, -6.17852714, 0.0, 0.0, 6.17852714]",16.0,1.185e-05,local
1370_30,bulk,-64.54870535,149.188,True,"[6.92198369, 0.0, 0.0, 3.46099185, 5.99461372, 3.31404851, 0.0, 0.0, 3.31404851]",9.0,0.00022886666666666668,local
1372_1,bulk,-122.51662534,236.695,True,"[9.74723528, 0.0, 5.8610566, 11.07521381, 7.20796301, 0.0, 0.0, 0.0, 5.8610566]",20.0,3.543e-05,local
1372_49,bulk,-122.52991541,237.548,True,"[5.8610566, 0.0, 0.0, 0.0, 7.20796301, -1.32797853, 0.0, 0.0, 9.74723528]",20.0,2.875e-05,local
1372_85,bulk,-122.52922148,292.244,True,"[9.74723528, 0.0, 0.0, -1.32797853, 7.20796301, -5.8610566, 0.0, 0.0, 5.8610566]",20.0,3.1015e-05,local
1377_55,bulk,-68.99220192,167.842,True,"[4.34004856, 0.0, 0.0, 0.0, 8.17318526, 0.0, 0.0, 0.0, 11.18261923]",16.0,5.108125e-05,local
1377_62,bulk,-68.99220176,125.219,True,"[4.34004856, 0.0, 0.0, 0.0, 11.18261923, 0.0, 0.0, 0.0, 8.17318526]",16.0,5.25e-05,local
1378_3,bulk,-140.79989497,111.965,True,"[5.99449587, 0.0, 0.0, 0.0, 5.99449587, -5.99449587, 0.0, 0.0, 5.99449587]",16.0,9.96875e-06,local
1380_16,bulk,-74.60181439,586.396,True,"[5.48459316, 0.0, -3.16653134, 0.0, 21.87917231, -6.33306267, 0.0, 0.0, 6.33306267]",24.0,1.4166666666666668e-07,local
1382_3,bulk,-57.63193449,117.542,True,"[13.38047918, 0.0, 0.0, 6.69023959, 3.86261163, 3.8027292, 0.0, 0.0, 3.8027292]",9.0,0.061339211111111104,local
1382_8,bulk,-57.63340044,122.538,True,"[3.8027292, 0.0, 0.0, 0.0, 6.69023959, -11.58783488, 0.0, 0.0, 7.72522326]",9.0,0.059576533333333334,local
1388_6,bulk,-45.56584789,39.091,True,"[6.27877694, 0.0, 0.0, 0.0, 6.27877694, 0.0, 0.0, 0.0, 6.27877694]",16.0,1.800625e-05,local
1391_36,bulk,-71.00617686,34.154,True,"[4.1998672, 0.0, 0.0, 0.0, 4.1998672, 0.0, 0.0, 0.0, 9.80833028]",10.0,1.671e-05,local
1391_4,bulk,-142.01756511,172.653,True,"[4.1998672, 0.0, 4.1998672, 4.1998672, 19.61666055, 0.0, 0.0, 0.0, 4.1998672]",20.0,3.08e-05,local
1393_6,bulk,-86.09888934,144.994,True,"[12.11519104, 0.0, 0.0, 6.05759552, 3.49735441, 6.87169594, 0.0, 0.0, 3.43584797]",9.0,3.3333333333333334e-08,local
1394_22,bulk,-46.87119341,46.024,True,"[3.51701535, 0.0, 0.0, -0.0, 7.91969609, -7.03403069, 0.0, 0.0, 3.51701535]",6.0,8.333333333333333e-08,local
1397_10,bulk,-19.64702434,17.808,True,"[3.66435251, 0.0, -2.11561491, 0.0, 8.26761791, -4.23122982, 0.0, 0.0, 4.23122982]",6.0,0.0005398,local
1400_3,bulk,-137.08805457,225.665,True,"[5.93052301, 0.0, 0.0, 0.0, 5.93052301, -5.93052301, 0.0, 0.0, 5.93052301]",16.0,0.13299101875,local
1403_23,bulk,-15.84263074,19.975,True,"[3.62361194, 0.0, -2.09209333, -0.0, 6.78473513, -4.18418666, 0.0, 0.0, 4.18418666]",5.0,2e-08,local
1403_9,bulk,-31.67799643,65.258,True,"[3.62361194, 0.0, -6.27627999, -0.0, 13.56947025, -4.18418666, 0.0, 0.0, 4.18418666]",10.0,2.88e-06,local
1404_12,bulk,-63.96684271,85.568,True,"[3.90831432, 0.0, 0.0, 0.0, 13.53346553, -3.90831432, 0.0, 0.0, 3.90831432]",10.0,0.77652455,local
1407_28,bulk,-65.81197583,94.974,True,"[4.1133538, 0.0, 0.0, -0.0, 7.34689128, 12.22525091, 0.0, 0.0, 6.4026652]",12.0,1.1683333333333332e-05,local
1407_36,bulk,-131.63156317,431.706,True,"[4.1133538, 0.0, 0.0, 0.0, 10.03577853, 1.42080416, 0.0, 0.0, 9.37439682]",24.0,1.8258333333333334e-05,local
1408_27,bulk,-57.28012207,153.604,True,"[6.30627636, 0.0, 0.0, 0.0, 12.63521665, -6.30627636, 0.0, 0.0, 6.30627636]",14.0,0.7144666428571428,local
1409_10,bulk,-56.70997134,71.486,True,"[4.02017166, 0.0, 0.0, 0.0, 10.23582616, -4.02017166, 0.0, 0.0, 4.02017166]",10.0,0.27885667000000003,local
1411_16,bulk,-57.43140465,125.847,True,"[5.07357851, 0.0, 0.0, 0.0, 4.50643085, -4.24675389, 0.0, 0.0, 4.24675389]",8.0,1.99625e-05,local
1411_43,bulk,-114.86726599,475.95,True,"[8.49350778, 0.0, 4.50643085, 4.24675389, 5.07357851, -0.0, 0.0, 0.0, 4.50643085]",16.0,3.125e-08,local
1414_13,bulk,-74.04381263,81.415,True,"[3.71106147, 0.0, 0.0, 0.0, 6.35720116, -11.0109954, 0.0, 0.0, 7.3406636]",9.0,4.644444444444445e-05,local
1415_1,bulk,-103.61872596,155.714,True,"[6.54456752, 0.0, -6.54456752, -0.0, 6.54456752, -6.54456752, 0.0, 0.0, 6.54456752]",16.0,6.438125e-05,local
1418_3,bulk,-77.71334083,194.536,True,"[13.35512412, 0.0, 0.0, 6.67756206, 3.85529225, 3.62211214, 0.0, 0.0, 3.62211214]",9.0,2.3555555555555555e-06,local
1422_19,bulk,-117.75887078,227.288,True,"[5.76485554, 0.0, 0.0, 0.0, 12.1998569, 0.04366127, 0.0, 0.0, 5.76690073]",20.0,7.5565e-05,local
1422_34,bulk,-58.8656044,60.72,True,"[5.76690073, 0.0, 0.0, -2.86161973, 6.09992845, 0.0, 0.0, 0.0, 5.76485554]",10.0,8.8e-06,local
1422_8,bulk,-117.74810065,288.814,True,"[5.76690073, 0.0, -5.76485554, 0.04366127, 12.1998569, 0.0, 0.0, 0.0, 5.76485554]",20.0,6.921e-05,local
1424_0,bulk,-99.22487224,179.166,True,"[9.92265951, 0.0, 5.76634051, 11.5267163, 7.60258004, 0.0, 0.0, 0.0, 5.76634051]",20.0,7.748e-05,local
1424_76,bulk,-99.25455742,304.008,True,"[9.92265951, 0.0, 0.0, -1.6040568, 7.60258004, -5.76634051, 0.0, 0.0, 5.76634051]",20.0,5.87e-06,local
1425_21,bulk,-50.12968613,70.528,True,"[7.41966575, 0.0, 0.0, -0.0, 6.62076556, 4.28374602, 0.0, 0.0, 4.28374602]",10.0,3.32e-05,local
1427_0,bulk,-53.06787305,134.835,True,"[3.66386072, 0.0, -3.66386072, -0.0, 7.16792412, -3.66386072, 0.0, 0.0, 3.66386072]",6.0,3.3333333333333334e-08,local
1427_21,bulk,-106.12409563,116.215,True,"[5.18148153, 0.0, 0.0, 5.18148153, 5.18148153, 7.16792412, 0.0, 0.0, 7.16792412]",12.0,9.35e-05,local
1429_1,bulk,-143.56204963,344.389,True,"[10.59726073, 0.0, 4.21560963, 15.4305034, 8.83304249, 0.0, 0.0, 0.0, 4.21560963]",20.0,8.09e-06,local
1429_34,bulk,-143.57088732,443.119,True,"[4.21560963, 0.0, 0.0, -0.0, 9.29654635, 15.15576791, 0.0, 0.0, 10.06890631]",20.0,7.849999999999999e-07,local
1432_43,bulk,-149.09592495,653.685,True,"[18.69137617, 0.0, 0.0, 4.03432458, 7.68968813, 7.2307166, 0.0, 0.0, 7.2307166]",40.0,2.49e-06,local
1432_56,bulk,-74.54657348,163.213,True,"[7.2307166, 0.0, 0.0, 0.0, 16.55175111, -8.68372491, 0.0, 0.0, 4.34186246]",20.0,2.995e-06,local
1435_24,bulk,-110.82524152,496.304,True,"[7.7495661, 0.0, 5.01949274, 7.7495661, 6.68611229, -0.0, 0.0, 0.0, 5.01949274]",20.0,0.09873665000000001,local
1439_1,bulk,-113.92451191,106.147,True,"[6.12735673, 0.0, -6.12735673, -0.0, 6.12735673, -6.12735673, 0.0, 0.0, 6.12735673]",16.0,1.59375e-06,local
1440_12,bulk,-37.34930068,95.71,True,"[3.99934922, 0.0, 0.0, 0.0, 6.70219216, -11.60853734, 0.0, 0.0, 7.7390249]",9.0,2.222222222222222e-08,local
1440_43,bulk,-74.66418316,447.793,True,"[13.40438432, 0.0, 0.0, 0.0, 7.7390249, -3.99934922, 0.0, 0.0, 3.99934922]",18.0,1.7111111111111112e-06,local
1440_45,bulk,-74.66418316,407.99,True,"[13.40438432, 0.0, 0.0, 0.0, 7.7390249, -3.99934922, 0.0, 0.0, 3.99934922]",18.0,1.7111111111111112e-06,local
1441_18,bulk,-57.29628223,177.644,True,"[7.19150852, 0.0, 0.0, -0.0, 7.19150852, 3.34415565, 0.0, 0.0, 3.34415565]",10.0,6e-08,local
1446_30,bulk,-223.37936949,722.51,True,"[5.88145198, 0.0, -3.39565788, -0.0, 8.31379098, -6.79131577, 0.0, 0.0, 6.79131577]",24.0,0.0,local
1448_1,bulk,-83.97648052,46.737,True,"[5.68440758, 0.0, -5.68440758, 0.0, 5.68440758, -5.68440758, 0.0, 0.0, 5.68440758]",16.0,0.00029245625,local
1449_11,bulk,-76.67647777,418.406,True,"[7.1386368, 0.0, 7.1386368, 7.1386368, 9.45690651, 0.0, 0.0, 0.0, 7.1386368]",16.0,0.0,local
1449_21,bulk,-153.35342492,1472.573,True,"[14.27727359, 0.0, -7.1386368, 0.0, 9.45690651, -7.1386368, 0.0, 0.0, 7.1386368]",32.0,0.0,local
1449_25,bulk,-153.35342492,1480.032,True,"[14.27727359, 0.0, -7.1386368, 0.0, 9.45690651, -7.1386368, 0.0, 0.0, 7.1386368]",32.0,0.0,local
1456_2,bulk,-15.59766618,26.96,True,"[3.916012, 0.0, -6.78273174, -0.0, 7.50788304, -4.52182116, 0.0, 0.0, 4.52182116]",5.0,0.0,local
1458_1,bulk,-52.874961,196.373,True,"[13.22042375, 0.0, 0.0, 6.61021187, 3.81640761, 3.52990039, 0.0, 0.0, 3.52990039]",9.0,2.0444444444444443e-06,local
1458_25,bulk,-105.75486316,421.979,True,"[3.52990039, 0.0, 0.0, 0.0, 13.22042375, -15.26563042, 0.0, 0.0, 7.63281521]",18.0,9.505555555555557e-06,local
1458_38,bulk,-52.8665705,48.024,True,"[6.61021187, 0.0, -3.81640761, 0.0, 3.52990039, 0.0, 0.0, 0.0, 7.63281521]",9.0,4.093333333333334e-05,local
1459_11,bulk,-53.69722276,90.182,True,"[4.02135056, 0.0, 0.0, 0.0, 11.01811825, -4.02135056, 0.0, 0.0, 4.02135056]",10.0,1.129e-05,local
1459_2,bulk,-107.37570764,529.322,True,"[4.02135056, 0.0, -4.02135056, -0.0, 22.0362365, -4.02135056, 0.0, 0.0, 4.02135056]",20.0,2.045e-06,local
1462_1,bulk,-55.90322829,417.33,True,"[11.26112702, 0.0, -4.47522254, -0.0, 8.4728323, -4.47522254, 0.0, 0.0, 4.47522254]",16.0,8.125e-08,local
1462_45,bulk,-55.95289333,419.391,True,"[4.47522254, 0.0, 0.0, -0.0, 11.26112702, 8.4728323, 0.0, 0.0, 8.4728323]",16.0,0.0,local
1462_56,bulk,-55.88088642,172.889,True,"[4.47522254, 0.0, 0.0, 0.0, 8.4728323, 0.0, 0.0, 0.0, 11.26112702]",16.0,9.2325e-05,local
1467_1,bulk,-125.08805505,100.819,True,"[6.12907771, 0.0, -6.12907771, 0.0, 6.12907771, -6.12907771, 0.0, 0.0, 6.12907771]",16.0,0.00010735,local
1468_0,bulk,-51.78811405,87.591,True,"[3.66395035, 0.0, -6.34614816, 0.0, 8.3265186, -4.23076544, 0.0, 0.0, 4.23076544]",8.0,0.0003417125,local
1468_15,bulk,-51.75368493,36.511,True,"[3.66395035, 0.0, -2.11538272, -0.0, 8.3265186, -4.23076544, 0.0, 0.0, 4.23076544]",8.0,8.60875e-05,local
1472_3,bulk,-115.87375575,372.802,True,"[8.20507123, 0.0, -4.10253562, -0.0, 7.28692505, -4.10253562, 0.0, 0.0, 4.10253562]",16.0,0.66930896875,local
1473_36,bulk,-94.75987158,349.61,True,"[5.9307666, 0.0, 0.0, -0.0, 15.16939935, 9.36086743, 0.0, 0.0, 9.36086743]",32.0,1.884375e-06,local
1473_9,bulk,-47.38664663,115.091,True,"[5.9307666, 0.0, 0.0, 0.0, 9.36086743, -7.58469968, 0.0, 0.0, 7.58469968]",16.0,3.60125e-05,local
1478_5,bulk,-83.70328972,267.34,True,"[6.56709722, 0.0, 0.0, 0.0, 13.13419445, -6.56709722, 0.0, 0.0, 6.56709722]",32.0,5.098125e-05,local
1480_4,bulk,-168.39048146,396.312,True,"[5.98866583, 0.0, -5.98866583, 0.0, 11.97733166, -5.98866583, 0.0, 0.0, 5.98866583]",24.0,0.00010392083333333334,local
1484_20,bulk,-42.02255289,35.502,True,"[4.21837736, 0.0, 0.0, 0.0, 4.21837736, 0.0, 0.0, 0.0, 10.95254931]",10.0,3.721e-05,local
1485_9,bulk,-85.74441845,234.946,True,"[10.15270031, 0.0, 0.0, 0.0, 8.93220589, -4.46610295, 0.0, 0.0, 4.46610295]",20.0,6.5e-08,local
1488_8,bulk,-134.50828884,4484.776,True,"[7.31127901, 0.0, 0.0, 0.0, 7.2302863, -3.61514315, 0.0, 0.0, 3.61514315]",16.0,0.13502266875,local
1492_21,bulk,-100.24884109,383.408,True,"[8.91786518, 0.0, 0.0, 0.0, 10.69118329, -7.20150755, 0.0, 0.0, 7.20150755]",32.0,8.75625e-06,local
1493_6,bulk,-71.95008332,36.237,True,"[6.61814349, 0.0, 0.0, 0.0, 6.61814349, 0.0, 0.0, 0.0, 6.61814349]",16.0,3.35375e-05,local
1494_16,bulk,-137.19082869,357.067,True,"[4.55472138, 0.0, 0.0, 0.0, 13.614145, -3.20906027, 0.0, 0.0, 3.20906027]",12.0,1.9941666666666666e-05,local
1494_21,bulk,-274.34996272,808.737,True,"[6.41812053, 0.0, 4.55472138, 6.41812053, 13.614145, 0.0, 0.0, 0.0, 4.55472138]",24.0,1.1958333333333332e-06,local
1494_28,bulk,-137.15330566,391.979,True,"[4.55472138, 0.0, -3.20906027, -0.0, 13.614145, -6.41812053, 0.0, 0.0, 3.20906027]",12.0,1.3958333333333333e-05,local
1497_28,bulk,-141.84759165,354.948,True,"[9.418896, 0.0, 0.0, 4.7322093, 8.67990768, 7.97117847, 0.0, 0.0, 3.98558924]",20.0,0.00029675000000000003,local
1497_38,bulk,-283.6856354,644.868,True,"[3.98558924, 0.0, 0.0, 0.0, 16.53944485, -18.90324105, 0.0, 0.0, 9.88608124]",40.0,5.6732500000000006e-05,local
1497_4,bulk,-141.84034164,433.734,True,"[9.88608124, 0.0, 3.98558924, 14.39466115, 8.26972243, 0.0, 0.0, 0.0, 3.98558924]",20.0,7.5749999999999995e-06,local
1498_0,bulk,-70.2821742,88.352,True,"[6.08895082, 0.0, -6.08895082, -0.0, 6.08895082, -6.08895082, 0.0, 0.0, 6.08895082]",16.0,2.038125e-05,local
1501_15,bulk,-37.84311263,109.351,True,"[4.11156634, 0.0, -2.37381393, -0.0, 20.17324652, -4.74762787, 0.0, 0.0, 4.74762787]",12.0,4.916666666666667e-07,local
1503_20,bulk,-156.84463706,345.789,True,"[17.41734791, 0.0, 0.0, 4.97638512, 4.30967593, 3.91598859, 0.0, 0.0, 3.91598859]",18.0,2.9611111111111113e-06,local
1505_0,bulk,-65.4995201,126.063,True,"[6.1088037, 0.0, 6.1088037, 6.1088037, 6.1088037, -0.0, 0.0, 0.0, 6.1088037]",16.0,9.9125e-06,local
1506_30,bulk,-140.1628088,209.969,True,"[11.06329292, 0.0, 0.0, 2.90116311, 7.46833898, 5.72079314, 0.0, 0.0, 5.72079314]",24.0,0.00026402083333333334,local
1506_33,bulk,-70.07524569,41.122,True,"[4.00602155, 0.0, 0.0, -0.0, 10.31252838, 5.72079314, 0.0, 0.0, 5.72079314]",12.0,0.00026165833333333333,local
1506_3,bulk,-140.19182214,180.943,True,"[10.31252838, 0.0, -4.00602155, 0.0, 11.44158628, -4.00602155, 0.0, 0.0, 4.00602155]",24.0,6.896666666666666e-05,local
1507_46,bulk,-87.29854154,181.833,True,"[4.01417962, 0.0, 0.0, -0.0, 9.54886921, 6.70007837, 0.0, 0.0, 6.70007837]",16.0,1.775e-06,local
1512_5,bulk,-259.67940095,213.943,True,"[6.38198483, 0.0, 0.0, 0.0, 12.76396965, -6.38198483, 0.0, 0.0, 6.38198483]",32.0,4.6759375e-05,local
1513_21,bulk,-64.47888151,116.148,True,"[5.20116001, 0.0, 0.0, 5.20116001, 5.20116001, 6.47261677, 0.0, 0.0, 6.47261677]",12.0,0.6059161916666667,local
1513_24,bulk,-64.47627946,113.357,True,"[3.67777551, 0.0, 0.0, -0.0, 7.35555102, 6.47261677, 0.0, 0.0, 6.47261677]",12.0,0.6076791833333334,local
1514_17,bulk,-83.72160017,136.52,True,"[4.31387479, 0.0, 0.0, 0.0, 19.84334819, -4.31387479, 0.0, 0.0, 4.31387479]",16.0,8.563125e-05,local
1514_6,bulk,-41.87477204,94.19,True,"[9.9216741, 0.0, 0.0, 0.0, 4.31387479, -4.31387479, 0.0, 0.0, 4.31387479]",8.0,0.0,local
1514_8,bulk,-83.76909335,223.883,True,"[8.62774959, 0.0, -4.31387479, -0.0, 9.9216741, -4.31387479, 0.0, 0.0, 4.31387479]",16.0,2.5e-08,local
1517_3,bulk,-50.80140263,158.011,True,"[5.26577006, 0.0, 3.4707157, 5.29849944, 5.92490705, 0.0, 0.0, 0.0, 3.4707157]",8.0,2.7875e-05,local
1517_51,bulk,-101.60307201,436.867,True,"[10.53154012, 0.0, 3.4707157, 5.29849944, 5.92490705, 0.0, 0.0, 0.0, 3.4707157]",16.0,1.4475e-05,local
1517_86,bulk,-101.59954286,396.881,True,"[5.26568972, 0.0, -0.02908784, -0.0, 6.94143139, 5.92499745, 0.0, 0.0, 5.92499745]",16.0,2.19625e-05,local
1518_31,bulk,,,False,,,,local
1518_55,bulk,-74.19936002,310.275,True,"[7.73070207, 0.0, 0.0, -0.0, 15.07057479, 14.16740051, 0.0, 0.0, 7.08370025]",20.0,3.2499999999999996e-07,local
1518_5,bulk,-148.40364707,787.869,True,"[15.07057479, 0.0, -7.73070207, -0.0, 14.16740051, -7.73070207, 0.0, 0.0, 7.73070207]",40.0,1.23e-06,local
1521_3,bulk,-104.93758313,138.07,True,"[6.48540888, 0.0, 0.0, 0.0, 6.48540888, -6.48540888, 0.0, 0.0, 6.48540888]",16.0,1.933125e-05,local
1524_0,bulk,-88.6643195,301.405,True,"[5.25416886, 0.0, -5.0960857, -0.0, 7.1148449, -5.0960857, 0.0, 0.0, 5.0960857]",12.0,0.9616995416666666,local
1524_17,bulk,-177.33866257,563.448,True,"[7.1148449, 0.0, 0.0, -0.0, 10.19217139, 5.25416886, 0.0, 0.0, 5.25416886]",24.0,0.9561994541666667,local
1525_1,bulk,-29.4729761,71.161,True,"[4.67357186, 0.0, -4.67357186, 0.0, 7.51404593, -4.67357186, 0.0, 0.0, 4.67357186]",7.0,4.654285714285714e-05,local
1526_11,bulk,-36.67754259,78.672,True,"[5.94064364, 0.0, 0.0, 0.0, 8.66790153, -4.52161134, 0.0, 0.0, 4.52161134]",10.0,3.4620000000000004e-05,local
1528_12,bulk,-32.98457956,44.651,True,"[4.14336361, 0.0, 0.0, 0.0, 6.67228118, -4.14336361, 0.0, 0.0, 4.14336361]",7.0,2.0542857142857143e-05,local
1534_3,bulk,-111.26239942,82.433,True,"[6.37140713, 0.0, 0.0, 0.0, 6.37140713, -6.37140713, 0.0, 0.0, 6.37140713]",16.0,4.97e-05,local
1535_16,bulk,-124.26407696,207.615,True,"[2.76072908, 0.0, 0.0, 0.0, 14.05327412, -7.02663706, 0.0, 0.0, 7.02663706]",20.0,6.999999999999999e-08,local
1535_29,bulk,-124.23869435,118.969,True,"[7.02663706, 0.0, 0.0, -0.0, 14.05327412, 2.76072908, 0.0, 0.0, 2.76072908]",20.0,5.05e-07,local
1537_25,bulk,-158.47808493,478.554,True,"[3.56948539, 0.0, 0.0, 0.0, 13.41555433, -15.4909478, 0.0, 0.0, 7.7454739]",18.0,4.838888888888889e-06,local
1537_2,bulk,-79.23994431,116.311,True,"[13.41555433, 0.0, 0.0, 6.70777716, 3.87273695, 3.56948539, 0.0, 0.0, 3.56948539]",9.0,6.163333333333333e-05,local
1537_32,bulk,-79.23835963,118.43,True,"[7.7454739, 0.0, 0.0, 3.87273695, 6.70777716, 3.56948539, 0.0, 0.0, 3.56948539]",9.0,6.344444444444445e-05,local
1538_18,bulk,-101.16922064,125.765,True,"[3.70059147, 0.0, 0.0, 0.0, 14.56551061, -3.70059147, 0.0, 0.0, 3.70059147]",12.0,7.033333333333334e-05,local
1539_16,bulk,-33.51574612,52.708,True,"[4.0346703, 0.0, 0.0, 0.0, 15.60936643, 0.0, 0.0, 0.0, 4.0346703]",10.0,7.804e-05,local
1546_21,bulk,-78.77555322,194.472,True,"[3.79018312, 0.0, 0.0, 0.0, 13.55838245, -7.58036623, 0.0, 0.0, 3.79018312]",12.0,4.069166666666667e-05,local
1547_0,bulk,-97.22019635,147.737,True,"[6.6255389, 0.0, -6.6255389, -0.0, 6.6255389, -6.6255389, 0.0, 0.0, 6.6255389]",16.0,1.741875e-05,local
1548_36,bulk,-62.00423832,92.175,True,"[6.48978209, 0.0, 0.0, 3.24489104, 5.62031615, 3.9629247, 0.0, 0.0, 3.9629247]",9.0,0.6125316666666667,local
1548_38,bulk,-62.00423832,96.233,True,"[6.48978209, 0.0, 0.0, 3.24489104, 5.62031615, 3.9629247, 0.0, 0.0, 3.9629247]",9.0,0.6125316666666667,local
1548_39,bulk,-124.01038718,147.458,True,"[5.62031615, 0.0, -3.24489104, 0.0, 7.9258494, -6.48978209, 0.0, 0.0, 6.48978209]",18.0,0.6051629222222222,local
1550_28,bulk,-79.73465728,285.962,True,"[4.11391474, 0.0, 0.0, 0.0, 13.16857276, -15.20575805, 0.0, 0.0, 7.60287903]",18.0,7.644444444444445e-06,local
1550_35,bulk,-39.86383204,97.62,True,"[7.60287903, 0.0, 0.0, 3.80143951, 6.58428638, 4.11391474, 0.0, 0.0, 4.11391474]",9.0,0.00013415555555555556,local
1550_45,bulk,-79.72996157,178.02,True,"[13.16857276, 0.0, 0.0, 0.0, 7.60287903, -4.11391474, 0.0, 0.0, 4.11391474]",18.0,7.836111111111112e-05,local
1551_3,bulk,-163.80213322,240.664,True,"[5.95700217, 0.0, 0.0, -0.0, 5.95700217, 5.95700217, 0.0, 0.0, 5.95700217]",16.0,1.59875e-05,local
1552_1,bulk,-59.75832387,78.971,True,"[3.53084464, 0.0, -6.1156023, -0.0, 10.96762696, -4.0770682, 0.0, 0.0, 4.0770682]",12.0,0.0002785833333333333,local
1556_5,bulk,-66.36005358,486.845,True,"[8.45847127, 0.0, 0.0, 0.0, 16.91694254, -8.45847127, 0.0, 0.0, 8.45847127]",32.0,5.715625e-06,local
1559_35,bulk,-148.95491776,1137.076,True,"[13.00732065, 0.0, 10.5631236, 6.50366032, 6.07600385, -0.0, 0.0, 0.0, 10.5631236]",40.0,2.0999999999999997e-07,local
1559_59,bulk,-148.9341842,1383.821,True,"[6.50366032, 0.0, 0.0, -0.0, 21.12624719, 6.07600385, 0.0, 0.0, 6.07600385]",40.0,1.1925e-06,local
1559_6,bulk,-148.92169436,959.528,True,"[10.5631236, 0.0, -6.50366032, -0.0, 12.1520077, -6.50366032, 0.0, 0.0, 6.50366032]",40.0,9.30375e-05,local
1560_1,bulk,-77.31848764,69.254,True,"[7.36162081, 0.0, -7.36162081, -0.0, 7.36162081, -7.36162081, 0.0, 0.0, 7.36162081]",16.0,5.35375e-05,local
1564_3,bulk,-33.12389268,152.889,True,"[8.57305654, 0.0, 0.0, 0.0, 8.57305654, -8.57305654, 0.0, 0.0, 8.57305654]",16.0,0.0003209,local
1566_1,bulk,-94.16094281,99.709,True,"[5.49320058, 0.0, 5.49320058, 5.49320058, 5.49320058, -0.0, 0.0, 0.0, 5.49320058]",16.0,7.1075e-05,local
1575_24,bulk,-48.13841573,477.546,True,"[4.65315009, 0.0, 0.0, 4.65315009, 8.05949238, 7.29753727, 0.0, 0.0, 7.29753727]",12.0,8.333333333333334e-09,local
1575_26,bulk,-24.06462647,23.671,True,"[4.65315009, 0.0, 0.0, -2.32657505, 4.02974619, 0.0, 0.0, 0.0, 7.29753727]",6.0,9.201666666666668e-05,local
1575_28,bulk,-24.06462647,18.816,True,"[4.65315009, 0.0, 0.0, -2.32657505, 4.02974619, 0.0, 0.0, 0.0, 7.29753727]",6.0,9.201666666666668e-05,local
1576_16,bulk,-15.50344305,36.73,True,"[4.61662097, 0.0, 0.0, 0.0, 8.02433764, -4.61662097, 0.0, 0.0, 4.61662097]",6.0,8.578333333333334e-05,local
1576_9,bulk,-31.00772886,84.88,True,"[9.23324194, 0.0, -4.61662097, -0.0, 8.02433764, -4.61662097, 0.0, 0.0, 4.61662097]",12.0,3.4108333333333333e-05,local
1581_22,bulk,-160.54113207,453.565,True,"[14.41812179, 0.0, 0.0, 0.0, 12.41958298, -6.50964526, 0.0, 0.0, 6.50964526]",40.0,6.975e-07,local
1581_32,bulk,-80.25936007,223.052,True,"[19.42637799, 0.0, 0.0, 4.36267445, 4.83141316, 6.20979149, 0.0, 0.0, 6.20979149]",20.0,5.442999999999999e-05,local
1581_37,bulk,-160.51927569,533.934,True,"[15.81953594, 0.0, 0.0, 5.35736087, 11.86594329, 6.20979149, 0.0, 0.0, 6.20979149]",40.0,3.3375e-06,local
1582_19,bulk,-163.57902747,450.603,True,"[6.4900941, 0.0, 0.0, 0.0, 10.39348946, -6.4900941, 0.0, 0.0, 6.4900941]",28.0,3.995714285714286e-05,local
1583_1,bulk,-31.05694404,98.753,True,"[6.78842132, 0.0, -6.78842132, -0.0, 6.78842132, -6.78842132, 0.0, 0.0, 6.78842132]",16.0,3.088125e-05,local
1584_26,bulk,-70.60337375,110.886,True,"[10.46719332, 0.0, 0.0, -0.0, 8.12344264, 7.93575191, 0.0, 0.0, 7.93575191]",20.0,1.717e-05,local
1584_37,bulk,-70.61540847,227.361,True,"[4.06172132, 0.0, 0.0, 0.0, 20.93438664, -7.93575191, 0.0, 0.0, 7.93575191]",20.0,7.35e-07,local
1584_43,bulk,-35.30480031,48.566,True,"[4.06172132, 0.0, 0.0, 0.0, 7.93575191, 0.0, 0.0, 0.0, 10.46719332]",10.0,4.812e-05,local
1585_11,bulk,-20.7032548,66.419,True,"[3.32804381, 0.0, 0.0, 0.0, 13.52247548, -3.32804381, 0.0, 0.0, 3.32804381]",8.0,9.34875e-05,local
1585_17,bulk,-10.34738574,16.484,True,"[3.32804381, 0.0, 0.0, 0.0, 3.32804381, 0.0, 0.0, 0.0, 6.76123774]",4.0,9.29e-05,local
1587_19,bulk,-39.44256699,87.615,True,"[3.75852487, 0.0, -2.16998534, -0.0, 17.14701432, -8.67994137, 0.0, 0.0, 4.33997069]",12.0,0.00015829166666666666,local
1591_5,bulk,-246.14702816,684.76,True,"[5.82232379, 0.0, 0.0, 0.0, 11.64464759, -5.82232379, 0.0, 0.0, 5.82232379]",32.0,0.491295628125,local
1601_29,bulk,-86.8607356,1208.624,True,"[13.90895413, 0.0, 0.0, 6.01531594, 6.89077119, 8.12091148, 0.0, 0.0, 8.12091148]",32.0,3.4375e-08,local
1601_55,bulk,-43.50507704,114.623,True,"[4.57347662, 0.0, 0.0, 0.0, 8.12091148, 0.0, 0.0, 0.0, 10.47817978]",16.0,0.00014075625,local
1602_19,bulk,-167.70581526,404.777,True,"[6.46533681, 0.0, 0.0, 0.0, 10.38763659, -6.46533681, 0.0, 0.0, 6.46533681]",28.0,3.4424999999999997e-05,local
1604_12,bulk,-16.65889996,50.737,True,"[4.2082057, 0.0, 0.0, 2.10410285, 3.64441304, 3.79825723, 0.0, 0.0, 3.79825723]",3.0,4.4e-06,local
1604_22,bulk,-33.3141274,74.346,True,"[4.2082057, 0.0, 0.0, 4.2082057, 7.28882609, 3.79825723, 0.0, 0.0, 3.79825723]",6.0,3.9233333333333336e-05,local
1605_0,bulk,-90.93634563,268.18,True,"[8.12789024, 0.0, -5.11586884, -0.0, 5.24909739, -5.11586884, 0.0, 0.0, 5.11586884]",16.0,3.125e-08,local
1605_29,bulk,-90.9298754,119.81,True,"[5.11586884, 0.0, 0.0, -0.0, 8.12789024, 5.24909739, 0.0, 0.0, 5.24909739]",16.0,1.178125e-05,local
1606_0,bulk,-105.78898192,64.526,True,"[5.67616681, 0.0, -5.67616681, -0.0, 5.67616681, -5.67616681, 0.0, 0.0, 5.67616681]",16.0,3.96e-05,local
1607_3,bulk,-166.29889924,165.406,True,"[6.39251793, 0.0, 0.0, -0.0, 6.39251793, 6.39251793, 0.0, 0.0, 6.39251793]",16.0,2.830625e-05,local
1609_28,bulk,-213.86691156,1444.084,True,"[7.67703586, 0.0, -0.05149146, -0.0, 19.36209059, -5.58184815, 0.0, 0.0, 5.58184815]",36.0,9.166666666666667e-08,local
1609_3,bulk,-106.93560068,337.872,True,"[9.68104529, 0.0, -5.58184815, 0.0, 7.67703586, -5.63333961, 0.0, 0.0, 5.58184815]",18.0,1.111111111111111e-08,local
1610_15,bulk,-87.47046953,154.706,True,"[10.02946028, 0.0, -5.80003259, 8.33242164, 7.60465303, 0.0, 0.0, 0.0, 5.80003259]",20.0,3.1015e-05,local
1610_28,bulk,-174.89321568,471.095,True,"[7.60465303, 0.0, -1.69703864, -0.0, 11.60006518, -10.02946028, 0.0, 0.0, 10.02946028]",40.0,0.0001848675,local
1610_34,bulk,-174.92039759,487.097,True,"[15.17827007, 0.0, -2.18442288, 6.31286502, 7.48104976, 5.60728347, 0.0, 0.0, 7.79170635]",40.0,0.0001982775,local
1611_33,bulk,-50.9851159,48.13,True,"[4.58172902, 0.0, 0.0, 0.0, 4.58172902, 0.0, 0.0, 0.0, 10.37628495]",10.0,7.083e-05,local
1613_19,bulk,-52.16368343,254.543,True,"[19.53027959, 0.0, 0.0, 5.58007988, 4.83249093, 4.50995916, 0.0, 0.0, 4.50995916]",18.0,7.926666666666666e-05,local
1615_1,bulk,-66.91256521,195.749,True,"[16.98007234, 0.0, 0.0, 1.08419571, 4.15141436, 4.08329343, 0.0, 0.0, 4.08329343]",12.0,3.5166666666666667e-06,local
1615_31,bulk,-133.86325191,681.752,True,"[16.98007234, 0.0, 0.0, 2.16839141, 8.30282872, 4.08329343, 0.0, 0.0, 4.08329343]",24.0,6.175e-06,local
1616_0,bulk,-19.89703351,25.897,True,"[5.76698429, 0.0, 0.0, 2.88349214, 2.88349214, 3.81481127, 0.0, 0.0, 3.81481127]",4.0,1.8e-06,local
1617_1,bulk,-46.94312574,239.531,True,"[4.47437488, 0.0, -4.47437488, 0.0, 10.86694376, -4.47437488, 0.0, 0.0, 4.47437488]",10.0,3e-08,local
1620_41,bulk,-72.80990034,514.108,True,"[5.50112075, 0.0, 0.0, 0.0, 18.62849032, -12.86399183, 0.0, 0.0, 10.13071961]",36.0,3.872222222222222e-06,local
1620_84,bulk,-36.40646017,119.455,True,"[10.13071961, 0.0, 0.0, -1.36663611, 9.31424516, -5.50112075, 0.0, 0.0, 5.50112075]",18.0,3.078888888888889e-05,local
1622_5,bulk,-313.49299339,866.389,True,"[6.07058979, 0.0, 0.0, 0.0, 12.14117958, -6.07058979, 0.0, 0.0, 6.07058979]",32.0,1.825e-06,local
1623_0,bulk,-153.66391648,113.823,True,"[6.24400654, 0.0, -6.24400654, -0.0, 6.24400654, -6.24400654, 0.0, 0.0, 6.24400654]",16.0,3.54375e-06,local
1624_29,bulk,-82.43163341,642.242,True,"[13.99697183, 0.0, 0.0, 5.65229914, 6.86779341, 8.30440075, 0.0, 0.0, 8.30440075]",32.0,2.5625e-05,local
1624_33,bulk,-41.28306206,299.505,True,"[10.80741175, 0.0, -8.89466536, -0.0, 8.30440075, -4.44733268, 0.0, 0.0, 4.44733268]",16.0,6.8125e-07,local
1624_53,bulk,-82.55307112,614.375,True,"[4.44733268, 0.0, 0.0, 0.0, 16.60880149, -10.80741175, 0.0, 0.0, 10.80741175]",32.0,6.25e-07,local
1628_47,bulk,-139.90420073,995.464,True,"[4.48521764, 0.0, 0.0, 0.0, 14.98966849, -11.33024935, 0.0, 0.0, 11.33024935]",32.0,2.9375e-07,local
1631_1,bulk,-15.73553912,35.875,True,"[3.85718293, 0.0, -6.68083681, -0.0, 7.2312878, -4.45389121, 0.0, 0.0, 4.45389121]",5.0,9.328e-05,local
1632_19,bulk,-48.28044373,326.804,True,"[20.48229863, 0.0, 0.0, 5.85208532, 5.06805455, 4.71880576, 0.0, 0.0, 4.71880576]",18.0,6.978888888888889e-05,local
1632_29,bulk,-48.29427688,245.141,True,"[4.71880576, 0.0, 0.0, 0.0, 13.40881198, -15.48316241, 0.0, 0.0, 7.74158121]",18.0,8.67e-05,local
1632_32,bulk,-48.29427688,242.918,True,"[4.71880576, 0.0, 0.0, 0.0, 13.40881198, -15.48316241, 0.0, 0.0, 7.74158121]",18.0,8.67e-05,local
1633_21,bulk,-62.4328,66.614,True,"[5.48704955, 0.0, 0.0, 5.48704955, 5.48704955, 6.52291929, 0.0, 0.0, 6.52291929]",12.0,0.6872379583333333,local
1634_13,bulk,-107.7334853,305.949,True,"[3.99832387, 0.0, 0.0, 0.0, 19.34580277, -3.99832387, 0.0, 0.0, 3.99832387]",20.0,6.712499999999999e-05,local
1636_6,bulk,-107.83579882,30.68,True,"[5.73182064, 0.0, 0.0, 0.0, 5.73182064, 0.0, 0.0, 0.0, 5.73182064]",16.0,5.331875e-05,local
1638_57,bulk,-76.12688595,169.78,True,"[6.66838832, 0.0, 0.0, 0.0, 5.80924004, 0.0, 0.0, 0.0, 14.07671751]",20.0,2.6269999999999998e-05,local
1640_2,bulk,-75.16536902,226.215,True,"[13.54507183, 0.0, 0.0, 6.77253591, 3.91012543, 3.67178713, 0.0, 0.0, 3.67178713]",9.0,1.4444444444444443e-06,local
1640_35,bulk,-75.16543179,166.827,True,"[7.82025087, 0.0, 0.0, 3.91012543, 6.77253591, 7.34357426, 0.0, 0.0, 3.67178713]",9.0,4.666666666666666e-07,local
1640_39,bulk,-75.16350409,47.817,True,"[6.77253591, 0.0, -3.91012543, 0.0, 3.67178713, 0.0, 0.0, 0.0, 7.82025087]",9.0,3.944444444444445e-06,local
1641_6,bulk,-185.28372574,98.586,True,"[6.28269399, 0.0, 0.0, 0.0, 6.28269399, 0.0, 0.0, 0.0, 6.28269399]",16.0,1.48125e-06,local
1643_17,bulk,-32.35934989,24.138,True,"[3.78353604, 0.0, -2.18442555, -0.0, 6.90207447, -4.3688511, 0.0, 0.0, 4.3688511]",6.0,3.34e-05,local
1643_30,bulk,-64.71523737,110.623,True,"[7.56707208, 0.0, 0.0, -0.0, 6.90207447, 4.3688511, 0.0, 0.0, 4.3688511]",12.0,2.96e-05,local
1645_30,bulk,-77.40918105,78.383,True,"[7.93509147, 0.0, 0.0, 3.96754574, 6.87199079, 3.34701923, 0.0, 0.0, 3.34701923]",9.0,4.033333333333333e-06,local
1645_32,bulk,-77.40918105,61.105,True,"[7.93509147, 0.0, 0.0, 3.96754574, 6.87199079, 3.34701923, 0.0, 0.0, 3.34701923]",9.0,4.033333333333333e-06,local
1649_10,bulk,-122.2952059,326.769,True,"[14.86968193, 0.0, 0.0, 0.0, 8.18239586, -4.09119793, 0.0, 0.0, 4.09119793]",20.0,1.265e-06,local
1650_5,bulk,-153.72253697,283.2,True,"[6.43036909, 0.0, 0.0, 0.0, 12.86073818, -6.43036909, 0.0, 0.0, 6.43036909]",32.0,2.79375e-06,local
1652_16,bulk,-141.38968947,825.708,True,"[21.19571554, 0.0, 0.0, 6.05591873, 5.24457946, 3.4819478, 0.0, 0.0, 3.4819478]",18.0,8.328888888888889e-05,local
1654_1,bulk,-38.86326125,181.984,True,"[3.880595, 0.0, -6.72138771, -0.0, 20.44970296, -4.48092514, 0.0, 0.0, 4.48092514]",12.0,1.8208333333333333e-05,local
1657_1,bulk,-38.53129543,86.688,True,"[6.2484168, 0.0, 6.2484168, 6.2484168, 6.2484168, -0.0, 0.0, 0.0, 6.2484168]",12.0,4.9083333333333335e-06,local
1661_37,bulk,-28.76843368,159.946,True,"[5.14423551, 0.0, 0.0, 0.0, 6.20150446, -5.36246466, 0.0, 0.0, 12.01412514]",12.0,2.1033333333333334e-05,local
1661_62,bulk,-57.57187549,2857.497,True,"[10.44273178, 0.0, -7.85822593, 15.81721906, 8.95352074, -7.51799562, 0.0, 0.0, 8.19845625]",24.0,0.0,local
1661_67,bulk,-57.52558752,595.375,True,"[5.14423551, 0.0, 0.0, 0.0, 18.1755317, -7.51799562, 0.0, 0.0, 8.19845625]",24.0,3.829166666666666e-06,local
1662_19,bulk,-60.48967753,76.357,True,"[3.74996293, 0.0, 0.0, 0.0, 12.24953119, -3.74996293, 0.0, 0.0, 3.74996293]",12.0,0.00022875,local
1662_25,bulk,-60.4838368,151.065,True,"[3.74996293, 0.0, 0.0, -0.0, 7.49992585, 6.12476559, 0.0, 0.0, 6.12476559]",12.0,0.010852491666666667,local
1670_35,bulk,-63.6569328,343.444,True,"[7.90467599, 0.0, 0.0, 0.0, 10.62961933, -8.88149849, 0.0, 0.0, 4.44074925]",16.0,8.2e-06,local
1670_60,bulk,-63.65768239,185.137,True,"[4.44074925, 0.0, 0.0, 0.0, 10.62961933, 0.0, 0.0, 0.0, 7.90467599]",16.0,0.0005233625,local
1672_5,bulk,-259.28921119,708.147,True,"[6.16432546, 0.0, 0.0, 0.0, 12.32865093, -6.16432546, 0.0, 0.0, 6.16432546]",32.0,2.261594378125,local
1674_3,bulk,-132.04571831,132.927,True,"[5.99151755, 0.0, 0.0, -0.0, 5.99151755, 5.99151755, 0.0, 0.0, 5.99151755]",16.0,0.49835913125,local
1676_16,bulk,-126.50564865,551.394,True,"[18.21644111, 0.0, 0.0, 5.20469746, 4.50740022, 3.44746566, 0.0, 0.0, 3.44746566]",18.0,1.2233333333333334e-05,local
1676_2,bulk,-63.25299567,107.082,True,"[11.92546004, 0.0, 0.0, 5.96273002, 3.44258378, 3.44746566, 0.0, 0.0, 3.44746566]",9.0,2.4633333333333334e-05,local
1676_33,bulk,-63.25127068,104.29,True,"[6.88516756, 0.0, 0.0, 3.44258378, 5.96273002, 3.44746566, 0.0, 0.0, 3.44746566]",9.0,8.333333333333333e-07,local
1677_7,bulk,-58.14690393,127.357,True,"[3.69861532, 0.0, 0.0, 0.0, 14.20165013, -3.9298669, 0.0, 0.0, 3.9298669]",10.0,3.889e-05,local
1684_12,bulk,-100.90187355,110.639,True,"[7.24226291, 0.0, 0.0, 0.0, 7.37464584, -3.68732292, 0.0, 0.0, 3.68732292]",12.0,8.516666666666668e-06,local
1686_17,bulk,-58.34476816,95.861,True,"[3.945392, 0.0, -3.945392, -0.0, 10.74061958, -7.89078399, 0.0, 0.0, 3.945392]",10.0,7.4e-07,local
1686_3,bulk,-116.69308918,297.507,True,"[3.945392, 0.0, -3.945392, 0.0, 21.48123917, -3.945392, 0.0, 0.0, 3.945392]",20.0,1.4295000000000001e-05,local
1688_28,bulk,-32.0602872,20.691,True,"[4.07716708, 0.0, -2.35395351, 0.0, 7.45625623, 0.0, 0.0, 0.0, 4.70790702]",6.0,2.2516666666666667e-05,local
1688_30,bulk,-64.11045565,225.915,True,"[8.15433416, 0.0, 0.0, -0.0, 7.45625623, 4.70790702, 0.0, 0.0, 4.70790702]",12.0,1.5e-07,local
1694_6,bulk,-116.06369315,211.14,True,"[8.7217197, 0.0, -4.36085985, -0.0, 10.16392901, -4.36085985, 0.0, 0.0, 4.36085985]",20.0,3.8999999999999997e-07,local
1695_14,bulk,-125.05935622,708.014,True,"[18.88829049, 0.0, 0.0, 5.39665443, 4.67363983, 3.60711219, 0.0, 0.0, 3.60711219]",18.0,5.888888888888889e-07,local
1696_38,bulk,-60.66965394,108.484,True,"[7.62158158, 0.0, 0.0, 3.81079079, 6.60048326, 7.60349741, 0.0, 0.0, 3.80174871]",9.0,1.8822222222222222e-05,local
1700_0,bulk,-77.85013888,43.271,True,"[6.02498942, 0.0, -6.02498942, -0.0, 6.02498942, -6.02498942, 0.0, 0.0, 6.02498942]",16.0,4.081875e-05,local
1700_1,bulk,-77.85013888,39.462,True,"[6.02498942, 0.0, -6.02498942, -0.0, 6.02498942, -6.02498942, 0.0, 0.0, 6.02498942]",16.0,4.081875e-05,local
1702_20,bulk,-35.94194048,41.134,True,"[3.13783318, 0.0, 0.0, 0.0, 7.93352322, 0.0, 0.0, 0.0, 3.13783318]",6.0,1.7116666666666668e-05,local
1706_0,bulk,-22.78207914,24.362,True,"[3.95984947, 0.0, -6.85866047, 0.0, 8.43633504, -4.57244031, 0.0, 0.0, 4.57244031]",6.0,9.066666666666667e-06,local
1706_14,bulk,-45.64902167,91.471,True,"[3.95984947, 0.0, -2.28622016, -0.0, 16.87267009, -4.57244031, 0.0, 0.0, 4.57244031]",12.0,7.991666666666667e-06,local
1708_25,bulk,-140.35504255,491.901,True,"[3.66804316, 0.0, 0.0, 0.0, 13.50551879, -15.59482981, 0.0, 0.0, 7.79741491]",18.0,2.577777777777778e-06,local
1710_21,bulk,-29.89433061,41.816,True,"[7.96582922, 0.0, 0.0, -0.0, 4.99352713, 4.59907364, 0.0, 0.0, 4.59907364]",6.0,2.6433333333333333e-05,local
1710_23,bulk,-29.89887341,70.289,True,"[4.59907364, 0.0, 0.0, 4.59907364, 7.96582922, 4.99352713, 0.0, 0.0, 4.99352713]",6.0,1.1666666666666667e-07,local
1710_9,bulk,-29.88881669,35.191,True,"[4.99352713, 0.0, 0.0, 0.0, 7.96582922, -9.19814728, 0.0, 0.0, 4.59907364]",6.0,1.2283333333333333e-05,local
1712_9,bulk,-106.19725061,237.56,True,"[4.63139183, 0.0, 0.0, 0.0, 8.54579886, -8.54579886, 0.0, 0.0, 8.54579886]",18.0,0.0,local
1713_10,bulk,-92.04686079,485.213,True,"[2.91428871, 0.0, -2.91428871, -0.0, 17.42162191, -2.91428871, 0.0, 0.0, 2.91428871]",12.0,0.023637616666666666,local
1713_17,bulk,-92.06005589,521.469,True,"[5.82857741, 0.0, -2.91428871, -0.0, 8.71081095, -2.91428871, 0.0, 0.0, 2.91428871]",12.0,0.019285816666666667,local
1714_52,bulk,-132.06909392,186.988,True,"[6.03063935, 0.0, -3.48179125, 0.0, 8.32921082, 6.9635825, 0.0, 0.0, 6.9635825]",24.0,4.504166666666667e-06,local
1718_1,bulk,-97.75081312,60.431,True,"[6.00222918, 0.0, -6.00222918, -0.0, 6.00222918, -6.00222918, 0.0, 0.0, 6.00222918]",16.0,4.020625e-05,local
1718_6,bulk,-97.78289428,36.358,True,"[6.00222918, 0.0, 0.0, 0.0, 6.00222918, 0.0, 0.0, 0.0, 6.00222918]",16.0,4.5175e-05,local
1720_16,bulk,-46.00134896,36.975,True,"[3.19424034, 0.0, 0.0, 0.0, 8.07830149, -3.19424034, 0.0, 0.0, 3.19424034]",6.0,1.2100000000000001e-05,local
1720_18,bulk,-92.00199335,129.708,True,"[3.19424034, 0.0, 0.0, 0.0, 16.15660297, -3.19424034, 0.0, 0.0, 3.19424034]",12.0,6e-07,local
1720_29,bulk,-46.00048128,15.319,True,"[3.19424034, 0.0, 0.0, 0.0, 3.19424034, 0.0, 0.0, 0.0, 8.07830149]",6.0,9.450000000000001e-06,local
1723_16,bulk,-63.13071033,133.678,True,"[4.23281296, 0.0, 4.23281296, 8.46562591, 10.87832783, -0.0, 0.0, 0.0, 4.23281296]",10.0,4.143e-05,local
1726_36,bulk,-77.04223888,191.288,True,"[6.08357801, 0.0, 0.0, 0.0, 14.60300164, -13.14828284, 0.0, 0.0, 6.57414142]",20.0,0.00012774500000000002,local
1728_26,bulk,-65.49115313,537.523,True,"[3.62865068, 0.0, -2.09500245, 0.0, 33.2285703, 4.1900049, 0.0, 0.0, 4.1900049]",24.0,1.2083333333333335e-07,local
1731_12,bulk,-15.03910488,37.532,True,"[3.96369403, 0.0, -2.28843982, -0.0, 10.74729728, -4.57687963, 0.0, 0.0, 4.57687963]",6.0,7.233333333333333e-06,local
1734_10,bulk,-35.67341154,123.119,True,"[4.5207406, 0.0, 0.0, 0.0, 10.82102397, -4.5207406, 0.0, 0.0, 4.5207406]",10.0,7.366999999999999e-05,local
1734_16,bulk,-35.66486761,118.339,True,"[4.5207406, 0.0, -4.5207406, -0.0, 10.82102397, -9.0414812, 0.0, 0.0, 4.5207406]",10.0,1.68e-05,local
1735_17,bulk,-21.71904968,44.372,True,"[4.2100829, 0.0, 0.0, 0.0, 10.51959895, -4.2100829, 0.0, 0.0, 4.2100829]",8.0,6.3e-06,local
1736_20,bulk,-66.41346016,251.857,True,"[4.51841561, 0.0, 0.0, 0.0, 21.76951933, -3.9788227, 0.0, 0.0, 3.9788227]",16.0,4.64875e-05,local
1739_11,bulk,-88.01122777,157.924,True,"[6.88125811, 0.0, 0.0, 0.0, 10.29950435, -4.04958969, 0.0, 0.0, 4.04958969]",16.0,6.28125e-06,local
1739_53,bulk,-176.08413549,529.035,True,"[4.04958969, 0.0, 0.0, 0.0, 13.76251622, -10.29950435, 0.0, 0.0, 10.29950435]",32.0,1.40625e-07,local
1742_13,bulk,-127.50491336,428.709,True,"[8.34935933, 0.0, 0.0, 0.0, 10.85508404, -4.06509237, 0.0, 0.0, 4.06509237]",20.0,0.07714708,local
1747_1,bulk,-119.98574765,105.107,True,"[6.11665706, 0.0, -6.11665706, -0.0, 6.11665706, -6.11665706, 0.0, 0.0, 6.11665706]",16.0,5.084375e-05,local
1748_39,bulk,-130.2282748,421.046,True,"[3.95615254, 0.0, 0.0, -0.0, 19.87621174, 5.54687355, 0.0, 0.0, 5.54687355]",24.0,1.5541666666666667e-06,local
1749_3,bulk,-22.71229184,82.871,True,"[6.86305688, 0.0, 0.0, 0.0, 6.86305688, -6.86305688, 0.0, 0.0, 6.86305688]",16.0,8.4125e-06,local
1750_91,bulk,-49.28539972,728.389,True,"[4.5115313, 0.0, 0.0, 0.0, 15.48183517, -7.27877687, 0.0, 0.0, 7.35426969]",24.0,7.083333333333334e-08,local
1757_17,bulk,-91.35664489,262.647,True,"[19.68969476, 0.0, 0.0, 5.62562707, 4.87193596, 4.10925007, 0.0, 0.0, 4.10925007]",18.0,4.012777777777778e-05,local
1757_18,bulk,-91.35664489,214.221,True,"[19.68969476, 0.0, 0.0, 5.62562707, 4.87193596, 4.10925007, 0.0, 0.0, 4.10925007]",18.0,4.012777777777778e-05,local
1757_9,bulk,-45.66701473,53.059,True,"[4.10925007, 0.0, 0.0, -0.0, 6.44496547, 11.16300765, 0.0, 0.0, 7.4420051]",9.0,9.833333333333334e-05,local
1760_13,bulk,-104.53648747,213.968,True,"[3.97987912, 0.0, 0.0, 0.0, 16.40332319, -4.00310187, 0.0, 0.0, 4.00310187]",16.0,4.40625e-06,local
1762_48,bulk,-110.88294796,505.535,True,"[7.52546309, 0.0, 0.0, 7.52546309, 13.03448442, 3.94307492, 0.0, 0.0, 3.94307492]",18.0,2.1666666666666665e-06,local
1765_5,bulk,-349.66781855,452.197,True,"[6.40256734, 0.0, 0.0, 0.0, 12.80513469, -6.40256734, 0.0, 0.0, 6.40256734]",32.0,3.4678125e-05,local
1767_14,bulk,-40.95483923,67.438,True,"[3.45786403, 0.0, -1.99639873, -0.0, 9.93414147, -3.99279746, 0.0, 0.0, 3.99279746]",8.0,6.25e-08,local
1767_15,bulk,-40.95483923,67.597,True,"[3.45786403, 0.0, -1.99639873, -0.0, 9.93414147, -3.99279746, 0.0, 0.0, 3.99279746]",8.0,6.25e-08,local
1770_17,bulk,-16.70516795,24.642,True,"[4.1917931, 0.0, 0.0, 0.0, 7.12320967, -4.1917931, 0.0, 0.0, 4.1917931]",6.0,1.6666666666666667e-08,local
1772_5,bulk,-253.4053764,345.523,True,"[6.51120905, 0.0, 0.0, 0.0, 13.02241811, -6.51120905, 0.0, 0.0, 6.51120905]",32.0,5.446875e-06,local
1776_1,bulk,-60.37809736,79.223,True,"[4.06916633, 0.0, -4.06916633, -0.0, 14.90737247, -4.06916633, 0.0, 0.0, 4.06916633]",10.0,1.891e-05,local
1777_10,bulk,-77.27196073,42.595,True,"[3.72699825, 0.0, 0.0, 0.0, 9.60608552, -3.72699825, 0.0, 0.0, 3.72699825]",10.0,5.789e-05,local
1779_10,bulk,-113.34039351,606.931,True,"[14.33385181, 0.0, 0.0, 0.0, 7.46422631, -3.73211316, 0.0, 0.0, 3.73211316]",20.0,0.309494775,local
1786_21,bulk,-85.83732313,607.812,True,"[12.63387445, 0.0, 0.0, 0.0, 12.50746805, -6.25373402, 0.0, 0.0, 6.25373402]",28.0,3.6785714285714284e-07,local
1786_29,bulk,-42.92040972,95.393,True,"[6.25373402, 0.0, 0.0, 0.0, 12.63387445, -6.25373402, 0.0, 0.0, 6.25373402]",14.0,5.042857142857143e-05,local
1789_2,bulk,-77.07762914,110.539,True,"[13.61082362, 0.0, 0.0, 6.80541181, 3.92910634, 3.28822981, 0.0, 0.0, 3.28822981]",9.0,9.581111111111111e-05,local
1791_4,bulk,-64.31928411,50.044,True,"[10.04346978, 0.0, 0.0, 0.0, 4.10264247, -4.10264247, 0.0, 0.0, 4.10264247]",10.0,3.269e-05,local
1792_28,bulk,-53.78322677,317.089,True,"[3.45506639, 0.0, 0.0, 0.0, 12.846575, -14.83394707, 0.0, 0.0, 7.41697353]",18.0,5.555555555555555e-09,local
1797_15,bulk,-68.34727322,139.731,True,"[4.04252067, 0.0, 0.0, 0.0, 14.20695805, -4.04252067, 0.0, 0.0, 4.04252067]",14.0,5e-08,local
1797_2,bulk,-68.33780789,166.203,True,"[4.04252067, 0.0, 4.04252067, 4.04252067, 14.20695805, 0.0, 0.0, 0.0, 4.04252067]",14.0,1.4285714285714285e-07,local
1798_1,bulk,-110.57944062,51.083,True,"[6.01613286, 0.0, -6.01613286, 0.0, 6.01613286, -6.01613286, 0.0, 0.0, 6.01613286]",16.0,2.405625e-05,local
1798_5,bulk,-221.28622983,276.618,True,"[6.01613286, 0.0, 0.0, 0.0, 12.03226571, -6.01613286, 0.0, 0.0, 6.01613286]",32.0,6.746875e-06,local
1799_16,bulk,-62.50786031,177.804,True,"[4.22768271, 0.0, 0.0, 0.0, 13.70036542, -4.22768271, 0.0, 0.0, 4.22768271]",14.0,4.409285714285714e-05,local
1799_20,bulk,-62.53019762,203.464,True,"[4.22768271, 0.0, 0.0, -0.0, 8.45536543, 6.85018271, 0.0, 0.0, 6.85018271]",14.0,8.571428571428572e-08,local
1802_6,bulk,-71.13111508,52.126,True,"[6.79101015, 0.0, 0.0, 0.0, 6.79101015, 0.0, 0.0, 0.0, 6.79101015]",16.0,0.00011164375,local
1803_37,bulk,-69.82432953,48.487,True,"[6.92134167, 0.0, -3.99603848, 0.0, 3.50024308, 0.0, 0.0, 0.0, 7.99207695]",9.0,0.0007044999999999999,local
1803_46,bulk,-139.64340755,471.861,True,"[7.99207695, 0.0, 0.0, 7.99207695, 13.84268334, 3.50024308, 0.0, 0.0, 3.50024308]",18.0,4.3555555555555555e-06,local
1810_32,bulk,-54.95311874,177.561,True,"[5.83122635, 0.0, 0.0, 5.83122635, 10.09998031, 4.29629231, 0.0, 0.0, 4.29629231]",12.0,2.425e-06,local
1810_33,bulk,-54.95311874,165.67,True,"[5.83122635, 0.0, 0.0, 5.83122635, 10.09998031, 4.29629231, 0.0, 0.0, 4.29629231]",12.0,2.425e-06,local
1811_5,bulk,-275.65153586,477.732,True,"[6.5030402, 0.0, 0.0, 0.0, 13.0060804, -6.5030402, 0.0, 0.0, 6.5030402]",32.0,2.91875e-06,local
1817_0,bulk,-48.45757315,126.343,True,"[6.68409821, 0.0, -6.68409821, -0.0, 6.68409821, -6.68409821, 0.0, 0.0, 6.68409821]",16.0,4.97125e-05,local
1820_49,bulk,-98.6544552,152.356,True,"[7.05826582, 0.0, 0.0, 7.05826582, 12.22527501, 4.20025186, 0.0, 0.0, 4.20025186]",18.0,0.00014706666666666667,local
1824_6,bulk,-110.93458663,84.715,True,"[6.20995162, 0.0, 0.0, 0.0, 6.20995162, 0.0, 0.0, 0.0, 6.20995162]",16.0,6.18125e-06,local
1825_32,bulk,-91.19892109,646.267,True,"[4.85109087, 0.0, 0.0, 0.0, 21.74646531, -5.74793331, 0.0, 0.0, 4.98126957]",20.0,2.15e-07,local
1825_33,bulk,-91.19892109,698.265,True,"[4.85109087, 0.0, 0.0, 0.0, 21.74646531, -5.74793331, 0.0, 0.0, 4.98126957]",20.0,2.15e-07,local
1825_7,bulk,-91.20731717,1102.045,True,"[4.98126957, 0.0, 4.85109087, 5.74793331, 21.74646531, 0.0, 0.0, 0.0, 4.85109087]",20.0,4e-08,local
1832_63,bulk,-66.27601408,551.379,True,"[4.51572888, 0.0, 0.0, 0.0, 10.70031932, 0.49136958, 0.0, 0.0, 10.66793445]",24.0,2.0833333333333336e-07,local
1832_73,bulk,-66.26854967,834.969,True,"[7.38341564, 0.0, 0.0, 14.70361853, 15.46036559, 4.51572888, 0.0, 0.0, 4.51572888]",24.0,2.5e-07,local
1836_22,bulk,-90.47230015,134.146,True,"[3.91906106, 0.0, 0.0, 0.0, 14.34562432, -3.91906106, 0.0, 0.0, 3.91906106]",12.0,0.624627775,local
1836_26,bulk,-90.47660366,338.07,True,"[5.54238931, 0.0, 0.0, 5.54238931, 5.54238931, 7.17281216, 0.0, 0.0, 7.17281216]",12.0,0.6151245833333333,local
1836_5,bulk,-90.47424368,196.271,True,"[3.91906106, 0.0, -3.91906106, 0.0, 14.34562432, -3.91906106, 0.0, 0.0, 3.91906106]",12.0,0.6257680416666667,local
1837_1,bulk,-81.21603258,58.688,True,"[5.54823588, 0.0, 5.54823588, 5.54823588, 5.54823588, -0.0, 0.0, 0.0, 5.54823588]",16.0,0.00016446875,local
1840_28,bulk,-130.04010246,599.792,True,"[10.21338402, 0.0, 0.0, 3.59362938, 7.77766428, 5.28291979, 0.0, 0.0, 5.28291979]",24.0,1.7083333333333332e-07,local
1840_2,bulk,-65.00452966,204.636,True,"[9.27155083, 0.0, -4.2838719, 0.0, 5.28291979, -4.2838719, 0.0, 0.0, 4.2838719]",12.0,5.854999999999999e-05,local
1844_5,bulk,-119.21875337,347.725,True,"[8.18618991, 0.0, -4.09309496, -0.0, 12.99970945, -4.09309496, 0.0, 0.0, 4.09309496]",20.0,5.81e-06,local
1845_4,bulk,-166.05972378,468.1,True,"[6.2248182, 0.0, -6.2248182, 0.0, 12.44963641, -6.2248182, 0.0, 0.0, 6.2248182]",24.0,6.288333333333333e-05,local
1845_7,bulk,-166.05977635,393.131,True,"[6.2248182, 0.0, 0.0, 0.0, 12.44963641, -6.2248182, 0.0, 0.0, 6.2248182]",24.0,6.8075e-05,local
1846_3,bulk,-116.86814126,129.197,True,"[6.22780231, 0.0, 0.0, -0.0, 6.22780231, 6.22780231, 0.0, 0.0, 6.22780231]",16.0,2.16e-05,local
1847_1,bulk,-76.51301188,128.163,True,"[6.0316567, 0.0, -6.0316567, -0.0, 6.0316567, -6.0316567, 0.0, 0.0, 6.0316567]",16.0,4.508125e-05,local
1850_6,bulk,-49.77283694,48.02,True,"[6.10634239, 0.0, 0.0, 0.0, 6.10634239, 0.0, 0.0, 0.0, 6.10634239]",16.0,1.485625e-05,local
1852_30,bulk,-118.38163967,631.21,True,"[4.21175569, 0.0, 0.0, 0.0, 16.53228946, -5.3709771, 0.0, 0.0, 5.3709771]",20.0,5.0899999999999995e-06,local
1854_14,bulk,-96.68774423,457.271,True,"[4.21225103, 0.0, 0.0, 0.0, 20.58472415, -4.21225103, 0.0, 0.0, 4.21225103]",20.0,1.659e-05,local
1856_20,bulk,-61.85283146,119.619,True,"[4.14107228, 0.0, 0.0, -0.0, 8.28214456, 6.64066826, 0.0, 0.0, 6.64066826]",14.0,2.2778571428571427e-05,local
1860_63,bulk,-56.41142515,219.09,True,"[3.2630984, 0.0, 0.0, -0.0, 8.59753208, 7.45626103, 0.0, 0.0, 7.45626103]",12.0,3.883333333333333e-06,local
1867_0,bulk,-16.41004738,26.518,True,"[3.99182801, 0.0, -3.99182801, -0.0, 4.1364069, -3.99182801, 0.0, 0.0, 3.99182801]",4.0,2.665e-05,local
1869_51,bulk,-67.00423807,176.064,True,"[4.6502823, 0.0, 0.0, 0.0, 6.88509796, -2.78902066, 0.0, 0.0, 17.29378721]",18.0,1.6666666666666667e-06,local
1870_22,bulk,-80.38789244,340.435,True,"[9.62132039, 0.0, 0.0, 0.0, 6.47651105, -4.04291875, 0.0, 0.0, 4.04291875]",16.0,1.608125e-05,local
1872_19,bulk,-68.4628928,77.887,True,"[3.94086201, 0.0, 0.0, 0.0, 3.94086201, 0.0, 0.0, 0.0, 10.73352636]",10.0,0.9153883799999999,local
1872_1,bulk,-68.45672251,229.367,True,"[3.94086201, 0.0, -3.94086201, -0.0, 10.73352636, -3.94086201, 0.0, 0.0, 3.94086201]",10.0,0.91554726,local
1877_5,bulk,-94.92979855,137.847,True,"[7.70790601, 0.0, -3.853953, 0.0, 8.59861093, -3.853953, 0.0, 0.0, 3.853953]",16.0,0.00011115625,local
1879_0,bulk,-71.17915409,135.158,True,"[6.50976234, 0.0, -6.50976234, -0.0, 6.50976234, -6.50976234, 0.0, 0.0, 6.50976234]",16.0,4.903125e-05,local
1880_6,bulk,-130.89265871,318.347,True,"[8.4087645, 0.0, -4.20438225, -0.0, 11.39044184, -4.20438225, 0.0, 0.0, 4.20438225]",20.0,2.0999999999999997e-07,local
1886_40,bulk,-32.9587738,15.932,True,"[4.37514076, 0.0, 0.0, -2.18757038, 3.78898304, 0.0, 0.0, 0.0, 6.79770821]",6.0,7.345e-05,local
1886_7,bulk,-65.9420784,177.429,True,"[7.57796609, 0.0, -8.75028152, -0.0, 6.79770821, -4.37514076, 0.0, 0.0, 4.37514076]",12.0,8.333333333333334e-09,local
1890_3,bulk,-35.3307097,91.057,True,"[6.24272486, 0.0, 0.0, -0.0, 6.24272486, 6.24272486, 0.0, 0.0, 6.24272486]",16.0,6.85625e-06,local
1896_15,bulk,-38.53658751,47.524,True,"[3.92060922, 0.0, -2.26356479, 0.0, 17.14933915, -4.52712958, 0.0, 0.0, 4.52712958]",8.0,2.265e-05,local
1898_6,bulk,-163.25576778,107.734,True,"[6.0432591, 0.0, 0.0, 0.0, 6.0432591, 0.0, 0.0, 0.0, 6.0432591]",16.0,0.0003106625,local
1900_57,bulk,-184.12949302,1703.266,True,"[20.35166246, 0.0, 5.72924555, 12.26592012, 7.94737861, 0.0, 0.0, 0.0, 5.72924555]",40.0,3.25e-08,local
1902_30,bulk,-35.20105164,15.453,True,"[3.77561824, 0.0, -2.17985421, 0.0, 6.72735841, 0.0, 0.0, 0.0, 4.35970841]",6.0,8.043333333333334e-05,local
1907_12,bulk,-50.59048202,267.664,True,"[4.28375943, 0.0, -2.47322966, -0.0, 12.21963786, -4.94645932, 0.0, 0.0, 4.94645932]",18.0,2.153888888888889e-05,local
1911_5,bulk,-199.28622736,780.993,True,"[6.01489151, 0.0, 0.0, 0.0, 12.02978302, -6.01489151, 0.0, 0.0, 6.01489151]",32.0,1.060957453125,local
1912_9,bulk,-41.59996279,78.68,True,"[3.09740464, 0.0, 0.0, 0.0, 6.22650911, -3.09740464, 0.0, 0.0, 3.09740464]",4.0,3.5e-07,local
1920_36,bulk,-46.84407327,54.994,True,"[7.34008169, 0.0, 0.0, 0.0, 7.34008169, 0.0, 0.0, 0.0, 5.55226353]",14.0,8.778571428571429e-06,local
1927_5,bulk,-230.03233066,469.102,True,"[6.55425303, 0.0, 0.0, 0.0, 13.10850607, -6.55425303, 0.0, 0.0, 6.55425303]",32.0,1.925e-06,local
1929_0,bulk,-124.45973938,495.693,True,"[21.08895937, 0.0, 0.0, 0.70540482, 3.79192004, 3.828419, 0.0, 0.0, 3.828419]",20.0,1.55e-07,local
1933_25,bulk,-75.52168371,219.4,True,"[4.20233533, 0.0, 0.0, 0.0, 23.2148867, -4.20233533, 0.0, 0.0, 4.20233533]",20.0,4.85e-07,local
1936_1,bulk,-57.87925352,218.571,True,"[6.22306744, 0.0, 6.22306744, 6.22306744, 12.20208945, 0.0, 0.0, 0.0, 6.22306744]",16.0,2.283125e-05,local
1938_14,bulk,-70.48754645,75.38,True,"[3.70402085, 0.0, -2.13851743, -0.0, 15.80265024, -4.27703487, 0.0, 0.0, 4.27703487]",12.0,1.4875e-05,local
1938_20,bulk,-70.47616216,239.236,True,"[4.27703487, 0.0, 0.0, 4.27703487, 7.4080417, 7.90132512, 0.0, 0.0, 7.90132512]",12.0,5.833333333333333e-08,local
1938_3,bulk,-70.49234839,76.117,True,"[7.4080417, 0.0, -8.55406974, -0.0, 7.90132512, -4.27703487, 0.0, 0.0, 4.27703487]",12.0,6.0749999999999994e-06,local
1940_23,bulk,-70.94830156,52.962,True,"[7.21592287, 0.0, 0.0, 0.0, 3.28470602, 0.0, 0.0, 0.0, 7.21592287]",10.0,0.00022184,local
1942_6,bulk,-140.19039391,51.919,True,"[6.38891556, 0.0, 0.0, 0.0, 6.38891556, 0.0, 0.0, 0.0, 6.38891556]",16.0,0.11180086875,local
1944_13,bulk,-121.30603329,499.247,True,"[3.35593405, 0.0, 0.0, 0.0, 14.31172228, -7.15586114, 0.0, 0.0, 7.15586114]",20.0,4.69e-06,local
1949_72,bulk,-276.58182462,897.45,True,"[3.95529759, 0.0, 0.0, -0.0, 17.31866707, 18.96326639, 0.0, 0.0, 9.44104166]",40.0,2.2924999999999998e-05,local
1949_74,bulk,-276.58182462,898.476,True,"[3.95529759, 0.0, 0.0, -0.0, 17.31866707, 18.96326639, 0.0, 0.0, 9.44104166]",40.0,2.2924999999999998e-05,local
1951_5,bulk,-211.11461841,500.495,True,"[5.99386977, 0.0, 0.0, 0.0, 11.98773954, -5.99386977, 0.0, 0.0, 5.99386977]",32.0,5.934375e-06,local
1953_27,bulk,-67.00690192,429.651,True,"[18.72502592, 0.0, 0.0, 0.0, 4.58865811, 0.0, 0.0, 0.0, 4.65530903]",16.0,4.168125e-05,local
1953_8,bulk,-67.03104597,712.148,True,"[4.58865811, 0.0, 0.0, 0.0, 18.72502592, -4.65530903, 0.0, 0.0, 4.65530903]",16.0,6.34375e-06,local
1954_13,bulk,-50.38401628,93.445,True,"[3.99291973, 0.0, -2.30531328, 0.0, 18.42539026, -4.61062656, 0.0, 0.0, 4.61062656]",12.0,1.775e-06,local
1956_17,bulk,-50.92845054,165.432,True,"[4.05931644, 0.0, 4.05931644, 8.11863289, 10.39041843, -0.0, 0.0, 0.0, 4.05931644]",10.0,9.1e-07,local
1960_37,bulk,-52.74298342,225.135,True,"[5.50220602, 0.0, 0.0, -0.05593796, 13.34384292, -3.84374989, 0.0, 0.0, 3.84374989]",12.0,4.166666666666666e-08,local
1967_46,bulk,-135.12856485,415.153,True,"[11.30216511, 0.0, 0.0, 0.0, 6.52530807, -3.8226062, 0.0, 0.0, 3.8226062]",18.0,0.6870116055555555,local
1968_2,bulk,-139.05763399,911.787,True,"[7.5490999, 0.0, -7.5490999, 0.0, 15.09819981, -7.5490999, 0.0, 0.0, 7.5490999]",32.0,0.000112528125,local
1971_6,bulk,-37.08612992,48.805,True,"[10.48653701, 0.0, 0.0, 0.0, 7.95528359, -4.02473584, 0.0, 0.0, 4.02473584]",10.0,3.25e-05,local
1974_19,bulk,-57.3037398,97.121,True,"[3.63636517, 0.0, -2.09945641, -0.0, 15.88542878, -4.19891282, 0.0, 0.0, 4.19891282]",16.0,1.25e-08,local
1974_23,bulk,-57.30850509,67.236,True,"[7.27273035, 0.0, 0.0, -0.0, 7.94271439, 4.19891282, 0.0, 0.0, 4.19891282]",16.0,5.265625e-05,local
1975_5,bulk,-84.504951,135.397,True,"[6.11367313, 0.0, 0.0, -0.0, 6.11367313, 6.11367313, 0.0, 0.0, 6.11367313]",12.0,3.2741666666666665e-05,local
1977_15,bulk,-141.73916226,350.659,True,"[18.28183918, 0.0, 0.0, 5.22338262, 4.52358204, 3.38701008, 0.0, 0.0, 3.38701008]",18.0,3.238888888888889e-06,local
1977_2,bulk,-70.8675245,88.691,True,"[11.96827313, 0.0, 0.0, 5.98413656, 3.45494286, 3.38701008, 0.0, 0.0, 3.38701008]",9.0,4.8e-06,local
1977_34,bulk,-70.86828001,152.34,True,"[6.90988571, 0.0, 0.0, 3.45494286, 5.98413656, 6.77402016, 0.0, 0.0, 3.38701008]",9.0,4.622222222222222e-06,local
1979_6,bulk,-67.40722028,225.234,True,"[6.56032537, 0.0, -11.36281685, -0.0, 9.32316695, -7.57521123, 0.0, 0.0, 7.57521123]",18.0,2.9738888888888885e-05,local
1980_6,bulk,-101.42896133,30.035,True,"[6.56300618, 0.0, 0.0, 0.0, 6.56300618, 0.0, 0.0, 0.0, 6.56300618]",16.0,6.468125e-05,local
1981_1,bulk,-46.55297986,479.928,True,"[5.00187607, 0.0, 4.94108642, 5.23937359, 11.0168253, 0.0, 0.0, 0.0, 4.94108642]",10.0,0.0,local
1983_13,bulk,-59.59701209,124.729,True,"[6.26450645, 0.0, -0.13116357, 0.0, 7.62589667, -5.32233941, 0.0, 0.0, 5.32233941]",12.0,5.333333333333333e-07,local
1983_38,bulk,-59.60404636,145.854,True,"[5.32233941, 0.0, 0.0, -0.26232713, 12.52901291, -3.81294833, 0.0, 0.0, 3.81294833]",12.0,3.0975e-05,local
1985_46,bulk,-131.6812661,317.446,True,"[6.49796678, 0.0, 0.0, 6.49796678, 11.25480862, 3.64228391, 0.0, 0.0, 3.64228391]",18.0,1.0757346222222222,local
1988_53,bulk,-109.96500424,126.829,True,"[4.03239372, 0.0, 0.0, 0.0, 3.97320275, 0.0, 0.0, 0.0, 16.26831562]",16.0,1.263125e-05,local
1988_9,bulk,-109.96886804,148.589,True,"[3.97320275, 0.0, 0.0, 0.0, 16.26831562, -4.03239372, 0.0, 0.0, 4.03239372]",16.0,1.6225e-05,local
1989_30,bulk,-61.77422778,153.732,True,"[7.65650772, 0.0, -0.0, 0.0, 6.89913342, 4.4204868, 0.0, 0.0, 4.4204868]",12.0,2.441666666666667e-06,local
1989_8,bulk,-61.78063425,141.035,True,"[7.65650772, 0.0, -8.84097359, -0.0, 6.89913342, -4.4204868, 0.0, 0.0, 4.4204868]",12.0,1.9666666666666668e-06,local
1992_16,bulk,-104.35953904,576.697,True,"[20.64900515, 0.0, 0.0, 5.89971576, 5.10930372, 3.94754867, 0.0, 0.0, 3.94754867]",18.0,5.555555555555556e-07,local
1992_42,bulk,-52.17440777,34.881,True,"[6.75897351, 0.0, -3.90229517, 0.0, 3.94754867, 0.0, 0.0, 0.0, 7.80459035]",9.0,2.8222222222222223e-06,local
1992_43,bulk,-52.17440777,34.567,True,"[6.75897351, 0.0, -3.90229517, 0.0, 3.94754867, 0.0, 0.0, 0.0, 7.80459035]",9.0,2.8222222222222223e-06,local
1994_5,bulk,-37.49984601,148.355,True,"[12.0642992, 0.0, -5.25299787, 0.0, 7.34077505, -5.25299787, 0.0, 0.0, 5.25299787]",12.0,0.00011265,local
1995_1,bulk,-44.74490154,95.546,True,"[10.26092071, 0.0, 0.0, 5.13046036, 5.13046036, 3.8283151, 0.0, 0.0, 3.8283151]",10.0,9.49e-06,local
1995_24,bulk,-44.7388219,38.942,True,"[7.25556662, 0.0, 0.0, 0.0, 3.8283151, 0.0, 0.0, 0.0, 7.25556662]",10.0,1.4259999999999999e-05,local
1996_3,bulk,-41.06134439,133.81,True,"[6.72952774, 0.0, 0.0, 0.0, 6.72952774, -6.72952774, 0.0, 0.0, 6.72952774]",16.0,3.981875e-05,local
2001_20,bulk,-70.75146576,122.927,True,"[4.07066314, 0.0, 0.0, -0.0, 8.14132628, 7.16628235, 0.0, 0.0, 7.16628235]",14.0,5.714285714285714e-08,local
2004_25,bulk,-107.62377818,448.915,True,"[4.60093206, 0.0, 0.0, 0.0, 20.67207855, -4.60093206, 0.0, 0.0, 4.60093206]",20.0,3.795e-06,local
2006_6,bulk,-137.32364864,88.105,True,"[6.35635388, 0.0, 0.0, 0.0, 6.35635388, 0.0, 0.0, 0.0, 6.35635388]",16.0,1.17806909375,local
2008_4,bulk,-67.81669717,290.48,True,"[13.70069073, 0.0, 0.0, 6.85034537, 3.95504874, 3.70751796, 0.0, 0.0, 3.70751796]",9.0,1.111111111111111e-08,local
2013_39,bulk,-88.32943535,245.362,True,"[6.04586504, 0.0, 0.0, -0.0, 10.15237032, 10.83070867, 0.0, 0.0, 8.40424008]",20.0,0.00015659000000000002,local
2013_57,bulk,-176.73805706,1406.149,True,"[8.40424008, 0.0, 0.0, 4.85293719, 20.30474063, 6.04586504, 0.0, 0.0, 6.04586504]",40.0,2.45e-07,local
2015_26,bulk,-135.1555874,280.253,True,"[3.26742935, 0.0, 0.0, 0.0, 12.67268391, -14.63315494, 0.0, 0.0, 7.31657747]",18.0,1.5205555555555555e-05,local
2015_39,bulk,-67.57473174,40.209,True,"[6.33634196, 0.0, -3.65828873, 0.0, 3.26742935, 0.0, 0.0, 0.0, 7.31657747]",9.0,2.0333333333333334e-05,local
2018_35,bulk,-75.85989684,157.04,True,"[7.75720435, 0.0, 0.0, 3.87860218, 6.71793603, 6.66639705, 0.0, 0.0, 3.33319852]",9.0,0.0005723666666666667,local
2018_3,bulk,-75.86251953,198.124,True,"[13.43587206, 0.0, 0.0, 6.71793603, 3.87860218, 3.33319852, 0.0, 0.0, 3.33319852]",9.0,0.000746711111111111,local
2019_27,bulk,-167.23080147,288.036,True,"[3.24419129, 0.0, 0.0, 0.0, 11.80060069, -13.62615996, 0.0, 0.0, 6.81307998]",18.0,1.611111111111111e-05,local
2019_38,bulk,-83.61789476,31.513,True,"[5.90030034, 0.0, -3.40653999, 0.0, 3.24419129, 0.0, 0.0, 0.0, 6.81307998]",9.0,1.1233333333333333e-05,local
2019_4,bulk,-83.61800858,113.857,True,"[11.80060069, 0.0, 0.0, 5.90030034, 3.40653999, 3.24419129, 0.0, 0.0, 3.24419129]",9.0,1.4966666666666667e-05,local
2024_0,bulk,-122.36237185,85.868,True,"[5.92097313, 0.0, -5.92097313, -0.0, 5.92097313, -5.92097313, 0.0, 0.0, 5.92097313]",16.0,1.45e-06,local
2026_18,bulk,-105.94538609,181.395,True,"[3.9535179, 0.0, -2.28256462, -0.0, 18.20968443, -4.56512924, 0.0, 0.0, 4.56512924]",16.0,1.9225e-05,local
2027_28,bulk,-125.80293397,290.83,True,"[3.84650007, 0.0, 0.0, 0.0, 11.63927445, -13.43987647, 0.0, 0.0, 6.71993823]",18.0,3.876666666666667e-05,local
2027_35,bulk,-62.89707957,115.09,True,"[6.71993823, 0.0, 0.0, 3.35996912, 5.81963722, 3.84650007, 0.0, 0.0, 3.84650007]",9.0,3.855555555555556e-06,local
2027_43,bulk,-125.79224098,333.455,True,"[11.63927445, 0.0, 0.0, 0.0, 6.71993823, -3.84650007, 0.0, 0.0, 3.84650007]",18.0,0.00016916666666666667,local
2029_31,bulk,-93.78863166,209.785,True,"[4.2196676, 0.0, 0.0, 0.0, 12.15968746, -14.04079765, 0.0, 0.0, 7.02039883]",18.0,2.222222222222222e-08,local
2033_44,bulk,-149.83383899,856.516,True,"[15.52150539, 0.0, 0.0, 1.91451622, 7.46772892, 3.79111752, 0.0, 0.0, 3.79111752]",24.0,1.3333333333333334e-07,local
2036_5,bulk,-63.52301822,289.599,True,"[12.529781, 0.0, 0.0, 6.2648905, 3.61703622, 6.84225997, 0.0, 0.0, 3.42112998]",9.0,4.444444444444444e-08,local
2042_30,bulk,-32.0775233,73.773,True,"[3.74982801, 0.0, -2.16496421, -0.0, 13.10285113, -8.65985685, 0.0, 0.0, 4.32992843]",10.0,8e-08,local
2044_5,bulk,-50.23464462,143.398,True,"[5.40603621, 0.0, -2.70301811, 0.0, 7.35760129, -2.70301811, 0.0, 0.0, 2.70301811]",8.0,0.8306968125,local
2046_14,bulk,-143.27932925,649.971,True,"[18.51052338, 0.0, 0.0, 5.28872096, 4.58016671, 3.47429434, 0.0, 0.0, 3.47429434]",18.0,3.9444444444444444e-07,local
2046_35,bulk,-71.63961233,225.719,True,"[6.99632021, 0.0, 0.0, 3.49816011, 6.05899104, 6.94858869, 0.0, 0.0, 3.47429434]",9.0,4.444444444444444e-08,local
2046_8,bulk,-71.63670779,268.675,True,"[12.11798208, 0.0, 0.0, 6.05899104, 3.49816011, 6.94858869, 0.0, 0.0, 3.47429434]",9.0,2.222222222222222e-08,local
2048_23,bulk,-47.67758428,130.561,True,"[10.15741912, 0.0, 0.0, 0.0, 5.92266596, 0.0, 0.0, 0.0, 7.65252039]",16.0,4.3125e-05,local
2054_5,bulk,-209.27127247,534.507,True,"[6.62028034, 0.0, 0.0, 0.0, 13.24056068, -6.62028034, 0.0, 0.0, 6.62028034]",32.0,2.0125e-06,local
2055_15,bulk,-74.69345785,634.671,True,"[9.70157687, 0.0, -4.28641769, -3.33817296, 10.57911213, -8.42568608, 0.0, 0.0, 4.2509838]",20.0,3.5e-07,local
2055_16,bulk,-74.69345785,615.629,True,"[9.70157687, 0.0, -4.28641769, -3.33817296, 10.57911213, -8.42568608, 0.0, 0.0, 4.2509838]",20.0,3.5e-07,local
2055_66,bulk,-18.66916915,112.083,True,"[4.25095545, 0.0, -0.01552612, -2.09343332, 5.28955607, -6.51227238, 0.0, 0.0, 4.85082079]",5.0,0.0,local
2056_20,bulk,-56.28933929,85.376,True,"[3.746183, 0.0, 0.0, 0.0, 14.93816708, -7.492366, 0.0, 0.0, 3.746183]",10.0,0.31280646,local
2057_13,bulk,-43.57945336,99.813,True,"[4.04908058, 0.0, 0.0, -0.0, 6.69453896, 11.59528162, 0.0, 0.0, 7.73018775]",9.0,1.098888888888889e-05,local
2057_18,bulk,-87.14539951,641.838,True,"[20.45215436, 0.0, 0.0, 5.84347268, 5.06059578, 4.04908058, 0.0, 0.0, 4.04908058]",18.0,4.3333333333333335e-07,local
2059_28,bulk,-14.55069669,16.777,True,"[4.56292803, 0.0, 0.0, -2.28146401, 3.95161159, 0.0, 0.0, 0.0, 7.77054702]",5.0,7.2000000000000005e-06,local
2059_3,bulk,-29.01889552,72.861,True,"[3.95161159, 0.0, -6.84439204, 0.0, 15.54109404, -4.56292803, 0.0, 0.0, 4.56292803]",10.0,3.4880000000000005e-05,local
2060_0,bulk,-128.54210007,111.415,True,"[6.01771697, 0.0, -6.01771697, -0.0, 6.01771697, -6.01771697, 0.0, 0.0, 6.01771697]",16.0,3.86875e-06,local
2061_24,bulk,-27.84862091,47.587,True,"[3.89981749, 0.0, -2.25156068, 0.0, 7.25291217, -4.50312136, 0.0, 0.0, 4.50312136]",6.0,0.00016961666666666668,local
2061_27,bulk,-27.84862091,38.868,True,"[3.89981749, 0.0, -2.25156068, 0.0, 7.25291217, -4.50312136, 0.0, 0.0, 4.50312136]",6.0,0.00016961666666666668,local
2061_33,bulk,-55.69823415,196.884,True,"[3.89981749, 0.0, -2.25156068, -0.0, 14.50582434, -4.50312136, 0.0, 0.0, 4.50312136]",12.0,3.3666666666666665e-06,local
2066_2,bulk,-80.12731994,136.869,True,"[4.05682565, 0.0, -4.05682565, 0.0, 14.29877669, -4.05682565, 0.0, 0.0, 4.05682565]",14.0,2.7764285714285717e-05,local
2068_13,bulk,-127.82411214,436.895,True,"[7.78669766, 0.0, -3.89334883, -0.0, 15.11855735, -3.89334883, 0.0, 0.0, 3.89334883]",24.0,1.8520833333333334e-05,local
2069_23,bulk,-77.00370567,816.039,True,"[5.10837895, 0.0, 0.0, 0.0, 22.60147498, -5.10837895, 0.0, 0.0, 5.10837895]",20.0,5.85e-07,local
2069_28,bulk,-38.52920688,212.293,True,"[5.10837895, 0.0, -5.10837895, -0.0, 11.30073749, -10.21675789, 0.0, 0.0, 5.10837895]",10.0,5e-08,local
2070_17,bulk,-54.50517405,106.812,True,"[7.39256232, 0.0, 0.0, -0.0, 7.39256232, 3.72921085, 0.0, 0.0, 3.72921085]",10.0,2.074e-05,local
2071_0,bulk,-107.61164684,123.087,True,"[6.94259384, 0.0, -6.94259384, -0.0, 6.94259384, -6.94259384, 0.0, 0.0, 6.94259384]",16.0,5.44375e-06,local
2071_6,bulk,-107.61170479,30.968,True,"[6.94259384, 0.0, 0.0, 0.0, 6.94259384, 0.0, 0.0, 0.0, 6.94259384]",16.0,1.2e-06,local
2072_0,bulk,-66.97667785,134.933,True,"[6.61252557, 0.0, -6.61252557, -0.0, 6.61252557, -6.61252557, 0.0, 0.0, 6.61252557]",16.0,0.0005835,local
2075_24,bulk,-44.24666945,51.027,True,"[3.50847862, 0.0, 0.0, -0.0, 7.96050373, -7.01695725, 0.0, 0.0, 3.50847862]",6.0,1.5e-07,local
2076_1,bulk,-84.46025638,87.705,True,"[6.35625472, 0.0, -6.35625472, -0.0, 6.35625472, -6.35625472, 0.0, 0.0, 6.35625472]",12.0,4.1458333333333336e-05,local
2079_5,bulk,-55.4351707,426.364,True,"[10.23483629, 0.0, -5.07425902, -0.0, 7.1331809, -5.07425902, 0.0, 0.0, 5.07425902]",24.0,6.625e-07,local
2081_3,bulk,-129.11263631,82.565,True,"[6.25046702, 0.0, 0.0, -0.0, 6.25046702, 6.25046702, 0.0, 0.0, 6.25046702]",16.0,6.358125e-05,local
2082_41,bulk,-69.60653909,237.252,True,"[4.11438007, 0.0, 0.0, -0.0, 16.33964442, 10.89311407, 0.0, 0.0, 10.89311407]",20.0,8.65e-07,local
2082_5,bulk,-34.80312472,121.804,True,"[10.89311407, 0.0, 0.0, 0.0, 8.16982221, -4.11438007, 0.0, 0.0, 4.11438007]",10.0,3e-08,local
2085_6,bulk,-25.32174125,17.459,True,"[6.86497691, 0.0, 0.0, 0.0, 6.86497691, 0.0, 0.0, 0.0, 6.86497691]",16.0,0.0001028125,local
2088_6,bulk,-128.62562808,42.501,True,"[6.43667316, 0.0, 0.0, 0.0, 6.43667316, 0.0, 0.0, 0.0, 6.43667316]",16.0,0.00011490625,local
2090_16,bulk,-50.97076687,43.079,True,"[4.14506349, 0.0, 0.0, 0.0, 11.92054456, 0.0, 0.0, 0.0, 4.14506349]",10.0,0.0001245,local
2092_5,bulk,-39.15766439,529.247,True,"[4.59738518, 0.0, -4.45200677, -0.0, 11.4869898, -4.45200677, 0.0, 0.0, 4.45200677]",16.0,0.0,local
2097_1,bulk,-101.83146427,62.523,True,"[5.80230296, 0.0, -5.80230296, 0.0, 5.80230296, -5.80230296, 0.0, 0.0, 5.80230296]",16.0,4.181875e-05,local
2098_2,bulk,-49.6635672,377.213,True,"[10.93213201, 0.0, -4.61367432, -0.0, 7.74042976, -4.61367432, 0.0, 0.0, 4.61367432]",16.0,7.9375e-07,local
2099_31,bulk,-78.60805814,196.525,True,"[5.82274571, 0.0, 0.0, -2.91137286, 5.04264571, 0.0, 0.0, 0.0, 20.67962453]",24.0,2.479166666666667e-06,local
2100_6,bulk,-46.21701393,65.223,True,"[6.5372317, 0.0, 0.0, 0.0, 6.5372317, -6.5372317, 0.0, 0.0, 6.5372317]",16.0,5.131875e-05,local
2101_38,bulk,-84.69859204,320.144,True,"[7.49339828, 0.0, -7.00623294, -0.0, 14.29153413, -14.01246587, 0.0, 0.0, 7.00623294]",20.0,0.9999982749999999,local
2101_39,bulk,-84.69859204,306.686,True,"[7.49339828, 0.0, -7.00623294, -0.0, 14.29153413, -14.01246587, 0.0, 0.0, 7.00623294]",20.0,0.9999982749999999,local
2101_43,bulk,-84.69651875,469.324,True,"[7.49339828, 0.0, 0.0, -0.0, 14.29153413, -14.01246587, 0.0, 0.0, 7.00623294]",20.0,0.9999993999999999,local
2102_42,bulk,-59.75075842,193.059,True,"[4.56596486, 0.0, 0.0, -2.28298243, 3.95424156, 0.0, 0.0, 0.0, 37.63026686]",24.0,1.5416666666666666e-07,local
2103_28,bulk,-113.56393045,366.404,True,"[3.75647679, 0.0, 0.0, 0.0, 13.43813388, -15.51702043, 0.0, 0.0, 7.75851021]",18.0,1.2177777777777778e-05,local
2103_37,bulk,-56.78126839,35.417,True,"[6.71906694, 0.0, -3.87925511, 0.0, 3.75647679, 0.0, 0.0, 0.0, 7.75851021]",9.0,9.983333333333334e-05,local
2104_29,bulk,-39.1963112,26.739,True,"[3.74842485, 0.0, 0.0, 0.0, 10.21855877, -7.49684969, 0.0, 0.0, 3.74842485]",6.0,5.678333333333333e-05,local
2106_39,bulk,-60.06527062,113.813,True,"[4.48931021, 0.0, 0.0, 0.0, 5.33615879, -4.76177111, 0.0, 0.0, 10.51238386]",12.0,3.225e-05,local
2106_59,bulk,-120.15763355,1014.144,True,"[21.02476773, 0.0, -4.48931021, 16.26299661, 5.33615879, 0.0, 0.0, 0.0, 4.48931021]",24.0,8.25e-07,local
2106_63,bulk,-120.09737335,631.985,True,"[9.03740848, 0.0, 6.99924057, 13.61470958, 7.79250068, 21.15033787, 0.0, 0.0, 7.15185673]",24.0,1.25e-08,local
2108_12,bulk,-49.27971058,94.374,True,"[4.10000488, 0.0, 0.0, 0.0, 10.03510198, -4.10000488, 0.0, 0.0, 4.10000488]",10.0,7.978e-05,local
2108_9,bulk,-98.51116613,320.994,True,"[10.03510198, 0.0, 0.0, 0.0, 8.20000976, -4.10000488, 0.0, 0.0, 4.10000488]",20.0,0.00011461500000000001,local
2111_43,bulk,-138.54579468,389.996,True,"[13.76163858, 0.0, 0.0, 0.0, 7.94528574, -3.65677465, 0.0, 0.0, 3.65677465]",18.0,7.872222222222222e-06,local
2113_13,bulk,-74.20160848,88.873,True,"[3.56404573, 0.0, 0.0, 0.0, 6.52301669, -11.29819633, 0.0, 0.0, 7.53213089]",9.0,2.2244444444444442e-05,local
2113_4,bulk,-74.20110327,156.711,True,"[13.04603339, 0.0, 0.0, 6.52301669, 3.76606544, 3.56404573, 0.0, 0.0, 3.56404573]",9.0,2.0733333333333334e-05,local
2113_6,bulk,-74.19801947,69.648,True,"[13.04603339, 0.0, 0.0, 6.52301669, 3.76606544, 7.12809147, 0.0, 0.0, 3.56404573]",9.0,1.4977777777777778e-05,local
2121_2,bulk,-127.79860078,472.096,True,"[9.33490127, 0.0, 0.0, 4.66021857, 4.66744503, 4.62276713, 0.0, 0.0, 4.62276713]",16.0,0.00020758125,local
2123_27,bulk,-126.03043735,287.623,True,"[5.98631289, 0.0, 0.0, 0.0, 25.25000477, -5.98631289, 0.0, 0.0, 5.98631289]",28.0,0.7143841821428571,local
2126_40,bulk,-56.16510983,35.328,True,"[5.52960529, 0.0, -3.1925191, 0.0, 3.99910127, 0.0, 0.0, 0.0, 6.38503821]",9.0,1.69e-05,local
2126_6,bulk,-112.3548875,190.738,True,"[5.52960529, 0.0, -9.57755731, -0.0, 7.99820254, -6.38503821, 0.0, 0.0, 6.38503821]",18.0,1.1344444444444445e-05,local
2128_2,bulk,-112.1741265,421.11,True,"[3.78532185, 0.0, -3.78532185, -0.0, 31.00713345, -3.78532185, 0.0, 0.0, 3.78532185]",20.0,0.3046316,local
2129_14,bulk,-85.07954995,321.108,True,"[4.28801313, 0.0, 0.0, 0.0, 23.06351552, -4.28801313, 0.0, 0.0, 4.28801313]",20.0,1.23e-06,local
2131_0,bulk,-136.64363369,126.318,True,"[6.12339444, 0.0, -6.12339444, -0.0, 6.12339444, -6.12339444, 0.0, 0.0, 6.12339444]",16.0,0.3851565875,local
2131_5,bulk,-273.25186209,644.965,True,"[6.12339444, 0.0, 0.0, 0.0, 12.24678889, -6.12339444, 0.0, 0.0, 6.12339444]",32.0,0.38231608125,local
2135_5,bulk,-79.98208915,655.668,True,"[4.71850327, 0.0, -4.71850327, -0.0, 21.68499087, -4.71850327, 0.0, 0.0, 4.71850327]",20.0,1.97e-06,local
2141_20,bulk,-64.04212217,89.855,True,"[5.9805519, 0.0, 0.0, 0.0, 11.10015097, -5.9805519, 0.0, 0.0, 5.9805519]",16.0,4.7125e-06,local
2143_18,bulk,-100.11723463,350.716,True,"[5.82501061, 0.0, 0.0, 0.0, 17.87104313, -7.14438441, 0.0, 0.0, 7.14438441]",32.0,7.09375e-07,local
2144_0,bulk,-14.71112886,22.188,True,"[3.94036835, 0.0, 6.82491819, 3.94036835, 4.62753142, 2.27497273, 0.0, 0.0, 4.54994546]",3.0,1.2566666666666668e-05,local
2144_17,bulk,-29.43882346,37.157,True,"[3.94036835, 0.0, -2.27497273, -0.0, 9.25506285, -4.54994546, 0.0, 0.0, 4.54994546]",6.0,6.756666666666666e-05,local
2144_24,bulk,-29.42600713,65.03,True,"[4.54994546, 0.0, 0.0, 4.54994546, 7.88073671, 4.62753142, 0.0, 0.0, 4.62753142]",6.0,3.2783333333333335e-05,local
2145_1,bulk,-37.6485742,141.322,True,"[4.50628444, 0.0, -4.50628444, 0.0, 10.64435254, -4.50628444, 0.0, 0.0, 4.50628444]",10.0,2.0999999999999997e-07,local
2145_23,bulk,-37.63863327,235.519,True,"[4.50628444, 0.0, 4.50628444, 9.01256889, 10.64435254, -0.0, 0.0, 0.0, 4.50628444]",10.0,1e-08,local
2145_3,bulk,-37.6485742,149.85,True,"[4.50628444, 0.0, -4.50628444, 0.0, 10.64435254, -4.50628444, 0.0, 0.0, 4.50628444]",10.0,2.0999999999999997e-07,local
2149_10,bulk,-22.55283927,100.47,True,"[16.46274489, 0.0, 0.0, 0.0, 3.36727381, -3.36727381, 0.0, 0.0, 3.36727381]",10.0,7.11e-06,local
2150_0,bulk,-45.257948,85.682,True,"[4.05584692, 0.0, -4.0423502, 0.0, 8.07902331, -4.0423502, 0.0, 0.0, 4.0423502]",8.0,1.9475e-05,local
2152_11,bulk,-68.57176313,272.499,True,"[7.32976223, 0.0, 0.0, 6.70837456, 15.70995211, 4.51776047, 0.0, 0.0, 4.51776047]",18.0,5.683333333333334e-06,local
2152_76,bulk,-136.99928631,3165.417,True,"[16.34664354, 0.0, 6.70837456, 30.19611882, 8.68359312, 20.74651136, 0.0, 0.0, 7.32976223]",36.0,0.0,local
2152_86,bulk,-137.1447623,550.59,True,"[4.51776047, 0.0, 0.0, 0.0, 31.41990423, -6.08698689, 0.0, 0.0, 7.32976223]",36.0,7.277777777777777e-07,local
2154_27,bulk,-58.81088909,140.39,True,"[5.29423876, 0.0, 0.0, 0.0, 9.15276025, -8.66547693, 0.0, 0.0, 4.33273847]",12.0,3.133333333333333e-06,local
2154_28,bulk,-58.81088909,161.376,True,"[5.29423876, 0.0, 0.0, 0.0, 9.15276025, -8.66547693, 0.0, 0.0, 4.33273847]",12.0,3.133333333333333e-06,local
2155_9,bulk,-43.86628575,342.95,True,"[6.80052708, 0.0, 0.0, 0.0, 10.86306455, -7.97417071, 0.0, 0.0, 7.97417071]",16.0,0.0,local
2156_1,bulk,-50.07150784,96.055,True,"[6.42796101, 0.0, -6.42796101, -0.0, 6.42796101, -6.42796101, 0.0, 0.0, 6.42796101]",16.0,1.0125e-06,local
2159_59,bulk,-149.58113401,1019.61,True,"[6.95800552, 0.0, 0.0, -0.0, 28.85380687, 5.99727947, 0.0, 0.0, 5.99727947]",40.0,1.83e-06,local
2163_5,bulk,-283.55177594,668.471,True,"[6.10768076, 0.0, 0.0, 0.0, 12.21536151, -6.10768076, 0.0, 0.0, 6.10768076]",32.0,0.2092433875,local
2165_4,bulk,-37.16630309,196.244,True,"[8.14832593, 0.0, -9.40887634, 0.0, 8.68920281, -4.70443817, 0.0, 0.0, 4.70443817]",12.0,1.3333333333333334e-07,local
2168_27,bulk,-211.67924826,687.426,True,"[6.50298278, 0.0, 0.0, 0.0, 22.90842789, -5.41161458, 0.0, 0.0, 5.41161458]",40.0,1.6325e-05,local
2168_3,bulk,-105.84799822,347.815,True,"[6.50298278, 0.0, -5.41161458, -0.0, 11.45421394, -5.41161458, 0.0, 0.0, 5.41161458]",20.0,1.65e-07,local
2168_45,bulk,-105.86960752,285.382,True,"[6.50298278, 0.0, 0.0, -0.0, 11.45421394, -10.82322916, 0.0, 0.0, 5.41161458]",20.0,1.2e-07,local
2172_19,bulk,-98.80652088,456.782,True,"[17.31748696, 0.0, 0.0, 4.94785342, 4.28496675, 3.99361075, 0.0, 0.0, 3.99361075]",18.0,1.1027777777777779e-05,local
2173_15,bulk,-74.1786478,57.226,True,"[4.2635839, 0.0, 0.0, 0.0, 9.88966911, 0.0, 0.0, 0.0, 4.2635839]",10.0,0.00097401,local
2174_22,bulk,-35.12773055,37.512,True,"[4.10934432, 0.0, 4.10934432, 8.21868865, 8.78347994, -0.0, 0.0, 0.0, 4.10934432]",6.0,0.00015408333333333333,local
2174_25,bulk,-35.12182175,24.591,True,"[4.10934432, 0.0, 0.0, 0.0, 4.10934432, 0.0, 0.0, 0.0, 8.78347994]",6.0,0.00012596666666666667,local
2176_23,bulk,-65.255276,246.157,True,"[9.97351339, 0.0, -4.16215592, 5.61367276, 4.96749818, 0.0, 0.0, 0.0, 4.16215592]",12.0,2.6333333333333337e-06,local
2176_47,bulk,-65.29378601,214.313,True,"[4.16215592, 0.0, 0.0, -0.0, 7.49589436, 13.18835256, 0.0, 0.0, 6.60940606]",12.0,8.333333333333334e-09,local
2176_4,bulk,-65.31412651,264.653,True,"[9.97351339, 0.0, 4.16215592, 14.33335402, 4.96749818, 0.0, 0.0, 0.0, 4.16215592]",12.0,8.333333333333334e-09,local
2179_20,bulk,-48.72108245,16.711,True,"[3.79618686, 0.0, -2.19172951, 0.0, 9.1417368, 0.0, 0.0, 0.0, 4.38345901]",8.0,7.535e-05,local
2180_2,bulk,-102.2959106,423.484,True,"[4.11071013, 0.0, -4.11071013, 0.0, 19.9575731, -4.11071013, 0.0, 0.0, 4.11071013]",20.0,9.915e-05,local
2180_5,bulk,-102.29784742,352.471,True,"[8.22142026, 0.0, -4.11071013, -0.0, 9.97878655, -4.11071013, 0.0, 0.0, 4.11071013]",20.0,1.8330000000000002e-05,local
2185_15,bulk,-59.41712383,124.122,True,"[7.42231684, 0.0, 0.0, 0.0, 8.20800898, -9.47779239, 0.0, 0.0, 4.7388962]",12.0,5.9766666666666665e-05,local
2186_44,bulk,-82.40957307,731.564,True,"[12.89043256, 0.0, 0.0, -0.0, 7.65972186, 3.86746001, 0.0, 0.0, 3.86746001]",18.0,0.0,local
2186_46,bulk,-164.80283489,1827.039,True,"[12.89043256, 0.0, 0.0, -0.0, 7.73492002, -7.65972186, 0.0, 0.0, 7.65972186]",36.0,2.7777777777777776e-09,local
2194_15,bulk,-172.6376487,411.421,True,"[4.27869255, 0.0, 0.0, 0.0, 33.27504749, -4.27869255, 0.0, 0.0, 4.27869255]",24.0,7.573333333333334e-05,local
2194_22,bulk,-86.31338145,91.095,True,"[4.27869255, 0.0, 0.0, 0.0, 16.63752375, -8.5573851, 0.0, 0.0, 4.27869255]",12.0,3.0625e-05,local
2199_1,bulk,-101.23869777,216.279,True,"[7.10507513, 0.0, -7.10507513, -0.0, 7.10507513, -7.10507513, 0.0, 0.0, 7.10507513]",24.0,2.897916666666667e-05,local
2200_6,bulk,-77.08052344,27.603,True,"[6.59116812, 0.0, 0.0, 0.0, 6.59116812, 0.0, 0.0, 0.0, 6.59116812]",16.0,2.81875e-06,local
2202_35,bulk,-124.47254487,339.071,True,"[13.74242031, 0.0, 0.0, 3.98950102, 3.39066093, 4.18892407, 0.0, 0.0, 4.18892407]",16.0,8.5875e-06,local
2202_55,bulk,-124.46767621,269.968,True,"[5.23571389, 0.0, 0.0, 0.0, 4.18892407, 0.0, 0.0, 0.0, 8.8996245]",16.0,1.20125e-05,local
2203_36,bulk,-31.58280749,61.671,True,"[4.65079987, 0.0, 0.0, 0.0, 11.41790154, -8.55891549, 0.0, 0.0, 4.27945774]",8.0,3.3375e-06,local
2213_3,bulk,-83.67647407,141.315,True,"[6.63597818, 0.0, 0.0, 0.0, 6.63597818, -6.63597818, 0.0, 0.0, 6.63597818]",16.0,3.180625e-05,local
2221_41,bulk,-158.177675,415.353,True,"[16.2413234, 0.0, 0.0, 5.70543001, 12.36024014, 6.39464698, 0.0, 0.0, 6.39464698]",40.0,3.2357499999999996e-05,local
2223_17,bulk,-118.21678315,389.776,True,"[18.26634461, 0.0, 0.0, 5.2189556, 4.51974813, 3.5069712, 0.0, 0.0, 3.5069712]",18.0,1.75e-06,local
2223_32,bulk,-59.1082545,60.944,True,"[6.90402931, 0.0, 0.0, 3.45201466, 5.97906477, 3.5069712, 0.0, 0.0, 3.5069712]",9.0,9.777777777777778e-07,local
2223_5,bulk,-118.21811271,306.38,True,"[5.97906477, 0.0, -10.35604397, -0.0, 7.01394241, -6.90402931, 0.0, 0.0, 6.90402931]",18.0,1.0327777777777777e-05,local
2225_19,bulk,-94.99373446,142.034,True,"[4.14404113, 0.0, 4.14404113, 8.28808226, 14.98362973, 0.0, 0.0, 0.0, 4.14404113]",16.0,1.143125e-05,local
2226_22,bulk,-108.47628584,210.201,True,"[7.3046646, 0.0, 0.0, -0.0, 8.27312121, 4.21735008, 0.0, 0.0, 4.21735008]",16.0,4.375e-08,local
2229_20,bulk,-49.4068514,203.551,True,"[4.63211962, 0.0, 0.0, 0.0, 10.36734499, -4.63211962, 0.0, 0.0, 4.63211962]",10.0,2e-08,local
2229_35,bulk,-49.41502131,40.682,True,"[4.63211962, 0.0, 0.0, 0.0, 4.63211962, 0.0, 0.0, 0.0, 10.36734499]",10.0,2.4199999999999997e-06,local
2234_5,bulk,-260.33560927,752.532,True,"[5.75340828, 0.0, 0.0, 0.0, 11.50681657, -5.75340828, 0.0, 0.0, 5.75340828]",32.0,1.0825e-05,local
2236_0,bulk,-86.62996419,147.76,True,"[6.23618516, 0.0, -6.23618516, -0.0, 6.23618516, -6.23618516, 0.0, 0.0, 6.23618516]",16.0,3.600625e-05,local
2237_18,bulk,-118.81114876,438.387,True,"[22.01767301, 0.0, 0.0, 6.29076372, 5.44796119, 4.305939, 0.0, 0.0, 4.305939]",18.0,0.037027727777777776,local
2237_44,bulk,-118.80833554,460.858,True,"[14.41395046, 0.0, 0.0, 0.0, 8.32189818, -4.305939, 0.0, 0.0, 4.305939]",18.0,0.03533316111111111,local
2237_8,bulk,-118.80916544,547.924,True,"[7.20697523, 0.0, -12.48284727, -0.0, 8.61187801, -8.32189818, 0.0, 0.0, 8.32189818]",18.0,0.028841788888888886,local
2239_51,bulk,-74.04142821,1753.189,True,"[22.77363357, 0.0, -4.36307537, 21.25002896, 4.63029086, 0.0, 0.0, 0.0, 4.36307537]",20.0,6.999999999999999e-08,local
2239_56,bulk,-74.07249621,449.786,True,"[4.36307537, 0.0, 0.0, -0.0, 21.63259248, 11.99276112, 0.0, 0.0, 4.87452197]",20.0,7.95e-07,local
2239_5,bulk,-74.13605129,596.144,True,"[11.38681679, 0.0, 4.36307537, 14.43402601, 9.26058172, 0.0, 0.0, 0.0, 4.36307537]",20.0,6.25e-07,local
2241_4,bulk,-97.6173148,650.234,True,"[4.55511229, 0.0, -4.55511229, -0.0, 20.43538735, -4.55511229, 0.0, 0.0, 4.55511229]",20.0,6.800000000000001e-07,local
2241_6,bulk,-97.61731481,693.321,True,"[4.55511229, 0.0, -4.55511229, -0.0, 20.43538735, -4.55511229, 0.0, 0.0, 4.55511229]",20.0,6.800000000000001e-07,local
2241_9,bulk,-97.59836178,488.016,True,"[9.11022457, 0.0, -4.55511229, 0.0, 10.21769367, -4.55511229, 0.0, 0.0, 4.55511229]",20.0,8.500000000000001e-08,local
2244_14,bulk,-127.50547569,304.221,True,"[4.29388295, 0.0, 0.0, 0.0, 20.04745014, -4.29388295, 0.0, 0.0, 4.29388295]",20.0,1.315e-06,local
2246_16,bulk,-133.6593694,492.481,True,"[5.78791167, 0.0, 0.0, 0.0, 20.90407687, -4.0668906, 0.0, 0.0, 4.0668906]",24.0,2.0291666666666666e-06,local
2247_0,bulk,-60.09451015,132.187,True,"[6.18985063, 0.0, -6.18985063, -0.0, 6.18985063, -6.18985063, 0.0, 0.0, 6.18985063]",16.0,1.00625e-06,local
2248_5,bulk,-201.56140601,233.843,True,"[5.79415447, 0.0, 0.0, 0.0, 11.58830893, -5.79415447, 0.0, 0.0, 5.79415447]",32.0,8.46625e-05,local
2249_4,bulk,-64.07610247,113.141,True,"[4.78689527, 0.0, 0.0, 0.0, 4.78689527, -4.78689527, 0.0, 0.0, 4.78689527]",8.0,0.0507603625,local
2255_59,bulk,-55.66156467,146.095,True,"[4.24707767, 0.0, 0.0, -0.0, 5.0704393, -4.50517796, 0.0, 0.0, 4.50517796]",8.0,5.75e-07,local
2256_1,bulk,-150.50968573,187.438,True,"[6.4208051, 0.0, -6.4208051, 0.0, 6.4208051, -6.4208051, 0.0, 0.0, 6.4208051]",16.0,0.23023750625,local
2257_3,bulk,-82.4236978,121.642,True,"[6.40564348, 0.0, 0.0, 0.0, 6.40564348, -6.40564348, 0.0, 0.0, 6.40564348]",16.0,2.750625e-05,local
2260_3,bulk,-92.03422621,136.704,True,"[6.63558054, 0.0, 0.0, 0.0, 6.63558054, -6.63558054, 0.0, 0.0, 6.63558054]",16.0,2.663125e-05,local
2261_0,bulk,-109.3186887,117.061,True,"[6.03552978, 0.0, -6.03552978, -0.0, 6.03552978, -6.03552978, 0.0, 0.0, 6.03552978]",16.0,1.049145525,local
2262_25,bulk,-46.48006636,65.547,True,"[3.82133182, 0.0, 0.0, -0.0, 9.20427765, -7.64266364, 0.0, 0.0, 3.82133182]",8.0,4.97625e-05,local
2264_16,bulk,-41.26292892,32.676,True,"[3.66477199, 0.0, 0.0, 0.0, 10.20956232, -3.66477199, 0.0, 0.0, 3.66477199]",6.0,0.00010054999999999999,local
2264_30,bulk,-41.26598686,40.336,True,"[3.66477199, 0.0, 0.0, 0.0, 10.20956232, -7.32954399, 0.0, 0.0, 3.66477199]",6.0,5.833333333333333e-07,local
2264_5,bulk,-82.54727873,227.164,True,"[3.66477199, 0.0, -3.66477199, -0.0, 20.41912464, -3.66477199, 0.0, 0.0, 3.66477199]",12.0,5.649999999999999e-06,local
2266_39,bulk,-46.21701366,221.962,True,"[8.40864715, 0.0, 0.0, 0.0, 11.41288305, -9.0580919, 0.0, 0.0, 4.52904595]",16.0,7.25e-07,local
2268_5,bulk,-239.72086788,380.843,True,"[6.50507284, 0.0, 0.0, 0.0, 13.01014568, -6.50507284, 0.0, 0.0, 6.50507284]",32.0,6.04375e-06,local
2269_15,bulk,-180.63650843,340.62,True,"[18.42469556, 0.0, 0.0, 5.26419873, 4.55892983, 3.40167059, 0.0, 0.0, 3.40167059]",18.0,2.7166666666666668e-06,local
2272_5,bulk,-74.99964633,137.829,True,"[5.94660485, 0.0, 0.0, 0.0, 5.94660485, -5.94660485, 0.0, 0.0, 5.94660485]",12.0,1.1324999999999999e-05,local
2273_6,bulk,-79.21432869,217.657,True,"[8.0105529, 0.0, -4.00527645, 0.0, 7.00359167, -4.00527645, 0.0, 0.0, 4.00527645]",14.0,1.4285714285714284e-08,local
2277_51,bulk,-58.14690889,369.398,True,"[4.59775982, 0.0, 0.0, -0.0, 12.03419372, 8.13641452, 0.0, 0.0, 8.13641452]",16.0,7.5e-08,local
2278_41,bulk,-315.64694373,724.874,True,"[3.88587574, 0.0, 0.0, 0.0, 16.62932907, -18.97097803, 0.0, 0.0, 9.94097876]",40.0,4.29625e-05,local
2278_74,bulk,-315.6425118,1158.038,True,"[3.88587574, 0.0, 0.0, 0.0, 17.47215936, -0.02622887, 0.0, 0.0, 9.46144112]",40.0,4.701e-05,local
2280_0,bulk,-74.91656001,92.104,True,"[5.75697063, 0.0, -5.75697063, 0.0, 5.75697063, -5.75697063, 0.0, 0.0, 5.75697063]",16.0,1.09e-05,local
2280_6,bulk,-74.91783291,38.307,True,"[5.75697063, 0.0, 0.0, 0.0, 5.75697063, 0.0, 0.0, 0.0, 5.75697063]",16.0,1.12e-05,local
2282_16,bulk,-77.37085755,173.16,True,"[6.50433797, 0.0, 0.0, -0.0, 6.50433797, 5.19971208, 0.0, 0.0, 5.19971208]",14.0,3.871428571428571e-05,local
2282_4,bulk,-77.36217004,146.07,True,"[5.19971208, 0.0, 0.0, 0.0, 6.50433797, -6.50433797, 0.0, 0.0, 6.50433797]",14.0,0.00039165,local
2283_22,bulk,-29.16333698,54.399,True,"[4.39447272, 0.0, 0.0, 4.39447272, 7.61145002, 4.8100982, 0.0, 0.0, 4.8100982]",6.0,7.666666666666667e-06,local
2283_5,bulk,-29.13823658,54.469,True,"[7.61145002, 0.0, -8.78894543, -0.0, 4.8100982, -4.39447272, 0.0, 0.0, 4.39447272]",6.0,4.6666666666666666e-07,local
2286_18,bulk,-65.2146266,109.965,True,"[3.95881301, 0.0, 0.0, -0.0, 10.13395209, -7.91762602, 0.0, 0.0, 3.95881301]",10.0,0.00035152,local
2287_3,bulk,-25.07427278,33.907,True,"[11.54368912, 0.0, 0.0, 3.29819689, 2.8563223, 3.96497375, 0.0, 0.0, 3.96497375]",6.0,3.938333333333333e-05,local
2288_6,bulk,-101.10554849,55.841,True,"[5.79111339, 0.0, 0.0, 0.0, 5.79111339, 0.0, 0.0, 0.0, 5.79111339]",16.0,1.0049431125,local
2290_19,bulk,-98.31856582,241.235,True,"[4.80784197, 0.0, 0.0, 0.0, 21.6923918, -4.80784197, 0.0, 0.0, 4.80784197]",20.0,2.84e-06,local
2291_5,bulk,-68.06054661,75.855,True,"[7.45457949, 0.0, -8.60780695, 0.0, 8.56407641, -4.30390348, 0.0, 0.0, 4.30390348]",16.0,8.75e-08,local
2292_3,bulk,-56.42751196,61.08,True,"[6.0890065, 0.0, -6.0890065, -0.0, 6.0890065, -6.0890065, 0.0, 0.0, 6.0890065]",16.0,0.00017884375,local
2296_3,bulk,-133.26020178,248.822,True,"[11.93110863, 0.0, 0.0, 0.0, 4.84684792, -8.39498685, 0.0, 0.0, 5.5966579]",18.0,3.441111111111111e-05,local
2298_40,bulk,-87.70620445,362.088,True,"[9.32246588, 0.0, 0.0, -0.0, 15.83329742, 5.80766578, 0.0, 0.0, 5.80766578]",32.0,9.96875e-07,local
2299_18,bulk,-33.08637937,110.102,True,"[4.74679833, 0.0, 0.0, -0.0, 11.73846056, -9.49359665, 0.0, 0.0, 4.74679833]",10.0,1.069e-05,local
2299_19,bulk,-33.12378923,44.64,True,"[4.74679833, 0.0, 0.0, 0.0, 4.74679833, 0.0, 0.0, 0.0, 11.73846056]",10.0,5.358e-05,local
2301_0,bulk,-16.85681956,51.898,True,"[4.06429267, 0.0, -7.03956139, -0.0, 7.61026263, -4.69304093, 0.0, 0.0, 4.69304093]",6.0,1.4350000000000002e-05,local
2303_9,bulk,-58.8399104,259.46,True,"[10.71602936, 0.0, 0.0, 0.0, 8.86329236, -4.43164618, 0.0, 0.0, 4.43164618]",20.0,3.031e-05,local
2307_28,bulk,-52.33826916,165.522,True,"[7.5618021, 0.0, 0.0, 0.05462314, 11.10457645, 4.07360686, 0.0, 0.0, 4.07360686]",12.0,0.48087807499999996,local
2311_17,bulk,-140.76604711,244.473,True,"[17.29406897, 0.0, 0.0, 4.94116256, 4.2791723, 3.60678143, 0.0, 0.0, 3.60678143]",18.0,1.336173938888889,local
2311_48,bulk,-140.76750805,321.294,True,"[6.53654366, 0.0, 0.0, 6.53654366, 11.32162573, 3.60678143, 0.0, 0.0, 3.60678143]",18.0,1.3344749055555556,local
2314_15,bulk,-42.1183039,10.561,True,"[3.21049044, 0.0, -1.85357752, 0.0, 7.13242267, 0.0, 0.0, 0.0, 3.70715504]",6.0,3.0383333333333334e-05,local
2320_15,bulk,-59.85605426,250.795,True,"[7.41860854, 0.0, 0.0, 0.0, 8.00395744, -9.24217397, 0.0, 0.0, 4.62108698]",12.0,8.333333333333333e-08,local
2320_17,bulk,-29.92812445,52.584,True,"[4.00197872, 0.0, -2.31054349, -0.0, 7.41860854, -4.62108698, 0.0, 0.0, 4.62108698]",6.0,6.666666666666667e-08,local
2320_23,bulk,-59.85433716,216.543,True,"[4.00197872, 0.0, -2.31054349, -0.0, 14.83721709, -4.62108698, 0.0, 0.0, 4.62108698]",12.0,5.666666666666667e-07,local
2321_0,bulk,-79.92008669,80.096,True,"[6.39174104, 0.0, -6.39174104, -0.0, 6.39174104, -6.39174104, 0.0, 0.0, 6.39174104]",12.0,6.115e-05,local
2322_27,bulk,-83.67263662,329.861,True,"[4.55825535, 0.0, 0.0, 0.0, 13.11083396, -15.13908704, 0.0, 0.0, 7.56954352]",18.0,3.896111111111111e-05,local
2322_33,bulk,-41.84160765,175.498,True,"[7.56954352, 0.0, 0.0, 3.78477176, 6.55541698, 4.55825535, 0.0, 0.0, 4.55825535]",9.0,2.888888888888889e-07,local
2322_8,bulk,-83.6657816,297.228,True,"[6.55541698, 0.0, -11.35431528, -0.0, 9.11651071, -7.56954352, 0.0, 0.0, 7.56954352]",18.0,5.432777777777778e-05,local
2331_4,bulk,-74.52223298,234.931,True,"[17.6367058, 0.0, -4.64852329, 0.0, 8.22260524, -4.64852329, 0.0, 0.0, 4.64852329]",20.0,8.135e-06,local
2331_58,bulk,-74.5211909,340.289,True,"[8.22260524, 0.0, 0.0, 0.0, 17.6367058, -9.29704658, 0.0, 0.0, 4.64852329]",20.0,6.25e-07,local
2339_0,bulk,-36.61191614,27.668,True,"[3.89240829, 0.0, -6.74184892, -0.0, 6.42261442, -4.49456595, 0.0, 0.0, 4.49456595]",6.0,5.746666666666666e-05,local
2339_19,bulk,-36.6065728,49.897,True,"[3.89240829, 0.0, -2.24728297, -0.0, 6.42261442, -4.49456595, 0.0, 0.0, 4.49456595]",6.0,6.666666666666667e-08,local
2343_0,bulk,-68.82934949,211.32,True,"[5.27836845, 0.0, -5.17057351, 0.0, 7.24365064, -5.17057351, 0.0, 0.0, 5.17057351]",12.0,0.2612000583333333,local
2343_24,bulk,-68.82643286,84.267,True,"[5.17057351, 0.0, 0.0, 0.0, 7.24365064, 0.0, 0.0, 0.0, 5.27836845]",12.0,0.25811754166666667,local
2343_25,bulk,-137.65245644,438.263,True,"[5.17057351, 0.0, 0.0, -0.0, 10.5567369, 7.24365064, 0.0, 0.0, 7.24365064]",24.0,0.259666425,local
2344_42,bulk,-58.74461264,61.603,True,"[7.24159339, 0.0, -4.18093589, 0.0, 4.19123199, 0.0, 0.0, 0.0, 8.36187178]",9.0,0.06763994444444445,local
2344_43,bulk,-117.4897304,388.868,True,"[14.48318677, 0.0, 0.0, 0.0, 8.36187178, -4.19123199, 0.0, 0.0, 4.19123199]",18.0,0.06778302777777778,local
2348_20,bulk,-41.15993538,166.329,True,"[4.73470686, 0.0, 0.0, 4.73470686, 8.20075284, 6.13131439, 0.0, 0.0, 6.13131439]",12.0,9.166666666666667e-08,local
2349_9,bulk,-79.96868781,250.278,True,"[8.55867356, 0.0, -4.27933678, 0.0, 10.94060697, -4.27933678, 0.0, 0.0, 4.27933678]",20.0,8.1495e-05,local
2354_46,bulk,-40.33068239,92.919,True,"[8.49146262, 0.0, 0.0, 0.0, 6.45275242, 0.0, 0.0, 0.0, 10.78605632]",16.0,6.7125e-06,local
2359_24,bulk,-62.65973981,272.453,True,"[11.97775936, 0.0, 0.0, 0.0, 8.15783975, -4.55311506, 0.0, 0.0, 4.55311506]",16.0,1.875e-07,local
2359_2,bulk,-62.65034857,379.852,True,"[11.97775936, 0.0, -4.55311506, 0.0, 8.15783975, -4.55311506, 0.0, 0.0, 4.55311506]",16.0,1.05625e-06,local
2359_56,bulk,-125.27522032,721.388,True,"[4.55311506, 0.0, 0.0, 0.0, 16.3156795, -11.97775936, 0.0, 0.0, 11.97775936]",32.0,1.8578125e-05,local
2363_32,bulk,-245.84907759,466.151,True,"[4.67232705, 0.0, 0.0, -0.0, 12.11606089, 9.51916496, 0.0, 0.0, 9.51916496]",32.0,7.759375e-06,local
2363_34,bulk,-245.84907759,523.378,True,"[4.67232705, 0.0, 0.0, -0.0, 12.11606089, 9.51916496, 0.0, 0.0, 9.51916496]",32.0,7.759375e-06,local
2366_37,bulk,-60.01870441,119.779,True,"[6.31773316, 0.0, 0.0, 3.15886658, 5.47131741, 3.98177021, 0.0, 0.0, 3.98177021]",9.0,5.366666666666667e-06,local
2366_40,bulk,-60.01785097,39.393,True,"[5.47131741, 0.0, -3.15886658, 0.0, 3.98177021, 0.0, 0.0, 0.0, 6.31773316]",9.0,6.944444444444445e-06,local
2369_15,bulk,-104.87555002,507.745,True,"[19.16756936, 0.0, 0.0, 5.47644839, 4.74274343, 3.54952261, 0.0, 0.0, 3.54952261]",18.0,1.2722222222222223e-06,local
2369_30,bulk,-104.87398726,474.028,True,"[3.54952261, 0.0, 0.0, 0.0, 12.54811964, -14.4893205, 0.0, 0.0, 7.24466025]",18.0,7.333333333333333e-07,local
2373_16,bulk,-16.77310596,19.9,True,"[3.6317419, 0.0, -2.09678716, -0.0, 7.04005065, -4.19357433, 0.0, 0.0, 4.19357433]",5.0,6.4e-07,local
2378_21,bulk,-45.33247535,111.276,True,"[7.59920842, 0.0, 0.0, -0.0, 7.59920842, 7.40818443, 0.0, 0.0, 3.70409221]",10.0,0.00042135,local
2381_5,bulk,-84.63958965,643.867,True,"[7.15032498, 0.0, -3.57516249, 0.0, 7.15073363, -3.57516249, 0.0, 0.0, 3.57516249]",16.0,0.000856525,local
2383_13,bulk,-67.70343527,102.021,True,"[3.36143442, 0.0, 0.0, 0.0, 6.79379867, -11.76720447, 0.0, 0.0, 7.84480298]",9.0,9.231111111111112e-05,local
2383_30,bulk,-135.42273223,504.664,True,"[3.36143442, 0.0, 0.0, 0.0, 13.58759733, -15.68960596, 0.0, 0.0, 7.84480298]",18.0,6.169444444444445e-05,local
2385_24,bulk,-110.84336484,421.808,True,"[3.74617195, 0.0, 0.0, 0.0, 13.48453413, -15.57059883, 0.0, 0.0, 7.78529941]",18.0,0.0003964888888888889,local
2385_48,bulk,-110.84054883,340.186,True,"[7.78529941, 0.0, 0.0, 7.78529941, 13.48453413, 3.74617195, 0.0, 0.0, 3.74617195]",18.0,0.0006019,local
2385_7,bulk,-55.42014423,77.696,True,"[13.48453413, 0.0, 0.0, 6.74226707, 3.89264971, 7.49234391, 0.0, 0.0, 3.74617195]",9.0,0.00027064444444444447,local
2387_0,bulk,-30.09967696,151.327,True,"[4.59816969, 0.0, -4.59816969, 0.0, 10.61779549, -4.59816969, 0.0, 0.0, 4.59816969]",10.0,4.879e-05,local
2387_20,bulk,-30.11477246,55.731,True,"[4.59816969, 0.0, 0.0, 0.0, 4.59816969, 0.0, 0.0, 0.0, 10.61779549]",10.0,8.826e-05,local
2389_1,bulk,-57.38204241,64.645,True,"[6.28623349, 0.0, -6.28623349, -0.0, 6.28623349, -6.28623349, 0.0, 0.0, 6.28623349]",16.0,3.6125e-05,local
2389_3,bulk,-57.39365793,73.929,True,"[6.28623349, 0.0, 0.0, 0.0, 6.28623349, -6.28623349, 0.0, 0.0, 6.28623349]",16.0,1.4175e-05,local
2395_3,bulk,-46.99702822,167.028,True,"[4.62253961, 0.0, -4.62253961, 0.0, 10.50111564, -4.62253961, 0.0, 0.0, 4.62253961]",10.0,2.4e-07,local
2396_3,bulk,-88.25119031,211.512,True,"[6.06179848, 0.0, 0.0, 0.0, 6.06179848, -6.06179848, 0.0, 0.0, 6.06179848]",16.0,5.25625e-06,local
2397_4,bulk,-92.71108686,747.891,True,"[4.53004272, 0.0, -4.53004272, -0.0, 20.74815401, -4.53004272, 0.0, 0.0, 4.53004272]",20.0,7.2e-07,local
2398_13,bulk,-60.91442038,61.687,True,"[3.63283732, 0.0, 0.0, 0.0, 5.38394858, -9.32527249, 0.0, 0.0, 6.21684832]",9.0,0.9942327,local
2399_0,bulk,-27.71240672,138.797,True,"[4.82638549, 0.0, -4.82638549, -0.0, 11.36967596, -4.82638549, 0.0, 0.0, 4.82638549]",10.0,1.972e-05,local
2399_10,bulk,-55.47203023,561.866,True,"[9.65277098, 0.0, -4.82638549, 0.0, 11.36967596, -4.82638549, 0.0, 0.0, 4.82638549]",20.0,2.9000000000000003e-07,local
2400_21,bulk,-79.69812124,288.66,True,"[9.19831036, 0.0, 6.02301596, 4.59915518, 9.23531248, 0.0, 0.0, 0.0, 6.02301596]",20.0,1.2500000000000002e-07,local
2401_2,bulk,-91.12427563,313.706,True,"[3.53892362, 0.0, -3.53892362, -0.0, 14.12713757, -3.53892362, 0.0, 0.0, 3.53892362]",16.0,0.0934526875,local
2403_37,bulk,-67.50946846,28.051,True,"[5.52640528, 0.0, -3.19067158, 0.0, 3.33295505, 0.0, 0.0, 0.0, 6.38134315]",9.0,1.4896738777777778,local
2403_43,bulk,-135.01158771,444.23,True,"[6.38134315, 0.0, 0.0, 6.38134315, 11.05281056, 3.33295505, 0.0, 0.0, 3.33295505]",18.0,1.4883800055555556,local
2405_20,bulk,-35.82144173,94.967,True,"[4.36271683, 0.0, 0.0, -0.0, 10.99399077, -8.72543366, 0.0, 0.0, 4.36271683]",10.0,3.8e-07,local
2405_21,bulk,-35.86174464,37.457,True,"[4.36271683, 0.0, 0.0, 0.0, 4.36271683, 0.0, 0.0, 0.0, 10.99399077]",10.0,8.038e-05,local
2407_27,bulk,-118.45990434,524.335,True,"[3.89983861, 0.0, 0.0, 0.0, 13.260546, -15.3119596, 0.0, 0.0, 7.6559798]",18.0,0.0005296722222222222,local
2407_34,bulk,-59.23464473,158.01,True,"[7.6559798, 0.0, 0.0, 3.8279899, 6.630273, 3.89983861, 0.0, 0.0, 3.89983861]",9.0,0.05016263333333334,local
2407_36,bulk,-118.46665726,505.023,True,"[6.630273, 0.0, -3.8279899, -0.0, 7.79967723, -7.6559798, 0.0, 0.0, 7.6559798]",18.0,0.048828977777777775,local
2411_3,bulk,-117.73867953,153.093,True,"[6.38149504, 0.0, 0.0, 0.0, 6.38149504, -6.38149504, 0.0, 0.0, 6.38149504]",16.0,0.00034828125,local
2412_16,bulk,-52.75791208,107.85,True,"[3.691182, 0.0, 0.0, 0.0, 8.98743945, -3.691182, 0.0, 0.0, 3.691182]",8.0,1.25e-08,local
2414_18,bulk,-51.23771068,57.663,True,"[4.19973291, 0.0, 0.0, 0.0, 9.82423615, -4.19973291, 0.0, 0.0, 4.19973291]",10.0,2.472e-05,local
2416_50,bulk,-116.26155789,1035.556,True,"[7.699073, 0.0, 0.0, 7.699073, 13.33518561, 3.86027646, 0.0, 0.0, 3.86027646]",18.0,0.07887097777777778,local
2421_1,bulk,-33.45434628,133.689,True,"[3.87178335, 0.0, -6.70612548, -0.0, 7.35530457, -4.47075032, 0.0, 0.0, 4.47075032]",6.0,6.666666666666667e-08,local
2421_8,bulk,-66.92665095,256.853,True,"[7.7435667, 0.0, -8.94150064, -0.0, 7.35530457, -4.47075032, 0.0, 0.0, 4.47075032]",12.0,1.6666666666666667e-08,local
2432_5,bulk,-89.10370871,495.365,True,"[7.08682572, 0.0, 0.0, 0.0, 14.17365144, -7.08682572, 0.0, 0.0, 7.08682572]",32.0,2.16875e-06,local
2437_40,bulk,-58.96758295,486.617,True,"[11.44393089, 0.0, 3.50903718, 6.00154965, 5.7151309, 9.23990155, 0.0, 0.0, 5.73086437]",16.0,1.875e-08,local
2437_41,bulk,-58.96758294,528.716,True,"[11.44393089, 0.0, 3.50903718, 6.00154965, 5.7151309, 9.23990155, 0.0, 0.0, 5.73086437]",16.0,1.875e-08,local
2442_25,bulk,-95.16014072,253.069,True,"[8.80818516, 0.0, 0.0, -0.0, 8.80818516, 4.80503225, 0.0, 0.0, 4.80503225]",18.0,3.2661111111111114e-05,local
2443_15,bulk,-75.5095788,217.266,True,"[3.71955826, 0.0, -2.14748796, -0.0, 25.55266671, -4.29497593, 0.0, 0.0, 4.29497593]",21.0,1.238095238095238e-06,local
2443_36,bulk,-75.51409195,173.344,True,"[3.71955826, 0.0, -2.14748796, -0.0, 25.55266671, 8.58995185, 0.0, 0.0, 4.29497593]",21.0,2.0476190476190477e-07,local
2446_25,bulk,-141.11220099,673.736,True,"[3.69505364, 0.0, 0.0, 0.0, 13.75561555, -15.88361669, 0.0, 0.0, 7.94180834]",18.0,0.16373383333333333,local
2447_6,bulk,-109.53559573,34.692,True,"[5.58182388, 0.0, 0.0, 0.0, 5.58182388, 0.0, 0.0, 0.0, 5.58182388]",16.0,6.6e-06,local
2450_42,bulk,-178.93022745,717.356,True,"[3.43873902, 0.0, -1.9853569, 0.0, 19.4756813, 3.97071379, 0.0, 0.0, 3.97071379]",24.0,1.3526755166666666,local
2451_2,bulk,-23.22461915,27.575,True,"[8.93497061, 0.0, 0.0, 0.0, 3.94643212, -6.83542094, 0.0, 0.0, 4.55694729]",6.0,2.2183333333333335e-05,local
2456_26,bulk,-202.50472288,726.509,True,"[7.82894761, 0.0, -1.66087607, -0.0, 11.32263648, -9.72367847, 0.0, 0.0, 9.72367847]",40.0,6.15375e-05,local
2456_42,bulk,-202.45466933,1559.562,True,"[5.66131824, 0.0, 0.0, -0.0, 15.65789522, 6.40192633, 0.0, 0.0, 9.72367847]",40.0,3.825e-07,local
2456_79,bulk,-101.26533484,277.767,True,"[9.72367847, 0.0, 0.0, -1.66087607, 7.82894761, 0.0, 0.0, 0.0, 5.66131824]",20.0,3.0635e-05,local
2464_1,bulk,-68.31148725,63.057,True,"[11.05650156, 0.0, 0.0, 5.52825078, 3.19173708, 3.52910143, 0.0, 0.0, 3.52910143]",9.0,0.42247203333333333,local
2465_1,bulk,-17.59414526,76.869,True,"[3.74813485, 0.0, -6.49196, -0.0, 9.35564285, -4.32797333, 0.0, 0.0, 4.32797333]",6.0,0.000105,local
2466_1,bulk,-113.65399025,190.549,True,"[6.05666423, 0.0, -6.05666423, 0.0, 6.05666423, -6.05666423, 0.0, 0.0, 6.05666423]",16.0,0.74852151875,local
2466_6,bulk,-113.65395235,74.648,True,"[6.05666423, 0.0, 0.0, 0.0, 6.05666423, 0.0, 0.0, 0.0, 6.05666423]",16.0,0.75706531875,local
2468_1,bulk,-172.3101507,358.027,True,"[6.37445054, 0.0, -6.37445054, -0.0, 6.37445054, -6.37445054, 0.0, 0.0, 6.37445054]",16.0,8.55625e-06,local
2471_6,bulk,-62.19345552,26.864,True,"[6.48914025, 0.0, 0.0, 0.0, 6.48914025, 0.0, 0.0, 0.0, 6.48914025]",16.0,1.12375e-05,local
2472_15,bulk,-37.07053712,19.076,True,"[3.99285851, 0.0, 0.0, 0.0, 6.94389047, 0.0, 0.0, 0.0, 3.99285851]",7.0,2.3414285714285713e-05,local
2477_25,bulk,-53.6094781,267.076,True,"[10.72408073, 0.0, -9.29974241, 0.72822063, 10.88435583, 0.0, 0.0, 0.0, 4.6498712]",24.0,0.00010938750000000001,local
2477_43,bulk,-26.79446372,175.237,True,"[4.6498712, 0.0, 0.0, 0.0, 7.89859763, 0.13512064, 0.0, 0.0, 7.38895157]",12.0,6.666666666666667e-08,local
2479_33,bulk,-88.60534416,353.603,True,"[6.07761747, 0.0, 0.0, 0.0, 24.09301755, -6.07761747, 0.0, 0.0, 6.07761747]",28.0,6.428571428571429e-07,local
2479_34,bulk,-88.60534416,349.446,True,"[6.07761747, 0.0, 0.0, 0.0, 24.09301755, -6.07761747, 0.0, 0.0, 6.07761747]",28.0,6.428571428571429e-07,local
2481_20,bulk,-88.90330433,260.076,True,"[10.13767749, 0.0, 0.0, 0.0, 12.23593331, -7.96958842, 0.0, 0.0, 7.96958842]",32.0,1.38625e-05,local
2481_31,bulk,-88.89934576,480.272,True,"[12.89522564, 0.0, 0.0, 9.85083027, 12.53070234, 6.11796666, 0.0, 0.0, 6.11796666]",32.0,5.02e-05,local
2483_29,bulk,-104.41001158,159.01,True,"[3.95401636, 0.0, 0.0, 0.0, 11.1230638, -12.84380776, 0.0, 0.0, 6.42190388]",18.0,2.6155555555555555e-05,local
2483_33,bulk,-52.20297361,71.693,True,"[6.42190388, 0.0, 0.0, 3.21095194, 5.5615319, 3.95401636, 0.0, 0.0, 3.95401636]",9.0,5.4522222222222216e-05,local
2485_38,bulk,-57.96612315,219.5,True,"[7.59496073, 0.0, 0.0, -0.0, 7.26358408, 4.38495262, 0.0, 0.0, 4.38495262]",12.0,1.4166666666666668e-07,local
2485_39,bulk,-57.96612315,193.886,True,"[7.59496073, 0.0, 0.0, -0.0, 7.26358408, 4.38495262, 0.0, 0.0, 4.38495262]",12.0,1.4166666666666668e-07,local
2486_48,bulk,-137.20526295,458.418,True,"[7.84930736, 0.0, 0.0, 7.84930736, 13.59539915, 3.35342592, 0.0, 0.0, 3.35342592]",18.0,6.65e-06,local
2486_4,bulk,-68.6024492,206.669,True,"[13.59539915, 0.0, 0.0, 6.79769957, 3.92465368, 3.35342592, 0.0, 0.0, 3.35342592]",9.0,0.00020617777777777777,local
2488_27,bulk,-113.50169779,351.221,True,"[9.0658087, 0.0, 0.0, 9.0658087, 9.0658087, 12.24330888, 0.0, 0.0, 12.24330888]",32.0,2.7125e-06,local
2491_1,bulk,-128.86958337,145.672,True,"[6.35671672, 0.0, -6.35671672, -0.0, 6.35671672, -6.35671672, 0.0, 0.0, 6.35671672]",16.0,8.040625e-05,local
2492_22,bulk,-49.84179514,68.158,True,"[7.5189357, 0.0, 0.0, 0.0, 3.7956802, 0.0, 0.0, 0.0, 7.5189357]",10.0,0.00017837000000000002,local
2493_37,bulk,-20.49282753,20.369,True,"[4.89294774, 0.0, 0.0, -2.44647387, 4.23741704, 0.0, 0.0, 0.0, 7.88113975]",6.0,5.013333333333333e-05,local
2496_3,bulk,-149.628969,307.064,True,"[6.38134714, 0.0, -6.38134714, 0.0, 12.76269428, -6.38134714, 0.0, 0.0, 6.38134714]",24.0,6.9041666666666665e-06,local
2499_102,bulk,-72.63827923,272.974,True,"[4.4916488, 0.0, 0.0, 0.0, 17.07452513, 0.0, 0.0, 0.0, 7.7146663]",20.0,2.9499999999999997e-06,local
2499_83,bulk,-72.64022469,456.6,True,"[4.4916488, 0.0, 0.0, -0.0, 17.07452513, 15.4293326, 0.0, 0.0, 7.7146663]",20.0,3.9500000000000003e-07,local
2501_28,bulk,-95.07539999,275.973,True,"[3.81242729, 0.0, 0.0, 0.0, 13.60861159, -15.71387113, 0.0, 0.0, 7.85693557]",18.0,1.5777777777777778e-06,local
2503_4,bulk,-26.27772776,40.083,True,"[11.40661774, 0.0, 0.0, 0.0, 4.13067481, -4.13067481, 0.0, 0.0, 4.13067481]",10.0,3.012e-05,local
2504_39,bulk,-126.45670937,523.745,True,"[10.3646384, 0.0, 0.0, -0.0, 13.12700058, -10.3646384, 0.0, 0.0, 10.3646384]",40.0,0.4999950225,local
2504_50,bulk,-63.23012759,91.079,True,"[10.3646384, 0.0, 0.0, 0.0, 6.56350029, 0.0, 0.0, 0.0, 10.3646384]",20.0,0.49999655,local
2504_7,bulk,-63.22614536,205.402,True,"[14.65781219, 0.0, 0.0, 7.3289061, 7.3289061, 6.56350029, 0.0, 0.0, 6.56350029]",20.0,0.49999599000000006,local
2505_19,bulk,-39.05664595,112.638,True,"[3.71987573, 0.0, -2.14767125, -0.0, 16.09537501, -8.59068501, 0.0, 0.0, 4.2953425]",12.0,2.0974999999999998e-05,local
2505_21,bulk,-39.05663538,112.158,True,"[3.71987573, 0.0, -2.14767125, 0.0, 16.09537501, 8.59068501, 0.0, 0.0, 4.2953425]",12.0,2.0641666666666666e-05,local
2509_20,bulk,-30.57240155,85.58,True,"[4.3120857, 0.0, 0.0, 0.0, 11.08914379, -4.3120857, 0.0, 0.0, 4.3120857]",10.0,3.552e-05,local
2509_7,bulk,-61.09819971,1554.805,True,"[4.3120857, 0.0, 4.3120857, 4.3120857, 22.17828757, 0.0, 0.0, 0.0, 4.3120857]",20.0,5e-09,local
2511_26,bulk,-91.82814612,275.183,True,"[4.02740091, 0.0, 0.0, 0.0, 12.21603111, -14.1058577, 0.0, 0.0, 7.05292885]",18.0,1.2277777777777777e-06,local
2514_34,bulk,-53.48857407,60.909,True,"[4.51966813, 0.0, 0.0, 0.0, 4.51966813, 0.0, 0.0, 0.0, 10.19325459]",10.0,0.00011927000000000002,local
2515_6,bulk,-56.64750139,27.518,True,"[6.45852329, 0.0, 0.0, 0.0, 6.45852329, 0.0, 0.0, 0.0, 6.45852329]",16.0,3.99375e-06,local
2517_23,bulk,-97.43251687,170.283,True,"[4.61095437, 0.0, -2.66213575, -0.0, 12.80823348, -10.64854299, 0.0, 0.0, 5.32427149]",18.0,3.561111111111111e-06,local
2518_39,bulk,-114.5248644,958.863,True,"[4.19496661, 0.0, 0.0, 0.0, 9.87078148, -18.39090679, 0.0, 0.0, 9.77788943]",24.0,2.5e-08,local
2518_9,bulk,-57.28127668,273.564,True,"[6.55012204, 0.0, 0.0, 6.42866888, 7.36745127, 4.19496661, 0.0, 0.0, 4.19496661]",12.0,8.333333333333334e-09,local
2521_4,bulk,-115.17160754,245.856,True,"[7.45140104, 0.0, 0.0, 0.0, 5.36140801, -5.24850037, 0.0, 0.0, 5.24850037]",12.0,0.00022876666666666668,local
2523_41,bulk,-87.39430944,139.87,True,"[3.56709133, 0.0, -2.05946114, -0.0, 19.87004926, -4.11892227, 0.0, 0.0, 4.11892227]",20.0,3.2e-06,local
2523_59,bulk,-43.69458316,25.215,True,"[4.11892227, 0.0, 0.0, -2.05946114, 3.56709133, 0.0, 0.0, 0.0, 9.93502463]",10.0,1.828e-05,local
2524_23,bulk,-63.96066002,59.876,True,"[4.11853524, 0.0, -2.37783743, -0.0, 6.61626509, -4.75567486, 0.0, 0.0, 4.75567486]",9.0,1.7111111111111112e-06,local
2524_24,bulk,-63.96066002,70.282,True,"[4.11853524, 0.0, -2.37783743, -0.0, 6.61626509, -4.75567486, 0.0, 0.0, 4.75567486]",9.0,1.7111111111111112e-06,local
2529_5,bulk,-166.78074486,472.015,True,"[6.32123182, 0.0, 0.0, 0.0, 12.64246363, -6.32123182, 0.0, 0.0, 6.32123182]",32.0,2.875e-05,local
2533_35,bulk,-41.78741447,100.391,True,"[4.49668037, 0.0, 0.0, 0.0, 8.59813824, 0.0, 0.0, 0.0, 5.92014964]",10.0,1.294e-05,local
2533_37,bulk,-83.58857501,244.256,True,"[4.49668037, 0.0, 0.0, -0.0, 11.84029927, 8.59813824, 0.0, 0.0, 8.59813824]",20.0,1.63e-05,local
2536_0,bulk,-128.15627056,96.604,True,"[5.90743966, 0.0, -5.90743966, -0.0, 5.90743966, -5.90743966, 0.0, 0.0, 5.90743966]",16.0,0.00013360625,local
2537_21,bulk,-149.67976282,633.078,True,"[9.62969416, 0.0, 0.0, 5.36002049, 8.63139017, 3.95390796, 0.0, 0.0, 3.95390796]",24.0,3.0725e-05,local
2538_24,bulk,-144.28665632,579.774,True,"[4.54150329, 0.0, -2.62203815, -0.0, 13.04369606, 10.48815259, 0.0, 0.0, 5.2440763]",18.0,1.1922222222222224e-05,local
2541_25,bulk,-214.16575598,868.299,True,"[4.64167785, 0.0, 0.0, 0.0, 16.94351397, -8.47175698, 0.0, 0.0, 8.47175698]",36.0,1.9444444444444442e-08,local
2541_38,bulk,-214.2137578,561.81,True,"[8.47175698, 0.0, 0.0, -0.0, 9.2833557, -8.47175698, 0.0, 0.0, 8.47175698]",36.0,0.0,local
2543_16,bulk,-130.68680238,514.295,True,"[20.78362058, 0.0, 0.0, 5.93817731, 5.1426124, 3.8059777, 0.0, 0.0, 3.8059777]",18.0,5.088888888888889e-06,local
2543_31,bulk,-65.34404157,87.875,True,"[7.8554702, 0.0, 0.0, 3.9277351, 6.80303675, 3.8059777, 0.0, 0.0, 3.8059777]",9.0,0.0004113333333333333,local
2543_8,bulk,-65.3482351,98.902,True,"[3.8059777, 0.0, 0.0, 0.0, 6.80303675, -11.7832053, 0.0, 0.0, 7.8554702]",9.0,0.0003054333333333333,local
2544_5,bulk,-149.98837194,327.975,True,"[7.48821771, 0.0, -3.74410885, 0.0, 9.66383336, -3.74410885, 0.0, 0.0, 3.74410885]",20.0,5.5e-08,local
2545_26,bulk,-147.54211305,110.855,True,"[5.08726379, 0.0, 0.0, -2.5436319, 4.40569968, 0.0, 0.0, 0.0, 11.50399123]",18.0,7.116111111111111e-05,local
2550_28,bulk,-45.6581559,35.849,True,"[3.90920998, 0.0, 0.0, 0.0, 3.90920998, 0.0, 0.0, 0.0, 9.90463873]",8.0,8.09375e-05,local
2550_9,bulk,-91.32315426,249.238,True,"[7.81841996, 0.0, -3.90920998, -0.0, 9.90463873, -3.90920998, 0.0, 0.0, 3.90920998]",16.0,3.433125e-05,local
2551_50,bulk,-35.3373327,33.178,True,"[7.54546242, 0.0, 0.0, -3.77273121, 6.53456214, 0.0, 0.0, 0.0, 4.67981366]",9.0,3.573333333333333e-05,local
2552_1,bulk,-54.32301029,113.048,True,"[13.2318002, 0.0, 0.0, 6.6159001, 3.8196917, 3.92826879, 0.0, 0.0, 3.92826879]",9.0,7.266666666666667e-06,local
2553_29,bulk,-29.61532626,194.444,True,"[4.64669246, 0.0, -4.64669246, -0.0, 12.64839008, -9.29338493, 0.0, 0.0, 4.64669246]",10.0,1.1e-06,local
2553_3,bulk,-29.64401405,301.571,True,"[4.64669246, 0.0, -4.64669246, -0.0, 12.64839008, -4.64669246, 0.0, 0.0, 4.64669246]",10.0,6e-08,local
2555_16,bulk,-137.57090005,501.524,True,"[20.98805564, 0.0, 0.0, 5.99658732, 5.19319696, 3.33394295, 0.0, 0.0, 3.33394295]",18.0,1.57e-05,local
2555_48,bulk,-137.5709726,299.636,True,"[7.93273939, 0.0, 0.0, 7.93273939, 13.73990766, 3.33394295, 0.0, 0.0, 3.33394295]",18.0,5.151111111111111e-05,local
2556_12,bulk,-56.60231373,114.281,True,"[3.45911381, 0.0, 0.0, 0.0, 5.98058464, -10.35867645, 0.0, 0.0, 6.9057843]",9.0,1.6411111111111112e-05,local
2556_29,bulk,-113.21639971,537.432,True,"[3.45911381, 0.0, 0.0, 0.0, 11.96116927, -13.8115686, 0.0, 0.0, 6.9057843]",18.0,1.05e-06,local
2556_33,bulk,-56.60821531,63.378,True,"[6.9057843, 0.0, 0.0, 3.45289215, 5.98058464, 3.45911381, 0.0, 0.0, 3.45911381]",9.0,1.541111111111111e-05,local
2557_27,bulk,-121.30295983,519.27,True,"[3.41000196, 0.0, 0.0, 0.0, 11.91651399, -13.76000512, 0.0, 0.0, 6.88000256]",18.0,4.277777777777778e-07,local
2557_34,bulk,-60.65090481,248.494,True,"[6.88000256, 0.0, 0.0, 3.44000128, 5.95825699, 6.82000391, 0.0, 0.0, 3.41000196]",9.0,1.111111111111111e-08,local
2557_5,bulk,-60.65358278,272.324,True,"[11.91651399, 0.0, 0.0, 5.95825699, 3.44000128, 6.82000391, 0.0, 0.0, 3.41000196]",9.0,2.222222222222222e-08,local
2559_12,bulk,-69.42560534,467.158,True,"[8.25756647, 0.0, 0.0, 0.0, 11.86480941, -4.42688621, 0.0, 0.0, 4.42688621]",16.0,4.375e-08,local
2559_36,bulk,-69.43296839,287.295,True,"[11.86480941, 0.0, -8.85377242, 0.0, 8.25756647, -4.42688621, 0.0, 0.0, 4.42688621]",16.0,3.375e-07,local
2560_3,bulk,-116.53414004,556.219,True,"[4.21686583, 0.0, -4.21686583, -0.0, 24.5162591, -4.21686583, 0.0, 0.0, 4.21686583]",20.0,6.2e-07,local
2560_4,bulk,-58.2280281,91.186,True,"[12.25812955, 0.0, 0.0, 0.0, 4.21686583, -4.21686583, 0.0, 0.0, 4.21686583]",10.0,0.00011787,local
2563_19,bulk,-60.39400478,64.421,True,"[4.06543931, 0.0, 0.0, 0.0, 14.15570355, -8.13087862, 0.0, 0.0, 4.06543931]",10.0,1.97e-06,local
2567_14,bulk,-16.5237535,23.707,True,"[3.68727068, 0.0, -2.12884672, -0.0, 7.3295754, -4.25769344, 0.0, 0.0, 4.25769344]",5.0,0.0,local
2567_21,bulk,-16.52469061,12.452,True,"[3.68727068, 0.0, -2.12884672, 0.0, 7.3295754, 0.0, 0.0, 0.0, 4.25769344]",5.0,9.54e-06,local
2571_3,bulk,-120.26819992,121.048,True,"[6.02852669, 0.0, 0.0, 0.0, 6.02852669, -6.02852669, 0.0, 0.0, 6.02852669]",16.0,1.65875e-05,local
2572_0,bulk,-85.47246804,97.933,True,"[5.945739, 0.0, -5.945739, 0.0, 5.945739, -5.945739, 0.0, 0.0, 5.945739]",16.0,4.3975e-05,local
2575_25,bulk,-104.85685642,327.945,True,"[3.91214804, 0.0, 0.0, 0.0, 12.07050476, -13.93781834, 0.0, 0.0, 6.96890917]",18.0,7.611111111111111e-06,local
2578_3,bulk,-129.33768993,169.736,True,"[6.85801586, 0.0, 0.0, 0.0, 6.85801586, -6.85801586, 0.0, 0.0, 6.85801586]",16.0,5.603125e-05,local
2586_12,bulk,-72.42533185,99.621,True,"[3.61170763, 0.0, 0.0, 0.0, 6.78339933, -11.74919229, 0.0, 0.0, 7.83279486]",9.0,0.00015254444444444444,local
2587_0,bulk,-116.9754575,142.528,True,"[6.0368336, 0.0, -6.0368336, -0.0, 6.0368336, -6.0368336, 0.0, 0.0, 6.0368336]",16.0,5.6875e-05,local
2593_3,bulk,-85.31236251,196.757,True,"[6.27333406, 0.0, 0.0, 0.0, 6.27333406, -6.27333406, 0.0, 0.0, 6.27333406]",16.0,4.8875e-06,local
2601_29,bulk,-51.59823401,119.708,True,"[4.44064212, 0.0, 4.44064212, 8.88128424, 10.2498882, -0.0, 0.0, 0.0, 4.44064212]",10.0,3e-07,local
2604_5,bulk,-154.02050563,375.571,True,"[6.07521994, 0.0, 0.0, 0.0, 12.15043989, -6.07521994, 0.0, 0.0, 6.07521994]",32.0,7.503125e-06,local
2606_3,bulk,-77.26810261,62.022,True,"[6.02566961, 0.0, 0.0, -0.0, 6.02566961, 6.02566961, 0.0, 0.0, 6.02566961]",16.0,2e-07,local
2610_56,bulk,-75.84708015,153.0,True,"[6.87862767, 0.0, 0.0, 0.0, 6.25971957, 0.0, 0.0, 0.0, 14.93435888]",20.0,2.4889999999999997e-05,local
2610_58,bulk,-75.84708015,175.497,True,"[6.87862767, 0.0, 0.0, 0.0, 6.25971957, 0.0, 0.0, 0.0, 14.93435888]",20.0,2.4889999999999997e-05,local
2612_16,bulk,-20.62990871,28.889,True,"[3.82337128, 0.0, -2.20742444, 0.0, 5.55943139, -4.41484888, 0.0, 0.0, 4.41484888]",4.0,3.935e-05,local
2612_3,bulk,-41.32761642,97.015,True,"[3.82337128, 0.0, -6.62227332, -0.0, 11.11886279, -4.41484888, 0.0, 0.0, 4.41484888]",8.0,0.0001730125,local
2612_5,bulk,-41.26763983,120.779,True,"[7.64674257, 0.0, -8.82969776, -0.0, 5.55943139, -4.41484888, 0.0, 0.0, 4.41484888]",8.0,1.31625e-05,local
2615_0,bulk,-57.54503259,316.606,True,"[11.11011378, 0.0, -4.56773661, -0.0, 8.02920826, -4.56773661, 0.0, 0.0, 4.56773661]",16.0,4.8125e-07,local
2615_46,bulk,-57.50746108,336.949,True,"[4.56773661, 0.0, 0.0, -0.0, 11.11011378, 8.02920826, 0.0, 0.0, 8.02920826]",16.0,8.8125e-07,local
2616_2,bulk,-78.79643938,172.605,True,"[7.0845915, 0.0, -7.0845915, -0.0, 7.0845915, -7.0845915, 0.0, 0.0, 7.0845915]",24.0,3.5908333333333337e-05,local
893_13,bulk,-161.69260935,247.258,True,"[4.07756424, 0.0, 0.0, 0.0, 19.97263826, -4.07756424, 0.0, 0.0, 4.07756424]",20.0,3.315e-06,local
896_13,bulk,-97.23569955,84.314,True,"[7.24559751, 0.0, 0.0, 0.0, 7.24559751, 0.0, 0.0, 0.0, 7.24559751]",24.0,2.9166666666666666e-08,local
898_0,bulk,-55.12072931,54.118,True,"[4.26329118, 0.0, -4.26329118, 0.0, 9.8450128, -4.26329118, 0.0, 0.0, 4.26329118]",10.0,9.5e-07,local
898_4,bulk,-110.23296373,216.857,True,"[4.26329118, 0.0, 4.26329118, 4.26329118, 19.6900256, 0.0, 0.0, 0.0, 4.26329118]",20.0,4.7e-07,local
901_2,bulk,-119.60704288,789.671,True,"[4.08037041, 0.0, 4.08037041, 4.08037041, 19.55660865, 0.0, 0.0, 0.0, 4.08037041]",20.0,4.066e-05,local
907_21,bulk,-60.8490473,81.263,True,"[3.97114997, 0.0, 0.0, 0.0, 3.97114997, 0.0, 0.0, 0.0, 12.64747841]",10.0,0.00028583,local
908_0,bulk,-170.71933607,93.752,True,"[6.38821418, 0.0, -6.38821418, -0.0, 6.38821418, -6.38821418, 0.0, 0.0, 6.38821418]",16.0,4.11125e-05,local
909_3,bulk,-171.7835155,178.452,True,"[6.31965951, 0.0, 0.0, 0.0, 6.31965951, -6.31965951, 0.0, 0.0, 6.31965951]",16.0,0.00012091875,local
910_8,bulk,-44.59918203,392.686,True,"[6.8118547, 0.0, -11.79847844, -0.0, 9.6169871, -7.86565229, 0.0, 0.0, 7.86565229]",18.0,1.6666666666666668e-07,local
912_19,bulk,-70.20413609,44.756,True,"[3.773329, 0.0, 0.0, 0.0, 3.773329, 0.0, 0.0, 0.0, 9.60011796]",10.0,1.22e-05,local
915_18,bulk,-144.2040196,331.78,True,"[20.81078482, 0.0, 0.0, 5.94593852, 5.14933381, 3.71354246, 0.0, 0.0, 3.71354246]",18.0,2.041111111111111e-05,local
915_40,bulk,-72.09977069,24.523,True,"[6.81192834, 0.0, -3.93286866, 0.0, 3.71354246, 0.0, 0.0, 0.0, 7.86573732]",9.0,4.192222222222222e-05,local
915_9,bulk,-72.10336323,64.724,True,"[3.71354246, 0.0, 0.0, 0.0, 6.81192834, -11.79860598, 0.0, 0.0, 7.86573732]",9.0,4.204444444444444e-05,local
917_3,bulk,-123.03803025,170.345,True,"[5.78418899, 0.0, 0.0, 0.0, 5.78418899, -5.78418899, 0.0, 0.0, 5.78418899]",16.0,6.465625e-05,local
920_30,bulk,-112.37773981,1999.233,True,"[13.69952322, 0.0, 0.0, 5.49430077, 6.71431009, 7.64826571, 0.0, 0.0, 7.64826571]",32.0,1.25e-08,local
921_18,bulk,-81.73322572,110.351,True,"[7.69205537, 0.0, 0.0, -0.0, 5.43132018, 4.44101024, 0.0, 0.0, 4.44101024]",12.0,0.00017535,local
921_8,bulk,-81.70842387,114.809,True,"[5.43132018, 0.0, 0.0, 0.0, 7.69205537, -8.88202048, 0.0, 0.0, 4.44101024]",12.0,0.00012420833333333335,local
925_22,bulk,-101.41399549,355.04,True,"[14.3184432, 0.0, 3.66766382, 3.12958758, 5.91747443, 10.07171858, 0.0, 0.0, 6.40405475]",24.0,4.791666666666667e-07,local
925_4,bulk,-50.69181351,244.868,True,"[7.63299286, 0.0, 6.32864507, 10.71015019, 5.6163173, 0.0, 0.0, 0.0, 6.32864507]",12.0,1.6666666666666667e-08,local
925_97,bulk,-50.69976109,105.119,True,"[6.69408859, 0.0, -3.66766382, 0.0, 6.32864507, 0.0, 0.0, 0.0, 6.40405475]",12.0,1.8e-05,local
926_14,bulk,-81.85194489,120.391,True,"[7.28639294, 0.0, 0.0, 0.0, 7.28639294, 0.0, 0.0, 0.0, 7.28639294]",24.0,1.6512499999999998e-05,local
935_17,bulk,-64.78544963,734.9,True,"[13.70300351, 0.0, 8.5237207, 5.55024534, 6.72679775, 17.08638119, 0.0, 0.0, 8.56266048]",24.0,8.333333333333333e-08,local
935_47,bulk,-64.87946484,353.532,True,"[8.56266048, 0.0, 0.0, 17.04744141, 17.44190716, 5.28481962, 0.0, 0.0, 5.28481962]",24.0,3.05875e-05,local
935_64,bulk,-64.84288633,515.852,True,"[5.28481962, 0.0, 0.0, 0.0, 17.44190716, -8.48478092, 0.0, 0.0, 8.56266048]",24.0,2.6125000000000004e-06,local
936_0,bulk,-36.85054348,101.192,True,"[6.32871108, 0.0, -6.32871108, -0.0, 6.32871108, -6.32871108, 0.0, 0.0, 6.32871108]",16.0,1.995e-05,local
941_1,bulk,-14.41510314,32.848,True,"[4.22115866, 0.0, -7.31126127, -0.0, 8.15978544, -4.87417418, 0.0, 0.0, 4.87417418]",5.0,8.292e-05,local
943_12,bulk,-52.26536308,534.046,True,"[8.58058278, 0.0, -3.79946297, -0.0, 10.80985673, -3.79946297, 0.0, 0.0, 3.79946297]",16.0,6.25e-09,local
943_28,bulk,-52.26416405,512.6,True,"[7.59892593, 0.0, 4.29029139, 7.59892593, 10.80985673, 0.0, 0.0, 0.0, 4.29029139]",16.0,3.75e-08,local
944_10,bulk,-48.1317575,99.178,True,"[3.82340406, 0.0, 0.0, 0.0, 6.44913291, -11.17022586, 0.0, 0.0, 7.44681724]",9.0,1.6977777777777777e-05,local
945_0,bulk,-133.44726227,198.844,True,"[6.39029792, 0.0, -6.39029792, -0.0, 6.39029792, -6.39029792, 0.0, 0.0, 6.39029792]",16.0,0.1370152125,local
946_1,bulk,-77.21018517,263.078,True,"[7.01984628, 0.0, -7.01984628, -0.0, 7.01984628, -7.01984628, 0.0, 0.0, 7.01984628]",16.0,0.00024984375,local
947_14,bulk,-57.66163607,365.179,True,"[11.10496147, 0.0, -4.32894123, 7.68463122, 7.25978436, 0.0, 0.0, 0.0, 4.32894123]",14.0,3.571428571428571e-08,local
947_40,bulk,-115.3117895,772.549,True,"[4.32894123, 0.0, 0.0, -0.0, 14.51956873, 4.26430096, 0.0, 0.0, 11.10496147]",28.0,7.142857142857142e-08,local
947_66,bulk,-115.29460882,671.885,True,"[4.32894123, 0.0, 0.0, -0.0, 20.09172809, 17.49104943, 0.0, 0.0, 8.02515595]",28.0,4.771428571428571e-06,local
948_39,bulk,-148.22865753,239.004,True,"[5.68690537, 0.0, -3.28333635, -0.0, 7.28421248, -6.56667269, 0.0, 0.0, 6.56667269]",18.0,0.7443822888888889,local
948_52,bulk,-148.22786466,638.674,True,"[6.56667269, 0.0, 0.0, 6.56667269, 11.37381074, 3.64210624, 0.0, 0.0, 3.64210624]",18.0,0.7448604166666667,local
951_14,bulk,-80.15851748,300.32,True,"[5.84012333, 0.0, 0.0, 0.0, 16.94352023, -4.52867599, 0.0, 0.0, 4.52867599]",20.0,2.411e-05,local
951_18,bulk,-80.05899195,162.108,True,"[9.05735197, 0.0, 5.84012333, 9.05735197, 8.47176012, -0.0, 0.0, 0.0, 5.84012333]",20.0,1.785e-06,local
954_16,bulk,-52.20148129,111.074,True,"[6.64361163, 0.0, 0.0, 0.0, 13.11671852, -6.64361163, 0.0, 0.0, 6.64361163]",16.0,1.853125e-05,local
955_24,bulk,-82.75876521,169.732,True,"[10.16912765, 0.0, 0.0, 0.0, 6.63835819, 0.0, 0.0, 0.0, 4.44335348]",16.0,6.0375e-05,local
955_37,bulk,-165.46992827,1160.778,True,"[11.09750185, 0.0, 0.0, 3.55816839, 8.14327933, 6.63835819, 0.0, 0.0, 6.63835819]",32.0,1.03125e-07,local
961_32,bulk,-65.85200708,389.743,True,"[7.39499354, 0.0, -7.20978512, -0.0, 14.55848431, -14.41957024, 0.0, 0.0, 7.20978512]",20.0,1.1635e-05,local
961_7,bulk,-65.85251989,287.008,True,"[14.55848431, 0.0, 0.0, 0.0, 7.39499354, -7.20978512, 0.0, 0.0, 7.20978512]",20.0,1.1735e-05,local
961_8,bulk,-131.72098194,1297.967,True,"[14.78998708, 0.0, -7.20978512, -0.0, 14.55848431, -7.20978512, 0.0, 0.0, 7.20978512]",40.0,2.9500000000000003e-07,local
963_42,bulk,-83.81599398,189.682,True,"[7.15750091, 0.0, 0.0, 0.0, 14.82563484, -7.73093187, 0.0, 0.0, 7.73093187]",20.0,1.000291565,local
963_52,bulk,-167.63104525,781.686,True,"[7.15750091, 0.0, 0.0, -0.0, 15.46186374, 14.82563484, 0.0, 0.0, 14.82563484]",40.0,1.00000664,local
963_9,bulk,-167.63408873,797.76,True,"[15.46186374, 0.0, -7.15750091, 0.0, 14.82563484, -7.15750091, 0.0, 0.0, 7.15750091]",40.0,1.0000070875,local
964_18,bulk,-60.73463074,3050.552,True,"[13.99968974, 0.0, 8.59711489, 5.77032076, 6.8910158, 17.24284066, 0.0, 0.0, 8.64572577]",24.0,0.0,local
964_33,bulk,-60.72730555,503.529,True,"[5.36676375, 0.0, 0.0, 0.0, 12.49554448, -24.38979171, 0.0, 0.0, 12.43756748]",24.0,1.0416666666666668e-07,local
964_34,bulk,-60.72730555,491.858,True,"[5.36676375, 0.0, 0.0, 0.0, 12.49554448, -24.38979171, 0.0, 0.0, 12.43756748]",24.0,1.0416666666666668e-07,local
968_13,bulk,-228.45691117,113.578,True,"[7.03530911, 0.0, 0.0, 0.0, 7.03530911, 0.0, 0.0, 0.0, 7.03530911]",24.0,4.045833333333333e-05,local
969_2,bulk,-50.0901171,83.529,True,"[6.642721, 0.0, -6.642721, -0.0, 6.642721, -6.642721, 0.0, 0.0, 6.642721]",16.0,1.65e-06,local
973_31,bulk,-28.2560412,69.222,True,"[4.27855638, 0.0, 0.0, 0.0, 10.71748806, -4.27855638, 0.0, 0.0, 4.27855638]",10.0,1.859e-05,local
974_3,bulk,-127.40575276,205.059,True,"[8.42304982, 0.0, -4.85915679, -0.0, 6.73552007, -4.88605247, 0.0, 0.0, 4.85915679]",18.0,2.376111111111111e-05,local
974_84,bulk,-254.80814466,843.997,True,"[4.85911805, 0.0, -0.019403, -0.0, 16.84609964, 6.73557377, 0.0, 0.0, 6.73557377]",36.0,1.2113888888888889e-05,local
974_87,bulk,-254.80814466,854.549,True,"[4.85911805, 0.0, -0.019403, -0.0, 16.84609964, 6.73557377, 0.0, 0.0, 6.73557377]",36.0,1.2111111111111112e-05,local
977_19,bulk,-110.57050636,247.058,True,"[3.29415689, 0.0, -1.90188237, -0.0, 18.64811157, 3.80376473, 0.0, 0.0, 3.80376473]",18.0,1.048888888888889e-05,local
979_3,bulk,-108.32522595,140.212,True,"[5.90811778, 0.0, 0.0, 0.0, 5.90811778, -5.90811778, 0.0, 0.0, 5.90811778]",16.0,7.45e-06,local
980_25,bulk,-43.56406182,183.381,True,"[6.27887427, 0.0, 0.0, 0.0, 12.01144015, -6.27887427, 0.0, 0.0, 6.27887427]",14.0,2.142857142857143e-08,local
980_29,bulk,-43.56406182,176.507,True,"[6.27887427, 0.0, 0.0, 0.0, 12.01144015, -6.27887427, 0.0, 0.0, 6.27887427]",14.0,2.142857142857143e-08,local
987_17,bulk,-85.55161281,113.904,True,"[3.26397371, 0.0, 0.0, 0.0, 16.38194732, -3.26397371, 0.0, 0.0, 3.26397371]",12.0,1.2533333333333332e-05,local
987_23,bulk,-42.77522701,79.077,True,"[3.26397371, 0.0, 3.26397371, 6.52794742, 8.19097366, -0.0, 0.0, 0.0, 3.26397371]",6.0,5.066666666666667e-06,local
996_0,bulk,-134.34948827,128.417,True,"[6.0292556, 0.0, 6.0292556, 6.0292556, 6.0292556, -0.0, 0.0, 0.0, 6.0292556]",16.0,9.999375e-05,local
1001_13,slab,-333.75849939,86758.365,True,"[4.22865244, 0.0, 0.0, 0.0, 21.82093292, -4.22865244, 0.0, 0.0, 29.60056707]",60.0,0.0,local
1001_17,slab,-221.46627413,35086.296,True,"[4.22865244, 0.0, 4.22865244, 8.45730488, 10.91046646, -0.0, 0.0, 0.0, 42.28652438]",40.0,0.0,local
1003_14,slab,-382.44165863,75296.025,True,"[20.31126254, 0.0, 0.0, 5.80321787, 5.0257341, 3.90912976, 0.0, 0.0, 35.18216788]",72.0,5.555555555555555e-09,local
1003_33,slab,-141.73531049,14095.725,True,"[7.67693564, 0.0, 0.0, 3.83846782, 6.64842129, 3.90912976, 0.0, 0.0, 31.27303812]",27.0,0.0,local
1003_50,slab,-284.38879316,26372.877,True,"[7.67693564, 0.0, 0.0, 7.67693564, 13.29684258, 3.90912976, 0.0, 0.0, 27.36390835]",54.0,0.0,local
1004_32,slab,-177.65588118,68525.427,True,"[6.75331059, 0.0, 0.16943606, 8.77496727, 6.44360987, 7.04070836, 0.0, 0.0, 46.9128536]",36.0,0.0,local
1004_33,slab,-177.38584375,33734.037,True,"[6.75331059, 0.0, 0.16943606, 8.77496727, 6.44360987, 7.04070836, 0.0, 0.0, 46.9128536]",36.0,0.0,local
1006_3,slab,-355.46924193,11028.168,True,"[6.418089, 0.0, 0.0, 0.0, 6.418089, -6.418089, 0.0, 0.0, 44.92662301]",48.0,2.0833333333333334e-09,local
1010_13,slab,-151.34367371,9504.74,True,"[3.12362851, 0.0, 0.0, -0.0, 5.91044075, 10.23718367, 0.0, 0.0, 54.59831291]",27.0,3.7037037037037036e-08,local
1011_17,slab,-80.89191037,2566.951,True,"[3.74412447, 0.0, -2.16167127, 0.0, 8.97518829, 0.0, 0.0, 0.0, 34.58674032]",18.0,0.0,local
1011_21,slab,-55.49399939,624.669,True,"[4.32334254, 0.0, 0.0, -2.16167127, 3.74412447, 0.0, 0.0, 0.0, 35.90075315]",12.0,0.0012792083333333334,local
1011_3,slab,,,False,,,,local
1015_9,slab,-293.46928024,20158.988,True,"[5.51117811, 0.0, 0.0, 0.0, 7.65195022, -8.83571104, 0.0, 0.0, 44.17855521]",48.0,5.208333333333334e-08,local
1019_1,slab,,,False,,,,local
1020_6,slab,-140.31434999,2554.284,True,"[5.75156206, 0.0, 0.0, 0.0, 5.75156206, 0.0, 0.0, 0.0, 28.75781031]",32.0,0.0,local
1025_29,slab,-446.21492665,54172.698,True,"[3.70867498, 0.0, 0.0, 0.0, 11.60774482, -13.40346919, 0.0, 0.0, 46.91214216]",54.0,0.0,local
1025_52,slab,-221.86247895,3192.847,True,"[6.70173459, 0.0, 0.0, -3.3508673, 5.80387241, 0.0, 0.0, 0.0, 29.66939985]",27.0,0.05701617777777778,local
1030_1,slab,-231.70987834,86749.973,True,"[3.97035098, 0.0, -3.97035098, -0.0, 11.59958129, -3.97035098, 0.0, 0.0, 39.70350983]",40.0,0.442589275,local
1030_3,slab,,,False,,,,local
1031_1,slab,-202.78436137,22386.344,True,"[3.97788885, 0.0, -6.8899056, -0.0, 5.47924148, -4.5932704, 0.0, 0.0, 59.71251519]",30.0,0.05261816666666667,local
1042_11,slab,-43.73294662,13564.905,True,"[4.0335017, 0.0, -2.32874329, -0.0, 9.18720526, -4.65748658, 0.0, 0.0, 37.25989264]",18.0,0.019023822222222223,local
1043_1,slab,-276.62627265,7560.037,True,"[6.36505934, 0.0, -6.36505934, -0.0, 6.36505934, -6.36505934, 0.0, 0.0, 50.92047474]",48.0,0.0,local
1044_21,slab,-47.43377578,1555.408,True,"[4.44824474, 0.0, 0.0, -2.22412237, 3.85229295, 0.0, 0.0, 0.0, 32.03470097]",12.0,0.07649628333333333,local
1046_25,slab,-72.95180545,2404.446,True,"[3.83635771, 0.0, 0.0, 0.0, 3.83635771, 0.0, 0.0, 0.0, 34.86763297]",12.0,0.0,local
1046_27,slab,-74.45164529,494.724,True,"[3.83635771, 0.0, 0.0, 0.0, 3.83635771, 0.0, 0.0, 0.0, 34.86763297]",12.0,2.5e-08,local
1050_14,slab,-314.93484333,45244.492,True,"[3.98084116, 0.0, 0.0, 0.0, 20.01430027, -3.98084116, 0.0, 0.0, 27.86588814]",60.0,0.0010575683333333334,local
1052_7,slab,-294.23757704,51111.922,True,"[5.90966582, 0.0, 0.0, 0.0, 11.81933164, -5.90966582, 0.0, 0.0, 29.5483291]",48.0,1.3433480500000001,local
1054_5,slab,-703.29636474,75653.519,True,"[6.32734986, 0.0, 0.0, 0.0, 12.65469972, -6.32734986, 0.0, 0.0, 31.6367493]",64.0,0.0,local
1055_2,slab,-218.61699187,13040.456,True,"[6.14814244, 0.0, -6.14814244, 0.0, 6.14814244, -6.14814244, 0.0, 0.0, 49.18513955]",36.0,0.03238683055555555,local
1056_13,slab,-137.75068476,27126.816,True,"[5.33090945, 0.0, -4.83851251, -0.0, 12.18020157, -4.83851251, 0.0, 0.0, 38.70810006]",48.0,0.0,local
1056_31,slab,-140.14274193,14707.225,True,"[6.09010079, 0.0, 0.0, 0.0, 10.6618189, -4.83851251, 0.0, 0.0, 33.86958755]",48.0,0.0,local
1056_8,slab,-137.7389355,25336.427,True,"[5.33090945, 0.0, -4.83851251, -0.0, 12.18020157, -4.83851251, 0.0, 0.0, 38.70810006]",48.0,0.0,local
1063_36,slab,-267.33279655,55958.327,True,"[3.71688263, 0.0, -2.14594319, -0.0, 26.9722473, -8.58377274, 0.0, 0.0, 34.33509096]",63.0,0.0,local
1069_36,slab,-181.39247452,139377.084,True,"[6.29220286, 0.0, 0.0, 0.0, 23.93920044, -6.29220286, 0.0, 0.0, 31.46101429]",56.0,0.04077810178571428,local
1070_13,slab,-263.71415981,111629.475,True,"[18.1738745, 0.0, 0.0, 3.6347749, 7.2695498, 7.79707135, 0.0, 0.0, 38.98535674]",80.0,0.0,local
1070_17,slab,-97.89562221,13012.201,True,"[8.12760376, 0.0, 0.0, -0.0, 8.12760376, 3.89853567, 0.0, 0.0, 31.1882854]",30.0,0.0,local
1075_1,slab,-181.47321815,12644.822,True,"[5.92956045, 0.0, -5.92956045, -0.0, 5.92956045, -5.92956045, 0.0, 0.0, 47.4364836]",48.0,7.5e-07,local
1076_6,slab,-140.32554052,4911.754,True,"[6.70595594, 0.0, 0.0, 0.0, 6.70595594, 0.0, 0.0, 0.0, 33.5297797]",32.0,0.0338821625,local
1077_21,slab,-228.43125805,60479.223,True,"[3.5886944, 0.0, -2.07193368, 0.0, 26.21641147, 0.0, 0.0, 0.0, 33.15093882]",63.0,0.0,local
1078_0,slab,-237.1356863,58443.444,True,"[12.72172369, 0.0, 0.0, 6.36086185, 3.6724453, 3.07841804, 0.0, 0.0, 36.94101647]",40.0,0.0168546625,local
1078_27,slab,-285.06530262,125438.03,True,"[3.07841804, 0.0, 0.0, 0.0, 12.72172369, -14.6897812, 0.0, 0.0, 51.4142342]",48.0,2.083333333333333e-08,local
1078_40,slab,-376.76616834,110426.348,True,"[12.72172369, 0.0, 0.0, 0.0, 7.3448906, -3.07841804, 0.0, 0.0, 30.78418039]",64.0,0.0023498671875,local
1080_1,slab,-336.45160002,10772.951,True,"[6.08394261, 0.0, 6.08394261, 6.08394261, 6.08394261, -0.0, 0.0, 0.0, 48.6715409]",48.0,2.2916666666666667e-08,local
1083_43,slab,,,False,,,,local
1084_11,slab,,,False,,,,local
1084_32,slab,-408.81171294,127847.863,True,"[3.52407267, 0.0, 0.0, 0.0, 11.08297173, -12.79751342, 0.0, 0.0, 44.79129697]",54.0,0.5018788833333333,local
1084_38,slab,,,False,,,,local
1087_16,slab,-67.14179113,3324.159,True,"[3.81898084, 0.0, -2.20488962, 0.0, 7.28277486, 0.0, 0.0, 0.0, 30.86845462]",18.0,5.555555555555555e-09,local
1088_12,slab,-176.38538091,19749.378,True,"[8.01651563, 0.0, 0.0, 0.0, 11.0886354, -4.53421719, 0.0, 0.0, 31.73952035]",48.0,0.0,local
1091_23,slab,-129.24807525,26359.439,True,"[3.76915444, 0.0, -2.17612233, -0.0, 13.79499724, -4.35224466, 0.0, 0.0, 34.81795729]",36.0,0.0,local
1091_28,slab,-64.12152301,4404.348,True,"[3.76915444, 0.0, -2.17612233, 0.0, 6.89749862, 0.0, 0.0, 0.0, 30.46571263]",18.0,5.555555555555555e-09,local
1091_38,slab,-43.41110929,1023.22,True,"[4.35224466, 0.0, 0.0, -2.17612233, 3.76915444, 0.0, 0.0, 0.0, 34.48749311]",12.0,3.1666666666666667e-07,local
1094_0,slab,-287.96540589,15228.179,True,"[5.89270742, 0.0, -5.89270742, -0.0, 5.89270742, -5.89270742, 0.0, 0.0, 47.14165934]",48.0,1.0800123916666666,local
1095_36,slab,-164.66082641,121612.795,True,"[3.94190575, 0.0, -2.27586034, 0.0, 36.61948106, 9.10344138, 0.0, 0.0, 31.86204481]",72.0,0.0798714138888889,local
1100_1,slab,-160.53025874,8091.989,True,"[3.9901084, 0.0, -3.9901084, -0.0, 7.15302781, -3.9901084, 0.0, 0.0, 39.90108398]",28.0,0.0,local
1101_17,slab,-122.72472447,12010.396,True,"[4.87377969, 0.0, 0.0, 0.0, 11.07820727, -4.87377969, 0.0, 0.0, 34.1164578]",30.0,0.0,local
1101_4,slab,-240.99502027,134303.312,True,"[4.87377969, 0.0, 4.87377969, 4.87377969, 22.15641454, 0.0, 0.0, 0.0, 38.99023748]",60.0,0.0,local
1102_20,slab,-178.24921939,44893.62,True,"[9.06205426, 0.0, 0.0, -0.0, 8.6381278, 5.4148734, 0.0, 0.0, 37.90411381]",60.0,0.0,local
1102_21,slab,-115.10838662,26795.508,True,"[5.4148734, 0.0, -4.3190639, -0.0, 9.06205426, -8.6381278, 0.0, 0.0, 43.19063901]",40.0,4e-08,local
1102_24,slab,-117.87778247,17279.189,True,"[5.4148734, 0.0, 0.0, -0.0, 9.06205426, -8.6381278, 0.0, 0.0, 38.87157511]",40.0,5e-09,local
1104_27,slab,-54.0744377,1050.224,True,"[4.99541421, 0.0, 0.0, -2.4977071, 4.32615561, 0.0, 0.0, 0.0, 35.99307046]",18.0,0.0,local
1106_2,slab,-304.04926516,42784.17,True,"[18.14982057, 0.0, 0.0, 1.24775313, 4.59234228, 4.63766221, 0.0, 0.0, 41.73895985]",64.0,0.0,local
1107_1,slab,-275.75797329,10011.711,True,"[6.05539316, 0.0, -6.05539316, -0.0, 6.05539316, -6.05539316, 0.0, 0.0, 48.44314526]",48.0,2.083333333333333e-08,local
1107_5,slab,-369.29832392,45877.629,True,"[6.05539316, 0.0, 0.0, 0.0, 12.11078632, -6.05539316, 0.0, 0.0, 30.27696579]",64.0,7.8125e-09,local
1108_11,slab,-212.19229498,73333.637,True,"[9.46822817, 0.0, -4.73411409, -0.0, 11.57786105, -4.73411409, 0.0, 0.0, 33.13879861]",60.0,0.0,local
1109_21,slab,-403.47938199,99020.083,True,"[3.6796467, 0.0, -2.12444501, -0.0, 20.62798725, -4.24889003, 0.0, 0.0, 33.99112022]",63.0,0.0658877761904762,local
1110_6,slab,-271.35536946,15078.661,True,"[6.19245051, 0.0, 0.0, 0.0, 6.19245051, 0.0, 0.0, 0.0, 30.96225255]",32.0,0.09017119375,local
1113_37,slab,-230.47273579,46988.198,True,"[7.03526492, 0.0, 0.0, 0.0, 10.39677091, -8.09916089, 0.0, 0.0, 36.44622401]",64.0,1.5625e-09,local
1113_54,slab,-233.0824051,83109.381,True,"[4.04958045, 0.0, 0.0, 0.0, 14.07052985, -10.39677091, 0.0, 0.0, 41.58708363]",64.0,0.0,local
1117_39,slab,-215.80045903,37472.431,True,"[3.74022173, 0.0, -2.15941802, -0.0, 27.85364067, 8.6376721, 0.0, 0.0, 34.55068839]",63.0,3.1746031746031745e-09,local
1119_0,slab,-271.40526034,58642.754,True,"[11.07170816, 0.0, 0.0, 5.53585408, 3.19612684, 4.01049153, 0.0, 0.0, 48.12589837]",45.0,1.3333333333333332e-08,local
1119_7,slab,-439.30333619,83268.628,True,"[5.53585408, 0.0, -9.58838053, -0.0, 8.02098306, -6.39225369, 0.0, 0.0, 63.92253687]",72.0,1.6666666666666667e-08,local
1120_15,slab,-118.62764702,18630.052,True,"[5.75797487, 0.0, 0.0, 0.0, 11.36865623, -5.75797487, 0.0, 0.0, 28.78987437]",32.0,0.0,local
1120_18,slab,-116.70568063,37265.839,True,"[5.75797487, 0.0, 0.0, 0.0, 11.36865623, -5.75797487, 0.0, 0.0, 28.78987437]",32.0,0.0,local
1122_33,slab,-119.65119466,15325.094,True,"[4.54936994, 0.0, 0.0, 4.54936994, 7.87973987, 7.30283727, 0.0, 0.0, 36.51418635]",24.0,0.0,local
1122_34,slab,-120.2435447,14603.267,True,"[4.54936994, 0.0, 0.0, 4.54936994, 7.87973987, 7.30283727, 0.0, 0.0, 36.51418635]",24.0,8.75e-08,local
1124_10,slab,-62.23119875,3258.271,True,"[5.60066906, 0.0, 0.0, 2.80033453, 4.85032168, 4.59916208, 0.0, 0.0, 36.79329662]",18.0,0.0,local
1124_17,slab,-125.85993484,6159.758,True,"[5.60066906, 0.0, 0.0, 5.60066906, 9.70064336, 4.59916208, 0.0, 0.0, 32.19413455]",36.0,0.0,local
1125_17,slab,-45.37114698,395.796,True,"[2.80100227, 0.0, 0.0, 0.0, 2.80100227, 0.0, 0.0, 0.0, 32.11139506]",8.0,0.601929725,local
1127_12,slab,-168.35954467,9141.337,True,"[4.17980064, 0.0, 0.0, 0.0, 10.47264198, -4.17980064, 0.0, 0.0, 29.2586045]",30.0,3.333333333333333e-09,local
1127_15,slab,-169.30501537,4434.715,True,"[4.17980064, 0.0, 0.0, 0.0, 10.47264198, 0.0, 0.0, 0.0, 29.2586045]",30.0,3.333333333333333e-09,local
1127_17,slab,-224.25720849,31373.517,True,"[4.17980064, 0.0, 4.17980064, 8.35960129, 10.47264198, -0.0, 0.0, 0.0, 41.79800643]",40.0,0.0,local
1130_1,slab,-149.57261677,11696.741,True,"[6.20599203, 0.0, -6.20599203, -0.0, 6.20599203, -6.20599203, 0.0, 0.0, 49.64793625]",48.0,0.0,local
1131_1,slab,-222.23687889,30685.462,True,"[5.69802252, 0.0, -5.69802252, -0.0, 5.69802252, -5.69802252, 0.0, 0.0, 51.28220265]",64.0,2.5e-08,local
1141_1,slab,-166.05848491,5262.097,True,"[6.35658278, 0.0, -6.35658278, -0.0, 6.35658278, -6.35658278, 0.0, 0.0, 50.85266221]",48.0,0.0,local
1146_3,slab,-202.85752221,19002.099,True,"[11.18387267, 0.0, 0.0, 5.59193633, 3.22850595, 4.02327052, 0.0, 0.0, 40.23270519]",36.0,0.0,local
1147_0,slab,-214.18652199,9204.988,True,"[6.21841568, 0.0, -6.21841568, -0.0, 6.21841568, -6.21841568, 0.0, 0.0, 49.7473254]",48.0,2.083333333333333e-08,local
1157_1,slab,-168.31161847,10693.666,True,"[5.90679723, 0.0, -5.90679723, -0.0, 5.90679723, -5.90679723, 0.0, 0.0, 47.25437786]",48.0,2.0833333333333334e-09,local
1158_1,slab,-209.86732559,12132.905,True,"[6.13120436, 0.0, 6.13120436, 6.13120436, 6.13120436, -0.0, 0.0, 0.0, 49.04963486]",48.0,0.07841777083333333,local
1158_6,slab,-141.92939021,3759.71,True,"[6.13120436, 0.0, 0.0, 0.0, 6.13120436, 0.0, 0.0, 0.0, 30.65602179]",32.0,5.325e-06,local
1161_4,slab,-170.14541264,104786.854,True,"[9.54522085, 0.0, -7.66150823, -0.0, 11.96763998, -7.66150823, 0.0, 0.0, 38.30754117]",64.0,0.007433740625,local
1166_8,slab,-325.81941808,32866.271,True,"[5.99603055, 0.0, 0.0, 0.0, 5.99603055, -5.99603055, 0.0, 0.0, 41.97221387]",72.0,0.003206993055555556,local
1175_100,slab,-399.26026449,89648.166,True,"[7.52454658, 0.0, -6.46790185, -0.0, 8.2392088, 6.49518762, 0.0, 0.0, 45.46631337]",72.0,0.0,local
1175_55,slab,-132.62870552,9054.953,True,"[4.1196044, 0.0, 0.0, 0.0, 4.92559318, -4.23391003, 0.0, 0.0, 39.68930447]",24.0,9.166666666666666e-07,local
1175_87,slab,-400.24951035,110958.375,True,"[8.578458, 0.0, -6.46790185, 13.20022812, 7.22697604, -6.44061607, 0.0, 0.0, 45.46631337]",72.0,0.0,local
1176_3,slab,-276.04455399,42053.912,True,"[6.5657104, 0.0, 0.0, 0.0, 6.5657104, -6.5657104, 0.0, 0.0, 45.95997283]",48.0,0.0564080625,local
1179_6,slab,-247.39997224,5858.979,True,"[5.94909295, 0.0, 0.0, 0.0, 5.94909295, 0.0, 0.0, 0.0, 29.74546474]",32.0,0.055096725,local
1182_5,slab,-250.62390137,86069.851,True,"[7.1375388, 0.0, 0.0, 0.0, 14.27507761, -7.1375388, 0.0, 0.0, 35.68769402]",64.0,0.14256400625,local
1189_2,slab,,,False,,,,local
1190_0,slab,-149.82190682,15108.062,True,"[6.35555563, 0.0, -6.35555563, -0.0, 6.35555563, -6.35555563, 0.0, 0.0, 50.84444502]",48.0,2.0833333333333334e-09,local
1191_3,slab,-142.37754011,17659.422,True,"[6.60092678, 0.0, 0.0, 0.0, 6.60092678, -6.60092678, 0.0, 0.0, 46.20648749]",48.0,0.0,local
1194_7,slab,-260.0251884,170564.866,True,"[4.98360505, 0.0, -4.98360505, -0.0, 22.47334524, -4.98360505, 0.0, 0.0, 39.86884037]",60.0,0.0,local
1195_3,slab,-356.83397104,17486.782,True,"[5.94902163, 0.0, 0.0, 0.0, 5.94902163, -5.94902163, 0.0, 0.0, 41.64315144]",48.0,0.8869614124999999,local
1197_12,slab,-67.26320019,7268.728,True,"[4.0091415, 0.0, -2.31467893, -0.0, 9.65286449, -4.62935785, 0.0, 0.0, 37.03486281]",18.0,0.020419533333333333,local
1201_11,slab,-96.75744672,3449.581,True,"[3.20702795, 0.0, 0.0, 0.0, 13.49352328, -3.20702795, 0.0, 0.0, 28.86325152]",32.0,0.0,local
1202_16,slab,-42.06929639,403.369,True,"[2.87455779, 0.0, 0.0, 0.0, 2.87455779, 0.0, 0.0, 0.0, 28.52749908]",8.0,0.2754596,local
1204_16,slab,-507.22177869,20478.171,True,"[4.72594346, 0.0, 0.0, 0.0, 13.55975251, -3.24212276, 0.0, 0.0, 29.17910481]",48.0,1.0416666666666666e-08,local
1204_1,slab,-503.37981891,37836.359,True,"[4.72594346, 0.0, -3.24212276, -0.0, 13.55975251, -3.24212276, 0.0, 0.0, 32.42122757]",48.0,2.0833333333333334e-09,local
1212_1,slab,-188.92295831,16788.63,True,"[4.4410397, 0.0, -4.4410397, 0.0, 10.35156153, -4.4410397, 0.0, 0.0, 39.96935729]",40.0,2.5e-09,local
1217_30,slab,-215.49951995,79039.073,True,"[14.17329789, 0.0, 0.0, -0.0, 14.08368101, 7.34648106, 0.0, 0.0, 36.7324053]",80.0,0.0,local
1217_48,slab,-105.00082617,23567.317,True,"[7.04184051, 0.0, 0.0, 0.0, 14.17329789, 0.0, 0.0, 0.0, 36.7324053]",40.0,0.0,local
1219_11,slab,-150.98657751,3395.764,True,"[3.23405937, 0.0, -1.86718505, 0.0, 7.24962334, -3.7343701, 0.0, 0.0, 37.34370097]",24.0,0.0,local
1220_46,slab,-114.37833771,150253.317,True,"[11.78301306, 0.0, -10.08259965, 0.54825076, 6.0789032, -7.55452332, 0.0, 0.0, 50.41541761]",48.0,0.0,local
1220_56,slab,-56.74971021,15117.543,True,"[6.10357625, 0.0, 2.51298155, 0.5292017, 5.86769075, 7.56207071, 0.0, 0.0, 45.37387584]",24.0,0.0,local
1220_75,slab,-86.7212764,24423.046,True,"[6.39093405, 0.0, 0.47044318, 3.69486623, 8.56038353, 10.4394586, 0.0, 0.0, 46.20462364]",36.0,0.0,local
1221_45,slab,-171.15160569,64356.167,True,"[5.98270973, 0.0, -4.34710468, -0.0, 12.7920563, -8.69420936, 0.0, 0.0, 39.1239421]",48.0,0.0,local
1226_4,slab,-235.4227328,24487.148,True,"[7.43684792, 0.0, -8.58733229, 0.0, 9.10222304, -4.29366615, 0.0, 0.0, 42.93666147]",48.0,0.0,local
1229_36,slab,-172.24014039,109575.021,True,"[7.97918019, 0.0, 0.0, -0.0, 12.57286542, -10.65761872, 0.0, 0.0, 42.63047489]",64.0,0.029342484375,local
1229_7,slab,-85.4807054,26546.39,True,"[6.28643271, 0.0, 0.0, 0.0, 10.65761872, -7.97918019, 0.0, 0.0, 39.89590096]",32.0,0.08616296875,local
1230_11,slab,-189.02582232,17611.277,True,"[3.48289775, 0.0, 0.0, 0.0, 6.05696852, -10.49097722, 0.0, 0.0, 55.9518785]",27.0,2.096296296296296e-06,local
1230_39,slab,-128.00115577,3428.423,True,"[6.05696852, 0.0, -3.49699241, 0.0, 3.48289775, 0.0, 0.0, 0.0, 34.96992406]",18.0,4.555555555555555e-07,local
1231_0,slab,-237.96831595,14297.959,True,"[5.76277824, 0.0, -5.76277824, -0.0, 5.76277824, -5.76277824, 0.0, 0.0, 51.86500413]",64.0,9.375e-09,local
1239_3,slab,-285.64009023,7210.281,True,"[5.61663852, 0.0, 0.0, 0.0, 5.61663852, -5.61663852, 0.0, 0.0, 39.31646967]",48.0,3.9583333333333334e-08,local
1241_4,slab,-152.76884002,138785.269,True,"[8.56667897, 0.0, -9.89194882, -0.0, 8.77288552, -4.94597441, 0.0, 0.0, 44.51376968]",48.0,0.0,local
1243_39,slab,-142.54540973,20732.78,True,"[8.007474, 0.0, 0.0, 4.003737, 6.93467591, 7.76144585, 0.0, 0.0, 38.80722924]",36.0,0.0,local
1243_40,slab,-72.35512676,3953.823,True,"[6.93467591, 0.0, -4.003737, 0.0, 3.88072292, 0.0, 0.0, 0.0, 40.03737002]",18.0,5.555555555555555e-09,local
1243_44,slab,-213.38331563,57496.603,True,"[13.86935182, 0.0, 0.0, 0.0, 8.007474, -3.88072292, 0.0, 0.0, 31.04578339]",54.0,0.0,local
1253_0,slab,-147.50194916,25139.656,True,"[11.3577643, 0.0, -4.51964237, 0.0, 8.36431069, -4.51964237, 0.0, 0.0, 31.63749658]",48.0,0.0,local
1253_10,slab,-147.08899403,30235.888,True,"[8.36431069, 0.0, 0.0, 0.0, 11.3577643, -4.51964237, 0.0, 0.0, 31.63749658]",48.0,0.0,local
1254_4,slab,-440.22651117,59905.339,True,"[13.64562235, 0.0, 0.0, 6.82281117, 3.93915187, 6.5482029, 0.0, 0.0, 49.11152177]",54.0,2.3407407407407408e-06,local
1261_16,slab,,,False,,,,local
1261_23,slab,,,False,,,,local
1262_1,slab,-340.42799238,18154.072,True,"[6.06853951, 0.0, -6.06853951, -0.0, 6.06853951, -6.06853951, 0.0, 0.0, 48.54831612]",48.0,0.9510676020833334,local
1263_5,slab,-403.27420853,82989.93,True,"[13.56794292, 0.0, 0.0, 6.78397146, 3.91672775, 7.18999848, 0.0, 0.0, 53.92498861]",54.0,0.01946588888888889,local
1266_50,slab,-103.88223427,1563.323,True,"[4.02139171, 0.0, 0.0, 0.0, 7.11687554, 0.0, 0.0, 0.0, 37.19336008]",32.0,3.125e-08,local
1269_3,slab,-239.91948045,14987.084,True,"[7.08561109, 0.0, -7.08561109, -0.0, 7.08561109, -7.08561109, 0.0, 0.0, 49.5992776]",72.0,2.7777777777777776e-09,local
1272_15,slab,-245.57392401,32485.329,True,"[3.9251688, 0.0, 0.0, -0.0, 5.71924256, 9.9060187, 0.0, 0.0, 59.43611222]",36.0,0.77818705,local
1272_35,slab,-247.24408875,45301.886,True,"[6.60401247, 0.0, 0.0, 3.30200623, 5.71924256, 3.9251688, 0.0, 0.0, 35.32651919]",36.0,0.8168396416666667,local
1273_6,slab,-59.59024005,5406.492,True,"[8.16261332, 0.0, 0.0, 0.0, 8.16261332, 0.0, 0.0, 0.0, 32.65045327]",32.0,3.125e-08,local
1276_0,slab,-127.28332755,9436.371,True,"[6.36819914, 0.0, -6.36819914, -0.0, 6.36819914, -6.36819914, 0.0, 0.0, 50.94559314]",48.0,2.0833333333333334e-09,local
1278_3,slab,-137.19914408,16089.318,True,"[12.95430917, 0.0, 0.0, 6.47715458, 3.73958694, 4.00263887, 0.0, 0.0, 40.02638873]",36.0,5.555555555555555e-09,local
1278_52,slab,-104.82141119,2226.081,True,"[7.47917388, 0.0, 0.0, -3.73958694, 6.47715458, 0.0, 0.0, 0.0, 28.01847211]",27.0,2.0370370370370369e-07,local
1279_25,slab,-258.66038741,37104.306,True,"[3.71068553, 0.0, 0.0, 0.0, 13.38970193, -15.46109602, 0.0, 0.0, 38.65274006]",36.0,0.06902533611111111,local
1279_2,slab,-258.18606733,39049.224,True,"[13.38970193, 0.0, 0.0, 6.69485096, 3.86527401, 3.71068553, 0.0, 0.0, 37.10685527]",36.0,0.06424402777777777,local
1279_35,slab,-326.89578996,46931.03,True,"[7.73054801, 0.0, 0.0, 3.86527401, 6.69485096, 7.42137105, 0.0, 0.0, 44.52822632]",45.0,0.0003517977777777777,local
1280_20,slab,-514.38650345,115256.724,True,"[4.5468117, 0.0, 0.0, 0.0, 13.03153362, -6.49343734, 0.0, 0.0, 32.46718671]",64.0,0.08032944375,local
1280_24,slab,-386.55725129,55049.455,True,"[6.51576681, 0.0, 0.0, -0.0, 6.49343734, 4.5468117, 0.0, 0.0, 36.37449358]",48.0,0.04823548541666667,local
1281_38,slab,-153.09637777,25170.409,True,"[5.78157287, 0.0, 0.0, -0.0, 9.91013174, 10.82038891, 0.0, 0.0, 41.09491503]",40.0,0.0,local
1284_32,slab,-348.88803129,138750.479,True,"[3.68557998, 0.0, 0.0, 0.0, 10.69290063, -12.34709811, 0.0, 0.0, 43.2148434]",54.0,1.2010140907407407,local
1284_35,slab,-232.1261434,34521.689,True,"[6.17354906, 0.0, 0.0, 3.08677453, 5.34645031, 3.68557998, 0.0, 0.0, 33.17021985]",36.0,1.1753761472222222,local
1284_47,slab,-466.10023477,93710.576,True,"[10.69290063, 0.0, 0.0, 0.0, 6.17354906, -3.68557998, 0.0, 0.0, 33.17021985]",72.0,1.1756051722222223,local
1285_25,slab,-254.65537621,75601.275,True,"[8.03587322, 0.0, 0.0, 8.03587322, 8.03587322, 11.04341584, 0.0, 0.0, 55.21707918]",64.0,0.034647040625,local
1289_73,slab,-297.44146939,115157.509,True,"[11.95226129, 0.0, -2.49784735, 17.67043466, 10.49566783, 3.42163928, 0.0, 0.0, 42.08666997]",80.0,0.0,local
1291_0,slab,-253.72574393,11977.852,True,"[6.17617282, 0.0, 6.17617282, 6.17617282, 6.17617282, -0.0, 0.0, 0.0, 49.40938259]",48.0,2.6152083333333333e-05,local
1292_9,slab,-295.96862881,67521.547,True,"[16.42431412, 0.0, 0.0, 3.28486282, 6.56972565, 4.19491745, 0.0, 0.0, 33.55933956]",60.0,0.009540805000000001,local
1295_36,slab,-342.76093537,38974.086,True,"[7.82583055, 0.0, 0.0, 3.91291528, 6.77736807, 7.23595566, 0.0, 0.0, 43.41573398]",45.0,1.5022222222222221e-05,local
1295_5,slab,-407.35461828,59544.659,True,"[13.55473613, 0.0, 0.0, 6.77736807, 3.91291528, 7.23595566, 0.0, 0.0, 54.26966747]",54.0,0.045740507407407406,local
1296_0,slab,-165.95773186,18815.728,True,"[3.15805025, 0.0, -5.46990349, -0.0, 5.92312401, -3.64660233, 0.0, 0.0, 54.69903494]",24.0,0.7551688,local
1296_4,slab,-167.02378751,12318.552,True,"[5.92312401, 0.0, 0.0, 0.0, 3.15805025, -5.46990349, 0.0, 0.0, 54.69903494]",24.0,0.748426625,local
1298_6,slab,-192.02347596,39369.851,True,"[6.69531854, 0.0, 11.59663188, 6.69531854, 8.24804526, 3.86554396, 0.0, 0.0, 61.84870334]",54.0,1.8518518518518518e-09,local
1299_26,slab,-346.65144653,43703.077,True,"[9.33232023, 0.0, 0.0, 9.33232023, 9.33232023, 4.01187516, 0.0, 0.0, 32.09500125]",60.0,0.011663385,local
1299_30,slab,-347.53672698,13349.679,True,"[6.59894692, 0.0, 0.0, -0.0, 13.19789383, 4.01187516, 0.0, 0.0, 28.0831261]",60.0,0.04445335166666667,local
1299_8,slab,-469.12207857,38186.454,True,"[14.75569389, 0.0, 0.0, 2.95113878, 5.90227755, 4.01187516, 0.0, 0.0, 36.10687641]",80.0,1.25e-09,local
1300_6,slab,-130.67792294,2367.355,True,"[6.09394083, 0.0, 0.0, 0.0, 6.09394083, 0.0, 0.0, 0.0, 30.46970416]",32.0,0.0,local
1301_5,slab,-405.76601058,35339.168,True,"[6.44759297, 0.0, 0.0, 0.0, 12.89518594, -6.44759297, 0.0, 0.0, 32.23796484]",64.0,0.0,local
1302_44,slab,,,False,,,,local
1302_45,slab,-121.72074595,3609.236,True,"[3.2804619, 0.0, 0.0, 0.0, 4.08296529, 0.0, 0.0, 0.0, 39.43768151]",16.0,3.375e-07,local
1307_17,slab,-119.9244387,13281.334,True,"[4.7836999, 0.0, 0.0, 0.0, 11.00415986, -4.7836999, 0.0, 0.0, 33.48589928]",30.0,0.0,local
1310_5,slab,-285.17625629,50643.331,True,"[6.45822981, 0.0, 0.0, 0.0, 12.91645962, -6.45822981, 0.0, 0.0, 32.29114905]",64.0,0.0,local
1314_16,slab,-58.95195239,1510.974,True,"[3.79022749, 0.0, -2.18828886, 0.0, 5.64599402, 0.0, 0.0, 0.0, 30.63604405]",12.0,0.0,local
1316_0,slab,-73.34219306,3086.537,True,"[2.95142092, 0.0, -2.95142092, -0.0, 7.37986699, -2.95142092, 0.0, 0.0, 38.36847191]",20.0,0.0,local
1316_2,slab,-147.50910311,14412.751,True,"[2.95142092, 0.0, 2.95142092, 2.95142092, 14.75973397, 0.0, 0.0, 0.0, 38.36847191]",40.0,0.0,local
1317_54,slab,-74.10057108,3298.649,True,"[4.37615012, 0.0, 0.0, 0.0, 7.6381404, 0.0, 0.0, 0.0, 32.78524077]",16.0,1.25e-08,local
1327_28,slab,-364.44134682,94889.86,True,"[7.67444153, 0.0, -1.71039384, -0.0, 11.4051655, -9.88962227, 0.0, 0.0, 49.44811136]",80.0,1.25e-09,local
1327_65,slab,-361.40249627,103769.748,True,"[11.21142068, 0.0, -2.15130777, 16.62171214, 9.81960793, 3.56011298, 0.0, 0.0, 39.31364263]",80.0,0.0,local
1328_41,slab,-284.57856486,88222.828,True,"[10.5050818, 0.0, 0.0, -0.0, 8.68785115, 7.37601519, 0.0, 0.0, 36.88007596]",64.0,0.0,local
1329_11,slab,-222.38131524,94685.855,True,"[7.78848358, 0.0, -8.99336619, -0.0, 14.97937529, -4.49668309, 0.0, 0.0, 44.96683093]",80.0,0.0,local
1333_5,slab,-275.10235701,32373.137,True,"[7.7865383, 0.0, -3.89326915, -0.0, 5.92246159, -3.89326915, 0.0, 0.0, 35.03942236]",48.0,0.7022739416666667,local
1336_1,slab,-130.92096843,27966.453,True,"[12.56295194, 0.0, 0.0, 6.28147597, 3.62661184, 4.31131354, 0.0, 0.0, 43.11313542]",36.0,0.007908541666666666,local
1336_45,slab,-197.09576035,25356.479,True,"[12.56295194, 0.0, 0.0, 0.0, 7.25322368, -4.31131354, 0.0, 0.0, 34.49050834]",54.0,0.0,local
1336_50,slab,-196.80006754,76882.416,True,"[7.25322368, 0.0, 0.0, 7.25322368, 12.56295194, 4.31131354, 0.0, 0.0, 30.1791948]",54.0,2.974074074074074e-06,local
1338_3,slab,-353.49673045,39804.187,True,"[6.33426838, 0.0, 0.0, 0.0, 6.33426838, -6.33426838, 0.0, 0.0, 44.33987865]",48.0,2.4993749999999998e-05,local
1339_24,slab,-156.96393789,21640.918,True,"[5.94548128, 0.0, 0.0, 5.94548128, 5.94548128, 6.64210371, 0.0, 0.0, 46.49472595]",36.0,2.7777777777777776e-09,local
1341_1,slab,,,False,,,,local
1341_20,slab,-211.53206093,62762.2,True,"[3.58933933, 0.0, -2.07230603, -0.0, 21.05889982, -4.14461206, 0.0, 0.0, 33.15689645]",48.0,0.0,local
1343_119,slab,-440.27038592,99884.008,True,"[10.38774165, 0.0, 0.0, -8.37388956, 14.70284046, -3.66948519, 0.0, 0.0, 29.35588155]",72.0,0.03241352361111111,local
1343_128,slab,-150.06664093,13511.161,True,"[9.02641071, 0.0, -5.14092271, 0.0, 3.66948519, 0.0, 0.0, 0.0, 42.30067551]",24.0,0.0,local
1343_38,slab,-293.92376384,55504.193,True,"[10.38774165, 0.0, -7.33897039, 6.20079687, 7.35142023, 0.0, 0.0, 0.0, 36.69485194]",48.0,0.040777089583333335,local
1344_3,slab,,,False,,,,local
1352_16,slab,-217.60251746,30742.975,True,"[8.69676404, 0.0, 5.9400163, 8.69676404, 8.95115804, -0.0, 0.0, 0.0, 41.5801141]",60.0,0.0,local
1352_1,slab,-144.00096923,17839.003,True,"[5.9400163, 0.0, -4.34838202, -0.0, 8.95115804, -4.34838202, 0.0, 0.0, 39.13543817]",40.0,0.0,local
1352_21,slab,-141.45681393,20351.671,True,"[5.9400163, 0.0, -4.34838202, -0.0, 8.95115804, -8.69676404, 0.0, 0.0, 43.48382019]",40.0,0.0,local
1354_1,slab,-378.47397424,65892.452,True,"[6.91238765, 0.0, -6.91238765, -0.0, 6.91238765, -6.91238765, 0.0, 0.0, 48.38671357]",72.0,2.7777777777777776e-09,local
1357_12,slab,-147.18255989,6877.563,True,"[4.3486588, 0.0, 0.0, 0.0, 10.28875218, -4.3486588, 0.0, 0.0, 30.44061157]",30.0,0.0,local
1357_20,slab,-48.59266255,656.502,True,"[4.3486588, 0.0, 0.0, 0.0, 4.3486588, 0.0, 0.0, 0.0, 30.86625654]",10.0,0.0,local
1360_20,slab,-180.53352961,76675.474,True,"[8.5089285, 0.0, -4.25446425, -0.0, 11.36537357, -4.25446425, 0.0, 0.0, 34.03571401]",60.0,0.0,local
1360_39,slab,-181.30576999,77242.63,True,"[4.25446425, 0.0, 0.0, 0.0, 22.73074714, -4.25446425, 0.0, 0.0, 29.78124976]",60.0,0.0,local
1362_0,slab,,,False,,,,local
1362_29,slab,,,False,,,,local
1362_48,slab,,,False,,,,local
1364_18,slab,-42.72422053,2741.12,True,"[4.47197006, 0.0, 0.0, 0.0, 7.49521557, -4.47197006, 0.0, 0.0, 31.30379042]",18.0,0.0,local
1364_9,slab,-84.67544112,15837.734,True,"[8.94394012, 0.0, -4.47197006, 0.0, 7.49521557, -4.47197006, 0.0, 0.0, 35.77576049]",36.0,0.0,local
1368_3,slab,-202.29420589,20412.615,True,"[6.17852714, 0.0, 0.0, 0.0, 6.17852714, -6.17852714, 0.0, 0.0, 43.24969001]",48.0,0.0,local
1370_30,slab,-246.5975867,35670.399,True,"[6.92198369, 0.0, 0.0, 3.46099185, 5.99461372, 3.31404851, 0.0, 0.0, 33.14048507]",36.0,2.6944444444444447e-07,local
1372_1,slab,-351.25312307,43740.15,True,"[9.74723528, 0.0, 5.8610566, 11.07521381, 7.20796301, 0.0, 0.0, 0.0, 41.02739619]",60.0,0.0,local
1372_49,slab,-237.19272525,17833.09,True,"[5.8610566, 0.0, 0.0, 0.0, 7.20796301, -1.32797853, 0.0, 0.0, 38.98894113]",40.0,0.0,local
1372_85,slab,-350.85166651,71272.604,True,"[9.74723528, 0.0, 0.0, -1.32797853, 7.20796301, -5.8610566, 0.0, 0.0, 41.02739619]",60.0,0.0,local
1377_55,slab,-66.19208273,2012.977,True,"[4.34004856, 0.0, 0.0, 0.0, 8.17318526, 0.0, 0.0, 0.0, 33.5478577]",16.0,3.75e-08,local
1377_62,slab,-131.76629062,8671.629,True,"[4.34004856, 0.0, 0.0, 0.0, 11.18261923, 0.0, 0.0, 0.0, 32.69274105]",32.0,0.0,local
1378_3,slab,-406.91629029,11180.677,True,"[5.99449587, 0.0, 0.0, 0.0, 5.99449587, -5.99449587, 0.0, 0.0, 41.96147107]",48.0,1.25e-08,local
1380_16,slab,-139.33987497,108230.697,True,"[5.48459316, 0.0, -3.16653134, 0.0, 21.87917231, -6.33306267, 0.0, 0.0, 31.66531336]",48.0,0.12338506041666668,local
1382_3,slab,-218.65132001,59898.071,True,"[13.38047918, 0.0, 0.0, 6.69023959, 3.86261163, 3.8027292, 0.0, 0.0, 38.02729196]",36.0,0.122038575,local
1382_8,slab,-164.91541939,25899.022,True,"[3.8027292, 0.0, 0.0, 0.0, 6.69023959, -11.58783488, 0.0, 0.0, 54.07656279]",27.0,0.02549544074074074,local
1388_6,slab,-87.14760527,3199.657,True,"[6.27877694, 0.0, 0.0, 0.0, 6.27877694, 0.0, 0.0, 0.0, 31.39388472]",32.0,0.0,local
1391_36,slab,,,False,,,,local
1391_4,slab,-545.78100307,99404.904,True,"[4.1998672, 0.0, 4.1998672, 4.1998672, 19.61666055, 0.0, 0.0, 0.0, 41.99867195]",80.0,0.0,local
1393_6,slab,-570.18500024,73030.679,True,"[12.11519104, 0.0, 0.0, 6.05759552, 3.49735441, 6.87169594, 0.0, 0.0, 58.40941553]",63.0,5.494126984126984e-05,local
1394_22,slab,-179.0850465,1859.954,True,"[3.51701535, 0.0, 0.0, -0.0, 7.91969609, -7.03403069, 0.0, 0.0, 35.17015346]",24.0,0.0410412875,local
1397_10,slab,-53.01223565,9087.963,True,"[3.66435251, 0.0, -2.11561491, 0.0, 8.26761791, -4.23122982, 0.0, 0.0, 33.84983854]",18.0,0.041027911111111114,local
1400_3,slab,-396.04028409,35113.879,True,"[5.93052301, 0.0, 0.0, 0.0, 5.93052301, -5.93052301, 0.0, 0.0, 41.51366105]",48.0,0.2884796416666667,local
1403_23,slab,-61.62990724,2576.869,True,"[3.62361194, 0.0, -2.09209333, -0.0, 6.78473513, -4.18418666, 0.0, 0.0, 37.65767995]",20.0,0.0,local
1403_9,slab,-150.107859,26087.032,True,"[3.62361194, 0.0, -6.27627999, -0.0, 13.56947025, -4.18418666, 0.0, 0.0, 54.39442659]",50.0,0.0,local
1404_12,slab,-181.57661567,22660.101,True,"[3.90831432, 0.0, 0.0, 0.0, 13.53346553, -3.90831432, 0.0, 0.0, 27.35820027]",30.0,0.9163866166666667,local
1407_28,slab,-251.91038814,104553.87,True,"[4.1133538, 0.0, 0.0, -0.0, 7.34689128, 12.22525091, 0.0, 0.0, 57.62398684]",48.0,6.25e-09,local
1407_36,slab,-255.88276333,16191.602,True,"[4.1133538, 0.0, 0.0, 0.0, 10.03577853, 1.42080416, 0.0, 0.0, 37.49758728]",48.0,7.5e-08,local
1408_27,slab,-109.22187721,26715.896,True,"[6.30627636, 0.0, 0.0, 0.0, 12.63521665, -6.30627636, 0.0, 0.0, 31.53138179]",28.0,0.5682722285714286,local
1409_10,slab,-164.15215872,19672.113,True,"[4.02017166, 0.0, 0.0, 0.0, 10.23582616, -4.02017166, 0.0, 0.0, 32.16137327]",30.0,0.0868647,local
1411_16,slab,-219.35497437,10345.454,True,"[5.07357851, 0.0, 0.0, 0.0, 4.50643085, -4.24675389, 0.0, 0.0, 38.22078502]",32.0,3.4375e-08,local
1411_43,slab,-326.94002311,43250.624,True,"[8.49350778, 0.0, 4.50643085, 4.24675389, 5.07357851, -0.0, 0.0, 0.0, 36.05144676]",48.0,3.125e-07,local
1414_13,slab,-211.32751931,11582.531,True,"[3.71106147, 0.0, 0.0, 0.0, 6.35720116, -11.0109954, 0.0, 0.0, 58.72530881]",27.0,4.259259259259259e-07,local
1415_1,slab,-293.21106072,28056.292,True,"[6.54456752, 0.0, -6.54456752, -0.0, 6.54456752, -6.54456752, 0.0, 0.0, 45.81197266]",48.0,0.07266806041666667,local
1418_3,slab,-291.94604312,49381.554,True,"[13.35512412, 0.0, 0.0, 6.67756206, 3.85529225, 3.62211214, 0.0, 0.0, 36.22112144]",36.0,1.9444444444444444e-06,local
1422_19,slab,-225.70206799,14694.459,True,"[5.76485554, 0.0, 0.0, 0.0, 12.1998569, 0.04366127, 0.0, 0.0, 28.83450365]",40.0,1.5e-08,local
1422_34,slab,-112.84692121,6210.495,True,"[5.76690073, 0.0, 0.0, -2.86161973, 6.09992845, 0.0, 0.0, 0.0, 28.82427771]",20.0,5e-09,local
1422_8,slab,-342.47798702,58028.095,True,"[5.76690073, 0.0, -5.76485554, 0.04366127, 12.1998569, 0.0, 0.0, 0.0, 40.35398879]",60.0,0.0,local
1424_0,slab,-284.368173,36665.738,True,"[9.92265951, 0.0, 5.76634051, 11.5267163, 7.60258004, 0.0, 0.0, 0.0, 40.36438357]",60.0,0.0,local
1424_76,slab,-285.91223261,24691.394,True,"[9.92265951, 0.0, 0.0, -1.6040568, 7.60258004, -5.76634051, 0.0, 0.0, 40.36438357]",60.0,0.0,local
1425_21,slab,-143.0896601,24592.481,True,"[7.41966575, 0.0, 0.0, -0.0, 6.62076556, 4.28374602, 0.0, 0.0, 34.26996812]",30.0,0.0,local
1427_0,slab,-251.71645131,25044.284,True,"[3.66386072, 0.0, -3.66386072, -0.0, 7.16792412, -3.66386072, 0.0, 0.0, 43.96632868]",30.0,0.04798477,local
1427_21,slab,-304.67726108,23514.633,True,"[5.18148153, 0.0, 0.0, 5.18148153, 5.18148153, 7.16792412, 0.0, 0.0, 50.17546882]",36.0,0.052461241666666665,local
1429_1,slab,-550.91552137,74767.982,True,"[10.59726073, 0.0, 4.21560963, 15.4305034, 8.83304249, 0.0, 0.0, 0.0, 37.94048671]",80.0,1.065e-06,local
1429_34,slab,-273.19346132,28388.766,True,"[4.21560963, 0.0, 0.0, -0.0, 9.29654635, 15.15576791, 0.0, 0.0, 50.34453157]",40.0,0.0856150475,local
1432_43,slab,-277.78193598,141834.915,True,"[18.69137617, 0.0, 0.0, 4.03432458, 7.68968813, 7.2307166, 0.0, 0.0, 36.15358302]",80.0,0.026305942500000002,local
1432_56,slab,-207.44870022,50950.654,True,"[7.2307166, 0.0, 0.0, 0.0, 16.55175111, -8.68372491, 0.0, 0.0, 30.39303719]",60.0,0.04574800166666667,local
1435_24,slab,-317.66744624,94829.004,True,"[7.7495661, 0.0, 5.01949274, 7.7495661, 6.68611229, -0.0, 0.0, 0.0, 40.15594194]",60.0,0.131920855,local
1439_1,slab,-325.03645607,15406.325,True,"[6.12735673, 0.0, -6.12735673, -0.0, 6.12735673, -6.12735673, 0.0, 0.0, 49.01885386]",48.0,7.916666666666667e-08,local
1440_12,slab,-105.07420345,10770.911,True,"[3.99934922, 0.0, 0.0, 0.0, 6.70219216, -11.60853734, 0.0, 0.0, 54.17317427]",27.0,3.6666666666666667e-07,local
1440_43,slab,-208.94939627,35869.747,True,"[13.40438432, 0.0, 0.0, 0.0, 7.7390249, -3.99934922, 0.0, 0.0, 31.99479376]",54.0,0.0,local
1440_45,slab,-208.84550251,37689.045,True,"[13.40438432, 0.0, 0.0, 0.0, 7.7390249, -3.99934922, 0.0, 0.0, 31.99479376]",54.0,0.0,local
1441_18,slab,-219.26948196,13728.13,True,"[7.19150852, 0.0, 0.0, -0.0, 7.19150852, 3.34415565, 0.0, 0.0, 30.09740089]",40.0,0.0,local
1446_30,slab,,,False,,,,local
1448_1,slab,-319.45951562,15970.204,True,"[5.68440758, 0.0, -5.68440758, 0.0, 5.68440758, -5.68440758, 0.0, 0.0, 51.1596682]",64.0,6.25e-09,local
1449_11,slab,-220.91856884,95995.416,True,"[7.1386368, 0.0, 7.1386368, 7.1386368, 9.45690651, 0.0, 0.0, 0.0, 49.97045758]",48.0,0.01690265625,local
1449_21,slab,-296.58302881,64925.884,True,"[14.27727359, 0.0, -7.1386368, 0.0, 9.45690651, -7.1386368, 0.0, 0.0, 35.69318399]",64.0,0.0,local
1449_25,slab,,,False,,,,local
1456_2,slab,-72.55045476,17298.427,True,"[3.916012, 0.0, -6.78273174, -0.0, 7.50788304, -4.52182116, 0.0, 0.0, 54.26185391]",25.0,0.0,local
1458_1,slab,-199.46099382,27174.306,True,"[13.22042375, 0.0, 0.0, 6.61021187, 3.81640761, 3.52990039, 0.0, 0.0, 35.29900394]",36.0,0.0,local
1458_25,slab,-305.47227723,109803.113,True,"[3.52990039, 0.0, 0.0, 0.0, 13.22042375, -15.26563042, 0.0, 0.0, 53.42970647]",54.0,0.0,local
1458_38,slab,-101.34635109,6958.779,True,"[6.61021187, 0.0, -3.81640761, 0.0, 3.52990039, 0.0, 0.0, 0.0, 38.16407605]",18.0,1.7111111111111112e-06,local
1459_11,slab,-153.06268227,17215.521,True,"[4.02135056, 0.0, 0.0, 0.0, 11.01811825, -4.02135056, 0.0, 0.0, 28.14945393]",30.0,0.04735950666666667,local
1459_2,slab,,,False,,,,local
1462_1,slab,-159.63518126,39837.098,True,"[11.26112702, 0.0, -4.47522254, -0.0, 8.4728323, -4.47522254, 0.0, 0.0, 35.80178031]",48.0,0.0,local
1462_45,slab,-106.79878711,28905.514,True,"[4.47522254, 0.0, 0.0, -0.0, 11.26112702, 8.4728323, 0.0, 0.0, 42.3641615]",32.0,0.0,local
1462_56,slab,-53.03296661,4153.277,True,"[4.47522254, 0.0, 0.0, 0.0, 8.4728323, 0.0, 0.0, 0.0, 33.78338106]",16.0,0.0,local
1467_1,slab,-355.75891022,10785.173,True,"[6.12907771, 0.0, -6.12907771, 0.0, 6.12907771, -6.12907771, 0.0, 0.0, 49.03262169]",48.0,1.0416666666666668e-07,local
1468_0,slab,-245.9783508,42539.444,True,"[3.66395035, 0.0, -6.34614816, 0.0, 8.3265186, -4.23076544, 0.0, 0.0, 54.9999507]",40.0,0.0,local
1468_15,slab,-147.37640036,10023.366,True,"[3.66395035, 0.0, -2.11538272, -0.0, 8.3265186, -4.23076544, 0.0, 0.0, 33.84612351]",24.0,0.0,local
1472_3,slab,-447.97751443,117131.66,True,"[8.20507123, 0.0, -4.10253562, -0.0, 7.28692505, -4.10253562, 0.0, 0.0, 36.92282056]",64.0,0.7370083125,local
1473_36,slab,-180.85303481,66450.671,True,"[5.9307666, 0.0, 0.0, -0.0, 15.16939935, 9.36086743, 0.0, 0.0, 37.44346974]",64.0,0.06141589375,local
1473_9,slab,-90.08120089,26852.024,True,"[5.9307666, 0.0, 0.0, 0.0, 9.36086743, -7.58469968, 0.0, 0.0, 37.92349839]",32.0,0.028071609375,local
1478_5,slab,-157.61069289,26051.358,True,"[6.56709722, 0.0, 0.0, 0.0, 13.13419445, -6.56709722, 0.0, 0.0, 32.83548611]",64.0,0.0,local
1480_4,slab,-477.6425438,139783.231,True,"[5.98866583, 0.0, -5.98866583, 0.0, 11.97733166, -5.98866583, 0.0, 0.0, 41.92066082]",72.0,0.05497324861111111,local
1484_20,slab,-40.17880625,1108.526,True,"[4.21837736, 0.0, 0.0, 0.0, 4.21837736, 0.0, 0.0, 0.0, 32.85764793]",10.0,0.0,local
1485_9,slab,-245.74184426,30938.053,True,"[10.15270031, 0.0, 0.0, 0.0, 8.93220589, -4.46610295, 0.0, 0.0, 31.26272062]",60.0,0.0,local
1488_8,slab,,,False,,,,local
1492_21,slab,-184.37832236,69892.713,True,"[8.91786518, 0.0, 0.0, 0.0, 10.69118329, -7.20150755, 0.0, 0.0, 36.00753777]",64.0,0.06163186875,local
1493_6,slab,-135.90647773,3296.273,True,"[6.61814349, 0.0, 0.0, 0.0, 6.61814349, 0.0, 0.0, 0.0, 33.09071747]",32.0,3.125e-09,local
1494_16,slab,-522.95676958,30656.514,True,"[4.55472138, 0.0, 0.0, 0.0, 13.614145, -3.20906027, 0.0, 0.0, 28.8815424]",48.0,0.0,local
1494_21,slab,-780.79156853,97362.279,True,"[6.41812053, 0.0, 4.55472138, 6.41812053, 13.614145, 0.0, 0.0, 0.0, 36.43777103]",72.0,1.3888888888888888e-09,local
1494_28,slab,-656.22864707,57062.036,True,"[4.55472138, 0.0, -3.20906027, -0.0, 13.614145, -6.41812053, 0.0, 0.0, 38.5087232]",60.0,1.6666666666666665e-09,local
1497_28,slab,,,False,,,,local
1497_38,slab,-541.02398829,83468.285,True,"[3.98558924, 0.0, 0.0, 0.0, 16.53944485, -18.90324105, 0.0, 0.0, 49.43040619]",80.0,0.10469058875,local
1497_4,slab,-539.06463383,72243.646,True,"[9.88608124, 0.0, 3.98558924, 14.39466115, 8.26972243, 0.0, 0.0, 0.0, 35.87030312]",80.0,0.0065410925,local
1498_0,slab,-195.40530031,9247.793,True,"[6.08895082, 0.0, -6.08895082, -0.0, 6.08895082, -6.08895082, 0.0, 0.0, 48.71160659]",48.0,7.5e-08,local
1501_15,slab,-107.28267669,37662.892,True,"[4.11156634, 0.0, -2.37381393, -0.0, 20.17324652, -4.74762787, 0.0, 0.0, 33.23339507]",36.0,0.027072363888888888,local
1503_20,slab,-607.10566179,99564.943,True,"[17.41734791, 0.0, 0.0, 4.97638512, 4.30967593, 3.91598859, 0.0, 0.0, 39.15988588]",72.0,0.0,local
1505_0,slab,-185.50083703,10418.966,True,"[6.1088037, 0.0, 6.1088037, 6.1088037, 6.1088037, -0.0, 0.0, 0.0, 48.87042959]",48.0,0.0,local
1506_30,slab,-401.55371781,24701.279,True,"[11.06329292, 0.0, 0.0, 2.90116311, 7.46833898, 5.72079314, 0.0, 0.0, 40.04555197]",72.0,6.25e-07,local
1506_33,slab,-130.23323719,2365.22,True,"[4.00602155, 0.0, 0.0, -0.0, 10.31252838, 5.72079314, 0.0, 0.0, 28.6039657]",24.0,0.00042720416666666667,local
1506_3,slab,-398.14597776,68000.627,True,"[10.31252838, 0.0, -4.00602155, 0.0, 11.44158628, -4.00602155, 0.0, 0.0, 32.04817236]",72.0,0.0,local
1507_46,slab,-163.87946734,5461.92,True,"[4.01417962, 0.0, 0.0, -0.0, 9.54886921, 6.70007837, 0.0, 0.0, 33.50039183]",32.0,0.0,local
1512_5,slab,-493.29158504,20723.403,True,"[6.38198483, 0.0, 0.0, 0.0, 12.76396965, -6.38198483, 0.0, 0.0, 31.90992413]",64.0,0.0,local
1513_21,slab,-187.80142319,23706.953,True,"[5.20116001, 0.0, 0.0, 5.20116001, 5.20116001, 6.47261677, 0.0, 0.0, 45.30831741]",36.0,0.5721397166666667,local
1513_24,slab,-186.54093203,38598.037,True,"[3.67777551, 0.0, 0.0, -0.0, 7.35555102, 6.47261677, 0.0, 0.0, 45.30831741]",36.0,0.6356121416666667,local
1514_17,slab,-241.27337746,33338.488,True,"[4.31387479, 0.0, 0.0, 0.0, 19.84334819, -4.31387479, 0.0, 0.0, 30.19712356]",48.0,0.0,local
1514_6,slab,-161.49770639,13026.312,True,"[9.9216741, 0.0, 0.0, 0.0, 4.31387479, -4.31387479, 0.0, 0.0, 38.82487315]",32.0,0.0,local
1514_8,slab,-240.51409002,25913.462,True,"[8.62774959, 0.0, -4.31387479, -0.0, 9.9216741, -4.31387479, 0.0, 0.0, 34.51099835]",48.0,0.0,local
1517_3,slab,,,False,,,,local
1517_51,slab,-393.67950807,94758.131,True,"[10.53154012, 0.0, 3.4707157, 5.29849944, 5.92490705, 0.0, 0.0, 0.0, 31.23644127]",64.0,0.2310874234375,local
1517_86,slab,,,False,,,,local
1518_31,slab,,,False,,,,local
1518_55,slab,,,False,,,,local
1518_5,slab,,,False,,,,local
1521_3,slab,-303.6511138,14524.826,True,"[6.48540888, 0.0, 0.0, 0.0, 6.48540888, -6.48540888, 0.0, 0.0, 45.39786219]",48.0,2.0833333333333334e-09,local
1524_0,slab,,,False,,,,local
1524_17,slab,,,False,,,,local
1525_1,slab,-111.91376955,15703.767,True,"[4.67357186, 0.0, -4.67357186, 0.0, 7.51404593, -4.67357186, 0.0, 0.0, 42.06214677]",28.0,0.0,local
1526_11,slab,-103.98931975,6764.38,True,"[5.94064364, 0.0, 0.0, 0.0, 8.66790153, -4.52161134, 0.0, 0.0, 31.65127937]",30.0,0.0,local
1528_12,slab,-94.19919891,6158.199,True,"[4.14336361, 0.0, 0.0, 0.0, 6.67228118, -4.14336361, 0.0, 0.0, 33.14690886]",21.0,4.761904761904762e-09,local
1534_3,slab,-324.099674,12592.414,True,"[6.37140713, 0.0, 0.0, 0.0, 6.37140713, -6.37140713, 0.0, 0.0, 44.59984992]",48.0,0.0,local
1535_16,slab,-239.29485739,29047.874,True,"[2.76072908, 0.0, 0.0, 0.0, 14.05327412, -7.02663706, 0.0, 0.0, 35.1331853]",40.0,0.0,local
1535_29,slab,-474.15639333,47047.728,True,"[7.02663706, 0.0, 0.0, -0.0, 14.05327412, 2.76072908, 0.0, 0.0, 27.60729075]",80.0,1.25e-09,local
1537_25,slab,-298.03282555,36869.178,True,"[3.56948539, 0.0, 0.0, 0.0, 13.41555433, -15.4909478, 0.0, 0.0, 38.72736951]",36.0,2.7722222222222223e-06,local
1537_2,slab,-298.17429292,49841.338,True,"[13.41555433, 0.0, 0.0, 6.70777716, 3.87273695, 3.56948539, 0.0, 0.0, 35.69485388]",36.0,4.813888888888889e-06,local
1537_32,slab,-304.20033642,29371.086,True,"[7.7454739, 0.0, 0.0, 3.87273695, 6.70777716, 3.56948539, 0.0, 0.0, 32.12536849]",36.0,6.60111111111111e-05,local
1538_18,slab,-286.3439886,20160.456,True,"[3.70059147, 0.0, 0.0, 0.0, 14.56551061, -3.70059147, 0.0, 0.0, 29.60473173]",36.0,1.0972222222222223e-06,local
1539_16,slab,-98.47584001,14613.671,True,"[4.0346703, 0.0, 0.0, 0.0, 15.60936643, 0.0, 0.0, 0.0, 28.24269212]",30.0,0.0,local
1546_21,slab,-298.95119033,36040.524,True,"[3.79018312, 0.0, 0.0, 0.0, 13.55838245, -7.58036623, 0.0, 0.0, 34.11164805]",48.0,0.016380639583333332,local
1547_0,slab,-277.75751111,26682.586,True,"[6.6255389, 0.0, -6.6255389, -0.0, 6.6255389, -6.6255389, 0.0, 0.0, 46.3787723]",48.0,0.0,local
1548_36,slab,-238.19330366,39088.753,True,"[6.48978209, 0.0, 0.0, 3.24489104, 5.62031615, 3.9629247, 0.0, 0.0, 35.66632231]",36.0,0.6050722055555555,local
1548_38,slab,-238.40859747,44231.917,True,"[6.48978209, 0.0, 0.0, 3.24489104, 5.62031615, 3.9629247, 0.0, 0.0, 35.66632231]",36.0,0.6273287388888888,local
1548_39,slab,-360.05461039,74675.6,True,"[5.62031615, 0.0, -3.24489104, 0.0, 7.9258494, -6.48978209, 0.0, 0.0, 45.4284746]",54.0,0.6423473259259259,local
1550_28,slab,-228.00372856,50336.74,True,"[4.11391474, 0.0, 0.0, 0.0, 13.16857276, -15.20575805, 0.0, 0.0, 53.22015319]",54.0,1.8985185185185185e-05,local
1550_35,slab,-111.63323714,12835.53,True,"[7.60287903, 0.0, 0.0, 3.80143951, 6.58428638, 4.11391474, 0.0, 0.0, 32.91131792]",27.0,0.0,local
1550_45,slab,-223.64633984,26012.009,True,"[13.16857276, 0.0, 0.0, 0.0, 7.60287903, -4.11391474, 0.0, 0.0, 32.91131792]",54.0,0.0,local
1551_3,slab,-471.97800012,44333.62,True,"[5.95700217, 0.0, 0.0, -0.0, 5.95700217, 5.95700217, 0.0, 0.0, 41.6990152]",48.0,0.04742336875,local
1552_1,slab,-285.37760048,62353.279,True,"[3.53084464, 0.0, -6.1156023, -0.0, 10.96762696, -4.0770682, 0.0, 0.0, 53.00188664]",60.0,0.0,local
1556_5,slab,-122.31117482,59771.897,True,"[8.45847127, 0.0, 0.0, 0.0, 16.91694254, -8.45847127, 0.0, 0.0, 33.83388507]",64.0,6.25e-09,local
1559_35,slab,,,False,,,,local
1559_59,slab,,,False,,,,local
1559_6,slab,-276.19425081,82478.233,True,"[10.5631236, 0.0, -6.50366032, -0.0, 12.1520077, -6.50366032, 0.0, 0.0, 32.51830162]",80.0,1.25e-09,local
1560_1,slab,-218.04505022,7257.557,True,"[7.36162081, 0.0, -7.36162081, -0.0, 7.36162081, -7.36162081, 0.0, 0.0, 51.53134567]",48.0,7.5e-08,local
1564_3,slab,-61.11113699,7689.011,True,"[8.57305654, 0.0, 0.0, 0.0, 8.57305654, -8.57305654, 0.0, 0.0, 42.86528268]",32.0,6.25e-09,local
1566_1,slab,-362.23039449,82505.847,True,"[5.49320058, 0.0, 5.49320058, 5.49320058, 5.49320058, -0.0, 0.0, 0.0, 49.43880524]",64.0,0.0446239640625,local
1575_24,slab,-90.93232184,10553.511,True,"[4.65315009, 0.0, 0.0, 4.65315009, 8.05949238, 7.29753727, 0.0, 0.0, 36.48768635]",24.0,0.020633279166666667,local
1575_26,slab,-44.62982981,1173.485,True,"[4.65315009, 0.0, 0.0, -2.32657505, 4.02974619, 0.0, 0.0, 0.0, 36.48768635]",12.0,0.08143285833333333,local
1575_28,slab,-46.89513296,903.834,True,"[4.65315009, 0.0, 0.0, -2.32657505, 4.02974619, 0.0, 0.0, 0.0, 36.48768635]",12.0,0.0,local
1576_16,slab,-43.86544357,10522.784,True,"[4.61662097, 0.0, 0.0, 0.0, 8.02433764, -4.61662097, 0.0, 0.0, 32.31634678]",18.0,0.008435505555555556,local
1576_9,slab,-88.24880454,52556.404,True,"[9.23324194, 0.0, -4.61662097, -0.0, 8.02433764, -4.61662097, 0.0, 0.0, 36.93296775]",36.0,0.0,local
1581_22,slab,,,False,,,,local
1581_32,slab,-231.53761374,82685.663,True,"[19.42637799, 0.0, 0.0, 4.36267445, 4.83141316, 6.20979149, 0.0, 0.0, 43.46854042]",60.0,0.06783312333333333,local
1581_37,slab,,,False,,,,local
1582_19,slab,,,False,,,,local
1583_1,slab,-87.21976277,10476.65,True,"[6.78842132, 0.0, -6.78842132, -0.0, 6.78842132, -6.78842132, 0.0, 0.0, 47.51894925]",48.0,6.25e-09,local
1584_26,slab,-135.99633717,14613.09,True,"[10.46719332, 0.0, 0.0, -0.0, 8.12344264, 7.93575191, 0.0, 0.0, 39.67875957]",40.0,2.5e-09,local
1584_37,slab,-134.49799089,33017.629,True,"[4.06172132, 0.0, 0.0, 0.0, 20.93438664, -7.93575191, 0.0, 0.0, 39.67875957]",40.0,0.0,local
1584_43,slab,-32.7383648,1436.537,True,"[4.06172132, 0.0, 0.0, 0.0, 7.93575191, 0.0, 0.0, 0.0, 31.40157995]",10.0,1.1e-07,local
1585_11,slab,-77.41206007,10011.454,True,"[3.32804381, 0.0, 0.0, 0.0, 13.52247548, -3.32804381, 0.0, 0.0, 29.95239429]",32.0,0.0,local
1585_17,slab,-19.53865355,379.487,True,"[3.32804381, 0.0, 0.0, 0.0, 3.32804381, 0.0, 0.0, 0.0, 33.80618871]",8.0,0.0,local
1587_19,slab,-110.1703385,25067.958,True,"[3.75852487, 0.0, -2.16998534, -0.0, 17.14701432, -8.67994137, 0.0, 0.0, 34.71976548]",36.0,2.7777777777777776e-09,local
1591_5,slab,-471.73312241,105296.339,True,"[5.82232379, 0.0, 0.0, 0.0, 11.64464759, -5.82232379, 0.0, 0.0, 29.11161897]",64.0,0.7469222328125,local
1601_29,slab,-163.610874,65911.295,True,"[13.90895413, 0.0, 0.0, 6.01531594, 6.89077119, 8.12091148, 0.0, 0.0, 40.6045574]",64.0,0.0,local
1601_55,slab,-40.54113875,4039.792,True,"[4.57347662, 0.0, 0.0, 0.0, 8.12091148, 0.0, 0.0, 0.0, 31.43453934]",16.0,0.0,local
1602_19,slab,,,False,,,,local
1604_12,slab,-61.90653776,2916.555,True,"[4.2082057, 0.0, 0.0, 2.10410285, 3.64441304, 3.79825723, 0.0, 0.0, 37.98257235]",12.0,0.0,local
1604_22,slab,-94.45976916,3539.698,True,"[4.2082057, 0.0, 0.0, 4.2082057, 7.28882609, 3.79825723, 0.0, 0.0, 30.38605788]",18.0,1.111111111111111e-08,local
1605_0,slab,-255.38339126,16414.207,True,"[8.12789024, 0.0, -5.11586884, -0.0, 5.24909739, -5.11586884, 0.0, 0.0, 40.92695072]",48.0,0.0,local
1605_29,slab,-257.3324427,15182.024,True,"[5.11586884, 0.0, 0.0, -0.0, 8.12789024, 5.24909739, 0.0, 0.0, 36.74368174]",48.0,0.010594829166666667,local
1606_0,slab,-401.38051102,23968.73,True,"[5.67616681, 0.0, -5.67616681, -0.0, 5.67616681, -5.67616681, 0.0, 0.0, 51.08550131]",64.0,0.0,local
1607_3,slab,-480.63169849,19556.583,True,"[6.39251793, 0.0, 0.0, -0.0, 6.39251793, 6.39251793, 0.0, 0.0, 44.74762552]",48.0,2.5e-08,local
1609_28,slab,-406.48815182,105163.281,True,"[7.67703586, 0.0, -0.05149146, -0.0, 19.36209059, -5.58184815, 0.0, 0.0, 27.90924074]",72.0,2.7516666666666664e-05,local
1609_3,slab,-308.37465422,37245.121,True,"[9.68104529, 0.0, -5.58184815, -0.0, 7.67703586, -5.63333961, 0.0, 0.0, 39.07293704]",54.0,0.0,local
1610_15,slab,-248.8601604,29169.016,True,"[10.02946028, 0.0, -5.80003259, 8.33242164, 7.60465303, 0.0, 0.0, 0.0, 40.60022814]",60.0,0.0,local
1610_28,slab,-334.58391775,49344.236,True,"[7.60465303, 0.0, -1.69703864, -0.0, 11.60006518, -10.02946028, 0.0, 0.0, 50.1473014]",80.0,0.0,local
1610_34,slab,-330.82761116,38634.988,True,"[15.17827007, 0.0, -2.18442288, 6.31286502, 7.48104976, 5.60728347, 0.0, 0.0, 38.95853175]",80.0,0.0,local
1611_33,slab,-48.54052499,623.666,True,"[4.58172902, 0.0, 0.0, 0.0, 4.58172902, 0.0, 0.0, 0.0, 31.12885486]",10.0,0.0,local
1613_19,slab,-195.24404087,141891.757,True,"[19.53027959, 0.0, 0.0, 5.58007988, 4.83249093, 4.50995916, 0.0, 0.0, 40.58963242]",72.0,0.0045126625,local
1615_1,slab,-253.6727753,135565.84,True,"[16.98007234, 0.0, 0.0, 1.08419571, 4.15141436, 4.08329343, 0.0, 0.0, 40.83293425]",48.0,0.0,local
1615_31,slab,,,False,,,,local
1616_0,slab,-95.63900314,3770.992,True,"[5.76698429, 0.0, 0.0, 2.88349214, 2.88349214, 3.81481127, 0.0, 0.0, 45.77773525]",20.0,0.0,local
1617_1,slab,-180.21752151,37319.257,True,"[4.47437488, 0.0, -4.47437488, 0.0, 10.86694376, -4.47437488, 0.0, 0.0, 40.26937393]",40.0,1.25e-08,local
1620_41,slab,-134.536525,151221.449,True,"[5.50112075, 0.0, 0.0, 0.0, 18.62849032, -12.86399183, 0.0, 0.0, 40.52287842]",72.0,0.07861132916666666,local
1620_84,slab,-102.85537636,54951.766,True,"[10.13071961, 0.0, 0.0, -1.36663611, 9.31424516, -5.50112075, 0.0, 0.0, 38.50784523]",54.0,0.035503614814814816,local
1622_5,slab,-595.39172106,88815.028,True,"[6.07058979, 0.0, 0.0, 0.0, 12.14117958, -6.07058979, 0.0, 0.0, 30.35294895]",64.0,3.75e-08,local
1623_0,slab,-435.36539826,12861.572,True,"[6.24400654, 0.0, -6.24400654, -0.0, 6.24400654, -6.24400654, 0.0, 0.0, 49.95205236]",48.0,1.875e-08,local
1624_29,slab,-151.10701233,63448.825,True,"[13.99697183, 0.0, 0.0, 5.65229914, 6.86779341, 8.30440075, 0.0, 0.0, 41.52200373]",64.0,0.0,local
1624_33,slab,-153.19328161,49481.586,True,"[10.80741175, 0.0, -8.89466536, -0.0, 8.30440075, -4.44733268, 0.0, 0.0, 40.0259941]",64.0,0.0,local
1624_53,slab,-156.99059735,49188.565,True,"[4.44733268, 0.0, 0.0, 0.0, 16.60880149, -10.80741175, 0.0, 0.0, 43.22964698]",64.0,2.03125e-08,local
1628_47,slab,-273.93813477,84801.958,True,"[4.48521764, 0.0, 0.0, 0.0, 14.98966849, -11.33024935, 0.0, 0.0, 45.32099739]",64.0,0.0,local
1631_1,slab,-73.02463645,44436.652,True,"[3.85718293, 0.0, -6.68083681, -0.0, 7.2312878, -4.45389121, 0.0, 0.0, 57.90058571]",25.0,0.0,local
1632_19,slab,-132.17873298,97212.233,True,"[20.48229863, 0.0, 0.0, 5.85208532, 5.06805455, 4.71880576, 0.0, 0.0, 37.75044606]",54.0,0.0,local
1632_29,slab,-87.26987238,33138.144,True,"[4.71880576, 0.0, 0.0, 0.0, 13.40881198, -15.48316241, 0.0, 0.0, 38.70790604]",36.0,9.722222222222222e-08,local
1632_32,slab,-86.24159633,43173.265,True,"[4.71880576, 0.0, 0.0, 0.0, 13.40881198, -15.48316241, 0.0, 0.0, 38.70790604]",36.0,0.02070282777777778,local
1633_21,slab,-179.69832109,19129.161,True,"[5.48704955, 0.0, 0.0, 5.48704955, 5.48704955, 6.52291929, 0.0, 0.0, 45.66043506]",36.0,0.7926088972222222,local
1634_13,slab,-309.36868624,39074.977,True,"[3.99832387, 0.0, 0.0, 0.0, 19.34580277, -3.99832387, 0.0, 0.0, 27.9882671]",60.0,0.0,local
1636_6,slab,-205.29501324,2585.087,True,"[5.73182064, 0.0, 0.0, 0.0, 5.73182064, 0.0, 0.0, 0.0, 28.6591032]",32.0,0.0,local
1638_57,slab,-74.32414104,5080.96,True,"[6.66838832, 0.0, 0.0, 0.0, 5.80924004, 0.0, 0.0, 0.0, 42.23015252]",20.0,0.04440907,local
1640_2,slab,-283.44786145,72170.198,True,"[13.54507183, 0.0, 0.0, 6.77253591, 3.91012543, 3.67178713, 0.0, 0.0, 36.71787129]",36.0,0.0,local
1640_35,slab,-360.58543996,80008.289,True,"[7.82025087, 0.0, 0.0, 3.91012543, 6.77253591, 7.34357426, 0.0, 0.0, 44.06144555]",45.0,0.010347888888888889,local
1640_39,slab,-145.01484058,14790.611,True,"[6.77253591, 0.0, -3.91012543, 0.0, 3.67178713, 0.0, 0.0, 0.0, 39.10125433]",18.0,0.015683977777777778,local
1641_6,slab,-354.19589773,15267.198,True,"[6.28269399, 0.0, 0.0, 0.0, 6.28269399, 0.0, 0.0, 0.0, 31.41346995]",32.0,0.27859060625,local
1643_17,slab,-123.94904333,12528.56,True,"[3.78353604, 0.0, -2.18442555, -0.0, 6.90207447, -4.3688511, 0.0, 0.0, 39.31965991]",24.0,0.0,local
1643_30,slab,-184.561491,17246.456,True,"[7.56707208, 0.0, 0.0, -0.0, 6.90207447, 4.3688511, 0.0, 0.0, 34.95080881]",36.0,8.333333333333334e-09,local
1645_30,slab,-294.80286683,10137.24,True,"[7.93509147, 0.0, 0.0, 3.96754574, 6.87199079, 3.34701923, 0.0, 0.0, 30.12317307]",36.0,0.0,local
1645_32,slab,-295.05802935,14289.355,True,"[7.93509147, 0.0, 0.0, 3.96754574, 6.87199079, 3.34701923, 0.0, 0.0, 30.12317307]",36.0,9.722222222222222e-08,local
1649_10,slab,,,False,,,,local
1650_5,slab,-290.4180504,39172.706,True,"[6.43036909, 0.0, 0.0, 0.0, 12.86073818, -6.43036909, 0.0, 0.0, 32.15184545]",64.0,0.0,local
1652_16,slab,,,False,,,,local
1654_1,slab,-187.93368412,105750.988,True,"[3.880595, 0.0, -6.72138771, -0.0, 20.44970296, -4.48092514, 0.0, 0.0, 53.77110165]",60.0,0.0,local
1657_1,slab,-107.93602392,6757.527,True,"[6.2484168, 0.0, 6.2484168, 6.2484168, 6.2484168, -0.0, 0.0, 0.0, 49.98733442]",36.0,0.0,local
1661_37,slab,-54.30774941,14924.051,True,"[5.14423551, 0.0, 0.0, 0.0, 6.20150446, -5.36246466, 0.0, 0.0, 48.05650057]",24.0,0.0,local
1661_62,slab,-107.71729844,40043.589,True,"[10.44273178, 0.0, -7.85822593, 15.81721906, 8.95352074, -7.51799562, 0.0, 0.0, 40.99228123]",48.0,6.25e-09,local
1661_67,slab,-108.75519842,33531.697,True,"[5.14423551, 0.0, 0.0, 0.0, 18.1755317, -7.51799562, 0.0, 0.0, 32.79382498]",48.0,0.0,local
1662_19,slab,-174.9801808,22525.73,True,"[3.74996293, 0.0, 0.0, 0.0, 12.24953119, -3.74996293, 0.0, 0.0, 29.9997034]",36.0,0.039057888888888885,local
1662_25,slab,-174.09925794,23662.004,True,"[3.74996293, 0.0, 0.0, -0.0, 7.49992585, 6.12476559, 0.0, 0.0, 42.87335916]",36.0,0.0993029,local
1670_35,slab,-178.71195219,24728.616,True,"[7.90467599, 0.0, 0.0, 0.0, 10.62961933, -8.88149849, 0.0, 0.0, 35.52599397]",48.0,0.0,local
1670_60,slab,-122.06771432,5837.002,True,"[4.44074925, 0.0, 0.0, 0.0, 10.62961933, 0.0, 0.0, 0.0, 31.61870398]",32.0,6.25e-09,local
1672_5,slab,-497.78075595,76966.283,True,"[6.16432546, 0.0, 0.0, 0.0, 12.32865093, -6.16432546, 0.0, 0.0, 30.82162732]",64.0,2.2562917515625,local
1674_3,slab,-382.1131916,24197.888,True,"[5.99151755, 0.0, 0.0, -0.0, 5.99151755, 5.99151755, 0.0, 0.0, 41.94062282]",48.0,0.7002652125000001,local
1676_16,slab,-479.53888836,66797.46,True,"[18.21644111, 0.0, 0.0, 5.20469746, 4.50740022, 3.44746566, 0.0, 0.0, 34.47465663]",72.0,0.0,local
1676_2,slab,-299.232544,51541.377,True,"[11.92546004, 0.0, 0.0, 5.96273002, 3.44258378, 3.44746566, 0.0, 0.0, 41.36958795]",45.0,0.0,local
1676_33,slab,-240.01738205,18942.489,True,"[6.88516756, 0.0, 0.0, 3.44258378, 5.96273002, 3.44746566, 0.0, 0.0, 34.47465663]",36.0,0.0,local
1677_7,slab,-164.16885489,11669.751,True,"[3.69861532, 0.0, 0.0, 0.0, 14.20165013, -3.9298669, 0.0, 0.0, 27.50906833]",30.0,2.6666666666666664e-08,local
1684_12,slab,-384.78128694,41240.31,True,"[7.24226291, 0.0, 0.0, 0.0, 7.37464584, -3.68732292, 0.0, 0.0, 33.18590629]",48.0,0.061232666666666664,local
1686_17,slab,-276.86690426,49948.415,True,"[3.945392, 0.0, -3.945392, -0.0, 10.74061958, -7.89078399, 0.0, 0.0, 47.34470394]",50.0,0.09492365400000001,local
1686_3,slab,,,False,,,,local
1688_28,slab,-90.79779955,6081.888,True,"[4.07716708, 0.0, -2.35395351, 0.0, 7.45625623, 0.0, 0.0, 0.0, 32.95534917]",18.0,2.7755555555555557e-05,local
1688_30,slab,-181.83133607,28610.261,True,"[8.15433416, 0.0, 0.0, -0.0, 7.45625623, 4.70790702, 0.0, 0.0, 32.95534917]",36.0,0.0,local
1694_6,slab,-332.21634897,33081.377,True,"[8.7217197, 0.0, -4.36085985, -0.0, 10.16392901, -4.36085985, 0.0, 0.0, 34.88687879]",60.0,0.0,local
1695_14,slab,,,False,,,,local
1696_38,slab,-290.92410127,50481.16,True,"[7.62158158, 0.0, 0.0, 3.81079079, 6.60048326, 7.60349741, 0.0, 0.0, 45.62098447]",45.0,0.0,local
1700_0,slab,-223.80152163,3653.78,True,"[6.02498942, 0.0, -6.02498942, -0.0, 6.02498942, -6.02498942, 0.0, 0.0, 48.19991533]",48.0,0.0,local
1700_1,slab,-216.98307205,3192.725,True,"[6.02498942, 0.0, -6.02498942, -0.0, 6.02498942, -6.02498942, 0.0, 0.0, 48.19991533]",48.0,1.6666666666666667e-08,local
1702_20,slab,-136.58304035,11307.524,True,"[3.13783318, 0.0, 0.0, 0.0, 7.93352322, 0.0, 0.0, 0.0, 28.24049858]",24.0,0.04795786666666666,local
1706_0,slab,-107.39743809,48914.863,True,"[3.95984947, 0.0, -6.85866047, -0.0, 8.43633504, -4.57244031, 0.0, 0.0, 54.86928374]",30.0,0.0,local
1706_14,slab,-127.24613247,74984.685,True,"[3.95984947, 0.0, -2.28622016, -0.0, 16.87267009, -4.57244031, 0.0, 0.0, 32.00708218]",36.0,0.0020420055555555555,local
1708_25,slab,-264.47353361,36051.915,True,"[3.66804316, 0.0, 0.0, 0.0, 13.50551879, -15.59482981, 0.0, 0.0, 38.98707453]",36.0,0.07408097222222222,local
1710_21,slab,-85.66283897,3962.591,True,"[7.96582922, 0.0, 0.0, -0.0, 4.99352713, 4.59907364, 0.0, 0.0, 36.79258913]",18.0,0.0,local
1710_23,slab,-84.81744653,4807.452,True,"[4.59907364, 0.0, 0.0, 4.59907364, 7.96582922, 4.99352713, 0.0, 0.0, 34.95468992]",18.0,0.00021149444444444447,local
1710_9,slab,-113.48822484,7977.448,True,"[4.99352713, 0.0, 0.0, 0.0, 7.96582922, -9.19814728, 0.0, 0.0, 41.39166278]",24.0,0.0,local
1712_9,slab,-203.50988057,36265.697,True,"[4.63139183, 0.0, 0.0, 0.0, 8.54579886, -8.54579886, 0.0, 0.0, 42.72899429]",36.0,0.0,local
1713_10,slab,-438.55561865,107160.837,True,"[2.91428871, 0.0, -2.91428871, -0.0, 17.42162191, -2.91428871, 0.0, 0.0, 37.88575318]",60.0,0.13114008000000002,local
1713_17,slab,,,False,,,,local
1714_52,slab,-381.4406245,21751.789,True,"[6.03063935, 0.0, -3.48179125, 0.0, 8.32921082, 6.9635825, 0.0, 0.0, 48.74507752]",72.0,0.0,local
1718_1,slab,-280.53411722,5419.05,True,"[6.00222918, 0.0, -6.00222918, -0.0, 6.00222918, -6.00222918, 0.0, 0.0, 48.0178334]",48.0,2.2916666666666667e-08,local
1718_6,slab,-186.37546338,2872.984,True,"[6.00222918, 0.0, 0.0, 0.0, 6.00222918, 0.0, 0.0, 0.0, 30.01114588]",32.0,9.375e-09,local
1720_16,slab,-171.63139913,4572.779,True,"[3.19424034, 0.0, 0.0, 0.0, 8.07830149, -3.19424034, 0.0, 0.0, 31.94240337]",24.0,0.0446057875,local
1720_18,slab,-347.08837311,15620.737,True,"[3.19424034, 0.0, 0.0, 0.0, 16.15660297, -3.19424034, 0.0, 0.0, 28.74816303]",48.0,0.0036050062500000003,local
1720_29,slab,,,False,,,,local
1723_16,slab,-238.88225259,38916.341,True,"[4.23281296, 0.0, 4.23281296, 8.46562591, 10.87832783, -0.0, 0.0, 0.0, 42.32812957]",40.0,0.0,local
1726_36,slab,-222.48816292,169141.869,True,"[6.08357801, 0.0, 0.0, 0.0, 14.60300164, -13.14828284, 0.0, 0.0, 46.01898994]",60.0,0.047082195,local
1728_26,slab,-184.32717788,107339.219,True,"[3.62865068, 0.0, -2.09500245, 0.0, 33.2285703, 4.1900049, 0.0, 0.0, 33.52003918]",72.0,0.01470039861111111,local
1731_12,slab,-41.85142276,35507.888,True,"[3.96369403, 0.0, -2.28843982, -0.0, 10.74729728, -4.57687963, 0.0, 0.0, 36.61503704]",18.0,0.0,local
1734_10,slab,-101.73166886,9842.225,True,"[4.5207406, 0.0, 0.0, 0.0, 10.82102397, -4.5207406, 0.0, 0.0, 31.64518421]",30.0,0.0,local
1734_16,slab,-133.01000179,33970.437,True,"[4.5207406, 0.0, -4.5207406, 0.0, 10.82102397, -9.0414812, 0.0, 0.0, 45.20740601]",40.0,3.2565e-05,local
1735_17,slab,-60.28922177,6899.906,True,"[4.2100829, 0.0, 0.0, 0.0, 10.51959895, -4.2100829, 0.0, 0.0, 29.47058028]",24.0,0.05013525,local
1736_20,slab,-188.01014267,44068.064,True,"[4.51841561, 0.0, 0.0, 0.0, 21.76951933, -3.9788227, 0.0, 0.0, 27.8517589]",48.0,0.0,local
1739_11,slab,-247.59895132,13198.444,True,"[6.88125811, 0.0, 0.0, 0.0, 10.29950435, -4.04958969, 0.0, 0.0, 28.34712784]",48.0,2.2916666666666667e-08,local
1739_53,slab,-336.91457178,39575.949,True,"[4.04958969, 0.0, 0.0, 0.0, 13.76251622, -10.29950435, 0.0, 0.0, 41.19801741]",64.0,1.22828125e-05,local
1742_13,slab,,,False,,,,local
1747_1,slab,-343.93249741,10766.785,True,"[6.11665706, 0.0, -6.11665706, -0.0, 6.11665706, -6.11665706, 0.0, 0.0, 48.93325651]",48.0,3.125e-08,local
1748_39,slab,-248.29694147,21879.779,True,"[3.95615254, 0.0, 0.0, -0.0, 19.87621174, 5.54687355, 0.0, 0.0, 27.73436774]",48.0,0.0,local
1749_3,slab,-63.50222993,8702.597,True,"[6.86305688, 0.0, 0.0, 0.0, 6.86305688, -6.86305688, 0.0, 0.0, 48.04139819]",48.0,0.0,local
1750_91,slab,-90.02650271,29013.658,True,"[4.5115313, 0.0, 0.0, 0.0, 15.48183517, -7.27877687, 0.0, 0.0, 36.77134844]",48.0,4.166666666666667e-09,local
1757_17,slab,-348.63955192,41027.876,True,"[19.68969476, 0.0, 0.0, 5.62562707, 4.87193596, 4.10925007, 0.0, 0.0, 36.98325059]",72.0,0.0,local
1757_18,slab,-348.13708632,35390.294,True,"[19.68969476, 0.0, 0.0, 5.62562707, 4.87193596, 4.10925007, 0.0, 0.0, 36.98325059]",72.0,0.0,local
1757_9,slab,-128.32483791,8380.761,True,"[4.10925007, 0.0, 0.0, -0.0, 6.44496547, 11.16300765, 0.0, 0.0, 59.53604083]",27.0,1.2503703703703704e-05,local
1760_13,slab,-301.46702817,14961.595,True,"[3.97987912, 0.0, 0.0, 0.0, 16.40332319, -4.00310187, 0.0, 0.0, 28.02171309]",48.0,0.0,local
1762_48,slab,-315.96419098,34226.258,True,"[7.52546309, 0.0, 0.0, 7.52546309, 13.03448442, 3.94307492, 0.0, 0.0, 27.60152441]",54.0,0.0,local
1765_5,slab,-664.63621754,30237.768,True,"[6.40256734, 0.0, 0.0, 0.0, 12.80513469, -6.40256734, 0.0, 0.0, 32.01283672]",64.0,2.96875e-08,local
1767_14,slab,-155.63906718,13353.596,True,"[3.45786403, 0.0, -1.99639873, -0.0, 9.93414147, -3.99279746, 0.0, 0.0, 35.93517711]",32.0,0.0,local
1767_15,slab,-155.48692052,13914.338,True,"[3.45786403, 0.0, -1.99639873, -0.0, 9.93414147, -3.99279746, 0.0, 0.0, 35.93517711]",32.0,0.0,local
1770_17,slab,-47.53072412,2355.305,True,"[4.1917931, 0.0, 0.0, 0.0, 7.12320967, -4.1917931, 0.0, 0.0, 33.53434477]",18.0,0.0,local
1772_5,slab,-483.90084197,26424.909,True,"[6.51120905, 0.0, 0.0, 0.0, 13.02241811, -6.51120905, 0.0, 0.0, 32.55604527]",64.0,7.8125e-09,local
1776_1,slab,,,False,,,,local
1777_10,slab,-219.72907075,7711.211,True,"[3.72699825, 0.0, 0.0, 0.0, 9.60608552, -3.72699825, 0.0, 0.0, 29.81598602]",30.0,6.086333333333334e-05,local
1779_10,slab,-326.8336816,133041.613,True,"[14.33385181, 0.0, 0.0, 0.0, 7.46422631, -3.73211316, 0.0, 0.0, 29.85690524]",60.0,0.36103858166666664,local
1786_21,slab,,,False,,,,local
1786_29,slab,-82.33886783,17512.807,True,"[6.25373402, 0.0, 0.0, 0.0, 12.63387445, -6.25373402, 0.0, 0.0, 31.26867012]",28.0,0.0,local
1789_2,slab,-289.54586144,26847.681,True,"[13.61082362, 0.0, 0.0, 6.80541181, 3.92910634, 3.28822981, 0.0, 0.0, 32.88229813]",36.0,0.016131652777777776,local
1791_4,slab,-243.74087506,9731.455,True,"[10.04346978, 0.0, 0.0, 0.0, 4.10264247, -4.10264247, 0.0, 0.0, 41.02642472]",40.0,0.0,local
1792_28,slab,-153.33352707,47758.097,True,"[3.45506639, 0.0, 0.0, 0.0, 12.846575, -14.83394707, 0.0, 0.0, 51.91881474]",54.0,0.0,local
1797_15,slab,-195.31762206,8778.146,True,"[4.04252067, 0.0, 0.0, 0.0, 14.20695805, -4.04252067, 0.0, 0.0, 28.29764467]",42.0,0.0,local
1797_2,slab,-260.06891762,13775.752,True,"[4.04252067, 0.0, 4.04252067, 4.04252067, 14.20695805, 0.0, 0.0, 0.0, 40.42520667]",56.0,0.0,local
1798_1,slab,-315.12475037,5289.914,True,"[6.01613286, 0.0, -6.01613286, 0.0, 6.01613286, -6.01613286, 0.0, 0.0, 48.12906286]",48.0,0.0,local
1798_5,slab,-420.01259838,12146.02,True,"[6.01613286, 0.0, 0.0, 0.0, 12.03226571, -6.01613286, 0.0, 0.0, 30.08066429]",64.0,0.0,local
1799_16,slab,-177.43529201,41093.216,True,"[4.22768271, 0.0, 0.0, 0.0, 13.70036542, -4.22768271, 0.0, 0.0, 29.593779]",42.0,2.380952380952381e-09,local
1799_20,slab,-116.93511581,13159.31,True,"[4.22768271, 0.0, 0.0, -0.0, 8.45536543, 6.85018271, 0.0, 0.0, 34.25091354]",28.0,3.571428571428571e-08,local
1802_6,slab,-135.63369372,4601.486,True,"[6.79101015, 0.0, 0.0, 0.0, 6.79101015, 0.0, 0.0, 0.0, 33.95505075]",32.0,9.375e-09,local
1803_37,slab,-133.64039105,6324.885,True,"[6.92134167, 0.0, -3.99603848, 0.0, 3.50024308, 0.0, 0.0, 0.0, 39.96038475]",18.0,1.8722222222222222e-06,local
1803_46,slab,-394.35609058,80586.22,True,"[7.99207695, 0.0, 0.0, 7.99207695, 13.84268334, 3.50024308, 0.0, 0.0, 28.00194464]",54.0,3.4814814814814814e-07,local
1810_32,slab,-156.91177619,12555.496,True,"[5.83122635, 0.0, 0.0, 5.83122635, 10.09998031, 4.29629231, 0.0, 0.0, 30.07404617]",36.0,0.0,local
1810_33,slab,-157.25253234,29279.255,True,"[5.83122635, 0.0, 0.0, 5.83122635, 10.09998031, 4.29629231, 0.0, 0.0, 30.07404617]",36.0,0.0,local
1811_5,slab,-529.54661651,54248.417,True,"[6.5030402, 0.0, 0.0, 0.0, 13.0060804, -6.5030402, 0.0, 0.0, 32.51520101]",64.0,8.9375e-07,local
1817_0,slab,-138.83197924,16172.122,True,"[6.68409821, 0.0, -6.68409821, -0.0, 6.68409821, -6.68409821, 0.0, 0.0, 46.78868747]",48.0,1.6666666666666667e-08,local
1820_49,slab,-277.81308504,25088.764,True,"[7.05826582, 0.0, 0.0, 7.05826582, 12.22527501, 4.20025186, 0.0, 0.0, 29.40176299]",54.0,0.03568455925925926,local
1824_6,slab,-211.11491308,5743.615,True,"[6.20995162, 0.0, 0.0, 0.0, 6.20995162, 0.0, 0.0, 0.0, 31.0497581]",32.0,9.0625e-08,local
1825_32,slab,-264.73256949,106742.411,True,"[4.85109087, 0.0, 0.0, 0.0, 21.74646531, -5.74793331, 0.0, 0.0, 34.86888697]",60.0,0.0,local
1825_33,slab,-263.77094036,105576.278,True,"[4.85109087, 0.0, 0.0, 0.0, 21.74646531, -5.74793331, 0.0, 0.0, 34.86888697]",60.0,0.0,local
1825_7,slab,-260.3697753,141018.038,True,"[4.98126957, 0.0, 4.85109087, 5.74793331, 21.74646531, 0.0, 0.0, 0.0, 38.80872699]",60.0,0.0,local
1832_63,slab,-60.71330435,6321.284,True,"[4.51572888, 0.0, 0.0, 0.0, 10.70031932, 0.49136958, 0.0, 0.0, 32.00380335]",24.0,4.166666666666667e-09,local
1832_73,slab,-184.28705151,93323.431,True,"[7.38341564, 0.0, 0.0, 14.70361853, 15.46036559, 4.51572888, 0.0, 0.0, 31.61010217]",72.0,0.0,local
1836_22,slab,-259.17190951,28207.686,True,"[3.91906106, 0.0, 0.0, 0.0, 14.34562432, -3.91906106, 0.0, 0.0, 27.43342744]",36.0,0.6721956527777777,local
1836_26,slab,-261.85123445,24469.231,True,"[5.54238931, 0.0, 0.0, 5.54238931, 5.54238931, 7.17281216, 0.0, 0.0, 50.20968512]",36.0,0.6355100333333333,local
1836_5,slab,-345.50165018,61282.439,True,"[3.91906106, 0.0, -3.91906106, 0.0, 14.34562432, -3.91906106, 0.0, 0.0, 39.19061063]",48.0,0.7548883083333333,local
1837_1,slab,-315.67677746,19278.657,True,"[5.54823588, 0.0, 5.54823588, 5.54823588, 5.54823588, -0.0, 0.0, 0.0, 49.93412296]",64.0,0.0,local
1840_28,slab,-369.67463333,55191.432,True,"[10.21338402, 0.0, 0.0, 3.59362938, 7.77766428, 5.28291979, 0.0, 0.0, 36.98043854]",72.0,1.3888888888888888e-09,local
1840_2,slab,-247.25144569,15553.816,True,"[9.27155083, 0.0, -4.2838719, -0.0, 5.28291979, -4.2838719, 0.0, 0.0, 38.55484711]",48.0,0.0,local
1844_5,slab,-342.75607834,99257.889,True,"[8.18618991, 0.0, -4.09309496, -0.0, 12.99970945, -4.09309496, 0.0, 0.0, 32.74475965]",60.0,0.0,local
1845_4,slab,,,False,,,,local
1845_7,slab,-314.98214452,83058.0,True,"[6.2248182, 0.0, 0.0, 0.0, 12.44963641, -6.2248182, 0.0, 0.0, 31.12409102]",48.0,0.03764047291666667,local
1846_3,slab,-338.71720211,24594.738,True,"[6.22780231, 0.0, 0.0, -0.0, 6.22780231, 6.22780231, 0.0, 0.0, 43.59461616]",48.0,4.166666666666667e-09,local
1847_1,slab,-216.22424378,11324.47,True,"[6.0316567, 0.0, -6.0316567, -0.0, 6.0316567, -6.0316567, 0.0, 0.0, 48.25325362]",48.0,1.4583333333333333e-08,local
1850_6,slab,-93.87190597,6952.805,True,"[6.10634239, 0.0, 0.0, 0.0, 6.10634239, 0.0, 0.0, 0.0, 30.53171196]",32.0,1.25e-08,local
1852_30,slab,-223.86221486,30967.644,True,"[4.21175569, 0.0, 0.0, 0.0, 16.53228946, -5.3709771, 0.0, 0.0, 26.85488552]",40.0,1e-08,local
1854_14,slab,-278.5982502,82941.453,True,"[4.21225103, 0.0, 0.0, 0.0, 20.58472415, -4.21225103, 0.0, 0.0, 29.48575724]",60.0,0.0,local
1856_20,slab,-115.73594281,14406.684,True,"[4.14107228, 0.0, 0.0, -0.0, 8.28214456, 6.64066826, 0.0, 0.0, 33.20334132]",28.0,7.392857142857142e-07,local
1860_63,slab,-105.86461938,7555.101,True,"[3.2630984, 0.0, 0.0, -0.0, 8.59753208, 7.45626103, 0.0, 0.0, 37.28130513]",24.0,0.0,local
1867_0,slab,-76.56406332,4044.337,True,"[3.99182801, 0.0, -3.99182801, -0.0, 4.1364069, -3.99182801, 0.0, 0.0, 47.90193607]",20.0,3e-08,local
1869_51,slab,-64.34256841,3519.203,True,"[4.6502823, 0.0, 0.0, 0.0, 6.88509796, -2.78902066, 0.0, 0.0, 34.58757442]",18.0,0.0,local
1870_22,slab,-226.23876528,46533.574,True,"[9.62132039, 0.0, 0.0, 0.0, 6.47651105, -4.04291875, 0.0, 0.0, 32.34335002]",48.0,0.0,local
1872_19,slab,-65.8007663,1567.515,True,"[3.94086201, 0.0, 0.0, 0.0, 3.94086201, 0.0, 0.0, 0.0, 32.20057907]",10.0,0.7193430000000001,local
1872_1,slab,-262.1749432,69498.169,True,"[3.94086201, 0.0, -3.94086201, -0.0, 10.73352636, -3.94086201, 0.0, 0.0, 39.40862012]",40.0,0.8937264575,local
1877_5,slab,-360.08623794,13877.173,True,"[7.70790601, 0.0, -3.853953, 0.0, 8.59861093, -3.853953, 0.0, 0.0, 34.68557702]",64.0,0.0,local
1879_0,slab,-202.72865943,24880.318,True,"[6.50976234, 0.0, -6.50976234, -0.0, 6.50976234, -6.50976234, 0.0, 0.0, 45.56833637]",48.0,0.0,local
1880_6,slab,-372.87141029,59001.58,True,"[8.4087645, 0.0, -4.20438225, -0.0, 11.39044184, -4.20438225, 0.0, 0.0, 33.63505799]",60.0,0.05967495666666667,local
1886_40,slab,-62.90835589,1390.292,True,"[4.37514076, 0.0, 0.0, -2.18757038, 3.78898304, 0.0, 0.0, 0.0, 33.98854106]",12.0,0.0708321,local
1886_7,slab,-245.89655924,82206.416,True,"[7.57796609, 0.0, -8.75028152, -0.0, 6.79770821, -4.37514076, 0.0, 0.0, 43.75140761]",48.0,0.0,local
1890_3,slab,-100.25862287,16024.996,True,"[6.24272486, 0.0, 0.0, -0.0, 6.24272486, 6.24272486, 0.0, 0.0, 43.69907405]",48.0,0.0,local
1896_15,slab,-109.40267639,12803.554,True,"[3.92060922, 0.0, -2.26356479, 0.0, 17.14933915, -4.52712958, 0.0, 0.0, 31.68990707]",24.0,0.050916120833333335,local
1898_6,slab,-312.7087544,15161.848,True,"[6.0432591, 0.0, 0.0, 0.0, 6.0432591, 0.0, 0.0, 0.0, 30.2162955]",32.0,0.182251725,local
1900_57,slab,-344.5058441,123839.995,True,"[20.35166246, 0.0, 5.72924555, 12.26592012, 7.94737861, 0.0, 0.0, 0.0, 28.64622776]",80.0,0.0,local
1902_30,slab,-98.66181876,5895.35,True,"[3.77561824, 0.0, -2.17985421, 0.0, 6.72735841, 0.0, 0.0, 0.0, 30.51795887]",18.0,0.05856057222222222,local
1907_12,slab,-143.82523405,18499.94,True,"[4.28375943, 0.0, -2.47322966, -0.0, 12.21963786, -4.94645932, 0.0, 0.0, 34.62521523]",54.0,0.0,local
1911_5,slab,-377.292531,49045.091,True,"[6.01489151, 0.0, 0.0, 0.0, 12.02978302, -6.01489151, 0.0, 0.0, 30.07445755]",64.0,1.13100583125,local
1912_9,slab,-158.03878678,1986.516,True,"[3.09740464, 0.0, 0.0, 0.0, 6.22650911, -3.09740464, 0.0, 0.0, 30.97404636]",16.0,2.05625e-06,local
1920_36,slab,-88.98957066,7919.137,True,"[7.34008169, 0.0, 0.0, 0.0, 7.34008169, 0.0, 0.0, 0.0, 27.76131765]",28.0,0.0,local
1927_5,slab,-439.64465967,36714.389,True,"[6.55425303, 0.0, 0.0, 0.0, 13.10850607, -6.55425303, 0.0, 0.0, 32.77126517]",64.0,0.0,local
1929_0,slab,-477.20105134,68671.059,True,"[21.08895937, 0.0, 0.0, 0.70540482, 3.79192004, 3.828419, 0.0, 0.0, 38.28418997]",80.0,0.0,local
1933_25,slab,-213.01566553,12821.583,True,"[4.20233533, 0.0, 0.0, 0.0, 23.2148867, -4.20233533, 0.0, 0.0, 29.41634731]",60.0,0.0,local
1936_1,slab,-165.93885261,91951.544,True,"[6.22306744, 0.0, 6.22306744, 6.22306744, 12.20208945, 0.0, 0.0, 0.0, 43.56147205]",48.0,0.04212224791666667,local
1938_14,slab,-198.74013593,35365.26,True,"[3.70402085, 0.0, -2.13851743, -0.0, 15.80265024, -4.27703487, 0.0, 0.0, 34.21627894]",36.0,3.3333333333333335e-07,local
1938_20,slab,-134.71423145,7838.755,True,"[4.27703487, 0.0, 0.0, 4.27703487, 7.4080417, 7.90132512, 0.0, 0.0, 39.5066256]",24.0,0.0,local
1938_3,slab,-264.54406701,100562.375,True,"[7.4080417, 0.0, -8.55406974, -0.0, 7.90132512, -4.27703487, 0.0, 0.0, 42.77034868]",48.0,0.0,local
1940_23,slab,,,False,,,,local
1942_6,slab,-269.53089174,6785.835,True,"[6.38891556, 0.0, 0.0, 0.0, 6.38891556, 0.0, 0.0, 0.0, 31.9445778]",32.0,0.102384084375,local
1944_13,slab,-232.45298554,37563.204,True,"[3.35593405, 0.0, 0.0, 0.0, 14.31172228, -7.15586114, 0.0, 0.0, 35.77930569]",40.0,5e-09,local
1949_72,slab,-529.66751736,101917.044,True,"[3.95529759, 0.0, 0.0, -0.0, 17.31866707, 18.96326639, 0.0, 0.0, 47.2052083]",80.0,0.02514504,local
1949_74,slab,-527.88216502,89390.999,True,"[3.95529759, 0.0, 0.0, -0.0, 17.31866707, 18.96326639, 0.0, 0.0, 47.2052083]",80.0,0.01945789,local
1951_5,slab,-399.77884909,57804.755,True,"[5.99386977, 0.0, 0.0, 0.0, 11.98773954, -5.99386977, 0.0, 0.0, 29.96934886]",64.0,3.93578125e-05,local
1953_27,slab,-193.23957897,53244.953,True,"[18.72502592, 0.0, 0.0, 0.0, 4.58865811, 0.0, 0.0, 0.0, 32.58716324]",48.0,2.0833333333333334e-09,local
1953_8,slab,-190.41558142,47177.377,True,"[4.58865811, 0.0, 0.0, 0.0, 18.72502592, -4.65530903, 0.0, 0.0, 32.58716324]",48.0,2.0833333333333334e-09,local
1954_13,slab,-142.72057509,21935.45,True,"[3.99291973, 0.0, -2.30531328, 0.0, 18.42539026, -4.61062656, 0.0, 0.0, 32.27438592]",36.0,5.555555555555555e-09,local
1956_17,slab,-194.09312072,26262.368,True,"[4.05931644, 0.0, 4.05931644, 8.11863289, 10.39041843, -0.0, 0.0, 0.0, 40.59316443]",40.0,0.0,local
1960_37,slab,-151.71320593,37908.837,True,"[5.50220602, 0.0, 0.0, -0.05593796, 13.34384292, -3.84374989, 0.0, 0.0, 30.74999913]",36.0,0.0,local
1967_46,slab,-519.12489962,66958.184,True,"[11.30216511, 0.0, 0.0, 0.0, 6.52530807, -3.8226062, 0.0, 0.0, 34.40345584]",72.0,0.7778359083333333,local
1968_2,slab,-257.09539946,67623.838,True,"[7.5490999, 0.0, -7.5490999, 0.0, 15.09819981, -7.5490999, 0.0, 0.0, 37.74549952]",64.0,0.0791765984375,local
1971_6,slab,-104.38464471,30738.575,True,"[10.48653701, 0.0, 0.0, 0.0, 7.95528359, -4.02473584, 0.0, 0.0, 32.1978867]",30.0,0.039542963333333334,local
1974_19,slab,-163.4086504,29474.771,True,"[3.63636517, 0.0, -2.09945641, -0.0, 15.88542878, -4.19891282, 0.0, 0.0, 33.59130259]",48.0,1.9354166666666664e-06,local
1974_23,slab,-164.04017805,19752.075,True,"[7.27273035, 0.0, 0.0, -0.0, 7.94271439, 4.19891282, 0.0, 0.0, 33.59130259]",48.0,0.013139835416666667,local
1975_5,slab,-241.00576365,14516.504,True,"[6.11367313, 0.0, 0.0, -0.0, 6.11367313, 6.11367313, 0.0, 0.0, 42.79571191]",36.0,0.0,local
1977_15,slab,-540.30867204,94475.8,True,"[18.28183918, 0.0, 0.0, 5.22338262, 4.52358204, 3.38701008, 0.0, 0.0, 33.87010081]",72.0,0.0,local
1977_2,slab,-337.15548944,37314.161,True,"[11.96827313, 0.0, 0.0, 5.98413656, 3.45494286, 3.38701008, 0.0, 0.0, 40.64412097]",45.0,8.888888888888889e-09,local
1977_34,slab,-338.49854822,30424.157,True,"[6.90988571, 0.0, 0.0, 3.45494286, 5.98413656, 6.77402016, 0.0, 0.0, 40.64412097]",45.0,8.888888888888889e-09,local
1979_6,slab,-184.50211101,59942.95,True,"[6.56032537, 0.0, -11.36281685, -0.0, 9.32316695, -7.57521123, 0.0, 0.0, 60.60168987]",54.0,1.8518518518518518e-09,local
1980_6,slab,-194.08175319,4263.894,True,"[6.56300618, 0.0, 0.0, 0.0, 6.56300618, 0.0, 0.0, 0.0, 32.81503092]",32.0,6.421875e-05,local
1981_1,slab,-132.10622592,37139.846,True,"[5.00187607, 0.0, 4.94108642, 5.23937359, 11.0168253, 0.0, 0.0, 0.0, 39.5286914]",30.0,0.0,local
1983_13,slab,-172.69462761,21392.864,True,"[6.26450645, 0.0, -0.13116357, 0.0, 7.62589667, -5.32233941, 0.0, 0.0, 37.2563759]",36.0,4.646388888888889e-05,local
1983_38,slab,-169.81775408,25686.836,True,"[5.32233941, 0.0, 0.0, -0.26232713, 12.52901291, -3.81294833, 0.0, 0.0, 30.50358667]",36.0,0.046769947222222226,local
1985_46,slab,-381.60543473,65941.816,True,"[6.49796678, 0.0, 0.0, 6.49796678, 11.25480862, 3.64228391, 0.0, 0.0, 29.13827126]",54.0,1.2321599833333334,local
1988_53,slab,-105.90681961,1323.352,True,"[4.03239372, 0.0, 0.0, 0.0, 3.97320275, 0.0, 0.0, 0.0, 32.53663123]",16.0,3.875e-07,local
1988_9,slab,-314.95171685,18444.74,True,"[3.97320275, 0.0, 0.0, 0.0, 16.26831562, -4.03239372, 0.0, 0.0, 28.22675606]",48.0,0.0231941125,local
1989_30,slab,-173.46132022,21283.895,True,"[7.65650772, 0.0, -0.0, 0.0, 6.89913342, 4.4204868, 0.0, 0.0, 35.36389437]",36.0,0.0,local
1989_8,slab,-231.31383006,58863.912,True,"[7.65650772, 0.0, -8.84097359, -0.0, 6.89913342, -4.4204868, 0.0, 0.0, 44.20486796]",48.0,0.0,local
1992_16,slab,-402.15347234,106796.202,True,"[20.64900515, 0.0, 0.0, 5.89971576, 5.10930372, 3.94754867, 0.0, 0.0, 35.52793801]",72.0,0.0,local
1992_42,slab,-99.61361515,7623.225,True,"[6.75897351, 0.0, -3.90229517, 0.0, 3.94754867, 0.0, 0.0, 0.0, 39.02295174]",18.0,0.0,local
1992_43,slab,-100.32914164,3994.09,True,"[6.75897351, 0.0, -3.90229517, 0.0, 3.94754867, 0.0, 0.0, 0.0, 39.02295174]",18.0,1.111111111111111e-08,local
1994_5,slab,-108.48913026,82417.976,True,"[12.0642992, 0.0, -5.25299787, 0.0, 7.34077505, -5.25299787, 0.0, 0.0, 36.77098511]",36.0,0.005002419444444444,local
1995_1,slab,-168.09811719,13762.166,True,"[10.26092071, 0.0, 0.0, 5.13046036, 5.13046036, 3.8283151, 0.0, 0.0, 34.45483592]",40.0,1e-08,local
1995_24,slab,-84.24316004,3597.553,True,"[7.25556662, 0.0, 0.0, 0.0, 3.8283151, 0.0, 0.0, 0.0, 36.27783309]",20.0,5.5e-08,local
1996_3,slab,-118.73322087,28080.987,True,"[6.72952774, 0.0, 0.0, 0.0, 6.72952774, -6.72952774, 0.0, 0.0, 47.10669416]",48.0,0.0,local
2001_20,slab,-134.15456618,5609.232,True,"[4.07066314, 0.0, 0.0, -0.0, 8.14132628, 7.16628235, 0.0, 0.0, 35.83141173]",28.0,0.0,local
2004_25,slab,-311.72783422,150866.003,True,"[4.60093206, 0.0, 0.0, 0.0, 20.67207855, -4.60093206, 0.0, 0.0, 32.20652445]",60.0,0.0,local
2006_6,slab,-263.69964225,14733.678,True,"[6.35635388, 0.0, 0.0, 0.0, 6.35635388, 0.0, 0.0, 0.0, 31.7817694]",32.0,1.127316115625,local
2008_4,slab,-254.09430346,47703.205,True,"[13.70069073, 0.0, 0.0, 6.85034537, 3.95504874, 3.70751796, 0.0, 0.0, 37.07517963]",36.0,0.08112616666666667,local
2013_39,slab,-165.20536991,41564.629,True,"[6.04586504, 0.0, 0.0, -0.0, 10.15237032, 10.83070867, 0.0, 0.0, 42.02120039]",40.0,0.0,local
2013_57,slab,-335.44653012,124243.453,True,"[8.40424008, 0.0, 0.0, 4.85293719, 20.30474063, 6.04586504, 0.0, 0.0, 30.22932521]",80.0,0.0,local
2015_26,slab,-388.68609187,112136.683,True,"[3.26742935, 0.0, 0.0, 0.0, 12.67268391, -14.63315494, 0.0, 0.0, 51.21604229]",54.0,0.0032324222222222224,local
2015_39,slab,-129.73936013,5578.749,True,"[6.33634196, 0.0, -3.65828873, 0.0, 3.26742935, 0.0, 0.0, 0.0, 36.58288735]",18.0,0.0,local
2018_35,slab,-362.25508861,53927.801,True,"[7.75720435, 0.0, 0.0, 3.87860218, 6.71793603, 6.66639705, 0.0, 0.0, 39.99838228]",45.0,4.8888888888888894e-08,local
2018_3,slab,-284.25717975,35588.265,True,"[13.43587206, 0.0, 0.0, 6.71793603, 3.87860218, 3.33319852, 0.0, 0.0, 33.33198523]",36.0,1.1666666666666665e-07,local
2019_27,slab,-478.43708429,60985.137,True,"[3.24419129, 0.0, 0.0, 0.0, 11.80060069, -13.62615996, 0.0, 0.0, 47.69155988]",54.0,2.0370370370370373e-08,local
2019_38,slab,-159.35500942,1990.674,True,"[5.90030034, 0.0, -3.40653999, 0.0, 3.24419129, 0.0, 0.0, 0.0, 34.06539991]",18.0,1.111111111111111e-08,local
2019_4,slab,-400.74641047,31454.201,True,"[11.80060069, 0.0, 0.0, 5.90030034, 3.40653999, 3.24419129, 0.0, 0.0, 38.93029549]",45.0,2.7088888888888886e-06,local
2024_0,slab,-346.50979906,14512.545,True,"[5.92097313, 0.0, -5.92097313, -0.0, 5.92097313, -5.92097313, 0.0, 0.0, 47.36778505]",48.0,0.005423689583333333,local
2026_18,slab,-303.52676164,37681.238,True,"[3.9535179, 0.0, -2.28256462, -0.0, 18.20968443, -4.56512924, 0.0, 0.0, 31.95590471]",48.0,0.0,local
2027_28,slab,-361.57488865,95797.98,True,"[3.84650007, 0.0, 0.0, 0.0, 11.63927445, -13.43987647, 0.0, 0.0, 47.03956764]",54.0,0.0,local
2027_35,slab,-240.56878282,25304.242,True,"[6.71993823, 0.0, 0.0, 3.35996912, 5.81963722, 3.84650007, 0.0, 0.0, 34.61850066]",36.0,0.0,local
2027_43,slab,-356.61985353,55969.122,True,"[11.63927445, 0.0, 0.0, 0.0, 6.71993823, -3.84650007, 0.0, 0.0, 30.77200059]",54.0,0.0,local
2029_31,slab,-267.79405976,58839.211,True,"[4.2196676, 0.0, 0.0, 0.0, 12.15968746, -14.04079765, 0.0, 0.0, 49.14279178]",54.0,0.03235419814814815,local
2033_44,slab,-428.24528439,133008.448,True,"[15.52150539, 0.0, 0.0, 1.91451622, 7.46772892, 3.79111752, 0.0, 0.0, 30.32894016]",72.0,0.0,local
2036_5,slab,-422.13956621,103365.72,True,"[12.529781, 0.0, 0.0, 6.2648905, 3.61703622, 6.84225997, 0.0, 0.0, 58.1592097]",63.0,1.5873015873015873e-09,local
2042_30,slab,-122.73932654,37007.448,True,"[3.74982801, 0.0, -2.16496421, -0.0, 13.10285113, -8.65985685, 0.0, 0.0, 38.96935585]",40.0,0.0,local
2044_5,slab,-239.05199207,27346.795,True,"[5.40603621, 0.0, -2.70301811, 0.0, 7.35760129, -2.70301811, 0.0, 0.0, 32.43621729]",40.0,0.8509797474999999,local
2046_14,slab,-547.19714992,115207.033,True,"[18.51052338, 0.0, 0.0, 5.28872096, 4.58016671, 3.47429434, 0.0, 0.0, 34.74294344]",72.0,0.0,local
2046_35,slab,-341.46373165,48559.872,True,"[6.99632021, 0.0, 0.0, 3.49816011, 6.05899104, 6.94858869, 0.0, 0.0, 41.69153213]",45.0,0.0,local
2046_8,slab,-476.81372478,131173.555,True,"[12.11798208, 0.0, 0.0, 6.05899104, 3.49816011, 6.94858869, 0.0, 0.0, 59.06300385]",63.0,1.5873015873015873e-09,local
2048_23,slab,-91.28792924,16553.962,True,"[10.15741912, 0.0, 0.0, 0.0, 5.92266596, 0.0, 0.0, 0.0, 30.61008155]",32.0,0.03022413125,local
2054_5,slab,-399.31222496,44060.412,True,"[6.62028034, 0.0, 0.0, 0.0, 13.24056068, -6.62028034, 0.0, 0.0, 33.10140169]",64.0,0.0,local
2055_15,slab,-282.56800251,151568.07,True,"[9.70157687, 0.0, -4.28641769, -3.33817296, 10.57911213, -8.42568608, 0.0, 0.0, 42.50983803]",80.0,0.0,local
2055_16,slab,-285.0614783,117148.993,True,"[9.70157687, 0.0, -4.28641769, -3.33817296, 10.57911213, -8.42568608, 0.0, 0.0, 42.50983803]",80.0,3.75e-09,local
2055_66,slab,-70.55196387,8752.937,True,"[4.25095545, 0.0, -0.01552612, -2.09343332, 5.28955607, -6.51227238, 0.0, 0.0, 43.65738712]",20.0,0.0,local
2056_20,slab,-163.38304574,19530.251,True,"[3.746183, 0.0, 0.0, 0.0, 14.93816708, -7.492366, 0.0, 0.0, 29.96946401]",30.0,0.48847468666666666,local
2057_13,slab,-122.3895875,14766.363,True,"[4.04908058, 0.0, 0.0, -0.0, 6.69453896, 11.59528162, 0.0, 0.0, 54.11131422]",27.0,0.0,local
2057_18,slab,-330.97781928,115184.435,True,"[20.45215436, 0.0, 0.0, 5.84347268, 5.06059578, 4.04908058, 0.0, 0.0, 36.44172526]",72.0,0.0,local
2059_28,slab,-26.83044683,436.689,True,"[4.56292803, 0.0, 0.0, -2.28146401, 3.95161159, 0.0, 0.0, 0.0, 31.08218808]",10.0,9.010999999999999e-05,local
2059_3,slab,-138.25117148,63112.596,True,"[3.95161159, 0.0, -6.84439204, 0.0, 15.54109404, -4.56292803, 0.0, 0.0, 54.75513633]",50.0,0.0,local
2060_0,slab,-363.81158315,17577.328,True,"[6.01771697, 0.0, -6.01771697, -0.0, 6.01771697, -6.01771697, 0.0, 0.0, 48.14173574]",48.0,5.625e-07,local
2061_24,slab,-77.46854144,12885.526,True,"[3.89981749, 0.0, -2.25156068, 0.0, 7.25291217, -4.50312136, 0.0, 0.0, 36.02497085]",18.0,1.111111111111111e-08,local
2061_27,slab,-77.83167586,6158.521,True,"[3.89981749, 0.0, -2.25156068, 0.0, 7.25291217, -4.50312136, 0.0, 0.0, 36.02497085]",18.0,1.111111111111111e-08,local
2061_33,slab,-156.12417023,29705.583,True,"[3.89981749, 0.0, -2.25156068, -0.0, 14.50582434, -4.50312136, 0.0, 0.0, 31.52184949]",36.0,2.5336111111111112e-05,local
2066_2,slab,-306.37805476,26703.722,True,"[4.05682565, 0.0, -4.05682565, 0.0, 14.29877669, -4.05682565, 0.0, 0.0, 40.56825645]",56.0,0.0,local
2068_13,slab,-359.70536167,53917.289,True,"[7.78669766, 0.0, -3.89334883, -0.0, 15.11855735, -3.89334883, 0.0, 0.0, 31.14679066]",72.0,2.5e-08,local
2069_23,slab,,,False,,,,local
2069_28,slab,-149.09861251,57651.638,True,"[5.10837895, 0.0, -5.10837895, -0.0, 11.30073749, -10.21675789, 0.0, 0.0, 45.97541051]",40.0,0.0,local
2070_17,slab,-208.6230593,19187.961,True,"[7.39256232, 0.0, 0.0, -0.0, 7.39256232, 3.72921085, 0.0, 0.0, 33.56289765]",40.0,7.5e-09,local
2071_0,slab,-303.82987982,49698.987,True,"[6.94259384, 0.0, -6.94259384, -0.0, 6.94259384, -6.94259384, 0.0, 0.0, 48.59815687]",48.0,0.046039975000000004,local
2071_6,slab,-206.8568154,5794.442,True,"[6.94259384, 0.0, 0.0, 0.0, 6.94259384, 0.0, 0.0, 0.0, 34.7129692]",32.0,8.4375e-08,local
2072_0,slab,-188.14982654,20363.736,True,"[6.61252557, 0.0, -6.61252557, -0.0, 6.61252557, -6.61252557, 0.0, 0.0, 46.28767902]",48.0,0.0,local
2075_24,slab,-166.92535518,3059.779,True,"[3.50847862, 0.0, 0.0, -0.0, 7.96050373, -7.01695725, 0.0, 0.0, 35.08478624]",24.0,0.07267947083333333,local
2076_1,slab,-233.84328688,6508.167,True,"[6.35625472, 0.0, -6.35625472, -0.0, 6.35625472, -6.35625472, 0.0, 0.0, 50.85003772]",36.0,2.7777777777777776e-09,local
2079_5,slab,-151.72242712,26546.3,True,"[10.23483629, 0.0, -5.07425902, -0.0, 7.1331809, -5.07425902, 0.0, 0.0, 35.51981315]",72.0,0.0,local
2081_3,slab,-373.38160817,22266.164,True,"[6.25046702, 0.0, 0.0, -0.0, 6.25046702, 6.25046702, 0.0, 0.0, 43.75326911]",48.0,0.0,local
2082_41,slab,-133.62924815,38837.411,True,"[4.11438007, 0.0, 0.0, -0.0, 16.33964442, 10.89311407, 0.0, 0.0, 43.57245627]",40.0,0.016207805,local
2082_5,slab,-99.20822003,14131.002,True,"[10.89311407, 0.0, 0.0, 0.0, 8.16982221, -4.11438007, 0.0, 0.0, 32.91504054]",30.0,1.997e-05,local
2085_6,slab,-46.0291945,1697.236,True,"[6.86497691, 0.0, 0.0, 0.0, 6.86497691, 0.0, 0.0, 0.0, 34.32488456]",32.0,0.0,local
2088_6,slab,-245.42991585,4704.206,True,"[6.43667316, 0.0, 0.0, 0.0, 6.43667316, 0.0, 0.0, 0.0, 32.18336579]",32.0,7.5e-08,local
2090_16,slab,-148.44748403,10462.24,True,"[4.14506349, 0.0, 0.0, 0.0, 11.92054456, 0.0, 0.0, 0.0, 29.01544441]",30.0,0.0,local
2092_5,slab,-146.32365511,35566.879,True,"[4.59738518, 0.0, -4.45200677, -0.0, 11.4869898, -4.45200677, 0.0, 0.0, 40.0680609]",64.0,0.0,local
2097_1,slab,-285.11804714,6101.009,True,"[5.80230296, 0.0, -5.80230296, 0.0, 5.80230296, -5.80230296, 0.0, 0.0, 46.41842367]",48.0,1.875e-08,local
2098_2,slab,-139.15096951,43029.224,True,"[10.93213201, 0.0, -4.61367432, -0.0, 7.74042976, -4.61367432, 0.0, 0.0, 36.90939459]",48.0,0.0,local
2099_31,slab,-77.2174438,3186.059,True,"[5.82274571, 0.0, 0.0, -2.91137286, 5.04264571, 0.0, 0.0, 0.0, 41.35924906]",24.0,0.0,local
2100_6,slab,-133.15988761,15799.6,True,"[6.5372317, 0.0, 0.0, 0.0, 6.5372317, -6.5372317, 0.0, 0.0, 45.76062189]",48.0,0.0,local
2101_38,slab,,,False,,,,local
2101_39,slab,,,False,,,,local
2101_43,slab,-163.82360897,37941.695,True,"[7.49339828, 0.0, 0.0, -0.0, 14.29153413, -14.01246587, 0.0, 0.0, 35.03116468]",40.0,0.9999999125000001,local
2102_42,slab,-58.59445513,8616.192,True,"[4.56596486, 0.0, 0.0, -2.28298243, 3.95424156, 0.0, 0.0, 0.0, 75.26053373]",24.0,8.341666666666667e-06,local
2103_28,slab,-216.5051642,38880.686,True,"[3.75647679, 0.0, 0.0, 0.0, 13.43813388, -15.51702043, 0.0, 0.0, 38.79255107]",36.0,0.012065286111111111,local
2103_37,slab,-109.02400824,8389.123,True,"[6.71906694, 0.0, -3.87925511, 0.0, 3.75647679, 0.0, 0.0, 0.0, 38.79255107]",18.0,0.017351705555555555,local
2104_29,slab,-148.19058633,19228.341,True,"[3.74842485, 0.0, 0.0, 0.0, 10.21855877, -7.49684969, 0.0, 0.0, 33.73582361]",24.0,3.24375e-05,local
2106_39,slab,-114.40358454,7611.682,True,"[4.48931021, 0.0, 0.0, 0.0, 5.33615879, -4.76177111, 0.0, 0.0, 42.04953545]",24.0,0.0,local
2106_59,slab,,,False,,,,local
2106_63,slab,-341.00073256,62918.679,True,"[9.03740848, 0.0, 6.99924057, 13.61470958, 7.79250068, 21.15033787, 0.0, 0.0, 50.06299712]",72.0,0.0,local
2108_12,slab,-141.3801757,5742.228,True,"[4.10000488, 0.0, 0.0, 0.0, 10.03510198, -4.10000488, 0.0, 0.0, 28.70003416]",30.0,3.333333333333333e-09,local
2108_9,slab,-279.53211168,34861.942,True,"[10.03510198, 0.0, 0.0, 0.0, 8.20000976, -4.10000488, 0.0, 0.0, 32.80003904]",60.0,1.6666666666666665e-09,local
2111_43,slab,-531.5243097,133920.841,True,"[13.76163858, 0.0, 0.0, 0.0, 7.94528574, -3.65677465, 0.0, 0.0, 32.91097185]",72.0,2.2777777777777776e-07,local
2113_13,slab,-211.50126894,11848.738,True,"[3.56404573, 0.0, 0.0, 0.0, 6.52301669, -11.29819633, 0.0, 0.0, 52.72491621]",27.0,2.7374074074074076e-05,local
2113_4,slab,-283.21411892,31073.722,True,"[13.04603339, 0.0, 0.0, 6.52301669, 3.76606544, 3.56404573, 0.0, 0.0, 35.64045735]",36.0,0.017229241666666666,local
2113_6,slab,-495.49912089,144583.08,True,"[13.04603339, 0.0, 0.0, 6.52301669, 3.76606544, 7.12809147, 0.0, 0.0, 60.58877749]",63.0,0.02111470476190476,local
2121_2,slab,,,False,,,,local
2123_27,slab,,,False,,,,local
2126_40,slab,-105.97912393,2758.908,True,"[5.52960529, 0.0, -3.1925191, 0.0, 3.99910127, 0.0, 0.0, 0.0, 31.92519105]",18.0,3.926111111111111e-05,local
2126_6,slab,-426.12414469,54822.759,True,"[5.52960529, 0.0, -9.57755731, -0.0, 7.99820254, -6.38503821, 0.0, 0.0, 63.85038209]",72.0,0.0,local
2128_2,slab,,,False,,,,local
2129_14,slab,-246.63173364,54079.69,True,"[4.28801313, 0.0, 0.0, 0.0, 23.06351552, -4.28801313, 0.0, 0.0, 30.01609193]",60.0,0.0,local
2131_0,slab,-391.59988777,21359.04,True,"[6.12339444, 0.0, -6.12339444, -0.0, 6.12339444, -6.12339444, 0.0, 0.0, 48.98715556]",48.0,0.12688078541666667,local
2131_5,slab,-523.7422062,72155.73,True,"[6.12339444, 0.0, 0.0, 0.0, 12.24678889, -6.12339444, 0.0, 0.0, 30.61697222]",64.0,0.225509421875,local
2135_5,slab,,,False,,,,local
2141_20,slab,-120.03564369,15121.135,True,"[5.9805519, 0.0, 0.0, 0.0, 11.10015097, -5.9805519, 0.0, 0.0, 29.90275951]",32.0,0.0,local
2143_18,slab,-190.05846877,95122.111,True,"[5.82501061, 0.0, 0.0, 0.0, 17.87104313, -7.14438441, 0.0, 0.0, 35.72192204]",64.0,0.0428363890625,local
2144_0,slab,-69.6835961,8350.875,True,"[3.94036835, 0.0, 6.82491819, 3.94036835, 4.62753142, 2.27497273, 0.0, 0.0, 59.14929098]",15.0,0.0,local
2144_17,slab,-83.414551,7013.33,True,"[3.94036835, 0.0, -2.27497273, -0.0, 9.25506285, -4.54994546, 0.0, 0.0, 36.39956368]",18.0,0.0,local
2144_24,slab,-84.12037061,8281.446,True,"[4.54994546, 0.0, 0.0, 4.54994546, 7.88073671, 4.62753142, 0.0, 0.0, 32.39271997]",18.0,0.0,local
2145_1,slab,-141.5620301,22263.299,True,"[4.50628444, 0.0, -4.50628444, 0.0, 10.64435254, -4.50628444, 0.0, 0.0, 40.55655998]",40.0,0.0,local
2145_23,slab,-140.62084781,24271.881,True,"[4.50628444, 0.0, 4.50628444, 9.01256889, 10.64435254, -0.0, 0.0, 0.0, 45.06284443]",40.0,0.0,local
2145_3,slab,-142.66946887,17167.245,True,"[4.50628444, 0.0, -4.50628444, 0.0, 10.64435254, -4.50628444, 0.0, 0.0, 40.55655998]",40.0,0.0,local
2149_10,slab,-105.01280588,7514.498,True,"[16.46274489, 0.0, 0.0, 0.0, 3.36727381, -3.36727381, 0.0, 0.0, 40.40728574]",50.0,0.0,local
2150_0,slab,-172.8065168,10821.374,True,"[4.05584692, 0.0, -4.0423502, 0.0, 8.07902331, -4.0423502, 0.0, 0.0, 40.42350203]",32.0,0.0,local
2152_11,slab,-195.09960411,61286.017,True,"[7.32976223, 0.0, 0.0, 6.70837456, 15.70995211, 4.51776047, 0.0, 0.0, 31.62432332]",54.0,0.0,local
2152_76,slab,,,False,,,,local
2152_86,slab,-258.20770439,124648.716,True,"[4.51776047, 0.0, 0.0, 0.0, 31.41990423, -6.08698689, 0.0, 0.0, 36.64881116]",72.0,0.05847248888888888,local
2154_27,slab,-223.5413813,16858.421,True,"[5.29423876, 0.0, 0.0, 0.0, 9.15276025, -8.66547693, 0.0, 0.0, 38.99464621]",48.0,2.083333333333333e-08,local
2154_28,slab,-222.85900869,13423.206,True,"[5.29423876, 0.0, 0.0, 0.0, 9.15276025, -8.66547693, 0.0, 0.0, 38.99464621]",48.0,6.25e-09,local
2155_9,slab,-81.58013539,40128.222,True,"[6.80052708, 0.0, 0.0, 0.0, 10.86306455, -7.97417071, 0.0, 0.0, 39.87085354]",32.0,0.1224897875,local
2156_1,slab,-143.63100086,9472.249,True,"[6.42796101, 0.0, -6.42796101, -0.0, 6.42796101, -6.42796101, 0.0, 0.0, 51.42368812]",48.0,2.0833333333333334e-09,local
2159_59,slab,,,False,,,,local
2163_5,slab,-541.47707161,149092.873,True,"[6.10768076, 0.0, 0.0, 0.0, 12.21536151, -6.10768076, 0.0, 0.0, 30.53840378]",64.0,0.1314730046875,local
2165_4,slab,-144.8107372,78798.216,True,"[8.14832593, 0.0, -9.40887634, 0.0, 8.68920281, -4.70443817, 0.0, 0.0, 47.0443817]",48.0,0.0,local
2168_27,slab,-397.55277543,47452.31,True,"[6.50298278, 0.0, 0.0, 0.0, 22.90842789, -5.41161458, 0.0, 0.0, 27.0580729]",80.0,0.0,local
2168_3,slab,-299.47228807,143522.492,True,"[6.50298278, 0.0, -5.41161458, -0.0, 11.45421394, -5.41161458, 0.0, 0.0, 37.88130206]",60.0,0.0,local
2168_45,slab,-301.96874177,46080.76,True,"[6.50298278, 0.0, 0.0, -0.0, 11.45421394, -10.82322916, 0.0, 0.0, 37.88130206]",60.0,3.4916666666666666e-06,local
2172_19,slab,-374.05241368,80275.438,True,"[17.31748696, 0.0, 0.0, 4.94785342, 4.28496675, 3.99361075, 0.0, 0.0, 39.93610749]",72.0,1.0972222222222224e-07,local
2173_15,slab,-212.6930332,8001.485,True,"[4.2635839, 0.0, 0.0, 0.0, 9.88966911, 0.0, 0.0, 0.0, 29.84508728]",30.0,1.6666666666666667e-08,local
2174_22,slab,-169.73583738,11289.411,True,"[4.10934432, 0.0, 4.10934432, 8.21868865, 8.78347994, -0.0, 0.0, 0.0, 49.31213188]",30.0,1e-08,local
2174_25,slab,-67.47168721,2856.35,True,"[4.10934432, 0.0, 0.0, 0.0, 4.10934432, 0.0, 0.0, 0.0, 35.13391977]",12.0,4.166666666666666e-08,local
2176_23,slab,-182.18060173,20183.64,True,"[9.97351339, 0.0, -4.16215592, 5.61367276, 4.96749818, 0.0, 0.0, 0.0, 33.29724734]",36.0,2.7777777777777776e-09,local
2176_47,slab,-247.13774089,52278.531,True,"[4.16215592, 0.0, 0.0, -0.0, 7.49589436, 13.18835256, 0.0, 0.0, 59.48465457]",48.0,2.0833333333333334e-09,local
2176_4,slab,-246.97544402,31944.754,True,"[9.97351339, 0.0, 4.16215592, 14.33335402, 4.96749818, 0.0, 0.0, 0.0, 41.62155917]",48.0,2.9166666666666666e-08,local
2179_20,slab,-139.1479488,3934.248,True,"[3.79618686, 0.0, -2.19172951, 0.0, 9.1417368, 0.0, 0.0, 0.0, 30.68421309]",24.0,0.0,local
2180_2,slab,,,False,,,,local
2180_5,slab,-293.27286243,58060.888,True,"[8.22142026, 0.0, -4.11071013, -0.0, 9.97878655, -4.11071013, 0.0, 0.0, 32.88568103]",60.0,0.0,local
2185_15,slab,-222.98059458,46694.079,True,"[7.42231684, 0.0, 0.0, 0.0, 8.20800898, -9.47779239, 0.0, 0.0, 42.65006576]",48.0,0.015101220833333333,local
2186_44,slab,-232.20741282,33881.918,True,"[12.89043256, 0.0, 0.0, -0.0, 7.65972186, 3.86746001, 0.0, 0.0, 30.93968006]",54.0,0.0,local
2186_46,slab,-309.51460932,72463.714,True,"[12.89043256, 0.0, 0.0, -0.0, 7.73492002, -7.65972186, 0.0, 0.0, 38.2986093]",72.0,0.0,local
2194_15,slab,-493.11368574,79851.498,True,"[4.27869255, 0.0, 0.0, 0.0, 33.27504749, -4.27869255, 0.0, 0.0, 29.95084785]",72.0,0.06346553472222222,local
2194_22,slab,-244.16072213,49337.059,True,"[4.27869255, 0.0, 0.0, 0.0, 16.63752375, -8.5573851, 0.0, 0.0, 29.95084785]",36.0,0.05323403611111111,local
2199_1,slab,-285.5899451,23656.762,True,"[7.10507513, 0.0, -7.10507513, -0.0, 7.10507513, -7.10507513, 0.0, 0.0, 49.7355259]",72.0,1.111111111111111e-08,local
2200_6,slab,-147.01030305,2960.298,True,"[6.59116812, 0.0, 0.0, 0.0, 6.59116812, 0.0, 0.0, 0.0, 32.95584062]",32.0,6.25e-09,local
2202_35,slab,-471.55579611,83905.588,True,"[13.74242031, 0.0, 0.0, 3.98950102, 3.39066093, 4.18892407, 0.0, 0.0, 41.88924067]",64.0,0.0689797875,local
2202_55,slab,-241.94666467,11502.559,True,"[5.23571389, 0.0, 0.0, 0.0, 4.18892407, 0.0, 0.0, 0.0, 35.59849798]",32.0,0.01176641875,local
2203_36,slab,-87.97211022,8823.548,True,"[4.65079987, 0.0, 0.0, 0.0, 11.41790154, -8.55891549, 0.0, 0.0, 34.23566196]",24.0,8.333333333333334e-09,local
2213_3,slab,-241.65990535,14901.96,True,"[6.63597818, 0.0, 0.0, 0.0, 6.63597818, -6.63597818, 0.0, 0.0, 46.45184724]",48.0,1.4583333333333333e-08,local
2221_41,slab,,,False,,,,local
2223_17,slab,-447.58086828,75631.99,True,"[18.26634461, 0.0, 0.0, 5.2189556, 4.51974813, 3.5069712, 0.0, 0.0, 35.06971203]",72.0,1.3888888888888888e-09,local
2223_32,slab,-224.82716071,13558.117,True,"[6.90402931, 0.0, 0.0, 3.45201466, 5.97906477, 3.5069712, 0.0, 0.0, 31.56274083]",36.0,0.0,local
2223_5,slab,-447.91412569,107081.346,True,"[5.97906477, 0.0, -10.35604397, -0.0, 7.01394241, -6.90402931, 0.0, 0.0, 62.13626382]",72.0,1.3888888888888888e-09,local
2225_19,slab,-361.3471399,35264.78,True,"[4.14404113, 0.0, 4.14404113, 8.28808226, 14.98362973, 0.0, 0.0, 0.0, 41.4404113]",64.0,0.0,local
2226_22,slab,-311.39510667,33418.311,True,"[7.3046646, 0.0, 0.0, -0.0, 8.27312121, 4.21735008, 0.0, 0.0, 29.52145053]",48.0,0.0,local
2229_20,slab,-141.11676427,12132.787,True,"[4.63211962, 0.0, 0.0, 0.0, 10.36734499, -4.63211962, 0.0, 0.0, 32.42483733]",30.0,0.0,local
2229_35,slab,-47.11402741,767.451,True,"[4.63211962, 0.0, 0.0, 0.0, 4.63211962, 0.0, 0.0, 0.0, 31.10203497]",10.0,0.0,local
2234_5,slab,-500.65730882,116231.256,True,"[5.75340828, 0.0, 0.0, 0.0, 11.50681657, -5.75340828, 0.0, 0.0, 28.76704142]",64.0,0.569270871875,local
2236_0,slab,-247.1413609,11289.313,True,"[6.23618516, 0.0, -6.23618516, -0.0, 6.23618516, -6.23618516, 0.0, 0.0, 49.88948131]",48.0,2.0833333333333334e-09,local
2237_18,slab,-336.2764818,143795.941,True,"[22.01767301, 0.0, 0.0, 6.29076372, 5.44796119, 4.305939, 0.0, 0.0, 34.44751204]",54.0,0.04826090370370371,local
2237_44,slab,-337.95168905,88651.814,True,"[14.41395046, 0.0, 0.0, 0.0, 8.32189818, -4.305939, 0.0, 0.0, 30.14157303]",54.0,0.1939366537037037,local
2237_8,slab,,,False,,,,local
2239_51,slab,,,False,,,,local
2239_56,slab,-209.01807927,35759.749,True,"[4.36307537, 0.0, 0.0, -0.0, 21.63259248, 11.99276112, 0.0, 0.0, 34.1216538]",60.0,0.0,local
2239_5,slab,-208.54472433,54824.412,True,"[11.38681679, 0.0, 4.36307537, 14.43402601, 9.26058172, 0.0, 0.0, 0.0, 34.90460298]",60.0,0.0,local
2241_4,slab,-375.76062063,126370.504,True,"[4.55511229, 0.0, -4.55511229, -0.0, 20.43538735, -4.55511229, 0.0, 0.0, 40.99601057]",80.0,0.0,local
2241_6,slab,-377.23617313,120715.525,True,"[4.55511229, 0.0, -4.55511229, -0.0, 20.43538735, -4.55511229, 0.0, 0.0, 40.99601057]",80.0,0.0,local
2241_9,slab,-280.98333758,47989.357,True,"[9.11022457, 0.0, -4.55511229, 0.0, 10.21769367, -4.55511229, 0.0, 0.0, 31.885786]",60.0,0.0,local
2244_14,slab,-362.6217431,89446.201,True,"[4.29388295, 0.0, 0.0, 0.0, 20.04745014, -4.29388295, 0.0, 0.0, 30.05718068]",60.0,0.028070296666666668,local
2246_16,slab,-383.39913347,28161.69,True,"[5.78791167, 0.0, 0.0, 0.0, 20.90407687, -4.0668906, 0.0, 0.0, 28.4682342]",72.0,4.166666666666667e-09,local
2247_0,slab,-171.00119387,10913.861,True,"[6.18985063, 0.0, -6.18985063, -0.0, 6.18985063, -6.18985063, 0.0, 0.0, 49.518805]",48.0,2.0833333333333334e-09,local
2248_5,slab,-384.08194116,39673.356,True,"[5.79415447, 0.0, 0.0, 0.0, 11.58830893, -5.79415447, 0.0, 0.0, 28.97077233]",64.0,0.0,local
2249_4,slab,-182.75380459,12141.632,True,"[4.78689527, 0.0, 0.0, 0.0, 4.78689527, -4.78689527, 0.0, 0.0, 38.29516216]",24.0,0.06457085833333333,local
2255_59,slab,-157.69569644,5997.334,True,"[4.24707767, 0.0, 0.0, -0.0, 5.0704393, -4.50517796, 0.0, 0.0, 36.04142366]",24.0,0.0,local
2256_1,slab,-432.41001605,34261.832,True,"[6.4208051, 0.0, -6.4208051, 0.0, 6.4208051, -6.4208051, 0.0, 0.0, 51.36644084]",48.0,0.24203367916666665,local
2257_3,slab,-237.34640314,16647.381,True,"[6.40564348, 0.0, 0.0, 0.0, 6.40564348, -6.40564348, 0.0, 0.0, 44.83950439]",48.0,3.75e-08,local
2260_3,slab,-266.86631028,21018.246,True,"[6.63558054, 0.0, 0.0, 0.0, 6.63558054, -6.63558054, 0.0, 0.0, 46.44906375]",48.0,1.125e-07,local
2261_0,slab,-312.28588438,16385.656,True,"[6.03552978, 0.0, -6.03552978, -0.0, 6.03552978, -6.03552978, 0.0, 0.0, 48.28423821]",48.0,1.0750648666666667,local
2262_25,slab,-174.79605543,16762.421,True,"[3.82133182, 0.0, 0.0, -0.0, 9.20427765, -7.64266364, 0.0, 0.0, 38.21331819]",32.0,0.0,local
2264_16,slab,-117.13660875,5636.901,True,"[3.66477199, 0.0, 0.0, 0.0, 10.20956232, -3.66477199, 0.0, 0.0, 29.31817595]",18.0,0.0,local
2264_30,slab,-155.47410327,13123.879,True,"[3.66477199, 0.0, 0.0, 0.0, 10.20956232, -7.32954399, 0.0, 0.0, 36.64771994]",24.0,0.0929047625,local
2264_5,slab,-315.93917383,44253.312,True,"[3.66477199, 0.0, -3.66477199, -0.0, 20.41912464, -3.66477199, 0.0, 0.0, 36.64771994]",48.0,0.0,local
2266_39,slab,-129.47243546,18418.925,True,"[8.40864715, 0.0, 0.0, 0.0, 11.41288305, -9.0580919, 0.0, 0.0, 36.2323676]",48.0,0.0,local
2268_5,slab,-457.84969803,31454.094,True,"[6.50507284, 0.0, 0.0, 0.0, 13.01014568, -6.50507284, 0.0, 0.0, 32.52536421]",64.0,9.375e-09,local
2269_15,slab,-687.11657639,96709.102,True,"[18.42469556, 0.0, 0.0, 5.26419873, 4.55892983, 3.40167059, 0.0, 0.0, 34.01670592]",72.0,5.555555555555555e-09,local
2272_5,slab,-213.61104315,22391.023,True,"[5.94660485, 0.0, 0.0, 0.0, 5.94660485, -5.94660485, 0.0, 0.0, 41.62623395]",36.0,2.361111111111111e-07,local
2273_6,slab,-304.20306444,20577.31,True,"[8.0105529, 0.0, -4.00527645, 0.0, 7.00359167, -4.00527645, 0.0, 0.0, 36.04748804]",56.0,0.0,local
2277_51,slab,-109.67132425,17787.411,True,"[4.59775982, 0.0, 0.0, -0.0, 12.03419372, 8.13641452, 0.0, 0.0, 40.68207258]",32.0,0.0,local
2278_41,slab,-604.3647807,64062.235,True,"[3.88587574, 0.0, 0.0, 0.0, 16.62932907, -18.97097803, 0.0, 0.0, 49.70489378]",80.0,0.033176665,local
2278_74,slab,-611.53291565,95088.364,True,"[3.88587574, 0.0, 0.0, 0.0, 17.47215936, -0.02622887, 0.0, 0.0, 37.84576449]",80.0,0.01140510625,local
2280_0,slab,-284.83608713,36513.594,True,"[5.75697063, 0.0, -5.75697063, -0.0, 5.75697063, -5.75697063, 0.0, 0.0, 51.81273566]",64.0,0.16182014375,local
2280_6,slab,-141.2226676,7655.536,True,"[5.75697063, 0.0, 0.0, 0.0, 5.75697063, 0.0, 0.0, 0.0, 28.78485314]",32.0,0.227177475,local
2282_16,slab,-221.03669424,38975.735,True,"[6.50433797, 0.0, 0.0, -0.0, 6.50433797, 5.19971208, 0.0, 0.0, 36.39798456]",42.0,0.1304359880952381,local
2282_4,slab,-222.93584839,37994.406,True,"[5.19971208, 0.0, 0.0, 0.0, 6.50433797, -6.50433797, 0.0, 0.0, 45.53036579]",42.0,0.08192461190476191,local
2283_22,slab,-83.8190472,5004.262,True,"[4.39447272, 0.0, 0.0, 4.39447272, 7.61145002, 4.8100982, 0.0, 0.0, 33.67068738]",18.0,0.0,local
2283_5,slab,-140.07085941,13820.142,True,"[7.61145002, 0.0, -8.78894543, -0.0, 4.8100982, -4.39447272, 0.0, 0.0, 52.73367261]",30.0,3.333333333333333e-09,local
2286_18,slab,-249.94977182,35916.466,True,"[3.95881301, 0.0, 0.0, -0.0, 10.13395209, -7.91762602, 0.0, 0.0, 35.62931708]",40.0,0.01109535,local
2287_3,slab,-119.39161213,39193.621,True,"[11.54368912, 0.0, 0.0, 3.29819689, 2.8563223, 3.96497375, 0.0, 0.0, 47.57968506]",30.0,0.0,local
2288_6,slab,-193.22883313,6590.321,True,"[5.79111339, 0.0, 0.0, 0.0, 5.79111339, 0.0, 0.0, 0.0, 28.95556693]",32.0,1.038206865625,local
2290_19,slab,-286.14877843,43662.916,True,"[4.80784197, 0.0, 0.0, 0.0, 21.6923918, -4.80784197, 0.0, 0.0, 33.65489379]",60.0,0.0,local
2291_5,slab,-258.51934231,34618.708,True,"[7.45457949, 0.0, -8.60780695, 0.0, 8.56407641, -4.30390348, 0.0, 0.0, 43.03903475]",64.0,0.0,local
2292_3,slab,-156.99321864,6813.467,True,"[6.0890065, 0.0, -6.0890065, -0.0, 6.0890065, -6.0890065, 0.0, 0.0, 48.71205202]",48.0,8.333333333333334e-09,local
2296_3,slab,-509.84802343,81721.261,True,"[11.93110863, 0.0, 0.0, 0.0, 4.84684792, -8.39498685, 0.0, 0.0, 55.96657897]",72.0,0.0,local
2298_40,slab,-162.68140503,46831.847,True,"[9.32246588, 0.0, 0.0, -0.0, 15.83329742, 5.80766578, 0.0, 0.0, 29.03832888]",64.0,0.0533748453125,local
2299_18,slab,-92.9520632,33182.349,True,"[4.74679833, 0.0, 0.0, -0.0, 11.73846056, -9.49359665, 0.0, 0.0, 37.97438662]",30.0,0.0,local
2299_19,slab,-31.07928133,762.703,True,"[4.74679833, 0.0, 0.0, 0.0, 4.74679833, 0.0, 0.0, 0.0, 35.21538167]",10.0,0.0,local
2301_0,slab,-76.57143243,16540.508,True,"[4.06429267, 0.0, -7.03956139, -0.0, 7.61026263, -4.69304093, 0.0, 0.0, 56.31649115]",30.0,0.0,local
2303_9,slab,-166.07478404,39183.779,True,"[10.71602936, 0.0, 0.0, 0.0, 8.86329236, -4.43164618, 0.0, 0.0, 31.02152327]",60.0,0.0,local
2307_28,slab,-151.1037441,40351.394,True,"[7.5618021, 0.0, 0.0, 0.05462314, 11.10457645, 4.07360686, 0.0, 0.0, 28.51524802]",36.0,0.4611803027777778,local
2311_17,slab,,,False,,,,local
2311_48,slab,-407.21280991,61618.812,True,"[6.53654366, 0.0, 0.0, 6.53654366, 11.32162573, 3.60678143, 0.0, 0.0, 28.85425145]",54.0,1.3403928240740741,local
2314_15,slab,-160.5591602,1234.058,True,"[3.21049044, 0.0, -1.85357752, 0.0, 7.13242267, 0.0, 0.0, 0.0, 33.36439532]",24.0,0.0,local
2320_15,slab,-225.38788027,75966.633,True,"[7.41860854, 0.0, 0.0, 0.0, 8.00395744, -9.24217397, 0.0, 0.0, 41.58978286]",48.0,0.015012462499999999,local
2320_17,slab,-84.2085158,8760.551,True,"[4.00197872, 0.0, -2.31054349, -0.0, 7.41860854, -4.62108698, 0.0, 0.0, 36.96869588]",18.0,1.1111111111111111e-07,local
2320_23,slab,-168.10462767,79246.294,True,"[4.00197872, 0.0, -2.31054349, -0.0, 14.83721709, -4.62108698, 0.0, 0.0, 32.34760889]",36.0,0.01940387777777778,local
2321_0,slab,-227.9315429,5412.793,True,"[6.39174104, 0.0, -6.39174104, -0.0, 6.39174104, -6.39174104, 0.0, 0.0, 51.13392829]",36.0,3.1569444444444445e-05,local
2322_27,slab,-238.90021196,141486.851,True,"[4.55825535, 0.0, 0.0, 0.0, 13.11083396, -15.13908704, 0.0, 0.0, 52.98680463]",54.0,4.027592592592593e-05,local
2322_33,slab,-118.71606078,21141.424,True,"[7.56954352, 0.0, 0.0, 3.78477176, 6.55541698, 4.55825535, 0.0, 0.0, 36.46604283]",27.0,0.0,local
2322_8,slab,-235.38497051,120554.932,True,"[6.55541698, 0.0, -11.35431528, -0.0, 9.11651071, -7.56954352, 0.0, 0.0, 60.55634815]",54.0,0.0,local
2331_4,slab,-206.65963293,101358.662,True,"[17.6367058, 0.0, -4.64852329, 0.0, 8.22260524, -4.64852329, 0.0, 0.0, 32.53966304]",60.0,0.06928589166666667,local
2331_58,slab,,,False,,,,local
2339_0,slab,-173.54262181,37298.487,True,"[3.89240829, 0.0, -6.74184892, -0.0, 6.42261442, -4.49456595, 0.0, 0.0, 58.4293573]",30.0,0.0,local
2339_19,slab,-139.51779308,21440.4,True,"[3.89240829, 0.0, -2.24728297, -0.0, 6.42261442, -4.49456595, 0.0, 0.0, 40.45109352]",24.0,0.0,local
2343_0,slab,-261.65963313,32908.789,True,"[5.27836845, 0.0, -5.17057351, -0.0, 7.24365064, -5.17057351, 0.0, 0.0, 46.53516159]",48.0,0.24053137916666667,local
2343_24,slab,-129.15964403,4194.22,True,"[5.17057351, 0.0, 0.0, 0.0, 7.24365064, 0.0, 0.0, 0.0, 26.39184226]",24.0,0.2700841,local
2343_25,slab,-260.95437747,17816.915,True,"[5.17057351, 0.0, 0.0, -0.0, 10.5567369, 7.24365064, 0.0, 0.0, 36.21825322]",48.0,0.23172907291666667,local
2344_42,slab,-113.93383421,8324.242,True,"[7.24159339, 0.0, -4.18093589, 0.0, 4.19123199, 0.0, 0.0, 0.0, 41.80935891]",18.0,0.09002139444444444,local
2344_43,slab,,,False,,,,local
2348_20,slab,-120.23906134,15419.989,True,"[4.73470686, 0.0, 0.0, 4.73470686, 8.20075284, 6.13131439, 0.0, 0.0, 42.91920076]",36.0,0.0,local
2349_9,slab,-226.47423245,71939.508,True,"[8.55867356, 0.0, -4.27933678, 0.0, 10.94060697, -4.27933678, 0.0, 0.0, 34.23469424]",60.0,0.0,local
2354_46,slab,-38.98059382,2010.609,True,"[8.49146262, 0.0, 0.0, 0.0, 6.45275242, 0.0, 0.0, 0.0, 32.35816897]",16.0,0.0,local
2359_24,slab,-177.00435533,32988.246,True,"[11.97775936, 0.0, 0.0, 0.0, 8.15783975, -4.55311506, 0.0, 0.0, 31.87180541]",48.0,0.0,local
2359_2,slab,-177.42587824,43287.856,True,"[11.97775936, 0.0, -4.55311506, 0.0, 8.15783975, -4.55311506, 0.0, 0.0, 31.87180541]",48.0,0.0,local
2359_56,slab,-242.13697399,103833.748,True,"[4.55311506, 0.0, 0.0, 0.0, 16.3156795, -11.97775936, 0.0, 0.0, 47.91103743]",64.0,0.0,local
2363_32,slab,-470.75109378,141950.747,True,"[4.67232705, 0.0, 0.0, -0.0, 12.11606089, 9.51916496, 0.0, 0.0, 47.59582479]",64.0,0.0090389171875,local
2363_34,slab,,,False,,,,local
2366_37,slab,-228.6143962,20480.809,True,"[6.31773316, 0.0, 0.0, 3.15886658, 5.47131741, 3.98177021, 0.0, 0.0, 35.83593186]",36.0,0.0,local
2366_40,slab,-113.61655609,4361.753,True,"[5.47131741, 0.0, -3.15886658, 0.0, 3.98177021, 0.0, 0.0, 0.0, 31.58866578]",18.0,0.03929628888888889,local
2369_15,slab,-400.61123,129728.557,True,"[19.16756936, 0.0, 0.0, 5.47644839, 4.74274343, 3.54952261, 0.0, 0.0, 35.4952261]",72.0,0.0,local
2369_30,slab,-302.51637376,95759.001,True,"[3.54952261, 0.0, 0.0, 0.0, 12.54811964, -14.4893205, 0.0, 0.0, 50.71262175]",54.0,1.3518518518518518e-07,local
2373_16,slab,-64.13478602,6290.579,True,"[3.6317419, 0.0, -2.09678716, -0.0, 7.04005065, -4.19357433, 0.0, 0.0, 37.74216895]",20.0,0.0,local
2378_21,slab,-171.1965134,8807.828,True,"[7.59920842, 0.0, 0.0, -0.0, 7.59920842, 7.40818443, 0.0, 0.0, 37.04092213]",40.0,3e-08,local
2381_5,slab,,,False,,,,local
2383_13,slab,-192.52291962,17167.897,True,"[3.36143442, 0.0, 0.0, 0.0, 6.79379867, -11.76720447, 0.0, 0.0, 54.91362084]",27.0,0.00038691851851851847,local
2383_30,slab,-255.53561434,38559.815,True,"[3.36143442, 0.0, 0.0, 0.0, 13.58759733, -15.68960596, 0.0, 0.0, 39.22401489]",36.0,0.016551872222222222,local
2385_24,slab,-210.93187458,44711.421,True,"[3.74617195, 0.0, 0.0, 0.0, 13.48453413, -15.57059883, 0.0, 0.0, 38.92649706]",36.0,0.04717126944444444,local
2385_48,slab,-317.20134247,51548.226,True,"[7.78529941, 0.0, 0.0, 7.78529941, 13.48453413, 3.74617195, 0.0, 0.0, 29.96937563]",54.0,0.045434355555555556,local
2385_7,slab,-316.21145316,65515.04,True,"[13.48453413, 0.0, 0.0, 6.74226707, 3.89264971, 7.49234391, 0.0, 0.0, 56.19257931]",54.0,0.02758163703703704,local
2387_0,slab,-112.35879015,50852.635,True,"[4.59816969, 0.0, -4.59816969, 0.0, 10.61779549, -4.59816969, 0.0, 0.0, 41.38352718]",40.0,0.0,local
2387_20,slab,-27.24750173,1017.364,True,"[4.59816969, 0.0, 0.0, 0.0, 4.59816969, 0.0, 0.0, 0.0, 31.85338648]",10.0,0.0,local
2389_1,slab,-162.57831618,6656.659,True,"[6.28623349, 0.0, -6.28623349, -0.0, 6.28623349, -6.28623349, 0.0, 0.0, 50.28986792]",48.0,0.0,local
2389_3,slab,-166.70083896,11454.829,True,"[6.28623349, 0.0, 0.0, 0.0, 6.28623349, -6.28623349, 0.0, 0.0, 44.00363443]",48.0,0.0,local
2395_3,slab,-181.44230548,22040.888,True,"[4.62253961, 0.0, -4.62253961, 0.0, 10.50111564, -4.62253961, 0.0, 0.0, 41.60285647]",40.0,0.0,local
2396_3,slab,-257.78815136,18487.298,True,"[6.06179848, 0.0, 0.0, 0.0, 6.06179848, -6.06179848, 0.0, 0.0, 42.43258938]",48.0,4.166666666666667e-09,local
2397_4,slab,-357.04338953,113525.321,True,"[4.53004272, 0.0, -4.53004272, 0.0, 20.74815401, -4.53004272, 0.0, 0.0, 40.77038449]",80.0,0.0,local
2398_13,slab,-235.26495426,24179.344,True,"[3.63283732, 0.0, 0.0, 0.0, 5.38394858, -9.32527249, 0.0, 0.0, 55.95163491]",36.0,1.0120149916666668,local
2399_0,slab,-104.76902495,66716.914,True,"[4.82638549, 0.0, -4.82638549, -0.0, 11.36967596, -4.82638549, 0.0, 0.0, 43.43746941]",40.0,0.0,local
2399_10,slab,-155.7728622,85791.943,True,"[9.65277098, 0.0, -4.82638549, 0.0, 11.36967596, -4.82638549, 0.0, 0.0, 33.78469843]",60.0,0.0,local
2400_21,slab,-227.91682065,44875.929,True,"[9.19831036, 0.0, 6.02301596, 4.59915518, 9.23531248, 0.0, 0.0, 0.0, 42.16111171]",60.0,0.0,local
2401_2,slab,-436.07614426,72899.561,True,"[3.53892362, 0.0, -3.53892362, -0.0, 14.12713757, -3.53892362, 0.0, 0.0, 42.46708339]",80.0,0.10260795625000001,local
2403_37,slab,-131.0591579,3200.1,True,"[5.52640528, 0.0, -3.19067158, 0.0, 3.33295505, 0.0, 0.0, 0.0, 31.90671577]",18.0,1.5868766666666667,local
2403_43,slab,-526.72945401,115804.672,True,"[6.38134315, 0.0, 0.0, 6.38134315, 11.05281056, 3.33295505, 0.0, 0.0, 29.99659544]",72.0,1.5580193944444445,local
2405_20,slab,-100.85534323,15755.988,True,"[4.36271683, 0.0, 0.0, -0.0, 10.99399077, -8.72543366, 0.0, 0.0, 34.90173463]",30.0,0.0,local
2405_21,slab,-33.54968774,645.091,True,"[4.36271683, 0.0, 0.0, 0.0, 4.36271683, 0.0, 0.0, 0.0, 32.9819723]",10.0,9e-08,local
2407_27,slab,-224.54033699,49037.673,True,"[3.89983861, 0.0, 0.0, 0.0, 13.260546, -15.3119596, 0.0, 0.0, 38.27989901]",36.0,0.047732666666666666,local
2407_34,slab,-167.24342827,39350.09,True,"[7.6559798, 0.0, 0.0, 3.8279899, 6.630273, 3.89983861, 0.0, 0.0, 31.19870891]",27.0,0.06058392592592593,local
2407_36,slab,-225.28902869,47430.942,True,"[6.630273, 0.0, -3.8279899, -0.0, 7.79967723, -7.6559798, 0.0, 0.0, 38.27989901]",36.0,0.11701246111111112,local
2411_3,slab,-341.13473066,21803.247,True,"[6.38149504, 0.0, 0.0, 0.0, 6.38149504, -6.38149504, 0.0, 0.0, 44.67046528]",48.0,4.791666666666667e-08,local
2412_16,slab,-149.53687302,9783.815,True,"[3.691182, 0.0, 0.0, 0.0, 8.98743945, -3.691182, 0.0, 0.0, 29.529456]",24.0,0.0,local
2414_18,slab,-145.96220689,5203.219,True,"[4.19973291, 0.0, 0.0, 0.0, 9.82423615, -4.19973291, 0.0, 0.0, 29.39813039]",30.0,0.0,local
2416_50,slab,-333.00323913,135552.523,True,"[7.699073, 0.0, 0.0, 7.699073, 13.33518561, 3.86027646, 0.0, 0.0, 30.88221166]",54.0,0.11195561481481482,local
2421_1,slab,-157.28965451,25152.594,True,"[3.87178335, 0.0, -6.70612548, -0.0, 7.35530457, -4.47075032, 0.0, 0.0, 58.11975416]",30.0,0.0,local
2421_8,slab,-252.75527178,66727.113,True,"[7.7435667, 0.0, -8.94150064, -0.0, 7.35530457, -4.47075032, 0.0, 0.0, 44.7075032]",48.0,0.0,local
2432_5,slab,-167.7918601,64995.953,True,"[7.08682572, 0.0, 0.0, 0.0, 14.17365144, -7.08682572, 0.0, 0.0, 35.4341286]",64.0,0.0,local
2437_40,slab,-165.22879754,35892.4,True,"[11.44393089, 0.0, 3.50903718, 6.00154965, 5.7151309, 9.23990155, 0.0, 0.0, 45.84691494]",48.0,0.0,local
2437_41,slab,-164.99143602,49665.781,True,"[11.44393089, 0.0, 3.50903718, 6.00154965, 5.7151309, 9.23990155, 0.0, 0.0, 45.84691494]",48.0,0.0,local
2442_25,slab,-273.75520766,57349.371,True,"[8.80818516, 0.0, 0.0, -0.0, 8.80818516, 4.80503225, 0.0, 0.0, 33.63522573]",54.0,0.0,local
2443_15,slab,-215.72673124,44400.723,True,"[3.71955826, 0.0, -2.14748796, -0.0, 25.55266671, -4.29497593, 0.0, 0.0, 34.35980742]",63.0,0.0,local
2443_36,slab,-215.33617203,53739.548,True,"[3.71955826, 0.0, -2.14748796, -0.0, 25.55266671, 8.58995185, 0.0, 0.0, 34.35980742]",63.0,0.0,local
2446_25,slab,-264.79163906,93867.195,True,"[3.69505364, 0.0, 0.0, 0.0, 13.75561555, -15.88361669, 0.0, 0.0, 39.70904172]",36.0,0.10848047222222222,local
2447_6,slab,-208.03682106,12035.013,True,"[5.58182388, 0.0, 0.0, 0.0, 5.58182388, 0.0, 0.0, 0.0, 27.9091194]",32.0,0.082580371875,local
2450_42,slab,-512.99061537,84572.074,True,"[3.43873902, 0.0, -1.9853569, 0.0, 19.4756813, 3.97071379, 0.0, 0.0, 31.76571034]",72.0,1.283830875,local
2451_2,slab,-109.89047819,14034.244,True,"[8.93497061, 0.0, 0.0, 0.0, 3.94643212, -6.83542094, 0.0, 0.0, 54.68336749]",30.0,0.0,local
2456_26,slab,-387.88712622,140581.84,True,"[7.82894761, 0.0, -1.66087607, -0.0, 11.32263648, -9.72367847, 0.0, 0.0, 48.61839237]",80.0,0.00407368,local
2456_42,slab,-391.61593336,102505.856,True,"[5.66131824, 0.0, 0.0, -0.0, 15.65789522, 6.40192633, 0.0, 0.0, 38.89471389]",80.0,0.0,local
2456_79,slab,-192.57034049,9601.093,True,"[9.72367847, 0.0, 0.0, -1.66087607, 7.82894761, 0.0, 0.0, 0.0, 28.30659119]",40.0,0.0,local
2464_1,slab,-329.74645266,95839.603,True,"[11.05650156, 0.0, 0.0, 5.52825078, 3.19173708, 3.52910143, 0.0, 0.0, 42.34921715]",45.0,0.4314851622222222,local
2465_1,slab,-80.03224472,27393.019,True,"[3.74813485, 0.0, -6.49196, -0.0, 9.35564285, -4.32797333, 0.0, 0.0, 56.26365335]",30.0,0.0,local
2466_1,slab,,,False,,,,local
2466_6,slab,,,False,,,,local
2468_1,slab,-492.21712629,33364.555,True,"[6.37445054, 0.0, -6.37445054, -0.0, 6.37445054, -6.37445054, 0.0, 0.0, 50.99560431]",48.0,9.645833333333333e-07,local
2471_6,slab,-117.83886257,4119.013,True,"[6.48914025, 0.0, 0.0, 0.0, 6.48914025, 0.0, 0.0, 0.0, 32.44570125]",32.0,0.0,local
2472_15,slab,-107.12329666,2145.169,True,"[3.99285851, 0.0, 0.0, 0.0, 6.94389047, 0.0, 0.0, 0.0, 27.9500096]",21.0,0.0,local
2477_25,slab,-145.23264318,28342.637,True,"[10.72408073, 0.0, -9.29974241, 0.72822063, 10.88435583, 0.0, 0.0, 0.0, 37.19896963]",72.0,0.0,local
2477_43,slab,-50.20464439,5777.379,True,"[4.6498712, 0.0, 0.0, 0.0, 7.89859763, 0.13512064, 0.0, 0.0, 36.94475783]",24.0,4.166666666666667e-09,local
2479_33,slab,,,False,,,,local
2479_34,slab,,,False,,,,local
2481_20,slab,-163.21549177,94961.464,True,"[10.13767749, 0.0, 0.0, 0.0, 12.23593331, -7.96958842, 0.0, 0.0, 39.8479421]",64.0,0.0647501046875,local
2481_31,slab,-165.61244642,132391.431,True,"[12.89522564, 0.0, 0.0, 9.85083027, 12.53070234, 6.11796666, 0.0, 0.0, 30.58983329]",64.0,0.0985657359375,local
2483_29,slab,-295.70887339,43635.417,True,"[3.95401636, 0.0, 0.0, 0.0, 11.1230638, -12.84380776, 0.0, 0.0, 44.95332717]",54.0,0.0,local
2483_33,slab,-198.31771331,13884.88,True,"[6.42190388, 0.0, 0.0, 3.21095194, 5.5615319, 3.95401636, 0.0, 0.0, 35.58614721]",36.0,8.719444444444444e-06,local
2485_38,slab,-163.08120791,49874.676,True,"[7.59496073, 0.0, 0.0, -0.0, 7.26358408, 4.38495262, 0.0, 0.0, 30.69466833]",36.0,0.0,local
2485_39,slab,-162.34394699,28868.919,True,"[7.59496073, 0.0, 0.0, -0.0, 7.26358408, 4.38495262, 0.0, 0.0, 30.69466833]",36.0,1.75e-07,local
2486_48,slab,-524.7511077,109969.787,True,"[7.84930736, 0.0, 0.0, 7.84930736, 13.59539915, 3.35342592, 0.0, 0.0, 30.18083327]",72.0,0.02258853611111111,local
2486_4,slab,-258.8524394,39389.481,True,"[13.59539915, 0.0, 0.0, 6.79769957, 3.92465368, 3.35342592, 0.0, 0.0, 33.53425919]",36.0,0.03551440555555555,local
2488_27,slab,,,False,,,,local
2491_1,slab,-370.06948482,24273.462,True,"[6.35671672, 0.0, -6.35671672, -0.0, 6.35671672, -6.35671672, 0.0, 0.0, 50.8537338]",48.0,0.20160956041666667,local
2492_22,slab,-95.14722429,6509.984,True,"[7.5189357, 0.0, 0.0, 0.0, 3.7956802, 0.0, 0.0, 0.0, 30.07574278]",20.0,0.0,local
2493_37,slab,-39.16660105,623.645,True,"[4.89294774, 0.0, 0.0, -2.44647387, 4.23741704, 0.0, 0.0, 0.0, 31.52455902]",12.0,1.6833333333333332e-06,local
2496_3,slab,-426.32221843,71077.288,True,"[6.38134714, 0.0, -6.38134714, 0.0, 12.76269428, -6.38134714, 0.0, 0.0, 44.66942999]",72.0,0.020218552777777777,local
2499_102,slab,-137.55572191,22727.298,True,"[4.4916488, 0.0, 0.0, 0.0, 17.07452513, 0.0, 0.0, 0.0, 30.85866521]",40.0,2.6175e-06,local
2499_83,slab,-128.58830532,74622.078,True,"[4.4916488, 0.0, 0.0, -0.0, 17.07452513, 15.4293326, 0.0, 0.0, 38.57333151]",40.0,0.0973625225,local
2501_28,slab,-179.46186176,35888.284,True,"[3.81242729, 0.0, 0.0, 0.0, 13.60861159, -15.71387113, 0.0, 0.0, 39.28467783]",36.0,0.0,local
2503_4,slab,-96.62830549,5947.287,True,"[11.40661774, 0.0, 0.0, 0.0, 4.13067481, -4.13067481, 0.0, 0.0, 41.3067481]",40.0,2.5e-09,local
2504_39,slab,,,False,,,,local
2504_50,slab,-59.45515518,13364.943,True,"[10.3646384, 0.0, 0.0, 0.0, 6.56350029, 0.0, 0.0, 0.0, 31.0939152]",20.0,0.49696024000000005,local
2504_7,slab,-183.3898701,117656.595,True,"[14.65781219, 0.0, 0.0, 7.3289061, 7.3289061, 6.56350029, 0.0, 0.0, 45.94450201]",60.0,0.4980951533333334,local
2505_19,slab,-108.37243711,20268.872,True,"[3.71987573, 0.0, -2.14767125, -0.0, 16.09537501, -8.59068501, 0.0, 0.0, 34.36274002]",36.0,0.0,local
2505_21,slab,-108.60590384,12375.223,True,"[3.71987573, 0.0, -2.14767125, 0.0, 16.09537501, 8.59068501, 0.0, 0.0, 34.36274002]",36.0,8.333333333333334e-09,local
2509_20,slab,-86.72950947,8840.795,True,"[4.3120857, 0.0, 0.0, 0.0, 11.08914379, -4.3120857, 0.0, 0.0, 30.18459992]",30.0,0.0,local
2509_7,slab,,,False,,,,local
2511_26,slab,-261.04503934,58877.118,True,"[4.02740091, 0.0, 0.0, 0.0, 12.21603111, -14.1058577, 0.0, 0.0, 49.37050194]",54.0,3.7037037037037036e-09,local
2514_34,slab,-50.18834018,907.024,True,"[4.51966813, 0.0, 0.0, 0.0, 4.51966813, 0.0, 0.0, 0.0, 30.57976378]",10.0,4e-08,local
2515_6,slab,-109.63602952,1340.166,True,"[6.45852329, 0.0, 0.0, 0.0, 6.45852329, 0.0, 0.0, 0.0, 32.29261645]",32.0,3.125e-09,local
2517_23,slab,-273.53858079,28894.402,True,"[4.61095437, 0.0, -2.66213575, -0.0, 12.80823348, -10.64854299, 0.0, 0.0, 42.59417194]",54.0,0.03513496851851852,local
2518_39,slab,-326.75825357,143580.377,True,"[4.19496661, 0.0, 0.0, 0.0, 9.87078148, -18.39090679, 0.0, 0.0, 68.44522601]",72.0,2.7777777777777776e-09,local
2518_9,slab,-160.52300566,18962.619,True,"[6.55012204, 0.0, 0.0, 6.42866888, 7.36745127, 4.19496661, 0.0, 0.0, 33.55973288]",36.0,1.6666666666666667e-08,local
2521_4,slab,-328.19682067,70356.038,True,"[7.45140104, 0.0, 0.0, 0.0, 5.36140801, -5.24850037, 0.0, 0.0, 36.73950261]",36.0,0.03556895277777778,local
2523_41,slab,-244.33703061,39449.826,True,"[3.56709133, 0.0, -2.05946114, -0.0, 19.87004926, -4.11892227, 0.0, 0.0, 32.95137819]",60.0,0.0,local
2523_59,slab,-84.52067462,880.709,True,"[4.11892227, 0.0, 0.0, -2.05946114, 3.56709133, 0.0, 0.0, 0.0, 39.74009852]",20.0,3.855e-06,local
2524_23,slab,-180.73104085,8207.589,True,"[4.11853524, 0.0, -2.37783743, -0.0, 6.61626509, -4.75567486, 0.0, 0.0, 38.04539887]",27.0,7.407407407407407e-09,local
2524_24,slab,-181.44075178,6409.394,True,"[4.11853524, 0.0, -2.37783743, -0.0, 6.61626509, -4.75567486, 0.0, 0.0, 38.04539887]",27.0,0.0,local
2529_5,slab,-317.94843236,66431.547,True,"[6.32123182, 0.0, 0.0, 0.0, 12.64246363, -6.32123182, 0.0, 0.0, 31.60615908]",64.0,0.00041879375,local
2533_35,slab,-78.09452461,3576.017,True,"[4.49668037, 0.0, 0.0, 0.0, 8.59813824, 0.0, 0.0, 0.0, 29.60074818]",20.0,0.0,local
2533_37,slab,-159.52085788,20802.709,True,"[4.49668037, 0.0, 0.0, -0.0, 11.84029927, 8.59813824, 0.0, 0.0, 42.99069118]",40.0,0.0,local
2536_0,slab,-363.41058313,13840.984,True,"[5.90743966, 0.0, -5.90743966, -0.0, 5.90743966, -5.90743966, 0.0, 0.0, 47.25951726]",48.0,0.24739249375000003,local
2537_21,slab,-425.52111783,61401.52,True,"[9.62969416, 0.0, 0.0, 5.36002049, 8.63139017, 3.95390796, 0.0, 0.0, 31.63126366]",72.0,0.0,local
2538_24,slab,,,False,,,,local
2541_25,slab,-416.03200129,65595.223,True,"[4.64167785, 0.0, 0.0, 0.0, 16.94351397, -8.47175698, 0.0, 0.0, 33.88702793]",72.0,0.0,local
2541_38,slab,-411.55799287,102906.066,True,"[8.47175698, 0.0, 0.0, -0.0, 9.2833557, -8.47175698, 0.0, 0.0, 42.35878492]",72.0,0.0,local
2543_16,slab,,,False,,,,local
2543_31,slab,-249.52689257,120159.137,True,"[7.8554702, 0.0, 0.0, 3.9277351, 6.80303675, 3.8059777, 0.0, 0.0, 34.25379933]",36.0,4.111111111111111e-07,local
2543_8,slab,-184.78769935,19073.294,True,"[3.8059777, 0.0, 0.0, 0.0, 6.80303675, -11.7832053, 0.0, 0.0, 54.9882914]",27.0,0.00011365185185185185,local
2544_5,slab,-572.12527866,101338.91,True,"[7.48821771, 0.0, -3.74410885, 0.0, 9.66383336, -3.74410885, 0.0, 0.0, 33.69697969]",80.0,0.0713701425,local
2545_26,slab,-141.13020562,2130.194,True,"[5.08726379, 0.0, 0.0, -2.5436319, 4.40569968, 0.0, 0.0, 0.0, 34.51197368]",18.0,1.7222222222222222e-07,local
2550_28,slab,-88.28501724,2053.871,True,"[3.90920998, 0.0, 0.0, 0.0, 3.90920998, 0.0, 0.0, 0.0, 39.61855494]",16.0,0.0224602625,local
2550_9,slab,-352.71669529,29718.061,True,"[7.81841996, 0.0, -3.90920998, -0.0, 9.90463873, -3.90920998, 0.0, 0.0, 35.18288981]",64.0,0.0,local
2551_50,slab,-98.97056923,3190.478,True,"[7.54546242, 0.0, 0.0, -3.77273121, 6.53456214, 0.0, 0.0, 0.0, 32.75869561]",27.0,0.05916478888888889,local
2552_1,slab,-206.0796656,26933.257,True,"[13.2318002, 0.0, 0.0, 6.6159001, 3.8196917, 3.92826879, 0.0, 0.0, 39.28268786]",36.0,0.0,local
2553_29,slab,-112.59951386,41287.991,True,"[4.64669246, 0.0, -4.64669246, -0.0, 12.64839008, -9.29338493, 0.0, 0.0, 46.46692463]",40.0,0.0,local
2553_3,slab,-111.41431212,66517.486,True,"[4.64669246, 0.0, -4.64669246, -0.0, 12.64839008, -4.64669246, 0.0, 0.0, 41.82023217]",40.0,0.0,local
2555_16,slab,-521.63637842,127799.865,True,"[20.98805564, 0.0, 0.0, 5.99658732, 5.19319696, 3.33394295, 0.0, 0.0, 33.33942947]",72.0,3.7555555555555557e-06,local
2555_48,slab,-525.15316123,55568.755,True,"[7.93273939, 0.0, 0.0, 7.93273939, 13.73990766, 3.33394295, 0.0, 0.0, 30.00548652]",72.0,4.5833333333333333e-08,local
2556_12,slab,-159.5427378,13053.197,True,"[3.45911381, 0.0, 0.0, 0.0, 5.98058464, -10.35867645, 0.0, 0.0, 55.24627439]",27.0,0.0,local
2556_29,slab,-324.54982087,62080.326,True,"[3.45911381, 0.0, 0.0, 0.0, 11.96116927, -13.8115686, 0.0, 0.0, 48.3404901]",54.0,7.407407407407407e-09,local
2556_33,slab,-214.7768659,31107.84,True,"[6.9057843, 0.0, 0.0, 3.45289215, 5.98058464, 3.45911381, 0.0, 0.0, 34.59113811]",36.0,0.0,local
2557_27,slab,-346.14706629,97723.673,True,"[3.41000196, 0.0, 0.0, 0.0, 11.91651399, -13.76000512, 0.0, 0.0, 48.1600179]",54.0,0.014058627777777777,local
2557_34,slab,-287.33726761,46690.71,True,"[6.88000256, 0.0, 0.0, 3.44000128, 5.95825699, 6.82000391, 0.0, 0.0, 40.92002348]",45.0,0.0,local
2557_5,slab,-400.41098865,117800.36,True,"[11.91651399, 0.0, 0.0, 5.95825699, 3.44000128, 6.82000391, 0.0, 0.0, 57.97003326]",63.0,3.1746031746031745e-09,local
2559_12,slab,-195.29994341,31025.622,True,"[8.25756647, 0.0, 0.0, 0.0, 11.86480941, -4.42688621, 0.0, 0.0, 30.98820347]",48.0,2.0833333333333334e-09,local
2559_36,slab,-263.78708038,105665.391,True,"[11.86480941, 0.0, -8.85377242, 0.0, 8.25756647, -4.42688621, 0.0, 0.0, 39.84197588]",64.0,0.0,local
2560_3,slab,-442.70030124,102763.02,True,"[4.21686583, 0.0, -4.21686583, -0.0, 24.5162591, -4.21686583, 0.0, 0.0, 42.16865833]",80.0,0.0,local
2560_4,slab,-221.09958947,21849.215,True,"[12.25812955, 0.0, 0.0, 0.0, 4.21686583, -4.21686583, 0.0, 0.0, 42.16865833]",40.0,5e-09,local
2563_19,slab,-172.54780891,24327.758,True,"[4.06543931, 0.0, 0.0, 0.0, 14.15570355, -8.13087862, 0.0, 0.0, 32.52351446]",30.0,0.025248113333333332,local
2567_14,slab,-60.88990001,7421.961,True,"[3.68727068, 0.0, -2.12884672, -0.0, 7.3295754, -4.25769344, 0.0, 0.0, 38.31924092]",20.0,0.01754535,local
2567_21,slab,-45.77592404,2464.306,True,"[3.68727068, 0.0, -2.12884672, 0.0, 7.3295754, 0.0, 0.0, 0.0, 34.06154748]",15.0,0.0,local
2571_3,slab,-347.10404717,23338.594,True,"[6.02852669, 0.0, 0.0, 0.0, 6.02852669, -6.02852669, 0.0, 0.0, 42.1996868]",48.0,0.0,local
2572_0,slab,-243.48075048,11563.988,True,"[5.945739, 0.0, -5.945739, 0.0, 5.945739, -5.945739, 0.0, 0.0, 47.56591202]",48.0,4.166666666666667e-09,local
2575_25,slab,-301.90014183,42227.858,True,"[3.91214804, 0.0, 0.0, 0.0, 12.07050476, -13.93781834, 0.0, 0.0, 48.7823642]",54.0,7.407407407407407e-09,local
2578_3,slab,-376.99594463,21303.225,True,"[6.85801586, 0.0, 0.0, 0.0, 6.85801586, -6.85801586, 0.0, 0.0, 48.00611104]",48.0,4.166666666666666e-08,local
2586_12,slab,-208.72378491,20372.111,True,"[3.61170763, 0.0, 0.0, 0.0, 6.78339933, -11.74919229, 0.0, 0.0, 54.82956402]",27.0,0.054843237037037036,local
2587_0,slab,-333.22018223,19935.778,True,"[6.0368336, 0.0, -6.0368336, -0.0, 6.0368336, -6.0368336, 0.0, 0.0, 48.29466883]",48.0,0.1715441375,local
2593_3,slab,-248.45125055,15050.734,True,"[6.27333406, 0.0, 0.0, 0.0, 6.27333406, -6.27333406, 0.0, 0.0, 43.91333843]",48.0,0.0,local
2601_29,slab,-199.2261068,16796.629,True,"[4.44064212, 0.0, 4.44064212, 8.88128424, 10.2498882, -0.0, 0.0, 0.0, 44.40642121]",40.0,2.5e-09,local
2604_5,slab,-297.58264682,38189.854,True,"[6.07521994, 0.0, 0.0, 0.0, 12.15043989, -6.07521994, 0.0, 0.0, 30.37609972]",64.0,0.0,local
2606_3,slab,-224.30793639,12368.115,True,"[6.02566961, 0.0, 0.0, -0.0, 6.02566961, 6.02566961, 0.0, 0.0, 42.17968727]",48.0,0.0,local
2610_56,slab,-71.27771964,12744.643,True,"[6.87862767, 0.0, 0.0, 0.0, 6.25971957, 0.0, 0.0, 0.0, 44.80307665]",20.0,0.0859399,local
2610_58,slab,-73.81629136,6938.441,True,"[6.87862767, 0.0, 0.0, 0.0, 6.25971957, 0.0, 0.0, 0.0, 44.80307665]",20.0,5e-09,local
2612_16,slab,-78.51210119,6256.922,True,"[3.82337128, 0.0, -2.20742444, 0.0, 5.55943139, -4.41484888, 0.0, 0.0, 39.73363991]",16.0,0.0,local
2612_3,slab,-198.41860507,50110.013,True,"[3.82337128, 0.0, -6.62227332, -0.0, 11.11886279, -4.41484888, 0.0, 0.0, 52.97818655]",40.0,0.0,local
2612_5,slab,-157.43892706,18133.104,True,"[7.64674257, 0.0, -8.82969776, 0.0, 5.55943139, -4.41484888, 0.0, 0.0, 44.14848879]",32.0,0.0,local
2615_0,slab,-161.74471869,28236.002,True,"[11.11011378, 0.0, -4.56773661, -0.0, 8.02920826, -4.56773661, 0.0, 0.0, 36.5418929]",48.0,0.0,local
2615_46,slab,-108.75831593,19397.079,True,"[4.56773661, 0.0, 0.0, -0.0, 11.11011378, 8.02920826, 0.0, 0.0, 40.14604129]",32.0,0.0,local
2616_2,slab,-222.43187578,19068.237,True,"[7.0845915, 0.0, -7.0845915, -0.0, 7.0845915, -7.0845915, 0.0, 0.0, 49.5921405]",72.0,2.7777777777777776e-09,local
893_13,slab,-463.30515044,44216.115,True,"[4.07756424, 0.0, 0.0, 0.0, 19.97263826, -4.07756424, 0.0, 0.0, 28.54294966]",60.0,0.0,local
896_13,slab,-185.80799686,11211.977,True,"[7.24559751, 0.0, 0.0, 0.0, 7.24559751, 0.0, 0.0, 0.0, 36.22798756]",48.0,4.166666666666667e-09,local
898_0,slab,-211.18869172,16124.116,True,"[4.26329118, 0.0, -4.26329118, 0.0, 9.8450128, -4.26329118, 0.0, 0.0, 42.63291183]",40.0,0.0,local
898_4,slab,-424.15603866,88909.479,True,"[4.26329118, 0.0, 4.26329118, 4.26329118, 19.6900256, 0.0, 0.0, 0.0, 42.63291183]",80.0,0.0,local
901_2,slab,,,False,,,,local
907_21,slab,-59.11883483,988.207,True,"[3.97114997, 0.0, 0.0, 0.0, 3.97114997, 0.0, 0.0, 0.0, 37.94243523]",10.0,0.00932239,local
908_0,slab,-486.99214406,9959.585,True,"[6.38821418, 0.0, -6.38821418, -0.0, 6.38821418, -6.38821418, 0.0, 0.0, 51.10571346]",48.0,6.25e-09,local
909_3,slab,-496.75868538,31739.818,True,"[6.31965951, 0.0, 0.0, 0.0, 6.31965951, -6.31965951, 0.0, 0.0, 44.23761656]",48.0,0.09148198333333334,local
910_8,slab,-122.54095455,105151.693,True,"[6.8118547, 0.0, -11.79847844, -0.0, 9.6169871, -7.86565229, 0.0, 0.0, 62.92521835]",54.0,1.8518518518518518e-09,local
912_19,slab,,,False,,,,local
915_18,slab,-549.70258711,88753.267,True,"[20.81078482, 0.0, 0.0, 5.94593852, 5.14933381, 3.71354246, 0.0, 0.0, 33.42188216]",72.0,0.03527849583333333,local
915_40,slab,-138.66706407,5869.77,True,"[6.81192834, 0.0, -3.93286866, 0.0, 3.71354246, 0.0, 0.0, 0.0, 39.32868659]",18.0,0.11370812222222221,local
915_9,slab,-204.04566149,11180.344,True,"[3.71354246, 0.0, 0.0, 0.0, 6.81192834, -11.79860598, 0.0, 0.0, 55.06016122]",27.0,3.119259259259259e-05,local
917_3,slab,-355.80735198,19211.165,True,"[5.78418899, 0.0, 0.0, 0.0, 5.78418899, -5.78418899, 0.0, 0.0, 40.4893229]",48.0,0.17085624375,local
920_30,slab,,,False,,,,local
921_18,slab,-231.95925268,16876.718,True,"[7.69205537, 0.0, 0.0, -0.0, 5.43132018, 4.44101024, 0.0, 0.0, 35.52808192]",36.0,0.037547611111111115,local
921_8,slab,-311.33294991,22822.705,True,"[5.43132018, 0.0, 0.0, 0.0, 7.69205537, -8.88202048, 0.0, 0.0, 44.41010241]",48.0,0.010918256250000001,local
925_22,slab,,,False,,,,local
925_4,slab,,,False,,,,local
925_97,slab,-95.67869699,14840.282,True,"[6.69408859, 0.0, -3.66766382, 0.0, 6.32864507, 0.0, 0.0, 0.0, 32.02027377]",24.0,0.0,local
926_14,slab,-156.60437205,14944.886,True,"[7.28639294, 0.0, 0.0, 0.0, 7.28639294, 0.0, 0.0, 0.0, 36.43196472]",48.0,4.166666666666667e-09,local
935_17,slab,,,False,,,,local
935_47,slab,-117.5045289,22637.312,True,"[8.56266048, 0.0, 0.0, 17.04744141, 17.44190716, 5.28481962, 0.0, 0.0, 26.42409812]",48.0,0.0,local
935_64,slab,-122.14483231,22085.192,True,"[5.28481962, 0.0, 0.0, 0.0, 17.44190716, -8.48478092, 0.0, 0.0, 34.25064193]",48.0,1.0416666666666666e-08,local
936_0,slab,-102.33157449,6269.289,True,"[6.32871108, 0.0, -6.32871108, -0.0, 6.32871108, -6.32871108, 0.0, 0.0, 50.62968864]",48.0,0.0,local
941_1,slab,-66.56613749,28399.736,True,"[4.22115866, 0.0, -7.31126127, -0.0, 8.15978544, -4.87417418, 0.0, 0.0, 58.49009017]",25.0,0.057932656,local
943_12,slab,-200.84993767,66416.756,True,"[8.58058278, 0.0, -3.79946297, -0.0, 10.80985673, -3.79946297, 0.0, 0.0, 34.1951667]",64.0,0.0,local
943_28,slab,-149.14608622,51131.419,True,"[7.59892593, 0.0, 4.29029139, 7.59892593, 10.80985673, 0.0, 0.0, 0.0, 34.3223311]",48.0,0.0,local
944_10,slab,-136.59021482,15344.894,True,"[3.82340406, 0.0, 0.0, 0.0, 6.44913291, -11.17022586, 0.0, 0.0, 59.57453791]",27.0,5.222222222222223e-07,local
945_0,slab,-385.61002728,15777.605,True,"[6.39029792, 0.0, -6.39029792, -0.0, 6.39029792, -6.39029792, 0.0, 0.0, 51.12238337]",48.0,2.0833333333333334e-09,local
946_1,slab,-219.31487686,26005.606,True,"[7.01984628, 0.0, -7.01984628, -0.0, 7.01984628, -7.01984628, 0.0, 0.0, 49.13892395]",48.0,6.25e-08,local
947_14,slab,-162.00513419,19508.909,True,"[11.10496147, 0.0, -4.32894123, 7.68463122, 7.25978436, 0.0, 0.0, 0.0, 30.30258862]",42.0,0.0,local
947_40,slab,-108.88905827,10197.539,True,"[4.32894123, 0.0, 0.0, -0.0, 14.51956873, 4.26430096, 0.0, 0.0, 33.31488441]",28.0,1.8928571428571428e-07,local
947_66,slab,-216.67683037,39619.596,True,"[4.32894123, 0.0, 0.0, -0.0, 20.09172809, 17.49104943, 0.0, 0.0, 40.12577976]",56.0,1.7857142857142855e-09,local
948_39,slab,,,False,,,,local
948_52,slab,-424.58614362,103953.495,True,"[6.56667269, 0.0, 0.0, 6.56667269, 11.37381074, 3.64210624, 0.0, 0.0, 29.13684992]",54.0,0.7679769740740741,local
951_14,slab,-227.73900785,33131.538,True,"[5.84012333, 0.0, 0.0, 0.0, 16.94352023, -4.52867599, 0.0, 0.0, 31.70073191]",60.0,0.0,local
951_18,slab,-228.89118669,31471.631,True,"[9.05735197, 0.0, 5.84012333, 9.05735197, 8.47176012, -0.0, 0.0, 0.0, 40.88086334]",60.0,0.0,local
954_16,slab,-99.79588314,23691.778,True,"[6.64361163, 0.0, 0.0, 0.0, 13.11671852, -6.64361163, 0.0, 0.0, 33.21805816]",32.0,0.0,local
955_24,slab,-237.46536561,9332.165,True,"[10.16912765, 0.0, 0.0, 0.0, 6.63835819, 0.0, 0.0, 0.0, 31.10347436]",48.0,0.0,local
955_37,slab,-314.05594748,31367.677,True,"[11.09750185, 0.0, 0.0, 3.55816839, 8.14327933, 6.63835819, 0.0, 0.0, 33.19179096]",64.0,6.25e-09,local
961_32,slab,,,False,,,,local
961_7,slab,-121.20644243,41215.624,True,"[14.55848431, 0.0, 0.0, 0.0, 7.39499354, -7.20978512, 0.0, 0.0, 36.04892561]",40.0,0.0,local
961_8,slab,,,False,,,,local
963_42,slab,-161.37999869,75092.232,True,"[7.15750091, 0.0, 0.0, 0.0, 14.82563484, -7.73093187, 0.0, 0.0, 38.65465935]",40.0,0.9954891575,local
963_52,slab,-160.30285376,158106.689,True,"[7.15750091, 0.0, 0.0, -0.0, 15.46186374, 14.82563484, 0.0, 0.0, 44.47690452]",40.0,0.9775689025000001,local
963_9,slab,,,False,,,,local
964_18,slab,-168.88934131,147781.618,True,"[13.99968974, 0.0, 8.59711489, 5.77032076, 6.8910158, 17.24284066, 0.0, 0.0, 69.16580612]",72.0,5.555555555555555e-09,local
964_33,slab,-111.55729893,63765.695,True,"[5.36676375, 0.0, 0.0, 0.0, 12.49554448, -24.38979171, 0.0, 0.0, 62.1878374]",48.0,0.0,local
964_34,slab,-111.86819827,34210.173,True,"[5.36676375, 0.0, 0.0, 0.0, 12.49554448, -24.38979171, 0.0, 0.0, 62.1878374]",48.0,1.875e-08,local
968_13,slab,,,False,,,,local
969_2,slab,-145.63443134,10035.778,True,"[6.642721, 0.0, -6.642721, -0.0, 6.642721, -6.642721, 0.0, 0.0, 46.49904698]",48.0,0.0,local
973_31,slab,-79.27593054,3819.003,True,"[4.27855638, 0.0, 0.0, 0.0, 10.71748806, -4.27855638, 0.0, 0.0, 29.94989468]",30.0,0.0,local
974_3,slab,-360.48264403,50930.274,True,"[8.42304982, 0.0, -4.85915679, -0.0, 6.73552007, -4.88605247, 0.0, 0.0, 38.87325428]",54.0,1.8518518518518518e-09,local
974_84,slab,-485.72945853,124671.298,True,"[4.85911805, 0.0, -0.019403, -0.0, 16.84609964, 6.73557377, 0.0, 0.0, 33.67786885]",72.0,1.3888888888888888e-09,local
974_87,slab,-485.13760847,106734.382,True,"[4.85911805, 0.0, -0.019403, -0.0, 16.84609964, 6.73557377, 0.0, 0.0, 33.67786885]",72.0,0.0,local
977_19,slab,-427.44922707,27945.554,True,"[3.29415689, 0.0, -1.90188237, -0.0, 18.64811157, 3.80376473, 0.0, 0.0, 34.23388259]",72.0,1.3888888888888888e-09,local
979_3,slab,-312.2709837,45836.136,True,"[5.90811778, 0.0, 0.0, 0.0, 5.90811778, -5.90811778, 0.0, 0.0, 41.35682448]",48.0,6.979166666666667e-07,local
980_25,slab,-82.18108015,29653.16,True,"[6.27887427, 0.0, 0.0, 0.0, 12.01144015, -6.27887427, 0.0, 0.0, 31.39437133]",28.0,0.0,local
980_29,slab,-80.29578015,51799.332,True,"[6.27887427, 0.0, 0.0, 0.0, 12.01144015, -6.27887427, 0.0, 0.0, 31.39437133]",28.0,0.0,local
987_17,slab,-325.20164438,21730.402,True,"[3.26397371, 0.0, 0.0, 0.0, 16.38194732, -3.26397371, 0.0, 0.0, 29.37576339]",48.0,0.0060570875,local
987_23,slab,-200.41990389,14172.967,True,"[3.26397371, 0.0, 3.26397371, 6.52794742, 8.19097366, -0.0, 0.0, 0.0, 42.43165822]",30.0,0.03862334666666667,local
996_0,slab,-380.55971467,22182.403,True,"[6.0292556, 0.0, 6.0292556, 6.0292556, 6.0292556, -0.0, 0.0, 0.0, 48.23404478]",48.0,0.11326539375,local
