id,type,energy,time,convergence,lattice_1d,atom_amount,mag_per_atom,runtype
1001_2,bulk,-116.26787615,434.014,True,"[4.22865244, 0.0, -4.22865244, -0.0, 21.82093292, -4.22865244, 0.0, 0.0, 4.22865244]",20.0,2.2375e-05,local
1007_2,bulk,-137.80004712,533.976,True,"[3.77744368, 0.0, -3.77744368, -0.0, 19.41902796, -3.77744368, 0.0, 0.0, 3.77744368]",20.0,2.703e-05,local
1007_3,bulk,-137.80004712,471.642,True,"[3.77744368, 0.0, -3.77744368, -0.0, 19.41902796, -3.77744368, 0.0, 0.0, 3.77744368]",20.0,2.703e-05,local
1007_4,bulk,-68.89210784,128.869,True,"[9.70951398, 0.0, 0.0, 0.0, 3.77744368, -3.77744368, 0.0, 0.0, 3.77744368]",10.0,0.00010926,local
1012_1,bulk,-135.15458137,535.843,True,"[6.82729991, 0.0, -6.82729991, -0.0, 6.82729991, -6.82729991, 0.0, 0.0, 6.82729991]",24.0,2.1520833333333336e-05,local
1016_0,bulk,-136.16047797,396.246,True,"[6.78195511, 0.0, -6.78195511, -0.0, 6.78195511, -6.78195511, 0.0, 0.0, 6.78195511]",24.0,0.00017057499999999999,local
1016_3,bulk,-136.16047797,385.284,True,"[6.78195511, 0.0, -6.78195511, -0.0, 6.78195511, -6.78195511, 0.0, 0.0, 6.78195511]",24.0,0.00017057499999999999,local
1016_8,bulk,-136.15592199,386.66,True,"[6.78195511, 0.0, 0.0, 0.0, 6.78195511, -6.78195511, 0.0, 0.0, 6.78195511]",24.0,0.00017141666666666664,local
1019_10,bulk,-111.28179719,227.436,True,"[14.99180285, 0.0, 0.0, 0.0, 8.09640606, -4.04820303, 0.0, 0.0, 4.04820303]",20.0,2.569e-05,local
1019_6,bulk,,,False,,,,local
1021_25,bulk,-74.38408041,440.229,True,"[17.27467821, 0.0, 0.0, -0.0, 4.24728417, 4.09908539, 0.0, 0.0, 4.09908539]",16.0,2.76875e-06,local
1021_2,bulk,-74.38742325,639.932,True,"[17.78915203, 0.0, 0.0, 1.01406873, 4.12444995, 4.09908539, 0.0, 0.0, 4.09908539]",16.0,3.33125e-06,local
1021_3,bulk,-74.38742325,621.776,True,"[17.78915203, 0.0, 0.0, 1.01406873, 4.12444995, 4.09908539, 0.0, 0.0, 4.09908539]",16.0,3.33125e-06,local
1026_33,bulk,-92.33212756,495.705,True,"[13.23963746, 0.0, 0.0, 9.48457798, 12.69596504, 6.62266383, 0.0, 0.0, 6.62266383]",32.0,9.390625e-06,local
1027_1,bulk,-138.82179132,164.786,True,"[5.733426, 0.0, -5.733426, -0.0, 5.733426, -5.733426, 0.0, 0.0, 5.733426]",16.0,1.2103344625,local
1027_5,bulk,-277.62375442,659.364,True,"[5.733426, 0.0, 0.0, 0.0, 11.466852, -5.733426, 0.0, 0.0, 5.733426]",32.0,1.21674911875,local
1027_6,bulk,-138.79257355,88.643,True,"[5.733426, 0.0, 0.0, 0.0, 5.733426, 0.0, 0.0, 0.0, 5.733426]",16.0,1.21791156875,local
1029_0,bulk,-226.86474158,420.643,True,"[6.88724458, 0.0, -6.88724458, -0.0, 6.88724458, -6.88724458, 0.0, 0.0, 6.88724458]",24.0,1.5575e-05,local
1029_13,bulk,-226.89600172,127.407,True,"[6.88724458, 0.0, 0.0, 0.0, 6.88724458, 0.0, 0.0, 0.0, 6.88724458]",24.0,3.757083333333333e-05,local
1029_3,bulk,-226.86474158,504.023,True,"[6.88724458, 0.0, -6.88724458, -0.0, 6.88724458, -6.88724458, 0.0, 0.0, 6.88724458]",24.0,1.5575e-05,local
1034_0,bulk,-103.97676303,115.37,True,"[6.02883942, 0.0, -6.02883942, -0.0, 6.02883942, -6.02883942, 0.0, 0.0, 6.02883942]",24.0,8.333333333333334e-09,local
1034_3,bulk,-103.97676303,120.307,True,"[6.02883942, 0.0, -6.02883942, -0.0, 6.02883942, -6.02883942, 0.0, 0.0, 6.02883942]",24.0,8.333333333333334e-09,local
1034_8,bulk,-103.96909092,136.043,True,"[6.02883942, 0.0, 0.0, 0.0, 6.02883942, -6.02883942, 0.0, 0.0, 6.02883942]",24.0,1.0258333333333335e-05,local
1036_0,bulk,-137.81194859,101.127,True,"[5.66339993, 0.0, 5.66339993, 5.66339993, 5.66339993, -0.0, 0.0, 0.0, 5.66339993]",16.0,0.23984636875,local
1038_0,bulk,-113.9467442,159.854,True,"[6.51735748, 0.0, -6.51735748, -0.0, 6.51735748, -6.51735748, 0.0, 0.0, 6.51735748]",16.0,7.780625e-05,local
1038_1,bulk,-113.9467442,166.681,True,"[6.51735748, 0.0, -6.51735748, -0.0, 6.51735748, -6.51735748, 0.0, 0.0, 6.51735748]",16.0,7.780625e-05,local
1038_5,bulk,-228.01036147,465.882,True,"[6.51735748, 0.0, 0.0, 0.0, 13.03471496, -6.51735748, 0.0, 0.0, 6.51735748]",32.0,9.5478125e-05,local
1047_0,bulk,-129.09977649,115.42,True,"[5.7613881, 0.0, 5.7613881, 5.7613881, 5.7613881, -0.0, 0.0, 0.0, 5.7613881]",16.0,2.029375e-05,local
1047_1,bulk,-129.09977649,94.344,True,"[5.7613881, 0.0, 5.7613881, 5.7613881, 5.7613881, -0.0, 0.0, 0.0, 5.7613881]",16.0,2.029375e-05,local
1047_5,bulk,-258.15675598,483.313,True,"[5.7613881, 0.0, 0.0, 0.0, 11.52277619, -5.7613881, 0.0, 0.0, 5.7613881]",32.0,1.2521875e-05,local
1048_1,bulk,-67.05987681,66.087,True,"[5.88795887, 0.0, -5.88795887, -0.0, 5.88795887, -5.88795887, 0.0, 0.0, 5.88795887]",16.0,1.3175e-05,local
1049_0,bulk,-102.87232976,149.706,True,"[6.21012321, 0.0, -6.21012321, -0.0, 6.21012321, -6.21012321, 0.0, 0.0, 6.21012321]",16.0,0.262261625,local
1053_0,bulk,-109.06938403,109.194,True,"[6.06073005, 0.0, 6.06073005, 6.06073005, 6.06073005, -0.0, 0.0, 0.0, 6.06073005]",16.0,0.2535479,local
1053_1,bulk,-109.06938402,131.386,True,"[6.06073005, 0.0, 6.06073005, 6.06073005, 6.06073005, -0.0, 0.0, 0.0, 6.06073005]",16.0,0.2535479,local
1053_3,bulk,-109.07236864,156.862,True,"[6.06073005, 0.0, 0.0, 0.0, 6.06073005, -6.06073005, 0.0, 0.0, 6.06073005]",16.0,0.25410165,local
1063_16,bulk,-93.23671846,486.488,True,"[3.71688263, 0.0, -2.14594319, -0.0, 26.9722473, -4.29188637, 0.0, 0.0, 4.29188637]",21.0,2.110952380952381e-05,local
1063_18,bulk,-93.23671846,521.574,True,"[3.71688263, 0.0, -2.14594319, -0.0, 26.9722473, -4.29188637, 0.0, 0.0, 4.29188637]",21.0,2.110952380952381e-05,local
1063_38,bulk,-93.2538957,451.087,True,"[3.71688263, 0.0, -2.14594319, -0.0, 26.9722473, 8.58377274, 0.0, 0.0, 4.29188637]",21.0,1.1766666666666667e-05,local
1064_0,bulk,-159.3055026,947.725,True,"[4.52612603, 0.0, -7.83948024, -0.0, 12.08782409, -5.22632016, 0.0, 0.0, 5.22632016]",18.0,0.00010681111111111111,local
1064_1,bulk,-159.30550259,926.12,True,"[4.52612603, 0.0, -7.83948024, -0.0, 12.08782409, -5.22632016, 0.0, 0.0, 5.22632016]",18.0,0.00010681111111111111,local
1064_24,bulk,-159.30034179,726.588,True,"[4.52612603, 0.0, -2.61316008, -0.0, 12.08782409, 10.45264032, 0.0, 0.0, 5.22632016]",18.0,6.294444444444444e-05,local
1065_3,bulk,-67.74788792,262.449,True,"[6.67614613, 0.0, -6.67614613, 0.0, 13.35229227, -6.67614613, 0.0, 0.0, 6.67614613]",24.0,1.6383333333333333e-05,local
1065_4,bulk,-67.74788792,300.784,True,"[6.67614613, 0.0, -6.67614613, 0.0, 13.35229227, -6.67614613, 0.0, 0.0, 6.67614613]",24.0,1.6383333333333333e-05,local
1065_7,bulk,-67.72924616,186.305,True,"[6.67614613, 0.0, 0.0, 0.0, 13.35229227, -6.67614613, 0.0, 0.0, 6.67614613]",24.0,8.629166666666667e-06,local
1068_0,bulk,-92.33615044,54.79,True,"[6.09426335, 0.0, -6.09426335, 0.0, 6.09426335, -6.09426335, 0.0, 0.0, 6.09426335]",16.0,5.925e-06,local
1080_0,bulk,-118.3705606,100.47,True,"[6.08394261, 0.0, 6.08394261, 6.08394261, 6.08394261, -0.0, 0.0, 0.0, 6.08394261]",16.0,4.799375e-05,local
1083_17,bulk,-156.75932144,510.202,True,"[17.15256973, 0.0, 0.0, 4.90073421, 4.24416032, 3.57701546, 0.0, 0.0, 3.57701546]",18.0,0.2362163055555556,local
1083_18,bulk,-156.75932144,513.848,True,"[17.15256973, 0.0, 0.0, 4.90073421, 4.24416032, 3.57701546, 0.0, 0.0, 3.57701546]",18.0,0.2362163055555556,local
1083_50,bulk,-156.76362251,484.766,True,"[6.48306198, 0.0, 0.0, 6.48306198, 11.22899274, 3.57701546, 0.0, 0.0, 3.57701546]",18.0,0.23593989999999998,local
1084_44,bulk,-140.7201342,319.43,True,"[11.08297173, 0.0, 0.0, 0.0, 6.39875671, -3.52407267, 0.0, 0.0, 3.52407267]",18.0,0.21864515555555555,local
1084_48,bulk,-140.71615295,531.203,True,"[6.39875671, 0.0, 0.0, 6.39875671, 11.08297173, 3.52407267, 0.0, 0.0, 3.52407267]",18.0,0.22034234444444445,local
1085_0,bulk,-121.54092419,65.185,True,"[5.91588883, 0.0, -5.91588883, -0.0, 5.91588883, -5.91588883, 0.0, 0.0, 5.91588883]",16.0,2.500625e-05,local
1085_5,bulk,-243.04897447,286.77,True,"[5.91588883, 0.0, 0.0, 0.0, 11.83177766, -5.91588883, 0.0, 0.0, 5.91588883]",32.0,2.2990625e-05,local
1090_1,bulk,-67.10949074,54.235,True,"[6.34797642, 0.0, -6.34797642, -0.0, 6.34797642, -6.34797642, 0.0, 0.0, 6.34797642]",16.0,5.053125e-05,local
1092_23,bulk,-188.16619495,572.04,True,"[7.75750177, 0.0, 0.0, 0.0, 7.91287615, 0.0, 0.0, 0.0, 7.43264592]",32.0,5.23125e-05,local
1092_43,bulk,-188.17487312,820.96,True,"[7.43264592, 0.0, 0.0, -0.0, 7.91287615, -7.75750177, 0.0, 0.0, 7.75750177]",32.0,1.875e-08,local
1092_53,bulk,-188.16619495,512.102,True,"[7.43264592, 0.0, 0.0, 0.0, 7.75750177, 0.0, 0.0, 0.0, 7.91287615]",32.0,5.2478125e-05,local
1093_1,bulk,-141.5318821,147.672,True,"[6.19452032, 0.0, -6.19452032, -0.0, 6.19452032, -6.19452032, 0.0, 0.0, 6.19452032]",16.0,6.6875e-07,local
1099_3,bulk,-79.31354936,255.051,True,"[6.51274874, 0.0, -6.51274874, 0.0, 13.02549747, -6.51274874, 0.0, 0.0, 6.51274874]",24.0,1.475e-05,local
1099_4,bulk,-79.31354936,262.591,True,"[6.51274874, 0.0, -6.51274874, 0.0, 13.02549747, -6.51274874, 0.0, 0.0, 6.51274874]",24.0,1.475e-05,local
1100_2,bulk,-84.37290896,107.037,True,"[3.9901084, 0.0, -3.9901084, -0.0, 14.30605562, -3.9901084, 0.0, 0.0, 3.9901084]",14.0,2.162142857142857e-05,local
1101_5,bulk,-85.03967204,955.462,True,"[4.87377969, 0.0, 4.87377969, 4.87377969, 22.15641454, 0.0, 0.0, 0.0, 4.87377969]",20.0,0.00012359,local
1101_6,bulk,-85.03967204,911.008,True,"[4.87377969, 0.0, 4.87377969, 4.87377969, 22.15641454, 0.0, 0.0, 0.0, 4.87377969]",20.0,0.00012359,local
1101_7,bulk,-85.03967204,870.67,True,"[4.87377969, 0.0, 4.87377969, 4.87377969, 22.15641454, 0.0, 0.0, 0.0, 4.87377969]",20.0,0.00012359,local
1107_0,bulk,-97.24086917,104.975,True,"[6.05539316, 0.0, -6.05539316, -0.0, 6.05539316, -6.05539316, 0.0, 0.0, 6.05539316]",16.0,9.66875e-06,local
1107_3,bulk,-97.27478966,203.113,True,"[6.05539316, 0.0, 0.0, 0.0, 6.05539316, -6.05539316, 0.0, 0.0, 6.05539316]",16.0,1.540625e-05,local
1110_0,bulk,-141.77826498,208.82,True,"[6.19245051, 0.0, -6.19245051, -0.0, 6.19245051, -6.19245051, 0.0, 0.0, 6.19245051]",16.0,8.875e-07,local
1110_5,bulk,-283.56144788,729.008,True,"[6.19245051, 0.0, 0.0, 0.0, 12.38490102, -6.19245051, 0.0, 0.0, 6.19245051]",32.0,6.71875e-06,local
1111_0,bulk,-252.95914312,810.761,True,"[10.63434327, 0.0, -6.48623959, -0.0, 12.79146868, -6.48623959, 0.0, 0.0, 6.48623959]",40.0,9.8295e-05,local
1111_18,bulk,-252.96251447,550.58,True,"[10.63434327, 0.0, 0.0, 0.0, 12.79146868, -6.48623959, 0.0, 0.0, 6.48623959]",40.0,9.812499999999999e-05,local
1111_34,bulk,-252.96944196,756.133,True,"[6.48623959, 0.0, 0.0, -0.0, 12.79146868, -10.63434327, 0.0, 0.0, 10.63434327]",40.0,9.909249999999999e-05,local
1112_5,bulk,-303.91580564,692.815,True,"[6.20615774, 0.0, 0.0, 0.0, 12.41231549, -6.20615774, 0.0, 0.0, 6.20615774]",32.0,3.086875e-05,local
1113_1,bulk,-60.91212027,435.385,True,"[10.39677091, 0.0, -4.04958045, -0.0, 7.03526492, -4.04958045, 0.0, 0.0, 4.04958045]",16.0,7.5e-08,local
1113_42,bulk,-121.87942401,1045.561,True,"[11.15759594, 0.0, 0.0, 2.93954036, 7.54688741, 7.03526492, 0.0, 0.0, 7.03526492]",32.0,6.875e-08,local
1113_63,bulk,-121.80988569,1283.523,True,"[4.04958045, 0.0, 0.0, -0.0, 20.79354182, 7.03526492, 0.0, 0.0, 7.03526492]",32.0,1.75e-07,local
1117_18,bulk,-75.51683632,335.307,True,"[3.74022173, 0.0, -2.15941802, -0.0, 27.85364067, -4.31883605, 0.0, 0.0, 4.31883605]",21.0,1.7095238095238097e-05,local
1118_3,bulk,-127.99470424,236.209,True,"[6.30327334, 0.0, 0.0, 0.0, 6.30327334, -6.30327334, 0.0, 0.0, 6.30327334]",16.0,5.49375e-06,local
1123_1,bulk,-135.44729724,103.142,True,"[6.15952831, 0.0, 6.15952831, 6.15952831, 6.15952831, -0.0, 0.0, 0.0, 6.15952831]",16.0,1.495e-05,local
1125_7,bulk,-95.23551111,285.081,True,"[5.60200455, 0.0, -2.80100227, 0.0, 12.84455802, -2.80100227, 0.0, 0.0, 2.80100227]",16.0,0.5391438375,local
1126_10,bulk,-140.49713895,631.26,True,"[14.55359549, 0.0, -7.06958558, -0.0, 14.30998326, -7.06958558, 0.0, 0.0, 7.06958558]",40.0,3.7024999999999997e-06,local
1126_16,bulk,-140.50106276,564.749,True,"[14.30998326, 0.0, 0.0, 0.0, 14.55359549, -7.06958558, 0.0, 0.0, 7.06958558]",40.0,3.575e-06,local
1126_9,bulk,-140.49713895,635.378,True,"[14.55359549, 0.0, -7.06958558, -0.0, 14.30998326, -7.06958558, 0.0, 0.0, 7.06958558]",40.0,3.7024999999999997e-06,local
1128_10,bulk,-89.20835279,820.562,True,"[19.34934908, 0.0, 0.0, 0.0, 3.80090003, -3.80090003, 0.0, 0.0, 3.80090003]",18.0,2.1038888888888887e-05,local
1128_2,bulk,-89.20979319,1214.548,True,"[3.80090003, 0.0, -3.80090003, -0.0, 19.34934908, -3.80090003, 0.0, 0.0, 3.80090003]",18.0,7.555555555555556e-07,local
1128_41,bulk,-89.20833221,1315.267,True,"[3.80090003, 0.0, -3.80090003, 0.0, 19.34934908, -7.60180007, 0.0, 0.0, 3.80090003]",18.0,7.388888888888888e-07,local
1141_0,bulk,-60.67418912,51.615,True,"[6.35658278, 0.0, -6.35658278, -0.0, 6.35658278, -6.35658278, 0.0, 0.0, 6.35658278]",16.0,1.785625e-05,local
1141_3,bulk,-60.6689773,45.014,True,"[6.35658278, 0.0, 0.0, 0.0, 6.35658278, -6.35658278, 0.0, 0.0, 6.35658278]",16.0,1.7425e-05,local
1141_5,bulk,-121.3488432,144.31,True,"[6.35658278, 0.0, 0.0, 0.0, 12.71316555, -6.35658278, 0.0, 0.0, 6.35658278]",32.0,7.134375e-06,local
1143_8,bulk,-113.74047674,116.227,True,"[7.0159996, 0.0, 0.0, 0.0, 9.86510329, -3.73433358, 0.0, 0.0, 3.73433358]",16.0,7.8e-06,local
1144_3,bulk,-133.92578298,121.964,True,"[6.18512127, 0.0, 0.0, 0.0, 6.18512127, -6.18512127, 0.0, 0.0, 6.18512127]",16.0,7.8375e-06,local
1144_5,bulk,-267.85417755,481.996,True,"[6.18512127, 0.0, 0.0, 0.0, 12.37024255, -6.18512127, 0.0, 0.0, 6.18512127]",32.0,3.00625e-06,local
1148_5,bulk,-346.32239034,603.246,True,"[6.41188364, 0.0, 0.0, 0.0, 12.82376728, -6.41188364, 0.0, 0.0, 6.41188364]",32.0,2.8240625e-05,local
1154_5,bulk,-331.39890577,499.309,True,"[6.40336456, 0.0, 0.0, 0.0, 12.80672911, -6.40336456, 0.0, 0.0, 6.40336456]",32.0,0.02392251875,local
1158_0,bulk,-75.04185455,81.717,True,"[6.13120436, 0.0, 6.13120436, 6.13120436, 6.13120436, -0.0, 0.0, 0.0, 6.13120436]",16.0,2.5e-08,local
1158_3,bulk,-75.05898411,106.644,True,"[6.13120436, 0.0, 0.0, 0.0, 6.13120436, -6.13120436, 0.0, 0.0, 6.13120436]",16.0,9.48125e-06,local
1158_5,bulk,-150.12801702,452.743,True,"[6.13120436, 0.0, 0.0, 0.0, 12.26240871, -6.13120436, 0.0, 0.0, 6.13120436]",32.0,3.603125e-06,local
1159_0,bulk,-68.56806923,104.713,True,"[6.53570585, 0.0, -6.53570585, -0.0, 6.53570585, -6.53570585, 0.0, 0.0, 6.53570585]",16.0,1.508125e-05,local
1159_1,bulk,-68.56806923,97.702,True,"[6.53570585, 0.0, -6.53570585, -0.0, 6.53570585, -6.53570585, 0.0, 0.0, 6.53570585]",16.0,1.508125e-05,local
1159_5,bulk,-137.16012342,269.482,True,"[6.53570585, 0.0, 0.0, 0.0, 13.0714117, -6.53570585, 0.0, 0.0, 6.53570585]",32.0,4.5653125e-05,local
1163_0,bulk,-158.71162087,206.98,True,"[6.58671293, 0.0, -6.58671293, 0.0, 6.58671293, -6.58671293, 0.0, 0.0, 6.58671293]",16.0,4.701875e-05,local
1166_2,bulk,-113.80538088,147.097,True,"[5.99603055, 0.0, -5.99603055, 0.0, 5.99603055, -5.99603055, 0.0, 0.0, 5.99603055]",24.0,0.12854271250000002,local
1171_0,bulk,-147.61707393,154.918,True,"[6.0955285, 0.0, -6.0955285, -0.0, 6.0955285, -6.0955285, 0.0, 0.0, 6.0955285]",16.0,0.0001459,local
1171_3,bulk,-147.60526091,223.484,True,"[6.0955285, 0.0, 0.0, 0.0, 6.0955285, -6.0955285, 0.0, 0.0, 6.0955285]",16.0,0.00066925,local
1177_0,bulk,-96.79097958,123.611,True,"[5.98071006, 0.0, -5.98071006, -0.0, 5.98071006, -5.98071006, 0.0, 0.0, 5.98071006]",16.0,0.4626339375,local
1177_1,bulk,-96.79097958,187.37,True,"[5.98071006, 0.0, -5.98071006, -0.0, 5.98071006, -5.98071006, 0.0, 0.0, 5.98071006]",16.0,0.4626339375,local
1178_3,bulk,-153.31396912,122.415,True,"[6.22086084, 0.0, 0.0, 0.0, 6.22086084, -6.22086084, 0.0, 0.0, 6.22086084]",16.0,9.8125e-07,local
1179_0,bulk,-130.08256001,75.881,True,"[5.94909295, 0.0, -5.94909295, -0.0, 5.94909295, -5.94909295, 0.0, 0.0, 5.94909295]",16.0,1.725e-06,local
1179_3,bulk,-130.07501085,127.914,True,"[5.94909295, 0.0, 0.0, 0.0, 5.94909295, -5.94909295, 0.0, 0.0, 5.94909295]",16.0,1.3875e-06,local
1179_5,bulk,-260.15291165,389.783,True,"[5.94909295, 0.0, 0.0, 0.0, 11.8981859, -5.94909295, 0.0, 0.0, 5.94909295]",32.0,3.515625e-06,local
1186_3,bulk,-179.85040057,121.311,True,"[6.4159441, 0.0, 0.0, 0.0, 6.4159441, -6.4159441, 0.0, 0.0, 6.4159441]",16.0,1.3825e-05,local
1186_5,bulk,-359.68077429,421.144,True,"[6.4159441, 0.0, 0.0, 0.0, 12.83188819, -6.4159441, 0.0, 0.0, 6.4159441]",32.0,2.53125e-06,local
1198_1,bulk,-85.43169105,65.942,True,"[5.60034781, 0.0, -5.60034781, -0.0, 5.60034781, -5.60034781, 0.0, 0.0, 5.60034781]",16.0,7.3625e-06,local
1205_18,bulk,-164.75546408,465.098,True,"[17.79345221, 0.0, 0.0, 5.08384349, 4.40273761, 3.80257832, 0.0, 0.0, 3.80257832]",18.0,9.295555555555555e-05,local
1205_44,bulk,-164.76222504,502.254,True,"[11.6485488, 0.0, 0.0, 0.0, 6.72529279, -3.80257832, 0.0, 0.0, 3.80257832]",18.0,1.0555555555555555e-07,local
1205_45,bulk,-164.76222504,404.805,True,"[11.6485488, 0.0, 0.0, 0.0, 6.72529279, -3.80257832, 0.0, 0.0, 3.80257832]",18.0,1.0555555555555555e-07,local
1208_3,bulk,-74.10546209,165.511,True,"[5.96929848, 0.0, -5.96929848, 0.0, 11.93859695, -5.96929848, 0.0, 0.0, 5.96929848]",24.0,1.42125e-05,local
1208_4,bulk,-74.10546209,197.992,True,"[5.96929848, 0.0, -5.96929848, 0.0, 11.93859695, -5.96929848, 0.0, 0.0, 5.96929848]",24.0,1.42125e-05,local
1210_0,bulk,-124.98897904,194.793,True,"[6.36822121, 0.0, -6.36822121, -0.0, 6.36822121, -6.36822121, 0.0, 0.0, 6.36822121]",16.0,0.0001363375,local
1210_1,bulk,-124.98897903,152.615,True,"[6.36822121, 0.0, -6.36822121, -0.0, 6.36822121, -6.36822121, 0.0, 0.0, 6.36822121]",16.0,0.0001363375,local
1211_1,bulk,-125.94573031,139.913,True,"[5.97612933, 0.0, -5.97612933, -0.0, 5.97612933, -5.97612933, 0.0, 0.0, 5.97612933]",16.0,3.90875e-05,local
1211_5,bulk,-251.93660025,876.8,True,"[5.97612933, 0.0, 0.0, 0.0, 11.95225867, -5.97612933, 0.0, 0.0, 5.97612933]",32.0,5.5090625e-05,local
1212_2,bulk,-98.47066241,734.28,True,"[4.4410397, 0.0, -4.4410397, -0.0, 20.70312306, -4.4410397, 0.0, 0.0, 4.4410397]",20.0,6.999999999999999e-08,local
1212_3,bulk,-98.47066241,640.071,True,"[4.4410397, 0.0, -4.4410397, -0.0, 20.70312306, -4.4410397, 0.0, 0.0, 4.4410397]",20.0,6.999999999999999e-08,local
1212_9,bulk,-98.46083969,187.419,True,"[10.35156153, 0.0, 0.0, 0.0, 8.8820794, -4.4410397, 0.0, 0.0, 4.4410397]",20.0,7.8235e-05,local
1214_0,bulk,-140.19524508,162.498,True,"[6.28072896, 0.0, -6.28072896, -0.0, 6.28072896, -6.28072896, 0.0, 0.0, 6.28072896]",16.0,5.075e-06,local
1214_1,bulk,-140.19524508,149.432,True,"[6.28072896, 0.0, -6.28072896, -0.0, 6.28072896, -6.28072896, 0.0, 0.0, 6.28072896]",16.0,5.075e-06,local
1214_5,bulk,-280.43600785,741.821,True,"[6.28072896, 0.0, 0.0, 0.0, 12.56145792, -6.28072896, 0.0, 0.0, 6.28072896]",32.0,6.0384375e-05,local
1217_36,bulk,-55.50927598,248.992,True,"[7.34648106, 0.0, -7.04184051, -0.0, 14.17329789, -14.08368101, 0.0, 0.0, 7.04184051]",20.0,5.1435e-05,local
1217_37,bulk,-55.50927598,213.837,True,"[7.34648106, 0.0, -7.04184051, -0.0, 14.17329789, -14.08368101, 0.0, 0.0, 7.04184051]",20.0,5.1435e-05,local
1219_18,bulk,-79.84597493,60.529,True,"[6.46811874, 0.0, 0.0, -0.0, 7.24962334, 3.7343701, 0.0, 0.0, 3.7343701]",12.0,5.166666666666667e-07,local
1219_1,bulk,-79.89550921,65.265,True,"[3.23405937, 0.0, -5.60155515, 0.0, 14.49924667, -3.7343701, 0.0, 0.0, 3.7343701]",12.0,6.733333333333333e-06,local
1219_4,bulk,-79.86390851,85.146,True,"[6.46811874, 0.0, -7.46874019, -0.0, 7.24962334, -3.7343701, 0.0, 0.0, 3.7343701]",12.0,1.3041666666666667e-05,local
1222_0,bulk,-141.07331098,142.851,True,"[6.28429227, 0.0, -6.28429227, -0.0, 6.28429227, -6.28429227, 0.0, 0.0, 6.28429227]",16.0,2.35e-06,local
1222_1,bulk,-141.07331098,184.264,True,"[6.28429227, 0.0, -6.28429227, -0.0, 6.28429227, -6.28429227, 0.0, 0.0, 6.28429227]",16.0,2.35e-06,local
1222_5,bulk,-282.13976862,731.905,True,"[6.28429227, 0.0, 0.0, 0.0, 12.56858453, -6.28429227, 0.0, 0.0, 6.28429227]",32.0,6.015625e-06,local
1223_3,bulk,-193.84840352,424.84,True,"[6.19566767, 0.0, -6.19566767, 0.0, 12.39133533, -6.19566767, 0.0, 0.0, 6.19566767]",24.0,2.6804166666666667e-05,local
1223_4,bulk,-193.84840352,443.033,True,"[6.19566767, 0.0, -6.19566767, 0.0, 12.39133533, -6.19566767, 0.0, 0.0, 6.19566767]",24.0,2.6804166666666667e-05,local
1228_6,bulk,-132.9763829,75.391,True,"[5.92947314, 0.0, 0.0, 0.0, 5.92947314, 0.0, 0.0, 0.0, 5.92947314]",16.0,8.34375e-06,local
1231_1,bulk,-62.79877631,69.014,True,"[5.76277824, 0.0, -5.76277824, -0.0, 5.76277824, -5.76277824, 0.0, 0.0, 5.76277824]",16.0,4.13125e-05,local
1237_0,bulk,-133.31309986,91.033,True,"[5.7822256, 0.0, 5.7822256, 5.7822256, 5.7822256, -0.0, 0.0, 0.0, 5.7822256]",16.0,0.4977335,local
1237_1,bulk,-133.31309986,132.449,True,"[5.7822256, 0.0, 5.7822256, 5.7822256, 5.7822256, -0.0, 0.0, 0.0, 5.7822256]",16.0,0.4977335,local
1237_6,bulk,-133.30930485,43.826,True,"[5.7822256, 0.0, 0.0, 0.0, 5.7822256, 0.0, 0.0, 0.0, 5.7822256]",16.0,0.4961308125,local
1238_0,bulk,-128.83152036,465.574,True,"[7.00790684, 0.0, -7.00790684, -0.0, 7.00790684, -7.00790684, 0.0, 0.0, 7.00790684]",24.0,6.958333333333333e-07,local
1238_2,bulk,-128.83152036,567.119,True,"[7.00790684, 0.0, -7.00790684, -0.0, 7.00790684, -7.00790684, 0.0, 0.0, 7.00790684]",24.0,6.958333333333333e-07,local
1245_0,bulk,-108.63553848,92.79,True,"[5.75501363, 0.0, -5.75501363, -0.0, 5.75501363, -5.75501363, 0.0, 0.0, 5.75501363]",16.0,0.50473010625,local
1245_3,bulk,-108.63114579,125.634,True,"[5.75501363, 0.0, 0.0, -0.0, 5.75501363, 5.75501363, 0.0, 0.0, 5.75501363]",16.0,0.50503146875,local
1245_5,bulk,-217.26849942,423.572,True,"[5.75501363, 0.0, 0.0, 0.0, 11.51002727, -5.75501363, 0.0, 0.0, 5.75501363]",32.0,0.50535194375,local
1248_5,bulk,-220.53307728,533.085,True,"[6.49118212, 0.0, 0.0, 0.0, 12.98236424, -6.49118212, 0.0, 0.0, 6.49118212]",32.0,3.00375e-05,local
1250_0,bulk,-100.11612409,90.026,True,"[5.89995007, 0.0, 5.89995007, 5.89995007, 5.89995007, -0.0, 0.0, 0.0, 5.89995007]",16.0,8.75e-06,local
1250_1,bulk,-100.11612409,117.479,True,"[5.89995007, 0.0, 5.89995007, 5.89995007, 5.89995007, -0.0, 0.0, 0.0, 5.89995007]",16.0,8.75e-06,local
1260_3,bulk,-91.16386638,98.056,True,"[5.9187769, 0.0, 0.0, -0.0, 5.9187769, 5.9187769, 0.0, 0.0, 5.9187769]",16.0,1.829375e-05,local
1260_5,bulk,-182.33840386,261.548,True,"[5.9187769, 0.0, 0.0, 0.0, 11.8375538, -5.9187769, 0.0, 0.0, 5.9187769]",32.0,2.6465625e-05,local
1262_0,bulk,-118.85820595,96.651,True,"[6.06853951, 0.0, -6.06853951, -0.0, 6.06853951, -6.06853951, 0.0, 0.0, 6.06853951]",16.0,1.075052875,local
1263_49,bulk,-141.02343707,438.242,True,"[7.8334555, 0.0, 0.0, 7.8334555, 13.56794292, 3.59499924, 0.0, 0.0, 3.59499924]",18.0,2.097777777777778e-05,local
1264_2,bulk,-96.42244514,441.029,True,"[3.60298284, 0.0, -3.60298284, 0.0, 14.21773405, -3.60298284, 0.0, 0.0, 3.60298284]",16.0,0.00038266875,local
1272_18,bulk,-128.68239514,591.786,True,"[17.47257465, 0.0, 0.0, 4.99216418, 4.323341, 3.9251688, 0.0, 0.0, 3.9251688]",18.0,0.7208511944444445,local
1272_19,bulk,-128.68239514,444.948,True,"[17.47257465, 0.0, 0.0, 4.99216418, 4.323341, 3.9251688, 0.0, 0.0, 3.9251688]",18.0,0.7208511944444445,local
1272_47,bulk,-128.68281222,303.779,True,"[11.43848513, 0.0, 0.0, -0.0, 6.60401247, -3.9251688, 0.0, 0.0, 3.9251688]",18.0,0.7229635277777777,local
1279_3,bulk,-68.21319734,147.13,True,"[13.38970193, 0.0, 0.0, 6.69485096, 3.86527401, 3.71068553, 0.0, 0.0, 3.71068553]",9.0,0.00011854444444444445,local
1279_43,bulk,-136.43523068,282.928,True,"[13.38970193, 0.0, 0.0, 0.0, 7.73054801, -3.71068553, 0.0, 0.0, 3.71068553]",18.0,6.881111111111112e-05,local
1279_6,bulk,-68.21706527,36.703,True,"[13.38970193, 0.0, 0.0, 6.69485096, 3.86527401, 7.42137105, 0.0, 0.0, 3.71068553]",9.0,0.00014937777777777777,local
1280_1,bulk,-134.32148082,285.294,True,"[9.19891003, 0.0, 0.0, 4.58366572, 4.59942791, 4.5468117, 0.0, 0.0, 4.5468117]",16.0,1.93125e-06,local
1280_25,bulk,-268.60013517,687.007,True,"[6.51576681, 0.0, 0.0, 0.0, 9.09362339, -6.49343734, 0.0, 0.0, 6.49343734]",32.0,5.829375e-05,local
1280_26,bulk,-268.60013517,655.011,True,"[6.51576681, 0.0, 0.0, 0.0, 9.09362339, -6.49343734, 0.0, 0.0, 6.49343734]",32.0,5.829375e-05,local
1284_46,bulk,-119.3670354,275.69,True,"[10.69290063, 0.0, 0.0, 0.0, 6.17354906, -3.68557998, 0.0, 0.0, 3.68557998]",18.0,1.14393285,local
1285_16,bulk,-133.24704581,229.393,True,"[11.04341584, 0.0, 0.0, 0.0, 11.3644409, -5.68222045, 0.0, 0.0, 5.68222045]",32.0,3.125e-09,local
1285_21,bulk,-133.24404449,325.471,True,"[5.68222045, 0.0, 0.0, 0.0, 22.08683167, -5.68222045, 0.0, 0.0, 5.68222045]",32.0,1.98125e-06,local
1285_23,bulk,-133.24404449,330.475,True,"[5.68222045, 0.0, 0.0, 0.0, 22.08683167, -5.68222045, 0.0, 0.0, 5.68222045]",32.0,1.98125e-06,local
1287_0,bulk,-128.05775553,110.556,True,"[5.84136946, 0.0, -5.84136946, -0.0, 5.84136946, -5.84136946, 0.0, 0.0, 5.84136946]",16.0,1.229026375,local
1287_1,bulk,-128.05775553,124.551,True,"[5.84136946, 0.0, -5.84136946, -0.0, 5.84136946, -5.84136946, 0.0, 0.0, 5.84136946]",16.0,1.229026375,local
1296_7,bulk,-115.50770341,286.307,True,"[6.31610051, 0.0, -7.29320466, -0.0, 11.84624803, -3.64660233, 0.0, 0.0, 3.64660233]",16.0,0.68088038125,local
1299_10,bulk,-122.53653709,216.94,True,"[14.75569389, 0.0, 0.0, 2.95113878, 5.90227755, 4.01187516, 0.0, 0.0, 4.01187516]",20.0,0.00010166000000000001,local
1299_22,bulk,-122.51971752,89.043,True,"[6.59894692, 0.0, 0.0, -0.0, 8.02375031, -6.59894692, 0.0, 0.0, 6.59894692]",20.0,0.00012121,local
1299_9,bulk,-122.53653709,201.474,True,"[14.75569389, 0.0, 0.0, 2.95113878, 5.90227755, 4.01187516, 0.0, 0.0, 4.01187516]",20.0,0.00010166000000000001,local
1302_4,bulk,-124.89645454,481.792,True,"[9.85942038, 0.0, -3.2804619, 0.0, 8.16593058, -3.2804619, 0.0, 0.0, 3.2804619]",16.0,4.6625e-06,local
1302_5,bulk,-124.89645454,479.677,True,"[9.85942038, 0.0, -3.2804619, 0.0, 8.16593058, -3.2804619, 0.0, 0.0, 3.2804619]",16.0,4.6625e-06,local
1303_1,bulk,-86.68513302,125.91,True,"[5.19376903, 0.0, -5.19376903, -0.0, 5.19376903, -5.19376903, 0.0, 0.0, 5.19376903]",16.0,1.770625e-05,local
1309_0,bulk,-42.43609776,75.394,True,"[5.88861383, 0.0, -5.88861383, -0.0, 5.88861383, -5.88861383, 0.0, 0.0, 5.88861383]",16.0,0.00011586875,local
1309_3,bulk,-42.44449344,111.342,True,"[5.88861383, 0.0, 0.0, 0.0, 5.88861383, -5.88861383, 0.0, 0.0, 5.88861383]",16.0,0.000105075,local
1309_5,bulk,-84.82657527,477.501,True,"[5.88861383, 0.0, 0.0, 0.0, 11.77722766, -5.88861383, 0.0, 0.0, 5.88861383]",32.0,3.6075e-05,local
1313_0,bulk,-63.21509274,39.377,True,"[6.38131787, 0.0, -6.38131787, -0.0, 6.38131787, -6.38131787, 0.0, 0.0, 6.38131787]",16.0,1.751875e-05,local
1313_3,bulk,-63.21509273,44.194,True,"[6.38131787, 0.0, -6.38131787, -0.0, 6.38131787, -6.38131787, 0.0, 0.0, 6.38131787]",16.0,1.751875e-05,local
1313_8,bulk,-126.41814501,123.896,True,"[6.38131787, 0.0, 0.0, 0.0, 12.76263573, -6.38131787, 0.0, 0.0, 6.38131787]",32.0,3.8321875e-05,local
1318_0,bulk,-140.11486933,105.974,True,"[6.26437455, 0.0, -6.26437455, -0.0, 6.26437455, -6.26437455, 0.0, 0.0, 6.26437455]",16.0,0.00038538125,local
1323_5,bulk,-89.71278399,306.008,True,"[6.60373523, 0.0, 0.0, 0.0, 13.20747046, -6.60373523, 0.0, 0.0, 6.60373523]",32.0,1.329375e-05,local
1324_0,bulk,-141.09460147,83.821,True,"[6.21634005, 0.0, -6.21634005, 0.0, 6.21634005, -6.21634005, 0.0, 0.0, 6.21634005]",16.0,7.48125e-06,local
1325_5,bulk,-143.50672959,725.731,True,"[7.86979606, 0.0, -3.93489803, -0.0, 10.88782441, -3.93489803, 0.0, 0.0, 3.93489803]",20.0,0.813146325,local
1325_9,bulk,-143.50573334,319.993,True,"[10.88782441, 0.0, 0.0, 0.0, 7.86979606, -3.93489803, 0.0, 0.0, 3.93489803]",20.0,0.83156778,local
1328_12,bulk,-75.4318747,499.561,True,"[7.37601519, 0.0, 0.0, 0.0, 10.5050818, -4.34392558, 0.0, 0.0, 4.34392558]",16.0,4.375e-08,local
1331_0,bulk,-133.49473161,155.973,True,"[6.301511, 0.0, -6.301511, -0.0, 6.301511, -6.301511, 0.0, 0.0, 6.301511]",16.0,7.23125e-06,local
1331_1,bulk,-133.49473161,155.06,True,"[6.301511, 0.0, -6.301511, -0.0, 6.301511, -6.301511, 0.0, 0.0, 6.301511]",16.0,7.23125e-06,local
1331_3,bulk,-133.48689108,218.45,True,"[6.301511, 0.0, 0.0, 0.0, 6.301511, -6.301511, 0.0, 0.0, 6.301511]",16.0,1.048125e-05,local
1335_3,bulk,-57.90483289,64.248,True,"[6.42011847, 0.0, 0.0, 0.0, 6.42011847, -6.42011847, 0.0, 0.0, 6.42011847]",16.0,5.3375e-06,local
1335_5,bulk,-115.79191025,166.914,True,"[6.42011847, 0.0, 0.0, 0.0, 12.84023695, -6.42011847, 0.0, 0.0, 6.42011847]",32.0,4.28125e-06,local
1343_17,bulk,-154.63568774,415.909,True,"[10.38774165, 0.0, -3.66948519, 2.01385209, 14.70284046, 0.0, 0.0, 0.0, 3.66948519]",24.0,1.9583333333333332e-07,local
1343_82,bulk,-154.62553678,853.864,True,"[20.7754833, 0.0, -3.66948519, 16.58853852, 7.35142023, 0.0, 0.0, 0.0, 3.66948519]",24.0,2.5833333333333333e-07,local
1343_83,bulk,-154.62553679,811.262,True,"[20.7754833, 0.0, -3.66948519, 16.58853852, 7.35142023, 0.0, 0.0, 0.0, 3.66948519]",24.0,2.5833333333333333e-07,local
1350_5,bulk,-137.13345841,456.933,True,"[6.08119697, 0.0, 0.0, 0.0, 12.16239394, -6.08119697, 0.0, 0.0, 6.08119697]",32.0,1.75e-07,local
1353_1,bulk,-142.85159182,182.015,True,"[6.21003182, 0.0, -6.21003182, -0.0, 6.21003182, -6.21003182, 0.0, 0.0, 6.21003182]",16.0,0.42676835,local
1353_5,bulk,-285.7067715,696.328,True,"[6.21003182, 0.0, 0.0, 0.0, 12.42006364, -6.21003182, 0.0, 0.0, 6.21003182]",32.0,0.42477013125,local
1354_0,bulk,-132.63761448,465.156,True,"[6.91238765, 0.0, -6.91238765, -0.0, 6.91238765, -6.91238765, 0.0, 0.0, 6.91238765]",24.0,6.817083333333333e-05,local
1358_3,bulk,-100.11109406,97.267,True,"[6.26468251, 0.0, 0.0, 0.0, 6.26468251, -6.26468251, 0.0, 0.0, 6.26468251]",16.0,1.09136019375,local
1358_5,bulk,-200.22504427,368.438,True,"[6.26468251, 0.0, 0.0, 0.0, 12.52936502, -6.26468251, 0.0, 0.0, 6.26468251]",32.0,1.0912169375,local
1359_2,bulk,-132.28459692,231.302,True,"[4.19768607, 0.0, -4.19768607, 0.0, 24.78784945, -4.19768607, 0.0, 0.0, 4.19768607]",20.0,2.55e-07,local
1359_3,bulk,-132.28459693,253.338,True,"[4.19768607, 0.0, -4.19768607, 0.0, 24.78784945, -4.19768607, 0.0, 0.0, 4.19768607]",20.0,2.55e-07,local
1362_45,bulk,-158.02372216,466.905,True,"[11.1063773, 0.0, 0.0, 0.0, 6.41226993, -3.48384394, 0.0, 0.0, 3.48384394]",18.0,0.23074808888888887,local
1362_46,bulk,-158.02372216,465.949,True,"[11.1063773, 0.0, 0.0, 0.0, 6.41226993, -3.48384394, 0.0, 0.0, 3.48384394]",18.0,0.23074808888888887,local
1367_3,bulk,-116.00059597,92.011,True,"[6.01599021, 0.0, 0.0, -0.0, 6.01599021, 6.01599021, 0.0, 0.0, 6.01599021]",16.0,2.268125e-05,local
1367_5,bulk,-231.99872621,240.425,True,"[6.01599021, 0.0, 0.0, 0.0, 12.03198042, -6.01599021, 0.0, 0.0, 6.01599021]",32.0,2.1475e-05,local
1372_90,bulk,-245.05906036,1009.012,True,"[9.74723528, 0.0, 0.0, -2.65595706, 14.41592601, -5.8610566, 0.0, 0.0, 5.8610566]",40.0,1.6274999999999999e-06,local
1378_5,bulk,-281.59667073,434.556,True,"[5.99449587, 0.0, 0.0, 0.0, 11.98899173, -5.99449587, 0.0, 0.0, 5.99449587]",32.0,2.025e-06,local
1379_0,bulk,-127.27532718,152.186,True,"[6.28854467, 0.0, -6.28854467, -0.0, 6.28854467, -6.28854467, 0.0, 0.0, 6.28854467]",16.0,0.25611836875,local
1379_1,bulk,-127.27532718,201.001,True,"[6.28854467, 0.0, -6.28854467, -0.0, 6.28854467, -6.28854467, 0.0, 0.0, 6.28854467]",16.0,0.2561183625,local
1381_2,bulk,-101.02737942,551.729,True,"[4.15998739, 0.0, -4.15998739, -0.0, 21.26733968, -4.15998739, 0.0, 0.0, 4.15998739]",20.0,9.1e-07,local
1385_3,bulk,-134.16682286,215.414,True,"[6.19319094, 0.0, 0.0, 0.0, 6.19319094, -6.19319094, 0.0, 0.0, 6.19319094]",16.0,1.53e-05,local
1385_5,bulk,-268.34051563,610.538,True,"[6.19319094, 0.0, 0.0, 0.0, 12.38638188, -6.19319094, 0.0, 0.0, 6.19319094]",32.0,3.25625e-06,local
1387_0,bulk,-93.67228272,112.932,True,"[6.61070273, 0.0, -6.61070273, 0.0, 6.61070273, -6.61070273, 0.0, 0.0, 6.61070273]",16.0,0.0001768125,local
1387_1,bulk,-93.67228272,128.858,True,"[6.61070273, 0.0, -6.61070273, 0.0, 6.61070273, -6.61070273, 0.0, 0.0, 6.61070273]",16.0,0.0001768125,local
1387_5,bulk,-187.37257391,353.582,True,"[6.61070273, 0.0, 0.0, 0.0, 13.22140546, -6.61070273, 0.0, 0.0, 6.61070273]",32.0,0.000167725,local
1389_3,bulk,-107.64876763,149.885,True,"[6.1872454, 0.0, 0.0, -0.0, 6.1872454, 6.1872454, 0.0, 0.0, 6.1872454]",16.0,1.190625e-05,local
1389_5,bulk,-215.28393779,479.553,True,"[6.1872454, 0.0, 0.0, 0.0, 12.37449081, -6.1872454, 0.0, 0.0, 6.1872454]",32.0,4.5896875e-05,local
1390_5,bulk,-143.89236217,263.902,True,"[6.29167601, 0.0, 0.0, 0.0, 12.58335202, -6.29167601, 0.0, 0.0, 6.29167601]",32.0,4.34375e-07,local
1393_16,bulk,-172.18778478,339.335,True,"[18.50626001, 0.0, 0.0, 5.28750286, 4.5791118, 3.43584797, 0.0, 0.0, 3.43584797]",18.0,5.835000000000001e-05,local
1393_7,bulk,-86.09888934,122.527,True,"[12.11519104, 0.0, 0.0, 6.05759552, 3.49735441, 6.87169594, 0.0, 0.0, 3.43584797]",9.0,3.3333333333333334e-08,local
1393_8,bulk,-86.09888934,146.949,True,"[12.11519104, 0.0, 0.0, 6.05759552, 3.49735441, 6.87169594, 0.0, 0.0, 3.43584797]",9.0,2.222222222222222e-08,local
1394_8,bulk,-93.72881809,116.055,True,"[7.03403069, 0.0, -3.51701535, -0.0, 7.91969609, -3.51701535, 0.0, 0.0, 3.51701535]",12.0,4.166666666666666e-08,local
1395_0,bulk,-104.4050243,106.859,True,"[5.71802906, 0.0, -5.71802906, -0.0, 5.71802906, -5.71802906, 0.0, 0.0, 5.71802906]",16.0,1.2534436375,local
1395_1,bulk,-104.4050243,87.078,True,"[5.71802906, 0.0, -5.71802906, -0.0, 5.71802906, -5.71802906, 0.0, 0.0, 5.71802906]",16.0,1.25344364375,local
1396_0,bulk,-136.90122287,165.301,True,"[6.0784528, 0.0, -6.0784528, 0.0, 6.0784528, -6.0784528, 0.0, 0.0, 6.0784528]",16.0,1.56875e-06,local
1396_3,bulk,-136.900565,235.921,True,"[6.0784528, 0.0, 0.0, 0.0, 6.0784528, -6.0784528, 0.0, 0.0, 6.0784528]",16.0,3.45625e-06,local
1396_5,bulk,-273.78892435,820.759,True,"[6.0784528, 0.0, 0.0, 0.0, 12.1569056, -6.0784528, 0.0, 0.0, 6.0784528]",32.0,1.63625e-05,local
1399_2,bulk,-124.32451892,429.08,True,"[6.89363512, 0.0, -6.89363512, -0.0, 6.89363512, -6.89363512, 0.0, 0.0, 6.89363512]",24.0,1.4683333333333334e-05,local
1399_3,bulk,-124.32451892,356.247,True,"[6.89363512, 0.0, -6.89363512, -0.0, 6.89363512, -6.89363512, 0.0, 0.0, 6.89363512]",24.0,1.4683333333333334e-05,local
1400_0,bulk,-137.08122903,145.701,True,"[5.93052301, 0.0, 5.93052301, 5.93052301, 5.93052301, -0.0, 0.0, 0.0, 5.93052301]",16.0,0.1411058625,local
1400_5,bulk,-274.20415973,751.588,True,"[5.93052301, 0.0, 0.0, 0.0, 11.86104602, -5.93052301, 0.0, 0.0, 5.93052301]",32.0,0.1281423125,local
1400_6,bulk,-137.10084836,78.761,True,"[5.93052301, 0.0, 0.0, 0.0, 5.93052301, 0.0, 0.0, 0.0, 5.93052301]",16.0,0.1355453125,local
1407_14,bulk,-65.81226231,158.551,True,"[9.37439682, 0.0, -4.1133538, 5.39760049, 5.01788926, 0.0, 0.0, 0.0, 4.1133538]",12.0,5.991666666666666e-06,local
1407_62,bulk,-131.61499427,974.566,True,"[4.1133538, 0.0, 0.0, -0.0, 14.69378256, 18.04783661, 0.0, 0.0, 6.4026652]",24.0,2.6666666666666667e-07,local
1407_63,bulk,-131.61499406,1055.287,True,"[4.1133538, 0.0, 0.0, -0.0, 14.69378256, 18.04783661, 0.0, 0.0, 6.4026652]",24.0,2.6666666666666667e-07,local
1411_10,bulk,-114.86539868,331.645,True,"[4.50643085, 0.0, -4.24675389, -0.0, 10.14715702, -4.24675389, 0.0, 0.0, 4.24675389]",16.0,1.2625e-06,local
1411_77,bulk,-114.8670253,340.049,True,"[4.24675389, 0.0, 0.0, -0.0, 9.01286169, 5.07357851, 0.0, 0.0, 5.07357851]",16.0,1.335625e-05,local
1411_8,bulk,-114.86539868,404.378,True,"[4.50643085, 0.0, -4.24675389, -0.0, 10.14715702, -4.24675389, 0.0, 0.0, 4.24675389]",16.0,1.2625e-06,local
1412_0,bulk,-107.0308569,42.428,True,"[6.02799474, 0.0, -6.02799474, -0.0, 6.02799474, -6.02799474, 0.0, 0.0, 6.02799474]",16.0,6.408125e-05,local
1415_5,bulk,-207.23347255,338.129,True,"[6.54456752, 0.0, 0.0, 0.0, 13.08913505, -6.54456752, 0.0, 0.0, 6.54456752]",32.0,2.6875e-06,local
1418_43,bulk,-155.42316194,530.121,True,"[13.35512412, 0.0, 0.0, 0.0, 7.7105845, -3.62211214, 0.0, 0.0, 3.62211214]",18.0,1.0566666666666667e-05,local
1420_1,bulk,-116.31778676,184.086,True,"[6.46055228, 0.0, -6.46055228, -0.0, 6.46055228, -6.46055228, 0.0, 0.0, 6.46055228]",16.0,0.00014625625,local
1421_1,bulk,-70.74152207,229.94,True,"[3.68089648, 0.0, -6.37549973, -0.0, 12.55492134, -4.25033315, 0.0, 0.0, 4.25033315]",12.0,4.208333333333334e-05,local
1421_3,bulk,-70.70178514,137.963,True,"[7.36179297, 0.0, -8.5006663, -0.0, 6.27746067, -4.25033315, 0.0, 0.0, 4.25033315]",12.0,9.020000000000001e-05,local
1421_4,bulk,-70.70178514,136.773,True,"[7.36179297, 0.0, -8.5006663, -0.0, 6.27746067, -4.25033315, 0.0, 0.0, 4.25033315]",12.0,9.020000000000001e-05,local
1426_0,bulk,-144.71075557,89.086,True,"[5.99871592, 0.0, -5.99871592, -0.0, 5.99871592, -5.99871592, 0.0, 0.0, 5.99871592]",16.0,0.5370159625,local
1426_1,bulk,-144.71075557,62.447,True,"[5.99871592, 0.0, -5.99871592, -0.0, 5.99871592, -5.99871592, 0.0, 0.0, 5.99871592]",16.0,0.5370159625,local
1429_63,bulk,-143.53668044,501.688,True,"[10.59726073, 0.0, 4.21560963, 26.02776413, 8.83304249, 0.0, 0.0, 0.0, 4.21560963]",20.0,6.675e-06,local
1429_64,bulk,-143.53668044,633.248,True,"[10.59726073, 0.0, 4.21560963, 26.02776413, 8.83304249, 0.0, 0.0, 0.0, 4.21560963]",20.0,6.675e-06,local
1429_66,bulk,-143.53668044,433.319,True,"[10.59726073, 0.0, 4.21560963, 26.02776413, 8.83304249, 0.0, 0.0, 0.0, 4.21560963]",20.0,6.675e-06,local
1431_0,bulk,-152.88922143,61.966,True,"[6.04342673, 0.0, -6.04342673, -0.0, 6.04342673, -6.04342673, 0.0, 0.0, 6.04342673]",16.0,1.07125e-05,local
1431_1,bulk,-152.88922143,70.251,True,"[6.04342673, 0.0, -6.04342673, -0.0, 6.04342673, -6.04342673, 0.0, 0.0, 6.04342673]",16.0,1.07125e-05,local
1433_0,bulk,-193.29092892,252.322,True,"[6.4282341, 0.0, -6.4282341, -0.0, 6.4282341, -6.4282341, 0.0, 0.0, 6.4282341]",16.0,5.25e-05,local
1433_3,bulk,-193.3090397,161.872,True,"[6.4282341, 0.0, 0.0, 0.0, 6.4282341, -6.4282341, 0.0, 0.0, 6.4282341]",16.0,8.76875e-06,local
1433_5,bulk,-386.63875164,497.797,True,"[6.4282341, 0.0, 0.0, 0.0, 12.85646821, -6.4282341, 0.0, 0.0, 6.4282341]",32.0,7.078125e-06,local
1434_8,bulk,-127.09742362,338.506,True,"[5.9888584, 0.0, 0.0, 0.0, 11.97771681, -5.9888584, 0.0, 0.0, 5.9888584]",32.0,4.653125e-06,local
1436_5,bulk,-290.30924042,675.189,True,"[6.13647816, 0.0, 0.0, 0.0, 12.27295632, -6.13647816, 0.0, 0.0, 6.13647816]",32.0,0.175899171875,local
1437_16,bulk,-148.01390485,251.817,True,"[3.41545368, 0.0, -1.9719131, -0.0, 26.34494522, -3.9438262, 0.0, 0.0, 3.9438262]",20.0,1.0500000000000001e-05,local
1437_22,bulk,-148.02568069,343.378,True,"[6.83090736, 0.0, 0.0, -0.0, 13.17247261, 3.9438262, 0.0, 0.0, 3.9438262]",20.0,1.6099999999999998e-06,local
1437_5,bulk,-148.02488452,325.776,True,"[6.83090736, 0.0, -7.8876524, -0.0, 13.17247261, -3.9438262, 0.0, 0.0, 3.9438262]",20.0,1.004e-05,local
1441_10,bulk,-114.60450002,821.21,True,"[16.0807019, 0.0, 0.0, 3.21614038, 6.43228076, 3.34415565, 0.0, 0.0, 3.34415565]",20.0,1.0499999999999999e-07,local
1441_9,bulk,-114.60450002,960.107,True,"[16.0807019, 0.0, 0.0, 3.21614038, 6.43228076, 3.34415565, 0.0, 0.0, 3.34415565]",20.0,1.0499999999999999e-07,local
1444_5,bulk,-222.88014199,391.021,True,"[6.48649421, 0.0, 0.0, 0.0, 12.97298842, -6.48649421, 0.0, 0.0, 6.48649421]",32.0,9.334375e-06,local
1449_24,bulk,-153.35342491,1322.553,True,"[14.27727359, 0.0, -7.1386368, 0.0, 9.45690651, -7.1386368, 0.0, 0.0, 7.1386368]",32.0,0.0,local
1450_0,bulk,-124.83919524,132.427,True,"[5.98305872, 0.0, -5.98305872, -0.0, 5.98305872, -5.98305872, 0.0, 0.0, 5.98305872]",16.0,1.165823325,local
1450_3,bulk,-124.85179224,119.714,True,"[5.98305872, 0.0, 0.0, -0.0, 5.98305872, 5.98305872, 0.0, 0.0, 5.98305872]",16.0,1.1685588625,local
1450_5,bulk,-249.70505734,545.327,True,"[5.98305872, 0.0, 0.0, 0.0, 11.96611743, -5.98305872, 0.0, 0.0, 5.98305872]",32.0,1.1683437875,local
1455_2,bulk,-32.66419601,60.047,True,"[5.7627029, 0.0, 0.0, 0.0, 3.85438945, -6.67599837, 0.0, 0.0, 4.45066558]",6.0,0.00029115,local
1455_4,bulk,-65.32838792,192.721,True,"[7.70877891, 0.0, -8.90133116, 0.0, 5.7627029, -4.45066558, 0.0, 0.0, 4.45066558]",12.0,6.9575e-05,local
1455_8,bulk,-65.33304151,257.749,True,"[5.7627029, 0.0, 0.0, 0.0, 7.70877891, -8.90133116, 0.0, 0.0, 4.45066558]",12.0,1.4583333333333333e-06,local
1466_0,bulk,-115.05246832,162.115,True,"[6.3563508, 0.0, -6.3563508, 0.0, 6.3563508, -6.3563508, 0.0, 0.0, 6.3563508]",16.0,0.00037365625,local
1466_1,bulk,-115.05246832,152.513,True,"[6.3563508, 0.0, -6.3563508, 0.0, 6.3563508, -6.3563508, 0.0, 0.0, 6.3563508]",16.0,0.00037365625,local
1466_3,bulk,-115.0527269,171.924,True,"[6.3563508, 0.0, 0.0, 0.0, 6.3563508, -6.3563508, 0.0, 0.0, 6.3563508]",16.0,0.00039270625,local
1467_3,bulk,-125.04601894,107.81,True,"[6.12907771, 0.0, 0.0, 0.0, 6.12907771, -6.12907771, 0.0, 0.0, 6.12907771]",16.0,0.00011841875,local
1471_0,bulk,-171.70442421,150.949,True,"[6.05001757, 0.0, -6.05001757, -0.0, 6.05001757, -6.05001757, 0.0, 0.0, 6.05001757]",16.0,0.0002692375,local
1471_1,bulk,-171.70442421,198.155,True,"[6.05001757, 0.0, -6.05001757, -0.0, 6.05001757, -6.05001757, 0.0, 0.0, 6.05001757]",16.0,0.0002692375,local
1471_3,bulk,-171.69497814,203.21,True,"[6.05001757, 0.0, 0.0, 0.0, 6.05001757, -6.05001757, 0.0, 0.0, 6.05001757]",16.0,0.000295775,local
1472_2,bulk,-57.92336394,71.734,True,"[7.28692505, 0.0, 0.0, -0.0, 4.10253562, 4.10253562, 0.0, 0.0, 4.10253562]",8.0,0.6606903625,local
1475_14,bulk,-108.09625245,579.1,True,"[10.22500338, 0.0, -0.03234308, -0.0, 8.70278623, -4.34553013, 0.0, 0.0, 4.34553013]",20.0,5e-09,local
1475_4,bulk,-108.07574645,809.371,True,"[4.35139311, 0.0, -4.34553013, 0.0, 20.45000676, -4.41021629, 0.0, 0.0, 4.34553013]",20.0,8.65e-07,local
1475_7,bulk,-108.07574645,678.194,True,"[4.35139311, 0.0, -4.34553013, 0.0, 20.45000676, -4.41021629, 0.0, 0.0, 4.34553013]",20.0,8.65e-07,local
1479_1,bulk,-75.56300274,86.269,True,"[6.93858731, 0.0, -6.93858731, -0.0, 6.93858731, -6.93858731, 0.0, 0.0, 6.93858731]",16.0,1.795625e-05,local
1487_0,bulk,-123.22168727,177.938,True,"[6.1861598, 0.0, -6.1861598, -0.0, 6.1861598, -6.1861598, 0.0, 0.0, 6.1861598]",16.0,4.0725e-05,local
1487_3,bulk,-123.20248888,218.556,True,"[6.1861598, 0.0, 0.0, -0.0, 6.1861598, 6.1861598, 0.0, 0.0, 6.1861598]",16.0,3.255e-05,local
1487_5,bulk,-246.38527479,694.367,True,"[6.1861598, 0.0, 0.0, 0.0, 12.37231961, -6.1861598, 0.0, 0.0, 6.1861598]",32.0,2.02125e-05,local
1495_0,bulk,-113.58145879,101.505,True,"[5.84552419, 0.0, -5.84552419, -0.0, 5.84552419, -5.84552419, 0.0, 0.0, 5.84552419]",16.0,0.502942725,local
1497_66,bulk,-141.84488609,360.558,True,"[9.88608124, 0.0, -3.98558924, 15.26358257, 8.26972243, 0.0, 0.0, 0.0, 3.98558924]",20.0,5.2885e-05,local
1497_9,bulk,-141.84788,347.179,True,"[9.418896, 0.0, 0.0, 4.7322093, 8.67990768, 3.98558924, 0.0, 0.0, 3.98558924]",20.0,0.000326525,local
1498_5,bulk,-140.47563843,449.747,True,"[6.08895082, 0.0, 0.0, 0.0, 12.17790165, -6.08895082, 0.0, 0.0, 6.08895082]",32.0,0.0001173,local
1499_0,bulk,-113.51930014,1571.336,True,"[22.08828216, 0.0, 0.0, 0.76630017, 4.04215765, 4.10246729, 0.0, 0.0, 4.10246729]",20.0,5.655e-06,local
1499_27,bulk,-113.52089959,1662.805,True,"[23.20928633, 0.0, 0.0, 1.45857604, 3.8469222, 4.10246729, 0.0, 0.0, 4.10246729]",20.0,7.5e-08,local
1499_2,bulk,-113.51930014,1407.298,True,"[22.08828216, 0.0, 0.0, 0.76630017, 4.04215765, 4.10246729, 0.0, 0.0, 4.10246729]",20.0,5.655e-06,local
1500_37,bulk,-143.82525115,534.834,True,"[9.72550433, 0.0, -7.51785043, 6.77460083, 8.15936249, 0.0, 0.0, 0.0, 3.75892521]",18.0,1.111111111111111e-08,local
1500_75,bulk,-143.79707684,414.897,True,"[9.72550433, 0.0, -3.75892521, 16.50010516, 8.15936249, 0.0, 0.0, 0.0, 3.75892521]",18.0,5.555555555555555e-09,local
1500_9,bulk,-143.80511833,338.043,True,"[8.67657926, 0.0, 0.0, 3.30764278, 9.14576042, 3.75892521, 0.0, 0.0, 3.75892521]",18.0,5.555555555555555e-09,local
1503_15,bulk,-156.84463706,325.246,True,"[17.41734791, 0.0, 0.0, 4.97638512, 4.30967593, 3.91598859, 0.0, 0.0, 3.91598859]",18.0,2.9611111111111113e-06,local
1504_5,bulk,-290.5833358,759.89,True,"[6.08767108, 0.0, 0.0, 0.0, 12.17534216, -6.08767108, 0.0, 0.0, 6.08767108]",32.0,2.129375e-05,local
1506_31,bulk,-140.1628088,197.771,True,"[11.06329292, 0.0, 0.0, 2.90116311, 7.46833898, 5.72079314, 0.0, 0.0, 5.72079314]",24.0,0.00026402083333333334,local
1507_41,bulk,-174.61235724,624.82,True,"[9.54886921, 0.0, 0.0, -0.0, 8.02835923, 6.70007837, 0.0, 0.0, 6.70007837]",32.0,5.625e-08,local
1507_42,bulk,-174.61235724,561.437,True,"[9.54886921, 0.0, 0.0, -0.0, 8.02835923, 6.70007837, 0.0, 0.0, 6.70007837]",32.0,5.625e-08,local
1507_4,bulk,-87.3190391,142.109,True,"[9.54886921, 0.0, -4.01417962, 0.0, 6.70007837, -4.01417962, 0.0, 0.0, 4.01417962]",16.0,1.155e-05,local
1509_5,bulk,-167.96855662,425.547,True,"[6.63596687, 0.0, 0.0, 0.0, 13.27193374, -6.63596687, 0.0, 0.0, 6.63596687]",32.0,5.015625e-06,local
1511_1,bulk,-112.95526441,45.259,True,"[5.84386672, 0.0, -5.84386672, -0.0, 5.84386672, -5.84386672, 0.0, 0.0, 5.84386672]",16.0,2.60625e-06,local
1511_3,bulk,-112.96661441,79.366,True,"[5.84386672, 0.0, 0.0, 0.0, 5.84386672, -5.84386672, 0.0, 0.0, 5.84386672]",16.0,6.1125e-06,local
1511_5,bulk,-225.93464052,208.177,True,"[5.84386672, 0.0, 0.0, 0.0, 11.68773344, -5.84386672, 0.0, 0.0, 5.84386672]",32.0,5.434375e-06,local
1515_3,bulk,-105.15620922,72.213,True,"[5.86972456, 0.0, 0.0, 0.0, 5.86972456, -5.86972456, 0.0, 0.0, 5.86972456]",16.0,1.37375e-05,local
1515_5,bulk,-210.30689029,299.903,True,"[5.86972456, 0.0, 0.0, 0.0, 11.73944913, -5.86972456, 0.0, 0.0, 5.86972456]",32.0,6.5e-06,local
1517_18,bulk,-101.60687449,363.543,True,"[6.94143139, 0.0, -5.26577006, 0.0, 5.92490705, -5.29849944, 0.0, 0.0, 5.26577006]",16.0,0.000134725,local
1517_87,bulk,-101.59954286,505.54,True,"[5.26568972, 0.0, -0.02908784, -0.0, 6.94143139, 5.92499745, 0.0, 0.0, 5.92499745]",16.0,2.19625e-05,local
1517_89,bulk,-101.59954286,392.172,True,"[5.26568972, 0.0, -0.02908784, -0.0, 6.94143139, 5.92499745, 0.0, 0.0, 5.92499745]",16.0,2.19625e-05,local
1518_42,bulk,,,False,,,,local
1518_43,bulk,,,False,,,,local
1518_48,bulk,-148.39185235,1475.347,True,"[15.07057479, 0.0, 0.0, -0.0, 15.46140414, 7.08370025, 0.0, 0.0, 7.08370025]",40.0,0.0,local
1520_3,bulk,-118.85177427,211.086,True,"[6.07770366, 0.0, 0.0, 0.0, 6.07770366, -6.07770366, 0.0, 0.0, 6.07770366]",16.0,1.18005268125,local
1521_1,bulk,-104.97920332,151.517,True,"[6.48540888, 0.0, -6.48540888, -0.0, 6.48540888, -6.48540888, 0.0, 0.0, 6.48540888]",16.0,1.321875e-05,local
1524_15,bulk,-177.33827537,880.987,True,"[10.19217139, 0.0, 5.25416886, 5.0960857, 7.1148449, 0.0, 0.0, 0.0, 5.25416886]",24.0,0.9558000583333334,local
1524_18,bulk,-177.31990858,818.577,True,"[7.31958877, 0.0, 0.0, 7.0960515, 7.31617461, 7.1148449, 0.0, 0.0, 7.1148449]",24.0,0.9551644125,local
1524_8,bulk,-177.32656943,525.06,True,"[7.1148449, 0.0, 0.0, 0.0, 10.50833771, -5.0960857, 0.0, 0.0, 5.0960857]",24.0,0.9552275,local
1527_7,bulk,-49.96852342,461.266,True,"[4.87738615, 0.0, -4.87738615, -0.0, 23.97349226, -4.87738615, 0.0, 0.0, 4.87738615]",20.0,1.5849999999999999e-06,local
1530_3,bulk,-151.76164232,220.295,True,"[6.08974513, 0.0, 0.0, -0.0, 6.08974513, 6.08974513, 0.0, 0.0, 6.08974513]",16.0,0.130109775,local
1530_5,bulk,-303.51703338,717.792,True,"[6.08974513, 0.0, 0.0, 0.0, 12.17949026, -6.08974513, 0.0, 0.0, 6.08974513]",32.0,0.12888416875,local
1532_1,bulk,-132.2016715,121.598,True,"[5.96610287, 0.0, -5.96610287, -0.0, 5.96610287, -5.96610287, 0.0, 0.0, 5.96610287]",16.0,0.26704338125,local
1532_3,bulk,-132.21749835,164.852,True,"[5.96610287, 0.0, 0.0, 0.0, 5.96610287, -5.96610287, 0.0, 0.0, 5.96610287]",16.0,0.26552755625,local
1533_3,bulk,-102.48383849,90.924,True,"[5.36080164, 0.0, 0.0, 0.0, 5.36080164, -5.36080164, 0.0, 0.0, 5.36080164]",16.0,3.786875e-05,local
1535_28,bulk,-124.22500994,127.916,True,"[9.93716543, 0.0, 0.0, 9.93716543, 9.93716543, 2.76072908, 0.0, 0.0, 2.76072908]",20.0,1.32e-06,local
1535_30,bulk,-124.23869436,119.412,True,"[7.02663706, 0.0, 0.0, -0.0, 14.05327412, 2.76072908, 0.0, 0.0, 2.76072908]",20.0,5.05e-07,local
1540_3,bulk,-117.1219296,160.179,True,"[5.9157063, 0.0, 0.0, -0.0, 5.9157063, 5.9157063, 0.0, 0.0, 5.9157063]",16.0,1.375e-05,local
1540_5,bulk,-234.24188152,513.65,True,"[5.9157063, 0.0, 0.0, 0.0, 11.83141259, -5.9157063, 0.0, 0.0, 5.9157063]",32.0,9.909375e-06,local
1545_5,bulk,-247.39298979,569.502,True,"[6.08611208, 0.0, 0.0, 0.0, 12.17222416, -6.08611208, 0.0, 0.0, 6.08611208]",32.0,1.011376440625,local
1552_20,bulk,-59.76359398,111.204,True,"[4.0770682, 0.0, 0.0, 4.0770682, 7.06168927, 5.48381348, 0.0, 0.0, 5.48381348]",12.0,3.958333333333333e-06,local
1552_3,bulk,-59.76932957,78.143,True,"[7.06168927, 0.0, -8.15413641, -0.0, 5.48381348, -4.0770682, 0.0, 0.0, 4.0770682]",12.0,3.916666666666667e-06,local
1552_4,bulk,-59.76932957,91.733,True,"[7.06168927, 0.0, -8.15413641, -0.0, 5.48381348, -4.0770682, 0.0, 0.0, 4.0770682]",12.0,3.916666666666667e-06,local
1553_3,bulk,-132.39510919,136.798,True,"[6.47096096, 0.0, 0.0, 0.0, 6.47096096, -6.47096096, 0.0, 0.0, 6.47096096]",16.0,2.76375e-05,local
1553_5,bulk,-264.80856625,428.799,True,"[6.47096096, 0.0, 0.0, 0.0, 12.94192192, -6.47096096, 0.0, 0.0, 6.47096096]",32.0,7.453125e-06,local
1555_3,bulk,-166.13752805,439.349,True,"[5.88045566, 0.0, -5.88045566, 0.0, 11.76091132, -5.88045566, 0.0, 0.0, 5.88045566]",24.0,2.8133333333333334e-05,local
1555_7,bulk,-166.13493475,372.39,True,"[5.88045566, 0.0, 0.0, 0.0, 11.76091132, -5.88045566, 0.0, 0.0, 5.88045566]",24.0,2.7970833333333333e-05,local
1557_5,bulk,-298.59962489,636.781,True,"[6.21242409, 0.0, 0.0, 0.0, 12.42484817, -6.21242409, 0.0, 0.0, 6.21242409]",32.0,0.4826197625,local
1558_12,bulk,-94.29760598,440.649,True,"[3.56880758, 0.0, 0.0, 0.0, 14.24600453, -3.56880758, 0.0, 0.0, 3.56880758]",16.0,6.710625e-05,local
1558_8,bulk,-94.29707966,303.119,True,"[7.12300227, 0.0, 0.0, 0.0, 7.13761515, -3.56880758, 0.0, 0.0, 3.56880758]",16.0,4.379375e-05,local
1568_0,bulk,-104.85118055,100.097,True,"[6.27529735, 0.0, -6.27529735, -0.0, 6.27529735, -6.27529735, 0.0, 0.0, 6.27529735]",16.0,0.26012716875,local
1568_1,bulk,-104.85118055,173.15,True,"[6.27529735, 0.0, -6.27529735, -0.0, 6.27529735, -6.27529735, 0.0, 0.0, 6.27529735]",16.0,0.2601271625,local
1570_0,bulk,-161.39786435,263.013,True,"[6.41889059, 0.0, -6.41889059, -0.0, 6.41889059, -6.41889059, 0.0, 0.0, 6.41889059]",16.0,0.26660754375,local
1570_1,bulk,-161.39786435,204.299,True,"[6.41889059, 0.0, -6.41889059, -0.0, 6.41889059, -6.41889059, 0.0, 0.0, 6.41889059]",16.0,0.26660751875,local
1581_6,bulk,-160.53464328,462.624,True,"[14.41812179, 0.0, -6.50964526, -0.0, 12.41958298, -6.50964526, 0.0, 0.0, 6.50964526]",40.0,8.825000000000001e-06,local
1581_7,bulk,-160.53464328,432.354,True,"[14.41812179, 0.0, -6.50964526, -0.0, 12.41958298, -6.50964526, 0.0, 0.0, 6.50964526]",40.0,8.825000000000001e-06,local
1582_18,bulk,-163.57902747,456.21,True,"[6.4900941, 0.0, 0.0, 0.0, 10.39348946, -6.4900941, 0.0, 0.0, 6.4900941]",28.0,3.995714285714286e-05,local
1582_4,bulk,-81.79836883,142.132,True,"[5.19674473, 0.0, 0.0, 0.0, 6.4900941, -6.4900941, 0.0, 0.0, 6.4900941]",14.0,0.00016769285714285715,local
1584_18,bulk,-70.61072414,258.563,True,"[7.93575191, 0.0, 0.0, 0.0, 20.93438664, -4.06172132, 0.0, 0.0, 4.06172132]",20.0,1.015e-06,local
1584_4,bulk,-70.61255271,374.475,True,"[7.93575191, 0.0, -4.06172132, -0.0, 20.93438664, -4.06172132, 0.0, 0.0, 4.06172132]",20.0,4e-07,local
1584_9,bulk,-70.615237,425.414,True,"[15.87150383, 0.0, -4.06172132, -0.0, 10.46719332, -4.06172132, 0.0, 0.0, 4.06172132]",20.0,2e-08,local
1588_5,bulk,-237.93441263,394.249,True,"[5.95943595, 0.0, 0.0, 0.0, 11.91887191, -5.95943595, 0.0, 0.0, 5.95943595]",32.0,0.50610424375,local
1589_0,bulk,-134.71904721,109.612,True,"[5.99750892, 0.0, -5.99750892, -0.0, 5.99750892, -5.99750892, 0.0, 0.0, 5.99750892]",16.0,5.6875e-06,local
1589_3,bulk,-134.72852956,118.137,True,"[5.99750892, 0.0, 0.0, -0.0, 5.99750892, 5.99750892, 0.0, 0.0, 5.99750892]",16.0,6.35e-06,local
1589_5,bulk,-269.45964903,489.372,True,"[5.99750892, 0.0, 0.0, 0.0, 11.99501784, -5.99750892, 0.0, 0.0, 5.99750892]",32.0,3.7859375e-05,local
1590_1,bulk,-51.09969817,133.341,True,"[3.63690631, 0.0, -6.29930651, -0.0, 15.99886303, -4.19953767, 0.0, 0.0, 4.19953767]",12.0,1.3425000000000001e-05,local
1590_3,bulk,-51.10866763,94.478,True,"[7.27381262, 0.0, -8.39907535, -0.0, 7.99943152, -4.19953767, 0.0, 0.0, 4.19953767]",12.0,1.5283333333333333e-05,local
1590_4,bulk,-51.10866763,72.856,True,"[7.27381262, 0.0, -8.39907535, -0.0, 7.99943152, -4.19953767, 0.0, 0.0, 4.19953767]",12.0,1.5283333333333333e-05,local
1591_0,bulk,-123.06923478,110.813,True,"[5.82232379, 0.0, -5.82232379, -0.0, 5.82232379, -5.82232379, 0.0, 0.0, 5.82232379]",16.0,0.49283836875,local
1591_3,bulk,-123.06626313,178.735,True,"[5.82232379, 0.0, 0.0, 0.0, 5.82232379, -5.82232379, 0.0, 0.0, 5.82232379]",16.0,0.49153186875,local
1592_0,bulk,-57.32667121,59.054,True,"[6.04740986, 0.0, -6.04740986, -0.0, 6.04740986, -6.04740986, 0.0, 0.0, 6.04740986]",16.0,4.7625e-06,local
1592_3,bulk,-57.34007105,107.46,True,"[6.04740986, 0.0, 0.0, -0.0, 6.04740986, 6.04740986, 0.0, 0.0, 6.04740986]",16.0,5.025e-06,local
1602_17,bulk,-83.85495047,120.614,True,"[6.46533681, 0.0, 0.0, -0.0, 6.46533681, 5.1938183, 0.0, 0.0, 5.1938183]",14.0,4.5971428571428574e-05,local
1605_13,bulk,-90.93233531,98.691,True,"[8.12789024, 0.0, 0.0, -0.0, 5.24909739, -5.11586884, 0.0, 0.0, 5.11586884]",16.0,1.551875e-05,local
1605_39,bulk,-90.92169816,88.617,True,"[5.11586884, 0.0, 0.0, 0.0, 8.12789024, 0.0, 0.0, 0.0, 5.24909739]",16.0,1.59375e-05,local
1605_3,bulk,-90.93634563,279.972,True,"[8.12789024, 0.0, -5.11586884, -0.0, 5.24909739, -5.11586884, 0.0, 0.0, 5.11586884]",16.0,3.125e-08,local
1612_3,bulk,-72.61070005,178.729,True,"[6.56262251, 0.0, -6.56262251, 0.0, 13.12524502, -6.56262251, 0.0, 0.0, 6.56262251]",24.0,2.56e-05,local
1612_4,bulk,-72.61070005,157.519,True,"[6.56262251, 0.0, -6.56262251, 0.0, 13.12524502, -6.56262251, 0.0, 0.0, 6.56262251]",24.0,2.56e-05,local
1614_3,bulk,-95.87232164,70.846,True,"[5.61809228, 0.0, 0.0, 0.0, 5.61809228, -5.61809228, 0.0, 0.0, 5.61809228]",16.0,4.425e-06,local
1619_5,bulk,-162.04896438,197.323,True,"[6.26614105, 0.0, 0.0, 0.0, 12.53228209, -6.26614105, 0.0, 0.0, 6.26614105]",32.0,3.6253125e-05,local
1623_3,bulk,-153.65937044,109.016,True,"[6.24400654, 0.0, 0.0, 0.0, 6.24400654, -6.24400654, 0.0, 0.0, 6.24400654]",16.0,1.4825e-05,local
1636_0,bulk,-107.77264226,52.182,True,"[5.73182064, 0.0, -5.73182064, -0.0, 5.73182064, -5.73182064, 0.0, 0.0, 5.73182064]",16.0,4.595e-05,local
1636_1,bulk,-107.77264225,70.293,True,"[5.73182064, 0.0, -5.73182064, -0.0, 5.73182064, -5.73182064, 0.0, 0.0, 5.73182064]",16.0,4.595e-05,local
1638_42,bulk,-152.2409736,1037.663,True,"[15.57630825, 0.0, 0.0, 5.70962028, 12.05279417, 5.80924004, 0.0, 0.0, 5.80924004]",40.0,7.75e-08,local
1638_45,bulk,-152.2409736,932.138,True,"[15.57630825, 0.0, 0.0, 5.70962028, 12.05279417, 5.80924004, 0.0, 0.0, 5.80924004]",40.0,7.75e-08,local
1638_46,bulk,-152.24677696,981.051,True,"[14.07671751, 0.0, 0.0, -0.0, 13.33677664, 5.80924004, 0.0, 0.0, 5.80924004]",40.0,1.075e-07,local
1640_46,bulk,-150.33106522,619.514,True,"[7.82025087, 0.0, 0.0, 7.82025087, 13.54507183, 3.67178713, 0.0, 0.0, 3.67178713]",18.0,2e-07,local
1640_47,bulk,-150.33106522,495.818,True,"[7.82025087, 0.0, 0.0, 7.82025087, 13.54507183, 3.67178713, 0.0, 0.0, 3.67178713]",18.0,2e-07,local
1641_1,bulk,-185.28599677,208.299,True,"[6.28269399, 0.0, -6.28269399, -0.0, 6.28269399, -6.28269399, 0.0, 0.0, 6.28269399]",16.0,0.000124625,local
1641_5,bulk,-370.56553631,840.95,True,"[6.28269399, 0.0, 0.0, 0.0, 12.56538798, -6.28269399, 0.0, 0.0, 6.28269399]",32.0,3.7259375e-05,local
1643_15,bulk,-64.7199248,85.61,True,"[6.90207447, 0.0, 0.0, 0.0, 7.56707208, -8.7377022, 0.0, 0.0, 4.3688511]",12.0,2.2066666666666667e-05,local
1643_3,bulk,-64.7076185,172.792,True,"[3.78353604, 0.0, -6.55327665, -0.0, 13.80414893, -4.3688511, 0.0, 0.0, 4.3688511]",12.0,1.7958333333333334e-05,local
1643_5,bulk,-64.7076185,146.683,True,"[3.78353604, 0.0, -6.55327665, -0.0, 13.80414893, -4.3688511, 0.0, 0.0, 4.3688511]",12.0,1.7958333333333334e-05,local
1646_5,bulk,-144.10311539,374.335,True,"[6.06034384, 0.0, 0.0, 0.0, 12.12068768, -6.06034384, 0.0, 0.0, 6.06034384]",32.0,9.821875e-06,local
1649_14,bulk,-122.30094281,191.895,True,"[4.09119793, 0.0, 0.0, 0.0, 29.73936387, -4.09119793, 0.0, 0.0, 4.09119793]",20.0,1.2949999999999999e-06,local
1649_15,bulk,-122.30094281,171.692,True,"[4.09119793, 0.0, 0.0, 0.0, 29.73936387, -4.09119793, 0.0, 0.0, 4.09119793]",20.0,1.2949999999999999e-06,local
1649_5,bulk,-122.29942944,302.724,True,"[8.18239586, 0.0, -4.09119793, 0.0, 14.86968193, -4.09119793, 0.0, 0.0, 4.09119793]",20.0,1.225e-06,local
1651_0,bulk,-192.54352514,137.352,True,"[6.47094166, 0.0, -6.47094166, -0.0, 6.47094166, -6.47094166, 0.0, 0.0, 6.47094166]",16.0,1.11125e-05,local
1653_0,bulk,-95.56001984,61.287,True,"[6.14078356, 0.0, -6.14078356, -0.0, 6.14078356, -6.14078356, 0.0, 0.0, 6.14078356]",16.0,3.058125e-05,local
1655_3,bulk,-105.948942,77.502,True,"[5.89516753, 0.0, 0.0, -0.0, 5.89516753, 5.89516753, 0.0, 0.0, 5.89516753]",16.0,0.004486425,local
1655_5,bulk,-211.95510545,214.387,True,"[5.89516753, 0.0, 0.0, 0.0, 11.79033507, -5.89516753, 0.0, 0.0, 5.89516753]",32.0,0.009859503125,local
1662_5,bulk,-60.48053742,108.551,True,"[3.74996293, 0.0, -3.74996293, -0.0, 12.24953119, -3.74996293, 0.0, 0.0, 3.74996293]",12.0,0.02931375,local
1663_0,bulk,-173.01953367,160.937,True,"[6.14891396, 0.0, -6.14891396, -0.0, 6.14891396, -6.14891396, 0.0, 0.0, 6.14891396]",16.0,3.8575e-05,local
1663_3,bulk,-173.05631752,291.933,True,"[6.14891396, 0.0, 0.0, 0.0, 6.14891396, -6.14891396, 0.0, 0.0, 6.14891396]",16.0,4.549375e-05,local
1663_5,bulk,-346.07335328,814.832,True,"[6.14891396, 0.0, 0.0, 0.0, 12.29782791, -6.14891396, 0.0, 0.0, 6.14891396]",32.0,1.178125e-06,local
1674_0,bulk,-132.0301341,100.855,True,"[5.99151755, 0.0, -5.99151755, -0.0, 5.99151755, -5.99151755, 0.0, 0.0, 5.99151755]",16.0,0.4972047375,local
1674_1,bulk,-132.0301341,128.519,True,"[5.99151755, 0.0, -5.99151755, -0.0, 5.99151755, -5.99151755, 0.0, 0.0, 5.99151755]",16.0,0.4972047375,local
1674_5,bulk,-264.09984762,541.405,True,"[5.99151755, 0.0, 0.0, 0.0, 11.98303509, -5.99151755, 0.0, 0.0, 5.99151755]",32.0,0.499272425,local
1676_18,bulk,-126.50564865,441.581,True,"[18.21644111, 0.0, 0.0, 5.20469746, 4.50740022, 3.44746566, 0.0, 0.0, 3.44746566]",18.0,1.2233333333333334e-05,local
1676_46,bulk,-126.5001142,424.41,True,"[6.88516756, 0.0, 0.0, 6.88516756, 11.92546004, 3.44746566, 0.0, 0.0, 3.44746566]",18.0,0.00012996666666666666,local
1677_28,bulk,-116.28772189,600.029,True,"[14.73535613, 0.0, 0.0, 2.09616296, 7.57505884, 3.69861532, 0.0, 0.0, 3.69861532]",20.0,1.2165e-05,local
1677_30,bulk,-116.28772189,592.255,True,"[14.73535613, 0.0, 0.0, 2.09616296, 7.57505884, 3.69861532, 0.0, 0.0, 3.69861532]",20.0,1.2165e-05,local
1679_3,bulk,-141.75086792,158.103,True,"[6.03924331, 0.0, 0.0, 0.0, 6.03924331, -6.03924331, 0.0, 0.0, 6.03924331]",16.0,3.435e-05,local
1682_1,bulk,-108.79833283,92.629,True,"[6.08905801, 0.0, -6.08905801, -0.0, 6.08905801, -6.08905801, 0.0, 0.0, 6.08905801]",16.0,0.5090916375,local
1682_3,bulk,-108.79974816,136.78,True,"[6.08905801, 0.0, 0.0, 0.0, 6.08905801, -6.08905801, 0.0, 0.0, 6.08905801]",16.0,0.50973805,local
1682_5,bulk,-217.59335713,472.845,True,"[6.08905801, 0.0, 0.0, 0.0, 12.17811602, -6.08905801, 0.0, 0.0, 6.08905801]",32.0,0.5097138625,local
1683_3,bulk,-109.86463798,69.69,True,"[5.69616085, 0.0, 0.0, 0.0, 5.69616085, -5.69616085, 0.0, 0.0, 5.69616085]",16.0,1.24682816875,local
1683_5,bulk,-219.7330168,268.473,True,"[5.69616085, 0.0, 0.0, 0.0, 11.39232171, -5.69616085, 0.0, 0.0, 5.69616085]",32.0,1.24673294375,local
1688_3,bulk,-64.08415653,343.099,True,"[4.07716708, 0.0, -7.06186054, -0.0, 14.91251245, -4.70790702, 0.0, 0.0, 4.70790702]",12.0,4.841666666666667e-06,local
1689_8,bulk,-100.96927916,434.827,True,"[7.21298148, 0.0, 0.0, 0.0, 7.28577567, -3.64288784, 0.0, 0.0, 3.64288784]",16.0,0.0,local
1692_3,bulk,-114.11735307,136.362,True,"[5.72972465, 0.0, 0.0, 0.0, 5.72972465, -5.72972465, 0.0, 0.0, 5.72972465]",16.0,1.25068344375,local
1692_5,bulk,-228.25646103,394.079,True,"[5.72972465, 0.0, 0.0, 0.0, 11.45944929, -5.72972465, 0.0, 0.0, 5.72972465]",32.0,1.250305409375,local
1694_3,bulk,-116.02416517,309.411,True,"[4.36085985, 0.0, 4.36085985, 4.36085985, 20.32785802, 0.0, 0.0, 0.0, 4.36085985]",20.0,1e-08,local
1708_28,bulk,-140.35504255,546.29,True,"[3.66804316, 0.0, 0.0, 0.0, 13.50551879, -15.59482981, 0.0, 0.0, 7.79741491]",18.0,2.577777777777778e-06,local
1708_5,bulk,-70.17926049,134.448,True,"[13.50551879, 0.0, 0.0, 6.75275939, 3.89870745, 7.33608632, 0.0, 0.0, 3.66804316]",9.0,1.3333333333333333e-05,local
1712_36,bulk,-212.44212613,558.369,True,"[8.54579886, 0.0, 0.0, -0.0, 9.26278365, -8.54579886, 0.0, 0.0, 8.54579886]",36.0,0.0,local
1712_5,bulk,-212.42379972,607.832,True,"[8.54579886, 0.0, -8.54579886, -0.0, 9.26278365, -8.54579886, 0.0, 0.0, 8.54579886]",36.0,0.0,local
1712_6,bulk,-212.42379972,626.288,True,"[8.54579886, 0.0, -8.54579886, -0.0, 9.26278365, -8.54579886, 0.0, 0.0, 8.54579886]",36.0,0.0,local
1714_13,bulk,-132.0469942,217.05,True,"[8.32921082, 0.0, 0.0, 0.0, 6.03063935, -10.44537375, 0.0, 0.0, 6.9635825]",24.0,3.1541666666666664e-06,local
1714_39,bulk,-132.07451365,189.42,True,"[6.03063935, 0.0, -3.48179125, -0.0, 8.32921082, -6.9635825, 0.0, 0.0, 6.9635825]",24.0,3.995833333333333e-06,local
1714_41,bulk,-132.07451365,181.097,True,"[6.03063935, 0.0, -3.48179125, -0.0, 8.32921082, -6.9635825, 0.0, 0.0, 6.9635825]",24.0,3.995833333333333e-06,local
1716_3,bulk,-161.00747072,89.998,True,"[6.22080584, 0.0, 0.0, 0.0, 6.22080584, -6.22080584, 0.0, 0.0, 6.22080584]",16.0,2.2125e-06,local
1719_0,bulk,-124.80444365,104.984,True,"[6.26293973, 0.0, -6.26293973, -0.0, 6.26293973, -6.26293973, 0.0, 0.0, 6.26293973]",16.0,0.00011303125,local
1719_1,bulk,-124.80444365,125.454,True,"[6.26293973, 0.0, -6.26293973, -0.0, 6.26293973, -6.26293973, 0.0, 0.0, 6.26293973]",16.0,0.00011303125,local
1720_19,bulk,-92.00199335,99.721,True,"[3.19424034, 0.0, 0.0, 0.0, 16.15660297, -3.19424034, 0.0, 0.0, 3.19424034]",12.0,6e-07,local
1720_7,bulk,-92.00390965,129.262,True,"[6.38848067, 0.0, -3.19424034, -0.0, 8.07830149, -3.19424034, 0.0, 0.0, 3.19424034]",12.0,3.333333333333333e-07,local
1724_3,bulk,-80.67410327,126.805,True,"[5.47340272, 0.0, 0.0, 0.0, 5.47340272, -5.47340272, 0.0, 0.0, 5.47340272]",16.0,4.33125e-06,local
1730_2,bulk,-46.60172045,95.719,True,"[2.90168553, 0.0, 2.90168553, 2.90168553, 11.32481729, 0.0, 0.0, 0.0, 2.90168553]",8.0,8.18625e-05,local
1730_3,bulk,-46.60172045,96.408,True,"[2.90168553, 0.0, 2.90168553, 2.90168553, 11.32481729, 0.0, 0.0, 0.0, 2.90168553]",8.0,8.18625e-05,local
1735_3,bulk,-43.44445652,315.885,True,"[4.2100829, 0.0, -4.2100829, -0.0, 21.0391979, -4.2100829, 0.0, 0.0, 4.2100829]",16.0,8.375e-07,local
1735_4,bulk,-43.44445652,238.486,True,"[4.2100829, 0.0, -4.2100829, -0.0, 21.0391979, -4.2100829, 0.0, 0.0, 4.2100829]",16.0,8.375e-07,local
1738_3,bulk,-119.28612645,142.634,True,"[6.52936464, 0.0, 0.0, 0.0, 6.52936464, -6.52936464, 0.0, 0.0, 6.52936464]",16.0,0.00046060625,local
1738_5,bulk,-238.53578623,472.875,True,"[6.52936464, 0.0, 0.0, 0.0, 13.05872927, -6.52936464, 0.0, 0.0, 6.52936464]",32.0,4.4371875e-05,local
1744_3,bulk,-133.87338583,221.826,True,"[6.56180289, 0.0, 0.0, 0.0, 6.56180289, -6.56180289, 0.0, 0.0, 6.56180289]",16.0,1.906875e-05,local
1744_5,bulk,-267.79309736,549.449,True,"[6.56180289, 0.0, 0.0, 0.0, 13.12360578, -6.56180289, 0.0, 0.0, 6.56180289]",32.0,1.221875e-05,local
1747_5,bulk,-239.96290319,447.345,True,"[6.11665706, 0.0, 0.0, 0.0, 12.23331413, -6.11665706, 0.0, 0.0, 6.11665706]",32.0,1.818125e-05,local
1756_0,bulk,-120.05113167,203.151,True,"[6.40752927, 0.0, -6.40752927, -0.0, 6.40752927, -6.40752927, 0.0, 0.0, 6.40752927]",16.0,2.701875e-05,local
1756_1,bulk,-120.05113166,171.883,True,"[6.40752927, 0.0, -6.40752927, -0.0, 6.40752927, -6.40752927, 0.0, 0.0, 6.40752927]",16.0,2.7025e-05,local
1761_3,bulk,-188.04302541,184.123,True,"[6.25709917, 0.0, 0.0, 0.0, 6.25709917, -6.25709917, 0.0, 0.0, 6.25709917]",16.0,8.7875e-06,local
1761_5,bulk,-376.08380773,708.788,True,"[6.25709917, 0.0, 0.0, 0.0, 12.51419835, -6.25709917, 0.0, 0.0, 6.25709917]",32.0,5.90625e-07,local
1761_6,bulk,-188.03547154,114.001,True,"[6.25709917, 0.0, 0.0, 0.0, 6.25709917, 0.0, 0.0, 0.0, 6.25709917]",16.0,6.348125e-05,local
1772_0,bulk,-126.81950706,168.82,True,"[6.51120905, 0.0, -6.51120905, -0.0, 6.51120905, -6.51120905, 0.0, 0.0, 6.51120905]",16.0,2.7e-06,local
1772_3,bulk,-126.71695385,123.954,True,"[6.51120905, 0.0, 0.0, 0.0, 6.51120905, -6.51120905, 0.0, 0.0, 6.51120905]",16.0,2.94375e-06,local
1773_0,bulk,-112.42982198,77.014,True,"[5.83320045, 0.0, -5.83320045, -0.0, 5.83320045, -5.83320045, 0.0, 0.0, 5.83320045]",16.0,0.2478983,local
1773_3,bulk,-112.42117208,103.522,True,"[5.83320045, 0.0, 0.0, 0.0, 5.83320045, -5.83320045, 0.0, 0.0, 5.83320045]",16.0,0.24871081875,local
1773_5,bulk,-224.85478979,414.258,True,"[5.83320045, 0.0, 0.0, 0.0, 11.6664009, -5.83320045, 0.0, 0.0, 5.83320045]",32.0,0.249637471875,local
1777_2,bulk,-154.5284304,416.305,True,"[3.72699825, 0.0, -3.72699825, -0.0, 19.21217105, -3.72699825, 0.0, 0.0, 3.72699825]",20.0,2.5795e-05,local
1778_3,bulk,-131.86341712,189.771,True,"[6.12378974, 0.0, 0.0, -0.0, 6.12378974, 6.12378974, 0.0, 0.0, 6.12378974]",16.0,6.03125e-06,local
1779_3,bulk,-113.33541045,357.102,True,"[3.73211316, 0.0, -3.73211316, 0.0, 28.66770362, -3.73211316, 0.0, 0.0, 3.73211316]",20.0,0.312608005,local
1779_5,bulk,-113.33799771,251.525,True,"[7.46422631, 0.0, -3.73211316, 0.0, 14.33385181, -3.73211316, 0.0, 0.0, 3.73211316]",20.0,0.30951407999999997,local
1779_6,bulk,-113.33799771,302.652,True,"[7.46422631, 0.0, -3.73211316, 0.0, 14.33385181, -3.73211316, 0.0, 0.0, 3.73211316]",20.0,0.30951407999999997,local
1780_0,bulk,-133.03763364,66.666,True,"[5.89940266, 0.0, -5.89940266, -0.0, 5.89940266, -5.89940266, 0.0, 0.0, 5.89940266]",16.0,4.48125e-06,local
1780_1,bulk,-133.03763364,51.773,True,"[5.89940266, 0.0, -5.89940266, -0.0, 5.89940266, -5.89940266, 0.0, 0.0, 5.89940266]",16.0,4.48125e-06,local
1780_3,bulk,-133.03933856,62.461,True,"[5.89940266, 0.0, 0.0, 0.0, 5.89940266, -5.89940266, 0.0, 0.0, 5.89940266]",16.0,1.22875e-05,local
1781_5,bulk,-345.41913288,929.585,True,"[6.32481145, 0.0, 0.0, 0.0, 12.64962291, -6.32481145, 0.0, 0.0, 6.32481145]",32.0,6.671875e-06,local
1783_1,bulk,-110.38304379,56.557,True,"[5.99483381, 0.0, -5.99483381, -0.0, 5.99483381, -5.99483381, 0.0, 0.0, 5.99483381]",16.0,2.561875e-05,local
1784_2,bulk,-148.71116938,504.456,True,"[3.96104125, 0.0, -3.96104125, -0.0, 19.06857, -3.96104125, 0.0, 0.0, 3.96104125]",20.0,0.000661025,local
1790_0,bulk,-141.09992906,465.505,True,"[6.92938596, 0.0, -6.92938596, -0.0, 6.92938596, -6.92938596, 0.0, 0.0, 6.92938596]",24.0,1.1904166666666667e-05,local
1790_1,bulk,-141.09992906,465.36,True,"[6.92938596, 0.0, -6.92938596, -0.0, 6.92938596, -6.92938596, 0.0, 0.0, 6.92938596]",24.0,1.1904166666666667e-05,local
1798_3,bulk,-110.61444845,73.712,True,"[6.01613286, 0.0, 0.0, 0.0, 6.01613286, -6.01613286, 0.0, 0.0, 6.01613286]",16.0,2.36125e-05,local
1798_6,bulk,-110.63539201,31.814,True,"[6.01613286, 0.0, 0.0, 0.0, 6.01613286, 0.0, 0.0, 0.0, 6.01613286]",16.0,2.558125e-05,local
1800_0,bulk,-86.47515556,75.248,True,"[6.12112702, 0.0, -6.12112702, 0.0, 6.12112702, -6.12112702, 0.0, 0.0, 6.12112702]",16.0,4.435e-05,local
1800_1,bulk,-86.47515556,77.233,True,"[6.12112702, 0.0, -6.12112702, 0.0, 6.12112702, -6.12112702, 0.0, 0.0, 6.12112702]",16.0,4.435e-05,local
1800_5,bulk,-172.93086359,406.943,True,"[6.12112702, 0.0, 0.0, 0.0, 12.24225405, -6.12112702, 0.0, 0.0, 6.12112702]",32.0,3.840625e-06,local
1801_3,bulk,-116.00184059,211.354,True,"[6.29522495, 0.0, 0.0, 0.0, 6.29522495, -6.29522495, 0.0, 0.0, 6.29522495]",16.0,1.188960625,local
1801_5,bulk,-232.00829635,782.338,True,"[6.29522495, 0.0, 0.0, 0.0, 12.5904499, -6.29522495, 0.0, 0.0, 6.29522495]",32.0,1.18897520625,local
1806_5,bulk,-198.91677613,668.786,True,"[6.24614769, 0.0, 0.0, 0.0, 12.49229537, -6.24614769, 0.0, 0.0, 6.24614769]",32.0,1.6815625e-05,local
1814_19,bulk,-76.15584841,135.265,True,"[19.46980969, 0.0, 0.0, 5.56280277, 4.81752851, 4.54971324, 0.0, 0.0, 4.54971324]",18.0,1.3583333333333333e-05,local
1814_43,bulk,-76.15589921,98.097,True,"[12.74598238, 0.0, 0.0, 0.0, 7.35889636, -4.54971324, 0.0, 0.0, 4.54971324]",18.0,3.231111111111111e-05,local
1814_48,bulk,-76.15772682,156.483,True,"[7.35889636, 0.0, 0.0, 7.35889636, 12.74598238, 4.54971324, 0.0, 0.0, 4.54971324]",18.0,3.194444444444444e-05,local
1819_5,bulk,-190.06071297,590.688,True,"[6.26168077, 0.0, 0.0, 0.0, 12.52336154, -6.26168077, 0.0, 0.0, 6.26168077]",32.0,2.55e-06,local
1821_11,bulk,-147.60238812,2654.125,True,"[12.73002208, 0.0, -6.36501104, -0.0, 11.2533386, -6.36501104, 0.0, 0.0, 6.36501104]",40.0,2.5e-09,local
1823_0,bulk,-71.17351844,83.89,True,"[6.00194658, 0.0, -6.00194658, -0.0, 6.00194658, -6.00194658, 0.0, 0.0, 6.00194658]",16.0,1.241875e-05,local
1824_1,bulk,-110.930357,135.786,True,"[6.20995162, 0.0, -6.20995162, 0.0, 6.20995162, -6.20995162, 0.0, 0.0, 6.20995162]",16.0,0.00013181875,local
1824_5,bulk,-221.87102356,698.873,True,"[6.20995162, 0.0, 0.0, 0.0, 12.41990324, -6.20995162, 0.0, 0.0, 6.20995162]",32.0,2.5809375e-05,local
1830_0,bulk,-108.31121615,390.752,True,"[7.01247582, 0.0, -7.01247582, -0.0, 7.01247582, -7.01247582, 0.0, 0.0, 7.01247582]",24.0,1.4075000000000002e-05,local
1831_0,bulk,-128.92761686,116.457,True,"[5.58349946, 0.0, -5.58349946, 0.0, 5.58349946, -5.58349946, 0.0, 0.0, 5.58349946]",16.0,0.74941195,local
1831_1,bulk,-128.92761686,94.504,True,"[5.58349946, 0.0, -5.58349946, 0.0, 5.58349946, -5.58349946, 0.0, 0.0, 5.58349946]",16.0,0.74941195,local
1831_3,bulk,-128.92183189,138.663,True,"[5.58349946, 0.0, 0.0, 0.0, 5.58349946, -5.58349946, 0.0, 0.0, 5.58349946]",16.0,0.74899803125,local
1834_1,bulk,-65.11657411,88.65,True,"[5.81564689, 0.0, -5.81564689, -0.0, 5.81564689, -5.81564689, 0.0, 0.0, 5.81564689]",16.0,3.2575e-05,local
1835_0,bulk,-115.2013751,137.787,True,"[6.02233859, 0.0, -6.02233859, -0.0, 6.02233859, -6.02233859, 0.0, 0.0, 6.02233859]",16.0,0.2527346,local
1835_3,bulk,-115.20469584,181.984,True,"[6.02233859, 0.0, 0.0, 0.0, 6.02233859, -6.02233859, 0.0, 0.0, 6.02233859]",16.0,0.25472659375,local
1835_5,bulk,-230.41566785,560.367,True,"[6.02233859, 0.0, 0.0, 0.0, 12.04467717, -6.02233859, 0.0, 0.0, 6.02233859]",32.0,0.255219434375,local
1837_0,bulk,-81.21603258,69.077,True,"[5.54823588, 0.0, 5.54823588, 5.54823588, 5.54823588, -0.0, 0.0, 0.0, 5.54823588]",16.0,0.00016446875,local
1837_3,bulk,-81.2437524,83.441,True,"[5.54823588, 0.0, 0.0, 0.0, 5.54823588, -5.54823588, 0.0, 0.0, 5.54823588]",16.0,0.0001735875,local
1838_0,bulk,-111.23364127,167.583,True,"[6.45346406, 0.0, -6.45346406, -0.0, 6.45346406, -6.45346406, 0.0, 0.0, 6.45346406]",16.0,2.151875e-05,local
1842_3,bulk,-114.04603871,160.915,True,"[5.73197734, 0.0, 0.0, 0.0, 5.73197734, -5.73197734, 0.0, 0.0, 5.73197734]",16.0,1.00100921875,local
1842_5,bulk,-228.08484707,443.655,True,"[5.73197734, 0.0, 0.0, 0.0, 11.46395468, -5.73197734, 0.0, 0.0, 5.73197734]",32.0,1.000627665625,local
1843_2,bulk,-115.21231727,88.51,True,"[6.07394005, 0.0, -6.07394005, -0.0, 6.07394005, -6.07394005, 0.0, 0.0, 6.07394005]",24.0,0.3326023,local
1843_8,bulk,-115.20420832,125.249,True,"[6.07394005, 0.0, 0.0, 0.0, 6.07394005, -6.07394005, 0.0, 0.0, 6.07394005]",24.0,0.33300685,local
1845_1,bulk,-83.0271831,103.804,True,"[6.2248182, 0.0, -6.2248182, -0.0, 6.2248182, -6.2248182, 0.0, 0.0, 6.2248182]",12.0,0.00010521666666666667,local
1845_3,bulk,-166.05972378,526.15,True,"[6.2248182, 0.0, -6.2248182, 0.0, 12.44963641, -6.2248182, 0.0, 0.0, 6.2248182]",24.0,6.288333333333333e-05,local
1847_5,bulk,-153.05486421,615.989,True,"[6.0316567, 0.0, 0.0, 0.0, 12.0633134, -6.0316567, 0.0, 0.0, 6.0316567]",32.0,2.356875e-05,local
1848_14,bulk,-232.14841129,709.255,True,"[9.87435707, 0.0, 5.04619893, 9.87435707, 7.02591345, -0.0, 0.0, 0.0, 5.04619893]",24.0,6.2958333333333325e-06,local
1848_17,bulk,-232.1379788,489.089,True,"[7.02591345, 0.0, 0.0, -0.0, 9.87435707, 5.04619893, 0.0, 0.0, 5.04619893]",24.0,2.300416666666667e-05,local
1848_3,bulk,-232.16418417,624.664,True,"[5.04619893, 0.0, -4.93717854, -0.0, 14.0518269, -4.93717854, 0.0, 0.0, 4.93717854]",24.0,4.587083333333333e-05,local
1849_1,bulk,-115.3968032,93.344,True,"[6.00677229, 0.0, -6.00677229, 0.0, 6.00677229, -6.00677229, 0.0, 0.0, 6.00677229]",16.0,1.0563260875,local
1851_1,bulk,-96.53700651,122.329,True,"[5.42598069, 0.0, -5.42598069, -0.0, 5.42598069, -5.42598069, 0.0, 0.0, 5.42598069]",16.0,1.03e-05,local
1852_10,bulk,-118.37313437,517.0,True,"[8.26614473, 0.0, 0.0, 0.0, 10.74195421, -4.21175569, 0.0, 0.0, 4.21175569]",20.0,5.8365e-05,local
1852_2,bulk,-118.37001711,559.737,True,"[5.3709771, 0.0, -4.21175569, -0.0, 16.53228946, -4.21175569, 0.0, 0.0, 4.21175569]",20.0,4.405e-06,local
1852_7,bulk,-118.37639145,537.541,True,"[10.74195421, 0.0, -4.21175569, -0.0, 8.26614473, -4.21175569, 0.0, 0.0, 4.21175569]",20.0,1.809e-05,local
1854_10,bulk,-96.63827702,450.799,True,"[10.29236208, 0.0, 0.0, 0.0, 8.42450207, -4.21225103, 0.0, 0.0, 4.21225103]",20.0,6.25e-07,local
1854_2,bulk,-96.71308854,900.874,True,"[4.21225103, 0.0, 4.21225103, 4.21225103, 20.58472415, 0.0, 0.0, 0.0, 4.21225103]",20.0,5.72e-06,local
1854_3,bulk,-96.71308854,877.958,True,"[4.21225103, 0.0, 4.21225103, 4.21225103, 20.58472415, 0.0, 0.0, 0.0, 4.21225103]",20.0,5.72e-06,local
1863_15,bulk,-133.6694859,2068.892,True,"[31.95093179, 0.0, 0.0, 1.91732862, 7.58843112, 7.08377248, 0.0, 0.0, 7.08377248]",40.0,5.4e-07,local
1863_31,bulk,-133.66775413,2581.866,True,"[22.02140199, 0.0, 0.0, 11.12743612, 11.01008216, 7.08377248, 0.0, 0.0, 7.08377248]",40.0,4e-08,local
1863_42,bulk,-133.67133668,3090.532,True,"[17.35398622, 0.0, 0.0, 7.06009964, 13.97128258, 7.08377248, 0.0, 0.0, 7.08377248]",40.0,0.0,local
1868_2,bulk,-72.63313835,75.026,True,"[6.27951153, 0.0, -6.27951153, -0.0, 6.27951153, -6.27951153, 0.0, 0.0, 6.27951153]",16.0,0.00020583125,local
1868_6,bulk,-72.61945597,90.567,True,"[6.27951153, 0.0, 0.0, 0.0, 6.27951153, -6.27951153, 0.0, 0.0, 6.27951153]",16.0,1.384375e-05,local
1868_8,bulk,-145.25945331,297.904,True,"[6.27951153, 0.0, 0.0, 0.0, 12.55902305, -6.27951153, 0.0, 0.0, 6.27951153]",32.0,6.046875e-06,local
1873_0,bulk,-99.41328793,162.56,True,"[6.42128093, 0.0, -6.42128093, -0.0, 6.42128093, -6.42128093, 0.0, 0.0, 6.42128093]",16.0,1.06599463125,local
1873_1,bulk,-99.41328793,174.879,True,"[6.42128093, 0.0, -6.42128093, -0.0, 6.42128093, -6.42128093, 0.0, 0.0, 6.42128093]",16.0,1.06599463125,local
1873_3,bulk,-99.4112919,127.317,True,"[6.42128093, 0.0, 0.0, 0.0, 6.42128093, -6.42128093, 0.0, 0.0, 6.42128093]",16.0,1.06602165625,local
1874_5,bulk,-240.55799945,374.953,True,"[6.29111729, 0.0, 0.0, 0.0, 12.58223459, -6.29111729, 0.0, 0.0, 6.29111729]",32.0,1.6653125e-05,local
1881_0,bulk,-72.78245988,70.801,True,"[5.68917422, 0.0, -5.68917422, -0.0, 5.68917422, -5.68917422, 0.0, 0.0, 5.68917422]",16.0,1.195625e-05,local
1881_1,bulk,-72.78245988,60.138,True,"[5.68917422, 0.0, -5.68917422, -0.0, 5.68917422, -5.68917422, 0.0, 0.0, 5.68917422]",16.0,1.195625e-05,local
1884_3,bulk,-159.50755608,307.555,True,"[6.38981613, 0.0, -6.38981613, 0.0, 12.77963225, -6.38981613, 0.0, 0.0, 6.38981613]",24.0,0.00012272083333333335,local
1884_4,bulk,-159.50755608,386.75,True,"[6.38981613, 0.0, -6.38981613, 0.0, 12.77963225, -6.38981613, 0.0, 0.0, 6.38981613]",24.0,0.00012272083333333335,local
1886_15,bulk,-65.94152214,190.376,True,"[6.79770821, 0.0, 0.0, 0.0, 7.57796609, -8.75028152, 0.0, 0.0, 4.37514076]",12.0,8.333333333333333e-08,local
1886_3,bulk,-65.95813365,168.999,True,"[3.78898304, 0.0, -6.56271114, -0.0, 13.59541643, -4.37514076, 0.0, 0.0, 4.37514076]",12.0,3.333333333333333e-07,local
1886_4,bulk,-65.95813365,244.089,True,"[3.78898304, 0.0, -6.56271114, -0.0, 13.59541643, -4.37514076, 0.0, 0.0, 4.37514076]",12.0,3.333333333333333e-07,local
1906_0,bulk,-73.10362436,75.574,True,"[6.06184012, 0.0, -6.06184012, -0.0, 6.06184012, -6.06184012, 0.0, 0.0, 6.06184012]",16.0,7.03125e-06,local
1906_3,bulk,-73.09281853,137.74,True,"[6.06184012, 0.0, 0.0, 0.0, 6.06184012, -6.06184012, 0.0, 0.0, 6.06184012]",16.0,1.26875e-06,local
1906_5,bulk,-146.15588004,370.465,True,"[6.06184012, 0.0, 0.0, 0.0, 12.12368023, -6.06184012, 0.0, 0.0, 6.06184012]",32.0,3.121875e-06,local
1909_5,bulk,-315.80530719,692.852,True,"[6.24432893, 0.0, 0.0, 0.0, 12.48865786, -6.24432893, 0.0, 0.0, 6.24432893]",32.0,4.70625e-06,local
1913_0,bulk,-124.8057183,156.6,True,"[6.38991149, 0.0, -6.38991149, -0.0, 6.38991149, -6.38991149, 0.0, 0.0, 6.38991149]",16.0,4.4e-06,local
1913_1,bulk,-124.8057183,155.553,True,"[6.38991149, 0.0, -6.38991149, -0.0, 6.38991149, -6.38991149, 0.0, 0.0, 6.38991149]",16.0,4.4e-06,local
1918_0,bulk,-78.74928268,51.334,True,"[5.701252, 0.0, -5.701252, -0.0, 5.701252, -5.701252, 0.0, 0.0, 5.701252]",16.0,3.59875e-05,local
1918_1,bulk,-78.74928268,62.728,True,"[5.701252, 0.0, -5.701252, -0.0, 5.701252, -5.701252, 0.0, 0.0, 5.701252]",16.0,3.59875e-05,local
1918_5,bulk,-157.4712967,235.576,True,"[5.701252, 0.0, 0.0, 0.0, 11.40250401, -5.701252, 0.0, 0.0, 5.701252]",32.0,1.0025e-05,local
1924_3,bulk,-92.17568802,340.115,True,"[6.27752285, 0.0, -6.27752285, 0.0, 12.55504571, -6.27752285, 0.0, 0.0, 6.27752285]",24.0,8.804166666666668e-06,local
1924_4,bulk,-92.17568802,334.614,True,"[6.27752285, 0.0, -6.27752285, 0.0, 12.55504571, -6.27752285, 0.0, 0.0, 6.27752285]",24.0,8.804166666666668e-06,local
1924_7,bulk,-92.18128037,305.2,True,"[6.27752285, 0.0, 0.0, 0.0, 12.55504571, -6.27752285, 0.0, 0.0, 6.27752285]",24.0,6.125e-06,local
1926_3,bulk,-145.05263666,107.192,True,"[5.86446552, 0.0, 0.0, -0.0, 5.86446552, 5.86446552, 0.0, 0.0, 5.86446552]",16.0,5.5125e-06,local
1926_6,bulk,-145.04827022,54.817,True,"[5.86446552, 0.0, 0.0, 0.0, 5.86446552, 0.0, 0.0, 0.0, 5.86446552]",16.0,8.475e-06,local
1927_0,bulk,-115.01442609,215.43,True,"[6.55425303, 0.0, -6.55425303, -0.0, 6.55425303, -6.55425303, 0.0, 0.0, 6.55425303]",16.0,2.810625e-05,local
1927_3,bulk,-115.01244259,146.523,True,"[6.55425303, 0.0, 0.0, 0.0, 6.55425303, -6.55425303, 0.0, 0.0, 6.55425303]",16.0,3.093125e-05,local
1928_1,bulk,-86.62664526,121.946,True,"[5.47713667, 0.0, -5.47713667, -0.0, 5.47713667, -5.47713667, 0.0, 0.0, 5.47713667]",16.0,3.18375e-05,local
1929_30,bulk,-124.46055683,514.031,True,"[22.12177588, 0.0, 0.0, 1.34494207, 3.61488373, 3.828419, 0.0, 0.0, 3.828419]",20.0,2.45e-07,local
1930_5,bulk,-161.63446255,258.493,True,"[6.70711433, 0.0, 0.0, 0.0, 13.41422866, -6.70711433, 0.0, 0.0, 6.70711433]",32.0,6.8559375e-05,local
1934_0,bulk,-165.61473529,152.624,True,"[6.08155428, 0.0, -6.08155428, -0.0, 6.08155428, -6.08155428, 0.0, 0.0, 6.08155428]",16.0,1.063125e-05,local
1935_33,bulk,-203.05818871,793.47,True,"[5.81162785, 0.0, 0.0, -0.0, 13.58913586, -10.57891276, 0.0, 0.0, 10.57891276]",40.0,0.00013746749999999998,local
1935_8,bulk,-203.06413025,793.043,True,"[13.58913586, 0.0, 0.0, 0.0, 10.57891276, -5.81162785, 0.0, 0.0, 5.81162785]",40.0,7.94925e-05,local
1941_3,bulk,-79.26747635,51.693,True,"[5.50303468, 0.0, 0.0, 0.0, 5.50303468, -5.50303468, 0.0, 0.0, 5.50303468]",16.0,2.268125e-05,local
1941_6,bulk,-79.29993486,20.37,True,"[5.50303468, 0.0, 0.0, 0.0, 5.50303468, 0.0, 0.0, 0.0, 5.50303468]",16.0,1.89e-05,local
1942_0,bulk,-140.18524674,192.756,True,"[6.38891556, 0.0, -6.38891556, -0.0, 6.38891556, -6.38891556, 0.0, 0.0, 6.38891556]",16.0,0.1741154375,local
1942_1,bulk,-140.18524674,186.374,True,"[6.38891556, 0.0, -6.38891556, -0.0, 6.38891556, -6.38891556, 0.0, 0.0, 6.38891556]",16.0,0.1741154125,local
1942_5,bulk,-280.36676917,392.746,True,"[6.38891556, 0.0, 0.0, 0.0, 12.77783112, -6.38891556, 0.0, 0.0, 6.38891556]",32.0,0.1502295875,local
1945_11,bulk,-88.29317729,311.318,True,"[3.54690559, 0.0, 0.0, 0.0, 14.17104184, -3.54690559, 0.0, 0.0, 3.54690559]",16.0,0.11132913125,local
1948_0,bulk,-95.22193656,77.302,True,"[5.84355286, 0.0, -5.84355286, -0.0, 5.84355286, -5.84355286, 0.0, 0.0, 5.84355286]",16.0,2.7325e-05,local
1948_3,bulk,-95.24093677,142.958,True,"[5.84355286, 0.0, 0.0, 0.0, 5.84355286, -5.84355286, 0.0, 0.0, 5.84355286]",16.0,2.3e-05,local
1949_41,bulk,-276.6023985,905.257,True,"[3.95529759, 0.0, 0.0, 0.0, 16.54600893, -18.97931369, 0.0, 0.0, 9.88191521]",40.0,5.2274999999999995e-06,local
1951_3,bulk,-105.56888835,166.478,True,"[5.99386977, 0.0, 0.0, -0.0, 5.99386977, 5.99386977, 0.0, 0.0, 5.99386977]",16.0,3.03625e-05,local
1952_3,bulk,-82.67553357,136.562,True,"[6.35683984, 0.0, 0.0, -0.0, 6.35683984, 6.35683984, 0.0, 0.0, 6.35683984]",16.0,4.55625e-05,local
1952_5,bulk,-165.35756193,467.889,True,"[6.35683984, 0.0, 0.0, 0.0, 12.71367968, -6.35683984, 0.0, 0.0, 6.35683984]",32.0,4.3625e-06,local
1956_2,bulk,-101.8404695,511.2,True,"[4.05931644, 0.0, -4.05931644, -0.0, 20.78083686, -4.05931644, 0.0, 0.0, 4.05931644]",20.0,7.12e-06,local
1956_3,bulk,-101.8404695,524.254,True,"[4.05931644, 0.0, -4.05931644, -0.0, 20.78083686, -4.05931644, 0.0, 0.0, 4.05931644]",20.0,7.12e-06,local
1956_9,bulk,-101.81958177,354.81,True,"[10.39041843, 0.0, 0.0, 0.0, 8.11863289, -4.05931644, 0.0, 0.0, 4.05931644]",20.0,9.345e-06,local
1957_5,bulk,-263.12360552,766.608,True,"[6.19102873, 0.0, 0.0, 0.0, 12.38205745, -6.19102873, 0.0, 0.0, 6.19102873]",32.0,4.664375e-05,local
1959_0,bulk,-139.91971284,89.028,True,"[5.91846062, 0.0, -5.91846062, -0.0, 5.91846062, -5.91846062, 0.0, 0.0, 5.91846062]",16.0,0.50353793125,local
1959_3,bulk,-139.92233982,174.582,True,"[5.91846062, 0.0, 0.0, 0.0, 5.91846062, -5.91846062, 0.0, 0.0, 5.91846062]",16.0,0.50311149375,local
1959_5,bulk,-279.85204565,504.323,True,"[5.91846062, 0.0, 0.0, 0.0, 11.83692125, -5.91846062, 0.0, 0.0, 5.91846062]",32.0,0.502447290625,local
1960_26,bulk,-52.74462566,188.053,True,"[6.67198008, 0.0, 0.0, 0.04613056, 11.00431536, 3.84374989, 0.0, 0.0, 3.84374989]",12.0,2.5e-08,local
1960_41,bulk,-52.76292297,180.733,True,"[5.50215768, 0.0, -0.02306528, 0.0, 7.68749978, 6.67198008, 0.0, 0.0, 6.67198008]",12.0,5e-08,local
1960_6,bulk,-26.36972302,100.425,True,"[6.67198008, 0.0, 0.0, 0.02306528, 5.50215768, 3.84374989, 0.0, 0.0, 3.84374989]",6.0,1.6666666666666667e-08,local
1964_1,bulk,-133.03764748,152.062,True,"[6.00638832, 0.0, -6.00638832, -0.0, 6.00638832, -6.00638832, 0.0, 0.0, 6.00638832]",16.0,0.50571620625,local
1964_3,bulk,-133.04297906,173.291,True,"[6.00638832, 0.0, 0.0, 0.0, 6.00638832, -6.00638832, 0.0, 0.0, 6.00638832]",16.0,0.50822409375,local
1964_5,bulk,-266.08855555,575.852,True,"[6.00638832, 0.0, 0.0, 0.0, 12.01277664, -6.00638832, 0.0, 0.0, 6.00638832]",32.0,0.508741365625,local
1967_45,bulk,-135.12856485,340.882,True,"[11.30216511, 0.0, 0.0, 0.0, 6.52530807, -3.8226062, 0.0, 0.0, 3.8226062]",18.0,0.6870116055555555,local
1967_47,bulk,-135.12976266,427.852,True,"[6.52530807, 0.0, 0.0, 6.52530807, 11.30216511, 3.8226062, 0.0, 0.0, 3.8226062]",18.0,0.6879464222222222,local
1967_5,bulk,-135.13991002,199.591,True,"[5.65108255, 0.0, -9.7879621, -0.0, 7.64521241, -6.52530807, 0.0, 0.0, 6.52530807]",18.0,0.6966769166666666,local
1974_11,bulk,-57.29130065,75.682,True,"[7.94271439, 0.0, 0.0, 0.0, 7.27273035, -8.39782565, 0.0, 0.0, 4.19891282]",16.0,1.15625e-06,local
1974_2,bulk,-57.28807323,103.965,True,"[3.63636517, 0.0, -6.29836924, -0.0, 15.88542878, -4.19891282, 0.0, 0.0, 4.19891282]",16.0,1.484375e-05,local
1974_3,bulk,-57.28807323,139.183,True,"[3.63636517, 0.0, -6.29836924, -0.0, 15.88542878, -4.19891282, 0.0, 0.0, 4.19891282]",16.0,1.484375e-05,local
1978_1,bulk,-121.96858423,212.797,True,"[6.93339389, 0.0, -6.93339389, -0.0, 6.93339389, -6.93339389, 0.0, 0.0, 6.93339389]",16.0,1.81875e-06,local
1980_0,bulk,-101.43477358,122.293,True,"[6.56300618, 0.0, -6.56300618, -0.0, 6.56300618, -6.56300618, 0.0, 0.0, 6.56300618]",16.0,6.09875e-05,local
1980_1,bulk,-101.43477358,183.83,True,"[6.56300618, 0.0, -6.56300618, -0.0, 6.56300618, -6.56300618, 0.0, 0.0, 6.56300618]",16.0,6.09875e-05,local
1980_5,bulk,-202.81239479,413.473,True,"[6.56300618, 0.0, 0.0, 0.0, 13.12601237, -6.56300618, 0.0, 0.0, 6.56300618]",32.0,9.61875e-06,local
1985_2,bulk,-65.83906704,64.864,True,"[11.25480862, 0.0, 0.0, 5.62740431, 3.24898339, 3.64228391, 0.0, 0.0, 3.64228391]",9.0,1.0763335888888887,local
1985_41,bulk,-131.67692453,351.526,True,"[11.25480862, 0.0, 0.0, 0.0, 6.49796678, -3.64228391, 0.0, 0.0, 3.64228391]",18.0,1.0734696222222224,local
1985_8,bulk,-131.6912693,326.877,True,"[5.62740431, 0.0, -9.74695018, -0.0, 7.28456781, -6.49796678, 0.0, 0.0, 6.49796678]",18.0,1.0682525722222223,local
1987_0,bulk,-115.92646148,161.842,True,"[6.46530885, 0.0, -6.46530885, -0.0, 6.46530885, -6.46530885, 0.0, 0.0, 6.46530885]",16.0,2.818125e-05,local
1987_1,bulk,-115.92646148,132.126,True,"[6.46530885, 0.0, -6.46530885, -0.0, 6.46530885, -6.46530885, 0.0, 0.0, 6.46530885]",16.0,2.818125e-05,local
1988_50,bulk,-109.96036447,131.479,True,"[4.03239372, 0.0, 0.0, -0.0, 16.26831562, 7.94640549, 0.0, 0.0, 3.97320275]",16.0,9.9125e-06,local
1989_5,bulk,-61.78820772,263.084,True,"[3.82825386, 0.0, -6.63073019, -0.0, 13.79826684, -4.4204868, 0.0, 0.0, 4.4204868]",12.0,4.308333333333333e-06,local
1997_3,bulk,-62.69543374,65.886,True,"[3.4059637, 0.0, -5.89930217, -0.0, 9.25083053, -3.93286811, 0.0, 0.0, 3.93286811]",10.0,9.469999999999999e-06,local
1997_4,bulk,-62.69543374,53.34,True,"[3.4059637, 0.0, -5.89930217, -0.0, 9.25083053, -3.93286811, 0.0, 0.0, 3.93286811]",10.0,9.469999999999999e-06,local
1997_5,bulk,-62.69543374,50.882,True,"[3.4059637, 0.0, -5.89930217, -0.0, 9.25083053, -3.93286811, 0.0, 0.0, 3.93286811]",10.0,9.469999999999999e-06,local
2000_3,bulk,-121.58306235,58.701,True,"[6.03149363, 0.0, 0.0, 0.0, 6.03149363, -6.03149363, 0.0, 0.0, 6.03149363]",16.0,2.465625e-05,local
2000_5,bulk,-243.13110019,239.593,True,"[6.03149363, 0.0, 0.0, 0.0, 12.06298725, -6.03149363, 0.0, 0.0, 6.03149363]",32.0,1.794375e-05,local
2006_3,bulk,-137.33027434,199.492,True,"[6.35635388, 0.0, 0.0, -0.0, 6.35635388, 6.35635388, 0.0, 0.0, 6.35635388]",16.0,1.18416138125,local
2006_5,bulk,-274.65843772,787.429,True,"[6.35635388, 0.0, 0.0, 0.0, 12.71270776, -6.35635388, 0.0, 0.0, 6.35635388]",32.0,1.18418975,local
2008_14,bulk,-135.63725534,810.087,True,"[20.92815078, 0.0, 0.0, 5.97947165, 5.17837435, 3.70751796, 0.0, 0.0, 3.70751796]",18.0,3.5555555555555555e-06,local
2008_42,bulk,-135.63547813,568.809,True,"[13.70069073, 0.0, 0.0, 0.0, 7.91009748, -3.70751796, 0.0, 0.0, 3.70751796]",18.0,9.777777777777778e-07,local
2008_44,bulk,-135.63547813,566.524,True,"[13.70069073, 0.0, 0.0, 0.0, 7.91009748, -3.70751796, 0.0, 0.0, 3.70751796]",18.0,9.777777777777778e-07,local
2014_0,bulk,-111.9359139,106.912,True,"[5.48861353, 0.0, -5.48861353, -0.0, 5.48861353, -5.48861353, 0.0, 0.0, 5.48861353]",16.0,0.01405213125,local
2014_1,bulk,-111.9359139,108.353,True,"[5.48861353, 0.0, -5.48861353, -0.0, 5.48861353, -5.48861353, 0.0, 0.0, 5.48861353]",16.0,0.01405213125,local
2014_6,bulk,-111.94265531,31.201,True,"[5.48861353, 0.0, 0.0, 0.0, 5.48861353, 0.0, 0.0, 0.0, 5.48861353]",16.0,0.00582699375,local
2019_15,bulk,-167.23321566,721.566,True,"[18.0257153, 0.0, 0.0, 5.15020437, 4.46020782, 3.24419129, 0.0, 0.0, 3.24419129]",18.0,2.222222222222222e-08,local
2019_16,bulk,-167.23321567,637.954,True,"[18.0257153, 0.0, 0.0, 5.15020437, 4.46020782, 3.24419129, 0.0, 0.0, 3.24419129]",18.0,2.222222222222222e-08,local
2019_42,bulk,-167.23325469,345.204,True,"[11.80060069, 0.0, 0.0, 0.0, 6.81307998, -3.24419129, 0.0, 0.0, 3.24419129]",18.0,7.094444444444443e-06,local
2020_0,bulk,-119.93491139,135.95,True,"[6.26542308, 0.0, -6.26542308, -0.0, 6.26542308, -6.26542308, 0.0, 0.0, 6.26542308]",16.0,7.59375e-06,local
2020_1,bulk,-119.93491139,167.733,True,"[6.26542308, 0.0, -6.26542308, -0.0, 6.26542308, -6.26542308, 0.0, 0.0, 6.26542308]",16.0,7.59375e-06,local
2022_3,bulk,-81.6740401,212.03,True,"[6.24733318, 0.0, -6.24733318, 0.0, 12.49466636, -6.24733318, 0.0, 0.0, 6.24733318]",24.0,1.6508333333333333e-05,local
2022_4,bulk,-81.6740401,213.707,True,"[6.24733318, 0.0, -6.24733318, 0.0, 12.49466636, -6.24733318, 0.0, 0.0, 6.24733318]",24.0,1.6508333333333333e-05,local
2024_5,bulk,-244.7458709,424.983,True,"[5.92097313, 0.0, 0.0, 0.0, 11.84194626, -5.92097313, 0.0, 0.0, 5.92097313]",32.0,2.815625e-05,local
2025_5,bulk,-221.76026172,320.881,True,"[6.4039855, 0.0, 0.0, 0.0, 12.807971, -6.4039855, 0.0, 0.0, 6.4039855]",32.0,4.146875e-06,local
2033_47,bulk,-149.83383899,907.023,True,"[15.52150539, 0.0, 0.0, 1.91451622, 7.46772892, 3.79111752, 0.0, 0.0, 3.79111752]",24.0,1.3333333333333334e-07,local
2035_1,bulk,-192.26711672,205.03,True,"[6.47297177, 0.0, -6.47297177, -0.0, 6.47297177, -6.47297177, 0.0, 0.0, 6.47297177]",16.0,0.000106725,local
2035_5,bulk,-384.65034412,465.992,True,"[6.47297177, 0.0, 0.0, 0.0, 12.94594354, -6.47297177, 0.0, 0.0, 6.47297177]",32.0,3.271875e-06,local
2036_14,bulk,-127.03958318,733.936,True,"[19.13955663, 0.0, 0.0, 5.46844475, 4.73581207, 3.42112998, 0.0, 0.0, 3.42112998]",18.0,3.4444444444444444e-07,local
2036_45,bulk,-127.0407464,624.994,True,"[7.23407243, 0.0, 0.0, 7.23407243, 12.529781, 3.42112998, 0.0, 0.0, 3.42112998]",18.0,1.5555555555555554e-07,local
2036_4,bulk,-63.52301822,217.747,True,"[12.529781, 0.0, 0.0, 6.2648905, 3.61703622, 6.84225997, 0.0, 0.0, 3.42112998]",9.0,4.444444444444444e-08,local
2038_0,bulk,-98.01456165,69.837,True,"[5.60335372, 0.0, -5.60335372, -0.0, 5.60335372, -5.60335372, 0.0, 0.0, 5.60335372]",16.0,0.7906848875,local
2039_3,bulk,-183.04734172,349.082,True,"[12.01615011, 0.0, 0.0, 0.0, 4.35824467, -7.5487012, 0.0, 0.0, 5.03246747]",18.0,2.293888888888889e-05,local
2040_1,bulk,-161.04271554,176.967,True,"[6.42568799, 0.0, -6.42568799, -0.0, 6.42568799, -6.42568799, 0.0, 0.0, 6.42568799]",16.0,0.00011590625,local
2040_3,bulk,-161.0441078,140.619,True,"[6.42568799, 0.0, 0.0, 0.0, 6.42568799, -6.42568799, 0.0, 0.0, 6.42568799]",16.0,0.00013380625,local
2040_5,bulk,-322.11490472,464.392,True,"[6.42568799, 0.0, 0.0, 0.0, 12.85137598, -6.42568799, 0.0, 0.0, 6.42568799]",32.0,1.028125e-05,local
2041_0,bulk,-145.63392476,60.126,True,"[6.12276726, 0.0, -6.12276726, -0.0, 6.12276726, -6.12276726, 0.0, 0.0, 6.12276726]",16.0,9.521875e-05,local
2041_1,bulk,-145.63392476,76.804,True,"[6.12276726, 0.0, -6.12276726, -0.0, 6.12276726, -6.12276726, 0.0, 0.0, 6.12276726]",16.0,9.521875e-05,local
2044_12,bulk,-50.23622371,78.292,True,"[2.70301811, 0.0, 0.0, 0.0, 14.71520258, -2.70301811, 0.0, 0.0, 2.70301811]",8.0,0.826021975,local
2044_6,bulk,-100.46365116,302.924,True,"[5.40603621, 0.0, -2.70301811, -0.0, 14.71520258, -2.70301811, 0.0, 0.0, 2.70301811]",16.0,0.82814488125,local
2046_24,bulk,-143.2779807,360.985,True,"[3.47429434, 0.0, 0.0, 0.0, 12.11798208, -13.99264043, 0.0, 0.0, 6.99632021]",18.0,8.555555555555556e-07,local
2046_29,bulk,-143.2779807,385.477,True,"[3.47429434, 0.0, 0.0, 0.0, 12.11798208, -13.99264043, 0.0, 0.0, 6.99632021]",18.0,8.555555555555556e-07,local
2046_5,bulk,-71.63670779,172.248,True,"[12.11798208, 0.0, 0.0, 6.05899104, 3.49816011, 6.94858869, 0.0, 0.0, 3.47429434]",9.0,2.222222222222222e-08,local
2049_0,bulk,-163.46688038,171.283,True,"[6.469541, 0.0, -6.469541, -0.0, 6.469541, -6.469541, 0.0, 0.0, 6.469541]",16.0,1.08125e-06,local
2049_1,bulk,-163.46688038,134.444,True,"[6.469541, 0.0, -6.469541, -0.0, 6.469541, -6.469541, 0.0, 0.0, 6.469541]",16.0,1.08125e-06,local
2052_5,bulk,-150.41313277,145.281,True,"[6.08299715, 0.0, 0.0, 0.0, 12.1659943, -6.08299715, 0.0, 0.0, 6.08299715]",32.0,1.365625e-05,local
2056_10,bulk,-112.58691288,531.456,True,"[14.93816708, 0.0, 0.0, 0.0, 7.492366, -3.746183, 0.0, 0.0, 3.746183]",20.0,0.30704614,local
2056_6,bulk,-112.5871378,313.163,True,"[7.492366, 0.0, -3.746183, -0.0, 14.93816708, -3.746183, 0.0, 0.0, 3.746183]",20.0,0.30866501,local
2058_8,bulk,-131.66308984,146.507,True,"[6.03031348, 0.0, 0.0, 0.0, 12.06062696, -6.03031348, 0.0, 0.0, 6.03031348]",32.0,6.475625e-05,local
2067_5,bulk,-89.26152649,357.019,True,"[6.10772186, 0.0, 0.0, 0.0, 12.21544372, -6.10772186, 0.0, 0.0, 6.10772186]",32.0,2.8371875e-05,local
2070_29,bulk,-109.00774679,561.466,True,"[7.39256232, 0.0, 0.0, -0.0, 14.78512465, 3.72921085, 0.0, 0.0, 3.72921085]",20.0,2.905e-06,local
2073_0,bulk,-121.70456687,92.031,True,"[6.12569805, 0.0, -6.12569805, -0.0, 6.12569805, -6.12569805, 0.0, 0.0, 6.12569805]",16.0,1.409375e-05,local
2076_3,bulk,-168.9196977,388.409,True,"[6.35625472, 0.0, -6.35625472, 0.0, 12.71250943, -6.35625472, 0.0, 0.0, 6.35625472]",24.0,7.583333333333333e-06,local
2076_4,bulk,-168.9196977,377.095,True,"[6.35625472, 0.0, -6.35625472, 0.0, 12.71250943, -6.35625472, 0.0, 0.0, 6.35625472]",24.0,7.583333333333333e-06,local
2076_7,bulk,-168.92743206,340.405,True,"[6.35625472, 0.0, 0.0, 0.0, 12.71250943, -6.35625472, 0.0, 0.0, 6.35625472]",24.0,7.733333333333334e-06,local
2084_0,bulk,-113.88107841,102.931,True,"[5.95629222, 0.0, -5.95629222, -0.0, 5.95629222, -5.95629222, 0.0, 0.0, 5.95629222]",16.0,0.5062649125,local
2084_1,bulk,-113.88107841,126.757,True,"[5.95629222, 0.0, -5.95629222, -0.0, 5.95629222, -5.95629222, 0.0, 0.0, 5.95629222]",16.0,0.5062649125,local
2090_2,bulk,-101.88815614,252.95,True,"[4.14506349, 0.0, 4.14506349, 4.14506349, 23.84108911, 0.0, 0.0, 0.0, 4.14506349]",20.0,2.464e-05,local
2090_3,bulk,-101.88815614,248.513,True,"[4.14506349, 0.0, 4.14506349, 4.14506349, 23.84108911, 0.0, 0.0, 0.0, 4.14506349]",20.0,2.464e-05,local
2093_5,bulk,-364.92527793,571.535,True,"[6.28816731, 0.0, 0.0, 0.0, 12.57633461, -6.28816731, 0.0, 0.0, 6.28816731]",32.0,9.775e-06,local
2101_42,bulk,-84.69859204,302.208,True,"[7.49339828, 0.0, -7.00623294, -0.0, 14.29153413, -14.01246587, 0.0, 0.0, 7.00623294]",20.0,0.9999982749999999,local
2104_15,bulk,-78.39114769,117.587,True,"[10.21855877, 0.0, 0.0, 0.0, 7.49684969, -3.74842485, 0.0, 0.0, 3.74842485]",12.0,2.5e-08,local
2104_3,bulk,-78.39699484,190.269,True,"[3.74842485, 0.0, 3.74842485, 3.74842485, 20.43711754, 0.0, 0.0, 0.0, 3.74842485]",12.0,9.916666666666666e-07,local
2104_5,bulk,-78.39699484,196.513,True,"[3.74842485, 0.0, 3.74842485, 3.74842485, 20.43711754, 0.0, 0.0, 0.0, 3.74842485]",12.0,9.916666666666666e-07,local
2107_5,bulk,-288.93574159,746.828,True,"[6.08217211, 0.0, 0.0, 0.0, 12.16434421, -6.08217211, 0.0, 0.0, 6.08217211]",32.0,5.2690625e-05,local
2112_0,bulk,-105.00368304,77.913,True,"[5.88692188, 0.0, 5.88692188, 5.88692188, 5.88692188, -0.0, 0.0, 0.0, 5.88692188]",16.0,1.675625e-05,local
2112_3,bulk,-105.01710847,87.186,True,"[5.88692188, 0.0, 0.0, -0.0, 5.88692188, 5.88692188, 0.0, 0.0, 5.88692188]",16.0,1.655625e-05,local
2112_5,bulk,-210.04016267,350.091,True,"[5.88692188, 0.0, 0.0, 0.0, 11.77384376, -5.88692188, 0.0, 0.0, 5.88692188]",32.0,3.96625e-05,local
2119_12,bulk,-111.40804423,315.095,True,"[7.79918093, 0.0, -3.89959046, 0.0, 12.30219145, -3.89959046, 0.0, 0.0, 3.89959046]",24.0,4.175833333333333e-05,local
2120_0,bulk,-177.34921831,208.214,True,"[6.11289675, 0.0, -6.11289675, -0.0, 6.11289675, -6.11289675, 0.0, 0.0, 6.11289675]",16.0,1.104375e-05,local
2120_3,bulk,-177.3907943,218.457,True,"[6.11289675, 0.0, 0.0, 0.0, 6.11289675, -6.11289675, 0.0, 0.0, 6.11289675]",16.0,1.10625e-06,local
2120_5,bulk,-354.74972293,1016.52,True,"[6.11289675, 0.0, 0.0, 0.0, 12.2257935, -6.11289675, 0.0, 0.0, 6.11289675]",32.0,5.055e-05,local
2124_5,bulk,-214.76973511,421.809,True,"[5.71486852, 0.0, 0.0, 0.0, 11.42973704, -5.71486852, 0.0, 0.0, 5.71486852]",32.0,1.025550196875,local
2125_5,bulk,-126.64110482,517.31,True,"[6.18950129, 0.0, 0.0, 0.0, 12.37900258, -6.18950129, 0.0, 0.0, 6.18950129]",32.0,1.2034375e-05,local
2128_3,bulk,-112.1741265,454.874,True,"[3.78532185, 0.0, -3.78532185, -0.0, 31.00713345, -3.78532185, 0.0, 0.0, 3.78532185]",20.0,0.3046316,local
2128_5,bulk,-112.18450682,344.703,True,"[7.57064369, 0.0, -3.78532185, -0.0, 15.50356672, -3.78532185, 0.0, 0.0, 3.78532185]",20.0,0.30747512499999996,local
2128_6,bulk,-112.18450682,312.899,True,"[7.57064369, 0.0, -3.78532185, -0.0, 15.50356672, -3.78532185, 0.0, 0.0, 3.78532185]",20.0,0.30747512499999996,local
2133_14,bulk,-89.00497048,222.8,True,"[4.07749323, 0.0, 0.0, 0.0, 19.78480443, -4.07749323, 0.0, 0.0, 4.07749323]",20.0,5.8425000000000004e-05,local
2133_2,bulk,-89.02897906,291.392,True,"[4.07749323, 0.0, 4.07749323, 4.07749323, 19.78480443, 0.0, 0.0, 0.0, 4.07749323]",20.0,3.8874999999999996e-05,local
2133_3,bulk,-89.02897906,350.62,True,"[4.07749323, 0.0, 4.07749323, 4.07749323, 19.78480443, 0.0, 0.0, 0.0, 4.07749323]",20.0,3.8874999999999996e-05,local
2137_0,bulk,-108.32487893,68.044,True,"[5.58568302, 0.0, 5.58568302, 5.58568302, 5.58568302, -0.0, 0.0, 0.0, 5.58568302]",16.0,3.8125e-05,local
2137_1,bulk,-108.32487893,72.394,True,"[5.58568302, 0.0, 5.58568302, 5.58568302, 5.58568302, -0.0, 0.0, 0.0, 5.58568302]",16.0,3.8125e-05,local
2137_3,bulk,-108.30577201,88.113,True,"[5.58568302, 0.0, 0.0, 0.0, 5.58568302, -5.58568302, 0.0, 0.0, 5.58568302]",16.0,1.203125e-05,local
2142_3,bulk,-143.53621955,167.239,True,"[6.07280678, 0.0, 0.0, -0.0, 6.07280678, 6.07280678, 0.0, 0.0, 6.07280678]",16.0,0.11934265,local
2142_5,bulk,-287.06490104,806.565,True,"[6.07280678, 0.0, 0.0, 0.0, 12.14561355, -6.07280678, 0.0, 0.0, 6.07280678]",32.0,0.112931671875,local
2148_1,bulk,-90.35011531,68.104,True,"[5.59800933, 0.0, -5.59800933, -0.0, 5.59800933, -5.59800933, 0.0, 0.0, 5.59800933]",16.0,2.718125e-05,local
2148_3,bulk,-90.32232688,70.404,True,"[5.59800933, 0.0, 0.0, 0.0, 5.59800933, -5.59800933, 0.0, 0.0, 5.59800933]",16.0,7.4125e-06,local
2148_5,bulk,-180.65391723,211.656,True,"[5.59800933, 0.0, 0.0, 0.0, 11.19601867, -5.59800933, 0.0, 0.0, 5.59800933]",32.0,3.1425e-05,local
2154_31,bulk,-117.64676063,401.621,True,"[10.12648226, 0.0, 0.0, 3.70762959, 7.83223936, 5.29423876, 0.0, 0.0, 5.29423876]",24.0,3.1883333333333334e-05,local
2154_4,bulk,-117.61877705,331.339,True,"[9.15276025, 0.0, -4.33273847, 0.0, 10.58847752, -4.33273847, 0.0, 0.0, 4.33273847]",24.0,2.078333333333333e-05,local
2154_5,bulk,-117.61877705,324.321,True,"[9.15276025, 0.0, -4.33273847, 0.0, 10.58847752, -4.33273847, 0.0, 0.0, 4.33273847]",24.0,2.078333333333333e-05,local
2159_32,bulk,-149.56347771,1263.63,True,"[20.04472265, 0.0, 0.0, 9.66116452, 10.01585061, 5.99727947, 0.0, 0.0, 5.99727947]",40.0,2.615e-06,local
2159_40,bulk,-74.78673703,265.532,True,"[5.99727947, 0.0, 0.0, 0.0, 14.42690343, -13.91601104, 0.0, 0.0, 6.95800552]",20.0,1.4305000000000001e-05,local
2159_41,bulk,-74.78673703,315.502,True,"[5.99727947, 0.0, 0.0, 0.0, 14.42690343, -13.91601104, 0.0, 0.0, 6.95800552]",20.0,1.4305000000000001e-05,local
2164_0,bulk,-168.12262166,232.086,True,"[6.55732097, 0.0, -6.55732097, -0.0, 6.55732097, -6.55732097, 0.0, 0.0, 6.55732097]",16.0,0.00026355,local
2164_3,bulk,-168.16591675,158.089,True,"[6.55732097, 0.0, 0.0, 0.0, 6.55732097, -6.55732097, 0.0, 0.0, 6.55732097]",16.0,0.0003714,local
2164_5,bulk,-336.38676544,473.098,True,"[6.55732097, 0.0, 0.0, 0.0, 13.11464194, -6.55732097, 0.0, 0.0, 6.55732097]",32.0,0.000128965625,local
2166_3,bulk,-92.83323433,128.141,True,"[6.37736541, 0.0, 0.0, 0.0, 6.37736541, -6.37736541, 0.0, 0.0, 6.37736541]",16.0,6.03875e-05,local
2166_5,bulk,-185.76642351,340.828,True,"[6.37736541, 0.0, 0.0, 0.0, 12.75473081, -6.37736541, 0.0, 0.0, 6.37736541]",32.0,1.8334375e-05,local
2167_1,bulk,-95.87175675,159.15,True,"[6.59075479, 0.0, -6.59075479, -0.0, 6.59075479, -6.59075479, 0.0, 0.0, 6.59075479]",16.0,5.3825e-05,local
2167_3,bulk,-95.87364362,179.858,True,"[6.59075479, 0.0, 0.0, 0.0, 6.59075479, -6.59075479, 0.0, 0.0, 6.59075479]",16.0,5.310625e-05,local
2167_5,bulk,-191.7484576,449.255,True,"[6.59075479, 0.0, 0.0, 0.0, 13.18150958, -6.59075479, 0.0, 0.0, 6.59075479]",32.0,3.086875e-05,local
2168_26,bulk,-211.67924826,744.27,True,"[6.50298278, 0.0, 0.0, 0.0, 22.90842789, -5.41161458, 0.0, 0.0, 5.41161458]",40.0,1.6325e-05,local
2168_28,bulk,-211.67924826,751.477,True,"[6.50298278, 0.0, 0.0, 0.0, 22.90842789, -5.41161458, 0.0, 0.0, 5.41161458]",40.0,1.6325e-05,local
2168_29,bulk,-211.67924826,755.744,True,"[6.50298278, 0.0, 0.0, 0.0, 22.90842789, -5.41161458, 0.0, 0.0, 5.41161458]",40.0,1.6325e-05,local
2173_13,bulk,-148.36108848,390.031,True,"[4.2635839, 0.0, 0.0, 0.0, 19.77933821, -4.2635839, 0.0, 0.0, 4.2635839]",20.0,2.695e-06,local
2173_14,bulk,-148.36108848,462.223,True,"[4.2635839, 0.0, 0.0, 0.0, 19.77933821, -4.2635839, 0.0, 0.0, 4.2635839]",20.0,2.695e-06,local
2173_3,bulk,-148.37467753,534.12,True,"[4.2635839, 0.0, -4.2635839, 0.0, 19.77933821, -4.2635839, 0.0, 0.0, 4.2635839]",20.0,2.522e-05,local
2177_1,bulk,-120.10003943,88.511,True,"[6.02529215, 0.0, -6.02529215, -0.0, 6.02529215, -6.02529215, 0.0, 0.0, 6.02529215]",16.0,0.2463696125,local
2177_3,bulk,-120.09791687,120.536,True,"[6.02529215, 0.0, 0.0, 0.0, 6.02529215, -6.02529215, 0.0, 0.0, 6.02529215]",16.0,0.2476197625,local
2177_5,bulk,-240.20190032,398.058,True,"[6.02529215, 0.0, 0.0, 0.0, 12.05058429, -6.02529215, 0.0, 0.0, 6.02529215]",32.0,0.24890160625,local
2181_1,bulk,-117.43497338,145.289,True,"[6.00947302, 0.0, -6.00947302, -0.0, 6.00947302, -6.00947302, 0.0, 0.0, 6.00947302]",16.0,0.00010938125,local
2190_0,bulk,-157.51616302,135.4,True,"[5.90774073, 0.0, -5.90774073, -0.0, 5.90774073, -5.90774073, 0.0, 0.0, 5.90774073]",16.0,0.000221225,local
2190_1,bulk,-157.51616302,209.643,True,"[5.90774073, 0.0, -5.90774073, -0.0, 5.90774073, -5.90774073, 0.0, 0.0, 5.90774073]",16.0,0.000221225,local
2190_5,bulk,-315.02560304,955.615,True,"[5.90774073, 0.0, 0.0, 0.0, 11.81548147, -5.90774073, 0.0, 0.0, 5.90774073]",32.0,0.00010461875,local
2197_3,bulk,-128.60952693,195.298,True,"[6.27115293, 0.0, 0.0, -0.0, 6.27115293, 6.27115293, 0.0, 0.0, 6.27115293]",16.0,1.0961403125,local
2197_5,bulk,-257.21991753,869.739,True,"[6.27115293, 0.0, 0.0, 0.0, 12.54230587, -6.27115293, 0.0, 0.0, 6.27115293]",32.0,1.096233428125,local
2202_24,bulk,-124.47139626,320.402,True,"[8.8996245, 0.0, 0.0, -0.0, 5.23571389, 4.18892407, 0.0, 0.0, 4.18892407]",16.0,1.068125e-05,local
2202_33,bulk,-124.47254487,402.801,True,"[13.74242031, 0.0, 0.0, 3.98950102, 3.39066093, 4.18892407, 0.0, 0.0, 4.18892407]",16.0,8.5875e-06,local
2202_34,bulk,-124.47254486,390.506,True,"[13.74242031, 0.0, 0.0, 3.98950102, 3.39066093, 4.18892407, 0.0, 0.0, 4.18892407]",16.0,8.5875e-06,local
2204_5,bulk,-193.62970401,244.994,True,"[6.47268111, 0.0, 0.0, 0.0, 12.94536222, -6.47268111, 0.0, 0.0, 6.47268111]",32.0,9.428125e-06,local
2205_0,bulk,-122.34470018,103.923,True,"[6.33183553, 0.0, -6.33183553, -0.0, 6.33183553, -6.33183553, 0.0, 0.0, 6.33183553]",16.0,9.18125e-06,local
2205_3,bulk,-122.35035311,177.003,True,"[6.33183553, 0.0, 0.0, 0.0, 6.33183553, -6.33183553, 0.0, 0.0, 6.33183553]",16.0,9.8375e-06,local
2205_5,bulk,-244.70262306,512.515,True,"[6.33183553, 0.0, 0.0, 0.0, 12.66367107, -6.33183553, 0.0, 0.0, 6.33183553]",32.0,4.721875e-06,local
2206_5,bulk,-301.81197411,876.434,True,"[5.91976433, 0.0, 0.0, 0.0, 11.83952865, -5.91976433, 0.0, 0.0, 5.91976433]",32.0,7.18125e-06,local
2209_2,bulk,-93.6281133,446.159,True,"[3.61079761, 0.0, -3.61079761, 0.0, 14.24956062, -3.61079761, 0.0, 0.0, 3.61079761]",16.0,0.00015625,local
2213_5,bulk,-167.37160178,293.455,True,"[6.63597818, 0.0, 0.0, 0.0, 13.27195636, -6.63597818, 0.0, 0.0, 6.63597818]",32.0,3.025e-05,local
2215_15,bulk,-105.16254654,130.49,True,"[3.79550711, 0.0, 0.0, 0.0, 28.84267133, -3.79550711, 0.0, 0.0, 3.79550711]",20.0,2.015e-05,local
2216_0,bulk,-128.07272961,204.035,True,"[6.24735918, 0.0, -6.24735918, 0.0, 6.24735918, -6.24735918, 0.0, 0.0, 6.24735918]",16.0,0.2552757375,local
2216_5,bulk,-256.17374531,790.72,True,"[6.24735918, 0.0, 0.0, 0.0, 12.49471835, -6.24735918, 0.0, 0.0, 6.24735918]",32.0,0.254404890625,local
2217_0,bulk,-113.89869377,78.008,True,"[5.74793985, 0.0, 5.74793985, 5.74793985, 5.74793985, -0.0, 0.0, 0.0, 5.74793985]",16.0,0.50245155625,local
2220_3,bulk,-150.28229227,493.954,True,"[6.36055426, 0.0, -6.36055426, 0.0, 12.72110852, -6.36055426, 0.0, 0.0, 6.36055426]",24.0,3.314583333333333e-05,local
2220_4,bulk,-150.28229227,441.467,True,"[6.36055426, 0.0, -6.36055426, 0.0, 12.72110852, -6.36055426, 0.0, 0.0, 6.36055426]",24.0,3.314583333333333e-05,local
2220_7,bulk,-150.28548031,363.672,True,"[6.36055426, 0.0, 0.0, 0.0, 12.72110852, -6.36055426, 0.0, 0.0, 6.36055426]",24.0,2.7266666666666664e-05,local
2221_46,bulk,-158.18047376,524.77,True,"[14.74614251, 0.0, 0.0, -0.0, 13.61350314, 6.39464698, 0.0, 0.0, 6.39464698]",40.0,2.3575e-06,local
2221_47,bulk,-158.18047376,527.934,True,"[14.74614251, 0.0, 0.0, -0.0, 13.61350314, 6.39464698, 0.0, 0.0, 6.39464698]",40.0,2.3575e-06,local
2221_7,bulk,-158.19012908,631.516,True,"[14.74614251, 0.0, -6.80675157, 0.0, 12.78929397, -6.80675157, 0.0, 0.0, 6.80675157]",40.0,2.55e-06,local
2222_1,bulk,-144.04508339,149.064,True,"[6.32142397, 0.0, -6.32142397, -0.0, 6.32142397, -6.32142397, 0.0, 0.0, 6.32142397]",16.0,1.186164325,local
2222_3,bulk,-144.04077727,267.19,True,"[6.32142397, 0.0, 0.0, -0.0, 6.32142397, 6.32142397, 0.0, 0.0, 6.32142397]",16.0,1.17629531875,local
2222_5,bulk,-288.084692,2416.202,True,"[6.32142397, 0.0, 0.0, 0.0, 12.64284793, -6.32142397, 0.0, 0.0, 6.32142397]",32.0,1.17611135,local
2223_14,bulk,-118.21678315,386.094,True,"[18.26634461, 0.0, 0.0, 5.2189556, 4.51974813, 3.5069712, 0.0, 0.0, 3.5069712]",18.0,1.75e-06,local
2223_16,bulk,-118.21678315,402.933,True,"[18.26634461, 0.0, 0.0, 5.2189556, 4.51974813, 3.5069712, 0.0, 0.0, 3.5069712]",18.0,1.75e-06,local
2223_45,bulk,-118.2162184,254.933,True,"[11.95812955, 0.0, 0.0, 0.0, 6.90402931, -3.5069712, 0.0, 0.0, 3.5069712]",18.0,5.75e-06,local
2224_0,bulk,-44.83652643,125.936,True,"[6.57145319, 0.0, -6.57145319, -0.0, 6.57145319, -6.57145319, 0.0, 0.0, 6.57145319]",16.0,1.553125e-05,local
2224_1,bulk,-44.83652643,124.457,True,"[6.57145319, 0.0, -6.57145319, -0.0, 6.57145319, -6.57145319, 0.0, 0.0, 6.57145319]",16.0,1.553125e-05,local
2224_5,bulk,-89.74515392,255.615,True,"[6.57145319, 0.0, 0.0, 0.0, 13.14290638, -6.57145319, 0.0, 0.0, 6.57145319]",32.0,1.3028125e-05,local
2225_0,bulk,-94.98481847,152.506,True,"[4.14404113, 0.0, -4.14404113, -0.0, 14.98362973, -4.14404113, 0.0, 0.0, 4.14404113]",16.0,8.7125e-06,local
2225_20,bulk,-94.99373446,121.658,True,"[4.14404113, 0.0, 4.14404113, 8.28808226, 14.98362973, 0.0, 0.0, 0.0, 4.14404113]",16.0,1.143125e-05,local
2225_4,bulk,-94.95955932,138.191,True,"[14.98362973, 0.0, 0.0, 0.0, 4.14404113, -4.14404113, 0.0, 0.0, 4.14404113]",16.0,1.84875e-05,local
2226_2,bulk,-108.54828552,278.412,True,"[3.6523323, 0.0, -6.32602511, -0.0, 16.54624241, -4.21735008, 0.0, 0.0, 4.21735008]",16.0,5.378125e-05,local
2228_3,bulk,-148.47371718,375.649,True,"[6.11894149, 0.0, -6.11894149, 0.0, 12.23788298, -6.11894149, 0.0, 0.0, 6.11894149]",24.0,8.466666666666666e-06,local
2228_4,bulk,-148.47371719,404.814,True,"[6.11894149, 0.0, -6.11894149, 0.0, 12.23788298, -6.11894149, 0.0, 0.0, 6.11894149]",24.0,8.466666666666666e-06,local
2228_7,bulk,-148.47683366,345.799,True,"[6.11894149, 0.0, 0.0, 0.0, 12.23788298, -6.11894149, 0.0, 0.0, 6.11894149]",24.0,6.487499999999999e-06,local
2230_1,bulk,-105.59662548,238.846,True,"[6.65143424, 0.0, -6.65143424, -0.0, 6.65143424, -6.65143424, 0.0, 0.0, 6.65143424]",16.0,5.320625e-05,local
2230_3,bulk,-105.55394354,213.009,True,"[6.65143424, 0.0, 0.0, 0.0, 6.65143424, -6.65143424, 0.0, 0.0, 6.65143424]",16.0,7.189375e-05,local
2230_5,bulk,-211.13554439,580.516,True,"[6.65143424, 0.0, 0.0, 0.0, 13.30286848, -6.65143424, 0.0, 0.0, 6.65143424]",32.0,4.20125e-05,local
2231_5,bulk,-265.26967585,332.188,True,"[6.49841921, 0.0, 0.0, 0.0, 12.99683842, -6.49841921, 0.0, 0.0, 6.49841921]",32.0,6.5125e-06,local
2233_0,bulk,-142.17406135,88.736,True,"[5.89830499, 0.0, -5.89830499, -0.0, 5.89830499, -5.89830499, 0.0, 0.0, 5.89830499]",16.0,0.2519198625,local
2233_5,bulk,-284.04016912,675.712,True,"[5.89830499, 0.0, 0.0, 0.0, 11.79660999, -5.89830499, 0.0, 0.0, 5.89830499]",32.0,0.00046755,local
2234_0,bulk,-130.31418619,129.695,True,"[5.75340828, 0.0, -5.75340828, -0.0, 5.75340828, -5.75340828, 0.0, 0.0, 5.75340828]",16.0,0.24470885625,local
2234_1,bulk,-130.31418619,161.109,True,"[5.75340828, 0.0, -5.75340828, -0.0, 5.75340828, -5.75340828, 0.0, 0.0, 5.75340828]",16.0,0.24470885625,local
2234_3,bulk,-130.31034932,156.8,True,"[5.75340828, 0.0, 0.0, -0.0, 5.75340828, 5.75340828, 0.0, 0.0, 5.75340828]",16.0,0.24260235625,local
2235_5,bulk,-197.58009354,223.479,True,"[6.52746913, 0.0, 0.0, 0.0, 13.05493826, -6.52746913, 0.0, 0.0, 6.52746913]",32.0,0.000102465625,local
2238_5,bulk,-260.59861038,454.725,True,"[5.82384744, 0.0, 0.0, 0.0, 11.64769488, -5.82384744, 0.0, 0.0, 5.82384744]",32.0,9.625e-06,local
2244_9,bulk,-127.50583861,207.637,True,"[10.02372507, 0.0, 0.0, 0.0, 8.58776591, -4.29388295, 0.0, 0.0, 4.29388295]",20.0,3.2199999999999997e-06,local
2245_1,bulk,-200.36967247,186.652,True,"[6.4405414, 0.0, -6.4405414, -0.0, 6.4405414, -6.4405414, 0.0, 0.0, 6.4405414]",16.0,4.286875e-05,local
2245_3,bulk,-200.37474486,199.495,True,"[6.4405414, 0.0, 0.0, 0.0, 6.4405414, -6.4405414, 0.0, 0.0, 6.4405414]",16.0,4.8025e-05,local
2245_5,bulk,-400.69465823,469.27,True,"[6.4405414, 0.0, 0.0, 0.0, 12.88108279, -6.4405414, 0.0, 0.0, 6.4405414]",32.0,1.34125e-05,local
2247_5,bulk,-120.1981581,351.555,True,"[6.18985063, 0.0, 0.0, 0.0, 12.37970125, -6.18985063, 0.0, 0.0, 6.18985063]",32.0,3.359375e-06,local
2248_0,bulk,-100.74749182,53.862,True,"[5.79415447, 0.0, -5.79415447, -0.0, 5.79415447, -5.79415447, 0.0, 0.0, 5.79415447]",16.0,7.9625e-06,local
2251_6,bulk,-67.46542201,963.332,True,"[4.56683085, 0.0, 4.56683085, 4.56683085, 21.21465721, 0.0, 0.0, 0.0, 4.56683085]",20.0,5.855e-06,local
2251_7,bulk,-67.46542201,884.888,True,"[4.56683085, 0.0, 4.56683085, 4.56683085, 21.21465721, 0.0, 0.0, 0.0, 4.56683085]",20.0,5.855e-06,local
2255_76,bulk,-111.31356797,269.592,True,"[4.24707767, 0.0, 0.0, -0.0, 9.01035591, 5.0704393, 0.0, 0.0, 5.0704393]",16.0,6.3e-06,local
2262_22,bulk,-46.48125011,110.855,True,"[3.82133182, 0.0, -3.82133182, 0.0, 9.20427765, -7.64266364, 0.0, 0.0, 3.82133182]",8.0,1.2125e-06,local
2262_3,bulk,-92.95333337,331.184,True,"[3.82133182, 0.0, -3.82133182, -0.0, 18.4085553, -3.82133182, 0.0, 0.0, 3.82133182]",16.0,2.5075e-05,local
2262_4,bulk,-92.95333337,324.336,True,"[3.82133182, 0.0, -3.82133182, -0.0, 18.4085553, -3.82133182, 0.0, 0.0, 3.82133182]",16.0,2.5075e-05,local
2265_5,bulk,-235.1738304,337.554,True,"[6.57454211, 0.0, 0.0, 0.0, 13.14908421, -6.57454211, 0.0, 0.0, 6.57454211]",32.0,2.290625e-06,local
2274_0,bulk,-95.42219724,120.632,True,"[5.89729491, 0.0, 5.89729491, 5.89729491, 5.89729491, -0.0, 0.0, 0.0, 5.89729491]",16.0,1.434375e-05,local
2274_1,bulk,-95.42219724,119.618,True,"[5.89729491, 0.0, 5.89729491, 5.89729491, 5.89729491, -0.0, 0.0, 0.0, 5.89729491]",16.0,1.434375e-05,local
2275_0,bulk,-119.89170401,76.198,True,"[5.74333035, 0.0, -5.74333035, -0.0, 5.74333035, -5.74333035, 0.0, 0.0, 5.74333035]",16.0,0.49353415625,local
2278_4,bulk,-157.82314717,447.328,True,"[9.94097876, 0.0, 3.88587574, 14.45597839, 8.31466454, 0.0, 0.0, 0.0, 3.88587574]",20.0,1.9675e-05,local
2278_5,bulk,-157.82314717,442.51,True,"[9.94097876, 0.0, 3.88587574, 14.45597839, 8.31466454, 0.0, 0.0, 0.0, 3.88587574]",20.0,1.9675e-05,local
2278_9,bulk,-157.81969546,348.944,True,"[9.46144112, 0.0, 0.0, 4.74383499, 8.73607968, 3.88587574, 0.0, 0.0, 3.88587574]",20.0,2.4875e-05,local
2282_0,bulk,-77.38338725,187.528,True,"[9.19852297, 0.0, 0.0, 4.59926149, 4.59926149, 5.19971208, 0.0, 0.0, 5.19971208]",14.0,0.00019370714285714286,local
2282_19,bulk,-154.7316126,437.227,True,"[6.50433797, 0.0, 0.0, 0.0, 10.39942416, -6.50433797, 0.0, 0.0, 6.50433797]",28.0,0.00013680714285714286,local
2282_1,bulk,-77.38338725,183.363,True,"[9.19852297, 0.0, 0.0, 4.59926149, 4.59926149, 5.19971208, 0.0, 0.0, 5.19971208]",14.0,0.00019370714285714286,local
2285_0,bulk,-99.60277442,83.786,True,"[5.90044894, 0.0, -5.90044894, -0.0, 5.90044894, -5.90044894, 0.0, 0.0, 5.90044894]",16.0,7.33125e-06,local
2285_1,bulk,-99.60277442,57.773,True,"[5.90044894, 0.0, -5.90044894, -0.0, 5.90044894, -5.90044894, 0.0, 0.0, 5.90044894]",16.0,7.33125e-06,local
2285_3,bulk,-99.60737386,115.927,True,"[5.90044894, 0.0, 0.0, -0.0, 5.90044894, 5.90044894, 0.0, 0.0, 5.90044894]",16.0,5.9625e-06,local
2286_3,bulk,-130.41515308,681.639,True,"[3.95881301, 0.0, -3.95881301, -0.0, 20.26790417, -3.95881301, 0.0, 0.0, 3.95881301]",20.0,3.6685e-05,local
2286_5,bulk,-130.42517325,424.715,True,"[7.91762602, 0.0, -3.95881301, -0.0, 10.13395209, -3.95881301, 0.0, 0.0, 3.95881301]",20.0,0.000415145,local
2286_9,bulk,-130.37776215,289.665,True,"[10.13395209, 0.0, 0.0, 0.0, 7.91762602, -3.95881301, 0.0, 0.0, 3.95881301]",20.0,0.000492375,local
2288_0,bulk,-101.11877395,85.072,True,"[5.79111339, 0.0, -5.79111339, -0.0, 5.79111339, -5.79111339, 0.0, 0.0, 5.79111339]",16.0,1.0134162125,local
2288_1,bulk,-101.11877395,128.244,True,"[5.79111339, 0.0, -5.79111339, -0.0, 5.79111339, -5.79111339, 0.0, 0.0, 5.79111339]",16.0,1.0134162125,local
2289_2,bulk,-123.69337416,563.627,True,"[4.79501944, 0.0, -4.79501944, 0.0, 9.59003888, -4.79501944, 0.0, 0.0, 4.79501944]",16.0,0.19191890625,local
2289_3,bulk,-123.69337415,561.411,True,"[4.79501944, 0.0, -4.79501944, 0.0, 9.59003888, -4.79501944, 0.0, 0.0, 4.79501944]",16.0,0.19191890625,local
2296_0,bulk,-133.24764084,272.57,True,"[4.84684792, 0.0, -8.39498685, 0.0, 11.93110863, -5.5966579, 0.0, 0.0, 5.5966579]",18.0,2.278888888888889e-05,local
2296_1,bulk,-133.24764084,364.384,True,"[4.84684792, 0.0, -8.39498685, 0.0, 11.93110863, -5.5966579, 0.0, 0.0, 5.5966579]",18.0,2.278888888888889e-05,local
2296_21,bulk,-266.54326736,1057.534,True,"[9.69369583, 0.0, 0.0, -0.0, 11.93110863, 5.5966579, 0.0, 0.0, 5.5966579]",36.0,6.054444444444444e-05,local
2298_35,bulk,-87.70639995,324.408,True,"[12.23035964, 0.0, 0.0, 10.24881175, 12.06876816, 5.80766578, 0.0, 0.0, 5.80766578]",32.0,1.1025e-05,local
2298_47,bulk,-87.71734854,406.206,True,"[7.91664871, 0.0, 0.0, -0.0, 18.64493176, 5.80766578, 0.0, 0.0, 5.80766578]",32.0,2.3625e-06,local
2298_48,bulk,-87.71734854,345.878,True,"[7.91664871, 0.0, 0.0, -0.0, 18.64493176, 5.80766578, 0.0, 0.0, 5.80766578]",32.0,2.3625e-06,local
2308_0,bulk,-108.61193329,65.473,True,"[5.5414053, 0.0, 5.5414053, 5.5414053, 5.5414053, -0.0, 0.0, 0.0, 5.5414053]",16.0,0.7775567,local
2308_1,bulk,-108.61193329,81.781,True,"[5.5414053, 0.0, 5.5414053, 5.5414053, 5.5414053, -0.0, 0.0, 0.0, 5.5414053]",16.0,0.7775567,local
2308_3,bulk,-108.61828418,109.965,True,"[5.5414053, 0.0, 0.0, 0.0, 5.5414053, -5.5414053, 0.0, 0.0, 5.5414053]",16.0,0.7724368125,local
2309_5,bulk,-282.17372747,821.846,True,"[6.13600378, 0.0, 0.0, 0.0, 12.27200756, -6.13600378, 0.0, 0.0, 6.13600378]",32.0,7.1046875e-05,local
2311_14,bulk,-140.76604711,260.151,True,"[17.29406897, 0.0, 0.0, 4.94116256, 4.2791723, 3.60678143, 0.0, 0.0, 3.60678143]",18.0,1.336173938888889,local
2313_2,bulk,-128.02563427,383.143,True,"[3.82942699, 0.0, -3.82942699, -0.0, 19.13780197, -3.82942699, 0.0, 0.0, 3.82942699]",20.0,1.0285e-05,local
2313_3,bulk,-128.02563427,428.436,True,"[3.82942699, 0.0, -3.82942699, -0.0, 19.13780197, -3.82942699, 0.0, 0.0, 3.82942699]",20.0,1.0285e-05,local
2317_5,bulk,-74.36111752,308.338,True,"[3.61047583, 0.0, -3.61047583, -0.0, 12.37596239, -3.61047583, 0.0, 0.0, 3.61047583]",12.0,1.9166666666666668e-07,local
2323_3,bulk,-60.9095092,67.367,True,"[6.38167487, 0.0, -6.38167487, -0.0, 6.38167487, -6.38167487, 0.0, 0.0, 6.38167487]",16.0,2.875e-06,local
2324_0,bulk,-91.80631127,82.2,True,"[6.11073093, 0.0, -6.11073093, -0.0, 6.11073093, -6.11073093, 0.0, 0.0, 6.11073093]",16.0,2.07125e-05,local
2324_1,bulk,-91.80631127,103.075,True,"[6.11073093, 0.0, -6.11073093, -0.0, 6.11073093, -6.11073093, 0.0, 0.0, 6.11073093]",16.0,2.07125e-05,local
2325_0,bulk,-127.8945862,84.679,True,"[5.81319279, 0.0, -5.81319279, -0.0, 5.81319279, -5.81319279, 0.0, 0.0, 5.81319279]",16.0,0.49794405,local
2328_5,bulk,-200.20561684,458.107,True,"[6.96157957, 0.0, 0.0, 0.0, 13.92315915, -6.96157957, 0.0, 0.0, 6.96157957]",32.0,1.8446875e-05,local
2329_0,bulk,-157.99705501,136.763,True,"[6.26142175, 0.0, -6.26142175, -0.0, 6.26142175, -6.26142175, 0.0, 0.0, 6.26142175]",16.0,5.89e-05,local
2330_2,bulk,-79.49835092,698.305,True,"[4.70910651, 0.0, -4.70910651, 0.0, 21.3256447, -4.70910651, 0.0, 0.0, 4.70910651]",20.0,4.1e-07,local
2330_3,bulk,-79.49835092,682.077,True,"[4.70910651, 0.0, -4.70910651, 0.0, 21.3256447, -4.70910651, 0.0, 0.0, 4.70910651]",20.0,4.1e-07,local
2330_5,bulk,-79.49982377,416.512,True,"[9.41821302, 0.0, -4.70910651, -0.0, 10.66282235, -4.70910651, 0.0, 0.0, 4.70910651]",20.0,3.4999999999999996e-08,local
2332_2,bulk,-142.03201216,414.65,True,"[3.87723255, 0.0, -3.87723255, 0.0, 19.50687329, -3.87723255, 0.0, 0.0, 3.87723255]",20.0,4.52e-06,local
2333_5,bulk,-358.21942264,767.938,True,"[6.2471007, 0.0, 0.0, 0.0, 12.4942014, -6.2471007, 0.0, 0.0, 6.2471007]",32.0,3.059375e-06,local
2338_1,bulk,-110.96911674,220.722,True,"[4.15366911, 0.0, -4.15366911, -0.0, 14.14590108, -4.15366911, 0.0, 0.0, 4.15366911]",16.0,0.9796517375,local
2338_3,bulk,-110.96813741,197.478,True,"[8.30733823, 0.0, -4.15366911, -0.0, 7.07295054, -4.15366911, 0.0, 0.0, 4.15366911]",16.0,0.984686125,local
2338_6,bulk,-110.97282218,139.425,True,"[7.07295054, 0.0, 0.0, 0.0, 8.30733823, -4.15366911, 0.0, 0.0, 4.15366911]",16.0,0.9815539875,local
2341_5,bulk,-112.08091438,260.484,True,"[5.90722098, 0.0, 0.0, 0.0, 11.81444196, -5.90722098, 0.0, 0.0, 5.90722098]",32.0,5.31875e-06,local
2344_15,bulk,-117.48983202,533.32,True,"[22.12343323, 0.0, 0.0, 6.32098092, 5.47413006, 4.19123199, 0.0, 0.0, 4.19123199]",18.0,0.0692261388888889,local
2344_20,bulk,-117.48983202,394.783,True,"[22.12343323, 0.0, 0.0, 6.32098092, 5.47413006, 4.19123199, 0.0, 0.0, 4.19123199]",18.0,0.0692261388888889,local
2344_46,bulk,-117.4897304,433.187,True,"[14.48318677, 0.0, 0.0, 0.0, 8.36187178, -4.19123199, 0.0, 0.0, 4.19123199]",18.0,0.06778302777777778,local
2351_5,bulk,-292.46706915,296.555,True,"[6.29343886, 0.0, 0.0, 0.0, 12.58687773, -6.29343886, 0.0, 0.0, 6.29343886]",32.0,1.5509375e-05,local
2353_10,bulk,-113.43648289,230.235,True,"[12.57550287, 0.0, 0.0, 0.0, 7.9808647, -3.99043235, 0.0, 0.0, 3.99043235]",20.0,0.2152895,local
2353_2,bulk,-113.45126247,209.165,True,"[3.99043235, 0.0, -3.99043235, -0.0, 25.15100574, -3.99043235, 0.0, 0.0, 3.99043235]",20.0,0.216892475,local
2353_3,bulk,-113.45126247,224.932,True,"[3.99043235, 0.0, -3.99043235, -0.0, 25.15100574, -3.99043235, 0.0, 0.0, 3.99043235]",20.0,0.216892475,local
2355_3,bulk,-111.86011961,176.746,True,"[6.61074957, 0.0, 0.0, 0.0, 6.61074957, -6.61074957, 0.0, 0.0, 6.61074957]",16.0,7.39e-05,local
2355_5,bulk,-223.83325809,394.147,True,"[6.61074957, 0.0, 0.0, 0.0, 13.22149914, -6.61074957, 0.0, 0.0, 6.61074957]",32.0,5.71875e-06,local
2361_2,bulk,-108.1204513,502.135,True,"[3.83001203, 0.0, -3.83001203, -0.0, 20.19935038, -3.83001203, 0.0, 0.0, 3.83001203]",20.0,1.785e-06,local
2361_3,bulk,-108.1204513,438.711,True,"[3.83001203, 0.0, -3.83001203, -0.0, 20.19935038, -3.83001203, 0.0, 0.0, 3.83001203]",20.0,1.785e-06,local
2363_21,bulk,-245.84556161,524.935,True,"[9.51916496, 0.0, 0.0, 0.0, 9.34465409, -6.05803045, 0.0, 0.0, 6.05803045]",32.0,8.2090625e-05,local
2363_2,bulk,-122.92276065,284.881,True,"[11.28336095, 0.0, 0.0, 3.2525533, 5.11083456, 4.67232705, 0.0, 0.0, 4.67232705]",16.0,0.00011145625,local
2363_30,bulk,-122.92838651,275.599,True,"[15.40822615, 0.0, 0.0, 4.7636545, 3.7426366, 4.67232705, 0.0, 0.0, 4.67232705]",16.0,5.975625e-05,local
2369_17,bulk,-104.87555002,623.762,True,"[19.16756936, 0.0, 0.0, 5.47644839, 4.74274343, 3.54952261, 0.0, 0.0, 3.54952261]",18.0,1.2722222222222223e-06,local
2369_43,bulk,-104.87680979,367.096,True,"[12.54811964, 0.0, 0.0, 0.0, 7.24466025, -3.54952261, 0.0, 0.0, 3.54952261]",18.0,4.777777777777778e-07,local
2369_44,bulk,-104.87680979,324.07,True,"[12.54811964, 0.0, 0.0, 0.0, 7.24466025, -3.54952261, 0.0, 0.0, 3.54952261]",18.0,4.777777777777778e-07,local
2371_9,bulk,-90.5121027,249.533,True,"[6.13067634, 0.0, 10.61864291, 6.13067634, 8.50750862, 3.53954764, 0.0, 0.0, 7.07909527]",18.0,4.350555555555556e-05,local
2376_0,bulk,-124.45933905,155.063,True,"[6.38656368, 0.0, -6.38656368, -0.0, 6.38656368, -6.38656368, 0.0, 0.0, 6.38656368]",16.0,1.5e-07,local
2376_1,bulk,-124.45933905,155.049,True,"[6.38656368, 0.0, -6.38656368, -0.0, 6.38656368, -6.38656368, 0.0, 0.0, 6.38656368]",16.0,1.5e-07,local
2376_5,bulk,-248.9256317,354.577,True,"[6.38656368, 0.0, 0.0, 0.0, 12.77312737, -6.38656368, 0.0, 0.0, 6.38656368]",32.0,2.80625e-05,local
2377_49,bulk,-141.81424471,268.118,True,"[7.81847907, 0.0, 0.0, 7.81847907, 13.54200299, 3.6420897, 0.0, 0.0, 3.6420897]",18.0,0.16819703333333333,local
2377_6,bulk,-70.9017923,80.521,True,"[13.54200299, 0.0, 0.0, 6.7710015, 3.90923954, 7.28417939, 0.0, 0.0, 3.6420897]",9.0,0.1665299888888889,local
2378_11,bulk,-90.66683844,568.618,True,"[16.99234661, 0.0, 0.0, 3.39846932, 6.79693864, 7.40818443, 0.0, 0.0, 3.70409221]",20.0,4.0039999999999996e-05,local
2380_5,bulk,-153.13336021,257.69,True,"[6.26829089, 0.0, 0.0, 0.0, 12.53658179, -6.26829089, 0.0, 0.0, 6.26829089]",32.0,1.053125e-06,local
2381_3,bulk,-84.64429174,450.974,True,"[3.57516249, 0.0, -3.57516249, -0.0, 14.30146725, -3.57516249, 0.0, 0.0, 3.57516249]",16.0,8.754375e-05,local
2382_1,bulk,-130.35866141,156.213,True,"[6.13751909, 0.0, -6.13751909, -0.0, 6.13751909, -6.13751909, 0.0, 0.0, 6.13751909]",16.0,4.45625e-06,local
2382_5,bulk,-260.70626204,744.631,True,"[6.13751909, 0.0, 0.0, 0.0, 12.27503818, -6.13751909, 0.0, 0.0, 6.13751909]",32.0,2.2725e-05,local
2385_13,bulk,-110.83903309,519.44,True,"[20.59796613, 0.0, 0.0, 5.88513318, 5.09667484, 3.74617195, 0.0, 0.0, 3.74617195]",18.0,0.00013919444444444445,local
2385_15,bulk,-110.83903309,497.228,True,"[20.59796613, 0.0, 0.0, 5.88513318, 5.09667484, 3.74617195, 0.0, 0.0, 3.74617195]",18.0,0.00013919444444444445,local
2385_40,bulk,-110.83950145,442.589,True,"[13.48453413, 0.0, 0.0, 0.0, 7.78529941, -3.74617195, 0.0, 0.0, 3.74617195]",18.0,0.0006681,local
2387_2,bulk,-60.20866147,500.178,True,"[4.59816969, 0.0, -4.59816969, 0.0, 21.23559099, -4.59816969, 0.0, 0.0, 4.59816969]",20.0,1.255e-06,local
2388_0,bulk,-120.97885808,136.735,True,"[6.3251882, 0.0, -6.3251882, -0.0, 6.3251882, -6.3251882, 0.0, 0.0, 6.3251882]",16.0,0.27063290625,local
2391_5,bulk,-214.94412656,468.22,True,"[5.83383841, 0.0, 0.0, 0.0, 11.66767682, -5.83383841, 0.0, 0.0, 5.83383841]",32.0,0.254840728125,local
2393_6,bulk,-132.78762147,100.138,True,"[6.16231607, 0.0, 0.0, 0.0, 6.16231607, 0.0, 0.0, 0.0, 6.16231607]",16.0,1.6375e-05,local
2394_2,bulk,-75.12419214,95.829,True,"[4.01814409, 0.0, -4.01814409, -0.0, 14.56151097, -4.01814409, 0.0, 0.0, 4.01814409]",14.0,5.507857142857143e-05,local
2401_11,bulk,-91.12241587,264.143,True,"[3.53892362, 0.0, 0.0, 0.0, 14.12713757, -3.53892362, 0.0, 0.0, 3.53892362]",16.0,0.090412375,local
2401_12,bulk,-91.12241587,261.857,True,"[3.53892362, 0.0, 0.0, 0.0, 14.12713757, -3.53892362, 0.0, 0.0, 3.53892362]",16.0,0.090412375,local
2401_8,bulk,-91.12375126,300.11,True,"[7.06356879, 0.0, 0.0, 0.0, 7.07784723, -3.53892362, 0.0, 0.0, 3.53892362]",16.0,0.09791826875,local
2404_0,bulk,-100.33306626,47.781,True,"[6.05147563, 0.0, -6.05147563, -0.0, 6.05147563, -6.05147563, 0.0, 0.0, 6.05147563]",16.0,7.5e-07,local
2406_0,bulk,-113.74002647,72.648,True,"[6.06543585, 0.0, -6.06543585, -0.0, 6.06543585, -6.06543585, 0.0, 0.0, 6.06543585]",16.0,0.25061395,local
2406_1,bulk,-113.74002647,73.695,True,"[6.06543585, 0.0, -6.06543585, -0.0, 6.06543585, -6.06543585, 0.0, 0.0, 6.06543585]",16.0,0.25061395,local
2409_0,bulk,-75.32462112,78.271,True,"[5.68406771, 0.0, -5.68406771, -0.0, 5.68406771, -5.68406771, 0.0, 0.0, 5.68406771]",16.0,5.153125e-05,local
2411_5,bulk,-235.40840672,507.624,True,"[6.38149504, 0.0, 0.0, 0.0, 12.76299008, -6.38149504, 0.0, 0.0, 6.38149504]",32.0,1.825625e-05,local
2414_25,bulk,-102.47940927,207.916,True,"[4.19973291, 0.0, 0.0, 0.0, 19.64847229, -4.19973291, 0.0, 0.0, 4.19973291]",20.0,3.995e-06,local
2414_7,bulk,-102.54908531,309.467,True,"[4.19973291, 0.0, 4.19973291, 4.19973291, 19.64847229, 0.0, 0.0, 0.0, 4.19973291]",20.0,1.485e-05,local
2421_3,bulk,-66.91034888,465.277,True,"[3.87178335, 0.0, -6.70612548, -0.0, 14.71060914, -4.47075032, 0.0, 0.0, 4.47075032]",12.0,1.0833333333333334e-07,local
2421_4,bulk,-66.91034888,450.965,True,"[3.87178335, 0.0, -6.70612548, -0.0, 14.71060914, -4.47075032, 0.0, 0.0, 4.47075032]",12.0,1.0833333333333334e-07,local
2421_9,bulk,-66.92665095,197.385,True,"[7.7435667, 0.0, -8.94150064, -0.0, 7.35530457, -4.47075032, 0.0, 0.0, 4.47075032]",12.0,1.6666666666666667e-08,local
2435_13,bulk,-142.08885013,302.224,True,"[3.75414899, 0.0, 0.0, 0.0, 19.36414201, -3.75414899, 0.0, 0.0, 3.75414899]",20.0,2.589e-05,local
2435_14,bulk,-142.08885013,294.285,True,"[3.75414899, 0.0, 0.0, 0.0, 19.36414201, -3.75414899, 0.0, 0.0, 3.75414899]",20.0,2.589e-05,local
2435_4,bulk,-71.0321271,128.433,True,"[9.68207101, 0.0, 0.0, 0.0, 3.75414899, -3.75414899, 0.0, 0.0, 3.75414899]",10.0,5.4400000000000004e-06,local
2447_0,bulk,-109.5587095,89.936,True,"[5.58182388, 0.0, -5.58182388, -0.0, 5.58182388, -5.58182388, 0.0, 0.0, 5.58182388]",16.0,6.35625e-06,local
2448_0,bulk,-86.00216635,108.388,True,"[5.87874536, 0.0, -5.87874536, -0.0, 5.87874536, -5.87874536, 0.0, 0.0, 5.87874536]",16.0,0.00014699375,local
2449_3,bulk,-142.49412106,425.849,True,"[6.5231763, 0.0, -6.5231763, 0.0, 13.0463526, -6.5231763, 0.0, 0.0, 6.5231763]",24.0,2.98625e-05,local
2449_4,bulk,-142.49412106,444.151,True,"[6.5231763, 0.0, -6.5231763, 0.0, 13.0463526, -6.5231763, 0.0, 0.0, 6.5231763]",24.0,2.98625e-05,local
2457_0,bulk,-58.65348901,159.244,True,"[6.65816828, 0.0, -6.65816828, -0.0, 6.65816828, -6.65816828, 0.0, 0.0, 6.65816828]",16.0,6.06e-05,local
2457_3,bulk,-58.65418427,103.539,True,"[6.65816828, 0.0, 0.0, 0.0, 6.65816828, -6.65816828, 0.0, 0.0, 6.65816828]",16.0,6.06125e-05,local
2457_5,bulk,-117.29571102,308.575,True,"[6.65816828, 0.0, 0.0, 0.0, 13.31633655, -6.65816828, 0.0, 0.0, 6.65816828]",32.0,9.990625e-06,local
2459_17,bulk,-107.93499367,210.731,True,"[16.28260219, 0.0, 0.0, 4.65217205, 4.02889918, 3.50187446, 0.0, 0.0, 3.50187446]",18.0,3.9277777777777774e-05,local
2459_41,bulk,-107.94645422,121.021,True,"[10.65946529, 0.0, 0.0, 0.0, 6.15424516, -3.50187446, 0.0, 0.0, 3.50187446]",18.0,2.6777777777777776e-06,local
2459_6,bulk,-107.94424052,196.215,True,"[5.32973265, 0.0, -9.23136773, -0.0, 7.00374891, -6.15424516, 0.0, 0.0, 6.15424516]",18.0,0.00012235,local
2466_3,bulk,-113.65208872,178.433,True,"[6.05666423, 0.0, 0.0, 0.0, 6.05666423, -6.05666423, 0.0, 0.0, 6.05666423]",16.0,0.7538390625,local
2466_5,bulk,-227.29512332,716.663,True,"[6.05666423, 0.0, 0.0, 0.0, 12.11332845, -6.05666423, 0.0, 0.0, 6.05666423]",32.0,0.755622675,local
2469_24,bulk,-112.42239373,215.991,True,"[4.61431029, 0.0, -2.66407329, -0.0, 12.79579492, 10.65629316, 0.0, 0.0, 5.32814658]",18.0,8.516666666666668e-06,local
2470_6,bulk,-148.49973754,43.631,True,"[6.03456022, 0.0, 0.0, 0.0, 6.03456022, 0.0, 0.0, 0.0, 6.03456022]",16.0,4.86875e-06,local
2478_5,bulk,-219.55691306,460.357,True,"[5.73801489, 0.0, 0.0, 0.0, 11.47602979, -5.73801489, 0.0, 0.0, 5.73801489]",32.0,1.39731080625,local
2480_3,bulk,-140.08680402,167.71,True,"[6.18434954, 0.0, 0.0, 0.0, 6.18434954, -6.18434954, 0.0, 0.0, 6.18434954]",16.0,1.56875e-06,local
2480_5,bulk,-280.18539583,530.408,True,"[6.18434954, 0.0, 0.0, 0.0, 12.36869908, -6.18434954, 0.0, 0.0, 6.18434954]",32.0,7.128125e-06,local
2483_5,bulk,-104.42302939,246.206,True,"[5.5615319, 0.0, 9.63285582, 5.5615319, 7.90803271, 3.21095194, 0.0, 0.0, 6.42190388]",18.0,2.222222222222222e-08,local
2487_1,bulk,-65.86609714,213.544,True,"[3.68116777, 0.0, -6.37596961, -0.0, 12.90786686, -4.25064641, 0.0, 0.0, 4.25064641]",12.0,4.2191666666666664e-05,local
2487_4,bulk,-65.83912135,205.163,True,"[7.36233555, 0.0, -8.50129282, -0.0, 6.45393343, -4.25064641, 0.0, 0.0, 4.25064641]",12.0,1.8866666666666667e-05,local
2498_0,bulk,-136.61589394,102.112,True,"[5.79047929, 0.0, -5.79047929, -0.0, 5.79047929, -5.79047929, 0.0, 0.0, 5.79047929]",16.0,0.50228656875,local
2498_1,bulk,-136.61589394,99.481,True,"[5.79047929, 0.0, -5.79047929, -0.0, 5.79047929, -5.79047929, 0.0, 0.0, 5.79047929]",16.0,0.50228656875,local
2498_8,bulk,-273.23691381,444.77,True,"[5.79047929, 0.0, 0.0, 0.0, 11.58095859, -5.79047929, 0.0, 0.0, 5.79047929]",32.0,0.501215878125,local
2500_0,bulk,-109.93354282,175.708,True,"[6.24199996, 0.0, -6.24199996, -0.0, 6.24199996, -6.24199996, 0.0, 0.0, 6.24199996]",16.0,1.75e-06,local
2503_2,bulk,-52.50858994,312.301,True,"[4.13067481, 0.0, -4.13067481, -0.0, 22.81323549, -4.13067481, 0.0, 0.0, 4.13067481]",20.0,1.98e-06,local
2503_3,bulk,-52.50858994,304.139,True,"[4.13067481, 0.0, -4.13067481, -0.0, 22.81323549, -4.13067481, 0.0, 0.0, 4.13067481]",20.0,1.98e-06,local
2505_15,bulk,-78.12471607,483.467,True,"[3.71987573, 0.0, -2.14767125, -0.0, 32.19075002, 4.2953425, 0.0, 0.0, 4.2953425]",24.0,9.2675e-05,local
2511_42,bulk,-91.84592623,216.055,True,"[12.21603111, 0.0, 0.0, 0.0, 7.05292885, -4.02740091, 0.0, 0.0, 4.02740091]",18.0,3.248888888888889e-05,local
2516_8,bulk,-193.75423029,635.323,True,"[8.45799295, 0.0, 8.45799295, 8.45799295, 9.24314909, -0.0, 0.0, 0.0, 8.45799295]",36.0,0.0,local
2518_0,bulk,-57.25649575,196.09,True,"[9.77788943, 0.0, 4.19496661, 14.08439811, 4.93539074, 0.0, 0.0, 0.0, 4.19496661]",12.0,2.5e-08,local
2518_14,bulk,-57.27742528,281.783,True,"[9.77788943, 0.0, -4.19496661, 5.47138075, 4.93539074, 0.0, 0.0, 0.0, 4.19496661]",12.0,0.0,local
2528_5,bulk,-137.13078568,215.103,True,"[6.49738266, 0.0, 0.0, 0.0, 12.99476532, -6.49738266, 0.0, 0.0, 6.49738266]",32.0,0.000133434375,local
2530_1,bulk,-119.77809335,104.115,True,"[6.03426558, 0.0, -6.03426558, -0.0, 6.03426558, -6.03426558, 0.0, 0.0, 6.03426558]",16.0,1.02425935,local
2531_8,bulk,-119.0321767,157.439,True,"[6.09457478, 0.0, 0.0, 0.0, 12.18914956, -6.09457478, 0.0, 0.0, 6.09457478]",32.0,7.965625e-06,local
2532_5,bulk,-292.28727717,520.461,True,"[6.241252, 0.0, 0.0, 0.0, 12.482504, -6.241252, 0.0, 0.0, 6.241252]",32.0,3.7034375e-05,local
2534_0,bulk,-147.6211704,101.666,True,"[6.18199991, 0.0, 6.18199991, 6.18199991, 6.18199991, -0.0, 0.0, 0.0, 6.18199991]",16.0,1.058125e-05,local
2534_1,bulk,-147.62117041,97.583,True,"[6.18199991, 0.0, 6.18199991, 6.18199991, 6.18199991, -0.0, 0.0, 0.0, 6.18199991]",16.0,1.058125e-05,local
2534_5,bulk,-295.25038167,433.048,True,"[6.18199991, 0.0, 0.0, 0.0, 12.36399982, -6.18199991, 0.0, 0.0, 6.18199991]",32.0,4.4646875e-05,local
2540_0,bulk,-138.39603552,109.195,True,"[6.53694497, 0.0, -6.53694497, -0.0, 6.53694497, -6.53694497, 0.0, 0.0, 6.53694497]",16.0,3.134375e-05,local
2541_6,bulk,-214.19603174,569.221,True,"[8.47175698, 0.0, -8.47175698, -0.0, 9.2833557, -8.47175698, 0.0, 0.0, 8.47175698]",36.0,0.0,local
2541_7,bulk,-214.19603174,595.431,True,"[8.47175698, 0.0, -8.47175698, -0.0, 9.2833557, -8.47175698, 0.0, 0.0, 8.47175698]",36.0,0.0,local
2546_42,bulk,-150.16250349,558.874,True,"[11.60130873, 0.0, 0.0, 0.0, 6.69801872, -3.77607464, 0.0, 0.0, 3.77607464]",18.0,0.8240512222222223,local
2546_45,bulk,-150.16250349,570.608,True,"[11.60130873, 0.0, 0.0, 0.0, 6.69801872, -3.77607464, 0.0, 0.0, 3.77607464]",18.0,0.8240512222222223,local
2546_47,bulk,-150.16303585,575.894,True,"[6.69801872, 0.0, 0.0, 6.69801872, 11.60130873, 3.77607464, 0.0, 0.0, 3.77607464]",18.0,0.8226649111111111,local
2547_0,bulk,-98.95443742,129.857,True,"[5.71588103, 0.0, -5.71588103, -0.0, 5.71588103, -5.71588103, 0.0, 0.0, 5.71588103]",16.0,0.000396025,local
2547_3,bulk,-98.95584137,155.289,True,"[5.71588103, 0.0, 0.0, 0.0, 5.71588103, -5.71588103, 0.0, 0.0, 5.71588103]",16.0,0.0003842875,local
2547_5,bulk,-198.10563834,466.617,True,"[5.71588103, 0.0, 0.0, 0.0, 11.43176207, -5.71588103, 0.0, 0.0, 5.71588103]",32.0,0.2569222125,local
2554_0,bulk,-58.88629198,86.559,True,"[5.92937934, 0.0, -5.92937934, -0.0, 5.92937934, -5.92937934, 0.0, 0.0, 5.92937934]",16.0,2.07125e-05,local
2554_1,bulk,-58.88629198,85.772,True,"[5.92937934, 0.0, -5.92937934, -0.0, 5.92937934, -5.92937934, 0.0, 0.0, 5.92937934]",16.0,2.07125e-05,local
2554_5,bulk,-117.75085902,481.458,True,"[5.92937934, 0.0, 0.0, 0.0, 11.85875867, -5.92937934, 0.0, 0.0, 5.92937934]",32.0,4.2309375e-05,local
2557_45,bulk,-121.29897542,601.25,True,"[6.88000256, 0.0, 0.0, 6.88000256, 11.91651399, 3.41000196, 0.0, 0.0, 3.41000196]",18.0,2.6166666666666665e-06,local
2557_46,bulk,-121.29897543,690.853,True,"[6.88000256, 0.0, 0.0, 6.88000256, 11.91651399, 3.41000196, 0.0, 0.0, 3.41000196]",18.0,2.6166666666666665e-06,local
2557_47,bulk,-121.29897543,583.705,True,"[6.88000256, 0.0, 0.0, 6.88000256, 11.91651399, 3.41000196, 0.0, 0.0, 3.41000196]",18.0,2.6166666666666665e-06,local
2558_3,bulk,-114.18048581,156.594,True,"[6.03734596, 0.0, 0.0, 0.0, 6.03734596, -6.03734596, 0.0, 0.0, 6.03734596]",16.0,0.777749675,local
2558_5,bulk,-228.37082534,574.439,True,"[6.03734596, 0.0, 0.0, 0.0, 12.07469191, -6.03734596, 0.0, 0.0, 6.03734596]",32.0,0.780332134375,local
2560_2,bulk,-116.53414004,401.205,True,"[4.21686583, 0.0, -4.21686583, -0.0, 24.5162591, -4.21686583, 0.0, 0.0, 4.21686583]",20.0,6.2e-07,local
2561_1,bulk,-86.42800658,53.167,True,"[6.00963155, 0.0, -6.00963155, -0.0, 6.00963155, -6.00963155, 0.0, 0.0, 6.00963155]",16.0,2.755625e-05,local
2566_12,bulk,-173.80170358,803.207,True,"[8.07824116, 0.0, -4.03912058, 0.0, 15.15746785, -4.03912058, 0.0, 0.0, 4.03912058]",24.0,0.00015419166666666667,local
2569_3,bulk,-101.68186962,94.806,True,"[5.52179843, 0.0, 0.0, 0.0, 5.52179843, -5.52179843, 0.0, 0.0, 5.52179843]",16.0,0.7804388,local
2574_14,bulk,-121.04296874,328.034,True,"[12.1197874, 0.0, 0.0, 0.0, 12.18549791, -6.09274896, 0.0, 0.0, 6.09274896]",32.0,1.0609375e-05,local
2574_19,bulk,-121.03901326,311.366,True,"[6.09274896, 0.0, 0.0, 0.0, 24.23957479, -6.09274896, 0.0, 0.0, 6.09274896]",32.0,2.96875e-07,local
2574_24,bulk,-121.02739125,266.197,True,"[8.61644821, 0.0, 0.0, 8.61644821, 8.61644821, 12.1197874, 0.0, 0.0, 12.1197874]",32.0,1.624375e-05,local
2575_43,bulk,-104.84631951,271.725,True,"[12.07050476, 0.0, 0.0, 0.0, 6.96890917, -3.91214804, 0.0, 0.0, 3.91214804]",18.0,0.0012369722222222222,local
2575_44,bulk,-104.84631951,275.093,True,"[12.07050476, 0.0, 0.0, 0.0, 6.96890917, -3.91214804, 0.0, 0.0, 3.91214804]",18.0,0.0012369722222222222,local
2575_46,bulk,-104.8487388,402.917,True,"[6.96890917, 0.0, 0.0, 6.96890917, 12.07050476, 3.91214804, 0.0, 0.0, 3.91214804]",18.0,0.00013556666666666666,local
2577_3,bulk,-113.88169249,144.765,True,"[5.76957334, 0.0, 0.0, 0.0, 5.76957334, -5.76957334, 0.0, 0.0, 5.76957334]",16.0,0.72461879375,local
2582_5,bulk,-209.42417927,655.547,True,"[7.02179221, 0.0, 0.0, 0.0, 14.04358442, -7.02179221, 0.0, 0.0, 7.02179221]",32.0,4.009375e-06,local
2587_1,bulk,-116.9754575,151.499,True,"[6.0368336, 0.0, -6.0368336, -0.0, 6.0368336, -6.0368336, 0.0, 0.0, 6.0368336]",16.0,5.685625e-05,local
2587_3,bulk,-116.97248666,299.4,True,"[6.0368336, 0.0, 0.0, -0.0, 6.0368336, 6.0368336, 0.0, 0.0, 6.0368336]",16.0,3.8025e-05,local
2587_5,bulk,-233.94258891,690.938,True,"[6.0368336, 0.0, 0.0, 0.0, 12.07366721, -6.0368336, 0.0, 0.0, 6.0368336]",32.0,3.0759375e-05,local
2589_8,bulk,-104.09378505,205.663,True,"[6.53877138, 0.0, 0.0, 0.0, 13.07754275, -6.53877138, 0.0, 0.0, 6.53877138]",32.0,2.55e-06,local
2594_12,bulk,-91.5311188,245.244,True,"[3.54085361, 0.0, 0.0, 0.0, 14.1747238, -3.54085361, 0.0, 0.0, 3.54085361]",16.0,5.249375e-05,local
2594_5,bulk,-91.53657369,341.248,True,"[7.08170722, 0.0, -3.54085361, -0.0, 7.0873619, -3.54085361, 0.0, 0.0, 3.54085361]",16.0,6.535625e-05,local
2594_8,bulk,-91.53671833,195.866,True,"[7.0873619, 0.0, 0.0, 0.0, 7.08170722, -3.54085361, 0.0, 0.0, 3.54085361]",16.0,0.0001727125,local
2595_5,bulk,-224.69236974,439.323,True,"[6.61923725, 0.0, 0.0, 0.0, 13.23847449, -6.61923725, 0.0, 0.0, 6.61923725]",32.0,9.03125e-06,local
2598_2,bulk,-245.79103804,910.316,True,"[5.32539281, 0.0, -5.31310564, -0.0, 14.93501288, -5.31310564, 0.0, 0.0, 5.31310564]",24.0,0.0001131125,local
2598_3,bulk,-245.79103804,819.901,True,"[5.32539281, 0.0, -5.31310564, -0.0, 14.93501288, -5.31310564, 0.0, 0.0, 5.31310564]",24.0,0.0001131125,local
2598_5,bulk,-245.80971952,990.994,True,"[10.65078562, 0.0, -5.31310564, 0.0, 7.46750644, -5.31310564, 0.0, 0.0, 5.31310564]",24.0,0.00011422500000000001,local
2600_1,bulk,-107.92410943,153.935,True,"[6.45698987, 0.0, -6.45698987, -0.0, 6.45698987, -6.45698987, 0.0, 0.0, 6.45698987]",16.0,9.36875e-06,local
2600_5,bulk,-215.79525162,481.722,True,"[6.45698987, 0.0, 0.0, 0.0, 12.91397974, -6.45698987, 0.0, 0.0, 6.45698987]",32.0,4.6315625e-05,local
2601_4,bulk,-103.18672119,450.853,True,"[4.44064212, 0.0, 4.44064212, 4.44064212, 20.49977641, 0.0, 0.0, 0.0, 4.44064212]",20.0,1.2e-07,local
2601_5,bulk,-103.18672119,388.906,True,"[4.44064212, 0.0, 4.44064212, 4.44064212, 20.49977641, 0.0, 0.0, 0.0, 4.44064212]",20.0,1.2e-07,local
2601_6,bulk,-103.18672119,382.59,True,"[4.44064212, 0.0, 4.44064212, 4.44064212, 20.49977641, 0.0, 0.0, 0.0, 4.44064212]",20.0,1.2e-07,local
2608_6,bulk,-70.31865808,19.799,True,"[5.55994773, 0.0, 0.0, 0.0, 5.55994773, 0.0, 0.0, 0.0, 5.55994773]",16.0,9.88125e-06,local
2613_5,bulk,-155.70371973,436.053,True,"[6.44509469, 0.0, 0.0, 0.0, 12.89018938, -6.44509469, 0.0, 0.0, 6.44509469]",32.0,2.2e-06,local
892_0,bulk,-76.75127534,56.581,True,"[5.56963605, 0.0, -5.56963605, -0.0, 5.56963605, -5.56963605, 0.0, 0.0, 5.56963605]",16.0,2.66875e-06,local
892_1,bulk,-76.75127534,54.064,True,"[5.56963605, 0.0, -5.56963605, -0.0, 5.56963605, -5.56963605, 0.0, 0.0, 5.56963605]",16.0,2.66875e-06,local
892_3,bulk,-76.75312798,82.228,True,"[5.56963605, 0.0, 0.0, 0.0, 5.56963605, -5.56963605, 0.0, 0.0, 5.56963605]",16.0,7.725e-06,local
893_5,bulk,-161.71188313,295.753,True,"[8.15512847, 0.0, -4.07756424, 0.0, 9.98631913, -4.07756424, 0.0, 0.0, 4.07756424]",20.0,1.38e-06,local
893_9,bulk,-161.71387753,256.203,True,"[9.98631913, 0.0, 0.0, 0.0, 8.15512847, -4.07756424, 0.0, 0.0, 4.07756424]",20.0,1.0835e-05,local
894_5,bulk,-219.56364383,725.61,True,"[6.33864537, 0.0, 0.0, 0.0, 12.67729074, -6.33864537, 0.0, 0.0, 6.33864537]",32.0,0.000160284375,local
904_2,bulk,-81.2256556,732.811,True,"[4.17828809, 0.0, -4.17828809, 0.0, 20.44075032, -4.17828809, 0.0, 0.0, 4.17828809]",20.0,2.775e-06,local
904_3,bulk,-81.2256556,766.904,True,"[4.17828809, 0.0, -4.17828809, 0.0, 20.44075032, -4.17828809, 0.0, 0.0, 4.17828809]",20.0,2.775e-06,local
912_17,bulk,-70.19187691,83.262,True,"[3.773329, 0.0, -3.773329, -0.0, 9.60011796, -7.54665799, 0.0, 0.0, 3.773329]",10.0,3.239e-05,local
912_2,bulk,-140.40128111,469.742,True,"[3.773329, 0.0, -3.773329, -0.0, 19.20023593, -3.773329, 0.0, 0.0, 3.773329]",20.0,2.225e-06,local
913_1,bulk,-110.69611991,155.312,True,"[6.2408006, 0.0, -6.2408006, -0.0, 6.2408006, -6.2408006, 0.0, 0.0, 6.2408006]",16.0,0.26236183125,local
914_0,bulk,-119.11589141,55.467,True,"[5.72524955, 0.0, -5.72524955, -0.0, 5.72524955, -5.72524955, 0.0, 0.0, 5.72524955]",16.0,0.000123075,local
914_1,bulk,-119.11589141,65.578,True,"[5.72524955, 0.0, -5.72524955, -0.0, 5.72524955, -5.72524955, 0.0, 0.0, 5.72524955]",16.0,0.000123075,local
916_5,bulk,-222.40138676,453.544,True,"[5.81094815, 0.0, 0.0, 0.0, 11.62189629, -5.81094815, 0.0, 0.0, 5.81094815]",32.0,1.025174603125,local
917_5,bulk,-246.08371815,634.07,True,"[5.78418899, 0.0, 0.0, 0.0, 11.56837797, -5.78418899, 0.0, 0.0, 5.78418899]",32.0,0.000317465625,local
925_45,bulk,-101.3986665,429.438,True,"[6.32864507, 0.0, 0.0, 0.0, 11.2326346, -13.78730752, 0.0, 0.0, 7.63299286]",24.0,1.2916666666666667e-07,local
931_3,bulk,-128.88063436,138.672,True,"[6.30020623, 0.0, 0.0, -0.0, 6.30020623, 6.30020623, 0.0, 0.0, 6.30020623]",16.0,3.33e-05,local
942_0,bulk,-101.73121571,117.025,True,"[6.07794354, 0.0, -6.07794354, -0.0, 6.07794354, -6.07794354, 0.0, 0.0, 6.07794354]",16.0,2.95625e-06,local
942_3,bulk,-101.76845118,130.923,True,"[6.07794354, 0.0, 0.0, -0.0, 6.07794354, 6.07794354, 0.0, 0.0, 6.07794354]",16.0,1.0025e-05,local
942_5,bulk,-203.53501354,471.407,True,"[6.07794354, 0.0, 0.0, 0.0, 12.15588708, -6.07794354, 0.0, 0.0, 6.07794354]",32.0,6.903125e-06,local
945_3,bulk,-133.45522154,169.315,True,"[6.39029792, 0.0, 0.0, 0.0, 6.39029792, -6.39029792, 0.0, 0.0, 6.39029792]",16.0,0.13276264375,local
945_5,bulk,-266.8943484,530.94,True,"[6.39029792, 0.0, 0.0, 0.0, 12.78059584, -6.39029792, 0.0, 0.0, 6.39029792]",32.0,0.1362291,local
948_45,bulk,-148.22513077,285.26,True,"[11.37381074, 0.0, 0.0, 0.0, 6.56667269, -3.64210624, 0.0, 0.0, 3.64210624]",18.0,0.7453236444444444,local
951_20,bulk,-80.10186223,196.006,True,"[9.05735197, 0.0, 5.84012333, 4.52867599, 8.47176012, 0.0, 0.0, 0.0, 5.84012333]",20.0,2.259e-05,local
956_0,bulk,-89.85898002,62.563,True,"[6.01563155, 0.0, -6.01563155, -0.0, 6.01563155, -6.01563155, 0.0, 0.0, 6.01563155]",16.0,4.525625e-05,local
956_1,bulk,-89.85898002,76.454,True,"[6.01563155, 0.0, -6.01563155, -0.0, 6.01563155, -6.01563155, 0.0, 0.0, 6.01563155]",16.0,4.52625e-05,local
956_5,bulk,-179.73995225,380.113,True,"[6.01563155, 0.0, 0.0, 0.0, 12.0312631, -6.01563155, 0.0, 0.0, 6.01563155]",32.0,1.453125e-05,local
958_1,bulk,-92.06603412,76.7,True,"[6.07861197, 0.0, -6.07861197, -0.0, 6.07861197, -6.07861197, 0.0, 0.0, 6.07861197]",16.0,2.195e-05,local
959_17,bulk,-155.26913397,368.468,True,"[17.84389029, 0.0, 0.0, 5.09825437, 4.4152178, 3.75713739, 0.0, 0.0, 3.75713739]",18.0,0.0001576222222222222,local
959_44,bulk,-155.27497462,509.768,True,"[11.68156828, 0.0, 0.0, 0.0, 6.74435659, -3.75713739, 0.0, 0.0, 3.75713739]",18.0,3.3333333333333335e-07,local
959_49,bulk,-155.27851892,563.974,True,"[6.74435659, 0.0, 0.0, 6.74435659, 11.68156828, 3.75713739, 0.0, 0.0, 3.75713739]",18.0,1.5388888888888888e-06,local
963_16,bulk,-167.63639669,756.019,True,"[14.82563484, 0.0, 0.0, 0.0, 15.46186374, -7.15750091, 0.0, 0.0, 7.15750091]",40.0,1.000006565,local
963_17,bulk,-167.63639669,791.136,True,"[14.82563484, 0.0, 0.0, 0.0, 15.46186374, -7.15750091, 0.0, 0.0, 7.15750091]",40.0,1.000006565,local
963_23,bulk,-167.62705241,688.626,True,"[7.73093187, 0.0, 0.0, 0.0, 29.65126968, -7.15750091, 0.0, 0.0, 7.15750091]",40.0,1.0000001675,local
968_0,bulk,-228.43166345,672.974,True,"[7.03530911, 0.0, 7.03530911, 7.03530911, 7.03530911, -0.0, 0.0, 0.0, 7.03530911]",24.0,2.9166666666666666e-08,local
968_1,bulk,-228.43166345,688.75,True,"[7.03530911, 0.0, 7.03530911, 7.03530911, 7.03530911, -0.0, 0.0, 0.0, 7.03530911]",24.0,2.9166666666666666e-08,local
968_3,bulk,-228.43166345,720.826,True,"[7.03530911, 0.0, 7.03530911, 7.03530911, 7.03530911, -0.0, 0.0, 0.0, 7.03530911]",24.0,2.9166666666666666e-08,local
974_17,bulk,-127.40155167,230.999,True,"[6.73552007, 0.0, -0.02689568, -0.0, 8.42304982, -4.85915679, 0.0, 0.0, 4.85915679]",18.0,2.153888888888889e-05,local
974_36,bulk,-127.40240849,140.66,True,"[8.42304982, 0.0, 0.0, 0.0, 6.73552007, -4.88605247, 0.0, 0.0, 4.85915679]",18.0,2.0283333333333333e-05,local
974_75,bulk,-254.80467159,463.734,True,"[4.85915679, 0.0, 0.0, -0.05379137, 13.47104014, -8.42304982, 0.0, 0.0, 8.42304982]",36.0,1.121111111111111e-05,local
977_12,bulk,-110.57051112,252.452,True,"[3.29415689, 0.0, -1.90188237, 0.0, 18.64811157, -3.80376473, 0.0, 0.0, 3.80376473]",18.0,8.4e-06,local
987_18,bulk,-85.55161281,117.821,True,"[3.26397371, 0.0, 0.0, 0.0, 16.38194732, -3.26397371, 0.0, 0.0, 3.26397371]",12.0,1.2533333333333332e-05,local
987_3,bulk,-85.55138406,226.241,True,"[3.26397371, 0.0, -3.26397371, -0.0, 16.38194732, -3.26397371, 0.0, 0.0, 3.26397371]",12.0,1.675e-06,local
987_4,bulk,-85.55138406,166.39,True,"[3.26397371, 0.0, -3.26397371, -0.0, 16.38194732, -3.26397371, 0.0, 0.0, 3.26397371]",12.0,1.675e-06,local
990_3,bulk,-92.95415197,85.41,True,"[5.926304, 0.0, 0.0, 0.0, 5.926304, -5.926304, 0.0, 0.0, 5.926304]",16.0,1.78e-05,local
990_5,bulk,-185.92155682,327.554,True,"[5.926304, 0.0, 0.0, 0.0, 11.85260799, -5.926304, 0.0, 0.0, 5.926304]",32.0,5.2815625e-05,local
991_1,bulk,-108.68222332,97.073,True,"[6.08667838, 0.0, -6.08667838, -0.0, 6.08667838, -6.08667838, 0.0, 0.0, 6.08667838]",16.0,0.0002216,local
997_1,bulk,-116.91638346,180.878,True,"[6.23943753, 0.0, -6.23943753, -0.0, 6.23943753, -6.23943753, 0.0, 0.0, 6.23943753]",16.0,6.770625e-05,local
998_3,bulk,-99.75028121,139.927,True,"[5.97075658, 0.0, 0.0, 0.0, 5.97075658, -5.97075658, 0.0, 0.0, 5.97075658]",16.0,4.145e-05,local
998_5,bulk,-199.48636948,550.378,True,"[5.97075658, 0.0, 0.0, 0.0, 11.94151316, -5.97075658, 0.0, 0.0, 5.97075658]",32.0,4.290625e-06,local
999_10,bulk,-107.47179783,343.733,True,"[12.4165789, 0.0, 0.0, 0.0, 8.03624063, -4.01812031, 0.0, 0.0, 4.01812031]",20.0,2.584e-05,local
999_14,bulk,-107.49842855,248.501,True,"[4.01812031, 0.0, 0.0, 0.0, 24.8331578, -4.01812031, 0.0, 0.0, 4.01812031]",20.0,1.2689999999999999e-05,local
999_2,bulk,-107.49096633,265.319,True,"[4.01812031, 0.0, -4.01812031, 0.0, 24.8331578, -4.01812031, 0.0, 0.0, 4.01812031]",20.0,1.4750000000000001e-05,local
1471_3,slab,-496.33216367,26368.729,True,"[6.05001757, 0.0, 0.0, 0.0, 6.05001757, -6.05001757, 0.0, 0.0, 42.35012302]",48.0,4.166666666666667e-09,local
1472_2,slab,-221.97357703,15580.774,True,"[7.28692505, 0.0, 0.0, -0.0, 4.10253562, 4.10253562, 0.0, 0.0, 41.02535617]",32.0,0.73649419375,local
1475_14,slab,-312.24013497,46340.344,True,"[10.22500338, 0.0, -0.03234308, -0.0, 8.70278623, -4.34553013, 0.0, 0.0, 30.4187109]",60.0,0.0,local
1475_4,slab,-416.43075353,125229.432,True,"[4.35139311, 0.0, -4.34553013, 0.0, 20.45000676, -4.41021629, 0.0, 0.0, 39.10977116]",80.0,0.0,local
1475_7,slab,,,False,,,,local
1479_1,slab,-210.28455159,14037.522,True,"[6.93858731, 0.0, -6.93858731, -0.0, 6.93858731, -6.93858731, 0.0, 0.0, 48.57011116]",48.0,0.0013758729166666666,local
1487_0,slab,-348.84593986,11109.859,True,"[6.1861598, 0.0, -6.1861598, -0.0, 6.1861598, -6.1861598, 0.0, 0.0, 49.48927844]",48.0,8.333333333333334e-09,local
1487_3,slab,-355.33501622,25070.334,True,"[6.1861598, 0.0, 0.0, -0.0, 6.1861598, 6.1861598, 0.0, 0.0, 43.30311863]",48.0,4.166666666666667e-09,local
1487_5,slab,-467.65046528,56509.442,True,"[6.1861598, 0.0, 0.0, 0.0, 12.37231961, -6.1861598, 0.0, 0.0, 30.93079902]",64.0,0.0,local
1495_0,slab,-324.61460186,46974.146,True,"[5.84552419, 0.0, -5.84552419, -0.0, 5.84552419, -5.84552419, 0.0, 0.0, 46.76419354]",48.0,0.23595278333333333,local
1497_66,slab,-542.07105281,102416.077,True,"[9.88608124, 0.0, -3.98558924, 15.26358257, 8.26972243, 0.0, 0.0, 0.0, 35.87030312]",80.0,0.0882323225,local
1497_9,slab,-403.0444607,48833.341,True,"[9.418896, 0.0, 0.0, 4.7322093, 8.67990768, 3.98558924, 0.0, 0.0, 31.88471388]",60.0,0.10304612333333334,local
1498_5,slab,-262.79635359,22801.871,True,"[6.08895082, 0.0, 0.0, 0.0, 12.17790165, -6.08895082, 0.0, 0.0, 30.44475412]",64.0,0.0,local
1499_0,slab,,,False,,,,local
1499_27,slab,,,False,,,,local
1499_2,slab,,,False,,,,local
1500_37,slab,-545.73801695,41633.226,True,"[9.72550433, 0.0, -7.51785043, 6.77460083, 8.15936249, 0.0, 0.0, 0.0, 37.58925215]",72.0,0.005413301388888889,local
1500_75,slab,-552.66658262,51177.828,True,"[9.72550433, 0.0, -3.75892521, 16.50010516, 8.15936249, 0.0, 0.0, 0.0, 37.58925215]",72.0,0.0,local
1500_9,slab,-405.90759204,26082.07,True,"[8.67657926, 0.0, 0.0, 3.30764278, 9.14576042, 3.75892521, 0.0, 0.0, 30.07140172]",54.0,6.851851851851852e-08,local
1503_15,slab,-606.4173226,134561.583,True,"[17.41734791, 0.0, 0.0, 4.97638512, 4.30967593, 3.91598859, 0.0, 0.0, 39.15988588]",72.0,0.0,local
1504_5,slab,-553.10885895,91824.482,True,"[6.08767108, 0.0, 0.0, 0.0, 12.17534216, -6.08767108, 0.0, 0.0, 30.43835539]",64.0,0.2415461453125,local
1506_31,slab,-404.80569902,22581.388,True,"[11.06329292, 0.0, 0.0, 2.90116311, 7.46833898, 5.72079314, 0.0, 0.0, 40.04555197]",72.0,0.0,local
1507_41,slab,-326.41673558,44567.489,True,"[9.54886921, 0.0, 0.0, -0.0, 8.02835923, 6.70007837, 0.0, 0.0, 33.50039183]",64.0,0.0,local
1507_42,slab,-328.83953326,19863.862,True,"[9.54886921, 0.0, 0.0, -0.0, 8.02835923, 6.70007837, 0.0, 0.0, 33.50039183]",64.0,0.0,local
1507_4,slab,-330.79102211,16316.662,True,"[9.54886921, 0.0, -4.01417962, 0.0, 6.70007837, -4.01417962, 0.0, 0.0, 36.12761654]",64.0,3.125e-09,local
1509_5,slab,-317.25787858,39326.148,True,"[6.63596687, 0.0, 0.0, 0.0, 13.27193374, -6.63596687, 0.0, 0.0, 33.17983434]",64.0,0.005220228125,local
1511_1,slab,-316.2025315,4162.283,True,"[5.84386672, 0.0, -5.84386672, -0.0, 5.84386672, -5.84386672, 0.0, 0.0, 46.75093378]",48.0,0.0,local
1511_3,slab,-324.32897605,6305.052,True,"[5.84386672, 0.0, 0.0, 0.0, 5.84386672, -5.84386672, 0.0, 0.0, 40.90706706]",48.0,6.25e-09,local
1511_5,slab,-426.47902871,12683.197,True,"[5.84386672, 0.0, 0.0, 0.0, 11.68773344, -5.84386672, 0.0, 0.0, 29.21933361]",64.0,4.6875e-09,local
1515_3,slab,-301.6335682,11938.995,True,"[5.86972456, 0.0, 0.0, 0.0, 5.86972456, -5.86972456, 0.0, 0.0, 41.08807195]",48.0,0.048930668749999996,local
1515_5,slab,-395.95909059,36369.837,True,"[5.86972456, 0.0, 0.0, 0.0, 11.73944913, -5.86972456, 0.0, 0.0, 29.34862282]",64.0,0.0865603796875,local
1517_18,slab,-293.52950381,84299.687,True,"[6.94143139, 0.0, -5.26577006, 0.0, 5.92490705, -5.29849944, 0.0, 0.0, 42.12616047]",48.0,0.21515766875,local
1517_87,slab,-295.88044088,73768.929,True,"[5.26568972, 0.0, -0.02908784, -0.0, 6.94143139, 5.92499745, 0.0, 0.0, 41.47498212]",48.0,0.20026457083333335,local
1517_89,slab,-295.81298736,86478.408,True,"[5.26568972, 0.0, -0.02908784, -0.0, 6.94143139, 5.92499745, 0.0, 0.0, 41.47498212]",48.0,0.18597472291666664,local
1518_42,slab,,,False,,,,local
1518_43,slab,,,False,,,,local
1518_48,slab,,,False,,,,local
1520_3,slab,-348.10781602,24441.764,True,"[6.07770366, 0.0, 0.0, 0.0, 6.07770366, -6.07770366, 0.0, 0.0, 42.54392561]",48.0,1.1140003520833333,local
1521_1,slab,-298.36163543,11480.666,True,"[6.48540888, 0.0, -6.48540888, -0.0, 6.48540888, -6.48540888, 0.0, 0.0, 51.88327107]",48.0,1.25e-08,local
1524_15,slab,,,False,,,,local
1524_18,slab,,,False,,,,local
1524_8,slab,-515.42122716,89294.998,True,"[7.1148449, 0.0, 0.0, 0.0, 10.50833771, -5.0960857, 0.0, 0.0, 35.67259988]",72.0,0.9976833902777779,local
1527_7,slab,-136.50236752,82447.403,True,"[4.87738615, 0.0, -4.87738615, -0.0, 23.97349226, -4.87738615, 0.0, 0.0, 39.0190892]",60.0,0.0,local
1530_3,slab,-438.73811326,36437.198,True,"[6.08974513, 0.0, 0.0, -0.0, 6.08974513, 6.08974513, 0.0, 0.0, 42.62821592]",48.0,0.2610990833333333,local
1530_5,slab,-579.05394162,127355.17,True,"[6.08974513, 0.0, 0.0, 0.0, 12.17949026, -6.08974513, 0.0, 0.0, 30.44872565]",64.0,0.2782637,local
1532_1,slab,-374.78389263,16299.589,True,"[5.96610287, 0.0, -5.96610287, -0.0, 5.96610287, -5.96610287, 0.0, 0.0, 47.72882295]",48.0,0.22468125833333333,local
1532_3,slab,-380.98419607,102773.637,True,"[5.96610287, 0.0, 0.0, 0.0, 5.96610287, -5.96610287, 0.0, 0.0, 41.76272008]",48.0,0.27129418125,local
1533_3,slab,-295.82226506,5276.256,True,"[5.36080164, 0.0, 0.0, 0.0, 5.36080164, -5.36080164, 0.0, 0.0, 37.52561151]",48.0,8e-07,local
1535_28,slab,-474.70784957,36118.299,True,"[9.93716543, 0.0, 0.0, 9.93716543, 9.93716543, 2.76072908, 0.0, 0.0, 27.60729075]",80.0,0.00041351375000000005,local
1535_30,slab,-474.10652242,36617.032,True,"[7.02663706, 0.0, 0.0, -0.0, 14.05327412, 2.76072908, 0.0, 0.0, 27.60729075]",80.0,1.25e-09,local
1540_3,slab,-337.16909906,14028.473,True,"[5.9157063, 0.0, 0.0, -0.0, 5.9157063, 5.9157063, 0.0, 0.0, 41.40994408]",48.0,2.7083333333333334e-08,local
1540_5,slab,-444.66244976,32061.882,True,"[5.9157063, 0.0, 0.0, 0.0, 11.83141259, -5.9157063, 0.0, 0.0, 29.57853148]",64.0,0.0,local
1545_5,slab,-472.95535676,69557.156,True,"[6.08611208, 0.0, 0.0, 0.0, 12.17222416, -6.08611208, 0.0, 0.0, 30.43056041]",64.0,0.9393434828125,local
1552_20,slab,-172.98997632,26995.285,True,"[4.0770682, 0.0, 0.0, 4.0770682, 7.06168927, 5.48381348, 0.0, 0.0, 38.38669436]",36.0,0.0,local
1552_3,slab,-286.78525593,48120.288,True,"[7.06168927, 0.0, -8.15413641, -0.0, 5.48381348, -4.0770682, 0.0, 0.0, 48.92481844]",60.0,0.0,local
1552_4,slab,-287.29867884,97694.389,True,"[7.06168927, 0.0, -8.15413641, -0.0, 5.48381348, -4.0770682, 0.0, 0.0, 48.92481844]",60.0,0.0,local
1553_3,slab,-383.35699353,16091.818,True,"[6.47096096, 0.0, 0.0, 0.0, 6.47096096, -6.47096096, 0.0, 0.0, 45.29672672]",48.0,4.166666666666667e-09,local
1553_5,slab,-504.15020327,34740.045,True,"[6.47096096, 0.0, 0.0, 0.0, 12.94192192, -6.47096096, 0.0, 0.0, 32.3548048]",64.0,6.25e-09,local
1555_3,slab,-474.77418682,127352.964,True,"[5.88045566, 0.0, -5.88045566, 0.0, 11.76091132, -5.88045566, 0.0, 0.0, 41.16318963]",72.0,0.1174444361111111,local
1555_7,slab,-316.12547562,80203.965,True,"[5.88045566, 0.0, 0.0, 0.0, 11.76091132, -5.88045566, 0.0, 0.0, 29.4022783]",48.0,0.06978995416666667,local
1557_5,slab,,,False,,,,local
1558_12,slab,-266.27538232,34952.648,True,"[3.56880758, 0.0, 0.0, 0.0, 14.24600453, -3.56880758, 0.0, 0.0, 28.55046061]",48.0,0.019782012499999998,local
1558_8,slab,-359.4140038,53993.36,True,"[7.12300227, 0.0, 0.0, 0.0, 7.13761515, -3.56880758, 0.0, 0.0, 32.11926818]",64.0,3.16671875e-05,local
1568_0,slab,-297.63251784,25559.978,True,"[6.27529735, 0.0, -6.27529735, -0.0, 6.27529735, -6.27529735, 0.0, 0.0, 50.20237881]",48.0,0.06215018541666667,local
1568_1,slab,-297.25478182,20070.321,True,"[6.27529735, 0.0, -6.27529735, -0.0, 6.27529735, -6.27529735, 0.0, 0.0, 50.20237881]",48.0,0.052008825,local
1570_0,slab,-460.83962092,19912.218,True,"[6.41889059, 0.0, -6.41889059, -0.0, 6.41889059, -6.41889059, 0.0, 0.0, 51.3511247]",48.0,0.19561304583333336,local
1570_1,slab,-464.58277833,23291.811,True,"[6.41889059, 0.0, -6.41889059, -0.0, 6.41889059, -6.41889059, 0.0, 0.0, 51.3511247]",48.0,0.03574659375,local
1581_6,slab,-310.15811638,146747.473,True,"[14.41812179, 0.0, -6.50964526, -0.0, 12.41958298, -6.50964526, 0.0, 0.0, 32.5482263]",80.0,0.03754406625,local
1581_7,slab,,,False,,,,local
1582_18,slab,-308.81114209,47485.236,True,"[6.4900941, 0.0, 0.0, 0.0, 10.39348946, -6.4900941, 0.0, 0.0, 32.45047052]",56.0,0.08803772142857143,local
1582_4,slab,-230.96052891,43778.853,True,"[5.19674473, 0.0, 0.0, 0.0, 6.4900941, -6.4900941, 0.0, 0.0, 45.43065872]",42.0,0.1951731261904762,local
1584_18,slab,-199.87197227,59211.29,True,"[7.93575191, 0.0, 0.0, 0.0, 20.93438664, -4.06172132, 0.0, 0.0, 28.43204923]",60.0,0.0,local
1584_4,slab,-201.02336387,87513.118,True,"[7.93575191, 0.0, -4.06172132, -0.0, 20.93438664, -4.06172132, 0.0, 0.0, 32.49377055]",60.0,1.6666666666666665e-09,local
1584_9,slab,-200.69727397,53397.051,True,"[15.87150383, 0.0, -4.06172132, -0.0, 10.46719332, -4.06172132, 0.0, 0.0, 32.49377055]",60.0,0.0,local
1588_5,slab,-451.28497001,43620.016,True,"[5.95943595, 0.0, 0.0, 0.0, 11.91887191, -5.95943595, 0.0, 0.0, 29.79717976]",64.0,0.2468486640625,local
1589_0,slab,-379.62546592,11057.172,True,"[5.99750892, 0.0, -5.99750892, -0.0, 5.99750892, -5.99750892, 0.0, 0.0, 47.98007136]",48.0,9.583333333333334e-08,local
1589_3,slab,-387.46726957,15619.491,True,"[5.99750892, 0.0, 0.0, -0.0, 5.99750892, 5.99750892, 0.0, 0.0, 41.98256244]",48.0,4.5833333333333333e-08,local
1589_5,slab,-509.26923852,53119.087,True,"[5.99750892, 0.0, 0.0, 0.0, 11.99501784, -5.99750892, 0.0, 0.0, 29.9875446]",64.0,0.009963265625,local
1590_1,slab,,,False,,,,local
1590_3,slab,-191.66018736,108006.375,True,"[7.27381262, 0.0, -8.39907535, -0.0, 7.99943152, -4.19953767, 0.0, 0.0, 41.99537675]",48.0,0.00018143541666666666,local
1590_4,slab,-193.0967389,64657.685,True,"[7.27381262, 0.0, -8.39907535, -0.0, 7.99943152, -4.19953767, 0.0, 0.0, 41.99537675]",48.0,0.0,local
1591_0,slab,-352.76754287,19576.906,True,"[5.82232379, 0.0, -5.82232379, -0.0, 5.82232379, -5.82232379, 0.0, 0.0, 46.57859035]",48.0,0.7989309791666667,local
1591_3,slab,-357.0486201,40543.802,True,"[5.82232379, 0.0, 0.0, 0.0, 5.82232379, -5.82232379, 0.0, 0.0, 40.75626656]",48.0,0.68765391875,local
1592_0,slab,-162.73805893,6302.931,True,"[6.04740986, 0.0, -6.04740986, -0.0, 6.04740986, -6.04740986, 0.0, 0.0, 48.37927885]",48.0,2.0833333333333334e-09,local
1592_3,slab,-164.32304468,11758.547,True,"[6.04740986, 0.0, 0.0, -0.0, 6.04740986, 6.04740986, 0.0, 0.0, 42.33186899]",48.0,0.0,local
1602_17,slab,,,False,,,,local
1605_13,slab,-257.79695325,8553.819,True,"[8.12789024, 0.0, 0.0, -0.0, 5.24909739, -5.11586884, 0.0, 0.0, 40.92695072]",48.0,0.0,local
1605_39,slab,-169.62056841,3266.722,True,"[5.11586884, 0.0, 0.0, 0.0, 8.12789024, 0.0, 0.0, 0.0, 26.24548696]",32.0,0.0,local
1605_3,slab,-259.01491596,14158.976,True,"[8.12789024, 0.0, -5.11586884, -0.0, 5.24909739, -5.11586884, 0.0, 0.0, 40.92695072]",48.0,0.0,local
1612_3,slab,-206.88316106,51973.314,True,"[6.56262251, 0.0, -6.56262251, 0.0, 13.12524502, -6.56262251, 0.0, 0.0, 45.93835757]",72.0,0.0,local
1612_4,slab,-205.76461059,62766.544,True,"[6.56262251, 0.0, -6.56262251, 0.0, 13.12524502, -6.56262251, 0.0, 0.0, 45.93835757]",72.0,0.0,local
1614_3,slab,-275.07726916,6146.985,True,"[5.61809228, 0.0, 0.0, 0.0, 5.61809228, -5.61809228, 0.0, 0.0, 39.32664595]",48.0,2.0833333333333334e-09,local
1619_5,slab,-303.69055203,10526.196,True,"[6.26614105, 0.0, 0.0, 0.0, 12.53228209, -6.26614105, 0.0, 0.0, 31.33070524]",64.0,0.0,local
1623_3,slab,-444.22228059,20214.5,True,"[6.24400654, 0.0, 0.0, 0.0, 6.24400654, -6.24400654, 0.0, 0.0, 43.70804581]",48.0,1.0416666666666666e-08,local
1636_0,slab,-415.6290418,34254.783,True,"[5.73182064, 0.0, -5.73182064, -0.0, 5.73182064, -5.73182064, 0.0, 0.0, 51.58638576]",64.0,0.0,local
1636_1,slab,-417.44226729,19997.118,True,"[5.73182064, 0.0, -5.73182064, -0.0, 5.73182064, -5.73182064, 0.0, 0.0, 51.58638576]",64.0,1.5625e-08,local
1638_42,slab,,,False,,,,local
1638_45,slab,,,False,,,,local
1638_46,slab,,,False,,,,local
1640_46,slab,,,False,,,,local
1640_47,slab,,,False,,,,local
1641_1,slab,-529.64661225,27958.339,True,"[6.28269399, 0.0, -6.28269399, -0.0, 6.28269399, -6.28269399, 0.0, 0.0, 50.26155192]",48.0,0.28311239375,local
1641_5,slab,-705.35806661,92245.324,True,"[6.28269399, 0.0, 0.0, 0.0, 12.56538798, -6.28269399, 0.0, 0.0, 31.41346995]",64.0,0.237172540625,local
1643_15,slab,-245.33240732,44075.889,True,"[6.90207447, 0.0, 0.0, 0.0, 7.56707208, -8.7377022, 0.0, 0.0, 43.68851101]",48.0,0.0,local
1643_3,slab,-306.27830826,81828.744,True,"[3.78353604, 0.0, -6.55327665, -0.0, 13.80414893, -4.3688511, 0.0, 0.0, 52.42621321]",60.0,1.6666666666666665e-09,local
1643_5,slab,-306.3349404,144431.959,True,"[3.78353604, 0.0, -6.55327665, -0.0, 13.80414893, -4.3688511, 0.0, 0.0, 52.42621321]",60.0,0.0,local
1646_5,slab,-275.80245545,34867.167,True,"[6.06034384, 0.0, 0.0, 0.0, 12.12068768, -6.06034384, 0.0, 0.0, 30.30171919]",64.0,0.0,local
1649_14,slab,,,False,,,,local
1649_15,slab,,,False,,,,local
1649_5,slab,,,False,,,,local
1651_0,slab,-547.61081722,21835.475,True,"[6.47094166, 0.0, -6.47094166, -0.0, 6.47094166, -6.47094166, 0.0, 0.0, 51.7675333]",48.0,3.0833333333333333e-07,local
1653_0,slab,-269.18987224,6547.188,True,"[6.14078356, 0.0, -6.14078356, -0.0, 6.14078356, -6.14078356, 0.0, 0.0, 49.12626846]",48.0,4.166666666666667e-09,local
1655_3,slab,-306.13268435,7038.464,True,"[5.89516753, 0.0, 0.0, -0.0, 5.89516753, 5.89516753, 0.0, 0.0, 41.26617274]",48.0,1.3333333333333334e-07,local
1655_5,slab,-400.87124524,31064.418,True,"[5.89516753, 0.0, 0.0, 0.0, 11.79033507, -5.89516753, 0.0, 0.0, 29.47583767]",64.0,0.0292802265625,local
1662_5,slab,-230.98887018,42734.811,True,"[3.74996293, 0.0, -3.74996293, -0.0, 12.24953119, -3.74996293, 0.0, 0.0, 37.49962926]",48.0,0.22637650625000003,local
1663_0,slab,-491.42227657,17505.456,True,"[6.14891396, 0.0, -6.14891396, -0.0, 6.14891396, -6.14891396, 0.0, 0.0, 49.19131165]",48.0,1.0416666666666668e-07,local
1663_3,slab,-499.17725094,23933.062,True,"[6.14891396, 0.0, 0.0, 0.0, 6.14891396, -6.14891396, 0.0, 0.0, 43.04239769]",48.0,5.416666666666667e-08,local
1663_5,slab,-657.56276771,141933.494,True,"[6.14891396, 0.0, 0.0, 0.0, 12.29782791, -6.14891396, 0.0, 0.0, 30.74456978]",64.0,2.03125e-08,local
1674_0,slab,-376.48449395,24658.008,True,"[5.99151755, 0.0, -5.99151755, -0.0, 5.99151755, -5.99151755, 0.0, 0.0, 47.93214036]",48.0,0.7784744395833334,local
1674_1,slab,-377.03772939,19746.873,True,"[5.99151755, 0.0, -5.99151755, -0.0, 5.99151755, -5.99151755, 0.0, 0.0, 47.93214036]",48.0,0.36284195625,local
1674_5,slab,-504.52345732,81155.916,True,"[5.99151755, 0.0, 0.0, 0.0, 11.98303509, -5.99151755, 0.0, 0.0, 29.95758773]",64.0,0.802100775,local
1676_18,slab,-479.41523302,70490.786,True,"[18.21644111, 0.0, 0.0, 5.20469746, 4.50740022, 3.44746566, 0.0, 0.0, 34.47465663]",72.0,0.0,local
1676_46,slab,-483.20142,39415.27,True,"[6.88516756, 0.0, 0.0, 6.88516756, 11.92546004, 3.44746566, 0.0, 0.0, 31.02719096]",72.0,1.3888888888888888e-09,local
1677_28,slab,-444.65829206,102800.579,True,"[14.73535613, 0.0, 0.0, 2.09616296, 7.57505884, 3.69861532, 0.0, 0.0, 33.28753784]",80.0,1.25e-09,local
1677_30,slab,-445.16142622,69519.081,True,"[14.73535613, 0.0, 0.0, 2.09616296, 7.57505884, 3.69861532, 0.0, 0.0, 33.28753784]",80.0,1.25e-09,local
1679_3,slab,-409.82300343,15650.356,True,"[6.03924331, 0.0, 0.0, 0.0, 6.03924331, -6.03924331, 0.0, 0.0, 42.27470317]",48.0,0.0,local
1682_1,slab,-311.31432762,20241.82,True,"[6.08905801, 0.0, -6.08905801, -0.0, 6.08905801, -6.08905801, 0.0, 0.0, 48.71246409]",48.0,0.20852195833333334,local
1682_3,slab,-315.95509851,23477.073,True,"[6.08905801, 0.0, 0.0, 0.0, 6.08905801, -6.08905801, 0.0, 0.0, 42.62340608]",48.0,0.29736592916666665,local
1682_5,slab,-415.26371285,86480.965,True,"[6.08905801, 0.0, 0.0, 0.0, 12.17811602, -6.08905801, 0.0, 0.0, 30.44529006]",64.0,0.2858756859375,local
1683_3,slab,-316.48584995,9929.017,True,"[5.69616085, 0.0, 0.0, 0.0, 5.69616085, -5.69616085, 0.0, 0.0, 39.87312598]",48.0,1.2200811729166667,local
1683_5,slab,-416.12150708,22397.609,True,"[5.69616085, 0.0, 0.0, 0.0, 11.39232171, -5.69616085, 0.0, 0.0, 28.48080427]",64.0,1.26126401875,local
1688_3,slab,-301.86982206,113666.361,True,"[4.07716708, 0.0, -7.06186054, -0.0, 14.91251245, -4.70790702, 0.0, 0.0, 56.49488428]",60.0,0.0,local
1689_8,slab,-385.35424379,38669.324,True,"[7.21298148, 0.0, 0.0, 0.0, 7.28577567, -3.64288784, 0.0, 0.0, 32.78599052]",64.0,3.125e-09,local
1692_3,slab,-331.46078703,22829.461,True,"[5.72972465, 0.0, 0.0, 0.0, 5.72972465, -5.72972465, 0.0, 0.0, 40.10807253]",48.0,1.2123212270833335,local
1692_5,slab,-436.65641819,45608.71,True,"[5.72972465, 0.0, 0.0, 0.0, 11.45944929, -5.72972465, 0.0, 0.0, 28.64862323]",64.0,1.2672130109375,local
1694_3,slab,-444.3762353,129277.229,True,"[4.36085985, 0.0, 4.36085985, 4.36085985, 20.32785802, 0.0, 0.0, 0.0, 39.24773864]",80.0,0.0,local
1708_28,slab,-262.90618082,29821.329,True,"[3.66804316, 0.0, 0.0, 0.0, 13.50551879, -15.59482981, 0.0, 0.0, 38.98707453]",36.0,0.014127583333333332,local
1708_5,slab,-398.09790124,63829.437,True,"[13.50551879, 0.0, 0.0, 6.75275939, 3.89870745, 7.33608632, 0.0, 0.0, 55.0206474]",54.0,0.07549108703703704,local
1712_36,slab,,,False,,,,local
1712_5,slab,,,False,,,,local
1712_6,slab,,,False,,,,local
1714_13,slab,-375.56221827,28870.201,True,"[8.32921082, 0.0, 0.0, 0.0, 6.03063935, -10.44537375, 0.0, 0.0, 55.70866002]",72.0,0.0,local
1714_39,slab,-381.33241485,25145.049,True,"[6.03063935, 0.0, -3.48179125, -0.0, 8.32921082, -6.9635825, 0.0, 0.0, 48.74507752]",72.0,1.3888888888888888e-09,local
1714_41,slab,-380.51264698,24984.833,True,"[6.03063935, 0.0, -3.48179125, -0.0, 8.32921082, -6.9635825, 0.0, 0.0, 48.74507752]",72.0,0.0,local
1716_3,slab,-463.82049152,9247.56,True,"[6.22080584, 0.0, 0.0, 0.0, 6.22080584, -6.22080584, 0.0, 0.0, 43.54564091]",48.0,2.0833333333333334e-09,local
1719_0,slab,-354.37480516,10233.868,True,"[6.26293973, 0.0, -6.26293973, -0.0, 6.26293973, -6.26293973, 0.0, 0.0, 50.10351782]",48.0,1.875e-08,local
1719_1,slab,-351.78663839,19454.427,True,"[6.26293973, 0.0, -6.26293973, -0.0, 6.26293973, -6.26293973, 0.0, 0.0, 50.10351782]",48.0,0.08747239166666666,local
1720_19,slab,-348.38434903,16356.755,True,"[3.19424034, 0.0, 0.0, 0.0, 16.15660297, -3.19424034, 0.0, 0.0, 28.74816303]",48.0,0.007347704166666667,local
1720_7,slab,-346.99016224,16291.754,True,"[6.38848067, 0.0, -3.19424034, -0.0, 8.07830149, -3.19424034, 0.0, 0.0, 31.94240337]",48.0,1.9395833333333333e-06,local
1724_3,slab,-232.16193068,6330.0,True,"[5.47340272, 0.0, 0.0, 0.0, 5.47340272, -5.47340272, 0.0, 0.0, 38.31381906]",48.0,2.0833333333333334e-09,local
1730_2,slab,-220.29730258,16950.34,True,"[2.90168553, 0.0, 2.90168553, 2.90168553, 11.32481729, 0.0, 0.0, 0.0, 37.72191187]",40.0,0.2056954025,local
1730_3,slab,-220.51716989,46327.358,False,"[2.90168553, 0.0, 2.90168553, 2.90168553, 11.32481729, 0.0, 0.0, 0.0, 37.72191187]",40.0,0.2204491875,local
1735_3,slab,-162.41675871,142689.167,True,"[4.2100829, 0.0, -4.2100829, -0.0, 21.0391979, -4.2100829, 0.0, 0.0, 42.10082896]",64.0,0.035222253125,local
1735_4,slab,-162.30625746,115596.258,True,"[4.2100829, 0.0, -4.2100829, -0.0, 21.0391979, -4.2100829, 0.0, 0.0, 42.10082896]",64.0,0.0300222859375,local
1738_3,slab,-349.06582378,16834.751,True,"[6.52936464, 0.0, 0.0, 0.0, 6.52936464, -6.52936464, 0.0, 0.0, 45.70555245]",48.0,1.4583333333333333e-08,local
1738_5,slab,-459.65391828,50823.008,True,"[6.52936464, 0.0, 0.0, 0.0, 13.05872927, -6.52936464, 0.0, 0.0, 32.64682318]",64.0,0.0,local
1744_3,slab,-389.14489564,20801.341,True,"[6.56180289, 0.0, 0.0, 0.0, 6.56180289, -6.56180289, 0.0, 0.0, 45.93262022]",48.0,4.166666666666667e-09,local
1744_5,slab,-511.93665148,43400.532,True,"[6.56180289, 0.0, 0.0, 0.0, 13.12360578, -6.56180289, 0.0, 0.0, 32.80901444]",64.0,9.875e-07,local
1747_5,slab,-458.26410577,40267.114,True,"[6.11665706, 0.0, 0.0, 0.0, 12.23331413, -6.11665706, 0.0, 0.0, 30.58328532]",64.0,1.875e-08,local
1756_0,slab,-342.88119495,21299.031,True,"[6.40752927, 0.0, -6.40752927, -0.0, 6.40752927, -6.40752927, 0.0, 0.0, 51.26023416]",48.0,1.6666666666666667e-08,local
1756_1,slab,-346.32855202,15219.079,True,"[6.40752927, 0.0, -6.40752927, -0.0, 6.40752927, -6.40752927, 0.0, 0.0, 51.26023416]",48.0,3.541666666666667e-08,local
1761_3,slab,-542.36849027,25653.562,True,"[6.25709917, 0.0, 0.0, 0.0, 6.25709917, -6.25709917, 0.0, 0.0, 43.79969422]",48.0,4.166666666666667e-09,local
1761_5,slab,-713.27003579,41043.689,True,"[6.25709917, 0.0, 0.0, 0.0, 12.51419835, -6.25709917, 0.0, 0.0, 31.28549587]",64.0,1.5625e-09,local
1761_6,slab,-357.81652924,7557.804,True,"[6.25709917, 0.0, 0.0, 0.0, 6.25709917, 0.0, 0.0, 0.0, 31.28549587]",32.0,5e-08,local
1772_0,slab,-359.72531178,21255.741,True,"[6.51120905, 0.0, -6.51120905, -0.0, 6.51120905, -6.51120905, 0.0, 0.0, 45.57846337]",48.0,2.0833333333333334e-09,local
1772_3,slab,-367.59173044,11183.88,True,"[6.51120905, 0.0, 0.0, 0.0, 6.51120905, -6.51120905, 0.0, 0.0, 45.57846337]",48.0,2.0833333333333334e-09,local
1773_0,slab,-318.01129966,10668.781,True,"[5.83320045, 0.0, -5.83320045, -0.0, 5.83320045, -5.83320045, 0.0, 0.0, 46.66560359]",48.0,0.07307461875,local
1773_3,slab,-324.46233177,16190.953,True,"[5.83320045, 0.0, 0.0, 0.0, 5.83320045, -5.83320045, 0.0, 0.0, 40.83240314]",48.0,4.6666666666666666e-07,local
1773_5,slab,-425.61391263,45072.5,True,"[5.83320045, 0.0, 0.0, 0.0, 11.6664009, -5.83320045, 0.0, 0.0, 29.16600224]",64.0,0.0985027515625,local
1777_2,slab,,,False,,,,local
1778_3,slab,-379.46696156,22967.645,True,"[6.12378974, 0.0, 0.0, -0.0, 6.12378974, 6.12378974, 0.0, 0.0, 42.86652816]",48.0,2.0833333333333334e-09,local
1779_3,slab,,,False,,,,local
1779_5,slab,,,False,,,,local
1779_6,slab,,,False,,,,local
1780_0,slab,-384.10977576,6495.896,True,"[5.89940266, 0.0, -5.89940266, -0.0, 5.89940266, -5.89940266, 0.0, 0.0, 47.1952213]",48.0,4.166666666666667e-09,local
1780_1,slab,-381.93381599,6149.306,True,"[5.89940266, 0.0, -5.89940266, -0.0, 5.89940266, -5.89940266, 0.0, 0.0, 47.1952213]",48.0,0.0,local
1780_3,slab,-388.96841287,6696.65,True,"[5.89940266, 0.0, 0.0, 0.0, 5.89940266, -5.89940266, 0.0, 0.0, 41.29581864]",48.0,0.0,local
1781_5,slab,-657.92973445,76289.782,True,"[6.32481145, 0.0, 0.0, 0.0, 12.64962291, -6.32481145, 0.0, 0.0, 31.62405727]",64.0,0.0,local
1783_1,slab,-310.07851855,5280.761,True,"[5.99483381, 0.0, -5.99483381, -0.0, 5.99483381, -5.99483381, 0.0, 0.0, 47.95867049]",48.0,2.0833333333333334e-09,local
1784_2,slab,,,False,,,,local
1790_0,slab,-401.68170608,50261.544,True,"[6.92938596, 0.0, -6.92938596, -0.0, 6.92938596, -6.92938596, 0.0, 0.0, 48.50570169]",72.0,4.625e-07,local
1790_1,slab,-403.372296,54346.986,True,"[6.92938596, 0.0, -6.92938596, -0.0, 6.92938596, -6.92938596, 0.0, 0.0, 48.50570169]",72.0,3.8888888888888884e-08,local
1798_3,slab,-320.59011229,6976.915,True,"[6.01613286, 0.0, 0.0, 0.0, 6.01613286, -6.01613286, 0.0, 0.0, 42.11293]",48.0,0.0,local
1798_6,slab,-208.30616412,3081.159,True,"[6.01613286, 0.0, 0.0, 0.0, 6.01613286, 0.0, 0.0, 0.0, 30.08066429]",32.0,0.03961643125,local
1800_0,slab,-243.73393863,8235.025,True,"[6.12112702, 0.0, -6.12112702, 0.0, 6.12112702, -6.12112702, 0.0, 0.0, 48.96901619]",48.0,1.25e-08,local
1800_1,slab,-241.59730918,9007.282,True,"[6.12112702, 0.0, -6.12112702, 0.0, 6.12112702, -6.12112702, 0.0, 0.0, 48.96901619]",48.0,1.375e-07,local
1800_5,slab,-326.33294923,31880.683,True,"[6.12112702, 0.0, 0.0, 0.0, 12.24225405, -6.12112702, 0.0, 0.0, 30.60563512]",64.0,1.5625e-09,local
1801_3,slab,-338.66972258,35150.346,True,"[6.29522495, 0.0, 0.0, 0.0, 6.29522495, -6.29522495, 0.0, 0.0, 44.06657464]",48.0,1.12960739375,local
1801_5,slab,-445.68589525,73133.033,True,"[6.29522495, 0.0, 0.0, 0.0, 12.5904499, -6.29522495, 0.0, 0.0, 31.47612474]",64.0,1.1575073515625,local
1806_5,slab,-378.65001115,51299.565,True,"[6.24614769, 0.0, 0.0, 0.0, 12.49229537, -6.24614769, 0.0, 0.0, 31.23073844]",64.0,0.0,local
1814_19,slab,-284.36350497,147667.109,True,"[19.46980969, 0.0, 0.0, 5.56280277, 4.81752851, 4.54971324, 0.0, 0.0, 40.94741916]",72.0,1.0819444444444444e-06,local
1814_43,slab,-210.63799122,26023.27,True,"[12.74598238, 0.0, 0.0, 0.0, 7.35889636, -4.54971324, 0.0, 0.0, 31.84799268]",54.0,0.0,local
1814_48,slab,-211.99748316,16577.566,True,"[7.35889636, 0.0, 0.0, 7.35889636, 12.74598238, 4.54971324, 0.0, 0.0, 31.84799268]",54.0,0.008810259259259259,local
1819_5,slab,-362.70615222,49256.711,True,"[6.26168077, 0.0, 0.0, 0.0, 12.52336154, -6.26168077, 0.0, 0.0, 31.30840386]",64.0,6.5890625e-06,local
1821_11,slab,-280.98824942,88741.895,True,"[12.73002208, 0.0, -6.36501104, -0.0, 11.2533386, -6.36501104, 0.0, 0.0, 31.82505519]",80.0,0.0,local
1823_0,slab,-200.30095312,12486.295,True,"[6.00194658, 0.0, -6.00194658, -0.0, 6.00194658, -6.00194658, 0.0, 0.0, 48.01557264]",48.0,8.333333333333334e-09,local
1824_1,slab,-315.72076131,15012.069,True,"[6.20995162, 0.0, -6.20995162, 0.0, 6.20995162, -6.20995162, 0.0, 0.0, 49.67961296]",48.0,0.0,local
1824_5,slab,-422.05624227,51836.262,True,"[6.20995162, 0.0, 0.0, 0.0, 12.41990324, -6.20995162, 0.0, 0.0, 31.0497581]",64.0,0.0,local
1830_0,slab,-307.75503661,28026.667,True,"[7.01247582, 0.0, -7.01247582, -0.0, 7.01247582, -7.01247582, 0.0, 0.0, 49.08733076]",72.0,8.333333333333334e-09,local
1831_0,slab,-498.83109829,61446.489,True,"[5.58349946, 0.0, -5.58349946, 0.0, 5.58349946, -5.58349946, 0.0, 0.0, 50.25149516]",64.0,0.8591610703125,local
1831_1,slab,-496.7459394,65160.586,True,"[5.58349946, 0.0, -5.58349946, 0.0, 5.58349946, -5.58349946, 0.0, 0.0, 50.25149516]",64.0,0.8883545890625,local
1831_3,slab,-373.9480499,65461.615,True,"[5.58349946, 0.0, 0.0, 0.0, 5.58349946, -5.58349946, 0.0, 0.0, 39.08449623]",48.0,0.5055829979166667,local
1834_1,slab,-183.2638196,10427.83,True,"[5.81564689, 0.0, -5.81564689, -0.0, 5.81564689, -5.81564689, 0.0, 0.0, 46.52517515]",48.0,1.6666666666666667e-08,local
1835_0,slab,-327.51589404,18599.884,True,"[6.02233859, 0.0, -6.02233859, -0.0, 6.02233859, -6.02233859, 0.0, 0.0, 48.17870869]",48.0,0.03869265,local
1835_3,slab,-333.66686827,23298.595,True,"[6.02233859, 0.0, 0.0, 0.0, 6.02233859, -6.02233859, 0.0, 0.0, 42.15637011]",48.0,0.07365329375,local
1835_5,slab,-438.35694255,74145.252,True,"[6.02233859, 0.0, 0.0, 0.0, 12.04467717, -6.02233859, 0.0, 0.0, 30.11169293]",64.0,0.114266171875,local
1837_0,slab,-309.11592287,17465.387,True,"[5.54823588, 0.0, 5.54823588, 5.54823588, 5.54823588, -0.0, 0.0, 0.0, 49.93412296]",64.0,6.25e-09,local
1837_3,slab,-236.63264455,12120.649,True,"[5.54823588, 0.0, 0.0, 0.0, 5.54823588, -5.54823588, 0.0, 0.0, 38.83765119]",48.0,0.0,local
1838_0,slab,-314.99486521,19696.14,True,"[6.45346406, 0.0, -6.45346406, -0.0, 6.45346406, -6.45346406, 0.0, 0.0, 51.62771249]",48.0,0.0,local
1842_3,slab,-331.20146333,46371.836,True,"[5.73197734, 0.0, 0.0, 0.0, 5.73197734, -5.73197734, 0.0, 0.0, 40.12384139]",48.0,0.8108608125,local
1842_5,slab,-436.09223187,51720.601,True,"[5.73197734, 0.0, 0.0, 0.0, 11.46395468, -5.73197734, 0.0, 0.0, 28.6598867]",64.0,0.9143468609375,local
1843_2,slab,-323.10201737,13956.176,True,"[6.07394005, 0.0, -6.07394005, -0.0, 6.07394005, -6.07394005, 0.0, 0.0, 48.59152037]",72.0,0.33998727083333335,local
1843_8,slab,-330.48492942,165378.002,True,"[6.07394005, 0.0, 0.0, 0.0, 6.07394005, -6.07394005, 0.0, 0.0, 42.51758033]",72.0,0.26389596805555554,local
1845_1,slab,-231.19953784,13113.041,True,"[6.2248182, 0.0, -6.2248182, -0.0, 6.2248182, -6.2248182, 0.0, 0.0, 49.79854563]",36.0,0.07014148333333332,local
1845_3,slab,-472.76975553,92212.509,True,"[6.2248182, 0.0, -6.2248182, 0.0, 12.44963641, -6.2248182, 0.0, 0.0, 43.57372743]",72.0,0.03788971527777778,local
1847_5,slab,-288.92042008,72776.529,True,"[6.0316567, 0.0, 0.0, 0.0, 12.0633134, -6.0316567, 0.0, 0.0, 30.15828351]",64.0,0.0337289546875,local
1848_14,slab,,,False,,,,local
1848_17,slab,-666.7898152,127033.707,True,"[7.02591345, 0.0, 0.0, -0.0, 9.87435707, 5.04619893, 0.0, 0.0, 35.3233925]",72.0,0.035322125,local
1848_3,slab,,,False,,,,local
1849_1,slab,-329.2707805,12130.049,True,"[6.00677229, 0.0, -6.00677229, 0.0, 6.00677229, -6.00677229, 0.0, 0.0, 48.05417831]",48.0,1.0663061,local
1851_1,slab,-365.19190203,19021.234,True,"[5.42598069, 0.0, -5.42598069, -0.0, 5.42598069, -5.42598069, 0.0, 0.0, 48.83382617]",64.0,0.0,local
1852_10,slab,-336.66957546,35189.054,True,"[8.26614473, 0.0, 0.0, 0.0, 10.74195421, -4.21175569, 0.0, 0.0, 29.48228982]",60.0,8.333333333333334e-09,local
1852_2,slab,-451.69653205,129767.427,True,"[5.3709771, 0.0, -4.21175569, -0.0, 16.53228946, -4.21175569, 0.0, 0.0, 37.9058012]",80.0,0.0,local
1852_7,slab,-336.40493692,54771.444,True,"[10.74195421, 0.0, -4.21175569, -0.0, 8.26614473, -4.21175569, 0.0, 0.0, 33.69404551]",60.0,5e-09,local
1854_10,slab,-274.64530208,33001.791,True,"[10.29236208, 0.0, 0.0, 0.0, 8.42450207, -4.21225103, 0.0, 0.0, 29.48575724]",60.0,0.0,local
1854_2,slab,,,False,,,,local
1854_3,slab,,,False,,,,local
1863_15,slab,,,False,,,,local
1863_31,slab,,,False,,,,local
1863_42,slab,,,False,,,,local
1868_2,slab,-206.07022497,7478.994,True,"[6.27951153, 0.0, -6.27951153, -0.0, 6.27951153, -6.27951153, 0.0, 0.0, 50.2360922]",48.0,4.166666666666667e-09,local
1868_6,slab,-210.95518478,15003.04,True,"[6.27951153, 0.0, 0.0, 0.0, 6.27951153, -6.27951153, 0.0, 0.0, 43.95658068]",48.0,2.0833333333333334e-09,local
1868_8,slab,-278.16773086,46827.543,True,"[6.27951153, 0.0, 0.0, 0.0, 12.55902305, -6.27951153, 0.0, 0.0, 31.39755763]",64.0,0.0,local
1873_0,slab,-287.4966675,17953.223,True,"[6.42128093, 0.0, -6.42128093, -0.0, 6.42128093, -6.42128093, 0.0, 0.0, 51.37024746]",48.0,1.1045234791666667,local
1873_1,slab,-287.08462338,21020.745,True,"[6.42128093, 0.0, -6.42128093, -0.0, 6.42128093, -6.42128093, 0.0, 0.0, 51.37024746]",48.0,1.0714456791666667,local
1873_3,slab,-290.88148458,23810.337,True,"[6.42128093, 0.0, 0.0, 0.0, 6.42128093, -6.42128093, 0.0, 0.0, 44.94896653]",48.0,1.0838871729166668,local
1874_5,slab,-458.84592682,35159.61,True,"[6.29111729, 0.0, 0.0, 0.0, 12.58223459, -6.29111729, 0.0, 0.0, 31.45558647]",64.0,0.0214498640625,local
1881_0,slab,,,False,,,,local
1881_1,slab,-280.42964333,20995.705,True,"[5.68917422, 0.0, -5.68917422, -0.0, 5.68917422, -5.68917422, 0.0, 0.0, 51.20256796]",64.0,1.5625e-09,local
1884_3,slab,-450.15728016,73171.878,True,"[6.38981613, 0.0, -6.38981613, 0.0, 12.77963225, -6.38981613, 0.0, 0.0, 44.72871288]",72.0,0.02864979583333333,local
1884_4,slab,-449.73618486,111871.726,True,"[6.38981613, 0.0, -6.38981613, 0.0, 12.77963225, -6.38981613, 0.0, 0.0, 44.72871288]",72.0,0.047572136111111114,local
1886_15,slab,-246.92823013,68453.859,True,"[6.79770821, 0.0, 0.0, 0.0, 7.57796609, -8.75028152, 0.0, 0.0, 43.75140761]",48.0,0.0,local
1886_3,slab,-308.11495241,157056.025,True,"[3.78898304, 0.0, -6.56271114, -0.0, 13.59541643, -4.37514076, 0.0, 0.0, 52.50168913]",60.0,3.333333333333333e-09,local
1886_4,slab,-307.96256383,104465.557,True,"[3.78898304, 0.0, -6.56271114, -0.0, 13.59541643, -4.37514076, 0.0, 0.0, 52.50168913]",60.0,0.0,local
1906_0,slab,-205.35588184,13414.554,True,"[6.06184012, 0.0, -6.06184012, -0.0, 6.06184012, -6.06184012, 0.0, 0.0, 48.49472093]",48.0,0.0,local
1906_3,slab,-212.84596893,23215.901,True,"[6.06184012, 0.0, 0.0, 0.0, 6.06184012, -6.06184012, 0.0, 0.0, 42.43288082]",48.0,2.0833333333333334e-09,local
1906_5,slab,-279.38392164,42042.101,True,"[6.06184012, 0.0, 0.0, 0.0, 12.12368023, -6.06184012, 0.0, 0.0, 30.30920058]",64.0,0.0,local
1909_5,slab,-602.87838438,78536.314,True,"[6.24432893, 0.0, 0.0, 0.0, 12.48865786, -6.24432893, 0.0, 0.0, 31.22164465]",64.0,6.25e-09,local
1913_0,slab,-353.52207938,14757.63,True,"[6.38991149, 0.0, -6.38991149, -0.0, 6.38991149, -6.38991149, 0.0, 0.0, 51.11929189]",48.0,3.5e-07,local
1913_1,slab,-358.2753014,15811.675,True,"[6.38991149, 0.0, -6.38991149, -0.0, 6.38991149, -6.38991149, 0.0, 0.0, 51.11929189]",48.0,4.166666666666667e-09,local
1918_0,slab,-301.24481846,19611.678,True,"[5.701252, 0.0, -5.701252, -0.0, 5.701252, -5.701252, 0.0, 0.0, 51.31126804]",64.0,1.5625e-09,local
1918_1,slab,-302.94667781,34777.952,True,"[5.701252, 0.0, -5.701252, -0.0, 5.701252, -5.701252, 0.0, 0.0, 51.31126804]",64.0,0.0,local
1918_5,slab,-299.68285672,22801.031,True,"[5.701252, 0.0, 0.0, 0.0, 11.40250401, -5.701252, 0.0, 0.0, 28.50626002]",64.0,0.0,local
1924_3,slab,-261.33211683,55072.074,True,"[6.27752285, 0.0, -6.27752285, 0.0, 12.55504571, -6.27752285, 0.0, 0.0, 43.94265998]",72.0,0.0,local
1924_4,slab,-262.4426221,57509.386,True,"[6.27752285, 0.0, -6.27752285, 0.0, 12.55504571, -6.27752285, 0.0, 0.0, 43.94265998]",72.0,0.0,local
1924_7,slab,-173.98037641,35137.318,True,"[6.27752285, 0.0, 0.0, 0.0, 12.55504571, -6.27752285, 0.0, 0.0, 31.38761427]",48.0,0.0,local
1926_3,slab,-417.6345644,10682.204,True,"[5.86446552, 0.0, 0.0, -0.0, 5.86446552, 5.86446552, 0.0, 0.0, 41.05125866]",48.0,2.0833333333333334e-09,local
1926_6,slab,-277.18322039,7796.58,True,"[5.86446552, 0.0, 0.0, 0.0, 5.86446552, 0.0, 0.0, 0.0, 29.32232761]",32.0,0.029002521875,local
1927_0,slab,-329.24931519,69659.333,True,"[6.55425303, 0.0, -6.55425303, -0.0, 6.55425303, -6.55425303, 0.0, 0.0, 45.87977124]",48.0,0.0,local
1927_3,slab,-334.08558567,15774.251,True,"[6.55425303, 0.0, 0.0, 0.0, 6.55425303, -6.55425303, 0.0, 0.0, 45.87977124]",48.0,6.25e-08,local
1928_1,slab,-330.06481802,27110.944,True,"[5.47713667, 0.0, -5.47713667, -0.0, 5.47713667, -5.47713667, 0.0, 0.0, 49.29423004]",64.0,1.5625e-08,local
1929_30,slab,-474.15848725,143320.477,True,"[22.12177588, 0.0, 0.0, 1.34494207, 3.61488373, 3.828419, 0.0, 0.0, 38.28418997]",80.0,0.0,local
1930_5,slab,-305.07672033,29629.375,True,"[6.70711433, 0.0, 0.0, 0.0, 13.41422866, -6.70711433, 0.0, 0.0, 33.53557165]",64.0,0.0,local
1934_0,slab,-471.91352233,19118.655,True,"[6.08155428, 0.0, -6.08155428, -0.0, 6.08155428, -6.08155428, 0.0, 0.0, 48.65243424]",48.0,2.0833333333333334e-09,local
1935_33,slab,-390.74776189,61843.021,True,"[5.81162785, 0.0, 0.0, -0.0, 13.58913586, -10.57891276, 0.0, 0.0, 42.31565106]",80.0,1.25e-09,local
1935_8,slab,-384.92445514,60883.319,True,"[13.58913586, 0.0, 0.0, 0.0, 10.57891276, -5.81162785, 0.0, 0.0, 29.05813924]",80.0,1.25e-09,local
1941_3,slab,-229.4426042,6982.152,True,"[5.50303468, 0.0, 0.0, 0.0, 5.50303468, -5.50303468, 0.0, 0.0, 38.52124278]",48.0,0.0,local
1941_6,slab,-151.41653964,2720.13,True,"[5.50303468, 0.0, 0.0, 0.0, 5.50303468, 0.0, 0.0, 0.0, 27.51517341]",32.0,0.0,local
1942_0,slab,-404.59964435,13973.268,True,"[6.38891556, 0.0, -6.38891556, -0.0, 6.38891556, -6.38891556, 0.0, 0.0, 51.11132448]",48.0,8.333333333333334e-09,local
1942_1,slab,-406.44102083,12301.362,True,"[6.38891556, 0.0, -6.38891556, -0.0, 6.38891556, -6.38891556, 0.0, 0.0, 51.11132448]",48.0,6.25e-09,local
1942_5,slab,-542.09457702,49020.733,True,"[6.38891556, 0.0, 0.0, 0.0, 12.77783112, -6.38891556, 0.0, 0.0, 31.9445778]",64.0,0.0,local
1945_11,slab,-250.8338826,30012.97,True,"[3.54690559, 0.0, 0.0, 0.0, 14.17104184, -3.54690559, 0.0, 0.0, 28.37524468]",48.0,0.10581050416666667,local
1948_0,slab,-267.52242804,7551.765,True,"[5.84355286, 0.0, -5.84355286, -0.0, 5.84355286, -5.84355286, 0.0, 0.0, 46.74842284]",48.0,6.25e-08,local
1948_3,slab,-274.28465593,12454.627,True,"[5.84355286, 0.0, 0.0, 0.0, 5.84355286, -5.84355286, 0.0, 0.0, 40.90486999]",48.0,1.0416666666666666e-08,local
1949_41,slab,-530.2469656,40861.231,True,"[3.95529759, 0.0, 0.0, 0.0, 16.54600893, -18.97931369, 0.0, 0.0, 49.40957604]",80.0,2.23575e-05,local
1951_3,slab,-303.85727451,16896.597,True,"[5.99386977, 0.0, 0.0, -0.0, 5.99386977, 5.99386977, 0.0, 0.0, 41.9570884]",48.0,4.5854166666666665e-05,local
1952_3,slab,-237.41782244,12126.155,True,"[6.35683984, 0.0, 0.0, -0.0, 6.35683984, 6.35683984, 0.0, 0.0, 44.49787888]",48.0,2.0833333333333334e-09,local
1952_5,slab,-311.08573864,37839.593,True,"[6.35683984, 0.0, 0.0, 0.0, 12.71367968, -6.35683984, 0.0, 0.0, 31.7841992]",64.0,0.0,local
1956_2,slab,,,False,,,,local
1956_3,slab,-387.67473506,170878.098,True,"[4.05931644, 0.0, -4.05931644, -0.0, 20.78083686, -4.05931644, 0.0, 0.0, 40.59316443]",80.0,0.0,local
1956_9,slab,-288.9989581,39446.535,True,"[10.39041843, 0.0, 0.0, 0.0, 8.11863289, -4.05931644, 0.0, 0.0, 32.47453155]",60.0,0.0,local
1957_5,slab,-501.07048112,64061.874,True,"[6.19102873, 0.0, 0.0, 0.0, 12.38205745, -6.19102873, 0.0, 0.0, 30.95514363]",64.0,7.9828125e-06,local
1959_0,slab,-399.40479083,16420.247,True,"[5.91846062, 0.0, -5.91846062, -0.0, 5.91846062, -5.91846062, 0.0, 0.0, 47.34768499]",48.0,0.41220324583333334,local
1959_3,slab,-405.30516037,22741.997,True,"[5.91846062, 0.0, 0.0, 0.0, 5.91846062, -5.91846062, 0.0, 0.0, 41.42922437]",48.0,0.48585576875,local
1959_5,slab,-533.46113449,66723.203,True,"[5.91846062, 0.0, 0.0, 0.0, 11.83692125, -5.91846062, 0.0, 0.0, 29.59230312]",64.0,0.47183151875,local
1960_26,slab,-150.73783271,22896.763,True,"[6.67198008, 0.0, 0.0, 0.04613056, 11.00431536, 3.84374989, 0.0, 0.0, 30.74999913]",36.0,0.02912025,local
1960_41,slab,-100.44459966,8282.013,True,"[5.50215768, 0.0, -0.02306528, 0.0, 7.68749978, 6.67198008, 0.0, 0.0, 33.35990041]",24.0,0.0,local
1960_6,slab,-102.01611744,10722.089,True,"[6.67198008, 0.0, 0.0, 0.02306528, 5.50215768, 3.84374989, 0.0, 0.0, 34.59374902]",24.0,0.0,local
1964_1,slab,,,False,,,,local
1964_3,slab,-385.82057752,29182.05,True,"[6.00638832, 0.0, 0.0, 0.0, 6.00638832, -6.00638832, 0.0, 0.0, 42.04471822]",48.0,0.47875533958333333,local
1964_5,slab,-507.67820378,57739.847,True,"[6.00638832, 0.0, 0.0, 0.0, 12.01277664, -6.00638832, 0.0, 0.0, 30.03194159]",64.0,0.4728736890625,local
1967_45,slab,-518.71392315,82316.476,True,"[11.30216511, 0.0, 0.0, 0.0, 6.52530807, -3.8226062, 0.0, 0.0, 34.40345584]",72.0,0.7413825986111111,local
1967_47,slab,-385.51753274,83282.785,True,"[6.52530807, 0.0, 0.0, 6.52530807, 11.30216511, 3.8226062, 0.0, 0.0, 30.58084963]",54.0,0.7830408185185185,local
1967_5,slab,-518.16117418,63852.207,True,"[5.65108255, 0.0, -9.7879621, -0.0, 7.64521241, -6.52530807, 0.0, 0.0, 58.7277726]",72.0,0.8188645083333334,local
1974_11,slab,-219.62198515,17817.053,True,"[7.94271439, 0.0, 0.0, 0.0, 7.27273035, -8.39782565, 0.0, 0.0, 41.98912824]",64.0,3.4140625e-05,local
1974_2,slab,-275.13871201,167715.389,True,"[3.63636517, 0.0, -6.29836924, -0.0, 15.88542878, -4.19891282, 0.0, 0.0, 54.58586671]",80.0,8.749999999999999e-09,local
1974_3,slab,-275.12522295,75517.133,True,"[3.63636517, 0.0, -6.29836924, -0.0, 15.88542878, -4.19891282, 0.0, 0.0, 54.58586671]",80.0,0.0,local
1978_1,slab,-350.07843186,22365.667,True,"[6.93339389, 0.0, -6.93339389, -0.0, 6.93339389, -6.93339389, 0.0, 0.0, 48.53375726]",48.0,4.166666666666667e-09,local
1980_0,slab,-291.20148126,19421.822,True,"[6.56300618, 0.0, -6.56300618, -0.0, 6.56300618, -6.56300618, 0.0, 0.0, 45.94104329]",48.0,0.0,local
1980_1,slab,-288.64648488,28856.819,True,"[6.56300618, 0.0, -6.56300618, -0.0, 6.56300618, -6.56300618, 0.0, 0.0, 45.94104329]",48.0,1.4583333333333333e-08,local
1980_5,slab,-387.13784252,78296.646,True,"[6.56300618, 0.0, 0.0, 0.0, 13.12601237, -6.56300618, 0.0, 0.0, 32.81503092]",64.0,0.0,local
1985_2,slab,-319.32367936,44129.295,True,"[11.25480862, 0.0, 0.0, 5.62740431, 3.24898339, 3.64228391, 0.0, 0.0, 43.70740689]",45.0,1.240356788888889,local
1985_41,slab,-512.77320274,88466.999,True,"[11.25480862, 0.0, 0.0, 0.0, 6.49796678, -3.64228391, 0.0, 0.0, 32.78055516]",72.0,1.2126212763888888,local
1985_8,slab,,,False,,,,local
1987_0,slab,-328.82670563,15334.371,True,"[6.46530885, 0.0, -6.46530885, -0.0, 6.46530885, -6.46530885, 0.0, 0.0, 51.72247081]",48.0,1.25e-08,local
1987_1,slab,-329.98908558,15664.39,True,"[6.46530885, 0.0, -6.46530885, -0.0, 6.46530885, -6.46530885, 0.0, 0.0, 51.72247081]",48.0,7.083333333333334e-08,local
1988_50,slab,-314.57415573,13283.562,True,"[4.03239372, 0.0, 0.0, -0.0, 16.26831562, 7.94640549, 0.0, 0.0, 31.78562197]",48.0,8.333333333333334e-09,local
1989_5,slab,-290.03107462,126153.734,True,"[3.82825386, 0.0, -6.63073019, -0.0, 13.79826684, -4.4204868, 0.0, 0.0, 53.04584155]",60.0,0.01050982,local
1997_3,slab,-361.23715835,27000.708,True,"[3.4059637, 0.0, -5.89930217, -0.0, 9.25083053, -3.93286811, 0.0, 0.0, 55.06015361]",60.0,0.0,local
1997_4,slab,-360.69326873,33073.618,True,"[3.4059637, 0.0, -5.89930217, -0.0, 9.25083053, -3.93286811, 0.0, 0.0, 55.06015361]",60.0,6.594166666666667e-05,local
1997_5,slab,-360.75447974,16676.245,True,"[3.4059637, 0.0, -5.89930217, -0.0, 9.25083053, -3.93286811, 0.0, 0.0, 55.06015361]",60.0,1.6666666666666665e-09,local
2000_3,slab,-349.49740049,4169.289,True,"[6.03149363, 0.0, 0.0, 0.0, 6.03149363, -6.03149363, 0.0, 0.0, 42.22045539]",48.0,1.5208333333333334e-07,local
2000_5,slab,-458.80718812,17773.183,True,"[6.03149363, 0.0, 0.0, 0.0, 12.06298725, -6.03149363, 0.0, 0.0, 30.15746813]",64.0,0.0,local
2006_3,slab,-399.68070575,39098.263,True,"[6.35635388, 0.0, 0.0, -0.0, 6.35635388, 6.35635388, 0.0, 0.0, 44.49447716]",48.0,1.1307849020833334,local
2006_5,slab,-527.18539405,69015.626,True,"[6.35635388, 0.0, 0.0, 0.0, 12.71270776, -6.35635388, 0.0, 0.0, 31.7817694]",64.0,1.153754390625,local
2008_14,slab,,,False,,,,local
2008_42,slab,-383.83281303,78827.228,True,"[13.70069073, 0.0, 0.0, 0.0, 7.91009748, -3.70751796, 0.0, 0.0, 29.66014371]",54.0,0.0372867962962963,local
2008_44,slab,-382.87766288,64289.394,True,"[13.70069073, 0.0, 0.0, 0.0, 7.91009748, -3.70751796, 0.0, 0.0, 29.66014371]",54.0,0.037073077777777776,local
2014_0,slab,-429.52720569,40203.768,True,"[5.48861353, 0.0, -5.48861353, -0.0, 5.48861353, -5.48861353, 0.0, 0.0, 49.3975218]",64.0,0.1434038234375,local
2014_1,slab,-429.62246956,42538.09,True,"[5.48861353, 0.0, -5.48861353, -0.0, 5.48861353, -5.48861353, 0.0, 0.0, 49.3975218]",64.0,9.2071875e-05,local
2014_6,slab,-213.03109473,6441.352,True,"[5.48861353, 0.0, 0.0, 0.0, 5.48861353, 0.0, 0.0, 0.0, 27.44306767]",32.0,0.2897446625,local
2019_15,slab,-634.70242431,75360.472,True,"[18.0257153, 0.0, 0.0, 5.15020437, 4.46020782, 3.24419129, 0.0, 0.0, 32.44191291]",72.0,1.5e-07,local
2019_16,slab,-633.58683665,77152.949,True,"[18.0257153, 0.0, 0.0, 5.15020437, 4.46020782, 3.24419129, 0.0, 0.0, 32.44191291]",72.0,0.004351505555555555,local
2019_42,slab,-637.47433579,51380.405,True,"[11.80060069, 0.0, 0.0, 0.0, 6.81307998, -3.24419129, 0.0, 0.0, 32.44191291]",72.0,4.038888888888889e-06,local
2020_0,slab,-341.49518078,11957.441,True,"[6.26542308, 0.0, -6.26542308, -0.0, 6.26542308, -6.26542308, 0.0, 0.0, 50.12338466]",48.0,7.291666666666666e-08,local
2020_1,slab,-339.94065689,10101.208,True,"[6.26542308, 0.0, -6.26542308, -0.0, 6.26542308, -6.26542308, 0.0, 0.0, 50.12338466]",48.0,1.0833333333333334e-07,local
2022_3,slab,-232.56481105,51242.151,True,"[6.24733318, 0.0, -6.24733318, 0.0, 12.49466636, -6.24733318, 0.0, 0.0, 43.73133226]",72.0,0.0,local
2022_4,slab,-230.76437031,37748.026,True,"[6.24733318, 0.0, -6.24733318, 0.0, 12.49466636, -6.24733318, 0.0, 0.0, 43.73133226]",72.0,2.7777777777777776e-09,local
2024_5,slab,-463.29248178,75775.235,True,"[5.92097313, 0.0, 0.0, 0.0, 11.84194626, -5.92097313, 0.0, 0.0, 29.60486566]",64.0,3.859375e-06,local
2025_5,slab,-421.46834028,18497.965,True,"[6.4039855, 0.0, 0.0, 0.0, 12.807971, -6.4039855, 0.0, 0.0, 32.0199275]",64.0,0.0,local
2033_47,slab,-428.13675739,82582.483,True,"[15.52150539, 0.0, 0.0, 1.91451622, 7.46772892, 3.79111752, 0.0, 0.0, 30.32894016]",72.0,0.0,local
2035_1,slab,-548.67219402,18680.857,True,"[6.47297177, 0.0, -6.47297177, -0.0, 6.47297177, -6.47297177, 0.0, 0.0, 51.78377417]",48.0,1.875e-08,local
2035_5,slab,-732.61704483,32677.053,True,"[6.47297177, 0.0, 0.0, 0.0, 12.94594354, -6.47297177, 0.0, 0.0, 32.36485886]",64.0,3.125e-09,local
2036_14,slab,-483.4429256,120140.479,True,"[19.13955663, 0.0, 0.0, 5.46844475, 4.73581207, 3.42112998, 0.0, 0.0, 34.21129983]",72.0,0.0,local
2036_45,slab,-487.04394108,32724.179,True,"[7.23407243, 0.0, 0.0, 7.23407243, 12.529781, 3.42112998, 0.0, 0.0, 30.79016984]",72.0,0.0,local
2036_4,slab,-423.21526058,95191.512,True,"[12.529781, 0.0, 0.0, 6.2648905, 3.61703622, 6.84225997, 0.0, 0.0, 58.1592097]",63.0,4.761904761904762e-09,local
2038_0,slab,-374.40165519,24761.461,True,"[5.60335372, 0.0, -5.60335372, -0.0, 5.60335372, -5.60335372, 0.0, 0.0, 50.43018351]",64.0,0.8199048625,local
2039_3,slab,-692.34091569,132165.589,True,"[12.01615011, 0.0, 0.0, 0.0, 4.35824467, -7.5487012, 0.0, 0.0, 50.32467468]",72.0,0.1408680972222222,local
2040_1,slab,-463.12641123,27913.365,True,"[6.42568799, 0.0, -6.42568799, -0.0, 6.42568799, -6.42568799, 0.0, 0.0, 51.40550393]",48.0,0.3457564458333333,local
2040_3,slab,-468.04165577,19494.687,True,"[6.42568799, 0.0, 0.0, 0.0, 6.42568799, -6.42568799, 0.0, 0.0, 44.97981594]",48.0,0.24007611875,local
2040_5,slab,-616.92464707,96174.48,True,"[6.42568799, 0.0, 0.0, 0.0, 12.85137598, -6.42568799, 0.0, 0.0, 32.12843996]",64.0,0.011026328125,local
2041_0,slab,-412.21604021,8162.529,True,"[6.12276726, 0.0, -6.12276726, -0.0, 6.12276726, -6.12276726, 0.0, 0.0, 48.98213811]",48.0,0.00031193333333333334,local
2041_1,slab,-410.69308318,9679.678,True,"[6.12276726, 0.0, -6.12276726, -0.0, 6.12276726, -6.12276726, 0.0, 0.0, 48.98213811]",48.0,8.833333333333334e-06,local
2044_12,slab,-190.85633062,14699.189,True,"[2.70301811, 0.0, 0.0, 0.0, 14.71520258, -2.70301811, 0.0, 0.0, 27.03018107]",32.0,0.8713405625,local
2044_6,slab,-478.02050075,98162.108,True,"[5.40603621, 0.0, -2.70301811, -0.0, 14.71520258, -2.70301811, 0.0, 0.0, 32.43621729]",80.0,0.8516889237499999,local
2046_24,slab,-412.65456007,60822.546,True,"[3.47429434, 0.0, 0.0, 0.0, 12.11798208, -13.99264043, 0.0, 0.0, 48.97424149]",54.0,1.111111111111111e-08,local
2046_29,slab,-411.63770178,72037.388,True,"[3.47429434, 0.0, 0.0, 0.0, 12.11798208, -13.99264043, 0.0, 0.0, 48.97424149]",54.0,0.0,local
2046_5,slab,,,False,,,,local
2049_0,slab,-467.09063179,16947.704,True,"[6.469541, 0.0, -6.469541, -0.0, 6.469541, -6.469541, 0.0, 0.0, 51.75632797]",48.0,0.0,local
2049_1,slab,-465.44571399,19294.296,True,"[6.469541, 0.0, -6.469541, -0.0, 6.469541, -6.469541, 0.0, 0.0, 51.75632797]",48.0,4.677083333333334e-06,local
2052_5,slab,-286.90268532,25170.476,True,"[6.08299715, 0.0, 0.0, 0.0, 12.1659943, -6.08299715, 0.0, 0.0, 30.41498574]",64.0,0.0,local
2056_10,slab,-325.23703867,108340.863,True,"[14.93816708, 0.0, 0.0, 0.0, 7.492366, -3.746183, 0.0, 0.0, 29.96946401]",60.0,0.35429860166666666,local
2056_6,slab,,,False,,,,local
2058_8,slab,-251.98259458,29020.624,True,"[6.03031348, 0.0, 0.0, 0.0, 12.06062696, -6.03031348, 0.0, 0.0, 30.15156739]",64.0,0.0,local
2067_5,slab,-167.34523594,36565.494,True,"[6.10772186, 0.0, 0.0, 0.0, 12.21544372, -6.10772186, 0.0, 0.0, 30.53860931]",64.0,1.5625e-09,local
2070_29,slab,-309.01013081,34865.004,True,"[7.39256232, 0.0, 0.0, -0.0, 14.78512465, 3.72921085, 0.0, 0.0, 29.8336868]",60.0,0.0,local
2073_0,slab,-343.79575637,8907.921,True,"[6.12569805, 0.0, -6.12569805, -0.0, 6.12569805, -6.12569805, 0.0, 0.0, 49.00558441]",48.0,0.0,local
2076_3,slab,-477.76665464,107282.99,True,"[6.35625472, 0.0, -6.35625472, 0.0, 12.71250943, -6.35625472, 0.0, 0.0, 44.49378301]",72.0,0.02231234861111111,local
2076_4,slab,-477.85009994,129740.712,True,"[6.35625472, 0.0, -6.35625472, 0.0, 12.71250943, -6.35625472, 0.0, 0.0, 44.49378301]",72.0,0.03362148194444445,local
2076_7,slab,-318.46931354,17718.173,True,"[6.35625472, 0.0, 0.0, 0.0, 12.71250943, -6.35625472, 0.0, 0.0, 31.78127358]",48.0,0.0,local
2084_0,slab,-324.37773553,25810.338,True,"[5.95629222, 0.0, -5.95629222, -0.0, 5.95629222, -5.95629222, 0.0, 0.0, 47.65033775]",48.0,0.179186225,local
2084_1,slab,-324.02727778,24004.424,True,"[5.95629222, 0.0, -5.95629222, -0.0, 5.95629222, -5.95629222, 0.0, 0.0, 47.65033775]",48.0,0.20801246875,local
2090_2,slab,,,False,,,,local
2090_3,slab,,,False,,,,local
2093_5,slab,-694.3816898,63492.394,True,"[6.28816731, 0.0, 0.0, 0.0, 12.57633461, -6.28816731, 0.0, 0.0, 31.44083653]",64.0,0.1930340296875,local
2101_42,slab,-245.58060082,101482.183,True,"[7.49339828, 0.0, -7.00623294, -0.0, 14.29153413, -14.01246587, 0.0, 0.0, 49.04363055]",60.0,1.00011413,local
2104_15,slab,-222.94458126,15964.451,True,"[10.21855877, 0.0, 0.0, 0.0, 7.49684969, -3.74842485, 0.0, 0.0, 29.98739877]",36.0,0.0,local
2104_3,slab,-300.65824766,51506.316,True,"[3.74842485, 0.0, 3.74842485, 3.74842485, 20.43711754, 0.0, 0.0, 0.0, 37.48424846]",48.0,0.0,local
2104_5,slab,-300.26645343,44203.552,True,"[3.74842485, 0.0, 3.74842485, 3.74842485, 20.43711754, 0.0, 0.0, 0.0, 37.48424846]",48.0,0.0,local
2107_5,slab,-551.9387896,70414.251,True,"[6.08217211, 0.0, 0.0, 0.0, 12.16434421, -6.08217211, 0.0, 0.0, 30.41086053]",64.0,0.1110671296875,local
2112_0,slab,-295.20732439,8003.797,True,"[5.88692188, 0.0, 5.88692188, 5.88692188, 5.88692188, -0.0, 0.0, 0.0, 47.09537505]",48.0,1.875e-08,local
2112_3,slab,-302.53518836,11667.437,True,"[5.88692188, 0.0, 0.0, -0.0, 5.88692188, 5.88692188, 0.0, 0.0, 41.20845317]",48.0,2.0833333333333334e-09,local
2112_5,slab,-398.15367778,21496.245,True,"[5.88692188, 0.0, 0.0, 0.0, 11.77384376, -5.88692188, 0.0, 0.0, 29.43460941]",64.0,3.125e-09,local
2119_12,slab,-315.50298444,51918.566,True,"[7.79918093, 0.0, -3.89959046, 0.0, 12.30219145, -3.89959046, 0.0, 0.0, 31.19672372]",72.0,0.0014283833333333332,local
2120_0,slab,-503.82518226,16941.721,True,"[6.11289675, 0.0, -6.11289675, -0.0, 6.11289675, -6.11289675, 0.0, 0.0, 48.90317401]",48.0,1.0416666666666668e-07,local
2120_3,slab,-511.53540858,27687.786,True,"[6.11289675, 0.0, 0.0, 0.0, 6.11289675, -6.11289675, 0.0, 0.0, 42.79027726]",48.0,1.0416666666666666e-08,local
2120_5,slab,-673.23351747,87546.428,True,"[6.11289675, 0.0, 0.0, 0.0, 12.2257935, -6.11289675, 0.0, 0.0, 30.56448376]",64.0,3.1828125e-06,local
2124_5,slab,-408.54224399,67918.651,True,"[5.71486852, 0.0, 0.0, 0.0, 11.42973704, -5.71486852, 0.0, 0.0, 28.5743426]",64.0,1.25800010625,local
2125_5,slab,-238.45242174,48725.354,True,"[6.18950129, 0.0, 0.0, 0.0, 12.37900258, -6.18950129, 0.0, 0.0, 30.94750645]",64.0,0.0,local
2128_3,slab,,,False,,,,local
2128_5,slab,,,False,,,,local
2128_6,slab,,,False,,,,local
2133_14,slab,-252.71988143,33203.18,True,"[4.07749323, 0.0, 0.0, 0.0, 19.78480443, -4.07749323, 0.0, 0.0, 28.54245264]",60.0,0.0,local
2133_2,slab,,,False,,,,local
2133_3,slab,-337.95653242,69395.387,True,"[4.07749323, 0.0, 4.07749323, 4.07749323, 19.78480443, 0.0, 0.0, 0.0, 40.77493234]",80.0,0.0,local
2137_0,slab,-413.29135043,24492.197,True,"[5.58568302, 0.0, 5.58568302, 5.58568302, 5.58568302, -0.0, 0.0, 0.0, 50.2711472]",64.0,0.1168957578125,local
2137_1,slab,-413.04856958,18644.912,True,"[5.58568302, 0.0, 5.58568302, 5.58568302, 5.58568302, -0.0, 0.0, 0.0, 50.2711472]",64.0,4.5046875e-06,local
2137_3,slab,-311.61244847,6182.265,True,"[5.58568302, 0.0, 0.0, 0.0, 5.58568302, -5.58568302, 0.0, 0.0, 39.09978115]",48.0,2.1666666666666667e-07,local
2142_3,slab,-414.91330777,39303.231,True,"[6.07280678, 0.0, 0.0, -0.0, 6.07280678, 6.07280678, 0.0, 0.0, 42.50964743]",48.0,0.22998335416666668,local
2142_5,slab,-547.69749684,113297.119,True,"[6.07280678, 0.0, 0.0, 0.0, 12.14561355, -6.07280678, 0.0, 0.0, 30.36403388]",64.0,0.2548070609375,local
2148_1,slab,-344.33632586,14707.471,True,"[5.59800933, 0.0, -5.59800933, -0.0, 5.59800933, -5.59800933, 0.0, 0.0, 50.382084]",64.0,1.5625e-09,local
2148_3,slab,-259.14409133,5343.594,True,"[5.59800933, 0.0, 0.0, 0.0, 5.59800933, -5.59800933, 0.0, 0.0, 39.18606533]",48.0,1.4583333333333333e-08,local
2148_5,slab,-340.88894461,13073.729,True,"[5.59800933, 0.0, 0.0, 0.0, 11.19601867, -5.59800933, 0.0, 0.0, 27.99004666]",64.0,0.0,local
2154_31,slab,-336.82268668,16667.409,True,"[10.12648226, 0.0, 0.0, 3.70762959, 7.83223936, 5.29423876, 0.0, 0.0, 37.05967133]",72.0,2.222222222222222e-08,local
2154_4,slab,-331.7500102,38301.078,True,"[9.15276025, 0.0, -4.33273847, 0.0, 10.58847752, -4.33273847, 0.0, 0.0, 34.66190774]",72.0,0.0,local
2154_5,slab,-330.82896599,36962.888,True,"[9.15276025, 0.0, -4.33273847, 0.0, 10.58847752, -4.33273847, 0.0, 0.0, 34.66190774]",72.0,0.0,local
2159_32,slab,,,False,,,,local
2159_40,slab,-142.16027581,139315.122,True,"[5.99727947, 0.0, 0.0, 0.0, 14.42690343, -13.91601104, 0.0, 0.0, 34.7900276]",40.0,0.0305775575,local
2159_41,slab,-142.16618791,51718.425,True,"[5.99727947, 0.0, 0.0, 0.0, 14.42690343, -13.91601104, 0.0, 0.0, 34.7900276]",40.0,0.0534414475,local
2164_0,slab,-479.96112098,41262.649,True,"[6.55732097, 0.0, -6.55732097, -0.0, 6.55732097, -6.55732097, 0.0, 0.0, 45.90124679]",48.0,0.1845373625,local
2164_3,slab,-487.45555732,20677.683,True,"[6.55732097, 0.0, 0.0, 0.0, 6.55732097, -6.55732097, 0.0, 0.0, 45.90124679]",48.0,2.3104166666666666e-06,local
2164_5,slab,-642.15173551,48374.59,True,"[6.55732097, 0.0, 0.0, 0.0, 13.11464194, -6.55732097, 0.0, 0.0, 32.78660485]",64.0,0.053434271875,local
2166_3,slab,-270.28140468,13019.397,True,"[6.37736541, 0.0, 0.0, 0.0, 6.37736541, -6.37736541, 0.0, 0.0, 44.64155784]",48.0,0.0,local
2166_5,slab,-355.02749853,35383.016,True,"[6.37736541, 0.0, 0.0, 0.0, 12.75473081, -6.37736541, 0.0, 0.0, 31.88682703]",64.0,0.0,local
2167_1,slab,-275.64005319,21112.776,True,"[6.59075479, 0.0, -6.59075479, -0.0, 6.59075479, -6.59075479, 0.0, 0.0, 46.13528353]",48.0,2.0833333333333334e-09,local
2167_3,slab,-279.37015762,14009.711,True,"[6.59075479, 0.0, 0.0, 0.0, 6.59075479, -6.59075479, 0.0, 0.0, 46.13528353]",48.0,0.0,local
2167_5,slab,-368.16419237,27045.914,True,"[6.59075479, 0.0, 0.0, 0.0, 13.18150958, -6.59075479, 0.0, 0.0, 32.95377395]",64.0,0.0,local
2168_26,slab,-398.58474958,43998.344,True,"[6.50298278, 0.0, 0.0, 0.0, 22.90842789, -5.41161458, 0.0, 0.0, 27.0580729]",80.0,0.0,local
2168_28,slab,-397.11787426,40805.293,True,"[6.50298278, 0.0, 0.0, 0.0, 22.90842789, -5.41161458, 0.0, 0.0, 27.0580729]",80.0,0.0,local
2168_29,slab,-397.16837722,54148.823,True,"[6.50298278, 0.0, 0.0, 0.0, 22.90842789, -5.41161458, 0.0, 0.0, 27.0580729]",80.0,0.0,local
2173_13,slab,-424.63914299,85509.625,True,"[4.2635839, 0.0, 0.0, 0.0, 19.77933821, -4.2635839, 0.0, 0.0, 29.84508728]",60.0,1.6666666666666665e-09,local
2173_14,slab,-423.36790272,76274.948,True,"[4.2635839, 0.0, 0.0, 0.0, 19.77933821, -4.2635839, 0.0, 0.0, 29.84508728]",60.0,2.0816666666666665e-06,local
2173_3,slab,,,False,,,,local
2177_1,slab,-341.37521972,13761.936,True,"[6.02529215, 0.0, -6.02529215, -0.0, 6.02529215, -6.02529215, 0.0, 0.0, 48.20233717]",48.0,8.583333333333333e-06,local
2177_3,slab,-347.31068205,24019.162,True,"[6.02529215, 0.0, 0.0, 0.0, 6.02529215, -6.02529215, 0.0, 0.0, 42.17704503]",48.0,0.042913195833333334,local
2177_5,slab,-456.11354909,45981.145,True,"[6.02529215, 0.0, 0.0, 0.0, 12.05058429, -6.02529215, 0.0, 0.0, 30.12646073]",64.0,0.110998709375,local
2181_1,slab,-331.75753399,29954.505,True,"[6.00947302, 0.0, -6.00947302, -0.0, 6.00947302, -6.00947302, 0.0, 0.0, 48.07578415]",48.0,0.10046900208333333,local
2190_0,slab,-448.69258567,28866.137,True,"[5.90774073, 0.0, -5.90774073, -0.0, 5.90774073, -5.90774073, 0.0, 0.0, 47.26192587]",48.0,0.0262184375,local
2190_1,slab,-450.93179254,42759.344,True,"[5.90774073, 0.0, -5.90774073, -0.0, 5.90774073, -5.90774073, 0.0, 0.0, 47.26192587]",48.0,0.18499801041666666,local
2190_5,slab,-600.05926661,153696.106,True,"[5.90774073, 0.0, 0.0, 0.0, 11.81548147, -5.90774073, 0.0, 0.0, 29.53870367]",64.0,0.114081353125,local
2197_3,slab,-374.23000831,37972.346,True,"[6.27115293, 0.0, 0.0, -0.0, 6.27115293, 6.27115293, 0.0, 0.0, 43.89807053]",48.0,1.1242222354166667,local
2197_5,slab,-493.77837303,81002.844,True,"[6.27115293, 0.0, 0.0, 0.0, 12.54230587, -6.27115293, 0.0, 0.0, 31.35576467]",64.0,1.1494426390625,local
2202_24,slab,-476.55206927,60676.67,True,"[8.8996245, 0.0, 0.0, -0.0, 5.23571389, 4.18892407, 0.0, 0.0, 37.7003166]",64.0,0.0598736109375,local
2202_33,slab,-471.72451725,82969.992,True,"[13.74242031, 0.0, 0.0, 3.98950102, 3.39066093, 4.18892407, 0.0, 0.0, 41.88924067]",64.0,0.0741079234375,local
2202_34,slab,-471.79271876,98767.003,True,"[13.74242031, 0.0, 0.0, 3.98950102, 3.39066093, 4.18892407, 0.0, 0.0, 41.88924067]",64.0,0.07385855625,local
2204_5,slab,-369.60018086,19379.629,True,"[6.47268111, 0.0, 0.0, 0.0, 12.94536222, -6.47268111, 0.0, 0.0, 32.36340556]",64.0,0.0,local
2205_0,slab,-350.83572806,11852.66,True,"[6.33183553, 0.0, -6.33183553, -0.0, 6.33183553, -6.33183553, 0.0, 0.0, 50.65468426]",48.0,2.2916666666666667e-08,local
2205_3,slab,-356.43297398,15960.415,True,"[6.33183553, 0.0, 0.0, 0.0, 6.33183553, -6.33183553, 0.0, 0.0, 44.32284873]",48.0,2.7083333333333334e-08,local
2205_5,slab,-468.46815053,35067.478,True,"[6.33183553, 0.0, 0.0, 0.0, 12.66367107, -6.33183553, 0.0, 0.0, 31.65917766]",64.0,0.0,local
2206_5,slab,,,False,,,,local
2209_2,slab,-353.76606888,50892.806,True,"[3.61079761, 0.0, -3.61079761, 0.0, 14.24956062, -3.61079761, 0.0, 0.0, 36.1079761]",64.0,0.03249888125,local
2213_5,slab,-318.01080485,55980.992,True,"[6.63597818, 0.0, 0.0, 0.0, 13.27195636, -6.63597818, 0.0, 0.0, 33.17989089]",64.0,0.0,local
2215_15,slab,-301.18873526,63100.686,True,"[3.79550711, 0.0, 0.0, 0.0, 28.84267133, -3.79550711, 0.0, 0.0, 26.5685498]",60.0,0.13198794166666666,local
2216_0,slab,-367.94604309,30216.123,True,"[6.24735918, 0.0, -6.24735918, 0.0, 6.24735918, -6.24735918, 0.0, 0.0, 49.97887342]",48.0,0.046427083333333334,local
2216_5,slab,-491.40939978,111941.197,True,"[6.24735918, 0.0, 0.0, 0.0, 12.49471835, -6.24735918, 0.0, 0.0, 31.23679589]",64.0,0.1071796765625,local
2217_0,slab,,,False,,,,local
2220_3,slab,-427.62262036,91247.238,True,"[6.36055426, 0.0, -6.36055426, 0.0, 12.72110852, -6.36055426, 0.0, 0.0, 44.52387983]",72.0,0.013077777777777778,local
2220_4,slab,-426.65439922,92065.801,True,"[6.36055426, 0.0, -6.36055426, 0.0, 12.72110852, -6.36055426, 0.0, 0.0, 44.52387983]",72.0,0.03235454861111112,local
2220_7,slab,-285.94735948,27249.33,True,"[6.36055426, 0.0, 0.0, 0.0, 12.72110852, -6.36055426, 0.0, 0.0, 31.8027713]",48.0,0.0,local
2221_46,slab,,,False,,,,local
2221_47,slab,,,False,,,,local
2221_7,slab,,,False,,,,local
2222_1,slab,-400.23664769,72107.409,True,"[6.32142397, 0.0, -6.32142397, -0.0, 6.32142397, -6.32142397, 0.0, 0.0, 50.57139172]",48.0,0.37625671250000003,local
2222_3,slab,-413.21223086,87931.238,True,"[6.32142397, 0.0, 0.0, -0.0, 6.32142397, 6.32142397, 0.0, 0.0, 44.24996776]",48.0,0.7435015145833334,local
2222_5,slab,,,False,,,,local
2223_14,slab,-447.09592915,80465.859,True,"[18.26634461, 0.0, 0.0, 5.2189556, 4.51974813, 3.5069712, 0.0, 0.0, 35.06971203]",72.0,0.0,local
2223_16,slab,-447.30999319,76579.39,True,"[18.26634461, 0.0, 0.0, 5.2189556, 4.51974813, 3.5069712, 0.0, 0.0, 35.06971203]",72.0,0.0,local
2223_45,slab,-449.18792077,42520.563,True,"[11.95812955, 0.0, 0.0, 0.0, 6.90402931, -3.5069712, 0.0, 0.0, 31.56274083]",72.0,0.0,local
2224_0,slab,-123.24925643,18914.029,True,"[6.57145319, 0.0, -6.57145319, -0.0, 6.57145319, -6.57145319, 0.0, 0.0, 46.00017234]",48.0,0.0,local
2224_1,slab,-126.97016804,13055.621,True,"[6.57145319, 0.0, -6.57145319, -0.0, 6.57145319, -6.57145319, 0.0, 0.0, 46.00017234]",48.0,0.0,local
2224_5,slab,-168.41686606,26507.113,True,"[6.57145319, 0.0, 0.0, 0.0, 13.14290638, -6.57145319, 0.0, 0.0, 32.85726595]",64.0,0.0,local
2225_0,slab,-361.11925126,21334.954,True,"[4.14404113, 0.0, -4.14404113, -0.0, 14.98362973, -4.14404113, 0.0, 0.0, 41.4404113]",64.0,0.0,local
2225_20,slab,-360.88067819,25880.183,True,"[4.14404113, 0.0, 4.14404113, 8.28808226, 14.98362973, 0.0, 0.0, 0.0, 41.4404113]",64.0,0.0,local
2225_4,slab,-361.17313427,19090.963,True,"[14.98362973, 0.0, 0.0, 0.0, 4.14404113, -4.14404113, 0.0, 0.0, 41.4404113]",64.0,1.09375e-08,local
2226_2,slab,-518.1577426,154271.742,True,"[3.6523323, 0.0, -6.32602511, -0.0, 16.54624241, -4.21735008, 0.0, 0.0, 54.82555098]",80.0,0.0,local
2228_3,slab,-420.71536817,91917.827,True,"[6.11894149, 0.0, -6.11894149, 0.0, 12.23788298, -6.11894149, 0.0, 0.0, 42.83259042]",72.0,0.04245112222222222,local
2228_4,slab,-422.05142838,87188.057,True,"[6.11894149, 0.0, -6.11894149, 0.0, 12.23788298, -6.11894149, 0.0, 0.0, 42.83259042]",72.0,0.014790845833333335,local
2228_7,slab,-281.71397516,33422.707,True,"[6.11894149, 0.0, 0.0, 0.0, 12.23788298, -6.11894149, 0.0, 0.0, 30.59470744]",48.0,0.0,local
2230_1,slab,-301.60489176,31674.997,True,"[6.65143424, 0.0, -6.65143424, -0.0, 6.65143424, -6.65143424, 0.0, 0.0, 46.56003967]",48.0,0.0,local
2230_3,slab,-307.39074593,19240.525,True,"[6.65143424, 0.0, 0.0, 0.0, 6.65143424, -6.65143424, 0.0, 0.0, 46.56003967]",48.0,4.166666666666667e-09,local
2230_5,slab,-404.93589284,51743.568,True,"[6.65143424, 0.0, 0.0, 0.0, 13.30286848, -6.65143424, 0.0, 0.0, 33.25717119]",64.0,0.0,local
2231_5,slab,-506.3241793,25656.206,True,"[6.49841921, 0.0, 0.0, 0.0, 12.99683842, -6.49841921, 0.0, 0.0, 32.49209605]",64.0,0.0,local
2233_0,slab,-405.14492968,13905.651,True,"[5.89830499, 0.0, -5.89830499, -0.0, 5.89830499, -5.89830499, 0.0, 0.0, 47.18643995]",48.0,0.5389134,local
2233_5,slab,-542.01718245,91398.605,True,"[5.89830499, 0.0, 0.0, 0.0, 11.79660999, -5.89830499, 0.0, 0.0, 29.49152497]",64.0,0.5603022015625,local
2234_0,slab,-505.31171977,67837.823,True,"[5.75340828, 0.0, -5.75340828, -0.0, 5.75340828, -5.75340828, 0.0, 0.0, 51.78067456]",64.0,0.498017603125,local
2234_1,slab,-504.52128325,109107.668,True,"[5.75340828, 0.0, -5.75340828, -0.0, 5.75340828, -5.75340828, 0.0, 0.0, 51.78067456]",64.0,0.2433669375,local
2234_3,slab,-379.18142327,28232.724,True,"[5.75340828, 0.0, 0.0, -0.0, 5.75340828, 5.75340828, 0.0, 0.0, 40.27385799]",48.0,0.42063421041666665,local
2235_5,slab,-376.33432525,21401.094,True,"[6.52746913, 0.0, 0.0, 0.0, 13.05493826, -6.52746913, 0.0, 0.0, 32.63734565]",64.0,1.09375e-08,local
2238_5,slab,-495.15380417,34189.506,True,"[5.82384744, 0.0, 0.0, 0.0, 11.64769488, -5.82384744, 0.0, 0.0, 29.11923719]",64.0,0.0,local
2244_9,slab,-360.79061338,48264.756,True,"[10.02372507, 0.0, 0.0, 0.0, 8.58776591, -4.29388295, 0.0, 0.0, 30.05718068]",60.0,0.06231309833333333,local
2245_1,slab,-570.04774056,18334.736,True,"[6.4405414, 0.0, -6.4405414, -0.0, 6.4405414, -6.4405414, 0.0, 0.0, 51.52433117]",48.0,6.666666666666667e-08,local
2245_3,slab,-578.83164488,23038.441,True,"[6.4405414, 0.0, 0.0, 0.0, 6.4405414, -6.4405414, 0.0, 0.0, 45.08378977]",48.0,1.875e-08,local
2245_5,slab,-761.15643583,62130.84,True,"[6.4405414, 0.0, 0.0, 0.0, 12.88108279, -6.4405414, 0.0, 0.0, 32.20270698]",64.0,4.6875e-09,local
2247_5,slab,-231.00369204,56591.672,True,"[6.18985063, 0.0, 0.0, 0.0, 12.37970125, -6.18985063, 0.0, 0.0, 30.94925313]",64.0,0.0,local
2248_0,slab,-282.42349411,6101.256,True,"[5.79415447, 0.0, -5.79415447, -0.0, 5.79415447, -5.79415447, 0.0, 0.0, 46.35323573]",48.0,1.0416666666666666e-08,local
2251_6,slab,,,False,,,,local
2251_7,slab,,,False,,,,local
2255_76,slab,-317.48958903,28210.528,True,"[4.24707767, 0.0, 0.0, -0.0, 9.01035591, 5.0704393, 0.0, 0.0, 35.49307509]",48.0,2.6875e-07,local
2262_22,slab,-222.54057037,17305.464,True,"[3.82133182, 0.0, -3.82133182, 0.0, 9.20427765, -7.64266364, 0.0, 0.0, 45.85598183]",40.0,5e-09,local
2262_3,slab,-352.91721117,63274.157,True,"[3.82133182, 0.0, -3.82133182, 0.0, 18.4085553, -3.82133182, 0.0, 0.0, 38.21331819]",64.0,0.0,local
2262_4,slab,-351.30982196,122804.891,True,"[3.82133182, 0.0, -3.82133182, 0.0, 18.4085553, -3.82133182, 0.0, 0.0, 38.21331819]",64.0,0.0,local
2265_5,slab,-449.38384133,70711.586,True,"[6.57454211, 0.0, 0.0, 0.0, 13.14908421, -6.57454211, 0.0, 0.0, 32.87271054]",64.0,3.125e-09,local
2274_0,slab,-270.81252603,15835.573,True,"[5.89729491, 0.0, 5.89729491, 5.89729491, 5.89729491, -0.0, 0.0, 0.0, 47.17835926]",48.0,8.333333333333334e-09,local
2274_1,slab,-271.47067642,15408.006,True,"[5.89729491, 0.0, 5.89729491, 5.89729491, 5.89729491, -0.0, 0.0, 0.0, 47.17835926]",48.0,8.333333333333334e-09,local
2275_0,slab,-462.00874833,34330.28,True,"[5.74333035, 0.0, -5.74333035, -0.0, 5.74333035, -5.74333035, 0.0, 0.0, 51.68997313]",64.0,0.2616056421875,local
2278_4,slab,-599.27798795,64867.705,True,"[9.94097876, 0.0, 3.88587574, 14.45597839, 8.31466454, 0.0, 0.0, 0.0, 34.97288165]",80.0,5.98875e-06,local
2278_5,slab,-598.13973371,50459.272,True,"[9.94097876, 0.0, 3.88587574, 14.45597839, 8.31466454, 0.0, 0.0, 0.0, 34.97288165]",80.0,1.25e-09,local
2278_9,slab,-446.11785625,71761.069,True,"[9.46144112, 0.0, 0.0, 4.74383499, 8.73607968, 3.88587574, 0.0, 0.0, 31.08700591]",60.0,0.014036943333333333,local
2282_0,slab,-218.59579856,29481.235,True,"[9.19852297, 0.0, 0.0, 4.59926149, 4.59926149, 5.19971208, 0.0, 0.0, 41.59769665]",42.0,0.11467428333333334,local
2282_19,slab,-292.55360546,67620.568,True,"[6.50433797, 0.0, 0.0, 0.0, 10.39942416, -6.50433797, 0.0, 0.0, 32.52168985]",56.0,0.13079948214285714,local
2282_1,slab,-218.39427032,36429.56,True,"[9.19852297, 0.0, 0.0, 4.59926149, 4.59926149, 5.19971208, 0.0, 0.0, 41.59769665]",42.0,0.14833452857142856,local
2285_0,slab,-282.24542576,7397.895,True,"[5.90044894, 0.0, -5.90044894, -0.0, 5.90044894, -5.90044894, 0.0, 0.0, 47.20359148]",48.0,1.6666666666666667e-08,local
2285_1,slab,-279.96273991,5677.875,True,"[5.90044894, 0.0, -5.90044894, -0.0, 5.90044894, -5.90044894, 0.0, 0.0, 47.20359148]",48.0,2.0833333333333334e-09,local
2285_3,slab,-287.58804411,8280.446,True,"[5.90044894, 0.0, 0.0, -0.0, 5.90044894, 5.90044894, 0.0, 0.0, 41.30314255]",48.0,2.0833333333333334e-09,local
2286_3,slab,,,False,,,,local
2286_5,slab,-369.43048505,106471.494,True,"[7.91762602, 0.0, -3.95881301, -0.0, 10.13395209, -3.95881301, 0.0, 0.0, 31.67050407]",60.0,0.13822164499999998,local
2286_9,slab,-369.6864019,41999.071,True,"[10.13395209, 0.0, 0.0, 0.0, 7.91762602, -3.95881301, 0.0, 0.0, 31.67050407]",60.0,0.130883615,local
2288_0,slab,-287.72173582,14024.213,True,"[5.79111339, 0.0, -5.79111339, -0.0, 5.79111339, -5.79111339, 0.0, 0.0, 46.3289071]",48.0,1.0455018604166666,local
2288_1,slab,-288.87117323,12079.833,True,"[5.79111339, 0.0, -5.79111339, -0.0, 5.79111339, -5.79111339, 0.0, 0.0, 46.3289071]",48.0,1.0506719395833333,local
2289_2,slab,,,False,,,,local
2289_3,slab,,,False,,,,local
2296_0,slab,-508.56652955,150614.839,True,"[4.84684792, 0.0, -8.39498685, 0.0, 11.93110863, -5.5966579, 0.0, 0.0, 55.96657897]",72.0,0.0,local
2296_1,slab,,,False,,,,local
2296_21,slab,-508.60199044,90676.019,True,"[9.69369583, 0.0, 0.0, -0.0, 11.93110863, 5.5966579, 0.0, 0.0, 27.98328949]",72.0,1.3888888888888888e-09,local
2298_35,slab,-162.72446755,37303.162,True,"[12.23035964, 0.0, 0.0, 10.24881175, 12.06876816, 5.80766578, 0.0, 0.0, 29.03832888]",64.0,0.0521262234375,local
2298_47,slab,,,False,,,,local
2298_48,slab,-163.26385444,34489.531,True,"[7.91664871, 0.0, 0.0, -0.0, 18.64493176, 5.80766578, 0.0, 0.0, 29.03832888]",64.0,1.8078125e-06,local
2308_0,slab,-417.48621058,22812.385,True,"[5.5414053, 0.0, 5.5414053, 5.5414053, 5.5414053, -0.0, 0.0, 0.0, 49.87264773]",64.0,0.862258990625,local
2308_1,slab,-412.74947926,26231.261,True,"[5.5414053, 0.0, 5.5414053, 5.5414053, 5.5414053, -0.0, 0.0, 0.0, 49.87264773]",64.0,0.8110916015625,local
2308_3,slab,-312.86507482,11997.739,True,"[5.5414053, 0.0, 0.0, 0.0, 5.5414053, -5.5414053, 0.0, 0.0, 38.78983712]",48.0,0.8591383458333333,local
2309_5,slab,-537.3271176,51567.467,True,"[6.13600378, 0.0, 0.0, 0.0, 12.27200756, -6.13600378, 0.0, 0.0, 30.6800189]",64.0,3.903125e-06,local
2311_14,slab,,,False,,,,local
2313_2,slab,,,False,,,,local
2313_3,slab,-486.03805127,66512.888,True,"[3.82942699, 0.0, -3.82942699, -0.0, 19.13780197, -3.82942699, 0.0, 0.0, 38.29426989]",80.0,0.0,local
2317_5,slab,-284.94784882,24454.538,True,"[3.61047583, 0.0, -3.61047583, -0.0, 12.37596239, -3.61047583, 0.0, 0.0, 36.1047583]",48.0,0.0,local
2323_3,slab,-173.13645542,7033.245,True,"[6.38167487, 0.0, -6.38167487, -0.0, 6.38167487, -6.38167487, 0.0, 0.0, 51.05339892]",48.0,2.0833333333333334e-09,local
2324_0,slab,-261.48027878,11432.053,True,"[6.11073093, 0.0, -6.11073093, -0.0, 6.11073093, -6.11073093, 0.0, 0.0, 48.88584742]",48.0,2.0833333333333334e-09,local
2324_1,slab,-263.55011382,7824.874,True,"[6.11073093, 0.0, -6.11073093, -0.0, 6.11073093, -6.11073093, 0.0, 0.0, 48.88584742]",48.0,4.166666666666667e-09,local
2325_0,slab,-364.67592309,15562.973,True,"[5.81319279, 0.0, -5.81319279, -0.0, 5.81319279, -5.81319279, 0.0, 0.0, 46.50554233]",48.0,0.7614986083333334,local
2328_5,slab,-384.49158678,94218.742,True,"[6.96157957, 0.0, 0.0, 0.0, 13.92315915, -6.96157957, 0.0, 0.0, 34.80789787]",64.0,1.5625e-09,local
2329_0,slab,-449.14589377,20353.389,True,"[6.26142175, 0.0, -6.26142175, -0.0, 6.26142175, -6.26142175, 0.0, 0.0, 50.09137399]",48.0,2.2916666666666667e-08,local
2330_2,slab,,,False,,,,local
2330_3,slab,,,False,,,,local
2330_5,slab,-228.08485307,120604.698,True,"[9.41821302, 0.0, -4.70910651, -0.0, 10.66282235, -4.70910651, 0.0, 0.0, 32.96374559]",60.0,0.0,local
2332_2,slab,-536.02525443,95363.132,True,"[3.87723255, 0.0, -3.87723255, 0.0, 19.50687329, -3.87723255, 0.0, 0.0, 38.77232553]",80.0,0.10245464500000001,local
2333_5,slab,-679.92416269,40811.642,True,"[6.2471007, 0.0, 0.0, 0.0, 12.4942014, -6.2471007, 0.0, 0.0, 31.23550351]",64.0,2.8125e-08,local
2338_1,slab,-424.94559399,87872.002,True,"[4.15366911, 0.0, -4.15366911, -0.0, 14.14590108, -4.15366911, 0.0, 0.0, 41.53669115]",64.0,0.9881222390625,local
2338_3,slab,-428.87288429,119974.876,True,"[8.30733823, 0.0, -4.15366911, -0.0, 7.07295054, -4.15366911, 0.0, 0.0, 37.38302203]",64.0,0.9893589515625,local
2338_6,slab,-317.44339999,38305.568,True,"[7.07295054, 0.0, 0.0, 0.0, 8.30733823, -4.15366911, 0.0, 0.0, 33.22935292]",48.0,0.9812984166666667,local
2341_5,slab,-211.53863024,27529.932,True,"[5.90722098, 0.0, 0.0, 0.0, 11.81444196, -5.90722098, 0.0, 0.0, 29.53610489]",64.0,0.0,local
2344_15,slab,,,False,,,,local
2344_20,slab,,,False,,,,local
2344_46,slab,-333.13549799,93954.026,True,"[14.48318677, 0.0, 0.0, 0.0, 8.36187178, -4.19123199, 0.0, 0.0, 33.52985595]",54.0,0.0019268666666666667,local
2351_5,slab,-555.50048419,67614.464,True,"[6.29343886, 0.0, 0.0, 0.0, 12.58687773, -6.29343886, 0.0, 0.0, 31.46719432]",64.0,3.125e-09,local
2353_10,slab,-324.88118952,56540.096,True,"[12.57550287, 0.0, 0.0, 0.0, 7.9808647, -3.99043235, 0.0, 0.0, 31.92345879]",60.0,0.2190377,local
2353_2,slab,-433.54165635,168326.812,True,"[3.99043235, 0.0, -3.99043235, -0.0, 25.15100574, -3.99043235, 0.0, 0.0, 39.90432348]",80.0,0.29943627,local
2353_3,slab,,,False,,,,local
2355_3,slab,-324.67654188,15734.971,True,"[6.61074957, 0.0, 0.0, 0.0, 6.61074957, -6.61074957, 0.0, 0.0, 46.27524698]",48.0,1.0416666666666666e-08,local
2355_5,slab,-427.18617855,36235.964,True,"[6.61074957, 0.0, 0.0, 0.0, 13.22149914, -6.61074957, 0.0, 0.0, 33.05374784]",64.0,0.0,local
2361_2,slab,-409.69479372,165756.709,True,"[3.83001203, 0.0, -3.83001203, -0.0, 20.19935038, -3.83001203, 0.0, 0.0, 38.30012028]",80.0,1.1125e-07,local
2361_3,slab,-410.82252337,73975.856,True,"[3.83001203, 0.0, -3.83001203, -0.0, 20.19935038, -3.83001203, 0.0, 0.0, 38.30012028]",80.0,0.0,local
2363_21,slab,-462.16084941,34940.474,True,"[9.51916496, 0.0, 0.0, 0.0, 9.34465409, -6.05803045, 0.0, 0.0, 30.29015223]",64.0,1.140625e-07,local
2363_2,slab,-347.57424863,33597.876,True,"[11.28336095, 0.0, 0.0, 3.2525533, 5.11083456, 4.67232705, 0.0, 0.0, 37.37861637]",48.0,1.875e-08,local
2363_30,slab,-465.72880515,89515.258,True,"[15.40822615, 0.0, 0.0, 4.7636545, 3.7426366, 4.67232705, 0.0, 0.0, 46.72327046]",64.0,0.0011992390625,local
2369_17,slab,-401.2307719,111154.53,True,"[19.16756936, 0.0, 0.0, 5.47644839, 4.74274343, 3.54952261, 0.0, 0.0, 35.4952261]",72.0,0.0,local
2369_43,slab,-402.89717013,83130.46,True,"[12.54811964, 0.0, 0.0, 0.0, 7.24466025, -3.54952261, 0.0, 0.0, 31.94570349]",72.0,0.0,local
2369_44,slab,-401.8528623,80188.595,True,"[12.54811964, 0.0, 0.0, 0.0, 7.24466025, -3.54952261, 0.0, 0.0, 31.94570349]",72.0,0.0,local
2371_9,slab,-343.18873063,89454.608,True,"[6.13067634, 0.0, 10.61864291, 6.13067634, 8.50750862, 3.53954764, 0.0, 0.0, 63.71185745]",72.0,0.01401535138888889,local
2376_0,slab,-354.91886323,18265.318,True,"[6.38656368, 0.0, -6.38656368, -0.0, 6.38656368, -6.38656368, 0.0, 0.0, 51.09250947]",48.0,5.202083333333333e-06,local
2376_1,slab,-354.80761285,14382.746,True,"[6.38656368, 0.0, -6.38656368, -0.0, 6.38656368, -6.38656368, 0.0, 0.0, 51.09250947]",48.0,1.6666666666666667e-08,local
2376_5,slab,-475.68938916,41714.855,True,"[6.38656368, 0.0, 0.0, 0.0, 12.77312737, -6.38656368, 0.0, 0.0, 31.93281842]",64.0,1.5625e-09,local
2377_49,slab,-405.39479826,45041.353,True,"[7.81847907, 0.0, 0.0, 7.81847907, 13.54200299, 3.6420897, 0.0, 0.0, 29.13671758]",54.0,0.14305249444444443,local
2377_6,slab,-404.52842429,73211.344,True,"[13.54200299, 0.0, 0.0, 6.7710015, 3.90923954, 7.28417939, 0.0, 0.0, 54.63134546]",54.0,0.059450222222222224,local
2378_11,slab,-335.98657069,60820.343,True,"[16.99234661, 0.0, 0.0, 3.39846932, 6.79693864, 7.40818443, 0.0, 0.0, 37.04092213]",80.0,0.0,local
2380_5,slab,-287.19377464,11507.407,True,"[6.26829089, 0.0, 0.0, 0.0, 12.53658179, -6.26829089, 0.0, 0.0, 31.34145446]",64.0,0.0,local
2381_3,slab,-404.91569754,92579.941,True,"[3.57516249, 0.0, -3.57516249, -0.0, 14.30146725, -3.57516249, 0.0, 0.0, 42.90194988]",80.0,0.18704093625,local
2382_1,slab,-376.3888127,25507.015,True,"[6.13751909, 0.0, -6.13751909, -0.0, 6.13751909, -6.13751909, 0.0, 0.0, 49.10015272]",48.0,1.0416666666666666e-08,local
2382_5,slab,-499.2850784,99114.212,True,"[6.13751909, 0.0, 0.0, 0.0, 12.27503818, -6.13751909, 0.0, 0.0, 30.68759545]",64.0,2.195625e-05,local
2385_13,slab,-425.11560369,163236.565,True,"[20.59796613, 0.0, 0.0, 5.88513318, 5.09667484, 3.74617195, 0.0, 0.0, 33.71554759]",72.0,0.015345769444444443,local
2385_15,slab,,,False,,,,local
2385_40,slab,-315.49617187,55529.418,True,"[13.48453413, 0.0, 0.0, 0.0, 7.78529941, -3.74617195, 0.0, 0.0, 29.96937563]",54.0,0.0417182037037037,local
2387_2,slab,,,False,,,,local
2388_0,slab,-345.81498567,27338.761,True,"[6.3251882, 0.0, -6.3251882, -0.0, 6.3251882, -6.3251882, 0.0, 0.0, 50.6015056]",48.0,0.19670869375,local
2391_5,slab,-407.79590876,54369.226,True,"[5.83383841, 0.0, 0.0, 0.0, 11.66767682, -5.83383841, 0.0, 0.0, 29.16919205]",64.0,0.1021784796875,local
2393_6,slab,-252.73513777,13959.64,True,"[6.16231607, 0.0, 0.0, 0.0, 6.16231607, 0.0, 0.0, 0.0, 30.81158033]",32.0,0.023344721875,local
2394_2,slab,-286.18915202,22930.927,True,"[4.01814409, 0.0, -4.01814409, -0.0, 14.56151097, -4.01814409, 0.0, 0.0, 40.18144086]",56.0,0.0,local
2401_11,slab,-258.40541621,26020.752,True,"[3.53892362, 0.0, 0.0, 0.0, 14.12713757, -3.53892362, 0.0, 0.0, 28.31138893]",48.0,0.0953110875,local
2401_12,slab,-258.2853028,24988.621,True,"[3.53892362, 0.0, 0.0, 0.0, 14.12713757, -3.53892362, 0.0, 0.0, 28.31138893]",48.0,0.09366997083333334,local
2401_8,slab,-348.01881662,44210.318,True,"[7.06356879, 0.0, 0.0, 0.0, 7.07784723, -3.53892362, 0.0, 0.0, 31.85031254]",64.0,0.07628088125,local
2404_0,slab,-283.05544029,4666.028,True,"[6.05147563, 0.0, -6.05147563, -0.0, 6.05147563, -6.05147563, 0.0, 0.0, 48.41180503]",48.0,6.25e-09,local
2406_0,slab,-322.25006084,15862.267,True,"[6.06543585, 0.0, -6.06543585, -0.0, 6.06543585, -6.06543585, 0.0, 0.0, 48.52348677]",48.0,9.791666666666666e-08,local
2406_1,slab,-323.65018817,21137.684,True,"[6.06543585, 0.0, -6.06543585, -0.0, 6.06543585, -6.06543585, 0.0, 0.0, 48.52348677]",48.0,0.08580879166666666,local
2409_0,slab,-287.51892739,37942.873,True,"[5.68406771, 0.0, -5.68406771, -0.0, 5.68406771, -5.68406771, 0.0, 0.0, 51.15660938]",64.0,1.40625e-08,local
2411_5,slab,-448.93196465,43295.7,True,"[6.38149504, 0.0, 0.0, 0.0, 12.76299008, -6.38149504, 0.0, 0.0, 31.9074752]",64.0,0.0,local
2414_25,slab,-295.78614667,31588.239,True,"[4.19973291, 0.0, 0.0, 0.0, 19.64847229, -4.19973291, 0.0, 0.0, 29.39813039]",60.0,0.0,local
2414_7,slab,-395.02105614,86539.543,True,"[4.19973291, 0.0, 4.19973291, 4.19973291, 19.64847229, 0.0, 0.0, 0.0, 41.99732913]",80.0,0.0,local
2421_3,slab,-316.18509183,101466.254,True,"[3.87178335, 0.0, -6.70612548, -0.0, 14.71060914, -4.47075032, 0.0, 0.0, 53.64900384]",60.0,0.0,local
2421_4,slab,-316.1778831,150188.887,True,"[3.87178335, 0.0, -6.70612548, -0.0, 14.71060914, -4.47075032, 0.0, 0.0, 53.64900384]",60.0,0.0,local
2421_9,slab,-253.24972797,46975.839,True,"[7.7435667, 0.0, -8.94150064, -0.0, 7.35530457, -4.47075032, 0.0, 0.0, 44.7075032]",48.0,0.0,local
2435_13,slab,-405.76787113,76723.671,True,"[3.75414899, 0.0, 0.0, 0.0, 19.36414201, -3.75414899, 0.0, 0.0, 30.03319196]",60.0,3.9666666666666665e-07,local
2435_14,slab,-404.29250335,57645.907,True,"[3.75414899, 0.0, 0.0, 0.0, 19.36414201, -3.75414899, 0.0, 0.0, 30.03319196]",60.0,4e-08,local
2435_4,slab,-269.4758318,10831.613,True,"[9.68207101, 0.0, 0.0, 0.0, 3.75414899, -3.75414899, 0.0, 0.0, 37.54148995]",40.0,0.0,local
2447_0,slab,-416.37723838,29765.663,True,"[5.58182388, 0.0, -5.58182388, -0.0, 5.58182388, -5.58182388, 0.0, 0.0, 50.23641493]",64.0,0.0597348640625,local
2448_0,slab,-243.26015685,7804.573,True,"[5.87874536, 0.0, -5.87874536, -0.0, 5.87874536, -5.87874536, 0.0, 0.0, 47.02996287]",48.0,1.25e-08,local
2449_3,slab,-406.90757818,148380.105,True,"[6.5231763, 0.0, -6.5231763, 0.0, 13.0463526, -6.5231763, 0.0, 0.0, 45.66223409]",72.0,0.0072716125,local
2449_4,slab,-407.20079006,134985.078,True,"[6.5231763, 0.0, -6.5231763, 0.0, 13.0463526, -6.5231763, 0.0, 0.0, 45.66223409]",72.0,0.018383169444444444,local
2457_0,slab,-167.45890562,19704.975,True,"[6.65816828, 0.0, -6.65816828, -0.0, 6.65816828, -6.65816828, 0.0, 0.0, 46.60717793]",48.0,0.0,local
2457_3,slab,-172.4000949,24569.127,True,"[6.65816828, 0.0, 0.0, 0.0, 6.65816828, -6.65816828, 0.0, 0.0, 46.60717793]",48.0,0.0,local
2457_5,slab,-226.36576864,38859.336,True,"[6.65816828, 0.0, 0.0, 0.0, 13.31633655, -6.65816828, 0.0, 0.0, 33.29084138]",64.0,0.0,local
2459_17,slab,-413.47024459,41270.253,True,"[16.28260219, 0.0, 0.0, 4.65217205, 4.02889918, 3.50187446, 0.0, 0.0, 35.01874457]",72.0,0.0,local
2459_41,slab,-414.19371431,23873.445,True,"[10.65946529, 0.0, 0.0, 0.0, 6.15424516, -3.50187446, 0.0, 0.0, 31.51687012]",72.0,0.0,local
2459_6,slab,-412.70422424,77938.241,True,"[5.32973265, 0.0, -9.23136773, -0.0, 7.00374891, -6.15424516, 0.0, 0.0, 61.54245155]",72.0,0.0,local
2466_3,slab,-329.8401431,26113.559,True,"[6.05666423, 0.0, 0.0, 0.0, 6.05666423, -6.05666423, 0.0, 0.0, 42.39664959]",48.0,0.7221252770833333,local
2466_5,slab,-434.45688703,70132.267,True,"[6.05666423, 0.0, 0.0, 0.0, 12.11332845, -6.05666423, 0.0, 0.0, 30.28332113]",64.0,0.7374162078125,local
2469_24,slab,-317.6849441,15464.632,True,"[4.61431029, 0.0, -2.66407329, -0.0, 12.79579492, 10.65629316, 0.0, 0.0, 42.62517264]",54.0,4.814814814814815e-08,local
2470_6,slab,-282.07382568,5184.061,True,"[6.03456022, 0.0, 0.0, 0.0, 6.03456022, 0.0, 0.0, 0.0, 30.1728011]",32.0,1.90625e-07,local
2478_5,slab,-421.77996028,38247.974,True,"[5.73801489, 0.0, 0.0, 0.0, 11.47602979, -5.73801489, 0.0, 0.0, 28.69007447]",64.0,1.3223785734375,local
2480_3,slab,-403.17248279,13880.851,True,"[6.18434954, 0.0, 0.0, 0.0, 6.18434954, -6.18434954, 0.0, 0.0, 43.29044676]",48.0,1.25e-08,local
2480_5,slab,-530.14048714,34224.208,True,"[6.18434954, 0.0, 0.0, 0.0, 12.36869908, -6.18434954, 0.0, 0.0, 30.92174769]",64.0,0.0,local
2483_5,slab,-396.52468042,67762.62,True,"[5.5615319, 0.0, 9.63285582, 5.5615319, 7.90803271, 3.21095194, 0.0, 0.0, 64.21903882]",72.0,0.0,local
2487_1,slab,,,False,,,,local
2487_4,slab,-245.95179153,57040.257,True,"[7.36233555, 0.0, -8.50129282, -0.0, 6.45393343, -4.25064641, 0.0, 0.0, 42.50646409]",48.0,0.0,local
2498_0,slab,-390.05094579,22967.572,True,"[5.79047929, 0.0, -5.79047929, -0.0, 5.79047929, -5.79047929, 0.0, 0.0, 46.32383435]",48.0,0.6518807083333333,local
2498_1,slab,-388.16796307,21063.821,True,"[5.79047929, 0.0, -5.79047929, -0.0, 5.79047929, -5.79047929, 0.0, 0.0, 46.32383435]",48.0,0.8251897895833333,local
2498_8,slab,-522.14911539,85671.806,True,"[5.79047929, 0.0, 0.0, 0.0, 11.58095859, -5.79047929, 0.0, 0.0, 28.95239647]",64.0,0.89800115,local
2500_0,slab,-313.22300532,12880.285,True,"[6.24199996, 0.0, -6.24199996, -0.0, 6.24199996, -6.24199996, 0.0, 0.0, 49.9359997]",48.0,2.2291666666666664e-07,local
2503_2,slab,-192.07005519,100295.922,True,"[4.13067481, 0.0, -4.13067481, -0.0, 22.81323549, -4.13067481, 0.0, 0.0, 41.3067481]",80.0,1.25e-09,local
2503_3,slab,-193.1770991,49315.451,True,"[4.13067481, 0.0, -4.13067481, -0.0, 22.81323549, -4.13067481, 0.0, 0.0, 41.3067481]",80.0,0.0,local
2505_15,slab,-216.52214716,50188.407,True,"[3.71987573, 0.0, -2.14767125, -0.0, 32.19075002, 4.2953425, 0.0, 0.0, 34.36274002]",72.0,4.166666666666667e-09,local
2511_42,slab,-257.97622291,19627.602,True,"[12.21603111, 0.0, 0.0, 0.0, 7.05292885, -4.02740091, 0.0, 0.0, 32.21920726]",54.0,3.7037037037037036e-09,local
2516_8,slab,-368.51033547,118166.707,True,"[8.45799295, 0.0, 8.45799295, 8.45799295, 9.24314909, -0.0, 0.0, 0.0, 42.28996473]",72.0,0.0,local
2518_0,slab,-214.01880933,61889.736,True,"[9.77788943, 0.0, 4.19496661, 14.08439811, 4.93539074, 0.0, 0.0, 0.0, 41.9496661]",48.0,0.0,local
2518_14,slab,-160.0364819,16756.773,True,"[9.77788943, 0.0, -4.19496661, 5.47138075, 4.93539074, 0.0, 0.0, 0.0, 33.55973288]",36.0,0.0,local
2528_5,slab,-260.43199212,16325.1,True,"[6.49738266, 0.0, 0.0, 0.0, 12.99476532, -6.49738266, 0.0, 0.0, 32.48691331]",64.0,0.0,local
2530_1,slab,-341.3222081,16211.922,True,"[6.03426558, 0.0, -6.03426558, -0.0, 6.03426558, -6.03426558, 0.0, 0.0, 48.2741246]",48.0,1.0808817145833334,local
2531_8,slab,-227.44976082,23232.088,True,"[6.09457478, 0.0, 0.0, 0.0, 12.18914956, -6.09457478, 0.0, 0.0, 30.4728739]",64.0,0.0,local
2532_5,slab,-555.31931832,54245.74,True,"[6.241252, 0.0, 0.0, 0.0, 12.482504, -6.241252, 0.0, 0.0, 31.20626001]",64.0,3.125e-09,local
2534_0,slab,-420.40134585,13514.38,True,"[6.18199991, 0.0, 6.18199991, 6.18199991, 6.18199991, -0.0, 0.0, 0.0, 49.45599929]",48.0,6.6833333333333334e-06,local
2534_1,slab,-420.19052264,12899.08,True,"[6.18199991, 0.0, 6.18199991, 6.18199991, 6.18199991, -0.0, 0.0, 0.0, 49.45599929]",48.0,1.2583333333333333e-06,local
2534_5,slab,-564.04297358,31780.111,True,"[6.18199991, 0.0, 0.0, 0.0, 12.36399982, -6.18199991, 0.0, 0.0, 30.90999956]",64.0,3.125e-09,local
2540_0,slab,-391.56785614,28007.44,True,"[6.53694497, 0.0, -6.53694497, -0.0, 6.53694497, -6.53694497, 0.0, 0.0, 45.75861481]",48.0,3.1839583333333336e-05,local
2541_6,slab,-406.09258461,89097.398,True,"[8.47175698, 0.0, -8.47175698, -0.0, 9.2833557, -8.47175698, 0.0, 0.0, 42.35878492]",72.0,0.0,local
2541_7,slab,,,False,,,,local
2546_42,slab,,,False,,,,local
2546_45,slab,-576.39730475,136072.242,True,"[11.60130873, 0.0, 0.0, 0.0, 6.69801872, -3.77607464, 0.0, 0.0, 33.9846718]",72.0,0.4086259375,local
2546_47,slab,-428.50993419,148004.298,True,"[6.69801872, 0.0, 0.0, 6.69801872, 11.60130873, 3.77607464, 0.0, 0.0, 30.20859716]",54.0,0.547173324074074,local
2547_0,slab,-379.9627168,43114.008,True,"[5.71588103, 0.0, -5.71588103, -0.0, 5.71588103, -5.71588103, 0.0, 0.0, 51.4429293]",64.0,0.009432678125,local
2547_3,slab,-285.36817841,23214.521,True,"[5.71588103, 0.0, 0.0, 0.0, 5.71588103, -5.71588103, 0.0, 0.0, 40.01116724]",48.0,0.00011000625,local
2547_5,slab,-374.6169444,54975.039,True,"[5.71588103, 0.0, 0.0, 0.0, 11.43176207, -5.71588103, 0.0, 0.0, 28.57940517]",64.0,0.1012220109375,local
2554_0,slab,-165.86919605,11761.26,True,"[5.92937934, 0.0, -5.92937934, -0.0, 5.92937934, -5.92937934, 0.0, 0.0, 47.43503468]",48.0,2.7083333333333334e-08,local
2554_1,slab,-169.58713678,8612.993,True,"[5.92937934, 0.0, -5.92937934, -0.0, 5.92937934, -5.92937934, 0.0, 0.0, 47.43503468]",48.0,6.25e-09,local
2554_5,slab,-225.74082587,95890.522,True,"[5.92937934, 0.0, 0.0, 0.0, 11.85875867, -5.92937934, 0.0, 0.0, 29.64689668]",64.0,0.0,local
2557_45,slab,-462.45273997,64493.008,True,"[6.88000256, 0.0, 0.0, 6.88000256, 11.91651399, 3.41000196, 0.0, 0.0, 30.69001761]",72.0,2.3611111111111113e-08,local
2557_46,slab,-462.90754541,67346.045,True,"[6.88000256, 0.0, 0.0, 6.88000256, 11.91651399, 3.41000196, 0.0, 0.0, 30.69001761]",72.0,8.361111111111111e-07,local
2557_47,slab,-463.53752482,48564.024,True,"[6.88000256, 0.0, 0.0, 6.88000256, 11.91651399, 3.41000196, 0.0, 0.0, 30.69001761]",72.0,0.0,local
2558_3,slab,-329.56191922,32938.094,True,"[6.03734596, 0.0, 0.0, 0.0, 6.03734596, -6.03734596, 0.0, 0.0, 42.26142169]",48.0,0.8092625020833334,local
2558_5,slab,-433.88114046,70780.267,True,"[6.03734596, 0.0, 0.0, 0.0, 12.07469191, -6.03734596, 0.0, 0.0, 30.18672978]",64.0,0.8095355734375,local
2560_2,slab,-441.84123301,97236.976,True,"[4.21686583, 0.0, -4.21686583, -0.0, 24.5162591, -4.21686583, 0.0, 0.0, 42.16865833]",80.0,0.0,local
2561_1,slab,-243.78610402,4205.182,True,"[6.00963155, 0.0, -6.00963155, -0.0, 6.00963155, -6.00963155, 0.0, 0.0, 48.07705239]",48.0,1.25e-08,local
2566_12,slab,-492.49252664,71157.135,True,"[8.07824116, 0.0, -4.03912058, 0.0, 15.15746785, -4.03912058, 0.0, 0.0, 32.31296463]",72.0,0.19658891666666667,local
2569_3,slab,-292.59292437,14814.483,True,"[5.52179843, 0.0, 0.0, 0.0, 5.52179843, -5.52179843, 0.0, 0.0, 38.652589]",48.0,0.8531109083333334,local
2574_14,slab,,,False,,,,local
2574_19,slab,-230.696022,160872.822,True,"[6.09274896, 0.0, 0.0, 0.0, 24.23957479, -6.09274896, 0.0, 0.0, 30.46374478]",64.0,0.005559065625,local
2574_24,slab,-232.71934364,62975.929,True,"[8.61644821, 0.0, 0.0, 8.61644821, 8.61644821, 12.1197874, 0.0, 0.0, 60.59893699]",64.0,0.0357327609375,local
2575_43,slab,-296.25228025,18386.81,True,"[12.07050476, 0.0, 0.0, 0.0, 6.96890917, -3.91214804, 0.0, 0.0, 31.29718433]",54.0,0.0,local
2575_44,slab,-295.92688306,26129.155,True,"[12.07050476, 0.0, 0.0, 0.0, 6.96890917, -3.91214804, 0.0, 0.0, 31.29718433]",54.0,3.7037037037037036e-09,local
2575_46,slab,-297.64167871,24805.561,True,"[6.96890917, 0.0, 0.0, 6.96890917, 12.07050476, 3.91214804, 0.0, 0.0, 31.29718433]",54.0,0.0,local
2577_3,slab,-332.31407592,28923.51,True,"[5.76957334, 0.0, 0.0, 0.0, 5.76957334, -5.76957334, 0.0, 0.0, 40.38701337]",48.0,0.4336103375,local
2582_5,slab,-400.58325605,64263.349,True,"[7.02179221, 0.0, 0.0, 0.0, 14.04358442, -7.02179221, 0.0, 0.0, 35.10896106]",64.0,6.25e-08,local
2587_1,slab,-333.15871867,16482.23,True,"[6.0368336, 0.0, -6.0368336, -0.0, 6.0368336, -6.0368336, 0.0, 0.0, 48.29466883]",48.0,0.32297984375,local
2587_3,slab,-338.56283772,45343.023,True,"[6.0368336, 0.0, 0.0, -0.0, 6.0368336, 6.0368336, 0.0, 0.0, 42.25783522]",48.0,0.19953399375,local
2587_5,slab,-447.18916188,94302.254,True,"[6.0368336, 0.0, 0.0, 0.0, 12.07366721, -6.0368336, 0.0, 0.0, 30.18416802]",64.0,0.350180821875,local
2589_8,slab,-199.21755365,42645.344,True,"[6.53877138, 0.0, 0.0, 0.0, 13.07754275, -6.53877138, 0.0, 0.0, 32.69385688]",64.0,0.0,local
2594_12,slab,-259.84064071,32000.096,True,"[3.54085361, 0.0, 0.0, 0.0, 14.1747238, -3.54085361, 0.0, 0.0, 28.32682887]",48.0,0.03640976875,local
2594_5,slab,-350.44099388,69124.123,True,"[7.08170722, 0.0, -3.54085361, -0.0, 7.0873619, -3.54085361, 0.0, 0.0, 35.40853609]",64.0,0.0566013671875,local
2594_8,slab,-350.3511532,55870.195,True,"[7.0873619, 0.0, 0.0, 0.0, 7.08170722, -3.54085361, 0.0, 0.0, 31.86768248]",64.0,0.0206157953125,local
2595_5,slab,-431.85947244,28662.119,True,"[6.61923725, 0.0, 0.0, 0.0, 13.23847449, -6.61923725, 0.0, 0.0, 33.09618623]",64.0,1.25e-08,local
2598_2,slab,,,False,,,,local
2598_3,slab,,,False,,,,local
2598_5,slab,-702.94182035,142251.549,True,"[10.65078562, 0.0, -5.31310564, 0.0, 7.46750644, -5.31310564, 0.0, 0.0, 37.1917395]",72.0,0.04823515694444444,local
2600_1,slab,-308.63434423,17196.406,True,"[6.45698987, 0.0, -6.45698987, -0.0, 6.45698987, -6.45698987, 0.0, 0.0, 51.65591895]",48.0,7.291666666666666e-08,local
2600_5,slab,-415.30010549,38253.507,True,"[6.45698987, 0.0, 0.0, 0.0, 12.91397974, -6.45698987, 0.0, 0.0, 32.28494934]",64.0,1.5625e-09,local
2601_4,slab,-399.55805475,73163.718,True,"[4.44064212, 0.0, 4.44064212, 4.44064212, 20.49977641, 0.0, 0.0, 0.0, 39.96577909]",80.0,0.0,local
2601_5,slab,-399.62262728,66901.141,True,"[4.44064212, 0.0, 4.44064212, 4.44064212, 20.49977641, 0.0, 0.0, 0.0, 39.96577909]",80.0,0.0,local
2601_6,slab,-400.30925114,59880.383,True,"[4.44064212, 0.0, 4.44064212, 4.44064212, 20.49977641, 0.0, 0.0, 0.0, 39.96577909]",80.0,0.0,local
2608_6,slab,-134.54320557,2191.939,True,"[5.55994773, 0.0, 0.0, 0.0, 5.55994773, 0.0, 0.0, 0.0, 27.79973864]",32.0,0.0,local
2613_5,slab,-293.93087126,39392.217,True,"[6.44509469, 0.0, 0.0, 0.0, 12.89018938, -6.44509469, 0.0, 0.0, 32.22547346]",64.0,1.5625e-09,local
892_0,slab,-292.34760729,19493.886,True,"[5.56963605, 0.0, -5.56963605, -0.0, 5.56963605, -5.56963605, 0.0, 0.0, 50.12672446]",64.0,1.5625e-09,local
892_1,slab,-295.90276259,39930.712,True,"[5.56963605, 0.0, -5.56963605, -0.0, 5.56963605, -5.56963605, 0.0, 0.0, 50.12672446]",64.0,1.5625e-09,local
892_3,slab,-221.61844531,7611.874,True,"[5.56963605, 0.0, 0.0, 0.0, 5.56963605, -5.56963605, 0.0, 0.0, 38.98745236]",48.0,2.0833333333333334e-09,local
893_5,slab,-458.35769579,27681.984,True,"[8.15512847, 0.0, -4.07756424, 0.0, 9.98631913, -4.07756424, 0.0, 0.0, 32.62051389]",60.0,0.0,local
893_9,slab,-458.65234457,22099.864,True,"[9.98631913, 0.0, 0.0, 0.0, 8.15512847, -4.07756424, 0.0, 0.0, 32.62051389]",60.0,0.0,local
894_5,slab,-420.41851836,75205.5,True,"[6.33864537, 0.0, 0.0, 0.0, 12.67729074, -6.33864537, 0.0, 0.0, 31.69322684]",64.0,0.0,local
904_2,slab,,,False,,,,local
904_3,slab,,,False,,,,local
912_17,slab,-335.92924445,22831.075,True,"[3.773329, 0.0, -3.773329, -0.0, 9.60011796, -7.54665799, 0.0, 0.0, 45.27994795]",50.0,2.8e-08,local
912_2,slab,,,False,,,,local
913_1,slab,-314.35951419,20145.335,True,"[6.2408006, 0.0, -6.2408006, -0.0, 6.2408006, -6.2408006, 0.0, 0.0, 49.92640479]",48.0,0.13245326041666666,local
914_0,slab,-455.63433633,24088.748,True,"[5.72524955, 0.0, -5.72524955, 0.0, 5.72524955, -5.72524955, 0.0, 0.0, 51.52724591]",64.0,0.1034392671875,local
914_1,slab,-456.87066323,21828.043,True,"[5.72524955, 0.0, -5.72524955, 0.0, 5.72524955, -5.72524955, 0.0, 0.0, 51.52724591]",64.0,3.534375e-06,local
916_5,slab,-422.27359414,37111.042,True,"[5.81094815, 0.0, 0.0, 0.0, 11.62189629, -5.81094815, 0.0, 0.0, 29.05474073]",64.0,1.0740870875,local
917_5,slab,-469.591531,51985.79,True,"[5.78418899, 0.0, 0.0, 0.0, 11.56837797, -5.78418899, 0.0, 0.0, 28.92094493]",64.0,0.24838720625,local
925_45,slab,-293.01750558,144048.254,True,"[6.32864507, 0.0, 0.0, 0.0, 11.2326346, -13.78730752, 0.0, 0.0, 53.43094999]",72.0,0.0,local
931_3,slab,-375.42181632,14397.921,True,"[6.30020623, 0.0, 0.0, -0.0, 6.30020623, 6.30020623, 0.0, 0.0, 44.10144364]",48.0,2.0833333333333334e-09,local
942_0,slab,-287.85160643,12799.642,True,"[6.07794354, 0.0, -6.07794354, -0.0, 6.07794354, -6.07794354, 0.0, 0.0, 48.62354834]",48.0,7.895833333333333e-07,local
942_3,slab,-294.48358214,12757.768,True,"[6.07794354, 0.0, 0.0, -0.0, 6.07794354, 6.07794354, 0.0, 0.0, 42.5456048]",48.0,1.0416666666666666e-08,local
942_5,slab,-386.56501411,55238.191,True,"[6.07794354, 0.0, 0.0, 0.0, 12.15588708, -6.07794354, 0.0, 0.0, 30.38971771]",64.0,1.5625e-09,local
945_3,slab,-391.46963602,17645.68,True,"[6.39029792, 0.0, 0.0, 0.0, 6.39029792, -6.39029792, 0.0, 0.0, 44.73208545]",48.0,6.25e-09,local
945_5,slab,-515.20391866,56043.751,True,"[6.39029792, 0.0, 0.0, 0.0, 12.78059584, -6.39029792, 0.0, 0.0, 31.95148961]",64.0,1.25e-08,local
948_45,slab,,,False,,,,local
951_20,slab,-229.97842304,22624.445,True,"[9.05735197, 0.0, 5.84012333, 4.52867599, 8.47176012, 0.0, 0.0, 0.0, 40.88086334]",60.0,3.333333333333333e-09,local
956_0,slab,-252.36626389,6039.254,True,"[6.01563155, 0.0, -6.01563155, -0.0, 6.01563155, -6.01563155, 0.0, 0.0, 48.12505239]",48.0,2.0833333333333334e-09,local
956_1,slab,-250.52721031,7203.826,True,"[6.01563155, 0.0, -6.01563155, -0.0, 6.01563155, -6.01563155, 0.0, 0.0, 48.12505239]",48.0,2.0833333333333334e-09,local
956_5,slab,-337.87032235,18798.77,True,"[6.01563155, 0.0, 0.0, 0.0, 12.0312631, -6.01563155, 0.0, 0.0, 30.07815774]",64.0,7.8125e-09,local
958_1,slab,-258.30933041,8988.614,True,"[6.07861197, 0.0, -6.07861197, -0.0, 6.07861197, -6.07861197, 0.0, 0.0, 48.62889574]",48.0,1.2633333333333333e-05,local
959_17,slab,-595.87218337,131120.334,True,"[17.84389029, 0.0, 0.0, 5.09825437, 4.4152178, 3.75713739, 0.0, 0.0, 37.5713739]",72.0,0.0,local
959_44,slab,,,False,,,,local
959_49,slab,-443.42411065,83688.912,True,"[6.74435659, 0.0, 0.0, 6.74435659, 11.68156828, 3.75713739, 0.0, 0.0, 30.05709912]",54.0,5.555555555555555e-09,local
963_16,slab,,,False,,,,local
963_17,slab,,,False,,,,local
963_23,slab,,,False,,,,local
968_0,slab,-653.08914512,121072.154,True,"[7.03530911, 0.0, 7.03530911, 7.03530911, 7.03530911, -0.0, 0.0, 0.0, 49.24716374]",72.0,0.27301559305555556,local
968_1,slab,-654.24289052,94183.227,True,"[7.03530911, 0.0, 7.03530911, 7.03530911, 7.03530911, -0.0, 0.0, 0.0, 49.24716374]",72.0,0.27808926944444445,local
968_3,slab,,,False,,,,local
974_17,slab,-365.24714677,62186.322,True,"[6.73552007, 0.0, -0.02689568, -0.0, 8.42304982, -4.85915679, 0.0, 0.0, 34.0140975]",54.0,0.0,local
974_36,slab,-364.38924704,21656.728,True,"[8.42304982, 0.0, 0.0, 0.0, 6.73552007, -4.88605247, 0.0, 0.0, 34.0140975]",54.0,1.8518518518518518e-08,local
974_75,slab,-489.18934152,54867.677,True,"[4.85915679, 0.0, 0.0, -0.05379137, 13.47104014, -8.42304982, 0.0, 0.0, 42.1152491]",72.0,0.0,local
977_12,slab,-426.251696,24415.963,True,"[3.29415689, 0.0, -1.90188237, 0.0, 18.64811157, -3.80376473, 0.0, 0.0, 34.23388259]",72.0,0.0,local
987_18,slab,-323.58470449,39192.164,True,"[3.26397371, 0.0, 0.0, 0.0, 16.38194732, -3.26397371, 0.0, 0.0, 29.37576339]",48.0,0.00020102708333333331,local
987_3,slab,-408.00100902,46105.406,True,"[3.26397371, 0.0, -3.26397371, -0.0, 16.38194732, -3.26397371, 0.0, 0.0, 39.16768451]",60.0,0.014240711666666666,local
987_4,slab,-407.74745811,39733.807,True,"[3.26397371, 0.0, -3.26397371, -0.0, 16.38194732, -3.26397371, 0.0, 0.0, 39.16768451]",60.0,2e-08,local
990_3,slab,-273.17788516,25357.088,True,"[5.926304, 0.0, 0.0, 0.0, 5.926304, -5.926304, 0.0, 0.0, 41.48412797]",48.0,0.0,local
990_5,slab,-360.43477409,34985.424,True,"[5.926304, 0.0, 0.0, 0.0, 11.85260799, -5.926304, 0.0, 0.0, 29.63151998]",64.0,0.0,local
991_1,slab,-309.30353113,15473.815,True,"[6.08667838, 0.0, -6.08667838, -0.0, 6.08667838, -6.08667838, 0.0, 0.0, 48.69342703]",48.0,0.0,local
997_1,slab,-335.09895234,32721.129,True,"[6.23943753, 0.0, -6.23943753, -0.0, 6.23943753, -6.23943753, 0.0, 0.0, 49.9155002]",48.0,0.1660054375,local
998_3,slab,-288.28634251,24976.095,True,"[5.97075658, 0.0, 0.0, 0.0, 5.97075658, -5.97075658, 0.0, 0.0, 41.79529606]",48.0,0.005909277083333333,local
998_5,slab,-379.68469325,102436.08,True,"[5.97075658, 0.0, 0.0, 0.0, 11.94151316, -5.97075658, 0.0, 0.0, 29.8537829]",64.0,0.1220346828125,local
999_10,slab,-305.18813554,68291.368,True,"[12.4165789, 0.0, 0.0, 0.0, 8.03624063, -4.01812031, 0.0, 0.0, 32.14496251]",60.0,0.10533189166666666,local
999_14,slab,-307.31046088,136349.712,True,"[4.01812031, 0.0, 0.0, 0.0, 24.8331578, -4.01812031, 0.0, 0.0, 28.12684219]",60.0,0.008616956666666667,local
999_2,slab,,,False,,,,local
1001_2,slab,-440.30111958,242849.757,True,"[4.22865244, 0.0, -4.22865244, -0.0, 21.82093292, -4.22865244, 0.0, 0.0, 42.28652438]",80.0,0.0,remote
1007_2,slab,,,False,,,,remote
1007_3,slab,-521.99747922,127282.756,True,"[3.77744368, 0.0, -3.77744368, -0.0, 19.41902796, -3.77744368, 0.0, 0.0, 37.77443677]",80.0,0.0,remote
1007_4,slab,-260.79914414,20799.925,True,"[9.70951398, 0.0, 0.0, 0.0, 3.77744368, -3.77744368, 0.0, 0.0, 37.77443677]",40.0,1e-08,remote
1012_1,slab,-384.39221626,183320.471,True,"[6.82729991, 0.0, -6.82729991, -0.0, 6.82729991, -6.82729991, 0.0, 0.0, 47.79109935]",72.0,0.08982452361111111,remote
1016_0,slab,-385.11846788,164480.483,True,"[6.78195511, 0.0, -6.78195511, -0.0, 6.78195511, -6.78195511, 0.0, 0.0, 47.47368579]",72.0,0.027917236111111115,remote
1016_3,slab,-387.95100621,105978.659,True,"[6.78195511, 0.0, -6.78195511, -0.0, 6.78195511, -6.78195511, 0.0, 0.0, 47.47368579]",72.0,5.555555555555555e-09,remote
1016_8,slab,-392.28853004,199273.379,True,"[6.78195511, 0.0, 0.0, 0.0, 6.78195511, -6.78195511, 0.0, 0.0, 47.47368579]",72.0,1.3888888888888888e-09,remote
1019_10,slab,,,False,,,,remote
1019_6,slab,-319.26367979,223487.174,True,"[8.09640606, 0.0, -4.04820303, -0.0, 14.99180285, -4.04820303, 0.0, 0.0, 32.38562423]",60.0,0.0,remote
1021_25,slab,-285.41350758,131080.948,True,"[17.27467821, 0.0, 0.0, -0.0, 4.24728417, 4.09908539, 0.0, 0.0, 40.99085387]",64.0,0.0,remote
1021_2,slab,,,False,,,,remote
1021_3,slab,-285.41381602,104881.249,True,"[17.78915203, 0.0, 0.0, 1.01406873, 4.12444995, 4.09908539, 0.0, 0.0, 40.99085387]",64.0,1.5625e-09,remote
1026_33,slab,,,False,,,,remote
1027_1,slab,,,False,,,,remote
1027_5,slab,-529.73896356,196620.592,True,"[5.733426, 0.0, 0.0, 0.0, 11.466852, -5.733426, 0.0, 0.0, 28.66713]",64.0,1.45243308125,remote
1027_6,slab,-265.78910903,38402.647,True,"[5.733426, 0.0, 0.0, 0.0, 5.733426, 0.0, 0.0, 0.0, 28.66713]",32.0,1.754323771875,remote
1029_0,slab,-648.37880915,202705.262,True,"[6.88724458, 0.0, -6.88724458, -0.0, 6.88724458, -6.88724458, 0.0, 0.0, 48.21071205]",72.0,0.11201835833333333,remote
1029_13,slab,-434.35672314,147118.041,True,"[6.88724458, 0.0, 0.0, 0.0, 6.88724458, 0.0, 0.0, 0.0, 34.43622289]",48.0,0.17680479166666666,remote
1029_3,slab,-647.7169265,205493.44,True,"[6.88724458, 0.0, -6.88724458, -0.0, 6.88724458, -6.88724458, 0.0, 0.0, 48.21071205]",72.0,0.21363949027777776,remote
1034_0,slab,-291.85912824,22098.676,True,"[6.02883942, 0.0, -6.02883942, -0.0, 6.02883942, -6.02883942, 0.0, 0.0, 48.23071535]",72.0,0.0,remote
1034_3,slab,-295.61535486,15312.436,True,"[6.02883942, 0.0, -6.02883942, -0.0, 6.02883942, -6.02883942, 0.0, 0.0, 48.23071535]",72.0,6.527777777777778e-08,remote
1034_8,slab,-298.30780463,46717.962,True,"[6.02883942, 0.0, 0.0, 0.0, 6.02883942, -6.02883942, 0.0, 0.0, 42.20187593]",72.0,0.0,remote
1036_0,slab,,,False,,,,remote
1038_0,slab,-327.06173735,37798.218,True,"[6.51735748, 0.0, -6.51735748, -0.0, 6.51735748, -6.51735748, 0.0, 0.0, 45.62150235]",48.0,0.0,remote
1038_1,slab,-326.54920511,46288.267,True,"[6.51735748, 0.0, -6.51735748, -0.0, 6.51735748, -6.51735748, 0.0, 0.0, 45.62150235]",48.0,0.0,remote
1038_5,slab,-436.28802729,82606.073,True,"[6.51735748, 0.0, 0.0, 0.0, 13.03471496, -6.51735748, 0.0, 0.0, 32.58678739]",64.0,1.5625e-09,remote
1047_0,slab,,,False,,,,remote
1047_1,slab,-494.63778414,122946.968,True,"[5.7613881, 0.0, 5.7613881, 5.7613881, 5.7613881, -0.0, 0.0, 0.0, 51.85249287]",64.0,0.0709840921875,remote
1047_5,slab,,,False,,,,remote
1048_1,slab,-190.97027074,8457.829,True,"[5.88795887, 0.0, -5.88795887, -0.0, 5.88795887, -5.88795887, 0.0, 0.0, 47.10367096]",48.0,6.25e-09,remote
1049_0,slab,-291.69879929,24871.035,True,"[6.21012321, 0.0, -6.21012321, -0.0, 6.21012321, -6.21012321, 0.0, 0.0, 49.6809857]",48.0,0.25328737916666666,remote
1053_0,slab,-310.68053336,48897.347,True,"[6.06073005, 0.0, 6.06073005, 6.06073005, 6.06073005, -0.0, 0.0, 0.0, 48.4858404]",48.0,0.07287985208333334,remote
1053_1,slab,-309.62651354,48407.165,True,"[6.06073005, 0.0, 6.06073005, 6.06073005, 6.06073005, -0.0, 0.0, 0.0, 48.4858404]",48.0,0.0008965875,remote
1053_3,slab,-315.90095477,63419.452,True,"[6.06073005, 0.0, 0.0, 0.0, 6.06073005, -6.06073005, 0.0, 0.0, 42.42511035]",48.0,0.07947822708333334,remote
1063_16,slab,-264.62532049,154373.294,True,"[3.71688263, 0.0, -2.14594319, -0.0, 26.9722473, -4.29188637, 0.0, 0.0, 34.33509096]",63.0,1.5873015873015873e-09,remote
1063_18,slab,-269.92258398,88870.417,True,"[3.71688263, 0.0, -2.14594319, -0.0, 26.9722473, -4.29188637, 0.0, 0.0, 34.33509096]",63.0,0.0,remote
1063_38,slab,-266.64673004,88481.854,True,"[3.71688263, 0.0, -2.14594319, -0.0, 26.9722473, 8.58377274, 0.0, 0.0, 34.33509096]",63.0,0.0,remote
1064_0,slab,,,False,,,,remote
1064_1,slab,,,False,,,,remote
1064_24,slab,-453.51987384,236276.621,True,"[4.52612603, 0.0, -2.61316008, -0.0, 12.08782409, 10.45264032, 0.0, 0.0, 41.81056129]",54.0,0.17051755370370372,remote
1065_3,slab,-195.0677031,222315.782,True,"[6.67614613, 0.0, -6.67614613, 0.0, 13.35229227, -6.67614613, 0.0, 0.0, 46.73302294]",72.0,0.0,remote
1065_4,slab,-195.03048534,225157.152,True,"[6.67614613, 0.0, -6.67614613, 0.0, 13.35229227, -6.67614613, 0.0, 0.0, 46.73302294]",72.0,0.0,remote
1065_7,slab,-129.88474124,102754.409,True,"[6.67614613, 0.0, 0.0, 0.0, 13.35229227, -6.67614613, 0.0, 0.0, 33.38073067]",48.0,0.0,remote
1068_0,slab,-260.04154185,14556.62,True,"[6.09426335, 0.0, -6.09426335, 0.0, 6.09426335, -6.09426335, 0.0, 0.0, 48.75410684]",48.0,0.0,remote
1080_0,slab,-334.06467811,34892.478,True,"[6.08394261, 0.0, 6.08394261, 6.08394261, 6.08394261, -0.0, 0.0, 0.0, 48.6715409]",48.0,5.664583333333333e-06,remote
1083_17,slab,,,False,,,,remote
1083_18,slab,,,False,,,,remote
1083_50,slab,,,False,,,,remote
1084_44,slab,,,False,,,,remote
1084_48,slab,,,False,,,,remote
1085_0,slab,-344.14403232,20459.689,True,"[5.91588883, 0.0, -5.91588883, -0.0, 5.91588883, -5.91588883, 0.0, 0.0, 47.32711064]",48.0,1.430625e-05,remote
1085_5,slab,-462.18003273,27843.777,True,"[5.91588883, 0.0, 0.0, 0.0, 11.83177766, -5.91588883, 0.0, 0.0, 29.57944415]",64.0,1.5625e-09,remote
1090_1,slab,-195.93221099,10063.5,True,"[6.34797642, 0.0, -6.34797642, -0.0, 6.34797642, -6.34797642, 0.0, 0.0, 50.78381134]",48.0,2.0833333333333334e-09,remote
1092_23,slab,-364.10418894,57983.46,True,"[7.75750177, 0.0, 0.0, 0.0, 7.91287615, 0.0, 0.0, 0.0, 37.16322961]",64.0,3.8125e-07,remote
1092_43,slab,-359.23457522,177768.436,True,"[7.43264592, 0.0, 0.0, -0.0, 7.91287615, -7.75750177, 0.0, 0.0, 38.78750884]",64.0,1.3434375e-05,remote
1092_53,slab,-363.28981662,112711.667,True,"[7.43264592, 0.0, 0.0, 0.0, 7.75750177, 0.0, 0.0, 0.0, 31.65150459]",64.0,1.5625e-09,remote
1093_1,slab,-401.22176879,46191.079,True,"[6.19452032, 0.0, -6.19452032, -0.0, 6.19452032, -6.19452032, 0.0, 0.0, 49.55616259]",48.0,0.04089483541666667,remote
1099_3,slab,-224.29199143,247436.59,True,"[6.51274874, 0.0, -6.51274874, 0.0, 13.02549747, -6.51274874, 0.0, 0.0, 45.58924115]",72.0,0.0,remote
1099_4,slab,-224.59665502,143429.943,True,"[6.51274874, 0.0, -6.51274874, 0.0, 13.02549747, -6.51274874, 0.0, 0.0, 45.58924115]",72.0,0.0,remote
1100_2,slab,-321.07693015,53736.044,True,"[3.9901084, 0.0, -3.9901084, -0.0, 14.30605562, -3.9901084, 0.0, 0.0, 39.90108398]",56.0,0.0,remote
1101_5,slab,-242.34955052,190807.655,True,"[4.87377969, 0.0, 4.87377969, 4.87377969, 22.15641454, 0.0, 0.0, 0.0, 38.99023748]",60.0,0.0,remote
1101_6,slab,-242.27476501,270774.623,True,"[4.87377969, 0.0, 4.87377969, 4.87377969, 22.15641454, 0.0, 0.0, 0.0, 38.99023748]",60.0,0.0,remote
1101_7,slab,-240.73764868,232482.411,True,"[4.87377969, 0.0, 4.87377969, 4.87377969, 22.15641454, 0.0, 0.0, 0.0, 38.99023748]",60.0,0.0,remote
1107_0,slab,-274.64688336,30129.285,True,"[6.05539316, 0.0, -6.05539316, -0.0, 6.05539316, -6.05539316, 0.0, 0.0, 48.44314526]",48.0,0.08969278125,remote
1107_3,slab,-281.44546591,41014.377,True,"[6.05539316, 0.0, 0.0, 0.0, 6.05539316, -6.05539316, 0.0, 0.0, 42.38775211]",48.0,8.333333333333334e-09,remote
1110_0,slab,-404.60333276,44670.694,True,"[6.19245051, 0.0, -6.19245051, -0.0, 6.19245051, -6.19245051, 0.0, 0.0, 49.53960408]",48.0,6.308333333333333e-06,remote
1110_5,slab,-540.5108497,228815.541,True,"[6.19245051, 0.0, 0.0, 0.0, 12.38490102, -6.19245051, 0.0, 0.0, 30.96225255]",64.0,0.0506768421875,remote
1111_0,slab,-474.00814101,231164.499,True,"[10.63434327, 0.0, -6.48623959, -0.0, 12.79146868, -6.48623959, 0.0, 0.0, 32.43119796]",80.0,1.375e-08,remote
1111_18,slab,,,False,,,,remote
1111_34,slab,,,False,,,,remote
1112_5,slab,-577.39489845,108879.362,True,"[6.20615774, 0.0, 0.0, 0.0, 12.41231549, -6.20615774, 0.0, 0.0, 31.03078872]",64.0,1.5625e-08,remote
1113_1,slab,-230.03006848,137934.787,True,"[10.39677091, 0.0, -4.04958045, -0.0, 7.03526492, -4.04958045, 0.0, 0.0, 36.44622401]",64.0,0.0,remote
1113_42,slab,-227.14085793,106043.454,True,"[11.15759594, 0.0, 0.0, 2.93954036, 7.54688741, 7.03526492, 0.0, 0.0, 35.17632461]",64.0,0.0,remote
1113_63,slab,-230.22239739,150370.707,True,"[4.04958045, 0.0, 0.0, -0.0, 20.79354182, 7.03526492, 0.0, 0.0, 35.17632461]",64.0,0.0,remote
1117_18,slab,-218.98939203,129457.896,True,"[3.74022173, 0.0, -2.15941802, -0.0, 27.85364067, -4.31883605, 0.0, 0.0, 34.55068839]",63.0,0.0,remote
1118_3,slab,-370.95622141,78377.382,True,"[6.30327334, 0.0, 0.0, 0.0, 6.30327334, -6.30327334, 0.0, 0.0, 44.12291335]",48.0,1.4583333333333333e-08,remote
1123_1,slab,-385.31591684,25542.484,True,"[6.15952831, 0.0, 6.15952831, 6.15952831, 6.15952831, -0.0, 0.0, 0.0, 49.27622644]",48.0,2.0833333333333334e-09,remote
1125_7,slab,-455.16920483,129066.121,True,"[5.60200455, 0.0, -2.80100227, 0.0, 12.84455802, -2.80100227, 0.0, 0.0, 33.61202729]",80.0,0.6173502550000001,remote
1126_10,slab,-259.37659687,246189.148,True,"[14.55359549, 0.0, -7.06958558, -0.0, 14.30998326, -7.06958558, 0.0, 0.0, 35.34792791]",80.0,0.0199084275,remote
1126_16,slab,,,False,,,,remote
1126_9,slab,,,False,,,,remote
1128_10,slab,-340.95716282,266628.409,True,"[19.34934908, 0.0, 0.0, 0.0, 3.80090003, -3.80090003, 0.0, 0.0, 38.00900033]",72.0,0.019164445833333335,remote
1128_2,slab,,,False,,,,remote
1128_41,slab,,,False,,,,remote
1141_0,slab,-172.54845987,8232.656,True,"[6.35658278, 0.0, -6.35658278, -0.0, 6.35658278, -6.35658278, 0.0, 0.0, 50.85266221]",48.0,6.25e-09,remote
1141_3,slab,-173.86943127,14438.777,True,"[6.35658278, 0.0, 0.0, 0.0, 6.35658278, -6.35658278, 0.0, 0.0, 44.49607943]",48.0,2.0833333333333334e-09,remote
1141_5,slab,-228.21774426,38813.268,True,"[6.35658278, 0.0, 0.0, 0.0, 12.71316555, -6.35658278, 0.0, 0.0, 31.78291388]",64.0,0.0,remote
1143_8,slab,-325.82899588,22204.615,True,"[7.0159996, 0.0, 0.0, 0.0, 9.86510329, -3.73433358, 0.0, 0.0, 29.87466868]",48.0,2.0833333333333334e-09,remote
1144_3,slab,-385.68781352,53260.911,True,"[6.18512127, 0.0, 0.0, 0.0, 6.18512127, -6.18512127, 0.0, 0.0, 43.29584891]",48.0,0.0,remote
1144_5,slab,-506.63396006,133868.452,True,"[6.18512127, 0.0, 0.0, 0.0, 12.37024255, -6.18512127, 0.0, 0.0, 30.92560637]",64.0,0.0142408859375,remote
1148_5,slab,-658.70053133,116063.506,True,"[6.41188364, 0.0, 0.0, 0.0, 12.82376728, -6.41188364, 0.0, 0.0, 32.0594182]",64.0,3.4375e-08,remote
1154_5,slab,-632.44001628,148196.614,True,"[6.40336456, 0.0, 0.0, 0.0, 12.80672911, -6.40336456, 0.0, 0.0, 32.01682278]",64.0,0.1705628578125,remote
1158_0,slab,-209.01124315,16240.537,True,"[6.13120436, 0.0, 6.13120436, 6.13120436, 6.13120436, -0.0, 0.0, 0.0, 49.04963486]",48.0,7.604166666666667e-07,remote
1158_3,slab,-215.00145179,34108.656,True,"[6.13120436, 0.0, 0.0, 0.0, 6.13120436, -6.13120436, 0.0, 0.0, 42.9184305]",48.0,5e-08,remote
1158_5,slab,-282.15847614,91125.592,True,"[6.13120436, 0.0, 0.0, 0.0, 12.26240871, -6.13120436, 0.0, 0.0, 30.65602179]",64.0,0.0,remote
1159_0,slab,-193.1287021,151958.261,True,"[6.53570585, 0.0, -6.53570585, -0.0, 6.53570585, -6.53570585, 0.0, 0.0, 45.74994096]",48.0,0.0,remote
1159_1,slab,-198.12158841,28952.696,True,"[6.53570585, 0.0, -6.53570585, -0.0, 6.53570585, -6.53570585, 0.0, 0.0, 45.74994096]",48.0,2.0833333333333334e-09,remote
1159_5,slab,-262.02750083,144430.832,True,"[6.53570585, 0.0, 0.0, 0.0, 13.0714117, -6.53570585, 0.0, 0.0, 32.67852926]",64.0,0.0,remote
1163_0,slab,-450.33145182,77525.881,True,"[6.58671293, 0.0, -6.58671293, 0.0, 6.58671293, -6.58671293, 0.0, 0.0, 46.10699048]",48.0,2.0833333333333334e-09,remote
1166_2,slab,-317.61365159,34314.174,True,"[5.99603055, 0.0, -5.99603055, 0.0, 5.99603055, -5.99603055, 0.0, 0.0, 47.96824442]",72.0,0.15808823472222222,remote
1171_0,slab,-420.86310366,52324.404,True,"[6.0955285, 0.0, -6.0955285, -0.0, 6.0955285, -6.0955285, 0.0, 0.0, 48.76422797]",48.0,2.951875e-05,remote
1171_3,slab,-426.09150608,94585.094,True,"[6.0955285, 0.0, 0.0, 0.0, 6.0955285, -6.0955285, 0.0, 0.0, 42.66869947]",48.0,2.0625e-07,remote
1177_0,slab,-274.70860482,50212.619,True,"[5.98071006, 0.0, -5.98071006, -0.0, 5.98071006, -5.98071006, 0.0, 0.0, 47.84568046]",48.0,0.3775303833333334,remote
1177_1,slab,-274.36975398,34590.033,True,"[5.98071006, 0.0, -5.98071006, -0.0, 5.98071006, -5.98071006, 0.0, 0.0, 47.84568046]",48.0,0.5028011854166666,remote
1178_3,slab,-441.703633,28832.98,True,"[6.22086084, 0.0, 0.0, 0.0, 6.22086084, -6.22086084, 0.0, 0.0, 43.54602585]",48.0,4.166666666666667e-09,remote
1179_0,slab,-367.20704522,23520.649,True,"[5.94909295, 0.0, -5.94909295, -0.0, 5.94909295, -5.94909295, 0.0, 0.0, 47.59274359]",48.0,0.0,remote
1179_3,slab,-374.18542998,37581.783,True,"[5.94909295, 0.0, 0.0, 0.0, 5.94909295, -5.94909295, 0.0, 0.0, 41.64365064]",48.0,2.0833333333333334e-09,remote
1179_5,slab,-493.23969803,94789.791,True,"[5.94909295, 0.0, 0.0, 0.0, 11.8981859, -5.94909295, 0.0, 0.0, 29.74546474]",64.0,0.0,remote
1186_3,slab,-522.1704189,41808.274,True,"[6.4159441, 0.0, 0.0, 0.0, 6.4159441, -6.4159441, 0.0, 0.0, 44.91160868]",48.0,4.791666666666667e-08,remote
1186_5,slab,-687.53113901,83316.615,True,"[6.4159441, 0.0, 0.0, 0.0, 12.83188819, -6.4159441, 0.0, 0.0, 32.07972048]",64.0,9.375e-09,remote
1198_1,slab,-329.9267813,137765.931,True,"[5.60034781, 0.0, -5.60034781, -0.0, 5.60034781, -5.60034781, 0.0, 0.0, 50.40313031]",64.0,0.1621650234375,remote
1205_18,slab,,,False,,,,remote
1205_44,slab,,,False,,,,remote
1205_45,slab,-635.93406953,236898.605,True,"[11.6485488, 0.0, 0.0, 0.0, 6.72529279, -3.80257832, 0.0, 0.0, 34.22320488]",72.0,0.0,remote
1208_3,slab,-212.38773404,251203.067,True,"[5.96929848, 0.0, -5.96929848, 0.0, 11.93859695, -5.96929848, 0.0, 0.0, 41.78508933]",72.0,0.0,remote
1208_4,slab,,,False,,,,remote
1210_0,slab,-356.22938969,40907.484,True,"[6.36822121, 0.0, -6.36822121, -0.0, 6.36822121, -6.36822121, 0.0, 0.0, 50.94576968]",48.0,0.13858802916666665,remote
1210_1,slab,-358.42361155,44902.197,True,"[6.36822121, 0.0, -6.36822121, -0.0, 6.36822121, -6.36822121, 0.0, 0.0, 50.94576968]",48.0,0.13314676458333333,remote
1211_1,slab,-358.83717737,100034.25,True,"[5.97612933, 0.0, -5.97612933, -0.0, 5.97612933, -5.97612933, 0.0, 0.0, 47.80903467]",48.0,0.28885066875,remote
1211_5,slab,-480.09962718,282262.278,True,"[5.97612933, 0.0, 0.0, 0.0, 11.95225867, -5.97612933, 0.0, 0.0, 29.88064667]",64.0,0.11213885625,remote
1212_2,slab,-376.19023011,330104.822,True,"[4.4410397, 0.0, -4.4410397, -0.0, 20.70312306, -4.4410397, 0.0, 0.0, 39.96935729]",80.0,0.0,remote
1212_3,slab,-377.6898244,198885.617,True,"[4.4410397, 0.0, -4.4410397, -0.0, 20.70312306, -4.4410397, 0.0, 0.0, 39.96935729]",80.0,0.0,remote
1212_9,slab,-282.0920931,57356.38,True,"[10.35156153, 0.0, 0.0, 0.0, 8.8820794, -4.4410397, 0.0, 0.0, 31.08727789]",60.0,0.0,remote
1214_0,slab,-399.29138027,37548.963,True,"[6.28072896, 0.0, -6.28072896, -0.0, 6.28072896, -6.28072896, 0.0, 0.0, 50.24583167]",48.0,4.166666666666667e-09,remote
1214_1,slab,-400.46138808,29604.524,True,"[6.28072896, 0.0, -6.28072896, -0.0, 6.28072896, -6.28072896, 0.0, 0.0, 50.24583167]",48.0,4.166666666666666e-08,remote
1214_5,slab,-534.65445282,155568.56,True,"[6.28072896, 0.0, 0.0, 0.0, 12.56145792, -6.28072896, 0.0, 0.0, 31.40364479]",64.0,0.0,remote
1217_36,slab,-159.2135947,137885.945,True,"[7.34648106, 0.0, -7.04184051, -0.0, 14.17329789, -14.08368101, 0.0, 0.0, 49.29288355]",60.0,1.6666666666666665e-09,remote
1217_37,slab,-160.70988203,128241.764,True,"[7.34648106, 0.0, -7.04184051, -0.0, 14.17329789, -14.08368101, 0.0, 0.0, 49.29288355]",60.0,0.0,remote
1219_18,slab,-303.43632298,25783.81,True,"[6.46811874, 0.0, 0.0, -0.0, 7.24962334, 3.7343701, 0.0, 0.0, 33.60933087]",48.0,0.0,remote
1219_1,slab,-450.97502467,104146.493,True,"[3.23405937, 0.0, -5.60155515, 0.0, 14.49924667, -3.7343701, 0.0, 0.0, 56.01555145]",72.0,0.01849133472222222,remote
1219_4,slab,-377.03807598,52986.605,True,"[6.46811874, 0.0, -7.46874019, -0.0, 7.24962334, -3.7343701, 0.0, 0.0, 44.81244116]",60.0,1.6666666666666665e-09,remote
1222_0,slab,-400.92201739,33108.204,True,"[6.28429227, 0.0, -6.28429227, -0.0, 6.28429227, -6.28429227, 0.0, 0.0, 50.27433814]",48.0,1.875e-08,remote
1222_1,slab,-400.01786422,34606.948,True,"[6.28429227, 0.0, -6.28429227, -0.0, 6.28429227, -6.28429227, 0.0, 0.0, 50.27433814]",48.0,2.6789583333333332e-05,remote
1222_5,slab,-535.81805176,89241.492,True,"[6.28429227, 0.0, 0.0, 0.0, 12.56858453, -6.28429227, 0.0, 0.0, 31.42146134]",64.0,1.25e-08,remote
1223_3,slab,-549.81526985,300130.056,True,"[6.19566767, 0.0, -6.19566767, 0.0, 12.39133533, -6.19566767, 0.0, 0.0, 43.36967366]",72.0,0.038420293055555554,remote
1223_4,slab,-548.47207436,185128.325,True,"[6.19566767, 0.0, -6.19566767, 0.0, 12.39133533, -6.19566767, 0.0, 0.0, 43.36967366]",72.0,0.049791883333333335,remote
1228_6,slab,-254.79721698,32626.633,True,"[5.92947314, 0.0, 0.0, 0.0, 5.92947314, 0.0, 0.0, 0.0, 29.6473657]",32.0,0.389606759375,remote
1231_1,slab,-243.90311975,38415.783,True,"[5.76277824, 0.0, -5.76277824, -0.0, 5.76277824, -5.76277824, 0.0, 0.0, 51.86500413]",64.0,4.6875e-09,remote
1237_0,slab,-380.3849578,33359.832,True,"[5.7822256, 0.0, 5.7822256, 5.7822256, 5.7822256, -0.0, 0.0, 0.0, 46.25780481]",48.0,0.6804998354166667,remote
1237_1,slab,-382.21847993,33093.087,True,"[5.7822256, 0.0, 5.7822256, 5.7822256, 5.7822256, -0.0, 0.0, 0.0, 46.25780481]",48.0,0.3066032625,remote
1237_6,slab,-257.59722314,20201.861,True,"[5.7822256, 0.0, 0.0, 0.0, 5.7822256, 0.0, 0.0, 0.0, 28.911128]",32.0,0.682913171875,remote
1238_0,slab,-368.06451252,247404.386,True,"[7.00790684, 0.0, -7.00790684, -0.0, 7.00790684, -7.00790684, 0.0, 0.0, 49.05534789]",72.0,0.001314288888888889,remote
1238_2,slab,-368.03069841,172690.807,True,"[7.00790684, 0.0, -7.00790684, -0.0, 7.00790684, -7.00790684, 0.0, 0.0, 49.05534789]",72.0,0.00416371111111111,remote
1245_0,slab,-417.89164425,147565.004,True,"[5.75501363, 0.0, -5.75501363, -0.0, 5.75501363, -5.75501363, 0.0, 0.0, 51.79512271]",64.0,0.30653535,remote
1245_3,slab,-314.32324344,70344.537,True,"[5.75501363, 0.0, 0.0, -0.0, 5.75501363, 5.75501363, 0.0, 0.0, 40.28509544]",48.0,0.197335975,remote
1245_5,slab,-412.7067743,190054.471,True,"[5.75501363, 0.0, 0.0, 0.0, 11.51002727, -5.75501363, 0.0, 0.0, 28.77506817]",64.0,0.244807571875,remote
1248_5,slab,-423.10878943,69115.126,True,"[6.49118212, 0.0, 0.0, 0.0, 12.98236424, -6.49118212, 0.0, 0.0, 32.45591059]",64.0,0.0,remote
1250_0,slab,-283.44296519,24101.861,True,"[5.89995007, 0.0, 5.89995007, 5.89995007, 5.89995007, -0.0, 0.0, 0.0, 47.19960053]",48.0,6.25e-09,remote
1250_1,slab,-284.49289321,25455.514,True,"[5.89995007, 0.0, 5.89995007, 5.89995007, 5.89995007, -0.0, 0.0, 0.0, 47.19960053]",48.0,0.0,remote
1260_3,slab,-262.67978426,33979.3,True,"[5.9187769, 0.0, 0.0, -0.0, 5.9187769, 5.9187769, 0.0, 0.0, 41.43143832]",48.0,0.0,remote
1260_5,slab,-346.150975,47398.181,True,"[5.9187769, 0.0, 0.0, 0.0, 11.8375538, -5.9187769, 0.0, 0.0, 29.59388451]",64.0,1.71875e-08,remote
1262_0,slab,-339.85588907,24822.187,True,"[6.06853951, 0.0, -6.06853951, -0.0, 6.06853951, -6.06853951, 0.0, 0.0, 48.54831612]",48.0,1.0890920625,remote
1263_49,slab,-402.88365922,130599.106,True,"[7.8334555, 0.0, 0.0, 7.8334555, 13.56794292, 3.59499924, 0.0, 0.0, 28.75999393]",54.0,2.7777777777777777e-08,remote
1264_2,slab,-363.79238006,137398.296,True,"[3.60298284, 0.0, -3.60298284, 0.0, 14.21773405, -3.60298284, 0.0, 0.0, 36.02982838]",64.0,0.0205723953125,remote
1272_18,slab,,,False,,,,remote
1272_19,slab,,,False,,,,remote
1272_47,slab,-365.47993137,276178.142,True,"[11.43848513, 0.0, 0.0, -0.0, 6.60401247, -3.9251688, 0.0, 0.0, 31.40135039]",54.0,0.8559186648148148,remote
1279_3,slab,-259.5972309,127857.341,True,"[13.38970193, 0.0, 0.0, 6.69485096, 3.86527401, 3.71068553, 0.0, 0.0, 37.10685527]",36.0,2.0483333333333334e-05,remote
1279_43,slab,-386.77550888,136138.02,True,"[13.38970193, 0.0, 0.0, 0.0, 7.73054801, -3.71068553, 0.0, 0.0, 29.68548422]",54.0,0.033632916666666665,remote
1279_6,slab,-387.57153465,162563.836,True,"[13.38970193, 0.0, 0.0, 6.69485096, 3.86527401, 7.42137105, 0.0, 0.0, 55.6602829]",54.0,0.08935937962962963,remote
1280_1,slab,-516.61687337,216981.874,True,"[9.19891003, 0.0, 0.0, 4.58366572, 4.59942791, 4.5468117, 0.0, 0.0, 40.92130527]",64.0,0.069479753125,remote
1280_25,slab,-511.74736821,210314.369,True,"[6.51576681, 0.0, 0.0, 0.0, 9.09362339, -6.49343734, 0.0, 0.0, 32.46718671]",64.0,0.1692812828125,remote
1280_26,slab,-512.13723422,244189.299,True,"[6.51576681, 0.0, 0.0, 0.0, 9.09362339, -6.49343734, 0.0, 0.0, 32.46718671]",64.0,0.1061889140625,remote
1284_46,slab,-465.97496678,206238.543,True,"[10.69290063, 0.0, 0.0, 0.0, 6.17354906, -3.68557998, 0.0, 0.0, 33.17021985]",72.0,1.1810849291666665,remote
1285_16,slab,-251.0883171,247363.622,True,"[11.04341584, 0.0, 0.0, 0.0, 11.3644409, -5.68222045, 0.0, 0.0, 28.41110224]",64.0,0.027649840625,remote
1285_21,slab,,,False,,,,remote
1285_23,slab,,,False,,,,remote
1287_0,slab,-366.08258524,55472.273,True,"[5.84136946, 0.0, -5.84136946, -0.0, 5.84136946, -5.84136946, 0.0, 0.0, 46.73095569]",48.0,1.1957188187499999,remote
1287_1,slab,-365.30889053,62802.088,True,"[5.84136946, 0.0, -5.84136946, -0.0, 5.84136946, -5.84136946, 0.0, 0.0, 46.73095569]",48.0,1.1192610270833334,remote
1296_7,slab,-557.56077699,318568.217,True,"[6.31610051, 0.0, -7.29320466, -0.0, 11.84624803, -3.64660233, 0.0, 0.0, 43.75922795]",80.0,0.7586126025000001,remote
1299_10,slab,-467.9368661,71080.818,True,"[14.75569389, 0.0, 0.0, 2.95113878, 5.90227755, 4.01187516, 0.0, 0.0, 36.10687641]",80.0,1.25e-09,remote
1299_22,slab,-234.09075895,11023.851,True,"[6.59894692, 0.0, 0.0, -0.0, 8.02375031, -6.59894692, 0.0, 0.0, 32.99473459]",40.0,7.5e-09,remote
1299_9,slab,-469.15158207,86977.353,True,"[14.75569389, 0.0, 0.0, 2.95113878, 5.90227755, 4.01187516, 0.0, 0.0, 36.10687641]",80.0,4.95e-07,remote
1302_4,slab,-476.86125974,177656.138,True,"[9.85942038, 0.0, -3.2804619, 0.0, 8.16593058, -3.2804619, 0.0, 0.0, 32.80461899]",64.0,0.0145981578125,remote
1302_5,slab,-477.63035979,132236.629,True,"[9.85942038, 0.0, -3.2804619, 0.0, 8.16593058, -3.2804619, 0.0, 0.0, 32.80461899]",64.0,4.048125e-05,remote
1303_1,slab,-327.78979448,37866.082,True,"[5.19376903, 0.0, -5.19376903, -0.0, 5.19376903, -5.19376903, 0.0, 0.0, 51.93769033]",64.0,0.09287658125,remote
1309_0,slab,-115.15413214,20479.706,True,"[5.88861383, 0.0, -5.88861383, -0.0, 5.88861383, -5.88861383, 0.0, 0.0, 47.10891066]",48.0,0.0,remote
1309_3,slab,-120.5892051,41801.091,True,"[5.88861383, 0.0, 0.0, 0.0, 5.88861383, -5.88861383, 0.0, 0.0, 41.22029683]",48.0,2.0833333333333334e-09,remote
1309_5,slab,-157.95199826,96671.516,True,"[5.88861383, 0.0, 0.0, 0.0, 11.77722766, -5.88861383, 0.0, 0.0, 29.44306916]",64.0,0.0,remote
1313_0,slab,-179.62407692,15774.771,True,"[6.38131787, 0.0, -6.38131787, -0.0, 6.38131787, -6.38131787, 0.0, 0.0, 51.05054292]",48.0,1.0270833333333334e-06,remote
1313_3,slab,-177.39423477,17928.678,True,"[6.38131787, 0.0, -6.38131787, -0.0, 6.38131787, -6.38131787, 0.0, 0.0, 51.05054292]",48.0,0.0,remote
1313_8,slab,-243.84353833,44028.906,True,"[6.38131787, 0.0, 0.0, 0.0, 12.76263573, -6.38131787, 0.0, 0.0, 31.90658933]",64.0,0.0,remote
1318_0,slab,-398.13505446,40355.773,True,"[6.26437455, 0.0, -6.26437455, -0.0, 6.26437455, -6.26437455, 0.0, 0.0, 50.11499638]",48.0,2.5289583333333333e-05,remote
1323_5,slab,-163.73245712,62722.227,True,"[6.60373523, 0.0, 0.0, 0.0, 13.20747046, -6.60373523, 0.0, 0.0, 33.01867616]",64.0,7.8125e-09,remote
1324_0,slab,-401.85272009,36191.625,True,"[6.21634005, 0.0, -6.21634005, 0.0, 6.21634005, -6.21634005, 0.0, 0.0, 49.7307204]",48.0,2.5e-08,remote
1325_5,slab,-408.65961234,315127.291,True,"[7.86979606, 0.0, -3.93489803, -0.0, 10.88782441, -3.93489803, 0.0, 0.0, 31.47918425]",60.0,0.857007655,remote
1325_9,slab,-409.15133733,200961.562,True,"[10.88782441, 0.0, 0.0, 0.0, 7.86979606, -3.93489803, 0.0, 0.0, 31.47918425]",60.0,0.981884675,remote
1328_12,slab,-213.70009644,58848.916,True,"[7.37601519, 0.0, 0.0, 0.0, 10.5050818, -4.34392558, 0.0, 0.0, 30.40747904]",48.0,2.0833333333333334e-09,remote
1331_0,slab,-380.74928287,46152.975,True,"[6.301511, 0.0, -6.301511, -0.0, 6.301511, -6.301511, 0.0, 0.0, 50.41208803]",48.0,6.25e-08,remote
1331_1,slab,-377.56322684,65646.021,True,"[6.301511, 0.0, -6.301511, -0.0, 6.301511, -6.301511, 0.0, 0.0, 50.41208803]",48.0,0.04665566458333333,remote
1331_3,slab,-385.54810107,68680.759,True,"[6.301511, 0.0, 0.0, 0.0, 6.301511, -6.301511, 0.0, 0.0, 44.11057703]",48.0,3.125e-08,remote
1335_3,slab,-165.94511923,23979.983,True,"[6.42011847, 0.0, 0.0, 0.0, 6.42011847, -6.42011847, 0.0, 0.0, 44.94082932]",48.0,2.0833333333333334e-09,remote
1335_5,slab,-217.00651255,33543.402,True,"[6.42011847, 0.0, 0.0, 0.0, 12.84023695, -6.42011847, 0.0, 0.0, 32.10059237]",64.0,0.0,remote
1343_17,slab,-440.13567031,198285.383,True,"[10.38774165, 0.0, -3.66948519, 2.01385209, 14.70284046, 0.0, 0.0, 0.0, 29.35588155]",72.0,0.07074205,remote
1343_82,slab,,,False,,,,remote
1343_83,slab,,,False,,,,remote
1350_5,slab,-262.70688137,170710.589,True,"[6.08119697, 0.0, 0.0, 0.0, 12.16239394, -6.08119697, 0.0, 0.0, 30.40598485]",64.0,0.0,remote
1353_1,slab,-406.35555996,83473.065,True,"[6.21003182, 0.0, -6.21003182, -0.0, 6.21003182, -6.21003182, 0.0, 0.0, 49.68025456]",48.0,0.3634656375,remote
1353_5,slab,-544.91379924,308999.166,True,"[6.21003182, 0.0, 0.0, 0.0, 12.42006364, -6.21003182, 0.0, 0.0, 31.0501591]",64.0,0.3548410421875,remote
1354_0,slab,-378.84593362,106155.016,True,"[6.91238765, 0.0, -6.91238765, -0.0, 6.91238765, -6.91238765, 0.0, 0.0, 48.38671357]",72.0,2.95e-06,remote
1358_3,slab,-291.65630386,36265.425,True,"[6.26468251, 0.0, 0.0, 0.0, 6.26468251, -6.26468251, 0.0, 0.0, 43.85277756]",48.0,1.1072261354166668,remote
1358_5,slab,-383.68483448,71046.8,True,"[6.26468251, 0.0, 0.0, 0.0, 12.52936502, -6.26468251, 0.0, 0.0, 31.32341254]",64.0,1.1230797640625,remote
1359_2,slab,-502.87800456,283717.409,True,"[4.19768607, 0.0, -4.19768607, 0.0, 24.78784945, -4.19768607, 0.0, 0.0, 41.97686072]",80.0,0.005638005,remote
1359_3,slab,-503.73658971,168860.665,True,"[4.19768607, 0.0, -4.19768607, 0.0, 24.78784945, -4.19768607, 0.0, 0.0, 41.97686072]",80.0,0.00056604875,remote
1362_45,slab,,,False,,,,remote
1362_46,slab,,,False,,,,remote
1367_3,slab,-333.30420855,15193.078,True,"[6.01599021, 0.0, 0.0, -0.0, 6.01599021, 6.01599021, 0.0, 0.0, 42.11193148]",48.0,6.458333333333333e-08,remote
1367_5,slab,-437.39032851,53957.933,True,"[6.01599021, 0.0, 0.0, 0.0, 12.03198042, -6.01599021, 0.0, 0.0, 30.07995106]",64.0,3.125e-09,remote
1372_90,slab,-467.50252241,117818.818,True,"[9.74723528, 0.0, 0.0, -2.65595706, 14.41592601, -5.8610566, 0.0, 0.0, 29.305283]",80.0,8.749999999999999e-09,remote
1378_5,slab,-535.45472595,44003.524,True,"[5.99449587, 0.0, 0.0, 0.0, 11.98899173, -5.99449587, 0.0, 0.0, 29.97247933]",64.0,1.09375e-08,remote
1379_0,slab,-365.44391345,48694.529,True,"[6.28854467, 0.0, -6.28854467, -0.0, 6.28854467, -6.28854467, 0.0, 0.0, 50.30835738]",48.0,0.09372048541666667,remote
1379_1,slab,-363.66053195,38564.417,True,"[6.28854467, 0.0, -6.28854467, -0.0, 6.28854467, -6.28854467, 0.0, 0.0, 50.30835738]",48.0,0.19362104375,remote
1381_2,slab,-387.12580131,283856.87,True,"[4.15998739, 0.0, -4.15998739, -0.0, 21.26733968, -4.15998739, 0.0, 0.0, 41.59987394]",80.0,0.0,remote
1385_3,slab,-386.97780071,35316.059,True,"[6.19319094, 0.0, 0.0, 0.0, 6.19319094, -6.19319094, 0.0, 0.0, 43.3523366]",48.0,4.166666666666667e-09,remote
1385_5,slab,-508.93052827,114306.587,True,"[6.19319094, 0.0, 0.0, 0.0, 12.38638188, -6.19319094, 0.0, 0.0, 30.96595471]",64.0,7.8125e-09,remote
1387_0,slab,-270.6503802,54149.689,True,"[6.61070273, 0.0, -6.61070273, 0.0, 6.61070273, -6.61070273, 0.0, 0.0, 46.2749191]",48.0,1.5208333333333334e-07,remote
1387_1,slab,-266.02611848,38222.146,True,"[6.61070273, 0.0, -6.61070273, 0.0, 6.61070273, -6.61070273, 0.0, 0.0, 46.2749191]",48.0,0.09788984791666666,remote
1387_5,slab,-359.90219102,257154.625,True,"[6.61070273, 0.0, 0.0, 0.0, 13.22140546, -6.61070273, 0.0, 0.0, 33.05351364]",64.0,0.0516841703125,remote
1389_3,slab,-310.61659693,39055.76,True,"[6.1872454, 0.0, 0.0, -0.0, 6.1872454, 6.1872454, 0.0, 0.0, 43.31071783]",48.0,2.083333333333333e-08,remote
1389_5,slab,-408.3613413,55210.786,True,"[6.1872454, 0.0, 0.0, 0.0, 12.37449081, -6.1872454, 0.0, 0.0, 30.93622702]",64.0,0.0,remote
1390_5,slab,-269.9807541,34964.131,True,"[6.29167601, 0.0, 0.0, 0.0, 12.58335202, -6.29167601, 0.0, 0.0, 31.45838004]",64.0,0.0,remote
1393_16,slab,-653.39731466,150039.501,True,"[18.50626001, 0.0, 0.0, 5.28750286, 4.5791118, 3.43584797, 0.0, 0.0, 34.35847972]",72.0,1.7777777777777776e-07,remote
1393_7,slab,-569.87180809,298288.691,True,"[12.11519104, 0.0, 0.0, 6.05759552, 3.49735441, 6.87169594, 0.0, 0.0, 58.40941553]",63.0,4.285714285714286e-08,remote
1393_8,slab,,,False,,,,remote
1394_8,slab,-358.9457854,19820.666,True,"[7.03403069, 0.0, -3.51701535, -0.0, 7.91969609, -3.51701535, 0.0, 0.0, 35.17015346]",48.0,0.0,remote
1395_0,slab,-400.5000541,63562.199,True,"[5.71802906, 0.0, -5.71802906, -0.0, 5.71802906, -5.71802906, 0.0, 0.0, 51.4622615]",64.0,1.2314250578125,remote
1395_1,slab,-400.78238692,83241.888,True,"[5.71802906, 0.0, -5.71802906, -0.0, 5.71802906, -5.71802906, 0.0, 0.0, 51.4622615]",64.0,1.2097273765625,remote
1396_0,slab,-389.42626261,34968.537,True,"[6.0784528, 0.0, -6.0784528, 0.0, 6.0784528, -6.0784528, 0.0, 0.0, 48.62762238]",48.0,3.2275e-05,remote
1396_3,slab,-395.36175134,54624.422,True,"[6.0784528, 0.0, 0.0, 0.0, 6.0784528, -6.0784528, 0.0, 0.0, 42.54916959]",48.0,0.18438613541666668,remote
1396_5,slab,-521.28775832,338486.959,True,"[6.0784528, 0.0, 0.0, 0.0, 12.1569056, -6.0784528, 0.0, 0.0, 30.39226399]",64.0,0.2065670765625,remote
1399_2,slab,-353.80986032,144488.893,True,"[6.89363512, 0.0, -6.89363512, -0.0, 6.89363512, -6.89363512, 0.0, 0.0, 48.25544581]",72.0,2.4166666666666665e-07,remote
1399_3,slab,-352.55440431,128947.216,True,"[6.89363512, 0.0, -6.89363512, -0.0, 6.89363512, -6.89363512, 0.0, 0.0, 48.25544581]",72.0,0.05873083055555555,remote
1400_0,slab,-390.54713211,45996.556,True,"[5.93052301, 0.0, 5.93052301, 5.93052301, 5.93052301, -0.0, 0.0, 0.0, 47.44418406]",48.0,0.31867746458333335,remote
1400_5,slab,-523.00703561,205185.19,True,"[5.93052301, 0.0, 0.0, 0.0, 11.86104602, -5.93052301, 0.0, 0.0, 29.65261504]",64.0,0.356665409375,remote
1400_6,slab,-263.96578305,28651.357,True,"[5.93052301, 0.0, 0.0, 0.0, 5.93052301, 0.0, 0.0, 0.0, 29.65261504]",32.0,0.39236303125,remote
1407_14,slab,-186.32511529,40457.867,True,"[9.37439682, 0.0, -4.1133538, 5.39760049, 5.01788926, 0.0, 0.0, 0.0, 32.90683038]",36.0,2.7777777777777776e-09,remote
1407_62,slab,-374.64170918,212838.649,True,"[4.1133538, 0.0, 0.0, -0.0, 14.69378256, 18.04783661, 0.0, 0.0, 44.81865643]",72.0,1.3888888888888888e-09,remote
1407_63,slab,,,False,,,,remote
1411_10,slab,-436.87615239,163271.865,True,"[4.50643085, 0.0, -4.24675389, -0.0, 10.14715702, -4.24675389, 0.0, 0.0, 42.46753891]",64.0,7.8125e-09,remote
1411_77,slab,-331.69791334,44584.307,True,"[4.24675389, 0.0, 0.0, -0.0, 9.01286169, 5.07357851, 0.0, 0.0, 35.51504958]",48.0,3.3333333333333334e-08,remote
1411_8,slab,-436.84754885,131623.628,True,"[4.50643085, 0.0, -4.24675389, -0.0, 10.14715702, -4.24675389, 0.0, 0.0, 42.46753891]",64.0,5.78125e-08,remote
1412_0,slab,-305.44355546,10649.905,True,"[6.02799474, 0.0, -6.02799474, -0.0, 6.02799474, -6.02799474, 0.0, 0.0, 48.22395791]",48.0,2.0833333333333334e-09,remote
1415_5,slab,-397.37624553,147899.62,True,"[6.54456752, 0.0, 0.0, 0.0, 13.08913505, -6.54456752, 0.0, 0.0, 32.72283762]",64.0,0.0034995390625,remote
1418_43,slab,-594.81055237,155818.113,True,"[13.35512412, 0.0, 0.0, 0.0, 7.7105845, -3.62211214, 0.0, 0.0, 32.5990093]",72.0,0.005091548611111111,remote
1420_1,slab,-335.1994223,31686.215,True,"[6.46055228, 0.0, -6.46055228, -0.0, 6.46055228, -6.46055228, 0.0, 0.0, 51.68441827]",48.0,2.0833333333333334e-09,remote
1421_1,slab,,,False,,,,remote
1421_3,slab,-264.11400701,149787.345,True,"[7.36179297, 0.0, -8.5006663, -0.0, 6.27746067, -4.25033315, 0.0, 0.0, 42.50333151]",48.0,0.0,remote
1421_4,slab,-265.17881571,76365.188,True,"[7.36179297, 0.0, -8.5006663, -0.0, 6.27746067, -4.25033315, 0.0, 0.0, 42.50333151]",48.0,0.0,remote
1426_0,slab,-408.50334915,29521.856,True,"[5.99871592, 0.0, -5.99871592, -0.0, 5.99871592, -5.99871592, 0.0, 0.0, 47.98972739]",48.0,0.6143108083333334,remote
1426_1,slab,-408.75922124,27866.173,True,"[5.99871592, 0.0, -5.99871592, -0.0, 5.99871592, -5.99871592, 0.0, 0.0, 47.98972739]",48.0,0.4543809125,remote
1429_63,slab,-541.82134754,231603.943,True,"[10.59726073, 0.0, 4.21560963, 26.02776413, 8.83304249, 0.0, 0.0, 0.0, 42.15609634]",80.0,0.001122205,remote
1429_64,slab,-542.7586934,155191.513,True,"[10.59726073, 0.0, 4.21560963, 26.02776413, 8.83304249, 0.0, 0.0, 0.0, 42.15609634]",80.0,0.012615350000000001,remote
1429_66,slab,-541.56894678,95744.171,True,"[10.59726073, 0.0, 4.21560963, 26.02776413, 8.83304249, 0.0, 0.0, 0.0, 42.15609634]",80.0,0.0,remote
1431_0,slab,-434.67844879,21638.374,True,"[6.04342673, 0.0, -6.04342673, -0.0, 6.04342673, -6.04342673, 0.0, 0.0, 48.34741384]",48.0,2.3958333333333335e-07,remote
1431_1,slab,-434.22443151,23864.261,True,"[6.04342673, 0.0, -6.04342673, -0.0, 6.04342673, -6.04342673, 0.0, 0.0, 48.34741384]",48.0,0.008746714583333334,remote
1433_0,slab,-549.3049923,38343.835,True,"[6.4282341, 0.0, -6.4282341, -0.0, 6.4282341, -6.4282341, 0.0, 0.0, 51.42587282]",48.0,0.0,remote
1433_3,slab,-558.54792262,27812.108,True,"[6.4282341, 0.0, 0.0, 0.0, 6.4282341, -6.4282341, 0.0, 0.0, 44.99763872]",48.0,1.4583333333333333e-08,remote
1433_5,slab,-734.50159045,133165.989,True,"[6.4282341, 0.0, 0.0, 0.0, 12.85646821, -6.4282341, 0.0, 0.0, 32.14117051]",64.0,0.0,remote
1434_8,slab,-242.64961903,92538.442,True,"[5.9888584, 0.0, 0.0, 0.0, 11.97771681, -5.9888584, 0.0, 0.0, 29.94429201]",64.0,0.0,remote
1436_5,slab,,,False,,,,remote
1437_16,slab,-418.58152435,193026.199,True,"[3.41545368, 0.0, -1.9719131, -0.0, 26.34494522, -3.9438262, 0.0, 0.0, 31.55060962]",60.0,0.023488886666666667,remote
1437_22,slab,-424.98859926,99766.752,True,"[6.83090736, 0.0, -0.0, 0.0, 13.17247261, 3.9438262, 0.0, 0.0, 27.60678341]",60.0,0.0,remote
1437_5,slab,,,False,,,,remote
1441_10,slab,-437.42447409,225962.931,True,"[16.0807019, 0.0, 0.0, 3.21614038, 6.43228076, 3.34415565, 0.0, 0.0, 33.44155655]",80.0,0.0,remote
1441_9,slab,-438.13229738,239724.788,True,"[16.0807019, 0.0, 0.0, 3.21614038, 6.43228076, 3.34415565, 0.0, 0.0, 33.44155655]",80.0,0.0,remote
1444_5,slab,-426.56662905,85210.979,True,"[6.48649421, 0.0, 0.0, 0.0, 12.97298842, -6.48649421, 0.0, 0.0, 32.43247106]",64.0,1.5625e-09,remote
1449_24,slab,-294.45444546,315089.362,True,"[14.27727359, 0.0, -7.1386368, 0.0, 9.45690651, -7.1386368, 0.0, 0.0, 35.69318399]",64.0,0.0,remote
1450_0,slab,-360.84392303,40513.398,True,"[5.98305872, 0.0, -5.98305872, -0.0, 5.98305872, -5.98305872, 0.0, 0.0, 47.86446974]",48.0,1.0645913020833333,remote
1450_3,slab,-365.38708976,64335.496,True,"[5.98305872, 0.0, 0.0, -0.0, 5.98305872, 5.98305872, 0.0, 0.0, 41.88141102]",48.0,1.1065346083333334,remote
1450_5,slab,-481.71521715,161378.123,True,"[5.98305872, 0.0, 0.0, 0.0, 11.96611743, -5.98305872, 0.0, 0.0, 29.91529359]",64.0,1.1216147640625,remote
1455_2,slab,-154.95964596,41078.091,True,"[5.7627029, 0.0, 0.0, 0.0, 3.85438945, -6.67599837, 0.0, 0.0, 53.40798694]",30.0,0.14840042333333334,remote
1455_4,slab,-245.47110599,128724.69,True,"[7.70877891, 0.0, -8.90133116, 0.0, 5.7627029, -4.45066558, 0.0, 0.0, 44.50665579]",48.0,0.06144051875,remote
1455_8,slab,-247.18714625,100011.942,True,"[5.7627029, 0.0, 0.0, 0.0, 7.70877891, -8.90133116, 0.0, 0.0, 44.50665579]",48.0,0.10972054583333334,remote
1466_0,slab,-333.31062703,63056.189,True,"[6.3563508, 0.0, -6.3563508, 0.0, 6.3563508, -6.3563508, 0.0, 0.0, 50.85080643]",48.0,1.6666666666666667e-08,remote
1466_1,slab,-332.0510304,45393.102,True,"[6.3563508, 0.0, -6.3563508, 0.0, 6.3563508, -6.3563508, 0.0, 0.0, 50.85080643]",48.0,3.541666666666667e-08,remote
1466_3,slab,-337.22402975,48885.373,True,"[6.3563508, 0.0, 0.0, 0.0, 6.3563508, -6.3563508, 0.0, 0.0, 44.49445562]",48.0,3.9583333333333334e-08,remote
1467_3,slab,-361.71709256,23896.883,True,"[6.12907771, 0.0, 0.0, 0.0, 6.12907771, -6.12907771, 0.0, 0.0, 42.90354398]",48.0,4.166666666666667e-09,remote
1471_0,slab,-489.83501439,59553.324,True,"[6.05001757, 0.0, -6.05001757, -0.0, 6.05001757, -6.05001757, 0.0, 0.0, 48.4001406]",48.0,2.0833333333333334e-09,remote
1471_1,slab,-489.51654639,25175.048,True,"[6.05001757, 0.0, -6.05001757, -0.0, 6.05001757, -6.05001757, 0.0, 0.0, 48.4001406]",48.0,1.5208333333333334e-07,remote
