id,type,energy,time,convergence,lattice_1d,atom_amount,mag_per_atom,runtype
1000_12,bulk,-157.69954127,461.368,True,"[5.46669505, 0.0, 0.0, 0.0, 13.15813451, -6.57906725, 0.0, 0.0, 6.57906725]",28.0,3.281071428571429e-05,local
1000_18,bulk,-157.67704394,427.567,True,"[6.57906725, 0.0, 0.0, 0.0, 10.93339009, -6.57906725, 0.0, 0.0, 6.57906725]",28.0,4.5275e-05,local
1001_4,bulk,-58.11961334,90.091,True,"[10.91046646, 0.0, 0.0, 0.0, 4.22865244, -4.22865244, 0.0, 0.0, 4.22865244]",10.0,0.00015731,local
1001_9,bulk,-116.24731446,253.718,True,"[10.91046646, 0.0, 0.0, 0.0, 8.45730488, -4.22865244, 0.0, 0.0, 4.22865244]",20.0,6.227500000000001e-05,local
1002_0,bulk,-32.94831909,85.733,True,"[6.46086321, 0.0, -6.46086321, -0.0, 6.46086321, -6.46086321, 0.0, 0.0, 6.46086321]",16.0,2.486875e-05,local
1002_1,bulk,-32.94831909,81.907,True,"[6.46086321, 0.0, -6.46086321, -0.0, 6.46086321, -6.46086321, 0.0, 0.0, 6.46086321]",16.0,2.486875e-05,local
1002_5,bulk,-65.89524349,212.535,True,"[6.46086321, 0.0, 0.0, 0.0, 12.92172642, -6.46086321, 0.0, 0.0, 6.46086321]",32.0,7.63125e-06,local
1005_0,bulk,-69.93172046,157.718,True,"[6.79600525, 0.0, -6.79600525, -0.0, 6.79600525, -6.79600525, 0.0, 0.0, 6.79600525]",16.0,1.4825e-05,local
1005_1,bulk,-69.93172046,187.224,True,"[6.79600525, 0.0, -6.79600525, -0.0, 6.79600525, -6.79600525, 0.0, 0.0, 6.79600525]",16.0,1.4825e-05,local
1007_11,bulk,-68.89636431,55.894,True,"[3.77744368, 0.0, 0.0, 0.0, 9.70951398, -3.77744368, 0.0, 0.0, 3.77744368]",10.0,9.548e-05,local
1007_17,bulk,-68.89071641,123.138,True,"[3.77744368, 0.0, -3.77744368, -0.0, 9.70951398, -7.55488735, 0.0, 0.0, 3.77744368]",10.0,1.77e-06,local
1007_9,bulk,-137.79183583,354.055,True,"[9.70951398, 0.0, 0.0, 0.0, 7.55488735, -3.77744368, 0.0, 0.0, 3.77744368]",20.0,7.5e-08,local
1009_0,bulk,-59.85831247,80.791,True,"[3.89328572, 0.0, -3.89328572, -0.0, 9.93129749, -3.89328572, 0.0, 0.0, 3.89328572]",10.0,5.79e-06,local
1009_5,bulk,-119.71512634,281.883,True,"[7.78657143, 0.0, -3.89328572, -0.0, 9.93129749, -3.89328572, 0.0, 0.0, 3.89328572]",20.0,4.0765e-05,local
1010_10,bulk,-53.55839811,128.575,True,"[3.12362851, 0.0, 0.0, -0.0, 5.91044075, 10.23718367, 0.0, 0.0, 6.82478911]",9.0,4.9699999999999995e-05,local
1010_6,bulk,-53.56017893,229.383,True,"[11.8208815, 0.0, 0.0, 5.91044075, 3.41239456, 6.24725702, 0.0, 0.0, 3.12362851]",9.0,4.558888888888889e-05,local
1015_20,bulk,-77.08499857,152.709,True,"[4.41785552, 0.0, 0.0, 4.41785552, 7.65195022, 5.51117811, 0.0, 0.0, 5.51117811]",12.0,0.00032412500000000003,local
1022_0,bulk,-54.3275471,69.279,True,"[4.22930729, 0.0, -4.22930729, -0.0, 9.89016104, -4.22930729, 0.0, 0.0, 4.22930729]",10.0,2.409e-05,local
1022_2,bulk,-108.62827755,218.155,True,"[4.22930729, 0.0, -4.22930729, -0.0, 19.78032207, -4.22930729, 0.0, 0.0, 4.22930729]",20.0,3.773e-05,local
1023_0,bulk,-160.92002486,151.12,True,"[6.19472686, 0.0, -6.19472686, -0.0, 6.19472686, -6.19472686, 0.0, 0.0, 6.19472686]",16.0,1.01096200625,local
1025_11,bulk,-78.02485366,61.191,True,"[3.70867498, 0.0, 0.0, -0.0, 5.80387241, 10.05260189, 0.0, 0.0, 6.70173459]",9.0,3.515555555555556e-05,local
1025_28,bulk,-156.0319972,133.02,True,"[3.70867498, 0.0, 0.0, 0.0, 11.60774482, -13.40346919, 0.0, 0.0, 6.70173459]",18.0,0.0001934722222222222,local
1025_7,bulk,-155.98287104,323.628,True,"[5.80387241, 0.0, 10.05260189, 5.80387241, 7.41734996, 3.3508673, 0.0, 0.0, 6.70173459]",18.0,1.5388888888888888e-06,local
1026_31,bulk,-92.33212756,447.659,True,"[13.23963746, 0.0, 0.0, 9.48457798, 12.69596504, 6.62266383, 0.0, 0.0, 6.62266383]",32.0,9.390625e-06,local
1029_2,bulk,-226.86474158,521.289,True,"[6.88724458, 0.0, -6.88724458, -0.0, 6.88724458, -6.88724458, 0.0, 0.0, 6.88724458]",24.0,1.5575e-05,local
1030_13,bulk,-60.31179687,96.362,True,"[3.97035098, 0.0, 0.0, 0.0, 11.59958129, -3.97035098, 0.0, 0.0, 3.97035098]",10.0,0.00021099999999999998,local
1030_14,bulk,-120.62684219,853.997,True,"[3.97035098, 0.0, 0.0, 0.0, 23.19916257, -3.97035098, 0.0, 0.0, 3.97035098]",20.0,3.1284999999999996e-05,local
1030_6,bulk,-120.61744347,439.311,True,"[7.94070197, 0.0, -3.97035098, 0.0, 11.59958129, -3.97035098, 0.0, 0.0, 3.97035098]",20.0,0.000183375,local
1033_3,bulk,-122.53891368,526.567,True,"[6.82806087, 0.0, -6.82806087, 0.0, 13.65612173, -6.82806087, 0.0, 0.0, 6.82806087]",24.0,3.457916666666666e-05,local
1033_5,bulk,-61.26414657,121.219,True,"[6.82806087, 0.0, 0.0, 0.0, 6.82806087, -6.82806087, 0.0, 0.0, 6.82806087]",12.0,1.3666666666666666e-06,local
1041_5,bulk,-164.17337048,422.424,True,"[6.7920001, 0.0, 0.0, 0.0, 13.5840002, -6.7920001, 0.0, 0.0, 6.7920001]",32.0,1.7375e-06,local
1047_6,bulk,-129.08088854,44.399,True,"[5.7613881, 0.0, 0.0, 0.0, 5.7613881, 0.0, 0.0, 0.0, 5.7613881]",16.0,6.9625e-06,local
1054_6,bulk,-185.12688524,74.956,True,"[6.32734986, 0.0, 0.0, 0.0, 6.32734986, 0.0, 0.0, 0.0, 6.32734986]",16.0,2.975e-06,local
1060_0,bulk,-42.58217347,65.004,True,"[6.29505393, 0.0, -6.29505393, -0.0, 6.29505393, -6.29505393, 0.0, 0.0, 6.29505393]",16.0,0.00015701875,local
1061_14,bulk,-121.30993123,134.928,True,"[4.05804573, 0.0, 0.0, 0.0, 26.92891813, -4.05804573, 0.0, 0.0, 4.05804573]",20.0,2.79e-06,local
1061_15,bulk,-121.30993123,170.24,True,"[4.05804573, 0.0, 0.0, 0.0, 26.92891813, -4.05804573, 0.0, 0.0, 4.05804573]",20.0,2.79e-06,local
1064_13,bulk,-159.30820857,794.421,True,"[4.52612603, 0.0, -2.61316008, 0.0, 12.08782409, -5.22632016, 0.0, 0.0, 5.22632016]",18.0,8.429444444444445e-05,local
1064_22,bulk,-159.30034964,606.983,True,"[4.52612603, 0.0, -2.61316008, 0.0, 12.08782409, -10.45264032, 0.0, 0.0, 5.22632016]",18.0,0.00011355555555555555,local
1064_23,bulk,-159.30034964,599.185,True,"[4.52612603, 0.0, -2.61316008, 0.0, 12.08782409, -10.45264032, 0.0, 0.0, 5.22632016]",18.0,0.00011355555555555555,local
1078_43,bulk,-98.80713285,349.016,True,"[7.3448906, 0.0, 0.0, 7.3448906, 12.72172369, 3.07841804, 0.0, 0.0, 3.07841804]",16.0,0.00010311875,local
1078_46,bulk,-98.80713285,325.992,True,"[7.3448906, 0.0, 0.0, 7.3448906, 12.72172369, 3.07841804, 0.0, 0.0, 3.07841804]",16.0,0.00010311875,local
1078_4,bulk,-49.40300683,115.311,True,"[12.72172369, 0.0, 0.0, 6.36086185, 3.6724453, 3.07841804, 0.0, 0.0, 3.07841804]",8.0,3.7625e-06,local
1083_37,bulk,-156.76538646,218.322,True,"[5.61449637, 0.0, -3.24153099, 0.0, 7.15403091, -6.48306198, 0.0, 0.0, 6.48306198]",18.0,0.23489941666666667,local
1083_46,bulk,-156.75845043,313.912,True,"[11.22899274, 0.0, 0.0, 0.0, 6.48306198, -3.57701546, 0.0, 0.0, 3.57701546]",18.0,0.2359992833333333,local
1083_7,bulk,-156.77427893,582.868,True,"[5.61449637, 0.0, -9.72459297, -0.0, 7.15403091, -6.48306198, 0.0, 0.0, 6.48306198]",18.0,0.2349491611111111,local
1084_0,bulk,-70.35925223,87.187,True,"[11.08297173, 0.0, 0.0, 5.54148586, 3.19937835, 3.52407267, 0.0, 0.0, 3.52407267]",9.0,0.22412964444444444,local
1084_35,bulk,-70.35753467,56.527,True,"[6.39875671, 0.0, 0.0, 3.19937835, 5.54148586, 3.52407267, 0.0, 0.0, 3.52407267]",9.0,0.21954726666666666,local
1084_8,bulk,-140.73111569,421.462,True,"[5.54148586, 0.0, -9.59813506, -0.0, 7.04814533, -6.39875671, 0.0, 0.0, 6.39875671]",18.0,0.2136322,local
1086_1,bulk,-125.11619317,123.533,True,"[5.9917108, 0.0, -5.9917108, -0.0, 5.9917108, -5.9917108, 0.0, 0.0, 5.9917108]",16.0,0.5382113,local
1088_10,bulk,-62.14600399,548.625,True,"[8.01651563, 0.0, 0.0, 0.0, 11.0886354, -4.53421719, 0.0, 0.0, 4.53421719]",16.0,6.25e-09,local
1088_49,bulk,-124.33667455,1118.34,True,"[4.53421719, 0.0, 0.0, 0.0, 16.03303126, -11.0886354, 0.0, 0.0, 11.0886354]",32.0,9.84375e-07,local
1091_3,bulk,-45.94611463,146.668,True,"[3.76915444, 0.0, -6.52836699, -0.0, 13.79499724, -4.35224466, 0.0, 0.0, 4.35224466]",12.0,5.741666666666666e-06,local
1091_8,bulk,-45.96919116,127.092,True,"[7.53830888, 0.0, -8.70448932, -0.0, 6.89749862, -4.35224466, 0.0, 0.0, 4.35224466]",12.0,0.0,local
1091_9,bulk,-45.96919116,99.971,True,"[7.53830888, 0.0, -8.70448932, -0.0, 6.89749862, -4.35224466, 0.0, 0.0, 4.35224466]",12.0,0.0,local
1092_19,bulk,-188.16369126,625.702,True,"[7.75750177, 0.0, 0.0, -0.0, 7.91287615, -7.43264592, 0.0, 0.0, 7.43264592]",32.0,5.54625e-05,local
1092_24,bulk,-188.16619495,594.865,True,"[7.75750177, 0.0, 0.0, 0.0, 7.91287615, 0.0, 0.0, 0.0, 7.43264592]",32.0,5.23125e-05,local
1092_48,bulk,-188.16619494,509.342,True,"[7.43264592, 0.0, 0.0, 0.0, 7.91287615, 0.0, 0.0, 0.0, 7.75750177]",32.0,5.236875e-05,local
1094_6,bulk,-100.48552691,57.151,True,"[5.89270742, 0.0, 0.0, 0.0, 5.89270742, 0.0, 0.0, 0.0, 5.89270742]",16.0,0.90425731875,local
1102_6,bulk,-62.76884011,316.276,True,"[10.8297468, 0.0, -4.3190639, -0.0, 9.06205426, -4.3190639, 0.0, 0.0, 4.3190639]",20.0,2.6475e-05,local
1103_1,bulk,-54.23307739,79.462,True,"[6.40143137, 0.0, -6.40143137, -0.0, 6.40143137, -6.40143137, 0.0, 0.0, 6.40143137]",16.0,4.353125e-05,local
1105_1,bulk,-169.0349673,254.492,True,"[6.53780938, 0.0, -6.53780938, -0.0, 6.53780938, -6.53780938, 0.0, 0.0, 6.53780938]",16.0,8.1e-06,local
1106_12,bulk,-78.87314715,111.219,True,"[4.63766221, 0.0, 0.0, 0.0, 17.51483632, -4.75883342, 0.0, 0.0, 4.75883342]",16.0,1.575e-06,local
1106_52,bulk,-78.87401459,231.876,True,"[4.75883342, 0.0, 0.0, -0.0, 17.51483632, 9.27532441, 0.0, 0.0, 4.63766221]",16.0,7.5e-08,local
1109_51,bulk,-141.76729621,450.394,True,"[3.6796467, 0.0, -2.12444501, -0.0, 20.62798725, 8.49778005, 0.0, 0.0, 4.24889003]",21.0,0.14600436666666666,local
1109_52,bulk,-141.76729621,484.423,True,"[3.6796467, 0.0, -2.12444501, -0.0, 20.62798725, 8.49778005, 0.0, 0.0, 4.24889003]",21.0,0.14600436666666666,local
1110_1,bulk,-141.77826498,168.967,True,"[6.19245051, 0.0, -6.19245051, -0.0, 6.19245051, -6.19245051, 0.0, 0.0, 6.19245051]",16.0,8.875e-07,local
1111_37,bulk,-252.9626756,560.608,True,"[6.48623959, 0.0, 0.0, 0.0, 12.79146868, 0.0, 0.0, 0.0, 10.63434327]",40.0,0.00010254750000000001,local
1113_24,bulk,-60.89953656,261.613,True,"[10.39677091, 0.0, 0.0, 0.0, 7.03526492, -4.04958045, 0.0, 0.0, 4.04958045]",16.0,9.375e-08,local
1113_44,bulk,-121.87942402,1342.0,True,"[11.15759594, 0.0, 0.0, 2.93954036, 7.54688741, 7.03526492, 0.0, 0.0, 7.03526492]",32.0,6.875e-08,local
1113_64,bulk,-60.91235602,162.268,True,"[4.04958045, 0.0, 0.0, 0.0, 10.39677091, 0.0, 0.0, 0.0, 7.03526492]",16.0,3.75e-06,local
1115_6,bulk,-115.17206457,65.623,True,"[6.23033658, 0.0, 0.0, 0.0, 6.23033658, 0.0, 0.0, 0.0, 6.23033658]",16.0,5.6875e-06,local
1117_37,bulk,-75.51605455,251.728,True,"[3.74022173, 0.0, -2.15941802, -0.0, 27.85364067, 8.6376721, 0.0, 0.0, 4.31883605]",21.0,1.0795238095238096e-05,local
1120_22,bulk,-124.94138091,277.102,True,"[8.14300616, 0.0, 0.0, 8.14300616, 8.14300616, 11.36865623, 0.0, 0.0, 11.36865623]",32.0,5.540625e-06,local
1120_23,bulk,-124.94138091,240.618,True,"[8.14300616, 0.0, 0.0, 8.14300616, 8.14300616, 11.36865623, 0.0, 0.0, 11.36865623]",32.0,5.540625e-06,local
1125_6,bulk,-95.23551111,283.823,True,"[5.60200455, 0.0, -2.80100227, 0.0, 12.84455802, -2.80100227, 0.0, 0.0, 2.80100227]",16.0,0.5391438375,local
1127_2,bulk,-117.79451499,545.553,True,"[4.17980064, 0.0, -4.17980064, -0.0, 20.94528395, -4.17980064, 0.0, 0.0, 4.17980064]",20.0,1.3585e-05,local
1128_26,bulk,-89.1956196,623.202,True,"[3.80090003, 0.0, 0.0, 0.0, 19.34934908, -3.80090003, 0.0, 0.0, 3.80090003]",18.0,8.01111111111111e-06,local
1128_43,bulk,-89.20833221,1347.924,True,"[3.80090003, 0.0, -3.80090003, 0.0, 19.34934908, -7.60180007, 0.0, 0.0, 3.80090003]",18.0,7.388888888888888e-07,local
1128_46,bulk,-89.19292054,609.29,True,"[3.80090003, 0.0, 0.0, 0.0, 19.34934908, -7.60180007, 0.0, 0.0, 3.80090003]",18.0,2.5061111111111112e-05,local
1129_0,bulk,-109.00569708,160.811,True,"[6.4631711, 0.0, -6.4631711, -0.0, 6.4631711, -6.4631711, 0.0, 0.0, 6.4631711]",16.0,1.191875e-05,local
1129_1,bulk,-109.00569708,206.363,True,"[6.4631711, 0.0, -6.4631711, -0.0, 6.4631711, -6.4631711, 0.0, 0.0, 6.4631711]",16.0,1.191875e-05,local
1135_6,bulk,-108.42004045,34.169,True,"[5.80893148, 0.0, 0.0, 0.0, 5.80893148, 0.0, 0.0, 0.0, 5.80893148]",16.0,0.00031668125,local
1136_13,bulk,-107.93625346,231.712,True,"[4.62946964, 0.0, -2.67282554, -0.0, 12.80955937, -5.34565109, 0.0, 0.0, 5.34565109]",18.0,0.00045402777777777775,local
1143_21,bulk,-113.71559285,153.287,True,"[9.86510329, 0.0, 0.0, 0.0, 7.0159996, -3.73433358, 0.0, 0.0, 3.73433358]",16.0,1.29375e-06,local
1143_33,bulk,-113.73724356,100.45,True,"[7.0159996, 0.0, 0.0, 0.0, 9.86510329, -7.46866717, 0.0, 0.0, 3.73433358]",16.0,7.8e-06,local
1143_46,bulk,-227.41807343,427.359,True,"[3.73433358, 0.0, 0.0, 0.0, 14.0319992, -9.86510329, 0.0, 0.0, 9.86510329]",32.0,1.5778125e-05,local
1144_6,bulk,-133.91529013,71.724,True,"[6.18512127, 0.0, 0.0, 0.0, 6.18512127, 0.0, 0.0, 0.0, 6.18512127]",16.0,8.14375e-06,local
1146_5,bulk,-107.91847764,232.711,True,"[5.59193633, 0.0, -9.68551784, 0.0, 8.04654104, -6.45701189, 0.0, 0.0, 6.45701189]",18.0,5.911111111111111e-06,local
1154_1,bulk,-165.69717595,288.128,True,"[6.40336456, 0.0, -6.40336456, -0.0, 6.40336456, -6.40336456, 0.0, 0.0, 6.40336456]",16.0,0.0343614625,local
1160_0,bulk,-157.68357314,157.717,True,"[6.02918041, 0.0, -6.02918041, -0.0, 6.02918041, -6.02918041, 0.0, 0.0, 6.02918041]",16.0,0.13061079375,local
1160_1,bulk,-157.68357315,188.284,True,"[6.02918041, 0.0, -6.02918041, -0.0, 6.02918041, -6.02918041, 0.0, 0.0, 6.02918041]",16.0,0.13061066875,local
1164_6,bulk,-139.77950243,63.187,True,"[5.83282284, 0.0, 0.0, 0.0, 5.83282284, 0.0, 0.0, 0.0, 5.83282284]",16.0,0.00016610625,local
1168_3,bulk,-65.15074879,118.259,True,"[6.17478218, 0.0, 0.0, -0.0, 6.17478218, 6.17478218, 0.0, 0.0, 6.17478218]",16.0,2.71625e-05,local
1169_35,bulk,-75.98733994,266.313,True,"[6.96932215, 0.0, -6.65265674, 0.0, 13.58819205, -13.30531348, 0.0, 0.0, 6.65265674]",20.0,0.00018764,local
1173_12,bulk,-86.77122608,65.955,True,"[4.17117926, 0.0, 0.0, 0.0, 9.70363765, -4.17117926, 0.0, 0.0, 4.17117926]",10.0,8.313e-05,local
1173_5,bulk,-173.54587846,133.476,True,"[8.34235852, 0.0, -4.17117926, -0.0, 9.70363765, -4.17117926, 0.0, 0.0, 4.17117926]",20.0,0.00019144,local
1174_16,bulk,-120.93478196,484.342,True,"[18.39615853, 0.0, 0.0, 5.25604529, 4.55186875, 3.35330226, 0.0, 0.0, 3.35330226]",18.0,1.8944444444444446e-06,local
1174_39,bulk,-120.93290034,346.903,True,"[12.04311271, 0.0, 0.0, 0.0, 6.95309436, -3.35330226, 0.0, 0.0, 3.35330226]",18.0,2.5666666666666665e-06,local
1175_0,bulk,-69.68814884,253.141,True,"[9.92232612, 0.0, 4.1196044, 14.15623614, 4.92559318, 0.0, 0.0, 0.0, 4.1196044]",12.0,8.333333333333334e-09,local
1175_10,bulk,-69.64108753,271.58,True,"[6.49518762, 0.0, 0.0, 6.46790185, 7.52454658, 4.1196044, 0.0, 0.0, 4.1196044]",12.0,1.6666666666666667e-08,local
1175_86,bulk,-139.28127069,877.72,True,"[8.578458, 0.0, 6.46790185, 13.20022812, 7.22697604, 19.43099132, 0.0, 0.0, 6.49518762]",24.0,1.25e-08,local
1176_6,bulk,-95.27959724,31.688,True,"[6.5657104, 0.0, 0.0, 0.0, 6.5657104, 0.0, 0.0, 0.0, 6.5657104]",16.0,2.7475e-05,local
1177_5,bulk,-193.61786538,784.709,True,"[5.98071006, 0.0, 0.0, 0.0, 11.96142011, -5.98071006, 0.0, 0.0, 5.98071006]",32.0,0.450830646875,local
1178_0,bulk,-153.31367253,105.941,True,"[6.22086084, 0.0, -6.22086084, -0.0, 6.22086084, -6.22086084, 0.0, 0.0, 6.22086084]",16.0,1.6e-06,local
1181_11,bulk,-63.7453455,223.289,True,"[7.96703623, 0.0, -9.19954103, -0.0, 15.57397433, -4.59977051, 0.0, 0.0, 4.59977051]",20.0,2.76e-05,local
1184_0,bulk,-120.75892209,144.622,True,"[5.4919745, 0.0, -5.4919745, -0.0, 5.4919745, -5.4919745, 0.0, 0.0, 5.4919745]",16.0,0.22210440625,local
1186_1,bulk,-179.86270267,158.411,True,"[6.4159441, 0.0, -6.4159441, -0.0, 6.4159441, -6.4159441, 0.0, 0.0, 6.4159441]",16.0,1.151875e-05,local
1190_1,bulk,-51.98114337,105.346,True,"[6.35555563, 0.0, -6.35555563, -0.0, 6.35555563, -6.35555563, 0.0, 0.0, 6.35555563]",16.0,1.9675e-05,local
1190_5,bulk,-103.95579195,414.286,True,"[6.35555563, 0.0, 0.0, 0.0, 12.71111126, -6.35555563, 0.0, 0.0, 6.35555563]",32.0,2.8125e-06,local
1197_1,bulk,-47.41607909,116.653,True,"[4.0091415, 0.0, 6.94403678, 4.0091415, 19.30572897, 2.31467893, 0.0, 0.0, 4.62935785]",12.0,0.00013879999999999999,local
1198_6,bulk,-85.45454613,36.981,True,"[5.60034781, 0.0, 0.0, 0.0, 5.60034781, 0.0, 0.0, 0.0, 5.60034781]",16.0,6.1375e-06,local
1202_15,bulk,-44.90670982,37.008,True,"[2.87455779, 0.0, 0.0, -0.0, 5.74911557, 5.70549982, 0.0, 0.0, 5.70549982]",8.0,0.0014270125,local
1202_2,bulk,-44.91154346,57.729,True,"[2.87455779, 0.0, 2.87455779, 2.87455779, 11.41099963, 0.0, 0.0, 0.0, 2.87455779]",8.0,0.0003528125,local
1202_4,bulk,-22.45689234,31.121,True,"[5.70549982, 0.0, 0.0, 0.0, 2.87455779, -2.87455779, 0.0, 0.0, 2.87455779]",4.0,0.000532875,local
1204_21,bulk,-265.20067242,672.43,True,"[6.48424551, 0.0, 4.72594346, 6.48424551, 13.55975251, 0.0, 0.0, 0.0, 4.72594346]",24.0,2.437083333333333e-05,local
1204_27,bulk,-265.29738623,616.304,True,"[13.55975251, 0.0, 0.0, -0.0, 6.48424551, 4.72594346, 0.0, 0.0, 4.72594346]",24.0,3.25375e-05,local
1204_39,bulk,-265.30485407,507.596,True,"[3.24212276, 0.0, 0.0, 0.0, 27.11950502, -4.72594346, 0.0, 0.0, 4.72594346]",24.0,1.90375e-05,local
1205_0,bulk,-82.37388455,142.625,True,"[11.6485488, 0.0, 0.0, 5.8242744, 3.36264639, 3.80257832, 0.0, 0.0, 3.80257832]",9.0,1.111111111111111e-08,local
1205_5,bulk,-164.73614091,318.169,True,"[5.8242744, 0.0, 10.08793918, 5.8242744, 7.60515664, 3.36264639, 0.0, 0.0, 6.72529279]",18.0,2.0333333333333335e-06,local
1205_7,bulk,-164.73614091,277.471,True,"[5.8242744, 0.0, 10.08793918, 5.8242744, 7.60515664, 3.36264639, 0.0, 0.0, 6.72529279]",18.0,2.0333333333333335e-06,local
1220_20,bulk,-61.97580906,744.599,True,"[11.78301306, 0.0, 0.00048387, -1.09650153, 12.1578064, 10.06750487, 0.0, 0.0, 5.04154176]",24.0,2.9583333333333334e-07,local
1220_38,bulk,-61.94414838,697.344,True,"[11.78301306, 0.0, 10.08259965, -1.09650153, 12.1578064, 0.01557865, 0.0, 0.0, 5.04154176]",24.0,5.25e-07,local
1225_1,bulk,-33.28468893,105.972,True,"[6.77395841, 0.0, -6.77395841, -0.0, 6.77395841, -6.77395841, 0.0, 0.0, 6.77395841]",16.0,1.463125e-05,local
1228_1,bulk,-132.98632006,137.038,True,"[5.92947314, 0.0, -5.92947314, -0.0, 5.92947314, -5.92947314, 0.0, 0.0, 5.92947314]",16.0,5.598125e-05,local
1229_18,bulk,-90.03674312,308.349,True,"[10.65761872, 0.0, 0.0, 0.0, 12.57286542, -7.97918019, 0.0, 0.0, 7.97918019]",32.0,4.596875e-06,local
1229_3,bulk,-90.03919941,397.629,True,"[10.65761872, 0.0, -7.97918019, -0.0, 12.57286542, -7.97918019, 0.0, 0.0, 7.97918019]",32.0,1.56875e-06,local
1230_2,bulk,-66.9535187,157.137,True,"[12.11393704, 0.0, 0.0, 6.05696852, 3.49699241, 3.48289775, 0.0, 0.0, 3.48289775]",9.0,9.11111111111111e-07,local
1230_40,bulk,-133.90574904,269.636,True,"[12.11393704, 0.0, 0.0, 0.0, 6.99398481, -3.48289775, 0.0, 0.0, 3.48289775]",18.0,3.745555555555556e-05,local
1230_45,bulk,-133.9049735,406.705,True,"[6.99398481, 0.0, 0.0, 6.99398481, 12.11393704, 3.48289775, 0.0, 0.0, 3.48289775]",18.0,5.722222222222222e-07,local
1235_9,bulk,-124.66776333,361.316,True,"[11.50425023, 0.0, -4.07705565, -0.0, 8.72163236, -4.07705565, 0.0, 0.0, 4.07705565]",20.0,3.4000000000000003e-07,local
1240_14,bulk,-71.5027257,130.175,True,"[3.8472973, 0.0, -2.22123813, -0.0, 10.84690327, -4.44247626, 0.0, 0.0, 4.44247626]",12.0,6.333333333333333e-05,local
1240_18,bulk,-71.49009268,154.725,True,"[7.69459459, 0.0, 0.0, -0.0, 5.42345163, 4.44247626, 0.0, 0.0, 4.44247626]",12.0,0.00012443333333333334,local
1240_3,bulk,-71.49217977,130.535,True,"[7.69459459, 0.0, -8.88495252, -0.0, 5.42345163, -4.44247626, 0.0, 0.0, 4.44247626]",12.0,0.000123475,local
1243_6,bulk,-37.68187199,49.802,True,"[13.86935182, 0.0, 0.0, 6.93467591, 4.003737, 7.76144585, 0.0, 0.0, 3.88072292]",9.0,3.847777777777778e-05,local
1245_1,bulk,-108.63553848,109.349,True,"[5.75501363, 0.0, -5.75501363, -0.0, 5.75501363, -5.75501363, 0.0, 0.0, 5.75501363]",16.0,0.50473010625,local
1247_5,bulk,-112.52911693,299.144,True,"[5.85748733, 0.0, 10.14546566, 5.85748733, 7.91359124, 3.38182189, 0.0, 0.0, 6.76364377]",18.0,4.605555555555556e-06,local
1249_3,bulk,-89.92640957,629.909,True,"[6.97333227, 0.0, -6.97333227, 0.0, 13.94666454, -6.97333227, 0.0, 0.0, 6.97333227]",24.0,3.023333333333333e-05,local
1249_4,bulk,-89.92640957,538.889,True,"[6.97333227, 0.0, -6.97333227, 0.0, 13.94666454, -6.97333227, 0.0, 0.0, 6.97333227]",24.0,3.023333333333333e-05,local
1250_6,bulk,-100.07947198,55.176,True,"[5.89995007, 0.0, 0.0, 0.0, 5.89995007, 0.0, 0.0, 0.0, 5.89995007]",16.0,0.00017906875,local
1251_2,bulk,-74.53930526,97.379,True,"[6.20856481, 0.0, -6.20856481, -0.0, 6.20856481, -6.20856481, 0.0, 0.0, 6.20856481]",12.0,5.208333333333333e-06,local
1253_12,bulk,-52.0319059,463.097,True,"[8.36431069, 0.0, 0.0, 0.0, 11.3577643, -4.51964237, 0.0, 0.0, 4.51964237]",16.0,1.25e-08,local
1254_41,bulk,-155.83370181,666.21,True,"[13.64562235, 0.0, 0.0, 0.0, 7.87830374, -3.27410145, 0.0, 0.0, 3.27410145]",18.0,2.156111111111111e-05,local
1256_0,bulk,-68.19109811,255.726,True,"[6.97517558, 0.0, -6.97517558, 0.0, 6.97517558, -6.97517558, 0.0, 0.0, 6.97517558]",16.0,0.00067985625,local
1260_6,bulk,-91.20380006,28.511,True,"[5.9187769, 0.0, 0.0, 0.0, 5.9187769, 0.0, 0.0, 0.0, 5.9187769]",16.0,1.5925e-05,local
1261_25,bulk,-19.9151249,78.566,True,"[4.59391998, 0.0, 4.59391998, 9.18783995, 11.08835495, -0.0, 0.0, 0.0, 4.59391998]",8.0,1.33875e-05,local
1261_7,bulk,-39.83575554,194.413,True,"[9.18783995, 0.0, -4.59391998, -0.0, 11.08835495, -4.59391998, 0.0, 0.0, 4.59391998]",16.0,3.215625e-05,local
1261_9,bulk,-39.83575554,166.312,True,"[9.18783995, 0.0, -4.59391998, -0.0, 11.08835495, -4.59391998, 0.0, 0.0, 4.59391998]",16.0,3.215625e-05,local
1266_45,bulk,-107.67689216,384.131,True,"[4.02139171, 0.0, 0.0, 0.0, 14.23375109, -9.29834002, 0.0, 0.0, 9.29834002]",32.0,2.71875e-07,local
1266_49,bulk,-107.67689216,306.24,True,"[4.02139171, 0.0, 0.0, 0.0, 14.23375109, -9.29834002, 0.0, 0.0, 9.29834002]",32.0,2.71875e-07,local
1266_54,bulk,-107.63431588,227.116,True,"[4.02139171, 0.0, 0.0, -0.0, 18.59668004, 7.11687554, 0.0, 0.0, 7.11687554]",32.0,7.125e-07,local
1268_6,bulk,-189.05164577,49.517,True,"[6.49089102, 0.0, 0.0, 0.0, 6.49089102, 0.0, 0.0, 0.0, 6.49089102]",16.0,2.33125e-06,local
1270_5,bulk,-205.21846699,244.294,True,"[6.59050808, 0.0, 0.0, 0.0, 13.18101615, -6.59050808, 0.0, 0.0, 6.59050808]",32.0,4.034375e-06,local
1275_13,bulk,-83.06152261,250.507,True,"[4.33202327, 0.0, -2.5010948, 0.0, 11.06798786, -5.0021896, 0.0, 0.0, 5.0021896]",18.0,1.228888888888889e-05,local
1276_1,bulk,-44.75212466,72.647,True,"[6.36819914, 0.0, -6.36819914, -0.0, 6.36819914, -6.36819914, 0.0, 0.0, 6.36819914]",16.0,3.11875e-06,local
1277_0,bulk,-54.16800043,48.411,True,"[6.42288729, 0.0, -6.42288729, -0.0, 6.42288729, -6.42288729, 0.0, 0.0, 6.42288729]",16.0,3.073125e-05,local
1280_10,bulk,-134.31366341,265.513,True,"[4.5468117, 0.0, 0.0, 0.0, 6.51576681, -6.49343734, 0.0, 0.0, 6.49343734]",16.0,1.761875e-05,local
1280_9,bulk,-134.31366341,284.612,True,"[4.5468117, 0.0, 0.0, 0.0, 6.51576681, -6.49343734, 0.0, 0.0, 6.49343734]",16.0,1.761875e-05,local
1281_68,bulk,-163.68285043,574.806,True,"[11.47332977, 0.0, 2.6014059, 17.11982714, 9.98771062, 13.42179481, 0.0, 0.0, 8.21898301]",40.0,1.155e-05,local
1283_3,bulk,-102.85345956,88.483,True,"[5.93606688, 0.0, 0.0, 0.0, 5.93606688, -5.93606688, 0.0, 0.0, 5.93606688]",16.0,4.83375e-05,local
1284_0,bulk,-59.67690646,102.41,True,"[10.69290063, 0.0, 0.0, 5.34645031, 3.08677453, 3.68557998, 0.0, 0.0, 3.68557998]",9.0,1.143652088888889,local
1284_37,bulk,-119.36528048,217.06,True,"[5.34645031, 0.0, -3.08677453, -0.0, 7.37115997, -6.17354906, 0.0, 0.0, 6.17354906]",18.0,1.1435837777777778,local
1284_5,bulk,-119.39466465,252.302,True,"[5.34645031, 0.0, 9.26032359, 5.34645031, 7.37115997, 3.08677453, 0.0, 0.0, 6.17354906]",18.0,1.1549925888888888,local
1285_24,bulk,-66.61766882,34.507,True,"[5.68222045, 0.0, 0.0, 0.0, 11.04341584, 0.0, 0.0, 0.0, 5.68222045]",16.0,3.1e-05,local
1288_6,bulk,-106.06267847,78.143,True,"[6.09877649, 0.0, 0.0, 0.0, 6.09877649, 0.0, 0.0, 0.0, 6.09877649]",16.0,1.25625e-06,local
1296_16,bulk,-57.75862205,72.018,True,"[6.31610051, 0.0, 0.0, -0.0, 5.92312401, 3.64660233, 0.0, 0.0, 3.64660233]",8.0,0.6853221375,local
1298_14,bulk,-69.3523426,137.311,True,"[20.45453599, 0.0, 0.0, 5.84415314, 5.06118508, 4.12402263, 0.0, 0.0, 4.12402263]",18.0,0.0002710166666666667,local
1298_19,bulk,-69.3523426,102.15,True,"[20.45453599, 0.0, 0.0, 5.84415314, 5.06118508, 4.12402263, 0.0, 0.0, 4.12402263]",18.0,0.0002710166666666667,local
1298_47,bulk,-69.3404299,142.192,True,"[13.39063707, 0.0, 0.0, 0.0, 7.73108792, -4.12402263, 0.0, 0.0, 4.12402263]",18.0,0.0002577555555555555,local
1299_21,bulk,-122.51971752,88.197,True,"[6.59894692, 0.0, 0.0, -0.0, 8.02375031, -6.59894692, 0.0, 0.0, 6.59894692]",20.0,0.00012121,local
1299_29,bulk,-122.53493588,115.815,True,"[6.59894692, 0.0, 0.0, -0.0, 13.19789383, 4.01187516, 0.0, 0.0, 4.01187516]",20.0,8.828e-05,local
1299_6,bulk,-61.26619654,43.344,True,"[4.01187516, 0.0, 0.0, 0.0, 6.59894692, -6.59894692, 0.0, 0.0, 6.59894692]",10.0,2.1059999999999998e-05,local
1309_1,bulk,-42.43609776,86.005,True,"[5.88861383, 0.0, -5.88861383, -0.0, 5.88861383, -5.88861383, 0.0, 0.0, 5.88861383]",16.0,0.00011585625,local
1309_6,bulk,-42.43117517,47.676,True,"[5.88861383, 0.0, 0.0, 0.0, 5.88861383, 0.0, 0.0, 0.0, 5.88861383]",16.0,0.00010990625,local
1311_1,bulk,-68.42890039,99.568,True,"[5.69544542, 0.0, -5.69544542, -0.0, 5.69544542, -5.69544542, 0.0, 0.0, 5.69544542]",16.0,1.75375e-05,local
1314_8,bulk,-81.17608521,255.049,True,"[7.58045498, 0.0, -8.75315544, 0.0, 11.29198805, -4.37657772, 0.0, 0.0, 4.37657772]",16.0,0.0001391875,local
1317_42,bulk,-155.68838684,1039.102,True,"[10.92841359, 0.0, 0.0, -0.0, 8.75230023, 7.6381404, 0.0, 0.0, 7.6381404]",32.0,1.28125e-07,local
1317_58,bulk,-77.8267448,155.618,True,"[4.37615012, 0.0, 0.0, 0.0, 10.92841359, 0.0, 0.0, 0.0, 7.6381404]",16.0,0.00032683125,local
1317_9,bulk,-77.82743731,318.648,True,"[7.6381404, 0.0, 0.0, 0.0, 10.92841359, -4.37615012, 0.0, 0.0, 4.37615012]",16.0,1e-06,local
1319_5,bulk,-76.71993589,108.621,True,"[13.46449166, 0.0, 0.0, 6.73224583, 3.88686394, 6.6316936, 0.0, 0.0, 3.3158468]",9.0,0.0002029,local
1321_6,bulk,-134.02657022,46.427,True,"[6.03490439, 0.0, 0.0, 0.0, 6.03490439, 0.0, 0.0, 0.0, 6.03490439]",16.0,7.5625e-07,local
1322_0,bulk,-168.70036391,157.082,True,"[6.46465338, 0.0, -6.46465338, -0.0, 6.46465338, -6.46465338, 0.0, 0.0, 6.46465338]",16.0,4.375e-08,local
1322_1,bulk,-168.70036391,143.885,True,"[6.46465338, 0.0, -6.46465338, -0.0, 6.46465338, -6.46465338, 0.0, 0.0, 6.46465338]",16.0,4.375e-08,local
1326_11,bulk,-124.21231289,549.734,True,"[17.62685884, 0.0, 0.0, 3.52537177, 7.05074353, 7.35864529, 0.0, 0.0, 3.67932265]",20.0,4.47e-06,local
1327_77,bulk,-190.15711805,1196.682,True,"[9.88962227, 0.0, 0.0, -3.42078768, 15.34888306, -5.70258275, 0.0, 0.0, 5.70258275]",40.0,1.415e-06,local
1327_80,bulk,-190.15711805,1189.769,True,"[9.88962227, 0.0, 0.0, -3.42078768, 15.34888306, -5.70258275, 0.0, 0.0, 5.70258275]",40.0,1.415e-06,local
1328_38,bulk,-150.85744046,2042.676,True,"[11.36778048, 0.0, 0.0, 3.31985464, 8.0285318, 7.37601519, 0.0, 0.0, 7.37601519]",32.0,0.0,local
1328_42,bulk,-150.90295894,972.335,True,"[10.5050818, 0.0, 0.0, -0.0, 8.68785115, 7.37601519, 0.0, 0.0, 7.37601519]",32.0,1.90625e-07,local
1332_0,bulk,-115.57289217,159.566,True,"[6.27524593, 0.0, -6.27524593, -0.0, 6.27524593, -6.27524593, 0.0, 0.0, 6.27524593]",16.0,1.1475e-05,local
1334_39,bulk,-51.92434245,284.297,True,"[5.05918371, 0.0, -2.92092108, 0.0, 28.14093381, 11.6836843, 0.0, 0.0, 5.84184215]",21.0,5.628571428571429e-06,local
1340_0,bulk,-85.92006709,95.474,True,"[4.02716404, 0.0, -4.02716404, 0.0, 14.56862097, -4.02716404, 0.0, 0.0, 4.02716404]",16.0,3.16375e-05,local
1340_20,bulk,-85.93070593,242.714,True,"[4.02716404, 0.0, 4.02716404, 8.05432808, 14.56862097, 0.0, 0.0, 0.0, 4.02716404]",16.0,4.1875e-07,local
1343_131,bulk,-77.32147036,66.863,True,"[9.02641071, 0.0, -5.14092271, 0.0, 3.66948519, 0.0, 0.0, 0.0, 8.4601351]",12.0,4.1733333333333336e-05,local
1343_59,bulk,-154.63132614,310.159,True,"[3.66948519, 0.0, 0.0, 0.0, 14.70284046, 2.01385209, 0.0, 0.0, 10.38774165]",24.0,4.375e-07,local
1343_62,bulk,-77.32059652,146.463,True,"[3.66948519, 0.0, 0.0, -0.0, 9.02641071, 3.31921239, 0.0, 0.0, 8.4601351]",12.0,8.333333333333334e-09,local
1344_7,bulk,-189.25345952,345.266,True,"[5.95761705, 0.0, 0.0, 0.0, 11.91523411, -5.95761705, 0.0, 0.0, 5.95761705]",24.0,1.8745833333333333e-05,local
1344_8,bulk,-94.62967651,36.743,True,"[5.95761705, 0.0, 0.0, 0.0, 5.95761705, 0.0, 0.0, 0.0, 5.95761705]",12.0,4.013333333333333e-05,local
1346_21,bulk,-79.96177031,548.279,True,"[7.67520097, 0.0, 0.0, 0.0, 14.67607791, -4.47907965, 0.0, 0.0, 4.47907965]",24.0,2.5e-08,local
1346_23,bulk,-39.95033981,84.937,True,"[7.33803896, 0.0, 0.0, 0.0, 7.67520097, -4.47907965, 0.0, 0.0, 4.47907965]",12.0,0.0004206416666666666,local
1346_29,bulk,-79.92048359,313.612,True,"[7.33803896, 0.0, 0.0, 0.0, 15.35040195, -4.47907965, 0.0, 0.0, 4.47907965]",24.0,3.2041666666666668e-06,local
1355_16,bulk,-149.92852249,277.809,True,"[17.52462656, 0.0, 0.0, 5.00703616, 4.33622051, 3.93739598, 0.0, 0.0, 3.93739598]",18.0,1.661111111111111e-05,local
1355_1,bulk,-74.96901946,92.774,True,"[11.47256111, 0.0, 0.0, 5.73628055, 3.31184312, 3.93739598, 0.0, 0.0, 3.93739598]",9.0,1.4355555555555555e-05,local
1355_37,bulk,-149.91448758,113.692,True,"[5.73628055, 0.0, -3.31184312, -0.0, 7.87479195, -6.62368624, 0.0, 0.0, 6.62368624]",18.0,2.3294444444444444e-05,local
1356_0,bulk,-127.33750676,118.605,True,"[6.1469944, 0.0, -6.1469944, -0.0, 6.1469944, -6.1469944, 0.0, 0.0, 6.1469944]",16.0,1.565e-05,local
1357_10,bulk,-50.77216965,81.423,True,"[4.3486588, 0.0, 0.0, 0.0, 10.28875218, -4.3486588, 0.0, 0.0, 4.3486588]",10.0,0.0,local
1361_6,bulk,-193.24336189,49.378,True,"[6.3970466, 0.0, 0.0, 0.0, 6.3970466, 0.0, 0.0, 0.0, 6.3970466]",16.0,1.425e-06,local
1362_11,bulk,-79.02120654,133.208,True,"[3.48384394, 0.0, 0.0, 0.0, 5.55318865, -9.61840489, 0.0, 0.0, 6.41226993]",9.0,0.22656683333333336,local
1362_34,bulk,-79.01257705,101.161,True,"[6.41226993, 0.0, 0.0, 3.20613496, 5.55318865, 3.48384394, 0.0, 0.0, 3.48384394]",9.0,0.22964342222222223,local
1362_49,bulk,-158.02329579,971.628,True,"[6.41226993, 0.0, 0.0, 6.41226993, 11.1063773, 3.48384394, 0.0, 0.0, 3.48384394]",18.0,0.22949636666666665,local
1363_6,bulk,-77.73047248,146.766,True,"[8.82871217, 0.0, -4.41435608, 0.0, 10.52857214, -4.41435608, 0.0, 0.0, 4.41435608]",20.0,7.035e-06,local
1366_6,bulk,-104.98181431,21.854,True,"[6.4102564, 0.0, 0.0, 0.0, 6.4102564, 0.0, 0.0, 0.0, 6.4102564]",16.0,5.88125e-05,local
1369_0,bulk,-55.64902522,80.086,True,"[7.14706068, 0.0, -7.14706068, -0.0, 7.14706068, -7.14706068, 0.0, 0.0, 7.14706068]",16.0,1.120625e-05,local
1370_1,bulk,-64.54847874,243.632,True,"[11.98922744, 0.0, 0.0, 5.99461372, 3.46099185, 3.31404851, 0.0, 0.0, 3.31404851]",9.0,0.00024617777777777777,local
1370_2,bulk,-64.54847874,217.434,True,"[11.98922744, 0.0, 0.0, 5.99461372, 3.46099185, 3.31404851, 0.0, 0.0, 3.31404851]",9.0,0.00024617777777777777,local
1370_7,bulk,-64.55177719,328.978,True,"[11.98922744, 0.0, 0.0, 5.99461372, 3.46099185, 6.62809701, 0.0, 0.0, 3.31404851]",9.0,0.00013712222222222222,local
1371_23,bulk,-127.06460934,237.817,True,"[5.19324478, 0.0, 0.0, 0.0, 14.75076864, -5.2813176, 0.0, 0.0, 5.2813176]",24.0,4.125833333333334e-05,local
1372_47,bulk,-245.05984261,784.16,True,"[5.8610566, 0.0, 0.0, 0.0, 14.41592601, -12.40319234, 0.0, 0.0, 9.74723528]",40.0,2.4495000000000002e-05,local
1372_59,bulk,-245.03596621,1074.839,True,"[19.49447057, 0.0, 5.8610566, 11.07521381, 7.20796301, 0.0, 0.0, 0.0, 5.8610566]",40.0,2.35875e-05,local
1372_61,bulk,-245.03596621,1060.698,True,"[19.49447057, 0.0, 5.8610566, 11.07521381, 7.20796301, 0.0, 0.0, 0.0, 5.8610566]",40.0,2.35875e-05,local
1373_11,bulk,-95.87223945,85.326,True,"[5.65673887, 0.0, 0.0, 5.65673887, 5.65673887, 6.11613479, 0.0, 0.0, 6.11613479]",16.0,0.998698575,local
1373_1,bulk,-95.90911567,267.513,True,"[3.99991842, 0.0, -3.99991842, 0.0, 12.23226958, -3.99991842, 0.0, 0.0, 3.99991842]",16.0,1.03708728125,local
1373_2,bulk,-47.95529781,95.437,True,"[6.11613479, 0.0, 0.0, 0.0, 3.99991842, -3.99991842, 0.0, 0.0, 3.99991842]",8.0,1.045111175,local
1375_1,bulk,-78.08087788,208.626,True,"[7.05791593, 0.0, -7.05791593, -0.0, 7.05791593, -7.05791593, 0.0, 0.0, 7.05791593]",16.0,8.028125e-05,local
1377_0,bulk,-69.01308402,173.653,True,"[11.18261923, 0.0, -4.34004856, 0.0, 8.17318526, -4.34004856, 0.0, 0.0, 4.34004856]",16.0,5.271875e-05,local
1377_13,bulk,-68.98980548,341.009,True,"[8.17318526, 0.0, 0.0, 0.0, 11.18261923, -4.34004856, 0.0, 0.0, 4.34004856]",16.0,1.4375e-06,local
1380_14,bulk,-74.60181439,499.447,True,"[5.48459316, 0.0, -3.16653134, 0.0, 21.87917231, -6.33306267, 0.0, 0.0, 6.33306267]",24.0,1.4166666666666668e-07,local
1380_27,bulk,-74.633593,197.935,True,"[5.48459316, 0.0, -3.16653134, -0.0, 21.87917231, 12.66612535, 0.0, 0.0, 6.33306267]",24.0,8.333333333333333e-08,local
1381_13,bulk,-50.5357756,172.535,True,"[4.15998739, 0.0, 0.0, 0.0, 10.63366984, -4.15998739, 0.0, 0.0, 4.15998739]",10.0,0.0,local
1381_3,bulk,-101.02737942,794.106,True,"[4.15998739, 0.0, -4.15998739, -0.0, 21.26733968, -4.15998739, 0.0, 0.0, 4.15998739]",20.0,9.1e-07,local
1381_4,bulk,-50.51142887,73.74,True,"[10.63366984, 0.0, 0.0, 0.0, 4.15998739, -4.15998739, 0.0, 0.0, 4.15998739]",10.0,6.976000000000001e-05,local
1382_7,bulk,-57.63763289,54.057,True,"[13.38047918, 0.0, 0.0, 6.69023959, 3.86261163, 7.60545839, 0.0, 0.0, 3.8027292]",9.0,0.05372132222222222,local
1384_23,bulk,-87.2916812,66.896,True,"[3.66146902, 0.0, 0.0, 0.0, 16.40133591, -3.66146902, 0.0, 0.0, 3.66146902]",12.0,1.0358333333333334e-05,local
1384_8,bulk,-87.27668169,93.751,True,"[7.32293804, 0.0, -3.66146902, 0.0, 8.20066795, -3.66146902, 0.0, 0.0, 3.66146902]",12.0,6.125e-06,local
1388_1,bulk,-45.55786947,71.634,True,"[6.27877694, 0.0, -6.27877694, -0.0, 6.27877694, -6.27877694, 0.0, 0.0, 6.27877694]",16.0,7.31875e-06,local
1391_19,bulk,-71.00101949,43.109,True,"[4.1998672, 0.0, 0.0, 0.0, 9.80833028, -4.1998672, 0.0, 0.0, 4.1998672]",10.0,1.9450000000000002e-05,local
1393_26,bulk,-172.18596636,270.114,True,"[3.43584797, 0.0, 0.0, 0.0, 12.11519104, -13.98941762, 0.0, 0.0, 6.99470881]",18.0,1.427777777777778e-06,local
1393_9,bulk,-86.1044472,61.96,True,"[3.43584797, 0.0, 0.0, 0.0, 6.05759552, -10.49206322, 0.0, 0.0, 6.99470881]",9.0,4.513333333333334e-05,local
1394_4,bulk,-93.71569379,140.453,True,"[3.51701535, 0.0, -3.51701535, -0.0, 15.83939217, -3.51701535, 0.0, 0.0, 3.51701535]",12.0,3.25e-06,local
1395_5,bulk,-208.8350291,404.72,True,"[5.71802906, 0.0, 0.0, 0.0, 11.43605811, -5.71802906, 0.0, 0.0, 5.71802906]",32.0,1.255207846875,local
1407_2,bulk,-65.80930925,214.333,True,"[9.37439682, 0.0, 4.1133538, 13.35119315, 5.01788926, 0.0, 0.0, 0.0, 4.1133538]",12.0,4.166666666666666e-08,local
1407_58,bulk,-131.64383389,734.894,True,"[8.4200054, 0.0, 5.8225857, 12.82108714, 7.17822892, 18.04783661, 0.0, 0.0, 6.4026652]",24.0,3.1666666666666667e-07,local
1408_14,bulk,-114.54683529,397.245,True,"[12.61255272, 0.0, -6.30627636, 0.0, 12.63521665, -6.30627636, 0.0, 0.0, 6.30627636]",28.0,0.7146172535714286,local
1408_34,bulk,-114.56049524,521.218,True,"[6.30627636, 0.0, 0.0, 0.0, 25.2704333, -6.30627636, 0.0, 0.0, 6.30627636]",28.0,0.7144983785714285,local
1408_42,bulk,-57.27417434,125.336,True,"[6.30627636, 0.0, -6.30627636, -0.0, 12.63521665, -12.61255272, 0.0, 0.0, 6.30627636]",14.0,0.7146208714285713,local
1409_16,bulk,-56.70994848,77.183,True,"[4.02017166, 0.0, -4.02017166, 0.0, 10.23582616, -8.04034332, 0.0, 0.0, 4.02017166]",10.0,0.28315435,local
1409_21,bulk,-56.7133266,24.747,True,"[4.02017166, 0.0, 0.0, 0.0, 4.02017166, 0.0, 0.0, 0.0, 10.23582616]",10.0,0.2681023,local
1409_2,bulk,-113.42686711,333.013,True,"[4.02017166, 0.0, 4.02017166, 4.02017166, 20.47165232, 0.0, 0.0, 0.0, 4.02017166]",20.0,0.275502525,local
1411_38,bulk,-114.87830011,260.752,True,"[8.49350778, 0.0, 4.50643085, 8.49350778, 5.07357851, -0.0, 0.0, 0.0, 4.50643085]",16.0,6.52e-05,local
1411_40,bulk,-114.87830011,255.425,True,"[8.49350778, 0.0, 4.50643085, 8.49350778, 5.07357851, -0.0, 0.0, 0.0, 4.50643085]",16.0,6.52e-05,local
1411_53,bulk,-114.86500361,694.321,True,"[6.19215936, 0.0, 0.0, 5.82508219, 6.18126944, 5.07357851, 0.0, 0.0, 5.07357851]",16.0,1.25e-08,local
1414_5,bulk,-148.07242239,224.892,True,"[6.35720116, 0.0, -11.0109954, -0.0, 7.42212293, -7.3406636, 0.0, 0.0, 7.3406636]",18.0,1.3972222222222221e-05,local
1414_6,bulk,-148.07242239,246.478,True,"[6.35720116, 0.0, -11.0109954, -0.0, 7.42212293, -7.3406636, 0.0, 0.0, 7.3406636]",18.0,1.3972222222222221e-05,local
1417_14,bulk,-70.89247826,108.584,True,"[5.30169663, 0.0, 0.0, 0.0, 12.88630375, -3.59934179, 0.0, 0.0, 3.59934179]",12.0,4.799166666666666e-05,local
1417_40,bulk,-70.89307347,91.682,True,"[3.59934179, 0.0, 0.0, -0.0, 12.88630375, -10.60339325, 0.0, 0.0, 5.30169663]",12.0,5.078333333333333e-05,local
1417_6,bulk,-70.87724461,84.055,True,"[12.88630375, 0.0, 0.0, 0.0, 5.30169663, -3.59934179, 0.0, 0.0, 3.59934179]",12.0,1.6333333333333333e-06,local
1418_13,bulk,-155.42357733,754.62,True,"[20.40028906, 0.0, 0.0, 5.82865402, 5.04776245, 3.62211214, 0.0, 0.0, 3.62211214]",18.0,6.888888888888889e-07,local
1419_3,bulk,-55.54660112,129.782,True,"[6.18860155, 0.0, 0.0, 0.0, 6.18860155, -6.18860155, 0.0, 0.0, 6.18860155]",16.0,4.119375e-05,local
1422_21,bulk,-117.77365083,275.048,True,"[11.53380146, 0.0, 5.76485554, 14.39542119, 6.09992845, 0.0, 0.0, 0.0, 5.76485554]",20.0,1.046e-05,local
1422_4,bulk,-117.75422308,420.88,True,"[5.76690073, 0.0, 5.76485554, 11.4901402, 12.1998569, 0.0, 0.0, 0.0, 5.76485554]",20.0,6.2e-07,local
1422_7,bulk,-58.85399152,83.817,True,"[6.7378034, 0.0, 0.0, 2.44926662, 5.22094216, 5.76485554, 0.0, 0.0, 5.76485554]",10.0,4.26e-06,local
1424_44,bulk,-198.47311203,1191.865,True,"[5.76634051, 0.0, 0.0, -0.0, 15.20516007, 6.71454591, 0.0, 0.0, 9.92265951]",40.0,9.425000000000001e-07,local
1424_62,bulk,-198.48454167,1446.626,True,"[11.29219341, 0.0, 2.04846833, 16.6952417, 9.91567956, 11.86689299, 0.0, 0.0, 7.76995633]",40.0,2.625e-07,local
1424_65,bulk,-198.48454167,1179.77,True,"[11.29219341, 0.0, 2.04846833, 16.6952417, 9.91567956, 11.86689299, 0.0, 0.0, 7.76995633]",40.0,2.625e-07,local
1427_5,bulk,-106.13141322,331.684,True,"[3.66386072, 0.0, -3.66386072, -0.0, 14.33584823, -3.66386072, 0.0, 0.0, 3.66386072]",12.0,4.916666666666667e-07,local
1428_42,bulk,-145.84106497,551.556,True,"[11.52594942, 0.0, 0.0, 0.0, 6.65451, -3.60491376, 0.0, 0.0, 3.60491376]",18.0,0.27411797222222223,local
1428_6,bulk,-145.83823736,928.873,True,"[5.76297471, 0.0, -9.981765, -0.0, 7.20982753, -6.65451, 0.0, 0.0, 6.65451]",18.0,0.2670600166666667,local
1428_7,bulk,-145.83823736,646.712,True,"[5.76297471, 0.0, -9.981765, -0.0, 7.20982753, -6.65451, 0.0, 0.0, 6.65451]",18.0,0.2670600166666667,local
1429_65,bulk,-143.53668044,574.354,True,"[10.59726073, 0.0, 4.21560963, 26.02776413, 8.83304249, 0.0, 0.0, 0.0, 4.21560963]",20.0,6.675e-06,local
1429_68,bulk,-143.55904677,380.395,True,"[10.59726073, 0.0, -4.21560963, 16.36127877, 8.83304249, 0.0, 0.0, 0.0, 4.21560963]",20.0,2.022e-05,local
1429_78,bulk,-143.54593704,207.789,True,"[10.59726073, 0.0, 0.0, -4.83324268, 8.83304249, 0.0, 0.0, 0.0, 4.21560963]",20.0,4.1795e-05,local
1430_0,bulk,-27.36823196,59.937,True,"[6.7652139, 0.0, -6.7652139, -0.0, 6.7652139, -6.7652139, 0.0, 0.0, 6.7652139]",16.0,6.9375e-06,local
1435_13,bulk,-110.82015856,338.676,True,"[6.68611229, 0.0, 0.0, 0.0, 10.03898549, -3.87478305, 0.0, 0.0, 3.87478305]",20.0,0.10951540500000001,local
1435_22,bulk,-110.82524152,482.405,True,"[7.7495661, 0.0, 5.01949274, 7.7495661, 6.68611229, -0.0, 0.0, 0.0, 5.01949274]",20.0,0.09873665000000001,local
1435_27,bulk,-110.82456001,659.204,True,"[7.7495661, 0.0, 5.01949274, 3.87478305, 6.68611229, 0.0, 0.0, 0.0, 5.01949274]",20.0,0.10420496500000001,local
1436_6,bulk,-145.16078784,70.46,True,"[6.13647816, 0.0, 0.0, 0.0, 6.13647816, 0.0, 0.0, 0.0, 6.13647816]",16.0,0.1740582625,local
1438_3,bulk,-78.10299129,144.056,True,"[3.69021108, 0.0, -3.69021108, 0.0, 20.33535246, -3.69021108, 0.0, 0.0, 3.69021108]",12.0,9.575e-06,local
1443_1,bulk,-37.94768864,127.003,True,"[3.72891987, 0.0, -6.45867867, -0.0, 18.08674161, -4.30578578, 0.0, 0.0, 4.30578578]",12.0,4.745833333333333e-05,local
1443_3,bulk,-37.96075956,69.141,True,"[7.45783974, 0.0, -8.61157156, 0.0, 9.04337081, -4.30578578, 0.0, 0.0, 4.30578578]",12.0,2.2966666666666665e-05,local
1443_4,bulk,-37.96075956,85.673,True,"[7.45783974, 0.0, -8.61157156, 0.0, 9.04337081, -4.30578578, 0.0, 0.0, 4.30578578]",12.0,2.2966666666666665e-05,local
1444_0,bulk,-111.470153,175.212,True,"[6.48649421, 0.0, -6.48649421, -0.0, 6.48649421, -6.48649421, 0.0, 0.0, 6.48649421]",16.0,1.425625e-05,local
1444_6,bulk,-111.40539347,38.252,True,"[6.48649421, 0.0, 0.0, 0.0, 6.48649421, 0.0, 0.0, 0.0, 6.48649421]",16.0,5.75625e-06,local
1456_11,bulk,-62.50870397,338.045,True,"[7.83202399, 0.0, -9.04364232, -0.0, 15.01576609, -4.52182116, 0.0, 0.0, 4.52182116]",20.0,1.22e-06,local
1462_51,bulk,-111.77765701,1608.004,True,"[4.47522254, 0.0, 0.0, 0.0, 16.9456646, -11.26112702, 0.0, 0.0, 11.26112702]",32.0,1.53125e-07,local
1472_0,bulk,-57.93576392,139.781,True,"[4.10253562, 0.0, 4.10253562, 4.10253562, 7.28692505, 0.0, 0.0, 0.0, 4.10253562]",8.0,0.67144335,local
1472_10,bulk,-57.92324369,43.555,True,"[4.10253562, 0.0, 0.0, 0.0, 7.28692505, 0.0, 0.0, 0.0, 4.10253562]",8.0,0.6590135375,local
1472_9,bulk,-115.87103384,230.304,True,"[4.10253562, 0.0, 0.0, 0.0, 14.57385009, -4.10253562, 0.0, 0.0, 4.10253562]",16.0,0.65833509375,local
1482_52,bulk,-72.94260105,291.264,True,"[4.44278001, 0.0, 0.0, -0.0, 17.31256784, 8.45649925, 0.0, 0.0, 4.22824963]",16.0,2.855625e-05,local
1483_0,bulk,-173.93973492,173.968,True,"[6.29082237, 0.0, -6.29082237, -0.0, 6.29082237, -6.29082237, 0.0, 0.0, 6.29082237]",16.0,7.45625e-06,local
1483_1,bulk,-173.93973492,178.999,True,"[6.29082237, 0.0, -6.29082237, -0.0, 6.29082237, -6.29082237, 0.0, 0.0, 6.29082237]",16.0,7.46875e-06,local
1487_1,bulk,-123.22168727,138.909,True,"[6.1861598, 0.0, -6.1861598, -0.0, 6.1861598, -6.1861598, 0.0, 0.0, 6.1861598]",16.0,4.0725e-05,local
1488_1,bulk,-67.24109866,3658.087,False,"[3.61514315, 0.0, -3.61514315, 0.0, 7.31127901, -3.61514315, 0.0, 0.0, 3.61514315]",8.0,0.337797075,local
1494_29,bulk,-137.15330566,294.797,True,"[4.55472138, 0.0, -3.20906027, -0.0, 13.614145, -6.41812053, 0.0, 0.0, 3.20906027]",12.0,1.3958333333333333e-05,local
1494_30,bulk,-137.15330566,270.412,True,"[4.55472138, 0.0, -3.20906027, -0.0, 13.614145, -6.41812053, 0.0, 0.0, 3.20906027]",12.0,1.3958333333333333e-05,local
1494_31,bulk,-137.1929515,205.924,True,"[4.55472138, 0.0, 0.0, 0.0, 13.614145, -6.41812053, 0.0, 0.0, 3.20906027]",12.0,7.843333333333333e-05,local
1496_17,bulk,-65.84920631,92.327,True,"[4.20881024, 0.0, -4.20881024, -0.0, 10.43758736, -8.41762048, 0.0, 0.0, 4.20881024]",10.0,5.5119999999999994e-05,local
1497_10,bulk,-141.84788,292.775,True,"[9.418896, 0.0, 0.0, 4.7322093, 8.67990768, 3.98558924, 0.0, 0.0, 3.98558924]",20.0,0.000326525,local
1497_20,bulk,-141.84788096,536.839,True,"[9.88608124, 0.0, -3.98558924, 5.37750133, 8.26972243, 0.0, 0.0, 0.0, 3.98558924]",20.0,3.93e-06,local
1497_72,bulk,-283.69639283,1418.356,True,"[3.98558924, 0.0, 0.0, 0.0, 17.35981537, -0.04552261, 0.0, 0.0, 9.418896]",40.0,1.42825e-05,local
1498_1,bulk,-70.2821742,91.123,True,"[6.08895082, 0.0, -6.08895082, -0.0, 6.08895082, -6.08895082, 0.0, 0.0, 6.08895082]",16.0,2.038125e-05,local
1499_12,bulk,-113.47617717,827.184,True,"[4.10246729, 0.0, 0.0, 0.0, 21.70175002, -4.11415295, 0.0, 0.0, 4.11415295]",20.0,5.51e-06,local
1499_9,bulk,-113.47617717,632.768,True,"[4.10246729, 0.0, 0.0, 0.0, 21.70175002, -4.11415295, 0.0, 0.0, 4.11415295]",20.0,5.51e-06,local
1502_43,bulk,-185.11583885,333.776,True,"[10.82835114, 0.0, 0.0, 2.98936231, 7.47017018, 7.03444507, 0.0, 0.0, 7.03444507]",32.0,3.2375e-05,local
1503_46,bulk,-156.84836455,218.32,True,"[11.40233074, 0.0, 0.0, 0.0, 6.58313872, -3.91598859, 0.0, 0.0, 3.91598859]",18.0,1.5e-06,local
1503_51,bulk,-156.85076493,233.277,True,"[6.58313872, 0.0, 0.0, 6.58313872, 11.40233074, 3.91598859, 0.0, 0.0, 3.91598859]",18.0,4.053888888888889e-05,local
1503_52,bulk,-156.85076493,237.267,True,"[6.58313872, 0.0, 0.0, 6.58313872, 11.40233074, 3.91598859, 0.0, 0.0, 3.91598859]",18.0,4.053888888888889e-05,local
1505_3,bulk,-65.49711683,119.642,True,"[6.1088037, 0.0, 0.0, 0.0, 6.1088037, -6.1088037, 0.0, 0.0, 6.1088037]",16.0,9.84375e-06,local
1505_5,bulk,-130.99697453,519.717,True,"[6.1088037, 0.0, 0.0, 0.0, 12.2176074, -6.1088037, 0.0, 0.0, 6.1088037]",32.0,4.1625e-06,local
1506_42,bulk,-140.1534178,392.304,True,"[4.00602155, 0.0, 0.0, -0.0, 20.62505675, 5.72079314, 0.0, 0.0, 5.72079314]",24.0,1.8666666666666667e-06,local
1507_47,bulk,-174.62492451,299.545,True,"[4.01417962, 0.0, 0.0, 0.0, 13.40015673, -9.54886921, 0.0, 0.0, 9.54886921]",32.0,1.06875e-06,local
1507_57,bulk,-174.61964566,701.937,True,"[4.01417962, 0.0, 0.0, -0.0, 19.09773842, 6.70007837, 0.0, 0.0, 6.70007837]",32.0,7.290625e-06,local
1514_3,bulk,-83.7585614,354.577,True,"[4.31387479, 0.0, -4.31387479, -0.0, 19.84334819, -4.31387479, 0.0, 0.0, 4.31387479]",16.0,3.125e-08,local
1516_19,bulk,-95.99587785,222.06,True,"[3.79055058, 0.0, -3.79055058, 0.0, 14.89476626, -7.58110117, 0.0, 0.0, 3.79055058]",12.0,9.583333333333334e-07,local
1516_20,bulk,-95.99587785,311.063,True,"[3.79055058, 0.0, -3.79055058, 0.0, 14.89476626, -7.58110117, 0.0, 0.0, 3.79055058]",12.0,9.583333333333334e-07,local
1516_2,bulk,-96.00019492,184.989,True,"[3.79055058, 0.0, -3.79055058, -0.0, 14.89476626, -3.79055058, 0.0, 0.0, 3.79055058]",12.0,3.3333333333333334e-08,local
1517_50,bulk,-101.60307201,367.029,True,"[10.53154012, 0.0, 3.4707157, 5.29849944, 5.92490705, 0.0, 0.0, 0.0, 3.4707157]",16.0,1.4475e-05,local
1517_6,bulk,-101.6046446,412.343,True,"[5.26577006, 0.0, 3.4707157, 5.33122881, 11.84981409, 0.0, 0.0, 0.0, 3.4707157]",16.0,0.0001253875,local
1517_78,bulk,-101.60482782,442.516,True,"[5.26577006, 0.0, 0.0, -0.06545876, 11.84981409, -3.4707157, 0.0, 0.0, 3.4707157]",16.0,0.00010799375,local
1518_34,bulk,,,False,,,,local
1518_44,bulk,,,False,,,,local
1518_46,bulk,,,False,,,,local
1519_2,bulk,-65.41263331,66.769,True,"[6.34329845, 0.0, -6.34329845, -0.0, 6.34329845, -6.34329845, 0.0, 0.0, 6.34329845]",16.0,0.0001947375,local
1522_3,bulk,-89.74261506,117.945,True,"[6.21003403, 0.0, 0.0, 0.0, 6.21003403, -6.21003403, 0.0, 0.0, 6.21003403]",16.0,1.874375e-05,local
1523_54,bulk,-151.53413053,287.719,True,"[5.92311362, 0.0, -3.41971124, -0.0, 22.39193763, 13.67884497, 0.0, 0.0, 6.83942248]",30.0,0.5997280633333334,local
1524_10,bulk,-88.66586602,195.52,True,"[5.25416886, 0.0, 0.0, 0.0, 7.1148449, -5.0960857, 0.0, 0.0, 5.0960857]",12.0,0.958233,local
1529_0,bulk,-65.44247174,151.842,True,"[6.97825756, 0.0, -6.97825756, -0.0, 6.97825756, -6.97825756, 0.0, 0.0, 6.97825756]",16.0,1.28375e-05,local
1530_0,bulk,-151.76363284,142.508,True,"[6.08974513, 0.0, 6.08974513, 6.08974513, 6.08974513, -0.0, 0.0, 0.0, 6.08974513]",16.0,0.1382813875,local
1532_6,bulk,-132.23168586,53.538,True,"[5.96610287, 0.0, 0.0, 0.0, 5.96610287, 0.0, 0.0, 0.0, 5.96610287]",16.0,0.26596535,local
1534_6,bulk,-111.39577056,21.397,True,"[6.37140713, 0.0, 0.0, 0.0, 6.37140713, 0.0, 0.0, 0.0, 6.37140713]",16.0,1.289375e-05,local
1535_15,bulk,-124.26407697,187.259,True,"[2.76072908, 0.0, 0.0, 0.0, 14.05327412, -7.02663706, 0.0, 0.0, 7.02663706]",20.0,6.999999999999999e-08,local
1535_3,bulk,-62.11220291,67.209,True,"[9.93716543, 0.0, 0.0, 4.96858271, 4.96858271, 5.52145815, 0.0, 0.0, 2.76072908]",10.0,1.6e-06,local
1536_22,bulk,-53.61777941,249.828,True,"[5.01698811, 0.0, -2.89655944, -0.0, 27.13235679, -5.79311888, 0.0, 0.0, 5.79311888]",21.0,3.7523809523809524e-06,local
1536_40,bulk,-53.6196181,182.541,True,"[5.01698811, 0.0, -2.89655944, 0.0, 27.13235679, 11.58623775, 0.0, 0.0, 5.79311888]",21.0,4.042857142857143e-06,local
1536_41,bulk,-53.6196181,185.78,True,"[5.01698811, 0.0, -2.89655944, 0.0, 27.13235679, 11.58623775, 0.0, 0.0, 5.79311888]",21.0,4.042857142857143e-06,local
1537_11,bulk,-79.23941999,83.21,True,"[3.56948539, 0.0, 0.0, 0.0, 6.70777716, -11.61821085, 0.0, 0.0, 7.7454739]",9.0,3.878888888888889e-05,local
1540_0,bulk,-117.12912893,96.026,True,"[5.9157063, 0.0, -5.9157063, -0.0, 5.9157063, -5.9157063, 0.0, 0.0, 5.9157063]",16.0,4.7e-06,local
1541_6,bulk,-117.10782999,66.757,True,"[6.33578754, 0.0, 0.0, 0.0, 6.33578754, 0.0, 0.0, 0.0, 6.33578754]",16.0,3.5625e-07,local
1543_5,bulk,-245.79355025,796.95,True,"[5.91186847, 0.0, 0.0, 0.0, 11.82373694, -5.91186847, 0.0, 0.0, 5.91186847]",32.0,0.000160690625,local
1544_0,bulk,-125.15651114,143.104,True,"[6.50118845, 0.0, -6.50118845, 0.0, 6.50118845, -6.50118845, 0.0, 0.0, 6.50118845]",16.0,0.000170425,local
1544_1,bulk,-125.15651114,147.243,True,"[6.50118845, 0.0, -6.50118845, 0.0, 6.50118845, -6.50118845, 0.0, 0.0, 6.50118845]",16.0,0.000170425,local
1544_6,bulk,-125.09943492,36.815,True,"[6.50118845, 0.0, 0.0, 0.0, 6.50118845, 0.0, 0.0, 0.0, 6.50118845]",16.0,0.0025588375,local
1548_18,bulk,-124.01012446,410.496,True,"[17.17034946, 0.0, 0.0, 4.90581413, 4.24855966, 3.9629247, 0.0, 0.0, 3.9629247]",18.0,0.6162068722222221,local
1548_19,bulk,-124.01012446,385.179,True,"[17.17034946, 0.0, 0.0, 4.90581413, 4.24855966, 3.9629247, 0.0, 0.0, 3.9629247]",18.0,0.6162068722222221,local
1548_8,bulk,-123.98016616,274.005,True,"[5.62031615, 0.0, -9.73467313, -0.0, 7.9258494, -6.48978209, 0.0, 0.0, 6.48978209]",18.0,0.5933154444444444,local
1549_8,bulk,-94.99525096,226.003,True,"[6.58290569, 0.0, 0.0, 0.0, 13.16581138, -6.58290569, 0.0, 0.0, 6.58290569]",32.0,3.5475e-05,local
1550_14,bulk,-79.73184039,237.004,True,"[20.11532715, 0.0, 0.0, 5.74723633, 4.97725266, 4.11391474, 0.0, 0.0, 4.11391474]",18.0,8.417222222222221e-05,local
1550_18,bulk,-79.73184039,268.477,True,"[20.11532715, 0.0, 0.0, 5.74723633, 4.97725266, 4.11391474, 0.0, 0.0, 4.11391474]",18.0,8.417222222222221e-05,local
1550_47,bulk,-79.72996157,153.253,True,"[13.16857276, 0.0, 0.0, 0.0, 7.60287903, -4.11391474, 0.0, 0.0, 4.11391474]",18.0,7.836111111111112e-05,local
1552_9,bulk,-59.77263159,56.868,True,"[5.48381348, 0.0, 0.0, 0.0, 7.06168927, -8.15413641, 0.0, 0.0, 4.0770682]",12.0,4.8249999999999995e-06,local
1556_0,bulk,-33.21613783,110.895,True,"[8.45847127, 0.0, -8.45847127, -0.0, 8.45847127, -8.45847127, 0.0, 0.0, 8.45847127]",16.0,0.00014543125,local
1557_6,bulk,-149.30166496,69.562,True,"[6.21242409, 0.0, 0.0, 0.0, 6.21242409, 0.0, 0.0, 0.0, 6.21242409]",16.0,0.47778030625,local
1558_0,bulk,-47.14745349,194.004,True,"[3.56880758, 0.0, -3.56880758, 0.0, 7.12300227, -3.56880758, 0.0, 0.0, 3.56880758]",8.0,4.2575e-05,local
1565_5,bulk,-208.53785722,382.374,True,"[5.97103878, 0.0, 0.0, 0.0, 11.94207756, -5.97103878, 0.0, 0.0, 5.97103878]",32.0,3.246875e-06,local
1568_6,bulk,-104.86031923,55.572,True,"[6.27529735, 0.0, 0.0, 0.0, 6.27529735, 0.0, 0.0, 0.0, 6.27529735]",16.0,0.26208480625,local
1571_18,bulk,-96.1208886,303.833,True,"[3.74600615, 0.0, -3.74600615, 0.0, 14.56330084, -7.49201229, 0.0, 0.0, 3.74600615]",12.0,5.0725e-05,local
1571_2,bulk,-96.12470296,216.351,True,"[3.74600615, 0.0, -3.74600615, -0.0, 14.56330084, -3.74600615, 0.0, 0.0, 3.74600615]",12.0,5.3691666666666666e-05,local
1571_5,bulk,-96.12292794,195.369,True,"[14.56330084, 0.0, 0.0, 0.0, 3.74600615, -3.74600615, 0.0, 0.0, 3.74600615]",12.0,4.345833333333334e-05,local
1572_11,bulk,,,False,,,,local
1572_17,bulk,-100.44117438,131.159,True,"[7.18221431, 0.0, -4.14665336, 0.0, 12.75008221, -8.29330673, 0.0, 0.0, 8.29330673]",20.0,2.752e-05,local
1572_4,bulk,-100.44896665,217.264,True,"[21.94202714, 0.0, 0.0, 6.26915061, 5.42924369, 6.3750411, 0.0, 0.0, 6.3750411]",20.0,9.225e-06,local
1576_11,bulk,-62.0136776,302.084,True,"[9.23324194, 0.0, -4.61662097, 0.0, 16.04867528, -4.61662097, 0.0, 0.0, 4.61662097]",24.0,3.95e-06,local
1576_13,bulk,-62.0136776,298.475,True,"[9.23324194, 0.0, -4.61662097, 0.0, 16.04867528, -4.61662097, 0.0, 0.0, 4.61662097]",24.0,3.95e-06,local
1577_6,bulk,-120.8998684,52.761,True,"[5.41392591, 0.0, 0.0, 0.0, 5.41392591, 0.0, 0.0, 0.0, 5.41392591]",16.0,4.43875e-05,local
1579_1,bulk,-61.79753731,96.709,True,"[7.12231416, 0.0, -7.12231416, -0.0, 7.12231416, -7.12231416, 0.0, 0.0, 7.12231416]",16.0,0.0001153875,local
1579_3,bulk,-61.80317803,107.557,True,"[7.12231416, 0.0, 0.0, 0.0, 7.12231416, -7.12231416, 0.0, 0.0, 7.12231416]",16.0,6.491875e-05,local
1581_19,bulk,-160.53720968,517.823,True,"[6.20979149, 0.0, 0.0, 0.0, 28.83624358, -6.50964526, 0.0, 0.0, 6.50964526]",40.0,2.6675000000000003e-06,local
1582_26,bulk,-81.79565856,63.288,True,"[6.4900941, 0.0, 0.0, 0.0, 6.4900941, 0.0, 0.0, 0.0, 5.19674473]",14.0,0.00015240714285714286,local
1588_1,bulk,-118.96419066,96.852,True,"[5.95943595, 0.0, -5.95943595, -0.0, 5.95943595, -5.95943595, 0.0, 0.0, 5.95943595]",16.0,0.5051719625,local
1593_0,bulk,-34.95868064,100.808,True,"[6.49718245, 0.0, -6.49718245, -0.0, 6.49718245, -6.49718245, 0.0, 0.0, 6.49718245]",16.0,1.60375e-05,local
1593_5,bulk,-69.74334915,195.855,True,"[6.49718245, 0.0, 0.0, 0.0, 12.9943649, -6.49718245, 0.0, 0.0, 6.49718245]",32.0,1.2075e-05,local
1594_0,bulk,-56.18050942,116.966,True,"[6.62755607, 0.0, -6.62755607, -0.0, 6.62755607, -6.62755607, 0.0, 0.0, 6.62755607]",16.0,2.771875e-05,local
1602_26,bulk,-83.85425531,64.52,True,"[6.46533681, 0.0, 0.0, 0.0, 6.46533681, 0.0, 0.0, 0.0, 5.1938183]",14.0,3.819285714285715e-05,local
1604_6,bulk,-66.62076781,122.568,True,"[7.28882609, 0.0, -8.41641141, 0.0, 7.59651447, -4.2082057, 0.0, 0.0, 4.2082057]",12.0,6.425e-06,local
1605_14,bulk,-90.93233531,120.157,True,"[8.12789024, 0.0, 0.0, -0.0, 5.24909739, -5.11586884, 0.0, 0.0, 5.11586884]",16.0,1.551875e-05,local
1605_34,bulk,-90.92169816,74.34,True,"[5.11586884, 0.0, 0.0, 0.0, 5.24909739, 0.0, 0.0, 0.0, 8.12789024]",16.0,1.348125e-05,local
1607_1,bulk,-166.28822621,208.065,True,"[6.39251793, 0.0, -6.39251793, -0.0, 6.39251793, -6.39251793, 0.0, 0.0, 6.39251793]",16.0,0.0002056125,local
1608_1,bulk,-90.28698643,141.347,True,"[6.00229578, 0.0, -6.00229578, -0.0, 6.00229578, -6.00229578, 0.0, 0.0, 6.00229578]",16.0,2.54375e-05,local
1609_0,bulk,-106.93560068,293.17,True,"[9.68104529, 0.0, -5.58184815, 0.0, 7.67703586, -5.63333961, 0.0, 0.0, 5.58184815]",18.0,1.111111111111111e-08,local
1609_35,bulk,-213.90085245,549.847,True,"[9.68104529, 0.0, 0.0, 0.0, 15.35407172, -5.68483106, 0.0, 0.0, 5.58184815]",36.0,7.805555555555555e-07,local
1609_56,bulk,-213.91876923,908.242,True,"[11.17489441, 0.0, 0.03743776, 5.57600386, 9.6711266, 7.75208406, 0.0, 0.0, 7.67720854]",36.0,4.638888888888888e-06,local
1610_84,bulk,-174.90445114,470.156,True,"[9.78868582, 0.0, -2.18442288, 0.0, 11.60006518, 7.79170635, 0.0, 0.0, 7.79170635]",40.0,0.0001558,local
1610_86,bulk,-174.90445114,552.873,True,"[9.78868582, 0.0, -2.18442288, 0.0, 11.60006518, 7.79170635, 0.0, 0.0, 7.79170635]",40.0,0.0001558,local
1615_32,bulk,-133.86325191,589.927,True,"[16.98007234, 0.0, 0.0, 2.16839141, 8.30282872, 4.08329343, 0.0, 0.0, 4.08329343]",24.0,6.175e-06,local
1615_33,bulk,-133.84325022,675.882,True,"[16.4290333, 0.0, 0.0, -0.0, 8.58131027, 4.08329343, 0.0, 0.0, 4.08329343]",24.0,2.0416666666666665e-06,local
1615_40,bulk,-66.91920161,158.253,True,"[4.29065514, 0.0, 0.0, -0.0, 16.4290333, 8.16658685, 0.0, 0.0, 4.08329343]",12.0,3.7416666666666667e-06,local
1618_6,bulk,-176.47366018,49.502,True,"[6.4531014, 0.0, 0.0, 0.0, 6.4531014, 0.0, 0.0, 0.0, 6.4531014]",16.0,8.90625e-06,local
1620_64,bulk,-72.81596252,665.193,True,"[20.26143921, 0.0, -5.50112075, 8.76408349, 9.31424516, 0.0, 0.0, 0.0, 5.50112075]",36.0,1.2672222222222222e-05,local
1620_65,bulk,-72.81596252,765.848,True,"[20.26143921, 0.0, -5.50112075, 8.76408349, 9.31424516, 0.0, 0.0, 0.0, 5.50112075]",36.0,1.2672222222222222e-05,local
1621_3,bulk,-163.06814466,127.884,True,"[6.38897905, 0.0, 0.0, 0.0, 6.38897905, -6.38897905, 0.0, 0.0, 6.38897905]",16.0,5.7125e-06,local
1626_0,bulk,-94.14263686,273.675,True,"[5.55491778, 0.0, -5.55491778, 0.0, 8.02963028, -5.55491778, 0.0, 0.0, 5.55491778]",16.0,3.75e-08,local
1626_29,bulk,-94.14567366,77.095,True,"[5.55491778, 0.0, 0.0, 0.0, 8.02963028, 0.0, 0.0, 0.0, 5.55491778]",16.0,0.0001465125,local
1626_35,bulk,-188.30019015,882.552,True,"[5.55491778, 0.0, 0.0, -0.0, 11.10983556, 8.02963028, 0.0, 0.0, 8.02963028]",32.0,1.25e-08,local
1628_50,bulk,-139.90420073,1022.672,True,"[4.48521764, 0.0, 0.0, 0.0, 14.98966849, -11.33024935, 0.0, 0.0, 11.33024935]",32.0,2.9375e-07,local
1628_9,bulk,-70.00169202,229.161,True,"[7.49483425, 0.0, 0.0, 0.0, 11.33024935, -4.48521764, 0.0, 0.0, 4.48521764]",16.0,0.00019921875,local
1630_17,bulk,-39.97441519,131.46,True,"[4.28914252, 0.0, -4.28914252, -0.0, 10.3077677, -8.57828504, 0.0, 0.0, 4.28914252]",10.0,1.43e-06,local
1637_5,bulk,-219.0983492,251.392,True,"[6.4168481, 0.0, 0.0, 0.0, 12.8336962, -6.4168481, 0.0, 0.0, 6.4168481]",32.0,1.6125e-06,local
1638_22,bulk,-152.25919777,983.717,True,"[5.80924004, 0.0, 0.0, 0.0, 28.15343502, -6.66838832, 0.0, 0.0, 6.66838832]",40.0,5.2975e-06,local
1638_51,bulk,-76.12699025,323.786,True,"[6.66838832, 0.0, 0.0, -0.0, 14.07671751, 11.61848008, 0.0, 0.0, 5.80924004]",20.0,8.450000000000001e-07,local
1638_60,bulk,-152.25748317,1009.895,True,"[6.66838832, 0.0, 0.0, -0.0, 28.15343502, 5.80924004, 0.0, 0.0, 5.80924004]",40.0,5.625e-07,local
1646_1,bulk,-72.02544408,65.181,True,"[6.06034384, 0.0, -6.06034384, -0.0, 6.06034384, -6.06034384, 0.0, 0.0, 6.06034384]",16.0,6.3125e-07,local
1651_6,bulk,-192.54460742,30.94,True,"[6.47094166, 0.0, 0.0, 0.0, 6.47094166, 0.0, 0.0, 0.0, 6.47094166]",16.0,2.225625e-05,local
1652_7,bulk,-70.69261743,124.404,True,"[13.87585298, 0.0, 0.0, 6.93792649, 4.00561373, 6.96389561, 0.0, 0.0, 3.4819478]",9.0,0.0006869222222222223,local
1653_3,bulk,-95.55343211,81.123,True,"[6.14078356, 0.0, 0.0, 0.0, 6.14078356, -6.14078356, 0.0, 0.0, 6.14078356]",16.0,3.17375e-05,local
1656_0,bulk,-38.34521858,133.222,True,"[8.19060264, 0.0, 8.19060264, 8.19060264, 8.19060264, -0.0, 0.0, 0.0, 8.19060264]",16.0,1.76375e-05,local
1659_1,bulk,-126.09471738,94.25,True,"[6.58846029, 0.0, -6.58846029, -0.0, 6.58846029, -6.58846029, 0.0, 0.0, 6.58846029]",16.0,1.72125e-05,local
1659_3,bulk,-126.09315534,162.098,True,"[6.58846029, 0.0, 0.0, 0.0, 6.58846029, -6.58846029, 0.0, 0.0, 6.58846029]",16.0,7.95e-06,local
1664_45,bulk,-160.06465341,592.167,True,"[7.75406438, 0.0, 0.0, 7.75406438, 13.43043348, 3.56676004, 0.0, 0.0, 3.56676004]",18.0,0.00016549444444444443,local
1664_7,bulk,-80.03629904,126.147,True,"[13.43043348, 0.0, 0.0, 6.71521674, 3.87703219, 7.13352009, 0.0, 0.0, 3.56676004]",9.0,2.56e-05,local
1665_0,bulk,-186.99380614,146.919,True,"[6.37682544, 0.0, -6.37682544, 0.0, 6.37682544, -6.37682544, 0.0, 0.0, 6.37682544]",16.0,5.44375e-06,local
1666_3,bulk,-80.09781277,90.286,True,"[3.98025299, 0.0, -3.98025299, 0.0, 14.35587134, -3.98025299, 0.0, 0.0, 3.98025299]",14.0,1.9421428571428572e-05,local
1668_1,bulk,-61.51331102,87.8,True,"[6.02172832, 0.0, -6.02172832, -0.0, 6.02172832, -6.02172832, 0.0, 0.0, 6.02172832]",16.0,2.01625e-05,local
1675_0,bulk,-94.250831,71.527,True,"[6.33705022, 0.0, -6.33705022, -0.0, 6.33705022, -6.33705022, 0.0, 0.0, 6.33705022]",12.0,0.000248375,local
1678_3,bulk,-97.16379753,549.63,True,"[3.80428996, 0.0, -3.80428996, 0.0, 18.19594087, -3.80428996, 0.0, 0.0, 3.80428996]",16.0,1.73875e-05,local
1678_4,bulk,-97.16379753,444.447,True,"[3.80428996, 0.0, -3.80428996, 0.0, 18.19594087, -3.80428996, 0.0, 0.0, 3.80428996]",16.0,1.73875e-05,local
1678_5,bulk,-97.16379753,438.057,True,"[3.80428996, 0.0, -3.80428996, 0.0, 18.19594087, -3.80428996, 0.0, 0.0, 3.80428996]",16.0,1.73875e-05,local
1679_6,bulk,-141.73648221,46.003,True,"[6.03924331, 0.0, 0.0, 0.0, 6.03924331, 0.0, 0.0, 0.0, 6.03924331]",16.0,3.208125e-05,local
1681_0,bulk,-56.50292071,47.358,True,"[6.48583848, 0.0, -6.48583848, -0.0, 6.48583848, -6.48583848, 0.0, 0.0, 6.48583848]",16.0,2.56e-05,local
1684_16,bulk,-100.90812025,96.095,True,"[3.68732292, 0.0, 0.0, 0.0, 14.48452581, -3.68732292, 0.0, 0.0, 3.68732292]",12.0,0.00010101666666666668,local
1684_17,bulk,-100.90812025,103.333,True,"[3.68732292, 0.0, 0.0, 0.0, 14.48452581, -3.68732292, 0.0, 0.0, 3.68732292]",12.0,0.00010101666666666668,local
1684_3,bulk,-100.91447661,179.509,True,"[3.68732292, 0.0, -3.68732292, 0.0, 14.48452581, -3.68732292, 0.0, 0.0, 3.68732292]",12.0,1.1316666666666666e-05,local
1685_1,bulk,-70.13744759,83.139,True,"[6.03242983, 0.0, 6.03242983, 6.03242983, 6.03242983, -0.0, 0.0, 0.0, 6.03242983]",16.0,1.39375e-06,local
1686_13,bulk,-58.34987292,94.741,True,"[3.945392, 0.0, 0.0, 0.0, 10.74061958, -3.945392, 0.0, 0.0, 3.945392]",10.0,1.8e-07,local
1686_14,bulk,-116.70749193,223.521,True,"[3.945392, 0.0, 0.0, 0.0, 21.48123917, -3.945392, 0.0, 0.0, 3.945392]",20.0,1.6235e-05,local
1686_6,bulk,-116.71010595,307.281,True,"[7.89078399, 0.0, -3.945392, -0.0, 10.74061958, -3.945392, 0.0, 0.0, 3.945392]",20.0,2e-08,local
1687_1,bulk,-75.81868681,48.388,True,"[6.24445304, 0.0, -6.24445304, -0.0, 6.24445304, -6.24445304, 0.0, 0.0, 6.24445304]",16.0,1.99375e-06,local
1690_5,bulk,-378.86273231,360.395,True,"[6.4047988, 0.0, 0.0, 0.0, 12.8095976, -6.4047988, 0.0, 0.0, 6.4047988]",32.0,7.92375e-05,local
1694_11,bulk,-58.00893,40.005,True,"[4.36085985, 0.0, 0.0, 0.0, 10.16392901, -4.36085985, 0.0, 0.0, 4.36085985]",10.0,0.00026959,local
1695_1,bulk,-62.52885627,180.353,True,"[12.3652887, 0.0, 0.0, 6.18264435, 3.56955138, 3.60711219, 0.0, 0.0, 3.60711219]",9.0,2.3444444444444448e-06,local
1701_10,bulk,-64.50553882,525.395,True,"[8.17411989, 0.0, 0.0, 0.0, 11.76357683, -4.49226809, 0.0, 0.0, 4.49226809]",16.0,1.125e-07,local
1703_6,bulk,-129.87514481,61.387,True,"[5.9134586, 0.0, 0.0, 0.0, 5.9134586, 0.0, 0.0, 0.0, 5.9134586]",16.0,4.60375e-05,local
1708_14,bulk,-140.3559865,683.881,True,"[20.63002071, 0.0, 0.0, 5.89429163, 5.10460629, 3.66804316, 0.0, 0.0, 3.66804316]",18.0,2.311111111111111e-06,local
1708_48,bulk,-140.35256248,320.529,True,"[7.79741491, 0.0, 0.0, 7.79741491, 13.50551879, 3.66804316, 0.0, 0.0, 3.66804316]",18.0,1.2511111111111112e-05,local
1708_4,bulk,-70.17937815,160.69,True,"[13.50551879, 0.0, 0.0, 6.75275939, 3.89870745, 3.66804316, 0.0, 0.0, 3.66804316]",9.0,2.111111111111111e-07,local
1711_3,bulk,-63.82814738,153.437,True,"[7.00649674, 0.0, 0.0, 0.0, 7.00649674, -7.00649674, 0.0, 0.0, 7.00649674]",16.0,3.403125e-05,local
1711_5,bulk,-127.72192134,517.017,True,"[7.00649674, 0.0, 0.0, 0.0, 14.01299348, -7.00649674, 0.0, 0.0, 7.00649674]",32.0,1.2590625e-05,local
1712_31,bulk,-106.19975087,157.762,True,"[8.54579886, 0.0, 0.0, -0.0, 8.54579886, 4.63139183, 0.0, 0.0, 4.63139183]",18.0,0.0,local
1713_18,bulk,-92.06005589,500.346,True,"[5.82857741, 0.0, -2.91428871, -0.0, 8.71081095, -2.91428871, 0.0, 0.0, 2.91428871]",12.0,0.019285816666666667,local
1713_22,bulk,-92.05984858,496.589,True,"[8.71081095, 0.0, 0.0, 0.0, 5.82857741, -2.91428871, 0.0, 0.0, 2.91428871]",12.0,0.023518666666666663,local
1714_50,bulk,-132.06909392,175.456,True,"[6.03063935, 0.0, -3.48179125, 0.0, 8.32921082, 6.9635825, 0.0, 0.0, 6.9635825]",24.0,4.504166666666667e-06,local
1714_54,bulk,-132.06909392,173.145,True,"[6.03063935, 0.0, -3.48179125, 0.0, 8.32921082, 6.9635825, 0.0, 0.0, 6.9635825]",24.0,4.504166666666667e-06,local
1714_56,bulk,-132.06909392,191.934,True,"[6.03063935, 0.0, -3.48179125, 0.0, 8.32921082, 6.9635825, 0.0, 0.0, 6.9635825]",24.0,4.504166666666667e-06,local
1719_3,bulk,-124.80093041,112.394,True,"[6.26293973, 0.0, 0.0, 0.0, 6.26293973, -6.26293973, 0.0, 0.0, 6.26293973]",16.0,7.4125e-06,local
1720_2,bulk,-46.00087549,85.612,True,"[3.19424034, 0.0, 3.19424034, 3.19424034, 8.07830149, 0.0, 0.0, 0.0, 3.19424034]",6.0,3.3333333333333334e-08,local
1722_5,bulk,-119.25233561,276.055,True,"[6.48862756, 0.0, 0.0, 0.0, 12.97725512, -6.48862756, 0.0, 0.0, 6.48862756]",32.0,3.40625e-06,local
1724_6,bulk,-80.63748588,40.599,True,"[5.47340272, 0.0, 0.0, 0.0, 5.47340272, 0.0, 0.0, 0.0, 5.47340272]",16.0,6.28125e-06,local
1726_42,bulk,-154.08021757,549.058,True,"[16.01458686, 0.0, 0.0, 5.39749614, 11.98934431, 6.08357801, 0.0, 0.0, 6.08357801]",40.0,6.502499999999999e-06,local
1726_43,bulk,-154.08067321,561.211,True,"[14.60300164, 0.0, 0.0, -0.0, 13.14828284, 6.08357801, 0.0, 0.0, 6.08357801]",40.0,2.27e-05,local
1726_44,bulk,-154.08067321,539.265,True,"[14.60300164, 0.0, 0.0, -0.0, 13.14828284, 6.08357801, 0.0, 0.0, 6.08357801]",40.0,2.27e-05,local
1728_15,bulk,-65.49115046,494.795,True,"[3.62865068, 0.0, -2.09500245, -0.0, 33.2285703, -4.1900049, 0.0, 0.0, 4.1900049]",24.0,1.25e-07,local
1728_27,bulk,-65.49115313,497.57,True,"[3.62865068, 0.0, -2.09500245, 0.0, 33.2285703, 4.1900049, 0.0, 0.0, 4.1900049]",24.0,1.2083333333333335e-07,local
1728_37,bulk,-65.49131333,470.025,True,"[3.62865068, 0.0, -2.09500245, 0.0, 33.2285703, 8.38000979, 0.0, 0.0, 4.1900049]",24.0,9.583333333333334e-08,local
1736_12,bulk,-66.4322376,487.819,True,"[21.76951933, 0.0, -3.9788227, 0.0, 4.51841561, -3.9788227, 0.0, 0.0, 3.9788227]",16.0,6.6875e-07,local
1737_1,bulk,-101.68198566,113.006,True,"[6.34623809, 0.0, -6.34623809, -0.0, 6.34623809, -6.34623809, 0.0, 0.0, 6.34623809]",16.0,1.653125e-05,local
1738_6,bulk,-119.25813683,39.728,True,"[6.52936464, 0.0, 0.0, 0.0, 6.52936464, 0.0, 0.0, 0.0, 6.52936464]",16.0,7.611875e-05,local
1741_0,bulk,-132.83329492,94.438,True,"[6.325534, 0.0, -6.325534, -0.0, 6.325534, -6.325534, 0.0, 0.0, 6.325534]",16.0,0.00032189375,local
1747_6,bulk,-119.97844272,56.69,True,"[6.11665706, 0.0, 0.0, 0.0, 6.11665706, 0.0, 0.0, 0.0, 6.11665706]",16.0,3.60625e-06,local
1748_14,bulk,-130.2220436,379.358,True,"[5.54687355, 0.0, 0.0, 0.0, 19.87621174, -3.95615254, 0.0, 0.0, 3.95615254]",24.0,1.5874999999999998e-06,local
1748_16,bulk,-130.2220436,359.092,True,"[5.54687355, 0.0, 0.0, 0.0, 19.87621174, -3.95615254, 0.0, 0.0, 3.95615254]",24.0,1.5874999999999998e-06,local
1749_0,bulk,-22.71005482,77.773,True,"[6.86305688, 0.0, -6.86305688, -0.0, 6.86305688, -6.86305688, 0.0, 0.0, 6.86305688]",16.0,2.23625e-05,local
1749_1,bulk,-22.71005482,99.576,True,"[6.86305688, 0.0, -6.86305688, -0.0, 6.86305688, -6.86305688, 0.0, 0.0, 6.86305688]",16.0,2.23625e-05,local
1752_6,bulk,-76.17072555,27.824,True,"[6.74629233, 0.0, 0.0, 0.0, 6.74629233, 0.0, 0.0, 0.0, 6.74629233]",16.0,2.775625e-05,local
1758_12,bulk,-50.52470852,76.936,True,"[4.44300769, 0.0, 0.0, 0.0, 10.349529, -4.44300769, 0.0, 0.0, 4.44300769]",10.0,4.035e-05,local
1758_16,bulk,-50.51301962,142.87,True,"[4.44300769, 0.0, -4.44300769, -0.0, 10.349529, -8.88601538, 0.0, 0.0, 4.44300769]",10.0,2e-08,local
1759_27,bulk,-81.4073259,220.268,True,"[10.19566911, 0.0, 0.0, 0.0, 6.69547243, 0.0, 0.0, 0.0, 4.1070094]",16.0,6.025e-06,local
1759_49,bulk,-162.83000338,2942.886,True,"[4.1070094, 0.0, 0.0, 0.0, 13.39094485, -10.19566911, 0.0, 0.0, 10.19566911]",32.0,6.25e-09,local
1760_29,bulk,-104.53149455,392.958,True,"[18.25289868, 0.0, 0.0, 1.75586627, 3.59746553, 3.97987912, 0.0, 0.0, 3.97987912]",16.0,9.375e-08,local
1760_30,bulk,-104.53149455,485.185,True,"[18.25289868, 0.0, 0.0, 1.75586627, 3.59746553, 3.97987912, 0.0, 0.0, 3.97987912]",16.0,9.375e-08,local
1761_0,bulk,-188.03687746,161.531,True,"[6.25709917, 0.0, -6.25709917, -0.0, 6.25709917, -6.25709917, 0.0, 0.0, 6.25709917]",16.0,1.35375e-05,local
1761_1,bulk,-188.03687746,176.332,True,"[6.25709917, 0.0, -6.25709917, -0.0, 6.25709917, -6.25709917, 0.0, 0.0, 6.25709917]",16.0,1.35375e-05,local
1766_6,bulk,-86.22848891,23.489,True,"[5.67128001, 0.0, 0.0, 0.0, 5.67128001, 0.0, 0.0, 0.0, 5.67128001]",16.0,2.54375e-06,local
1767_5,bulk,-81.91867667,304.613,True,"[6.91572806, 0.0, -7.98559491, -0.0, 9.93414147, -3.99279746, 0.0, 0.0, 3.99279746]",16.0,7.5e-08,local
1768_73,bulk,-363.46167244,2212.81,True,"[5.6064656, 0.0, 0.0, -0.0, 20.09033007, 15.60856675, 0.0, 0.0, 15.60856675]",80.0,1.2025e-06,local
1775_3,bulk,-132.41524611,97.851,True,"[6.2623498, 0.0, 0.0, 0.0, 6.2623498, -6.2623498, 0.0, 0.0, 6.2623498]",16.0,7.93125e-05,local
1776_17,bulk,-60.37394245,65.064,True,"[4.06916633, 0.0, -4.06916633, 0.0, 14.90737247, -8.13833267, 0.0, 0.0, 4.06916633]",10.0,2.1819999999999998e-05,local
1776_4,bulk,-60.37534799,59.715,True,"[14.90737247, 0.0, 0.0, 0.0, 4.06916633, -4.06916633, 0.0, 0.0, 4.06916633]",10.0,1.958e-05,local
1778_5,bulk,-263.71969228,644.952,True,"[6.12378974, 0.0, 0.0, 0.0, 12.24757948, -6.12378974, 0.0, 0.0, 6.12378974]",32.0,1.501875e-05,local
1778_6,bulk,-131.8606994,61.896,True,"[6.12378974, 0.0, 0.0, 0.0, 6.12378974, 0.0, 0.0, 0.0, 6.12378974]",16.0,6.475e-06,local
1781_0,bulk,-172.74433679,216.727,True,"[6.32481145, 0.0, -6.32481145, -0.0, 6.32481145, -6.32481145, 0.0, 0.0, 6.32481145]",16.0,6.34375e-05,local
1781_6,bulk,-172.72779739,75.975,True,"[6.32481145, 0.0, 0.0, 0.0, 6.32481145, 0.0, 0.0, 0.0, 6.32481145]",16.0,4.221875e-05,local
1782_0,bulk,-91.22964487,198.918,True,"[6.70444826, 0.0, -6.70444826, -0.0, 6.70444826, -6.70444826, 0.0, 0.0, 6.70444826]",16.0,5.48625e-05,local
1784_16,bulk,-74.36067488,119.2,True,"[3.96104125, 0.0, -3.96104125, 0.0, 9.534285, -7.9220825, 0.0, 0.0, 3.96104125]",10.0,0.00093332,local
1785_1,bulk,-180.77965501,121.334,True,"[6.3394547, 0.0, 6.3394547, 6.3394547, 6.3394547, -0.0, 0.0, 0.0, 6.3394547]",16.0,7.158125e-05,local
1785_6,bulk,-180.79650862,57.516,True,"[6.3394547, 0.0, 0.0, 0.0, 6.3394547, 0.0, 0.0, 0.0, 6.3394547]",16.0,0.00043593125,local
1787_24,bulk,-66.29319837,198.73,True,"[3.64412533, 0.0, 0.0, -0.0, 7.28825066, 6.29103772, 0.0, 0.0, 6.29103772]",12.0,4.683333333333333e-06,local
1787_3,bulk,-66.28555212,271.069,True,"[3.64412533, 0.0, 3.64412533, 3.64412533, 12.58207544, 0.0, 0.0, 0.0, 3.64412533]",12.0,9.251666666666666e-05,local
1787_7,bulk,-66.28763835,209.032,True,"[7.28825066, 0.0, -3.64412533, -0.0, 6.29103772, -3.64412533, 0.0, 0.0, 3.64412533]",12.0,4.65e-06,local
1792_15,bulk,-53.71623325,247.899,True,"[19.62346745, 0.0, 0.0, 5.60670499, 4.85554895, 3.45506639, 0.0, 0.0, 3.45506639]",18.0,2.2e-05,local
1803_6,bulk,-69.82243332,140.349,True,"[13.84268334, 0.0, 0.0, 6.92134167, 3.99603848, 7.00048616, 0.0, 0.0, 3.50024308]",9.0,7.6222222222222225e-06,local
1803_7,bulk,-69.82243332,133.227,True,"[13.84268334, 0.0, 0.0, 6.92134167, 3.99603848, 7.00048616, 0.0, 0.0, 3.50024308]",9.0,7.6222222222222225e-06,local
1807_1,bulk,-71.05908589,109.933,True,"[7.11616249, 0.0, -7.11616249, -0.0, 7.11616249, -7.11616249, 0.0, 0.0, 7.11616249]",16.0,9.64375e-06,local
1807_3,bulk,-71.05923782,99.466,True,"[7.11616249, 0.0, 0.0, 0.0, 7.11616249, -7.11616249, 0.0, 0.0, 7.11616249]",16.0,8.6375e-05,local
1807_5,bulk,-142.13293216,392.997,True,"[7.11616249, 0.0, 0.0, 0.0, 14.23232499, -7.11616249, 0.0, 0.0, 7.11616249]",32.0,0.000138215625,local
1812_43,bulk,-139.40927789,483.147,True,"[13.4933799, 0.0, 0.0, 0.0, 7.79040652, -3.6354654, 0.0, 0.0, 3.6354654]",18.0,3.5666666666666667e-06,local
1815_1,bulk,-152.17510984,150.376,True,"[6.54291524, 0.0, -6.54291524, -0.0, 6.54291524, -6.54291524, 0.0, 0.0, 6.54291524]",16.0,5.47625e-05,local
1817_1,bulk,-48.45757315,110.107,True,"[6.68409821, 0.0, -6.68409821, -0.0, 6.68409821, -6.68409821, 0.0, 0.0, 6.68409821]",16.0,4.97125e-05,local
1820_47,bulk,-98.6537513,104.465,True,"[12.22527501, 0.0, 0.0, 0.0, 7.05826582, -4.20025186, 0.0, 0.0, 4.20025186]",18.0,0.00014451666666666666,local
1820_50,bulk,-98.6544552,201.537,True,"[7.05826582, 0.0, 0.0, 7.05826582, 12.22527501, 4.20025186, 0.0, 0.0, 4.20025186]",18.0,0.00014706666666666667,local
1820_7,bulk,-98.65284718,156.933,True,"[6.11263751, 0.0, -10.58739873, -0.0, 8.40050371, -7.05826582, 0.0, 0.0, 7.05826582]",18.0,4.6238888888888886e-05,local
1823_1,bulk,-71.17351844,94.43,True,"[6.00194658, 0.0, -6.00194658, -0.0, 6.00194658, -6.00194658, 0.0, 0.0, 6.00194658]",16.0,1.241875e-05,local
1834_6,bulk,-65.13102627,37.978,True,"[5.81564689, 0.0, 0.0, 0.0, 5.81564689, 0.0, 0.0, 0.0, 5.81564689]",16.0,4.465e-05,local
1836_11,bulk,-180.942644,548.823,True,"[7.83812213, 0.0, -3.91906106, 0.0, 14.34562432, -3.91906106, 0.0, 0.0, 3.91906106]",24.0,0.6248650041666667,local
1836_13,bulk,-180.942644,369.422,True,"[7.83812213, 0.0, -3.91906106, 0.0, 14.34562432, -3.91906106, 0.0, 0.0, 3.91906106]",24.0,0.6248650041666667,local
1836_4,bulk,-90.47424368,151.312,True,"[3.91906106, 0.0, -3.91906106, 0.0, 14.34562432, -3.91906106, 0.0, 0.0, 3.91906106]",12.0,0.6257680416666667,local
1839_11,bulk,-64.91328841,81.513,True,"[4.15432348, 0.0, 0.0, 0.0, 9.98024704, -4.15432348, 0.0, 0.0, 4.15432348]",10.0,1.15e-06,local
1839_4,bulk,-64.92071708,71.384,True,"[9.98024704, 0.0, 0.0, -0.0, 4.15432348, 4.15432348, 0.0, 0.0, 4.15432348]",10.0,1.19e-06,local
1840_15,bulk,-130.04227706,473.281,True,"[5.28291979, 0.0, 0.0, 0.0, 18.54310166, -4.2838719, 0.0, 0.0, 4.2838719]",24.0,5.8291666666666675e-06,local
1840_31,bulk,-130.03642041,691.046,True,"[9.27155083, 0.0, 0.0, -0.0, 8.5677438, 5.28291979, 0.0, 0.0, 5.28291979]",24.0,1.6666666666666665e-07,local
1842_0,bulk,-114.05181193,89.476,True,"[5.73197734, 0.0, -5.73197734, -0.0, 5.73197734, -5.73197734, 0.0, 0.0, 5.73197734]",16.0,1.00134403125,local
1848_12,bulk,-232.15279978,516.496,True,"[5.04619893, 0.0, 0.0, 0.0, 14.0518269, -4.93717854, 0.0, 0.0, 4.93717854]",24.0,5.370833333333333e-06,local
1848_20,bulk,-116.06924389,156.657,True,"[4.93717854, 0.0, 0.0, 0.0, 7.02591345, -5.04619893, 0.0, 0.0, 5.04619893]",12.0,1.9416666666666666e-06,local
1848_8,bulk,-232.1360112,518.231,True,"[7.02591345, 0.0, 0.0, 0.0, 10.09239786, -4.93717854, 0.0, 0.0, 4.93717854]",24.0,7.699999999999999e-06,local
1850_1,bulk,-49.77667878,80.278,True,"[6.10634239, 0.0, -6.10634239, -0.0, 6.10634239, -6.10634239, 0.0, 0.0, 6.10634239]",16.0,2.240625e-05,local
1857_69,bulk,-168.29103314,1216.194,True,"[5.74289202, 0.0, 0.0, -0.0, 19.4494309, 12.3655809, 0.0, 0.0, 7.85963617]",40.0,8.175e-07,local
1857_77,bulk,-168.29774022,1774.879,True,"[9.98228306, 0.0, 0.0, -3.54779422, 15.31367622, -5.74289202, 0.0, 0.0, 5.74289202]",40.0,2.2e-07,local
1859_0,bulk,-140.68582651,754.866,True,"[10.79502194, 0.0, 4.29563244, 15.65245459, 8.98713983, 0.0, 0.0, 0.0, 4.29563244]",20.0,4.285e-06,local
1859_42,bulk,-281.34194589,1682.426,True,"[4.29563244, 0.0, 0.0, 0.0, 17.97427966, -20.50988725, 0.0, 0.0, 10.79502194]",40.0,1.645e-06,local
1859_43,bulk,-281.34194589,1653.986,True,"[4.29563244, 0.0, 0.0, 0.0, 17.97427966, -20.50988725, 0.0, 0.0, 10.79502194]",40.0,1.645e-06,local
1862_4,bulk,-28.83298904,171.751,True,"[3.66141675, 0.0, -6.34175985, -0.0, 8.06037517, -4.2278399, 0.0, 0.0, 4.2278399]",9.0,1.111111111111111e-08,local
1863_57,bulk,-133.66330037,2463.347,True,"[7.82690462, 0.0, 0.0, -0.0, 30.97743705, 7.08377248, 0.0, 0.0, 7.08377248]",40.0,3.4999999999999996e-08,local
1863_6,bulk,-133.65772946,1390.765,True,"[15.48871853, 0.0, -7.82690462, -0.0, 14.16754496, -7.82690462, 0.0, 0.0, 7.82690462]",40.0,2.0250000000000002e-07,local
1863_7,bulk,-133.65772946,1381.815,True,"[15.48871853, 0.0, -7.82690462, -0.0, 14.16754496, -7.82690462, 0.0, 0.0, 7.82690462]",40.0,2.0250000000000002e-07,local
1866_19,bulk,-119.95394904,274.631,True,"[6.7186617, 0.0, 0.0, 0.0, 8.40355698, -9.70359177, 0.0, 0.0, 4.85179588]",18.0,0.000408,local
1866_30,bulk,-119.94867792,200.179,True,"[4.20177849, 0.0, -2.42589794, -0.0, 13.43732341, -4.85179588, 0.0, 0.0, 4.85179588]",18.0,0.00025581666666666666,local
1866_38,bulk,-119.94464021,197.171,True,"[8.40355698, 0.0, 0.0, -0.0, 6.7186617, 4.85179588, 0.0, 0.0, 4.85179588]",18.0,6.26111111111111e-05,local
1869_79,bulk,-133.86677551,1059.037,True,"[16.68959315, 0.0, 6.49289474, 30.78773601, 8.93223865, 20.41432973, 0.0, 0.0, 7.42854024]",36.0,0.0,local
1871_0,bulk,-46.86558092,111.089,True,"[6.50359503, 0.0, -6.50359503, 0.0, 6.50359503, -6.50359503, 0.0, 0.0, 6.50359503]",16.0,2.62625e-05,local
1874_0,bulk,-120.28051434,97.528,True,"[6.29111729, 0.0, -6.29111729, -0.0, 6.29111729, -6.29111729, 0.0, 0.0, 6.29111729]",16.0,4.6e-06,local
1877_1,bulk,-47.46921095,44.611,True,"[3.853953, 0.0, -3.853953, -0.0, 8.59861093, -3.853953, 0.0, 0.0, 3.853953]",8.0,0.0001346875,local
1877_2,bulk,-94.9391706,95.144,True,"[3.853953, 0.0, -3.853953, 0.0, 17.19722186, -3.853953, 0.0, 0.0, 3.853953]",16.0,4.55625e-06,local
1877_3,bulk,-94.9391706,110.385,True,"[3.853953, 0.0, -3.853953, 0.0, 17.19722186, -3.853953, 0.0, 0.0, 3.853953]",16.0,4.55625e-06,local
1878_2,bulk,-60.43894684,70.698,True,"[6.30531539, 0.0, -6.30531539, -0.0, 6.30531539, -6.30531539, 0.0, 0.0, 6.30531539]",16.0,0.00014475625,local
1880_19,bulk,-65.45827846,54.233,True,"[4.20438225, 0.0, 0.0, 0.0, 11.39044184, -8.4087645, 0.0, 0.0, 4.20438225]",10.0,6.7e-07,local
1880_22,bulk,-65.43818873,32.217,True,"[4.20438225, 0.0, 0.0, 0.0, 4.20438225, 0.0, 0.0, 0.0, 11.39044184]",10.0,0.00022265000000000002,local
1881_3,bulk,-72.79640906,87.752,True,"[5.68917422, 0.0, 0.0, 0.0, 5.68917422, -5.68917422, 0.0, 0.0, 5.68917422]",16.0,5.535e-05,local
1882_3,bulk,-99.32807607,142.162,True,"[6.02975738, 0.0, 0.0, 0.0, 6.02975738, -6.02975738, 0.0, 0.0, 6.02975738]",16.0,4.525e-06,local
1883_11,bulk,-78.04735977,180.305,True,"[3.6088772, 0.0, 0.0, 0.0, 13.51930588, -3.62777074, 0.0, 0.0, 3.62777074]",12.0,2.0833333333333336e-07,local
1883_14,bulk,-78.04735977,150.677,True,"[3.6088772, 0.0, 0.0, 0.0, 13.51930588, -3.62777074, 0.0, 0.0, 3.62777074]",12.0,2.0833333333333336e-07,local
1883_9,bulk,-78.04735977,145.699,True,"[3.6088772, 0.0, 0.0, 0.0, 13.51930588, -3.62777074, 0.0, 0.0, 3.62777074]",12.0,2.0833333333333336e-07,local
1890_1,bulk,-35.31442485,101.189,True,"[6.24272486, 0.0, -6.24272486, -0.0, 6.24272486, -6.24272486, 0.0, 0.0, 6.24272486]",16.0,9.0125e-06,local
1892_26,bulk,-112.45005883,387.387,True,"[8.62284855, 0.0, 0.0, 8.62284855, 8.62284855, 12.1654187, 0.0, 0.0, 12.1654187]",32.0,2.1584375e-05,local
1896_11,bulk,-77.07397074,180.821,True,"[17.14933915, 0.0, 0.0, 0.0, 7.84121845, -9.05425916, 0.0, 0.0, 4.52712958]",16.0,2.1775e-05,local
1896_3,bulk,-77.0304398,232.41,True,"[3.92060922, 0.0, -6.79069437, 0.0, 34.2986783, -4.52712958, 0.0, 0.0, 4.52712958]",16.0,2.51875e-06,local
1896_4,bulk,-38.51624582,47.945,True,"[17.14933915, 0.0, 0.0, 0.0, 3.92060922, -6.79069437, 0.0, 0.0, 4.52712958]",8.0,2.36125e-05,local
1900_67,bulk,-184.20160413,1960.237,True,"[20.35166246, 0.0, -5.72924555, 8.08574234, 7.94737861, 0.0, 0.0, 0.0, 5.72924555]",40.0,7.5e-09,local
1900_90,bulk,-184.18560574,1188.65,True,"[10.17583123, 0.0, 0.0, -4.18017778, 15.89475721, -5.72924555, 0.0, 0.0, 5.72924555]",40.0,9.925e-07,local
1903_14,bulk,-59.62066691,149.968,True,"[19.8882281, 0.0, 0.0, 5.68235088, 4.92106022, 4.20311489, 0.0, 0.0, 4.20311489]",18.0,2.3283333333333335e-05,local
1903_15,bulk,-59.62066691,175.346,True,"[19.8882281, 0.0, 0.0, 5.68235088, 4.92106022, 4.20311489, 0.0, 0.0, 4.20311489]",18.0,2.3283333333333335e-05,local
1903_19,bulk,-59.62066691,170.344,True,"[19.8882281, 0.0, 0.0, 5.68235088, 4.92106022, 4.20311489, 0.0, 0.0, 4.20311489]",18.0,2.3283333333333335e-05,local
1904_16,bulk,-43.42461489,116.039,True,"[4.20311485, 0.0, -4.20311485, 0.0, 9.96490461, -8.40622969, 0.0, 0.0, 4.20311485]",10.0,3e-08,local
1908_0,bulk,-47.45126151,122.318,True,"[6.28537682, 0.0, -6.28537682, -0.0, 6.28537682, -6.28537682, 0.0, 0.0, 6.28537682]",16.0,1.695e-05,local
1908_1,bulk,-47.45126151,142.929,True,"[6.28537682, 0.0, -6.28537682, -0.0, 6.28537682, -6.28537682, 0.0, 0.0, 6.28537682]",16.0,1.69875e-05,local
1908_5,bulk,-94.89283268,522.188,True,"[6.28537682, 0.0, 0.0, 0.0, 12.57075364, -6.28537682, 0.0, 0.0, 6.28537682]",32.0,4.65625e-06,local
1909_0,bulk,-157.90644388,158.386,True,"[6.24432893, 0.0, -6.24432893, -0.0, 6.24432893, -6.24432893, 0.0, 0.0, 6.24432893]",16.0,1e-07,local
1912_14,bulk,-41.58610779,79.688,True,"[3.09740464, 0.0, -3.09740464, -0.0, 6.22650911, -6.19480927, 0.0, 0.0, 3.09740464]",4.0,5e-07,local
1925_0,bulk,-83.64822143,126.382,True,"[6.0452732, 0.0, -6.0452732, -0.0, 6.0452732, -6.0452732, 0.0, 0.0, 6.0452732]",16.0,1.421875e-05,local
1929_51,bulk,-124.43082272,403.216,True,"[3.85697466, 0.0, 0.0, -0.0, 20.7332572, 7.65683799, 0.0, 0.0, 3.828419]",20.0,7.15e-07,local
1929_52,bulk,-124.43082271,243.696,True,"[3.85697466, 0.0, 0.0, -0.0, 20.7332572, 7.65683799, 0.0, 0.0, 3.828419]",20.0,7.2e-07,local
1931_0,bulk,-75.75021564,60.846,True,"[6.36983801, 0.0, -6.36983801, -0.0, 6.36983801, -6.36983801, 0.0, 0.0, 6.36983801]",16.0,2.3e-06,local
1935_36,bulk,-203.04810727,744.153,True,"[5.81162785, 0.0, 0.0, 0.0, 13.58913586, 0.0, 0.0, 0.0, 10.57891276]",40.0,0.00010210499999999999,local
1936_18,bulk,-57.88323266,103.611,True,"[6.22306744, 0.0, 0.0, 0.0, 12.20208945, -6.22306744, 0.0, 0.0, 6.22306744]",16.0,2.285625e-05,local
1940_19,bulk,-70.94718146,119.82,True,"[7.21592287, 0.0, 0.0, -0.0, 7.21592287, 6.56941203, 0.0, 0.0, 3.28470602]",10.0,0.00022271999999999998,local
1940_29,bulk,-141.89299463,289.089,True,"[7.21592287, 0.0, 0.0, -0.0, 14.43184574, 3.28470602, 0.0, 0.0, 3.28470602]",20.0,0.000146495,local
1945_4,bulk,-44.1475906,114.365,True,"[7.08552092, 0.0, 0.0, -0.0, 3.54690559, 3.54690559, 0.0, 0.0, 3.54690559]",8.0,0.1123107125,local
1945_8,bulk,-88.29670099,233.327,True,"[7.08552092, 0.0, 0.0, 0.0, 7.09381117, -3.54690559, 0.0, 0.0, 3.54690559]",16.0,0.113819,local
1949_31,bulk,-138.29947348,366.63,True,"[9.88191521, 0.0, -7.91059518, 5.33321597, 8.27300446, 0.0, 0.0, 0.0, 3.95529759]",20.0,1.4329999999999998e-05,local
1949_67,bulk,-138.29894851,359.371,True,"[9.88191521, 0.0, -3.95529759, 15.21513118, 8.27300446, 0.0, 0.0, 0.0, 3.95529759]",20.0,3e-06,local
1950_16,bulk,-73.50063048,423.338,True,"[5.75847247, 0.0, -3.32465563, 0.0, 22.00385284, -6.64931126, 0.0, 0.0, 6.64931126]",24.0,3.6333333333333334e-06,local
1950_27,bulk,-73.50156031,203.895,True,"[5.75847247, 0.0, -3.32465563, 0.0, 22.00385284, 13.29862253, 0.0, 0.0, 6.64931126]",24.0,7.795833333333333e-06,local
1953_53,bulk,-67.03178668,555.511,True,"[4.65530903, 0.0, 0.0, -0.0, 18.72502592, 9.17731621, 0.0, 0.0, 4.58865811]",16.0,3.9125e-06,local
1955_0,bulk,-126.37766261,121.871,True,"[6.35313478, 0.0, -6.35313478, -0.0, 6.35313478, -6.35313478, 0.0, 0.0, 6.35313478]",16.0,8.226875e-05,local
1961_21,bulk,-60.21280608,127.696,True,"[5.93821153, 0.0, 0.0, 0.0, 11.92426627, -5.93821153, 0.0, 0.0, 5.93821153]",16.0,2.7025e-05,local
1961_27,bulk,-60.19647835,154.62,True,"[5.93821153, 0.0, -5.93821153, 0.0, 11.92426627, -11.87642306, 0.0, 0.0, 5.93821153]",16.0,2.67125e-05,local
1961_28,bulk,-60.19647835,118.858,True,"[5.93821153, 0.0, -5.93821153, 0.0, 11.92426627, -11.87642306, 0.0, 0.0, 5.93821153]",16.0,2.67125e-05,local
1962_15,bulk,-67.12977126,277.17,True,"[4.45730152, 0.0, 0.0, 0.0, 19.48582291, -4.45730152, 0.0, 0.0, 4.45730152]",20.0,8.405e-06,local
1962_18,bulk,-67.12977126,288.017,True,"[4.45730152, 0.0, 0.0, 0.0, 19.48582291, -4.45730152, 0.0, 0.0, 4.45730152]",20.0,8.405e-06,local
1962_25,bulk,-67.15116375,343.969,True,"[4.45730152, 0.0, -4.45730152, 0.0, 19.48582291, -8.91460305, 0.0, 0.0, 4.45730152]",20.0,9.76e-06,local
1966_41,bulk,-151.0906665,897.997,True,"[13.58734191, 0.0, 0.0, 0.0, 7.84465551, -3.31850103, 0.0, 0.0, 3.31850103]",18.0,1.8111111111111111e-06,local
1966_45,bulk,-151.09213795,492.221,True,"[7.84465551, 0.0, 0.0, 7.84465551, 13.58734191, 3.31850103, 0.0, 0.0, 3.31850103]",18.0,4.152222222222222e-05,local
1967_16,bulk,-135.13279379,353.136,True,"[17.26434237, 0.0, 0.0, 4.93266925, 4.27181688, 3.8226062, 0.0, 0.0, 3.8226062]",18.0,0.6863415944444444,local
1967_18,bulk,-135.13279379,386.781,True,"[17.26434237, 0.0, 0.0, 4.93266925, 4.27181688, 3.8226062, 0.0, 0.0, 3.8226062]",18.0,0.6863415944444444,local
1967_44,bulk,-135.12856485,333.388,True,"[11.30216511, 0.0, 0.0, 0.0, 6.52530807, -3.8226062, 0.0, 0.0, 3.8226062]",18.0,0.6870116055555555,local
1970_10,bulk,-111.34236091,480.668,True,"[14.22569561, 0.0, 0.0, 0.0, 8.07225594, -4.03612797, 0.0, 0.0, 4.03612797]",20.0,3.7e-07,local
1970_5,bulk,-111.34163755,409.87,True,"[8.07225594, 0.0, -4.03612797, -0.0, 14.22569561, -4.03612797, 0.0, 0.0, 4.03612797]",20.0,2.2500000000000002e-07,local
1970_6,bulk,-111.34163755,548.934,True,"[8.07225594, 0.0, -4.03612797, -0.0, 14.22569561, -4.03612797, 0.0, 0.0, 4.03612797]",20.0,2.2500000000000002e-07,local
1971_24,bulk,-74.16772538,171.09,True,"[8.04947167, 0.0, 7.95528359, 4.02473584, 10.48653701, 0.0, 0.0, 0.0, 7.95528359]",20.0,6.784999999999999e-06,local
1976_0,bulk,-100.98753351,85.4,True,"[6.16355312, 0.0, -6.16355312, -0.0, 6.16355312, -6.16355312, 0.0, 0.0, 6.16355312]",16.0,7.68875e-05,local
1977_46,bulk,-141.73761632,492.065,True,"[6.90988571, 0.0, 0.0, 6.90988571, 11.96827313, 3.38701008, 0.0, 0.0, 3.38701008]",18.0,3.8888888888888884e-08,local
1977_47,bulk,-141.73761632,486.916,True,"[6.90988571, 0.0, 0.0, 6.90988571, 11.96827313, 3.38701008, 0.0, 0.0, 3.38701008]",18.0,3.8888888888888884e-08,local
1977_48,bulk,-141.73761632,485.837,True,"[6.90988571, 0.0, 0.0, 6.90988571, 11.96827313, 3.38701008, 0.0, 0.0, 3.38701008]",18.0,3.8888888888888884e-08,local
1978_0,bulk,-121.96858423,168.418,True,"[6.93339389, 0.0, -6.93339389, -0.0, 6.93339389, -6.93339389, 0.0, 0.0, 6.93339389]",16.0,1.81875e-06,local
1983_10,bulk,-119.19957306,438.089,True,"[7.62589667, 0.0, -5.32233941, 0.0, 12.52901291, -5.58466655, 0.0, 0.0, 5.32233941]",24.0,2.8333333333333335e-06,local
1983_11,bulk,-119.19957306,482.948,True,"[7.62589667, 0.0, -5.32233941, 0.0, 12.52901291, -5.58466655, 0.0, 0.0, 5.32233941]",24.0,2.8333333333333335e-06,local
1983_12,bulk,-119.19957306,468.655,True,"[7.62589667, 0.0, -5.32233941, 0.0, 12.52901291, -5.58466655, 0.0, 0.0, 5.32233941]",24.0,2.8333333333333335e-06,local
1984_1,bulk,-126.30136913,142.823,True,"[6.48975036, 0.0, -6.48975036, -0.0, 6.48975036, -6.48975036, 0.0, 0.0, 6.48975036]",16.0,1.134375e-05,local
1985_14,bulk,-131.67774047,225.222,True,"[17.19200414, 0.0, 0.0, 4.91200118, 4.25391781, 3.64228391, 0.0, 0.0, 3.64228391]",18.0,1.0762300500000002,local
1985_6,bulk,-131.69126929,348.96,True,"[5.62740431, 0.0, -9.74695018, -0.0, 7.28456781, -6.49796678, 0.0, 0.0, 6.49796678]",18.0,1.0682525722222223,local
1986_2,bulk,-120.323493,407.75,True,"[3.92456171, 0.0, -3.92456171, 0.0, 22.80003694, -3.92456171, 0.0, 0.0, 3.92456171]",20.0,0.9565395600000001,local
1988_11,bulk,-109.96886804,124.76,True,"[3.97320275, 0.0, 0.0, 0.0, 16.26831562, -4.03239372, 0.0, 0.0, 4.03239372]",16.0,1.6225e-05,local
1988_33,bulk,-109.96213735,132.787,True,"[3.97320275, 0.0, 0.0, 0.0, 16.26831562, -8.06478745, 0.0, 0.0, 4.03239372]",16.0,1.295e-05,local
1988_48,bulk,-109.96036447,139.244,True,"[4.03239372, 0.0, 0.0, -0.0, 16.26831562, 7.94640549, 0.0, 0.0, 3.97320275]",16.0,9.9125e-06,local
1991_0,bulk,-127.02015912,152.495,True,"[5.99851781, 0.0, -5.99851781, -0.0, 5.99851781, -5.99851781, 0.0, 0.0, 5.99851781]",16.0,1.0098019125,local
1991_6,bulk,-127.02841921,71.912,True,"[5.99851781, 0.0, 0.0, 0.0, 5.99851781, 0.0, 0.0, 0.0, 5.99851781]",16.0,1.007726125,local
1994_3,bulk,-37.50170231,147.303,True,"[6.0321496, 0.0, -5.25299787, -0.0, 14.68155009, -5.25299787, 0.0, 0.0, 5.25299787]",12.0,0.00010215,local
1995_31,bulk,-44.73882189,33.891,True,"[7.25556662, 0.0, 0.0, 0.0, 7.25556662, 0.0, 0.0, 0.0, 3.8283151]",10.0,1.373e-05,local
1997_7,bulk,-62.69083249,42.709,True,"[6.81192739, 0.0, -7.86573623, 0.0, 4.62541527, -3.93286811, 0.0, 0.0, 3.93286811]",10.0,6.244e-05,local
2004_4,bulk,-107.62600672,487.257,True,"[4.60093206, 0.0, -4.60093206, -0.0, 20.67207855, -4.60093206, 0.0, 0.0, 4.60093206]",20.0,3.025e-06,local
2007_5,bulk,-79.47021456,193.226,True,"[3.74664983, 0.0, -3.74664983, 0.0, 16.56349719, -3.74664983, 0.0, 0.0, 3.74664983]",12.0,1.4166666666666668e-07,local
2010_1,bulk,-89.48275709,114.463,True,"[6.05116481, 0.0, -6.05116481, -0.0, 6.05116481, -6.05116481, 0.0, 0.0, 6.05116481]",16.0,2.505e-05,local
2012_26,bulk,-37.11913354,142.708,True,"[3.77334676, 0.0, -3.77334676, 0.0, 10.15618237, -7.54669351, 0.0, 0.0, 3.77334676]",6.0,0.0,local
2012_7,bulk,-74.24054654,161.91,True,"[7.54669351, 0.0, -3.77334676, -0.0, 10.15618237, -3.77334676, 0.0, 0.0, 3.77334676]",12.0,1.25e-07,local
2013_19,bulk,-88.36625966,252.859,True,"[10.43831274, 0.0, -6.04586504, 8.48468047, 8.17401812, 0.0, 0.0, 0.0, 6.04586504]",20.0,7.730499999999999e-05,local
2019_0,bulk,-83.61800858,130.368,True,"[11.80060069, 0.0, 0.0, 5.90030034, 3.40653999, 3.24419129, 0.0, 0.0, 3.24419129]",9.0,1.4966666666666667e-05,local
2019_2,bulk,-83.61800858,130.517,True,"[11.80060069, 0.0, 0.0, 5.90030034, 3.40653999, 3.24419129, 0.0, 0.0, 3.24419129]",9.0,1.4966666666666667e-05,local
2019_43,bulk,-167.23325469,363.727,True,"[11.80060069, 0.0, 0.0, 0.0, 6.81307998, -3.24419129, 0.0, 0.0, 3.24419129]",18.0,7.094444444444443e-06,local
2023_0,bulk,-54.95954397,149.621,True,"[6.72758273, 0.0, -6.72758273, -0.0, 6.72758273, -6.72758273, 0.0, 0.0, 6.72758273]",16.0,2.08125e-06,local
2026_12,bulk,-105.92461267,370.519,True,"[9.10484222, 0.0, 0.0, 0.0, 7.90703579, -9.13025849, 0.0, 0.0, 4.56512924]",16.0,1.75e-07,local
2027_3,bulk,-62.89344784,156.061,True,"[11.63927445, 0.0, 0.0, 5.81963722, 3.35996912, 3.84650007, 0.0, 0.0, 3.84650007]",9.0,6.666666666666667e-06,local
2029_29,bulk,-93.78863166,168.038,True,"[4.2196676, 0.0, 0.0, 0.0, 12.15968746, -14.04079765, 0.0, 0.0, 7.02039883]",18.0,2.222222222222222e-08,local
2032_30,bulk,-210.25403068,281.247,True,"[5.63474239, 0.0, -3.25322004, 0.0, 7.95798221, -6.50644007, 0.0, 0.0, 6.50644007]",24.0,2.133333333333333e-05,local
2033_1,bulk,-74.88675215,241.971,True,"[15.52150539, 0.0, 0.0, 0.95725811, 3.73386446, 3.79111752, 0.0, 0.0, 3.79111752]",12.0,6e-07,local
2033_3,bulk,-74.88675215,270.564,True,"[15.52150539, 0.0, 0.0, 0.95725811, 3.73386446, 3.79111752, 0.0, 0.0, 3.79111752]",12.0,6e-07,local
2033_58,bulk,-74.91980493,182.666,True,"[3.8546189, 0.0, 0.0, -0.0, 15.03525998, 7.58223504, 0.0, 0.0, 3.79111752]",12.0,4.166666666666667e-07,local
2036_15,bulk,-127.03958318,647.968,True,"[19.13955663, 0.0, 0.0, 5.46844475, 4.73581207, 3.42112998, 0.0, 0.0, 3.42112998]",18.0,3.4444444444444444e-07,local
2041_6,bulk,-145.64636808,32.15,True,"[6.12276726, 0.0, 0.0, 0.0, 6.12276726, 0.0, 0.0, 0.0, 6.12276726]",16.0,0.00010315625,local
2044_2,bulk,-50.24183636,139.906,True,"[2.70301811, 0.0, -2.70301811, -0.0, 14.71520258, -2.70301811, 0.0, 0.0, 2.70301811]",8.0,0.8407771375,local
2044_3,bulk,-50.24183636,142.757,True,"[2.70301811, 0.0, -2.70301811, -0.0, 14.71520258, -2.70301811, 0.0, 0.0, 2.70301811]",8.0,0.8407771375,local
2046_7,bulk,-71.63670779,198.5,True,"[12.11798208, 0.0, 0.0, 6.05899104, 3.49816011, 6.94858869, 0.0, 0.0, 3.47429434]",9.0,2.222222222222222e-08,local
2047_6,bulk,-136.21015468,31.756,True,"[6.37392163, 0.0, 0.0, 0.0, 6.37392163, 0.0, 0.0, 0.0, 6.37392163]",16.0,3.10625e-06,local
2048_32,bulk,-95.35552635,641.441,True,"[12.7174774, 0.0, 0.0, 9.20954155, 12.22409987, 5.92266596, 0.0, 0.0, 5.92266596]",32.0,2.905e-05,local
2048_36,bulk,-95.35777385,473.839,True,"[10.15741912, 0.0, 0.0, -0.0, 15.30504077, 5.92266596, 0.0, 0.0, 5.92266596]",32.0,8.425e-06,local
2048_43,bulk,-95.35781347,698.646,True,"[7.65252039, 0.0, 0.0, -0.0, 20.31483824, 5.92266596, 0.0, 0.0, 5.92266596]",32.0,1.403125e-06,local
2050_11,bulk,-231.35985432,438.158,True,"[14.36979339, 0.0, -7.1848967, 0.0, 8.40433594, -7.1848967, 0.0, 0.0, 7.1848967]",40.0,2.3407500000000002e-05,local
2050_12,bulk,-231.35985432,444.827,True,"[14.36979339, 0.0, -7.1848967, 0.0, 8.40433594, -7.1848967, 0.0, 0.0, 7.1848967]",40.0,2.3407500000000002e-05,local
2050_4,bulk,-115.69447453,249.624,True,"[7.1848967, 0.0, 7.1848967, 7.1848967, 8.40433594, -0.0, 0.0, 0.0, 7.1848967]",20.0,5e-09,local
2052_0,bulk,-75.25609816,29.571,True,"[6.08299715, 0.0, -6.08299715, -0.0, 6.08299715, -6.08299715, 0.0, 0.0, 6.08299715]",16.0,2.035e-05,local
2063_2,bulk,-50.25450747,750.144,True,"[3.84593783, 0.0, -6.66135973, -0.0, 17.54705387, -4.44090649, 0.0, 0.0, 4.44090649]",16.0,0.0,local
2063_3,bulk,-50.25450748,605.616,True,"[3.84593783, 0.0, -6.66135973, -0.0, 17.54705387, -4.44090649, 0.0, 0.0, 4.44090649]",16.0,0.0,local
2064_3,bulk,-134.32760539,159.975,True,"[6.2847407, 0.0, 0.0, 0.0, 6.2847407, -6.2847407, 0.0, 0.0, 6.2847407]",16.0,4.39375e-06,local
2066_19,bulk,-80.11920565,78.204,True,"[5.73721785, 0.0, 0.0, 5.73721785, 5.73721785, 7.14938834, 0.0, 0.0, 7.14938834]",14.0,6.642857142857144e-07,local
2067_0,bulk,-44.66378622,69.808,True,"[6.10772186, 0.0, -6.10772186, -0.0, 6.10772186, -6.10772186, 0.0, 0.0, 6.10772186]",16.0,3.29625e-05,local
2074_6,bulk,-184.40714734,49.815,True,"[6.36504941, 0.0, 0.0, 0.0, 6.36504941, 0.0, 0.0, 0.0, 6.36504941]",16.0,0.00021103125,local
2075_16,bulk,-88.480654,115.866,True,"[3.50847862, 0.0, 0.0, 0.0, 15.92100746, -3.50847862, 0.0, 0.0, 3.50847862]",12.0,2.15e-06,local
2075_1,bulk,-44.24461511,76.949,True,"[3.50847862, 0.0, -3.50847862, 0.0, 7.96050373, -3.50847862, 0.0, 0.0, 3.50847862]",6.0,1.5e-07,local
2075_7,bulk,-88.48819644,140.891,True,"[7.01695725, 0.0, -3.50847862, -0.0, 7.96050373, -3.50847862, 0.0, 0.0, 3.50847862]",12.0,2.5e-08,local
2077_1,bulk,-141.75964801,158.169,True,"[6.25564209, 0.0, -6.25564209, -0.0, 6.25564209, -6.25564209, 0.0, 0.0, 6.25564209]",16.0,2.28e-05,local
2078_0,bulk,-63.11099213,121.496,True,"[6.51034539, 0.0, -6.51034539, -0.0, 6.51034539, -6.51034539, 0.0, 0.0, 6.51034539]",12.0,5.983333333333333e-06,local
2078_2,bulk,-63.11099213,96.142,True,"[6.51034539, 0.0, -6.51034539, -0.0, 6.51034539, -6.51034539, 0.0, 0.0, 6.51034539]",12.0,5.983333333333333e-06,local
2078_7,bulk,-126.23088407,302.999,True,"[6.51034539, 0.0, 0.0, 0.0, 13.02069079, -6.51034539, 0.0, 0.0, 6.51034539]",24.0,1.3291666666666667e-05,local
2083_3,bulk,-44.70673085,112.178,True,"[6.75798967, 0.0, -6.75798967, -0.0, 6.75798967, -6.75798967, 0.0, 0.0, 6.75798967]",16.0,1.039375e-05,local
2088_0,bulk,-128.44847168,163.825,True,"[6.43667316, 0.0, -6.43667316, -0.0, 6.43667316, -6.43667316, 0.0, 0.0, 6.43667316]",16.0,0.0002054875,local
2089_10,bulk,-43.43812933,179.963,True,"[8.46489892, 0.0, -4.23244946, -0.0, 10.76742447, -4.23244946, 0.0, 0.0, 4.23244946]",16.0,6.25e-09,local
2089_15,bulk,-43.43703627,73.939,True,"[10.76742447, 0.0, 0.0, 0.0, 8.46489892, -4.23244946, 0.0, 0.0, 4.23244946]",16.0,6.55e-06,local
2089_7,bulk,-43.43812933,179.219,True,"[8.46489892, 0.0, -4.23244946, -0.0, 10.76742447, -4.23244946, 0.0, 0.0, 4.23244946]",16.0,6.25e-09,local
2090_11,bulk,-50.96794661,83.118,True,"[4.14506349, 0.0, 0.0, 0.0, 11.92054456, -4.14506349, 0.0, 0.0, 4.14506349]",10.0,0.000129,local
2098_40,bulk,-99.25519927,6337.214,True,"[11.86581228, 0.0, 0.0, 3.58778485, 8.50128008, 7.74042976, 0.0, 0.0, 7.74042976]",32.0,3.125e-09,local
2100_1,bulk,-46.20640306,72.091,True,"[6.5372317, 0.0, -6.5372317, 0.0, 6.5372317, -6.5372317, 0.0, 0.0, 6.5372317]",16.0,6.189375e-05,local
2105_0,bulk,-45.28664355,57.426,True,"[6.2632504, 0.0, -6.2632504, -0.0, 6.2632504, -6.2632504, 0.0, 0.0, 6.2632504]",16.0,2.303125e-05,local
2108_17,bulk,-49.2880534,113.449,True,"[4.10000488, 0.0, -4.10000488, -0.0, 10.03510198, -8.20000976, 0.0, 0.0, 4.10000488]",10.0,3.574e-05,local
2108_3,bulk,-98.56390502,556.17,True,"[4.10000488, 0.0, 4.10000488, 4.10000488, 20.07020397, 0.0, 0.0, 0.0, 4.10000488]",20.0,2.7765e-05,local
2108_5,bulk,-98.56688744,395.706,True,"[8.20000976, 0.0, -4.10000488, 0.0, 10.03510198, -4.10000488, 0.0, 0.0, 4.10000488]",20.0,0.00010271,local
2110_5,bulk,-140.25373118,203.34,True,"[6.34769962, 0.0, 0.0, 0.0, 12.69539923, -6.34769962, 0.0, 0.0, 6.34769962]",32.0,1.625e-07,local
2113_20,bulk,-148.40524842,383.899,True,"[19.92814517, 0.0, 0.0, 5.69375576, 4.93093713, 3.56404573, 0.0, 0.0, 3.56404573]",18.0,3.148888888888889e-05,local
2113_47,bulk,-148.40241235,282.39,True,"[13.04603339, 0.0, 0.0, 0.0, 7.53213089, -3.56404573, 0.0, 0.0, 3.56404573]",18.0,3.6011111111111114e-05,local
2118_3,bulk,-133.38187516,144.805,True,"[6.36059471, 0.0, 0.0, 0.0, 6.36059471, -6.36059471, 0.0, 0.0, 6.36059471]",16.0,7.70625e-06,local
2118_5,bulk,-266.76932477,459.271,True,"[6.36059471, 0.0, 0.0, 0.0, 12.72118942, -6.36059471, 0.0, 0.0, 6.36059471]",32.0,2.840625e-05,local
2119_5,bulk,-55.69893265,103.819,True,"[3.89959046, 0.0, -3.89959046, 0.0, 12.30219145, -3.89959046, 0.0, 0.0, 3.89959046]",12.0,2.4766666666666668e-05,local
2124_6,bulk,-107.37242266,51.256,True,"[5.71486852, 0.0, 0.0, 0.0, 5.71486852, 0.0, 0.0, 0.0, 5.71486852]",16.0,1.0252961875,local
2126_0,bulk,-56.16546085,127.044,True,"[11.05921059, 0.0, 0.0, 5.52960529, 3.1925191, 3.99910127, 0.0, 0.0, 3.99910127]",9.0,1.8888888888888888e-06,local
2126_17,bulk,-112.3320292,318.972,True,"[16.89322321, 0.0, 0.0, 4.8266352, 4.1799887, 3.99910127, 0.0, 0.0, 3.99910127]",18.0,7.96e-05,local
2126_44,bulk,-112.32598644,241.729,True,"[11.05921059, 0.0, 0.0, 0.0, 6.38503821, -3.99910127, 0.0, 0.0, 3.99910127]",18.0,0.0001224777777777778,local
2127_6,bulk,-111.49729222,56.64,True,"[5.9147007, 0.0, 0.0, 0.0, 5.9147007, 0.0, 0.0, 0.0, 5.9147007]",16.0,0.240658325,local
2128_13,bulk,-56.09139765,135.044,True,"[3.78532185, 0.0, 0.0, 0.0, 15.50356672, -3.78532185, 0.0, 0.0, 3.78532185]",10.0,0.3132357,local
2128_18,bulk,,,False,,,,local
2128_20,bulk,-56.09179443,101.361,True,"[3.78532185, 0.0, 0.0, 0.0, 15.50356672, -7.57064369, 0.0, 0.0, 3.78532185]",10.0,0.31175089,local
2131_1,bulk,-136.64363369,105.014,True,"[6.12339444, 0.0, -6.12339444, -0.0, 6.12339444, -6.12339444, 0.0, 0.0, 6.12339444]",16.0,0.3851565875,local
2131_3,bulk,-136.63034653,187.076,True,"[6.12339444, 0.0, 0.0, 0.0, 6.12339444, -6.12339444, 0.0, 0.0, 6.12339444]",16.0,0.38561670625,local
2133_9,bulk,-89.01017899,219.438,True,"[9.89240222, 0.0, 0.0, 0.0, 8.15498647, -4.07749323, 0.0, 0.0, 4.07749323]",20.0,7.3705e-05,local
2134_2,bulk,-213.28779586,491.652,True,"[7.00575795, 0.0, -7.00575795, -0.0, 7.00575795, -7.00575795, 0.0, 0.0, 7.00575795]",24.0,1.0428071749999999,local
2135_6,bulk,-79.98208915,655.109,True,"[4.71850327, 0.0, -4.71850327, -0.0, 21.68499087, -4.71850327, 0.0, 0.0, 4.71850327]",20.0,1.97e-06,local
2135_7,bulk,-79.98208915,613.203,True,"[4.71850327, 0.0, -4.71850327, -0.0, 21.68499087, -4.71850327, 0.0, 0.0, 4.71850327]",20.0,1.97e-06,local
2139_0,bulk,-68.25542302,80.993,True,"[6.00479104, 0.0, -6.00479104, -0.0, 6.00479104, -6.00479104, 0.0, 0.0, 6.00479104]",16.0,4.734375e-05,local
2139_1,bulk,-68.25542302,100.781,True,"[6.00479104, 0.0, -6.00479104, -0.0, 6.00479104, -6.00479104, 0.0, 0.0, 6.00479104]",16.0,4.734375e-05,local
2139_5,bulk,-136.49707699,738.692,True,"[6.00479104, 0.0, 0.0, 0.0, 12.00958208, -6.00479104, 0.0, 0.0, 6.00479104]",32.0,5.796875e-06,local
2141_29,bulk,-128.05806926,203.034,True,"[8.45777761, 0.0, 0.0, 8.45777761, 8.45777761, 11.10015097, 0.0, 0.0, 11.10015097]",32.0,1.2846875e-05,local
2152_79,bulk,-136.99695792,1771.87,True,"[16.34664354, 0.0, -6.70837456, 30.19611882, 8.68359312, -6.08698689, 0.0, 0.0, 7.32976223]",36.0,5.555555555555555e-09,local
2152_92,bulk,-137.15769753,655.73,True,"[15.70995211, 0.0, -6.70837456, -0.0, 9.03552095, 7.32976223, 0.0, 0.0, 7.32976223]",36.0,5.725e-06,local
2154_43,bulk,-117.62618031,488.962,True,"[4.33273847, 0.0, 0.0, -0.0, 18.3055205, 5.29423876, 0.0, 0.0, 5.29423876]",24.0,8.833333333333334e-06,local
2154_44,bulk,-117.62618031,446.908,True,"[4.33273847, 0.0, 0.0, -0.0, 18.3055205, 5.29423876, 0.0, 0.0, 5.29423876]",24.0,8.833333333333334e-06,local
2154_8,bulk,-58.81002114,101.514,True,"[5.29423876, 0.0, 0.0, 0.0, 9.15276025, -4.33273847, 0.0, 0.0, 4.33273847]",12.0,0.00022585,local
2159_46,bulk,-149.56595237,1221.14,True,"[16.01715903, 0.0, 0.0, 6.04524694, 12.53436687, 5.99727947, 0.0, 0.0, 5.99727947]",40.0,2.05e-07,local
2159_4,bulk,-149.57498561,785.582,True,"[14.42690343, 0.0, -6.95800552, -0.0, 11.99455895, -6.95800552, 0.0, 0.0, 6.95800552]",40.0,2.97975e-05,local
2159_55,bulk,-74.78820272,296.842,True,"[6.95800552, 0.0, 0.0, -0.0, 14.42690343, 11.99455895, 0.0, 0.0, 5.99727947]",20.0,1.4395e-05,local
2167_0,bulk,-95.87175675,172.287,True,"[6.59075479, 0.0, -6.59075479, -0.0, 6.59075479, -6.59075479, 0.0, 0.0, 6.59075479]",16.0,5.3825e-05,local
2168_0,bulk,-105.84799822,366.209,True,"[6.50298278, 0.0, -5.41161458, -0.0, 11.45421394, -5.41161458, 0.0, 0.0, 5.41161458]",20.0,1.65e-07,local
2168_41,bulk,-105.85818464,393.837,True,"[6.50298278, 0.0, -5.41161458, -0.0, 11.45421394, -10.82322916, 0.0, 0.0, 5.41161458]",20.0,1.55e-07,local
2168_43,bulk,-105.85818464,417.106,True,"[6.50298278, 0.0, -5.41161458, -0.0, 11.45421394, -10.82322916, 0.0, 0.0, 5.41161458]",20.0,1.55e-07,local
2169_1,bulk,-75.99304644,149.783,True,"[6.57631744, 0.0, -6.57631744, -0.0, 6.57631744, -6.57631744, 0.0, 0.0, 6.57631744]",16.0,3.98625e-05,local
2170_6,bulk,-136.10030205,54.558,True,"[5.85372789, 0.0, 0.0, 0.0, 5.85372789, 0.0, 0.0, 0.0, 5.85372789]",16.0,0.22160305,local
2176_12,bulk,-65.26344172,322.512,True,"[6.60940606, 0.0, 0.0, 6.5789465, 7.49589436, 4.16215592, 0.0, 0.0, 4.16215592]",12.0,1.6666666666666665e-07,local
2176_91,bulk,-130.59696726,684.915,True,"[8.57391242, 0.0, -6.5789465, 13.10683607, 7.27767664, -6.54848693, 0.0, 0.0, 6.60940606]",24.0,8.333333333333334e-09,local
2176_98,bulk,-130.52087292,626.058,True,"[4.16215592, 0.0, 0.0, 0.0, 14.99178872, -6.54848693, 0.0, 0.0, 6.60940606]",24.0,3.4583333333333334e-07,local
2179_19,bulk,-97.43815829,179.348,True,"[3.79618686, 0.0, -2.19172951, -0.0, 18.2834736, -4.38345901, 0.0, 0.0, 4.38345901]",16.0,8.75e-08,local
2179_2,bulk,-97.40771491,261.773,True,"[3.79618686, 0.0, -6.57518852, -0.0, 18.2834736, -4.38345901, 0.0, 0.0, 4.38345901]",16.0,8.36875e-06,local
2179_5,bulk,-97.42029856,195.824,True,"[7.59237372, 0.0, -8.76691803, -0.0, 9.1417368, -4.38345901, 0.0, 0.0, 4.38345901]",16.0,9.375e-08,local
2182_1,bulk,-48.02778859,70.961,True,"[6.24575649, 0.0, -6.24575649, -0.0, 6.24575649, -6.24575649, 0.0, 0.0, 6.24575649]",16.0,9.675e-06,local
2187_27,bulk,-104.45403442,408.664,True,"[9.07487749, 0.0, 0.0, 9.07487749, 9.07487749, 12.31492805, 0.0, 0.0, 12.31492805]",32.0,2.81625e-05,local
2188_5,bulk,-203.47109251,646.554,True,"[6.07760381, 0.0, 0.0, 0.0, 12.15520763, -6.07760381, 0.0, 0.0, 6.07760381]",32.0,0.26339796875,local
2197_1,bulk,-128.60366482,160.976,True,"[6.27115293, 0.0, -6.27115293, -0.0, 6.27115293, -6.27115293, 0.0, 0.0, 6.27115293]",16.0,1.09385330625,local
2202_0,bulk,-124.4742778,265.168,True,"[10.32550319, 0.0, 0.0, 2.65485366, 4.51269897, 4.18892407, 0.0, 0.0, 4.18892407]",16.0,7.33125e-06,local
2202_51,bulk,-124.46966801,214.23,True,"[5.23571389, 0.0, 0.0, -0.0, 8.8996245, 8.37784813, 0.0, 0.0, 4.18892407]",16.0,1.21875e-05,local
2202_9,bulk,-124.47257556,205.007,True,"[4.18892407, 0.0, 0.0, 0.0, 8.8996245, -5.23571389, 0.0, 0.0, 5.23571389]",16.0,1.853125e-05,local
2203_7,bulk,-63.19002724,411.968,True,"[11.41790154, 0.0, -4.27945774, 0.0, 9.30159973, -4.27945774, 0.0, 0.0, 4.27945774]",16.0,0.0,local
2208_0,bulk,-68.97741526,75.992,True,"[6.34617451, 0.0, -6.34617451, -0.0, 6.34617451, -6.34617451, 0.0, 0.0, 6.34617451]",16.0,4.54875e-05,local
2209_4,bulk,-46.81188631,166.365,True,"[7.12478031, 0.0, 0.0, 0.0, 3.61079761, -3.61079761, 0.0, 0.0, 3.61079761]",8.0,0.0006399625,local
2213_0,bulk,-83.734247,108.101,True,"[6.63597818, 0.0, -6.63597818, -0.0, 6.63597818, -6.63597818, 0.0, 0.0, 6.63597818]",16.0,5.395625e-05,local
2213_1,bulk,-83.734247,106.764,True,"[6.63597818, 0.0, -6.63597818, -0.0, 6.63597818, -6.63597818, 0.0, 0.0, 6.63597818]",16.0,5.395625e-05,local
2218_0,bulk,-63.36067433,177.021,True,"[6.20658693, 0.0, -6.20658693, -0.0, 6.20658693, -6.20658693, 0.0, 0.0, 6.20658693]",16.0,8.5575e-05,local
2218_3,bulk,-63.36044429,134.843,True,"[6.20658693, 0.0, 0.0, 0.0, 6.20658693, -6.20658693, 0.0, 0.0, 6.20658693]",16.0,8.989375e-05,local
2218_5,bulk,-126.70816001,784.543,True,"[6.20658693, 0.0, 0.0, 0.0, 12.41317387, -6.20658693, 0.0, 0.0, 6.20658693]",32.0,3.940625e-06,local
2221_43,bulk,-158.177675,419.147,True,"[16.2413234, 0.0, 0.0, 5.70543001, 12.36024014, 6.39464698, 0.0, 0.0, 6.39464698]",40.0,3.2357499999999996e-05,local
2221_55,bulk,-79.09130924,143.994,True,"[6.80675157, 0.0, 0.0, -0.0, 14.74614251, 12.78929397, 0.0, 0.0, 6.39464698]",20.0,1.6105000000000003e-05,local
2221_6,bulk,-158.19012908,550.314,True,"[14.74614251, 0.0, -6.80675157, 0.0, 12.78929397, -6.80675157, 0.0, 0.0, 6.80675157]",40.0,2.55e-06,local
2223_6,bulk,-118.21811272,344.319,True,"[5.97906477, 0.0, -10.35604397, -0.0, 7.01394241, -6.90402931, 0.0, 0.0, 6.90402931]",18.0,1.0327777777777777e-05,local
2226_16,bulk,-108.47775768,130.874,True,"[3.6523323, 0.0, -2.10867504, -0.0, 16.54624241, -4.21735008, 0.0, 0.0, 4.21735008]",16.0,4.941875e-05,local
2226_17,bulk,-108.47775768,145.065,True,"[3.6523323, 0.0, -2.10867504, -0.0, 16.54624241, -4.21735008, 0.0, 0.0, 4.21735008]",16.0,4.941875e-05,local
2233_1,bulk,-142.17406135,84.661,True,"[5.89830499, 0.0, -5.89830499, -0.0, 5.89830499, -5.89830499, 0.0, 0.0, 5.89830499]",16.0,0.25191985625,local
2234_6,bulk,-130.29018842,62.079,True,"[5.75340828, 0.0, 0.0, 0.0, 5.75340828, 0.0, 0.0, 0.0, 5.75340828]",16.0,0.2416823375,local
2236_5,bulk,-173.28187273,537.146,True,"[6.23618516, 0.0, 0.0, 0.0, 12.47237033, -6.23618516, 0.0, 0.0, 6.23618516]",32.0,3.58125e-06,local
2238_0,bulk,-130.31376872,87.91,True,"[5.82384744, 0.0, -5.82384744, -0.0, 5.82384744, -5.82384744, 0.0, 0.0, 5.82384744]",16.0,4.9625e-06,local
2239_17,bulk,-74.25004758,666.966,True,"[11.38681679, 0.0, 8.72615075, 14.43402601, 9.26058172, 0.0, 0.0, 0.0, 4.36307537]",20.0,0.0,local
2239_18,bulk,-74.25004758,540.355,True,"[11.38681679, 0.0, 8.72615075, 14.43402601, 9.26058172, 0.0, 0.0, 0.0, 4.36307537]",20.0,0.0,local
2240_82,bulk,-77.72121792,52.356,True,"[10.00422318, 0.0, -1.95669749, 0.0, 4.05443552, 0.0, 0.0, 0.0, 6.61942861]",14.0,1.5785714285714285e-06,local
2242_39,bulk,-89.68994634,204.648,True,"[10.14891368, 0.0, 0.29109494, 8.07826393, 4.08989672, 4.85483094, 0.0, 0.0, 4.563736]",16.0,1.875e-08,local
2242_40,bulk,-89.68994634,264.663,True,"[10.14891368, 0.0, 0.29109494, 8.07826393, 4.08989672, 4.85483094, 0.0, 0.0, 4.563736]",16.0,1.875e-08,local
2246_37,bulk,-133.69331705,213.525,True,"[4.0668906, 0.0, 0.0, -0.0, 11.57582334, -10.45203843, 0.0, 0.0, 10.45203843]",24.0,8.21875e-05,local
2246_3,bulk,-133.69912119,404.575,True,"[10.45203843, 0.0, -4.0668906, -0.0, 11.57582334, -4.0668906, 0.0, 0.0, 4.0668906]",24.0,6.0500000000000005e-06,local
2246_42,bulk,-133.66088408,447.814,True,"[4.0668906, 0.0, 0.0, -0.0, 20.90407687, 5.78791167, 0.0, 0.0, 5.78791167]",24.0,1.5804166666666667e-05,local
2247_1,bulk,-60.09451015,75.252,True,"[6.18985063, 0.0, -6.18985063, -0.0, 6.18985063, -6.18985063, 0.0, 0.0, 6.18985063]",16.0,1.00625e-06,local
2253_0,bulk,-43.45265187,80.027,True,"[6.56015057, 0.0, -6.56015057, -0.0, 6.56015057, -6.56015057, 0.0, 0.0, 6.56015057]",16.0,7.75875e-05,local
2253_3,bulk,-43.47363913,65.082,True,"[6.56015057, 0.0, 0.0, 0.0, 6.56015057, -6.56015057, 0.0, 0.0, 6.56015057]",16.0,5.30625e-05,local
2253_5,bulk,-86.83079147,222.808,True,"[6.56015057, 0.0, 0.0, 0.0, 13.12030114, -6.56015057, 0.0, 0.0, 6.56015057]",32.0,1.4378125e-05,local
2255_40,bulk,-111.32626985,325.294,True,"[8.49415534, 0.0, 4.50517796, 8.49415534, 5.0704393, -0.0, 0.0, 0.0, 4.50517796]",16.0,2.54375e-06,local
2255_69,bulk,-111.31309233,423.047,True,"[4.24707767, 0.0, 0.0, 0.0, 10.1408786, -4.50517796, 0.0, 0.0, 4.50517796]",16.0,1.2375e-06,local
2255_77,bulk,-111.31356797,356.626,True,"[4.24707767, 0.0, 0.0, -0.0, 9.01035591, 5.0704393, 0.0, 0.0, 5.0704393]",16.0,6.3e-06,local
2260_5,bulk,-184.08712745,468.417,True,"[6.63558054, 0.0, 0.0, 0.0, 13.27116107, -6.63558054, 0.0, 0.0, 6.63558054]",32.0,7.921875e-06,local
2262_18,bulk,-92.9635133,231.729,True,"[3.82133182, 0.0, 0.0, 0.0, 18.4085553, -3.82133182, 0.0, 0.0, 3.82133182]",16.0,2.3125e-07,local
2263_17,bulk,-38.83706557,329.11,True,"[7.22892622, 0.0, 0.0, -0.0, 7.22892622, 5.61174295, 0.0, 0.0, 5.61174295]",14.0,7.142857142857142e-09,local
2263_24,bulk,-77.66674993,335.741,True,"[7.22892622, 0.0, 0.0, -0.0, 14.45785244, 5.61174295, 0.0, 0.0, 5.61174295]",28.0,5.6925e-05,local
2266_1,bulk,-46.19747767,168.051,True,"[11.41288305, 0.0, -4.52904595, -0.0, 8.40864715, -4.52904595, 0.0, 0.0, 4.52904595]",16.0,0.00014844375,local
2266_43,bulk,-92.38712516,1136.949,True,"[12.27868709, 0.0, 0.0, 3.34111572, 8.41938089, 8.40864715, 0.0, 0.0, 8.40864715]",32.0,1.25e-08,local
2266_45,bulk,-92.36969079,756.042,True,"[11.41288305, 0.0, 0.0, -0.0, 9.0580919, 8.40864715, 0.0, 0.0, 8.40864715]",32.0,1.5625e-08,local
2269_0,bulk,-90.31791316,107.823,True,"[12.06179458, 0.0, 0.0, 6.03089729, 3.48194017, 3.40167059, 0.0, 0.0, 3.40167059]",9.0,6.666666666666667e-08,local
2269_13,bulk,-90.32419066,70.067,True,"[3.40167059, 0.0, 0.0, 0.0, 6.03089729, -10.44582052, 0.0, 0.0, 6.96388035]",9.0,2.222222222222222e-08,local
2269_24,bulk,-180.62706889,214.874,True,"[3.40167059, 0.0, 0.0, 0.0, 12.06179458, -13.92776069, 0.0, 0.0, 6.96388035]",18.0,1.0916666666666667e-05,local
2270_6,bulk,-53.49393316,82.384,True,"[5.95798312, 0.0, 0.0, 0.0, 5.95798312, -5.95798312, 0.0, 0.0, 5.95798312]",16.0,7.5125e-06,local
2271_0,bulk,-57.14897408,55.039,True,"[6.07405088, 0.0, -6.07405088, -0.0, 6.07405088, -6.07405088, 0.0, 0.0, 6.07405088]",16.0,2.8225e-05,local
2276_2,bulk,-75.70651061,58.736,True,"[5.95212951, 0.0, -5.95212951, -0.0, 5.95212951, -5.95212951, 0.0, 0.0, 5.95212951]",12.0,0.0013960333333333335,local
2277_41,bulk,-116.31027813,940.343,True,"[12.88259345, 0.0, 0.0, 3.28185399, 8.58993689, 8.13641452, 0.0, 0.0, 8.13641452]",32.0,3.471875e-06,local
2277_42,bulk,-116.31027813,939.273,True,"[12.88259345, 0.0, 0.0, 3.28185399, 8.58993689, 8.13641452, 0.0, 0.0, 8.13641452]",32.0,3.471875e-06,local
2277_45,bulk,-116.32251564,648.558,True,"[12.03419372, 0.0, 0.0, -0.0, 9.19551963, 8.13641452, 0.0, 0.0, 8.13641452]",32.0,2.90625e-06,local
2278_31,bulk,-157.82172794,513.714,True,"[9.94097876, 0.0, -7.77175148, 5.42597912, 8.31466454, 0.0, 0.0, 0.0, 3.88587574]",20.0,1.0299999999999999e-06,local
2278_32,bulk,-157.82172794,703.198,True,"[9.94097876, 0.0, -7.77175148, 5.42597912, 8.31466454, 0.0, 0.0, 0.0, 3.88587574]",20.0,1.0299999999999999e-06,local
2278_39,bulk,-315.64694373,773.138,True,"[3.88587574, 0.0, 0.0, 0.0, 16.62932907, -18.97097803, 0.0, 0.0, 9.94097876]",40.0,4.29625e-05,local
2280_1,bulk,-74.91656001,75.915,True,"[5.75697063, 0.0, -5.75697063, 0.0, 5.75697063, -5.75697063, 0.0, 0.0, 5.75697063]",16.0,1.09e-05,local
2282_17,bulk,-77.37085755,156.376,True,"[6.50433797, 0.0, 0.0, -0.0, 6.50433797, 5.19971208, 0.0, 0.0, 5.19971208]",14.0,3.871428571428571e-05,local
2282_18,bulk,-77.37085755,159.044,True,"[6.50433797, 0.0, 0.0, -0.0, 6.50433797, 5.19971208, 0.0, 0.0, 5.19971208]",14.0,3.871428571428571e-05,local
2291_24,bulk,-68.04058786,65.092,True,"[7.45457949, 0.0, 0.0, -0.0, 8.56407641, 4.30390348, 0.0, 0.0, 4.30390348]",16.0,1.4375e-07,local
2304_14,bulk,-105.88344641,115.302,True,"[3.79038324, 0.0, 0.0, 0.0, 27.45805973, -3.79038324, 0.0, 0.0, 3.79038324]",20.0,5.4350000000000006e-05,local
2304_2,bulk,-105.88510752,230.933,True,"[3.79038324, 0.0, -3.79038324, -0.0, 27.45805973, -3.79038324, 0.0, 0.0, 3.79038324]",20.0,6.935e-05,local
2305_1,bulk,-133.29920243,130.741,True,"[6.02889388, 0.0, -6.02889388, -0.0, 6.02889388, -6.02889388, 0.0, 0.0, 6.02889388]",16.0,0.254235375,local
2311_34,bulk,-140.76681723,123.675,True,"[5.66081287, 0.0, -3.26827183, -0.0, 7.21356286, -6.53654366, 0.0, 0.0, 6.53654366]",18.0,1.3329523555555556,local
2311_47,bulk,-140.76750805,358.586,True,"[6.53654366, 0.0, 0.0, 6.53654366, 11.32162573, 3.60678143, 0.0, 0.0, 3.60678143]",18.0,1.3344749055555556,local
2311_8,bulk,-140.78164226,241.998,True,"[5.66081287, 0.0, -9.8048155, -0.0, 7.21356286, -6.53654366, 0.0, 0.0, 6.53654366]",18.0,1.3408853888888888,local
2312_15,bulk,-115.48817423,781.034,True,"[3.86663481, 0.0, -2.23240265, -0.0, 48.94543466, -4.4648053, 0.0, 0.0, 4.4648053]",24.0,4.458333333333333e-07,local
2312_26,bulk,-57.74448696,104.629,True,"[3.86663481, 0.0, -2.23240265, -0.0, 24.47271733, 8.92961059, 0.0, 0.0, 4.4648053]",12.0,3e-07,local
2313_9,bulk,-128.01700603,347.315,True,"[9.56890098, 0.0, 0.0, 0.0, 7.65885398, -3.82942699, 0.0, 0.0, 3.82942699]",20.0,6.65e-07,local
2317_16,bulk,-74.36179488,245.776,True,"[3.61047583, 0.0, 0.0, 0.0, 12.37596239, -3.61047583, 0.0, 0.0, 3.61047583]",12.0,2e-07,local
2320_10,bulk,-59.85987316,267.01,True,"[8.00395744, 0.0, -9.24217397, -0.0, 7.41860854, -4.62108698, 0.0, 0.0, 4.62108698]",12.0,8.333333333333334e-09,local
2320_7,bulk,-59.85987316,262.948,True,"[8.00395744, 0.0, -9.24217397, -0.0, 7.41860854, -4.62108698, 0.0, 0.0, 4.62108698]",12.0,8.333333333333334e-09,local
2320_8,bulk,-59.85987316,289.18,True,"[8.00395744, 0.0, -9.24217397, -0.0, 7.41860854, -4.62108698, 0.0, 0.0, 4.62108698]",12.0,8.333333333333334e-09,local
2323_1,bulk,-60.9095092,65.417,True,"[6.38167487, 0.0, -6.38167487, -0.0, 6.38167487, -6.38167487, 0.0, 0.0, 6.38167487]",16.0,2.875e-06,local
2326_12,bulk,-64.52258794,95.871,True,"[4.18309934, 0.0, 0.0, -0.0, 8.36619867, 7.59652727, 0.0, 0.0, 7.59652727]",16.0,3.9575e-05,local
2329_1,bulk,-157.99705501,155.182,True,"[6.26142175, 0.0, -6.26142175, -0.0, 6.26142175, -6.26142175, 0.0, 0.0, 6.26142175]",16.0,5.89e-05,local
2331_69,bulk,-149.04186704,737.134,True,"[17.6367058, 0.0, 0.0, -0.0, 9.29704658, 8.22260524, 0.0, 0.0, 8.22260524]",40.0,4.13e-06,local
2337_3,bulk,-169.80419302,243.616,True,"[6.1037061, 0.0, 0.0, 0.0, 6.1037061, -6.1037061, 0.0, 0.0, 6.1037061]",16.0,2.161875e-05,local
2349_16,bulk,-79.94112685,374.459,True,"[10.94060697, 0.0, 0.0, 0.0, 8.55867356, -4.27933678, 0.0, 0.0, 4.27933678]",20.0,1.08e-06,local
2351_3,bulk,-146.23231759,75.783,True,"[6.29343886, 0.0, 0.0, 0.0, 6.29343886, -6.29343886, 0.0, 0.0, 6.29343886]",16.0,0.00039385,local
2354_27,bulk,-80.65676761,749.448,True,"[20.11861727, 0.0, 0.0, 14.33596285, 9.10493926, 6.45275242, 0.0, 0.0, 6.45275242]",32.0,1.521875e-06,local
2354_35,bulk,-80.65852577,966.255,True,"[13.72748879, 0.0, 0.0, 10.50518978, 13.34394011, 6.45275242, 0.0, 0.0, 6.45275242]",32.0,1.3875e-06,local
2354_47,bulk,-80.65983575,964.407,True,"[8.49146262, 0.0, 0.0, -0.0, 21.57211265, 6.45275242, 0.0, 0.0, 6.45275242]",32.0,9.03125e-07,local
2356_0,bulk,-110.03416084,78.636,True,"[5.60524379, 0.0, -5.60524379, -0.0, 5.60524379, -5.60524379, 0.0, 0.0, 5.60524379]",16.0,3.09375e-06,local
2357_1,bulk,-62.26933362,120.926,True,"[6.51272186, 0.0, -6.51272186, -0.0, 6.51272186, -6.51272186, 0.0, 0.0, 6.51272186]",16.0,1.54375e-05,local
2359_46,bulk,-125.30722856,509.64,True,"[11.97775936, 0.0, 0.0, -0.0, 9.10623012, 8.15783975, 0.0, 0.0, 8.15783975]",32.0,4.46875e-07,local
2360_34,bulk,-68.93016547,250.451,True,"[4.14201367, 0.0, -2.3913927, -0.0, 25.36248612, 9.56557082, 0.0, 0.0, 4.78278541]",21.0,6.142857142857142e-06,local
2360_36,bulk,-68.93016547,150.072,True,"[4.14201367, 0.0, -2.3913927, -0.0, 25.36248612, 9.56557082, 0.0, 0.0, 4.78278541]",21.0,6.142857142857142e-06,local
2361_16,bulk,-54.0691153,109.213,True,"[3.83001203, 0.0, -3.83001203, -0.0, 10.09967519, -7.66002406, 0.0, 0.0, 3.83001203]",10.0,1.1239999999999999e-05,local
2363_17,bulk,-245.84202939,610.039,True,"[4.67232705, 0.0, 0.0, 0.0, 19.03832992, -6.05803045, 0.0, 0.0, 6.05803045]",32.0,2.3878125e-05,local
2363_20,bulk,-122.92100525,335.671,True,"[9.51916496, 0.0, 0.0, -0.0, 6.05803045, 4.67232705, 0.0, 0.0, 4.67232705]",16.0,5.875e-06,local
2363_8,bulk,-122.92770716,109.221,True,"[4.67232705, 0.0, 0.0, 0.0, 9.51916496, -6.05803045, 0.0, 0.0, 6.05803045]",16.0,5.911875e-05,local
2365_0,bulk,-73.23719435,132.482,True,"[6.26517478, 0.0, -6.26517478, -0.0, 6.26517478, -6.26517478, 0.0, 0.0, 6.26517478]",16.0,1.2e-06,local
2365_1,bulk,-73.23719435,129.758,True,"[6.26517478, 0.0, -6.26517478, -0.0, 6.26517478, -6.26517478, 0.0, 0.0, 6.26517478]",16.0,1.2e-06,local
2367_3,bulk,-153.3306429,270.493,True,"[6.1909291, 0.0, 0.0, 0.0, 6.1909291, -6.1909291, 0.0, 0.0, 6.1909291]",16.0,1.01869358125,local
2369_6,bulk,-52.43610984,135.9,True,"[12.54811964, 0.0, 0.0, 6.27405982, 3.62233013, 7.09904522, 0.0, 0.0, 3.54952261]",9.0,4.555555555555555e-06,local
2371_48,bulk,-90.50847887,302.474,True,"[7.07909527, 0.0, 0.0, 7.07909527, 12.26135268, 4.25375431, 0.0, 0.0, 4.25375431]",18.0,1.6666666666666667e-08,local
2371_8,bulk,-90.5121027,246.212,True,"[6.13067634, 0.0, 10.61864291, 6.13067634, 8.50750862, 3.53954764, 0.0, 0.0, 7.07909527]",18.0,4.346666666666667e-05,local
2377_1,bulk,-70.90510078,152.297,True,"[13.54200299, 0.0, 0.0, 6.7710015, 3.90923954, 3.6420897, 0.0, 0.0, 3.6420897]",9.0,0.16400062222222223,local
2377_27,bulk,-141.8184976,384.338,True,"[3.6420897, 0.0, 0.0, 0.0, 13.54200299, -15.63695814, 0.0, 0.0, 7.81847907]",18.0,0.16311341666666668,local
2383_8,bulk,-67.70379068,149.2,True,"[13.58759733, 0.0, 0.0, 6.79379867, 3.92240149, 6.72286884, 0.0, 0.0, 3.36143442]",9.0,4.166666666666666e-06,local
2391_0,bulk,-107.46904121,94.711,True,"[5.83383841, 0.0, -5.83383841, -0.0, 5.83383841, -5.83383841, 0.0, 0.0, 5.83383841]",16.0,0.2534715375,local
2391_1,bulk,-107.46904121,122.355,True,"[5.83383841, 0.0, -5.83383841, -0.0, 5.83383841, -5.83383841, 0.0, 0.0, 5.83383841]",16.0,0.2534715375,local
2394_19,bulk,-75.10797451,64.02,True,"[5.68251386, 0.0, 0.0, 5.68251386, 5.68251386, 7.28075548, 0.0, 0.0, 7.28075548]",14.0,2.6385714285714285e-05,local
2398_47,bulk,-121.83856888,749.391,True,"[6.21684832, 0.0, 0.0, 6.21684832, 10.76789716, 3.63283732, 0.0, 0.0, 3.63283732]",18.0,0.9941361944444443,local
2398_5,bulk,-121.82875166,312.362,True,"[5.38394858, 0.0, -9.32527249, 0.0, 7.26567465, -6.21684832, 0.0, 0.0, 6.21684832]",18.0,0.9935618722222223,local
2398_8,bulk,-121.82875166,263.504,True,"[5.38394858, 0.0, -9.32527249, 0.0, 7.26567465, -6.21684832, 0.0, 0.0, 6.21684832]",18.0,0.9935618722222223,local
2400_13,bulk,-39.81940784,91.399,True,"[6.02301596, 0.0, 0.0, 0.0, 9.23531248, -4.59915518, 0.0, 0.0, 4.59915518]",10.0,4.979e-05,local
2400_19,bulk,-79.71813442,250.506,True,"[9.19831036, 0.0, 6.02301596, 9.19831036, 9.23531248, -0.0, 0.0, 0.0, 6.02301596]",20.0,9.5e-08,local
2400_6,bulk,-79.57481013,340.88,True,"[12.04603192, 0.0, -4.59915518, -0.0, 9.23531248, -4.59915518, 0.0, 0.0, 4.59915518]",20.0,3.49e-05,local
2403_40,bulk,-135.0147011,320.685,True,"[11.05281056, 0.0, 0.0, 0.0, 6.38134315, -3.33295505, 0.0, 0.0, 3.33295505]",18.0,1.4910408944444444,local
2403_41,bulk,-135.0147011,300.447,True,"[11.05281056, 0.0, 0.0, 0.0, 6.38134315, -3.33295505, 0.0, 0.0, 3.33295505]",18.0,1.4910408944444444,local
2403_47,bulk,-67.50946841,34.474,True,"[6.38134315, 0.0, 0.0, -3.19067158, 5.52640528, 0.0, 0.0, 0.0, 3.33295505]",9.0,1.4896722444444446,local
2408_5,bulk,-83.7027836,333.101,True,"[4.06494048, 0.0, -4.06494048, -0.0, 15.34949297, -4.06494048, 0.0, 0.0, 4.06494048]",12.0,8.6825e-05,local
2412_13,bulk,-105.52250932,168.248,True,"[8.98743945, 0.0, 0.0, 0.0, 7.382364, -3.691182, 0.0, 0.0, 3.691182]",16.0,3.3375e-06,local
2412_3,bulk,-105.50799255,489.096,True,"[3.691182, 0.0, -3.691182, -0.0, 17.9748789, -3.691182, 0.0, 0.0, 3.691182]",16.0,1.875e-08,local
2412_5,bulk,-105.50799255,409.683,True,"[3.691182, 0.0, -3.691182, -0.0, 17.9748789, -3.691182, 0.0, 0.0, 3.691182]",16.0,1.875e-08,local
2414_27,bulk,-51.28141362,148.592,True,"[4.19973291, 0.0, 4.19973291, 8.39946583, 9.82423615, -0.0, 0.0, 0.0, 4.19973291]",10.0,1e-08,local
2416_37,bulk,-116.19916947,562.958,True,"[6.6675928, 0.0, -3.8495365, -0.0, 7.72055292, -7.699073, 0.0, 0.0, 7.699073]",18.0,0.00015548333333333334,local
2417_5,bulk,-251.83578588,345.867,True,"[5.95493936, 0.0, 0.0, 0.0, 11.90987872, -5.95493936, 0.0, 0.0, 5.95493936]",32.0,0.50106318125,local
2418_6,bulk,-120.89519076,37.421,True,"[5.62599558, 0.0, 0.0, 0.0, 5.62599558, 0.0, 0.0, 0.0, 5.62599558]",16.0,1.2502254125,local
2426_0,bulk,-103.72493134,111.065,True,"[6.45982236, 0.0, -6.45982236, -0.0, 6.45982236, -6.45982236, 0.0, 0.0, 6.45982236]",16.0,0.0001857125,local
2430_0,bulk,-91.43175841,86.208,True,"[6.1868959, 0.0, -6.1868959, -0.0, 6.1868959, -6.1868959, 0.0, 0.0, 6.1868959]",16.0,6.4125e-06,local
2430_1,bulk,-91.43175841,82.542,True,"[6.1868959, 0.0, -6.1868959, -0.0, 6.1868959, -6.1868959, 0.0, 0.0, 6.1868959]",16.0,6.4125e-06,local
2433_6,bulk,-191.114548,1627.456,True,"[9.15054259, 0.0, 0.0, 0.0, 6.46653292, -11.20036356, 0.0, 0.0, 7.46690904]",24.0,0.06001507083333333,local
2435_11,bulk,-71.03935642,48.672,True,"[3.75414899, 0.0, 0.0, 0.0, 9.68207101, -3.75414899, 0.0, 0.0, 3.75414899]",10.0,3.579e-05,local
2435_5,bulk,-142.086988,220.51,True,"[7.50829799, 0.0, -3.75414899, 0.0, 9.68207101, -3.75414899, 0.0, 0.0, 3.75414899]",20.0,4.51e-06,local
2442_26,bulk,-95.16014072,267.059,True,"[8.80818516, 0.0, 0.0, -0.0, 8.80818516, 4.80503225, 0.0, 0.0, 4.80503225]",18.0,3.2661111111111114e-05,local
2442_32,bulk,-95.16014072,300.32,True,"[8.80818516, 0.0, 0.0, -0.0, 8.80818516, 4.80503225, 0.0, 0.0, 4.80503225]",18.0,3.2661111111111114e-05,local
2442_34,bulk,-190.39434754,967.956,True,"[8.80818516, 0.0, 0.0, -0.0, 9.61006449, -8.80818516, 0.0, 0.0, 8.80818516]",36.0,8.116666666666666e-06,local
2443_35,bulk,-75.51409195,213.745,True,"[3.71955826, 0.0, -2.14748796, -0.0, 25.55266671, 8.58995185, 0.0, 0.0, 4.29497593]",21.0,2e-07,local
2445_6,bulk,-102.04484109,502.611,True,"[20.90468487, 0.0, 0.0, 0.0, 4.55382762, -4.55382762, 0.0, 0.0, 4.55382762]",20.0,4.95e-07,local
2447_1,bulk,-109.5587095,72.564,True,"[5.58182388, 0.0, -5.58182388, -0.0, 5.58182388, -5.58182388, 0.0, 0.0, 5.58182388]",16.0,6.35625e-06,local
2448_3,bulk,-86.00076948,122.221,True,"[5.87874536, 0.0, 0.0, -0.0, 5.87874536, 5.87874536, 0.0, 0.0, 5.87874536]",16.0,0.0001907625,local
2448_6,bulk,-85.99825847,64.54,True,"[5.87874536, 0.0, 0.0, 0.0, 5.87874536, 0.0, 0.0, 0.0, 5.87874536]",16.0,0.0001969375,local
2449_1,bulk,-71.24523967,95.842,True,"[6.5231763, 0.0, 6.5231763, 6.5231763, 6.5231763, -0.0, 0.0, 0.0, 6.5231763]",12.0,5.071666666666667e-05,local
2451_1,bulk,-46.44743839,114.92,True,"[3.94643212, 0.0, -6.83542094, -0.0, 17.86994121, -4.55694729, 0.0, 0.0, 4.55694729]",12.0,1.2133333333333333e-05,local
2451_3,bulk,-46.54588332,141.739,True,"[7.89286423, 0.0, -9.11389458, -0.0, 8.93497061, -4.55694729, 0.0, 0.0, 4.55694729]",12.0,7.558333333333333e-06,local
2451_8,bulk,-46.54508375,95.872,True,"[8.93497061, 0.0, 0.0, 0.0, 7.89286423, -9.11389458, 0.0, 0.0, 4.55694729]",12.0,8.225e-06,local
2452_0,bulk,-148.57181073,316.652,True,"[6.53326116, 0.0, -6.53326116, 0.0, 6.53326116, -6.53326116, 0.0, 0.0, 6.53326116]",16.0,2.7875e-06,local
2453_45,bulk,-127.00897956,497.987,True,"[10.70014581, 0.0, 0.0, 0.0, 6.17773206, -3.75071995, 0.0, 0.0, 3.75071995]",18.0,0.06456279999999999,local
2453_48,bulk,-127.01057427,725.299,True,"[6.17773206, 0.0, 0.0, 6.17773206, 10.70014581, 3.75071995, 0.0, 0.0, 3.75071995]",18.0,0.0629965,local
2453_49,bulk,-127.01057427,661.007,True,"[6.17773206, 0.0, 0.0, 6.17773206, 10.70014581, 3.75071995, 0.0, 0.0, 3.75071995]",18.0,0.0629965,local
2455_11,bulk,-54.73865376,77.073,True,"[3.9771054, 0.0, 0.0, 0.0, 10.35332051, -3.9771054, 0.0, 0.0, 3.9771054]",10.0,2.7609999999999998e-05,local
2455_14,bulk,-109.50060982,382.187,True,"[3.9771054, 0.0, 0.0, 0.0, 20.70664102, -3.9771054, 0.0, 0.0, 3.9771054]",20.0,6.411000000000001e-05,local
2455_16,bulk,-54.73819727,106.649,True,"[3.9771054, 0.0, -3.9771054, 0.0, 10.35332051, -7.9542108, 0.0, 0.0, 3.9771054]",10.0,2.7369999999999997e-05,local
2456_40,bulk,-101.26533483,314.926,True,"[5.66131824, 0.0, 0.0, 0.0, 7.82894761, -1.66087607, 0.0, 0.0, 9.72367847]",20.0,3.0645e-05,local
2456_59,bulk,-202.52643866,992.682,True,"[11.06925582, 0.0, 2.01792536, 16.34760308, 9.72972121, 12.03903322, 0.0, 0.0, 8.00318249]",40.0,1.4060000000000001e-05,local
2456_68,bulk,-202.5287656,1050.067,True,"[5.66131824, 0.0, 0.0, -0.0, 19.02397438, 3.96733177, 0.0, 0.0, 8.00318249]",40.0,5.2925e-06,local
2458_3,bulk,-63.97220145,198.72,True,"[11.02584657, 0.0, -4.39403547, -0.0, 8.14688177, -4.39403547, 0.0, 0.0, 4.39403547]",16.0,0.00031534375,local
2458_4,bulk,-63.97220145,218.917,True,"[11.02584657, 0.0, -4.39403547, -0.0, 8.14688177, -4.39403547, 0.0, 0.0, 4.39403547]",16.0,0.00031534375,local
2459_16,bulk,-107.93499367,255.697,True,"[16.28260219, 0.0, 0.0, 4.65217205, 4.02889918, 3.50187446, 0.0, 0.0, 3.50187446]",18.0,3.9277777777777774e-05,local
2459_43,bulk,-107.94645422,132.784,True,"[10.65946529, 0.0, 0.0, 0.0, 6.15424516, -3.50187446, 0.0, 0.0, 3.50187446]",18.0,2.6777777777777776e-06,local
2459_44,bulk,-107.94645422,120.158,True,"[10.65946529, 0.0, 0.0, 0.0, 6.15424516, -3.50187446, 0.0, 0.0, 3.50187446]",18.0,2.6777777777777776e-06,local
2462_3,bulk,-134.04770112,111.853,True,"[5.90781595, 0.0, 0.0, -0.0, 5.90781595, 5.90781595, 0.0, 0.0, 5.90781595]",16.0,0.97504659375,local
2464_44,bulk,-136.63125139,234.077,True,"[11.05650156, 0.0, 0.0, 0.0, 6.38347415, -3.52910143, 0.0, 0.0, 3.52910143]",18.0,0.4216703888888889,local
2464_45,bulk,-136.63125139,297.806,True,"[11.05650156, 0.0, 0.0, 0.0, 6.38347415, -3.52910143, 0.0, 0.0, 3.52910143]",18.0,0.4216703888888889,local
2464_5,bulk,-136.63436393,207.271,True,"[5.52825078, 0.0, 9.57521123, 5.52825078, 7.05820286, 3.19173708, 0.0, 0.0, 6.38347415]",18.0,0.4272385666666667,local
2467_5,bulk,-262.74857745,374.455,True,"[5.62153043, 0.0, 0.0, 0.0, 11.24306086, -5.62153043, 0.0, 0.0, 5.62153043]",32.0,0.207090984375,local
2475_3,bulk,-138.54937772,142.949,True,"[6.44205195, 0.0, 0.0, 0.0, 6.44205195, -6.44205195, 0.0, 0.0, 6.44205195]",16.0,5.9875e-06,local
2481_33,bulk,-88.89934576,478.348,True,"[12.89522564, 0.0, 0.0, 9.85083027, 12.53070234, 6.11796666, 0.0, 0.0, 6.11796666]",32.0,5.02e-05,local
2481_3,bulk,-88.89618738,317.405,True,"[10.13767749, 0.0, -7.96958842, -0.0, 12.23593331, -7.96958842, 0.0, 0.0, 7.96958842]",32.0,1.3215625e-05,local
2481_5,bulk,-88.89618738,318.037,True,"[10.13767749, 0.0, -7.96958842, -0.0, 12.23593331, -7.96958842, 0.0, 0.0, 7.96958842]",32.0,1.3215625e-05,local
2482_0,bulk,-80.50748831,113.215,True,"[4.18274229, 0.0, -4.18274229, -0.0, 9.57579375, -4.18274229, 0.0, 0.0, 4.18274229]",10.0,6e-08,local
2482_16,bulk,-80.49869717,106.685,True,"[4.18274229, 0.0, -4.18274229, -0.0, 9.57579375, -8.36548457, 0.0, 0.0, 4.18274229]",10.0,4.9e-07,local
2483_2,bulk,-52.21276942,92.94,True,"[11.1230638, 0.0, 0.0, 5.5615319, 3.21095194, 3.95401636, 0.0, 0.0, 3.95401636]",9.0,8.222222222222222e-07,local
2483_3,bulk,-52.21276942,95.757,True,"[11.1230638, 0.0, 0.0, 5.5615319, 3.21095194, 3.95401636, 0.0, 0.0, 3.95401636]",9.0,8.222222222222222e-07,local
2488_28,bulk,-113.5016978,211.688,True,"[9.0658087, 0.0, 0.0, 9.0658087, 9.0658087, 12.24330888, 0.0, 0.0, 12.24330888]",32.0,2.7125e-06,local
2494_0,bulk,-111.31754924,275.094,True,"[6.65230056, 0.0, -6.65230056, -0.0, 6.65230056, -6.65230056, 0.0, 0.0, 6.65230056]",16.0,9.30625e-06,local
2494_1,bulk,-111.31754925,191.7,True,"[6.65230056, 0.0, -6.65230056, -0.0, 6.65230056, -6.65230056, 0.0, 0.0, 6.65230056]",16.0,9.30625e-06,local
2496_2,bulk,-74.81571656,65.594,True,"[6.38134714, 0.0, -6.38134714, -0.0, 6.38134714, -6.38134714, 0.0, 0.0, 6.38134714]",12.0,0.00010104166666666667,local
2496_4,bulk,-149.628969,246.383,True,"[6.38134714, 0.0, -6.38134714, 0.0, 12.76269428, -6.38134714, 0.0, 0.0, 6.38134714]",24.0,6.9041666666666665e-06,local
2496_7,bulk,-149.63110506,195.174,True,"[6.38134714, 0.0, 0.0, 0.0, 12.76269428, -6.38134714, 0.0, 0.0, 6.38134714]",24.0,6.266666666666666e-06,local
2498_6,bulk,-136.61260479,134.268,True,"[5.79047929, 0.0, 0.0, 0.0, 5.79047929, -5.79047929, 0.0, 0.0, 5.79047929]",16.0,0.5017973375,local
2499_0,bulk,-72.63983869,188.352,True,"[17.07452513, 0.0, -4.4916488, -0.0, 7.7146663, -4.4916488, 0.0, 0.0, 4.4916488]",20.0,3.1649999999999998e-06,local
2499_1,bulk,-72.63983869,212.126,True,"[17.07452513, 0.0, -4.4916488, -0.0, 7.7146663, -4.4916488, 0.0, 0.0, 4.4916488]",20.0,3.1649999999999998e-06,local
2504_36,bulk,-63.23030045,220.062,True,"[10.3646384, 0.0, 0.0, -0.0, 10.3646384, 6.56350029, 0.0, 0.0, 6.56350029]",20.0,0.49999602000000004,local
2511_43,bulk,-91.84592623,259.889,True,"[12.21603111, 0.0, 0.0, 0.0, 7.05292885, -4.02740091, 0.0, 0.0, 4.02740091]",18.0,3.248888888888889e-05,local
2511_6,bulk,-91.89243907,298.855,True,"[6.10801555, 0.0, -10.57939327, -0.0, 8.05480181, -7.05292885, 0.0, 0.0, 7.05292885]",18.0,4.555555555555555e-07,local
2513_2,bulk,-89.99530758,79.722,True,"[3.84797964, 0.0, -3.84797964, 0.0, 17.22093083, -3.84797964, 0.0, 0.0, 3.84797964]",16.0,4.14125e-05,local
2513_3,bulk,-89.99530758,114.456,True,"[3.84797964, 0.0, -3.84797964, 0.0, 17.22093083, -3.84797964, 0.0, 0.0, 3.84797964]",16.0,4.14125e-05,local
2513_5,bulk,-89.99176069,152.463,True,"[7.69595928, 0.0, -3.84797964, -0.0, 8.61046542, -3.84797964, 0.0, 0.0, 3.84797964]",16.0,1.875e-08,local
2514_27,bulk,-53.50657786,113.175,True,"[4.51966813, 0.0, -4.51966813, 0.0, 10.19325459, -9.03933626, 0.0, 0.0, 4.51966813]",10.0,4.959e-05,local
2514_29,bulk,-53.50657786,126.143,True,"[4.51966813, 0.0, -4.51966813, 0.0, 10.19325459, -9.03933626, 0.0, 0.0, 4.51966813]",10.0,4.959e-05,local
2516_34,bulk,-96.88919426,124.183,True,"[8.45799295, 0.0, 0.0, -0.0, 8.45799295, 4.62157455, 0.0, 0.0, 4.62157455]",18.0,5.555555555555555e-09,local
2516_57,bulk,-96.87373785,75.576,True,"[8.45799295, 0.0, 0.0, 0.0, 8.45799295, 0.0, 0.0, 0.0, 4.62157455]",18.0,4.931111111111111e-05,local
2518_17,bulk,-57.27742528,237.85,True,"[9.77788943, 0.0, -4.19496661, 5.47138075, 4.93539074, 0.0, 0.0, 0.0, 4.19496661]",12.0,0.0,local
2518_50,bulk,-114.53460516,1184.305,True,"[19.55577886, 0.0, 4.19496661, 14.08439811, 4.93539074, 0.0, 0.0, 0.0, 4.19496661]",24.0,1.25e-08,local
2518_8,bulk,-57.28127668,284.016,True,"[6.55012204, 0.0, 0.0, 6.42866888, 7.36745127, 4.19496661, 0.0, 0.0, 4.19496661]",12.0,8.333333333333334e-09,local
2521_10,bulk,-115.16559115,246.168,True,"[5.36140801, 0.0, 0.0, 0.0, 7.45140104, -5.24850037, 0.0, 0.0, 5.24850037]",12.0,0.00023968333333333335,local
2521_8,bulk,-230.35194718,649.809,True,"[7.45140104, 0.0, 0.0, 0.0, 10.72281602, -5.24850037, 0.0, 0.0, 5.24850037]",24.0,3.508333333333333e-05,local
2521_9,bulk,-115.16559115,220.697,True,"[5.36140801, 0.0, 0.0, 0.0, 7.45140104, -5.24850037, 0.0, 0.0, 5.24850037]",12.0,0.00023968333333333335,local
2523_18,bulk,-87.39980653,151.907,True,"[7.13418265, 0.0, -8.23784455, -0.0, 9.93502463, -4.11892227, 0.0, 0.0, 4.11892227]",20.0,1.4129999999999999e-05,local
2524_17,bulk,-127.93694387,135.662,True,"[6.61626509, 0.0, 0.0, 0.0, 8.23707048, -9.51134972, 0.0, 0.0, 4.75567486]",18.0,5.4288888888888886e-05,local
2524_29,bulk,-127.92793113,143.31,True,"[4.11853524, 0.0, -2.37783743, -0.0, 13.23253019, -4.75567486, 0.0, 0.0, 4.75567486]",18.0,1.0377777777777776e-05,local
2534_6,bulk,-147.61194323,53.659,True,"[6.18199991, 0.0, 0.0, 0.0, 6.18199991, 0.0, 0.0, 0.0, 6.18199991]",16.0,1.29375e-05,local
2537_0,bulk,-74.83085012,160.331,True,"[9.62969416, 0.0, 0.0, 2.68001024, 4.31569509, 3.95390796, 0.0, 0.0, 3.95390796]",12.0,3.075833333333333e-05,local
2539_20,bulk,-49.69683467,176.927,True,"[9.44408911, 0.0, 0.0, 0.0, 7.41767158, -8.56518937, 0.0, 0.0, 4.28259468]",18.0,2.5e-07,local
2541_29,bulk,-107.08571208,136.497,True,"[8.47175698, 0.0, 0.0, -0.0, 8.47175698, 4.64167785, 0.0, 0.0, 4.64167785]",18.0,2.361111111111111e-06,local
2541_31,bulk,-107.08571208,119.501,True,"[8.47175698, 0.0, 0.0, -0.0, 8.47175698, 4.64167785, 0.0, 0.0, 4.64167785]",18.0,2.361111111111111e-06,local
2543_1,bulk,-65.33867749,170.346,True,"[13.6060735, 0.0, 0.0, 6.80303675, 3.9277351, 3.8059777, 0.0, 0.0, 3.8059777]",9.0,0.0003112666666666667,local
2543_5,bulk,-65.33615702,54.148,True,"[13.6060735, 0.0, 0.0, 6.80303675, 3.9277351, 7.61195541, 0.0, 0.0, 3.8059777]",9.0,0.0005302111111111111,local
2545_23,bulk,-147.53839658,357.385,True,"[4.40569968, 0.0, -2.5436319, 0.0, 11.50399123, 10.17452758, 0.0, 0.0, 5.08726379]",18.0,6.625555555555556e-05,local
2546_14,bulk,-150.15951321,605.075,True,"[17.72129181, 0.0, 0.0, 5.06322623, 4.38488254, 3.77607464, 0.0, 0.0, 3.77607464]",18.0,0.8215642111111111,local
2546_43,bulk,-150.16250349,432.402,True,"[11.60130873, 0.0, 0.0, 0.0, 6.69801872, -3.77607464, 0.0, 0.0, 3.77607464]",18.0,0.8240512222222223,local
2547_6,bulk,-98.94960237,52.108,True,"[5.71588103, 0.0, 0.0, 0.0, 5.71588103, 0.0, 0.0, 0.0, 5.71588103]",16.0,0.0004184625,local
2553_4,bulk,-59.22941249,548.291,True,"[4.64669246, 0.0, -4.64669246, -0.0, 25.29678016, -4.64669246, 0.0, 0.0, 4.64669246]",20.0,2e-08,local
2555_49,bulk,-137.5709726,266.059,True,"[7.93273939, 0.0, 0.0, 7.93273939, 13.73990766, 3.33394295, 0.0, 0.0, 3.33394295]",18.0,5.151111111111111e-05,local
2556_9,bulk,-56.60231373,90.193,True,"[3.45911381, 0.0, 0.0, 0.0, 5.98058464, -10.35867645, 0.0, 0.0, 6.9057843]",9.0,1.6411111111111112e-05,local
2557_42,bulk,-121.30377091,419.08,True,"[11.91651399, 0.0, 0.0, 0.0, 6.88000256, -3.41000196, 0.0, 0.0, 3.41000196]",18.0,1.9722222222222224e-06,local
2559_1,bulk,-69.44060115,241.638,True,"[11.86480941, 0.0, -4.42688621, 0.0, 8.25756647, -4.42688621, 0.0, 0.0, 4.42688621]",16.0,2.80875e-05,local
2560_10,bulk,-116.471166,197.828,True,"[12.25812955, 0.0, 0.0, 0.0, 8.43373167, -4.21686583, 0.0, 0.0, 4.21686583]",20.0,1.7015e-05,local
2560_5,bulk,-116.48249975,493.723,True,"[8.43373167, 0.0, -4.21686583, -0.0, 12.25812955, -4.21686583, 0.0, 0.0, 4.21686583]",20.0,6.15e-07,local
2560_6,bulk,-116.48249975,437.688,True,"[8.43373167, 0.0, -4.21686583, -0.0, 12.25812955, -4.21686583, 0.0, 0.0, 4.21686583]",20.0,6.15e-07,local
2563_18,bulk,-60.3844008,74.589,True,"[4.06543931, 0.0, -4.06543931, 0.0, 14.15570355, -8.13087862, 0.0, 0.0, 4.06543931]",10.0,7.46e-06,local
2563_4,bulk,-60.38053896,54.767,True,"[14.15570355, 0.0, 0.0, 0.0, 4.06543931, -4.06543931, 0.0, 0.0, 4.06543931]",10.0,6.74e-06,local
2564_0,bulk,-91.66965174,71.748,True,"[6.32280193, 0.0, -6.32280193, -0.0, 6.32280193, -6.32280193, 0.0, 0.0, 6.32280193]",12.0,2.68e-05,local
2566_10,bulk,-173.80170358,1103.893,True,"[8.07824116, 0.0, -4.03912058, 0.0, 15.15746785, -4.03912058, 0.0, 0.0, 4.03912058]",24.0,0.00015419166666666667,local
2568_42,bulk,-165.92007848,928.51,True,"[10.8751284, 0.0, 0.0, -0.0, 8.70962499, 7.70344415, 0.0, 0.0, 7.70344415]",32.0,1.5625e-08,local
2568_43,bulk,-165.92007848,809.128,True,"[10.8751284, 0.0, 0.0, -0.0, 8.70962499, 7.70344415, 0.0, 0.0, 7.70344415]",32.0,1.5625e-08,local
2568_4,bulk,-82.95870072,236.282,True,"[10.8751284, 0.0, -4.3548125, -0.0, 7.70344415, -4.3548125, 0.0, 0.0, 4.3548125]",16.0,5.125e-07,local
2574_23,bulk,-121.02739125,236.487,True,"[8.61644821, 0.0, 0.0, 8.61644821, 8.61644821, 12.1197874, 0.0, 0.0, 12.1197874]",32.0,1.624375e-05,local
2576_8,bulk,-88.29841343,38.376,True,"[5.9629178, 0.0, 0.0, 0.0, 5.9629178, 0.0, 0.0, 0.0, 5.9629178]",12.0,5.096666666666667e-05,local
2578_1,bulk,-129.44397585,233.777,True,"[6.85801586, 0.0, -6.85801586, -0.0, 6.85801586, -6.85801586, 0.0, 0.0, 6.85801586]",16.0,4.138125e-05,local
2581_0,bulk,-100.05978434,139.404,True,"[6.54654511, 0.0, -6.54654511, -0.0, 6.54654511, -6.54654511, 0.0, 0.0, 6.54654511]",16.0,5.44625e-05,local
2583_1,bulk,-93.98842547,169.286,True,"[6.41076579, 0.0, -6.41076579, -0.0, 6.41076579, -6.41076579, 0.0, 0.0, 6.41076579]",16.0,1.04854671875,local
2585_3,bulk,-70.04632873,81.969,True,"[6.50926108, 0.0, 0.0, 0.0, 6.50926108, -6.50926108, 0.0, 0.0, 6.50926108]",16.0,2.580625e-05,local
2585_5,bulk,-140.10290086,253.5,True,"[6.50926108, 0.0, 0.0, 0.0, 13.01852216, -6.50926108, 0.0, 0.0, 6.50926108]",32.0,8.2375e-06,local
2589_3,bulk,-52.03898473,114.817,True,"[6.53877138, 0.0, -6.53877138, -0.0, 6.53877138, -6.53877138, 0.0, 0.0, 6.53877138]",16.0,6.401875e-05,local
2590_1,bulk,-160.27897205,188.92,True,"[6.55350672, 0.0, -6.55350672, -0.0, 6.55350672, -6.55350672, 0.0, 0.0, 6.55350672]",16.0,0.0001500875,local
2599_3,bulk,-65.70296701,380.923,True,"[4.07631253, 0.0, -4.01942813, -0.0, 16.49412777, -4.01942813, 0.0, 0.0, 4.01942813]",16.0,5.6875e-07,local
2600_0,bulk,-107.92410943,174.831,True,"[6.45698987, 0.0, -6.45698987, -0.0, 6.45698987, -6.45698987, 0.0, 0.0, 6.45698987]",16.0,9.36875e-06,local
2605_15,bulk,-112.33430771,145.504,True,"[3.97599692, 0.0, 0.0, 0.0, 23.24242406, -3.97599692, 0.0, 0.0, 3.97599692]",20.0,0.21600172,local
2605_22,bulk,-56.17364991,36.734,True,"[3.97599692, 0.0, 0.0, 0.0, 3.97599692, 0.0, 0.0, 0.0, 11.62121203]",10.0,0.21877591000000002,local
2605_6,bulk,-112.3615369,308.943,True,"[7.95199384, 0.0, -3.97599692, 0.0, 11.62121203, -3.97599692, 0.0, 0.0, 3.97599692]",20.0,0.21009055999999998,local
2610_27,bulk,-75.84708016,189.826,True,"[14.93435888, 0.0, 0.0, 0.0, 6.25971957, 0.0, 0.0, 0.0, 6.87862767]",20.0,2.4755000000000003e-05,local
2610_5,bulk,-151.68158261,792.568,True,"[14.93435888, 0.0, -6.87862767, -0.0, 12.51943915, -6.87862767, 0.0, 0.0, 6.87862767]",40.0,5.75e-08,local
2611_0,bulk,-51.95057771,108.209,True,"[6.03003397, 0.0, -6.03003397, -0.0, 6.03003397, -6.03003397, 0.0, 0.0, 6.03003397]",16.0,1.430625e-05,local
2614_26,bulk,-157.09464579,178.616,True,"[3.83388037, 0.0, 0.0, 0.0, 11.70478088, -13.51551678, 0.0, 0.0, 6.75775839]",18.0,2.413333333333333e-05,local
2614_31,bulk,-157.09464579,230.152,True,"[3.83388037, 0.0, 0.0, 0.0, 11.70478088, -13.51551678, 0.0, 0.0, 6.75775839]",18.0,2.413333333333333e-05,local
2614_8,bulk,-157.07015685,343.631,True,"[5.85239044, 0.0, -10.13663759, -0.0, 7.66776075, -6.75775839, 0.0, 0.0, 6.75775839]",18.0,5.555555555555555e-09,local
2616_1,bulk,-78.79643938,186.319,True,"[7.0845915, 0.0, -7.0845915, -0.0, 7.0845915, -7.0845915, 0.0, 0.0, 7.0845915]",24.0,3.5908333333333337e-05,local
892_6,bulk,-76.75673838,33.604,True,"[5.56963605, 0.0, 0.0, 0.0, 5.56963605, 0.0, 0.0, 0.0, 5.56963605]",16.0,1.98e-05,local
896_14,bulk,-97.23569955,84.231,True,"[7.24559751, 0.0, 0.0, 0.0, 7.24559751, 0.0, 0.0, 0.0, 7.24559751]",24.0,3.3333333333333334e-08,local
896_2,bulk,-97.27321985,153.423,True,"[7.24559751, 0.0, -7.24559751, -0.0, 7.24559751, -7.24559751, 0.0, 0.0, 7.24559751]",24.0,5.770833333333333e-06,local
896_3,bulk,-97.27321985,295.863,True,"[7.24559751, 0.0, -7.24559751, -0.0, 7.24559751, -7.24559751, 0.0, 0.0, 7.24559751]",24.0,5.770833333333333e-06,local
898_29,bulk,-55.12374976,79.279,True,"[4.26329118, 0.0, 4.26329118, 8.52658237, 9.8450128, -0.0, 0.0, 0.0, 4.26329118]",10.0,3.3e-07,local
898_32,bulk,-55.11172831,29.84,True,"[4.26329118, 0.0, 0.0, 0.0, 4.26329118, 0.0, 0.0, 0.0, 9.8450128]",10.0,8.99e-06,local
901_4,bulk,-59.81234704,123.37,True,"[9.77830433, 0.0, 0.0, 0.0, 4.08037041, -4.08037041, 0.0, 0.0, 4.08037041]",10.0,4.96e-06,local
912_3,bulk,-140.40128111,438.301,True,"[3.773329, 0.0, -3.773329, -0.0, 19.20023593, -3.773329, 0.0, 0.0, 3.773329]",20.0,2.225e-06,local
915_49,bulk,-144.18968614,189.056,True,"[7.86573732, 0.0, 0.0, 7.86573732, 13.62385667, 3.71354246, 0.0, 0.0, 3.71354246]",18.0,3.176666666666667e-05,local
921_20,bulk,-81.71040408,72.235,True,"[4.44101024, 0.0, 0.0, 4.44101024, 7.69205537, 5.43132018, 0.0, 0.0, 5.43132018]",12.0,0.0007472083333333333,local
922_18,bulk,-144.9091227,372.669,True,"[4.30484484, 0.0, -2.48540333, 0.0, 11.72704759, 4.97080665, 0.0, 0.0, 4.97080665]",18.0,0.5005429166666667,local
922_23,bulk,-144.90088608,365.371,True,"[4.30484484, 0.0, -2.48540333, 0.0, 11.72704759, 9.9416133, 0.0, 0.0, 4.97080665]",18.0,0.5025354666666666,local
922_24,bulk,-144.90088608,293.01,True,"[4.30484484, 0.0, -2.48540333, 0.0, 11.72704759, 9.9416133, 0.0, 0.0, 4.97080665]",18.0,0.5025354666666666,local
923_3,bulk,-90.77695154,179.085,True,"[6.80162294, 0.0, 0.0, -0.0, 6.80162294, 6.80162294, 0.0, 0.0, 6.80162294]",16.0,4.715e-05,local
923_5,bulk,-181.48236303,461.045,True,"[6.80162294, 0.0, 0.0, 0.0, 13.60324588, -6.80162294, 0.0, 0.0, 6.80162294]",32.0,1.08125e-05,local
933_0,bulk,-71.54732429,292.326,True,"[14.14855658, 0.0, -3.69708009, 0.0, 3.70313232, -3.69708009, 0.0, 0.0, 3.69708009]",12.0,1.9166666666666668e-07,local
933_10,bulk,-71.5526429,110.277,True,"[3.70313232, 0.0, 0.0, 0.0, 14.14855658, -3.69708009, 0.0, 0.0, 3.69708009]",12.0,1.125e-06,local
933_12,bulk,-71.5526429,111.16,True,"[3.70313232, 0.0, 0.0, 0.0, 14.14855658, -3.69708009, 0.0, 0.0, 3.69708009]",12.0,1.125e-06,local
936_5,bulk,-73.76132347,368.392,True,"[6.32871108, 0.0, 0.0, 0.0, 12.65742216, -6.32871108, 0.0, 0.0, 6.32871108]",32.0,1.015625e-06,local
943_27,bulk,-52.26416405,401.304,True,"[7.59892593, 0.0, 4.29029139, 7.59892593, 10.80985673, 0.0, 0.0, 0.0, 4.29029139]",16.0,3.75e-08,local
943_33,bulk,-52.27265985,822.199,True,"[7.59892593, 0.0, 4.29029139, 3.79946297, 10.80985673, 0.0, 0.0, 0.0, 4.29029139]",16.0,0.0,local
944_6,bulk,-96.20917208,557.732,True,"[6.44913291, 0.0, -11.17022586, -0.0, 7.64680812, -7.44681724, 0.0, 0.0, 7.44681724]",18.0,2.5444444444444446e-06,local
946_0,bulk,-77.21018517,218.195,True,"[7.01984628, 0.0, -7.01984628, -0.0, 7.01984628, -7.01984628, 0.0, 0.0, 7.01984628]",16.0,0.00024984375,local
946_3,bulk,-77.20401372,169.8,True,"[7.01984628, 0.0, 0.0, 0.0, 7.01984628, -7.01984628, 0.0, 0.0, 7.01984628]",16.0,0.00011930625,local
946_5,bulk,-154.40792825,342.045,True,"[7.01984628, 0.0, 0.0, 0.0, 14.03969256, -7.01984628, 0.0, 0.0, 7.01984628]",32.0,0.000303359375,local
947_34,bulk,-115.30760148,751.754,True,"[4.32894123, 0.0, 0.0, 0.0, 14.51956873, -17.94562198, 0.0, 0.0, 11.10496147]",28.0,3.4285714285714286e-07,local
948_18,bulk,-148.22838658,435.812,True,"[17.37378288, 0.0, 0.0, 4.96393797, 4.29889638, 3.64210624, 0.0, 0.0, 3.64210624]",18.0,0.7450456555555556,local
948_2,bulk,-74.1142458,88.062,True,"[11.37381074, 0.0, 0.0, 5.68690537, 3.28333635, 3.64210624, 0.0, 0.0, 3.64210624]",9.0,0.7446852666666667,local
949_1,bulk,-104.98518684,91.343,True,"[6.12951913, 0.0, -6.12951913, -0.0, 6.12951913, -6.12951913, 0.0, 0.0, 6.12951913]",16.0,0.93292108125,local
953_6,bulk,-118.4223139,285.43,False,"[5.67248399, 0.0, 0.0, 0.0, 5.67248399, 0.0, 0.0, 0.0, 5.67248399]",16.0,1.1779304125,local
955_30,bulk,-82.7620007,220.39,True,"[10.16912765, 0.0, -8.88670696, -0.0, 6.63835819, -4.44335348, 0.0, 0.0, 4.44335348]",16.0,8.375e-06,local
955_36,bulk,-165.46992827,1165.2,True,"[11.09750185, 0.0, 0.0, 3.55816839, 8.14327933, 6.63835819, 0.0, 0.0, 6.63835819]",32.0,1.03125e-07,local
955_4,bulk,-82.74731708,306.677,True,"[10.16912765, 0.0, -4.44335348, 0.0, 6.63835819, -4.44335348, 0.0, 0.0, 4.44335348]",16.0,6.1875e-07,local
957_2,bulk,-61.86587253,52.807,True,"[6.06947351, 0.0, -6.06947351, -0.0, 6.06947351, -6.06947351, 0.0, 0.0, 6.06947351]",16.0,3.4575e-05,local
959_16,bulk,-155.26913397,275.438,True,"[17.84389029, 0.0, 0.0, 5.09825437, 4.4152178, 3.75713739, 0.0, 0.0, 3.75713739]",18.0,0.0001576222222222222,local
959_8,bulk,-155.23457148,334.028,True,"[5.84078414, 0.0, -10.11653489, -0.0, 7.51427478, -6.74435659, 0.0, 0.0, 6.74435659]",18.0,1.5e-07,local
961_36,bulk,-65.85200708,340.459,True,"[7.39499354, 0.0, -7.20978512, -0.0, 14.55848431, -14.41957024, 0.0, 0.0, 7.20978512]",20.0,1.1635e-05,local
963_31,bulk,-167.63647626,863.028,True,"[14.82563484, 0.0, 0.0, -0.0, 14.31500181, 7.73093187, 0.0, 0.0, 7.73093187]",40.0,1.0000033625,local
963_47,bulk,-167.63455711,698.649,True,"[7.15750091, 0.0, 0.0, 0.0, 29.65126968, -7.73093187, 0.0, 0.0, 7.73093187]",40.0,0.9999999024999999,local
965_1,bulk,-89.84795075,110.251,True,"[6.20236618, 0.0, -6.20236618, -0.0, 6.20236618, -6.20236618, 0.0, 0.0, 6.20236618]",16.0,3.199375e-05,local
968_2,bulk,-228.43166344,854.525,True,"[7.03530911, 0.0, 7.03530911, 7.03530911, 7.03530911, -0.0, 0.0, 0.0, 7.03530911]",24.0,2.9166666666666666e-08,local
969_3,bulk,-50.0901171,92.086,True,"[6.642721, 0.0, -6.642721, -0.0, 6.642721, -6.642721, 0.0, 0.0, 6.642721]",16.0,1.65e-06,local
969_6,bulk,-50.10062618,55.775,True,"[6.642721, 0.0, 0.0, 0.0, 6.642721, -6.642721, 0.0, 0.0, 6.642721]",16.0,1.825e-06,local
969_8,bulk,-100.21068636,161.307,True,"[6.642721, 0.0, 0.0, 0.0, 13.28544199, -6.642721, 0.0, 0.0, 6.642721]",32.0,4.5625e-06,local
970_3,bulk,-131.36969007,54.445,True,"[5.77024962, 0.0, 0.0, 0.0, 5.77024962, -5.77024962, 0.0, 0.0, 5.77024962]",16.0,3.568125e-05,local
974_57,bulk,-254.80364862,884.173,True,"[9.72413474, 0.0, 0.019403, 4.85617051, 8.41794041, 6.77437977, 0.0, 0.0, 6.73557377]",36.0,1.488888888888889e-05,local
974_58,bulk,-254.80364862,917.343,True,"[9.72413474, 0.0, 0.019403, 4.85617051, 8.41794041, 6.77437977, 0.0, 0.0, 6.73557377]",36.0,1.488888888888889e-05,local
974_5,bulk,-127.40575276,208.257,True,"[8.42304982, 0.0, -4.85915679, -0.0, 6.73552007, -4.88605247, 0.0, 0.0, 4.85915679]",18.0,2.376111111111111e-05,local
977_26,bulk,-110.57529964,249.23,True,"[3.29415689, 0.0, -1.90188237, 0.0, 18.64811157, 7.60752947, 0.0, 0.0, 3.80376473]",18.0,8.644444444444444e-06,local
985_3,bulk,-123.40815903,166.694,True,"[6.30665247, 0.0, 0.0, 0.0, 6.30665247, -6.30665247, 0.0, 0.0, 6.30665247]",16.0,0.00013541875,local
987_21,bulk,-42.77522701,83.541,True,"[3.26397371, 0.0, 3.26397371, 6.52794742, 8.19097366, -0.0, 0.0, 0.0, 3.26397371]",6.0,5.066666666666667e-06,local
991_3,bulk,-108.65700061,183.408,True,"[6.08667838, 0.0, 0.0, 0.0, 6.08667838, -6.08667838, 0.0, 0.0, 6.08667838]",16.0,0.00024144375,local
993_18,bulk,-62.99100589,151.845,True,"[4.35345168, 0.0, 4.35345168, 8.70690335, 10.38476185, -0.0, 0.0, 0.0, 4.35345168]",10.0,7.5e-07,local
1994_3,slab,-106.70395774,52018.637,True,"[6.0321496, 0.0, -5.25299787, -0.0, 14.68155009, -5.25299787, 0.0, 0.0, 36.77098511]",36.0,0.028117183333333334,local
1995_31,slab,-125.51997751,3584.75,True,"[7.25556662, 0.0, 0.0, 0.0, 7.25556662, 0.0, 0.0, 0.0, 26.79820571]",30.0,0.02896718,local
1997_7,slab,-299.69742951,15628.207,True,"[6.81192739, 0.0, -7.86573623, -0.0, 4.62541527, -3.93286811, 0.0, 0.0, 47.19441738]",50.0,1.9999999999999997e-09,local
2004_4,slab,-413.08691629,128505.769,True,"[4.60093206, 0.0, -4.60093206, -0.0, 20.67207855, -4.60093206, 0.0, 0.0, 41.40838858]",80.0,0.0,local
2007_5,slab,-302.0897293,38074.555,True,"[3.74664983, 0.0, -3.74664983, 0.0, 16.56349719, -3.74664983, 0.0, 0.0, 37.46649827]",48.0,1.0416666666666666e-08,local
2010_1,slab,-256.02001183,17413.621,True,"[6.05116481, 0.0, -6.05116481, -0.0, 6.05116481, -6.05116481, 0.0, 0.0, 48.40931845]",48.0,8.333333333333334e-09,local
2012_26,slab,-179.24379358,20840.119,True,"[3.77334676, 0.0, -3.77334676, 0.0, 10.15618237, -7.54669351, 0.0, 0.0, 45.28016108]",30.0,0.0,local
2012_7,slab,-285.07205177,53861.873,True,"[7.54669351, 0.0, -3.77334676, -0.0, 10.15618237, -3.77334676, 0.0, 0.0, 33.96012081]",48.0,0.0,local
2013_19,slab,-253.02251172,54173.119,True,"[10.43831274, 0.0, -6.04586504, 8.48468047, 8.17401812, 0.0, 0.0, 0.0, 42.32105529]",60.0,0.0,local
2019_0,slab,-395.93422068,72828.512,True,"[11.80060069, 0.0, 0.0, 5.90030034, 3.40653999, 3.24419129, 0.0, 0.0, 38.93029549]",45.0,4.444444444444444e-09,local
2019_2,slab,-396.48677249,42712.994,True,"[11.80060069, 0.0, 0.0, 5.90030034, 3.40653999, 3.24419129, 0.0, 0.0, 38.93029549]",45.0,0.02322632666666667,local
2019_43,slab,,,False,,,,local
2023_0,slab,-158.0558081,20569.044,True,"[6.72758273, 0.0, -6.72758273, -0.0, 6.72758273, -6.72758273, 0.0, 0.0, 47.09307908]",48.0,0.0,local
2026_12,slab,-405.50191153,37211.544,True,"[9.10484222, 0.0, 0.0, 0.0, 7.90703579, -9.13025849, 0.0, 0.0, 45.65129244]",64.0,0.0,local
2027_3,slab,-238.60892857,39526.706,True,"[11.63927445, 0.0, 0.0, 5.81963722, 3.35996912, 3.84650007, 0.0, 0.0, 38.46500073]",36.0,0.0,local
2029_29,slab,-267.18093464,49299.819,True,"[4.2196676, 0.0, 0.0, 0.0, 12.15968746, -14.04079765, 0.0, 0.0, 49.14279178]",54.0,0.008505853703703704,local
2032_30,slab,,,False,,,,local
2033_1,slab,-287.19255486,48831.396,True,"[15.52150539, 0.0, 0.0, 0.95725811, 3.73386446, 3.79111752, 0.0, 0.0, 37.9111752]",48.0,0.0,local
2033_3,slab,-286.83653529,31280.601,True,"[15.52150539, 0.0, 0.0, 0.95725811, 3.73386446, 3.79111752, 0.0, 0.0, 37.9111752]",48.0,0.0,local
2033_58,slab,-212.01766662,42207.887,True,"[3.8546189, 0.0, 0.0, -0.0, 15.03525998, 7.58223504, 0.0, 0.0, 30.32894016]",36.0,0.0,local
2036_15,slab,-484.66113852,104698.509,True,"[19.13955663, 0.0, 0.0, 5.46844475, 4.73581207, 3.42112998, 0.0, 0.0, 34.21129983]",72.0,0.0,local
2041_6,slab,-277.90707558,4024.975,True,"[6.12276726, 0.0, 0.0, 0.0, 6.12276726, 0.0, 0.0, 0.0, 30.61383632]",32.0,3.125e-09,local
2044_2,slab,-286.18014371,30604.064,True,"[2.70301811, 0.0, -2.70301811, -0.0, 14.71520258, -2.70301811, 0.0, 0.0, 37.8422535]",48.0,0.8524717520833334,local
2044_3,slab,-286.22612488,32795.666,True,"[2.70301811, 0.0, -2.70301811, -0.0, 14.71520258, -2.70301811, 0.0, 0.0, 37.8422535]",48.0,0.8525272854166667,local
2046_7,slab,-477.32756264,125231.515,True,"[12.11798208, 0.0, 0.0, 6.05899104, 3.49816011, 6.94858869, 0.0, 0.0, 59.06300385]",63.0,0.020211368253968253,local
2047_6,slab,-258.76152391,4804.291,True,"[6.37392163, 0.0, 0.0, 0.0, 6.37392163, 0.0, 0.0, 0.0, 31.86960816]",32.0,3.75e-08,local
2048_32,slab,-178.60267411,120830.467,True,"[12.7174774, 0.0, 0.0, 9.20954155, 12.22409987, 5.92266596, 0.0, 0.0, 29.61332982]",64.0,0.08631804375,local
2048_36,slab,,,False,,,,local
2048_43,slab,-179.32342843,100552.599,True,"[7.65252039, 0.0, 0.0, -0.0, 20.31483824, 5.92266596, 0.0, 0.0, 29.61332982]",64.0,0.06032886875,local
2050_11,slab,-429.61555688,87112.392,True,"[14.36979339, 0.0, -7.1848967, -0.0, 8.40433594, -7.1848967, 0.0, 0.0, 35.92448349]",80.0,0.012401342499999999,local
2050_12,slab,-435.46301703,25054.513,True,"[14.36979339, 0.0, -7.1848967, -0.0, 8.40433594, -7.1848967, 0.0, 0.0, 35.92448349]",80.0,5.662500000000001e-07,local
2050_4,slab,-330.18363935,20455.942,True,"[7.1848967, 0.0, 7.1848967, 7.1848967, 8.40433594, -0.0, 0.0, 0.0, 50.29427688]",60.0,0.012196556666666667,local
2052_0,slab,-215.86430235,3307.87,True,"[6.08299715, 0.0, -6.08299715, -0.0, 6.08299715, -6.08299715, 0.0, 0.0, 48.66397718]",48.0,0.0,local
2063_2,slab,-237.05119179,144403.079,True,"[3.84593783, 0.0, -6.66135973, -0.0, 17.54705387, -4.44090649, 0.0, 0.0, 53.29087784]",80.0,0.0,local
2063_3,slab,,,False,,,,local
2064_3,slab,-388.93797188,20425.052,True,"[6.2847407, 0.0, 0.0, 0.0, 6.2847407, -6.2847407, 0.0, 0.0, 43.99318491]",48.0,1.875e-08,local
2066_19,slab,-232.82821277,11034.654,True,"[5.73721785, 0.0, 0.0, 5.73721785, 5.73721785, 7.14938834, 0.0, 0.0, 50.04571841]",42.0,0.0,local
2067_0,slab,-122.70568871,8045.653,True,"[6.10772186, 0.0, -6.10772186, -0.0, 6.10772186, -6.10772186, 0.0, 0.0, 48.86177489]",48.0,2.0833333333333334e-09,local
2074_6,slab,-352.82695454,7352.667,True,"[6.36504941, 0.0, 0.0, 0.0, 6.36504941, 0.0, 0.0, 0.0, 31.82524703]",32.0,0.182480571875,local
2075_16,slab,-250.03923291,19848.482,True,"[3.50847862, 0.0, 0.0, 0.0, 15.92100746, -3.50847862, 0.0, 0.0, 28.06782899]",36.0,0.07534303888888888,local
2075_1,slab,-209.29044204,11828.863,True,"[3.50847862, 0.0, -3.50847862, 0.0, 7.96050373, -3.50847862, 0.0, 0.0, 42.10174349]",30.0,0.04141085,local
2075_7,slab,-338.36341216,24984.772,True,"[7.01695725, 0.0, -3.50847862, -0.0, 7.96050373, -3.50847862, 0.0, 0.0, 35.08478624]",48.0,0.0,local
2077_1,slab,-404.40735479,16942.451,True,"[6.25564209, 0.0, -6.25564209, -0.0, 6.25564209, -6.25564209, 0.0, 0.0, 50.04513676]",48.0,5.291666666666666e-07,local
2078_0,slab,-177.69638014,15350.783,True,"[6.51034539, 0.0, -6.51034539, -0.0, 6.51034539, -6.51034539, 0.0, 0.0, 45.57241775]",36.0,3.611111111111111e-08,local
2078_2,slab,-170.18728453,21521.647,True,"[6.51034539, 0.0, -6.51034539, -0.0, 6.51034539, -6.51034539, 0.0, 0.0, 45.57241775]",36.0,0.08246072222222223,local
2078_7,slab,-233.23640644,43595.405,True,"[6.51034539, 0.0, 0.0, 0.0, 13.02069079, -6.51034539, 0.0, 0.0, 32.55172696]",48.0,5.416666666666667e-08,local
2083_3,slab,-124.19027682,13815.335,True,"[6.75798967, 0.0, -6.75798967, -0.0, 6.75798967, -6.75798967, 0.0, 0.0, 47.30592769]",48.0,0.0,local
2088_0,slab,-366.04553278,18298.428,True,"[6.43667316, 0.0, -6.43667316, -0.0, 6.43667316, -6.43667316, 0.0, 0.0, 51.49338527]",48.0,4.166666666666667e-09,local
2089_10,slab,,,False,,,,local
2089_15,slab,,,False,,,,local
2089_7,slab,,,False,,,,local
2090_11,slab,-147.81116226,7904.58,True,"[4.14506349, 0.0, 0.0, 0.0, 11.92054456, -4.14506349, 0.0, 0.0, 29.01544441]",30.0,6.666666666666666e-09,local
2098_40,slab,-184.50094294,80497.799,True,"[11.86581228, 0.0, 0.0, 3.58778485, 8.50128008, 7.74042976, 0.0, 0.0, 38.70214879]",64.0,0.0,local
2100_1,slab,-132.47363,15320.199,True,"[6.5372317, 0.0, -6.5372317, -0.0, 6.5372317, -6.5372317, 0.0, 0.0, 45.76062189]",48.0,1.4583333333333333e-08,local
2105_0,slab,-127.68586768,13639.615,True,"[6.2632504, 0.0, -6.2632504, -0.0, 6.2632504, -6.2632504, 0.0, 0.0, 50.10600318]",48.0,2.0833333333333334e-09,local
2108_17,slab,-187.53762054,18324.831,True,"[4.10000488, 0.0, -4.10000488, -0.0, 10.03510198, -8.20000976, 0.0, 0.0, 41.0000488]",40.0,0.0,local
2108_3,slab,,,False,,,,local
2108_5,slab,-279.10131842,60494.519,True,"[8.20000976, 0.0, -4.10000488, 0.0, 10.03510198, -4.10000488, 0.0, 0.0, 32.80003904]",60.0,0.0,local
2110_5,slab,-264.66002318,11232.177,True,"[6.34769962, 0.0, 0.0, 0.0, 12.69539923, -6.34769962, 0.0, 0.0, 31.73849808]",64.0,0.0,local
2113_20,slab,-566.20138794,107474.365,True,"[19.92814517, 0.0, 0.0, 5.69375576, 4.93093713, 3.56404573, 0.0, 0.0, 35.64045735]",72.0,0.024873790277777776,local
2113_47,slab,-567.85226672,71300.651,True,"[13.04603339, 0.0, 0.0, 0.0, 7.53213089, -3.56404573, 0.0, 0.0, 32.07641161]",72.0,0.00017030277777777778,local
2118_3,slab,-384.77123385,28164.097,True,"[6.36059471, 0.0, 0.0, 0.0, 6.36059471, -6.36059471, 0.0, 0.0, 44.52416297]",48.0,0.0007032979166666666,local
2118_5,slab,-507.21124849,57544.788,True,"[6.36059471, 0.0, 0.0, 0.0, 12.72118942, -6.36059471, 0.0, 0.0, 31.80297355]",64.0,0.0253558484375,local
2119_5,slab,-209.47894697,35716.267,True,"[3.89959046, 0.0, -3.89959046, -0.0, 12.30219145, -3.89959046, 0.0, 0.0, 38.99590465]",48.0,0.18482050416666665,local
2124_6,slab,-205.33552316,5176.528,True,"[5.71486852, 0.0, 0.0, 0.0, 5.71486852, 0.0, 0.0, 0.0, 28.5743426]",32.0,1.273243284375,local
2126_0,slab,-263.6313567,64609.672,True,"[11.05921059, 0.0, 0.0, 5.52960529, 3.1925191, 3.99910127, 0.0, 0.0, 47.98921522]",45.0,0.0051147511111111115,local
2126_17,slab,-425.34958103,78729.268,True,"[16.89322321, 0.0, 0.0, 4.8266352, 4.1799887, 3.99910127, 0.0, 0.0, 39.99101268]",72.0,2.7777777777777776e-09,local
2126_44,slab,-314.26953668,24004.37,True,"[11.05921059, 0.0, 0.0, 0.0, 6.38503821, -3.99910127, 0.0, 0.0, 31.99281014]",54.0,0.02456153148148148,local
2127_6,slab,-211.19246076,8197.556,True,"[5.9147007, 0.0, 0.0, 0.0, 5.9147007, 0.0, 0.0, 0.0, 29.57350348]",32.0,0.240530278125,local
2128_13,slab,,,False,,,,local
2128_18,slab,,,False,,,,local
2128_20,slab,,,False,,,,local
2131_1,slab,-394.09368469,21778.74,True,"[6.12339444, 0.0, -6.12339444, -0.0, 6.12339444, -6.12339444, 0.0, 0.0, 48.98715556]",48.0,0.17792246041666668,local
2131_3,slab,-398.09985952,34899.367,True,"[6.12339444, 0.0, 0.0, 0.0, 6.12339444, -6.12339444, 0.0, 0.0, 42.86376111]",48.0,0.10701823958333334,local
2133_9,slab,-251.8111476,21198.409,True,"[9.89240222, 0.0, 0.0, 0.0, 8.15498647, -4.07749323, 0.0, 0.0, 32.61994587]",60.0,0.0,local
2134_2,slab,-612.25955833,64788.529,True,"[7.00575795, 0.0, -7.00575795, -0.0, 7.00575795, -7.00575795, 0.0, 0.0, 49.04030564]",72.0,1.0979640458333333,local
2135_6,slab,-307.9640038,123213.558,True,"[4.71850327, 0.0, -4.71850327, -0.0, 21.68499087, -4.71850327, 0.0, 0.0, 42.46652942]",80.0,0.0,local
2135_7,slab,-309.27677294,156592.677,True,"[4.71850327, 0.0, -4.71850327, -0.0, 21.68499087, -4.71850327, 0.0, 0.0, 42.46652942]",80.0,0.0,local
2139_0,slab,-190.30616794,10449.327,True,"[6.00479104, 0.0, -6.00479104, -0.0, 6.00479104, -6.00479104, 0.0, 0.0, 48.03832831]",48.0,1.0125e-06,local
2139_1,slab,-190.06849598,10793.145,True,"[6.00479104, 0.0, -6.00479104, -0.0, 6.00479104, -6.00479104, 0.0, 0.0, 48.03832831]",48.0,6.25e-09,local
2139_5,slab,-254.23886677,47793.72,True,"[6.00479104, 0.0, 0.0, 0.0, 12.00958208, -6.00479104, 0.0, 0.0, 30.02395519]",64.0,7.703125e-07,local
2141_29,slab,-240.07567224,111082.672,True,"[8.45777761, 0.0, 0.0, 8.45777761, 8.45777761, 11.10015097, 0.0, 0.0, 55.50075485]",64.0,0.0,local
2152_79,slab,,,False,,,,local
2152_92,slab,-261.09838029,81780.315,True,"[15.70995211, 0.0, -6.70837456, -0.0, 9.03552095, 7.32976223, 0.0, 0.0, 36.64881116]",72.0,0.0,local
2154_43,slab,-220.75976534,22881.171,True,"[4.33273847, 0.0, 0.0, -0.0, 18.3055205, 5.29423876, 0.0, 0.0, 26.47119381]",48.0,2.0833333333333334e-09,local
2154_44,slab,-219.81344597,21177.367,True,"[4.33273847, 0.0, 0.0, -0.0, 18.3055205, 5.29423876, 0.0, 0.0, 26.47119381]",48.0,0.0,local
2154_8,slab,-166.58622116,7927.74,True,"[5.29423876, 0.0, 0.0, 0.0, 9.15276025, -4.33273847, 0.0, 0.0, 30.32916927]",36.0,1.9444444444444442e-08,local
2159_46,slab,,,False,,,,local
2159_4,slab,,,False,,,,local
2159_55,slab,-213.32110516,96197.493,True,"[6.95800552, 0.0, 0.0, -0.0, 14.42690343, 11.99455895, 0.0, 0.0, 41.98095632]",60.0,0.059654381666666666,local
2167_0,slab,-274.95939986,22856.409,True,"[6.59075479, 0.0, -6.59075479, -0.0, 6.59075479, -6.59075479, 0.0, 0.0, 46.13528353]",48.0,2.0833333333333334e-09,local
2168_0,slab,-302.73531044,55641.953,True,"[6.50298278, 0.0, -5.41161458, -0.0, 11.45421394, -5.41161458, 0.0, 0.0, 37.88130206]",60.0,0.0,local
2168_41,slab,-297.96491333,69486.678,True,"[6.50298278, 0.0, -5.41161458, -0.0, 11.45421394, -10.82322916, 0.0, 0.0, 43.29291663]",60.0,0.0,local
2168_43,slab,-302.7337287,56039.698,True,"[6.50298278, 0.0, -5.41161458, -0.0, 11.45421394, -10.82322916, 0.0, 0.0, 43.29291663]",60.0,3.333333333333333e-09,local
2169_1,slab,-218.40495119,23573.789,True,"[6.57631744, 0.0, -6.57631744, -0.0, 6.57631744, -6.57631744, 0.0, 0.0, 46.03422211]",48.0,2.0833333333333334e-09,local
2170_6,slab,-259.75536952,7137.847,True,"[5.85372789, 0.0, 0.0, 0.0, 5.85372789, 0.0, 0.0, 0.0, 29.26863946]",32.0,0.298820325,local
2176_12,slab,-182.0228495,13253.991,True,"[6.60940606, 0.0, 0.0, 6.5789465, 7.49589436, 4.16215592, 0.0, 0.0, 33.29724734]",36.0,3.0555555555555553e-07,local
2176_91,slab,-376.26348975,80383.864,True,"[8.57391242, 0.0, -6.5789465, 13.10683607, 7.27767664, -6.54848693, 0.0, 0.0, 46.26584244]",72.0,1.111111111111111e-08,local
2176_98,slab,-246.67087122,44909.298,True,"[4.16215592, 0.0, 0.0, 0.0, 14.99178872, -6.54848693, 0.0, 0.0, 33.04703032]",48.0,0.008379470833333333,local
2179_19,slab,-277.53178044,19302.872,True,"[3.79618686, 0.0, -2.19172951, -0.0, 18.2834736, -4.38345901, 0.0, 0.0, 35.06767211]",48.0,0.0,local
2179_2,slab,-463.62677338,35742.025,True,"[3.79618686, 0.0, -6.57518852, -0.0, 18.2834736, -4.38345901, 0.0, 0.0, 52.60150816]",80.0,0.0,local
2179_5,slab,-370.45554666,23299.636,True,"[7.59237372, 0.0, -8.76691803, -0.0, 9.1417368, -4.38345901, 0.0, 0.0, 43.83459013]",64.0,0.0,local
2182_1,slab,-138.49155838,5905.178,True,"[6.24575649, 0.0, -6.24575649, -0.0, 6.24575649, -6.24575649, 0.0, 0.0, 49.96605193]",48.0,2.0833333333333334e-09,local
2187_27,slab,,,False,,,,local
2188_5,slab,-386.47804085,143317.337,True,"[6.07760381, 0.0, 0.0, 0.0, 12.15520763, -6.07760381, 0.0, 0.0, 30.38801906]",64.0,0.1222936453125,local
2197_1,slab,-368.67409379,52103.568,True,"[6.27115293, 0.0, -6.27115293, -0.0, 6.27115293, -6.27115293, 0.0, 0.0, 50.16922347]",48.0,1.13346548125,local
2202_0,slab,-475.91511741,57441.821,True,"[10.32550319, 0.0, 0.0, 2.65485366, 4.51269897, 4.18892407, 0.0, 0.0, 37.7003166]",64.0,0.0423486453125,local
2202_51,slab,-475.38959249,48037.795,True,"[5.23571389, 0.0, 0.0, -0.0, 8.8996245, 8.37784813, 0.0, 0.0, 37.7003166]",64.0,0.0073923484375,local
2202_9,slab,-360.73556512,22568.975,True,"[4.18892407, 0.0, 0.0, 0.0, 8.8996245, -5.23571389, 0.0, 0.0, 36.64999724]",48.0,0.017482672916666667,local
2203_7,slab,-177.69682891,28317.623,True,"[11.41790154, 0.0, -4.27945774, 0.0, 9.30159973, -4.27945774, 0.0, 0.0, 34.23566196]",48.0,2.0833333333333334e-09,local
2208_0,slab,-198.37170726,7770.684,True,"[6.34617451, 0.0, -6.34617451, -0.0, 6.34617451, -6.34617451, 0.0, 0.0, 50.76939608]",48.0,8.333333333333334e-09,local
2209_4,slab,-176.98119727,13921.809,True,"[7.12478031, 0.0, 0.0, 0.0, 3.61079761, -3.61079761, 0.0, 0.0, 36.1079761]",32.0,7.33125e-06,local
2213_0,slab,-240.58288244,25076.264,True,"[6.63597818, 0.0, -6.63597818, -0.0, 6.63597818, -6.63597818, 0.0, 0.0, 46.45184724]",48.0,0.0,local
2213_1,slab,-239.06802503,29444.527,True,"[6.63597818, 0.0, -6.63597818, -0.0, 6.63597818, -6.63597818, 0.0, 0.0, 46.45184724]",48.0,0.0,local
2218_0,slab,-177.60438727,11599.596,True,"[6.20658693, 0.0, -6.20658693, -0.0, 6.20658693, -6.20658693, 0.0, 0.0, 49.65269547]",48.0,5.833333333333333e-08,local
2218_3,slab,-181.50447009,17323.118,True,"[6.20658693, 0.0, 0.0, 0.0, 6.20658693, -6.20658693, 0.0, 0.0, 43.44610853]",48.0,2.0833333333333334e-09,local
2218_5,slab,-238.02101002,63106.491,True,"[6.20658693, 0.0, 0.0, 0.0, 12.41317387, -6.20658693, 0.0, 0.0, 31.03293467]",64.0,0.0,local
2221_43,slab,,,False,,,,local
2221_55,slab,-229.49165802,55294.818,True,"[6.80675157, 0.0, 0.0, -0.0, 14.74614251, 12.78929397, 0.0, 0.0, 44.76252888]",60.0,0.033285209999999996,local
2221_6,slab,,,False,,,,local
2223_6,slab,-448.69214947,90501.894,True,"[5.97906477, 0.0, -10.35604397, -0.0, 7.01394241, -6.90402931, 0.0, 0.0, 62.13626382]",72.0,2.7777777777777777e-08,local
2226_16,slab,-309.36258389,31421.706,True,"[3.6523323, 0.0, -2.10867504, -0.0, 16.54624241, -4.21735008, 0.0, 0.0, 33.7388006]",48.0,0.0,local
2226_17,slab,-310.04533265,32817.696,True,"[3.6523323, 0.0, -2.10867504, -0.0, 16.54624241, -4.21735008, 0.0, 0.0, 33.7388006]",48.0,0.0,local
2233_1,slab,-406.03826906,14184.782,True,"[5.89830499, 0.0, -5.89830499, -0.0, 5.89830499, -5.89830499, 0.0, 0.0, 47.18643995]",48.0,0.5720251291666667,local
2234_6,slab,-251.88295756,19344.481,True,"[5.75340828, 0.0, 0.0, 0.0, 5.75340828, 0.0, 0.0, 0.0, 28.76704142]",32.0,0.42712836875,local
2236_5,slab,-328.81750189,82489.826,True,"[6.23618516, 0.0, 0.0, 0.0, 12.47237033, -6.23618516, 0.0, 0.0, 31.18092582]",64.0,0.020940084375,local
2238_0,slab,-369.02755527,10916.226,True,"[5.82384744, 0.0, -5.82384744, -0.0, 5.82384744, -5.82384744, 0.0, 0.0, 46.5907795]",48.0,0.0,local
2239_17,slab,,,False,,,,local
2239_18,slab,-277.25296696,126369.511,True,"[11.38681679, 0.0, 8.72615075, 14.43402601, 9.26058172, 0.0, 0.0, 0.0, 43.63075373]",80.0,0.0,local
2240_82,slab,-148.90322673,4832.293,True,"[10.00422318, 0.0, -1.95669749, 0.0, 4.05443552, 0.0, 0.0, 0.0, 33.09714307]",28.0,0.0,local
2242_39,slab,-344.97467657,30167.844,True,"[10.14891368, 0.0, 0.29109494, 8.07826393, 4.08989672, 4.85483094, 0.0, 0.0, 41.07362401]",64.0,0.0,local
2242_40,slab,-344.13253453,31041.885,True,"[10.14891368, 0.0, 0.29109494, 8.07826393, 4.08989672, 4.85483094, 0.0, 0.0, 41.07362401]",64.0,0.0,local
2246_37,slab,-256.43354486,22642.088,True,"[4.0668906, 0.0, 0.0, -0.0, 11.57582334, -10.45203843, 0.0, 0.0, 41.80815374]",48.0,0.031314979166666666,local
2246_3,slab,-380.36023986,129657.408,True,"[10.45203843, 0.0, -4.0668906, -0.0, 11.57582334, -4.0668906, 0.0, 0.0, 32.53512481]",72.0,4.166666666666667e-09,local
2246_42,slab,-254.69225945,24045.814,True,"[4.0668906, 0.0, 0.0, -0.0, 20.90407687, 5.78791167, 0.0, 0.0, 28.93955835]",48.0,0.0,local
2247_1,slab,-173.65571335,9047.645,True,"[6.18985063, 0.0, -6.18985063, -0.0, 6.18985063, -6.18985063, 0.0, 0.0, 49.518805]",48.0,0.0,local
2253_0,slab,-124.3286527,7356.587,True,"[6.56015057, 0.0, -6.56015057, -0.0, 6.56015057, -6.56015057, 0.0, 0.0, 45.92105399]",48.0,6.25e-09,local
2253_3,slab,-126.08175781,11046.006,True,"[6.56015057, 0.0, 0.0, 0.0, 6.56015057, -6.56015057, 0.0, 0.0, 45.92105399]",48.0,0.0,local
2253_5,slab,-166.13322181,25763.328,True,"[6.56015057, 0.0, 0.0, 0.0, 13.12030114, -6.56015057, 0.0, 0.0, 32.80075285]",64.0,0.0,local
2255_40,slab,-424.25182941,109623.162,True,"[8.49415534, 0.0, 4.50517796, 8.49415534, 5.0704393, -0.0, 0.0, 0.0, 40.54660162]",64.0,1.5625e-09,local
2255_69,slab,-318.34303754,20749.351,True,"[4.24707767, 0.0, 0.0, 0.0, 10.1408786, -4.50517796, 0.0, 0.0, 31.5362457]",48.0,6.666666666666667e-08,local
2255_77,slab,-321.34369169,20113.139,True,"[4.24707767, 0.0, 0.0, -0.0, 9.01035591, 5.0704393, 0.0, 0.0, 35.49307509]",48.0,4.166666666666667e-09,local
2260_5,slab,-350.86361879,63811.83,True,"[6.63558054, 0.0, 0.0, 0.0, 13.27116107, -6.63558054, 0.0, 0.0, 33.17790268]",64.0,1.875e-08,local
2262_18,slab,-264.17783291,33305.93,True,"[3.82133182, 0.0, 0.0, 0.0, 18.4085553, -3.82133182, 0.0, 0.0, 30.57065455]",48.0,0.0,local
2263_17,slab,-111.03660101,13657.801,True,"[7.22892622, 0.0, 0.0, -0.0, 7.22892622, 5.61174295, 0.0, 0.0, 39.28220066]",42.0,0.0,local
2263_24,slab,-145.45209258,35778.572,True,"[7.22892622, 0.0, 0.0, -0.0, 14.45785244, 5.61174295, 0.0, 0.0, 28.05871476]",56.0,0.0,local
2266_1,slab,-127.92532505,43443.673,True,"[11.41288305, 0.0, -4.52904595, -0.0, 8.40864715, -4.52904595, 0.0, 0.0, 31.70332165]",48.0,0.0,local
2266_43,slab,-175.08637462,42514.889,True,"[12.27868709, 0.0, 0.0, 3.34111572, 8.41938089, 8.40864715, 0.0, 0.0, 42.04323576]",64.0,0.0,local
2266_45,slab,-175.04166083,25505.529,True,"[11.41288305, 0.0, 0.0, -0.0, 9.0580919, 8.40864715, 0.0, 0.0, 42.04323576]",64.0,0.0,local
2269_0,slab,-428.53141546,63827.484,True,"[12.06179458, 0.0, 0.0, 6.03089729, 3.48194017, 3.40167059, 0.0, 0.0, 40.82004711]",45.0,0.0,local
2269_13,slab,-254.44916889,14166.056,True,"[3.40167059, 0.0, 0.0, 0.0, 6.03089729, -10.44582052, 0.0, 0.0, 55.71104277]",27.0,1.8518518518518518e-08,local
2269_24,slab,-519.64337438,36335.905,True,"[3.40167059, 0.0, 0.0, 0.0, 12.06179458, -13.92776069, 0.0, 0.0, 48.74716242]",54.0,1.314814814814815e-07,local
2270_6,slab,-154.85356428,15966.8,True,"[5.95798312, 0.0, 0.0, 0.0, 5.95798312, -5.95798312, 0.0, 0.0, 41.70588182]",48.0,8.333333333333334e-09,local
2271_0,slab,-163.02894751,3648.054,True,"[6.07405088, 0.0, -6.07405088, -0.0, 6.07405088, -6.07405088, 0.0, 0.0, 48.59240705]",48.0,2.0833333333333334e-09,local
2276_2,slab,-213.89206925,4124.63,True,"[5.95212951, 0.0, -5.95212951, -0.0, 5.95212951, -5.95212951, 0.0, 0.0, 47.61703607]",36.0,0.00015370555555555555,local
2277_41,slab,-218.32533632,79375.738,True,"[12.88259345, 0.0, 0.0, 3.28185399, 8.58993689, 8.13641452, 0.0, 0.0, 40.68207258]",64.0,1.5625e-09,local
2277_42,slab,-219.59021687,89386.3,True,"[12.88259345, 0.0, 0.0, 3.28185399, 8.58993689, 8.13641452, 0.0, 0.0, 40.68207258]",64.0,0.0,local
2277_45,slab,-219.90574065,52522.478,True,"[12.03419372, 0.0, 0.0, -0.0, 9.19551963, 8.13641452, 0.0, 0.0, 40.68207258]",64.0,0.0,local
2278_31,slab,-600.22276193,56601.456,True,"[9.94097876, 0.0, -7.77175148, 5.42597912, 8.31466454, 0.0, 0.0, 0.0, 38.85875739]",80.0,0.01753919,local
2278_32,slab,-598.95247073,121887.708,True,"[9.94097876, 0.0, -7.77175148, 5.42597912, 8.31466454, 0.0, 0.0, 0.0, 38.85875739]",80.0,0.016979626249999998,local
2278_39,slab,-600.22532393,168027.661,True,"[3.88587574, 0.0, 0.0, 0.0, 16.62932907, -18.97097803, 0.0, 0.0, 49.70489378]",80.0,0.013889019999999998,local
2280_1,slab,-284.58913717,41451.945,True,"[5.75697063, 0.0, -5.75697063, -0.0, 5.75697063, -5.75697063, 0.0, 0.0, 51.81273566]",64.0,0.175478109375,local
2282_17,slab,-217.82033645,47374.172,True,"[6.50433797, 0.0, 0.0, -0.0, 6.50433797, 5.19971208, 0.0, 0.0, 36.39798456]",42.0,0.09332741904761906,local
2282_18,slab,-222.23966103,40546.62,True,"[6.50433797, 0.0, 0.0, -0.0, 6.50433797, 5.19971208, 0.0, 0.0, 36.39798456]",42.0,0.13469355476190475,local
2291_24,slab,-193.41593522,9943.271,True,"[7.45457949, 0.0, 0.0, -0.0, 8.56407641, 4.30390348, 0.0, 0.0, 30.12732433]",48.0,0.0,local
2304_14,slab,-305.50539007,49989.838,True,"[3.79038324, 0.0, 0.0, 0.0, 27.45805973, -3.79038324, 0.0, 0.0, 26.53268269]",60.0,0.09613204166666667,local
2304_2,slab,-402.31057144,160384.499,True,"[3.79038324, 0.0, -3.79038324, -0.0, 27.45805973, -3.79038324, 0.0, 0.0, 37.90383241]",80.0,0.194216055,local
2305_1,slab,-383.75957376,16017.599,True,"[6.02889388, 0.0, -6.02889388, -0.0, 6.02889388, -6.02889388, 0.0, 0.0, 48.23115103]",48.0,0.08165567708333334,local
2311_34,slab,-412.27159734,97841.304,True,"[5.66081287, 0.0, -3.26827183, -0.0, 7.21356286, -6.53654366, 0.0, 0.0, 45.75580565]",54.0,1.296198737037037,local
2311_47,slab,-407.14707315,78179.109,True,"[6.53654366, 0.0, 0.0, 6.53654366, 11.32162573, 3.60678143, 0.0, 0.0, 28.85425145]",54.0,1.3632767425925925,local
2311_8,slab,,,False,,,,local
2312_15,slab,,,False,,,,local
2312_26,slab,-167.74569554,17113.311,True,"[3.86663481, 0.0, -2.23240265, -0.0, 24.47271733, 8.92961059, 0.0, 0.0, 35.71844237]",36.0,0.0,local
2313_9,slab,-362.79605253,35240.767,True,"[9.56890098, 0.0, 0.0, 0.0, 7.65885398, -3.82942699, 0.0, 0.0, 30.63541591]",60.0,0.0,local
2317_16,slab,-214.0584679,20421.269,True,"[3.61047583, 0.0, 0.0, 0.0, 12.37596239, -3.61047583, 0.0, 0.0, 28.88380664]",36.0,0.01699785277777778,local
2320_10,slab,-224.54571543,72624.421,True,"[8.00395744, 0.0, -9.24217397, -0.0, 7.41860854, -4.62108698, 0.0, 0.0, 46.21086985]",48.0,6.25e-09,local
2320_7,slab,,,False,,,,local
2320_8,slab,-224.86254751,64390.43,True,"[8.00395744, 0.0, -9.24217397, -0.0, 7.41860854, -4.62108698, 0.0, 0.0, 46.21086985]",48.0,0.0,local
2323_1,slab,-173.91025607,8325.128,True,"[6.38167487, 0.0, -6.38167487, -0.0, 6.38167487, -6.38167487, 0.0, 0.0, 51.05339892]",48.0,0.0,local
2326_12,slab,-123.40012636,4759.472,True,"[4.18309934, 0.0, 0.0, -0.0, 8.36619867, 7.59652727, 0.0, 0.0, 37.98263636]",32.0,0.0,local
2329_1,slab,-450.21740015,25271.406,True,"[6.26142175, 0.0, -6.26142175, -0.0, 6.26142175, -6.26142175, 0.0, 0.0, 50.09137399]",48.0,8.333333333333334e-09,local
2331_69,slab,,,False,,,,local
2337_3,slab,-489.75473352,25288.718,True,"[6.1037061, 0.0, 0.0, 0.0, 6.1037061, -6.1037061, 0.0, 0.0, 42.72594269]",48.0,4.166666666666666e-08,local
2349_16,slab,-227.68718477,56848.219,True,"[10.94060697, 0.0, 0.0, 0.0, 8.55867356, -4.27933678, 0.0, 0.0, 29.95535746]",60.0,0.0,local
2351_3,slab,-421.92902033,15479.086,True,"[6.29343886, 0.0, 0.0, 0.0, 6.29343886, -6.29343886, 0.0, 0.0, 44.05407204]",48.0,0.0,local
2354_27,slab,,,False,,,,local
2354_35,slab,,,False,,,,local
2354_47,slab,-150.97936648,150734.089,True,"[8.49146262, 0.0, 0.0, -0.0, 21.57211265, 6.45275242, 0.0, 0.0, 32.26376212]",64.0,0.05635716875,local
2356_0,slab,-422.51726856,34243.613,True,"[5.60524379, 0.0, -5.60524379, -0.0, 5.60524379, -5.60524379, 0.0, 0.0, 50.44719412]",64.0,0.32989311875,local
2357_1,slab,-173.67866363,17926.828,True,"[6.51272186, 0.0, -6.51272186, -0.0, 6.51272186, -6.51272186, 0.0, 0.0, 45.58905304]",48.0,0.0,local
2359_46,slab,-239.77311926,42019.058,True,"[11.97775936, 0.0, 0.0, -0.0, 9.10623012, 8.15783975, 0.0, 0.0, 40.78919875]",64.0,3.125e-09,local
2360_34,slab,-196.13714516,27285.594,True,"[4.14201367, 0.0, -2.3913927, -0.0, 25.36248612, 9.56557082, 0.0, 0.0, 33.47949787]",63.0,1.5873015873015873e-09,local
2360_36,slab,-192.92372688,28020.811,True,"[4.14201367, 0.0, -2.3913927, -0.0, 25.36248612, 9.56557082, 0.0, 0.0, 33.47949787]",63.0,0.0,local
2361_16,slab,-255.94596482,25444.298,True,"[3.83001203, 0.0, -3.83001203, -0.0, 10.09967519, -7.66002406, 0.0, 0.0, 45.96014433]",50.0,0.0,local
2363_17,slab,-465.12040345,110389.54,True,"[4.67232705, 0.0, 0.0, 0.0, 19.03832992, -6.05803045, 0.0, 0.0, 30.29015223]",64.0,0.0033836640625,local
2363_20,slab,-347.92879687,66359.063,True,"[9.51916496, 0.0, 0.0, -0.0, 6.05803045, 4.67232705, 0.0, 0.0, 37.37861637]",48.0,0.03905373333333333,local
2363_8,slab,-230.17536553,13809.303,True,"[4.67232705, 0.0, 0.0, 0.0, 9.51916496, -6.05803045, 0.0, 0.0, 30.29015223]",32.0,0.03988085625,local
2365_0,slab,-206.85079511,20253.323,True,"[6.26517478, 0.0, -6.26517478, -0.0, 6.26517478, -6.26517478, 0.0, 0.0, 50.12139822]",48.0,2.9166666666666666e-08,local
2365_1,slab,-206.37885283,22271.713,True,"[6.26517478, 0.0, -6.26517478, -0.0, 6.26517478, -6.26517478, 0.0, 0.0, 50.12139822]",48.0,1.08125e-06,local
2367_3,slab,-444.11147669,43875.492,True,"[6.1909291, 0.0, 0.0, 0.0, 6.1909291, -6.1909291, 0.0, 0.0, 43.33650373]",48.0,0.9806020437499999,local
2369_6,slab,-349.07138707,156325.671,True,"[12.54811964, 0.0, 0.0, 6.27405982, 3.62233013, 7.09904522, 0.0, 0.0, 60.34188437]",63.0,0.0,local
2371_48,slab,-254.583898,71089.747,True,"[7.07909527, 0.0, 0.0, 7.07909527, 12.26135268, 4.25375431, 0.0, 0.0, 29.77628017]",54.0,0.04012207037037037,local
2371_8,slab,-342.8840827,139715.71,True,"[6.13067634, 0.0, 10.61864291, 6.13067634, 8.50750862, 3.53954764, 0.0, 0.0, 63.71185745]",72.0,0.03160699166666667,local
2377_1,slab,-267.91323275,47352.73,True,"[13.54200299, 0.0, 0.0, 6.7710015, 3.90923954, 3.6420897, 0.0, 0.0, 36.42089697]",36.0,0.15689445277777778,local
2377_27,slab,-267.56393548,43282.242,True,"[3.6420897, 0.0, 0.0, 0.0, 13.54200299, -15.63695814, 0.0, 0.0, 39.09239536]",36.0,0.020282491666666666,local
2383_8,slab,-381.7581442,54356.327,True,"[13.58759733, 0.0, 0.0, 6.79379867, 3.92240149, 6.72286884, 0.0, 0.0, 50.42151628]",54.0,0.012838253703703704,local
2391_0,slab,-304.62155508,15266.073,True,"[5.83383841, 0.0, -5.83383841, -0.0, 5.83383841, -5.83383841, 0.0, 0.0, 46.67070729]",48.0,0.07099406458333334,local
2391_1,slab,-305.7067312,14949.825,True,"[5.83383841, 0.0, -5.83383841, -0.0, 5.83383841, -5.83383841, 0.0, 0.0, 46.67070729]",48.0,0.06576189375000001,local
2394_19,slab,-217.89309732,8021.928,True,"[5.68251386, 0.0, 0.0, 5.68251386, 5.68251386, 7.28075548, 0.0, 0.0, 50.96528838]",42.0,0.0,local
2398_47,slab,-352.52207087,68603.07,True,"[6.21684832, 0.0, 0.0, 6.21684832, 10.76789716, 3.63283732, 0.0, 0.0, 29.06269859]",54.0,1.0441854685185186,local
2398_5,slab,,,False,,,,local
2398_8,slab,,,False,,,,local
2400_13,slab,-111.8818358,8401.392,True,"[6.02301596, 0.0, 0.0, 0.0, 9.23531248, -4.59915518, 0.0, 0.0, 32.19408626]",30.0,0.0,local
2400_19,slab,-228.4726965,48167.458,True,"[9.19831036, 0.0, 6.02301596, 9.19831036, 9.23531248, -0.0, 0.0, 0.0, 42.16111171]",60.0,0.0,local
2400_6,slab,-224.75022393,39644.263,True,"[12.04603192, 0.0, -4.59915518, 0.0, 9.23531248, -4.59915518, 0.0, 0.0, 32.19408626]",60.0,0.0,local
2403_40,slab,-526.28553135,82530.081,True,"[11.05281056, 0.0, 0.0, 0.0, 6.38134315, -3.33295505, 0.0, 0.0, 33.32955049]",72.0,1.5779355833333333,local
2403_41,slab,-525.51675991,96363.279,True,"[11.05281056, 0.0, 0.0, 0.0, 6.38134315, -3.33295505, 0.0, 0.0, 33.32955049]",72.0,1.5718451375,local
2403_47,slab,-263.53265237,9445.715,True,"[6.38134315, 0.0, 0.0, -3.19067158, 5.52640528, 0.0, 0.0, 0.0, 29.99659544]",36.0,1.5534927444444444,local
2408_5,slab,-317.88065422,82646.475,True,"[4.06494048, 0.0, -4.06494048, -0.0, 15.34949297, -4.06494048, 0.0, 0.0, 40.64940483]",48.0,0.20403104791666668,local
2412_13,slab,-404.33662005,64270.801,True,"[8.98743945, 0.0, 0.0, 0.0, 7.382364, -3.691182, 0.0, 0.0, 33.220638]",64.0,0.0,local
2412_3,slab,-400.30645105,52831.637,True,"[3.691182, 0.0, -3.691182, -0.0, 17.9748789, -3.691182, 0.0, 0.0, 36.91182]",64.0,0.0,local
2412_5,slab,-400.10910264,49481.431,True,"[3.691182, 0.0, -3.691182, -0.0, 17.9748789, -3.691182, 0.0, 0.0, 36.91182]",64.0,0.0,local
2414_27,slab,-194.96642836,22222.951,True,"[4.19973291, 0.0, 4.19973291, 8.39946583, 9.82423615, -0.0, 0.0, 0.0, 41.99732913]",40.0,0.0,local
2416_37,slab,-221.19213543,39423.993,True,"[6.6675928, 0.0, -3.8495365, 0.0, 7.72055292, -7.699073, 0.0, 0.0, 38.495365]",36.0,0.07249228611111111,local
2417_5,slab,-477.92563088,52302.361,True,"[5.95493936, 0.0, 0.0, 0.0, 11.90987872, -5.95493936, 0.0, 0.0, 29.7746968]",64.0,0.2286386421875,local
2418_6,slab,-231.78248072,5462.309,True,"[5.62599558, 0.0, 0.0, 0.0, 5.62599558, 0.0, 0.0, 0.0, 28.12997791]",32.0,1.222418459375,local
2426_0,slab,-296.20080668,10156.298,True,"[6.45982236, 0.0, -6.45982236, -0.0, 6.45982236, -6.45982236, 0.0, 0.0, 51.67857885]",48.0,0.0,local
2430_0,slab,-264.19224822,8037.069,True,"[6.1868959, 0.0, -6.1868959, -0.0, 6.1868959, -6.1868959, 0.0, 0.0, 49.49516723]",48.0,0.0,local
2430_1,slab,-259.2426117,7507.457,True,"[6.1868959, 0.0, -6.1868959, -0.0, 6.1868959, -6.1868959, 0.0, 0.0, 49.49516723]",48.0,8.333333333333334e-09,local
2433_6,slab,,,False,,,,local
2435_11,slab,-199.82051615,6454.594,True,"[3.75414899, 0.0, 0.0, 0.0, 9.68207101, -3.75414899, 0.0, 0.0, 30.03319196]",30.0,6.666666666666666e-09,local
2435_5,slab,-544.48726946,145583.734,True,"[7.50829799, 0.0, -3.75414899, 0.0, 9.68207101, -3.75414899, 0.0, 0.0, 33.78734095]",80.0,0.0,local
2442_26,slab,-275.66916197,51587.693,True,"[8.80818516, 0.0, 0.0, -0.0, 8.80818516, 4.80503225, 0.0, 0.0, 33.63522573]",54.0,0.0,local
2442_32,slab,-273.2651709,63864.368,True,"[8.80818516, 0.0, 0.0, -0.0, 8.80818516, 4.80503225, 0.0, 0.0, 33.63522573]",54.0,0.0,local
2442_34,slab,,,False,,,,local
2443_35,slab,-217.42879949,47259.72,True,"[3.71955826, 0.0, -2.14748796, -0.0, 25.55266671, 8.58995185, 0.0, 0.0, 34.35980742]",63.0,0.0,local
2445_6,slab,-394.13400735,48751.049,True,"[20.90468487, 0.0, 0.0, 0.0, 4.55382762, -4.55382762, 0.0, 0.0, 40.98444857]",80.0,0.0,local
2447_1,slab,-418.89392572,33557.646,True,"[5.58182388, 0.0, -5.58182388, -0.0, 5.58182388, -5.58182388, 0.0, 0.0, 50.23641493]",64.0,0.13024865,local
2448_3,slab,-247.37779159,17635.918,True,"[5.87874536, 0.0, 0.0, -0.0, 5.87874536, 5.87874536, 0.0, 0.0, 41.15121751]",48.0,2.0833333333333334e-09,local
2448_6,slab,-162.81953686,5871.013,True,"[5.87874536, 0.0, 0.0, 0.0, 5.87874536, 0.0, 0.0, 0.0, 29.39372679]",32.0,9.0625e-08,local
2449_1,slab,-198.55559649,22085.729,True,"[6.5231763, 0.0, 6.5231763, 6.5231763, 6.5231763, -0.0, 0.0, 0.0, 45.66223409]",36.0,0.10228721111111111,local
2451_1,slab,-218.92426859,76077.32,True,"[3.94643212, 0.0, -6.83542094, 0.0, 17.86994121, -4.55694729, 0.0, 0.0, 54.68336749]",60.0,0.0,local
2451_3,slab,-173.20381485,136501.309,True,"[7.89286423, 0.0, -9.11389458, -0.0, 8.93497061, -4.55694729, 0.0, 0.0, 45.56947291]",48.0,0.0008328562500000001,local
2451_8,slab,-174.05617872,35170.47,True,"[8.93497061, 0.0, 0.0, 0.0, 7.89286423, -9.11389458, 0.0, 0.0, 45.56947291]",48.0,0.022652833333333334,local
2452_0,slab,-420.28174338,40208.058,True,"[6.53326116, 0.0, -6.53326116, 0.0, 6.53326116, -6.53326116, 0.0, 0.0, 45.7328281]",48.0,1.875e-08,local
2453_45,slab,,,False,,,,local
2453_48,slab,,,False,,,,local
2453_49,slab,-362.48378477,164883.006,True,"[6.17773206, 0.0, 0.0, 6.17773206, 10.70014581, 3.75071995, 0.0, 0.0, 30.00575963]",54.0,0.0041078092592592595,local
2455_11,slab,-152.5913365,19818.578,True,"[3.9771054, 0.0, 0.0, 0.0, 10.35332051, -3.9771054, 0.0, 0.0, 31.81684319]",30.0,1.2956666666666667e-05,local
2455_14,slab,-310.8347951,144447.957,True,"[3.9771054, 0.0, 0.0, 0.0, 20.70664102, -3.9771054, 0.0, 0.0, 27.83973779]",60.0,0.048072739999999996,local
2455_16,slab,-260.06959812,83751.764,True,"[3.9771054, 0.0, -3.9771054, 0.0, 10.35332051, -7.9542108, 0.0, 0.0, 47.72526478]",50.0,0.129911368,local
2456_40,slab,-197.10039808,13668.215,True,"[5.66131824, 0.0, 0.0, 0.0, 7.82894761, -1.66087607, 0.0, 0.0, 38.89471389]",40.0,0.0,local
2456_59,slab,-386.07311238,72753.75,True,"[11.06925582, 0.0, 2.01792536, 16.34760308, 9.72972121, 12.03903322, 0.0, 0.0, 40.01591247]",80.0,0.0,local
2456_68,slab,-390.20706596,72754.551,True,"[5.66131824, 0.0, 0.0, -0.0, 19.02397438, 3.96733177, 0.0, 0.0, 32.01272998]",80.0,0.0,local
2458_3,slab,-178.35416858,37313.391,True,"[11.02584657, 0.0, -4.39403547, -0.0, 8.14688177, -4.39403547, 0.0, 0.0, 35.15228378]",48.0,0.0,local
2458_4,slab,-179.6820425,35727.514,True,"[11.02584657, 0.0, -4.39403547, -0.0, 8.14688177, -4.39403547, 0.0, 0.0, 35.15228378]",48.0,0.0,local
2459_16,slab,-413.03806452,60460.605,True,"[16.28260219, 0.0, 0.0, 4.65217205, 4.02889918, 3.50187446, 0.0, 0.0, 35.01874457]",72.0,0.0,local
2459_43,slab,-414.21584871,29019.966,True,"[10.65946529, 0.0, 0.0, 0.0, 6.15424516, -3.50187446, 0.0, 0.0, 31.51687012]",72.0,0.0,local
2459_44,slab,-414.67226492,27311.901,True,"[10.65946529, 0.0, 0.0, 0.0, 6.15424516, -3.50187446, 0.0, 0.0, 31.51687012]",72.0,0.0,local
2462_3,slab,-388.52573605,25027.095,True,"[5.90781595, 0.0, 0.0, -0.0, 5.90781595, 5.90781595, 0.0, 0.0, 41.35471164]",48.0,0.90501125625,local
2464_44,slab,-529.27053835,102461.248,True,"[11.05650156, 0.0, 0.0, 0.0, 6.38347415, -3.52910143, 0.0, 0.0, 31.76191287]",72.0,0.3376966472222222,local
2464_45,slab,,,False,,,,local
2464_5,slab,,,False,,,,local
2467_5,slab,-502.81245458,63460.904,True,"[5.62153043, 0.0, 0.0, 0.0, 11.24306086, -5.62153043, 0.0, 0.0, 28.10765216]",64.0,0.1228312125,local
2475_3,slab,-401.33794186,17167.267,True,"[6.44205195, 0.0, 0.0, 0.0, 6.44205195, -6.44205195, 0.0, 0.0, 45.09436365]",48.0,0.0,local
2481_33,slab,,,False,,,,local
2481_3,slab,,,False,,,,local
2481_5,slab,-166.33838176,90761.911,True,"[10.13767749, 0.0, -7.96958842, -0.0, 12.23593331, -7.96958842, 0.0, 0.0, 39.8479421]",64.0,0.0647883640625,local
2482_0,slab,-304.16779441,14433.996,True,"[4.18274229, 0.0, -4.18274229, -0.0, 9.57579375, -4.18274229, 0.0, 0.0, 41.82742287]",40.0,0.0,local
2482_16,slab,-302.73320332,24231.445,True,"[4.18274229, 0.0, -4.18274229, -0.0, 9.57579375, -8.36548457, 0.0, 0.0, 41.82742287]",40.0,5e-09,local
2483_2,slab,-247.39921972,20177.778,True,"[11.1230638, 0.0, 0.0, 5.5615319, 3.21095194, 3.95401636, 0.0, 0.0, 47.44819628]",45.0,0.0,local
2483_3,slab,-247.87198741,18625.835,True,"[11.1230638, 0.0, 0.0, 5.5615319, 3.21095194, 3.95401636, 0.0, 0.0, 47.44819628]",45.0,0.0,local
2488_28,slab,-213.97666334,171712.034,True,"[9.0658087, 0.0, 0.0, 9.0658087, 9.0658087, 12.24330888, 0.0, 0.0, 61.21654438]",64.0,0.0,local
2494_0,slab,-321.7087595,27495.422,True,"[6.65230056, 0.0, -6.65230056, -0.0, 6.65230056, -6.65230056, 0.0, 0.0, 46.56610391]",48.0,2.083333333333333e-08,local
2494_1,slab,-320.65462172,30090.686,True,"[6.65230056, 0.0, -6.65230056, -0.0, 6.65230056, -6.65230056, 0.0, 0.0, 46.56610391]",48.0,4.166666666666667e-09,local
2496_2,slab,-207.1201108,10326.296,True,"[6.38134714, 0.0, -6.38134714, -0.0, 6.38134714, -6.38134714, 0.0, 0.0, 51.05077713]",36.0,0.04264603611111111,local
2496_4,slab,-425.76876007,101102.571,True,"[6.38134714, 0.0, -6.38134714, 0.0, 12.76269428, -6.38134714, 0.0, 0.0, 44.66942999]",72.0,0.00677645,local
2496_7,slab,-285.2429475,12270.073,True,"[6.38134714, 0.0, 0.0, 0.0, 12.76269428, -6.38134714, 0.0, 0.0, 31.90673571]",48.0,2.0833333333333334e-09,local
2498_6,slab,-395.28656212,39564.676,True,"[5.79047929, 0.0, 0.0, 0.0, 5.79047929, -5.79047929, 0.0, 0.0, 40.53335505]",48.0,0.8169077020833333,local
2499_0,slab,-199.93047309,120031.678,True,"[17.07452513, 0.0, -4.4916488, -0.0, 7.7146663, -4.4916488, 0.0, 0.0, 31.44154161]",60.0,0.060742536666666666,local
2499_1,slab,-203.23204045,89367.639,True,"[17.07452513, 0.0, -4.4916488, -0.0, 7.7146663, -4.4916488, 0.0, 0.0, 31.44154161]",60.0,0.01726833,local
2504_36,slab,-120.82843952,44180.615,True,"[10.3646384, 0.0, 0.0, -0.0, 10.3646384, 6.56350029, 0.0, 0.0, 32.81750144]",40.0,0.4918789025,local
2511_43,slab,-257.34486275,22868.88,True,"[12.21603111, 0.0, 0.0, 0.0, 7.05292885, -4.02740091, 0.0, 0.0, 32.21920726]",54.0,1.8518518518518518e-09,local
2511_6,slab,-348.99554703,46736.156,True,"[6.10801555, 0.0, -10.57939327, -0.0, 8.05480181, -7.05292885, 0.0, 0.0, 63.47635964]",72.0,0.0,local
2513_2,slab,-338.27202249,21313.614,True,"[3.84797964, 0.0, -3.84797964, 0.0, 17.22093083, -3.84797964, 0.0, 0.0, 38.47979642]",64.0,1.25e-08,local
2513_3,slab,-338.27525287,18207.425,True,"[3.84797964, 0.0, -3.84797964, 0.0, 17.22093083, -3.84797964, 0.0, 0.0, 38.47979642]",64.0,2.46609375e-05,local
2513_5,slab,-341.15591815,23307.795,True,"[7.69595928, 0.0, -3.84797964, -0.0, 8.61046542, -3.84797964, 0.0, 0.0, 34.63181678]",64.0,3.125e-09,local
2514_27,slab,-202.4467231,38673.612,True,"[4.51966813, 0.0, -4.51966813, 0.0, 10.19325459, -9.03933626, 0.0, 0.0, 45.19668128]",40.0,0.0,local
2514_29,slab,-202.06814304,38411.466,True,"[4.51966813, 0.0, -4.51966813, 0.0, 10.19325459, -9.03933626, 0.0, 0.0, 45.19668128]",40.0,0.0,local
2516_34,slab,-277.82055635,40099.559,True,"[8.45799295, 0.0, 0.0, -0.0, 8.45799295, 4.62157455, 0.0, 0.0, 32.35102182]",54.0,0.0,local
2516_57,slab,-281.60410615,42450.745,True,"[8.45799295, 0.0, 0.0, 0.0, 8.45799295, 0.0, 0.0, 0.0, 32.35102182]",54.0,0.0,local
2518_17,slab,-161.12939406,11540.287,True,"[9.77788943, 0.0, -4.19496661, 5.47138075, 4.93539074, 0.0, 0.0, 0.0, 33.55973288]",36.0,0.0,local
2518_50,slab,-320.105927,119488.731,True,"[19.55577886, 0.0, 4.19496661, 14.08439811, 4.93539074, 0.0, 0.0, 0.0, 33.55973288]",72.0,0.0,local
2518_8,slab,-160.40372119,10628.567,True,"[6.55012204, 0.0, 0.0, 6.42866888, 7.36745127, 4.19496661, 0.0, 0.0, 33.55973288]",36.0,1.1111111111111111e-07,local
2521_10,slab,-330.93868324,31159.336,True,"[5.36140801, 0.0, 0.0, 0.0, 7.45140104, -5.24850037, 0.0, 0.0, 36.73950261]",36.0,4.594166666666667e-05,local
2521_8,slab,-664.02532986,136366.705,True,"[7.45140104, 0.0, 0.0, 0.0, 10.72281602, -5.24850037, 0.0, 0.0, 36.73950261]",72.0,1.159722222222222e-06,local
2521_9,slab,-329.73606209,31507.286,True,"[5.36140801, 0.0, 0.0, 0.0, 7.45140104, -5.24850037, 0.0, 0.0, 36.73950261]",36.0,8.333333333333334e-09,local
2523_18,slab,-326.93873869,46149.33,True,"[7.13418265, 0.0, -8.23784455, 0.0, 9.93502463, -4.11892227, 0.0, 0.0, 41.18922274]",80.0,0.0,local
2524_17,slab,-487.5491668,81277.382,True,"[6.61626509, 0.0, 0.0, 0.0, 8.23707048, -9.51134972, 0.0, 0.0, 42.80107373]",72.0,0.0,local
2524_29,slab,-364.34396295,20770.212,True,"[4.11853524, 0.0, -2.37783743, 0.0, 13.23253019, -4.75567486, 0.0, 0.0, 33.28972402]",54.0,3.7037037037037036e-09,local
2534_6,slab,-282.12570409,4642.464,True,"[6.18199991, 0.0, 0.0, 0.0, 6.18199991, 0.0, 0.0, 0.0, 30.90999956]",32.0,1.25e-08,local
2537_0,slab,-285.62503127,28534.495,True,"[9.62969416, 0.0, 0.0, 2.68001024, 4.31569509, 3.95390796, 0.0, 0.0, 39.53907958]",48.0,0.0,local
2539_20,slab,-187.96656537,66221.929,True,"[9.44408911, 0.0, 0.0, 0.0, 7.41767158, -8.56518937, 0.0, 0.0, 42.82594685]",72.0,0.0,local
2541_29,slab,-308.16889172,33321.456,True,"[8.47175698, 0.0, 0.0, -0.0, 8.47175698, 4.64167785, 0.0, 0.0, 32.49174496]",54.0,0.0,local
2541_31,slab,-307.7250621,35591.332,True,"[8.47175698, 0.0, 0.0, -0.0, 8.47175698, 4.64167785, 0.0, 0.0, 32.49174496]",54.0,0.0,local
2543_1,slab,-244.51943069,90314.536,True,"[13.6060735, 0.0, 0.0, 6.80303675, 3.9277351, 3.8059777, 0.0, 0.0, 38.05977703]",36.0,0.033181522222222225,local
2543_5,slab,-369.78398772,147379.996,True,"[13.6060735, 0.0, 0.0, 6.80303675, 3.9277351, 7.61195541, 0.0, 0.0, 57.08966555]",54.0,0.06217860185185185,local
2545_23,slab,-421.79476285,73657.765,True,"[4.40569968, 0.0, -2.5436319, 0.0, 11.50399123, 10.17452758, 0.0, 0.0, 40.69811034]",54.0,0.03242670925925926,local
2546_14,slab,,,False,,,,local
2546_43,slab,,,False,,,,local
2547_6,slab,-187.81074169,8743.663,True,"[5.71588103, 0.0, 0.0, 0.0, 5.71588103, 0.0, 0.0, 0.0, 28.57940517]",32.0,0.305973678125,local
2553_4,slab,-223.5963072,111505.982,True,"[4.64669246, 0.0, -4.64669246, -0.0, 25.29678016, -4.64669246, 0.0, 0.0, 41.82023217]",80.0,0.0,local
2555_49,slab,-525.14747505,46232.736,True,"[7.93273939, 0.0, 0.0, 7.93273939, 13.73990766, 3.33394295, 0.0, 0.0, 30.00548652]",72.0,2.7777777777777776e-09,local
2556_9,slab,-159.33689522,7880.545,True,"[3.45911381, 0.0, 0.0, 0.0, 5.98058464, -10.35867645, 0.0, 0.0, 55.24627439]",27.0,2.2222222222222222e-07,local
2557_42,slab,-461.3806562,70034.697,True,"[11.91651399, 0.0, 0.0, 0.0, 6.88000256, -3.41000196, 0.0, 0.0, 30.69001761]",72.0,0.0,local
2559_1,slab,-194.67988811,68424.64,True,"[11.86480941, 0.0, -4.42688621, 0.0, 8.25756647, -4.42688621, 0.0, 0.0, 35.41508967]",48.0,0.0,local
2560_10,slab,-330.77738979,39484.125,True,"[12.25812955, 0.0, 0.0, 0.0, 8.43373167, -4.21686583, 0.0, 0.0, 29.51806083]",60.0,1.6666666666666665e-09,local
2560_5,slab,-330.85431292,81900.408,True,"[8.43373167, 0.0, -4.21686583, -0.0, 12.25812955, -4.21686583, 0.0, 0.0, 33.73492666]",60.0,0.0,local
2560_6,slab,-330.89905439,65642.31,True,"[8.43373167, 0.0, -4.21686583, -0.0, 12.25812955, -4.21686583, 0.0, 0.0, 33.73492666]",60.0,3.333333333333333e-09,local
2563_18,slab,-233.16888376,29199.837,True,"[4.06543931, 0.0, -4.06543931, 0.0, 14.15570355, -8.13087862, 0.0, 0.0, 40.65439308]",40.0,0.0,local
2563_4,slab,-230.89513145,24446.096,True,"[14.15570355, 0.0, 0.0, 0.0, 4.06543931, -4.06543931, 0.0, 0.0, 40.65439308]",40.0,0.0,local
2564_0,slab,-255.67256671,8343.777,True,"[6.32280193, 0.0, -6.32280193, -0.0, 6.32280193, -6.32280193, 0.0, 0.0, 50.58241548]",36.0,0.06545103055555555,local
2566_10,slab,-491.44409647,111038.55,True,"[8.07824116, 0.0, -4.03912058, 0.0, 15.15746785, -4.03912058, 0.0, 0.0, 32.31296463]",72.0,0.14636425,local
2568_42,slab,-316.06725777,45246.918,True,"[10.8751284, 0.0, 0.0, -0.0, 8.70962499, 7.70344415, 0.0, 0.0, 38.51722077]",64.0,0.0,local
2568_43,slab,-319.1260695,27814.794,True,"[10.8751284, 0.0, 0.0, -0.0, 8.70962499, 7.70344415, 0.0, 0.0, 38.51722077]",64.0,0.0,local
2568_4,slab,-238.43594763,47301.334,True,"[10.8751284, 0.0, -4.3548125, -0.0, 7.70344415, -4.3548125, 0.0, 0.0, 34.83849998]",48.0,0.0,local
2574_23,slab,-226.93359832,163812.934,True,"[8.61644821, 0.0, 0.0, 8.61644821, 8.61644821, 12.1197874, 0.0, 0.0, 60.59893699]",64.0,0.0,local
2576_8,slab,-166.5830149,8744.027,True,"[5.9629178, 0.0, 0.0, 0.0, 5.9629178, 0.0, 0.0, 0.0, 29.81458899]",24.0,0.0447216,local
2578_1,slab,-371.31034312,27899.68,True,"[6.85801586, 0.0, -6.85801586, -0.0, 6.85801586, -6.85801586, 0.0, 0.0, 48.00611104]",48.0,2.0833333333333334e-09,local
2581_0,slab,-282.2029685,35012.813,True,"[6.54654511, 0.0, -6.54654511, -0.0, 6.54654511, -6.54654511, 0.0, 0.0, 45.8258158]",48.0,0.03750040416666667,local
2583_1,slab,-270.79484682,23027.58,True,"[6.41076579, 0.0, -6.41076579, -0.0, 6.41076579, -6.41076579, 0.0, 0.0, 51.28612634]",48.0,1.0840466770833335,local
2585_3,slab,-205.28998805,19999.439,True,"[6.50926108, 0.0, 0.0, 0.0, 6.50926108, -6.50926108, 0.0, 0.0, 45.56482757]",48.0,0.0,local
2585_5,slab,-270.49044529,40716.451,True,"[6.50926108, 0.0, 0.0, 0.0, 13.01852216, -6.50926108, 0.0, 0.0, 32.54630541]",64.0,0.0,local
2589_3,slab,-144.38324155,17030.252,True,"[6.53877138, 0.0, -6.53877138, -0.0, 6.53877138, -6.53877138, 0.0, 0.0, 45.77139963]",48.0,0.0,local
2590_1,slab,-456.77513659,41806.271,True,"[6.55350672, 0.0, -6.55350672, -0.0, 6.55350672, -6.55350672, 0.0, 0.0, 45.87454704]",48.0,0.18206321875,local
2599_3,slab,-244.12795081,59402.205,True,"[4.07631253, 0.0, -4.01942813, -0.0, 16.49412777, -4.01942813, 0.0, 0.0, 40.19428132]",64.0,1.5625e-09,local
2600_0,slab,-309.1130395,16937.88,True,"[6.45698987, 0.0, -6.45698987, -0.0, 6.45698987, -6.45698987, 0.0, 0.0, 51.65591895]",48.0,2.2916666666666666e-07,local
2605_15,slab,-322.53624916,72990.512,True,"[3.97599692, 0.0, 0.0, 0.0, 23.24242406, -3.97599692, 0.0, 0.0, 27.83197843]",60.0,0.07833297333333333,local
2605_22,slab,,,False,,,,local
2605_6,slab,-321.45465623,67449.998,True,"[7.95199384, 0.0, -3.97599692, 0.0, 11.62121203, -3.97599692, 0.0, 0.0, 31.80797534]",60.0,0.18274777333333334,local
2610_27,slab,-148.12340657,35773.923,True,"[14.93435888, 0.0, 0.0, 0.0, 6.25971957, 0.0, 0.0, 0.0, 34.39313833]",40.0,0.0,local
2610_5,slab,,,False,,,,local
2611_0,slab,-141.90543291,7284.35,True,"[6.03003397, 0.0, -6.03003397, -0.0, 6.03003397, -6.03003397, 0.0, 0.0, 48.24027175]",48.0,2.2916666666666667e-08,local
2614_26,slab,-452.0064253,66085.301,True,"[3.83388037, 0.0, 0.0, 0.0, 11.70478088, -13.51551678, 0.0, 0.0, 47.30430875]",54.0,0.0,local
2614_31,slab,,,False,,,,local
2614_8,slab,-602.18220708,153617.084,True,"[5.85239044, 0.0, -10.13663759, -0.0, 7.66776075, -6.75775839, 0.0, 0.0, 60.81982553]",72.0,0.0,local
2616_1,slab,-223.53580004,22392.189,True,"[7.0845915, 0.0, -7.0845915, -0.0, 7.0845915, -7.0845915, 0.0, 0.0, 49.5921405]",72.0,2.7777777777777776e-09,local
892_6,slab,-146.34787625,3749.025,True,"[5.56963605, 0.0, 0.0, 0.0, 5.56963605, 0.0, 0.0, 0.0, 27.84818026]",32.0,6.25e-09,local
896_14,slab,-185.64431231,10553.02,True,"[7.24559751, 0.0, 0.0, 0.0, 7.24559751, 0.0, 0.0, 0.0, 36.22798756]",48.0,1.4583333333333333e-08,local
896_2,slab,-275.26914655,23487.184,True,"[7.24559751, 0.0, -7.24559751, -0.0, 7.24559751, -7.24559751, 0.0, 0.0, 50.71918259]",72.0,9.722222222222221e-09,local
896_3,slab,-276.63193476,25944.647,True,"[7.24559751, 0.0, -7.24559751, -0.0, 7.24559751, -7.24559751, 0.0, 0.0, 50.71918259]",72.0,2.7777777777777776e-09,local
898_29,slab,-209.84427609,17951.606,True,"[4.26329118, 0.0, 4.26329118, 8.52658237, 9.8450128, -0.0, 0.0, 0.0, 42.63291183]",40.0,0.0,local
898_32,slab,-107.35355585,1189.383,True,"[4.26329118, 0.0, 0.0, 0.0, 4.26329118, 0.0, 0.0, 0.0, 39.3800512]",20.0,0.0,local
901_4,slab,-227.53266059,19951.829,True,"[9.77830433, 0.0, 0.0, 0.0, 4.08037041, -4.08037041, 0.0, 0.0, 40.80370414]",40.0,0.0,local
912_3,slab,-530.79940474,53294.649,True,"[3.773329, 0.0, -3.773329, -0.0, 19.20023593, -3.773329, 0.0, 0.0, 37.73328996]",80.0,0.08784031249999999,local
915_49,slab,-408.87185982,34019.637,True,"[7.86573732, 0.0, 0.0, 7.86573732, 13.62385667, 3.71354246, 0.0, 0.0, 29.7083397]",54.0,0.026431390740740742,local
921_20,slab,-236.73077602,18767.837,True,"[4.44101024, 0.0, 0.0, 4.44101024, 7.69205537, 5.43132018, 0.0, 0.0, 38.01924123]",36.0,0.01167816388888889,local
922_18,slab,-416.29180167,75678.284,True,"[4.30484484, 0.0, -2.48540333, 0.0, 11.72704759, 4.97080665, 0.0, 0.0, 34.79564656]",54.0,0.5909557981481481,local
922_23,slab,-413.7927294,64368.712,True,"[4.30484484, 0.0, -2.48540333, 0.0, 11.72704759, 9.9416133, 0.0, 0.0, 39.76645321]",54.0,0.6090294759259259,local
922_24,slab,-412.85633762,44308.783,True,"[4.30484484, 0.0, -2.48540333, 0.0, 11.72704759, 9.9416133, 0.0, 0.0, 39.76645321]",54.0,0.6026146314814815,local
923_3,slab,-264.48945643,17476.129,True,"[6.80162294, 0.0, 0.0, -0.0, 6.80162294, 6.80162294, 0.0, 0.0, 47.61136057]",48.0,2.0833333333333334e-09,local
923_5,slab,-347.59437009,43544.38,True,"[6.80162294, 0.0, 0.0, 0.0, 13.60324588, -6.80162294, 0.0, 0.0, 34.0081147]",64.0,0.0,local
933_0,slab,-272.81065778,24126.948,True,"[14.14855658, 0.0, -3.69708009, 0.0, 3.70313232, -3.69708009, 0.0, 0.0, 36.97080094]",48.0,0.0,local
933_10,slab,-201.09156049,23707.393,True,"[3.70313232, 0.0, 0.0, 0.0, 14.14855658, -3.69708009, 0.0, 0.0, 29.57664076]",36.0,0.07816855833333333,local
933_12,slab,-202.96608411,13328.426,True,"[3.70313232, 0.0, 0.0, 0.0, 14.14855658, -3.69708009, 0.0, 0.0, 29.57664076]",36.0,0.0,local
936_5,slab,-138.30204251,30460.042,True,"[6.32871108, 0.0, 0.0, 0.0, 12.65742216, -6.32871108, 0.0, 0.0, 31.6435554]",64.0,0.0,local
943_27,slab,-149.41681458,47227.814,True,"[7.59892593, 0.0, 4.29029139, 7.59892593, 10.80985673, 0.0, 0.0, 0.0, 34.3223311]",48.0,0.0,local
943_33,slab,-150.31258682,33271.959,True,"[7.59892593, 0.0, 4.29029139, 3.79946297, 10.80985673, 0.0, 0.0, 0.0, 34.3223311]",48.0,0.0,local
944_6,slab,-271.29908975,63443.448,True,"[6.44913291, 0.0, -11.17022586, -0.0, 7.64680812, -7.44681724, 0.0, 0.0, 59.57453791]",54.0,0.0,local
946_0,slab,-216.50725849,57284.722,True,"[7.01984628, 0.0, -7.01984628, -0.0, 7.01984628, -7.01984628, 0.0, 0.0, 49.13892395]",48.0,0.04057177083333333,local
946_3,slab,-222.28151871,27945.773,True,"[7.01984628, 0.0, 0.0, 0.0, 7.01984628, -7.01984628, 0.0, 0.0, 49.13892395]",48.0,5.558333333333333e-06,local
946_5,slab,-291.17876478,68913.194,True,"[7.01984628, 0.0, 0.0, 0.0, 14.03969256, -7.01984628, 0.0, 0.0, 35.09923139]",64.0,0.027025684375,local
947_34,slab,-217.65483948,101005.423,True,"[4.32894123, 0.0, 0.0, 0.0, 14.51956873, -17.94562198, 0.0, 0.0, 55.52480734]",56.0,8.928571428571428e-09,local
948_18,slab,,,False,,,,local
948_2,slab,,,False,,,,local
949_1,slab,-297.96666922,17675.171,True,"[6.12951913, 0.0, -6.12951913, -0.0, 6.12951913, -6.12951913, 0.0, 0.0, 49.03615305]",48.0,1.00554631875,local
953_6,slab,-230.01515757,7933.144,True,"[5.67248399, 0.0, 0.0, 0.0, 5.67248399, 0.0, 0.0, 0.0, 28.36241996]",32.0,1.0288116,local
955_30,slab,-314.79227685,49480.329,True,"[10.16912765, 0.0, -8.88670696, -0.0, 6.63835819, -4.44335348, 0.0, 0.0, 44.4335348]",64.0,3.125e-09,local
955_36,slab,-311.32424562,47304.67,True,"[11.09750185, 0.0, 0.0, 3.55816839, 8.14327933, 6.63835819, 0.0, 0.0, 33.19179096]",64.0,0.0,local
955_4,slab,-233.81424417,20011.367,True,"[10.16912765, 0.0, -4.44335348, 0.0, 6.63835819, -4.44335348, 0.0, 0.0, 35.54682784]",48.0,4.166666666666667e-09,local
957_2,slab,-176.8917124,5661.444,True,"[6.06947351, 0.0, -6.06947351, -0.0, 6.06947351, -6.06947351, 0.0, 0.0, 48.55578811]",48.0,0.0,local
959_16,slab,,,False,,,,local
959_8,slab,-594.56468772,121036.255,True,"[5.84078414, 0.0, -10.11653489, -0.0, 7.51427478, -6.74435659, 0.0, 0.0, 60.69920931]",72.0,0.0,local
961_36,slab,-184.80863734,64155.869,True,"[7.39499354, 0.0, -7.20978512, -0.0, 14.55848431, -14.41957024, 0.0, 0.0, 50.46849585]",60.0,0.0,local
963_31,slab,-327.88722637,121289.891,True,"[14.82563484, 0.0, 0.0, -0.0, 14.31500181, 7.73093187, 0.0, 0.0, 38.65465935]",80.0,0.99999990625,local
963_47,slab,,,False,,,,local
965_1,slab,-256.37268405,11155.162,True,"[6.20236618, 0.0, -6.20236618, -0.0, 6.20236618, -6.20236618, 0.0, 0.0, 49.61892943]",48.0,1.0416666666666666e-08,local
968_2,slab,,,False,,,,local
969_3,slab,-140.67863736,15765.219,True,"[6.642721, 0.0, -6.642721, -0.0, 6.642721, -6.642721, 0.0, 0.0, 46.49904698]",48.0,2.0833333333333334e-09,local
969_6,slab,-146.66370094,10374.229,True,"[6.642721, 0.0, 0.0, 0.0, 6.642721, -6.642721, 0.0, 0.0, 46.49904698]",48.0,0.0,local
969_8,slab,-192.71213703,30424.253,True,"[6.642721, 0.0, 0.0, 0.0, 13.28544199, -6.642721, 0.0, 0.0, 33.21360499]",64.0,1.5625e-09,local
970_3,slab,-380.0557544,4726.539,True,"[5.77024962, 0.0, 0.0, 0.0, 5.77024962, -5.77024962, 0.0, 0.0, 40.39174731]",48.0,6.25e-09,local
974_57,slab,-480.35194507,80414.271,True,"[9.72413474, 0.0, 0.019403, 4.85617051, 8.41794041, 6.77437977, 0.0, 0.0, 33.67786885]",72.0,0.0,local
974_58,slab,-478.35936529,84430.253,True,"[9.72413474, 0.0, 0.019403, 4.85617051, 8.41794041, 6.77437977, 0.0, 0.0, 33.67786885]",72.0,6.944444444444444e-09,local
974_5,slab,-356.55831179,66364.227,True,"[8.42304982, 0.0, -4.85915679, -0.0, 6.73552007, -4.88605247, 0.0, 0.0, 38.87325428]",54.0,0.0001932685185185185,local
977_26,slab,-422.51127525,26927.746,True,"[3.29415689, 0.0, -1.90188237, 0.0, 18.64811157, 7.60752947, 0.0, 0.0, 34.23388259]",72.0,5.555555555555555e-09,local
985_3,slab,-360.16701013,19007.724,True,"[6.30665247, 0.0, 0.0, 0.0, 6.30665247, -6.30665247, 0.0, 0.0, 44.1465673]",48.0,6.25e-09,local
987_21,slab,-201.4979319,11880.654,True,"[3.26397371, 0.0, 3.26397371, 6.52794742, 8.19097366, -0.0, 0.0, 0.0, 42.43165822]",30.0,0.07553998,local
991_3,slab,-314.65288325,14847.304,True,"[6.08667838, 0.0, 0.0, 0.0, 6.08667838, -6.08667838, 0.0, 0.0, 42.60674865]",48.0,2.0833333333333334e-09,local
993_18,slab,-238.670402,45305.42,True,"[4.35345168, 0.0, 4.35345168, 8.70690335, 10.38476185, -0.0, 0.0, 0.0, 43.53451675]",40.0,5.75e-08,local
1000_12,slab,-296.53217698,79801.523,True,"[5.46669505, 0.0, 0.0, 0.0, 13.15813451, -6.57906725, 0.0, 0.0, 32.89533627]",56.0,0.015610244642857143,remote
1000_18,slab,-297.23604514,56101.254,True,"[6.57906725, 0.0, 0.0, 0.0, 10.93339009, -6.57906725, 0.0, 0.0, 32.89533627]",56.0,0.047179707142857144,remote
1001_4,slab,-220.42652582,24510.003,True,"[10.91046646, 0.0, 0.0, 0.0, 4.22865244, -4.22865244, 0.0, 0.0, 42.28652438]",40.0,2.5e-09,remote
1001_9,slab,-330.07245555,29344.088,True,"[10.91046646, 0.0, 0.0, 0.0, 8.45730488, -4.22865244, 0.0, 0.0, 29.60056707]",60.0,0.0,remote
1002_0,slab,-92.2967913,4167.215,True,"[6.46086321, 0.0, -6.46086321, -0.0, 6.46086321, -6.46086321, 0.0, 0.0, 51.68690568]",48.0,1.0416666666666666e-08,remote
1002_1,slab,-92.08711663,6593.586,True,"[6.46086321, 0.0, -6.46086321, -0.0, 6.46086321, -6.46086321, 0.0, 0.0, 51.68690568]",48.0,2.0833333333333334e-09,remote
1002_5,slab,-123.99500482,20655.537,True,"[6.46086321, 0.0, 0.0, 0.0, 12.92172642, -6.46086321, 0.0, 0.0, 32.30431605]",64.0,0.0,remote
1005_0,slab,-200.03449521,21096.403,True,"[6.79600525, 0.0, -6.79600525, -0.0, 6.79600525, -6.79600525, 0.0, 0.0, 47.57203675]",48.0,0.0,remote
1005_1,slab,-201.50363758,58450.355,True,"[6.79600525, 0.0, -6.79600525, -0.0, 6.79600525, -6.79600525, 0.0, 0.0, 47.57203675]",48.0,2.0833333333333334e-09,remote
1007_11,slab,-193.07570952,8702.264,True,"[3.77744368, 0.0, 0.0, 0.0, 9.70951398, -3.77744368, 0.0, 0.0, 30.21954942]",30.0,0.0,remote
1007_17,slab,-330.22317,20027.629,True,"[3.77744368, 0.0, -3.77744368, -0.0, 9.70951398, -7.55488735, 0.0, 0.0, 45.32932413]",50.0,3.9999999999999994e-09,remote
1007_9,slab,-389.49716539,33747.999,True,"[9.70951398, 0.0, 0.0, 0.0, 7.55488735, -3.77744368, 0.0, 0.0, 30.21954942]",60.0,1.6666666666666665e-09,remote
1009_0,slab,-224.5001909,20915.008,True,"[3.89328572, 0.0, -3.89328572, 0.0, 9.93129749, -3.89328572, 0.0, 0.0, 38.93285716]",40.0,0.12904924499999998,remote
1009_5,slab,-456.66845058,77021.885,True,"[7.78657143, 0.0, -3.89328572, -0.0, 9.93129749, -3.89328572, 0.0, 0.0, 35.03957144]",80.0,0.03754470625,remote
1010_10,slab,-150.39820169,16660.472,True,"[3.12362851, 0.0, 0.0, -0.0, 5.91044075, 10.23718367, 0.0, 0.0, 54.59831291]",27.0,0.08605801851851852,remote
1010_6,slab,-353.64175784,127517.653,True,"[11.8208815, 0.0, 0.0, 5.91044075, 3.41239456, 6.24725702, 0.0, 0.0, 56.22531321]",63.0,4.1746031746031743e-07,remote
1015_20,slab,-223.81747101,32673.476,True,"[4.41785552, 0.0, 0.0, 4.41785552, 7.65195022, 5.51117811, 0.0, 0.0, 38.57824674]",36.0,0.005129675,remote
1022_0,slab,-205.99313511,20607.457,True,"[4.22930729, 0.0, -4.22930729, -0.0, 9.89016104, -4.22930729, 0.0, 0.0, 42.29307288]",40.0,0.0,remote
1022_2,slab,-413.90837181,108934.927,True,"[4.22930729, 0.0, -4.22930729, -0.0, 19.78032207, -4.22930729, 0.0, 0.0, 42.29307288]",80.0,0.0,remote
1023_0,slab,-459.16995558,28996.993,True,"[6.19472686, 0.0, -6.19472686, -0.0, 6.19472686, -6.19472686, 0.0, 0.0, 49.5578149]",48.0,0.9790229291666667,remote
1025_11,slab,-219.36722229,9506.652,True,"[3.70867498, 0.0, 0.0, -0.0, 5.80387241, 10.05260189, 0.0, 0.0, 53.61387675]",27.0,1.4814814814814814e-08,remote
1025_28,slab,-446.88458566,49501.401,True,"[3.70867498, 0.0, 0.0, 0.0, 11.60774482, -13.40346919, 0.0, 0.0, 46.91214216]",54.0,1.4814814814814814e-08,remote
1025_7,slab,-596.08262125,146887.736,True,"[5.80387241, 0.0, 10.05260189, 5.80387241, 7.41734996, 3.3508673, 0.0, 0.0, 60.31561135]",72.0,0.0,remote
1026_31,slab,,,False,,,,remote
1029_2,slab,,,False,,,,remote
1030_13,slab,-175.06448977,16310.424,True,"[3.97035098, 0.0, 0.0, 0.0, 11.59958129, -3.97035098, 0.0, 0.0, 27.79245688]",30.0,0.2715371166666667,remote
1030_14,slab,-348.77442951,155304.194,False,"[3.97035098, 0.0, 0.0, 0.0, 23.19916257, -3.97035098, 0.0, 0.0, 27.79245688]",60.0,0.18887753833333332,remote
1030_6,slab,-346.43288958,150082.594,True,"[7.94070197, 0.0, -3.97035098, 0.0, 11.59958129, -3.97035098, 0.0, 0.0, 31.76280786]",60.0,0.27031896666666666,remote
1033_3,slab,,,False,,,,remote
1033_5,slab,-175.70061205,26169.973,True,"[6.82806087, 0.0, 0.0, 0.0, 6.82806087, -6.82806087, 0.0, 0.0, 47.79642606]",36.0,2.7777777777777776e-09,remote
1041_5,slab,-313.49176995,39568.761,True,"[6.7920001, 0.0, 0.0, 0.0, 13.5840002, -6.7920001, 0.0, 0.0, 33.9600005]",64.0,0.0,remote
1047_6,slab,-246.62125805,9410.062,True,"[5.7613881, 0.0, 0.0, 0.0, 5.7613881, 0.0, 0.0, 0.0, 28.80694048]",32.0,0.118657403125,remote
1054_6,slab,-352.15925179,5818.213,True,"[6.32734986, 0.0, 0.0, 0.0, 6.32734986, 0.0, 0.0, 0.0, 31.6367493]",32.0,3.803125e-06,remote
1060_0,slab,-117.25243716,6135.116,True,"[6.29505393, 0.0, -6.29505393, -0.0, 6.29505393, -6.29505393, 0.0, 0.0, 50.36043142]",48.0,5.833333333333333e-08,remote
1061_14,slab,-351.31658064,46231.153,True,"[4.05804573, 0.0, 0.0, 0.0, 26.92891813, -4.05804573, 0.0, 0.0, 28.4063201]",60.0,0.0,remote
1061_15,slab,-348.84667285,63213.553,True,"[4.05804573, 0.0, 0.0, 0.0, 26.92891813, -4.05804573, 0.0, 0.0, 28.4063201]",60.0,0.015569078333333335,remote
1064_13,slab,-456.34264626,140881.287,True,"[4.52612603, 0.0, -2.61316008, -0.0, 12.08782409, -5.22632016, 0.0, 0.0, 36.58424113]",54.0,0.0004267574074074074,remote
1064_22,slab,-453.47724827,142171.193,True,"[4.52612603, 0.0, -2.61316008, 0.0, 12.08782409, -10.45264032, 0.0, 0.0, 41.81056129]",54.0,0.02133723148148148,remote
1064_23,slab,,,False,,,,remote
1078_43,slab,-377.01508579,102685.106,True,"[7.3448906, 0.0, 0.0, 7.3448906, 12.72172369, 3.07841804, 0.0, 0.0, 30.78418039]",64.0,0.0703538640625,remote
1078_46,slab,-377.07761231,128991.399,True,"[7.3448906, 0.0, 0.0, 7.3448906, 12.72172369, 3.07841804, 0.0, 0.0, 30.78418039]",64.0,0.026869621875,remote
1078_4,slab,-234.60454366,55064.852,True,"[12.72172369, 0.0, 0.0, 6.36086185, 3.6724453, 3.07841804, 0.0, 0.0, 36.94101647]",40.0,0.04220969,remote
1083_37,slab,,,False,,,,remote
1083_46,slab,,,False,,,,remote
1083_7,slab,,,False,,,,remote
1084_0,slab,-342.83393515,112019.559,True,"[11.08297173, 0.0, 0.0, 5.54148586, 3.19937835, 3.52407267, 0.0, 0.0, 42.28887199]",45.0,0.3675590466666666,remote
1084_35,slab,-272.92744521,62637.771,True,"[6.39875671, 0.0, 0.0, 3.19937835, 5.54148586, 3.52407267, 0.0, 0.0, 35.24072666]",36.0,0.3007361833333333,remote
1084_8,slab,,,False,,,,remote
1086_1,slab,-353.65532168,17371.536,True,"[5.9917108, 0.0, -5.9917108, -0.0, 5.9917108, -5.9917108, 0.0, 0.0, 47.93368641]",48.0,0.6454474166666667,remote
1088_10,slab,-176.17975749,18248.211,True,"[8.01651563, 0.0, 0.0, 0.0, 11.0886354, -4.53421719, 0.0, 0.0, 31.73952035]",48.0,0.0,remote
1088_49,slab,-240.55189456,74023.459,True,"[4.53421719, 0.0, 0.0, 0.0, 16.03303126, -11.0886354, 0.0, 0.0, 44.3545416]",64.0,0.0,remote
1091_3,slab,-215.8320309,89552.898,True,"[3.76915444, 0.0, -6.52836699, -0.0, 13.79499724, -4.35224466, 0.0, 0.0, 52.22693594]",60.0,0.0,remote
1091_8,slab,-172.8613944,42485.539,True,"[7.53830888, 0.0, -8.70448932, -0.0, 6.89749862, -4.35224466, 0.0, 0.0, 43.52244662]",48.0,0.0,remote
1091_9,slab,-172.31065325,45509.734,True,"[7.53830888, 0.0, -8.70448932, -0.0, 6.89749862, -4.35224466, 0.0, 0.0, 43.52244662]",48.0,0.0,remote
1092_19,slab,-358.6853145,64866.585,True,"[7.75750177, 0.0, 0.0, -0.0, 7.91287615, -7.43264592, 0.0, 0.0, 37.16322961]",64.0,0.0580482109375,remote
1092_24,slab,-362.98258213,35273.195,True,"[7.75750177, 0.0, 0.0, 0.0, 7.91287615, 0.0, 0.0, 0.0, 37.16322961]",64.0,4.0625e-08,remote
1092_48,slab,-362.45636265,42008.254,True,"[7.43264592, 0.0, 0.0, 0.0, 7.91287615, 0.0, 0.0, 0.0, 31.03000707]",64.0,1.71875e-08,remote
1094_6,slab,-193.01477644,12701.887,True,"[5.89270742, 0.0, 0.0, 0.0, 5.89270742, 0.0, 0.0, 0.0, 29.46353709]",32.0,1.00123516875,remote
1102_6,slab,-174.76093844,42700.338,True,"[10.8297468, 0.0, -4.3190639, -0.0, 9.06205426, -4.3190639, 0.0, 0.0, 34.55251121]",60.0,0.0,remote
1103_1,slab,-156.38262501,8011.386,True,"[6.40143137, 0.0, -6.40143137, -0.0, 6.40143137, -6.40143137, 0.0, 0.0, 51.21145093]",48.0,2.0833333333333334e-09,remote
1105_1,slab,-480.0098937,27898.242,True,"[6.53780938, 0.0, -6.53780938, -0.0, 6.53780938, -6.53780938, 0.0, 0.0, 45.76466567]",48.0,2.7083333333333334e-08,remote
1106_12,slab,-230.30897872,20882.783,True,"[4.63766221, 0.0, 0.0, 0.0, 17.51483632, -4.75883342, 0.0, 0.0, 33.31183392]",48.0,0.0,remote
1106_52,slab,-227.72201989,32804.759,True,"[4.75883342, 0.0, 0.0, -0.0, 17.51483632, 9.27532441, 0.0, 0.0, 32.46363544]",48.0,0.0,remote
1109_51,slab,,,False,,,,remote
1109_52,slab,-399.68246805,124177.804,True,"[3.6796467, 0.0, -2.12444501, -0.0, 20.62798725, 8.49778005, 0.0, 0.0, 33.99112022]",63.0,0.0047410031746031745,remote
1110_1,slab,-403.34348125,19753.405,True,"[6.19245051, 0.0, -6.19245051, -0.0, 6.19245051, -6.19245051, 0.0, 0.0, 49.53960408]",48.0,2.5e-08,remote
1111_37,slab,-237.6803241,17518.72,True,"[6.48623959, 0.0, 0.0, 0.0, 12.79146868, 0.0, 0.0, 0.0, 31.9030298]",40.0,7.3750000000000005e-06,remote
1113_24,slab,-169.29980706,27699.769,True,"[10.39677091, 0.0, 0.0, 0.0, 7.03526492, -4.04958045, 0.0, 0.0, 32.39664356]",48.0,2.0833333333333334e-09,remote
1113_44,slab,-229.76122637,28202.813,True,"[11.15759594, 0.0, 0.0, 2.93954036, 7.54688741, 7.03526492, 0.0, 0.0, 35.17632461]",64.0,0.0,remote
1113_64,slab,-116.03012082,8572.87,True,"[4.04958045, 0.0, 0.0, 0.0, 10.39677091, 0.0, 0.0, 0.0, 35.17632461]",32.0,3.125e-09,remote
1115_6,slab,-219.30911905,5954.058,True,"[6.23033658, 0.0, 0.0, 0.0, 6.23033658, 0.0, 0.0, 0.0, 31.15168289]",32.0,0.00034714375,remote
1117_37,slab,-215.39677118,47327.657,True,"[3.74022173, 0.0, -2.15941802, -0.0, 27.85364067, 8.6376721, 0.0, 0.0, 34.55068839]",63.0,0.0,remote
1120_22,slab,-234.79129318,130822.511,True,"[8.14300616, 0.0, 0.0, 8.14300616, 8.14300616, 11.36865623, 0.0, 0.0, 56.84328113]",64.0,0.0,remote
1120_23,slab,-240.07765331,97592.501,True,"[8.14300616, 0.0, 0.0, 8.14300616, 8.14300616, 11.36865623, 0.0, 0.0, 56.84328113]",64.0,0.037540228125,remote
1125_6,slab,-455.06008936,59448.107,True,"[5.60200455, 0.0, -2.80100227, 0.0, 12.84455802, -2.80100227, 0.0, 0.0, 33.61202729]",80.0,0.61575479125,remote
1127_2,slab,-445.74044915,124739.186,True,"[4.17980064, 0.0, -4.17980064, -0.0, 20.94528395, -4.17980064, 0.0, 0.0, 41.79800643]",80.0,0.0,remote
1128_26,slab,-256.14176937,93445.077,True,"[3.80090003, 0.0, 0.0, 0.0, 19.34934908, -3.80090003, 0.0, 0.0, 30.40720026]",54.0,0.02953022222222222,remote
1128_43,slab,-341.26948155,119511.206,True,"[3.80090003, 0.0, -3.80090003, -0.0, 19.34934908, -7.60180007, 0.0, 0.0, 38.00900033]",72.0,2.0833333333333335e-08,remote
1128_46,slab,-254.94749611,164971.509,True,"[3.80090003, 0.0, 0.0, 0.0, 19.34934908, -7.60180007, 0.0, 0.0, 30.40720026]",54.0,0.01335650925925926,remote
1129_0,slab,-309.27284617,17933.747,True,"[6.4631711, 0.0, -6.4631711, -0.0, 6.4631711, -6.4631711, 0.0, 0.0, 51.70536879]",48.0,1.3333333333333334e-07,remote
1129_1,slab,-313.60780274,16024.203,True,"[6.4631711, 0.0, -6.4631711, -0.0, 6.4631711, -6.4631711, 0.0, 0.0, 51.70536879]",48.0,2.2916666666666667e-08,remote
1135_6,slab,-208.76651281,7532.208,True,"[5.80893148, 0.0, 0.0, 0.0, 5.80893148, 0.0, 0.0, 0.0, 29.0446574]",32.0,4.0625e-08,remote
1136_13,slab,-304.1943115,46227.833,True,"[4.62946964, 0.0, -2.67282554, -0.0, 12.80955937, -5.34565109, 0.0, 0.0, 37.41955762]",54.0,0.05206541666666667,remote
1143_21,slab,-438.35653572,31959.605,True,"[9.86510329, 0.0, 0.0, 0.0, 7.0159996, -3.73433358, 0.0, 0.0, 33.60900226]",64.0,0.0,remote
1143_33,slab,-435.96467065,32980.704,True,"[7.0159996, 0.0, 0.0, 0.0, 9.86510329, -7.46866717, 0.0, 0.0, 37.34333585]",64.0,0.0,remote
1143_46,slab,-439.1166343,32109.787,True,"[3.73433358, 0.0, 0.0, 0.0, 14.0319992, -9.86510329, 0.0, 0.0, 39.46041315]",64.0,0.0,remote
1144_6,slab,,,False,,,,remote
1146_5,slab,-408.83771727,141174.719,True,"[5.59193633, 0.0, -9.68551784, 0.0, 8.04654104, -6.45701189, 0.0, 0.0, 64.57011894]",72.0,0.017510505555555556,remote
1154_1,slab,-472.34182199,24761.221,True,"[6.40336456, 0.0, -6.40336456, -0.0, 6.40336456, -6.40336456, 0.0, 0.0, 51.22691645]",48.0,0.2535839270833333,remote
1160_0,slab,,,False,,,,remote
1160_1,slab,-451.20020641,27391.979,True,"[6.02918041, 0.0, -6.02918041, -0.0, 6.02918041, -6.02918041, 0.0, 0.0, 48.23344332]",48.0,0.08464391666666667,remote
1164_6,slab,-268.93870934,12651.997,True,"[5.83282284, 0.0, 0.0, 0.0, 5.83282284, 0.0, 0.0, 0.0, 29.16411421]",32.0,0.417417803125,remote
1168_3,slab,-189.86130471,19780.645,True,"[6.17478218, 0.0, 0.0, -0.0, 6.17478218, 6.17478218, 0.0, 0.0, 43.22347528]",48.0,0.0,remote
1169_35,slab,-215.64794093,67709.516,True,"[6.96932215, 0.0, -6.65265674, 0.0, 13.58819205, -13.30531348, 0.0, 0.0, 46.56859718]",60.0,0.0,remote
1173_12,slab,-247.39258387,1424.214,True,"[4.17117926, 0.0, 0.0, 0.0, 9.70363765, -4.17117926, 0.0, 0.0, 29.1982548]",30.0,1e-08,remote
1173_5,slab,-491.80320373,29722.15,True,"[8.34235852, 0.0, -4.17117926, -0.0, 9.70363765, -4.17117926, 0.0, 0.0, 33.36943406]",60.0,3.1666666666666666e-08,remote
1174_16,slab,,,False,,,,remote
1174_39,slab,-460.84661199,72172.09,True,"[12.04311271, 0.0, 0.0, 0.0, 6.95309436, -3.35330226, 0.0, 0.0, 30.17972036]",72.0,0.0010569736111111113,remote
1175_0,slab,-264.97299742,47730.595,True,"[9.92232612, 0.0, 4.1196044, 14.15623614, 4.92559318, 0.0, 0.0, 0.0, 41.19604402]",48.0,0.0,remote
1175_10,slab,-195.27318837,20476.398,True,"[6.49518762, 0.0, 0.0, 6.46790185, 7.52454658, 4.1196044, 0.0, 0.0, 32.95683521]",36.0,0.0,remote
1175_86,slab,-393.74722735,150355.911,True,"[8.578458, 0.0, 6.46790185, 13.20022812, 7.22697604, 19.43099132, 0.0, 0.0, 51.96150099]",72.0,0.0,remote
1176_6,slab,-183.93801569,6887.446,True,"[6.5657104, 0.0, 0.0, 0.0, 6.5657104, 0.0, 0.0, 0.0, 32.82855202]",32.0,9.375e-08,remote
1177_5,slab,-367.15329312,74003.659,True,"[5.98071006, 0.0, 0.0, 0.0, 11.96142011, -5.98071006, 0.0, 0.0, 29.90355029]",64.0,0.4465200125,remote
1178_0,slab,-433.59053537,8335.294,True,"[6.22086084, 0.0, -6.22086084, -0.0, 6.22086084, -6.22086084, 0.0, 0.0, 49.76688669]",48.0,6.458333333333333e-08,remote
1181_11,slab,-241.02242453,72510.613,True,"[7.96703623, 0.0, -9.19954103, -0.0, 15.57397433, -4.59977051, 0.0, 0.0, 45.99770514]",80.0,0.0,remote
1184_0,slab,-461.78895469,62789.681,True,"[5.4919745, 0.0, -5.4919745, -0.0, 5.4919745, -5.4919745, 0.0, 0.0, 49.4277705]",64.0,0.42387106875,remote
1186_1,slab,-515.1539698,19424.608,True,"[6.4159441, 0.0, -6.4159441, -0.0, 6.4159441, -6.4159441, 0.0, 0.0, 51.32755277]",48.0,4.166666666666667e-09,remote
1190_1,slab,-148.04965459,12812.976,True,"[6.35555563, 0.0, -6.35555563, -0.0, 6.35555563, -6.35555563, 0.0, 0.0, 50.84444502]",48.0,0.0,remote
1190_5,slab,-199.15851153,44079.899,True,"[6.35555563, 0.0, 0.0, 0.0, 12.71111126, -6.35555563, 0.0, 0.0, 31.77777814]",64.0,0.0,remote
1197_1,slab,-224.93010143,85672.875,True,"[4.0091415, 0.0, 6.94403678, 4.0091415, 19.30572897, 2.31467893, 0.0, 0.0, 55.55229421]",60.0,0.0,remote
1198_6,slab,-163.62547839,4327.916,True,"[5.60034781, 0.0, 0.0, 0.0, 5.60034781, 0.0, 0.0, 0.0, 28.00173906]",32.0,0.217686484375,remote
1202_15,slab,-129.63671008,4747.19,True,"[2.87455779, 0.0, 0.0, -0.0, 5.74911557, 5.70549982, 0.0, 0.0, 39.93849872]",24.0,2.6737500000000003e-05,remote
1202_2,slab,-212.98192306,27792.195,True,"[2.87455779, 0.0, 2.87455779, 2.87455779, 11.41099963, 0.0, 0.0, 0.0, 37.36925122]",40.0,0.07934427250000001,remote
1202_4,slab,-107.21699717,2273.713,True,"[5.70549982, 0.0, 0.0, 0.0, 2.87455779, -2.87455779, 0.0, 0.0, 37.36925122]",20.0,1.1e-07,remote
1204_21,slab,-757.35135102,133334.603,True,"[6.48424551, 0.0, 4.72594346, 6.48424551, 13.55975251, 0.0, 0.0, 0.0, 37.80754766]",72.0,1.3888888888888888e-09,remote
1204_27,slab,-758.10426953,66044.337,True,"[13.55975251, 0.0, 0.0, -0.0, 6.48424551, 4.72594346, 0.0, 0.0, 33.0816042]",72.0,5.555555555555555e-09,remote
1204_39,slab,-767.29855198,62565.327,True,"[3.24212276, 0.0, 0.0, 0.0, 27.11950502, -4.72594346, 0.0, 0.0, 33.0816042]",72.0,2.7777777777777776e-09,remote
1205_0,slab,-316.68467052,53381.87,True,"[11.6485488, 0.0, 0.0, 5.8242744, 3.36264639, 3.80257832, 0.0, 0.0, 38.0257832]",36.0,0.0,remote
1205_5,slab,,,False,,,,remote
1205_7,slab,-632.12448468,110699.519,True,"[5.8242744, 0.0, 10.08793918, 5.8242744, 7.60515664, 3.36264639, 0.0, 0.0, 60.52763509]",72.0,0.0,remote
1220_20,slab,-170.85774463,77254.77,True,"[11.78301306, 0.0, 0.00048387, -1.09650153, 12.1578064, 10.06750487, 0.0, 0.0, 35.29079232]",72.0,0.0,remote
1220_38,slab,-169.70302915,58117.206,True,"[11.78301306, 0.0, 10.08259965, -1.09650153, 12.1578064, 0.01557865, 0.0, 0.0, 35.29079232]",72.0,1.3888888888888888e-09,remote
1225_1,slab,-91.54659949,10047.794,True,"[6.77395841, 0.0, -6.77395841, -0.0, 6.77395841, -6.77395841, 0.0, 0.0, 47.41770889]",48.0,1.4583333333333333e-08,remote
1228_1,slab,-378.42728313,22320.136,True,"[5.92947314, 0.0, -5.92947314, -0.0, 5.92947314, -5.92947314, 0.0, 0.0, 47.43578512]",48.0,0.17788566041666667,remote
1229_18,slab,-166.79572046,136875.291,True,"[10.65761872, 0.0, 0.0, 0.0, 12.57286542, -7.97918019, 0.0, 0.0, 39.89590096]",64.0,0.0597357296875,remote
1229_3,slab,-166.9392851,148768.756,True,"[10.65761872, 0.0, -7.97918019, -0.0, 12.57286542, -7.97918019, 0.0, 0.0, 39.89590096]",64.0,0.0677989875,remote
1230_2,slab,-318.08545055,62062.477,True,"[12.11393704, 0.0, 0.0, 6.05696852, 3.49699241, 3.48289775, 0.0, 0.0, 41.79477295]",45.0,0.028002457777777778,remote
1230_40,slab,-511.58149907,78564.332,True,"[12.11393704, 0.0, 0.0, 0.0, 6.99398481, -3.48289775, 0.0, 0.0, 31.34607971]",72.0,0.0,remote
1230_45,slab,-381.18596226,52073.079,True,"[6.99398481, 0.0, 0.0, 6.99398481, 12.11393704, 3.48289775, 0.0, 0.0, 27.86318196]",54.0,0.0,remote
1235_9,slab,-353.63732187,14640.348,True,"[11.50425023, 0.0, -4.07705565, -0.0, 8.72163236, -4.07705565, 0.0, 0.0, 32.61644517]",60.0,1.6666666666666665e-09,remote
1240_14,slab,-202.74716423,47594.577,True,"[3.8472973, 0.0, -2.22123813, -0.0, 10.84690327, -4.44247626, 0.0, 0.0, 35.53981007]",36.0,0.00023514444444444447,remote
1240_18,slab,-202.87805583,32050.074,True,"[7.69459459, 0.0, 0.0, -0.0, 5.42345163, 4.44247626, 0.0, 0.0, 35.53981007]",36.0,5.086111111111111e-06,remote
1240_3,slab,-269.52014511,88569.439,True,"[7.69459459, 0.0, -8.88495252, -0.0, 5.42345163, -4.44247626, 0.0, 0.0, 44.42476259]",48.0,0.04647433958333333,remote
1243_6,slab,-214.37639505,47973.578,True,"[13.86935182, 0.0, 0.0, 6.93467591, 4.003737, 7.76144585, 0.0, 0.0, 58.21084386]",54.0,0.0,remote
1245_1,slab,-417.93715971,51310.233,True,"[5.75501363, 0.0, -5.75501363, -0.0, 5.75501363, -5.75501363, 0.0, 0.0, 51.79512271]",64.0,0.275008875,remote
1247_5,slab,-432.18651085,64764.078,True,"[5.85748733, 0.0, 10.14546566, 5.85748733, 7.91359124, 3.38182189, 0.0, 0.0, 60.87279395]",72.0,2.7777777777777776e-09,remote
1249_3,slab,,,False,,,,remote
1249_4,slab,,,False,,,,remote
1250_6,slab,-190.34698612,4109.294,True,"[5.89995007, 0.0, 0.0, 0.0, 5.89995007, 0.0, 0.0, 0.0, 29.49975033]",32.0,6.25e-09,remote
1251_2,slab,-211.49155104,10092.924,True,"[6.20856481, 0.0, -6.20856481, -0.0, 6.20856481, -6.20856481, 0.0, 0.0, 49.66851849]",36.0,0.0,remote
1253_12,slab,-147.70271841,26553.792,True,"[8.36431069, 0.0, 0.0, 0.0, 11.3577643, -4.51964237, 0.0, 0.0, 31.63749658]",48.0,2.0833333333333334e-09,remote
1254_41,slab,-594.08694468,60337.896,True,"[13.64562235, 0.0, 0.0, 0.0, 7.87830374, -3.27410145, 0.0, 0.0, 29.46691306]",72.0,0.004737190277777778,remote
1256_0,slab,-192.60200555,37642.341,True,"[6.97517558, 0.0, -6.97517558, 0.0, 6.97517558, -6.97517558, 0.0, 0.0, 48.82622908]",48.0,0.08197945416666667,remote
1260_6,slab,-174.14435402,5936.943,True,"[5.9187769, 0.0, 0.0, 0.0, 5.9187769, 0.0, 0.0, 0.0, 29.59388451]",32.0,0.0,remote
1261_25,slab,,,False,,,,remote
1261_7,slab,,,False,,,,remote
1261_9,slab,,,False,,,,remote
1266_45,slab,-205.73015033,15063.494,True,"[4.02139171, 0.0, 0.0, 0.0, 14.23375109, -9.29834002, 0.0, 0.0, 37.19336008]",64.0,0.0,remote
1266_49,slab,-203.85290162,13609.438,True,"[4.02139171, 0.0, 0.0, 0.0, 14.23375109, -9.29834002, 0.0, 0.0, 37.19336008]",64.0,0.0,remote
1266_54,slab,-201.26653062,18515.997,True,"[4.02139171, 0.0, 0.0, -0.0, 18.59668004, 7.11687554, 0.0, 0.0, 35.58437771]",64.0,1.875e-08,remote
1268_6,slab,-361.25711206,5360.726,True,"[6.49089102, 0.0, 0.0, 0.0, 6.49089102, 0.0, 0.0, 0.0, 32.4544551]",32.0,0.00015593125,remote
1270_5,slab,-391.47936875,39163.9,True,"[6.59050808, 0.0, 0.0, 0.0, 13.18101615, -6.59050808, 0.0, 0.0, 32.95254038]",64.0,0.0,remote
1275_13,slab,-236.68036913,16483.955,True,"[4.33202327, 0.0, -2.5010948, 0.0, 11.06798786, -5.0021896, 0.0, 0.0, 35.01532718]",54.0,1.8518518518518518e-09,remote
1276_1,slab,-124.7842764,8918.494,True,"[6.36819914, 0.0, -6.36819914, -0.0, 6.36819914, -6.36819914, 0.0, 0.0, 50.94559314]",48.0,4.166666666666667e-09,remote
1277_0,slab,-149.61738378,4638.489,True,"[6.42288729, 0.0, -6.42288729, -0.0, 6.42288729, -6.42288729, 0.0, 0.0, 51.38309828]",48.0,0.0,remote
1280_10,slab,,,False,,,,remote
1280_9,slab,-388.57980965,62578.432,True,"[4.5468117, 0.0, 0.0, 0.0, 6.51576681, -6.49343734, 0.0, 0.0, 45.4540614]",48.0,0.010459575,remote
1281_68,slab,-306.63308112,35632.934,True,"[11.47332977, 0.0, 2.6014059, 17.11982714, 9.98771062, 13.42179481, 0.0, 0.0, 41.09491503]",80.0,3.75e-09,remote
1283_3,slab,-297.58023612,18996.094,True,"[5.93606688, 0.0, 0.0, 0.0, 5.93606688, -5.93606688, 0.0, 0.0, 41.55246818]",48.0,2.0833333333333334e-09,remote
1284_0,slab,-292.88589946,66915.346,True,"[10.69290063, 0.0, 0.0, 5.34645031, 3.08677453, 3.68557998, 0.0, 0.0, 44.2269598]",45.0,1.1827122311111111,remote
1284_37,slab,-351.3340653,81648.283,True,"[5.34645031, 0.0, -3.08677453, -0.0, 7.37115997, -6.17354906, 0.0, 0.0, 43.2148434]",54.0,1.2046306666666666,remote
1284_5,slab,,,False,,,,remote
1285_24,slab,-123.35357117,29632.221,True,"[5.68222045, 0.0, 0.0, 0.0, 11.04341584, 0.0, 0.0, 0.0, 28.41110224]",32.0,0.032164553125,remote
1288_6,slab,-201.06114931,9379.25,True,"[6.09877649, 0.0, 0.0, 0.0, 6.09877649, 0.0, 0.0, 0.0, 30.49388246]",32.0,0.0004275625,remote
1296_16,slab,-222.81371331,17955.051,True,"[6.31610051, 0.0, 0.0, -0.0, 5.92312401, 3.64660233, 0.0, 0.0, 32.81942096]",32.0,0.7764088125,remote
1298_14,slab,-260.5051356,52965.436,True,"[20.45453599, 0.0, 0.0, 5.84415314, 5.06118508, 4.12402263, 0.0, 0.0, 37.11620366]",72.0,1.25e-08,remote
1298_19,slab,-260.2043086,51114.677,True,"[20.45453599, 0.0, 0.0, 5.84415314, 5.06118508, 4.12402263, 0.0, 0.0, 37.11620366]",72.0,2.7777777777777776e-09,remote
1298_47,slab,-193.09257668,21714.112,True,"[13.39063707, 0.0, 0.0, 0.0, 7.73108792, -4.12402263, 0.0, 0.0, 32.99218103]",54.0,2.222222222222222e-08,remote
1299_21,slab,-231.76591983,21858.834,True,"[6.59894692, 0.0, 0.0, -0.0, 8.02375031, -6.59894692, 0.0, 0.0, 32.99473459]",40.0,0.0,remote
1299_29,slab,-346.63248824,24888.857,True,"[6.59894692, 0.0, 0.0, -0.0, 13.19789383, 4.01187516, 0.0, 0.0, 28.0831261]",60.0,0.03684040833333333,remote
1299_6,slab,-177.35396763,4949.539,True,"[4.01187516, 0.0, 0.0, 0.0, 6.59894692, -6.59894692, 0.0, 0.0, 46.19262842]",30.0,0.0,remote
1309_1,slab,-119.26829364,6571.472,True,"[5.88861383, 0.0, -5.88861383, -0.0, 5.88861383, -5.88861383, 0.0, 0.0, 47.10891066]",48.0,2.0833333333333334e-09,remote
1309_6,slab,-79.58518547,6504.756,True,"[5.88861383, 0.0, 0.0, 0.0, 5.88861383, 0.0, 0.0, 0.0, 29.44306916]",32.0,3.125e-09,remote
1311_1,slab,-264.18510103,43126.783,True,"[5.69544542, 0.0, -5.69544542, -0.0, 5.69544542, -5.69544542, 0.0, 0.0, 51.25900881]",64.0,1.5625e-09,remote
1314_8,slab,-309.76729607,85066.711,True,"[7.58045498, 0.0, -8.75315544, 0.0, 11.29198805, -4.37657772, 0.0, 0.0, 43.76577722]",64.0,0.0,remote
1317_42,slab,-299.08145756,24814.432,True,"[10.92841359, 0.0, 0.0, -0.0, 8.75230023, 7.6381404, 0.0, 0.0, 38.19070198]",64.0,0.0,remote
1317_58,slab,-150.61745388,8071.209,True,"[4.37615012, 0.0, 0.0, 0.0, 10.92841359, 0.0, 0.0, 0.0, 30.55256158]",32.0,0.0,remote
1317_9,slab,-222.39896874,12765.515,True,"[7.6381404, 0.0, 0.0, 0.0, 10.92841359, -4.37615012, 0.0, 0.0, 30.63305082]",48.0,6.25e-09,remote
1319_5,slab,-435.39350154,47162.183,True,"[13.46449166, 0.0, 0.0, 6.73224583, 3.88686394, 6.6316936, 0.0, 0.0, 49.73770202]",54.0,1.501851851851852e-06,remote
1321_6,slab,-255.69797156,11567.016,True,"[6.03490439, 0.0, 0.0, 0.0, 6.03490439, 0.0, 0.0, 0.0, 30.17452196]",32.0,0.04529808125,remote
1322_0,slab,-480.47967016,20362.617,True,"[6.46465338, 0.0, -6.46465338, -0.0, 6.46465338, -6.46465338, 0.0, 0.0, 51.71722706]",48.0,0.11012498958333333,remote
1322_1,slab,-481.9166539,17304.945,True,"[6.46465338, 0.0, -6.46465338, -0.0, 6.46465338, -6.46465338, 0.0, 0.0, 51.71722706]",48.0,0.0,remote
1326_11,slab,-470.0196398,50836.399,True,"[17.62685884, 0.0, 0.0, 3.52537177, 7.05074353, 7.35864529, 0.0, 0.0, 36.79322646]",80.0,0.0,remote
1327_77,slab,-355.55794962,91148.63,True,"[9.88962227, 0.0, 0.0, -3.42078768, 15.34888306, -5.70258275, 0.0, 0.0, 28.51291374]",80.0,0.0,remote
1327_80,slab,-361.51045621,54402.373,True,"[9.88962227, 0.0, 0.0, -3.42078768, 15.34888306, -5.70258275, 0.0, 0.0, 28.51291374]",80.0,0.0,remote
1328_38,slab,-286.41085676,62589.949,True,"[11.36778048, 0.0, 0.0, 3.31985464, 8.0285318, 7.37601519, 0.0, 0.0, 36.88007596]",64.0,0.0,remote
1328_42,slab,-286.46038008,49583.527,True,"[10.5050818, 0.0, 0.0, -0.0, 8.68785115, 7.37601519, 0.0, 0.0, 36.88007596]",64.0,0.0,remote
1332_0,slab,-328.35922282,10387.268,True,"[6.27524593, 0.0, -6.27524593, -0.0, 6.27524593, -6.27524593, 0.0, 0.0, 50.20196747]",48.0,1.4583333333333333e-08,remote
1334_39,slab,,,False,,,,remote
1340_0,slab,-323.36889477,23623.152,True,"[4.02716404, 0.0, -4.02716404, 0.0, 14.56862097, -4.02716404, 0.0, 0.0, 40.27164042]",64.0,0.0,remote
1340_20,slab,-323.61382175,22235.323,True,"[4.02716404, 0.0, 4.02716404, 8.05432808, 14.56862097, 0.0, 0.0, 0.0, 40.27164042]",64.0,0.0,remote
1343_131,slab,-148.29019393,5407.075,True,"[9.02641071, 0.0, -5.14092271, 0.0, 3.66948519, 0.0, 0.0, 0.0, 42.30067551]",24.0,1.2083333333333335e-07,remote
1343_59,slab,-143.26841215,17336.96,True,"[3.66948519, 0.0, 0.0, 0.0, 14.70284046, 2.01385209, 0.0, 0.0, 31.16322495]",24.0,0.056993237499999995,remote
1343_62,slab,-147.69268077,11423.147,True,"[3.66948519, 0.0, 0.0, -0.0, 9.02641071, 3.31921239, 0.0, 0.0, 33.84054041]",24.0,0.09779542916666667,remote
1344_7,slab,-357.68548195,54210.104,True,"[5.95761705, 0.0, 0.0, 0.0, 11.91523411, -5.95761705, 0.0, 0.0, 29.78808527]",48.0,0.08896591041666667,remote
1344_8,slab,-179.27182971,4231.541,True,"[5.95761705, 0.0, 0.0, 0.0, 5.95761705, 0.0, 0.0, 0.0, 29.78808527]",24.0,0.14006020833333332,remote
1346_21,slab,-230.1552485,74571.145,True,"[7.67520097, 0.0, 0.0, 0.0, 14.67607791, -4.47907965, 0.0, 0.0, 31.35355755]",72.0,0.0,remote
1346_23,slab,-114.30409449,13804.311,True,"[7.33803896, 0.0, 0.0, 0.0, 7.67520097, -4.47907965, 0.0, 0.0, 31.35355755]",36.0,0.0,remote
1346_29,slab,-230.6541254,60194.393,True,"[7.33803896, 0.0, 0.0, 0.0, 15.35040195, -4.47907965, 0.0, 0.0, 31.35355755]",72.0,0.0,remote
1355_16,slab,-579.27752695,100707.432,True,"[17.52462656, 0.0, 0.0, 5.00703616, 4.33622051, 3.93739598, 0.0, 0.0, 39.37395977]",72.0,0.0,remote
1355_1,slab,-285.80690664,27333.205,True,"[11.47256111, 0.0, 0.0, 5.73628055, 3.31184312, 3.93739598, 0.0, 0.0, 39.37395977]",36.0,0.0,remote
1355_37,slab,-437.42928625,33487.585,True,"[5.73628055, 0.0, -3.31184312, -0.0, 7.87479195, -6.62368624, 0.0, 0.0, 46.3658037]",54.0,0.0,remote
1356_0,slab,-362.58562876,9921.385,True,"[6.1469944, 0.0, -6.1469944, -0.0, 6.1469944, -6.1469944, 0.0, 0.0, 49.17595521]",48.0,2.7083333333333334e-08,remote
1357_10,slab,-148.05146781,7844.186,True,"[4.3486588, 0.0, 0.0, 0.0, 10.28875218, -4.3486588, 0.0, 0.0, 30.44061157]",30.0,0.0,remote
1361_6,slab,-367.54487468,2855.351,True,"[6.3970466, 0.0, 0.0, 0.0, 6.3970466, 0.0, 0.0, 0.0, 31.985233]",32.0,1.60625e-06,remote
1362_11,slab,,,False,,,,remote
1362_34,slab,-301.9950532,122459.937,False,"[6.41226993, 0.0, 0.0, 3.20613496, 5.55318865, 3.48384394, 0.0, 0.0, 34.83843937]",36.0,0.37205146666666666,remote
1362_49,slab,,,False,,,,remote
1363_6,slab,-219.97804956,22673.916,True,"[8.82871217, 0.0, -4.41435608, 0.0, 10.52857214, -4.41435608, 0.0, 0.0, 35.31484868]",60.0,0.0,remote
1366_6,slab,-199.70108582,5047.142,True,"[6.4102564, 0.0, 0.0, 0.0, 6.4102564, 0.0, 0.0, 0.0, 32.05128201]",32.0,0.066370953125,remote
1369_0,slab,-155.98939693,18726.881,True,"[7.14706068, 0.0, -7.14706068, -0.0, 7.14706068, -7.14706068, 0.0, 0.0, 50.02942474]",48.0,2.2916666666666667e-08,remote
1370_1,slab,-306.34431505,57686.369,True,"[11.98922744, 0.0, 0.0, 5.99461372, 3.46099185, 3.31404851, 0.0, 0.0, 39.76858208]",45.0,0.015960155555555557,remote
1370_2,slab,-306.69840576,68934.441,True,"[11.98922744, 0.0, 0.0, 5.99461372, 3.46099185, 3.31404851, 0.0, 0.0, 39.76858208]",45.0,2.9753333333333335e-05,remote
1370_7,slab,-430.02606689,79044.413,True,"[11.98922744, 0.0, 0.0, 5.99461372, 3.46099185, 6.62809701, 0.0, 0.0, 56.33882462]",63.0,8.571428571428572e-08,remote
1371_23,slab,-362.60611988,59952.616,True,"[5.19324478, 0.0, 0.0, 0.0, 14.75076864, -5.2813176, 0.0, 0.0, 36.96922317]",72.0,0.0085132375,remote
1372_47,slab,-471.94292825,120398.655,True,"[5.8610566, 0.0, 0.0, 0.0, 14.41592601, -12.40319234, 0.0, 0.0, 48.73617642]",80.0,6.625e-08,remote
1372_59,slab,-464.11226279,66173.065,True,"[19.49447057, 0.0, 5.8610566, 11.07521381, 7.20796301, 0.0, 0.0, 0.0, 29.305283]",80.0,1.25e-09,remote
1372_61,slab,-464.36619063,85885.378,True,"[19.49447057, 0.0, 5.8610566, 11.07521381, 7.20796301, 0.0, 0.0, 0.0, 29.305283]",80.0,1.25e-09,remote
1373_11,slab,-278.88143228,32594.467,True,"[5.65673887, 0.0, 0.0, 5.65673887, 5.65673887, 6.11613479, 0.0, 0.0, 42.81294354]",48.0,1.0570112145833332,remote
1373_1,slab,-366.54912481,94252.45,True,"[3.99991842, 0.0, -3.99991842, -0.0, 12.23226958, -3.99991842, 0.0, 0.0, 39.99918416]",64.0,1.0802374578125,remote
1373_2,slab,-183.32985064,15501.004,True,"[6.11613479, 0.0, 0.0, 0.0, 3.99991842, -3.99991842, 0.0, 0.0, 39.99918416]",32.0,1.0554923,remote
1375_1,slab,-226.12394382,28211.762,True,"[7.05791593, 0.0, -7.05791593, -0.0, 7.05791593, -7.05791593, 0.0, 0.0, 49.40541151]",48.0,0.0,remote
1377_0,slab,-193.93381172,40630.627,True,"[11.18261923, 0.0, -4.34004856, 0.0, 8.17318526, -4.34004856, 0.0, 0.0, 34.72038845]",48.0,0.0,remote
1377_13,slab,-195.85458672,29363.695,True,"[8.17318526, 0.0, 0.0, 0.0, 11.18261923, -4.34004856, 0.0, 0.0, 30.38033989]",48.0,0.0,remote
1380_14,slab,-141.56039943,162384.866,True,"[5.48459316, 0.0, -3.16653134, 0.0, 21.87917231, -6.33306267, 0.0, 0.0, 31.66531336]",48.0,3.1291666666666666e-06,remote
1380_27,slab,,,False,,,,remote
1381_13,slab,-147.32955039,4079.338,True,"[4.15998739, 0.0, 0.0, 0.0, 10.63366984, -4.15998739, 0.0, 0.0, 29.11991176]",30.0,3.333333333333333e-09,remote
1381_3,slab,-388.9485735,161619.672,True,"[4.15998739, 0.0, -4.15998739, -0.0, 21.26733968, -4.15998739, 0.0, 0.0, 41.59987394]",80.0,0.0,remote
1381_4,slab,-194.14211703,16072.141,True,"[10.63366984, 0.0, 0.0, 0.0, 4.15998739, -4.15998739, 0.0, 0.0, 41.59987394]",40.0,0.0,remote
1382_7,slab,-328.98058545,113429.9,True,"[13.38047918, 0.0, 0.0, 6.69023959, 3.86261163, 7.60545839, 0.0, 0.0, 57.04093793]",54.0,0.015291196296296296,remote
1384_23,slab,-250.09738281,22470.934,True,"[3.66146902, 0.0, 0.0, 0.0, 16.40133591, -3.66146902, 0.0, 0.0, 29.29175216]",36.0,0.0,remote
1384_8,slab,-337.27849809,21516.164,True,"[7.32293804, 0.0, -3.66146902, 0.0, 8.20066795, -3.66146902, 0.0, 0.0, 32.95322118]",48.0,0.0,remote
1388_1,slab,-130.06307307,5084.067,True,"[6.27877694, 0.0, -6.27877694, -0.0, 6.27877694, -6.27877694, 0.0, 0.0, 50.23021556]",48.0,2.0833333333333334e-09,remote
1391_19,slab,-203.54139442,3782.474,True,"[4.1998672, 0.0, 0.0, 0.0, 9.80833028, -4.1998672, 0.0, 0.0, 29.39907037]",30.0,0.0,remote
1393_26,slab,-492.27588481,73547.134,True,"[3.43584797, 0.0, 0.0, 0.0, 12.11519104, -13.98941762, 0.0, 0.0, 48.96296168]",54.0,2.0925925925925926e-07,remote
1393_9,slab,-242.02935902,14438.066,True,"[3.43584797, 0.0, 0.0, 0.0, 6.05759552, -10.49206322, 0.0, 0.0, 55.95767049]",27.0,2.222222222222222e-08,remote
1394_4,slab,-448.2046509,42424.773,True,"[3.51701535, 0.0, -3.51701535, -0.0, 15.83939217, -3.51701535, 0.0, 0.0, 42.20418415]",60.0,3.1666666666666667e-07,remote
1395_5,slab,-396.56031461,50433.161,True,"[5.71802906, 0.0, 0.0, 0.0, 11.43605811, -5.71802906, 0.0, 0.0, 28.59014528]",64.0,1.295885125,remote
1407_2,slab,-248.64552456,34896.39,True,"[9.37439682, 0.0, 4.1133538, 13.35119315, 5.01788926, 0.0, 0.0, 0.0, 41.13353798]",48.0,6.458333333333333e-08,remote
1407_58,slab,-374.22930599,129004.003,True,"[8.4200054, 0.0, 5.8225857, 12.82108714, 7.17822892, 18.04783661, 0.0, 0.0, 51.22132163]",72.0,0.0,remote
1408_14,slab,,,False,,,,remote
1408_34,slab,,,False,,,,remote
1408_42,slab,,,False,,,,remote
1409_16,slab,-272.38638657,48046.203,True,"[4.02017166, 0.0, -4.02017166, 0.0, 10.23582616, -8.04034332, 0.0, 0.0, 48.24205991]",50.0,0.31380717199999997,remote
1409_21,slab,-52.76937184,694.629,True,"[4.02017166, 0.0, 0.0, 0.0, 4.02017166, 0.0, 0.0, 0.0, 30.70747847]",10.0,0.23158135999999999,remote
1409_2,slab,,,False,,,,remote
1411_38,slab,-438.93983086,80416.302,True,"[8.49350778, 0.0, 4.50643085, 8.49350778, 5.07357851, -0.0, 0.0, 0.0, 40.55787761]",64.0,1.09375e-08,remote
1411_40,slab,-437.91744502,111633.761,True,"[8.49350778, 0.0, 4.50643085, 8.49350778, 5.07357851, -0.0, 0.0, 0.0, 40.55787761]",64.0,0.0,remote
1411_53,slab,-329.51022577,33743.313,True,"[6.19215936, 0.0, 0.0, 5.82508219, 6.18126944, 5.07357851, 0.0, 0.0, 35.51504958]",48.0,2.0833333333333334e-09,remote
1414_5,slab,-571.77801589,144832.337,True,"[6.35720116, 0.0, -11.0109954, -0.0, 7.42212293, -7.3406636, 0.0, 0.0, 66.06597241]",72.0,0.0,remote
1414_6,slab,-572.51184186,71233.54,True,"[6.35720116, 0.0, -11.0109954, -0.0, 7.42212293, -7.3406636, 0.0, 0.0, 66.06597241]",72.0,1.3888888888888888e-09,remote
1417_14,slab,-204.43576913,9027.484,True,"[5.30169663, 0.0, 0.0, 0.0, 12.88630375, -3.59934179, 0.0, 0.0, 28.79473435]",36.0,2.5e-08,remote
1417_40,slab,-203.92527498,29377.753,True,"[3.59934179, 0.0, 0.0, -0.0, 12.88630375, -10.60339325, 0.0, 0.0, 37.11187639]",36.0,0.019202050000000002,remote
1417_6,slab,-270.87295268,64430.719,True,"[12.88630375, 0.0, 0.0, 0.0, 5.30169663, -3.59934179, 0.0, 0.0, 35.99341794]",48.0,0.06634916458333333,remote
1418_13,slab,-592.92078157,108833.711,True,"[20.40028906, 0.0, 0.0, 5.82865402, 5.04776245, 3.62211214, 0.0, 0.0, 36.22112144]",72.0,1.5027777777777778e-06,remote
1419_3,slab,-159.97902912,16314.672,True,"[6.18860155, 0.0, 0.0, 0.0, 6.18860155, -6.18860155, 0.0, 0.0, 43.32021088]",48.0,0.0,remote
1422_21,slab,,,False,,,,remote
1422_4,slab,-342.45769307,62445.304,True,"[5.76690073, 0.0, 5.76485554, 11.4901402, 12.1998569, 0.0, 0.0, 0.0, 46.11884433]",60.0,0.0,remote
1422_7,slab,-171.47609404,7577.478,True,"[6.7378034, 0.0, 0.0, 2.44926662, 5.22094216, 5.76485554, 0.0, 0.0, 40.35398879]",30.0,0.0,remote
1424_44,slab,-384.54852185,67298.682,True,"[5.76634051, 0.0, 0.0, -0.0, 15.20516007, 6.71454591, 0.0, 0.0, 39.69063802]",80.0,0.0,remote
1424_62,slab,-372.76630461,65110.165,True,"[11.29219341, 0.0, 2.04846833, 16.6952417, 9.91567956, 11.86689299, 0.0, 0.0, 38.84978166]",80.0,0.0,remote
1424_65,slab,-375.26787824,69748.859,True,"[11.29219341, 0.0, 2.04846833, 16.6952417, 9.91567956, 11.86689299, 0.0, 0.0, 38.84978166]",80.0,0.0,remote
1427_5,slab,-399.88327557,44684.447,True,"[3.66386072, 0.0, -3.66386072, -0.0, 14.33584823, -3.66386072, 0.0, 0.0, 36.63860723]",48.0,0.10791317708333333,remote
1428_42,slab,,,False,,,,remote
1428_6,slab,,,False,,,,remote
1428_7,slab,,,False,,,,remote
1429_65,slab,-541.4588586,66650.113,True,"[10.59726073, 0.0, 4.21560963, 26.02776413, 8.83304249, 0.0, 0.0, 0.0, 42.15609634]",80.0,0.0,remote
1429_68,slab,-548.65574666,71591.798,True,"[10.59726073, 0.0, -4.21560963, 16.36127877, 8.83304249, 0.0, 0.0, 0.0, 37.94048671]",80.0,3.775e-07,remote
1429_78,slab,-411.291353,15646.122,True,"[10.59726073, 0.0, 0.0, -4.83324268, 8.83304249, 0.0, 0.0, 0.0, 29.50926744]",60.0,0.012632265,remote
1430_0,slab,-72.35933721,6799.288,True,"[6.7652139, 0.0, -6.7652139, -0.0, 6.7652139, -6.7652139, 0.0, 0.0, 47.35649728]",48.0,3.3333333333333334e-08,remote
1435_13,slab,-317.97997941,69045.955,True,"[6.68611229, 0.0, 0.0, 0.0, 10.03898549, -3.87478305, 0.0, 0.0, 30.99826441]",60.0,0.13295510500000002,remote
1435_22,slab,-317.56262801,88381.803,True,"[7.7495661, 0.0, 5.01949274, 7.7495661, 6.68611229, -0.0, 0.0, 0.0, 40.15594194]",60.0,0.14448177833333334,remote
1435_27,slab,-320.78433881,73910.812,True,"[7.7495661, 0.0, 5.01949274, 3.87478305, 6.68611229, 0.0, 0.0, 0.0, 35.1364492]",60.0,0.09093796,remote
1436_6,slab,-278.7972554,16441.602,True,"[6.13647816, 0.0, 0.0, 0.0, 6.13647816, 0.0, 0.0, 0.0, 30.6823908]",32.0,0.34578418125,remote
1438_3,slab,-298.75920673,49474.217,True,"[3.69021108, 0.0, -3.69021108, 0.0, 20.33535246, -3.69021108, 0.0, 0.0, 36.90211082]",48.0,0.0,remote
1443_1,slab,-173.12436462,78304.863,True,"[3.72891987, 0.0, -6.45867867, -0.0, 18.08674161, -4.30578578, 0.0, 0.0, 55.97521517]",60.0,0.0017205266666666667,remote
1443_3,slab,-135.86134974,35248.021,True,"[7.45783974, 0.0, -8.61157156, 0.0, 9.04337081, -4.30578578, 0.0, 0.0, 43.05785782]",48.0,0.010323645833333334,remote
1443_4,slab,-138.45745407,17833.852,True,"[7.45783974, 0.0, -8.61157156, 0.0, 9.04337081, -4.30578578, 0.0, 0.0, 43.05785782]",48.0,0.0,remote
1444_0,slab,-317.91827914,21981.132,True,"[6.48649421, 0.0, -6.48649421, -0.0, 6.48649421, -6.48649421, 0.0, 0.0, 51.89195369]",48.0,2.0833333333333334e-09,remote
1444_6,slab,-213.51546808,4362.705,True,"[6.48649421, 0.0, 0.0, 0.0, 6.48649421, 0.0, 0.0, 0.0, 32.43247106]",32.0,1.3428125e-05,remote
1456_11,slab,-234.76999424,76160.305,True,"[7.83202399, 0.0, -9.04364232, -0.0, 15.01576609, -4.52182116, 0.0, 0.0, 45.21821159]",80.0,0.0,remote
1462_51,slab,-217.39294086,83335.853,True,"[4.47522254, 0.0, 0.0, 0.0, 16.9456646, -11.26112702, 0.0, 0.0, 45.04450808]",64.0,0.0,remote
1472_0,slab,-222.28720019,29509.527,True,"[4.10253562, 0.0, 4.10253562, 4.10253562, 7.28692505, 0.0, 0.0, 0.0, 41.02535617]",32.0,0.731566103125,remote
1472_10,slab,-167.79101526,5654.645,True,"[4.10253562, 0.0, 0.0, 0.0, 7.28692505, 0.0, 0.0, 0.0, 28.71774932]",24.0,0.7769426083333334,remote
1472_9,slab,-333.87529881,56171.825,True,"[4.10253562, 0.0, 0.0, 0.0, 14.57385009, -4.10253562, 0.0, 0.0, 28.71774932]",48.0,0.76357,remote
1482_52,slab,-207.18359465,38787.093,True,"[4.44278001, 0.0, 0.0, -0.0, 17.31256784, 8.45649925, 0.0, 0.0, 29.59774739]",48.0,2.0833333333333334e-09,remote
1483_0,slab,-496.33145311,22164.729,True,"[6.29082237, 0.0, -6.29082237, -0.0, 6.29082237, -6.29082237, 0.0, 0.0, 50.32657899]",48.0,0.16075745,remote
1483_1,slab,-494.76885685,21425.993,True,"[6.29082237, 0.0, -6.29082237, -0.0, 6.29082237, -6.29082237, 0.0, 0.0, 50.32657899]",48.0,0.23181827291666668,remote
1487_1,slab,-347.8319641,22538.229,True,"[6.1861598, 0.0, -6.1861598, -0.0, 6.1861598, -6.1861598, 0.0, 0.0, 49.48927844]",48.0,0.11480162708333334,remote
1488_1,slab,,,False,,,,remote
1494_29,slab,-655.955532,55535.37,True,"[4.55472138, 0.0, -3.20906027, -0.0, 13.614145, -6.41812053, 0.0, 0.0, 38.5087232]",60.0,0.0,remote
1494_30,slab,-656.03903182,72419.667,True,"[4.55472138, 0.0, -3.20906027, -0.0, 13.614145, -6.41812053, 0.0, 0.0, 38.5087232]",60.0,0.0,remote
1494_31,slab,-521.12652671,73848.932,True,"[4.55472138, 0.0, 0.0, 0.0, 13.614145, -6.41812053, 0.0, 0.0, 32.09060267]",48.0,0.0,remote
1496_17,slab,-251.4736806,20616.332,True,"[4.20881024, 0.0, -4.20881024, -0.0, 10.43758736, -8.41762048, 0.0, 0.0, 42.08810239]",40.0,0.0,remote
1497_10,slab,-401.46308667,77678.083,True,"[9.418896, 0.0, 0.0, 4.7322093, 8.67990768, 3.98558924, 0.0, 0.0, 31.88471388]",60.0,0.05354309333333333,remote
1497_20,slab,-403.19412662,49117.277,True,"[9.88608124, 0.0, -3.98558924, 5.37750133, 8.26972243, 0.0, 0.0, 0.0, 31.88471388]",60.0,0.110510225,remote
1497_72,slab,-551.139942,101257.223,True,"[3.98558924, 0.0, 0.0, 0.0, 17.35981537, -0.04552261, 0.0, 0.0, 37.67558398]",80.0,0.0392026075,remote
1498_1,slab,-195.72205255,9594.962,True,"[6.08895082, 0.0, -6.08895082, -0.0, 6.08895082, -6.08895082, 0.0, 0.0, 48.71160659]",48.0,2.0833333333333334e-09,remote
1499_12,slab,-326.8871313,50361.896,True,"[4.10246729, 0.0, 0.0, 0.0, 21.70175002, -4.11415295, 0.0, 0.0, 28.79907062]",60.0,1.6666666666666665e-09,remote
1499_9,slab,-326.62228971,69593.862,True,"[4.10246729, 0.0, 0.0, 0.0, 21.70175002, -4.11415295, 0.0, 0.0, 28.79907062]",60.0,0.0,remote
1502_43,slab,-344.07617451,28445.363,True,"[10.82835114, 0.0, 0.0, 2.98936231, 7.47017018, 7.03444507, 0.0, 0.0, 35.17222535]",64.0,0.0001539828125,remote
1503_46,slab,-451.72777341,33401.548,True,"[11.40233074, 0.0, 0.0, 0.0, 6.58313872, -3.91598859, 0.0, 0.0, 31.3279087]",54.0,0.0,remote
1503_51,slab,-452.40013372,57325.519,True,"[6.58313872, 0.0, 0.0, 6.58313872, 11.40233074, 3.91598859, 0.0, 0.0, 31.3279087]",54.0,0.0,remote
1503_52,slab,-452.88892344,60079.322,True,"[6.58313872, 0.0, 0.0, 6.58313872, 11.40233074, 3.91598859, 0.0, 0.0, 31.3279087]",54.0,0.0,remote
1505_3,slab,-188.84346734,11168.97,True,"[6.1088037, 0.0, 0.0, 0.0, 6.1088037, -6.1088037, 0.0, 0.0, 42.76162589]",48.0,2.0833333333333334e-09,remote
1505_5,slab,-248.02034037,74326.718,True,"[6.1088037, 0.0, 0.0, 0.0, 12.2176074, -6.1088037, 0.0, 0.0, 30.5440185]",64.0,0.0,remote
1506_42,slab,-266.80317824,13790.83,True,"[4.00602155, 0.0, 0.0, -0.0, 20.62505675, 5.72079314, 0.0, 0.0, 28.6039657]",48.0,2.0833333333333334e-09,remote
1507_47,slab,-334.54941274,26303.062,True,"[4.01417962, 0.0, 0.0, 0.0, 13.40015673, -9.54886921, 0.0, 0.0, 38.19547685]",64.0,1.5625e-09,remote
1507_57,slab,-329.84263675,38288.741,True,"[4.01417962, 0.0, 0.0, -0.0, 19.09773842, 6.70007837, 0.0, 0.0, 33.50039183]",64.0,9.375e-09,remote
1514_3,slab,-323.18927009,91205.196,True,"[4.31387479, 0.0, -4.31387479, -0.0, 19.84334819, -4.31387479, 0.0, 0.0, 38.82487315]",64.0,0.0,remote
1516_19,slab,-361.64987553,29323.744,True,"[3.79055058, 0.0, -3.79055058, 0.0, 14.89476626, -7.58110117, 0.0, 0.0, 37.90550584]",48.0,0.037526510416666665,remote
1516_20,slab,-362.78309615,33903.035,True,"[3.79055058, 0.0, -3.79055058, 0.0, 14.89476626, -7.58110117, 0.0, 0.0, 37.90550584]",48.0,0.07229352083333333,remote
1516_2,slab,-365.26143874,20184.002,True,"[3.79055058, 0.0, -3.79055058, -0.0, 14.89476626, -3.79055058, 0.0, 0.0, 37.90550584]",48.0,0.06062007916666667,remote
1517_50,slab,-394.89822416,77406.144,True,"[10.53154012, 0.0, 3.4707157, 5.29849944, 5.92490705, 0.0, 0.0, 0.0, 31.23644127]",64.0,0.2189659828125,remote
1517_6,slab,,,False,,,,remote
1517_78,slab,-393.70496031,147164.835,True,"[5.26577006, 0.0, 0.0, -0.06545876, 11.84981409, -3.4707157, 0.0, 0.0, 31.23644127]",64.0,0.2209010796875,remote
1518_34,slab,,,False,,,,remote
1518_44,slab,,,False,,,,remote
1518_46,slab,,,False,,,,remote
1519_2,slab,-186.77768043,9973.766,True,"[6.34329845, 0.0, -6.34329845, -0.0, 6.34329845, -6.34329845, 0.0, 0.0, 50.74638757]",48.0,0.0,remote
1522_3,slab,-257.4829249,6465.137,True,"[6.21003403, 0.0, 0.0, 0.0, 6.21003403, -6.21003403, 0.0, 0.0, 43.47023822]",48.0,2.0833333333333336e-07,remote
1523_54,slab,,,False,,,,remote
1524_10,slab,-255.92281053,20553.528,True,"[5.25416886, 0.0, 0.0, 0.0, 7.1148449, -5.0960857, 0.0, 0.0, 35.67259988]",36.0,1.0000836916666667,remote
1529_0,slab,-185.32822689,32667.297,True,"[6.97825756, 0.0, -6.97825756, -0.0, 6.97825756, -6.97825756, 0.0, 0.0, 48.84780294]",48.0,0.0,remote
1530_0,slab,-430.46737237,35089.618,True,"[6.08974513, 0.0, 6.08974513, 6.08974513, 6.08974513, -0.0, 0.0, 0.0, 48.71796105]",48.0,0.11089971666666666,remote
1532_6,slab,,,False,,,,remote
1534_6,slab,-212.27358035,3047.523,True,"[6.37140713, 0.0, 0.0, 0.0, 6.37140713, 0.0, 0.0, 0.0, 31.85703566]",32.0,0.04445286875,remote
1535_15,slab,-240.04538617,11552.766,True,"[2.76072908, 0.0, 0.0, 0.0, 14.05327412, -7.02663706, 0.0, 0.0, 35.1331853]",40.0,0.0,remote
1535_3,slab,-359.11870772,28707.345,True,"[9.93716543, 0.0, 0.0, 4.96858271, 4.96858271, 5.52145815, 0.0, 0.0, 41.41093613]",60.0,0.0,remote
1536_22,slab,-157.17705498,29464.548,True,"[5.01698811, 0.0, -2.89655944, -0.0, 27.13235679, -5.79311888, 0.0, 0.0, 40.55183213]",63.0,0.0,remote
1536_40,slab,-152.18343185,91217.18,True,"[5.01698811, 0.0, -2.89655944, 0.0, 27.13235679, 11.58623775, 0.0, 0.0, 40.55183213]",63.0,0.04196727936507936,remote
1536_41,slab,-153.59027765,51836.072,True,"[5.01698811, 0.0, -2.89655944, 0.0, 27.13235679, 11.58623775, 0.0, 0.0, 40.55183213]",63.0,1.5873015873015873e-09,remote
1537_11,slab,-228.40218434,13759.367,True,"[3.56948539, 0.0, 0.0, 0.0, 6.70777716, -11.61821085, 0.0, 0.0, 54.21831731]",27.0,0.03121265185185185,remote
1540_0,slab,-330.64475345,9295.62,True,"[5.9157063, 0.0, -5.9157063, -0.0, 5.9157063, -5.9157063, 0.0, 0.0, 47.32565037]",48.0,1.0666666666666667e-06,remote
1541_6,slab,-224.44138959,8981.669,True,"[6.33578754, 0.0, 0.0, 0.0, 6.33578754, 0.0, 0.0, 0.0, 31.67893769]",32.0,9.6875e-08,remote
1543_5,slab,-467.242999,105832.34,True,"[5.91186847, 0.0, 0.0, 0.0, 11.82373694, -5.91186847, 0.0, 0.0, 29.55934236]",64.0,0.259778925,remote
1544_0,slab,-362.00594191,28316.637,True,"[6.50118845, 0.0, -6.50118845, -0.0, 6.50118845, -6.50118845, 0.0, 0.0, 45.50831913]",48.0,6.25e-09,remote
1544_1,slab,-361.2440297,32549.134,True,"[6.50118845, 0.0, -6.50118845, -0.0, 6.50118845, -6.50118845, 0.0, 0.0, 45.50831913]",48.0,3.125e-08,remote
1544_6,slab,-240.81748873,3153.764,True,"[6.50118845, 0.0, 0.0, 0.0, 6.50118845, 0.0, 0.0, 0.0, 32.50594224]",32.0,5e-08,remote
1548_18,slab,,,False,,,,remote
1548_19,slab,,,False,,,,remote
1548_8,slab,,,False,,,,remote
1549_8,slab,-180.55294973,20729.934,True,"[6.58290569, 0.0, 0.0, 0.0, 13.16581138, -6.58290569, 0.0, 0.0, 32.91452846]",64.0,0.0,remote
1550_14,slab,-301.38081586,63245.628,True,"[20.11532715, 0.0, 0.0, 5.74723633, 4.97725266, 4.11391474, 0.0, 0.0, 37.02523266]",72.0,0.0,remote
1550_18,slab,-301.24754003,63088.817,True,"[20.11532715, 0.0, 0.0, 5.74723633, 4.97725266, 4.11391474, 0.0, 0.0, 37.02523266]",72.0,0.0,remote
1550_47,slab,-223.70548279,32691.026,True,"[13.16857276, 0.0, 0.0, 0.0, 7.60287903, -4.11391474, 0.0, 0.0, 32.91131792]",54.0,0.0,remote
1552_9,slab,-230.23054699,19490.906,True,"[5.48381348, 0.0, 0.0, 0.0, 7.06168927, -8.15413641, 0.0, 0.0, 40.77068203]",48.0,4.166666666666667e-09,remote
1556_0,slab,-93.20307243,28951.68,True,"[8.45847127, 0.0, -8.45847127, -0.0, 8.45847127, -8.45847127, 0.0, 0.0, 59.20929888]",48.0,2.0833333333333334e-09,remote
1557_6,slab,-287.173121,17246.844,True,"[6.21242409, 0.0, 0.0, 0.0, 6.21242409, 0.0, 0.0, 0.0, 31.06212043]",32.0,0.449434115625,remote
1558_0,slab,-224.97486099,26057.708,True,"[3.56880758, 0.0, -3.56880758, 0.0, 7.12300227, -3.56880758, 0.0, 0.0, 42.82569091]",40.0,0.0,remote
1565_5,slab,-395.75824729,48901.339,True,"[5.97103878, 0.0, 0.0, 0.0, 11.94207756, -5.97103878, 0.0, 0.0, 29.85519391]",64.0,1.50203125e-05,remote
1568_6,slab,-199.49448268,11304.726,True,"[6.27529735, 0.0, 0.0, 0.0, 6.27529735, 0.0, 0.0, 0.0, 31.37648676]",32.0,0.302727815625,remote
1571_18,slab,,,False,,,,remote
1571_2,slab,-363.350253,58012.331,True,"[3.74600615, 0.0, -3.74600615, -0.0, 14.56330084, -3.74600615, 0.0, 0.0, 37.46006147]",48.0,6.4541666666666666e-06,remote
1571_5,slab,-365.68741929,51541.317,True,"[14.56330084, 0.0, 0.0, 0.0, 3.74600615, -3.74600615, 0.0, 0.0, 37.46006147]",48.0,0.04002034375,remote
1572_11,slab,,,False,,,,remote
1572_17,slab,,,False,,,,remote
1572_4,slab,,,False,,,,remote
1576_11,slab,-173.23972297,117402.095,True,"[9.23324194, 0.0, -4.61662097, 0.0, 16.04867528, -4.61662097, 0.0, 0.0, 32.31634678]",72.0,0.05233920833333333,remote
1576_13,slab,-174.87278904,129526.158,True,"[9.23324194, 0.0, -4.61662097, 0.0, 16.04867528, -4.61662097, 0.0, 0.0, 32.31634678]",72.0,0.01624177361111111,remote
1577_6,slab,,,False,,,,remote
1579_1,slab,-171.83782018,11922.344,True,"[7.12231416, 0.0, -7.12231416, -0.0, 7.12231416, -7.12231416, 0.0, 0.0, 49.85619913]",48.0,0.06247164166666667,remote
1579_3,slab,-114.22208206,8265.519,True,"[7.12231416, 0.0, 0.0, 0.0, 7.12231416, -7.12231416, 0.0, 0.0, 35.61157081]",32.0,0.178225278125,remote
1581_19,slab,,,False,,,,remote
1582_26,slab,-154.69961221,4730.247,True,"[6.4900941, 0.0, 0.0, 0.0, 6.4900941, 0.0, 0.0, 0.0, 25.98372365]",28.0,0.12624545357142858,remote
1588_1,slab,-338.03807943,16360.075,True,"[5.95943595, 0.0, -5.95943595, -0.0, 5.95943595, -5.95943595, 0.0, 0.0, 47.67548762]",48.0,0.18760213333333334,remote
1593_0,slab,-95.95000776,11345.792,True,"[6.49718245, 0.0, -6.49718245, -0.0, 6.49718245, -6.49718245, 0.0, 0.0, 45.48027715]",48.0,0.0,remote
1593_5,slab,-128.14281952,11841.093,True,"[6.49718245, 0.0, 0.0, 0.0, 12.9943649, -6.49718245, 0.0, 0.0, 32.48591225]",64.0,0.0,remote
1594_0,slab,-162.37169007,16185.35,True,"[6.62755607, 0.0, -6.62755607, -0.0, 6.62755607, -6.62755607, 0.0, 0.0, 46.39289246]",48.0,0.0,remote
1602_26,slab,-158.82010657,3826.743,True,"[6.46533681, 0.0, 0.0, 0.0, 6.46533681, 0.0, 0.0, 0.0, 25.96909148]",28.0,0.12214196428571429,remote
1604_6,slab,-249.64175444,68537.751,True,"[7.28882609, 0.0, -8.41641141, 0.0, 7.59651447, -4.2082057, 0.0, 0.0, 42.08205703]",48.0,2.0833333333333334e-09,remote
1605_14,slab,-256.79110669,11002.349,True,"[8.12789024, 0.0, 0.0, -0.0, 5.24909739, -5.11586884, 0.0, 0.0, 40.92695072]",48.0,2.0833333333333334e-09,remote
1605_34,slab,-175.49144828,2533.994,True,"[5.11586884, 0.0, 0.0, 0.0, 5.24909739, 0.0, 0.0, 0.0, 32.51156097]",32.0,3.125e-09,remote
1607_1,slab,-473.19172754,19959.592,True,"[6.39251793, 0.0, -6.39251793, -0.0, 6.39251793, -6.39251793, 0.0, 0.0, 51.14014346]",48.0,1.2916666666666667e-07,remote
1608_1,slab,-255.11970168,13240.684,True,"[6.00229578, 0.0, -6.00229578, -0.0, 6.00229578, -6.00229578, 0.0, 0.0, 48.01836624]",48.0,2.645833333333333e-07,remote
1609_0,slab,-305.52239668,43233.893,True,"[9.68104529, 0.0, -5.58184815, -0.0, 7.67703586, -5.63333961, 0.0, 0.0, 39.07293704]",54.0,3.148148148148148e-08,remote
1609_35,slab,-409.71673624,37995.308,True,"[9.68104529, 0.0, 0.0, 0.0, 15.35407172, -5.68483106, 0.0, 0.0, 27.90924074]",72.0,2.7777777777777776e-09,remote
1609_56,slab,-407.18121638,85032.068,True,"[11.17489441, 0.0, 0.03743776, 5.57600386, 9.6711266, 7.75208406, 0.0, 0.0, 38.38604271]",72.0,0.0,remote
1610_84,slab,-332.32355139,34947.783,True,"[9.78868582, 0.0, -2.18442288, 0.0, 11.60006518, 7.79170635, 0.0, 0.0, 38.95853175]",80.0,0.0,remote
1610_86,slab,-331.06951981,41992.923,True,"[9.78868582, 0.0, -2.18442288, 0.0, 11.60006518, 7.79170635, 0.0, 0.0, 38.95853175]",80.0,0.0,remote
1615_32,slab,,,False,,,,remote
1615_33,slab,,,False,,,,remote
1615_40,slab,-192.31600999,19441.814,True,"[4.29065514, 0.0, 0.0, -0.0, 16.4290333, 8.16658685, 0.0, 0.0, 32.6663474]",36.0,2.7777777777777776e-09,remote
1618_6,slab,-336.89238828,6378.568,True,"[6.4531014, 0.0, 0.0, 0.0, 6.4531014, 0.0, 0.0, 0.0, 32.26550699]",32.0,0.12278226875,remote
1620_64,slab,,,False,,,,remote
1620_65,slab,-134.61018142,79901.347,True,"[20.26143921, 0.0, -5.50112075, 8.76408349, 9.31424516, 0.0, 0.0, 0.0, 27.50560373]",72.0,0.0,remote
1621_3,slab,-471.0012667,11394.513,True,"[6.38897905, 0.0, 0.0, 0.0, 6.38897905, -6.38897905, 0.0, 0.0, 44.72285337]",48.0,2.9166666666666666e-08,remote
1626_0,slab,-267.47347487,29789.48,True,"[5.55491778, 0.0, -5.55491778, 0.0, 8.02963028, -5.55491778, 0.0, 0.0, 44.43934224]",48.0,0.0,remote
1626_29,slab,-179.11752004,4759.479,True,"[5.55491778, 0.0, 0.0, 0.0, 8.02963028, 0.0, 0.0, 0.0, 27.7745889]",32.0,0.0,remote
1626_35,slab,-360.3280984,49180.46,True,"[5.55491778, 0.0, 0.0, -0.0, 11.10983556, 8.02963028, 0.0, 0.0, 40.14815138]",64.0,1.5625e-09,remote
1628_50,slab,-271.68562423,71865.514,True,"[4.48521764, 0.0, 0.0, 0.0, 14.98966849, -11.33024935, 0.0, 0.0, 45.32099739]",64.0,0.0,remote
1628_9,slab,-201.18198878,23649.811,True,"[7.49483425, 0.0, 0.0, 0.0, 11.33024935, -4.48521764, 0.0, 0.0, 31.3965235]",48.0,0.0,remote
1630_17,slab,-152.2832982,26602.395,True,"[4.28914252, 0.0, -4.28914252, -0.0, 10.3077677, -8.57828504, 0.0, 0.0, 42.8914252]",40.0,0.0,remote
1637_5,slab,-417.91571111,15365.02,True,"[6.4168481, 0.0, 0.0, 0.0, 12.8336962, -6.4168481, 0.0, 0.0, 32.0842405]",64.0,1.5625e-09,remote
1638_22,slab,,,False,,,,remote
1638_51,slab,,,False,,,,remote
1638_60,slab,,,False,,,,remote
1646_1,slab,-203.79873731,5187.548,True,"[6.06034384, 0.0, -6.06034384, -0.0, 6.06034384, -6.06034384, 0.0, 0.0, 48.4827507]",48.0,2.0833333333333334e-09,remote
1651_6,slab,,,False,,,,remote
1652_7,slab,-400.06234758,100037.055,True,"[13.87585298, 0.0, 0.0, 6.93792649, 4.00561373, 6.96389561, 0.0, 0.0, 52.22921705]",54.0,0.016992922222222224,remote
1653_3,slab,-274.81124335,11561.327,True,"[6.14078356, 0.0, 0.0, 0.0, 6.14078356, -6.14078356, 0.0, 0.0, 42.9854849]",48.0,2.0833333333333334e-09,remote
1656_0,slab,-105.06255709,51066.71,True,"[8.19060264, 0.0, 8.19060264, 8.19060264, 8.19060264, -0.0, 0.0, 0.0, 57.33421847]",48.0,0.0,remote
1659_1,slab,-363.78765405,29328.553,True,"[6.58846029, 0.0, -6.58846029, -0.0, 6.58846029, -6.58846029, 0.0, 0.0, 46.11922203]",48.0,1.5208333333333334e-07,remote
1659_3,slab,-365.69341172,49052.814,True,"[6.58846029, 0.0, 0.0, 0.0, 6.58846029, -6.58846029, 0.0, 0.0, 46.11922203]",48.0,0.03236647708333334,remote
1664_45,slab,-455.44163116,74088.48,True,"[7.75406438, 0.0, 0.0, 7.75406438, 13.43043348, 3.56676004, 0.0, 0.0, 28.53408034]",54.0,1.1424074074074073e-05,remote
1664_7,slab,-455.85809564,49988.679,True,"[13.43043348, 0.0, 0.0, 6.71521674, 3.87703219, 7.13352009, 0.0, 0.0, 53.50140065]",54.0,2.0570370370370367e-05,remote
1665_0,slab,-534.53384364,13617.288,True,"[6.37682544, 0.0, -6.37682544, 0.0, 6.37682544, -6.37682544, 0.0, 0.0, 51.01460351]",48.0,2.083333333333333e-08,remote
1666_3,slab,-303.51946016,16029.785,True,"[3.98025299, 0.0, -3.98025299, 0.0, 14.35587134, -3.98025299, 0.0, 0.0, 39.80252992]",56.0,0.0,remote
1668_1,slab,-174.31297679,9274.034,True,"[6.02172832, 0.0, -6.02172832, -0.0, 6.02172832, -6.02172832, 0.0, 0.0, 48.17382657]",48.0,2.0833333333333334e-09,remote
1675_0,slab,-265.01086357,9360.943,True,"[6.33705022, 0.0, -6.33705022, -0.0, 6.33705022, -6.33705022, 0.0, 0.0, 50.69640177]",36.0,0.11262733055555556,remote
1678_3,slab,-370.19785628,70073.615,True,"[3.80428996, 0.0, -3.80428996, 0.0, 18.19594087, -3.80428996, 0.0, 0.0, 38.04289959]",64.0,3.125e-09,remote
1678_4,slab,-368.53476217,146501.526,True,"[3.80428996, 0.0, -3.80428996, 0.0, 18.19594087, -3.80428996, 0.0, 0.0, 38.04289959]",64.0,0.0,remote
1678_5,slab,-370.33293202,71339.386,True,"[3.80428996, 0.0, -3.80428996, 0.0, 18.19594087, -3.80428996, 0.0, 0.0, 38.04289959]",64.0,0.0,remote
1679_6,slab,-271.00055363,5309.083,True,"[6.03924331, 0.0, 0.0, 0.0, 6.03924331, 0.0, 0.0, 0.0, 30.19621655]",32.0,5e-08,remote
1681_0,slab,-157.33285708,5529.305,True,"[6.48583848, 0.0, -6.48583848, -0.0, 6.48583848, -6.48583848, 0.0, 0.0, 51.88670786]",48.0,0.0,remote
1684_16,slab,-284.10744823,20346.553,True,"[3.68732292, 0.0, 0.0, 0.0, 14.48452581, -3.68732292, 0.0, 0.0, 29.49858337]",36.0,0.000139,remote
1684_17,slab,-284.87136315,20745.005,True,"[3.68732292, 0.0, 0.0, 0.0, 14.48452581, -3.68732292, 0.0, 0.0, 29.49858337]",36.0,1.5111111111111112e-06,remote
1684_3,slab,-381.73595919,35109.018,True,"[3.68732292, 0.0, -3.68732292, -0.0, 14.48452581, -3.68732292, 0.0, 0.0, 36.87322921]",48.0,0.16210865833333335,remote
1685_1,slab,-198.89368433,5494.842,True,"[6.03242983, 0.0, 6.03242983, 6.03242983, 6.03242983, -0.0, 0.0, 0.0, 48.25943863]",48.0,8.333333333333334e-09,remote
1686_13,slab,-166.89899625,7228.693,True,"[3.945392, 0.0, 0.0, 0.0, 10.74061958, -3.945392, 0.0, 0.0, 31.56313596]",30.0,1e-08,remote
1686_14,slab,-333.25164995,127922.529,True,"[3.945392, 0.0, 0.0, 0.0, 21.48123917, -3.945392, 0.0, 0.0, 27.61774397]",60.0,0.021878523333333334,remote
1686_6,slab,-329.21924437,40646.54,True,"[7.89078399, 0.0, -3.945392, -0.0, 10.74061958, -3.945392, 0.0, 0.0, 31.56313596]",60.0,0.023160823333333334,remote
1687_1,slab,-214.74002626,5232.91,True,"[6.24445304, 0.0, -6.24445304, -0.0, 6.24445304, -6.24445304, 0.0, 0.0, 49.95562431]",48.0,8.333333333333334e-09,remote
1690_5,slab,-719.83255856,23679.176,True,"[6.4047988, 0.0, 0.0, 0.0, 12.8095976, -6.4047988, 0.0, 0.0, 32.023994]",64.0,3.125e-09,remote
1694_11,slab,-167.31617504,3282.744,True,"[4.36085985, 0.0, 0.0, 0.0, 10.16392901, -4.36085985, 0.0, 0.0, 30.52601895]",30.0,3.333333333333333e-09,remote
1695_1,slab,-235.39240937,55847.078,True,"[12.3652887, 0.0, 0.0, 6.18264435, 3.56955138, 3.60711219, 0.0, 0.0, 36.07112189]",36.0,0.015297444444444443,remote
1701_10,slab,-182.44864658,25538.071,True,"[8.17411989, 0.0, 0.0, 0.0, 11.76357683, -4.49226809, 0.0, 0.0, 31.44587665]",48.0,0.0,remote
1703_6,slab,-247.88298151,9433.885,True,"[5.9134586, 0.0, 0.0, 0.0, 5.9134586, 0.0, 0.0, 0.0, 29.56729302]",32.0,0.330652003125,remote
1708_14,slab,-534.33139829,136795.369,True,"[20.63002071, 0.0, 0.0, 5.89429163, 5.10460629, 3.66804316, 0.0, 0.0, 36.6804316]",72.0,0.044653230555555555,remote
1708_48,slab,-397.583449,36412.051,True,"[7.79741491, 0.0, 0.0, 7.79741491, 13.50551879, 3.66804316, 0.0, 0.0, 29.34434528]",54.0,0.019582333333333337,remote
1708_4,slab,-266.07190995,29216.041,True,"[13.50551879, 0.0, 0.0, 6.75275939, 3.89870745, 3.66804316, 0.0, 0.0, 36.6804316]",36.0,0.0016905305555555555,remote
1711_3,slab,-182.93250657,13113.465,True,"[7.00649674, 0.0, 0.0, 0.0, 7.00649674, -7.00649674, 0.0, 0.0, 49.04547718]",48.0,8.333333333333334e-09,remote
1711_5,slab,-240.64611881,71311.241,True,"[7.00649674, 0.0, 0.0, 0.0, 14.01299348, -7.00649674, 0.0, 0.0, 35.0324837]",64.0,0.0,remote
1712_31,slab,-305.6332209,23734.243,True,"[8.54579886, 0.0, 0.0, -0.0, 8.54579886, 4.63139183, 0.0, 0.0, 32.41974278]",54.0,0.0,remote
1713_18,slab,,,False,,,,remote
1713_22,slab,-350.28060439,42406.263,True,"[8.71081095, 0.0, 0.0, 0.0, 5.82857741, -2.91428871, 0.0, 0.0, 29.14288706]",48.0,0.24380276041666668,remote
1714_50,slab,-381.74281582,22349.143,True,"[6.03063935, 0.0, -3.48179125, 0.0, 8.32921082, 6.9635825, 0.0, 0.0, 48.74507752]",72.0,0.0,remote
1714_54,slab,-381.87879739,28978.896,True,"[6.03063935, 0.0, -3.48179125, 0.0, 8.32921082, 6.9635825, 0.0, 0.0, 48.74507752]",72.0,0.0,remote
1714_56,slab,-381.6324877,25707.609,True,"[6.03063935, 0.0, -3.48179125, 0.0, 8.32921082, 6.9635825, 0.0, 0.0, 48.74507752]",72.0,0.0,remote
1719_3,slab,-360.13971365,23475.09,True,"[6.26293973, 0.0, 0.0, 0.0, 6.26293973, -6.26293973, 0.0, 0.0, 43.8405781]",48.0,0.0,remote
1720_2,slab,-217.66869992,8215.382,True,"[3.19424034, 0.0, 3.19424034, 3.19424034, 8.07830149, 0.0, 0.0, 0.0, 38.33088404]",30.0,0.0019261333333333334,remote
1722_5,slab,-224.99991303,21746.677,True,"[6.48862756, 0.0, 0.0, 0.0, 12.97725512, -6.48862756, 0.0, 0.0, 32.44313781]",64.0,0.0,remote
1724_6,slab,-153.24162858,2612.982,True,"[5.47340272, 0.0, 0.0, 0.0, 5.47340272, 0.0, 0.0, 0.0, 27.36701362]",32.0,0.0,remote
1726_42,slab,-292.25510248,163730.197,True,"[16.01458686, 0.0, 0.0, 5.39749614, 11.98934431, 6.08357801, 0.0, 0.0, 30.41789007]",80.0,0.10015197125,remote
1726_43,slab,,,False,,,,remote
1726_44,slab,-292.01870831,154473.112,True,"[14.60300164, 0.0, 0.0, -0.0, 13.14828284, 6.08357801, 0.0, 0.0, 30.41789007]",80.0,0.07249907,remote
1728_15,slab,-185.0804066,95011.755,True,"[3.62865068, 0.0, -2.09500245, -0.0, 33.2285703, -4.1900049, 0.0, 0.0, 33.52003918]",72.0,1.3888888888888888e-09,remote
1728_27,slab,-184.98729492,106272.445,True,"[3.62865068, 0.0, -2.09500245, 0.0, 33.2285703, 4.1900049, 0.0, 0.0, 33.52003918]",72.0,0.007473080555555556,remote
1728_37,slab,-180.56776875,101569.478,True,"[3.62865068, 0.0, -2.09500245, 0.0, 33.2285703, 8.38000979, 0.0, 0.0, 33.52003918]",72.0,0.05263321388888889,remote
1736_12,slab,-255.31383262,57354.612,True,"[21.76951933, 0.0, -3.9788227, 0.0, 4.51841561, -3.9788227, 0.0, 0.0, 39.78822701]",64.0,0.0,remote
1737_1,slab,-288.76247024,8798.495,True,"[6.34623809, 0.0, -6.34623809, -0.0, 6.34623809, -6.34623809, 0.0, 0.0, 50.76990471]",48.0,2.0833333333333334e-09,remote
1738_6,slab,-229.52062279,3742.863,True,"[6.52936464, 0.0, 0.0, 0.0, 6.52936464, 0.0, 0.0, 0.0, 32.64682318]",32.0,4.6875e-08,remote
1741_0,slab,-383.33200833,7558.264,True,"[6.325534, 0.0, -6.325534, -0.0, 6.325534, -6.325534, 0.0, 0.0, 50.60427203]",48.0,0.0,remote
1747_6,slab,-229.03976331,5477.121,True,"[6.11665706, 0.0, 0.0, 0.0, 6.11665706, 0.0, 0.0, 0.0, 30.58328532]",32.0,1.875e-08,remote
1748_14,slab,-373.68156654,36037.69,True,"[5.54687355, 0.0, 0.0, 0.0, 19.87621174, -3.95615254, 0.0, 0.0, 27.69306777]",72.0,2.7777777777777776e-09,remote
1748_16,slab,-374.04193479,28834.39,True,"[5.54687355, 0.0, 0.0, 0.0, 19.87621174, -3.95615254, 0.0, 0.0, 27.69306777]",72.0,6.944444444444444e-09,remote
1749_0,slab,-60.31684623,8743.997,True,"[6.86305688, 0.0, -6.86305688, -0.0, 6.86305688, -6.86305688, 0.0, 0.0, 48.04139819]",48.0,2.0833333333333334e-09,remote
1749_1,slab,-61.37877571,11655.392,True,"[6.86305688, 0.0, -6.86305688, -0.0, 6.86305688, -6.86305688, 0.0, 0.0, 48.04139819]",48.0,0.0,remote
1752_6,slab,-143.71775232,2098.583,True,"[6.74629233, 0.0, 0.0, 0.0, 6.74629233, 0.0, 0.0, 0.0, 33.73146164]",32.0,3.23875e-05,remote
1758_12,slab,-146.90289285,4364.289,True,"[4.44300769, 0.0, 0.0, 0.0, 10.349529, -4.44300769, 0.0, 0.0, 31.10105384]",30.0,0.0,remote
1758_16,slab,-193.30029762,31762.147,True,"[4.44300769, 0.0, -4.44300769, -0.0, 10.349529, -8.88601538, 0.0, 0.0, 44.43007692]",40.0,0.0,remote
1759_27,slab,-231.76466662,9925.844,True,"[10.19566911, 0.0, 0.0, 0.0, 6.69547243, 0.0, 0.0, 0.0, 28.7490658]",48.0,2.0833333333333334e-09,remote
1759_49,slab,-314.35522096,53658.515,True,"[4.1070094, 0.0, 0.0, 0.0, 13.39094485, -10.19566911, 0.0, 0.0, 40.78267645]",64.0,7.8125e-09,remote
1760_29,slab,-396.3108063,71133.479,True,"[18.25289868, 0.0, 0.0, 1.75586627, 3.59746553, 3.97987912, 0.0, 0.0, 39.79879115]",64.0,0.0,remote
1760_30,slab,-397.82996875,57287.395,True,"[18.25289868, 0.0, 0.0, 1.75586627, 3.59746553, 3.97987912, 0.0, 0.0, 39.79879115]",64.0,0.0,remote
1761_0,slab,-533.4351588,16946.452,True,"[6.25709917, 0.0, -6.25709917, -0.0, 6.25709917, -6.25709917, 0.0, 0.0, 50.05679339]",48.0,5.25625e-06,remote
1761_1,slab,-536.02054417,17154.939,True,"[6.25709917, 0.0, -6.25709917, -0.0, 6.25709917, -6.25709917, 0.0, 0.0, 50.05679339]",48.0,1.0416666666666666e-08,remote
1766_6,slab,-164.45987649,2668.299,True,"[5.67128001, 0.0, 0.0, 0.0, 5.67128001, 0.0, 0.0, 0.0, 28.35640007]",32.0,0.0,remote
1767_5,slab,-307.6476179,43559.622,True,"[6.91572806, 0.0, -7.98559491, -0.0, 9.93414147, -3.99279746, 0.0, 0.0, 39.92797457]",64.0,1.5625e-09,remote
1768_73,slab,-346.43853524,73228.013,True,"[5.6064656, 0.0, 0.0, -0.0, 20.09033007, 15.60856675, 0.0, 0.0, 46.82570024]",80.0,0.0,remote
1775_3,slab,-382.53344247,14819.338,True,"[6.2623498, 0.0, 0.0, 0.0, 6.2623498, -6.2623498, 0.0, 0.0, 43.83644859]",48.0,4.166666666666667e-09,remote
1776_17,slab,-230.70650248,76100.2,True,"[4.06916633, 0.0, -4.06916633, 0.0, 14.90737247, -8.13833267, 0.0, 0.0, 40.69166333]",40.0,0.0,remote
1776_4,slab,,,False,,,,remote
1778_5,slab,-498.59356479,68925.497,True,"[6.12378974, 0.0, 0.0, 0.0, 12.24757948, -6.12378974, 0.0, 0.0, 30.61894869]",64.0,6.53265625e-05,remote
1778_6,slab,,,False,,,,remote
1781_0,slab,-491.26010294,22495.916,True,"[6.32481145, 0.0, -6.32481145, -0.0, 6.32481145, -6.32481145, 0.0, 0.0, 50.59849164]",48.0,0.0,remote
1781_6,slab,-329.45734623,13624.284,True,"[6.32481145, 0.0, 0.0, 0.0, 6.32481145, 0.0, 0.0, 0.0, 31.62405727]",32.0,0.136535840625,remote
1782_0,slab,-263.18412633,29330.951,True,"[6.70444826, 0.0, -6.70444826, -0.0, 6.70444826, -6.70444826, 0.0, 0.0, 46.93113779]",48.0,4.166666666666667e-09,remote
1784_16,slab,-354.5407393,68019.115,True,"[3.96104125, 0.0, -3.96104125, 0.0, 9.534285, -7.9220825, 0.0, 0.0, 47.532495]",50.0,0.238759136,remote
1785_1,slab,-514.14919933,18849.079,True,"[6.3394547, 0.0, 6.3394547, 6.3394547, 6.3394547, -0.0, 0.0, 0.0, 50.71563757]",48.0,3.2333333333333334e-06,remote
1785_6,slab,-345.47963549,10926.419,True,"[6.3394547, 0.0, 0.0, 0.0, 6.3394547, 0.0, 0.0, 0.0, 31.69727348]",32.0,0.152354765625,remote
1787_24,slab,-190.90372052,16017.281,True,"[3.64412533, 0.0, 0.0, -0.0, 7.28825066, 6.29103772, 0.0, 0.0, 44.03726403]",36.0,0.0,remote
1787_3,slab,-254.7319297,28053.776,True,"[3.64412533, 0.0, 3.64412533, 3.64412533, 12.58207544, 0.0, 0.0, 0.0, 36.44125331]",48.0,0.0,remote
1787_7,slab,-255.04212238,40459.459,True,"[7.28825066, 0.0, -3.64412533, -0.0, 6.29103772, -3.64412533, 0.0, 0.0, 36.44125331]",48.0,0.0,remote
1792_15,slab,-202.9474873,93834.386,True,"[19.62346745, 0.0, 0.0, 5.60670499, 4.85554895, 3.45506639, 0.0, 0.0, 34.55066387]",72.0,0.0,remote
1803_6,slab,-394.54791576,93888.175,True,"[13.84268334, 0.0, 0.0, 6.92134167, 3.99603848, 7.00048616, 0.0, 0.0, 52.50364621]",54.0,3.7037037037037036e-08,remote
1803_7,slab,-394.74729477,84810.564,True,"[13.84268334, 0.0, 0.0, 6.92134167, 3.99603848, 7.00048616, 0.0, 0.0, 52.50364621]",54.0,0.013414518518518518,remote
1807_1,slab,-198.20275707,11303.855,True,"[7.11616249, 0.0, -7.11616249, -0.0, 7.11616249, -7.11616249, 0.0, 0.0, 49.81313745]",48.0,0.07780663958333334,remote
1807_3,slab,-132.46416024,4413.901,True,"[7.11616249, 0.0, 0.0, 0.0, 7.11616249, -7.11616249, 0.0, 0.0, 35.58081247]",32.0,0.000600675,remote
1807_5,slab,-267.3185687,81179.332,True,"[7.11616249, 0.0, 0.0, 0.0, 14.23232499, -7.11616249, 0.0, 0.0, 35.58081247]",64.0,0.039491240625,remote
1812_43,slab,-535.02395779,94756.829,True,"[13.4933799, 0.0, 0.0, 0.0, 7.79040652, -3.6354654, 0.0, 0.0, 32.71918858]",72.0,0.014827193055555556,remote
1815_1,slab,-434.77030139,33848.34,True,"[6.54291524, 0.0, -6.54291524, -0.0, 6.54291524, -6.54291524, 0.0, 0.0, 45.80040669]",48.0,2.0833333333333334e-09,remote
1817_1,slab,-136.39469736,12213.125,True,"[6.68409821, 0.0, -6.68409821, -0.0, 6.68409821, -6.68409821, 0.0, 0.0, 46.78868747]",48.0,6.25e-09,remote
1820_47,slab,-276.27457089,29394.694,True,"[12.22527501, 0.0, 0.0, 0.0, 7.05826582, -4.20025186, 0.0, 0.0, 33.60201484]",54.0,0.005632957407407407,remote
1820_50,slab,-276.76367601,24368.16,True,"[7.05826582, 0.0, 0.0, 7.05826582, 12.22527501, 4.20025186, 0.0, 0.0, 29.40176299]",54.0,0.016284875925925927,remote
1820_7,slab,-374.58292198,41339.513,True,"[6.11263751, 0.0, -10.58739873, -0.0, 8.40050371, -7.05826582, 0.0, 0.0, 63.52439237]",72.0,0.0013262708333333334,remote
1823_1,slab,-204.8335463,11468.0,True,"[6.00194658, 0.0, -6.00194658, -0.0, 6.00194658, -6.00194658, 0.0, 0.0, 48.01557264]",48.0,1.875e-08,remote
1834_6,slab,-122.49563345,5379.388,True,"[5.81564689, 0.0, 0.0, 0.0, 5.81564689, 0.0, 0.0, 0.0, 29.07823447]",32.0,0.0,remote
1836_11,slab,,,False,,,,remote
1836_13,slab,-514.90003994,123951.165,True,"[7.83812213, 0.0, -3.91906106, 0.0, 14.34562432, -3.91906106, 0.0, 0.0, 31.3524885]",72.0,0.7023441125000001,remote
1836_4,slab,-344.32765601,47380.843,True,"[3.91906106, 0.0, -3.91906106, 0.0, 14.34562432, -3.91906106, 0.0, 0.0, 39.19061063]",48.0,0.68014450625,remote
1839_11,slab,-183.74511905,3092.793,True,"[4.15432348, 0.0, 0.0, 0.0, 9.98024704, -4.15432348, 0.0, 0.0, 29.08026437]",30.0,3.333333333333333e-09,remote
1839_4,slab,-248.25918412,16959.828,True,"[9.98024704, 0.0, 0.0, -0.0, 4.15432348, 4.15432348, 0.0, 0.0, 41.54323481]",40.0,2.5e-09,remote
1840_15,slab,-371.55589483,41891.865,True,"[5.28291979, 0.0, 0.0, 0.0, 18.54310166, -4.2838719, 0.0, 0.0, 29.98710331]",72.0,1.3888888888888888e-09,remote
1840_31,slab,-372.85187385,40022.014,True,"[9.27155083, 0.0, 0.0, -0.0, 8.5677438, 5.28291979, 0.0, 0.0, 36.98043854]",72.0,0.0,remote
1842_0,slab,,,False,,,,remote
1848_12,slab,,,False,,,,remote
1848_20,slab,-330.78819095,38013.619,True,"[4.93717854, 0.0, 0.0, 0.0, 7.02591345, -5.04619893, 0.0, 0.0, 35.3233925]",36.0,0.06778357777777778,remote
1848_8,slab,,,False,,,,remote
1850_1,slab,-141.48798859,7317.283,True,"[6.10634239, 0.0, -6.10634239, -0.0, 6.10634239, -6.10634239, 0.0, 0.0, 48.85073914]",48.0,0.0,remote
1857_69,slab,-320.31754002,81193.695,True,"[5.74289202, 0.0, 0.0, -0.0, 19.4494309, 12.3655809, 0.0, 0.0, 39.29818087]",80.0,0.0,remote
1857_77,slab,-319.22035802,49518.408,True,"[9.98228306, 0.0, 0.0, -3.54779422, 15.31367622, -5.74289202, 0.0, 0.0, 28.71446008]",80.0,0.0,remote
1859_0,slab,-399.62433586,57560.894,True,"[10.79502194, 0.0, 4.29563244, 15.65245459, 8.98713983, 0.0, 0.0, 0.0, 34.36505952]",60.0,0.04044504,remote
1859_42,slab,-539.34802719,148816.936,True,"[4.29563244, 0.0, 0.0, 0.0, 17.97427966, -20.50988725, 0.0, 0.0, 53.97510968]",80.0,0.049774073749999995,remote
1859_43,slab,-541.23945939,161279.564,True,"[4.29563244, 0.0, 0.0, 0.0, 17.97427966, -20.50988725, 0.0, 0.0, 53.97510968]",80.0,0.04184343875,remote
1862_4,slab,-137.22551476,86681.353,True,"[3.66141675, 0.0, -6.34175985, -0.0, 8.06037517, -4.2278399, 0.0, 0.0, 54.96191866]",45.0,0.0,remote
1863_57,slab,,,False,,,,remote
1863_6,slab,,,False,,,,remote
1863_7,slab,,,False,,,,remote
1866_19,slab,-458.00958428,165850.992,True,"[6.7186617, 0.0, 0.0, 0.0, 8.40355698, -9.70359177, 0.0, 0.0, 43.66616295]",72.0,0.0,remote
1866_30,slab,-341.96902417,36362.837,True,"[4.20177849, 0.0, -2.42589794, 0.0, 13.43732341, -4.85179588, 0.0, 0.0, 33.96257119]",54.0,0.01900190185185185,remote
1866_38,slab,-341.94125877,55902.355,True,"[8.40355698, 0.0, 0.0, -0.0, 6.7186617, 4.85179588, 0.0, 0.0, 33.96257119]",54.0,0.0,remote
1869_79,slab,,,False,,,,remote
1871_0,slab,-127.66495701,17872.172,True,"[6.50359503, 0.0, -6.50359503, 0.0, 6.50359503, -6.50359503, 0.0, 0.0, 45.52516519]",48.0,4.166666666666667e-09,remote
1874_0,slab,-342.17621876,10945.336,True,"[6.29111729, 0.0, -6.29111729, -0.0, 6.29111729, -6.29111729, 0.0, 0.0, 50.32893835]",48.0,2.0833333333333334e-09,remote
1877_1,slab,-178.50937919,4645.436,True,"[3.853953, 0.0, -3.853953, -0.0, 8.59861093, -3.853953, 0.0, 0.0, 38.53953003]",32.0,3.125e-09,remote
1877_2,slab,-357.15312138,14961.373,True,"[3.853953, 0.0, -3.853953, 0.0, 17.19722186, -3.853953, 0.0, 0.0, 38.53953003]",64.0,0.0,remote
1877_3,slab,-357.18035061,15249.523,True,"[3.853953, 0.0, -3.853953, 0.0, 17.19722186, -3.853953, 0.0, 0.0, 38.53953003]",64.0,0.0,remote
1878_2,slab,-172.31922237,7477.959,True,"[6.30531539, 0.0, -6.30531539, -0.0, 6.30531539, -6.30531539, 0.0, 0.0, 50.4425231]",48.0,0.0,remote
1880_19,slab,-185.39779548,18628.841,True,"[4.20438225, 0.0, 0.0, 0.0, 11.39044184, -8.4087645, 0.0, 0.0, 33.63505799]",30.0,0.03781605666666667,remote
1880_22,slab,-60.31091472,1385.698,True,"[4.20438225, 0.0, 0.0, 0.0, 4.20438225, 0.0, 0.0, 0.0, 34.17132552]",10.0,9.265e-05,remote
1881_3,slab,-210.0205107,22531.456,True,"[5.68917422, 0.0, 0.0, 0.0, 5.68917422, -5.68917422, 0.0, 0.0, 39.82421953]",48.0,0.0,remote
1882_3,slab,-285.84573168,16822.944,True,"[6.02975738, 0.0, 0.0, 0.0, 6.02975738, -6.02975738, 0.0, 0.0, 42.20830167]",48.0,4.479166666666667e-07,remote
1883_11,slab,-221.07777828,9628.132,True,"[3.6088772, 0.0, 0.0, 0.0, 13.51930588, -3.62777074, 0.0, 0.0, 29.02216595]",36.0,0.0,remote
1883_14,slab,-221.30773473,9048.003,True,"[3.6088772, 0.0, 0.0, 0.0, 13.51930588, -3.62777074, 0.0, 0.0, 29.02216595]",36.0,0.0,remote
1883_9,slab,-219.43889249,17144.533,True,"[3.6088772, 0.0, 0.0, 0.0, 13.51930588, -3.62777074, 0.0, 0.0, 29.02216595]",36.0,0.0011333944444444444,remote
1890_1,slab,-95.36619945,13607.338,True,"[6.24272486, 0.0, -6.24272486, -0.0, 6.24272486, -6.24272486, 0.0, 0.0, 49.94179892]",48.0,8.333333333333334e-09,remote
1892_26,slab,-217.40191677,68675.401,True,"[8.62284855, 0.0, 0.0, 8.62284855, 8.62284855, 12.1654187, 0.0, 0.0, 60.8270935]",64.0,1.7015625e-06,remote
1896_11,slab,-297.6208121,165074.249,True,"[17.14933915, 0.0, 0.0, 0.0, 7.84121845, -9.05425916, 0.0, 0.0, 45.27129582]",64.0,0.0,remote
1896_3,slab,-371.07985638,101515.982,True,"[3.92060922, 0.0, -6.79069437, 0.0, 34.2986783, -4.52712958, 0.0, 0.0, 54.32555499]",80.0,0.0,remote
1896_4,slab,-186.01215173,26015.729,True,"[17.14933915, 0.0, 0.0, 0.0, 3.92060922, -6.79069437, 0.0, 0.0, 54.32555499]",40.0,0.0,remote
1900_67,slab,-346.79930019,82785.624,True,"[20.35166246, 0.0, -5.72924555, 8.08574234, 7.94737861, 0.0, 0.0, 0.0, 28.64622776]",80.0,0.0,remote
1900_90,slab,-350.30902533,54540.237,True,"[10.17583123, 0.0, 0.0, -4.18017778, 15.89475721, -5.72924555, 0.0, 0.0, 28.64622776]",80.0,0.0,remote
1903_14,slab,-220.66756706,49452.082,True,"[19.8882281, 0.0, 0.0, 5.68235088, 4.92106022, 4.20311489, 0.0, 0.0, 37.82803404]",72.0,1.6416666666666667e-06,remote
1903_15,slab,-220.96927778,41553.167,True,"[19.8882281, 0.0, 0.0, 5.68235088, 4.92106022, 4.20311489, 0.0, 0.0, 37.82803404]",72.0,1.3350000000000001e-05,remote
1903_19,slab,-220.46135387,42672.817,True,"[19.8882281, 0.0, 0.0, 5.68235088, 4.92106022, 4.20311489, 0.0, 0.0, 37.82803404]",72.0,6.805555555555555e-08,remote
1904_16,slab,-161.92322525,30272.665,True,"[4.20311485, 0.0, -4.20311485, -0.0, 9.96490461, -8.40622969, 0.0, 0.0, 42.03114847]",40.0,1.5e-08,remote
1908_0,slab,-133.73720034,11534.208,True,"[6.28537682, 0.0, -6.28537682, -0.0, 6.28537682, -6.28537682, 0.0, 0.0, 50.28301456]",48.0,2.0833333333333334e-09,remote
1908_1,slab,-133.52772365,20601.498,True,"[6.28537682, 0.0, -6.28537682, -0.0, 6.28537682, -6.28537682, 0.0, 0.0, 50.28301456]",48.0,0.0,remote
1908_5,slab,-179.03172903,63131.312,True,"[6.28537682, 0.0, 0.0, 0.0, 12.57075364, -6.28537682, 0.0, 0.0, 31.4268841]",64.0,0.0,remote
1909_0,slab,-450.46625748,18720.803,True,"[6.24432893, 0.0, -6.24432893, -0.0, 6.24432893, -6.24432893, 0.0, 0.0, 49.95463145]",48.0,8.75e-08,remote
1912_14,slab,-236.64626573,12252.386,True,"[3.09740464, 0.0, -3.09740464, -0.0, 6.22650911, -6.19480927, 0.0, 0.0, 46.46106954]",24.0,1.6666666666666667e-08,remote
1925_0,slab,-235.41367556,9816.078,True,"[6.0452732, 0.0, -6.0452732, -0.0, 6.0452732, -6.0452732, 0.0, 0.0, 48.36218562]",48.0,8.333333333333334e-09,remote
1929_51,slab,-355.29425257,63173.954,True,"[3.85697466, 0.0, 0.0, -0.0, 20.7332572, 7.65683799, 0.0, 0.0, 30.62735197]",60.0,0.0,remote
1929_52,slab,-355.17160536,37180.238,True,"[3.85697466, 0.0, 0.0, -0.0, 20.7332572, 7.65683799, 0.0, 0.0, 30.62735197]",60.0,0.0,remote
1931_0,slab,-217.08640106,5782.945,True,"[6.36983801, 0.0, -6.36983801, -0.0, 6.36983801, -6.36983801, 0.0, 0.0, 50.95870411]",48.0,0.0,remote
1935_36,slab,-190.54717075,18083.712,True,"[5.81162785, 0.0, 0.0, 0.0, 13.58913586, 0.0, 0.0, 0.0, 31.73673829]",40.0,2.5e-09,remote
1936_18,slab,-108.10435242,51930.357,True,"[6.22306744, 0.0, 0.0, 0.0, 12.20208945, -6.22306744, 0.0, 0.0, 31.11533718]",32.0,0.0,remote
1940_19,slab,-338.6588733,46542.3,True,"[7.21592287, 0.0, 0.0, -0.0, 7.21592287, 6.56941203, 0.0, 0.0, 39.41647219]",50.0,0.0,remote
1940_29,slab,-544.79018229,95589.683,True,"[7.21592287, 0.0, 0.0, -0.0, 14.43184574, 3.28470602, 0.0, 0.0, 29.56235414]",80.0,0.07811216,remote
1945_4,slab,-167.32654883,9250.634,True,"[7.08552092, 0.0, 0.0, -0.0, 3.54690559, 3.54690559, 0.0, 0.0, 35.46905585]",32.0,0.1265238,remote
1945_8,slab,-337.65100263,45911.748,True,"[7.08552092, 0.0, 0.0, 0.0, 7.09381117, -3.54690559, 0.0, 0.0, 31.92215027]",64.0,0.0923747515625,remote
1949_31,slab,-527.44983957,79923.784,True,"[9.88191521, 0.0, -7.91059518, 5.33321597, 8.27300446, 0.0, 0.0, 0.0, 39.55297591]",80.0,3.6250000000000004e-08,remote
1949_67,slab,-529.25518481,59731.282,True,"[9.88191521, 0.0, -3.95529759, 15.21513118, 8.27300446, 0.0, 0.0, 0.0, 35.59767832]",80.0,9.59625e-06,remote
1950_16,slab,-137.60867323,78743.882,True,"[5.75847247, 0.0, -3.32465563, 0.0, 22.00385284, -6.64931126, 0.0, 0.0, 33.24655632]",48.0,0.12516180625,remote
1950_27,slab,-140.23028979,57628.277,True,"[5.75847247, 0.0, -3.32465563, -0.0, 22.00385284, 13.29862253, 0.0, 0.0, 33.24655632]",48.0,2.316666666666667e-06,remote
1953_53,slab,-189.50212272,51996.079,True,"[4.65530903, 0.0, 0.0, -0.0, 18.72502592, 9.17731621, 0.0, 0.0, 32.12060674]",48.0,0.0,remote
1955_0,slab,-357.37199748,18390.327,True,"[6.35313478, 0.0, -6.35313478, -0.0, 6.35313478, -6.35313478, 0.0, 0.0, 50.82507826]",48.0,4.166666666666667e-09,remote
1961_21,slab,-112.45142121,35178.809,True,"[5.93821153, 0.0, 0.0, 0.0, 11.92426627, -5.93821153, 0.0, 0.0, 29.69105764]",32.0,0.0,remote
1961_27,slab,-171.06953176,39221.749,True,"[5.93821153, 0.0, -5.93821153, 0.0, 11.92426627, -11.87642306, 0.0, 0.0, 47.50569222]",48.0,0.04042771875,remote
1961_28,slab,-167.7800147,166263.933,True,"[5.93821153, 0.0, -5.93821153, 0.0, 11.92426627, -11.87642306, 0.0, 0.0, 47.50569222]",48.0,0.0,remote
1962_15,slab,-193.83826919,40297.98,True,"[4.45730152, 0.0, 0.0, 0.0, 19.48582291, -4.45730152, 0.0, 0.0, 31.20111066]",60.0,0.0,remote
1962_18,slab,-193.23243938,48237.016,True,"[4.45730152, 0.0, 0.0, 0.0, 19.48582291, -4.45730152, 0.0, 0.0, 31.20111066]",60.0,0.0,remote
1962_25,slab,-255.35276183,47955.956,True,"[4.45730152, 0.0, -4.45730152, 0.0, 19.48582291, -8.91460305, 0.0, 0.0, 44.57301523]",80.0,7.5e-09,remote
1966_41,slab,-575.3049317,52941.042,True,"[13.58734191, 0.0, 0.0, 0.0, 7.84465551, -3.31850103, 0.0, 0.0, 29.86650927]",72.0,0.017020675,remote
1966_45,slab,-577.00158694,63458.821,True,"[7.84465551, 0.0, 0.0, 7.84465551, 13.58734191, 3.31850103, 0.0, 0.0, 29.86650927]",72.0,4.1805555555555556e-07,remote
1967_16,slab,-516.30531885,96655.562,True,"[17.26434237, 0.0, 0.0, 4.93266925, 4.27181688, 3.8226062, 0.0, 0.0, 38.22606204]",72.0,0.8158697375,remote
1967_18,slab,-516.84378417,150339.681,True,"[17.26434237, 0.0, 0.0, 4.93266925, 4.27181688, 3.8226062, 0.0, 0.0, 38.22606204]",72.0,0.8127401888888889,remote
1967_44,slab,-518.50969357,63448.352,True,"[11.30216511, 0.0, 0.0, 0.0, 6.52530807, -3.8226062, 0.0, 0.0, 34.40345584]",72.0,0.7543835680555556,remote
1970_10,slab,-318.93641381,45869.989,True,"[14.22569561, 0.0, 0.0, 0.0, 8.07225594, -4.03612797, 0.0, 0.0, 32.28902375]",60.0,0.0,remote
1970_5,slab,-318.79626356,98387.746,True,"[8.07225594, 0.0, -4.03612797, -0.0, 14.22569561, -4.03612797, 0.0, 0.0, 32.28902375]",60.0,0.0,remote
1970_6,slab,-319.20397511,65941.731,True,"[8.07225594, 0.0, -4.03612797, -0.0, 14.22569561, -4.03612797, 0.0, 0.0, 32.28902375]",60.0,0.0,remote
1971_24,slab,-142.64150565,21312.632,True,"[8.04947167, 0.0, 7.95528359, 4.02473584, 10.48653701, 0.0, 0.0, 0.0, 39.77641793]",40.0,0.0,remote
1976_0,slab,-287.57733162,8337.823,True,"[6.16355312, 0.0, -6.16355312, -0.0, 6.16355312, -6.16355312, 0.0, 0.0, 49.30842495]",48.0,0.0,remote
1977_46,slab,-542.90496453,118406.912,True,"[6.90988571, 0.0, 0.0, 6.90988571, 11.96827313, 3.38701008, 0.0, 0.0, 30.48309072]",72.0,0.0,remote
1977_47,slab,-543.5459372,55473.991,True,"[6.90988571, 0.0, 0.0, 6.90988571, 11.96827313, 3.38701008, 0.0, 0.0, 30.48309072]",72.0,0.0,remote
1977_48,slab,-543.48064828,44713.347,True,"[6.90988571, 0.0, 0.0, 6.90988571, 11.96827313, 3.38701008, 0.0, 0.0, 30.48309072]",72.0,0.0,remote
1978_0,slab,-353.14431713,20029.844,True,"[6.93339389, 0.0, -6.93339389, -0.0, 6.93339389, -6.93339389, 0.0, 0.0, 48.53375726]",48.0,3.3333333333333334e-08,remote
1983_10,slab,,,False,,,,remote
1983_11,slab,-344.66599003,93438.116,True,"[7.62589667, 0.0, -5.32233941, 0.0, 12.52901291, -5.58466655, 0.0, 0.0, 37.2563759]",72.0,9.861111111111111e-08,remote
1983_12,slab,-345.34794361,98583.305,True,"[7.62589667, 0.0, -5.32233941, 0.0, 12.52901291, -5.58466655, 0.0, 0.0, 37.2563759]",72.0,4.166666666666667e-09,remote
1984_1,slab,-361.32252089,15414.464,True,"[6.48975036, 0.0, -6.48975036, -0.0, 6.48975036, -6.48975036, 0.0, 0.0, 51.91800292]",48.0,6.25e-08,remote
1985_14,slab,,,False,,,,remote
1985_6,slab,,,False,,,,remote
1986_2,slab,,,False,,,,remote
1988_11,slab,-314.72274763,16354.978,True,"[3.97320275, 0.0, 0.0, 0.0, 16.26831562, -4.03239372, 0.0, 0.0, 28.22675606]",48.0,0.0019402645833333334,remote
1988_33,slab,-312.80929872,34539.95,True,"[3.97320275, 0.0, 0.0, 0.0, 16.26831562, -8.06478745, 0.0, 0.0, 32.25914978]",48.0,0.03005294375,remote
1988_48,slab,-312.08023865,24455.807,True,"[4.03239372, 0.0, 0.0, -0.0, 16.26831562, 7.94640549, 0.0, 0.0, 31.78562197]",48.0,0.058716164583333334,remote
1991_0,slab,-363.3488996,17893.751,True,"[5.99851781, 0.0, -5.99851781, -0.0, 5.99851781, -5.99851781, 0.0, 0.0, 47.98814251]",48.0,0.8667851020833334,remote
1991_6,slab,-243.22631685,9722.708,True,"[5.99851781, 0.0, 0.0, 0.0, 5.99851781, 0.0, 0.0, 0.0, 29.99258907]",32.0,0.931559128125,remote
