slab_id,mp_id,formula,crystal_id,miller_index,shift,num_atom,test,energy,chem_system,weight,normalized_weight
1585_11,mp-1222015,Mg1 Cd1 Au2,1585,201,0.0668729497562683,32,0,na,"(12, 48, 79)",1.0,3.226951498918971e-05
1634_13,mp-5292,Ca2 Si4 Ni4,1634,201,0.032571540923355,60,0,na,"(14, 20, 28)",1.0,3.2270556344391374e-05
2385_48,mp-10446,Sc6 Ni1 Te2,2385,102,0.25,54,0,na,"(21, 28, 52)",1.0,3.227159776680543e-05
2126_40,mp-7930,Zr3 Cu4 Si2,2126,100,0.290038256259376,18,0,na,"(14, 29, 40)",1.0,3.227263925643839e-05
947_66,mp-31294,Sr4 In6 Rh4,947,102,0.125,56,0,na,"(38, 45, 49)",1.0,3.227368081329676e-05
2421_1,mp-10098,Y2 Ge2 Au2,2421,111,0.2876177773989994,30,0,na,"(32, 39, 79)",1.0,3.2274722437387036e-05
2383_13,mp-22167,Zr6 Ga2 Co1,2383,110,0.8751678503703957,27,0,na,"(27, 31, 40)",1.0,3.2275764128715745e-05
2145_1,mp-1079278,Sr2 Al4 Au4,2145,111,0.1896216367959731,40,0,na,"(13, 38, 79)",1.0,3.22768058872894e-05
1702_20,mp-1216850,Ti2 Cu2 Ni2,1702,100,0.25,24,0,na,"(22, 28, 29)",1.0,3.227784771311449e-05
947_14,mp-31294,Sr4 In6 Rh4,947,11-1,0.2837749076216624,42,0,na,"(38, 45, 49)",1.0,3.227888960619755e-05
1011_17,mp-9743,Sr2 As2 Pd2,1011,100,0.5,18,0,na,"(33, 38, 46)",1.0,3.227993156654508e-05
2343_24,mp-1215318,Zr4 Al4 Cu4,2343,010,0.125,24,0,na,"(13, 29, 40)",1.0,3.22809735941636e-05
1880_6,mp-4404,Sr2 As4 Ru4,1880,212,0.125,60,0,na,"(33, 38, 44)",1.0,3.228201568905962e-05
2442_25,mp-1219661,Rb2 Ge8 Pt8,2442,101,0.1442400568700833,54,0,na,"(32, 37, 78)",1.0,3.228305785123967e-05
1550_28,mp-1205750,Y3 Mg3 Au3,1550,210,0.229587964978679,54,0,na,"(12, 39, 79)",1.0,3.228410008071025e-05
1661_67,mp-1218620,Sr4 Cd4 Pb4,1661,10-2,0.1249999999999999,48,0,na,"(38, 48, 82)",1.0,3.2285142377477883e-05
2069_23,mp-1068048,Ba2 Sn6 Au2,2069,201,0.0876562433122087,60,0,na,"(50, 56, 79)",1.0,3.2286184741549094e-05
1459_2,mp-7361,Sr2 Co4 Ge4,1459,221,0.0352925505846988,80,0,na,"(27, 32, 38)",1.0,3.228722717293039e-05
1360_39,mp-1227436,Ca2 Ga7 Au1,1360,201,0.4089089777840691,60,0,na,"(20, 31, 79)",1.0,3.2288269671628296e-05
1977_2,mp-1080715,Sc3 Si3 Ru3,1977,111,0.7226366419591841,45,0,na,"(14, 21, 44)",1.0,3.228931223764934e-05
1581_22,mp-1079513,K8 As8 Pt4,1581,201,0.0319699523632266,80,0,na,"(19, 33, 78)",1.0,3.2290354871000035e-05
1652_16,mp-1207263,Zr6 Fe1 Sn2,1652,212,0.4166666666666667,72,0,na,"(26, 40, 50)",1.0,3.22913975716869e-05
1537_2,mp-1206239,Hf6 Co1 Sb2,1537,111,0.6712499468759248,36,0,na,"(27, 51, 72)",1.0,3.2292440339716474e-05
2296_3,mp-10214,Y6 Ge3 Rh9,2296,110,0.25,72,0,na,"(32, 39, 45)",1.0,3.229348317509527e-05
2098_2,mp-22602,Ca4 In8 Au4,2098,111,0.2555132504084002,48,0,na,"(20, 49, 79)",1.0,3.229452607782981e-05
2104_29,mp-13964,Hf2 Ge2 Te2,2104,102,0.6309523235661061,24,0,na,"(32, 52, 72)",1.0,3.2295569047926627e-05
1011_3,mp-9743,Sr2 As2 Pd2,1011,212,0.0416666666666665,48,0,na,"(33, 38, 46)",1.0,3.229661208539224e-05
1581_32,mp-1079513,K8 As8 Pt4,1581,121,0.25,60,0,na,"(19, 33, 78)",1.0,3.229765519023319e-05
2033_44,mp-1224337,Hf2 Sc2 Ge8,2033,112,0.0885811897091619,72,0,na,"(21, 32, 72)",1.0,3.2298698362455994e-05
2291_5,mp-14793,Mg4 Si2 Pt2,2291,212,0.0,64,0,na,"(12, 14, 78)",1.0,3.229974160206718e-05
951_14,mp-1068053,Ca4 Ag2 Pd4,951,201,0.1249999999999999,60,0,na,"(20, 46, 47)",1.0,3.230078490907329e-05
1407_28,mp-1219310,Sc4 Ga4 Ni4,1407,101,0.2499999999999997,48,0,na,"(21, 28, 31)",1.0,3.2301828283480846e-05
1825_7,mp-567114,Sr2 Bi4 Pd4,1825,221,0.0849244121207457,60,0,na,"(38, 46, 83)",1.0,3.230287172529638e-05
1281_38,mp-20792,Ca8 In4 Pd8,1281,101,0.1690380196240628,40,0,na,"(20, 46, 49)",1.0,3.230391523452642e-05
1550_45,mp-1205750,Y3 Mg3 Au3,1550,2-12,0.274004608481609,54,0,na,"(12, 39, 79)",1.0,3.2304958811177516e-05
2359_2,mp-21032,Ba4 In8 Pt4,2359,111,0.2391032435438909,48,0,na,"(49, 56, 78)",1.0,3.2306002455256185e-05
2241_9,mp-1068239,Sr2 Ge6 Pt2,2241,212,0.0759778167891179,60,0,na,"(32, 38, 78)",1.0,3.230704616676897e-05
2369_15,mp-1078355,Sc3 Ni3 Sn3,2369,212,0.1150416620086717,72,0,na,"(21, 28, 50)",1.0,3.230808994572241e-05
1710_9,mp-8606,Ba1 Sb1 Pt1,1710,210,0.0833333333333333,24,0,na,"(51, 56, 78)",1.0,3.2309133792123036e-05
1575_28,mp-1018782,Li3 Y1 Bi2,1575,001,0.4253068752389382,12,0,na,"(3, 39, 83)",1.0,3.231017770597738e-05
1372_85,mp-30312,Ca8 Si4 Ir8,1372,011,0.2075701140145974,60,0,na,"(14, 20, 77)",1.0,3.2311221687291994e-05
2061_24,mp-1216072,Y2 Ga3 Ag1,2061,101,0.1667677369499844,18,0,na,"(31, 39, 47)",1.0,3.2312265736073417e-05
2199_1,mp-13240,Sc4 In4 Cu16,2199,111,0.1872302040372029,72,0,na,"(21, 29, 49)",1.0,3.2313309852328176e-05
1328_41,mp-22056,Y4 In8 Ni4,1328,102,0.0246704480998938,64,0,na,"(28, 39, 49)",1.0,3.231435403606282e-05
2550_9,mp-10991,Y2 Cu2 As4,2550,212,0.3750000000000001,64,0,na,"(29, 33, 39)",1.0,3.231539828728389e-05
1786_21,mp-20832,Zn2 In4 Te8,1786,210,0.0415980276271951,56,0,na,"(30, 49, 52)",1.0,3.2316442605997934e-05
1102_20,mp-30472,Ca4 Ga2 Cu4,1102,120,0.1198086987561808,60,0,na,"(20, 29, 31)",1.0,3.2317486992211486e-05
1329_11,mp-7429,Ca1 Zn2 Sb2,1329,211,0.2499999999999999,80,0,na,"(20, 30, 51)",1.0,3.23185314459311e-05
1299_26,mp-10676,Sc4 Al2 Si4,1299,112,0.0370026879217455,60,0,na,"(13, 14, 21)",1.0,3.231957596716331e-05
1352_21,mp-1068035,Ca4 Mg2 Pd4,1352,112,0.0505570823223491,40,0,na,"(12, 20, 46)",1.0,3.2320620555914674e-05
2226_22,mp-1078574,Hf2 Ni4 Sb2,2226,2-12,0.0484573143675496,48,0,na,"(28, 51, 72)",1.0,3.232166521219173e-05
948_39,mp-9951,Mn3 Nb3 Ge3,948,201,0.2083333333333333,54,0,na,"(25, 32, 41)",1.0,3.232270993600103e-05
1004_33,mp-1218928,Sn2 Sb2 Pt2,1004,112,0.1377012248936733,36,0,na,"(50, 51, 78)",1.0,3.232375472734913e-05
1161_4,mp-1078709,Na8 Bi4 Au4,1161,221,0.0623888440106163,64,0,na,"(11, 79, 83)",1.0,3.2324799586242565e-05
935_64,mp-1227971,Ba4 Cd4 Sn4,935,10-2,0.1249999999999999,48,0,na,"(48, 50, 56)",1.0,3.2325844512687896e-05
1825_32,mp-567114,Sr2 Bi4 Pd4,1825,201,0.1650755878792544,60,0,na,"(38, 46, 83)",1.0,3.232688950669167e-05
1581_37,mp-1079513,K8 As8 Pt4,1581,112,0.019927772054304,80,0,na,"(19, 33, 78)",1.0,3.232793456826043e-05
1584_26,mp-1206350,K4 Te4 Pd2,1584,120,0.1249999999999999,40,0,na,"(19, 46, 52)",1.0,3.232897969740075e-05
1158_6,mp-977547,Mg4 Zn4 Rh8,1158,100,0.125,32,0,na,"(12, 30, 45)",1.0,3.2330024894119166e-05
2056_20,mp-975359,Rb2 Fe4 As4,2056,102,0.25,30,0,na,"(26, 33, 37)",1.0,3.233107015842224e-05
1462_56,mp-1206544,Sr4 Tl8 Pt4,1462,010,0.2499999999999999,16,0,na,"(38, 78, 81)",1.0,3.233211549031653e-05
1636_6,mp-867767,Be4 Si4 Rh8,1636,100,0.125,32,0,na,"(4, 14, 45)",1.0,3.233316088980859e-05
1276_0,mp-865963,Li4 Ga4 Ag8,1276,111,0.125,48,0,na,"(3, 31, 47)",1.0,3.233420635690497e-05
1343_38,mp-1224358,Hf2 Sb8 Mo2,1343,21-2,0.0017804652768305,48,0,na,"(42, 51, 72)",1.0,3.233525189161224e-05
2168_45,mp-27388,Ba4 Si8 Ni8,2168,102,0.0296727205415341,60,0,na,"(14, 28, 56)",1.0,3.2336297493936946e-05
1003_50,mp-1087485,Y3 In3 Pd3,1003,102,0.2500000000000001,54,0,na,"(39, 46, 49)",1.0,3.233734316388565e-05
1992_43,mp-1205369,Y3 Pd3 Pb3,1992,100,0.4999999999999999,18,0,na,"(39, 46, 82)",1.0,3.233838890146493e-05
1518_55,mp-1080614,Cs8 Sb8 Pt4,1518,021,0.4775650704155366,40,0,na,"(51, 55, 78)",1.0,3.2339434706681326e-05
2075_24,mp-21907,Nb2 Si2 As2,2075,102,0.75,24,0,na,"(14, 33, 41)",1.0,3.234048057954141e-05
2069_28,mp-1068048,Ba2 Sn6 Au2,2069,112,0.458764669323685,40,0,na,"(50, 56, 79)",1.0,3.234152652005175e-05
2303_9,mp-7363,Sr2 Zn4 Ge4,2303,210,0.125,60,0,na,"(30, 32, 38)",1.0,3.2342572528218895e-05
2036_5,mp-1078756,Zr3 Ga3 Rh3,2036,221,0.1858832516690574,63,0,na,"(31, 40, 45)",1.0,3.234361860404942e-05
1147_0,mp-16497,Sc4 Al4 Cu8,1147,111,0.125,48,0,na,"(13, 21, 29)",1.0,3.2344664747549894e-05
2389_3,mp-862717,Li4 Al4 Au8,2389,110,0.25,48,0,na,"(3, 13, 79)",1.0,3.234571095872687e-05
2556_12,mp-1078832,Zr3 Ga3 Ni3,2556,110,0.7017050056039055,27,0,na,"(28, 31, 40)",1.0,3.234675723758693e-05
2165_4,mp-9264,Na2 Te2 Au2,2165,212,0.2499999999999999,48,0,na,"(11, 52, 79)",1.0,3.234780358413664e-05
946_1,mp-862337,Sc8 In4 Ag4,946,111,0.375,48,0,na,"(21, 47, 49)",1.0,3.2348849998382554e-05
896_13,mp-13172,Y4 Mg4 Cu16,896,100,0.063094739847493,48,0,na,"(12, 29, 39)",1.0,3.2349896480331265e-05
2504_7,mp-1221733,Mn2 Cd8 Te10,2504,111,0.382551555045179,60,0,na,"(25, 48, 52)",1.0,3.235094302998932e-05
1102_21,mp-30472,Ca4 Ga2 Cu4,1102,112,0.0552268558611788,40,0,na,"(20, 29, 31)",1.0,3.2351989647363315e-05
2321_0,mp-7173,Sc4 Sb4 Pt4,2321,111,0.25,36,0,na,"(21, 51, 78)",1.0,3.23530363324598e-05
2070_17,mp-754185,Y4 Mg2 Ni4,2070,101,0.1464925905329401,40,0,na,"(12, 28, 39)",1.0,3.2354083085285365e-05
2559_12,mp-22780,Ba4 In8 Ir4,2559,110,0.27736651872344,48,0,na,"(49, 56, 77)",1.0,3.235512990584657e-05
1077_21,mp-8608,K3 Cu12 As6,1077,100,0.1666666666666666,63,0,na,"(19, 29, 33)",1.0,3.2356176794150005e-05
915_40,mp-12972,Zr6 Sb2 Pt1,915,100,0.5,18,0,na,"(40, 51, 78)",1.0,3.235722375020223e-05
2081_3,mp-862610,Li4 Hf4 Ir8,2081,110,0.2499999999999999,48,0,na,"(3, 72, 77)",1.0,3.235827077400984e-05
1628_47,mp-11958,Ca4 Sn8 Pd4,1628,021,0.0,64,0,na,"(20, 46, 50)",1.0,3.235931786557939e-05
1100_1,mp-1025370,In1 Si1 Pt5,1100,111,0.3514573516937247,28,0,na,"(14, 49, 78)",1.0,3.236036502491748e-05
1896_15,mp-16764,Rb2 Y2 Te4,1896,101,0.4583333333333332,24,0,na,"(37, 39, 52)",1.0,3.236141225203068e-05
2273_6,mp-1077994,Si1 Sn1 Pd5,2273,212,0.1249999999999998,56,0,na,"(14, 46, 50)",1.0,3.2362459546925564e-05
2544_5,mp-569344,Zr2 Co4 Si4,2544,212,0.0610674383459937,80,0,na,"(14, 27, 40)",1.0,3.2363506909608725e-05
944_10,mp-672299,Y3 In3 Ni3,944,110,0.2946768858752974,27,0,na,"(28, 39, 49)",1.0,3.2364554340086736e-05
2246_16,mp-29736,Y4 Al4 Ge4,2246,210,0.125,72,0,na,"(13, 32, 39)",1.0,3.2365601838366184e-05
1620_84,mp-568866,Na12 Zn2 Sn4,1620,011,0.2381820800129652,54,0,na,"(11, 30, 50)",1.0,3.236664940445365e-05
2538_24,mp-1216057,Y6 Ni3 Ru9,2538,10-2,0.1230574496705694,54,0,na,"(28, 39, 44)",1.0,3.236769703835572e-05
1521_3,mp-977537,Zr4 Cd4 Rh8,1521,110,0.25,48,0,na,"(40, 45, 48)",1.0,3.236874474007898e-05
1710_21,mp-8606,Ba1 Sb1 Pt1,1710,2-12,0.25,18,0,na,"(51, 56, 78)",1.0,3.236979250963001e-05
2523_41,mp-1228194,Al6 Co1 Cu3,2523,201,0.4803199952551693,60,0,na,"(13, 27, 29)",1.0,3.237084034701541e-05
2082_41,mp-1070356,Rb4 Te4 Pd2,2082,012,0.0788189444884769,40,0,na,"(37, 46, 52)",1.0,3.237188825224175e-05
1091_28,mp-11743,Li1 Y1 Ga4,1091,100,0.5,18,0,na,"(3, 31, 39)",1.0,3.237293622531564e-05
1513_21,mp-21471,Li2 Fe2 As2,1513,112,0.0441077191974237,36,0,na,"(3, 26, 33)",1.0,3.2373984266243646e-05
1031_1,mp-1208228,Ti3 Nb1 Al2,1031,111,0.3668157452687026,30,0,na,"(13, 22, 41)",1.0,3.237503237503238e-05
1604_22,mp-1215905,Y1 Cu1 Ge1,1604,102,0.0833333333333333,18,0,na,"(29, 32, 39)",1.0,3.237608055168841e-05
1602_19,mp-1025167,Hf2 V4 Ga8,1602,201,0.0885562296868976,56,0,na,"(23, 31, 72)",1.0,3.237712879621835e-05
2168_3,mp-27388,Ba4 Si8 Ni8,2168,111,0.2709126480816169,60,0,na,"(14, 28, 56)",1.0,3.237817710862878e-05
1131_1,mp-1185421,Li4 Zn4 Ni8,1131,111,0.375,64,0,na,"(3, 28, 30)",1.0,3.237922548892631e-05
917_3,mp-866375,Ti4 Fe8 Ge4,917,110,0.25,48,0,na,"(22, 26, 32)",1.0,3.238027393711751e-05
2225_19,mp-1078938,Y2 Al4 Pd10,2225,112,0.10531638799592,64,0,na,"(13, 39, 46)",1.0,3.238132245320899e-05
925_97,mp-1224371,Ge4 As4 Au4,925,001,0.3316446241018731,24,0,na,"(32, 33, 79)",1.0,3.238237103720734e-05
2359_24,mp-21032,Ba4 In8 Pt4,2359,101,0.0,48,0,na,"(49, 56, 78)",1.0,3.238341968911917e-05
1767_14,mp-10797,Ca2 Si2 Ni4,1767,101,0.2100655882219227,32,0,na,"(14, 20, 28)",1.0,3.2384468408951065e-05
2471_6,mp-1183633,Cd4 Pd8 Au4,2471,100,0.125,32,0,na,"(46, 48, 79)",1.0,3.238551719670963e-05
1425_21,mp-10521,Y1 Al2 Ge2,1425,2-12,0.07339088469271,30,0,na,"(13, 32, 39)",1.0,3.238656605240146e-05
1552_1,mp-1207274,Li2 Ga2 Ir2,1552,221,0.0625000000000001,60,0,na,"(3, 31, 77)",1.0,3.2387614976033165e-05
2019_27,mp-1095145,Ti3 Re3 Si3,2019,210,0.3813257395024401,54,0,na,"(14, 22, 75)",1.0,3.2388663967611336e-05
2269_15,mp-1079831,Hf3 Re3 Si3,2269,212,0.147380935311043,72,0,na,"(14, 72, 75)",1.0,3.238971302714258e-05
2524_24,mp-1228015,Al3 Si3 Mo3,2524,101,0.2470085614006695,27,0,na,"(13, 14, 42)",1.0,3.23907621546335e-05
2610_58,mp-1205560,Rb8 As8 Pd4,2610,010,0.1564838825820587,20,0,na,"(33, 37, 46)",1.0,3.23918113500907e-05
1497_38,mp-3618,Sc8 Fe4 Si8,1497,201,0.0,80,0,na,"(14, 21, 26)",1.0,3.239286061352078e-05
2400_21,mp-1068157,Sr4 Cd2 Pt4,2400,121,0.0626923377237389,60,0,na,"(38, 48, 78)",1.0,3.239390994493035e-05
2055_16,mp-568974,Ca1 Cu2 Sn2,2055,211,0.2500000000000001,80,0,na,"(20, 29, 50)",1.0,3.239495934432602e-05
1606_0,mp-866139,Ti4 Be8 Ir4,1606,111,0.125,64,0,na,"(4, 22, 77)",1.0,3.23960088117144e-05
964_34,mp-1228125,Ba4 Cd4 Pb4,964,201,0.4999999999999996,48,0,na,"(48, 56, 82)",1.0,3.239705834710208e-05
1564_3,mp-866292,Ba8 Tl4 Cd4,1564,110,0.25,32,0,na,"(48, 56, 81)",1.0,3.2398107950495694e-05
1302_44,mp-1215600,Zr4 Co2 Ni2,1302,010,0.3876710717533242,16,0,na,"(27, 28, 40)",1.0,3.239915762190183e-05
1757_18,mp-12696,Y3 Mg3 Pd3,1757,212,0.3136764737508676,72,0,na,"(12, 39, 46)",1.0,3.240020736132711e-05
2131_5,mp-861639,Ti8 Co4 Ir4,2131,210,0.0625,64,0,na,"(22, 27, 77)",1.0,3.240125716877815e-05
1091_23,mp-11743,Li1 Y1 Ga4,1091,201,0.1166433811899859,36,0,na,"(3, 31, 39)",1.0,3.240230704426155e-05
1338_3,mp-867761,Sc8 Co4 Ru4,1338,110,0.25,48,0,na,"(21, 27, 44)",1.0,3.240335698778393e-05
1712_9,mp-1219656,Rb2 Si8 Pt8,1712,110,0.2125735277945253,36,0,na,"(14, 37, 78)",1.0,3.2404406999351915e-05
2505_21,mp-30580,Sr3 Ga3 Cu6,2505,10-2,0.5000000000000002,36,0,na,"(29, 31, 38)",1.0,3.2405457078972096e-05
2071_6,mp-862719,Li4 Y8 Os4,2071,100,0.125,32,0,na,"(3, 39, 76)",1.0,3.240650722665111e-05
1299_8,mp-10676,Sc4 Al2 Si4,1299,212,0.0439986560391272,80,0,na,"(13, 14, 21)",1.0,3.2407557442395564e-05
1284_35,mp-1079845,Mn3 Ni3 As3,1284,101,0.2927591497014111,36,0,na,"(25, 28, 33)",1.0,3.240860772621208e-05
1295_36,mp-1205892,Zr6 Co1 Sb2,1295,201,0.3333333333333333,45,0,na,"(27, 40, 51)",1.0,3.2409658078107274e-05
1157_1,mp-567097,Li4 Cu8 Ge4,1157,111,0.3750000000000002,48,0,na,"(3, 29, 32)",1.0,3.241070849808777e-05
1609_3,mp-1215570,Zr6 Sn8 Sb4,1609,111,0.5811852104896859,54,0,na,"(40, 50, 51)",1.0,3.241175898616018e-05
1296_4,mp-1216963,Ti1 Cr1 As2,1296,110,0.4999999999999998,24,0,na,"(22, 24, 33)",1.0,3.241280954233113e-05
1750_91,mp-1227661,Ca4 Zn6 Ga2,1750,10-2,0.0029459767903299,48,0,na,"(20, 30, 31)",1.0,3.241386016660724e-05
1467_1,mp-865163,Hf4 Be4 Rh8,1467,111,0.3750000000000002,48,0,na,"(4, 45, 72)",1.0,3.241491085899514e-05
1609_28,mp-1215570,Zr6 Sn8 Sb4,1609,210,0.0651737843913977,72,0,na,"(40, 50, 51)",1.0,3.241596161950144e-05
1272_15,mp-1079729,Sc3 Mn3 Ge3,1272,110,0.9168207371026824,36,0,na,"(21, 25, 32)",1.0,3.241701244813278e-05
1688_28,mp-567197,Y2 Sn2 Au2,1688,100,0.5,18,0,na,"(39, 50, 79)",1.0,3.2418063344895776e-05
1440_12,mp-1206674,Y3 Cd3 Au3,1440,110,0.6294296676574085,27,0,na,"(39, 48, 79)",1.0,3.241911430979706e-05
1298_6,mp-30737,Y3 Mg3 Ag3,1298,221,0.1624178851396111,54,0,na,"(12, 39, 47)",1.0,3.242016534284325e-05
2099_31,mp-14205,K9 Cu9 As6,2099,001,0.1279795832204927,24,0,na,"(19, 29, 33)",1.0,3.242121644404098e-05
1820_49,mp-1091398,Y3 Si3 Ag3,1820,102,0.062445138787421,54,0,na,"(14, 39, 47)",1.0,3.242226761339688e-05
1201_11,mp-1222144,Mg2 Ag1 Pd1,1201,201,0.0668883196343673,32,0,na,"(12, 46, 47)",1.0,3.242331885091758e-05
1995_24,mp-13570,Mg2 Sc4 Ga4,1995,100,0.1494670976637451,20,0,na,"(12, 21, 31)",1.0,3.242437015660971e-05
1912_9,mp-1217067,Ti2 Re1 Os1,1912,101,0.1253283097118398,16,0,na,"(22, 75, 76)",1.0,3.2425421530479896e-05
947_40,mp-31294,Sr4 In6 Rh4,947,20-1,0.161715535772247,28,0,na,"(38, 45, 49)",1.0,3.242647297253478e-05
1229_7,mp-10381,K8 Cu4 Sb4,1229,110,0.131356140610297,32,0,na,"(19, 29, 51)",1.0,3.2427524482780983e-05
974_84,mp-1228701,Al8 Ge4 W6,974,012,0.1036504498871729,72,0,na,"(13, 32, 74)",1.0,3.242857606122515e-05
1422_8,mp-569006,Sr2 As4 Rh4,1422,22-1,0.2501181938981103,60,0,na,"(33, 38, 45)",1.0,3.242962770787391e-05
1977_34,mp-1080715,Sc3 Si3 Ru3,1977,201,0.1666666666666666,45,0,na,"(14, 21, 44)",1.0,3.243067942273391e-05
1119_7,mp-10379,Hf3 Cu4 Ge2,1119,221,0.2890423530919469,72,0,na,"(29, 32, 72)",1.0,3.243173120581177e-05
2485_38,mp-1216081,Y2 Ga3 Cu1,2485,2-12,0.3569264921595483,36,0,na,"(29, 31, 39)",1.0,3.243278305711413e-05
1582_19,mp-1025165,Zr2 V4 Ga8,1582,201,0.0885088448360456,56,0,na,"(23, 31, 40)",1.0,3.243383497664764e-05
2027_35,mp-1079597,Sc3 Ge3 Rh3,2027,101,0.2888832632683498,36,0,na,"(21, 32, 45)",1.0,3.243488696441893e-05
1269_3,mp-3676,Mg4 Cu16 Sn4,1269,111,0.8122650219796199,72,0,na,"(12, 29, 50)",1.0,3.243593902043464e-05
2407_36,mp-11201,Sc6 Fe1 Sb2,2407,201,0.0698939159340526,36,0,na,"(21, 26, 51)",1.0,3.243699114470142e-05
1624_53,mp-1078825,Sr4 Cd8 Pd4,1624,021,0.1638740541063673,64,0,na,"(38, 46, 48)",1.0,3.24380433372259e-05
2412_16,mp-20401,Hf2 Cu2 Si4,2412,101,0.5872752513751602,24,0,na,"(14, 29, 72)",1.0,3.2439095598014726e-05
1575_24,mp-1018782,Li3 Y1 Bi2,1575,102,0.1349647162981331,24,0,na,"(3, 39, 83)",1.0,3.244014792707455e-05
1439_1,mp-864631,Li4 Nb4 Rh8,1439,111,0.3750000000000002,48,0,na,"(3, 41, 45)",1.0,3.2441200324412e-05
1506_33,mp-31080,Y4 Al4 Si4,1506,011,0.02750328977341,24,0,na,"(13, 14, 39)",1.0,3.244225279003374e-05
1459_11,mp-7361,Sr2 Co4 Ge4,1459,101,0.125,30,0,na,"(27, 32, 38)",1.0,3.2443305323946404e-05
2278_41,mp-4022,Zr8 Co4 Si8,2278,201,0.1999120006893184,80,0,na,"(14, 27, 40)",1.0,3.244435792615664e-05
1339_24,mp-1077470,Ca2 Ni2 Ge2,1339,112,0.25,36,0,na,"(20, 28, 32)",1.0,3.24454105966711e-05
1640_35,mp-1205957,Hf6 Ni1 Bi2,1640,201,0.1944755416822278,45,0,na,"(28, 72, 83)",1.0,3.244646333549643e-05
1503_20,mp-1079079,Hf3 As3 Ru3,1503,212,0.4166666666666666,72,0,na,"(33, 44, 72)",1.0,3.244751614263928e-05
1220_75,mp-1218342,Sr2 Cd2 Sn2,1220,11-2,0.2499999999999997,36,0,na,"(38, 48, 50)",1.0,3.24485690181063e-05
1953_8,mp-862750,Sr4 Ni4 Sn8,1953,110,0.0,48,0,na,"(28, 38, 50)",1.0,3.2449621961904146e-05
1718_6,mp-866087,Mg4 Si4 Rh8,1718,100,0.125,32,0,na,"(12, 14, 45)",1.0,3.245067497403946e-05
1546_21,mp-1077453,Hf4 Cu4 Ge4,1546,102,0.0804461505837004,48,0,na,"(29, 32, 72)",1.0,3.2451728054518906e-05
1789_2,mp-1224408,Hf6 Al2 Co1,1789,111,0.7268114502467891,36,0,na,"(13, 27, 72)",1.0,3.245278120334913e-05
2048_23,mp-15684,K8 Cu4 As4,2048,100,0.0737077502057275,32,0,na,"(19, 29, 33)",1.0,3.2453834420536785e-05
901_2,mp-5109,Y2 Ni4 Ge4,901,221,0.0322728522035404,80,0,na,"(28, 32, 39)",1.0,3.245488770608854e-05
1480_4,mp-1008680,Ti4 Ge4 Pt4,1480,221,0.1875,72,0,na,"(22, 32, 78)",1.0,3.245594106001104e-05
2260_3,mp-862258,Sc8 Zn4 Pt4,2260,110,0.25,48,0,na,"(21, 30, 78)",1.0,3.2456994482310936e-05
2486_48,mp-1080526,Zr6 Ga2 Fe1,2486,102,0.1838629966320736,72,0,na,"(26, 31, 40)",1.0,3.245804797299491e-05
1088_12,mp-20533,Sr4 In8 Pt4,1088,110,0.5000000000000002,48,0,na,"(38, 49, 78)",1.0,3.245910153206959e-05
2156_1,mp-9472,Li4 Ag8 Ge4,2156,111,0.3750000000000002,48,0,na,"(3, 32, 47)",1.0,3.2460155159541666e-05
1314_16,mp-1227322,Bi2 Pd1 Pt1,1314,100,0.5,12,0,na,"(46, 78, 83)",1.0,3.2461208855417776e-05
1911_5,mp-977361,Zn4 Fe4 Rh8,1911,210,0.0624999999999999,64,0,na,"(26, 30, 45)",1.0,3.246226261970459e-05
1449_21,mp-12903,Y2 Ag2 Te4,1449,211,0.1413332934230275,64,0,na,"(39, 47, 52)",1.0,3.2463316452408776e-05
2018_3,mp-1247807,Hf6 Ga2 Co1,2018,111,0.8256950900116493,36,0,na,"(27, 31, 72)",1.0,3.2464370353536995e-05
2416_50,mp-1206500,Sc6 Mn1 Te2,2416,102,0.25,54,0,na,"(21, 25, 52)",1.0,3.24654243230959e-05
2059_28,mp-7431,Sr1 Zn2 Sb2,2059,001,0.1353818406246532,10,0,na,"(30, 38, 51)",1.0,3.246647836109217e-05
2006_6,mp-1188022,Zr4 Mn4 Rh8,2006,100,0.125,32,0,na,"(25, 40, 45)",1.0,3.246753246753247e-05
1368_3,mp-30774,Mg4 Ni8 Sn4,1368,110,0.25,48,0,na,"(12, 28, 50)",1.0,3.2468586642423456e-05
2399_10,mp-13920,Ba2 Zn4 Sn4,2399,212,0.3132746553909235,60,0,na,"(30, 50, 56)",1.0,3.2469640885771804e-05
1742_13,mp-1206356,Y4 Ga2 Co4,1742,210,0.1249999999999999,60,0,na,"(27, 31, 39)",1.0,3.247069519758418e-05
1797_15,mp-1025294,Cd1 As1 Pd5,1797,201,0.0724810712119445,42,0,na,"(33, 46, 48)",1.0,3.247174957786725e-05
1951_5,mp-866096,Hf4 Zn4 Co8,1951,210,0.0624999999999999,64,0,na,"(27, 30, 72)",1.0,3.2472804026627696e-05
1772_5,mp-862365,Sc8 Os4 Pd4,1772,210,0.0625,64,0,na,"(21, 46, 76)",1.0,3.2473858543872184e-05
1076_6,mp-867242,Sc8 Zn4 Ga4,1076,100,0.125,32,0,na,"(21, 30, 31)",1.0,3.2474913129607376e-05
1798_1,mp-862694,Al8 Ir4 Rh4,1798,111,0.375,48,0,na,"(13, 45, 77)",1.0,3.247596778383996e-05
2026_18,mp-1078547,Y2 Sn2 Pt4,2026,201,0.0847392976500405,48,0,na,"(39, 50, 78)",1.0,3.24770225065766e-05
1676_16,mp-1078767,Hf3 Al3 Ni3,1676,212,0.2087222155731691,72,0,na,"(13, 28, 72)",1.0,3.247807729782397e-05
2450_42,mp-1225227,Fe9 Co9 Si6,2450,10-1,0.1462007877659708,72,0,na,"(14, 26, 27)",1.0,3.247913215758875e-05
1977_15,mp-1080715,Sc3 Si3 Ru3,1977,212,0.2072854693056078,72,0,na,"(14, 21, 44)",1.0,3.248018708587761e-05
1845_4,mp-31451,Zr4 Co4 Bi4,1845,221,0.1875,72,0,na,"(27, 40, 83)",1.0,3.248124208269724e-05
961_7,mp-1079130,Ba8 Zn4 Bi8,961,110,0.2298046042568594,40,0,na,"(30, 56, 83)",1.0,3.248229714805431e-05
1084_32,mp-1205741,Ti3 Mn3 As3,1084,210,0.4559227421561385,54,0,na,"(22, 25, 33)",1.0,3.24833522819555e-05
1299_30,mp-10676,Sc4 Al2 Si4,1299,102,0.125,60,0,na,"(13, 14, 21)",1.0,3.2484407484407486e-05
943_28,mp-1223891,In3 Sn1 Au4,943,122,0.1259198206083347,48,0,na,"(49, 50, 79)",1.0,3.248546275541695e-05
2378_21,mp-1205864,Y4 Cd2 Cu4,2378,201,0.4999999999999998,40,0,na,"(29, 39, 48)",1.0,3.248651809499058e-05
2027_28,mp-1079597,Sc3 Ge3 Rh3,2027,210,0.2327058870604243,54,0,na,"(21, 32, 45)",1.0,3.248757350313505e-05
1762_48,mp-31347,Y3 In3 Rh3,1762,102,0.1849245167641567,54,0,na,"(39, 45, 49)",1.0,3.248862897985705e-05
1307_17,mp-30805,Sr2 Ni2 Sn6,1307,101,0.12549739610124,30,0,na,"(28, 38, 50)",1.0,3.248968452516326e-05
2383_30,mp-22167,Zr6 Ga2 Co1,2383,210,0.4522714286306168,36,0,na,"(27, 31, 40)",1.0,3.249074013906037e-05
1432_43,mp-1095180,Ca8 Cd4 As8,1432,122,0.0883902070238136,80,0,na,"(20, 33, 48)",1.0,3.2491795821555056e-05
2186_46,mp-1216085,Y6 Zn4 Au8,2186,201,0.050885023929613,72,0,na,"(30, 39, 79)",1.0,3.249285157265401e-05
2322_27,mp-21505,Y3 Ag3 Pb3,2322,210,0.1899689639744236,54,0,na,"(39, 47, 82)",1.0,3.249390739236393e-05
1518_5,mp-1080614,Cs8 Sb8 Pt4,1518,221,0.077123219708783,80,0,na,"(51, 55, 78)",1.0,3.249496328069149e-05
955_37,mp-1079075,Y4 Ga8 Pd4,955,112,0.2500000000000001,64,0,na,"(31, 39, 46)",1.0,3.249601923764339e-05
2101_38,mp-8719,K8 Mn4 Te8,2101,112,0.0731633542466241,60,0,na,"(19, 25, 52)",1.0,3.249707526322631e-05
1003_14,mp-1087485,Y3 In3 Pd3,1003,212,0.0645769679570768,72,0,na,"(39, 46, 49)",1.0,3.2498131357446946e-05
2311_48,mp-10049,Mn3 As3 Ru3,2311,102,0.2499999999999997,54,0,na,"(25, 33, 44)",1.0,3.249918752031199e-05
1440_43,mp-1206674,Y3 Cd3 Au3,1440,2-12,0.2692706328656449,54,0,na,"(39, 48, 79)",1.0,3.250024375182814e-05
1633_21,mp-20354,Mg2 Mn2 Ge2,1633,112,0.0352358724973491,36,0,na,"(12, 25, 32)",1.0,3.2501300052002083e-05
1623_0,mp-867788,Ta4 Ga4 Os8,1623,111,0.1249999999999997,48,0,na,"(31, 73, 76)",1.0,3.250235642084051e-05
1094_0,mp-862290,Li4 Fe4 Rh8,1094,111,0.1250000000000002,48,0,na,"(3, 26, 45)",1.0,3.2503412858350125e-05
2407_27,mp-11201,Sc6 Fe1 Sb2,2407,210,0.231549855133796,36,0,na,"(21, 26, 51)",1.0,3.2504469364537626e-05
1422_19,mp-569006,Sr2 As4 Rh4,1422,20-1,0.1255003524716418,40,0,na,"(33, 38, 45)",1.0,3.25055259394097e-05
2518_9,mp-1219296,Sc4 Ga4 Cu4,2518,110,0.3140374728414787,36,0,na,"(21, 29, 31)",1.0,3.250658258297305e-05
2587_0,mp-19963,Ti4 Fe8 Sn4,2587,111,0.125,48,0,na,"(22, 26, 50)",1.0,3.250763929523438e-05
1786_29,mp-20832,Zn2 In4 Te8,1786,101,0.958185175670689,28,0,na,"(30, 49, 52)",1.0,3.250869607620038e-05
1393_6,mp-1079238,Zr3 Re3 Si3,1393,221,0.4042302719432911,63,0,na,"(14, 40, 75)",1.0,3.250975292587776e-05
2277_51,mp-1025520,Ba4 In8 Pd4,2277,011,0.2499999999999999,32,0,na,"(46, 49, 56)",1.0,3.251080984427322e-05
1458_38,mp-31297,Sc3 In3 Pt3,1458,100,0.1367882995355067,18,0,na,"(21, 49, 78)",1.0,3.2511866831393456e-05
2331_58,mp-1079666,Ba8 Cd4 As8,2331,120,0.1727322972712991,60,0,na,"(33, 48, 56)",1.0,3.251292388724518e-05
1670_35,mp-21027,Ca4 In8 Pt4,1670,120,0.1735977198631033,48,0,na,"(20, 49, 78)",1.0,3.251398101183509e-05
1734_16,mp-7879,Sr2 Ag4 Ge4,1734,112,0.1150207348945819,40,0,na,"(32, 38, 47)",1.0,3.251503820516989e-05
2176_23,mp-1215639,Zr4 Ga6 Cu2,2176,11-1,0.99431653412763,36,0,na,"(29, 31, 40)",1.0,3.251609546725629e-05
2550_28,mp-10991,Y2 Cu2 As4,2550,001,0.4198251453361087,16,0,na,"(29, 33, 39)",1.0,3.2517152798100995e-05
1518_31,mp-1080614,Cs8 Sb8 Pt4,1518,100,0.25,40,0,na,"(51, 55, 78)",1.0,3.251821019771072e-05
1119_0,mp-10379,Hf3 Cu4 Ge2,1119,111,0.0441898632891852,45,0,na,"(29, 32, 72)",1.0,3.2519267666092156e-05
1810_32,mp-1220866,Na1 Sn2 Pd3,1810,102,0.2871393638625777,36,0,na,"(11, 46, 50)",1.0,3.252032520325203e-05
968_13,mp-1215217,Zr4 Nb4 Cr16,968,100,0.0626065723496438,48,0,na,"(24, 40, 41)",1.0,3.252138280919705e-05
1473_36,mp-7774,Na8 Sb4 Au4,1473,120,0.125,64,0,na,"(11, 51, 79)",1.0,3.252244048393391e-05
2092_5,mp-12759,Zn4 Cu2 Au2,2092,221,0.125,64,0,na,"(29, 30, 79)",1.0,3.2523498227469345e-05
1422_34,mp-569006,Sr2 As4 Rh4,1422,010,0.1250590969490552,20,0,na,"(33, 38, 45)",1.0,3.252455603981006e-05
1817_0,mp-2927,Li4 Ag8 Sn4,1817,111,0.1250000000000002,48,0,na,"(3, 47, 50)",1.0,3.252561392096276e-05
1720_18,mp-1228809,Al2 Re2 Si2,1720,201,0.126923584168745,48,0,na,"(13, 14, 75)",1.0,3.258602711157456e-05
2113_13,mp-29135,Zr6 Co1 As2,2113,110,0.8763743054802688,27,0,na,"(27, 33, 40)",1.0,3.2587088995340047e-05
1960_37,mp-1226048,Co1 Ni1 Te4,1960,021,0.2072430831605236,36,0,na,"(27, 28, 52)",1.0,3.2588150948315195e-05
2179_20,mp-1078242,Y2 Al2 Pd4,2179,100,0.1666666666666666,24,0,na,"(13, 39, 46)",1.0,3.2589212970506765e-05
1695_14,mp-30563,Zr3 Co3 Sn3,1695,212,0.1835954179187985,72,0,na,"(27, 40, 50)",1.0,3.259027506192152e-05
1587_19,mp-1008511,Ba3 Ga3 Cu6,1587,102,0.1666666666666665,36,0,na,"(29, 31, 56)",1.0,3.2591337222566244e-05
2123_27,mp-1025315,Mn2 Al4 Te8,2123,201,0.0608609488339804,56,0,na,"(13, 25, 52)",1.0,3.259239945244769e-05
1760_13,mp-1206088,Y4 Si8 Ni4,1760,110,0.5,48,0,na,"(14, 28, 39)",1.0,3.259346175157264e-05
1261_16,mp-1079080,Cs1 Cd4 As3,1261,101,0.1820863558575638,24,0,na,"(33, 48, 55)",1.0,3.259452411994785e-05
1403_23,mp-1222174,Mg2 Zn1 As2,1403,101,0.4993219685957513,20,0,na,"(12, 30, 33)",1.0,3.2595586557580104e-05
1584_43,mp-1206350,K4 Te4 Pd2,1584,001,0.1010089751958016,10,0,na,"(19, 46, 52)",1.0,3.2596649064476175e-05
2194_22,mp-31438,Y4 Zr4 Sb4,2194,102,0.1905971604838187,36,0,na,"(39, 40, 51)",1.0,3.2597711640642824e-05
1220_56,mp-1218342,Sr2 Cd2 Sn2,1220,1-10,0.1418677662820437,24,0,na,"(38, 48, 50)",1.0,3.259877428608684e-05
2194_15,mp-31438,Y4 Zr4 Sb4,2194,201,0.0332467450281814,72,0,na,"(39, 40, 51)",1.0,3.2599837000814995e-05
1700_0,mp-30821,Li4 Al8 Rh4,1700,111,0.125,48,0,na,"(3, 13, 45)",1.0,3.260089978483406e-05
1638_57,mp-9673,K8 Ni4 As8,1638,010,0.1543381077515952,20,0,na,"(19, 28, 33)",1.0,3.2601962638150814e-05
1728_26,mp-1078703,Na3 Zn12 As9,1728,10-1,0.0702011340817207,72,0,na,"(11, 30, 33)",1.0,3.260302556077204e-05
1424_0,mp-1078362,Ca8 Al4 Pt8,1424,111,0.0,60,0,na,"(13, 20, 78)",1.0,3.260408855270451e-05
2601_29,mp-1070137,Ba2 Si6 Pd2,2601,112,0.7629767454403797,40,0,na,"(14, 46, 56)",1.0,3.2605151613955e-05
1810_33,mp-1220866,Na1 Sn2 Pd3,1810,102,0.4121393638625779,36,0,na,"(11, 46, 50)",1.0,3.260621474453031e-05
1411_16,mp-1217923,Ta1 Ni6 Mo1,1411,110,0.2520804502837279,32,0,na,"(28, 42, 73)",1.0,3.2607277944437195e-05
1279_25,mp-1205792,Zr6 Ni1 Te2,1279,210,0.1850218277014222,36,0,na,"(28, 40, 52)",1.0,3.260834121368246e-05
1449_11,mp-12903,Y2 Ag2 Te4,1449,221,0.4784168860523595,48,0,na,"(39, 47, 52)",1.0,3.260940455227288e-05
2283_22,mp-9744,Ba1 As1 Pd1,2283,102,0.0833333333333333,18,0,na,"(33, 46, 56)",1.0,3.261046796021523e-05
1441_18,mp-13416,Sc4 In2 Ni4,1441,101,0.25,40,0,na,"(21, 28, 49)",1.0,3.2611531437516305e-05
1254_4,mp-1224393,Hf6 Al2 Fe1,1254,221,0.1437281120815399,54,0,na,"(13, 26, 72)",1.0,3.261259498418289e-05
1684_12,mp-5541,Zr2 V2 Si2,1684,210,0.125,48,0,na,"(14, 23, 40)",1.0,3.261365860022177e-05
1938_3,mp-9025,Y2 Si2 Au2,1938,212,0.0399596491366431,48,0,na,"(14, 39, 79)",1.0,3.2614722285639735e-05
2247_0,mp-5159,Li4 Ga8 Pd4,2247,111,0.125,48,0,na,"(3, 31, 46)",1.0,3.2615786040443576e-05
1767_15,mp-10797,Ca2 Si2 Ni4,1767,101,0.3550327941109614,32,0,na,"(14, 20, 28)",1.0,3.2616849864640075e-05
1403_9,mp-1222174,Mg2 Zn1 As2,1403,221,0.4412237998986601,50,0,na,"(12, 30, 33)",1.0,3.2617913758236024e-05
2249_4,mp-1228829,Al1 V6 Ge1,2249,110,0.124874775548342,24,0,na,"(13, 23, 32)",1.0,3.261897772123822e-05
2543_16,mp-1078729,Zr6 Cu1 Bi2,2543,212,0.4166666666666666,72,0,na,"(29, 40, 83)",1.0,3.262004175365344e-05
1360_20,mp-1227436,Ca2 Ga7 Au1,1360,212,0.3754558438771659,60,0,na,"(20, 31, 79)",1.0,3.26211058554885e-05
1006_3,mp-864921,Mg4 Zr4 Ir8,1006,110,0.2500000000000001,48,0,na,"(12, 40, 77)",1.0,3.262217002675018e-05
1575_26,mp-1018782,Li3 Y1 Bi2,1575,001,0.1236754922741383,12,0,na,"(3, 39, 83)",1.0,3.2623234267445275e-05
2299_18,mp-7366,Sr2 Ag4 Sn4,2299,102,0.1213655868439005,30,0,na,"(38, 47, 50)",1.0,3.262429857758058e-05
1344_3,mp-9437,Nb4 Fe4 Sb4,1344,221,0.0625000000000002,72,0,na,"(26, 41, 51)",1.0,3.26253629571629e-05
1832_73,mp-1227660,Ca4 Zn2 Ga6,1832,120,0.0523110611259651,72,0,na,"(20, 30, 31)",1.0,3.2626427406199024e-05
1078_40,mp-11073,Ti3 In3 Rh2,1078,2-12,0.1599554768012616,64,0,na,"(22, 45, 49)",1.0,3.2627491924695746e-05
1811_5,mp-865041,Hf4 Sc4 Rh8,1811,210,0.0625,64,0,na,"(21, 45, 72)",1.0,3.262855651265988e-05
1736_20,mp-1227265,Ca4 Pt2 Au2,1736,210,0.1950214287931774,48,0,na,"(20, 78, 79)",1.0,3.2629621170098216e-05
2076_1,mp-11869,Hf4 Sn4 Pd4,2076,111,0.375,36,0,na,"(46, 50, 72)",1.0,3.263068589701755e-05
1292_9,mp-1079785,Y4 Cd2 Ge4,1292,212,0.1108026453911774,60,0,na,"(32, 39, 48)",1.0,3.26317506934247e-05
1362_48,mp-7829,Mn3 Nb3 Si3,1362,102,0.1445334009098159,72,0,na,"(14, 25, 41)",1.0,3.263281555932646e-05
2108_12,mp-2949,Ca2 Ni4 Ge4,2108,101,0.5,30,0,na,"(20, 28, 32)",1.0,3.263388049472963e-05
2615_46,mp-21024,Sr4 In8 Pd4,2615,011,0.0639351885320315,32,0,na,"(38, 46, 49)",1.0,3.2679738562091506e-05
1473_9,mp-7774,Na8 Sb4 Au4,1473,110,0.1080259101428459,32,0,na,"(11, 51, 79)",1.0,3.2680806562305956e-05
1505_0,mp-862256,Cu8 Pd4 Au4,1505,111,0.125,48,0,na,"(29, 46, 79)",1.0,3.268187463232891e-05
2264_16,mp-13963,Hf2 Si2 Te2,2264,101,0.0791619420489234,18,0,na,"(14, 52, 72)",1.0,3.268294277216721e-05
2486_4,mp-1080526,Zr6 Ga2 Fe1,2486,111,0.902118653194961,36,0,na,"(26, 31, 40)",1.0,3.268401098182769e-05
2268_5,mp-862370,Sc8 Pd4 Ru4,2268,210,0.0625,64,0,na,"(21, 44, 46)",1.0,3.268507926131721e-05
2493_37,mp-568664,Ca2 Ag2 Bi2,2493,001,0.4308507763065883,12,0,na,"(20, 47, 83)",1.0,3.268614761064261e-05
1091_38,mp-11743,Li1 Y1 Ga4,1091,001,0.1121419958129303,12,0,na,"(3, 31, 39)",1.0,3.268721602981074e-05
1949_74,mp-9902,Sc8 Co4 Si8,1949,102,0.0932776111009856,80,0,na,"(14, 21, 27)",1.0,3.268828451882845e-05
1113_54,mp-1080561,Ca4 Ga8 Ni4,1113,021,0.1354420983121294,64,0,na,"(20, 28, 31)",1.0,3.268935307770259e-05
2366_37,mp-15987,Hf3 Cu4 Si2,2366,101,0.4166666666666666,36,0,na,"(14, 29, 72)",1.0,3.269042170644001e-05
1011_21,mp-9743,Sr2 As2 Pd2,1011,001,0.1249999999999999,12,0,na,"(33, 38, 46)",1.0,3.269149040504757e-05
1498_0,mp-977427,Zn8 Pt4 Rh4,1498,111,0.1250000000000002,48,0,na,"(30, 45, 78)",1.0,3.26925591735321e-05
1980_6,mp-867233,Sc8 Zn4 Ir4,1980,100,0.125,32,0,na,"(21, 30, 77)",1.0,3.269362801190048e-05
1757_9,mp-12696,Y3 Mg3 Pd3,1757,110,0.0880392283368039,27,0,na,"(12, 39, 46)",1.0,3.269469692015955e-05
1802_6,mp-30395,Sc4 In4 Au8,1802,100,0.125,32,0,na,"(21, 49, 79)",1.0,3.269576589831617e-05
1607_3,mp-1186206,Nb8 Mo4 Ru4,1607,110,0.25,48,0,na,"(41, 42, 44)",1.0,3.269683494637719e-05
1869_51,mp-1080464,Ba6 Cd4 As8,1869,100,0.25,18,0,na,"(33, 48, 56)",1.0,3.2697904064349474e-05
1661_37,mp-1218620,Sr4 Cd4 Pb4,1661,100,0.098262421985991,24,0,na,"(38, 48, 82)",1.0,3.269897325223988e-05
1566_1,mp-862706,Be4 Co8 Ge4,1566,111,0.375,64,0,na,"(4, 27, 32)",1.0,3.2700042510055265e-05
1362_29,mp-7829,Mn3 Nb3 Si3,1362,210,0.358175398413375,54,0,na,"(14, 25, 41)",1.0,3.2701111837802485e-05
1576_9,mp-1018736,K2 Cd2 As2,1576,212,0.125,36,0,na,"(19, 33, 48)",1.0,3.270218123548841e-05
1370_30,mp-1095158,Hf3 Ga3 Co3,1370,101,0.1802874283137791,36,0,na,"(27, 31, 72)",1.0,3.270325070311989e-05
1632_32,mp-568695,Ca3 Cd3 Sn3,1632,210,0.3994770331684911,36,0,na,"(20, 48, 50)",1.0,3.27043202407038e-05
1989_30,mp-13203,Sc2 Cu2 Sn2,1989,2-12,0.220831868093274,36,0,na,"(21, 29, 50)",1.0,3.270538984824699e-05
2159_59,mp-1205648,Rb8 Ni4 As8,2159,012,0.0238726303423728,80,0,na,"(28, 33, 37)",1.0,3.2706459525756336e-05
1497_28,mp-3618,Sc8 Fe4 Si8,1497,210,0.0582182875513339,80,0,na,"(14, 21, 26)",1.0,3.27075292732387e-05
2241_6,mp-1068239,Sr2 Ge6 Pt2,2241,221,0.1643483581245528,80,0,na,"(32, 38, 78)",1.0,3.270859909070094e-05
2447_6,mp-866152,Ti4 Be4 Co8,2447,100,0.125,32,0,na,"(4, 22, 27)",1.0,3.270966897814994e-05
1043_1,mp-864906,Mg4 Sn4 Ir8,1043,111,0.375,48,0,na,"(12, 50, 77)",1.0,3.2710738935592555e-05
1025_52,mp-7544,Zr3 Si3 Ru3,1025,001,0.25,27,0,na,"(14, 40, 44)",1.0,3.271180896303566e-05
2057_13,mp-621176,Y3 In3 Au3,2057,110,0.8706020047973908,27,0,na,"(39, 49, 79)",1.0,3.2712879060486114e-05
1440_45,mp-1206674,Y3 Cd3 Au3,1440,2-12,0.4525993989538932,54,0,na,"(39, 48, 79)",1.0,3.2713949227950796e-05
2320_15,mp-20865,Y2 Cu2 Pb2,2320,210,0.0833333333333333,48,0,na,"(29, 39, 82)",1.0,3.271501946543658e-05
1632_29,mp-568695,Ca3 Cd3 Sn3,1632,210,0.2302151139287857,36,0,na,"(20, 48, 50)",1.0,3.2716089772950334e-05
1352_1,mp-1068035,Ca4 Mg2 Pd4,1352,111,0.2321737928900306,40,0,na,"(12, 20, 46)",1.0,3.271716015049893e-05
1506_3,mp-31080,Y4 Al4 Si4,1506,221,0.1031546264901024,72,0,na,"(13, 14, 39)",1.0,3.2718230598089256e-05
1280_20,mp-1216581,V8 Fe4 Si4,1280,210,0.0892094900691153,64,0,na,"(14, 23, 26)",1.0,3.2719301115728166e-05
1506_30,mp-31080,Y4 Al4 Si4,1506,112,0.0734226867549487,72,0,na,"(13, 14, 39)",1.0,3.272037170342255e-05
1316_2,mp-30493,Zn1 Cd1 Pt2,1316,221,0.0560391528282392,40,0,na,"(30, 48, 78)",1.0,3.2721442361179283e-05
1055_2,mp-924129,Zr4 Ni4 Sn4,1055,111,0.875,36,0,na,"(28, 40, 50)",1.0,3.272251308900524e-05
2019_4,mp-1095145,Ti3 Re3 Si3,2019,111,0.75,45,0,na,"(14, 22, 75)",1.0,3.2723583886907294e-05
2239_5,mp-1068891,Sr2 Cu4 Sn4,2239,221,0.2499999999999999,60,0,na,"(29, 38, 50)",1.0,3.272465475489233e-05
963_9,mp-8720,Rb8 Mn4 Te8,963,212,0.0218940663764333,80,0,na,"(25, 37, 52)",1.0,3.272572569296724e-05
1182_5,mp-861918,Sc8 Tl4 Cd4,1182,210,0.0624999999999999,64,0,na,"(21, 48, 81)",1.0,3.2770768474520726e-05
2348_20,mp-11977,Li2 Sn2 Au2,2348,102,0.25,36,0,na,"(3, 50, 79)",1.0,3.2771842432981584e-05
1106_2,mp-9767,Ba4 As8 Pd4,1106,111,0.3962301724515882,64,0,na,"(33, 46, 56)",1.0,3.2772916461835936e-05
1620_41,mp-568866,Na12 Zn2 Sn4,1620,201,0.2340993258146415,72,0,na,"(11, 30, 50)",1.0,3.2801941874959e-05
2401_2,mp-1228041,Al1 Si1 Ni6,2401,221,0.0642698775432411,80,0,na,"(13, 14, 28)",1.0,3.280301787764474e-05
1284_47,mp-1079845,Mn3 Ni3 As3,1284,2-12,0.4369537584826277,72,0,na,"(25, 28, 33)",1.0,3.2804093950925076e-05
1336_45,mp-5615,Ca3 Ag3 As3,1336,2-12,0.1874533801116981,54,0,na,"(20, 33, 47)",1.0,3.280517009480694e-05
2339_19,mp-1018713,Hf2 Cu2 Sn2,2339,101,0.5475831377463887,24,0,na,"(29, 50, 72)",1.0,3.280624630929729e-05
1404_12,mp-15608,Ba2 Mn4 As4,1404,101,0.3024301788970973,30,0,na,"(25, 33, 56)",1.0,3.2807322594403074e-05
1832_63,mp-1227660,Ca4 Zn2 Ga6,1832,20-1,0.4979037717097263,24,0,na,"(20, 30, 31)",1.0,3.280839895013123e-05
1394_22,mp-5031,Ta2 Si2 As2,1394,102,0.2499999999999999,24,0,na,"(14, 33, 73)",1.0,3.280947537648873e-05
2363_32,mp-1217093,Ti8 Nb4 Al4,2363,120,0.0274766127459072,64,0,na,"(13, 22, 41)",1.0,3.281055187348251e-05
2505_19,mp-30580,Sr3 Ga3 Cu6,2505,102,0.1666666666666666,36,0,na,"(29, 31, 38)",1.0,3.281162844111953e-05
1747_1,mp-866153,Ti4 Al4 Rh8,1747,111,0.375,48,0,na,"(13, 22, 45)",1.0,3.281270507940675e-05
1879_0,mp-863724,In4 Pd8 Au4,1879,111,0.125,48,0,na,"(46, 49, 79)",1.0,3.281378178835111e-05
1030_1,mp-4488,Sr2 Fe4 As4,1030,111,0.1986173877743868,40,0,na,"(26, 33, 38)",1.0,3.2814858567959574e-05
2288_6,mp-4922,Mn4 Al4 Ni8,2288,100,0.125,32,0,na,"(13, 25, 28)",1.0,3.2815935418239094e-05
2533_37,mp-1069824,Ca4 Cd2 Pt4,2533,012,0.0241397250016496,40,0,na,"(20, 48, 78)",1.0,3.281701233919664e-05
1429_34,mp-31011,Y8 Si8 Rh4,1429,101,0.0,40,0,na,"(14, 39, 45)",1.0,3.2818089330839157e-05
1844_5,mp-568113,Ba2 As4 Rh4,1844,212,0.0531110572173254,60,0,na,"(33, 45, 56)",1.0,3.281916639317361e-05
1610_28,mp-1078304,Ca8 Al4 Pd8,1610,210,0.125,80,0,na,"(13, 20, 46)",1.0,3.2893654813986384e-05
1622_5,mp-972204,V8 Mo4 Ru4,1622,210,0.0625,64,0,na,"(23, 42, 44)",1.0,3.289473684210526e-05
1983_38,mp-1226005,Co2 Sb2 Te2,1983,021,0.034514493466748,36,0,na,"(27, 51, 52)",1.0,3.289581894141254e-05
1992_42,mp-1205369,Y3 Pd3 Pb3,1992,100,0.3667782799786985,18,0,na,"(39, 46, 82)",1.0,3.2896901111915254e-05
2174_22,mp-9289,Zr2 Sn2 Te2,2174,112,0.5,30,0,na,"(40, 50, 52)",1.0,3.299350028044475e-05
1981_1,mp-571599,Ba2 Bi4 Pd4,1981,111,0.1594336752258731,30,0,na,"(46, 56, 83)",1.0,3.2994588887422464e-05
1316_0,mp-30493,Zn1 Cd1 Pt2,1316,111,0.1120783056564783,20,0,na,"(30, 48, 78)",1.0,3.2995677566238825e-05
2311_17,mp-10049,Mn3 As3 Ru3,2311,212,0.2954595944902031,72,0,na,"(25, 33, 44)",1.0,3.299676631690094e-05
1585_17,mp-1222015,Mg1 Cd1 Au2,1585,001,0.1337458995125366,8,0,na,"(12, 48, 79)",1.0,3.299785513941594e-05
2239_51,mp-1068891,Sr2 Cu4 Sn4,2239,12-2,0.125,80,0,na,"(29, 38, 50)",1.0,3.2998944033790916e-05
1407_36,mp-1219310,Sc4 Ga4 Ni4,1407,20-1,0.0,48,0,na,"(21, 28, 31)",1.0,3.3000033000033e-05
1933_25,mp-1226791,Ca2 Al6 Au2,1933,201,0.1602459513047458,60,0,na,"(13, 20, 79)",1.0,3.30011220381493e-05
1517_51,mp-1224770,Fe3 Ni1 As4,1517,121,0.1500168447284322,64,0,na,"(26, 28, 33)",1.0,3.300221114814693e-05
2255_59,mp-1220426,Nb1 Ni6 Mo1,2255,011,0.5026436998617283,24,0,na,"(28, 41, 42)",1.0,3.3003300330033e-05
2397_4,mp-978987,Sr2 Ge6 Pd2,2397,221,0.0353053745194174,80,0,na,"(32, 38, 46)",1.0,3.300438958381465e-05
1591_5,mp-21235,Mn8 V4 Ga4,1591,210,0.0625,64,0,na,"(23, 25, 31)",1.0,3.300547890949898e-05
1446_30,mp-1216468,V9 Si6 Mo9,1446,101,0.1252803908689288,72,0,na,"(14, 23, 42)",1.0,3.300656830709311e-05
2264_30,mp-13963,Hf2 Si2 Te2,2264,102,0.75,24,0,na,"(14, 52, 72)",1.0,3.300765777660417e-05
1056_13,mp-1229118,Ag6 Sn1 Sb1,1056,221,0.3102587260944268,48,0,na,"(47, 50, 51)",1.0,3.300874731803928e-05
1677_7,mp-569523,Y4 In2 Ni4,1677,110,0.2810944787091928,30,0,na,"(28, 39, 49)",1.0,3.3009836931405556e-05
2001_20,mp-11873,Tl1 As1 Pd5,2001,102,0.0214175079012832,28,0,na,"(33, 46, 81)",1.0,3.301092661671013e-05
1117_39,mp-1078005,K3 Cu12 Sb6,1117,10-2,0.5000000000000002,63,0,na,"(19, 29, 51)",1.0,3.301201637396012e-05
2066_2,mp-1025212,In1 As1 Pt5,2066,221,0.0714613669116932,56,0,na,"(33, 49, 78)",1.0,3.3013106203162655e-05
2223_32,mp-5723,Zr3 Al3 Ni3,2223,101,0.0452758843726955,36,0,na,"(13, 28, 40)",1.0,3.301419610432486e-05
1432_56,mp-1095180,Ca8 Cd4 As8,1432,120,0.25,60,0,na,"(20, 33, 48)",1.0,3.301528607745386e-05
2517_23,mp-1215442,Zr6 Al9 Zn3,2517,102,0.1258116592938779,54,0,na,"(13, 30, 40)",1.0,3.301637612255679e-05
1083_43,mp-1079643,Ta3 Mn3 Ge3,1083,2-12,0.0618047500266025,72,0,na,"(25, 32, 73)",1.0,3.301746623964077e-05
1382_8,mp-10445,Sc6 Fe1 Te2,1382,110,0.1150199682408726,27,0,na,"(21, 26, 52)",1.0,3.3018556428712935e-05
1195_3,mp-865531,Ti4 Mn8 Al4,1195,110,0.25,48,0,na,"(13, 22, 25)",1.0,3.301964668978042e-05
2055_66,mp-568974,Ca1 Cu2 Sn2,2055,011,0.2679288903077894,20,0,na,"(20, 29, 50)",1.0,3.302073702285035e-05
1547_0,mp-977475,Zr4 In4 Pd8,1547,111,0.125,48,0,na,"(40, 46, 49)",1.0,3.3021827427929864e-05
2176_4,mp-1215639,Zr4 Ga6 Cu2,2176,111,0.993030341609302,48,0,na,"(29, 31, 40)",1.0,3.3022917905026086e-05
1686_17,mp-1069057,Sr2 Co4 Si4,1686,112,0.1456480968751918,50,0,na,"(14, 27, 38)",1.0,3.3024008454146164e-05
1377_55,mp-20497,Sr4 In8 Ir4,1377,010,0.0,16,0,na,"(38, 49, 77)",1.0,3.308300526019784e-05
1537_32,mp-1206239,Hf6 Co1 Sb2,1537,101,0.4483637069498769,36,0,na,"(27, 51, 72)",1.0,3.308409978164494e-05
963_42,mp-8720,Rb8 Mn4 Te8,963,011,0.1330199619679017,40,0,na,"(25, 37, 52)",1.0,3.3085194375516956e-05
1217_30,mp-12535,K8 Zn4 Te8,1217,120,0.0,80,0,na,"(19, 30, 52)",1.0,3.308628904182107e-05
1300_6,mp-30817,Li4 Al8 Pd4,1300,100,0.125,32,0,na,"(3, 13, 46)",1.0,3.3087383780564474e-05
2241_4,mp-1068239,Sr2 Ge6 Pt2,2241,221,0.0367287196458769,80,0,na,"(32, 38, 78)",1.0,3.3088478591754354e-05
2301_0,mp-31160,Ca2 Zn2 Sn2,2301,111,0.0104853286216304,30,0,na,"(20, 30, 50)",1.0,3.30895734753979e-05
2015_26,mp-1079842,Hf3 Ga3 Rh3,2015,210,0.1522523212552874,54,0,na,"(31, 45, 72)",1.0,3.309066843150232e-05
2560_3,mp-10698,Ba2 Ge4 Rh4,2560,221,0.0992368513460508,80,0,na,"(32, 45, 56)",1.0,3.309176346007479e-05
1202_16,mp-1228893,Al1 Ga1 Co2,1202,001,0.1246810210619387,8,0,na,"(13, 27, 31)",1.0,3.309285856112251e-05
2363_34,mp-1217093,Ti8 Nb4 Al4,2363,120,0.0991991886468177,64,0,na,"(13, 22, 41)",1.0,3.309395373465268e-05
1462_1,mp-1206544,Sr4 Tl8 Pt4,1462,111,0.1396526756299287,48,0,na,"(38, 78, 81)",1.0,3.309504898067249e-05
2131_0,mp-861639,Ti8 Co4 Ir4,2131,111,0.125,48,0,na,"(22, 27, 77)",1.0,3.3096144299189144e-05
2223_17,mp-5723,Zr3 Al3 Ni3,2223,212,0.2719775310247552,72,0,na,"(13, 28, 40)",1.0,3.309723969020984e-05
1676_2,mp-1078767,Hf3 Al3 Ni3,1676,111,0.2837996546778888,45,0,na,"(13, 28, 72)",1.0,3.309833515374177e-05
1985_46,mp-567856,Mn3 As3 Rh3,1985,102,0.1492727850540086,54,0,na,"(25, 33, 45)",1.0,3.3099430689792135e-05
2202_55,mp-1218015,Ta4 Co4 Ni8,2202,010,0.2497962038458361,32,0,na,"(27, 28, 73)",1.0,3.3100526298368146e-05
2262_25,mp-1095201,Zr2 Cu2 Ge4,2262,102,0.75,32,0,na,"(29, 32, 40)",1.0,3.3101621979477e-05
1050_14,mp-3390,Y2 Cu4 Si4,1050,201,0.0918852401794497,60,0,na,"(14, 29, 39)",1.0,3.310271773312589e-05
2061_33,mp-1216072,Y2 Ga3 Ag1,2061,201,0.3027539588173448,36,0,na,"(31, 39, 47)",1.0,3.3103813559322034e-05
1069_36,mp-7909,Al4 Cd2 Te8,1069,201,0.226582056551404,56,0,na,"(13, 48, 52)",1.0,3.310490945807263e-05
2612_16,mp-1227397,Bi1 Pt2 Pb1,2612,101,0.2918238438610553,16,0,na,"(78, 82, 83)",1.0,3.310600542938489e-05
2575_25,mp-13095,Y3 Al3 Ni3,2575,210,0.0833333333333333,54,0,na,"(13, 28, 39)",1.0,3.3107101473266015e-05
2586_12,mp-12962,Zr6 Fe1 Sb2,2586,110,0.6198513986970938,27,0,na,"(26, 40, 51)",1.0,3.310819758972322e-05
1517_86,mp-1224770,Fe3 Ni1 As4,1517,012,0.1187522220029817,48,0,na,"(26, 28, 33)",1.0,3.31092937787637e-05
1798_5,mp-862694,Al8 Ir4 Rh4,1798,210,0.0625,64,0,na,"(13, 45, 77)",1.0,3.3110390040394676e-05
2280_6,mp-1187911,Zn4 Ga4 Co8,2280,100,0.125,32,0,na,"(27, 30, 31)",1.0,3.311148637462336e-05
1364_18,mp-4247,Na2 Zn2 Sb2,1364,101,0.75,18,0,na,"(11, 30, 51)",1.0,3.3112582781456954e-05
2398_13,mp-4989,Cr3 Ni3 As3,2398,110,0.8726243838996766,36,0,na,"(24, 28, 33)",1.0,3.311367926090268e-05
2515_6,mp-861881,Li4 Ge4 Au8,2515,100,0.125,32,0,na,"(3, 32, 79)",1.0,3.3114775812967744e-05
1534_3,mp-867834,Li4 Hf4 Pt8,1534,110,0.25,48,0,na,"(3, 72, 78)",1.0,3.311587243765937e-05
963_52,mp-8720,Rb8 Mn4 Te8,963,012,0.0353635883400835,40,0,na,"(25, 37, 52)",1.0,3.3116969134984766e-05
2266_39,mp-1078435,Ba4 Cd8 Pt4,2266,120,0.25,48,0,na,"(48, 56, 78)",1.0,3.311806590495115e-05
2504_50,mp-1221733,Mn2 Cd8 Te10,2504,100,0.1443719707049933,20,0,na,"(25, 48, 52)",1.0,3.311916274756574e-05
1654_1,mp-7436,K2 Cu2 Te2,1654,221,0.0625000000000001,60,0,na,"(19, 29, 52)",1.0,3.3120259662835756e-05
908_0,mp-862699,Sc4 Ta4 Os8,908,111,0.1250000000000002,48,0,na,"(21, 73, 76)",1.0,3.317629885210006e-05
1158_1,mp-977547,Mg4 Zn4 Rh8,1158,111,0.375,48,0,na,"(12, 30, 45)",1.0,3.3177399555422843e-05
974_87,mp-1228701,Al8 Ge4 W6,974,012,0.2342582102359447,72,0,na,"(13, 32, 74)",1.0,3.3178500331785e-05
2055_15,mp-568974,Ca1 Cu2 Sn2,2055,211,0.0339377252882984,80,0,na,"(20, 29, 50)",1.0,3.3179601181193804e-05
1414_13,mp-1079038,Hf3 Sn3 Ir3,1414,110,0.8662403322985242,27,0,na,"(50, 72, 77)",1.0,3.3180702103656515e-05
1019_1,mp-569012,Cs2 As4 Rh4,1019,111,0.2041048408943664,40,0,na,"(33, 45, 55)",1.0,3.318180309918041e-05
1886_40,mp-12951,Zr2 Ga2 Au2,1886,001,0.393625340965464,12,0,na,"(31, 40, 79)",1.0,3.3182904167772766e-05
1336_50,mp-5615,Ca3 Ag3 As3,1336,102,0.1458799532216351,54,0,na,"(20, 33, 47)",1.0,3.318400530944085e-05
1122_34,mp-13202,Y2 Cu2 Sn2,1122,102,0.2751312692763114,24,0,na,"(29, 39, 50)",1.0,3.318510652419194e-05
2307_28,mp-12743,Cr1 Te4 Au1,2307,120,0.1276268550104546,36,0,na,"(24, 52, 79)",1.0,3.318620781203332e-05
1942_6,mp-867475,Ta4 Sn4 Ru8,1942,100,0.125,32,0,na,"(44, 50, 73)",1.0,3.318730917297226e-05
2359_56,mp-21032,Ba4 In8 Pt4,2359,021,0.2499999999999999,64,0,na,"(49, 56, 78)",1.0,3.318841060701603e-05
2552_1,mp-19740,Y3 In3 Pt3,2552,111,0.593162996034998,36,0,na,"(39, 49, 78)",1.0,3.318951211417192e-05
2013_39,mp-20393,Sr8 In4 Pt8,2013,101,0.2275331525336383,40,0,na,"(38, 49, 78)",1.0,3.319061369444721e-05
1101_17,mp-11879,Ba2 Ni2 Sn6,1101,101,0.1255343536927959,30,0,na,"(28, 50, 56)",1.0,3.3191715347849174e-05
2152_76,mp-1079622,Ba6 Zn4 As8,2152,112,0.2188903919955594,72,0,na,"(30, 33, 56)",1.0,3.3192817074385103e-05
1847_1,mp-1187459,Ti4 Ga4 Cu8,1847,111,0.375,48,0,na,"(22, 29, 31)",1.0,3.3193918874062273e-05
1130_1,mp-1185621,Mg4 Zn8 Ir4,1130,111,0.3750000000000002,48,0,na,"(12, 30, 77)",1.0,3.319502074688797e-05
1030_3,mp-4488,Sr2 Fe4 As4,1030,221,0.0993086938871934,80,0,na,"(26, 33, 38)",1.0,3.3196122692869474e-05
1723_16,mp-978853,Sr2 Ge4 Ir4,1723,112,0.130537397070775,40,0,na,"(32, 38, 77)",1.0,3.319722471201407e-05
1559_59,mp-1080133,Sr4 Ga12 Pd4,1559,012,0.1063833831935135,80,0,na,"(31, 38, 46)",1.0,3.3198326804329064e-05
2044_5,mp-1226004,Co1 Ni1 Pt2,2044,212,0.2481465695014719,40,0,na,"(27, 28, 78)",1.0,3.319942896982172e-05
2501_28,mp-11547,Y3 Tl3 Pd3,2501,210,0.2169685204505605,36,0,na,"(39, 46, 81)",1.0,3.3200531208499335e-05
1310_5,mp-977367,Cd4 In4 Rh8,1310,210,0.0625,64,0,na,"(45, 48, 49)",1.0,3.32016335203692e-05
2403_43,mp-4238,Mn3 Fe3 As3,2403,102,0.0651064888097856,72,0,na,"(25, 26, 33)",1.0,3.320273590543861e-05
1731_12,mp-7438,K2 Zn2 Sb2,1731,101,0.4583333333333332,18,0,na,"(19, 30, 51)",1.0,3.320383836371484e-05
2229_20,mp-22346,Ba2 Ge6 Pt2,2229,101,0.6733247950723431,30,0,na,"(32, 56, 78)",1.0,3.320494089520521e-05
1714_52,mp-1228909,Al9 Si3 Pd12,1714,10-1,0.1294882437993151,72,0,na,"(13, 14, 46)",1.0,3.3206043499916987e-05
1535_29,mp-975044,Li2 Si4 Rh4,1535,102,0.0375251077481522,80,0,na,"(3, 14, 45)",1.0,3.320714617785747e-05
1456_2,mp-7771,Sr1 Cd2 As2,1456,111,0.5000000000000002,25,0,na,"(33, 38, 48)",1.0,3.320824892903397e-05
1279_2,mp-1205792,Zr6 Ni1 Te2,1279,111,0.2762960670483458,36,0,na,"(28, 40, 52)",1.0,3.320935175345377e-05
1102_24,mp-30472,Ca4 Ga2 Cu4,1102,102,0.0552268558611785,40,0,na,"(20, 29, 31)",1.0,3.321045465112417e-05
1610_15,mp-1078304,Ca8 Al4 Pd8,1610,11-1,0.1880881357690497,60,0,na,"(13, 20, 46)",1.0,3.321155762205247e-05
1472_3,mp-1018066,Cr2 Sn2 Rh4,1472,212,0.125,64,0,na,"(24, 45, 50)",1.0,3.3212660666245974e-05
2152_11,mp-1079622,Ba6 Zn4 As8,2152,110,0.4202661274173423,54,0,na,"(30, 33, 56)",1.0,3.321376378371197e-05
2481_20,mp-7642,K8 Ag4 As4,2481,201,0.0756994945104132,64,0,na,"(19, 33, 47)",1.0,3.3214866974457765e-05
1726_36,mp-8147,K8 As8 Pd4,1726,120,0.1254395259506573,60,0,na,"(19, 33, 46)",1.0,3.3215970238490664e-05
1219_11,mp-10200,Zr2 Be2 Si2,1219,101,0.25,24,0,na,"(4, 14, 40)",1.0,3.321707357581797e-05
1920_36,mp-1218230,Sr2 In2 Au10,1920,001,0.125,28,0,na,"(38, 49, 79)",1.0,3.321817698644698e-05
1902_30,mp-12952,Hf2 Ga2 Au2,1902,100,0.8333333333333333,18,0,na,"(31, 72, 79)",1.0,3.325352487363661e-05
1605_29,mp-1079890,Al8 Cu4 Ir4,1605,011,0.0347281373996288,48,0,na,"(13, 29, 77)",1.0,3.3254630707325996e-05
1507_46,mp-12781,Sc4 Al8 Ni4,1507,011,0.25,32,0,na,"(13, 21, 28)",1.0,3.3255736614566014e-05
2366_40,mp-15987,Hf3 Cu4 Si2,2366,100,0.1236422136548806,18,0,na,"(14, 29, 72)",1.0,3.325684259536399e-05
1877_5,mp-1217893,Ta1 Nb1 Al6,1877,212,0.125,64,0,na,"(13, 41, 73)",1.0,3.3257948649727285e-05
2102_42,mp-1086664,Rb3 Cd12 As9,2102,001,0.1344515045970927,24,0,na,"(33, 37, 48)",1.0,3.325905477766322e-05
2027_43,mp-1079597,Sc3 Ge3 Rh3,2027,2-12,0.0611082983008415,54,0,na,"(21, 32, 45)",1.0,3.326016097917914e-05
948_52,mp-9951,Mn3 Nb3 Ge3,948,102,0.2500000000000002,54,0,na,"(25, 32, 41)",1.0,3.326126725428239e-05
1229_36,mp-10381,K8 Cu4 Sb4,1229,021,0.0216098204119638,64,0,na,"(19, 29, 51)",1.0,3.326237360298031e-05
1953_27,mp-862750,Sr4 Ni4 Sn8,1953,100,0.2499999999999999,48,0,na,"(28, 38, 50)",1.0,3.326348002528024e-05
1989_8,mp-13203,Sc2 Cu2 Sn2,1989,212,0.1125014652400592,48,0,na,"(21, 29, 50)",1.0,3.326458652118954e-05
2496_3,mp-569779,Sc4 Sb4 Pd4,2496,221,0.0624999999999995,72,0,na,"(21, 46, 51)",1.0,3.3265693090715545e-05
2331_4,mp-1079666,Ba8 Cd4 As8,2331,111,0.6348687959169244,60,0,na,"(33, 48, 56)",1.0,3.32667997338656e-05
1713_10,mp-1221662,Mn1 Al2 Cr3,1713,221,0.3755867786889766,60,0,na,"(13, 24, 25)",1.0,3.326790645064706e-05
1084_38,mp-1205741,Ti3 Mn3 As3,1084,201,0.1666666666666666,54,0,na,"(22, 25, 33)",1.0,3.341687552213868e-05
2320_17,mp-20865,Y2 Cu2 Pb2,2320,101,0.0753059353020546,18,0,na,"(29, 39, 82)",1.0,3.34179922470258e-05
2314_15,mp-12571,Hf2 Be2 Si2,2314,100,0.5,24,0,na,"(4, 14, 72)",1.0,3.341910904655282e-05
1191_3,mp-1183541,Cd8 Rh4 Au4,1191,110,0.25,48,0,na,"(45, 48, 79)",1.0,3.342022592072722e-05
2612_5,mp-1227397,Bi1 Pt2 Pb1,2612,212,0.2081761561389445,32,0,na,"(78, 82, 83)",1.0,3.34213428695565e-05
1357_12,mp-5166,Ca2 As4 Pd4,1357,101,0.5,30,0,na,"(20, 33, 46)",1.0,3.342245989304813e-05
1799_16,mp-1025375,Y1 Ga5 Co1,1799,201,0.2028434231670299,42,0,na,"(27, 31, 39)",1.0,3.34235769912096e-05
2466_1,mp-1183690,Cr4 Ga4 Rh8,2466,111,0.375,48,0,na,"(24, 31, 45)",1.0,3.34246941640484e-05
1494_21,mp-1220335,Nb4 Mo4 W4,1494,122,0.0418357219137384,72,0,na,"(41, 42, 74)",1.0,3.342581141157201e-05
2354_46,mp-27549,K8 Ag4 Bi4,2354,010,0.2500000000000001,16,0,na,"(19, 47, 83)",1.0,3.342692873378794e-05
2200_6,mp-10873,Sc4 Al4 Au8,2200,100,0.1249999999999999,32,0,na,"(13, 21, 79)",1.0,3.342804613070366e-05
2465_1,mp-1217763,Sr1 Zn1 Ge1,2465,221,0.125,30,0,na,"(30, 32, 38)",1.0,3.342916360232667e-05
1497_4,mp-3618,Sc8 Fe4 Si8,1497,111,0.4999999999999998,80,0,na,"(14, 21, 26)",1.0,3.343028114866446e-05
1020_6,mp-862312,Li4 Be4 Pd8,1020,100,0.125,32,0,na,"(3, 4, 46)",1.0,3.343139876972452e-05
2180_5,mp-4744,Ca2 Ni4 As4,2180,212,0.0661553206946515,60,0,na,"(20, 28, 33)",1.0,3.343251646551436e-05
964_33,mp-1228125,Ba4 Cd4 Pb4,964,201,0.2499999999999997,48,0,na,"(48, 56, 82)",1.0,3.3433634236041456e-05
2509_7,mp-1227351,Ca2 Ga7 Ag1,2509,221,0.2156801244690138,80,0,na,"(20, 31, 47)",1.0,3.3434752081313316e-05
2567_21,mp-7770,Sr1 Zn2 As2,2567,100,0.5,15,0,na,"(30, 33, 38)",1.0,3.343587000133743e-05
1936_1,mp-3829,Cd4 Sn4 As8,1936,111,0.1892783209703951,48,0,na,"(33, 48, 50)",1.0,3.3436987996121306e-05
2155_9,mp-1084770,K8 Bi4 Au4,2155,110,0.2131531359877492,32,0,na,"(19, 79, 83)",1.0,3.343810606567244e-05
1391_4,mp-1068587,Y2 Si6 Ir2,1391,221,0.0375112883486963,80,0,na,"(14, 39, 77)",1.0,3.343922420999833e-05
1988_53,mp-1078782,Y4 Co4 Si8,1988,010,0.0754662544103703,16,0,na,"(14, 27, 39)",1.0,3.344034242910647e-05
1643_17,mp-9350,Sc2 Ge2 Au2,1643,101,0.248929276493637,24,0,na,"(21, 32, 79)",1.0,3.344146072300438e-05
2223_5,mp-5723,Zr3 Al3 Ni3,2223,221,0.0344482312546086,72,0,na,"(13, 28, 40)",1.0,3.344257909169955e-05
1765_5,mp-1186205,Nb8 Mo4 Os4,1765,210,0.0624999999999999,64,0,na,"(41, 42, 76)",1.0,3.3443697535199494e-05
1280_24,mp-1216581,V8 Fe4 Si4,1280,101,0.25,48,0,na,"(14, 23, 26)",1.0,3.3444816053511705e-05
1524_17,mp-1215958,Y4 Fe4 Co4,1524,120,0.0625,72,0,na,"(26, 27, 39)",1.0,3.34459346466437e-05
910_8,mp-623089,Ca3 Cd3 Pb3,910,221,0.4120594880767371,54,0,na,"(20, 48, 82)",1.0,3.3447053314602983e-05
2239_56,mp-1068891,Sr2 Cu4 Sn4,2239,102,0.1249999999999998,60,0,na,"(29, 38, 50)",1.0,3.3448172057397066e-05
1584_37,mp-1206350,K4 Te4 Pd2,1584,021,0.125,40,0,na,"(19, 46, 52)",1.0,3.344929087503345e-05
2443_36,mp-8607,Na3 Cu12 Sb6,2443,10-2,0.1932085086681378,63,0,na,"(11, 29, 51)",1.0,3.345040976751965e-05
1528_12,mp-1025355,Zr1 Ga5 Co1,1528,101,0.0976694889069129,21,0,na,"(27, 31, 40)",1.0,3.3451528734863186e-05
2100_6,mp-30392,Li8 In4 Au4,2100,110,0.25,48,0,na,"(3, 49, 79)",1.0,3.345264777707156e-05
2299_19,mp-7366,Sr2 Ag4 Sn4,2299,001,0.0606827934219502,10,0,na,"(38, 47, 50)",1.0,3.345376689415228e-05
1734_10,mp-7879,Sr2 Ag4 Ge4,1734,101,0.125,30,0,na,"(32, 38, 47)",1.0,3.345488608611288e-05
1052_7,mp-600124,Mn4 Ni4 Sb4,1052,210,0.0625,48,0,na,"(25, 28, 51)",1.0,3.345600535296086e-05
1343_128,mp-1224358,Hf2 Sb8 Mo2,1343,001,0.5119661344999321,24,0,na,"(42, 51, 72)",1.0,3.3457124694703736e-05
2090_16,mp-568280,Ba2 Ni4 As4,2090,100,0.25,30,0,na,"(28, 33, 56)",1.0,3.345824411134904e-05
1352_16,mp-1068035,Ca4 Mg2 Pd4,1352,122,0.0327308752123797,60,0,na,"(12, 20, 46)",1.0,3.3459363602904275e-05
1279_35,mp-1205792,Zr6 Ni1 Te2,1279,201,0.1666666666666666,45,0,na,"(28, 40, 52)",1.0,3.3460483169376966e-05
1779_10,mp-35276,K2 Fe4 As4,1779,210,0.125,60,0,na,"(19, 26, 33)",1.0,3.3461602810774635e-05
2343_0,mp-1215318,Zr4 Al4 Cu4,2343,111,0.0624601278229626,48,0,na,"(13, 29, 40)",1.0,3.34627225271048e-05
945_0,mp-1186233,Nb4 Sn4 Ru8,945,111,0.125,48,0,na,"(41, 44, 50)",1.0,3.3463842318375e-05
2057_18,mp-621176,Y3 In3 Au3,2057,212,0.3151814983405807,72,0,na,"(39, 49, 79)",1.0,3.346496218459273e-05
2451_2,mp-10749,Sr2 Cu2 Sb2,2451,110,0.5,30,0,na,"(29, 38, 51)",1.0,3.346608212576554e-05
1004_32,mp-1218928,Sn2 Sb2 Pt2,1004,112,0.0151036062853702,36,0,na,"(50, 51, 78)",1.0,3.346720214190094e-05
980_29,mp-13949,Cd2 Ga4 Te8,980,101,0.6691656704450999,28,0,na,"(31, 48, 52)",1.0,3.346832223300646e-05
1645_32,mp-1079155,Hf6 Al2 Pt1,1645,101,0.3148003724327529,36,0,na,"(13, 72, 78)",1.0,3.346944239908963e-05
996_0,mp-867828,Be4 Nb4 Ru8,996,111,0.125,48,0,na,"(4, 41, 44)",1.0,3.367116737937304e-05
898_0,mp-1069604,Ca2 Si6 Pt2,898,111,0.0733497623357504,40,0,na,"(14, 20, 78)",1.0,3.367230116506162e-05
2172_19,mp-1078430,Sc3 Cu3 Ge3,2172,212,0.4166666666666666,72,0,na,"(21, 29, 32)",1.0,3.367343502710711e-05
1640_2,mp-1205957,Hf6 Ni1 Bi2,1640,111,0.6729659700905232,36,0,na,"(28, 72, 83)",1.0,3.367456896551724e-05
2483_29,mp-15322,Sc3 Cu3 Si3,2483,210,0.2955084673763496,54,0,na,"(14, 21, 29)",1.0,3.3675702980299716e-05
2174_25,mp-9289,Zr2 Sn2 Te2,2174,001,0.1320289583994558,12,0,na,"(40, 50, 52)",1.0,3.367683707146225e-05
1604_12,mp-1215905,Y1 Cu1 Ge1,1604,101,0.0833333333333333,12,0,na,"(29, 32, 39)",1.0,3.3677971239012565e-05
2244_14,mp-19791,Ca2 Ge4 Ru4,2244,201,0.0958058348384867,60,0,na,"(20, 32, 44)",1.0,3.3679105482958374e-05
1856_20,mp-1025242,Sc1 Ga5 Co1,1856,102,0.0266344232628268,28,0,na,"(21, 27, 31)",1.0,3.36802398033074e-05
1122_33,mp-13202,Y2 Cu2 Sn2,1122,102,0.1084646026096447,24,0,na,"(29, 39, 50)",1.0,3.368137420006736e-05
921_8,mp-570713,Ti2 Al2 Pt2,921,210,0.0833333333333333,48,0,na,"(13, 22, 78)",1.0,3.368250867324598e-05
1408_27,mp-1221979,Mn2 In4 Te8,1408,101,0.5513587069668162,28,0,na,"(25, 49, 52)",1.0,3.368364322285098e-05
2399_0,mp-13920,Ba2 Zn4 Sn4,2399,111,0.0675561793643773,40,0,na,"(30, 50, 56)",1.0,3.368477784889009e-05
1104_27,mp-1222673,Li6 Ga3 Cu9,1104,001,0.1043753724063319,18,0,na,"(3, 29, 31)",1.0,3.3685912551371016e-05
921_18,mp-570713,Ti2 Al2 Pt2,921,2-12,0.125,36,0,na,"(13, 22, 78)",1.0,3.36870473303015e-05
2145_3,mp-1079278,Sr2 Al4 Au4,2145,111,0.437133378414039,40,0,na,"(13, 38, 79)",1.0,3.368818218568926e-05
1968_2,mp-865651,Y8 Tl4 Cd4,1968,221,0.0625,64,0,na,"(39, 48, 81)",1.0,3.3689317117542026e-05
1992_16,mp-1205369,Y3 Pd3 Pb3,1992,212,0.2170276608576458,72,0,na,"(39, 46, 82)",1.0,3.369045212586753e-05
2060_0,mp-865586,V4 Ga4 Ru8,2060,111,0.125,48,0,na,"(23, 31, 44)",1.0,3.36915872106735e-05
2152_86,mp-1079622,Ba6 Zn4 As8,2152,10-2,0.036599263179542,72,0,na,"(30, 33, 56)",1.0,3.369272237196766e-05
1494_28,mp-1220335,Nb4 Mo4 W4,1494,112,0.0836714438274768,60,0,na,"(41, 42, 74)",1.0,3.369385760975774e-05
2079_5,mp-1221951,Mg4 Zn4 Cu4,2079,212,0.0625,72,0,na,"(12, 29, 30)",1.0,3.3694992924051485e-05
1617_1,mp-569881,Sr2 Ni4 Sb4,1617,111,0.1951329884485382,40,0,na,"(28, 38, 51)",1.0,3.369612831485662e-05
915_18,mp-12972,Zr6 Sb2 Pt1,915,212,0.3153768980918474,72,0,na,"(40, 51, 78)",1.0,3.3697263782180885e-05
1872_19,mp-21113,Y2 Fe4 Ge4,1872,001,0.0588037362891356,10,0,na,"(26, 32, 39)",1.0,3.3698399326032014e-05
2106_63,mp-1215979,Y4 Ga4 Au4,2106,112,0.2499999999999999,72,0,na,"(31, 39, 79)",1.0,3.369953494641774e-05
2103_37,mp-1206267,Sc6 Co1 Te2,2103,100,0.117223997608459,18,0,na,"(21, 27, 52)",1.0,3.37006706433458e-05
1995_1,mp-13570,Mg2 Sc4 Ga4,1995,111,0.2993983613375379,40,0,na,"(12, 21, 31)",1.0,3.3701806416823944e-05
2322_33,mp-21505,Y3 Ag3 Pb3,2322,101,0.0367287387178194,27,0,na,"(39, 47, 82)",1.0,3.37029422668599e-05
1672_5,mp-865032,Mn8 Pt4 Rh4,1672,210,0.0625,64,0,na,"(25, 45, 78)",1.0,3.370407819346141e-05
1770_17,mp-13097,Na2 Zn2 As2,1770,101,0.25,18,0,na,"(11, 30, 33)",1.0,3.370521419663622e-05
1409_10,mp-569298,Ca2 Co4 As4,1409,101,0.125,30,0,na,"(20, 27, 33)",1.0,3.370635027639207e-05
1524_0,mp-1215958,Y4 Fe4 Co4,1524,111,0.0622631348808244,48,0,na,"(26, 27, 39)",1.0,3.370748643273671e-05
1676_33,mp-1078767,Hf3 Al3 Ni3,1676,101,0.2920555489065025,36,0,na,"(13, 28, 72)",1.0,3.370862266567788e-05
1448_1,mp-867307,Be8 Ru4 Au4,1448,111,0.375,64,0,na,"(4, 44, 79)",1.0,3.3709758975223326e-05
1900_57,mp-21885,Ca8 In4 Pt8,1900,121,0.0199167159376862,80,0,na,"(20, 49, 78)",1.0,3.3710895361380795e-05
1003_33,mp-1087485,Y3 In3 Pd3,1003,101,0.175110819794316,27,0,na,"(39, 46, 49)",1.0,3.371203182415804e-05
2272_5,mp-924130,Ti4 Ni4 Sn4,2272,110,0.25,36,0,na,"(22, 28, 50)",1.0,3.371316836356281e-05
1631_1,mp-7067,Ca1 Cd2 As2,1631,111,0.3004118236607064,25,0,na,"(20, 33, 48)",1.0,3.381005511038983e-05
1956_17,mp-4520,Y2 Cu4 Ge4,1956,112,0.5,40,0,na,"(29, 32, 39)",1.0,3.381119826886665e-05
2234_5,mp-865554,Mn8 V4 Ge4,2234,210,0.0625,64,0,na,"(23, 25, 32)",1.0,3.38123415046492e-05
2551_50,mp-21503,Y3 Mg3 In3,2551,001,0.25,27,0,na,"(12, 39, 49)",1.0,3.381348481774532e-05
1615_1,mp-1206177,Y4 Sn4 Ge4,1615,111,0.3238225730528939,48,0,na,"(32, 39, 50)",1.0,3.381462820816285e-05
1120_18,mp-4008,Zn4 Ge4 As8,1120,101,0.5625,32,0,na,"(30, 32, 33)",1.0,3.381577167590964e-05
1468_15,mp-3469,Zr2 Ni4 Sb2,1468,101,0.4583333333333333,24,0,na,"(28, 40, 51)",1.0,3.381691522099354e-05
1700_1,mp-30821,Li4 Al8 Rh4,1700,111,0.375,48,0,na,"(3, 13, 45)",1.0,3.381805884342239e-05
2604_5,mp-29633,Li4 Ge4 Pd8,2604,210,0.0624999999999999,64,0,na,"(3, 32, 46)",1.0,3.3819202543204033e-05
2113_6,mp-29135,Zr6 Co1 As2,2113,221,0.3278908283291741,63,0,na,"(27, 33, 40)",1.0,3.382034632034632e-05
1845_7,mp-31451,Zr4 Co4 Bi4,1845,210,0.0625,48,0,na,"(27, 40, 83)",1.0,3.3821490174857105e-05
2545_26,mp-1215478,Zr6 V3 Co9,2545,001,0.1031315570632595,18,0,na,"(23, 27, 40)",1.0,3.3822634106744234e-05
1189_2,mp-4889,Y2 Ge4 Rh4,1189,221,0.0304276270500913,80,0,na,"(32, 39, 45)",1.0,3.382377811601556e-05
2610_56,mp-1205560,Rb8 As8 Pd4,2610,010,0.0413553558479709,20,0,na,"(33, 37, 46)",1.0,3.3824922202678934e-05
1686_3,mp-1069057,Sr2 Co4 Si4,1686,221,0.0989120242187979,80,0,na,"(14, 27, 38)",1.0,3.382606636674221e-05
1994_5,mp-9008,Rb2 Te2 Au2,1994,212,0.0398362650537826,36,0,na,"(37, 52, 79)",1.0,3.382721060821325e-05
1253_0,mp-1079862,Sr4 Tl8 Pd4,1253,111,0.0,48,0,na,"(38, 46, 81)",1.0,3.382835492709989e-05
2292_3,mp-3201,Li8 Ga4 Pd4,2292,111,0.8749999999999999,48,0,na,"(3, 31, 46)",1.0,3.3829499323410016e-05
2557_5,mp-1079860,Hf3 Ga3 Ni3,2557,221,0.0556297289580363,63,0,na,"(28, 31, 72)",1.0,3.383064379715146e-05
1278_3,mp-13171,Y3 Mg3 Cu3,1278,111,0.7853447788547463,36,0,na,"(12, 29, 39)",1.0,3.383178834833209e-05
1109_21,mp-1217124,Ti6 Co9 Sn6,1109,101,0.3091180913658211,63,0,na,"(22, 27, 50)",1.0,3.383293297695977e-05
1291_0,mp-1185238,Li4 Ti4 Pd8,1291,111,0.125,48,0,na,"(3, 22, 46)",1.0,3.383407768304236e-05
2046_14,mp-1078635,Sc3 Ge3 Os3,2046,212,0.0639706321518129,72,0,na,"(21, 32, 76)",1.0,3.383522246658772e-05
1706_14,mp-6954,Sr2 Ag2 As2,1706,201,0.1250000000000002,36,0,na,"(33, 38, 47)",1.0,3.383636732760371e-05
2504_39,mp-1221733,Mn2 Cd8 Te10,2504,201,0.0125091036273348,80,0,na,"(25, 48, 52)",1.0,3.3837512266098194e-05
1230_39,mp-9223,Sc3 Ge3 Ru3,1230,100,0.5000000000000001,18,0,na,"(21, 32, 44)",1.0,3.383865728207905e-05
2456_79,mp-1078483,Ca8 Ge4 Pt8,2456,010,0.25,40,0,na,"(20, 32, 78)",1.0,3.383980237555413e-05
2523_59,mp-1228194,Al6 Co1 Cu3,2523,001,0.2588962443011411,20,0,na,"(13, 27, 29)",1.0,3.3840947546531304e-05
1825_33,mp-567114,Sr2 Bi4 Pd4,1825,201,0.2110583917291659,60,0,na,"(38, 46, 83)",1.0,3.384209279501845e-05
1262_1,mp-865247,Ga4 Fe4 Ir8,1262,111,0.375,48,0,na,"(26, 31, 77)",1.0,3.399163805703797e-05
1124_17,mp-1218349,Sr1 Ag3 Pd2,1124,102,0.2083333333333334,36,0,na,"(38, 46, 47)",1.0,3.399279352777211e-05
1243_39,mp-672254,Ca3 Pd3 Pb3,1243,201,0.4792179347270461,36,0,na,"(20, 46, 82)",1.0,3.3993949077064285e-05
2491_1,mp-867110,Sc8 Co4 Os4,2491,111,0.3750000000000002,48,0,na,"(21, 27, 76)",1.0,3.399510470492249e-05
2616_2,mp-30587,Mg4 In4 Cu16,2616,111,0.8130015420975385,72,0,na,"(12, 29, 49)",1.0,3.399626041135475e-05
2466_6,mp-1183690,Cr4 Ga4 Rh8,2466,100,0.125,32,0,na,"(24, 31, 45)",1.0,3.3997416196369076e-05
1944_13,mp-3363,Sc4 Ni4 Sn2,1944,210,0.0423921361742915,40,0,na,"(21, 28, 50)",1.0,3.3998572059973484e-05
1449_25,mp-12903,Y2 Ag2 Te4,1449,211,0.455020703715581,64,0,na,"(39, 47, 52)",1.0,3.399972800217598e-05
2264_5,mp-13963,Hf2 Si2 Te2,2264,221,0.2500000000000001,48,0,na,"(14, 52, 72)",1.0,3.414834039065701e-05
987_23,mp-1228817,Al2 Re2 Ge2,987,112,0.8351093813803487,30,0,na,"(13, 32, 75)",1.0,3.41495065396305e-05
1840_2,mp-1077722,Sc4 Zn4 Pt4,1840,111,0.4250286102336567,48,0,na,"(21, 30, 78)",1.0,3.415067276825353e-05
1278_52,mp-13171,Y3 Mg3 Cu3,1278,001,0.25,27,0,na,"(12, 29, 39)",1.0,3.415183907653427e-05
954_16,mp-10063,Cd4 Sn4 Sb8,954,101,0.3114731246753167,32,0,na,"(48, 50, 51)",1.0,3.4153005464480874e-05
1485_9,mp-7365,Sr2 Si4 Au4,1485,210,0.125,60,0,na,"(14, 38, 79)",1.0,3.415417193210151e-05
1846_3,mp-867148,Li4 Hf4 Rh8,1846,110,0.25,48,0,na,"(3, 45, 72)",1.0,3.415533847940433e-05
2168_27,mp-27388,Ba4 Si8 Ni8,2168,201,0.1314960984384818,80,0,na,"(14, 28, 56)",1.0,3.4156505106397514e-05
2106_39,mp-1215979,Y4 Ga4 Au4,2106,100,0.0,24,0,na,"(31, 39, 79)",1.0,3.415767181308922e-05
1791_4,mp-1069956,Ca2 Si4 Rh4,1791,110,0.25,40,0,na,"(14, 20, 45)",1.0,3.4158838599487615e-05
1803_37,mp-1206072,Zr6 Co1 Sn2,1803,100,0.3647902070312684,18,0,na,"(27, 40, 50)",1.0,3.416000546560088e-05
1044_21,mp-3927,Ca2 As2 Au2,1044,001,0.125,12,0,na,"(20, 33, 79)",1.0,3.423719528896193e-05
1333_5,mp-20757,Mn2 Al2 Ge2,1333,212,0.1250000000000001,48,0,na,"(13, 25, 32)",1.0,3.42383675146369e-05
2229_35,mp-22346,Ba2 Ge6 Pt2,2229,001,0.42580106350767,10,0,na,"(32, 56, 78)",1.0,3.4239539820584814e-05
1220_46,mp-1218342,Sr2 Cd2 Sn2,1220,2-1-2,0.037929919814536,48,0,na,"(38, 48, 50)",1.0,3.42407122068139e-05
1343_119,mp-1224358,Hf2 Sb8 Mo2,1343,021,0.4285656301278796,72,0,na,"(42, 51, 72)",1.0,3.424188467333242e-05
1550_35,mp-1205750,Y3 Mg3 Au3,1550,101,0.3323796432272141,27,0,na,"(12, 39, 79)",1.0,3.424305722014861e-05
1645_30,mp-1079155,Hf6 Al2 Pt1,1645,101,0.0833333333333331,36,0,na,"(13, 72, 78)",1.0,3.424422984727073e-05
1484_20,mp-4861,Sr2 Cu4 As4,1484,001,0.1892731872810969,10,0,na,"(29, 33, 38)",1.0,3.424540255470703e-05
1836_22,mp-21249,Y2 Mn2 Si2,1836,201,0.2499999999999999,36,0,na,"(14, 25, 39)",1.0,3.424657534246575e-05
1640_39,mp-1205957,Hf6 Ni1 Bi2,1640,100,0.3610955624922193,18,0,na,"(28, 72, 83)",1.0,3.424774821055516e-05
1632_19,mp-568695,Ca3 Cd3 Sn3,1632,212,0.3104203491972678,54,0,na,"(20, 48, 50)",1.0,3.424892115898349e-05
2103_28,mp-1206267,Sc6 Co1 Te2,2103,210,0.4029554106208018,36,0,na,"(21, 27, 52)",1.0,3.425009418775902e-05
1296_0,mp-1216963,Ti1 Cr1 As2,1296,111,0.1319318252186788,24,0,na,"(22, 24, 33)",1.0,3.4251267296889986e-05
1056_31,mp-1229118,Ag6 Sn1 Sb1,1056,210,0.2491800689458969,48,0,na,"(47, 50, 51)",1.0,3.4252440486384655e-05
2013_57,mp-20393,Sr8 In4 Pt8,2013,120,0.0560263486701939,80,0,na,"(38, 49, 78)",1.0,3.4253613756251286e-05
1243_40,mp-672254,Ca3 Pd3 Pb3,1243,100,0.1353910326364769,18,0,na,"(20, 46, 82)",1.0,3.425478710649813e-05
1514_6,mp-19943,Y2 Cu2 Sb4,1514,110,0.25,32,0,na,"(29, 39, 51)",1.0,3.4255960537133464e-05
1890_3,mp-867255,Li4 Zn8 Au4,1890,110,0.25,48,0,na,"(3, 30, 79)",1.0,3.425713404816553e-05
1670_60,mp-21027,Ca4 In8 Pt4,1670,001,0.0,32,0,na,"(20, 49, 78)",1.0,3.430649421935573e-05
2485_39,mp-1216081,Y2 Ga3 Cu1,2485,2-12,0.4662630058652545,36,0,na,"(29, 31, 39)",1.0,3.430767119527926e-05
2395_3,mp-1068447,Ba2 Ge6 Pd2,2395,111,0.4287668448606343,40,0,na,"(32, 46, 56)",1.0,3.4308848251964184e-05
2385_24,mp-10446,Sc6 Ni1 Te2,2385,210,0.2291090379647702,36,0,na,"(21, 28, 52)",1.0,3.4310025389418786e-05
2282_16,mp-1025365,Sc2 V4 Ga8,2282,101,0.125,42,0,na,"(21, 23, 31)",1.0,3.438434824467902e-05
2369_30,mp-1078355,Sc3 Ni3 Sn3,2369,210,0.4166666666666667,54,0,na,"(21, 28, 50)",1.0,3.4385530568736674e-05
1720_29,mp-1228809,Al2 Re2 Si2,1720,001,0.4165149291756301,12,0,na,"(13, 14, 75)",1.0,3.43867129741068e-05
2121_2,mp-1216977,V8 Fe4 Ge4,2121,111,0.6218238469298498,64,0,na,"(23, 26, 32)",1.0,3.43878954607978e-05
2018_35,mp-1247807,Hf6 Ga2 Co1,2018,201,0.1666666666666666,45,0,na,"(27, 31, 72)",1.0,3.4389078028818045e-05
1175_100,mp-1223908,Hf4 Ga6 Cu2,1175,012,0.1253781877078738,72,0,na,"(29, 31, 72)",1.0,3.439026067817594e-05
2106_59,mp-1215979,Y4 Ga4 Au4,2106,12-2,0.0,72,0,na,"(31, 39, 79)",1.0,3.439144340887987e-05
2019_38,mp-1095145,Ti3 Re3 Si3,2019,100,0.5,18,0,na,"(14, 22, 75)",1.0,3.439262622093823e-05
1708_25,mp-1206964,Zr6 Ni1 Sb2,1708,210,0.1839376505912481,36,0,na,"(28, 40, 51)",1.0,3.445068384607434e-05
1996_3,mp-1186122,Na4 Cd8 Rh4,1996,110,0.25,48,0,na,"(11, 45, 48)",1.0,3.4451870736580995e-05
2202_35,mp-1218015,Ta4 Co4 Ni8,2202,121,0.3615862582806031,64,0,na,"(27, 28, 73)",1.0,3.445305770887166e-05
1615_31,mp-1206177,Y4 Sn4 Ge4,1615,112,0.1754210893459334,72,0,na,"(32, 39, 50)",1.0,3.44542447629548e-05
1538_18,mp-1018726,Hf2 V2 Ge2,1538,201,0.25,36,0,na,"(23, 32, 72)",1.0,3.445543189883885e-05
2097_1,mp-862287,Be4 Al4 Rh8,2097,111,0.3750000000000002,48,0,na,"(4, 13, 45)",1.0,3.445661911653229e-05
2560_4,mp-10698,Ba2 Ge4 Rh4,2560,110,0.25,40,0,na,"(32, 45, 56)",1.0,3.464043231259526e-05
2015_39,mp-1079842,Hf3 Ga3 Rh3,2015,100,0.1378379758439081,18,0,na,"(31, 45, 72)",1.0,3.464163231371462e-05
1179_6,mp-866154,Ti4 Be4 Ir8,1179,100,0.125,32,0,na,"(4, 22, 77)",1.0,3.464283239797686e-05
1836_5,mp-21249,Y2 Mn2 Si2,1836,221,0.2499999999999999,48,0,na,"(14, 25, 39)",1.0,3.464403256539061e-05
2237_44,mp-1205904,Y6 Mn1 Bi2,2237,2-12,0.1913754765420439,54,0,na,"(25, 39, 83)",1.0,3.464523281596452e-05
951_18,mp-1068053,Ca4 Ag2 Pd4,951,122,0.235533189306821,60,0,na,"(20, 46, 47)",1.0,3.464643314970724e-05
1611_33,mp-1070247,Ba2 Ge6 Rh2,1611,001,0.1663361263226761,10,0,na,"(32, 45, 56)",1.0,3.46476335666274e-05
1872_1,mp-21113,Y2 Fe4 Ge4,1872,111,0.1838037362891357,40,0,na,"(26, 32, 39)",1.0,3.464883406673365e-05
2287_3,mp-1227046,Ca1 Si1 Au1,2287,212,0.0833333333333334,30,0,na,"(14, 20, 79)",1.0,3.465003465003465e-05
2008_4,mp-1205899,Zr6 Ni1 Bi2,2008,111,0.9471318865691172,36,0,na,"(28, 40, 83)",1.0,3.465123531653903e-05
1175_87,mp-1223908,Hf4 Ga6 Cu2,1175,11-2,0.0765511840071874,72,0,na,"(29, 31, 72)",1.0,3.465243606625546e-05
1539_16,mp-569204,Tl2 Cu4 Te4,1539,100,0.25,30,0,na,"(29, 52, 81)",1.0,3.483713638738896e-05
1514_8,mp-19943,Y2 Cu2 Sb4,1514,212,0.1250000000000001,48,0,na,"(29, 39, 51)",1.0,3.483835005574136e-05
2088_6,mp-862372,Sc8 Ru4 Rh4,2088,100,0.125,32,0,na,"(21, 44, 45)",1.0,3.483956380866112e-05
1289_73,mp-20843,Sr8 In4 Pd8,1289,11-2,0.2148404570064776,80,0,na,"(38, 46, 49)",1.0,3.484077764615706e-05
2606_3,mp-867820,Li4 Al4 Pd8,2606,110,0.25,48,0,na,"(3, 13, 46)",1.0,3.484199156823804e-05
1253_10,mp-1079862,Sr4 Tl8 Pd4,1253,110,0.2139913755021751,48,0,na,"(38, 46, 81)",1.0,3.484320557491289e-05
2144_24,mp-8605,Sr1 Sb1 Pt1,2144,102,0.4166666666666667,18,0,na,"(38, 51, 78)",1.0,3.484441966619046e-05
2143_18,mp-7773,Na8 As4 Au4,2143,210,0.0518552025551031,64,0,na,"(11, 33, 79)",1.0,3.484563384207959e-05
1301_5,mp-867842,Sc4 In4 Rh8,1301,210,0.0625,64,0,na,"(21, 45, 49)",1.0,3.484684810258912e-05
2571_3,mp-864930,Li4 Ti4 Ir8,2571,110,0.2499999999999999,48,0,na,"(3, 22, 77)",1.0,3.4848062447727906e-05
2385_7,mp-10446,Sc6 Ni1 Te2,2385,221,0.75,54,0,na,"(21, 28, 52)",1.0,3.4849276877504794e-05
1560_1,mp-865602,Y8 Mg4 Al4,1560,111,0.375,48,0,na,"(12, 13, 39)",1.0,3.4850491391928626e-05
2563_19,mp-1207207,Rb2 As4 Ir4,2563,102,0.0989967154635103,30,0,na,"(33, 37, 77)",1.0,3.485170599100826e-05
1362_0,mp-7829,Mn3 Nb3 Si3,1362,111,0.0443391544978055,45,0,na,"(14, 25, 41)",1.0,3.4852920674752545e-05
1176_3,mp-865793,Li4 Sc8 Rh4,1176,110,0.25,48,0,na,"(3, 21, 45)",1.0,3.495525727069351e-05
2557_27,mp-1079860,Hf3 Ga3 Ni3,2557,210,0.3514798553577636,54,0,na,"(28, 31, 72)",1.0,3.495647918341665e-05
2203_36,mp-1218708,Sr4 Pt2 Au2,2203,120,0.3141135906544505,24,0,na,"(38, 78, 79)",1.0,3.49577011815703e-05
1494_16,mp-1220335,Nb4 Mo4 W4,1494,101,0.4168357219137384,48,0,na,"(41, 42, 74)",1.0,3.495892326516343e-05
2173_15,mp-21001,Y2 Ge4 Ru4,2173,100,0.25,30,0,na,"(32, 39, 44)",1.0,3.496014543420501e-05
2004_25,mp-1069708,Ba2 Ge6 Ir2,2004,201,0.2107705772973176,60,0,na,"(32, 56, 77)",1.0,3.496136768870398e-05
1391_36,mp-1068587,Y2 Si6 Ir2,1391,001,0.4559203686280284,20,0,na,"(14, 39, 77)",1.0,3.496259002866932e-05
1929_0,mp-3129,Sc4 Si12 Ni4,1929,111,0.0,80,0,na,"(14, 21, 28)",1.0,3.4963812454109994e-05
1458_1,mp-31297,Sc3 In3 Pt3,1458,111,0.5510795894198138,36,0,na,"(21, 49, 78)",1.0,3.4965034965034965e-05
2411_3,mp-862367,Sc8 Ni4 Ru4,2411,110,0.25,48,0,na,"(21, 28, 44)",1.0,3.49662575614532e-05
2344_43,mp-1205841,Y6 Fe1 Bi2,2344,2-12,0.0579603568253244,54,0,na,"(26, 39, 83)",1.0,3.4967480243373666e-05
2407_34,mp-11201,Sc6 Fe1 Sb2,2407,101,0.282563769499897,27,0,na,"(21, 26, 51)",1.0,3.4968703010805326e-05
1836_26,mp-21249,Y2 Mn2 Si2,1836,112,0.2499999999999999,36,0,na,"(14, 25, 39)",1.0,3.4969925863757166e-05
2387_0,mp-1206924,Ba2 Zn4 Ge4,2387,111,0.0618081417924791,40,0,na,"(30, 32, 56)",1.0,3.497114880223815e-05
2111_43,mp-1206046,Zr6 Co1 Bi2,2111,2-12,0.284105328007799,72,0,na,"(27, 40, 83)",1.0,3.497237182625726e-05
2339_0,mp-1018713,Hf2 Cu2 Sn2,2339,111,0.0966195334061019,30,0,na,"(29, 50, 72)",1.0,3.515556336790297e-05
1870_22,mp-11401,Sc4 Ga8 Ni4,1870,101,0.1496294786939316,48,0,na,"(21, 28, 31)",1.0,3.515679932498945e-05
1146_3,mp-15985,Zr3 Cu4 Ge2,1146,111,0.4204077553286609,36,0,na,"(29, 32, 40)",1.0,3.515803536898358e-05
1078_0,mp-11073,Ti3 In3 Rh2,1078,111,0.2373788094033351,40,0,na,"(22, 45, 49)",1.0,3.515927149989452e-05
1940_23,mp-22150,Zr4 In2 Co4,1940,100,0.1472194263905173,20,0,na,"(27, 40, 49)",1.0,3.521374744700331e-05
2488_27,mp-14092,Al4 Ag4 Te8,2488,112,0.0573915937813396,64,0,na,"(13, 47, 52)",1.0,3.521498749867944e-05
2432_5,mp-1183617,Ca4 In4 Ag8,2432,210,0.0625,64,0,na,"(20, 47, 49)",1.0,3.521622763769545e-05
2567_14,mp-7770,Sr1 Zn2 As2,2567,101,0.0189147288975963,20,0,na,"(30, 33, 38)",1.0,3.5217467864060575e-05
961_8,mp-1079130,Ba8 Zn4 Bi8,961,212,0.0201953957431408,80,0,na,"(30, 56, 83)",1.0,3.521870817778404e-05
2085_6,mp-1185359,Li4 Mg8 Cd4,2085,100,0.125,32,0,na,"(3, 12, 48)",1.0,3.521994857887507e-05
1601_55,mp-21352,Na4 In8 Au4,1601,010,0.25,16,0,na,"(11, 49, 79)",1.0,3.522118906734291e-05
2042_30,mp-1080559,In2 Ga4 Au4,2042,102,0.1296107583996334,40,0,na,"(31, 49, 79)",1.0,3.522242964319679e-05
1854_14,mp-3207,Sr2 Ni4 Ge4,1854,201,0.0352435273017111,60,0,na,"(28, 32, 38)",1.0,3.522367030644593e-05
1938_20,mp-9025,Y2 Si2 Au2,1938,102,0.2445915967972284,24,0,na,"(14, 39, 79)",1.0,3.522491105709958e-05
912_19,mp-4131,Sc2 Co4 Si4,912,001,0.0620031857979555,20,0,na,"(14, 21, 27)",1.0,3.5226151895166974e-05
1616_0,mp-639659,In1 Cu1 Pt2,1616,111,0.5,20,0,na,"(29, 49, 78)",1.0,3.5513885929398395e-05
1462_45,mp-1206544,Sr4 Tl8 Pt4,1462,011,0.0616142338984814,32,0,na,"(38, 78, 81)",1.0,3.558718861209964e-05
1650_5,mp-864902,Mg4 Tl4 Rh8,1650,210,0.0625,64,0,na,"(12, 45, 81)",1.0,3.566715411777294e-05
1070_17,mp-20723,Ca4 Pb2 Au4,1070,101,0.0620206787801649,30,0,na,"(20, 79, 82)",1.0,3.5668426309031246e-05
2290_19,mp-1079967,Ba2 Sb4 Pd4,2290,201,0.0917130176862351,60,0,na,"(46, 51, 56)",1.0,3.566969859104691e-05
2503_4,mp-30175,Ca2 Al4 Zn4,2503,110,0.25,40,0,na,"(13, 20, 30)",1.0,3.567097096382964e-05
969_2,mp-16238,Li8 Ag4 Sb4,969,111,0.625,48,0,na,"(3, 47, 51)",1.0,3.567224342738915e-05
1113_37,mp-1080561,Ca4 Ga8 Ni4,1113,120,0.0864951615505126,64,0,na,"(20, 28, 31)",1.0,3.567351598173516e-05
1537_25,mp-1206239,Hf6 Co1 Sb2,1537,210,0.297053012840865,36,0,na,"(27, 51, 72)",1.0,3.567478862687739e-05
1327_65,mp-1078428,Ca8 Ga4 Pt8,1327,11-2,0.1578048374412066,80,0,na,"(20, 31, 78)",1.0,3.567606136282554e-05
1657_1,mp-11361,Mg4 Cu4 Sn4,1657,111,0.4999999999999999,36,0,na,"(12, 29, 50)",1.0,3.5677334189589356e-05
2511_26,mp-1079361,Y3 Al3 Cu3,2511,210,0.1016561456405878,54,0,na,"(13, 29, 39)",1.0,3.5678607107178535e-05
1501_15,mp-3553,K2 Te2 Au2,1501,201,0.2291666666666667,36,0,na,"(19, 52, 79)",1.0,3.567988011560281e-05
2514_34,mp-1068235,Sr2 Ge6 Ir2,2514,001,0.3328388812623154,10,0,na,"(32, 38, 77)",1.0,3.568115321487191e-05
2176_47,mp-1215639,Zr4 Ga6 Cu2,2176,101,0.1787088281023608,48,0,na,"(29, 31, 40)",1.0,3.568242640499554e-05
2615_0,mp-21024,Sr4 In8 Pd4,2615,111,0.0,48,0,na,"(38, 46, 49)",1.0,3.5683699685983445e-05
1749_3,mp-1185358,Li4 Mg4 Cd8,1749,110,0.2499999999999999,48,0,na,"(3, 12, 48)",1.0,3.5684973057845344e-05
1674_3,mp-865011,Mn8 Nb4 Al4,1674,110,0.25,48,0,na,"(13, 25, 41)",1.0,3.5686246520590966e-05
1662_19,mp-20698,Li2 Co2 As2,1662,201,0.1401644803095437,36,0,na,"(3, 27, 33)",1.0,3.568752007423004e-05
2029_31,mp-14208,Li3 Y3 Si3,2029,210,0.3792663588971431,54,0,na,"(3, 14, 39)",1.0,3.568879371877231e-05
1938_14,mp-9025,Y2 Si2 Au2,1938,201,0.1267514079643206,36,0,na,"(14, 39, 79)",1.0,3.569006745422749e-05
1907_12,mp-1222617,Li6 Zn3 Cu9,1907,101,0.0614060740191058,54,0,na,"(3, 29, 30)",1.0,3.5691341280605326e-05
943_12,mp-1223891,In3 Sn1 Au4,943,212,0.3759198206083348,64,0,na,"(49, 50, 79)",1.0,3.569261519791555e-05
1739_53,mp-13094,Y4 Al8 Ni4,1739,021,0.1385603519443244,64,0,na,"(13, 28, 39)",1.0,3.5693889206167905e-05
2456_42,mp-1078483,Ca8 Ge4 Pt8,2456,20-1,0.1019054393782942,80,0,na,"(20, 32, 78)",1.0,3.5695163305372124e-05
2499_83,mp-863261,Sr8 Cd4 As8,2499,021,0.6954292779432265,40,0,na,"(33, 38, 48)",1.0,3.5696437495537944e-05
2236_0,mp-865079,Ti4 Zn4 Pd8,2236,111,0.125,48,0,na,"(22, 30, 46)",1.0,3.582688449412439e-05
926_14,mp-570769,Ca4 In4 Cu16,926,100,0.1878213977310387,48,0,na,"(20, 29, 49)",1.0,3.582816810576475e-05
1988_9,mp-1078782,Y4 Co4 Si8,1988,110,0.1788629547039029,48,0,na,"(14, 27, 39)",1.0,3.582945180938732e-05
1886_7,mp-12951,Zr2 Ga2 Au2,1886,212,0.0833333333333333,48,0,na,"(31, 40, 79)",1.0,3.583073560500197e-05
2477_25,mp-1227020,Ca4 Zn4 Ag4,2477,21-1,0.2499999999999999,72,0,na,"(20, 30, 47)",1.0,3.5832019492618604e-05
2237_8,mp-1205904,Y6 Mn1 Bi2,2237,221,0.3957281727284325,54,0,na,"(25, 39, 83)",1.0,3.589633139493144e-05
1559_35,mp-1080133,Sr4 Ga12 Pd4,1559,121,0.0681114393177653,80,0,na,"(31, 38, 46)",1.0,3.589761998779481e-05
1688_30,mp-567197,Y2 Sn2 Au2,1688,2-12,0.3397866572052663,36,0,na,"(39, 50, 79)",1.0,3.5898908673176336e-05
1525_1,mp-1206242,Y1 In5 Rh1,1525,111,0.3495110223059399,28,0,na,"(39, 45, 49)",1.0,3.603084240109534e-05
1576_16,mp-1018736,K2 Cd2 As2,1576,101,0.0758461785373576,18,0,na,"(19, 33, 48)",1.0,3.6032140669477175e-05
1372_1,mp-30312,Ca8 Si4 Ir8,1372,111,0.118952508504414,60,0,na,"(14, 20, 77)",1.0,3.603343903142116e-05
1095_36,mp-1080452,K3 Cd12 As9,1095,10-2,0.4263347072330226,72,0,na,"(19, 33, 48)",1.0,3.608024245922932e-05
2509_20,mp-1227351,Ca2 Ga7 Ag1,2509,101,0.3748525905154722,30,0,na,"(20, 31, 47)",1.0,3.6081544290095615e-05
2101_43,mp-8719,K8 Mn4 Te8,2101,102,2.220446049250313e-16,40,0,na,"(19, 25, 52)",1.0,3.6082846214909435e-05
1285_25,mp-3595,Zn4 Si4 As8,1285,112,0.190844913800845,64,0,na,"(14, 30, 33)",1.0,3.608414823368095e-05
1488_8,mp-1221683,Mn6 Pt1 Rh1,1488,210,0.125,64,0,na,"(25, 45, 78)",1.0,3.608545034642032e-05
2421_8,mp-10098,Y2 Ge2 Au2,2421,212,0.1209511107323328,48,0,na,"(32, 39, 79)",1.0,3.6086752553137746e-05
2180_2,mp-4744,Ca2 Ni4 As4,2180,221,0.0330776603473257,80,0,na,"(20, 28, 33)",1.0,3.6088054853843375e-05
1757_17,mp-12696,Y3 Mg3 Pd3,1757,212,0.2691234779831202,72,0,na,"(12, 39, 46)",1.0,3.60893572485474e-05
1867_0,mp-1224173,Hf1 Zn2 Ga1,1867,111,0.5,20,0,na,"(30, 31, 72)",1.0,3.6090659737259996e-05
1643_30,mp-9350,Sc2 Ge2 Au2,1643,2-12,0.3996481268262108,36,0,na,"(21, 32, 79)",1.0,3.6091962319991336e-05
980_25,mp-13949,Cd2 Ga4 Te8,980,101,0.0681139005181741,28,0,na,"(31, 48, 52)",1.0,3.609326499675161e-05
2443_15,mp-8607,Na3 Cu12 Sb6,2443,101,0.0715769359088334,63,0,na,"(11, 29, 51)",1.0,3.609456776755098e-05
1317_54,mp-11959,Ca4 Sn8 Rh4,1317,010,0.2499999999999999,16,0,na,"(20, 45, 50)",1.0,3.6095870632399656e-05
1272_35,mp-1079729,Sc3 Mn3 Ge3,1272,101,0.1560902949994833,36,0,na,"(21, 25, 32)",1.0,3.60971735913078e-05
1125_17,mp-1221656,Mn1 Al2 Ni1,1125,001,0.3807014044308907,8,0,na,"(13, 25, 28)",1.0,3.609847664428561e-05
2492_22,mp-1079508,Y4 In2 Cu4,2492,100,0.0600854460113531,20,0,na,"(29, 39, 49)",1.0,3.6099779791343274e-05
1548_39,mp-9549,Sc3 Fe3 Ge3,1548,201,0.0833333333333332,54,0,na,"(21, 26, 32)",1.0,3.618992472495657e-05
1583_1,mp-1184955,Li8 Tl4 Cd4,1583,111,0.375,48,0,na,"(3, 48, 81)",1.0,3.619123448300822e-05
961_32,mp-1079130,Ba8 Zn4 Bi8,961,112,0.155893734834059,60,0,na,"(30, 56, 83)",1.0,3.619254433586681e-05
1799_20,mp-1025375,Y1 Ga5 Co1,1799,102,0.0306868463340598,28,0,na,"(27, 31, 39)",1.0,3.619385428354265e-05
1493_6,mp-1183037,Zr4 Zn4 Au8,1493,100,0.125,32,0,na,"(30, 40, 79)",1.0,3.619516432604604e-05
1739_11,mp-13094,Y4 Al8 Ni4,1739,110,0.1383357615624217,48,0,na,"(13, 28, 39)",1.0,3.6196474463387263e-05
2529_5,mp-861663,Li4 Rh8 Pb4,2529,210,0.0624999999999999,64,0,na,"(3, 45, 82)",1.0,3.619778469557663e-05
1127_15,mp-16261,Ca2 Ge4 Rh4,1127,100,0.25,30,0,na,"(20, 32, 45)",1.0,3.6199095022624436e-05
936_0,mp-861625,Li4 Zn4 Ag8,936,111,0.125,48,0,na,"(3, 30, 47)",1.0,3.620040544454098e-05
2108_9,mp-2949,Ca2 Ni4 Ge4,2108,210,0.1249999999999999,60,0,na,"(20, 28, 32)",1.0,3.6201715961336564e-05
1624_33,mp-1078825,Sr4 Cd8 Pd4,1624,121,0.1722518917872655,64,0,na,"(38, 46, 48)",1.0,3.6203026573021506e-05
1127_17,mp-16261,Ca2 Ge4 Rh4,1127,112,0.4999999999999999,40,0,na,"(20, 32, 45)",1.0,3.6204337279606094e-05
2387_20,mp-1206924,Ba2 Zn4 Ge4,2387,001,0.1868081417924791,10,0,na,"(30, 32, 56)",1.0,3.620564808110065e-05
2129_14,mp-9247,Ba2 Cu4 As4,2129,201,0.0348943320968578,60,0,na,"(29, 33, 56)",1.0,3.620695897751548e-05
1087_16,mp-1071737,Y2 Zn2 Ga2,1087,100,0.1666666666666666,18,0,na,"(30, 31, 39)",1.0,3.631609529343405e-05
2541_25,mp-1223832,K2 Si8 Pt8,2541,210,0.125,72,0,na,"(14, 19, 78)",1.0,3.631741420010895e-05
1974_19,mp-15686,Li4 Cu2 As2,1974,201,0.2499999999999999,48,0,na,"(3, 29, 33)",1.0,3.631873320258589e-05
973_31,mp-1218375,Sr2 Zn5 Si3,973,101,0.8757014335043252,30,0,na,"(14, 30, 38)",1.0,3.646175162254795e-05
1427_21,mp-1018720,Hf2 V2 Si2,1427,112,0.2499999999999999,36,0,na,"(14, 23, 72)",1.0,3.646308113035551e-05
1492_21,mp-15685,Na8 Cu4 As4,1492,201,0.0825266039588825,64,0,na,"(11, 29, 33)",1.0,3.646441073512252e-05
909_3,mp-977382,Ta8 V4 Ru4,909,110,0.25,48,0,na,"(23, 44, 73)",1.0,3.646574043685957e-05
1397_10,mp-16266,Ca2 Zn2 Si2,1397,101,0.0416666666666666,18,0,na,"(14, 20, 30)",1.0,3.646707023557727e-05
2553_29,mp-1218236,Sr2 In6 Au2,2553,112,0.482310953825329,40,0,na,"(38, 49, 79)",1.0,3.646840013128624e-05
2464_1,mp-1095148,Ti3 Fe3 As3,2464,111,0.5903443141935725,45,0,na,"(22, 26, 33)",1.0,3.646973012399708e-05
1400_3,mp-861983,Ti8 Mn4 Fe4,1400,110,0.25,48,0,na,"(22, 25, 26)",1.0,3.6471060213720413e-05
1427_0,mp-1018720,Hf2 V2 Si2,1427,111,0.0697717494716769,30,0,na,"(14, 23, 72)",1.0,3.647239040046685e-05
1735_17,mp-975144,Rb1 Zn4 As3,1735,101,0.2761711749597012,24,0,na,"(30, 33, 37)",1.0,3.6473720684247e-05
1517_3,mp-1224770,Fe3 Ni1 As4,1517,111,0.5450448238594032,32,0,na,"(26, 28, 33)",1.0,3.647505106507149e-05
2396_3,mp-1187920,Zn4 Ge4 Rh8,2396,110,0.25,48,0,na,"(30, 32, 45)",1.0,3.647638154295094e-05
2186_44,mp-1216085,Y6 Zn4 Au8,2186,101,0.420777253862859,54,0,na,"(30, 39, 79)",1.0,3.6477712117895966e-05
1070_13,mp-20723,Ca4 Pb2 Au4,1070,211,0.3364946020823413,80,0,na,"(20, 79, 82)",1.0,3.647904278991719e-05
2479_34,mp-15777,Zn2 Ga4 Te8,2479,201,0.1833977841616204,56,0,na,"(30, 31, 52)",1.0,3.648037355902524e-05
2221_41,mp-13445,Rb8 As8 Pt4,2221,112,0.0207509665611247,80,0,na,"(33, 37, 78)",1.0,3.6481704425230744e-05
941_1,mp-8150,Ba1 Cd2 Sb2,941,111,0.3153558543059135,25,0,na,"(48, 51, 56)",1.0,3.6483035388544325e-05
955_24,mp-1079075,Y4 Ga8 Pd4,955,100,0.25,48,0,na,"(31, 39, 46)",1.0,3.6484366448976617e-05
2059_3,mp-7431,Sr1 Zn2 Sb2,2059,221,0.0676909203123266,50,0,na,"(30, 38, 51)",1.0,3.648569760653824e-05
1898_6,mp-981365,V8 Re4 Ru4,1898,100,0.125,32,0,na,"(23, 44, 75)",1.0,3.648702886123983e-05
1197_12,mp-11700,Ba2 Cu2 Sb2,1197,101,0.4583333333333335,18,0,na,"(29, 51, 56)",1.0,3.648836021309202e-05
2518_39,mp-1219296,Sc4 Ga4 Cu4,2518,201,0.5,72,0,na,"(21, 29, 31)",1.0,3.6489691662105454e-05
1514_17,mp-19943,Y2 Cu2 Sb4,1514,201,0.0621613720655389,48,0,na,"(29, 39, 51)",1.0,3.649102320829076e-05
2405_20,mp-7878,Ca2 Ag4 Ge4,2405,102,0.2500000000000001,30,0,na,"(20, 32, 47)",1.0,3.649235485165858e-05
2572_0,mp-862730,Li4 Ga4 Rh8,2572,111,0.125,48,0,na,"(3, 31, 45)",1.0,3.661796477351789e-05
2456_26,mp-1078483,Ca8 Ge4 Pt8,2456,210,0.25,80,0,na,"(20, 32, 78)",1.0,3.661930569796397e-05
1295_5,mp-1205892,Zr6 Co1 Sb2,1295,221,0.0978260164417718,54,0,na,"(27, 40, 51)",1.0,3.6620646720621085e-05
1840_28,mp-1077722,Sc4 Zn4 Pt4,1840,112,0.0250143051168283,72,0,na,"(21, 30, 78)",1.0,3.6621987841500034e-05
1025_29,mp-7544,Zr3 Si3 Ru3,1025,210,0.294601641711014,54,0,na,"(14, 40, 44)",1.0,3.662332906061161e-05
1221_45,mp-12806,Cu4 Ge2 Te6,1221,112,0.5302115737419135,48,0,na,"(29, 32, 52)",1.0,3.66246703779666e-05
1341_1,mp-12520,Sr2 Ni4 Ge2,1341,221,0.0625,80,0,na,"(28, 32, 38)",1.0,3.66260117935758e-05
1974_23,mp-15686,Li4 Cu2 As2,1974,2-12,0.1676917030981855,48,0,na,"(3, 29, 33)",1.0,3.662735330745e-05
1613_19,mp-16258,Ca3 Cd3 Ge3,1613,212,0.3117812851693438,72,0,na,"(20, 32, 48)",1.0,3.6628694919600016e-05
2283_5,mp-9744,Ba1 As1 Pd1,2283,212,0.4166666666666666,30,0,na,"(33, 46, 56)",1.0,3.663003663003663e-05
2536_0,mp-865280,Nb4 Al4 Fe8,2536,111,0.125,48,0,na,"(13, 26, 41)",1.0,3.663137843877065e-05
1967_46,mp-9550,Sc3 Mn3 Si3,1967,2-12,0.4582234331427131,72,0,na,"(14, 21, 25)",1.0,3.663272034581288e-05
1694_6,mp-1218889,Sr2 Si4 Pt4,1694,212,0.125,60,0,na,"(14, 38, 78)",1.0,3.663406235117412e-05
1341_20,mp-12520,Sr2 Ni4 Ge2,1341,201,0.2167613888677392,48,0,na,"(28, 32, 38)",1.0,3.663540445486518e-05
1110_6,mp-867137,Sc4 V4 Ru8,1110,100,0.125,32,0,na,"(21, 23, 44)",1.0,3.6636746656896867e-05
1513_24,mp-21471,Li2 Fe2 As2,1513,102,0.1249999999999998,36,0,na,"(3, 26, 33)",1.0,3.663808895727999e-05
1803_46,mp-1206072,Zr6 Co1 Sn2,1803,102,0.1823951035156341,54,0,na,"(27, 40, 50)",1.0,3.6639431356025354e-05
1263_5,mp-9381,Zr6 Fe1 Te2,1263,221,0.0966944436175296,54,0,na,"(26, 40, 52)",1.0,3.664077385314378e-05
1971_6,mp-8623,K4 Te4 Pt2,1971,110,0.3895857780901544,30,0,na,"(19, 52, 78)",1.0,3.6678403755868545e-05
2061_27,mp-1216072,Y2 Ga3 Ag1,2061,101,0.6674289940165241,18,0,na,"(31, 39, 47)",1.0,3.667974911051608e-05
2499_102,mp-863261,Sr8 Cd4 As8,2499,001,0.4641747110381792,40,0,na,"(33, 38, 48)",1.0,3.668109456386178e-05
1124_10,mp-1218349,Sr1 Ag3 Pd2,1124,101,0.4166666666666667,18,0,na,"(38, 46, 47)",1.0,3.6770113251948816e-05
1378_3,mp-865681,Ti4 Si4 Ru8,1378,110,0.25,48,0,na,"(14, 22, 44)",1.0,3.6771465342893915e-05
1075_1,mp-864654,Zn8 Ni4 Rh4,1075,111,0.375,48,0,na,"(28, 30, 45)",1.0,3.67728175332794e-05
935_47,mp-1227971,Ba4 Cd4 Sn4,935,120,0.0514955625576867,48,0,na,"(48, 50, 56)",1.0,3.6774169823116246e-05
1415_1,mp-861616,Li4 Sc8 Ir4,1415,111,0.3750000000000002,48,0,na,"(3, 21, 77)",1.0,3.677552221241541e-05
2298_40,mp-7392,Na8 Ag4 Sb4,2298,102,0.1250000000000001,64,0,na,"(11, 47, 51)",1.0,3.677687470118789e-05
2612_3,mp-1227397,Bi1 Pt2 Pb1,2612,221,0.1875785885971942,40,0,na,"(78, 82, 83)",1.0,3.677822728944465e-05
1357_20,mp-5166,Ca2 As4 Pd4,1357,001,0.1855324533309978,10,0,na,"(20, 33, 46)",1.0,3.677957997719666e-05
1551_3,mp-865484,V8 Cr4 Re4,1551,110,0.25,48,0,na,"(23, 24, 75)",1.0,3.6780932764454905e-05
1015_9,mp-22662,Ti2 Ga2 Pt2,1015,210,0.25,48,0,na,"(22, 31, 78)",1.0,3.6782285651230366e-05
1042_11,mp-1019279,Sr2 Zn2 Sn2,1042,101,0.25,18,0,na,"(30, 38, 50)",1.0,3.678363863753403e-05
1641_6,mp-1186761,Ta8 Mn4 Re4,1641,100,0.125,32,0,na,"(25, 73, 75)",1.0,3.678499172337686e-05
1824_6,mp-864831,Nb4 Zn4 Rh8,1824,100,0.125,32,0,na,"(30, 41, 45)",1.0,3.685005711758853e-05
893_13,mp-4653,Y2 Si4 Ir4,893,201,0.0303403310701407,60,0,na,"(14, 39, 77)",1.0,3.685141509433962e-05
2468_1,mp-1186207,Nb8 Re4 Ru4,2468,111,0.375,48,0,na,"(41, 44, 75)",1.0,3.685277317118113e-05
2113_4,mp-29135,Zr6 Co1 As2,2113,111,0.75,36,0,na,"(27, 33, 40)",1.0,3.6854131348124126e-05
2593_3,mp-1187939,Zn4 Sn4 Rh8,2593,110,0.2499999999999999,48,0,na,"(30, 45, 50)",1.0,3.685548962517967e-05
1010_13,mp-30656,Ti3 Ga3 Ni3,1010,110,0.6369561954851904,27,0,na,"(22, 28, 31)",1.0,3.685684800235884e-05
1548_38,mp-9549,Sc3 Fe3 Ge3,1548,101,0.4166666666666666,36,0,na,"(21, 26, 32)",1.0,3.68582064796727e-05
1217_48,mp-12535,K8 Zn4 Te8,1217,010,0.2499999999999999,40,0,na,"(19, 30, 52)",1.0,3.6859565057132324e-05
1706_0,mp-6954,Sr2 Ag2 As2,1706,111,0.125,30,0,na,"(33, 38, 47)",1.0,3.686092373474879e-05
2126_6,mp-7930,Zr3 Cu4 Si2,2126,221,0.1601572982575146,72,0,na,"(14, 29, 40)",1.0,3.686228251253318e-05
1559_6,mp-1080133,Sr4 Ga12 Pd4,1559,221,0.0,80,0,na,"(31, 38, 46)",1.0,3.698772007693446e-05
1261_23,mp-1079080,Cs1 Cd4 As3,1261,112,0.0884639750574296,32,0,na,"(33, 48, 55)",1.0,3.7093363997180906e-05
2578_3,mp-865603,Y8 Ir4 Rh4,2578,110,0.25,48,0,na,"(39, 45, 77)",1.0,3.7185780157667706e-05
2072_0,mp-31169,Sc4 Al4 Ag8,2072,111,0.125,48,0,na,"(13, 21, 47)",1.0,3.7255048059012e-05
1979_6,mp-11984,Y3 Mg3 Tl3,1979,221,0.1600755317171441,54,0,na,"(12, 39, 81)",1.0,3.725643604932752e-05
1166_8,mp-1227272,Be16 Al4 Fe4,1166,110,0.1231486064986525,72,0,na,"(4, 13, 26)",1.0,3.7257824143070045e-05
1241_4,mp-31018,Sr2 Ag2 Bi2,1241,212,0.2499999999999999,48,0,na,"(38, 47, 83)",1.0,3.7259212340251126e-05
2248_5,mp-867902,Li4 Si4 Rh8,2248,210,0.0625,64,0,na,"(3, 14, 45)",1.0,3.726060064088233e-05
2046_35,mp-1078635,Sc3 Ge3 Os3,2046,201,0.4225491952739185,45,0,na,"(21, 32, 76)",1.0,3.726198904497522e-05
2150_0,mp-1218977,Sn2 Pd3 Pt3,2150,111,0.1250488636429629,32,0,na,"(46, 50, 78)",1.0,3.726337755254136e-05
1127_12,mp-16261,Ca2 Ge4 Rh4,1127,101,0.4999999999999999,30,0,na,"(20, 32, 45)",1.0,3.726476616359232e-05
2286_18,mp-4908,Y2 Co4 Ge4,2286,102,0.1220315605936974,40,0,na,"(27, 32, 39)",1.0,3.7266154878139676e-05
2541_38,mp-1223832,K2 Si8 Pt8,2541,201,0.2498247486563373,72,0,na,"(14, 19, 78)",1.0,3.7267543696194986e-05
2524_23,mp-1228015,Al3 Si3 Mo3,2524,101,0.080199044161449,27,0,na,"(13, 14, 42)",1.0,3.7268932617769825e-05
964_18,mp-1228125,Ba4 Cd4 Pb4,964,212,0.1249999999999998,72,0,na,"(48, 56, 82)",1.0,3.727032164287578e-05
2141_20,mp-3078,Cd4 Si4 As8,2141,101,0.4574378255638615,32,0,na,"(14, 33, 48)",1.0,3.727171077152441e-05
2555_48,mp-12760,Zr6 Al2 Co1,2555,102,0.18367285694636,72,0,na,"(13, 27, 40)",1.0,3.727310000372731e-05
1107_5,mp-867292,Ga8 Ru4 Rh4,1107,210,0.0625,64,0,na,"(31, 44, 45)",1.0,3.727448933949605e-05
2446_25,mp-1205996,Zr6 Mn1 Bi2,2446,210,0.1562323649601106,36,0,na,"(25, 40, 83)",1.0,3.7275878778842214e-05
2344_42,mp-1205841,Y6 Fe1 Bi2,2344,100,0.5,18,0,na,"(26, 39, 83)",1.0,3.7277268321777383e-05
1850_6,mp-867251,Li4 Zn8 Pt4,1850,100,0.125,32,0,na,"(3, 30, 78)",1.0,3.727865796831314e-05
2373_16,mp-9571,Ca1 Zn2 As2,2373,101,0.4999999999999998,20,0,na,"(20, 30, 33)",1.0,3.728004771846108e-05
1327_28,mp-1078428,Ca8 Ga4 Pt8,1327,210,0.0670398523723054,80,0,na,"(20, 31, 78)",1.0,3.734269390193809e-05
974_3,mp-1228701,Al8 Ge4 W6,974,111,0.5852069230244704,54,0,na,"(13, 32, 74)",1.0,3.73943609303717e-05
1239_3,mp-865021,Be8 Ru4 Pt4,1239,110,0.25,48,0,na,"(4, 44, 78)",1.0,3.739575932089301e-05
935_17,mp-1227971,Ba4 Cd4 Sn4,935,212,0.0613381428438941,72,0,na,"(48, 50, 56)",1.0,3.7397157816005985e-05
2282_4,mp-1025365,Sc2 V4 Ga8,2282,110,0.2000886396505803,42,0,na,"(21, 23, 31)",1.0,3.739855641572235e-05
1718_1,mp-866087,Mg4 Si4 Rh8,1718,111,0.3750000000000002,48,0,na,"(12, 14, 45)",1.0,3.7399955120053854e-05
2553_3,mp-1218236,Sr2 In6 Au2,2553,111,0.4406608360180152,40,0,na,"(38, 49, 79)",1.0,3.7561506967659545e-05
2163_5,mp-861672,Ti8 Fe4 Ir4,2163,210,0.0624999999999999,64,0,na,"(22, 26, 77)",1.0,3.75629178874615e-05
2213_3,mp-864878,Zr4 Al4 Au8,2213,110,0.25,48,0,na,"(13, 40, 79)",1.0,3.7742970371768255e-05
2046_8,mp-1078635,Sc3 Ge3 Os3,2046,221,0.8366073748497342,63,0,na,"(21, 32, 76)",1.0,3.774439495734883e-05
1927_5,mp-862300,Sc8 Ga4 Os4,1927,210,0.0625,64,0,na,"(21, 31, 76)",1.0,3.774581965047371e-05
1141_1,mp-1232420,Li4 Mg8 Ir4,1141,111,0.3750000000000002,48,0,na,"(3, 12, 77)",1.0,3.774724445115507e-05
1468_0,mp-3469,Zr2 Ni4 Sb2,1468,111,0.0482857150260205,40,0,na,"(28, 40, 51)",1.0,3.774866935940508e-05
2381_5,mp-1228918,Al1 Ga1 Ni6,2381,212,0.1259718916102059,64,0,na,"(13, 28, 31)",1.0,3.775009437523594e-05
1435_24,mp-19955,Co4 Cu2 Ge4,1435,122,0.1781538726291921,60,0,na,"(27, 29, 32)",1.0,3.775151949865982e-05
1548_36,mp-9549,Sc3 Fe3 Ge3,1548,101,0.1525529368833353,36,0,na,"(21, 26, 32)",1.0,3.7752944729688915e-05
1063_36,mp-568925,Ni6 Sn12 Au3,1063,102,0.1666666666666665,63,0,na,"(28, 50, 79)",1.0,3.775437006833541e-05
1411_43,mp-1217923,Ta1 Ni6 Mo1,1411,121,0.0589303798819431,48,0,na,"(28, 42, 73)",1.0,3.7755795514611494e-05
1777_10,mp-571367,Hf2 Co4 Si4,1777,101,0.125,30,0,na,"(14, 27, 72)",1.0,3.775722106852936e-05
2521_4,mp-1215168,Zr4 V4 Mo4,2521,110,0.1250000000000001,36,0,na,"(23, 40, 42)",1.0,3.7758646730101195e-05
1792_28,mp-1080605,Mg3 Ga3 Au3,1792,210,0.2056768920460774,54,0,na,"(12, 31, 79)",1.0,3.77600724993392e-05
2556_33,mp-1078832,Zr3 Ga3 Ni3,2556,101,0.4166666666666666,36,0,na,"(28, 31, 40)",1.0,3.776149837625557e-05
2320_23,mp-20865,Y2 Cu2 Pb2,2320,201,0.138393712764426,36,0,na,"(29, 39, 82)",1.0,3.7762924360862507e-05
2555_16,mp-12760,Zr6 Al2 Co1,2555,212,0.2083454885523016,72,0,na,"(13, 27, 40)",1.0,3.7764350453172205e-05
1458_25,mp-31297,Sc3 In3 Pt3,1458,210,0.1827935386234264,54,0,na,"(21, 49, 78)",1.0,3.7765776653196875e-05
1266_50,mp-3034,Mg4 Al8 Cu4,1266,010,0.0,32,0,na,"(12, 13, 29)",1.0,3.776720296094871e-05
2128_2,mp-28884,Cs2 Fe4 As4,2128,221,0.0402127305110407,80,0,na,"(26, 33, 55)",1.0,3.776862937643993e-05
2403_37,mp-4238,Mn3 Fe3 As3,2403,100,0.5,18,0,na,"(25, 26, 33)",1.0,3.777005589968273e-05
1710_23,mp-8606,Ba1 Sb1 Pt1,1710,102,0.2499999999999999,18,0,na,"(51, 56, 78)",1.0,3.777148253068933e-05
1190_0,mp-861900,Li4 Ga4 Au8,1190,111,0.125,48,0,na,"(3, 31, 79)",1.0,3.7772909269471935e-05
915_9,mp-12972,Zr6 Sb2 Pt1,915,110,0.0948409257007227,27,0,na,"(40, 51, 78)",1.0,3.784295175023652e-05
2101_39,mp-8719,K8 Mn4 Te8,2101,112,0.1793154267219032,60,0,na,"(19, 25, 52)",1.0,3.7844383893430214e-05
2349_9,mp-1227072,Ca2 Ga6 Pt2,2349,212,0.0680221428567708,60,0,na,"(20, 31, 78)",1.0,3.7845816145025166e-05
1610_34,mp-1078304,Ca8 Al4 Pd8,1610,21-2,0.1243251739521014,80,0,na,"(13, 20, 46)",1.0,3.784724850503368e-05
979_3,mp-867829,Li4 V4 Rh8,979,110,0.25,48,0,na,"(3, 23, 45)",1.0,3.784868097346807e-05
2135_5,mp-1080702,Ba2 Cu4 Sb4,2135,221,0.090839441411557,80,0,na,"(29, 51, 56)",1.0,3.785011355034065e-05
2145_23,mp-1079278,Sr2 Al4 Au4,2145,112,0.1212797648182331,40,0,na,"(13, 38, 79)",1.0,3.785154623566373e-05
2479_33,mp-15777,Zn2 Ga4 Te8,2479,201,0.1461676576924554,56,0,na,"(30, 31, 52)",1.0,3.7852979029449615e-05
2472_15,mp-1025346,Ga1 As1 Pd5,2472,100,0.25,21,0,na,"(31, 33, 46)",1.0,3.785441193171064e-05
1194_7,mp-30433,Ba2 Sn6 Pt2,1194,221,0.2108936381064774,60,0,na,"(50, 56, 78)",1.0,3.7855844942459115e-05
1983_13,mp-1226005,Co2 Sb2 Te2,1983,210,0.0155404953809109,36,0,na,"(27, 51, 52)",1.0,3.785727806170736e-05
2149_10,mp-1222139,Mg4 Cd1 Ag5,2149,110,0.5,50,0,na,"(12, 47, 48)",1.0,3.78587112894677e-05
1601_29,mp-21352,Na4 In8 Au4,1601,122,0.125,64,0,na,"(11, 49, 79)",1.0,3.786014462575247e-05
925_22,mp-1224371,Ge4 As4 Au4,925,212,0.0024256237368522,72,0,na,"(32, 33, 79)",1.0,3.786157807057398e-05
2414_18,mp-1069139,Sr2 Si6 Ni2,2414,101,0.2971595076012769,30,0,na,"(14, 28, 38)",1.0,3.786301162394457e-05
2477_43,mp-1227020,Ca4 Zn4 Ag4,2477,10-1,0.1539703846851416,24,0,na,"(20, 30, 47)",1.0,3.786444528587656e-05
1231_0,mp-7473,Li4 Cu8 Si4,1231,111,0.1250000000000002,64,0,na,"(3, 14, 29)",1.0,3.7865879056382296e-05
2483_33,mp-15322,Sc3 Cu3 Si3,2483,101,0.1558423638777524,36,0,na,"(14, 21, 29)",1.0,3.78673129354741e-05
1046_25,mp-9463,Zr2 Ge2 Sb2,1046,001,0.124698726995728,12,0,na,"(32, 40, 51)",1.0,3.794490399939288e-05
907_21,mp-568961,Ba2 Fe4 As4,907,001,0.0774853307088676,10,0,na,"(26, 33, 56)",1.0,3.794634386976815e-05
920_30,mp-1080611,Ca4 In8 Ni4,920,122,0.1250000000000001,64,0,na,"(20, 28, 49)",1.0,3.7947783849423196e-05
2256_1,mp-1184678,Hf8 Fe4 Rh4,2256,111,0.3750000000000003,48,0,na,"(26, 45, 72)",1.0,3.7949223938370464e-05
1284_32,mp-1079845,Mn3 Ni3 As3,1284,210,0.4166666666666667,54,0,na,"(25, 28, 33)",1.0,3.795066413662239e-05
2437_40,mp-22717,Ca2 In4 Pd2,2437,122,0.0,48,0,na,"(20, 46, 49)",1.0,3.795210444419143e-05
1624_29,mp-1078825,Sr4 Cd8 Pd4,1624,122,0.0360444107513782,64,0,na,"(38, 46, 48)",1.0,3.7953544861090024e-05
1380_16,mp-9273,K9 Sb6 Au9,1380,101,0.3712730875608927,48,0,na,"(19, 51, 79)",1.0,3.795498538733063e-05
1696_38,mp-1078827,Y3 Sn3 Rh3,1696,201,0.4166666666666665,45,0,na,"(39, 45, 50)",1.0,3.7956426022925684e-05
1429_1,mp-31011,Y8 Si8 Rh4,1429,111,0.2499239947250799,80,0,na,"(14, 39, 45)",1.0,3.7957866767887644e-05
1078_27,mp-11073,Ti3 In3 Rh2,1078,210,0.3122997027164637,48,0,na,"(22, 45, 49)",1.0,3.795930762222897e-05
2144_17,mp-8605,Sr1 Sb1 Pt1,2144,201,0.4583333333333333,18,0,na,"(38, 51, 78)",1.0,3.7960748585962114e-05
2144_0,mp-8605,Sr1 Sb1 Pt1,2144,111,0.2500000000000001,15,0,na,"(38, 51, 78)",1.0,3.7962189659099535e-05
2543_8,mp-1078729,Zr6 Cu1 Bi2,2543,110,0.1054781007019515,27,0,na,"(29, 40, 83)",1.0,3.79636308416537e-05
2437_41,mp-22717,Ca2 In4 Pd2,2437,122,0.0636892452517499,48,0,na,"(20, 46, 49)",1.0,3.7965072133637056e-05
1662_25,mp-20698,Li2 Co2 As2,1662,102,0.1250000000000001,36,0,na,"(3, 27, 33)",1.0,3.796651353506208e-05
2389_1,mp-862717,Li4 Al4 Au8,2389,111,0.375,48,0,na,"(3, 13, 79)",1.0,3.796795504594123e-05
2154_27,mp-1071720,Sc4 Zn4 Pd4,2154,120,0.1405320548685935,48,0,na,"(21, 30, 46)",1.0,3.796939666628697e-05
1212_1,mp-978986,Sr2 Ge4 Pd4,1212,111,0.1896996692664891,40,0,na,"(32, 38, 46)",1.0,3.797083839611178e-05
1605_0,mp-1079890,Al8 Cu4 Ir4,1605,111,0.0,48,0,na,"(13, 29, 77)",1.0,3.797228023542814e-05
2024_0,mp-867927,Li4 V4 Ir8,2024,111,0.125,48,0,na,"(3, 23, 77)",1.0,3.79737221842485e-05
1852_30,mp-1070755,Y4 Ga2 Ni4,1852,021,0.0595467341571839,40,0,na,"(28, 31, 39)",1.0,3.797516424258535e-05
1797_2,mp-1025294,Cd1 As1 Pd5,1797,221,0.0724810712119445,56,0,na,"(33, 46, 48)",1.0,3.797660641045116e-05
1372_49,mp-30312,Ca8 Si4 Ir8,1372,100,0.0663237164633585,40,0,na,"(14, 20, 77)",1.0,3.797804868785842e-05
898_4,mp-1069604,Ca2 Si6 Pt2,898,221,0.0366748811678752,80,0,na,"(14, 20, 78)",1.0,3.79794910748196e-05
1056_8,mp-1229118,Ag6 Sn1 Sb1,1056,221,0.0013263024894423,48,0,na,"(47, 50, 51)",1.0,3.798093357134719e-05
1424_76,mp-1078362,Ca8 Al4 Pt8,1424,011,0.0,60,0,na,"(13, 20, 78)",1.0,3.798237617745366e-05
1535_16,mp-975044,Li2 Si4 Rh4,1535,210,0.0499497845036956,40,0,na,"(3, 14, 45)",1.0,3.804740706920823e-05
2154_28,mp-1071720,Sc4 Zn4 Pd4,2154,120,0.25,48,0,na,"(21, 30, 46)",1.0,3.804885472947264e-05
2071_0,mp-862719,Li4 Y8 Os4,2071,111,0.125,48,0,na,"(3, 39, 76)",1.0,3.8050302499904876e-05
2280_0,mp-1187911,Zn4 Ga4 Co8,2280,111,0.1250000000000002,64,0,na,"(27, 30, 31)",1.0,3.805175038051751e-05
2237_18,mp-1205904,Y6 Mn1 Bi2,2237,212,0.3177346234845586,54,0,na,"(25, 39, 83)",1.0,3.805319837132311e-05
1377_62,mp-20497,Sr4 In8 Ir4,1377,001,0.1512958283627767,32,0,na,"(38, 49, 77)",1.0,3.8054646472334275e-05
1649_10,mp-570837,Cs2 As4 Ru4,1649,210,0.125,60,0,na,"(33, 44, 55)",1.0,3.805609468356357e-05
2257_3,mp-600125,Hf4 In4 Cu8,2257,110,0.2500000000000001,48,0,na,"(29, 49, 72)",1.0,3.8057543005023594e-05
1382_3,mp-10445,Sc6 Fe1 Te2,1382,111,0.7514901202497768,36,0,na,"(21, 26, 52)",1.0,3.8058991436726926e-05
1080_1,mp-1185620,Mg4 V4 Ru8,1080,111,0.375,48,0,na,"(12, 23, 44)",1.0,3.806043997868615e-05
2261_0,mp-865170,Ga4 Fe4 Rh8,2261,111,0.125,48,0,na,"(26, 31, 45)",1.0,3.806188863091387e-05
1054_5,mp-867846,Ta4 Ti4 Re8,1054,210,0.0625,64,0,na,"(22, 73, 75)",1.0,3.806333739342265e-05
1336_1,mp-5615,Ca3 Ag3 As3,1336,111,0.1684109981003095,36,0,na,"(20, 33, 47)",1.0,3.8064786266225115e-05
1120_15,mp-4008,Zn4 Ge4 As8,1120,101,0.0625,32,0,na,"(30, 32, 33)",1.0,3.806623524933384e-05
2322_8,mp-21505,Y3 Ag3 Pb3,2322,221,0.4117287387178194,54,0,na,"(39, 47, 82)",1.0,3.806768434276143e-05
2543_31,mp-1078729,Zr6 Cu1 Bi2,2543,101,0.171737740786437,36,0,na,"(29, 40, 83)",1.0,3.8117019249094724e-05
977_19,mp-1226006,Co3 Si12 Ni3,977,10-1,0.0198463213063284,72,0,na,"(14, 27, 28)",1.0,3.811847221163376e-05
1302_45,mp-1215600,Zr4 Co2 Ni2,1302,010,0.4986632960879866,16,0,na,"(27, 28, 40)",1.0,3.811992528494644e-05
2556_29,mp-1078832,Zr3 Ga3 Ni3,2556,210,0.4166666666666667,54,0,na,"(28, 31, 40)",1.0,3.812137846904544e-05
1713_17,mp-1221662,Mn1 Al2 Cr3,1713,212,0.3728478161066028,60,0,na,"(13, 24, 25)",1.0,3.8122831763943425e-05
1949_72,mp-9902,Sc8 Co4 Si8,1949,102,0.0321940611908466,80,0,na,"(14, 21, 27)",1.0,3.812428516965307e-05
1526_11,mp-1068286,Ca4 Cd2 Pd4,1526,101,0.100890798918634,30,0,na,"(20, 46, 48)",1.0,3.8125738686187046e-05
1720_16,mp-1228809,Al2 Re2 Si2,1720,101,0.8296379124868808,24,0,na,"(13, 14, 75)",1.0,3.812719231355803e-05
2185_15,mp-5729,Y2 Ag2 Sn2,2185,210,0.0833333333333333,48,0,na,"(39, 47, 50)",1.0,3.81286460517787e-05
1226_4,mp-8456,Sr2 As2 Pt2,1226,212,0.2500000000000001,48,0,na,"(33, 38, 78)",1.0,3.813009990086174e-05
1243_44,mp-672254,Ca3 Pd3 Pb3,1243,2-12,0.0676955163182384,54,0,na,"(20, 46, 82)",1.0,3.813155386081983e-05
1512_5,mp-865020,Hf4 Mg4 Ir8,1512,210,0.0624999999999999,64,0,na,"(12, 72, 77)",1.0,3.813300793166565e-05
1204_16,mp-1217902,Ta4 Nb4 Mo4,1204,101,0.4188764794008275,48,0,na,"(41, 42, 73)",1.0,3.813446211341189e-05
1661_62,mp-1218620,Sr4 Cd4 Pb4,1661,11-2,0.25,48,0,na,"(38, 48, 82)",1.0,3.813591640607124e-05
1860_63,mp-1219423,Sc2 Ga3 Cu1,1860,012,0.0352683344696451,24,0,na,"(21, 29, 31)",1.0,3.813737080965638e-05
2405_21,mp-7878,Ca2 Ag4 Ge4,2405,001,0.055136438141055,10,0,na,"(20, 32, 47)",1.0,3.813882532418002e-05
1084_11,mp-1205741,Ti3 Mn3 As3,1084,110,0.4541185832278103,36,0,na,"(22, 25, 33)",1.0,3.814027994965483e-05
2537_21,mp-1072437,Y2 Si2 Ni8,2537,112,0.0855087475276637,72,0,na,"(14, 28, 39)",1.0,3.816356905697821e-05
1556_5,mp-984724,Ba8 Tl4 Zn4,1556,210,0.0625,64,0,na,"(30, 56, 81)",1.0,3.816502557056713e-05
987_17,mp-1228817,Al2 Re2 Ge2,987,201,0.04052341488247,48,0,na,"(13, 32, 75)",1.0,3.8166482195336056e-05
925_4,mp-1224371,Ge4 As4 Au4,925,111,0.8195359053283919,48,0,na,"(32, 33, 79)",1.0,3.816793893129771e-05
1101_4,mp-11879,Ba2 Ni2 Sn6,1101,221,0.0402291194580897,60,0,na,"(28, 50, 56)",1.0,3.8169395778464824e-05
1776_1,mp-1206348,Cs2 As4 Ir4,1776,111,0.2031764823128554,40,0,na,"(33, 55, 77)",1.0,3.8340618050762975e-05
1837_1,mp-10181,Li4 Si4 Ni8,1837,111,0.3750000000000002,64,0,na,"(3, 14, 28)",1.0,3.834208811011848e-05
1001_17,mp-10697,Sr2 Ge4 Rh4,1001,112,0.5,40,0,na,"(32, 38, 45)",1.0,3.834355828220859e-05
1748_39,mp-1077599,Sc4 Al4 Ge4,1748,012,0.0288688268846313,48,0,na,"(13, 21, 32)",1.0,3.8345028567046284e-05
2343_25,mp-1215318,Zr4 Al4 Cu4,2343,012,0.0625,48,0,na,"(13, 29, 40)",1.0,3.8346498964644526e-05
1273_6,mp-862720,Sr8 Cd4 In4,1273,100,0.125,32,0,na,"(38, 48, 49)",1.0,3.8347969475016295e-05
1204_1,mp-1217902,Ta4 Nb4 Mo4,1204,111,0.4999803578113564,48,0,na,"(41, 42, 73)",1.0,3.8349440098174566e-05
2082_5,mp-1070356,Rb4 Te4 Pd2,2082,110,0.1440651924220297,30,0,na,"(37, 46, 52)",1.0,3.835091083413231e-05
2068_13,mp-1018658,Ca2 Co2 Si2,2068,211,0.375,72,0,na,"(14, 20, 27)",1.0,3.835238168290251e-05
2481_31,mp-7642,K8 Ag4 As4,2481,112,0.0,64,0,na,"(19, 33, 47)",1.0,3.835385264449814e-05
1954_13,mp-1077361,Ba2 As2 Au2,1954,201,0.0208333333333333,36,0,na,"(33, 56, 79)",1.0,3.835532371893219e-05
1046_27,mp-9463,Zr2 Ge2 Sb2,1046,001,0.5,12,0,na,"(32, 40, 51)",1.0,3.8356794906217635e-05
1107_1,mp-867292,Ga8 Ru4 Rh4,1107,111,0.375,48,0,na,"(31, 44, 45)",1.0,3.835826620636747e-05
1175_55,mp-1223908,Hf4 Ga6 Cu2,1175,100,0.4020291131268507,24,0,na,"(29, 31, 72)",1.0,3.8424591738712775e-05
2557_34,mp-1079860,Hf3 Ga3 Ni3,2557,201,0.4166666666666666,45,0,na,"(28, 31, 72)",1.0,3.84260682446972e-05
2559_36,mp-22780,Ba4 In8 Ir4,2559,121,0.168190403115453,64,0,na,"(49, 56, 77)",1.0,3.8572806171648985e-05
1001_13,mp-10697,Sr2 Ge4 Rh4,1001,201,0.0332135906815125,60,0,na,"(32, 38, 45)",1.0,3.857429409041814e-05
2054_5,mp-862473,Sc8 Ag4 Ru4,2054,210,0.0625,64,0,na,"(21, 44, 47)",1.0,3.8575782123982566e-05
1418_3,mp-15297,Hf6 Ni1 Sb2,1418,111,0.449056088097489,36,0,na,"(28, 51, 72)",1.0,3.857727027235553e-05
1388_6,mp-865879,Li8 Ag4 Au4,1388,100,0.125,32,0,na,"(3, 47, 79)",1.0,3.8693700665531654e-05
1478_5,mp-865183,Mg4 Ga4 Ag8,1478,210,0.0625,64,0,na,"(12, 31, 47)",1.0,3.8695197925937394e-05
1364_9,mp-4247,Na2 Zn2 Sb2,1364,212,0.3750000000000001,36,0,na,"(11, 30, 51)",1.0,3.869669530222119e-05
2533_35,mp-1069824,Ca4 Cd2 Pt4,2533,010,0.1120255469270965,20,0,na,"(20, 48, 78)",1.0,3.879276902785321e-05
1108_11,mp-1078411,Sr2 Sn4 Au4,1108,212,0.3111172434442233,60,0,na,"(38, 50, 79)",1.0,3.879427396516274e-05
1975_5,mp-924128,Hf4 Ni4 Sn4,1975,110,0.25,36,0,na,"(28, 50, 72)",1.0,3.8795779019242706e-05
1230_11,mp-9223,Sc3 Ge3 Ru3,1230,110,0.453012246364377,27,0,na,"(21, 32, 44)",1.0,3.879728419010669e-05
2278_74,mp-4022,Zr8 Co4 Si8,2278,10-2,0.0387451422384046,80,0,na,"(14, 27, 40)",1.0,3.879878947776829e-05
1354_1,mp-1207011,Sc4 In4 Ni16,1354,111,0.1870568766093259,72,0,na,"(21, 28, 49)",1.0,3.8800294882241104e-05
