slab_id,mp_id,formula,crystal_id,miller_index,shift,num_atom,test,energy,chem_system,weight,normalized_weight
968_0,mp-1215217,Zr4 Nb4 Cr16,968,111,0.1873934276503559,72,0,na,"(24, 40, 41)",0.72474796,0.000294628049573058
942_5,mp-866041,Ga8 Ir4 Ru4,942,210,0.0625,64,0,na,"(31, 44, 77)",0.61483645,0.0002500199532814697
1511_5,mp-865966,Be4 Al4 Ir8,1511,210,0.0625,64,0,na,"(4, 13, 77)",0.5882933,0.00023928614964038002
942_3,mp-866041,Ga8 Ir4 Ru4,942,110,0.25,48,0,na,"(31, 44, 77)",0.5752262,0.0002340271539304868
1552_4,mp-1207274,Li2 Ga2 Ir2,1552,212,0.2499999999999999,60,0,na,"(3, 31, 77)",0.56974626,0.00023185193452886007
1101_7,mp-11879,Ba2 Ni2 Sn6,1101,221,0.2321656483217911,60,0,na,"(28, 50, 56)",0.5516893,0.00022455591823618732
1034_0,mp-1227279,Be16 Al4 Ni4,1034,111,0.0607132801292136,72,0,na,"(4, 13, 28)",0.5490782,0.0002235433115512385
2385_13,mp-10446,Sc6 Ni1 Te2,2385,212,0.0833333333333332,72,0,na,"(21, 28, 52)",0.5489811,0.00022355375368678397
1929_30,mp-3129,Sc4 Si12 Ni4,1929,121,0.25,80,0,na,"(14, 21, 28)",0.547655,0.00022306361158038238
1016_0,mp-11533,Zr4 Zn4 Ni16,1016,111,0.0637578662677322,72,0,na,"(28, 30, 40)",0.54071546,0.00022028622751463873
1511_3,mp-865966,Be4 Al4 Ir8,1511,110,0.2499999999999999,48,0,na,"(4, 13, 77)",0.5364539,0.00021859823200918823
1101_6,mp-11879,Ba2 Ni2 Sn6,1101,221,0.1693634108530728,60,0,na,"(28, 50, 56)",0.50319797,0.0002050916905612189
1034_3,mp-1227279,Be16 Al4 Ni4,1034,111,0.8130955732902622,72,0,na,"(4, 13, 28)",0.5024347,0.00020482260702570204
2245_5,mp-1187208,Ta8 Re4 W4,2245,210,0.0624999999999999,64,0,na,"(73, 74, 75)",0.4989987,0.00020346356067452447
1016_3,mp-11533,Zr4 Zn4 Ni16,1016,111,0.8120807112440893,72,0,na,"(28, 30, 40)",0.4985465,0.00020332054730999788
2587_5,mp-19963,Ti4 Fe8 Sn4,2587,210,0.0625,64,0,na,"(22, 26, 50)",0.4928795,0.0002010502713544602
1007_2,mp-7707,Zr2 Si4 Ni4,1007,221,0.0299957436081222,80,0,na,"(14, 28, 40)",0.4927347,0.00020103162350928737
1101_5,mp-11879,Ba2 Ni2 Sn6,1101,221,0.1024268819893714,60,0,na,"(28, 50, 56)",0.4902552,0.00020006022674470887
2228_4,mp-3432,Sc4 Ni4 Sb4,2228,221,0.1875,72,0,na,"(21, 28, 51)",0.4876011,0.00019901697386280455
2385_40,mp-10446,Sc6 Ni1 Te2,2385,2-12,0.0594681090460174,54,0,na,"(21, 28, 52)",0.46890667,0.00019142483994673108
1790_0,mp-637771,Zr4 In4 Ni16,1790,111,0.062658804410379,72,0,na,"(28, 40, 49)",0.46248192,0.0001888381705063045
1589_5,mp-866001,Al4 V4 Ru8,1589,210,0.0625,64,0,na,"(13, 23, 44)",0.4602623,0.00018796736242511519
2228_3,mp-3432,Sc4 Ni4 Sb4,2228,221,0.0625,72,0,na,"(21, 28, 51)",0.45320946,0.00018512183706271494
2385_15,mp-10446,Sc6 Ni1 Te2,2385,212,0.2856028847587014,72,0,na,"(21, 28, 52)",0.4490356,0.00018345090704925614
2000_5,mp-866284,Al8 Ir4 Os4,2000,210,0.0625,64,0,na,"(13, 76, 77)",0.44716662,0.00018272086634793576
1552_20,mp-1207274,Li2 Ga2 Ir2,1552,102,0.2499999999999999,36,0,na,"(3, 31, 77)",0.4445207,0.0001816728880628543
1924_4,mp-29733,Mg4 Ni4 Bi4,1924,221,0.1874999999999999,72,0,na,"(12, 28, 83)",0.4425484,0.00018089968569860447
2286_3,mp-4908,Y2 Co4 Ge4,2286,221,0.0944921098515757,80,0,na,"(27, 32, 39)",0.44251886,0.00018092033912027426
1158_5,mp-977547,Mg4 Zn4 Rh8,1158,210,0.0625,64,0,na,"(12, 30, 45)",0.4415705,0.0001805652775594787
2498_8,mp-999576,Mn8 Si4 Ru4,2498,210,0.0624999999999999,64,0,na,"(14, 25, 44)",0.44070125,0.00018024237277168372
2019_15,mp-1095145,Ti3 Re3 Si3,2019,212,0.2499999999999999,72,0,na,"(14, 22, 75)",0.4401574,0.00018005239667021335
1433_5,mp-977353,Ta8 Re4 Mo4,1433,210,0.0625,64,0,na,"(42, 73, 75)",0.4368857,0.00017874624678652166
1007_3,mp-7707,Zr2 Si4 Ni4,1007,221,0.0924957436081223,80,0,na,"(14, 28, 40)",0.4346245,0.00017785289600405593
2369_17,mp-1078355,Sc3 Ni3 Sn3,2369,212,0.4325208310043358,72,0,na,"(21, 28, 50)",0.43128556,0.00017731508782683702
2159_40,mp-1205648,Rb8 Ni4 As8,2159,120,0.157810867505354,40,0,na,"(28, 33, 37)",0.4248102,0.00017509517891601777
2245_3,mp-1187208,Ta8 Re4 W4,2245,110,0.25,48,0,na,"(73, 74, 75)",0.41663525,0.00017175576108089888
2159_41,mp-1205648,Rb8 Ni4 As8,2159,120,0.2499999999999999,40,0,na,"(28, 33, 37)",0.4145311,0.00017091769205209678
2369_44,mp-1078355,Sc3 Ni3 Sn3,2369,2-12,0.3174791689956642,72,0,na,"(21, 28, 50)",0.41337425,0.000170469840914556
2159_32,mp-1205648,Rb8 Ni4 As8,2159,122,0.1249999999999998,80,0,na,"(28, 33, 37)",0.41284314,0.00017027984605200107
1179_5,mp-866154,Ti4 Be4 Ir8,1179,210,0.0625,64,0,na,"(4, 22, 77)",0.41204715,0.00016998047903409245
2369_43,mp-1078355,Sc3 Ni3 Sn3,2369,2-12,0.2340320999491449,72,0,na,"(21, 28, 50)",0.40893844,0.00016872673319622122
1924_3,mp-29733,Mg4 Ni4 Bi4,1924,221,0.0624999999999997,72,0,na,"(12, 28, 83)",0.4069933,0.00016891265371522918
1552_3,mp-1207274,Li2 Ga2 Ir2,1552,212,0.0416666666666665,60,0,na,"(3, 31, 77)",0.40685877,0.00016888534718840847
2223_45,mp-5723,Zr3 Al3 Ni3,2223,2-12,0.3523620578136522,72,0,na,"(13, 28, 40)",0.40303338,0.00016732570290817802
1941_6,mp-862377,Li4 Be8 Ir4,1941,100,0.1249999999999999,32,0,na,"(3, 4, 77)",0.4028054,0.00016725904013012387
1328_12,mp-22056,Y4 In8 Ni4,1328,110,0.5,48,0,na,"(28, 39, 49)",0.40144423,0.00016672171994739894
1714_39,mp-1228909,Al9 Si3 Pd12,1714,101,0.2463806212493176,72,0,na,"(13, 14, 46)",0.3972646,0.00016639570003600083
2554_1,mp-867223,Li4 Ga8 Ni4,2554,111,0.375,48,0,na,"(3, 28, 31)",0.39661568,0.00016615154447322797
2286_9,mp-4908,Y2 Co4 Ge4,2286,210,0.1249999999999999,60,0,na,"(27, 32, 39)",0.3949217,0.00016546938979763027
1499_2,mp-8467,Y4 Ni4 Ge12,1499,111,0.3072095629816527,80,0,na,"(28, 32, 39)",0.39382225,0.00016503603646195964
2014_1,mp-866288,Be4 V4 Co8,2014,111,0.3750000000000002,64,0,na,"(4, 23, 27)",0.39341146,0.0001648911028561427
1518_48,mp-1080614,Cs8 Sb8 Pt4,1518,102,0.1250000000000001,80,0,na,"(51, 55, 78)",0.39247474,0.0001645256228862298
2223_14,mp-5723,Zr3 Al3 Ni3,2223,212,0.0621697944192036,72,0,na,"(13, 28, 40)",0.39213917,0.00016441200174806928
1499_27,mp-8467,Y4 Ni4 Ge12,1499,121,0.0908125520792355,80,0,na,"(28, 32, 39)",0.3913918,0.00016412563651102186
1166_2,mp-1227272,Be16 Al4 Fe4,1166,111,0.6902770902520212,72,0,na,"(4, 13, 26)",0.39119244,0.00016406896511802946
2554_0,mp-867223,Li4 Ga8 Ni4,2554,111,0.125,48,0,na,"(3, 28, 31)",0.39051798,0.00016381296829451935
1250_1,mp-7187,Ti4 Al4 Ni8,1250,111,0.375,48,0,na,"(13, 22, 28)",0.39047873,0.00016382334024432466
1499_0,mp-8467,Y4 Ni4 Ge12,1499,111,0.0,80,0,na,"(28, 32, 39)",0.38844,0.00016299470390892075
1638_45,mp-9673,K8 Ni4 As8,1638,112,0.25,80,0,na,"(19, 28, 33)",0.38594082,0.00016278626351260236
2338_1,mp-1018062,Fe2 Sn2 Rh4,2338,221,0.0625,64,0,na,"(26, 45, 50)",0.38426474,0.00016210569707221834
1245_3,mp-22790,V4 Ga4 Co8,1245,110,0.25,48,0,na,"(23, 27, 31)",0.383504,0.00016181100222883275
893_9,mp-4653,Y2 Si4 Ir4,893,210,0.1249999999999999,60,0,na,"(14, 39, 77)",0.38289583,0.00016158054390335384
1941_3,mp-862377,Li4 Be8 Ir4,1941,110,0.25,48,0,na,"(3, 4, 77)",0.38270944,0.0001615279878318953
2587_3,mp-19963,Ti4 Fe8 Sn4,2587,110,0.25,48,0,na,"(22, 26, 50)",0.3825815,0.00016150007570897622
1358_5,mp-976406,Mg4 Mn4 Pt8,1358,210,0.0625,64,0,na,"(12, 25, 78)",0.38109228,0.00016089741252798648
2014_0,mp-866288,Be4 V4 Co8,2014,111,0.1250000000000002,64,0,na,"(4, 23, 27)",0.38015884,0.00016052914226658417
2008_44,mp-1205899,Zr6 Ni1 Bi2,2008,2-12,0.4408938757067399,54,0,na,"(28, 40, 83)",0.37975818,0.00016038570270741296
1518_42,mp-1080614,Cs8 Sb8 Pt4,1518,112,0.0256412676038844,80,0,na,"(51, 55, 78)",0.37833452,0.00015981007051829016
2532_5,mp-1186222,Nb4 Ga4 Os8,2532,210,0.0625,64,0,na,"(31, 41, 76)",0.37604886,0.0001588699872776129
2044_6,mp-1226004,Co1 Ni1 Pt2,2044,211,0.062963357624632,80,0,na,"(27, 28, 78)",0.37408552,0.000158065643649448
1053_3,mp-1188052,Zr4 Ga4 Co8,1053,110,0.2499999999999999,48,0,na,"(27, 31, 40)",0.37403685,0.00015807006413288006
1638_46,mp-9673,K8 Ni4 As8,1638,102,0.0459454973150403,80,0,na,"(19, 28, 33)",0.37373662,0.00015796815529266572
1158_0,mp-977547,Mg4 Zn4 Rh8,1158,111,0.125,48,0,na,"(12, 30, 45)",0.3733482,0.0001578289128200732
2313_2,mp-3587,Sc2 Si4 Ni4,2313,221,0.0303441814022296,80,0,na,"(14, 21, 28)",0.37298936,0.00015770210704396344
2391_5,mp-20145,Ti4 Ga4 Co8,2391,210,0.0625,64,0,na,"(22, 27, 31)",0.37279895,0.0001576464617491785
1780_1,mp-972777,Si8 Os4 Ru4,1780,111,0.3750000000000002,48,0,na,"(14, 44, 76)",0.3726138,0.0001575930108676071
2313_3,mp-3587,Sc2 Si4 Ni4,2313,221,0.0928441814022296,80,0,na,"(14, 21, 28)",0.3707935,0.00015684785262851597
1027_5,mp-864955,Mn8 Cr4 Co4,1027,210,0.0625,64,0,na,"(24, 25, 27)",0.3691758,0.0001561880536818833
1299_22,mp-10676,Sc4 Al2 Si4,1299,201,0.25,40,0,na,"(13, 14, 21)",0.36806247,0.00015574135954135194
1540_5,mp-866143,Ti4 Be4 Rh8,1540,210,0.0625,64,0,na,"(4, 22, 45)",0.36804348,0.00015575758204098577
1518_43,mp-1080614,Cs8 Sb8 Pt4,1518,112,0.0808296577494928,80,0,na,"(51, 55, 78)",0.36734775,0.00015548736445169506
1649_15,mp-570837,Cs2 As4 Ru4,1649,201,0.1026703719942628,60,0,na,"(33, 44, 55)",0.36645672,0.00015585473997410603
2558_5,mp-864985,Mn4 Zn4 Ir8,2558,210,0.0624999999999999,64,0,na,"(25, 30, 77)",0.36606976,0.00015571443398277167
1638_42,mp-9673,K8 Ni4 As8,1638,112,0.076125161107953,80,0,na,"(19, 28, 33)",0.3660678,0.00015573785089240594
1507_41,mp-12781,Sc4 Al8 Ni4,1507,102,0.0255386347255205,64,0,na,"(13, 21, 28)",0.36555594,0.00015554431215488717
2285_0,mp-867775,Al8 Ni4 Ru4,2285,111,0.1250000000000002,48,0,na,"(13, 28, 44)",0.36481404,0.00015525278186501903
2223_16,mp-5723,Zr3 Al3 Ni3,2223,212,0.2076729221717407,72,0,na,"(13, 28, 40)",0.36438006,0.0001550921728309102
2498_0,mp-999576,Mn8 Si4 Ru4,2498,111,0.1250000000000002,48,0,na,"(14, 25, 44)",0.36358762,0.0001547788892220391
1964_3,mp-1206594,Cr4 Ge4 Ru8,1964,110,0.25,48,0,na,"(24, 32, 44)",0.3622946,0.00015425232689429347
2019_42,mp-1095145,Ti3 Re3 Si3,2019,2-12,0.3507534741516593,72,0,na,"(14, 22, 75)",0.3622373,0.00015425172425248115
2142_5,mp-865469,Ti8 Mn4 Ru4,2142,210,0.0625,64,0,na,"(22, 25, 44)",0.3611027,0.00015379229958909318
1111_0,mp-30050,Ba8 Ge16 Ru16,1111,111,0.0250424375502049,80,0,na,"(32, 44, 56)",0.35980546,0.00015326338061593598
991_1,mp-5748,Hf4 Al4 Ni8,991,111,0.3750000000000002,48,0,na,"(13, 28, 72)",0.35938355,0.0001531071287899621
2148_5,mp-866115,Be8 Pd4 Rh4,2148,210,0.0625,64,0,na,"(4, 45, 46)",0.35840145,0.00015271210889523977
2228_7,mp-3432,Sc4 Ni4 Sb4,2228,210,0.0625,48,0,na,"(21, 28, 51)",0.35759822,0.00015239313102945838
1589_3,mp-866001,Al4 V4 Ru8,1589,110,0.2499999999999999,48,0,na,"(13, 23, 44)",0.35742268,0.00015234153916195684
942_0,mp-866041,Ga8 Ir4 Ru4,942,111,0.1250000000000002,48,0,na,"(31, 44, 77)",0.35716543,0.00015225508823363192
1303_1,mp-867271,Be8 Co4 Ni4,1303,111,0.375,64,0,na,"(4, 27, 28)",0.35704583,0.00015222728165027383
1141_5,mp-1232420,Li4 Mg8 Ir4,1141,210,0.0624999999999999,64,0,na,"(3, 12, 77)",0.3567057,0.00015210542106504119
1676_46,mp-1078767,Hf3 Al3 Ni3,1676,102,0.0626944411199179,72,0,na,"(13, 28, 72)",0.3566973,0.00015212497819500694
1007_4,mp-7707,Zr2 Si4 Ni4,1007,110,0.25,40,0,na,"(14, 28, 40)",0.3561562,0.0001519173192032285
1429_66,mp-31011,Y8 Si8 Rh4,1429,112,0.5000000000000003,80,0,na,"(14, 39, 45)",0.35575104,0.00015176755558575963
1924_7,mp-29733,Mg4 Ni4 Bi4,1924,210,0.0625,48,0,na,"(12, 28, 83)",0.35563868,0.0001517426511064996
1842_5,mp-1183740,Cr4 Co8 Ge4,1842,210,0.0625,64,0,na,"(24, 27, 32)",0.35467657,0.00015193571686620153
2148_3,mp-866115,Be8 Pd4 Rh4,2148,110,0.25,48,0,na,"(4, 45, 46)",0.35421166,0.00015175961725531564
1676_18,mp-1078767,Hf3 Al3 Ni3,1676,212,0.3145639735571534,72,0,na,"(13, 28, 72)",0.3533444,0.00015141102358632406
1429_63,mp-31011,Y8 Si8 Rh4,1429,112,0.3106732709150042,80,0,na,"(14, 39, 45)",0.35245472,0.00015105265932089786
1064_1,mp-1215479,Zr6 V9 Fe3,1064,111,0.1036209173141172,72,0,na,"(23, 26, 40)",0.35114706,0.0001505149669312585
1179_3,mp-866154,Ti4 Be4 Ir8,1179,110,0.2500000000000001,48,0,na,"(4, 22, 77)",0.35023525,0.0001508020953241704
1237_0,mp-865652,Ti4 Mn8 Si4,1237,111,0.125,48,0,na,"(14, 22, 25)",0.3490389,0.0001509754229031865
1128_10,mp-1219797,Ni12 Sn2 Te4,1128,110,0.25,72,0,na,"(28, 50, 52)",0.34850606,0.0001516514969249008
1719_1,mp-977430,Mg4 Nb4 Ru8,1719,111,0.3750000000000002,48,0,na,"(12, 41, 44)",0.34835288,0.00015160783260487074
1918_1,mp-866024,Be8 Rh4 Au4,1918,111,0.375,64,0,na,"(4, 45, 79)",0.3476565,0.00015132770117955895
1714_13,mp-1228909,Al9 Si3 Pd12,1714,110,0.9019755723527848,72,0,na,"(13, 14, 46)",0.3457479,0.0001505197047810151
2540_0,mp-862684,Li4 Hf8 Os4,2540,111,0.125,48,0,na,"(3, 72, 76)",0.3453383,0.00015036402011593225
945_3,mp-1186233,Nb4 Sn4 Ru8,945,110,0.25,48,0,na,"(41, 44, 50)",0.34479928,0.0001501519024385575
2498_1,mp-999576,Mn8 Si4 Ru4,2498,111,0.3750000000000002,48,0,na,"(14, 25, 44)",0.34285635,0.00014932822445706467
1159_5,mp-31208,Li4 In8 Ir4,1159,210,0.0625,64,0,na,"(3, 49, 77)",0.3417632,0.00014887434323074812
2466_5,mp-1183690,Cr4 Ga4 Rh8,2466,210,0.0625,64,0,na,"(24, 31, 45)",0.3416959,0.00014886718940420056
2245_1,mp-1187208,Ta8 Re4 W4,2245,111,0.3750000000000002,48,0,na,"(73, 74, 75)",0.34147626,0.0001487936489927713
2006_5,mp-1188022,Zr4 Mn4 Rh8,2006,210,0.0624999999999999,64,0,na,"(25, 40, 45)",0.34125993,0.00014872151494615878
1918_0,mp-866024,Be8 Rh4 Au4,1918,111,0.125,64,0,na,"(4, 45, 79)",0.34114406,0.00014869313251955849
1245_0,mp-22790,V4 Ga4 Co8,1245,111,0.125,64,0,na,"(23, 27, 31)",0.3411391,0.00014871308323787316
1426_0,mp-864951,Mn4 Al4 Os8,1426,111,0.125,48,0,na,"(13, 25, 76)",0.34077045,0.00014857447227042693
2058_8,mp-30818,Li8 Al4 Pt4,2058,210,0.0625,64,0,na,"(3, 13, 78)",0.33925775,0.00014793692113010116
1649_14,mp-570837,Cs2 As4 Ru4,1649,201,0.0401703719942628,60,0,na,"(33, 44, 55)",0.33918437,0.0001479268068432833
1429_64,mp-31011,Y8 Si8 Rh4,1429,112,0.3774697996476066,80,0,na,"(14, 39, 45)",0.33868012,0.00014772874381848306
1159_0,mp-31208,Li4 In8 Ir4,1159,111,0.125,48,0,na,"(3, 49, 77)",0.33718836,0.0001470997844970872
1683_5,mp-10884,Al4 Fe4 Co8,1683,210,0.0625,64,0,na,"(13, 26, 27)",0.33694586,0.0001470156188580907
2000_3,mp-866284,Al8 Ir4 Os4,2000,110,0.25,48,0,na,"(13, 76, 77)",0.33577335,0.00014652557292630793
1906_5,mp-20567,Li4 Ga8 Ru4,1906,210,0.0624999999999999,64,0,na,"(3, 31, 44)",0.33560598,0.00014647399779415548
1016_8,mp-11533,Zr4 Zn4 Ni16,1016,110,0.1258385775118213,72,0,na,"(28, 30, 40)",0.33538052,0.00014639703996464036
2286_5,mp-4908,Y2 Co4 Ge4,2286,212,0.061015780296849,60,0,na,"(27, 32, 39)",0.3348078,0.0001461684404321666
1852_2,mp-1070755,Y4 Ga2 Ni4,1852,221,0.0414208298312637,80,0,na,"(28, 31, 39)",0.3347763,0.0001461760546714657
1083_17,mp-1079643,Ta3 Mn3 Ge3,1083,212,0.2702566004116276,72,0,na,"(25, 32, 73)",0.33390352,0.00014581628060488782
1507_42,mp-12781,Sc4 Al8 Ni4,1507,102,0.125,64,0,na,"(13, 21, 28)",0.3337993,0.00014579202639045327
2133_2,mp-5486,Ca2 Cu4 Si4,2133,221,0.0299776268461684,80,0,na,"(14, 20, 29)",0.33348006,0.00014567383144744458
2309_5,mp-865728,Ti8 Re4 Ni4,2309,210,0.0625,64,0,na,"(22, 28, 75)",0.3311862,0.00014469288436066857
1773_5,mp-5407,Ti4 Al4 Co8,1773,210,0.0625,64,0,na,"(13, 22, 27)",0.33078536,0.000144538673946419
1111_18,mp-30050,Ba8 Ge16 Ru16,1111,101,0.0614936023469178,80,0,na,"(32, 44, 56)",0.33076698,0.00014455153598101183
1238_2,mp-3433,Y4 Mg4 Ni16,1238,111,0.8106449486215084,72,0,na,"(12, 28, 39)",0.33057684,0.00014457685958541334
2202_33,mp-1218015,Ta4 Co4 Ni8,2202,121,0.1385202396850289,64,0,na,"(27, 28, 73)",0.33007735,0.0001443792829294143
2120_5,mp-971754,V8 Re4 W4,2120,210,0.0625,64,0,na,"(23, 74, 75)",0.33003324,0.00014438083435570011
2338_6,mp-1018062,Fe2 Sn2 Rh4,2338,210,0.125,48,0,na,"(26, 45, 50)",0.32907456,0.00014398222542494227
2285_1,mp-867775,Al8 Ni4 Ru4,2285,111,0.3750000000000002,48,0,na,"(13, 28, 44)",0.3288309,0.00014389633372596057
1359_2,mp-4109,Ba2 As4 Ru4,1359,221,0.0374496000228798,80,0,na,"(33, 44, 56)",0.3280619,0.0001435804801899452
1974_2,mp-15686,Li4 Cu2 As2,1974,221,0.0838458515490927,80,0,na,"(3, 29, 33)",0.32755077,0.00014337736380858472
1487_5,mp-864840,Nb4 Zn4 Ru8,1487,210,0.0625,64,0,na,"(30, 41, 44)",0.32649466,0.000142935571129659
2202_24,mp-1218015,Ta4 Co4 Ni8,2202,101,0.1190860591301899,64,0,na,"(27, 28, 73)",0.32617223,0.00014289589309515505
2202_34,mp-1218015,Ta4 Co4 Ni8,2202,121,0.2504075923083277,64,0,na,"(27, 28, 73)",0.32572785,0.00014347200162154332
1928_1,mp-866224,Be8 Ni4 Pt4,1928,111,0.375,64,0,na,"(4, 28, 78)",0.32394674,0.0001427079580479069
2006_3,mp-1188022,Zr4 Mn4 Rh8,2006,110,0.2499999999999999,48,0,na,"(25, 40, 45)",0.32302833,0.00014232368246131657
2363_21,mp-1217093,Ti8 Nb4 Al4,2363,201,0.0,64,0,na,"(13, 22, 41)",0.3226832,0.00014219185822980708
1881_0,mp-867812,Li4 Al4 Ni8,1881,111,0.125,64,0,na,"(3, 13, 28)",0.32231918,0.00014205164970575073
1029_3,mp-1216666,Ti4 Nb4 Cr16,1029,111,0.6875182514566234,72,0,na,"(22, 24, 41)",0.32217944,0.00014201023665388974
2222_5,mp-865091,Hf4 Mn4 Rh8,2222,210,0.0625,64,0,na,"(25, 45, 72)",0.321904,0.00014190898075308605
1623_3,mp-867788,Ta4 Ga4 Os8,1623,110,0.25,48,0,na,"(31, 73, 76)",0.32094112,0.00014150458304808538
1083_50,mp-1079643,Ta3 Mn3 Ge3,1083,102,0.1866862329749106,54,0,na,"(25, 32, 73)",0.3207452,0.00014143821507261276
1064_0,mp-1215479,Zr6 V9 Fe3,1064,111,0.020287583980784,72,0,na,"(23, 26, 40)",0.3196483,0.00014097445697659595
1683_3,mp-10884,Al4 Fe4 Co8,1683,110,0.25,48,0,na,"(13, 26, 27)",0.3195192,0.00014093738858865607
1831_0,mp-5529,Mn4 Fe8 Si4,1831,111,0.125,64,0,na,"(14, 25, 26)",0.31835562,0.0001404439364676374
1038_5,mp-977543,Zr4 In4 Rh8,1038,210,0.0624999999999999,64,0,na,"(40, 45, 49)",0.31788796,0.00014025732455937457
2128_3,mp-28884,Cs2 Fe4 As4,2128,221,0.1027127305110408,80,0,na,"(26, 33, 55)",0.31710544,0.00013993169048628505
1400_5,mp-861983,Ti8 Mn4 Fe4,1400,210,0.0625,64,0,na,"(22, 25, 26)",0.31674996,0.00013979438660717674
2459_6,mp-1080033,Si3 Ni3 Pd3,2459,221,0.1520485889987849,72,0,na,"(14, 28, 46)",0.31662187,0.00013975739268203504
2575_44,mp-13095,Y3 Al3 Ni3,2575,2-12,0.3407388371722427,54,0,na,"(13, 28, 39)",0.3166042,0.00013976912688492304
2168_26,mp-27388,Ba4 Si8 Ni8,2168,201,0.0465645176088502,80,0,na,"(14, 28, 56)",0.31560135,0.00013934588169220698
1083_18,mp-1079643,Ta3 Mn3 Ge3,1083,212,0.3133137670250892,72,0,na,"(25, 32, 73)",0.31461895,0.00013911080978099008
2338_3,mp-1018062,Fe2 Sn2 Rh4,2338,212,0.125,64,0,na,"(26, 45, 50)",0.31454137,0.00013909585701800964
2459_17,mp-1080033,Si3 Ni3 Pd3,2459,212,0.276661099233791,72,0,na,"(14, 28, 46)",0.31414026,0.00013893780462717546
2234_1,mp-865554,Mn8 V4 Ge4,2234,111,0.3750000000000002,64,0,na,"(23, 25, 32)",0.3136815,0.0001387541826743197
1590_1,mp-4120,Ca2 Cu2 As2,1590,221,0.0625,60,0,na,"(20, 29, 33)",0.31329384,0.00013860193636772302
1852_10,mp-1070755,Y4 Ga2 Ni4,1852,210,0.0579685239185199,60,0,na,"(28, 31, 39)",0.31269723,0.0001383571712634228
1219_1,mp-10200,Zr2 Be2 Si2,1219,221,0.0625000000000001,72,0,na,"(4, 14, 40)",0.3122792,0.00013819132792694714
1299_10,mp-10676,Sc4 Al2 Si4,1299,212,0.2197904724659504,80,0,na,"(13, 14, 21)",0.31140107,0.00013792977126946663
2278_4,mp-4022,Zr8 Co4 Si8,2278,111,0.3560885936884513,80,0,na,"(14, 27, 40)",0.3112373,0.00013787624939204038
1854_2,mp-3207,Sr2 Ni4 Ge4,1854,221,0.0352435273017111,80,0,na,"(28, 32, 38)",0.31083837,0.00013771851391687124
2133_3,mp-5486,Ca2 Cu4 Si4,2133,221,0.0924776268461683,80,0,na,"(14, 20, 29)",0.31031927,0.0001380259165217041
1863_15,mp-1080693,Cs8 Bi8 Pd4,1863,212,0.1249999999999998,80,0,na,"(46, 55, 83)",0.30993113,0.00013787230692287688
2406_1,mp-3909,Zr4 Al4 Co8,2406,111,0.375,48,0,na,"(13, 27, 40)",0.30864555,0.00013731935150298468
1738_5,mp-864947,Zr4 Sn4 Rh8,1738,210,0.0625,64,0,na,"(40, 45, 50)",0.30786845,0.00013699242400566983
1219_4,mp-10200,Zr2 Be2 Si2,1219,212,0.2500000000000001,60,0,na,"(4, 14, 40)",0.3073983,0.0001368019618874063
1845_3,mp-31451,Zr4 Co4 Bi4,1845,221,0.0625,72,0,na,"(27, 40, 83)",0.30697677,0.00013702458614013252
998_5,mp-867915,Sc4 Ga4 Co8,998,210,0.0625,64,0,na,"(21, 27, 31)",0.3066479,0.0001368965473109215
2049_1,mp-865001,Hf4 Sc4 Os8,2049,111,0.3750000000000002,48,0,na,"(21, 72, 76)",0.3065646,0.00013687809790554497
2435_4,mp-571147,Hf2 Si4 Ni4,2435,110,0.25,40,0,na,"(14, 28, 72)",0.30632973,0.00013679195456843256
1649_5,mp-570837,Cs2 As4 Ru4,1649,212,0.0446592560114748,60,0,na,"(33, 44, 55)",0.30609527,0.00013670595641382028
1387_1,mp-865444,Li4 Sc8 Pt4,1387,111,0.375,48,0,na,"(3, 21, 78)",0.30583125,0.00013660671674840886
1359_3,mp-4109,Ba2 As4 Ru4,1359,221,0.0999496000228798,80,0,na,"(33, 44, 56)",0.30535862,0.00013641424055068458
1756_1,mp-862360,Sc8 Ni4 Ir4,1756,111,0.3750000000000002,48,0,na,"(21, 28, 77)",0.30516893,0.00013649917326710555
2168_28,mp-27388,Ba4 Si8 Ni8,2168,201,0.195875571120525,80,0,na,"(14, 28, 56)",0.30487895,0.00013638808481925078
1245_5,mp-22790,V4 Ga4 Co8,1245,210,0.0625,64,0,na,"(23, 27, 31)",0.30437002,0.00013617898736286113
1974_3,mp-15686,Li4 Cu2 As2,1974,221,0.2499999999999999,80,0,na,"(3, 29, 33)",0.3038723,0.0001359748180678676
1831_3,mp-5529,Mn4 Fe8 Si4,1831,110,0.25,48,0,na,"(14, 25, 26)",0.3037571,0.0001359417537696741
2233_0,mp-864990,Mn8 Al4 W4,2233,111,0.125,48,0,na,"(13, 25, 74)",0.30350912,0.0001358492417714792
2104_3,mp-13964,Hf2 Ge2 Te2,2104,221,0.052260133299642,48,0,na,"(32, 52, 72)",0.30346686,0.0001358487813499713
1179_0,mp-866154,Ti4 Be4 Ir8,1179,111,0.125,48,0,na,"(4, 22, 77)",0.30292055,0.0001356226465346561
1158_3,mp-977547,Mg4 Zn4 Rh8,1158,110,0.25,48,0,na,"(12, 30, 45)",0.30276397,0.0001355709295122882
1590_4,mp-4120,Ca2 Cu2 As2,1590,212,0.2500000000000001,48,0,na,"(20, 29, 33)",0.3020277,0.00013525958155217045
1868_8,mp-1222612,Li8 Sn4 Ir4,1868,210,0.0625,64,0,na,"(3, 50, 77)",0.30152375,0.00013505216052320148
1034_8,mp-1227279,Be16 Al4 Ni4,1034,110,0.1238088534194758,72,0,na,"(4, 13, 28)",0.30105978,0.000134862562343948
2142_3,mp-865469,Ti8 Mn4 Ru4,2142,110,0.25,48,0,na,"(22, 25, 44)",0.30079818,0.00013476355071925282
1466_3,mp-865707,Ti4 Sn4 Rh8,1466,110,0.25,48,0,na,"(22, 45, 50)",0.3006016,0.00013469363077219575
2308_1,mp-864943,Mn4 Be8 Ir4,2308,111,0.375,64,0,na,"(4, 25, 77)",0.30055273,0.00013468987496017778
1854_3,mp-3207,Sr2 Ni4 Ge4,1854,221,0.0977435273017109,80,0,na,"(28, 32, 38)",0.3004461,0.00013466022709920537
1694_3,mp-1218889,Sr2 Si4 Pt4,1694,221,0.097841608641552,80,0,na,"(14, 38, 78)",0.30042887,0.0001346706393757386
2296_1,mp-10214,Y6 Ge3 Rh9,2296,111,0.1020318703186987,72,0,na,"(32, 39, 45)",0.30031466,0.0001346375751796487
2608_6,mp-1185317,Li4 Be8 Pt4,2608,100,0.125,32,0,na,"(3, 4, 78)",0.30004108,0.00013453303653417797
1852_7,mp-1070755,Y4 Ga2 Ni4,1852,212,0.0820009599300722,60,0,na,"(28, 31, 39)",0.30000705,0.00013453587761292772
1064_24,mp-1215479,Zr6 V9 Fe3,1064,10-2,0.1260914987050986,54,0,na,"(23, 26, 40)",0.29991025,0.00013451056488676327
2274_1,mp-30657,Ti4 Ga4 Ni8,2274,111,0.3750000000000002,48,0,na,"(22, 28, 31)",0.2994993,0.00013434432342206354
1863_42,mp-1080693,Cs8 Bi8 Pd4,1863,112,0.25,80,0,na,"(46, 55, 83)",0.29949602,0.00013436090275979203
2104_15,mp-13964,Hf2 Ge2 Te2,2104,210,0.1249999999999999,36,0,na,"(32, 52, 72)",0.29937124,0.00013432297129596532
945_5,mp-1186233,Nb4 Sn4 Ru8,945,210,0.0625,64,0,na,"(41, 44, 50)",0.29935846,0.00013433528143347043
1959_5,mp-865791,Cr4 Si4 Ru8,1959,210,0.0625,64,0,na,"(14, 24, 44)",0.29913163,0.0001342515275724373
2333_5,mp-1187511,Ti4 Re8 Mo4,2333,210,0.0625,64,0,na,"(22, 42, 75)",0.298709,0.00013407984988416473
1214_5,mp-972957,Sc4 Ti4 Ru8,1214,210,0.0625,64,0,na,"(21, 22, 44)",0.29852557,0.00013401548345468717
1450_5,mp-865015,Mn4 Si4 Rh8,1450,210,0.0625,64,0,na,"(14, 25, 45)",0.29773316,0.00013367766595929714
1385_5,mp-977401,Nb4 Ga4 Ru8,1385,210,0.0625,64,0,na,"(31, 41, 44)",0.2975849,0.00013362896267935843
2296_0,mp-10214,Y6 Ge3 Rh9,2296,111,0.0186985369853653,72,0,na,"(32, 39, 45)",0.29740825,0.00013356748739382988
2574_14,mp-8017,Al4 Cu4 Te8,2574,210,0.0668986471049777,64,0,na,"(13, 29, 52)",0.2967895,0.0001333074093038354
2575_43,mp-13095,Y3 Al3 Ni3,2575,2-12,0.1913030064478072,54,0,na,"(13, 28, 39)",0.2960683,0.0001330012016643705
1834_1,mp-1187935,Zn4 Ga4 Ni8,1834,111,0.375,48,0,na,"(28, 30, 31)",0.29604763,0.00013300960662674812
2401_8,mp-1228041,Al1 Si1 Ni6,2401,210,0.125,64,0,na,"(13, 14, 28)",0.29584628,0.00013293682507074252
2435_14,mp-571147,Hf2 Si4 Ni4,2435,201,0.0922271633924225,60,0,na,"(14, 28, 72)",0.2937772,0.00013202464680544962
1143_8,mp-13572,Sc4 Si4 Pt8,1143,110,0.0,48,0,na,"(14, 21, 78)",0.29305014,0.00013171529280312937
2235_5,mp-865049,Hf4 Mg4 Pd8,2235,210,0.0625,64,0,na,"(12, 46, 72)",0.29303962,0.00013172791502975956
2262_4,mp-1095201,Zr2 Cu2 Ge4,2262,221,0.1407829792498703,64,0,na,"(29, 32, 40)",0.29294598,0.0001317031707229639
1643_5,mp-9350,Sc2 Ge2 Au2,1643,221,0.1999594301662881,60,0,na,"(21, 32, 79)",0.29286355,0.0001316834548266116
1421_1,mp-1018714,Hf2 Ga2 Cu2,1421,221,0.0625000000000002,60,0,na,"(29, 31, 72)",0.2927604,0.00013165441106679495
1110_5,mp-867137,Sc4 V4 Ru8,1110,210,0.0625,64,0,na,"(21, 23, 44)",0.29219562,0.00013141773111060762
2154_31,mp-1071720,Sc4 Zn4 Pd4,2154,112,0.25,72,0,na,"(21, 30, 46)",0.29176006,0.00013123908104208296
2035_5,mp-1186763,Ta8 Mo4 W4,2035,210,0.0625,64,0,na,"(42, 73, 74)",0.29105717,0.00013094009255357552
2014_6,mp-866288,Be4 V4 Co8,2014,100,0.125,32,0,na,"(4, 23, 27)",0.2908603,0.00013086866111084415
1437_5,mp-8786,Zr4 Ni2 As4,1437,212,0.0416666666666665,80,0,na,"(28, 33, 40)",0.29055947,0.00013075041785007898
2056_6,mp-975359,Rb2 Fe4 As4,2056,212,0.1250000000000002,80,0,na,"(26, 33, 37)",0.2902811,0.00013064223416406633
1735_4,mp-975144,Rb1 Zn4 As3,1735,221,0.1119144125201494,64,0,na,"(30, 33, 37)",0.2901704,0.0001306094762756491
2262_22,mp-1095201,Zr2 Cu2 Ge4,2262,112,0.5,40,0,na,"(29, 32, 40)",0.28975466,0.00013043938290645772
1141_0,mp-1232420,Li4 Mg8 Ir4,1141,111,0.1250000000000002,48,0,na,"(3, 12, 77)",0.28960818,0.0001303904497879395
2587_1,mp-19963,Ti4 Fe8 Sn4,2587,111,0.375,48,0,na,"(22, 26, 50)",0.28954917,0.00013038088210512252
2020_0,mp-867916,Sc4 Ga4 Ir8,2020,111,0.125,48,0,na,"(21, 31, 77)",0.28943396,0.00013034599890555045
2177_5,mp-5221,Hf4 Al4 Co8,2177,210,0.0625,64,0,na,"(13, 27, 72)",0.2894077,0.0001303511635202426
2019_16,mp-1095145,Ti3 Re3 Si3,2019,212,0.4166666666666666,72,0,na,"(14, 22, 75)",0.289151,0.00013025252269142234
2598_5,mp-1215169,Zr4 V4 W4,2598,212,0.0625,72,0,na,"(23, 40, 74)",0.28910443,0.00013024850971441896
2351_5,mp-866071,Mg4 Ta4 Os8,2351,210,0.0624999999999999,64,0,na,"(12, 73, 76)",0.28909066,0.00013025927207378882
892_0,mp-865869,Be8 Cu4 Pt4,892,111,0.125,64,0,na,"(4, 29, 78)",0.28862163,0.00013006487739065288
2459_41,mp-1080033,Si3 Ni3 Pd3,2459,2-12,0.1866307014066051,72,0,na,"(14, 28, 46)",0.2885097,0.0001300313496017708
1389_5,mp-864919,Mg4 Ti4 Rh8,1389,210,0.0624999999999999,64,0,na,"(12, 22, 45)",0.28825566,0.0001299337492100505
2049_0,mp-865001,Hf4 Sc4 Os8,2049,111,0.1250000000000002,48,0,na,"(21, 72, 76)",0.28823695,0.0001299421993917496
2040_5,mp-865138,Hf8 Mn4 Ir4,2040,210,0.0625,64,0,na,"(25, 72, 77)",0.28812054,0.00012990660010087234
1964_5,mp-1206594,Cr4 Ge4 Ru8,1964,210,0.0625,64,0,na,"(24, 32, 44)",0.28804684,0.0001298902441490106
963_23,mp-8720,Rb8 Mn4 Te8,963,201,0.1250000000000001,80,0,na,"(25, 37, 52)",0.28790283,0.0001298421703096788
1053_0,mp-1188052,Zr4 Ga4 Co8,1053,111,0.125,48,0,na,"(27, 31, 40)",0.28745648,0.00012965770460747494
1407_62,mp-1219310,Sc4 Ga4 Ni4,1407,102,0.0,72,0,na,"(21, 28, 31)",0.28737515,0.00012963782912437885
1335_5,mp-864933,Mg8 Ag4 Rh4,1335,210,0.0625,64,0,na,"(12, 45, 47)",0.2868797,0.00012943110579899608
1744_5,mp-864897,Zr8 Cu4 Os4,1744,210,0.0625,64,0,na,"(29, 40, 76)",0.2867494,0.0001293890655033394
2447_0,mp-866152,Ti4 Be4 Co8,2447,111,0.125,64,0,na,"(4, 22, 27)",0.2866045,0.0001299684699042157
2120_3,mp-971754,V8 Re4 W4,2120,110,0.25,48,0,na,"(23, 74, 75)",0.28658083,0.00012997462871376563
1956_3,mp-4520,Y2 Cu4 Ge4,1956,221,0.0922443254878473,80,0,na,"(29, 32, 39)",0.28639492,0.00012990719653701218
1863_31,mp-1080693,Cs8 Bi8 Pd4,1863,122,0.125,80,0,na,"(46, 55, 83)",0.28609565,0.00013009047812793264
1712_36,mp-1219656,Rb2 Si8 Pt8,1712,201,0.1256035287550254,72,0,na,"(14, 37, 78)",0.2857116,0.0001299327498665097
2112_5,mp-867116,Be4 Ga4 Ir8,2112,210,0.0625,64,0,na,"(4, 31, 77)",0.28569412,0.0001299416841864975
1466_0,mp-865707,Ti4 Sn4 Rh8,1466,111,0.125,48,0,na,"(22, 45, 50)",0.2856429,0.00012993527190458776
990_5,mp-862335,Li4 As4 Rh8,990,210,0.0625,64,0,na,"(3, 33, 45)",0.28536588,0.00012985579396446317
1238_0,mp-3433,Y4 Mg4 Ni16,1238,111,0.1881183504594972,72,0,na,"(12, 28, 39)",0.28501788,0.00012971428065406185
2534_5,mp-866062,Hf4 Si4 Ru8,2534,210,0.0625,64,0,na,"(14, 44, 72)",0.28487217,0.00012969537551282866
2205_3,mp-977435,Zr4 Al4 Rh8,2205,110,0.2499999999999999,48,0,na,"(13, 40, 45)",0.28460407,0.00012959012333839777
1217_37,mp-12535,K8 Zn4 Te8,1217,112,0.9999999999999998,60,0,na,"(19, 30, 52)",0.2845185,0.00012956795107051726
2173_3,mp-21001,Y2 Ge4 Ru4,2173,221,0.0950479107323509,80,0,na,"(32, 39, 44)",0.28444302,0.0001295503635242593
2330_2,mp-1228646,Ba2 Ge4 Au4,2330,221,0.0313793612132755,80,0,na,"(32, 56, 79)",0.28417218,0.0001294437781824971
1517_18,mp-1224770,Fe3 Ni1 As4,1517,212,0.1309664618234801,48,0,na,"(26, 28, 33)",0.2839729,0.00012936974990233427
1436_5,mp-861656,Ti8 Cr4 Ir4,1436,210,0.0625,64,0,na,"(22, 24, 77)",0.28380406,0.00012930956008064574
2411_5,mp-862367,Sc8 Ni4 Ru4,2411,210,0.0625,64,0,na,"(21, 28, 44)",0.2832438,0.0001290709790937567
1280_1,mp-1216581,V8 Fe4 Si4,1280,111,0.3732309043572073,64,0,na,"(14, 23, 26)",0.28319693,0.00012906627967876867
1655_5,mp-867319,Al8 Co4 Ir4,1655,210,0.0625,64,0,na,"(13, 27, 77)",0.28268123,0.0001288478806336107
2262_3,mp-1095201,Zr2 Cu2 Ge4,2262,221,0.0594793040535926,64,0,na,"(29, 32, 40)",0.28261665,0.00012883504478634642
2575_46,mp-13095,Y3 Al3 Ni3,2575,102,0.0586969935521928,54,0,na,"(13, 28, 39)",0.28215837,0.00012864270465362586
2328_5,mp-862673,Li4 Y8 Ru4,2328,210,0.0625,64,0,na,"(3, 39, 44)",0.2821199,0.00012864171408465236
1790_1,mp-637771,Zr4 In4 Ni16,1790,111,0.187658804410379,72,0,na,"(28, 40, 49)",0.28166154,0.0001284492339132966
2190_5,mp-865462,Mn4 V8 Os4,2190,210,0.0625,64,0,na,"(23, 25, 76)",0.28161213,0.00012844319935391375
2393_6,mp-865591,Ti8 Ni4 Mo4,2393,100,0.125,32,0,na,"(22, 28, 42)",0.28143692,0.00012837977563997743
1431_1,mp-865680,Ti4 Si4 Os8,1431,111,0.375,48,0,na,"(14, 22, 76)",0.28140023,0.00012837952052747144
2052_5,mp-30819,Li4 Al8 Pt4,2052,210,0.0625,64,0,na,"(3, 13, 78)",0.2809448,0.00012818820243714046
987_4,mp-1228817,Al2 Re2 Ge2,987,221,0.1256992397724463,60,0,na,"(13, 32, 75)",0.28092572,0.00012819592990822543
1555_3,mp-961673,Ti4 Fe4 Te4,1555,221,0.0625000000000002,72,0,na,"(22, 26, 52)",0.28090915,0.000128204803789514
1418_43,mp-15297,Hf6 Ni1 Sb2,1418,2-12,0.4400016072065096,72,0,na,"(28, 51, 72)",0.28057078,0.00012806679306802437
1048_1,mp-862318,Li4 Al8 Ni4,1048,111,0.375,48,0,na,"(3, 13, 28)",0.28039852,0.0001280045579643009
2168_29,mp-27388,Ba4 Si8 Ni8,2168,201,0.2359439902908934,80,0,na,"(14, 28, 56)",0.28039268,0.00012801827887264837
1128_41,mp-1219797,Ni12 Sn2 Te4,1128,112,0.4953843467692947,72,0,na,"(28, 50, 52)",0.2802756,0.00012798120784447654
1407_14,mp-1219310,Sc4 Ga4 Ni4,1407,11-1,0.5,36,0,na,"(21, 28, 31)",0.28021368,0.00012796931121151865
1302_4,mp-1215600,Zr4 Co2 Ni2,1302,221,0.1263367039120133,64,0,na,"(27, 28, 40)",0.28013754,0.0001279509130257281
2148_1,mp-866115,Be8 Pd4 Rh4,2148,111,0.375,64,0,na,"(4, 45, 46)",0.27977344,0.00012780096508123903
1997_5,mp-10010,Al1 Co2 Si2,1997,221,0.2500000000000002,60,0,na,"(13, 14, 27)",0.27967954,0.00012777440109939858
2598_3,mp-1215169,Zr4 V4 W4,2598,221,0.0937856585125942,72,0,na,"(23, 40, 74)",0.27940494,0.00012766525968915877
1744_3,mp-864897,Zr8 Cu4 Os4,1744,110,0.25,48,0,na,"(29, 40, 76)",0.27940348,0.0001276808930026492
1504_5,mp-865569,Ti8 Mn4 Ir4,1504,210,0.0625,64,0,na,"(22, 25, 77)",0.27932444,0.0001276610734405347
2308_3,mp-864943,Mn4 Be8 Ir4,2308,110,0.25,48,0,na,"(4, 25, 77)",0.27914548,0.0001275955714266067
2090_3,mp-568280,Ba2 Ni4 As4,2090,221,0.1010218348774867,80,0,na,"(28, 33, 56)",0.27898267,0.00012753742525212808
2220_3,mp-11520,Y4 Ni4 Sb4,2220,221,0.0625000000000002,72,0,na,"(28, 39, 51)",0.2788346,0.00012748599402292765
1716_3,mp-862445,Ta4 Al4 Os8,1716,110,0.25,48,0,na,"(13, 73, 76)",0.27874592,0.00012746169821297807
1553_5,mp-1183048,Zr4 Sn4 Ru8,1553,210,0.0625,64,0,na,"(40, 44, 50)",0.27846175,0.000127347988245279
1643_3,mp-9350,Sc2 Ge2 Au2,1643,221,0.0501759365868945,60,0,na,"(21, 32, 79)",0.27835464,0.0001273152173211481
2056_10,mp-975359,Rb2 Fe4 As4,2056,210,0.125,60,0,na,"(26, 33, 37)",0.27814957,0.0001272376206790362
2008_42,mp-1205899,Zr6 Ni1 Bi2,2008,2-12,0.2167781918710787,54,0,na,"(28, 40, 83)",0.27801177,0.00012719076846113786
1426_1,mp-864951,Mn4 Al4 Os8,1426,111,0.375,48,0,na,"(13, 25, 76)",0.27786842,0.00012714135684517976
1819_5,mp-866140,Ti4 Ga4 Pd8,1819,210,0.0625,64,0,na,"(22, 31, 46)",0.27786562,0.0001271562424955651
1987_1,mp-867187,Sc4 In4 Ir8,1987,111,0.3750000000000002,48,0,na,"(21, 49, 77)",0.27761444,0.00012705745421516665
2220_4,mp-11520,Y4 Ni4 Sb4,2220,221,0.1875000000000002,72,0,na,"(28, 39, 51)",0.2775918,0.00012706323676291116
1407_63,mp-1219310,Sc4 Ga4 Ni4,1407,102,0.0410878228600245,72,0,na,"(21, 28, 31)",0.27756262,0.0001270660255019332
2274_0,mp-30657,Ti4 Ga4 Ni8,2274,111,0.1250000000000002,48,0,na,"(22, 28, 31)",0.2774628,0.00012703647069566324
1714_41,mp-1228909,Al9 Si3 Pd12,1714,101,0.7496670715103686,72,0,na,"(13, 14, 46)",0.27746105,0.0001270518096708538
2090_2,mp-568280,Ba2 Ni4 As4,2090,221,0.0385218348774868,80,0,na,"(28, 33, 56)",0.27737632,0.0001270291503559494
892_3,mp-865869,Be8 Cu4 Pt4,892,110,0.25,48,0,na,"(4, 29, 78)",0.2772241,0.0001269755682456299
2166_5,mp-867768,Sc4 Zn4 Pt8,2166,210,0.0624999999999999,64,0,na,"(21, 30, 78)",0.27714536,0.00012695562361962555
892_1,mp-865869,Be8 Cu4 Pt4,892,111,0.375,64,0,na,"(4, 29, 78)",0.27688992,0.00012688315417239693
2137_1,mp-1183419,Be8 Ir4 Ru4,2137,111,0.375,64,0,na,"(4, 44, 77)",0.27667087,0.0001267988644564131
1589_0,mp-866001,Al4 V4 Ru8,1589,111,0.125,48,0,na,"(13, 23, 44)",0.2763631,0.00012667387489619566
1296_7,mp-1216963,Ti1 Cr1 As2,1296,211,0.142367420723994,80,0,na,"(22, 24, 33)",0.2759566,0.00012650357613025822
1111_34,mp-30050,Ba8 Ge16 Ru16,1111,011,0.1500424375502049,80,0,na,"(32, 44, 56)",0.2757918,0.00012681449551451264
2457_5,mp-865126,Na4 Tl4 Pd8,2457,210,0.0625,64,0,na,"(11, 46, 81)",0.2754631,0.00012667941757416414
1773_3,mp-5407,Ti4 Al4 Co8,1773,110,0.25,48,0,na,"(13, 22, 27)",0.27536312,0.00012664948285514795
1250_0,mp-7187,Ti4 Al4 Ni8,1250,111,0.125,48,0,na,"(13, 22, 28)",0.27514055,0.00012656314399906124
2164_5,mp-864684,Hf8 Mo4 Ir4,2164,210,0.0625,64,0,na,"(42, 72, 77)",0.2749687,0.00012650010419247074
1913_0,mp-862361,Sc8 Ni4 Os4,1913,111,0.1250000000000002,48,0,na,"(21, 28, 76)",0.274102,0.0001262344360922886
963_17,mp-8720,Rb8 Mn4 Te8,963,210,0.125,80,0,na,"(25, 37, 52)",0.27360186,0.00012602001059213957
2224_0,mp-867206,Li4 Cd8 Pt4,2224,111,0.125,48,0,na,"(3, 48, 78)",0.2736005,0.00012603526714684158
963_16,mp-8720,Rb8 Mn4 Te8,963,210,0.0471990969997246,80,0,na,"(25, 37, 52)",0.27358916,0.00012604592955864125
2154_4,mp-1071720,Sc4 Zn4 Pd4,2154,221,0.0976007811727979,72,0,na,"(21, 30, 46)",0.27305168,0.00012627438657312435
1272_18,mp-1079729,Sc3 Mn3 Ge3,1272,212,0.239704520724846,72,0,na,"(21, 25, 32)",0.27291447,0.00012622687220680066
2381_3,mp-1228918,Al1 Ga1 Ni6,2381,221,0.1872570270974485,80,0,na,"(13, 28, 31)",0.2727745,0.0001261780611283
968_1,mp-1215217,Zr4 Nb4 Cr16,968,111,0.5623934276503558,72,0,na,"(24, 40, 41)",0.27249485,0.00012610314550995185
912_17,mp-4131,Sc2 Co4 Si4,912,112,0.4999999999999999,50,0,na,"(14, 21, 27)",0.27122048,0.00012552923164468627
987_3,mp-1228817,Al2 Re2 Ge2,987,221,0.04052341488247,60,0,na,"(13, 32, 75)",0.27108312,0.00012548140877061448
1178_3,mp-865278,Nb4 Al4 Os8,1178,110,0.2499999999999999,48,0,na,"(13, 41, 76)",0.27091265,0.00012541823773086182
1387_5,mp-865444,Li4 Sc8 Pt4,1387,210,0.0625,64,0,na,"(3, 21, 78)",0.2707743,0.00012536991266692919
1619_5,mp-1185768,Mg8 Ir4 Pt4,1619,210,0.0625,64,0,na,"(12, 77, 78)",0.27055573,0.0001264904232644965
1128_2,mp-1219797,Ni12 Sn2 Te4,1128,111,0.2476921733846474,72,0,na,"(28, 50, 52)",0.27042535,0.00012709752991273967
2104_5,mp-13964,Hf2 Ge2 Te2,2104,221,0.2500000000000002,48,0,na,"(32, 52, 72)",0.27022728,0.00012702058276162082
2216_5,mp-1187738,V4 Sn4 Ru8,2216,210,0.0625,64,0,na,"(23, 44, 50)",0.27000862,0.00012693392464757284
1487_3,mp-864840,Nb4 Zn4 Ru8,1487,110,0.2499999999999999,48,0,na,"(30, 41, 44)",0.2697309,0.00012681946321334
2435_13,mp-571147,Hf2 Si4 Ni4,2435,201,0.0297271633924225,60,0,na,"(14, 28, 72)",0.2696258,0.00012678612726144798
912_2,mp-4131,Sc2 Co4 Si4,912,221,0.0310015928989777,80,0,na,"(14, 21, 27)",0.26956514,0.0001267736762559502
1223_4,mp-1100408,Ta4 Sn4 Rh4,1223,221,0.1875,72,0,na,"(45, 50, 73)",0.26947773,0.00012674863663445944
1535_30,mp-975044,Li2 Si4 Rh4,1535,102,0.1250000000000001,80,0,na,"(3, 14, 45)",0.26938665,0.0001267218590515441
2278_9,mp-4022,Zr8 Co4 Si8,2278,110,0.0949036311791466,60,0,na,"(14, 27, 40)",0.26926306,0.00012667977432065535
1581_7,mp-1079513,K8 As8 Pt4,1581,221,0.1631429512990045,80,0,na,"(19, 33, 78)",0.26901674,0.00012657992364835882
2041_0,mp-865442,Ti4 Al4 Os8,2041,111,0.1249999999999997,48,0,na,"(13, 22, 76)",0.26891196,0.00012654663998269968
1279_6,mp-1205792,Zr6 Ni1 Te2,1279,221,0.3135079549447113,54,0,na,"(28, 40, 52)",0.2688152,0.00012651711624028387
1873_0,mp-20481,Mn4 Sn4 Pd8,1873,111,0.125,48,0,na,"(25, 46, 50)",0.26873356,0.00012649469634858307
1144_5,mp-1185943,Mg4 Ru8 W4,1144,210,0.0625,64,0,na,"(12, 44, 74)",0.26871452,0.0001265017358910365
2376_1,mp-862561,Sc4 Sb4 Ru8,2376,111,0.3750000000000002,48,0,na,"(21, 44, 51)",0.2685369,0.0001264341125184785
1831_1,mp-5529,Mn4 Fe8 Si4,1831,111,0.375,64,0,na,"(14, 25, 26)",0.26837984,0.00012637614286692718
1677_28,mp-569523,Y4 In2 Ni4,1677,112,0.0499245205279461,80,0,na,"(28, 39, 49)",0.26815033,0.00012628402925195077
2008_14,mp-1205899,Zr6 Ni1 Bi2,2008,212,0.2151210847468131,72,0,na,"(28, 40, 83)",0.26814705,0.0001262984340278294
894_5,mp-866170,Ti4 In4 Rh8,894,210,0.0625,64,0,na,"(22, 45, 49)",0.26717493,0.00012596613704132805
1110_0,mp-867137,Sc4 V4 Ru8,1110,111,0.125,48,0,na,"(21, 23, 44)",0.2671412,0.00012596610167339242
1848_17,mp-1220374,Nb4 V4 Cr4,1848,120,0.0624999999999999,72,0,na,"(23, 24, 41)",0.26698416,0.0001259079121363591
2296_21,mp-10214,Y6 Ge3 Rh9,2296,2-12,0.0603652036520317,72,0,na,"(32, 39, 45)",0.2664655,0.00012567913960964143
1331_0,mp-1187417,Ti8 Mo4 Pd4,1331,111,0.1250000000000002,48,0,na,"(22, 42, 46)",0.26641273,0.00012567004460626305
1823_0,mp-13915,Li4 Ni8 Sn4,1823,111,0.125,48,0,na,"(3, 28, 50)",0.2660052,0.00012549357865526296
1141_3,mp-1232420,Li4 Mg8 Ir4,1141,110,0.25,48,0,na,"(3, 12, 77)",0.26570344,0.00012536694974072288
1677_30,mp-569523,Y4 In2 Ni4,1677,112,0.2499999999999999,80,0,na,"(28, 39, 49)",0.26513556,0.00012511469196320175
1441_10,mp-13416,Sc4 In2 Ni4,1441,212,0.21703646837034,80,0,na,"(21, 28, 49)",0.26496366,0.0001250492196494272
1396_5,mp-866218,Ti8 Mn4 Rh4,1396,210,0.0625,64,0,na,"(22, 25, 45)",0.26473165,0.00012495534843120517
1798_6,mp-862694,Al8 Ir4 Rh4,1798,100,0.125,32,0,na,"(13, 45, 77)",0.26448834,0.00012485610570238184
2406_0,mp-3909,Zr4 Al4 Co8,2406,111,0.125,48,0,na,"(13, 27, 40)",0.26442128,0.0001250020393418128
1926_6,mp-867275,Be4 V4 Os8,1926,100,0.125,32,0,na,"(4, 23, 76)",0.26406828,0.00012521540187874114
1985_41,mp-567856,Mn3 As3 Rh3,1985,2-12,0.1840605482793247,72,0,na,"(25, 33, 45)",0.26405722,0.00012522583767226854
2561_1,mp-862296,Li4 Al4 Pt8,2561,111,0.3749999999999998,48,0,na,"(3, 13, 78)",0.26401863,0.00012522321802925382
1118_3,mp-1188059,Zr4 Ga4 Ru8,1118,110,0.25,48,0,na,"(31, 40, 44)",0.2639679,0.00012521483675226655
1309_5,mp-867252,Li4 Zn8 Ni4,1309,210,0.0625,64,0,na,"(3, 28, 30)",0.2633633,0.00012494368573560705
1299_9,mp-10676,Sc4 Al2 Si4,1299,212,0.1387891285050776,80,0,na,"(13, 14, 21)",0.26336038,0.00012495791314397745
1605_39,mp-1079890,Al8 Cu4 Ir4,1605,001,0.4097281373996289,32,0,na,"(13, 29, 77)",0.2632907,0.00012494046402646458
1956_2,mp-4520,Y2 Cu4 Ge4,1956,221,0.0297443254878473,80,0,na,"(29, 32, 39)",0.26313555,0.00012488244290253844
1367_3,mp-1183136,Al8 Os4 Rh4,1367,110,0.25,48,0,na,"(13, 45, 76)",0.26312268,0.00012489193169268253
1223_3,mp-1100408,Ta4 Sn4 Rh4,1223,221,0.0625,72,0,na,"(45, 50, 73)",0.26301754,0.00012485762040074022
2265_5,mp-862486,Sc8 Al4 Os4,2265,210,0.0625,64,0,na,"(13, 21, 76)",0.26292813,0.00012483076245987232
1507_4,mp-12781,Sc4 Al8 Ni4,1507,111,0.4999999999999999,64,0,na,"(13, 21, 28)",0.26278326,0.00012477755840155724
1532_1,mp-862781,Al4 Cr4 Ru8,1532,111,0.3750000000000002,48,0,na,"(13, 24, 44)",0.26277435,0.00012478889851412272
2574_19,mp-8017,Al4 Cu4 Te8,2574,201,0.0268513528950222,64,0,na,"(13, 29, 52)",0.2625085,0.00012553229055277905
1107_3,mp-867292,Ga8 Ru4 Rh4,1107,110,0.25,48,0,na,"(31, 44, 45)",0.26247457,0.0001255318234302929
1466_1,mp-865707,Ti4 Sn4 Rh8,1466,111,0.375,48,0,na,"(22, 45, 50)",0.26216394,0.00012539900222136092
1643_15,mp-9350,Sc2 Ge2 Au2,1643,210,0.2500000000000001,48,0,na,"(21, 32, 79)",0.26179412,0.00012523781356286014
2466_3,mp-1183690,Cr4 Ga4 Rh8,2466,110,0.25,48,0,na,"(24, 31, 45)",0.2617525,0.0001252335872498794
987_18,mp-1228817,Al2 Re2 Ge2,987,201,0.1256992397724462,48,0,na,"(13, 32, 75)",0.26156098,0.00012524486363237714
2224_5,mp-867206,Li4 Cd8 Pt4,2224,210,0.0625,64,0,na,"(3, 48, 78)",0.26143536,0.00012520039293608125
2209_2,mp-1216876,Ti1 Ga1 Ni6,2209,221,0.0621690324878585,64,0,na,"(22, 28, 31)",0.26136348,0.00012518164267014175
2401_11,mp-1228041,Al1 Si1 Ni6,2401,201,0.064269877543241,48,0,na,"(13, 14, 28)",0.2613046,0.00012516911060768697
1415_5,mp-861616,Li4 Sc8 Ir4,1415,210,0.0625,64,0,na,"(3, 21, 77)",0.26113284,0.0001255651708235097
977_12,mp-1226006,Co3 Si12 Ni3,977,101,0.2480835718117817,72,0,na,"(14, 27, 28)",0.26096833,0.00012550182519795454
2569_3,mp-864945,Mn4 Be8 Rh4,2569,110,0.25,48,0,na,"(4, 25, 45)",0.260836,0.00012545393130541663
1287_1,mp-865537,Ti4 Mn4 Co8,1287,111,0.375,48,0,na,"(22, 25, 27)",0.26067084,0.00012539022522462442
1211_1,mp-865712,Ti8 Mn4 Ni4,1211,111,0.375,48,0,na,"(22, 25, 28)",0.26058632,0.0001253652882379533
2355_3,mp-862431,Sc8 Ag4 Os4,2355,110,0.25,48,0,na,"(21, 47, 76)",0.2605293,0.0001253535715131382
2355_5,mp-862431,Sc8 Ag4 Os4,2355,210,0.0625,64,0,na,"(21, 47, 76)",0.26029706,0.00012539038360058553
1935_8,mp-1078231,Sr8 Ga16 Rh16,1935,110,0.25,80,0,na,"(31, 38, 45)",0.26014063,0.00012533074336057692
1431_0,mp-865680,Ti4 Si4 Os8,1431,111,0.125,48,0,na,"(14, 22, 76)",0.26001897,0.0001252878323337811
1835_3,mp-3576,Hf4 Ga4 Co8,1835,110,0.25,48,0,na,"(27, 31, 72)",0.2597906,0.00012519347949634135
2035_1,mp-1186763,Ta8 Mo4 W4,2035,111,0.375,48,0,na,"(42, 73, 74)",0.25971633,0.0001251733595604542
2376_0,mp-862561,Sc4 Sb4 Ru8,2376,111,0.1250000000000002,48,0,na,"(21, 44, 51)",0.2596779,0.0001251705057797765
2225_0,mp-1078938,Y2 Al4 Pd10,2225,111,0.0723418060020401,64,0,na,"(13, 39, 46)",0.25967327,0.0001251839433546182
1433_3,mp-977353,Ta8 Re4 Mo4,1433,110,0.25,48,0,na,"(42, 73, 75)",0.2594063,0.00012507089865359858
2073_0,mp-861951,Li4 Ta4 Rh8,2073,111,0.125,48,0,na,"(3, 45, 73)",0.25922677,0.0001249999734026851
1605_3,mp-1079890,Al8 Cu4 Ir4,1605,111,0.5,48,0,na,"(13, 29, 77)",0.25896364,0.00012488870236382937
2217_0,mp-4955,Al4 V4 Co8,2217,111,0.1250000000000002,64,0,na,"(13, 23, 27)",0.25889644,0.0001248718893471963
2329_0,mp-972337,Ti8 Ir4 W4,2329,111,0.125,48,0,na,"(22, 74, 77)",0.25863123,0.00012475955123909512
1800_1,mp-865125,Mg4 Ga4 Rh8,1800,111,0.375,48,0,na,"(12, 31, 45)",0.25858197,0.00012475135292911298
2220_7,mp-11520,Y4 Ni4 Sb4,2220,210,0.0624999999999999,48,0,na,"(28, 39, 51)",0.25847566,0.00012471562273657584
1117_18,mp-1078005,K3 Cu12 Sb6,1117,101,0.5,63,0,na,"(19, 29, 51)",0.25837874,0.0001246844085114701
2133_14,mp-5486,Ca2 Cu4 Si4,2133,201,0.0924776268461684,60,0,na,"(14, 20, 29)",0.25827652,0.0001246506227570406
1264_2,mp-1217044,Ti1 Al1 Ni6,1264,221,0.0618117092344211,64,0,na,"(13, 22, 28)",0.25821188,0.0001246349617233364
1038_1,mp-977543,Zr4 In4 Rh8,1038,111,0.3750000000000002,48,0,na,"(40, 45, 49)",0.2578928,0.00012462124151853577
1367_5,mp-1183136,Al8 Os4 Rh4,1367,210,0.0625,64,0,na,"(13, 45, 76)",0.25785097,0.0001246165579258458
1475_4,mp-1183528,Ca2 Ge4 Pt4,1475,221,0.041382425639096,80,0,na,"(20, 32, 78)",0.2577889,0.00012460208765595858
2574_24,mp-8017,Al4 Cu4 Te8,2574,112,0.3146993235524887,64,0,na,"(13, 29, 52)",0.25768748,0.00012456858787476252
1065_3,mp-16246,Cd4 Sb4 Au4,1065,221,0.0625,72,0,na,"(48, 51, 79)",0.2575327,0.00012450927568978767
1038_0,mp-977543,Zr4 In4 Rh8,1038,111,0.1250000000000002,48,0,na,"(40, 45, 49)",0.2574644,0.00012463341580371695
1472_2,mp-1018066,Cr2 Sn2 Rh4,1472,110,0.25,32,0,na,"(24, 45, 50)",0.257374,0.00012460518492431804
1524_18,mp-1215958,Y4 Fe4 Co4,1524,112,0.125,48,0,na,"(26, 27, 39)",0.25689524,0.0001245630709992195
1210_1,mp-862712,Sc8 Co4 Ir4,1210,111,0.375,48,0,na,"(21, 27, 77)",0.25687233,0.00012456747893226924
2107_5,mp-1187422,Ti8 Co4 Os4,2107,210,0.0625,64,0,na,"(22, 27, 76)",0.25686136,0.0001245776774757456
2353_3,mp-20563,Ba2 Co4 As4,2353,221,0.101009034674842,80,0,na,"(27, 33, 56)",0.25677347,0.00012455056707422036
1280_26,mp-1216581,V8 Fe4 Si4,1280,201,0.1872655368516014,64,0,na,"(14, 23, 26)",0.2562715,0.00012432256589792065
2225_4,mp-1078938,Y2 Al4 Pd10,2225,110,0.25,64,0,na,"(13, 39, 46)",0.25593382,0.0001244067452603866
1641_5,mp-1186761,Ta8 Mn4 Re4,1641,210,0.0625,64,0,na,"(25, 73, 75)",0.25576112,0.00012450110337007103
2128_6,mp-28884,Cs2 Fe4 As4,2128,212,0.1249999999999996,80,0,na,"(26, 33, 55)",0.25525194,0.00012426871292640953
2598_2,mp-1215169,Zr4 V4 W4,2598,221,0.0312856585125942,72,0,na,"(23, 40, 74)",0.25515005,0.000124234546524159
1530_5,mp-865768,Ti8 Mn4 Os4,1530,210,0.0625,64,0,na,"(22, 25, 76)",0.25514987,0.00012424989501011934
2222_3,mp-865091,Hf4 Mn4 Rh8,2222,110,0.2499999999999999,48,0,na,"(25, 45, 72)",0.25474674,0.00012406899904486343
974_17,mp-1228701,Al8 Ge4 W6,974,110,0.90720840746968,54,0,na,"(13, 32, 74)",0.25472972,0.0001240761038126956
2387_2,mp-1206924,Ba2 Zn4 Ge4,2387,221,0.0309040708962395,80,0,na,"(30, 32, 56)",0.25443444,0.00012406805245518716
1313_8,mp-10180,Li8 Sb4 Pd4,1313,210,0.0625,64,0,na,"(3, 46, 51)",0.25440714,0.00012407013349060228
1926_3,mp-867275,Be4 V4 Os8,1926,110,0.2499999999999999,48,0,na,"(4, 23, 76)",0.2542798,0.00012402341949142599
1065_4,mp-16246,Cd4 Sb4 Au4,1065,221,0.1875,72,0,na,"(48, 51, 79)",0.25419822,0.00012399900812565937
2325_0,mp-10895,Mn8 Al4 V4,2325,111,0.125,48,0,na,"(13, 23, 25)",0.253886,0.0001238620646115809
2401_12,mp-1228041,Al1 Si1 Ni6,2401,201,0.189269877543241,48,0,na,"(13, 14, 28)",0.25377652,0.00012382399025887253
1092_43,mp-29752,Ni8 Ge8 Pt16,1092,011,0.217504186952656,64,0,na,"(28, 32, 78)",0.25316477,0.00012354079925781027
1495_0,mp-4612,Ti4 Co8 Ge4,1495,111,0.125,48,0,na,"(22, 27, 32)",0.253161,0.00012355422353907395
1400_0,mp-861983,Ti8 Mn4 Fe4,1400,111,0.125,48,0,na,"(22, 25, 26)",0.2530502,0.00012351540888827934
1211_5,mp-865712,Ti8 Mn4 Ni4,1211,210,0.0625,64,0,na,"(22, 25, 28)",0.2528018,0.00012340940623480054
1063_18,mp-568925,Ni6 Sn12 Au3,1063,101,0.9999999999999998,63,0,na,"(28, 50, 79)",0.2527201,0.00012338474985872634
1720_7,mp-1228809,Al2 Re2 Si2,1720,212,0.04151492917563,48,0,na,"(13, 14, 75)",0.2527003,0.00012339030744841452
1712_6,mp-1219656,Rb2 Si8 Pt8,1712,221,0.1249505402684434,72,0,na,"(14, 37, 78)",0.25184914,0.00012298987272223557
1591_3,mp-21235,Mn8 V4 Ga4,1591,110,0.25,48,0,na,"(23, 25, 31)",0.25174582,0.0001229545388319446
1674_5,mp-865011,Mn8 Nb4 Al4,1674,210,0.0625,64,0,na,"(13, 25, 41)",0.2515209,0.00012285979239308318
2234_0,mp-865554,Mn8 V4 Ge4,2234,111,0.1250000000000002,64,0,na,"(23, 25, 32)",0.2513914,0.00012281162445882486
2076_3,mp-11869,Hf4 Sn4 Pd4,2076,221,0.0625,72,0,na,"(46, 50, 72)",0.25118163,0.00012272421799546266
1331_1,mp-1187417,Ti8 Mo4 Pd4,1331,111,0.3750000000000002,48,0,na,"(22, 42, 46)",0.25106874,0.00012268411765898885
2173_14,mp-21001,Y2 Ge4 Ru4,2173,201,0.0950479107323509,60,0,na,"(32, 39, 44)",0.25101072,0.0001226708160905955
1063_38,mp-568925,Ni6 Sn12 Au3,1063,10-2,0.3118097215481752,63,0,na,"(28, 50, 79)",0.2505878,0.00012247915654180306
1475_7,mp-1183528,Ca2 Ge4 Pt4,1475,221,0.2235085961124738,80,0,na,"(20, 32, 78)",0.25041074,0.00012240760776010732
2478_5,mp-22300,Fe4 Co8 Ge4,2478,210,0.0624999999999999,64,0,na,"(26, 27, 32)",0.25035906,0.0001223973275289237
1159_1,mp-31208,Li4 In8 Ir4,1159,111,0.375,48,0,na,"(3, 49, 77)",0.25035578,0.0001224107067224327
914_0,mp-867835,Be4 Si4 Ru8,914,111,0.1250000000000002,64,0,na,"(4, 14, 44)",0.2502527,0.00012237528611127728
2560_2,mp-10698,Ba2 Ge4 Rh4,2560,221,0.0367368513460508,80,0,na,"(32, 45, 56)",0.25020006,0.00012236451918340582
2353_2,mp-20563,Ba2 Co4 As4,2353,221,0.038509034674842,80,0,na,"(27, 33, 56)",0.25000396,0.0001222835763733876
2119_12,mp-1018808,Mg2 Co2 Ge2,2119,211,0.375,72,0,na,"(12, 27, 32)",0.24999441,0.00012229385974529944
1208_4,mp-9124,Li4 Zn4 As4,1208,221,0.1875,72,0,na,"(3, 30, 33)",0.24961926,0.00012215447141567377
2288_1,mp-4922,Mn4 Al4 Ni8,2288,111,0.375,48,0,na,"(13, 25, 28)",0.2494648,0.00012209379868446545
2190_0,mp-865462,Mn4 V8 Os4,2190,111,0.125,48,0,na,"(23, 25, 76)",0.24876818,0.0001221055540165703
1280_25,mp-1216581,V8 Fe4 Si4,1280,201,0.0638971291364143,64,0,na,"(14, 23, 26)",0.2487329,0.00012210314662813176
1205_45,mp-1095196,Hf3 Ge3 Os3,1205,2-12,0.1457059836545102,72,0,na,"(32, 72, 76)",0.2485533,0.00012202988110072181
2601_4,mp-1070137,Ba2 Si6 Pd2,2601,221,0.0291504581049295,80,0,na,"(14, 46, 56)",0.24854447,0.00012204043849868826
1354_0,mp-1207011,Sc4 In4 Ni16,1354,111,0.0620568766093256,72,0,na,"(21, 28, 49)",0.24853715,0.00012205173947618116
968_3,mp-1215217,Zr4 Nb4 Cr16,968,111,0.9378197170489312,72,0,na,"(24, 40, 41)",0.24847676,0.00012203697795227019
917_5,mp-866375,Ti4 Fe8 Ge4,917,210,0.0625,64,0,na,"(22, 26, 32)",0.24830674,0.00012196835890957254
2530_1,mp-10894,Mn4 Al4 Rh8,2530,111,0.375,48,0,na,"(13, 25, 45)",0.24826433,0.00012196240265660525
1582_18,mp-1025165,Zr2 V4 Ga8,1582,201,0.0260088448360455,56,0,na,"(23, 31, 40)",0.24824665,0.00012196859275759111
2278_5,mp-4022,Zr8 Co4 Si8,2278,111,0.5000000000000001,80,0,na,"(14, 27, 40)",0.2479857,0.0001218552452652056
1960_6,mp-1226048,Co1 Ni1 Te4,1960,110,0.3805755375410066,24,0,na,"(27, 28, 52)",0.24778038,0.00012176919331202861
1019_10,mp-569012,Cs2 As4 Rh4,1019,210,0.1249999999999999,60,0,na,"(33, 45, 55)",0.24777742,0.00012178256801465503
2234_3,mp-865554,Mn8 V4 Ge4,2234,110,0.25,48,0,na,"(23, 25, 32)",0.2476557,0.00012173756816499083
1325_5,mp-20649,Y2 Mn4 Ge4,1325,212,0.0654441887498258,60,0,na,"(25, 32, 39)",0.24764289,0.0001217460923581113
1455_4,mp-16481,Ti2 Al2 Au2,1455,212,0.2500000000000001,48,0,na,"(13, 22, 79)",0.24748015,0.00012168090036259341
1186_5,mp-1186766,Ta8 Mo4 Ir4,1186,210,0.0625,64,0,na,"(42, 73, 77)",0.24738146,0.00012164717865736415
1906_3,mp-20567,Li4 Ga8 Ru4,1906,110,0.25,48,0,na,"(3, 31, 44)",0.2470267,0.00012148750784635936
2101_42,mp-8719,K8 Mn4 Te8,2101,112,0.5000000000000002,60,0,na,"(19, 25, 52)",0.2464879,0.00012123725530522492
1285_16,mp-3595,Zn4 Si4 As8,1285,210,0.059155086199155,64,0,na,"(14, 30, 33)",0.24641673,0.00012121694572058744
2173_13,mp-21001,Y2 Ge4 Ru4,2173,201,0.0325479107323509,60,0,na,"(32, 39, 44)",0.24637827,0.00012121271957111277
2298_47,mp-7392,Na8 Ag4 Sb4,2298,012,0.0444669366478791,64,0,na,"(11, 47, 51)",0.24623515,0.00012115699343038296
1511_1,mp-865966,Be4 Al4 Ir8,1511,111,0.3750000000000002,48,0,na,"(4, 13, 77)",0.24599166,0.00012105185343304054
2558_3,mp-864985,Mn4 Zn4 Ir8,2558,110,0.2499999999999999,48,0,na,"(25, 30, 77)",0.24563308,0.00012089003111386679
1441_9,mp-13416,Sc4 In2 Ni4,1441,212,0.1347411595909491,80,0,na,"(21, 28, 49)",0.24562626,0.0001209012903641205
1712_5,mp-1219656,Rb2 Si8 Pt8,1712,221,0.0464385558164366,72,0,na,"(14, 37, 78)",0.24537562,0.0001207925252005207
1399_2,mp-1077397,Sc4 Cd4 Ni16,1399,111,0.811954700230139,72,0,na,"(21, 28, 48)",0.24533387,0.00012078656279204798
2128_5,mp-28884,Cs2 Fe4 As4,2128,212,0.0445745389779179,80,0,na,"(26, 33, 55)",0.24531883,0.00012079374832845504
1387_0,mp-865444,Li4 Sc8 Pt4,1387,111,0.125,48,0,na,"(3, 21, 78)",0.2452217,0.00012076050912337087
1590_3,mp-4120,Ca2 Cu2 As2,1590,212,0.0416666666666667,48,0,na,"(20, 29, 33)",0.24514359,0.00012073662372506909
1475_14,mp-1183528,Ca2 Ge4 Pt4,1475,210,0.245938861703948,60,0,na,"(20, 32, 78)",0.24501242,0.00012068659196943703
1997_4,mp-10010,Al1 Co2 Si2,1997,221,0.1276280470114399,60,0,na,"(13, 14, 27)",0.24489897,0.00012064526978772603
1107_0,mp-867292,Ga8 Ru4 Rh4,1107,111,0.125,48,0,na,"(31, 44, 45)",0.24489497,0.00012065785605604877
1497_9,mp-3618,Sc8 Fe4 Si8,1497,110,0.0929046736936314,60,0,na,"(14, 21, 26)",0.24488366,0.0001206668431091829
2084_1,mp-4364,Nb4 Ga4 Co8,2084,111,0.3750000000000002,48,0,na,"(27, 31, 41)",0.2448801,0.00012067965094558942
1530_3,mp-865768,Ti8 Mn4 Os4,1530,110,0.25,48,0,na,"(22, 25, 76)",0.24459039,0.00012055142672284066
1198_1,mp-13914,Li4 Co8 Ge4,1198,111,0.375,64,0,na,"(3, 27, 32)",0.24453516,0.00012053873659301158
1219_18,mp-10200,Zr2 Be2 Si2,1219,2-12,0.1249999999999999,48,0,na,"(4, 14, 40)",0.24421161,0.0001206601461005849
1324_0,mp-1183042,Zr4 Si4 Ru8,1324,111,0.1249999999999997,48,0,na,"(14, 40, 44)",0.24415435,0.00012064641227620541
1396_0,mp-866218,Ti8 Mn4 Rh4,1396,111,0.125,48,0,na,"(22, 25, 45)",0.24405675,0.00012061273571333254
1085_0,mp-862778,Al4 Si4 Ru8,1085,111,0.1250000000000002,48,0,na,"(13, 14, 44)",0.24404462,0.00012062128953652278
1421_4,mp-1018714,Hf2 Ga2 Cu2,1421,212,0.2500000000000001,48,0,na,"(29, 31, 72)",0.24371666,0.00012059171143370132
1779_3,mp-35276,K2 Fe4 As4,1779,221,0.100356159908129,80,0,na,"(19, 26, 33)",0.24370363,0.00012059980748902918
1524_15,mp-1215958,Y4 Fe4 Co4,1524,121,0.0936315674404123,72,0,na,"(26, 27, 39)",0.2436487,0.00012058716747660474
974_75,mp-1228701,Al8 Ge4 W6,974,021,0.4600350410059289,72,0,na,"(13, 32, 74)",0.24351217,0.0001205703939005577
1186_3,mp-1186766,Ta8 Mo4 Ir4,1186,110,0.25,48,0,na,"(42, 73, 77)",0.2433973,0.00012052805033140602
2285_3,mp-867775,Al8 Ni4 Ru4,2285,110,0.25,48,0,na,"(13, 28, 44)",0.24326062,0.00012068696625351464
1237_1,mp-865652,Ti4 Mn8 Si4,1237,111,0.375,48,0,na,"(14, 22, 25)",0.24306576,0.00012060484733696323
2197_5,mp-867850,Sc4 Mn4 Rh8,2197,210,0.0625,64,0,na,"(21, 25, 45)",0.24304987,0.00012061150933815034
1272_47,mp-1079729,Sc3 Mn3 Ge3,1272,2-12,0.4427496682245877,54,0,na,"(21, 25, 32)",0.242786,0.00012131894473899006
2154_5,mp-1071720,Sc4 Zn4 Pd4,2154,221,0.2089334043035474,72,0,na,"(21, 30, 46)",0.24266326,0.00012131091252713826
1148_5,mp-982725,Nb8 Ru4 W4,1148,210,0.0625,64,0,na,"(41, 44, 74)",0.24238504,0.0001211865275285225
1123_1,mp-977561,Li4 Ta4 Ir8,1123,111,0.375,48,0,na,"(3, 73, 77)",0.24235564,0.00012118651442824385
2167_5,mp-4897,Sc4 Sn4 Pd8,2167,210,0.0625,64,0,na,"(21, 46, 50)",0.24196309,0.00012114507576625778
998_3,mp-867915,Sc4 Ga4 Co8,998,110,0.2499999999999999,48,0,na,"(21, 27, 31)",0.24140295,0.00012089391375860743
1918_5,mp-866024,Be8 Rh4 Au4,1918,210,0.0625,64,0,na,"(4, 45, 79)",0.24118926,0.0001208015025781663
2112_3,mp-867116,Be4 Ga4 Ir8,2112,110,0.25,48,0,na,"(4, 31, 77)",0.24091981,0.00012068112492704234
2226_2,mp-1078574,Hf2 Ni4 Sb2,2226,221,0.0242286571837748,80,0,na,"(28, 51, 72)",0.24085502,0.00012066323220948606
2124_5,mp-21171,Mn4 Ga4 Co8,2124,210,0.0625,64,0,na,"(25, 27, 31)",0.24049817,0.00012049899776278919
1047_5,mp-867837,Be4 Cr4 Ru8,1047,210,0.0625,64,0,na,"(4, 24, 44)",0.24038222,0.000120455417030813
1881_1,mp-867812,Li4 Al4 Ni8,1881,111,0.375,64,0,na,"(3, 13, 28)",0.24034593,0.00012045174119365202
2341_5,mp-867272,Li4 Al4 Cu8,2341,210,0.0625,64,0,na,"(3, 13, 29)",0.24027373,0.00012043006346002341
2534_0,mp-866062,Hf4 Si4 Ru8,2534,111,0.1249999999999997,48,0,na,"(14, 44, 72)",0.24015832,0.00012038671580866238
2594_8,mp-1219193,Si1 Ni6 Ge1,2594,210,0.125,64,0,na,"(14, 28, 32)",0.23988041,0.00012028842437107509
1325_9,mp-20649,Y2 Mn4 Ge4,1325,210,0.125,60,0,na,"(25, 32, 39)",0.2398587,0.00012029200759208516
1854_10,mp-3207,Sr2 Ni4 Ge4,1854,210,0.125,60,0,na,"(28, 32, 38)",0.23916498,0.00011995852876504048
1455_8,mp-16481,Ti2 Al2 Au2,1455,210,0.0833333333333332,48,0,na,"(13, 22, 79)",0.23901434,0.00011989735462424175
1535_28,mp-975044,Li2 Si4 Rh4,1535,112,0.1749497845036955,80,0,na,"(3, 14, 45)",0.23894061,0.00011987474192639902
2076_4,mp-11869,Hf4 Sn4 Pd4,2076,221,0.1875,72,0,na,"(46, 50, 72)",0.2389032,0.00011987034303172138
1848_3,mp-1220374,Nb4 V4 Cr4,1848,221,0.0934432380139771,72,0,na,"(23, 24, 41)",0.23887591,0.00011987101917874008
1385_3,mp-977401,Nb4 Ga4 Ru8,1385,110,0.25,48,0,na,"(31, 41, 44)",0.23856977,0.00011973174653627671
2120_0,mp-971754,V8 Re4 W4,2120,111,0.1250000000000002,48,0,na,"(23, 74, 75)",0.23845312,0.0001196875334382902
1773_0,mp-5407,Ti4 Al4 Co8,1773,111,0.125,48,0,na,"(13, 22, 27)",0.23834255,0.00011964635486338129
2376_5,mp-862561,Sc4 Sb4 Ru8,2376,210,0.0624999999999999,64,0,na,"(21, 44, 51)",0.23830505,0.00011964184482656634
999_2,mp-1070253,Ba2 Co4 Ge4,999,221,0.0387341464657904,80,0,na,"(27, 32, 56)",0.23798849,0.00011982621759024738
2298_35,mp-7392,Na8 Ag4 Sb4,2298,112,0.0,64,0,na,"(11, 47, 51)",0.23778729,0.00011973926212765925
1085_5,mp-862778,Al4 Si4 Ru8,1085,210,0.0624999999999999,64,0,na,"(13, 14, 44)",0.23771603,0.00011971771362414946
1285_21,mp-3595,Zn4 Si4 As8,1285,201,0.0245601723983102,64,0,na,"(14, 30, 33)",0.23753276,0.00011963973882526331
1967_47,mp-9550,Sc3 Mn3 Si3,1967,102,0.0575347256552322,54,0,na,"(14, 21, 25)",0.23745747,0.00011961612784180119
2282_0,mp-1025365,Sc2 V4 Ga8,2282,111,0.0499113603494196,42,0,na,"(21, 23, 31)",0.23735484,0.00011960541552851092
974_36,mp-1228701,Al8 Ge4 W6,974,101,0.25,54,0,na,"(13, 32, 74)",0.23729977,0.00011959196906632576
1653_0,mp-865186,Mg4 Ga4 Ir8,1653,111,0.125,48,0,na,"(12, 31, 77)",0.23701937,0.00011946494292138192
2225_20,mp-1078938,Y2 Al4 Pd10,2225,112,0.3586139136668722,64,0,na,"(13, 39, 46)",0.23690738,0.00011984227732934698
1021_25,mp-13512,Ca4 Ni4 Ge8,1021,101,0.0,64,0,na,"(20, 28, 32)",0.23678532,0.00012023260768289887
1515_3,mp-862695,Al8 Co4 Ru4,1515,110,0.25,48,0,na,"(13, 27, 44)",0.23676307,0.00012023576604827157
1987_0,mp-867187,Sc4 In4 Ir8,1987,111,0.1250000000000002,48,0,na,"(21, 49, 77)",0.23674633,0.00012024172230306425
1063_16,mp-568925,Ni6 Sn12 Au3,1063,101,0.3499699085420996,63,0,na,"(28, 50, 79)",0.23671013,0.00012023779418838211
1285_23,mp-3595,Zn4 Si4 As8,1285,201,0.1562500000000002,64,0,na,"(14, 30, 33)",0.23662044,0.00012020668920522002
1378_5,mp-865681,Ti4 Si4 Ru8,1378,210,0.0625,64,0,na,"(14, 22, 44)",0.2364873,0.00012042357307453486
2298_48,mp-7392,Na8 Ag4 Sb4,2298,012,0.1249999999999999,64,0,na,"(11, 47, 51)",0.23640412,0.00012039571480938414
1343_82,mp-1224358,Hf2 Sb8 Mo2,1343,12-2,0.0079897788528295,72,0,na,"(42, 51, 72)",0.23635283,0.00012038408760452286
1214_1,mp-972957,Sc4 Ti4 Ru8,1214,111,0.3750000000000002,48,0,na,"(21, 22, 44)",0.23610295,0.0001202712923300919
1605_13,mp-1079890,Al8 Cu4 Ir4,1605,101,0.0,48,0,na,"(13, 29, 77)",0.23589255,0.0001201785682011447
1906_0,mp-20567,Li4 Ga8 Ru4,1906,111,0.1250000000000002,48,0,na,"(3, 31, 44)",0.23574194,0.00012065930307083325
2039_3,mp-1217985,Ta6 Mn3 V9,2039,110,0.25,72,0,na,"(23, 25, 73)",0.23558399,0.00012059301052197731
2566_12,mp-22179,Y2 Ti2 Si2,2566,211,0.375,72,0,na,"(14, 22, 39)",0.2355615,0.00012079152335404852
2421_3,mp-10098,Y2 Ge2 Au2,2421,221,0.0707965985846783,60,0,na,"(32, 39, 79)",0.23544067,0.00012074414886378433
1584_18,mp-1206350,K4 Te4 Pd2,1584,201,0.125,60,0,na,"(19, 46, 52)",0.23539567,0.00012073564904253528
1720_19,mp-1228809,Al2 Re2 Si2,1720,201,0.2082574645878151,48,0,na,"(13, 14, 75)",0.23534629,0.00012072489758559486
1335_3,mp-864933,Mg8 Ag4 Rh4,1335,110,0.25,48,0,na,"(12, 45, 47)",0.23532411,0.00012072809486279779
1437_22,mp-8786,Zr4 Ni2 As4,1437,2-12,0.1808822914213022,60,0,na,"(28, 33, 40)",0.23510547,0.00012063048968955096
956_5,mp-866033,Al4 Zn4 Rh8,956,210,0.0625,64,0,na,"(13, 30, 45)",0.23509903,0.00012064173845579968
1974_11,mp-15686,Li4 Cu2 As2,1974,210,0.0833333333333333,64,0,na,"(3, 29, 33)",0.23507044,0.00012064162183066259
1886_3,mp-12951,Zr2 Ga2 Au2,1886,221,0.0718126704827319,60,0,na,"(31, 40, 79)",0.2349451,0.00012059184388699964
1761_3,mp-865664,Ti4 Re8 W4,1761,110,0.25,48,0,na,"(22, 74, 75)",0.23452601,0.00012039125296105105
1985_2,mp-567856,Mn3 As3 Rh3,1985,111,0.2847140173728574,45,0,na,"(25, 33, 45)",0.23443575,0.00012035940923935919
1724_3,mp-865308,Be8 Cu4 Rh4,1724,110,0.25,48,0,na,"(4, 29, 45)",0.23424028,0.00012027353091311915
2238_5,mp-867874,Be4 V4 Ru8,2238,210,0.0625,64,0,na,"(4, 23, 44)",0.23423015,0.00012028279637760035
1967_45,mp-9550,Sc3 Mn3 Si3,1967,2-12,0.3431539818322484,72,0,na,"(14, 21, 25)",0.23416801,0.00012026535185097078
1029_13,mp-1216666,Ti4 Nb4 Cr16,1029,100,0.0624817485433766,48,0,na,"(22, 24, 41)",0.23407315,0.00012032225492210291
1942_1,mp-867475,Ta4 Sn4 Ru8,1942,111,0.375,48,0,na,"(44, 50, 73)",0.23401895,0.0001203088699523537
1434_8,mp-2988,Li8 Ga4 Rh4,1434,210,0.0625,64,0,na,"(3, 31, 45)",0.23381527,0.00012021862166782204
1099_3,mp-5549,Mg4 Sn4 Au4,1099,221,0.0625,72,0,na,"(12, 50, 79)",0.23352829,0.00012008550434545558
1353_5,mp-972238,Ti8 V4 Ir4,1353,210,0.0624999999999999,64,0,na,"(22, 23, 77)",0.2334776,0.00012007385753596802
1487_0,mp-864840,Nb4 Zn4 Ru8,1487,111,0.1250000000000002,48,0,na,"(30, 41, 44)",0.23342577,0.00012006161844382068
1393_8,mp-1079238,Zr3 Re3 Si3,1393,221,0.9415394561134176,63,0,na,"(14, 40, 75)",0.23340848,0.00012006714085618956
997_1,mp-867156,Sc4 Ga4 Ru8,997,111,0.3750000000000002,48,0,na,"(21, 31, 44)",0.23318224,0.00011996516511168025
1450_0,mp-865015,Mn4 Si4 Rh8,1450,111,0.125,48,0,na,"(14, 25, 45)",0.23313574,0.00011995563277429268
1663_0,mp-865916,Ti4 V4 Re8,1663,111,0.1249999999999997,48,0,na,"(22, 23, 75)",0.23288587,0.00011994247854036747
2394_2,mp-1025311,Cd1 As1 Pt5,2394,221,0.0716603286599415,56,0,na,"(33, 48, 78)",0.23278764,0.00011990626930696868
2275_0,mp-3657,Ti4 Co8 Si4,2275,111,0.125,64,0,na,"(14, 22, 27)",0.23258074,0.00011981406392440348
2330_5,mp-1228646,Ba2 Ge4 Au4,2330,212,0.0622412775734488,60,0,na,"(32, 56, 79)",0.23215619,0.00011960968773996227
1837_0,mp-10181,Li4 Si4 Ni8,1837,111,0.1250000000000002,64,0,na,"(3, 14, 28)",0.23184727,0.00011946481755483009
1849_1,mp-861953,Al4 Fe4 Rh8,1849,111,0.375,48,0,na,"(13, 26, 45)",0.23174706,0.00011942744934849292
1824_1,mp-864831,Nb4 Zn4 Rh8,1824,111,0.3750000000000002,48,0,na,"(30, 41, 45)",0.23168643,0.00011941046545430319
1636_1,mp-867767,Be4 Si4 Rh8,1636,111,0.375,64,0,na,"(4, 14, 45)",0.23157574,0.00011936766992158557
2040_3,mp-865138,Hf8 Mn4 Ir4,2040,110,0.25,48,0,na,"(25, 72, 77)",0.23128563,0.00011949054366735439
1343_83,mp-1224358,Hf2 Sb8 Mo2,1343,12-2,0.0912056059855163,72,0,na,"(42, 51, 72)",0.2310858,0.00011940157160153937
1798_3,mp-862694,Al8 Ir4 Rh4,1798,110,0.25,48,0,na,"(13, 45, 77)",0.23101541,0.00011937945532362379
2363_2,mp-1217093,Ti8 Nb4 Al4,2363,111,0.5,48,0,na,"(13, 22, 41)",0.23095655,0.00011936328837168757
1949_41,mp-9902,Sc8 Co4 Si8,1949,201,0.25,80,0,na,"(14, 21, 27)",0.23069708,0.0001192434220090294
2601_6,mp-1070137,Ba2 Si6 Pd2,2601,221,0.1576801178163609,80,0,na,"(14, 46, 56)",0.230656,0.00011923640660840892
1313_0,mp-10180,Li8 Sb4 Pd4,1313,111,0.125,48,0,na,"(3, 46, 51)",0.23062615,0.00011923519298378728
1553_3,mp-1183048,Zr4 Sn4 Ru8,1553,110,0.2499999999999999,48,0,na,"(40, 44, 50)",0.23045234,0.00011915954011410421
1845_1,mp-31451,Zr4 Co4 Bi4,1845,111,0.625,36,0,na,"(27, 40, 83)",0.23039167,0.00011914236654562911
1019_6,mp-569012,Cs2 As4 Rh4,1019,212,0.1249999999999997,60,0,na,"(33, 45, 55)",0.23034675,0.00011915737327582168
1692_3,mp-19850,Mn4 Co8 Ge4,1692,110,0.25,48,0,na,"(25, 27, 32)",0.23032047,0.00011915797729754715
1779_6,mp-35276,K2 Fe4 As4,1779,212,0.125,80,0,na,"(19, 26, 33)",0.23025706,0.00011913936807704948
1047_0,mp-867837,Be4 Cr4 Ru8,1047,111,0.125,64,0,na,"(4, 24, 44)",0.2302086,0.00011912848684698357
956_1,mp-866033,Al4 Zn4 Rh8,956,111,0.3749999999999998,48,0,na,"(13, 30, 45)",0.23018953,0.00011913281060320425
1205_44,mp-1095196,Hf3 Ge3 Os3,1205,2-12,0.0414119673090205,72,0,na,"(32, 72, 76)",0.23009855,0.0001190999133154027
1772_0,mp-862365,Sc8 Os4 Pd4,1772,111,0.1250000000000002,48,0,na,"(21, 46, 76)",0.23005456,0.00011909132768541234
2534_1,mp-866062,Hf4 Si4 Ru8,2534,111,0.3749999999999998,48,0,na,"(14, 44, 72)",0.2299799,0.00011906685860333746
1835_5,mp-3576,Hf4 Ga4 Co8,1835,210,0.0625,64,0,na,"(27, 31, 72)",0.22995862,0.00011907001866077187
2546_47,mp-1080769,Hf3 Mn3 Ge3,2546,102,0.061050145748501,54,0,na,"(25, 32, 72)",0.22992729,0.00011906797376069692
2380_5,mp-864940,Mg8 Pt4 Rh4,2380,210,0.0625,64,0,na,"(12, 45, 78)",0.22989082,0.00011906326437274898
1208_3,mp-9124,Li4 Zn4 As4,1208,221,0.0625,72,0,na,"(3, 30, 33)",0.2298197,0.00011904060381872278
1679_3,mp-867114,Ta4 Be4 Ru8,1679,110,0.25,48,0,na,"(4, 44, 73)",0.22972286,0.00011900460960787973
2547_5,mp-1187698,V4 Zn4 Co8,2547,210,0.0625,64,0,na,"(23, 27, 30)",0.22969034,0.00011900192486919582
1084_44,mp-1205741,Ti3 Mn3 As3,1084,2-12,0.187951039732082,72,0,na,"(22, 25, 33)",0.22938153,0.00011885607537078613
1362_45,mp-7829,Mn3 Nb3 Si3,1362,2-12,0.3528304227510972,72,0,na,"(14, 25, 41)",0.22917993,0.00011876573057035071
2248_0,mp-867902,Li4 Si4 Rh8,2248,111,0.1250000000000002,48,0,na,"(3, 14, 45)",0.22915372,0.00011876625337273454
2332_2,mp-5129,Y2 Co4 Si4,2332,221,0.0321035893526939,80,0,na,"(14, 27, 39)",0.22912507,0.00011876550992744544
959_49,mp-1080489,Hf3 Ge3 Ru3,959,102,0.0615375738621608,54,0,na,"(32, 44, 72)",0.22906673,0.00011874937309261412
2317_5,mp-19768,Ni2 As2 Rh2,2317,221,0.2500000000000001,48,0,na,"(28, 33, 45)",0.22901028,0.00011873420873460879
1012_1,mp-1072255,Sc4 Ni16 Au4,1012,111,0.3129376965069212,72,0,na,"(21, 28, 79)",0.22897099,0.0001187279352446231
1517_89,mp-1224770,Fe3 Ni1 As4,1517,012,0.3183194667943674,48,0,na,"(26, 28, 33)",0.22886084,0.0001186849105681734
2177_3,mp-5221,Hf4 Al4 Co8,2177,110,0.2500000000000001,48,0,na,"(13, 27, 72)",0.22866234,0.00011897143327900317
1682_3,mp-21467,Ti4 Co8 Sn4,1682,110,0.25,48,0,na,"(22, 27, 50)",0.2285312,0.00011891734981197182
1021_2,mp-13512,Ca4 Ni4 Ge8,1021,111,0.1741741365026992,64,0,na,"(20, 28, 32)",0.22834733,0.00011883580377919386
2361_2,mp-6969,Sc2 Cu4 Si4,2361,221,0.0282693791121619,80,0,na,"(14, 21, 29)",0.22833766,0.00011884489437656573
2190_1,mp-865462,Mn4 V8 Os4,2190,111,0.375,48,0,na,"(23, 25, 76)",0.22808562,0.0001187278231140601
2600_1,mp-866156,Y4 Ga4 Rh8,2600,111,0.3750000000000002,48,0,na,"(31, 39, 45)",0.22797509,0.00011868437890063612
1393_16,mp-1079238,Zr3 Re3 Si3,1393,212,0.2893688224983309,72,0,na,"(14, 40, 75)",0.22795074,0.00011868578838128451
1449_24,mp-12903,Y2 Ag2 Te4,1449,211,0.3805097162917848,64,0,na,"(39, 47, 52)",0.22774778,0.00011880141320612036
1381_2,mp-4316,Sr2 Ni4 As4,1381,221,0.0354861143322882,80,0,na,"(28, 33, 38)",0.22774607,0.00011881463655550117
1214_0,mp-972957,Sc4 Ti4 Ru8,1214,111,0.1250000000000002,48,0,na,"(21, 22, 44)",0.22735758,0.00011862605666702101
2022_3,mp-3522,Mg4 Cu4 Sb4,2022,221,0.0625,72,0,na,"(12, 29, 51)",0.22720788,0.00011856201376175109
1263_49,mp-9381,Zr6 Fe1 Te2,1263,102,0.25,54,0,na,"(26, 40, 52)",0.22691706,0.00011914175043056138
1396_3,mp-866218,Ti8 Mn4 Rh4,1396,110,0.25,48,0,na,"(22, 25, 45)",0.22680445,0.0001190968144750363
2480_3,mp-11537,Nb4 Al4 Ru8,2480,110,0.2499999999999999,48,0,na,"(13, 41, 44)",0.22650854,0.00011895559702115589
2205_0,mp-977435,Zr4 Al4 Rh8,2205,111,0.1250000000000002,48,0,na,"(13, 40, 45)",0.22625922,0.00011883879805907609
1651_0,mp-865025,Hf4 Ta4 Re8,1651,111,0.125,48,0,na,"(72, 73, 75)",0.22620687,0.00011882542318450407
1049_0,mp-3791,Sc4 Co8 Sn4,1049,111,0.125,48,0,na,"(21, 27, 50)",0.2261957,0.00011883367609698746
1222_0,mp-865803,Ti8 Mo4 Pt4,1222,111,0.1250000000000002,48,0,na,"(22, 42, 78)",0.22610083,0.00011879795259959638
1952_3,mp-977438,Mg4 In4 Rh8,1952,110,0.25,48,0,na,"(12, 45, 49)",0.22608113,0.00011880171522138138
1927_0,mp-862300,Sc8 Ga4 Os4,1927,111,0.1249999999999997,48,0,na,"(21, 31, 76)",0.22605534,0.00011880227693766378
1100_2,mp-1025370,In1 Si1 Pt5,1100,221,0.0742713241531376,56,0,na,"(14, 49, 78)",0.22604953,0.00011881333881579739
1756_0,mp-862360,Sc8 Ni4 Ir4,1756,111,0.1250000000000002,48,0,na,"(21, 28, 77)",0.22600311,0.00011880305550118166
1761_5,mp-865664,Ti4 Re8 W4,1761,210,0.0625,64,0,na,"(22, 74, 75)",0.22595605,0.0001187924303745416
1837_3,mp-10181,Li4 Si4 Ni8,1837,110,0.2499999999999999,48,0,na,"(3, 14, 28)",0.2258512,0.0001187514140950361
1868_6,mp-1222612,Li8 Sn4 Ir4,1868,110,0.25,48,0,na,"(3, 50, 77)",0.22582448,0.00011875146675932289
1343_17,mp-1224358,Hf2 Sb8 Mo2,1343,22-1,0.4117695391942781,72,0,na,"(42, 51, 72)",0.2258089,0.00011875737651417374
1682_5,mp-21467,Ti4 Co8 Sn4,1682,210,0.0625,64,0,na,"(22, 27, 50)",0.22573137,0.00011873070209705988
1738_3,mp-864947,Zr4 Sn4 Rh8,1738,110,0.25,48,0,na,"(40, 45, 50)",0.22563632,0.00011869480019770355
1177_1,mp-866037,Ga4 Ni4 Rh8,1177,111,0.3750000000000002,48,0,na,"(28, 31, 45)",0.2256137,0.0001186969897810798
2222_1,mp-865091,Hf4 Mn4 Rh8,2222,111,0.3750000000000002,48,0,na,"(25, 45, 72)",0.22550635,0.00011865459611759302
2137_0,mp-1183419,Be8 Ir4 Ru4,2137,111,0.125,64,0,na,"(4, 44, 77)",0.2254492,0.00011863860253785117
2230_5,mp-866163,Y4 In4 Rh8,2230,210,0.0624999999999999,64,0,na,"(39, 45, 49)",0.22541663,0.0001186355379132778
2557_47,mp-1079860,Hf3 Ga3 Ni3,2557,102,0.2499999999999999,72,0,na,"(28, 31, 72)",0.22535063,0.00011861487441414618
1350_5,mp-4913,Li4 Ga8 Rh4,1350,210,0.0625,64,0,na,"(3, 31, 45)",0.22529183,0.00011859799211034936
1913_1,mp-862361,Sc8 Ni4 Os4,1913,111,0.3750000000000002,48,0,na,"(21, 28, 76)",0.22528593,0.00011860895301950783
1568_0,mp-1188066,Zr4 In4 Co8,1568,111,0.1250000000000002,48,0,na,"(27, 40, 49)",0.22526695,0.00011861302896119004
1783_1,mp-867326,Al8 Ru4 Rh4,1783,111,0.375,48,0,na,"(13, 44, 45)",0.22521414,0.00011859928957756857
1210_0,mp-862712,Sc8 Co4 Ir4,1210,111,0.125,48,0,na,"(21, 27, 77)",0.22518691,0.00011859901583439469
1730_2,mp-1228910,Al2 Fe1 Ni1,1730,221,0.0649264682753418,40,0,na,"(13, 26, 28)",0.22518611,0.00011861266184397323
2505_15,mp-30580,Sr3 Ga3 Cu6,2505,20-1,0.172299503378334,72,0,na,"(29, 31, 38)",0.2249796,0.00011851794421008054
1960_41,mp-1226048,Co1 Ni1 Te4,1960,012,0.2105138336789527,24,0,na,"(27, 28, 52)",0.22486429,0.00011847124054090208
1581_6,mp-1079513,K8 As8 Pt4,1581,221,0.0610600952735467,80,0,na,"(19, 33, 78)",0.22462024,0.0001183566830450407
1555_7,mp-961673,Ti4 Fe4 Te4,1555,210,0.0625,48,0,na,"(22, 26, 52)",0.22440955,0.00011825966329228157
1395_1,mp-30551,Ga4 Fe4 Co8,1395,111,0.375,64,0,na,"(26, 27, 31)",0.22431856,0.00011822569458372123
2025_5,mp-864910,Mg4 Zr4 Rh8,2025,210,0.0625,64,0,na,"(12, 40, 45)",0.22414279,0.00011814702411814393
990_3,mp-862335,Li4 As4 Rh8,990,110,0.25,48,0,na,"(3, 33, 45)",0.22402555,0.00011809917926962135
1400_6,mp-861983,Ti8 Mn4 Fe4,1400,100,0.1249999999999999,32,0,na,"(22, 25, 26)",0.22396857,0.00011808308673273876
2457_0,mp-865126,Na4 Tl4 Pd8,2457,111,0.125,48,0,na,"(11, 46, 81)",0.22384349,0.0001180310782015534
1177_0,mp-866037,Ga4 Ni4 Rh8,1177,111,0.1250000000000002,48,0,na,"(28, 31, 45)",0.22358532,0.00011790886390941786
1393_7,mp-1079238,Zr3 Re3 Si3,1393,221,0.6915394561134176,63,0,na,"(14, 40, 75)",0.22343726,0.0001178446786420963
1557_5,mp-1187461,Ti8 V4 Os4,1557,210,0.0625,64,0,na,"(22, 23, 76)",0.22342263,0.00011785085062246905
956_0,mp-866033,Al4 Zn4 Rh8,956,111,0.1249999999999997,48,0,na,"(13, 30, 45)",0.22340825,0.00011785715503365253
1964_1,mp-1206594,Cr4 Ge4 Ru8,1964,111,0.375,48,0,na,"(24, 32, 44)",0.2233887,0.00011786073232515413
1205_18,mp-1095196,Hf3 Ge3 Os3,1205,212,0.3517080442497942,72,0,na,"(32, 72, 76)",0.22333524,0.00011784641608963327
1099_4,mp-5549,Mg4 Sn4 Au4,1099,221,0.1875,72,0,na,"(12, 50, 79)",0.22321555,0.00011779714171528016
2330_3,mp-1228646,Ba2 Ge4 Au4,2330,221,0.0938793612132755,80,0,na,"(32, 56, 79)",0.22317263,0.00011778836675361674
959_17,mp-1080489,Hf3 Ge3 Ru3,959,212,0.293591518942345,72,0,na,"(32, 44, 72)",0.22316906,0.0001178003580537453
1830_0,mp-1070869,Zr4 Cu16 Ag4,1830,111,0.0618341188150889,72,0,na,"(29, 40, 47)",0.22300717,0.0001177287724955063
2282_19,mp-1025365,Sc2 V4 Ga8,2282,201,0.0249556801747098,56,0,na,"(21, 23, 31)",0.22288528,0.00011770416836519769
1824_5,mp-864831,Nb4 Zn4 Rh8,1824,210,0.0624999999999999,64,0,na,"(30, 41, 45)",0.22282211,0.0001176846607020489
2382_5,mp-865529,Ti8 Ni4 Ir4,2382,210,0.0625,64,0,na,"(22, 28, 77)",0.22266865,0.00011761745177177218
2344_20,mp-1205841,Y6 Fe1 Bi2,2344,212,0.4166666666666667,72,0,na,"(26, 39, 83)",0.22254625,0.00011758045017721247
2421_9,mp-10098,Y2 Ge2 Au2,2421,212,0.2876177773989996,48,0,na,"(32, 39, 79)",0.22247244,0.00011755527548314974
2177_1,mp-5221,Hf4 Al4 Co8,2177,111,0.375,48,0,na,"(13, 27, 72)",0.22238693,0.00011752390723227282
1389_3,mp-864919,Mg4 Ti4 Rh8,1389,110,0.25,48,0,na,"(12, 22, 45)",0.22220753,0.0001174429028001419
1848_14,mp-1220374,Nb4 V4 Cr4,1848,122,0.0625,72,0,na,"(23, 24, 41)",0.22209495,0.00011775691458196076
1113_63,mp-1080561,Ca4 Ga8 Ni4,1113,012,0.125,64,0,na,"(20, 28, 31)",0.2220649,0.00011775484822567543
925_45,mp-1224371,Ge4 As4 Au4,925,201,0.0750571639381245,72,0,na,"(32, 33, 79)",0.2220639,0.00011776818572828842
1985_8,mp-567856,Mn3 As3 Rh3,1985,221,0.4098246361515457,72,0,na,"(25, 33, 45)",0.22198729,0.0001177414229827815
999_10,mp-1070253,Ba2 Co4 Ge4,999,210,0.125,60,0,na,"(27, 32, 56)",0.22197878,0.00011775077344677177
2112_0,mp-867116,Be4 Ga4 Ir8,2112,111,0.125,48,0,na,"(4, 31, 77)",0.2218232,0.00011768210170168158
1843_2,mp-1221618,Mn4 Be16 Al4,1843,111,0.4350741159032836,72,0,na,"(4, 13, 25)",0.22180656,0.00011768712348258669
2070_29,mp-754185,Y4 Mg2 Ni4,2070,102,0.125,60,0,na,"(12, 28, 39)",0.22165225,0.00011777192665267813
2255_76,mp-1220426,Nb1 Ni6 Mo1,2255,012,0.2499013145854256,48,0,na,"(28, 41, 42)",0.2215494,0.000117731144119216
2377_49,mp-1206012,Zr6 Mn1 Te2,2377,102,0.25,54,0,na,"(25, 40, 52)",0.22135156,0.00011763986200364775
1047_1,mp-867837,Be4 Cr4 Ru8,1047,111,0.375,64,0,na,"(4, 24, 44)",0.22133467,0.00011764472532588415
2554_5,mp-867223,Li4 Ga8 Ni4,2554,210,0.0625,64,0,na,"(3, 28, 31)",0.2211441,0.0001175572627579327
2421_4,mp-10098,Y2 Ge2 Au2,2421,221,0.1957965985846783,60,0,na,"(32, 39, 79)",0.2209603,0.00011747336696959611
1663_3,mp-865916,Ti4 V4 Re8,1663,110,0.25,48,0,na,"(22, 23, 75)",0.22095066,0.00011748204288243337
2377_6,mp-1206012,Zr6 Mn1 Te2,2377,221,0.3078432005125222,54,0,na,"(25, 40, 52)",0.22084132,0.00011743770235037813
1318_0,mp-864909,Hf4 Al4 Ru8,1318,111,0.125,48,0,na,"(13, 44, 72)",0.22083244,0.00011744677287519678
1930_5,mp-983123,Hf4 Mg4 Au8,1930,210,0.0625,64,0,na,"(12, 72, 79)",0.22081749,0.00011745261634886286
1524_8,mp-1215958,Y4 Fe4 Co4,1524,210,0.0625,72,0,na,"(26, 27, 39)",0.22072968,0.0001174197015431692
1421_3,mp-1018714,Hf2 Ga2 Cu2,1421,212,0.0416666666666667,48,0,na,"(29, 31, 72)",0.22068065,0.00011740740541113284
1379_1,mp-865165,Hf4 Sc4 Co8,1379,111,0.375,48,0,na,"(21, 27, 72)",0.2206273,0.00011739280471455643
1584_9,mp-1206350,K4 Te4 Pd2,1584,212,0.125,60,0,na,"(19, 46, 52)",0.22050337,0.0001173406381830024
2449_3,mp-1206681,Sc4 Bi4 Pd4,2449,221,0.0625000000000002,72,0,na,"(21, 46, 83)",0.22037563,0.00011728642393917325
2589_8,mp-30405,Li8 Sn4 Au4,2589,210,0.0625,64,0,na,"(3, 50, 79)",0.22032106,0.0001172711354748469
2230_1,mp-866163,Y4 In4 Rh8,2230,111,0.3750000000000003,48,0,na,"(39, 45, 49)",0.22021456,0.00011758837869803323
2084_0,mp-4364,Nb4 Ga4 Co8,2084,111,0.1250000000000002,48,0,na,"(27, 31, 41)",0.22018926,0.00011758869627406636
1433_0,mp-977353,Ta8 Re4 Mo4,1433,111,0.125,48,0,na,"(42, 73, 75)",0.22017679,0.00011759586480630441
2036_45,mp-1078756,Zr3 Ga3 Rh3,2036,102,0.0673416153234017,72,0,na,"(31, 40, 45)",0.22000948,0.00011752032486411412
1584_4,mp-1206350,K4 Te4 Pd2,1584,221,0.125,60,0,na,"(19, 46, 52)",0.21993266,0.00011749309849871028
1471_1,mp-865497,V8 Re4 Os4,1471,111,0.3750000000000002,48,0,na,"(23, 75, 76)",0.21987784,0.00011747761519960511
1500_75,mp-1079688,Hf8 Cu2 Si8,1500,11-2,0.0817161620883091,72,0,na,"(14, 29, 72)",0.21987659,0.00011749074987541558
1843_8,mp-1221618,Mn4 Be16 Al4,1843,110,0.1266172560644776,72,0,na,"(4, 13, 25)",0.21984497,0.0001174876574853986
1279_3,mp-1205792,Zr6 Ni1 Te2,1279,111,0.4067539774723556,36,0,na,"(28, 40, 52)",0.21979085,0.00011760058250755467
1080_0,mp-1185620,Mg4 V4 Ru8,1080,111,0.125,48,0,na,"(12, 23, 44)",0.21979007,0.00011761399663778887
1540_3,mp-866143,Ti4 Be4 Rh8,1540,110,0.2499999999999999,48,0,na,"(4, 22, 45)",0.21953125,0.00011781828492884141
2205_5,mp-977435,Zr4 Al4 Rh8,2205,210,0.0625,64,0,na,"(13, 40, 45)",0.21941906,0.00011777195035920453
1884_4,mp-961687,Zr4 Sn4 Pd4,1884,221,0.1875,72,0,na,"(40, 46, 50)",0.21939348,0.00011777209068642783
1272_19,mp-1079729,Sc3 Mn3 Ge3,1272,212,0.3021660031158421,72,0,na,"(21, 25, 32)",0.21930799,0.0001177400654971156
1997_3,mp-10010,Al1 Co2 Si2,1997,221,0.0406591392250722,60,0,na,"(13, 14, 27)",0.21929169,0.0001177451778273219
904_3,mp-4441,Ca2 Cu4 Ge4,904,221,0.0932076253048563,80,0,na,"(20, 29, 32)",0.219176,0.00011769691817027372
1884_3,mp-961687,Zr4 Sn4 Pd4,1884,221,0.0625,72,0,na,"(40, 46, 50)",0.21907146,0.00011765462806064285
2457_3,mp-865126,Na4 Tl4 Pd8,2457,110,0.25,48,0,na,"(11, 46, 81)",0.21889558,0.0001177450675633812
1323_5,mp-1185961,Mg4 Sc4 Zn8,1323,210,0.0625,64,0,na,"(12, 21, 30)",0.21876201,0.00011768707664054536
2036_4,mp-1078756,Zr3 Ga3 Rh3,2036,221,0.0387329225872143,63,0,na,"(31, 40, 45)",0.21838164,0.000117496277344706
1967_5,mp-9550,Sc3 Mn3 Si3,1967,221,0.0417765668572869,72,0,na,"(14, 21, 25)",0.21806778,0.00011734119782280709
1842_3,mp-1183740,Cr4 Co8 Ge4,1842,110,0.25,48,0,na,"(24, 27, 32)",0.21792446,0.00011727783955923185
1980_5,mp-867233,Sc8 Zn4 Ir4,1980,210,0.0624999999999999,64,0,na,"(21, 30, 77)",0.21775417,0.0001171999415518341
2601_5,mp-1070137,Ba2 Si6 Pd2,2601,221,0.0940776617201377,80,0,na,"(14, 46, 56)",0.21770157,0.00011718536522721273
1636_0,mp-867767,Be4 Si4 Rh8,1636,111,0.125,64,0,na,"(4, 14, 45)",0.21766731,0.00011718065546059433
1411_8,mp-1217923,Ta1 Ni6 Mo1,1411,221,0.0568515674983132,64,0,na,"(28, 42, 73)",0.21764895,0.00011718450315710658
1814_19,mp-13090,Y3 Mg3 Al3,1814,212,0.4166666666666666,72,0,na,"(12, 13, 39)",0.21762425,0.00011718493667370948
1730_3,mp-1228910,Al2 Fe1 Ni1,1730,221,0.1899264682753418,40,0,na,"(13, 26, 28)",0.21759717,0.00011718408701553465
2363_30,mp-1217093,Ti8 Nb4 Al4,2363,121,0.236391397597999,64,0,na,"(13, 22, 41)",0.21738274,0.00011742410535024953
2230_3,mp-866163,Y4 In4 Rh8,2230,110,0.2499999999999997,48,0,na,"(39, 45, 49)",0.21736053,0.00011742589675733136
1260_5,mp-862297,Li4 Al4 Rh8,1260,210,0.0625,64,0,na,"(3, 13, 45)",0.21735978,0.00011743928199363256
1126_10,mp-1079149,Ba8 Zn4 Sb8,1126,212,0.1250000000000001,80,0,na,"(30, 51, 56)",0.21733254,0.00011743835612381353
1113_42,mp-1080561,Ca4 Ga8 Ni4,1113,112,0.0674653419152813,64,0,na,"(20, 28, 31)",0.2173137,0.00011744196788583387
2503_2,mp-30175,Ca2 Al4 Zn4,2503,221,0.0272542452764739,80,0,na,"(13, 20, 30)",0.2171419,0.00011736290603422135
2531_8,mp-30816,Li8 Al4 Pd4,2531,210,0.0625,64,0,na,"(3, 13, 46)",0.21703735,0.00011732016689798051
1708_28,mp-1206964,Zr6 Ni1 Sb2,1708,210,0.3648537148929225,36,0,na,"(28, 40, 51)",0.2169406,0.00011728162790598065
1112_5,mp-865948,Ti8 Re4 Rh4,1112,210,0.0625,64,0,na,"(22, 45, 75)",0.2169202,0.00011728435463317884
2344_46,mp-1205841,Y6 Fe1 Bi2,2344,2-12,0.3488147605790974,54,0,na,"(26, 39, 83)",0.21691746,0.0001172966302303026
2282_1,mp-1025365,Sc2 V4 Ga8,2282,111,0.1749113603494196,42,0,na,"(21, 23, 31)",0.21685581,0.00011727704961793665
2204_5,mp-1185958,Mg4 Sc4 Pt8,2204,210,0.0625,64,0,na,"(12, 21, 78)",0.21658498,0.00011736594755636615
1517_87,mp-1224770,Fe3 Ni1 As4,1517,012,0.1817750604163279,48,0,na,"(26, 28, 33)",0.2164633,0.00011731377862352763
931_3,mp-864671,Hf4 Al4 Rh8,931,110,0.25,48,0,na,"(13, 45, 72)",0.2163727,0.00011798785846346216
2036_14,mp-1078756,Zr3 Ga3 Rh3,2036,212,0.0833333333333332,72,0,na,"(31, 40, 45)",0.21636488,0.00011799751649805696
1260_3,mp-862297,Li4 Al4 Rh8,1260,110,0.25,48,0,na,"(3, 13, 45)",0.21628395,0.00011796730007534767
1942_5,mp-867475,Ta4 Sn4 Ru8,1942,210,0.0625,64,0,na,"(44, 50, 73)",0.21602514,0.00011850981817775817
1001_2,mp-10697,Sr2 Ge4 Rh4,1001,221,0.0332135906815125,80,0,na,"(32, 38, 45)",0.21591076,0.00011846110894743705
1778_3,mp-1187921,Zn4 Ru8 W4,1778,110,0.25,48,0,na,"(30, 44, 74)",0.21590619,0.00011847263598141784
2511_42,mp-1079361,Y3 Al3 Cu3,2511,2-12,0.0429345420764094,54,0,na,"(13, 29, 39)",0.21577306,0.00011841361329605488
1163_0,mp-1184592,Hf8 Re4 Pd4,1163,111,0.125,48,0,na,"(46, 72, 75)",0.21573663,0.00011840764203485701
1065_7,mp-16246,Cd4 Sb4 Au4,1065,210,0.0625,48,0,na,"(48, 51, 79)",0.21561252,0.00011835353788375641
1506_31,mp-31080,Y4 Al4 Si4,1506,112,0.2499999999999999,72,0,na,"(13, 14, 39)",0.21557875,0.00011834900795536514
2547_0,mp-1187698,V4 Zn4 Co8,2547,111,0.125,64,0,na,"(23, 27, 30)",0.21556199,0.00011854147960689734
2041_1,mp-865442,Ti4 Al4 Os8,2041,111,0.3749999999999998,48,0,na,"(13, 22, 76)",0.2155123,0.00011852820467612964
1719_0,mp-977430,Mg4 Nb4 Ru8,1719,111,0.1250000000000002,48,0,na,"(12, 41, 44)",0.21535105,0.00011845355992782078
1171_3,mp-861641,Ti8 Co4 Re4,1171,110,0.25,48,0,na,"(22, 27, 75)",0.21525277,0.00011841352764783696
1533_3,mp-865901,Be4 Co8 Si4,1533,110,0.25,48,0,na,"(4, 14, 27)",0.21525076,0.00011842644521216505
1353_1,mp-972238,Ti8 V4 Ir4,1353,111,0.3750000000000002,48,0,na,"(22, 23, 77)",0.21516672,0.00011839422917774414
1503_15,mp-1079079,Hf3 As3 Ru3,1503,212,0.1020886963864634,72,0,na,"(33, 44, 72)",0.21513523,0.00011839091879099992
1309_3,mp-867252,Li4 Zn8 Ni4,1309,110,0.25,48,0,na,"(3, 28, 30)",0.21509913,0.00011838506834212025
1935_33,mp-1078231,Sr8 Ga16 Rh16,1935,011,0.25,80,0,na,"(31, 38, 45)",0.21503758,0.0001183652054668106
2197_3,mp-867850,Sc4 Mn4 Rh8,2197,110,0.25,48,0,na,"(21, 25, 45)",0.21484266,0.00011827191305387783
1592_3,mp-867253,Li4 Zn8 Ir4,1592,110,0.25,48,0,na,"(3, 30, 77)",0.21467131,0.00011819156280064767
1126_9,mp-1079149,Ba8 Zn4 Sb8,1126,212,0.0221794259296893,80,0,na,"(30, 51, 56)",0.21429902,0.00011836935694244306
2388_0,mp-1188031,Zr4 Sc4 Co8,2388,111,0.125,48,0,na,"(21, 27, 40)",0.2141474,0.00011829961176942281
2164_3,mp-864684,Hf8 Mo4 Ir4,2164,110,0.25,48,0,na,"(42, 72, 77)",0.21400107,0.00011823276283231144
1498_5,mp-977427,Zn8 Pt4 Rh4,1498,210,0.0625,64,0,na,"(30, 45, 78)",0.21386445,0.00011817125380177245
2344_15,mp-1205841,Y6 Fe1 Bi2,2344,212,0.0464442817372923,72,0,na,"(26, 39, 83)",0.2136932,0.00011809058416476714
914_1,mp-867835,Be4 Si4 Ru8,914,111,0.3750000000000002,64,0,na,"(4, 14, 44)",0.21367557,0.00011809478740214068
1909_5,mp-1187420,Ti8 Mo4 Os4,1909,210,0.0625,64,0,na,"(22, 42, 76)",0.21357992,0.00011816140776096321
2251_7,mp-12780,Sr2 Ga4 Au4,2251,221,0.2177646842479299,80,0,na,"(31, 38, 79)",0.21355781,0.00011816313790040658
959_44,mp-1080489,Hf3 Ge3 Ru3,959,2-12,0.0421050399402815,72,0,na,"(32, 44, 72)",0.21350734,0.00011814917334795799
2577_3,mp-865465,V4 Co8 Ge4,2577,110,0.25,48,0,na,"(23, 27, 32)",0.21338814,0.00011809716438205321
1777_2,mp-571367,Hf2 Co4 Si4,1777,221,0.030292280264252,80,0,na,"(14, 27, 72)",0.21330346,0.00011806424228104539
2181_1,mp-865486,V4 Zn4 Ru8,2181,111,0.3750000000000002,48,0,na,"(23, 30, 44)",0.21326241,0.00011805545908480374
1302_5,mp-1215600,Zr4 Co2 Ni2,1302,221,0.2774699237701092,64,0,na,"(27, 28, 40)",0.21326207,0.00011806920958608512
1053_1,mp-1188052,Zr4 Ga4 Co8,1053,111,0.375,48,0,na,"(27, 31, 40)",0.2132039,0.00011805094285689173
1874_5,mp-866072,Mg4 Ta4 Rh8,1874,210,0.0624999999999999,64,0,na,"(12, 45, 73)",0.21308337,0.00011799813521899201
1614_3,mp-865003,Be8 Ir4 Pd4,1614,110,0.25,48,0,na,"(4, 46, 77)",0.21292143,0.00011792237311766934
1951_3,mp-866096,Hf4 Zn4 Co8,1951,110,0.2499999999999999,48,0,na,"(27, 30, 72)",0.21272992,0.00011783020386390188
1027_1,mp-864955,Mn8 Cr4 Co4,1027,111,0.375,64,0,na,"(24, 25, 27)",0.21261536,0.00011778062767931018
1780_3,mp-972777,Si8 Os4 Ru4,1780,110,0.25,48,0,na,"(14, 44, 76)",0.21260783,0.00011779032977159262
1237_6,mp-865652,Ti4 Mn8 Si4,1237,100,0.125,32,0,na,"(14, 22, 25)",0.21238488,0.00011800766628371819
2022_4,mp-3522,Mg4 Cu4 Sb4,2022,221,0.1875,72,0,na,"(12, 29, 51)",0.21234888,0.00011800158865252004
1800_5,mp-865125,Mg4 Ga4 Rh8,1800,210,0.0625,64,0,na,"(12, 31, 45)",0.21230732,0.00011799241718705943
1532_3,mp-862781,Al4 Cr4 Ru8,1532,110,0.2499999999999999,48,0,na,"(13, 24, 44)",0.21221694,0.00011795610531095936
1444_5,mp-867794,Sc8 Cu4 Ir4,1444,210,0.0625,64,0,na,"(21, 29, 77)",0.21216,0.00011834085958718444
1814_48,mp-13090,Y3 Mg3 Al3,1814,102,0.1915649105533259,54,0,na,"(12, 13, 39)",0.21215685,0.00011835310855530823
1279_43,mp-1205792,Zr6 Ni1 Te2,1279,2-12,0.2787694160559208,54,0,na,"(28, 40, 52)",0.2121041,0.00011833768725042966
1980_1,mp-867233,Sc8 Zn4 Ir4,1980,111,0.3750000000000002,48,0,na,"(21, 30, 77)",0.21195205,0.00011826685053297967
2251_6,mp-12780,Sr2 Ga4 Au4,2251,221,0.1553325025452582,80,0,na,"(31, 38, 79)",0.21193033,0.00011826871828707076
948_45,mp-9951,Mn3 Nb3 Ge3,948,2-12,0.1459986620027908,72,0,na,"(25, 32, 41)",0.21184276,0.00011823383280021142
1471_3,mp-865497,V8 Re4 Os4,1471,110,0.25,48,0,na,"(23, 75, 76)",0.2118379,0.0001182451009050236
1500_9,mp-1079688,Hf8 Cu2 Si8,1500,110,0.0541040383057591,54,0,na,"(14, 29, 72)",0.21151191,0.00011807709965730066
1591_0,mp-21235,Mn8 V4 Ga4,1591,111,0.125,48,0,na,"(23, 25, 31)",0.21149275,0.00011808034611992862
2224_1,mp-867206,Li4 Cd8 Pt4,2224,111,0.375,48,0,na,"(3, 48, 78)",0.21141084,0.00011804855345356888
2125_5,mp-19929,Mg4 In4 Ni8,2125,210,0.0625,64,0,na,"(12, 28, 49)",0.21135958,0.00011803386438686197
999_14,mp-1070253,Ba2 Co4 Ge4,999,201,0.0387341464657904,60,0,na,"(27, 32, 56)",0.21134774,0.0001180411851901164
2206_5,mp-865494,V8 Cr4 Ru4,2206,210,0.0625,64,0,na,"(23, 24, 44)",0.21133783,0.00011804958500522235
1761_6,mp-865664,Ti4 Re8 W4,1761,100,0.125,32,0,na,"(22, 74, 75)",0.21129327,0.00011803862898618117
1154_5,mp-865179,Hf8 Fe4 Os4,1154,210,0.0625,64,0,na,"(26, 72, 76)",0.21106479,0.00011821542688549191
2414_25,mp-1069139,Sr2 Si6 Ni2,2414,201,0.2131087756112916,60,0,na,"(14, 28, 38)",0.2109415,0.0001183357759915772
1515_5,mp-862695,Al8 Co4 Ru4,1515,210,0.0625,64,0,na,"(13, 27, 44)",0.2109329,0.0001183449559318437
2216_0,mp-1187738,V4 Sn4 Ru8,2216,111,0.125,48,0,na,"(23, 44, 50)",0.21082392,0.00011866560386675809
2221_46,mp-13445,Rb8 As8 Pt4,2221,102,0.0450897899895004,80,0,na,"(33, 37, 78)",0.2108046,0.00011866881120294237
1390_5,mp-864969,Mg8 Pd4 Rh4,1390,210,0.0625,64,0,na,"(12, 45, 46)",0.21068972,0.00011861821777259566
1021_3,mp-13512,Ca4 Ni4 Ge8,1021,111,0.3534310659194138,64,0,na,"(20, 28, 32)",0.21058303,0.00011857221617545331
1520_3,mp-4664,Mn4 Ge4 Rh8,1520,110,0.25,48,0,na,"(25, 32, 45)",0.21047795,0.00011852710318564429
1835_0,mp-3576,Hf4 Ga4 Co8,1835,111,0.1249999999999997,48,0,na,"(27, 31, 72)",0.21039492,0.00011849439104019184
1956_9,mp-4520,Y2 Cu4 Ge4,1956,210,0.125,60,0,na,"(29, 32, 39)",0.21030194,0.0001184560610953479
2093_5,mp-867774,Ta8 Cr4 Os4,2093,210,0.0625,64,0,na,"(24, 73, 76)",0.21024412,0.00011843752266230253
1886_4,mp-12951,Zr2 Ga2 Au2,1886,221,0.196812670482732,60,0,na,"(31, 40, 79)",0.21015894,0.00011840356135274971
2582_5,mp-865561,Y8 Ag4 Ru4,2582,210,0.0625,64,0,na,"(39, 44, 47)",0.2101308,0.00011840172646088387
1948_0,mp-862291,Be4 Ga4 Rh8,1948,111,0.125,48,0,na,"(4, 31, 45)",0.21001208,0.00011834884439158149
2024_5,mp-867927,Li4 V4 Ir8,2024,210,0.0625,64,0,na,"(3, 23, 77)",0.20982227,0.00011862058333576326
1222_5,mp-865803,Ti8 Mo4 Pt4,1222,210,0.0624999999999999,64,0,na,"(22, 42, 78)",0.2097403,0.0001185883095627719
1873_3,mp-20481,Mn4 Sn4 Pd8,1873,110,0.25,48,0,na,"(25, 46, 50)",0.20972839,0.0001185956396402401
1455_2,mp-16481,Ti2 Al2 Au2,1455,110,0.5,30,0,na,"(13, 22, 79)",0.20972668,0.00011860873916153149
1662_5,mp-20698,Li2 Co2 As2,1662,221,0.2500000000000002,48,0,na,"(3, 27, 33)",0.20963061,0.00011856847103064119
1558_12,mp-1216351,V1 Ga1 Ni6,1558,201,0.1893091725059044,48,0,na,"(23, 28, 31)",0.20959294,0.00011869084266857881
2166_3,mp-867768,Sc4 Zn4 Pt8,2166,110,0.2499999999999999,48,0,na,"(21, 30, 78)",0.20935923,0.00011857256800146833
2244_9,mp-19791,Ca2 Ge4 Ru4,2244,210,0.125,60,0,na,"(20, 32, 44)",0.20928474,0.00011854443600792143
2308_0,mp-864943,Mn4 Be8 Ir4,2308,111,0.125,64,0,na,"(4, 25, 77)",0.20924017,0.00011914618820345715
2324_1,mp-865162,Mg4 Ge4 Rh8,2324,111,0.375,48,0,na,"(12, 32, 45)",0.20920502,0.00011914036810188379
1960_26,mp-1226048,Co1 Ni1 Te4,1960,120,0.0597122312294967,36,0,na,"(27, 28, 52)",0.20895152,0.00011901018105978781
2541_7,mp-1223832,K2 Si8 Pt8,2541,221,0.1989678751256534,72,0,na,"(14, 19, 78)",0.20894228,0.00011901908281889167
2020_1,mp-867916,Sc4 Ga4 Ir8,2020,111,0.375,48,0,na,"(21, 31, 77)",0.20888703,0.00011900177443068896
2289_3,mp-1228807,Al1 V6 Ga1,2289,221,0.187281521578443,64,0,na,"(13, 23, 31)",0.20866705,0.0001191019069013999
1217_36,mp-12535,K8 Zn4 Te8,1217,112,0.5,60,0,na,"(19, 30, 52)",0.2085983,0.00011907684840927373
1689_8,mp-1217921,Ta1 Ga1 Ni6,1689,210,0.1249999999999999,64,0,na,"(28, 31, 73)",0.2085178,0.00011905924648780486
1113_1,mp-1080561,Ca4 Ga8 Ni4,1113,111,0.1251023489582204,64,0,na,"(20, 28, 31)",0.20847899,0.00011905126095339165
2044_12,mp-1226004,Co1 Ni1 Pt2,2044,201,0.187036642375368,32,0,na,"(27, 28, 78)",0.20820317,0.0001189079109606327
2231_5,mp-862364,Sc8 Os4 Pt4,2231,210,0.0625,64,0,na,"(21, 76, 78)",0.20790051,0.00011877482944548017
1682_1,mp-21467,Ti4 Co8 Sn4,1682,111,0.3750000000000002,48,0,na,"(22, 27, 50)",0.20781042,0.00011873746350095524
2500_0,mp-867928,Sc4 Ga4 Rh8,2500,111,0.125,48,0,na,"(21, 31, 45)",0.20780419,0.00011874800367791009
1873_1,mp-20481,Mn4 Sn4 Pd8,1873,111,0.375,48,0,na,"(25, 46, 50)",0.20772569,0.00011886085139245984
2404_0,mp-862715,Al8 Pd4 Ru4,2404,111,0.125,48,0,na,"(13, 44, 46)",0.20771308,0.00011886776466132697
2469_24,mp-1224327,Hf6 Al9 Au3,2469,10-2,0.123275075125098,54,0,na,"(13, 72, 79)",0.20763591,0.00011897603350856523
1781_5,mp-1187245,Ti4 Mo8 W4,1781,210,0.0625,64,0,na,"(22, 42, 74)",0.20756386,0.00011916335840520543
2594_5,mp-1219193,Si1 Ni6 Ge1,2594,212,0.1214131113338473,64,0,na,"(14, 28, 32)",0.20754363,0.00011916594448411984
1948_3,mp-862291,Be4 Ga4 Rh8,1948,110,0.25,48,0,na,"(4, 31, 45)",0.2074443,0.00011912310729962347
2221_47,mp-13445,Rb8 As8 Pt4,2221,102,0.1249999999999998,80,0,na,"(33, 37, 78)",0.20738904,0.0001191055629440691
1570_0,mp-1184586,Hf8 Co4 Os4,1570,111,0.125,48,0,na,"(27, 72, 76)",0.20728055,0.00011905743647431898
1674_1,mp-865011,Mn8 Nb4 Al4,1674,111,0.375,48,0,na,"(13, 25, 41)",0.20718665,0.00011941053125693166
1692_5,mp-19850,Mn4 Co8 Ge4,1692,210,0.0625,64,0,na,"(25, 27, 32)",0.20685783,0.00011923525616704657
1467_3,mp-865163,Hf4 Be4 Rh8,1467,110,0.2499999999999999,48,0,na,"(4, 45, 72)",0.20684679,0.00011924311056563534
1780_0,mp-972777,Si8 Os4 Ru4,1780,111,0.1250000000000002,48,0,na,"(14, 44, 76)",0.2068109,0.00011926504959243795
2046_5,mp-1078635,Sc3 Ge3 Os3,2046,221,0.04149007865702,63,0,na,"(21, 32, 76)",0.20676365,0.000119252023754866
951_20,mp-1068053,Ca4 Ag2 Pd4,951,121,0.25,60,0,na,"(20, 46, 47)",0.20675929,0.00011926373154325756
2409_0,mp-16349,Li4 Ni8 Ge4,2409,111,0.125,64,0,na,"(3, 28, 32)",0.20666143,0.00011924204825648053
1978_1,mp-865600,Y8 Ir4 Pd4,1978,111,0.375,48,0,na,"(39, 46, 77)",0.20652358,0.00011917672074792105
2361_3,mp-6969,Sc2 Cu4 Si4,2361,221,0.0907693791121619,80,0,na,"(14, 21, 29)",0.20647728,0.00011916420441888952
2448_0,mp-865093,Ti4 Zn4 Ni8,2448,111,0.125,48,0,na,"(22, 28, 30)",0.20634982,0.00011916381716486337
1527_7,mp-1227349,Ba2 Zn2 In6,1527,221,0.2240244995231375,60,0,na,"(30, 49, 56)",0.20621735,0.00011910151038726325
2503_3,mp-30175,Ca2 Al4 Zn4,2503,221,0.0897542452764739,80,0,na,"(13, 20, 30)",0.20609252,0.00011919693386782671
1029_0,mp-1216666,Ti4 Nb4 Cr16,1029,111,0.0625182514566233,72,0,na,"(22, 24, 41)",0.20608935,0.00011920930983140496
1814_43,mp-13090,Y3 Mg3 Al3,1814,2-12,0.1895509293626957,54,0,na,"(12, 13, 39)",0.20608269,0.00011921966954829163
1838_0,mp-865174,Hf4 Cd4 Rh8,1838,111,0.125,48,0,na,"(45, 48, 72)",0.20606871,0.0001192257961217728
1411_77,mp-1217923,Ta1 Ni6 Mo1,1411,012,0.4998143378350052,48,0,na,"(28, 42, 73)",0.20593083,0.00011916022944683008
2613_5,mp-623134,Zr4 In4 Cu8,2613,210,0.0625,64,0,na,"(29, 40, 49)",0.2059263,0.00011917180873859645
1092_23,mp-29752,Ni8 Ge8 Pt16,1092,100,0.0993149436792233,64,0,na,"(28, 32, 78)",0.20589684,0.00011916896149411886
1331_3,mp-1187417,Ti8 Mo4 Pd4,1331,110,0.25,48,0,na,"(22, 42, 46)",0.20572615,0.00011946324928887176
1592_0,mp-867253,Li4 Zn8 Ir4,1592,111,0.125,48,0,na,"(3, 30, 77)",0.20568565,0.0001194540016812157
1980_0,mp-867233,Sc8 Zn4 Ir4,1980,111,0.1250000000000002,48,0,na,"(21, 30, 77)",0.20540453,0.00011939464021354345
1801_3,mp-4990,Mn4 Sn4 Rh8,1801,110,0.2500000000000001,48,0,na,"(25, 45, 50)",0.20520633,0.00011929367634620353
2371_9,mp-14209,Li3 Y3 Ge3,2371,221,0.4234384760051671,72,0,na,"(3, 32, 39)",0.20518482,0.0001192954030118377
2324_0,mp-865162,Mg4 Ge4 Rh8,2324,111,0.125,48,0,na,"(12, 32, 45)",0.20517842,0.00011930591466941976
1646_5,mp-867198,Li4 Ga4 Pd8,1646,210,0.0625,64,0,na,"(3, 31, 46)",0.20505373,0.00011924763762600673
1934_0,mp-972205,V8 Mo4 Os4,1934,111,0.1250000000000002,48,0,na,"(23, 42, 76)",0.20500712,0.00011923475035173093
1568_1,mp-1188066,Zr4 In4 Co8,1568,111,0.3750000000000002,48,0,na,"(27, 40, 49)",0.20490608,0.00011919019581492183
2040_1,mp-865138,Hf8 Mn4 Ir4,2040,111,0.3750000000000002,48,0,na,"(25, 72, 77)",0.2048452,0.00011916898678446547
1479_1,mp-977580,Mg4 Sc8 Al4,1479,111,0.375,48,0,na,"(12, 13, 21)",0.20483084,0.00011917483477832861
2382_1,mp-865529,Ti8 Ni4 Ir4,2382,111,0.3750000000000002,48,0,na,"(22, 28, 77)",0.20482302,0.00011918448873174662
2541_6,mp-1223832,K2 Si8 Pt8,2541,221,0.1248247486563371,72,0,na,"(14, 19, 78)",0.20470613,0.00011913067012531726
2033_47,mp-1224337,Hf2 Sc2 Ge8,2033,112,0.3273215423529608,72,0,na,"(21, 32, 72)",0.2046499,0.00011911213645317334
1588_5,mp-5149,Nb4 Al4 Co8,1588,210,0.0625,64,0,na,"(13, 27, 41)",0.20464723,0.00011912477164232254
1395_0,mp-30551,Ga4 Fe4 Co8,1395,111,0.125,64,0,na,"(26, 27, 31)",0.20456749,0.00011909254200862568
2414_7,mp-1069139,Sr2 Si6 Ni2,2414,221,0.2131087756112915,80,0,na,"(14, 28, 38)",0.20451277,0.00011907486673218959
2480_5,mp-11537,Nb4 Al4 Ru8,2480,210,0.0624999999999999,64,0,na,"(13, 41, 44)",0.20449948,0.00011908130839565726
1450_3,mp-865015,Mn4 Si4 Rh8,1450,110,0.25,48,0,na,"(14, 25, 45)",0.20436573,0.00011901759771705088
1027_6,mp-864955,Mn8 Cr4 Co4,1027,100,0.125,32,0,na,"(24, 25, 27)",0.20436104,0.00011902903292543235
2546_42,mp-1080769,Hf3 Mn3 Ge3,2546,2-12,0.0434645393478696,72,0,na,"(25, 32, 72)",0.20424168,0.00011899271633233626
1500_37,mp-1079688,Hf8 Cu2 Si8,1500,21-2,0.2500000000000001,72,0,na,"(14, 29, 72)",0.20422027,0.0001189944021748173
1945_11,mp-1224834,Ga1 Si1 Ni6,1945,201,0.0647147749462266,48,0,na,"(14, 28, 31)",0.20414522,0.00011896482843374868
2288_0,mp-4922,Mn4 Al4 Ni8,2288,111,0.125,48,0,na,"(13, 25, 28)",0.20410368,0.00011916746110912008
1545_5,mp-865088,Mn4 Ga4 Ir8,1545,210,0.0625,64,0,na,"(25, 31, 77)",0.20410293,0.00011918122574009027
1309_0,mp-867252,Li4 Zn8 Ni4,1309,111,0.1250000000000002,48,0,na,"(3, 28, 30)",0.20394485,0.00011910311340402832
1231_1,mp-7473,Li4 Cu8 Si4,1231,111,0.3750000000000002,64,0,na,"(3, 14, 29)",0.20380503,0.00011903563650444637
2038_0,mp-864944,Mn4 Be8 Pt4,2038,111,0.125,64,0,na,"(4, 25, 78)",0.2037132,0.00011899616648652445
1437_16,mp-8786,Zr4 Ni2 As4,1437,201,0.0208333333333332,60,0,na,"(28, 33, 40)",0.20369348,0.00011899880773112053
1092_53,mp-29752,Ni8 Ge8 Pt16,1092,001,0.2417561745372225,64,0,na,"(28, 32, 78)",0.20364025,0.00011898186918432353
916_5,mp-867840,Be4 Fe4 Rh8,916,210,0.0625,64,0,na,"(4, 26, 45)",0.2035125,0.00011892137756462827
2215_15,mp-1207142,Rb2 Co4 As4,2215,201,0.1020476981425773,60,0,na,"(27, 33, 37)",0.20343271,0.000118888891160426
2546_45,mp-1080769,Hf3 Mn3 Ge3,2546,2-12,0.3110501457485011,72,0,na,"(25, 32, 72)",0.20325026,0.00011908022511274846
2557_46,mp-1079860,Hf3 Ga3 Ni3,2557,102,0.1840370494530878,72,0,na,"(28, 31, 72)",0.2031752,0.00011905042552516362
1284_46,mp-1079845,Mn3 Ni3 As3,1284,2-12,0.3130462415173722,72,0,na,"(25, 28, 33)",0.2030878,0.00011901338212461627
893_5,mp-4653,Y2 Si4 Ir4,893,212,0.0643193378597182,60,0,na,"(14, 39, 77)",0.20302771,0.00011973716353296885
1663_5,mp-865916,Ti4 V4 Re8,1663,210,0.0625,64,0,na,"(22, 23, 75)",0.20297787,0.00011972210519246427
1674_0,mp-865011,Mn8 Nb4 Al4,1674,111,0.125,48,0,na,"(13, 25, 41)",0.2029625,0.0001197273735437041
1688_3,mp-567197,Y2 Sn2 Au2,1688,221,0.0115615908915032,60,0,na,"(39, 50, 79)",0.20290853,0.00011970986924350252
1509_5,mp-862340,Sc8 Ga4 Cu4,1509,210,0.0625,64,0,na,"(21, 29, 31)",0.20279695,0.00011965836471999998
1988_50,mp-1078782,Y4 Co4 Si8,1988,021,0.4999999999999998,48,0,na,"(14, 27, 39)",0.20276327,0.00011965280962364086
1126_16,mp-1079149,Ba8 Zn4 Sb8,1126,210,0.0514102870351553,80,0,na,"(30, 51, 56)",0.2026106,0.00011957702512417071
2289_2,mp-1228807,Al1 V6 Ga1,2289,221,0.0627184784215568,64,0,na,"(13, 23, 31)",0.20228894,0.00011997717237608283
1800_0,mp-865125,Mg4 Ga4 Rh8,1800,111,0.125,48,0,na,"(12, 31, 45)",0.20212795,0.00011989607431575387
2247_5,mp-5159,Li4 Ga8 Pd4,2247,210,0.0625,64,0,na,"(3, 31, 46)",0.20210795,0.00011989858630157569
1851_1,mp-865229,Be8 Ni4 Ir4,1851,111,0.375,64,0,na,"(4, 28, 77)",0.20207222,0.00011989176467779413
1952_5,mp-977438,Mg4 In4 Rh8,1952,210,0.0625,64,0,na,"(12, 45, 49)",0.20205876,0.0001198981535066945
1989_5,mp-13203,Sc2 Cu2 Sn2,1989,221,0.2066370337487306,60,0,na,"(21, 29, 50)",0.20197676,0.00011986386758942592
1612_3,mp-1008903,Mg4 Ag4 Sb4,1612,221,0.0625,72,0,na,"(12, 47, 51)",0.20183297,0.00011981672166679069
1959_0,mp-865791,Cr4 Si4 Ru8,1959,111,0.1250000000000002,48,0,na,"(14, 24, 44)",0.20171207,0.00011975929939961154
1026_33,mp-863757,K8 Sb4 Au4,1026,112,0.2499999999999999,64,0,na,"(19, 51, 79)",0.20165776,0.00011974139493259518
1068_0,mp-865155,Mg4 Al4 Rh8,1068,111,0.125,48,0,na,"(12, 13, 45)",0.201655,0.00011975409560787853
913_1,mp-864715,Hf4 In4 Co8,913,111,0.375,48,0,na,"(27, 49, 72)",0.20163582,0.00011975704684055522
1411_10,mp-1217923,Ta1 Ni6 Mo1,1411,221,0.2476086784046582,64,0,na,"(28, 42, 73)",0.20163544,0.000119771164589095
2487_1,mp-1077351,Zr2 Ga2 Cu2,2487,221,0.0625,60,0,na,"(29, 31, 40)",0.20155026,0.00012035854383376566
2600_5,mp-866156,Y4 Ga4 Rh8,2600,210,0.0625,64,0,na,"(31, 39, 45)",0.20148809,0.00012033590160659484
1927_3,mp-862300,Sc8 Ga4 Os4,1927,110,0.25,48,0,na,"(21, 31, 76)",0.20126885,0.00012021943034227193
1399_3,mp-1077397,Sc4 Cd4 Ni16,1399,111,0.9369547002301388,72,0,na,"(21, 28, 48)",0.201167,0.0001201730416894291
1612_4,mp-1008903,Mg4 Ag4 Sb4,1612,221,0.1875,72,0,na,"(12, 47, 51)",0.20108645,0.00012013936028313085
2518_0,mp-1219296,Sc4 Ga4 Cu4,2518,111,0.0,48,0,na,"(21, 29, 31)",0.20089932,0.0001200419809887994
1779_5,mp-35276,K2 Fe4 As4,1779,212,0.0492876801837418,80,0,na,"(19, 26, 33)",0.20084181,0.00012002202511797364
1655_3,mp-867319,Al8 Co4 Ir4,1655,110,0.25,48,0,na,"(13, 27, 77)",0.20083705,0.00012003358724085746
904_2,mp-4441,Ca2 Cu4 Ge4,904,221,0.0307076253048563,80,0,na,"(20, 29, 32)",0.20078039,0.00012001412918045119
1957_5,mp-1187436,Ti8 Cu4 Re4,1957,210,0.0625,64,0,na,"(22, 29, 75)",0.20075059,0.00012001071956108362
2470_6,mp-862700,Al4 V4 Os8,2470,100,0.125,32,0,na,"(13, 23, 76)",0.20068255,0.00011998444398497233
1287_0,mp-865537,Ti4 Mn4 Co8,1287,111,0.125,48,0,na,"(22, 25, 27)",0.20054637,0.0001199174126656924
1784_2,mp-5288,Y2 Fe4 Si4,1784,221,0.0336135616701903,80,0,na,"(14, 26, 39)",0.20043553,0.00011986550945664404
2221_7,mp-13445,Rb8 As8 Pt4,2221,221,0.2255603374693997,80,0,na,"(33, 37, 78)",0.20034671,0.000119826755948414
2167_3,mp-4897,Sc4 Sn4 Pd8,2167,110,0.2500000000000002,48,0,na,"(21, 46, 50)",0.20023206,0.00011977253608768785
1212_2,mp-978986,Sr2 Ge4 Pd4,1212,221,0.0323498346332445,80,0,na,"(32, 38, 46)",0.20012304,0.00011972166311136415
1471_0,mp-865497,V8 Re4 Os4,1471,111,0.1250000000000002,48,0,na,"(23, 75, 76)",0.20010063,0.00011972258993431002
1570_1,mp-1184586,Hf8 Co4 Os4,1570,111,0.375,48,0,na,"(27, 72, 76)",0.20008714,0.00011972885295502278
1262_0,mp-865247,Ga4 Fe4 Ir8,1262,111,0.125,48,0,na,"(26, 31, 77)",0.1999611,0.00011969315517357694
1379_0,mp-865165,Hf4 Sc4 Co8,1379,111,0.125,48,0,na,"(21, 27, 72)",0.19986342,0.00011964900683141165
2164_0,mp-864684,Hf8 Mo4 Ir4,2164,111,0.125,48,0,na,"(42, 72, 77)",0.1998565,0.0001196591812489306
1847_5,mp-1187459,Ti4 Ga4 Cu8,1847,210,0.0625,64,0,na,"(22, 29, 31)",0.19984123,0.0001196643576497321
1420_1,mp-867802,Sc8 Cu4 Os4,1420,111,0.3750000000000002,48,0,na,"(21, 29, 76)",0.1997934,0.00011965003502694941
1959_3,mp-865791,Cr4 Si4 Ru8,1959,110,0.2499999999999999,48,0,na,"(14, 24, 44)",0.19978814,0.00011966120244409044
1412_0,mp-866086,Mg4 Si4 Ir8,1412,111,0.125,48,0,na,"(12, 14, 77)",0.19970325,0.00011962467281979558
2167_1,mp-4897,Sc4 Sn4 Pd8,2167,111,0.375,48,0,na,"(21, 46, 50)",0.19952737,0.00011953361773305184
1868_2,mp-1222612,Li8 Sn4 Ir4,1868,111,0.625,48,0,na,"(3, 50, 77)",0.19945818,0.00011950645216255973
1084_48,mp-1205741,Ti3 Mn3 As3,1084,102,0.0620489602679179,54,0,na,"(22, 25, 33)",0.19936797,0.00011946667938997276
1801_5,mp-4990,Mn4 Sn4 Rh8,1801,210,0.0625,64,0,na,"(25, 45, 50)",0.19931455,0.00011944893884934756
1171_0,mp-861641,Ti8 Co4 Re4,1171,111,0.1250000000000002,48,0,na,"(22, 27, 75)",0.1992981,0.0001194533489624867
1090_1,mp-3158,Li8 Sb4 Pt4,1090,111,0.375,48,0,na,"(3, 51, 78)",0.19929792,0.00011946751187022957
1942_0,mp-867475,Ta4 Sn4 Ru8,1942,111,0.125,48,0,na,"(44, 50, 73)",0.19919862,0.00011987701416046088
1582_4,mp-1025165,Zr2 V4 Ga8,1582,110,0.4479823103279088,42,0,na,"(23, 31, 40)",0.19918266,0.00011988178055968165
1394_8,mp-5031,Ta2 Si2 As2,1394,212,0.375,48,0,na,"(14, 33, 73)",0.199103,0.00011984820332628029
2233_5,mp-864990,Mn8 Al4 W4,2233,210,0.0625,64,0,na,"(13, 25, 74)",0.19910124,0.00011986150909712501
2595_5,mp-862363,Sc8 Pd4 Pt4,2595,210,0.0625,64,0,na,"(21, 46, 78)",0.19910118,0.00011987584147561629
2516_8,mp-1223845,K2 Si8 Pd8,2516,221,0.1248757493191092,72,0,na,"(14, 19, 46)",0.19898379,0.00011981952617956124
2483_5,mp-15322,Sc3 Cu3 Si3,2483,221,0.0556316708251291,72,0,na,"(14, 21, 29)",0.19888265,0.00011977297513927365
1747_5,mp-866153,Ti4 Al4 Rh8,1747,210,0.0625,64,0,na,"(13, 22, 45)",0.19880283,0.00011973924671592719
1212_9,mp-978986,Sr2 Ge4 Pd4,1212,210,0.125,60,0,na,"(32, 38, 46)",0.19873405,0.00011971215466059418
1735_3,mp-975144,Rb1 Zn4 As3,1735,221,0.0393638668457804,64,0,na,"(30, 33, 37)",0.19868545,0.00011971153977310702
2137_3,mp-1183419,Be8 Ir4 Ru4,2137,110,0.25,48,0,na,"(4, 44, 77)",0.19868402,0.00011972501063788511
2046_29,mp-1078635,Sc3 Ge3 Os3,2046,210,0.4360293678481869,54,0,na,"(21, 32, 76)",0.19866768,0.00011972949893224065
1521_1,mp-977537,Zr4 Cd4 Rh8,1521,111,0.375,48,0,na,"(40, 45, 48)",0.1984598,0.00011963285932047381
1093_1,mp-867781,Ta4 Ga4 Ru8,1093,111,0.375,48,0,na,"(31, 44, 73)",0.19844298,0.00011963703263527823
2323_3,mp-1222608,Li8 Sn4 Pd4,2323,111,0.875,48,0,na,"(3, 46, 50)",0.19844,0.00011964955057413689
2518_14,mp-1219296,Sc4 Ga4 Cu4,2518,11-1,0.0,36,0,na,"(21, 29, 31)",0.19843954,0.00011966359091165587
1772_3,mp-862365,Sc8 Os4 Pd4,1772,110,0.25,48,0,na,"(21, 46, 76)",0.19843479,0.00011967504729868677
1144_3,mp-1185943,Mg4 Ru8 W4,1144,110,0.25,48,0,na,"(12, 44, 74)",0.19842617,0.00011968417182794564
1708_5,mp-1206964,Zr6 Ni1 Sb2,1708,221,0.097582730968341,54,0,na,"(28, 40, 51)",0.19840346,0.00011968479827514038
2449_4,mp-1206681,Sc4 Bi4 Pd4,2449,221,0.1875000000000002,72,0,na,"(21, 46, 83)",0.19828407,0.00011962709505942595
1313_3,mp-10180,Li8 Sb4 Pd4,1313,111,0.875,48,0,na,"(3, 46, 51)",0.19827434,0.00011963553648849172
958_1,mp-977356,Zn4 Ga4 Ir8,958,111,0.375,48,0,na,"(30, 31, 77)",0.19827367,0.00011964944654703414
1358_3,mp-976406,Mg4 Mn4 Pt8,1358,110,0.25,48,0,na,"(12, 25, 78)",0.19824101,0.00011964405301703057
1821_11,mp-1078860,Sr2 Ge2 Au6,1821,211,0.106457657238268,80,0,na,"(32, 38, 79)",0.19818534,0.00011962476699042582
2547_3,mp-1187698,V4 Zn4 Co8,2547,110,0.25,48,0,na,"(23, 27, 30)",0.19816075,0.0001196242344757191
2353_10,mp-20563,Ba2 Co4 As4,2353,210,0.125,60,0,na,"(27, 33, 56)",0.19812323,0.00011961589363581915
1212_3,mp-978986,Sr2 Ge4 Pd4,1212,221,0.0948498346332445,80,0,na,"(32, 38, 46)",0.19812232,0.00011962965383589091
2528_5,mp-865043,Mg4 In4 Pd8,2528,210,0.0624999999999999,64,0,na,"(12, 46, 49)",0.19811472,0.00011963937724286544
2046_24,mp-1078635,Sc3 Ge3 Os3,2046,210,0.0833333333333333,54,0,na,"(21, 32, 76)",0.19794632,0.00011955198539481301
1641_1,mp-1186761,Ta8 Mn4 Re4,1641,111,0.3750000000000002,48,0,na,"(25, 73, 75)",0.19784471,0.00011950490390041272
1602_17,mp-1025167,Hf2 V4 Ga8,1602,101,0.5,42,0,na,"(23, 31, 72)",0.19780794,0.00011949697404977355
1222_1,mp-865803,Ti8 Mo4 Pt4,1222,111,0.3750000000000002,48,0,na,"(22, 42, 78)",0.19776231,0.00011948368662953781
2076_7,mp-11869,Hf4 Sn4 Pd4,2076,210,0.0625,48,0,na,"(46, 50, 72)",0.1977431,0.00011948635703577084
1228_6,mp-863690,Ti8 Mn4 Co4,1228,100,0.125,32,0,na,"(22, 25, 27)",0.19769974,0.00011947443230096049
2487_4,mp-1077351,Zr2 Ga2 Cu2,2487,212,0.2499999999999999,48,0,na,"(29, 31, 40)",0.19758439,0.00011941899119857561
1125_7,mp-1221656,Mn1 Al2 Ni1,1125,211,0.1903507022154453,80,0,na,"(13, 25, 28)",0.19750674,0.00011938631693065111
2594_12,mp-1219193,Si1 Ni6 Ge1,2594,201,0.1892934443330763,48,0,na,"(14, 28, 32)",0.1974837,0.00011938664314138226
2213_5,mp-864878,Zr4 Al4 Au8,2213,210,0.0625,64,0,na,"(13, 40, 79)",0.19744067,0.00011937488158487623
1372_90,mp-30312,Ca8 Si4 Ir8,1372,021,0.25,80,0,na,"(14, 20, 77)",0.19740885,0.0001193698926166535
1886_15,mp-12951,Zr2 Ga2 Au2,1886,210,0.0833333333333332,48,0,na,"(31, 40, 79)",0.1973928,0.00011937443715873811
1640_46,mp-1205957,Hf6 Ni1 Bi2,1640,102,0.0586974329580378,54,0,na,"(28, 72, 83)",0.19733249,0.00011935221194063948
2557_45,mp-1079860,Hf3 Ga3 Ni3,2557,102,0.1485201446422363,72,0,na,"(28, 31, 72)",0.19731764,0.00011935747582384062
1248_5,mp-862368,Sc8 Ni4 Pt4,1248,210,0.0625,64,0,na,"(21, 28, 78)",0.19712894,0.00011927179900787911
1362_46,mp-7829,Mn3 Nb3 Si3,1362,2-12,0.4556608455021944,72,0,na,"(14, 25, 41)",0.197126,0.00011928424742356312
2067_5,mp-867250,Li4 Zn8 Pd4,2067,210,0.0625,64,0,na,"(3, 30, 46)",0.19709556,0.00011928005590093634
1558_8,mp-1216351,V1 Ga1 Ni6,1558,210,0.125,64,0,na,"(23, 28, 31)",0.19694641,0.00011920401062941816
1640_47,mp-1205957,Hf6 Ni1 Bi2,1640,102,0.1420307662913711,54,0,na,"(28, 72, 83)",0.19690023,0.00011919026762743462
1497_66,mp-3618,Sc8 Fe4 Si8,1497,11-2,0.292012612101022,80,0,na,"(14, 21, 26)",0.19679068,0.00011913815347190922
2311_14,mp-10049,Mn3 As3 Ru3,2311,212,0.056810608264695,72,0,na,"(25, 33, 44)",0.19676523,0.0001191369396577823
1036_0,mp-865026,Mn8 V4 Si4,1036,111,0.125,64,0,na,"(14, 23, 25)",0.19662526,0.00011908748302277558
2378_11,mp-1205864,Y4 Cd2 Cu4,2378,211,0.0594285266249998,80,0,na,"(29, 39, 48)",0.19659546,0.00011908361580953462
1806_5,mp-867769,Sc4 Zn4 Rh8,1806,210,0.0625,64,0,na,"(21, 30, 45)",0.19654371,0.00011906644818526363
