slab_id,mp_id,formula,crystal_id,miller_index,shift,num_atom,test,energy,chem_system,weight,normalized_weight,surface_energy,converge
1006_5,mp-864921,Mg4 Zr4 Ir8,1006,210,0.0625,64,0,na,"(12, 40, 77)",0.5609445,0.0002143646442194,0.13574073220451266,True
983_5,mp-864908,Mg4 Ti4 Ir8,983,210,0.0625,64,0,na,"(12, 22, 77)",0.5594355,0.0002138338190775,0.1511443509506608,True
1348_5,mp-865048,Ti4 Zn4 Ir8,1348,210,0.0625,64,0,na,"(22, 30, 77)",0.54488313,0.0002083159912007,0.15023322179543952,True
1697_5,mp-977563,Li4 Nb4 Ir8,1697,210,0.0625,64,0,na,"(3, 41, 77)",0.54411554,0.0002080658748912,0.15645241287943665,True
1790_2,mp-637771,Zr4 In4 Ni16,1790,111,0.4374470651965404,72,0,na,"(28, 40, 49)",0.5341534,0.000204298931735,0.09969846817592519,True
1671_4,mp-567636,V4 Fe4 Sb4,1671,221,0.1875,72,0,na,"(23, 26, 51)",0.52890295,0.0002023321157687,0.1306685548459063,True
1790_3,mp-637771,Zr4 In4 Ni16,1790,111,0.8124470651965404,72,0,na,"(28, 40, 49)",0.52690834,0.0002016098687624,0.11357717349396661,True
903_5,mp-865895,Ga4 Ge4 Ru8,903,210,0.0625,64,0,na,"(31, 32, 44)",0.525974,0.000201292946789,0.11885342893517377,True
2345_5,mp-865925,Li4 Zr4 Ir8,2345,210,0.0625,64,0,na,"(3, 40, 77)",0.52488214,0.0002009155292473,0.13126119818370352,True
1431_5,mp-865680,Ti4 Si4 Os8,1431,210,0.0625,64,0,na,"(14, 22, 76)",0.51863617,0.0001985645779483,,False
1077_38,mp-8608,K3 Cu12 As6,1077,10-2,0.5000000000000002,63,0,na,"(19, 29, 33)",0.51219636,0.0001961379841351,,False
1795_5,mp-1183038,Zr4 Zn4 Ir8,1795,210,0.0625,64,0,na,"(30, 40, 77)",0.5028795,0.0001926080088058,0.13302385772805012,True
2345_3,mp-865925,Li4 Zr4 Ir8,2345,110,0.25,48,0,na,"(3, 40, 77)",0.50231236,0.0001924278515114,0.11967555030031371,True
1348_3,mp-865048,Ti4 Zn4 Ir8,1348,110,0.25,48,0,na,"(22, 30, 77)",0.49929202,0.0001913076203565,,False
1671_3,mp-567636,V4 Fe4 Sb4,1671,221,0.0625,72,0,na,"(23, 26, 51)",0.4968637,0.0001904136182402,,False
2294_5,mp-861954,Li4 Ta4 Ru8,2294,210,0.0624999999999999,64,0,na,"(3, 44, 73)",0.49161017,0.0001884361830177,0.14127389354910472,True
970_5,mp-867107,Be4 Si4 Os8,970,210,0.0624999999999999,64,0,na,"(4, 14, 76)",0.47926435,0.0001837386028647,0.16632455967591217,True
983_3,mp-864908,Mg4 Ti4 Ir8,983,110,0.25,48,0,na,"(12, 22, 77)",0.47819707,0.00018336312387,0.1337488487218816,True
1077_18,mp-8608,K3 Cu12 As6,1077,101,0.4999999999999998,63,0,na,"(19, 29, 33)",0.4764091,0.0001827110350075,0.04327495077921286,True
1863_14,mp-1080693,Cs8 Bi8 Pd4,1863,212,0.0807009359758746,80,0,na,"(46, 55, 83)",0.46709093,0.0001791700938532,,False
900_5,mp-865640,Ti4 Ge4 Ru8,900,210,0.0625,64,0,na,"(22, 32, 44)",0.46615118,0.0001788416608755,0.15605320004082865,True
1636_5,mp-867767,Be4 Si4 Rh8,1636,210,0.0625,64,0,na,"(4, 14, 45)",0.4651587,0.0001784928119967,0.12811569132741465,True
1275_3,mp-15779,Mg6 Si3 Ni9,1275,110,0.2500000000000001,72,0,na,"(12, 14, 28)",0.46464428,0.0001783272465463,0.11201414973809384,True
1051_3,mp-1100405,Sc4 Te4 Rh4,1051,221,0.0625,72,0,na,"(21, 45, 52)",0.46261075,0.0001775784589379,0.08708371524860391,True
2047_5,mp-867958,Ta4 In4 Ru8,2047,210,0.0624999999999999,64,0,na,"(44, 49, 73)",0.4617226,0.0001772690114997,0.1481457541585614,True
1051_4,mp-1100405,Sc4 Te4 Rh4,1051,221,0.1875,72,0,na,"(21, 45, 52)",0.45493525,0.000174694114218,0.07775522251590898,True
975_3,mp-3441,Y2 Si4 Rh4,975,221,0.0929327102455932,80,0,na,"(14, 39, 45)",0.45440212,0.0001745198810915,0.12608754476911468,True
1791_2,mp-1069956,Ca2 Si4 Rh4,1791,221,0.0317346183306863,80,0,na,"(14, 20, 45)",0.45349523,0.0001742019782301,0.12043060655718002,True
975_2,mp-3441,Y2 Si4 Rh4,975,221,0.0304327102455932,80,0,na,"(14, 39, 45)",0.44947731,0.000172688649745,0.1342049016135944,True
2081_5,mp-862610,Li4 Hf4 Ir8,2081,210,0.0625,64,0,na,"(3, 72, 77)",0.4483217,0.000172274415589,0.13987856836234525,True
1790_8,mp-637771,Zr4 In4 Ni16,1790,110,0.1251058696069193,72,0,na,"(28, 40, 49)",0.44756478,0.0001720131910662,0.10884925393218939,True
1014_0,mp-865717,Ti8 Re4 Ir4,1014,111,0.125,48,0,na,"(22, 75, 77)",0.44631907,0.0001715639368788,,False
1094_5,mp-862290,Li4 Fe4 Rh8,1094,210,0.0624999999999999,64,0,na,"(3, 26, 45)",0.44548133,0.0001712712956909,,False
983_1,mp-864908,Mg4 Ti4 Ir8,983,111,0.375,48,0,na,"(12, 22, 77)",0.44461337,0.0001709668785007,0.1658044138627461,True
1667_5,mp-865448,Ti4 Ga4 Ru8,1667,210,0.0625,64,0,na,"(22, 31, 44)",0.4444526,0.0001709342818219,0.1435511155837526,True
1093_5,mp-867781,Ta4 Ga4 Ru8,1093,210,0.0625,64,0,na,"(31, 44, 73)",0.44434026,0.0001709202925484,0.17030329067058636,True
1863_13,mp-1080693,Cs8 Bi8 Pd4,1863,212,0.0262764972835025,80,0,na,"(46, 55, 83)",0.4439186,0.0001707872874766,,False
1074_5,mp-977443,Zr4 Ge4 Ru8,1074,210,0.0625,64,0,na,"(32, 40, 44)",0.44260418,0.0001703106820567,0.13702563364094206,True
1043_5,mp-864906,Mg4 Sn4 Ir8,1043,210,0.0625,64,0,na,"(12, 50, 77)",0.44128448,0.0001698317958225,0.09789991646668353,True
2356_5,mp-867878,Al4 Fe8 Si4,2356,210,0.0625,64,0,na,"(13, 14, 26)",0.43889448,0.0001689406770617,0.14725407911095345,True
1741_5,mp-866075,Mg4 Ta4 Ir8,1741,210,0.0625,64,0,na,"(12, 73, 77)",0.4374162,0.0001684001023894,0.128674632484577,True
1051_7,mp-1100405,Sc4 Te4 Rh4,1051,210,0.0625,48,0,na,"(21, 45, 52)",0.43594468,0.0001678618524159,0.070911805602537,True
2279_5,mp-22503,Zr4 Co8 Sn4,2279,210,0.0625,64,0,na,"(27, 40, 50)",0.4333044,0.0001668732160524,0.11634793446385922,True
2444_5,mp-864798,Hf4 Zn4 Ir8,2444,210,0.0625,64,0,na,"(30, 72, 77)",0.4324578,0.0001665749722657,0.14177031239560733,True
1006_0,mp-864921,Mg4 Zr4 Ir8,1006,111,0.125,48,0,na,"(12, 40, 77)",0.43223995,0.0001665187982252,0.14693405237276466,True
2454_5,mp-865010,Hf4 Ga4 Ru8,2454,210,0.0625,64,0,na,"(31, 44, 72)",0.43134344,0.0001662010967613,0.1364108241012313,True
1940_9,mp-22150,Zr4 In2 Co4,1940,212,0.1128318902779117,80,0,na,"(27, 40, 49)",0.43106607,0.0001661218328572,,False
2464_17,mp-1095148,Ti3 Fe3 As3,2464,212,0.2899667867410708,72,0,na,"(22, 26, 33)",0.43096206,0.0001661093444534,0.09999015602620874,True
1940_8,mp-22150,Zr4 In2 Co4,1940,212,0.0296624052097556,80,0,na,"(27, 40, 49)",0.4307014,0.0001660364562764,,False
1459_3,mp-7361,Sr2 Co4 Ge4,1459,221,0.0977925505846988,80,0,na,"(27, 32, 38)",0.42725822,0.0001647364541168,,False
1901_3,mp-865933,Li4 Si4 Ir8,1901,110,0.25,48,0,na,"(3, 14, 77)",0.42533273,0.0001640210699369,0.12739162634101708,True
1894_3,mp-867904,Al4 Ge4 Ru8,1894,110,0.2499999999999999,48,0,na,"(13, 32, 44)",0.42320526,0.0001632274263715,0.11210036291829852,True
1894_5,mp-867904,Al4 Ge4 Ru8,1894,210,0.0625,64,0,na,"(13, 32, 44)",0.42144677,0.0001625757254065,0.13639495835276674,True
2043_3,mp-861978,Hf8 Re4 Ir4,2043,110,0.25,48,0,na,"(72, 75, 77)",0.42018616,0.0001621157933134,0.15242080686145096,True
1741_3,mp-866075,Mg4 Ta4 Ir8,1741,110,0.25,48,0,na,"(12, 73, 77)",0.4193566,0.0001618219672215,0.09489692627015217,True
2153_5,mp-867120,Ta4 Mn8 Al4,2153,210,0.0625,64,0,na,"(13, 25, 73)",0.41856578,0.0001615429455857,0.1573315553595888,True
2261_3,mp-865170,Ga4 Fe4 Rh8,2261,110,0.25,48,0,na,"(26, 31, 45)",0.41807115,0.000161378115608,0.10222892988413941,True
2500_5,mp-867928,Sc4 Ga4 Rh8,2500,210,0.0625,64,0,na,"(21, 31, 45)",0.41743317,0.000161157858633,0.11348127732918145,True
1791_3,mp-1069956,Ca2 Si4 Rh4,1791,221,0.0942346183306863,80,0,na,"(14, 20, 45)",0.41391748,0.0001598263182231,0.11364839711713978,True
1404_2,mp-15608,Ba2 Mn4 As4,1404,221,0.0362849105514513,80,0,na,"(25, 33, 56)",0.40969858,0.0001583951764706,,False
2594_2,mp-1219193,Si1 Ni6 Ge1,2594,221,0.0642934443330762,80,0,na,"(14, 28, 32)",0.40842977,0.0001579296521503,0.12846005501509958,True
1894_1,mp-867904,Al4 Ge4 Ru8,1894,111,0.3750000000000002,48,0,na,"(13, 32, 44)",0.40588552,0.0001569706441595,0.14609074399689334,True
903_3,mp-865895,Ga4 Ge4 Ru8,903,110,0.25,48,0,na,"(31, 32, 44)",0.40325847,0.0001559791528406,0.095862987406333,True
1404_3,mp-15608,Ba2 Mn4 As4,1404,221,0.0987849105514513,80,0,na,"(25, 33, 56)",0.40252405,0.0001557193703881,0.056951256582765675,True
1173_9,mp-567749,Y2 Si4 Os4,1173,210,0.125,60,0,na,"(14, 39, 76)",0.40215406,0.0001556004670594,0.1541464264825893,True
1898_5,mp-981365,V8 Re4 Ru4,1898,210,0.0625,64,0,na,"(23, 44, 75)",0.4019434,0.0001555796297069,0.1923062793072493,True
962_5,mp-865807,Ti8 Mo4 Ir4,962,210,0.0625,64,0,na,"(22, 42, 77)",0.40176418,0.0001555344572833,0.16840872168008275,True
970_1,mp-867107,Be4 Si4 Os8,970,111,0.3750000000000002,64,0,na,"(4, 14, 76)",0.4016955,0.0001555320598766,0.19236310133998447,True
1862_18,mp-1205902,Li5 Cu2 Ge2,1862,210,0.25,72,0,na,"(3, 29, 32)",0.40163347,0.0001555322327944,0.06233835386604407,True
1795_3,mp-1183038,Zr4 Zn4 Ir8,1795,110,0.25,48,0,na,"(30, 40, 77)",0.40146622,0.0001554916493321,0.11815879598621147,True
1698_3,mp-10755,Ti4 Fe4 Sb4,1698,221,0.0625,72,0,na,"(22, 26, 51)",0.4012878,0.0001554467162514,,False
1813_5,mp-3944,Zr4 Al4 Ni8,1813,210,0.0625,64,0,na,"(13, 28, 40)",0.4012479,0.0001554554252376,0.12322105502873085,True
2043_5,mp-861978,Hf8 Re4 Ir4,2043,210,0.0625,64,0,na,"(72, 75, 77)",0.40088832,0.0001553402616882,0.17511322986582883,True
1697_3,mp-977563,Li4 Nb4 Ir8,1697,110,0.25,48,0,na,"(3, 41, 77)",0.40073478,0.0001553048915583,0.14377935038950374,True
1783_5,mp-867326,Al8 Ru4 Rh4,1783,210,0.0625,64,0,na,"(13, 44, 45)",0.39922354,0.0001547432423977,0.15901531282959216,True
1348_1,mp-865048,Ti4 Zn4 Ir8,1348,111,0.375,48,0,na,"(22, 30, 77)",0.39882427,0.000154612406372,0.16973480724157275,True
2038_5,mp-864944,Mn4 Be8 Pt4,2038,210,0.0625,64,0,na,"(4, 25, 78)",0.398805,0.0001546288434989,0.12920861113399115,True
1940_25,mp-22150,Zr4 In2 Co4,1940,112,0.0413389701363122,80,0,na,"(27, 40, 49)",0.39823925,0.0001544333648475,0.1070860968867907,True
970_0,mp-867107,Be4 Si4 Os8,970,111,0.1250000000000002,64,0,na,"(4, 14, 76)",0.3977912,0.0001542834418622,0.17733653400386973,True
1948_5,mp-862291,Be4 Ga4 Rh8,1948,210,0.0625,64,0,na,"(4, 31, 45)",0.3976065,0.0001542356019087,0.1341439812619621,True
2464_14,mp-1095148,Ti3 Fe3 As3,2464,212,0.0833333333333332,72,0,na,"(22, 26, 33)",0.3972481,0.0001541203457508,,False
2261_5,mp-865170,Ga4 Fe4 Rh8,2261,210,0.0625,64,0,na,"(26, 31, 45)",0.39704743,0.0001540662365524,0.12151369897394465,True
2523_16,mp-1228194,Al6 Co1 Cu3,2523,212,0.0810991417552258,80,0,na,"(13, 27, 29)",0.39597607,0.0001536741929458,0.0893229872893397,True
1404_10,mp-15608,Ba2 Mn4 As4,1404,210,0.125,60,0,na,"(25, 33, 56)",0.39587343,0.0001536579726947,0.06341288151857259,True
1863_44,mp-1080693,Cs8 Bi8 Pd4,1863,102,0.125,80,0,na,"(46, 55, 83)",0.39583293,0.0001536658646355,,False
2450_21,mp-1225227,Fe9 Co9 Si6,2450,101,0.0635303368544053,72,0,na,"(14, 26, 27)",0.39533693,0.0001534969002571,0.15723940266152067,True
913_5,mp-864715,Hf4 In4 Co8,913,210,0.0625,64,0,na,"(27, 49, 72)",0.39440873,0.0001531600189685,,False
1045_5,mp-867821,Ta4 Ti4 Mn8,1045,210,0.0625,64,0,na,"(22, 25, 73)",0.39323783,0.0001527287174516,0.17678104954302845,True
1321_5,mp-861666,Li4 Ru8 W4,1321,210,0.0625,64,0,na,"(3, 44, 74)",0.39241007,0.0001531378065672,0.16382148639768024,True
2476_3,mp-867293,Li4 Co8 Si4,2476,110,0.25,48,0,na,"(3, 14, 27)",0.39173448,0.0001528975723529,0.12506153904489709,True
2046_18,mp-1078635,Sc3 Ge3 Os3,2046,212,0.4166666666666666,72,0,na,"(21, 32, 76)",0.3912356,0.0001527262063644,0.12173469230598577,True
1524_3,mp-1215958,Y4 Fe4 Co4,1524,221,0.0938684325595877,72,0,na,"(26, 27, 39)",0.39110687,0.0001526992753584,,False
1658_5,mp-866183,Ti8 Zn4 Re4,1658,210,0.0625,64,0,na,"(22, 30, 75)",0.3909557,0.0001526635658953,0.14110849104378922,True
1965_5,mp-865506,V4 Si4 Os8,1965,210,0.0625,64,0,na,"(14, 23, 76)",0.3906505,0.0001525676804397,0.1601706371443485,True
2046_48,mp-1078635,Sc3 Ge3 Os3,2046,102,0.25,54,0,na,"(21, 32, 76)",0.3878713,0.000151913004818,0.12449654446312693,True
1753_5,mp-1185981,Mn8 Ir4 Rh4,1753,210,0.0625,64,0,na,"(25, 45, 77)",0.38699368,0.0001515923065243,0.14069164555230462,True
1006_1,mp-864921,Mg4 Zr4 Ir8,1006,111,0.375,48,0,na,"(12, 40, 77)",0.3868641,0.0001515645237496,0.14072746954640097,True
2043_0,mp-861978,Hf8 Re4 Ir4,2043,111,0.125,48,0,na,"(72, 75, 77)",0.3868338,0.0001515756263889,0.18304507200178305,True
2017_3,mp-1223820,Hf6 Al9 Cu3,2017,110,0.2500000000000003,72,0,na,"(13, 29, 72)",0.38403514,0.0001505018214832,0.11512747947844564,True
1366_5,mp-865866,Li4 Zr4 Pt8,1366,210,0.0625,64,0,na,"(3, 40, 78)",0.38387954,0.0001504634875001,0.1015364557117258,True
1518_32,mp-1080614,Cs8 Sb8 Pt4,1518,122,0.0311729488154224,80,0,na,"(51, 55, 78)",0.38383198,0.0001504674859852,,False
1077_17,mp-8608,K3 Cu12 As6,1077,101,0.343739300859066,63,0,na,"(19, 29, 33)",0.3830372,0.000150376511995,0.046719635680504225,True
1213_5,mp-1183688,Cr4 Ga4 Ru8,1213,210,0.0625,64,0,na,"(24, 31, 44)",0.38227436,0.0001500996002179,,False
1059_5,mp-1187713,V4 Ga4 Os8,1059,210,0.0625,64,0,na,"(23, 31, 76)",0.38212037,0.0001500616604117,0.17188255387986923,True
1058_5,mp-865615,Ga4 Si4 Ru8,1058,210,0.0625,64,0,na,"(14, 31, 44)",0.3817936,0.0001499558378969,0.1309322884686878,True
1178_5,mp-865278,Nb4 Al4 Os8,1178,210,0.0625,64,0,na,"(13, 41, 76)",0.38141763,0.0001498306373543,0.18959409931290902,True
1516_11,mp-30147,Zr4 Ti4 As4,1516,210,0.125,72,0,na,"(22, 33, 40)",0.3810484,0.0001497080251798,0.11488955816271261,True
2523_25,mp-1228194,Al6 Co1 Cu3,2523,210,0.0833333333333333,80,0,na,"(13, 27, 29)",0.3798491,0.0001492591840492,0.08830415009211172,True
1173_3,mp-567749,Y2 Si4 Os4,1173,221,0.0943793789732808,80,0,na,"(14, 39, 76)",0.37949112,0.0001491407788138,0.1492564191455128,True
975_9,mp-3441,Y2 Si4 Rh4,975,210,0.125,60,0,na,"(14, 39, 45)",0.37944287,0.0001491440599274,0.13419951772761912,True
2464_19,mp-1095148,Ti3 Fe3 As3,2464,212,0.4400498198883937,72,0,na,"(22, 26, 33)",0.3791312,0.0001490437837106,,False
2455_5,mp-4259,Ca2 Co4 Ge4,2455,212,0.0657774927283227,60,0,na,"(20, 27, 32)",0.37804902,0.0001486405118343,0.09904701644418344,True
1173_2,mp-567749,Y2 Si4 Os4,1173,221,0.0318793789732808,80,0,na,"(14, 39, 76)",0.37785158,0.0001485849685397,0.15551247090507,True
1795_1,mp-1183038,Zr4 Zn4 Ir8,1795,111,0.375,48,0,na,"(30, 40, 77)",0.37634522,0.0001480146058074,0.14787056707844212,True
2375_5,mp-862369,Sc8 Ir4 Ru4,2375,210,0.0625,64,0,na,"(21, 44, 77)",0.37608552,0.0001479343636028,0.1390812290268483,True
1518_15,mp-1080614,Cs8 Sb8 Pt4,1518,212,0.0830643718856595,80,0,na,"(51, 55, 78)",0.37589425,0.0001478810036587,,False
962_3,mp-865807,Ti8 Mo4 Ir4,962,110,0.25,48,0,na,"(22, 42, 77)",0.37575725,0.0001478926088354,0.1515837909333786,True
1712_35,mp-1219656,Rb2 Si8 Pt8,1712,201,0.096478076216476,72,0,na,"(14, 37, 78)",0.37525415,0.0001477164421354,0.08350733715724792,True
1512_0,mp-865020,Hf4 Mg4 Ir8,1512,111,0.1250000000000002,48,0,na,"(12, 72, 77)",0.37509406,0.0001476752377719,0.1454779762548894,True
1152_5,mp-1184055,Ga4 Fe4 Ru8,1152,210,0.0625,64,0,na,"(26, 31, 44)",0.37492883,0.0001476319879987,0.15043923591862624,True
1518_26,mp-1080614,Cs8 Sb8 Pt4,1518,101,0.0334076629515892,40,0,na,"(51, 55, 78)",0.3741494,0.000147346832723,,False
2523_26,mp-1228194,Al6 Co1 Cu3,2523,210,0.2499999999999999,80,0,na,"(13, 27, 29)",0.3740998,0.0001473490107517,0.08454984191836541,True
1563_5,mp-862446,Ta4 Al4 Ru8,1563,210,0.0625,64,0,na,"(13, 44, 73)",0.37397987,0.0001473234811472,0.18673171546269796,True
1209_5,mp-977550,Zr4 Sc4 Os8,1209,210,0.0625,64,0,na,"(21, 40, 76)",0.37367678,0.0001472257734276,0.15747493880424088,True
1843_1,mp-1221618,Mn4 Be16 Al4,1843,111,0.3100741159032838,72,0,na,"(4, 13, 25)",0.3727903,0.0001468981343263,0.1701157771784926,True
1516_18,mp-30147,Zr4 Ti4 As4,1516,112,4.440892098500626e-16,48,0,na,"(22, 33, 40)",0.37200555,0.0001466104401435,,False
2433_8,mp-1217094,Ti9 Nb9 Sn6,2433,110,0.6218926879143303,72,0,na,"(22, 41, 50)",0.3718217,0.0001465594704982,0.11770034958735712,True
2047_3,mp-867958,Ta4 In4 Ru8,2047,110,0.2499999999999999,48,0,na,"(44, 49, 73)",0.37175012,0.0001465527347874,0.12708208634633522,True
2071_1,mp-862719,Li4 Y8 Os4,2071,111,0.375,48,0,na,"(3, 39, 76)",0.37160796,0.0001465181645736,0.06987692210634398,True
2044_7,mp-1226004,Co1 Ni1 Pt2,2044,211,0.187963357624632,80,0,na,"(27, 28, 78)",0.37150267,0.0001464981153036,0.13448108666521388,True
2577_1,mp-865465,V4 Co8 Ge4,2577,111,0.3750000000000002,64,0,na,"(23, 27, 32)",0.37047836,0.0001461155952402,,False
1651_5,mp-865025,Hf4 Ta4 Re8,1651,210,0.0625,64,0,na,"(72, 73, 75)",0.3701417,0.0001460041509919,0.19916373728466932,True
997_5,mp-867156,Sc4 Ga4 Ru8,997,210,0.0625,64,0,na,"(21, 31, 44)",0.36948028,0.0001457645329593,0.1071807509688094,True
2056_2,mp-975359,Rb2 Fe4 As4,2056,221,0.0389794055860442,80,0,na,"(26, 33, 37)",0.36768442,0.0001473077991883,,False
2046_17,mp-1078635,Sc3 Ge3 Os3,2046,212,0.2946079309702926,72,0,na,"(21, 32, 76)",0.36726454,0.0001471612579356,0.11600148034622587,True
1399_0,mp-1077397,Sc4 Cd4 Ni16,1399,111,0.1876817665899538,72,0,na,"(21, 28, 48)",0.36695802,0.0001470600782892,0.11633720884591173,True
1014_5,mp-865717,Ti8 Re4 Ir4,1014,210,0.0625,64,0,na,"(22, 75, 77)",0.3663591,0.0001468416529483,0.1912104059021496,True
1698_4,mp-10755,Ti4 Fe4 Sb4,1698,221,0.1875,72,0,na,"(22, 26, 51)",0.36622262,0.0001468085075332,,False
1554_5,mp-865030,Hf4 Sc4 Ru8,1554,210,0.0625,64,0,na,"(21, 44, 72)",0.36570868,0.0001466240088703,0.15076831290694212,True
900_3,mp-865640,Ti4 Ge4 Ru8,900,110,0.2499999999999999,48,0,na,"(22, 32, 44)",0.36522684,0.0001464522976185,0.1360525448740425,True
1516_16,mp-30147,Zr4 Ti4 As4,1516,201,0.125,72,0,na,"(22, 33, 40)",0.3644033,0.0001461434693899,,False
2470_5,mp-862700,Al4 V4 Os8,2470,210,0.0625,64,0,na,"(13, 23, 76)",0.36435255,0.000146144474229,0.19959159556276754,True
1512_3,mp-865020,Hf4 Mg4 Ir8,1512,110,0.2499999999999999,48,0,na,"(12, 72, 77)",0.36393782,0.0001459994600052,0.12383661961174652,True
2444_3,mp-864798,Hf4 Zn4 Ir8,2444,110,0.25,48,0,na,"(30, 72, 77)",0.36393428,0.0001460193586252,0.1255817173559691,True
1524_2,mp-1215958,Y4 Fe4 Co4,1524,221,0.0313684325595877,72,0,na,"(26, 27, 39)",0.36382186,0.0001459955711438,,False
2356_1,mp-867878,Al4 Fe8 Si4,2356,111,0.375,64,0,na,"(13, 14, 26)",0.36355984,0.0001459117294069,0.153617636762229,True
1534_5,mp-867834,Li4 Hf4 Pt8,1534,210,0.0625,64,0,na,"(3, 72, 78)",0.36353087,0.0001459213941805,,False
1743_5,mp-862705,Al4 Zn4 Ir8,1743,210,0.0624999999999999,64,0,na,"(13, 30, 77)",0.36340225,0.0001458910547021,0.1450649097313007,True
1586_4,mp-31454,Ta4 Sb4 Ru4,1586,221,0.1875,72,0,na,"(44, 51, 73)",0.3633835,0.0001459048135556,0.14515567374716534,True
938_5,mp-1185625,Mg4 Zr4 Pt8,938,210,0.0625,64,0,na,"(12, 40, 78)",0.3633584,0.0001459160253182,0.09909735567899691,True
1012_0,mp-1072255,Sc4 Ni16 Au4,1012,111,0.0623541011643595,72,0,na,"(21, 28, 79)",0.36334065,0.000145930190897,0.11701803310325029,True
1723_2,mp-978853,Sr2 Ge4 Ir4,1723,221,0.0326343492676937,80,0,na,"(32, 38, 77)",0.36313304,0.0001458680940884,0.09881725980005625,True
1045_3,mp-867821,Ta4 Ti4 Mn8,1045,110,0.25,48,0,na,"(22, 25, 73)",0.36307436,0.0001458657998942,0.16577178166097647,True
1743_3,mp-862705,Al4 Zn4 Ir8,1743,110,0.2499999999999999,48,0,na,"(13, 30, 77)",0.36306816,0.0001458845886049,0.12689808836252375,True
988_5,mp-865730,Ti4 Zn4 Au8,988,210,0.0625,64,0,na,"(22, 30, 79)",0.36229855,0.0001455965915467,0.08757287073891988,True
1094_3,mp-862290,Li4 Fe4 Rh8,1094,110,0.2499999999999999,48,0,na,"(3, 26, 45)",0.36163,0.0001453490842924,,False
1760_25,mp-1206088,Y4 Si8 Ni4,1760,101,0.0,64,0,na,"(14, 28, 39)",0.36131978,0.0001452455096087,0.0961057025439501,True
2294_1,mp-861954,Li4 Ta4 Ru8,2294,111,0.3750000000000002,48,0,na,"(3, 44, 73)",0.3609937,0.0001451355102801,0.13471033178527653,True
2433_3,mp-1217094,Ti9 Nb9 Sn6,2433,111,0.2949326047112371,72,0,na,"(22, 41, 50)",0.36057156,0.0001450190077251,,False
2279_3,mp-22503,Zr4 Co8 Sn4,2279,110,0.25,48,0,na,"(27, 40, 50)",0.36045,0.0001449911437337,0.09818306283051315,True
1634_3,mp-5292,Ca2 Si4 Ni4,1634,221,0.095071540923355,80,0,na,"(14, 20, 28)",0.36038402,0.0001449856248863,,False
2356_3,mp-867878,Al4 Fe8 Si4,2356,110,0.25,48,0,na,"(13, 14, 26)",0.3594977,0.0001446500228174,0.12971485573008126,True
2422_6,mp-1217070,Ti2 Re1 Pt1,2422,211,0.0601851296648238,64,0,na,"(22, 75, 78)",0.3587836,0.0001443835776072,0.15932228591914746,True
1354_2,mp-1207011,Sc4 In4 Ni16,1354,111,0.4376477077968916,72,0,na,"(21, 28, 49)",0.3585703,0.0001443185775353,0.10909898155948451,True
1412_5,mp-866086,Mg4 Si4 Ir8,1412,210,0.0625,64,0,na,"(12, 14, 77)",0.35850167,0.0001443117819737,0.09941098837413635,True
1012_3,mp-1072255,Sc4 Ni16 Au4,1012,111,0.6873541011643596,72,0,na,"(21, 28, 79)",0.35745445,0.0001443833091701,0.11131881424900815,True
1524_14,mp-1215958,Y4 Fe4 Co4,1524,122,0.0625,72,0,na,"(26, 27, 39)",0.35689557,0.0001441783828314,,False
2594_3,mp-1219193,Si1 Ni6 Ge1,2594,221,0.1892934443330762,80,0,na,"(14, 28, 32)",0.35656253,0.0001440646126052,0.12871281340690427,True
2028_8,mp-1207117,Fe8 Co4 Si4,2028,210,0.0625,64,0,na,"(14, 26, 27)",0.3562955,0.0001439774645447,0.15595441069863245,True
2455_3,mp-4259,Ca2 Co4 Ge4,2455,221,0.0953887463641613,80,0,na,"(20, 27, 32)",0.35564482,0.0001437352222148,,False
1815_5,mp-865519,Y4 Ta4 Ru8,1815,210,0.0625,64,0,na,"(39, 44, 73)",0.35527334,0.0001436057283449,0.12941593822201897,True
1813_3,mp-3944,Zr4 Al4 Ni8,1813,110,0.2499999999999999,48,0,na,"(13, 28, 40)",0.3547264,0.0001434052424771,0.10098416751334408,True
1796_5,mp-864936,Mn4 Ge4 Ru8,1796,210,0.0625,64,0,na,"(25, 32, 44)",0.3544224,0.0001433028947828,0.14130135852849213,True
940_5,mp-865904,Be4 Si4 Ir8,940,210,0.0625,64,0,na,"(4, 14, 77)",0.35441375,0.0001433199355074,0.12619956805651003,True
1275_12,mp-15779,Mg6 Si3 Ni9,1275,101,0.0626736704652501,54,0,na,"(12, 14, 28)",0.35394132,0.0001431494076242,0.10780287745069239,True
1991_5,mp-865191,Fe4 Ge4 Ru8,1991,210,0.0625,64,0,na,"(26, 32, 44)",0.35374442,0.0001430902559058,0.1409679161865121,True
2444_1,mp-864798,Hf4 Zn4 Ir8,2444,111,0.375,48,0,na,"(30, 72, 77)",0.35317308,0.0001428795925228,0.15354454689727878,True
1862_12,mp-1205902,Li5 Cu2 Ge2,1862,212,0.2499999999999999,72,0,na,"(3, 29, 32)",0.35224825,0.000142525807612,0.06648360335146722,True
1420_5,mp-867802,Sc8 Cu4 Os4,1420,210,0.0625,64,0,na,"(21, 29, 76)",0.35215813,0.0001425096547862,0.11575814944019,True
1121_5,mp-861875,Li4 Hf8 Re4,1121,210,0.0625,64,0,na,"(3, 72, 75)",0.35186487,0.0001424112747244,0.1259545213643369,True
1705_5,mp-862336,Sc8 Ir4 Pd4,1705,210,0.0625,64,0,na,"(21, 46, 77)",0.35186282,0.0001424307287637,0.108197708799146,True
1014_1,mp-865717,Ti8 Re4 Ir4,1014,111,0.375,48,0,na,"(22, 75, 77)",0.35177255,0.0001424144725219,,False
1152_1,mp-1184055,Ga4 Fe4 Ru8,1152,111,0.375,48,0,na,"(26, 31, 44)",0.35119033,0.0001421990130188,,False
1742_3,mp-1206356,Y4 Ga2 Co4,1742,221,0.0697319690804274,80,0,na,"(27, 31, 39)",0.35087082,0.0001420898465921,0.0968822465309052,True
1566_0,mp-862706,Be4 Co8 Ge4,1566,111,0.125,64,0,na,"(4, 27, 32)",0.35050145,0.0001419604363909,0.1439097574284496,True
1723_3,mp-978853,Sr2 Ge4 Ir4,1723,221,0.0951343492676937,80,0,na,"(32, 38, 77)",0.3504306,0.000141951892208,,False
1991_3,mp-865191,Fe4 Ge4 Ru8,1991,110,0.25,48,0,na,"(26, 32, 44)",0.3500881,0.0001418332863345,0.121168240013098,True
1623_5,mp-867788,Ta4 Ga4 Os8,1623,210,0.0625,64,0,na,"(31, 73, 76)",0.34971878,0.0001417037598234,0.17750883375476,True
1586_3,mp-31454,Ta4 Sb4 Ru4,1586,221,0.0625,72,0,na,"(44, 51, 73)",0.34911603,0.0001414795776581,0.13295677599168246,True
2484_5,mp-864669,Nb4 Ge4 Ru8,2484,210,0.0625,64,0,na,"(32, 41, 44)",0.34799924,0.0001410469527934,0.10227256906449243,True
2433_7,mp-1217094,Ti9 Nb9 Sn6,2433,110,0.3732125692800471,72,0,na,"(22, 41, 50)",0.3474809,0.0001408567327432,,False
1566_3,mp-862706,Be4 Co8 Ge4,1566,110,0.25,48,0,na,"(4, 27, 32)",0.34731025,0.0001408073908073,0.11008430167478137,True
2261_1,mp-865170,Ga4 Fe4 Rh8,2261,111,0.375,48,0,na,"(26, 31, 45)",0.34649,0.000140494625681,0.12195150684362023,True
1830_3,mp-1070869,Zr4 Cu16 Ag4,1830,111,0.8127219603949707,72,0,na,"(29, 40, 47)",0.34640586,0.0001404802453472,0.09273264321788403,True
2086_5,mp-862713,Be4 Ge4 Ru8,2086,210,0.0625,64,0,na,"(4, 32, 44)",0.34523234,0.0001400240106754,0.1357596203315774,True
1563_1,mp-862446,Ta4 Al4 Ru8,1563,111,0.3750000000000002,48,0,na,"(13, 44, 73)",0.34501597,0.0001399558495781,,False
1704_5,mp-1186772,Ta8 Cr4 Re4,1704,210,0.0625,64,0,na,"(24, 73, 75)",0.34486893,0.000139915784783,0.2039586449573663,True
1929_22,mp-3129,Sc4 Si12 Ni4,1929,101,0.25,80,0,na,"(14, 21, 28)",0.34425545,0.0001396864359084,0.0924396543460271,True
2594_14,mp-1219193,Si1 Ni6 Ge1,2594,112,0.5,40,0,na,"(14, 28, 32)",0.3436398,0.000139919236832,0.1090422692577044,True
1123_5,mp-977561,Li4 Ta4 Ir8,1123,210,0.0625,64,0,na,"(3, 73, 77)",0.34312144,0.0001397277276635,0.16481567343456527,True
1152_3,mp-1184055,Ga4 Fe4 Ru8,1152,110,0.25,48,0,na,"(26, 31, 44)",0.34271833,0.000139583074703,0.13343485590536985,True
988_3,mp-865730,Ti4 Zn4 Au8,988,110,0.25,48,0,na,"(22, 30, 79)",0.34191826,0.0001392766610995,0.07370458830876707,True
1512_1,mp-865020,Hf4 Mg4 Ir8,1512,111,0.3750000000000002,48,0,na,"(12, 72, 77)",0.34182823,0.0001392593839464,0.15763453923974424,True
903_1,mp-865895,Ga4 Ge4 Ru8,903,111,0.375,48,0,na,"(31, 32, 44)",0.3410268,0.000138952235136,0.12455867386012302,True
2455_2,mp-4259,Ca2 Co4 Ge4,2455,221,0.0328887463641613,80,0,na,"(20, 27, 32)",0.34065968,0.0001388219407793,,False
2362_3,mp-1207056,Y4 Sb4 Pd4,2362,221,0.0625000000000002,72,0,na,"(39, 46, 51)",0.3405187,0.000138783756368,0.08962063991293891,True
1796_0,mp-864936,Mn4 Ge4 Ru8,1796,111,0.125,48,0,na,"(25, 32, 44)",0.3402792,0.0001387053944287,0.14705135391820556,True
1742_2,mp-1206356,Y4 Ga2 Co4,1742,221,0.0182125463828821,80,0,na,"(27, 31, 39)",0.33997262,0.0001385996500992,,False
1926_0,mp-867275,Be4 V4 Os8,1926,111,0.1250000000000002,48,0,na,"(4, 23, 76)",0.3399316,0.0001386021373201,0.21003036826607535,True
1043_3,mp-864906,Mg4 Sn4 Ir8,1043,110,0.25,48,0,na,"(12, 50, 77)",0.3397869,0.0001385623430487,0.07477449295051164,True
1200_5,mp-861507,Sc4 Al4 Ir8,1200,210,0.0624999999999999,64,0,na,"(13, 21, 77)",0.33946005,0.0001384482399811,0.13869596363550918,True
1753_1,mp-1185981,Mn8 Ir4 Rh4,1753,111,0.375,48,0,na,"(25, 45, 77)",0.33930418,0.0001384038304169,0.15260549820516206,True
2291_3,mp-14793,Mg4 Si2 Pt2,2291,221,0.0835675415375298,80,0,na,"(12, 14, 78)",0.3392728,0.0001384101868619,0.06751161795474958,True
2454_0,mp-865010,Hf4 Ga4 Ru8,2454,111,0.125,48,0,na,"(31, 44, 72)",0.33900997,0.0001383221075711,0.15190410863114093,True
2132_0,mp-865538,Ti8 Re4 Pd4,2132,111,0.125,48,0,na,"(22, 46, 75)",0.33811778,0.0001379771634478,0.17307308647321087,True
1949_12,mp-9902,Sc8 Co4 Si8,1949,110,0.4081154523391246,60,0,na,"(14, 21, 27)",0.33724013,0.0001376380079739,0.1227366490929893,True
2482_3,mp-568673,Y2 Si4 Ru4,2482,221,0.0954891386715885,80,0,na,"(14, 39, 44)",0.33706835,0.000137586836482,0.14395831586881416,True
2047_1,mp-867958,Ta4 In4 Ru8,2047,111,0.375,48,0,na,"(44, 49, 73)",0.3369722,0.0001375665166672,0.1585435870287059,True
1160_5,mp-971737,V8 Os4 Ru4,1160,210,0.0625,64,0,na,"(23, 44, 76)",0.33684275,0.0001375325894998,0.1693553423051954,True
1105_5,mp-977407,Hf8 Re4 Rh4,1105,210,0.0625,64,0,na,"(45, 72, 75)",0.3365439,0.0001374294703466,0.1658524797716198,True
1040_4,mp-16763,K3 Y3 Te6,1040,110,0.5,60,0,na,"(19, 39, 52)",0.33653566,0.0001374449944921,0.02782075538808356,True
2577_5,mp-865465,V4 Co8 Ge4,2577,210,0.0625,64,0,na,"(23, 27, 32)",0.3361004,0.0001372860986404,,False
2422_7,mp-1217070,Ti2 Re1 Pt1,2422,211,0.1851851296648238,64,0,na,"(22, 75, 78)",0.3356199,0.0001371086531065,0.15019767587859895,True
2572_5,mp-862730,Li4 Ga4 Rh8,2572,210,0.0625,64,0,na,"(3, 31, 45)",0.33551347,0.0001370839693371,0.10620178539374368,True
1459_10,mp-7361,Sr2 Co4 Ge4,1459,210,0.1249999999999999,60,0,na,"(27, 32, 38)",0.3352211,0.0001369832911241,0.09057260870607127,True
1025_16,mp-7544,Zr3 Si3 Ru3,1025,212,0.1889674875221736,72,0,na,"(14, 40, 44)",0.3349728,0.0001369005799849,0.13966849958293842,True
1195_5,mp-865531,Ti4 Mn8 Al4,1195,210,0.0625,64,0,na,"(13, 22, 25)",0.33488703,0.0001368842660391,0.1418809137069069,True
962_0,mp-865807,Ti8 Mo4 Ir4,962,111,0.1250000000000002,48,0,na,"(22, 42, 77)",0.33475113,0.0001368474495045,0.17181494136517053,True
1671_7,mp-567636,V4 Fe4 Sb4,1671,210,0.0625,48,0,na,"(23, 26, 51)",0.3347368,0.0001368603203354,0.125127159089176,True
1753_3,mp-1185981,Mn8 Ir4 Rh4,1753,110,0.25,48,0,na,"(25, 45, 77)",0.33469492,0.0001368619282669,0.1270732124802565,True
2170_5,mp-862288,Al4 Fe8 W4,2170,210,0.0625,64,0,na,"(13, 26, 74)",0.3346717,0.0001368711657015,0.1730037621957097,True
2207_5,mp-861958,Ti8 Mn4 Be4,2207,210,0.0625,64,0,na,"(4, 22, 25)",0.33436182,0.0001367631525651,0.15362440525369364,True
1791_5,mp-1069956,Ca2 Si4 Rh4,1791,212,0.0615307633386276,60,0,na,"(14, 20, 45)",0.33422604,0.0001367263139438,0.11256885172053309,True
1991_1,mp-865191,Fe4 Ge4 Ru8,1991,111,0.375,48,0,na,"(26, 32, 44)",0.3341441,0.0001367114857101,0.14567134970385645,True
1210_5,mp-862712,Sc8 Co4 Ir4,1210,210,0.0625,64,0,na,"(21, 27, 77)",0.333723,0.0001365578661765,0.12862532840709376,True
2127_5,mp-865805,Ta4 Zn4 Co8,2127,210,0.0624999999999999,64,0,na,"(27, 30, 73)",0.33368185,0.0001365596760899,0.1562775152186224,True
1468_3,mp-3469,Zr2 Ni4 Sb2,1468,221,0.0866428575130102,80,0,na,"(28, 40, 51)",0.3332735,0.0001364111866561,0.10156073562326984,True
1563_0,mp-862446,Ta4 Al4 Ru8,1563,111,0.1250000000000002,48,0,na,"(13, 44, 73)",0.3330462,0.0001363367490258,0.20012245625521646,True
1368_5,mp-30774,Mg4 Ni8 Sn4,1368,210,0.0625,64,0,na,"(12, 28, 50)",0.33292782,0.0001363068722848,0.08186030053541171,True
1740_5,mp-861908,Ta4 Ti4 Ru8,1740,210,0.0625,64,0,na,"(22, 44, 73)",0.33241594,0.0001361158525714,0.1555934902294639,True
1730_7,mp-1228910,Al2 Fe1 Ni1,1730,211,0.1899264682753418,64,0,na,"(13, 26, 28)",0.33212084,0.0001360135302425,0.14043288751192226,True
1135_5,mp-865838,Li4 Si4 Ru8,1135,210,0.0625,64,0,na,"(3, 14, 44)",0.3320167,0.0001359893781578,0.11618004839902035,True
1712_3,mp-1219656,Rb2 Si8 Pt8,1712,111,0.3095535210582092,54,0,na,"(14, 37, 78)",0.33192226,0.0001361412145581,0.08521246930129633,True
1775_5,mp-864903,Mg4 Ta4 Ru8,1775,210,0.0624999999999999,64,0,na,"(12, 44, 73)",0.3318873,0.0001361454103681,0.1519543221977093,True
1949_0,mp-9902,Sc8 Co4 Si8,1949,111,0.0,80,0,na,"(14, 21, 27)",0.33128923,0.0001359185773022,,False
1945_2,mp-1224834,Ga1 Si1 Ni6,1945,221,0.0647147749462268,80,0,na,"(14, 28, 31)",0.33103806,0.000135833991736,0.12715013406929937,True
2212_5,mp-866155,Ti4 Al4 Ru8,2212,210,0.0624999999999999,64,0,na,"(13, 22, 44)",0.33019483,0.000135506397724,0.15628623381843038,True
2577_0,mp-865465,V4 Co8 Ge4,2577,111,0.1250000000000002,64,0,na,"(23, 27, 32)",0.33004424,0.0001354915322669,0.11549330378629621,True
2452_5,mp-977567,Hf8 Cu4 Re4,2452,210,0.0625,64,0,na,"(29, 72, 75)",0.32925415,0.000135185496771,0.14111110228115922,True
2438_1,mp-977436,Zr4 Al4 Ru8,2438,111,0.375,48,0,na,"(13, 40, 44)",0.32901537,0.000135105722575,0.15785455795939826,True
1712_53,mp-1219656,Rb2 Si8 Pt8,1712,001,0.3503215581976882,54,0,na,"(14, 37, 78)",0.32877025,0.0001351770475323,0.061098152689949524,True
1639_0,mp-1215319,Zr4 Al4 Fe16,1639,111,0.3120699719979463,72,0,na,"(13, 26, 40)",0.32725874,0.0001347534275527,0.1509735250211868,True
1468_6,mp-3469,Zr2 Ni4 Sb2,1468,212,0.1666666666666666,64,0,na,"(28, 40, 51)",0.3270306,0.0001346776359451,0.10179984925967484,True
1862_17,mp-1205902,Li5 Cu2 Ge2,1862,210,0.0833333333333333,72,0,na,"(3, 29, 32)",0.32700282,0.0001346843345623,0.061615405182539704,True
1356_5,mp-867771,Ta4 Cu4 Rh8,1356,210,0.0625,64,0,na,"(29, 45, 73)",0.32694647,0.0001346792645849,0.14750415764062316,True
1796_3,mp-864936,Mn4 Ge4 Ru8,1796,110,0.25,48,0,na,"(25, 32, 44)",0.32688174,0.0001346707376713,0.12145954162142009,True
2438_5,mp-977436,Zr4 Al4 Ru8,2438,210,0.0625,64,0,na,"(13, 40, 44)",0.326559,0.0001345558940145,0.14108579148941572,True
2153_3,mp-867120,Ta4 Mn8 Al4,2153,110,0.25,48,0,na,"(13, 25, 73)",0.3260284,0.0001343553430429,0.14692904564670156,True
1876_1,mp-867273,Be8 Cu4 Ir4,1876,111,0.375,64,0,na,"(4, 29, 77)",0.32599163,0.0001343582419819,0.11946426779418344,True
2520_5,mp-865989,Al8 Ir4 Ru4,2520,210,0.0625,64,0,na,"(13, 44, 77)",0.32583702,0.0001343125650951,0.16519339736436683,True
2291_2,mp-14793,Mg4 Si2 Pt2,2291,221,0.0,80,0,na,"(12, 14, 78)",0.32534462,0.0001341276089917,0.06793909954316851,True
1726_39,mp-8147,K8 As8 Pd4,1726,112,0.070683907821774,80,0,na,"(19, 33, 46)",0.32502896,0.0001340154491667,0.038453761581220505,True
2545_12,mp-1215478,Zr6 V3 Co9,2545,101,0.4364648903965928,54,0,na,"(23, 27, 40)",0.32482687,0.000134303593949,0.14764169200252703,True
1250_5,mp-7187,Ti4 Al4 Ni8,1250,210,0.0625,64,0,na,"(13, 22, 28)",0.3246316,0.0001342408862417,,False
1238_1,mp-3433,Y4 Mg4 Ni16,1238,111,0.5631183504594972,72,0,na,"(12, 28, 39)",0.32455507,0.0001342272585245,0.10648193584512007,True
1058_3,mp-865615,Ga4 Si4 Ru8,1058,110,0.25,48,0,na,"(14, 31, 44)",0.32414147,0.0001340742010873,,False
1059_1,mp-1187713,V4 Ga4 Os8,1059,111,0.3750000000000002,48,0,na,"(23, 31, 76)",0.3237307,0.0001339222503624,0.18400308379033833,True
2056_3,mp-975359,Rb2 Fe4 As4,2056,221,0.1014794055860442,80,0,na,"(26, 33, 37)",0.32357195,0.0001338745067833,,False
1741_1,mp-866075,Mg4 Ta4 Ir8,1741,111,0.375,48,0,na,"(12, 73, 77)",0.32333905,0.0001337960587279,0.1432125512655947,True
2454_3,mp-865010,Hf4 Ga4 Ru8,2454,110,0.2500000000000001,48,0,na,"(31, 44, 72)",0.32294053,0.0001336490348875,0.12121515270725257,True
1766_5,mp-864961,Be8 Pd4 Pt4,1766,210,0.0625,64,0,na,"(4, 46, 78)",0.322594,0.0001335234686262,0.11387397023273461,True
2068_11,mp-1018658,Ca2 Co2 Si2,2068,211,0.125,72,0,na,"(14, 20, 27)",0.3225516,0.0001335237475819,0.08787300860604426,True
1303_0,mp-867271,Be8 Co4 Ni4,1303,111,0.125,64,0,na,"(4, 27, 28)",0.3222323,0.0001334375323936,,False
1726_38,mp-8147,K8 As8 Pd4,1726,112,0.0198116144460068,80,0,na,"(19, 33, 46)",0.32192376,0.000133327555791,0.0381050951168143,True
2077_5,mp-1184684,Hf4 Ge4 Ru8,2077,210,0.0625,64,0,na,"(32, 44, 72)",0.3213106,0.0001336516207202,0.14543527729026293,True
2160_0,mp-867274,Be8 Co4 Ir4,2160,111,0.1250000000000002,64,0,na,"(4, 27, 77)",0.32101217,0.0001335453350118,0.17688593018430504,True
1528_19,mp-1025355,Zr1 Ga5 Co1,1528,112,0.25,42,0,na,"(27, 31, 40)",0.3208504,0.0001334958642888,0.05527686374535556,True
950_5,mp-864857,Nb4 Zn4 Co8,950,210,0.0625,64,0,na,"(27, 30, 41)",0.32068413,0.000133444498806,0.14677407777081627,True
1209_3,mp-977550,Zr4 Sc4 Os8,1209,110,0.2500000000000001,48,0,na,"(21, 40, 76)",0.320605,0.0001334293762966,,False
2015_44,mp-1079842,Hf3 Ga3 Rh3,2015,2-12,0.1524545013603742,72,0,na,"(31, 45, 72)",0.32055187,0.0001334250674788,0.11978729372553355,True
1742_4,mp-1206356,Y4 Ga2 Co4,1742,221,0.125,80,0,na,"(27, 31, 39)",0.32042107,0.0001333884212347,0.09767182232759379,True
1636_3,mp-867767,Be4 Si4 Rh8,1636,110,0.25,48,0,na,"(4, 14, 45)",0.32019475,0.0001333119885217,0.10265361081336834,True
1275_25,mp-15779,Mg6 Si3 Ni9,1275,10-2,0.3753473409305006,54,0,na,"(12, 14, 28)",0.32013977,0.0001333068691906,0.1126820294807262,True
2362_4,mp-1207056,Y4 Sb4 Pd4,2362,221,0.1875000000000003,72,0,na,"(39, 46, 51)",0.3200672,0.0001332944199528,0.09010019863257873,True
2450_28,mp-1225227,Fe9 Co9 Si6,2450,101,0.9380280288281112,72,0,na,"(14, 26, 27)",0.3200357,0.0001332990695603,0.15841051844996287,True
2468_5,mp-1186207,Nb8 Re4 Ru4,2468,210,0.0625,64,0,na,"(41, 44, 75)",0.31962907,0.0001331474512596,0.16807584990301994,True
988_1,mp-865730,Ti4 Zn4 Au8,988,111,0.375,48,0,na,"(22, 30, 79)",0.31848592,0.0001326889179948,0.08438944402344192,True
1417_17,mp-11113,Ti4 Te4 As4,1417,201,0.0295451651970868,72,0,na,"(22, 33, 52)",0.31836036,0.0001326542084129,0.06258771075200124,True
1477_5,mp-866165,Y4 Mg4 Rh8,1477,210,0.0625,64,0,na,"(12, 39, 45)",0.31811658,0.0001325702163024,0.0982218297634818,True
1354_3,mp-1207011,Sc4 In4 Ni16,1354,111,0.8126477077968914,72,0,na,"(21, 28, 49)",0.3176969,0.0001324128750886,0.10137747926508646,True
2214_5,mp-864788,Nb4 In4 Ru8,2214,210,0.0625,64,0,na,"(41, 44, 49)",0.31749505,0.0001323462703873,0.14081974151124438,True
2608_0,mp-1185317,Li4 Be8 Pt4,2608,111,0.1250000000000002,64,0,na,"(3, 4, 78)",0.3172413,0.0001322579997846,0.15085908640268997,True
2294_3,mp-861954,Li4 Ta4 Ru8,2294,110,0.2499999999999999,48,0,na,"(3, 44, 73)",0.3171477,0.0001322364672452,0.13035071359506856,True
1759_40,mp-11444,Y4 Ga8 Ni4,1759,112,0.187139821898646,64,0,na,"(28, 31, 39)",0.31706476,0.0001322193691811,0.09210008692021214,True
2084_5,mp-4364,Nb4 Ga4 Co8,2084,210,0.0624999999999999,64,0,na,"(27, 31, 41)",0.31641084,0.0001319641258161,0.14360832022766304,True
938_3,mp-1185625,Mg4 Zr4 Pt8,938,110,0.25,48,0,na,"(12, 40, 78)",0.3161488,0.0001318722403106,0.07886575983386221,True
2184_5,mp-20521,Sc4 In4 Pt8,2184,210,0.0625,64,0,na,"(21, 49, 78)",0.31599063,0.0001318236481935,0.08054373999042473,True
2309_0,mp-865728,Ti8 Re4 Ni4,2309,111,0.1249999999999997,48,0,na,"(22, 28, 75)",0.3150157,0.0001314611541687,0.18563974165995836,True
2160_1,mp-867274,Be8 Co4 Ir4,2160,111,0.3750000000000002,64,0,na,"(4, 27, 77)",0.31474435,0.0001313651848372,0.21040154950226753,True
1716_5,mp-862445,Ta4 Al4 Os8,1716,210,0.0625,64,0,na,"(13, 73, 76)",0.31473896,0.0001313801939906,0.20077569356467723,True
1844_3,mp-568113,Ba2 As4 Rh4,1844,221,0.0984444713913371,80,0,na,"(33, 45, 56)",0.3143394,0.0001312306484056,,False
1426_5,mp-864951,Mn4 Al4 Os8,1426,210,0.0625,64,0,na,"(13, 25, 76)",0.31409502,0.0001311770374522,0.18729075129793374,True
2561_5,mp-862296,Li4 Al4 Pt8,2561,210,0.0625,64,0,na,"(3, 13, 78)",0.3138932,0.0001312166968867,0.09661072876946611,True
1759_38,mp-11444,Y4 Ga8 Ni4,1759,112,0.0,64,0,na,"(28, 31, 39)",0.3133305,0.0001309986607562,0.07736329502658941,True
1546_11,mp-1077453,Hf4 Cu4 Ge4,1546,210,0.1249999999999999,72,0,na,"(29, 32, 72)",0.31312403,0.0001309294904141,0.1150252116703149,True
985_5,mp-865019,Hf4 Ga4 Rh8,985,210,0.0625,64,0,na,"(31, 45, 72)",0.3130537,0.0001309172235963,0.11348255944529283,True
1651_1,mp-865025,Hf4 Ta4 Re8,1651,111,0.375,48,0,na,"(72, 73, 75)",0.31299752,0.0001309108679368,,False
2029_44,mp-14208,Li3 Y3 Si3,2029,2-12,0.201795495039029,54,0,na,"(3, 14, 39)",0.3124576,0.0001307021573244,0.0877926828071677,True
1121_0,mp-861875,Li4 Hf8 Re4,1121,111,0.125,48,0,na,"(3, 72, 75)",0.31241563,0.0001307016841119,,False
1130_5,mp-1185621,Mg4 Zn8 Ir4,1130,210,0.0625,64,0,na,"(12, 30, 77)",0.3121505,0.0001306078354295,0.07629468043658454,True
1012_8,mp-1072255,Sc4 Ni16 Au4,1012,110,0.1247082023287191,72,0,na,"(21, 28, 79)",0.31194052,0.0001305370262206,,False
1050_3,mp-3390,Y2 Cu4 Si4,1050,221,0.0918852401794498,80,0,na,"(14, 29, 39)",0.31190643,0.0001305398009348,0.10029820611294372,True
2345_1,mp-865925,Li4 Zr4 Ir8,2345,111,0.375,48,0,na,"(3, 40, 77)",0.31188244,0.000130546802138,0.13005993948175176,True
1370_42,mp-1095158,Hf3 Ga3 Co3,1370,2-12,0.350625018756469,72,0,na,"(27, 31, 72)",0.31181914,0.00013053734745,0.13159064071986928,True
2404_5,mp-862715,Al8 Pd4 Ru4,2404,210,0.0625,64,0,na,"(13, 44, 46)",0.31147614,0.0001304107802864,0.12508613637513602,True
1074_3,mp-977443,Zr4 Ge4 Ru8,1074,110,0.2499999999999999,48,0,na,"(32, 40, 44)",0.31141987,0.0001304042269275,0.11845679123759148,True
1059_3,mp-1187713,V4 Ga4 Os8,1059,110,0.2499999999999999,48,0,na,"(23, 31, 76)",0.3113544,0.0001303938158676,0.14771772931645277,True
2272_4,mp-924130,Ti4 Ni4 Sn4,2272,221,0.1875000000000002,72,0,na,"(22, 28, 50)",0.3112717,0.0001303761817291,0.12600129579853042,True
2532_1,mp-1186222,Nb4 Ga4 Os8,2532,111,0.3750000000000002,48,0,na,"(31, 41, 76)",0.3111479,0.0001303413214909,0.17749060382942375,True
900_0,mp-865640,Ti4 Ge4 Ru8,900,111,0.1250000000000002,48,0,na,"(22, 32, 44)",0.31099415,0.0001302938975702,0.16609405883764145,True
1366_3,mp-865866,Li4 Zr4 Pt8,1366,110,0.25,48,0,na,"(3, 40, 78)",0.3107608,0.0001302130993852,0.08138703827072348,True
2015_8,mp-1079842,Hf3 Ga3 Rh3,2015,221,0.7499999999999999,63,0,na,"(31, 45, 72)",0.31038716,0.0001300734762965,0.11619925048151186,True
1050_2,mp-3390,Y2 Cu4 Si4,1050,221,0.0293852401794498,80,0,na,"(14, 29, 39)",0.31017354,0.0001300008645515,,False
1723_9,mp-978853,Sr2 Ge4 Ir4,1723,210,0.125,60,0,na,"(32, 38, 77)",0.30994913,0.0001299236993524,0.09374040475893074,True
1058_0,mp-865615,Ga4 Si4 Ru8,1058,111,0.125,48,0,na,"(14, 31, 44)",0.3097124,0.0001298413369312,,False
1730_6,mp-1228910,Al2 Fe1 Ni1,1730,211,0.0649264682753418,64,0,na,"(13, 26, 28)",0.30934978,0.0001297061562581,0.14077884847862668,True
2086_1,mp-862713,Be4 Ge4 Ru8,2086,111,0.3750000000000002,48,0,na,"(4, 32, 44)",0.30914915,0.0001296388497842,0.15073665533195638,True
2576_3,mp-1094088,Nb4 Co4 Sn4,2576,221,0.0625,72,0,na,"(27, 41, 50)",0.3090685,0.0001296218339747,0.14716513403315173,True
2368_5,mp-867125,Al8 Ru4 Pt4,2368,210,0.0625,64,0,na,"(13, 44, 78)",0.30834514,0.0001293352249585,0.1286028735600092,True
1839_3,mp-4822,Y2 Si4 Pd4,1839,221,0.0916468631113467,80,0,na,"(14, 39, 46)",0.30810365,0.0001292506487525,0.09509753505343176,True
2278_42,mp-4022,Zr8 Co4 Si8,2278,201,0.2500000000000001,80,0,na,"(14, 27, 40)",0.30792406,0.0001291920082178,0.14709017162455335,True
2366_7,mp-15987,Hf3 Cu4 Si2,2366,221,0.2930041100518624,72,0,na,"(14, 29, 72)",0.30790985,0.0001292027382596,0.12510389285458934,True
1634_2,mp-5292,Ca2 Si4 Ni4,1634,221,0.032571540923355,80,0,na,"(14, 20, 28)",0.30775312,0.0001291536594416,0.10740874278723656,True
1366_1,mp-865866,Li4 Zr4 Pt8,1366,111,0.375,48,0,na,"(3, 40, 78)",0.30765134,0.0001291276230953,0.07863718275169304,True
1895_4,mp-505297,Nb4 Sb4 Ru4,1895,221,0.1875,72,0,na,"(41, 44, 51)",0.307405,0.000129259808245,0.13685704466380502,True
1897_4,mp-1018135,Li4 Cd4 As4,1897,221,0.1875,72,0,na,"(3, 33, 48)",0.30734012,0.0001292492337792,0.04751323313830524,True
1836_12,mp-21249,Y2 Mn2 Si2,1836,211,0.1249999999999998,72,0,na,"(14, 25, 39)",0.30725676,0.0001292308804432,,False
2375_0,mp-862369,Sc8 Ir4 Ru4,2375,111,0.1250000000000002,48,0,na,"(21, 44, 77)",0.30720842,0.0001292272489969,0.13642144046537674,True
2443_18,mp-8607,Na3 Cu12 Sb6,2443,101,0.4999999999999998,63,0,na,"(11, 29, 51)",0.3070944,0.0001291959821152,0.03633125928488022,True
1290_5,mp-865050,Hf4 Mg4 Rh8,1290,210,0.0625,64,0,na,"(12, 45, 72)",0.30708244,0.0001292076435984,,False
1554_3,mp-865030,Hf4 Sc4 Ru8,1554,110,0.2499999999999999,48,0,na,"(21, 44, 72)",0.30668005,0.0001290550093524,,False
1417_18,mp-11113,Ti4 Te4 As4,1417,201,0.0819227945504934,72,0,na,"(22, 33, 52)",0.30657446,0.000129027227298,0.07135392474401679,True
929_5,mp-865131,Hf8 Os4 Rh4,929,210,0.0625,64,0,na,"(45, 72, 76)",0.3064262,0.0001289814716037,0.14057931467522639,True
1581_56,mp-1079513,K8 As8 Pt4,1581,012,0.0274435481688843,80,0,na,"(19, 33, 78)",0.30621785,0.000128910399597,0.04087228014798171,True
1581_43,mp-1079513,K8 As8 Pt4,1581,102,0.1249999999999998,80,0,na,"(19, 33, 78)",0.30618244,0.0001289121109447,,False
1581_58,mp-1079513,K8 As8 Pt4,1581,012,0.125,80,0,na,"(19, 33, 78)",0.3057897,0.0001287633546267,,False
1935_21,mp-1078231,Sr8 Ga16 Rh16,1935,100,0.1249999999999999,80,0,na,"(31, 38, 45)",0.30514684,0.0001289243247037,0.07007424902777863,True
1200_0,mp-861507,Sc4 Al4 Ir8,1200,111,0.1250000000000002,48,0,na,"(13, 21, 77)",0.30506468,0.000128930761008,0.16399303820736397,True
1121_3,mp-861875,Li4 Hf8 Re4,1121,110,0.25,48,0,na,"(3, 72, 75)",0.30496144,0.0001289037479135,0.11781647113519779,True
1321_0,mp-861666,Li4 Ru8 W4,1321,111,0.125,48,0,na,"(3, 44, 74)",0.30487937,0.0001288856716999,0.191409085938732,True
1916_5,mp-30555,Ta4 Ga4 Co8,1916,210,0.0625,64,0,na,"(27, 31, 73)",0.30475533,0.0001288498415353,0.15016850968302273,True
2468_3,mp-1186207,Nb8 Re4 Ru4,2468,110,0.25,48,0,na,"(41, 44, 75)",0.3044424,0.0001287341228337,0.14496066871515528,True
1218_5,mp-862622,Be4 Ru8 W4,1218,210,0.0624999999999999,64,0,na,"(4, 44, 74)",0.30413163,0.0001286192707606,0.1982217099123144,True
1043_0,mp-864906,Mg4 Sn4 Ir8,1043,111,0.125,48,0,na,"(12, 50, 77)",0.30393115,0.0001285510205858,0.09905313359647822,True
2424_25,mp-1079802,Y4 Ni4 Ge8,2424,101,0.0,64,0,na,"(28, 32, 39)",0.30388847,0.0001285494937793,0.07251024207354548,True
2476_1,mp-867293,Li4 Co8 Si4,2476,111,0.375,64,0,na,"(3, 14, 27)",0.30385947,0.0001285537518533,0.12546211647004157,True
1086_3,mp-865140,Mn4 Ga4 Ru8,1086,110,0.25,48,0,na,"(25, 31, 44)",0.30359232,0.000128601220279,,False
1025_17,mp-7544,Zr3 Si3 Ru3,1025,212,0.2683496698900764,72,0,na,"(14, 40, 44)",0.30357525,0.0001286105289253,0.13845998737217585,True
1239_5,mp-865021,Be8 Ru4 Pt4,1239,210,0.0625,64,0,na,"(4, 44, 78)",0.30251032,0.0001283433071826,0.15073239086503123,True
2114_5,mp-865888,Ti4 Sn4 Ru8,2114,210,0.0625,64,0,na,"(22, 44, 50)",0.302398,0.0001283121221979,0.14408349800875142,True
2435_3,mp-571147,Hf2 Si4 Ni4,2435,221,0.0922271633924225,80,0,na,"(14, 28, 72)",0.3023963,0.0001283278668827,0.13915566885767752,True
1849_5,mp-861953,Al4 Fe4 Rh8,1849,210,0.0625,64,0,na,"(13, 26, 45)",0.3023223,0.0001283129296398,0.13619420916562622,True
2056_5,mp-975359,Rb2 Fe4 As4,2056,212,0.0470411888279118,80,0,na,"(26, 33, 37)",0.30191985,0.0001281585644823,,False
1775_0,mp-864903,Mg4 Ta4 Ru8,1775,111,0.1250000000000002,48,0,na,"(12, 44, 73)",0.3014368,0.0001279952836072,0.17751160862769094,True
1147_5,mp-16497,Sc4 Al4 Cu8,1147,210,0.0625,64,0,na,"(13, 21, 29)",0.3012334,0.0001279252902798,0.10293387730261781,True
2000_1,mp-866284,Al8 Ir4 Os4,2000,111,0.3750000000000002,48,0,na,"(13, 76, 77)",0.30090877,0.0001278037784518,0.18179909284661103,True
1760_3,mp-1206088,Y4 Si8 Ni4,1760,111,0.5,64,0,na,"(14, 28, 39)",0.30040997,0.0001276082339372,0.09417333006474743,True
1025_18,mp-7544,Zr3 Si3 Ru3,1025,212,0.3129513116010903,72,0,na,"(14, 40, 44)",0.30023018,0.0001279309461831,,False
1468_10,mp-3469,Zr2 Ni4 Sb2,1468,210,0.0833333333333332,64,0,na,"(28, 40, 51)",0.30014423,0.0001279106858025,0.10002869279223664,True
2071_5,mp-862719,Li4 Y8 Os4,2071,210,0.0625000000000001,64,0,na,"(3, 39, 76)",0.30001462,0.0001278718068483,0.07843581056341381,True
2532_0,mp-1186222,Nb4 Ga4 Os8,2532,111,0.1250000000000002,48,0,na,"(31, 41, 76)",0.29993466,0.0001278540753418,0.17736724556098157,True
2060_5,mp-865586,V4 Ga4 Ru8,2060,210,0.0625,64,0,na,"(23, 31, 44)",0.29983306,0.0001281508238419,0.16498338262344941,True
1658_0,mp-866183,Ti8 Zn4 Re4,1658,111,0.125,48,0,na,"(22, 30, 75)",0.2996909,0.0001281064805782,0.13306082305278116,True
1760_0,mp-1206088,Y4 Si8 Ni4,1760,111,0.1450473222239522,64,0,na,"(14, 28, 39)",0.2996546,0.0001281073750914,0.09494211817449451,True
1045_1,mp-867821,Ta4 Ti4 Mn8,1045,111,0.375,48,0,na,"(22, 25, 73)",0.29965246,0.0001281228736905,0.1807525674483608,True
2443_32,mp-8607,Na3 Cu12 Sb6,2443,102,0.0235127948489998,63,0,na,"(11, 29, 51)",0.2995382,0.0001280904306767,0.039574410485959326,True
1294_0,mp-864895,Be8 Ni4 Rh4,1294,111,0.1250000000000002,64,0,na,"(4, 28, 45)",0.299403,0.0001280759985252,0.18887440484911056,True
982_2,mp-11808,Sc4 Ni16 Sn4,982,111,0.4375124842427456,72,0,na,"(21, 28, 50)",0.29872638,0.0001278299268897,0.08989230885120435,True
1929_4,mp-3129,Sc4 Si12 Ni4,1929,111,0.4999999999999999,80,0,na,"(14, 21, 28)",0.29807317,0.0001275966669911,0.10031343882416591,True
1605_1,mp-1079890,Al8 Cu4 Ir4,1605,111,0.1597281373996287,48,0,na,"(13, 29, 77)",0.29804164,0.0001275994511574,,False
1417_25,mp-11113,Ti4 Te4 As4,1417,121,0.25,72,0,na,"(22, 33, 52)",0.29803705,0.0001276137695048,0.05768153200111377,True
2240_67,mp-9177,Y4 Al6 Si4,2240,11-2,0.2499999999999999,56,0,na,"(13, 14, 39)",0.29793456,0.0001275861669971,0.06501311482112886,True
2215_2,mp-1207142,Rb2 Co4 As4,2215,221,0.0395476981425773,80,0,na,"(27, 33, 37)",0.29711196,0.0001272501357995,,False
1372_87,mp-30312,Ca8 Si4 Ir8,1372,021,0.0,80,0,na,"(14, 20, 77)",0.2969778,0.0001272088637337,0.0830330427345789,True
2590_5,mp-865130,Hf8 Mo4 Rh4,2590,210,0.0625,64,0,na,"(42, 45, 72)",0.29669502,0.00012713316072,0.15127800358178137,True
2482_2,mp-568673,Y2 Si4 Ru4,2482,221,0.0329891386715885,80,0,na,"(14, 39, 44)",0.29658154,0.0001271006935035,,False
2279_1,mp-22503,Zr4 Co8 Sn4,2279,111,0.375,48,0,na,"(27, 40, 50)",0.29653737,0.0001270979185832,0.12704967978703754,True
2470_3,mp-862700,Al4 V4 Os8,2470,110,0.25,48,0,na,"(13, 23, 76)",0.29644877,0.0001270760951322,0.17561903914618487,True
1658_1,mp-866183,Ti8 Zn4 Re4,1658,111,0.375,48,0,na,"(22, 30, 75)",0.29641333,0.0001270770518337,0.16455950360994795,True
1361_5,mp-1187242,Ta4 Nb4 Re8,1361,210,0.0625,64,0,na,"(41, 73, 75)",0.29634953,0.0001270658469245,0.21378683496182405,True
1634_9,mp-5292,Ca2 Si4 Ni4,1634,210,0.125,60,0,na,"(14, 20, 28)",0.29629853,0.0001270601246467,0.10289193551238814,True
2435_2,mp-571147,Hf2 Si4 Ni4,2435,221,0.0297271633924225,80,0,na,"(14, 28, 72)",0.2962706,0.000127064292378,,False
2375_1,mp-862369,Sc8 Ir4 Ru4,2375,111,0.3750000000000002,48,0,na,"(21, 44, 77)",0.29624104,0.0001270677604844,0.13862743613532844,True
2576_4,mp-1094088,Nb4 Co4 Sn4,2576,221,0.1875,72,0,na,"(27, 41, 50)",0.29623026,0.0001270792842594,0.1463780969899586,True
2240_17,mp-9177,Y4 Al6 Si4,2240,11-1,0.5000000000000001,42,0,na,"(13, 14, 39)",0.29616752,0.0001270685173163,0.0907768862185641,True
2406_5,mp-3909,Zr4 Al4 Co8,2406,210,0.0625,64,0,na,"(13, 27, 40)",0.29602945,0.0001270254203203,0.13929273100971745,True
1929_31,mp-3129,Sc4 Si12 Ni4,1929,121,0.5000000000000001,80,0,na,"(14, 21, 28)",0.29585445,0.0001269664562705,0.0911486966996884,True
2029_46,mp-14208,Li3 Y3 Si3,2029,2-12,0.4625996922304765,54,0,na,"(3, 14, 39)",0.29565755,0.0001268980680881,0.08520281388719764,True
1554_1,mp-865030,Hf4 Sc4 Ru8,1554,111,0.3750000000000002,48,0,na,"(21, 44, 72)",0.29552373,0.0001268567295817,0.15767253687506916,True
2351_0,mp-866071,Mg4 Ta4 Os8,2351,111,0.1250000000000002,48,0,na,"(12, 73, 76)",0.29545966,0.0001268453180295,0.19308289416662439,True
1665_3,mp-977357,Ta8 Re4 Ru4,1665,110,0.25,48,0,na,"(44, 73, 75)",0.2952856,0.0001267866737247,0.15481377773227997,True
1915_5,mp-867280,Be8 Ir4 Pt4,1915,210,0.0624999999999999,64,0,na,"(4, 77, 78)",0.29527834,0.0001267996330048,0.16225668071500035,True
2215_3,mp-1207142,Rb2 Co4 As4,2215,221,0.1020476981425773,80,0,na,"(27, 33, 37)",0.29485482,0.0001267312760817,,False
1926_5,mp-867275,Be4 V4 Os8,1926,210,0.0624999999999999,64,0,na,"(4, 23, 76)",0.29475942,0.0001267063299513,0.19154550804897405,True
1086_5,mp-865140,Mn4 Ga4 Ru8,1086,210,0.0625,64,0,na,"(25, 31, 44)",0.2940859,0.0001264566423713,0.15702976304887165,True
1759_43,mp-11444,Y4 Ga8 Ni4,1759,102,0.125,64,0,na,"(28, 31, 39)",0.2938806,0.0001264072807831,0.08004504985703359,True
2256_5,mp-1184678,Hf8 Fe4 Rh4,2256,210,0.0625,64,0,na,"(26, 45, 72)",0.2937963,0.0001263869969407,0.1319994530661494,True
2443_37,mp-8607,Na3 Cu12 Sb6,2443,10-2,0.3945719171453183,63,0,na,"(11, 29, 51)",0.29370117,0.0001263620438846,0.04871838404814428,True
1074_0,mp-977443,Zr4 Ge4 Ru8,1074,111,0.1250000000000002,48,0,na,"(32, 40, 44)",0.29357532,0.0001263238606994,0.15214608810855845,True
1198_5,mp-13914,Li4 Co8 Ge4,1198,210,0.0625,64,0,na,"(3, 27, 32)",0.29340115,0.0001262648665627,0.11187553407714547,True
2559_45,mp-22780,Ba4 In8 Ir4,2559,112,0.1809809744625355,64,0,na,"(49, 56, 77)",0.29333246,0.0001262512469926,0.052184784236093934,True
2026_3,mp-1078547,Y2 Sn2 Pt4,2026,221,0.0847392976500405,80,0,na,"(39, 50, 78)",0.29332852,0.0001262654923796,0.07836290787263447,True
1875_5,mp-865653,Ti4 Nb4 Re8,1875,210,0.0625,64,0,na,"(22, 41, 75)",0.29260957,0.0001259719207907,0.20120472014625054,True
1925_5,mp-977362,Zn4 Ga4 Rh8,1925,210,0.0625,64,0,na,"(30, 31, 45)",0.2925706,0.0001259710125498,0.11847128949661961,True
1915_3,mp-867280,Be8 Ir4 Pt4,1915,110,0.25,48,0,na,"(4, 77, 78)",0.2921719,0.0001258151948719,0.15151673601073715,True
2160_3,mp-867274,Be8 Co4 Ir4,2160,110,0.25,48,0,na,"(4, 27, 77)",0.29195642,0.0001258947707722,0.15841010587501478,True
2559_43,mp-22780,Ba4 In8 Ir4,2559,112,0.0,64,0,na,"(49, 56, 77)",0.29194912,0.0001259074740257,0.04100335783575404,True
2073_5,mp-861951,Li4 Ta4 Rh8,2073,210,0.0625,64,0,na,"(3, 45, 73)",0.29190183,0.0001259029316179,0.1426474499577984,True
938_0,mp-1185625,Mg4 Zr4 Pt8,938,111,0.125,48,0,na,"(12, 40, 78)",0.29175094,0.000125853695178,0.10312584331841787,True
2520_0,mp-865989,Al8 Ir4 Ru4,2520,111,0.125,48,0,na,"(13, 44, 77)",0.29154983,0.000125782771831,0.1787069812720692,True
2029_15,mp-14208,Li3 Y3 Si3,2029,212,0.0374003077695234,72,0,na,"(3, 14, 39)",0.2914124,0.0001257687439628,0.07912558323149241,True
1780_5,mp-972777,Si8 Os4 Ru4,1780,210,0.0624999999999999,64,0,na,"(14, 44, 76)",0.29135025,0.0001257577374494,0.1426034972531846,True
1935_7,mp-1078231,Sr8 Ga16 Rh16,1935,110,0.090603595859232,80,0,na,"(31, 38, 45)",0.29101822,0.0001256302197724,0.084555431478341,True
2005_5,mp-864983,Mn4 V4 Ru8,2005,210,0.0625,64,0,na,"(23, 25, 44)",0.29066002,0.000125491353226,0.16675190214711108,True
2288_5,mp-4922,Mn4 Al4 Ni8,2288,210,0.0625,64,0,na,"(13, 25, 28)",0.2906549,0.0001255048924644,0.12834306662339168,True
1897_3,mp-1018135,Li4 Cd4 As4,1897,221,0.0625,72,0,na,"(3, 33, 48)",0.2904421,0.0001254287472677,0.041710819362607024,True
1876_3,mp-867273,Be8 Cu4 Ir4,1876,110,0.25,48,0,na,"(4, 29, 77)",0.2902453,0.0001253594819718,0.11701317215897843,True
1928_0,mp-866224,Be8 Ni4 Pt4,1928,111,0.125,64,0,na,"(4, 28, 78)",0.29004398,0.0001252882361725,0.13700993099946804,True
2368_3,mp-867125,Al8 Ru4 Pt4,2368,110,0.25,48,0,na,"(13, 44, 78)",0.28992328,0.0001252517908275,0.10058602926467998,True
1071_5,mp-865921,Mg4 Al4 Ir8,1071,210,0.0625,64,0,na,"(12, 13, 77)",0.28916755,0.0001257597527416,0.14446763210366348,True
948_47,mp-9951,Mn3 Nb3 Ge3,948,2-12,0.3125093948925155,72,0,na,"(25, 32, 41)",0.28912377,0.0001257565278106,0.12816673035668077,True
1836_14,mp-21249,Y2 Mn2 Si2,1836,211,0.375,72,0,na,"(14, 25, 39)",0.28908128,0.0001257538608389,0.10975086009484551,True
1841_5,mp-864835,Hf8 Co4 Ir4,1841,210,0.0625,64,0,na,"(27, 72, 77)",0.28907835,0.0001257684021155,0.12251161411917769,True
2614_2,mp-1091395,Zr3 Ge3 Os3,2614,111,0.2889938560842716,36,0,na,"(32, 40, 76)",0.28907064,0.0001257808670089,0.12998466288569258,True
2559_44,mp-22780,Ba4 In8 Ir4,2559,112,0.1253328732250622,64,0,na,"(49, 56, 77)",0.28904352,0.0001257848878445,0.04869983811418985,True
2017_25,mp-1223820,Hf6 Al9 Cu3,2017,10-2,0.374888954366796,54,0,na,"(13, 29, 72)",0.28891546,0.000125744975986,0.12501075808440795,True
1139_5,mp-977555,Mg4 Nb4 Rh8,1139,210,0.0625,64,0,na,"(12, 41, 45)",0.28881347,0.0001257163949773,0.12124433184539782,True
1586_2,mp-31454,Ta4 Sb4 Ru4,1586,111,0.8749999999999998,36,0,na,"(44, 51, 73)",0.28859112,0.0001256354036154,0.18803983643691896,True
1230_5,mp-9223,Sc3 Ge3 Ru3,1230,221,0.1021530498233291,63,0,na,"(21, 32, 44)",0.28848884,0.0001256066576318,0.12020577234568987,True
1050_9,mp-3390,Y2 Cu4 Si4,1050,210,0.125,60,0,na,"(14, 29, 39)",0.28847638,0.0001256170109404,0.10606116894722202,True
2072_5,mp-31169,Sc4 Al4 Ag8,2072,210,0.0625,64,0,na,"(13, 21, 47)",0.28838938,0.0001255949036555,0.08054300410047675,True
1926_1,mp-867275,Be4 V4 Os8,1926,111,0.3750000000000002,48,0,na,"(4, 23, 76)",0.2882324,0.000125542305616,0.2193549685800884,True
1779_2,mp-35276,K2 Fe4 As4,1779,221,0.037856159908129,80,0,na,"(19, 26, 33)",0.2877799,0.0001259408228994,,False
2424_13,mp-1079802,Y4 Ni4 Ge8,2424,110,0.5,48,0,na,"(28, 32, 39)",0.2872477,0.0001257493069056,0.08685974470152166,True
1667_3,mp-865448,Ti4 Ga4 Ru8,1667,110,0.25,48,0,na,"(22, 31, 44)",0.28713945,0.000125717726888,0.12922218067478283,True
2500_1,mp-867928,Sc4 Ga4 Rh8,2500,111,0.375,48,0,na,"(21, 31, 45)",0.28671324,0.0001255469036344,0.13141778383641156,True
2000_0,mp-866284,Al8 Ir4 Os4,2000,111,0.1250000000000002,48,0,na,"(13, 76, 77)",0.2866518,0.0001255357607182,0.19103760523716212,True
1775_1,mp-864903,Mg4 Ta4 Ru8,1775,111,0.3750000000000002,48,0,na,"(12, 44, 73)",0.28645247,0.0001254642167514,0.15013370393144224,True
2026_11,mp-1078547,Y2 Sn2 Pt4,2026,210,0.0833333333333333,64,0,na,"(39, 50, 78)",0.2863869,0.0001254512371825,0.07685128043474132,True
1259_5,mp-864949,Mn4 Ga4 Rh8,1259,210,0.0625,64,0,na,"(25, 31, 45)",0.2863839,0.0001254656628608,0.12782167839184025,True
2364_5,mp-865924,Li4 Zr4 Au8,2364,210,0.0625,64,0,na,"(3, 40, 79)",0.28627264,0.0001254326570058,0.08340757705114572,True
1533_1,mp-865901,Be4 Co8 Si4,1533,111,0.375,64,0,na,"(4, 14, 27)",0.28605384,0.0001253525113266,0.17260956485411402,True
1830_2,mp-1070869,Zr4 Cu16 Ag4,1830,111,0.4377219603949708,72,0,na,"(29, 40, 47)",0.28600287,0.0001253458880319,0.09957682807562628,True
1949_19,mp-9902,Sc8 Co4 Si8,1949,11-1,1.0,60,0,na,"(14, 21, 27)",0.28581968,0.0001252813052248,0.12087005580595277,True
2608_1,mp-1185317,Li4 Be8 Pt4,2608,111,0.3750000000000002,64,0,na,"(3, 4, 78)",0.28517342,0.0001250136965596,0.08143186471000971,True
2153_1,mp-867120,Ta4 Mn8 Al4,2153,111,0.375,48,0,na,"(13, 25, 73)",0.28513736,0.000125013517058,0.16517096685070767,True
1639_1,mp-1215319,Zr4 Al4 Fe16,1639,111,0.5637900840061614,72,0,na,"(13, 26, 40)",0.2850846,0.0001250060127948,0.1536227927776336,True
2033_68,mp-1224337,Hf2 Sc2 Ge8,2033,012,0.0772588932111139,72,0,na,"(21, 32, 72)",0.28503504,0.0001249999070979,0.07762553837189208,True
2476_0,mp-867293,Li4 Co8 Si4,2476,111,0.125,64,0,na,"(3, 14, 27)",0.2847822,0.0001249316629777,0.17017174953276393,True
2078_3,mp-961693,Zr4 In4 Au4,2078,221,0.0625000000000002,72,0,na,"(40, 49, 79)",0.2847109,0.000124915990203,,False
1651_3,mp-865025,Hf4 Ta4 Re8,1651,110,0.2500000000000001,48,0,na,"(72, 73, 75)",0.28457984,0.0001248740868204,0.17601153343676013,True
2500_3,mp-867928,Sc4 Ga4 Rh8,2500,110,0.25,48,0,na,"(21, 31, 45)",0.2843253,0.000124777975799,0.10167717310621445,True
1209_1,mp-977550,Zr4 Sc4 Os8,1209,111,0.375,48,0,na,"(21, 40, 76)",0.2843158,0.0001247893776292,0.1629247922876332,True
897_2,mp-1206600,K2 As4 Ru4,897,221,0.0375070690036,80,0,na,"(19, 33, 44)",0.28393632,0.0001246383731671,,False
997_3,mp-867156,Sc4 Ga4 Ru8,997,110,0.2499999999999999,48,0,na,"(21, 31, 44)",0.28352183,0.0001244719401554,0.10283051302851837,True
1686_10,mp-1069057,Sr2 Co4 Si4,1686,210,0.125,60,0,na,"(14, 27, 38)",0.28299543,0.0001249860287325,0.10855997192515078,True
1442_3,mp-1008624,Y4 Bi4 Pd4,1442,221,0.0625,72,0,na,"(39, 46, 83)",0.28203782,0.0001245786671566,0.08024694382141272,True
1566_6,mp-862706,Be4 Co8 Ge4,1566,100,0.125,32,0,na,"(4, 27, 32)",0.28200865,0.0001245813026752,0.15330692370552354,True
2249_2,mp-1228829,Al1 V6 Ge1,2249,221,0.062437387774171,64,0,na,"(13, 23, 32)",0.28177452,0.0001244933819899,0.14578927752776955,True
2198_3,mp-961713,Zr4 Sn4 Pt4,2198,221,0.0625000000000002,72,0,na,"(40, 50, 78)",0.28140852,0.000124347156575,0.1212923060868306,True
1815_3,mp-865519,Y4 Ta4 Ru8,1815,110,0.2500000000000002,48,0,na,"(39, 44, 73)",0.2812184,0.0001242786011483,0.10960958805354856,True
1546_19,mp-1077453,Hf4 Cu4 Ge4,1546,112,0.2976338729844133,60,0,na,"(29, 32, 72)",0.28109238,0.0001242383494083,0.12327252382677845,True
1546_15,mp-1077453,Hf4 Cu4 Ge4,1546,201,0.0320200058920283,72,0,na,"(29, 32, 72)",0.28086358,0.000124152647977,,False
1162_5,mp-862600,Be8 Pt4 Rh4,1162,210,0.0625,64,0,na,"(4, 45, 78)",0.28059623,0.0001240498699779,0.15530654520011736,True
2244_2,mp-19791,Ca2 Ge4 Ru4,2244,221,0.0333058348384867,80,0,na,"(20, 32, 44)",0.2805678,0.0001240526899696,,False
1235_3,mp-10527,Y4 Al2 Si4,1235,221,0.0717132525355914,80,0,na,"(13, 14, 39)",0.28051367,0.0001240441444699,0.08738253585771746,True
2578_0,mp-865603,Y8 Ir4 Rh4,2578,111,0.125,48,0,na,"(39, 45, 77)",0.28029612,0.0001239633200086,0.09324844953408871,True
1988_47,mp-1078782,Y4 Co4 Si8,1988,021,0.136304400063743,48,0,na,"(14, 27, 39)",0.28025883,0.0001239621949573,0.1247879328657378,True
1142_5,mp-864971,Mn4 Sn4 Ru8,1142,210,0.0625,64,0,na,"(25, 44, 50)",0.2800868,0.0001239014629055,,False
977_20,mp-1226006,Co3 Si12 Ni3,977,10-1,0.0814169051451152,72,0,na,"(14, 27, 28)",0.28006342,0.0001239064725328,0.11231720403355583,True
2366_5,mp-15987,Hf3 Cu4 Si2,2366,221,0.0389917798962746,72,0,na,"(14, 29, 72)",0.27987203,0.0001238371414359,0.131125880520714,True
1399_1,mp-1077397,Sc4 Cd4 Ni16,1399,111,0.562681766589954,72,0,na,"(21, 28, 48)",0.27977937,0.0001238114739082,0.10591951292051126,True
1230_16,mp-9223,Sc3 Ge3 Ru3,1230,212,0.2096962570920137,72,0,na,"(21, 32, 44)",0.2793084,0.0001237771764917,0.11409834390264585,True
1574_5,mp-865804,Ta4 Zn4 Rh8,1574,210,0.0625,64,0,na,"(30, 45, 73)",0.2792736,0.0001237770754419,0.13203995349372347,True
2132_3,mp-865538,Ti8 Re4 Pd4,2132,110,0.25,48,0,na,"(22, 46, 75)",0.27908745,0.0001237098841993,0.12739143361303454,True
1356_3,mp-867771,Ta4 Cu4 Rh8,1356,110,0.2500000000000001,48,0,na,"(29, 45, 73)",0.27905053,0.000123708822835,0.13511943165357465,True
897_3,mp-1206600,K2 As4 Ru4,897,221,0.1000070690036,80,0,na,"(19, 33, 44)",0.2790338,0.0001237167109316,,False
1105_3,mp-977407,Hf8 Re4 Rh4,1105,110,0.25,48,0,na,"(45, 72, 75)",0.27886462,0.0001236569991258,,False
979_5,mp-867829,Li4 V4 Rh8,979,210,0.0625,64,0,na,"(3, 23, 45)",0.27846768,0.0001237406370556,0.14051824618849298,True
1109_24,mp-1217124,Ti6 Co9 Sn6,1109,101,0.6888194767306309,63,0,na,"(22, 27, 50)",0.2782626,0.000123664809525,0.1372069944727592,True
1975_4,mp-924128,Hf4 Ni4 Sn4,1975,221,0.1875,72,0,na,"(28, 50, 72)",0.27810296,0.0001236091487939,0.13525331227543838,True
2608_3,mp-1185317,Li4 Be8 Pt4,2608,110,0.25,48,0,na,"(3, 4, 78)",0.27808705,0.000123617357471,0.08673307670819484,True
982_1,mp-11808,Sc4 Ni16 Sn4,982,111,0.1874625472717641,72,0,na,"(21, 28, 50)",0.2780524,0.0001240373569677,0.10918569318947301,True
977_21,mp-1226006,Co3 Si12 Ni3,977,10-1,0.1449039171721201,72,0,na,"(14, 27, 28)",0.27801907,0.0001240378740027,0.1037539946736791,True
977_11,mp-1226006,Co3 Si12 Ni3,977,101,0.0615705838387865,72,0,na,"(14, 27, 28)",0.27795646,0.000124025324464,0.12412595086596673,True
1318_5,mp-864909,Hf4 Al4 Ru8,1318,210,0.0625,64,0,na,"(13, 44, 72)",0.27771178,0.0001239315178807,0.1479895617327116,True
1976_5,mp-977440,Li4 Ti4 Pt8,1976,210,0.0625,64,0,na,"(3, 22, 78)",0.2775297,0.0001238656138059,0.10562536562186164,True
1446_11,mp-1216468,V9 Si6 Mo9,1446,110,0.8743607838385072,72,0,na,"(14, 23, 42)",0.2774589,0.0001238493553941,0.16959034738385967,True
933_23,mp-1217076,Ti4 Al2 Ge6,933,210,0.2499317073388484,72,0,na,"(13, 22, 32)",0.2774436,0.0001238578656485,0.10905535198978754,True
1283_1,mp-861882,Li4 Ge4 Ir8,1283,111,0.375,48,0,na,"(3, 32, 77)",0.27731705,0.0001238167061891,0.15332659208563526,True
2272_3,mp-924130,Ti4 Ni4 Sn4,2272,221,0.0625000000000002,72,0,na,"(22, 28, 50)",0.27726802,0.0001238101450056,0.1295270670549887,True
1716_0,mp-862445,Ta4 Al4 Os8,1716,111,0.125,48,0,na,"(13, 73, 76)",0.2770559,0.0001237307449165,0.2107348864562964,True
2214_0,mp-864788,Nb4 In4 Ru8,2214,111,0.125,48,0,na,"(41, 44, 49)",0.27688357,0.0001236690855118,0.15381020807722864,True
1839_2,mp-4822,Y2 Si4 Pd4,1839,221,0.0291468631113467,80,0,na,"(14, 39, 46)",0.27687472,0.0001236804281355,,False
1171_5,mp-861641,Ti8 Co4 Re4,1171,210,0.0624999999999999,64,0,na,"(22, 27, 75)",0.27642295,0.0001235166134585,,False
2520_3,mp-865989,Al8 Ir4 Ru4,2520,110,0.25,48,0,na,"(13, 44, 77)",0.2761526,0.0001234110537927,0.1445416045904119,True
1610_79,mp-1078304,Ca8 Al4 Pd8,1610,021,0.026314492375425,80,0,na,"(13, 20, 46)",0.2761226,0.0001234128774736,0.0774965390940514,True
1574_3,mp-865804,Ta4 Zn4 Rh8,1574,110,0.25,48,0,na,"(30, 45, 73)",0.27601877,0.00012338169759,0.10748692017340356,True
978_3,mp-5396,Mn4 Co8 Sb4,978,110,0.25,48,0,na,"(25, 27, 51)",0.27588764,0.0001233382995477,0.0835515856347844,True
2033_9,mp-1224337,Hf2 Sc2 Ge8,2033,221,0.3746227438502475,72,0,na,"(21, 32, 72)",0.2758635,0.0001233427204032,0.08945938191310296,True
1726_29,mp-8147,K8 As8 Pd4,1726,122,0.125,80,0,na,"(19, 33, 46)",0.2757357,0.0001233007873554,,False
1844_2,mp-568113,Ba2 As4 Rh4,1844,221,0.0359444713913372,80,0,na,"(33, 45, 56)",0.27564815,0.0001232768377357,,False
2438_3,mp-977436,Zr4 Al4 Ru8,2438,110,0.25,48,0,na,"(13, 40, 44)",0.27536532,0.0001231655324501,0.1261689478626302,True
2252_6,mp-1068653,Ca2 Si6 Ir2,2252,221,0.1669897242387534,80,0,na,"(14, 20, 77)",0.27474925,0.0001233872421322,0.0791206538940816,True
2017_0,mp-1223820,Hf6 Al9 Cu3,2017,111,0.0624444771833978,72,0,na,"(13, 29, 72)",0.2746173,0.0001233432036357,0.11834488428183738,True
2484_1,mp-864669,Nb4 Ge4 Ru8,2484,111,0.375,48,0,na,"(32, 41, 44)",0.27459857,0.00012335000552,0.0938500255173779,True
2202_20,mp-1218015,Ta4 Co4 Ni8,2202,210,0.0665109078973262,64,0,na,"(27, 28, 73)",0.27398056,0.0001237233635956,0.17258306869170784,True
2252_4,mp-1068653,Ca2 Si6 Ir2,2252,221,0.0367630169658319,80,0,na,"(14, 20, 77)",0.27370304,0.0001236133357594,0.08640279656315931,True
2366_8,mp-15987,Hf3 Cu4 Si2,2366,221,0.4180041100518623,72,0,na,"(14, 29, 72)",0.2734283,0.0001249455897344,0.13330875503504222,True
1083_16,mp-1079643,Ta3 Mn3 Ge3,1083,212,0.2069428333865383,72,0,na,"(25, 32, 73)",0.2732208,0.0001248902878685,,False
2484_3,mp-864669,Nb4 Ge4 Ru8,2484,110,0.25,48,0,na,"(32, 41, 44)",0.27320582,0.0001248990391293,0.07850124031644172,True
2406_3,mp-3909,Zr4 Al4 Co8,2406,110,0.25,48,0,na,"(13, 27, 40)",0.2729944,0.0001248179758012,0.11761150350877961,True
950_1,mp-864857,Nb4 Zn4 Co8,950,111,0.375,48,0,na,"(27, 30, 41)",0.27286488,0.0001247743309947,0.1436339411930312,True
1685_5,mp-1185418,Li4 Zn4 Pt8,1685,210,0.0625,64,0,na,"(3, 30, 78)",0.2728035,0.0001247618305195,0.09311286704517119,True
2127_3,mp-865805,Ta4 Zn4 Co8,2127,110,0.2499999999999999,48,0,na,"(27, 30, 73)",0.2727175,0.0001247380624975,0.13393311914122036,True
1240_4,mp-1025045,Ti2 Ga2 Pd2,1240,212,0.2500000000000001,48,0,na,"(22, 31, 46)",0.27260607,0.0001247026507764,,False
929_3,mp-865131,Hf8 Os4 Rh4,929,110,0.25,48,0,na,"(45, 72, 76)",0.2725865,0.0001247092501255,0.1131400977829034,True
2546_5,mp-1080769,Hf3 Mn3 Ge3,2546,221,0.0815354606521303,72,0,na,"(25, 32, 72)",0.2724952,0.0001246830291923,,False
1572_22,mp-1228798,Cs2 Ta2 Te6,1572,102,0.0577888496236054,40,0,na,"(52, 55, 73)",0.27155674,0.0001251135331685,,False
1442_4,mp-1008624,Y4 Bi4 Pd4,1442,221,0.1875,72,0,na,"(39, 46, 83)",0.27139097,0.0001250528042452,0.07988470627073646,True
1758_2,mp-4370,Sr2 As4 Pd4,1758,221,0.0313197265828764,80,0,na,"(33, 38, 46)",0.27113944,0.000124952528736,0.05553913726358471,True
963_5,mp-8720,Rb8 Mn4 Te8,963,221,0.051552966811784,80,0,na,"(25, 37, 52)",0.27065754,0.000124769057249,,False
1109_48,mp-1217124,Ti6 Co9 Sn6,1109,102,0.1182361827316424,63,0,na,"(22, 27, 50)",0.27065143,0.0001247818095396,,False
1391_5,mp-1068587,Y2 Si6 Ir2,1391,221,0.1042974880127091,80,0,na,"(14, 39, 77)",0.2705854,0.0001247669355479,,False
978_5,mp-5396,Mn4 Co8 Sb4,978,210,0.0625,64,0,na,"(25, 27, 51)",0.27058506,0.000124782347485,0.09930019467424098,True
1325_2,mp-20649,Y2 Mn4 Ge4,1325,221,0.029777905625087,80,0,na,"(25, 32, 39)",0.2705472,0.0001247804584581,,False
1118_5,mp-1188059,Zr4 Ga4 Ru8,1118,210,0.0625,64,0,na,"(31, 40, 44)",0.27042985,0.0001247419002156,0.1290187389956933,True
2468_0,mp-1186207,Nb8 Re4 Ru4,2468,111,0.125,48,0,na,"(41, 44, 75)",0.27004096,0.0001246018829973,0.16336312532726102,True
1252_0,mp-1215207,Zr4 Sc4 Fe16,1252,111,0.1873845560343208,72,0,na,"(21, 26, 40)",0.26993197,0.0001245671142967,0.1420945940110605,True
1528_6,mp-1025355,Zr1 Ga5 Co1,1528,212,0.125,56,0,na,"(27, 31, 40)",0.2691611,0.0001243172948781,0.0700642006994579,True
2367_0,mp-864992,Mn4 Nb4 Ru8,2367,111,0.125,48,0,na,"(25, 41, 44)",0.2690455,0.0001242793528402,0.16720361536234593,True
2189_5,mp-861903,Li4 Bi4 Rh8,2189,210,0.0625,64,0,na,"(3, 45, 83)",0.2690148,0.0001242806171991,0.06958395815982533,True
1200_3,mp-861507,Sc4 Al4 Ir8,1200,110,0.2499999999999999,48,0,na,"(13, 21, 77)",0.26843253,0.00012402703175,0.12237335121604899,True
1697_0,mp-977563,Li4 Nb4 Ir8,1697,111,0.125,48,0,na,"(3, 41, 77)",0.26841354,0.0001240336411018,0.15573903217911508,True
1420_3,mp-867802,Sc8 Cu4 Os4,1420,110,0.25,48,0,na,"(21, 29, 76)",0.26839197,0.0001240390586415,0.09625815440518999,True
1240_1,mp-1025045,Ti2 Ga2 Pd2,1240,221,0.0625000000000001,60,0,na,"(22, 31, 46)",0.26821443,0.0001242062220624,,False
2491_5,mp-867110,Sc8 Co4 Os4,2491,210,0.0624999999999999,64,0,na,"(21, 27, 76)",0.2680591,0.0001241497111533,,False
2161_5,mp-867748,Sc4 Sn4 Ru8,2161,210,0.0625,64,0,na,"(21, 44, 50)",0.26775187,0.0001240228171086,0.1167789480400778,True
1116_5,mp-862261,Sc8 Zn4 Ru4,1116,210,0.0625,64,0,na,"(21, 30, 44)",0.26763344,0.0001239833370286,0.09677561901742088,True
1935_18,mp-1078231,Sr8 Ga16 Rh16,1935,101,0.0581341757510074,80,0,na,"(31, 38, 45)",0.26748767,0.0001239311733077,0.08732938103850132,True
1901_1,mp-865933,Li4 Si4 Ir8,1901,111,0.375,48,0,na,"(3, 14, 77)",0.26715648,0.0001237930696804,0.1849530150722223,True
1319_16,mp-1087487,Hf6 Ga2 Fe1,1319,212,0.2080350281150996,72,0,na,"(26, 31, 72)",0.26695505,0.000123715047545,0.11910788013951117,True
1758_3,mp-4370,Sr2 As4 Pd4,1758,221,0.0938197265828764,80,0,na,"(33, 38, 46)",0.26691437,0.0001237115001763,0.048254444808858064,True
974_63,mp-1228701,Al8 Ge4 W6,974,102,0.125,72,0,na,"(13, 32, 74)",0.2669022,0.0001237211652632,0.13976000523104667,True
1737_5,mp-866069,Mg4 Sc4 Rh8,1737,210,0.0625,64,0,na,"(12, 21, 45)",0.2666441,0.00012361681833,0.11357123246754916,True
2037_4,mp-5676,Mn4 Sb4 Pt4,2037,221,0.1874999999999999,72,0,na,"(25, 51, 78)",0.26651224,0.0001235709631799,0.07395250861745863,True
1213_3,mp-1183688,Cr4 Ga4 Ru8,1213,110,0.25,48,0,na,"(24, 31, 44)",0.26646635,0.0001235649548806,0.1386873798568781,True
2127_1,mp-865805,Ta4 Zn4 Co8,2127,111,0.3750000000000002,48,0,na,"(27, 30, 73)",0.26646513,0.0001235796592609,0.1640357582370716,True
2278_37,mp-4022,Zr8 Co4 Si8,2278,201,0.0,80,0,na,"(14, 27, 40)",0.26632497,0.0001235299224512,0.13820396501047214,True
1720_3,mp-1228809,Al2 Re2 Si2,1720,221,0.0398189562434403,60,0,na,"(13, 14, 75)",0.26619548,0.0001234851150111,0.14694311027438178,True
2132_5,mp-865538,Ti8 Re4 Pd4,2132,210,0.0625,64,0,na,"(22, 46, 75)",0.26607534,0.0001234446269787,0.1491051063912306,True
2020_5,mp-867916,Sc4 Ga4 Ir8,2020,210,0.0625,64,0,na,"(21, 31, 77)",0.2657956,0.0001233300671195,0.12418992955286827,True
2545_2,mp-1215478,Zr6 V3 Co9,2545,110,0.2500000000000001,72,0,na,"(23, 27, 40)",0.26571164,0.0001233063167688,0.15069981548179903,True
1975_3,mp-924128,Hf4 Ni4 Sn4,1975,221,0.0625,72,0,na,"(28, 50, 72)",0.26545107,0.0001232005878956,0.13386131551638572,True
1186_0,mp-1186766,Ta8 Mo4 Ir4,1186,111,0.125,48,0,na,"(42, 73, 77)",0.26519978,0.0001230991255981,0.17347297070041273,True
2482_5,mp-568673,Y2 Si4 Ru4,2482,212,0.0659782773431771,60,0,na,"(14, 39, 44)",0.26512337,0.000123078808875,0.14419622949113123,True
1843_0,mp-1221618,Mn4 Be16 Al4,1843,111,0.0633086280322392,72,0,na,"(4, 13, 25)",0.26492482,0.0001230017744809,0.14449016659210703,True
1150_8,mp-1222657,Li8 Ge4 Pd4,1150,210,0.0624999999999999,64,0,na,"(3, 32, 46)",0.26463264,0.0001228812330261,0.05954479507656409,True
2593_5,mp-1187939,Zn4 Sn4 Rh8,2593,210,0.0625,64,0,na,"(30, 45, 50)",0.2645615,0.0001228632970115,0.08775494253002793,True
1838_5,mp-865174,Hf4 Cd4 Rh8,1838,210,0.0625,64,0,na,"(45, 48, 72)",0.26411605,0.0001226715002798,0.1112553165272658,True
2078_4,mp-961693,Zr4 In4 Au4,2078,221,0.1875000000000002,72,0,na,"(40, 49, 79)",0.26396418,0.000122616004137,,False
1094_1,mp-862290,Li4 Fe4 Rh8,1094,111,0.3750000000000002,48,0,na,"(3, 26, 45)",0.26386505,0.0001225849873898,0.14204489894509412,True
1605_21,mp-1079890,Al8 Cu4 Ir4,1605,121,0.0,64,0,na,"(13, 29, 77)",0.26354453,0.0001231457852127,0.13269077043087743,True
2184_0,mp-20521,Sc4 In4 Pt8,2184,111,0.125,48,0,na,"(21, 49, 78)",0.26345685,0.0001231199769074,0.07691569677121317,True
2211_4,mp-30460,Y4 Ni4 Bi4,2211,221,0.1875,72,0,na,"(28, 39, 83)",0.2634219,0.0001231188022821,0.08730838893987107,True
929_1,mp-865131,Hf8 Os4 Rh4,929,111,0.375,48,0,na,"(45, 72, 76)",0.26308855,0.0001229781412268,0.15309853779117782,True
948_8,mp-9951,Mn3 Nb3 Ge3,948,221,0.4589946480111635,72,0,na,"(25, 32, 41)",0.26300535,0.0001229543709095,,False
1687_3,mp-865152,Mg4 Al4 Pd8,1687,110,0.25,48,0,na,"(12, 13, 46)",0.2628824,0.0001229120046473,0.07076817209222026,True
1897_7,mp-1018135,Li4 Cd4 As4,1897,210,0.0625,48,0,na,"(3, 33, 48)",0.26258922,0.0001228162331279,0.05011973113737797,True
1639_3,mp-1215319,Zr4 Al4 Fe16,1639,111,0.9370699719979462,72,0,na,"(13, 26, 40)",0.2625888,0.0001228311223444,0.1387383242231152,True
978_1,mp-5396,Mn4 Co8 Sb4,978,111,0.375,48,0,na,"(25, 27, 51)",0.2620747,0.0001227149237407,0.10503813427249688,True
1945_5,mp-1224834,Ga1 Si1 Ni6,1945,212,0.1161409002150932,64,0,na,"(14, 28, 31)",0.26188055,0.0001226637098023,0.12539684563870537,True
1230_41,mp-9223,Sc3 Ge3 Ru3,1230,2-12,0.1868185381206597,72,0,na,"(21, 32, 44)",0.26186812,0.0001226729351617,0.12244414861949919,True
1019_3,mp-569012,Cs2 As4 Rh4,1019,221,0.1020524204471831,80,0,na,"(33, 45, 55)",0.26152176,0.0001225257123314,,False
1287_5,mp-865537,Ti4 Mn4 Co8,1287,210,0.0625,64,0,na,"(22, 25, 27)",0.26147938,0.0001225208688096,0.15199977762402653,True
1116_3,mp-862261,Sc8 Zn4 Ru4,1116,110,0.25,48,0,na,"(21, 30, 44)",0.26090586,0.0001224163088612,0.08637570073269203,True
1239_0,mp-865021,Be8 Ru4 Pt4,1239,111,0.125,64,0,na,"(4, 44, 78)",0.26086086,0.0001224101799879,0.18116573442244685,True
1321_3,mp-861666,Li4 Ru8 W4,1321,110,0.25,48,0,na,"(3, 44, 74)",0.26062733,0.000122706666261,0.147758039575138,True
1198_0,mp-13914,Li4 Co8 Ge4,1198,111,0.125,64,0,na,"(3, 27, 32)",0.26060712,0.0001227122087416,0.13854011707496464,True
2415_1,mp-569151,Mn2 Ga2 Pt2,2415,221,0.0625000000000001,60,0,na,"(25, 31, 78)",0.26024264,0.0001225556249279,,False
2074_3,mp-1187201,Ta8 V4 Re4,2074,110,0.25,48,0,na,"(23, 73, 75)",0.26002705,0.0001224691067728,0.1704791465520779,True
1412_3,mp-866086,Mg4 Si4 Ir8,1412,110,0.25,48,0,na,"(12, 14, 77)",0.25959975,0.0001226853206399,0.07308705352413364,True
2367_1,mp-864992,Mn4 Nb4 Ru8,2367,111,0.375,48,0,na,"(25, 41, 44)",0.25953862,0.0001226714809501,0.1679480950642535,True
1345_13,mp-865747,Y4 Mg2 Ge4,1345,211,0.2191756976951593,80,0,na,"(12, 32, 39)",0.2591656,0.0001225102007612,0.09120150452730577,True
1477_0,mp-866165,Y4 Mg4 Rh8,1477,111,0.125,48,0,na,"(12, 39, 45)",0.25897366,0.0001224849498674,,False
1428_16,mp-22191,Hf3 Fe3 Ge3,1428,212,0.2074162298279607,72,0,na,"(26, 32, 72)",0.25889108,0.0001224608922021,,False
1374_5,mp-867123,Ta4 Ti4 Os8,1374,210,0.0625,64,0,na,"(22, 73, 76)",0.25851864,0.0001222996972273,0.16859233483780564,True
1210_3,mp-862712,Sc8 Co4 Ir4,1210,110,0.25,48,0,na,"(21, 27, 77)",0.2584536,0.0001223041231039,0.11154940204840492,True
1945_3,mp-1224834,Ga1 Si1 Ni6,1945,221,0.1897147749462268,80,0,na,"(14, 28, 31)",0.25826088,0.00012222787408,0.12773797995452604,True
1477_3,mp-866165,Y4 Mg4 Rh8,1477,110,0.25,48,0,na,"(12, 39, 45)",0.2581906,0.0001222095498745,0.08424729338723852,True
1459_6,mp-7361,Sr2 Co4 Ge4,1459,212,0.125,60,0,na,"(27, 32, 38)",0.25805363,0.0001221596468374,0.08684766494486115,True
2424_1,mp-1079802,Y4 Ni4 Ge8,2424,111,0.3244559930322204,64,0,na,"(28, 32, 39)",0.25757012,0.0001219731587929,,False
2519_4,mp-1093991,Zr4 As4 Ir4,2519,221,0.1875000000000001,72,0,na,"(33, 40, 77)",0.2573314,0.0001220100248404,0.11672343348019815,True
2586_49,mp-12962,Zr6 Fe1 Sb2,2586,102,0.2500000000000002,54,0,na,"(26, 40, 51)",0.25729057,0.0001220286542641,0.10124471583255033,True
2086_3,mp-862713,Be4 Ge4 Ru8,2086,110,0.2499999999999999,48,0,na,"(4, 32, 44)",0.2571082,0.0001219570414484,0.1197770531401527,True
1424_83,mp-1078362,Ca8 Al4 Pt8,1424,021,0.25,80,0,na,"(13, 20, 78)",0.25708324,0.0001219600757792,0.08041952932256254,True
997_0,mp-867156,Sc4 Ga4 Ru8,997,111,0.1250000000000002,48,0,na,"(21, 31, 44)",0.2570743,0.0001219707102077,0.1350344684267449,True
2610_47,mp-1205560,Rb8 As8 Pd4,2610,102,0.1250000000000001,80,0,na,"(33, 37, 46)",0.2569756,0.0001219387542548,,False
1254_15,mp-1224393,Hf6 Al2 Fe1,1254,212,0.2915110813468461,72,0,na,"(13, 26, 72)",0.2569633,0.0001219477878827,0.12203037909083708,True
914_5,mp-867835,Be4 Si4 Ru8,914,210,0.0625,64,0,na,"(4, 14, 44)",0.25695485,0.0001219586503303,0.1603623447745822,True
2064_5,mp-861640,Ti8 Al4 Re4,2064,210,0.0625,64,0,na,"(13, 22, 75)",0.25694692,0.0001219697617767,0.14188883055213047,True
2546_7,mp-1080769,Hf3 Mn3 Ge3,2546,221,0.3369290786957394,72,0,na,"(25, 32, 72)",0.25692368,0.0001219736071065,0.1338042661877922,True
2170_1,mp-862288,Al4 Fe8 W4,2170,111,0.3750000000000002,48,0,na,"(13, 26, 74)",0.25690144,0.000121977926833,0.15911170248135412,True
2081_1,mp-862610,Li4 Hf4 Ir8,2081,111,0.3750000000000002,48,0,na,"(3, 72, 77)",0.25664902,0.0001218729425224,0.1627958030272723,True
2610_46,mp-1205560,Rb8 As8 Pd4,2610,102,0.044233350031675,80,0,na,"(33, 37, 46)",0.2564209,0.0001218275658064,0.033955841951050635,True
1664_48,mp-1206135,Hf6 Fe1 Sb2,1664,102,0.25,54,0,na,"(26, 51, 72)",0.25629947,0.0001217847102029,0.10754191685168267,True
2051_1,mp-865441,Ti4 Al4 Pd8,2051,111,0.375,48,0,na,"(13, 22, 46)",0.25625128,0.0001217766425022,0.10722843726873621,True
1290_3,mp-865050,Hf4 Mg4 Rh8,1290,110,0.2499999999999999,48,0,na,"(12, 45, 72)",0.25622383,0.0001217784273838,0.10827491589553262,True
1507_12,mp-12781,Sc4 Al8 Ni4,1507,110,0.5,48,0,na,"(13, 21, 28)",0.25604352,0.000121707550744,0.1194075617456558,True
2214_1,mp-864788,Nb4 In4 Ru8,2214,111,0.375,48,0,na,"(41, 44, 49)",0.2560043,0.0001217037201978,0.15654086978238083,True
1319_14,mp-1087487,Hf6 Ga2 Fe1,1319,212,0.0481499469745134,72,0,na,"(26, 31, 72)",0.25599614,0.0001217146540831,,False
982_3,mp-11808,Sc4 Ni16 Sn4,982,111,0.8125124842427454,72,0,na,"(21, 28, 50)",0.25592804,0.0001216970879141,0.10184373632364008,True
1898_3,mp-981365,V8 Re4 Ru4,1898,110,0.25,48,0,na,"(23, 44, 75)",0.25572434,0.0001216150261282,0.1719747916464661,True
2405_3,mp-7878,Ca2 Ag4 Ge4,2405,221,0.0900682190705275,80,0,na,"(20, 32, 47)",0.2555777,0.000121560071959,0.04844819634175771,True
1664_16,mp-1206135,Hf6 Fe1 Sb2,1664,212,0.4166666666666668,72,0,na,"(26, 51, 72)",0.2555606,0.0001215667163682,0.11086442338208297,True
2184_3,mp-20521,Sc4 In4 Pt8,2184,110,0.25,48,0,na,"(21, 49, 78)",0.2554989,0.0001215521432087,0.06213987400141152,True
1420_0,mp-867802,Sc8 Cu4 Os4,1420,111,0.1250000000000002,48,0,na,"(21, 29, 76)",0.2554426,0.0001215401322686,,False
2211_3,mp-30460,Y4 Ni4 Bi4,2211,221,0.0625,72,0,na,"(28, 39, 83)",0.25523606,0.0001214566219513,0.08551598150900118,True
1794_2,mp-3854,Y2 Mn4 Si4,1794,221,0.0300703057674703,80,0,na,"(14, 25, 39)",0.25491408,0.000121318139452,,False
1304_5,mp-977572,Hf8 Mn4 Rh4,1304,210,0.0625,64,0,na,"(25, 45, 72)",0.25489438,0.0001213234826112,0.1497277839347573,True
2610_45,mp-1205560,Rb8 As8 Pd4,2610,112,0.2500000000000001,80,0,na,"(33, 37, 46)",0.2548862,0.0001213343098325,,False
1664_40,mp-1206135,Hf6 Fe1 Sb2,1664,2-12,0.059836301046392,72,0,na,"(26, 51, 72)",0.25478038,0.0001212986536809,0.11465803308625332,True
2249_3,mp-1228829,Al1 V6 Ge1,2249,221,0.1875626122258289,64,0,na,"(13, 23, 32)",0.2547803,0.0001213133307373,0.14709226781089435,True
2123_28,mp-1025315,Mn2 Al4 Te8,2123,201,0.1012510058965502,56,0,na,"(13, 25, 52)",0.25470316,0.0001215394225134,,False
1105_0,mp-977407,Hf8 Re4 Rh4,1105,111,0.125,48,0,na,"(45, 72, 75)",0.2546015,0.0001215056800575,0.15623342252646008,True
913_3,mp-864715,Hf4 In4 Co8,913,110,0.25,48,0,na,"(27, 49, 72)",0.25453267,0.0001214875931528,0.10668913197329685,True
1447_32,mp-541449,Cr6 Ge6 Te18,1447,101,0.5,60,0,na,"(24, 32, 52)",0.25438032,0.0001214296292001,0.029324575444233975,True
2026_2,mp-1078547,Y2 Sn2 Pt4,2026,221,0.0222392976500405,80,0,na,"(39, 50, 78)",0.2542666,0.000121390084782,0.077023414471822,True
1841_3,mp-864835,Hf8 Co4 Ir4,1841,110,0.25,48,0,na,"(27, 72, 77)",0.25422418,0.0001213845678215,0.09761394533161577,True
1740_1,mp-861908,Ta4 Ti4 Ru8,1740,111,0.375,48,0,na,"(22, 44, 73)",0.25410965,0.0001213446124788,0.14723990808755413,True
1386_5,mp-862691,Al8 Fe4 Co4,1386,210,0.0625,64,0,na,"(13, 26, 27)",0.25388563,0.0001212523498526,0.14736401058100357,True
2244_3,mp-19791,Ca2 Ge4 Ru4,2244,221,0.0958058348384867,80,0,na,"(20, 32, 44)",0.2537085,0.0001211824486122,,False
1294_1,mp-864895,Be8 Ni4 Rh4,1294,111,0.3750000000000002,64,0,na,"(4, 28, 45)",0.2536956,0.0001211909732182,0.17570479413500328,True
2123_21,mp-1025315,Mn2 Al4 Te8,2123,210,0.0666602657397799,56,0,na,"(13, 25, 52)",0.25368822,0.00012120213638,0.03143171871748746,True
1541_5,mp-1188021,Zr4 Ga4 Rh8,1541,210,0.0625,64,0,na,"(31, 40, 45)",0.25348067,0.0001211176569679,0.10708807958506995,True
1466_5,mp-865707,Ti4 Sn4 Rh8,1466,210,0.0625,64,0,na,"(22, 45, 50)",0.25345215,0.0001211186992082,,False
1915_1,mp-867280,Be8 Ir4 Pt4,1915,111,0.3750000000000002,64,0,na,"(4, 77, 78)",0.25283036,0.0001212912980677,0.19033112708626732,True
2272_7,mp-924130,Ti4 Ni4 Sn4,2272,210,0.0624999999999999,48,0,na,"(22, 28, 50)",0.25163454,0.0001208536142981,0.1200228742413241,True
2590_3,mp-865130,Hf8 Mo4 Rh4,2590,110,0.25,48,0,na,"(42, 45, 72)",0.25163022,0.0001208661466236,0.13287785709968677,True
1104_24,mp-1222673,Li6 Ga3 Cu9,1104,10-2,0.1245825885206694,54,0,na,"(3, 29, 31)",0.25145647,0.0001207972891725,0.06544470018963584,True
2198_4,mp-961713,Zr4 Sn4 Pt4,2198,221,0.1875000000000002,72,0,na,"(40, 50, 78)",0.25136113,0.0001207660769608,0.12097193070437758,True
1623_1,mp-867788,Ta4 Ga4 Os8,1623,111,0.3749999999999998,48,0,na,"(31, 73, 76)",0.25128105,0.0001207421842052,,False
1893_5,mp-862629,Sc4 Rh8 Pb4,1893,210,0.0625,64,0,na,"(21, 45, 82)",0.25104955,0.0001206455139474,0.07454485672137103,True
2305_5,mp-865585,V4 Ge4 Ru8,2305,210,0.0625,64,0,na,"(23, 32, 44)",0.25082594,0.0001205525990387,0.13277961548057585,True
1916_3,mp-30555,Ta4 Ga4 Co8,1916,110,0.25,48,0,na,"(27, 31, 73)",0.25080812,0.0001205585679939,0.12607916380469186,True
1815_0,mp-865519,Y4 Ta4 Ru8,1815,111,0.125,48,0,na,"(39, 44, 73)",0.2507472,0.0001205438175289,0.12997652580782904,True
1895_3,mp-505297,Nb4 Sb4 Ru4,1895,221,0.0625,72,0,na,"(41, 44, 51)",0.25070664,0.0001205388489909,0.13008968124178,True
948_19,mp-9951,Mn3 Nb3 Ge3,948,212,0.395998662002791,72,0,na,"(25, 32, 41)",0.25064498,0.0001207095313247,,False
1139_3,mp-977555,Mg4 Nb4 Rh8,1139,110,0.2500000000000001,48,0,na,"(12, 41, 45)",0.25046653,0.0001209553256505,0.09630410024696413,True
2305_0,mp-865585,V4 Ge4 Ru8,2305,111,0.1250000000000002,48,0,na,"(23, 32, 44)",0.250451,0.0001209624569544,0.1286451060545566,True
922_22,mp-1215554,Zr6 Fe3 Co9,922,102,0.1233366162743224,54,0,na,"(26, 27, 40)",0.25040457,0.0001209546632343,0.14237958267948378,True
1965_3,mp-865506,V4 Si4 Os8,1965,110,0.25,48,0,na,"(14, 23, 76)",0.250392,0.0001209632225255,0.13149407220777246,True
1958_5,mp-864966,Mn4 Si4 Ru8,1958,210,0.0625,64,0,na,"(14, 25, 44)",0.250295,0.0001209309904744,0.1569322921038168,True
2281_5,mp-864987,Mn4 Zn4 Rh8,2281,210,0.0625,64,0,na,"(25, 30, 45)",0.25015673,0.0001208788027862,0.12251505341607294,True
1901_5,mp-865933,Li4 Si4 Ir8,1901,210,0.0625,64,0,na,"(3, 14, 77)",0.25009114,0.0001208617185129,0.1383640557307923,True
2350_3,mp-30847,Ti4 Sn4 Pt4,2350,221,0.0625,72,0,na,"(22, 50, 78)",0.2500005,0.0001208325188832,,False
1409_3,mp-569298,Ca2 Co4 As4,1409,221,0.0962758185087987,80,0,na,"(20, 27, 33)",0.24993761,0.0001208167209042,0.08301467388308512,True
2401_3,mp-1228041,Al1 Si1 Ni6,2401,221,0.1892698775432411,80,0,na,"(13, 14, 28)",0.24970885,0.0001207443793575,0.1366496743872368,True
897_10,mp-1206600,K2 As4 Ru4,897,210,0.1249999999999999,60,0,na,"(19, 33, 44)",0.24946432,0.0001210265086439,0.07652527675445635,True
1438_5,mp-19917,Zr2 Si2 Te2,1438,221,0.1974560034275576,48,0,na,"(14, 40, 52)",0.24928929,0.000120956232526,0.0628627588616029,True
1142_1,mp-864971,Mn4 Sn4 Ru8,1142,111,0.375,48,0,na,"(25, 44, 50)",0.24909198,0.0001208751174667,0.1400922090379385,True
2519_3,mp-1093991,Zr4 As4 Ir4,2519,221,0.0625000000000001,72,0,na,"(33, 40, 77)",0.24886952,0.0001207817653734,0.12727501174695618,True
1783_3,mp-867326,Al8 Ru4 Rh4,1783,110,0.25,48,0,na,"(13, 44, 45)",0.24876286,0.0001207445847106,0.13815069072324898,True
1040_18,mp-16763,K3 Y3 Te6,1040,20-1,0.1909482327203797,72,0,na,"(19, 39, 52)",0.24861813,0.0001206889081559,,False
1687_5,mp-865152,Mg4 Al4 Pd8,1687,210,0.0625,64,0,na,"(12, 13, 46)",0.2484271,0.0001206107311429,0.08658798603445289,True
2000_6,mp-866284,Al8 Ir4 Os4,2000,100,0.125,32,0,na,"(13, 76, 77)",0.24840862,0.0001206163067704,0.19001327918481808,True
2192_5,mp-1187694,V8 Os4 W4,2192,210,0.0625,64,0,na,"(23, 74, 76)",0.24820293,0.0001205309707483,0.21126978048552206,True
2202_18,mp-1218015,Ta4 Co4 Ni8,2202,210,7.614854688142714e-05,64,0,na,"(27, 28, 73)",0.24808246,0.0001204869911695,0.17942727436233066,True
1370_47,mp-1095158,Hf3 Ga3 Co3,1370,102,0.2499999999999997,72,0,na,"(27, 31, 72)",0.24805203,0.0001204867292188,,False
1610_51,mp-1078304,Ca8 Al4 Pd8,1610,121,0.1181850437053884,80,0,na,"(13, 20, 46)",0.24779342,0.0001203756178136,0.060715593768632704,True
1675_4,mp-31457,Zr4 Sb4 Ru4,1675,221,0.1875,72,0,na,"(40, 44, 51)",0.2477388,0.0001203844647087,0.09477203430330158,True
2038_1,mp-864944,Mn4 Be8 Pt4,2038,111,0.375,64,0,na,"(4, 25, 78)",0.24756159,0.000120838904677,0.12555962953186062,True
2268_3,mp-862370,Sc8 Pd4 Ru4,2268,110,0.25,48,0,na,"(21, 44, 46)",0.24748072,0.0001208140297281,0.09969125187133568,True
1895_7,mp-505297,Nb4 Sb4 Ru4,1895,210,0.0625,48,0,na,"(41, 44, 51)",0.24730746,0.0001207440360106,0.12547305477687093,True
1610_59,mp-1078304,Ca8 Al4 Pd8,1610,112,0.0202645385276571,80,0,na,"(13, 20, 46)",0.2472961,0.0001207530698797,0.07216137973510157,True
2405_2,mp-7878,Ca2 Ag4 Ge4,2405,221,0.0275682190705275,80,0,na,"(20, 32, 47)",0.24721986,0.0001207304209547,,False
1523_55,mp-3779,Cr6 Si6 Te18,1523,10-2,1.0,60,0,na,"(14, 24, 52)",0.24701793,0.0001206463736347,0.02650976819473805,True
1830_8,mp-1070869,Zr4 Cu16 Ag4,1830,110,0.1245560792100588,72,0,na,"(29, 40, 47)",0.24695759,0.0001206314566385,0.09940982742300677,True
974_60,mp-1228701,Al8 Ge4 W6,974,112,0.3789428361601388,72,0,na,"(13, 32, 74)",0.24693549,0.0001206352138457,0.15395331684379607,True
1319_8,mp-1087487,Hf6 Ga2 Fe1,1319,221,0.7950665252653693,54,0,na,"(26, 31, 72)",0.24686792,0.0001206167545511,0.12453158266990688,True
1093_3,mp-867781,Ta4 Ga4 Ru8,1093,110,0.25,48,0,na,"(31, 44, 73)",0.24673022,0.0001206129897068,0.14973373648006655,True
2586_48,mp-12962,Zr6 Fe1 Sb2,2586,102,0.1833901601836606,54,0,na,"(26, 40, 51)",0.2466116,0.0001205695450915,0.10534379746344294,True
1928_3,mp-866224,Be8 Ni4 Pt4,1928,110,0.25,48,0,na,"(4, 28, 78)",0.24646486,0.0001205123333481,0.11982816986525027,True
2606_5,mp-867820,Li4 Al4 Pd8,2606,210,0.0625,64,0,na,"(3, 13, 46)",0.24638061,0.0001204856581766,0.08740383360958547,True
1653_1,mp-865186,Mg4 Ga4 Ir8,1653,111,0.375,48,0,na,"(12, 31, 77)",0.24636249,0.0001204913145645,,False
1034_2,mp-1227279,Be16 Al4 Ni4,1034,111,0.4380955732902621,72,0,na,"(4, 13, 28)",0.24634847,0.0001204989767232,0.11766227770456214,True
2355_1,mp-862431,Sc8 Ag4 Os4,2355,111,0.375,48,0,na,"(21, 47, 76)",0.2463228,0.0001205009407305,0.08902452181131701,True
2074_0,mp-1187201,Ta8 V4 Re4,2074,111,0.125,48,0,na,"(23, 73, 75)",0.24628167,0.0001204953397652,0.1819956238790937,True
1399_8,mp-1077397,Sc4 Cd4 Ni16,1399,110,0.1246364668200925,72,0,na,"(21, 28, 48)",0.24613136,0.0001204363113714,,False
1963_5,mp-865868,Li4 Zr4 Rh8,1963,210,0.0625,64,0,na,"(3, 40, 45)",0.24567674,0.000120228337837,0.11680420038000629,True
1447_55,mp-541449,Cr6 Ge6 Te18,1447,10-2,1.0,60,0,na,"(24, 32, 52)",0.24509752,0.0001208782148591,0.019581760898639868,True
1071_3,mp-865921,Mg4 Al4 Ir8,1071,110,0.2499999999999999,48,0,na,"(12, 13, 77)",0.24508576,0.0001208870276215,0.12685794240887877,True
2325_3,mp-10895,Mn8 Al4 V4,2325,110,0.25,48,0,na,"(13, 23, 25)",0.24486211,0.0001207913157524,0.14678604439551574,True
1665_5,mp-977357,Ta8 Re4 Ru4,1665,210,0.0624999999999999,64,0,na,"(44, 73, 75)",0.24483085,0.0001207904855292,0.18155989966635827,True
2448_5,mp-865093,Ti4 Zn4 Ni8,2448,210,0.0625,64,0,na,"(22, 28, 30)",0.24480423,0.0001207919427232,0.12695225126422305,True
940_3,mp-865904,Be4 Si4 Ir8,940,110,0.2499999999999999,48,0,na,"(4, 14, 77)",0.24478783,0.0001207984420709,0.09311748195614099,True
2441_5,mp-864950,Mn4 Al4 Ir8,2441,210,0.0625,64,0,na,"(13, 25, 77)",0.24475425,0.0001207964629624,0.14981042678023979,True
1188_0,mp-977571,Mg4 Rh8 Pb4,1188,111,0.125,48,0,na,"(12, 45, 82)",0.24434851,0.0001206338746517,,False
2470_1,mp-862700,Al4 V4 Os8,2470,111,0.375,48,0,na,"(13, 23, 76)",0.24432705,0.0001206378329454,0.20514543605930233,True
1449_20,mp-12903,Y2 Ag2 Te4,1449,211,0.0204375299024821,64,0,na,"(39, 47, 52)",0.24422584,0.0001206024091611,,False
1151_5,mp-864650,Ta8 Os4 W4,1151,210,0.0625,64,0,na,"(73, 74, 76)",0.24421597,0.0001206120813136,0.21220021402009379,True
1368_1,mp-30774,Mg4 Ni8 Sn4,1368,111,0.375,48,0,na,"(12, 28, 50)",0.24403766,0.0001205385569276,,False
2202_19,mp-1218015,Ta4 Co4 Ni8,2202,210,0.0409575184257278,64,0,na,"(27, 28, 73)",0.24393642,0.0001205030762917,0.1779547054925711,True
1354_8,mp-1207011,Sc4 In4 Ni16,1354,110,0.1247045844062171,72,0,na,"(21, 28, 49)",0.24387416,0.0001204868392733,,False
1909_1,mp-1187420,Ti8 Mo4 Os4,1909,111,0.3750000000000002,48,0,na,"(22, 42, 76)",0.24384569,0.000120487290708,0.1699471608570555,True
1040_14,mp-16763,K3 Y3 Te6,1040,201,0.0173851006129533,72,0,na,"(19, 39, 52)",0.24383125,0.0001204946737951,,False
1213_1,mp-1183688,Cr4 Ga4 Ru8,1213,111,0.375,48,0,na,"(24, 31, 44)",0.24381593,0.0001205249022004,,False
1913_5,mp-862361,Sc8 Ni4 Os4,1913,210,0.0625,64,0,na,"(21, 28, 76)",0.24377997,0.0001205216520463,0.1272188689651858,True
1391_6,mp-1068587,Y2 Si6 Ir2,1391,221,0.169746383978027,80,0,na,"(14, 39, 77)",0.24371357,0.000120503348011,0.08727022736523488,True
2401_5,mp-1228041,Al1 Si1 Ni6,2401,212,0.1179204898270358,64,0,na,"(13, 14, 28)",0.24365063,0.0001204867465978,0.134546614838555,True
1705_3,mp-862336,Sc8 Ir4 Pd4,1705,110,0.25,48,0,na,"(21, 46, 77)",0.24344552,0.0001203998250148,0.085305867944017,True
1115_5,mp-867922,Sc4 Al4 Rh8,1115,210,0.0625,64,0,na,"(13, 21, 45)",0.2433605,0.0001203722698319,0.12333760904247609,True
1238_3,mp-3433,Y4 Mg4 Ni16,1238,111,0.9356449486215084,72,0,na,"(12, 28, 39)",0.24334762,0.0001203803895183,0.1153428510466311,True
2404_3,mp-862715,Al8 Pd4 Ru4,2404,110,0.25,48,0,na,"(13, 44, 46)",0.24329765,0.0001203701603213,0.10109256344332496,True
1766_3,mp-864961,Be8 Pd4 Pt4,1766,110,0.25,48,0,na,"(4, 46, 78)",0.24315271,0.000120684607767,0.10247277075719662,True
1502_55,mp-16493,Y4 Al8 Co4,1502,021,0.2499999999999999,64,0,na,"(13, 27, 39)",0.24312852,0.0001206871665657,0.1049424580358584,True
1116_1,mp-862261,Sc8 Zn4 Ru4,1116,111,0.375,48,0,na,"(21, 30, 44)",0.24305765,0.0001206665501354,,False
2215_10,mp-1207142,Rb2 Co4 As4,2215,210,0.125,60,0,na,"(27, 33, 37)",0.2429777,0.0001206414161506,0.05973198369391203,True
2051_0,mp-865441,Ti4 Al4 Pd8,2051,111,0.125,48,0,na,"(13, 22, 46)",0.24290963,0.000120622170588,0.10422672534721751,True
1386_1,mp-862691,Al8 Fe4 Co4,1386,111,0.3750000000000002,64,0,na,"(13, 26, 27)",0.24290252,0.0001206768913589,0.1630550779456424,True
1234_5,mp-865487,V4 Zn4 Rh8,1234,210,0.0625,64,0,na,"(23, 30, 45)",0.2425957,0.0001205390057678,0.12328245469533225,True
1290_1,mp-865050,Hf4 Mg4 Rh8,1290,111,0.3750000000000002,48,0,na,"(12, 45, 72)",0.24255499,0.0001205333070744,0.14159464476604544,True
2538_12,mp-1216057,Y6 Ni3 Ru9,2538,101,0.0615287248352847,54,0,na,"(28, 39, 44)",0.24216719,0.0001203551036902,,False
1339_13,mp-1077470,Ca2 Ni2 Ge2,1339,211,0.375,72,0,na,"(20, 28, 32)",0.24194199,0.0001206301718483,0.06776169075030168,True
2364_3,mp-865924,Li4 Zr4 Au8,2364,110,0.2499999999999999,48,0,na,"(3, 40, 79)",0.24186592,0.0001206067928261,0.06909334721265008,True
950_3,mp-864857,Nb4 Zn4 Co8,950,110,0.25,48,0,na,"(27, 30, 41)",0.24180676,0.0001205918368007,0.12690198812394296,True
2430_5,mp-861667,Li4 Sb4 Rh8,2430,210,0.0625,64,0,na,"(3, 45, 51)",0.24171111,0.0001205586734278,0.08732829613978423,True
1843_3,mp-1221618,Mn4 Be16 Al4,1843,111,0.688308628032239,72,0,na,"(4, 13, 25)",0.24163456,0.0001205350239929,0.11360617661340164,True
958_5,mp-977356,Zn4 Ga4 Ir8,958,210,0.0625,64,0,na,"(30, 31, 77)",0.24152738,0.0001204960831893,0.12549869063978594,True
1528_2,mp-1025355,Zr1 Ga5 Co1,1528,221,0.0761652555465435,56,0,na,"(27, 31, 40)",0.24149543,0.0001204946627241,0.07708901836561366,True
1975_7,mp-924128,Hf4 Ni4 Sn4,1975,210,0.0625,48,0,na,"(28, 50, 72)",0.2413731,0.0001204481392661,0.1235287345501241,True
1766_1,mp-864961,Be8 Pd4 Pt4,1766,111,0.375,64,0,na,"(4, 46, 78)",0.24136733,0.0001204597691204,0.11259035434544525,True
2114_3,mp-865888,Ti4 Sn4 Ru8,2114,110,0.25,48,0,na,"(22, 44, 50)",0.24132739,0.000120454346072,0.12369808077644057,True
1870_8,mp-11401,Sc4 Ga8 Ni4,1870,110,0.0,48,0,na,"(21, 28, 31)",0.24127798,0.000120444191961,0.10507690699032678,True
1111_2,mp-30050,Ba8 Ge16 Ru16,1111,111,0.2135488352032872,80,0,na,"(32, 44, 56)",0.24121414,0.0001204268282149,0.07792626452832256,True
1262_5,mp-865247,Ga4 Fe4 Ir8,1262,210,0.0625,64,0,na,"(26, 31, 77)",0.24118575,0.0001204271570892,0.1263887150791718,True
2497_5,mp-865187,Mg4 Fe4 Rh8,2497,210,0.0625,64,0,na,"(12, 26, 45)",0.24107806,0.0001203878840533,0.12366677842834482,True
1189_3,mp-4889,Y2 Ge4 Rh4,1189,221,0.0929276270500913,80,0,na,"(32, 39, 45)",0.24105446,0.0001203905924182,,False
1883_22,mp-1217089,Ti4 Al2 Si6,1883,210,0.0785058553644688,72,0,na,"(13, 14, 22)",0.24103405,0.0001203948933998,0.13615954776879002,True
2210_5,mp-867917,Cu4 Ge4 Rh8,2210,210,0.0625,64,0,na,"(29, 32, 45)",0.2409265,0.0001203556631024,0.11161393193451341,True
963_6,mp-8720,Rb8 Mn4 Te8,963,221,0.1250000000000002,80,0,na,"(25, 37, 52)",0.24092153,0.0001203676672522,,False
1716_1,mp-862445,Ta4 Al4 Os8,1716,111,0.375,48,0,na,"(13, 73, 76)",0.24083589,0.0001203393653142,0.20796174132760814,True
1092_44,mp-29752,Ni8 Ge8 Pt16,1092,011,0.25,64,0,na,"(28, 32, 78)",0.24080496,0.0001203383918517,0.1000830040157323,True
1428_47,mp-22191,Hf3 Fe3 Ge3,1428,102,0.0620414482473137,54,0,na,"(26, 32, 72)",0.24079211,0.0001203464525702,,False
1445_5,mp-866031,Al8 Fe4 Ir4,1445,210,0.0625,64,0,na,"(13, 26, 77)",0.24070379,0.0001203167904628,0.14343792021397914,True
2497_0,mp-865187,Mg4 Fe4 Rh8,2497,111,0.125,48,0,na,"(12, 26, 45)",0.24048655,0.000120245683421,0.12916419945079305,True
1714_9,mp-1228909,Al9 Si3 Pd12,1714,110,0.2458859709416253,72,0,na,"(13, 14, 46)",0.24026798,0.0001201508438524,0.08987075930809359,True
1401_5,mp-867170,Li4 Ga4 Pt8,1401,210,0.0625,64,0,na,"(3, 31, 78)",0.24022695,0.0001201447614688,0.07915532907228122,True
2367_5,mp-864992,Mn4 Nb4 Ru8,2367,210,0.0625,64,0,na,"(25, 41, 44)",0.24019852,0.0001201449775558,0.16009735563372657,True
1446_9,mp-1216468,V9 Si6 Mo9,1446,110,0.3752803908689292,72,0,na,"(14, 23, 42)",0.24014632,0.0001201333010332,0.19467065699565925,True
2073_3,mp-861951,Li4 Ta4 Rh8,2073,110,0.25,48,0,na,"(3, 45, 73)",0.24011031,0.0001201297185947,0.12776332844855137,True
1702_4,mp-1216850,Ti2 Cu2 Ni2,1702,221,0.1264976725398021,60,0,na,"(22, 28, 29)",0.24010897,0.0001201434809811,0.11395556877879622,True
2068_10,mp-1018658,Ca2 Co2 Si2,2068,211,0.0394256026127912,72,0,na,"(14, 20, 27)",0.24004668,0.0001201267453388,0.08892506488180778,True
2072_3,mp-31169,Sc4 Al4 Ag8,2072,110,0.25,48,0,na,"(13, 21, 47)",0.24002361,0.0001201296311825,0.07164414455209296,True
1805_1,mp-867270,Be8 Co4 Pt4,1805,111,0.375,64,0,na,"(4, 27, 78)",0.2398318,0.0001200712035801,0.17538120114860534,True
1332_5,mp-1184580,Hf4 Zn4 Rh8,1332,210,0.0625,64,0,na,"(30, 45, 72)",0.2398174,0.0001200784122149,0.12868483995143226,True
1049_5,mp-3791,Sc4 Co8 Sn4,1049,210,0.0625,64,0,na,"(21, 27, 50)",0.23981313,0.000120090694493,,False
1941_0,mp-862377,Li4 Be8 Ir4,1941,111,0.125,64,0,na,"(3, 4, 77)",0.23963116,0.0001203829003584,0.09502331832740002,True
2368_0,mp-867125,Al8 Ru4 Pt4,2368,111,0.125,48,0,na,"(13, 44, 78)",0.23929085,0.0001202264128878,0.13079781940145793,True
1971_17,mp-8623,K4 Te4 Pt2,1971,201,0.0516419881820375,60,0,na,"(19, 52, 78)",0.23908155,0.0001201356982005,0.03948119995159265,True
2340_40,mp-27999,K15 Cu3 Sb6,2340,10-2,0.3520646636821355,72,0,na,"(19, 29, 51)",0.2389879,0.0001201030688307,0.021317930896463114,True
1283_0,mp-861882,Li4 Ge4 Ir8,1283,111,0.125,48,0,na,"(3, 32, 77)",0.23881656,0.0001200313782659,,False
1783_0,mp-867326,Al8 Ru4 Rh4,1783,111,0.125,48,0,na,"(13, 44, 45)",0.23879106,0.0001200329694564,0.1773628373411355,True
1679_5,mp-867114,Ta4 Be4 Ru8,1679,210,0.0625,64,0,na,"(4, 44, 73)",0.23876351,0.0001200335288941,0.16473614799773853,True
1164_5,mp-864989,Mn8 Al4 Re4,1164,210,0.0625,64,0,na,"(13, 25, 75)",0.23873729,0.0001200347555144,0.16679168986014375,True
1339_10,mp-1077470,Ca2 Ni2 Ge2,1339,211,0.0462169207945848,72,0,na,"(20, 28, 32)",0.238677,0.00012001884873,0.06805091916410459,True
1555_4,mp-961673,Ti4 Fe4 Te4,1555,221,0.1875000000000002,72,0,na,"(22, 26, 52)",0.23864058,0.0001200149389696,,False
2578_5,mp-865603,Y8 Ir4 Rh4,2578,210,0.0625,64,0,na,"(39, 45, 77)",0.23853105,0.000119974253846,0.09946915361075627,True
1254_14,mp-1224393,Hf6 Al2 Fe1,1254,212,0.2081777480135127,72,0,na,"(13, 26, 72)",0.23849888,0.000119972466869,0.12000645546803555,True
2281_0,mp-864987,Mn4 Zn4 Rh8,2281,111,0.125,48,0,na,"(25, 30, 45)",0.23849541,0.0001201326539928,0.12996779553964882,True
2480_0,mp-11537,Nb4 Al4 Ru8,2480,111,0.1250000000000002,48,0,na,"(13, 41, 44)",0.23844077,0.0001201604642987,0.18713416300506944,True
2191_5,mp-1188014,Zr4 Sc4 Ru8,2191,210,0.0625,64,0,na,"(21, 40, 44)",0.23830114,0.0001201045306081,0.14498433646725506,True
1135_0,mp-865838,Li4 Si4 Ru8,1135,111,0.125,48,0,na,"(3, 14, 44)",0.23830046,0.0001201186146757,0.13559151406203876,True
1300_5,mp-30817,Li4 Al8 Pd4,1300,210,0.0625,64,0,na,"(3, 13, 46)",0.23812848,0.0001200463455991,0.07813669108266297,True
1083_49,mp-1079643,Ta3 Mn3 Ge3,1083,102,0.1451380833599358,54,0,na,"(25, 32, 73)",0.23798229,0.0001199870516795,,False
1495_5,mp-4612,Ti4 Co8 Ge4,1495,210,0.0625,64,0,na,"(22, 27, 32)",0.23776151,0.0001199118498118,0.12764249292679355,True
1481_2,mp-862631,Ba8 Sb4 Au4,1481,221,0.0624999999999997,64,0,na,"(51, 56, 79)",0.23767965,0.0001198849404364,0.03335439225463143,True
1361_1,mp-1187242,Ta4 Nb4 Re8,1361,111,0.375,48,0,na,"(41, 73, 75)",0.23761852,0.0001198684770632,,False
2170_3,mp-862288,Al4 Fe8 W4,2170,110,0.25,48,0,na,"(13, 26, 74)",0.23753692,0.0001198416785596,0.14849475384151473,True
2244_17,mp-19791,Ca2 Ge4 Ru4,2244,112,0.5,40,0,na,"(20, 32, 44)",0.23752011,0.0001198475603429,0.0937025563366145,True
1667_0,mp-865448,Ti4 Ga4 Ru8,1667,111,0.125,48,0,na,"(22, 31, 44)",0.23747742,0.0001198403824607,0.1581487382295901,True
974_16,mp-1228701,Al8 Ge4 W6,974,110,0.7469807040186361,54,0,na,"(13, 32, 74)",0.23739506,0.0001198131788447,0.15384769482947008,True
2546_0,mp-1080769,Hf3 Mn3 Ge3,2546,111,0.25,36,0,na,"(25, 32, 72)",0.23736024,0.0001198338581842,,False
940_0,mp-865904,Be4 Si4 Ir8,940,111,0.1250000000000002,48,0,na,"(4, 14, 77)",0.23734766,0.00011984186815,0.12903467127662077,True
2065_2,mp-1070498,Rb4 Te4 Pt2,2065,221,0.0189095345607537,60,0,na,"(37, 52, 78)",0.23730686,0.0001198356286902,0.03087430172964101,True
1369_3,mp-862764,Li4 Ca8 Rh4,1369,110,0.25,32,0,na,"(3, 20, 45)",0.23719513,0.0001200007657378,0.0407163337021923,True
1702_5,mp-1216850,Ti2 Cu2 Ni2,1702,221,0.2077486356403496,60,0,na,"(22, 28, 29)",0.23719485,0.0001200150259764,0.12064620882046603,True
1533_0,mp-865901,Be4 Co8 Si4,1533,111,0.125,64,0,na,"(4, 14, 27)",0.23710288,0.0001199828910652,0.1847317997327182,True
1606_1,mp-866139,Ti4 Be8 Ir4,1606,111,0.375,64,0,na,"(4, 22, 77)",0.23706484,0.0001199780367196,0.15847246157702272,True
1977_16,mp-1080715,Sc3 Si3 Ru3,1977,212,0.2906188026389412,72,0,na,"(14, 21, 44)",0.2370467,0.0001199832514572,0.13121348341532338,True
1268_5,mp-1186767,Ta8 Nb4 Re4,1268,210,0.0625,64,0,na,"(41, 73, 75)",0.23689623,0.0001202447591637,,False
1339_11,mp-1077470,Ca2 Ni2 Ge2,1339,211,0.1250000000000001,72,0,na,"(20, 28, 32)",0.23687313,0.0001202474931019,0.07116793409263467,True
953_5,mp-31185,Mn4 Al4 Fe8,953,210,0.0625,64,0,na,"(13, 25, 26)",0.23683514,0.0001204651758805,0.16316966137865407,True
999_3,mp-1070253,Ba2 Co4 Ge4,999,221,0.1012341464657904,80,0,na,"(27, 32, 56)",0.2367227,0.0001204224904743,,False
1198_3,mp-13914,Li4 Co8 Ge4,1198,110,0.25,48,0,na,"(3, 27, 32)",0.23655352,0.0001203509203846,0.10591843826770929,True
1534_0,mp-867834,Li4 Hf4 Pt8,1534,111,0.1249999999999997,48,0,na,"(3, 72, 78)",0.2364512,0.0001203133430388,0.0805554411377344,True
2212_3,mp-866155,Ti4 Al4 Ru8,2212,110,0.2499999999999999,48,0,na,"(13, 22, 44)",0.23638347,0.000120293352913,0.14074238355991162,True
1875_0,mp-865653,Ti4 Nb4 Re8,1875,111,0.125,48,0,na,"(22, 41, 75)",0.23617935,0.0001202039378751,0.19955490990685792,True
1054_0,mp-867846,Ta4 Ti4 Re8,1054,111,0.125,48,0,na,"(22, 73, 75)",0.23613837,0.000120197529241,0.20497143946757196,True
1473_37,mp-7774,Na8 Sb4 Au4,1473,112,0.0,64,0,na,"(11, 51, 79)",0.23601025,0.0001201467558229,0.03644394989627513,True
2096_5,mp-865234,Ta4 Zn4 Ru8,2096,210,0.0625,64,0,na,"(30, 44, 73)",0.23561387,0.0001206029282689,0.1530348093798851,True
1135_3,mp-865838,Li4 Si4 Ru8,1135,110,0.25,48,0,na,"(3, 14, 44)",0.23553005,0.0001205745652356,0.11393662047934418,True
1238_8,mp-3433,Y4 Mg4 Ni16,1238,110,0.1237632990810058,72,0,na,"(12, 28, 39)",0.23545069,0.0001205752789606,0.10835418750201062,True
1195_0,mp-865531,Ti4 Mn8 Al4,1195,111,0.125,48,0,na,"(13, 22, 25)",0.23529741,0.0001205113143196,0.15069291088000267,True
1471_5,mp-865497,V8 Re4 Os4,1471,210,0.0625,64,0,na,"(23, 75, 76)",0.23526451,0.0001205089867572,0.2039679213899246,True
2519_1,mp-1093991,Zr4 As4 Ir4,2519,111,0.375,36,0,na,"(33, 40, 77)",0.23511489,0.0001204468621857,0.13610065073802646,True
1898_0,mp-981365,V8 Re4 Ru4,1898,111,0.125,48,0,na,"(23, 44, 75)",0.23508902,0.0001204481168571,0.18436738751384626,True
1700_5,mp-30821,Li4 Al8 Rh4,1700,210,0.0625,64,0,na,"(3, 13, 45)",0.2350017,0.0001204178824666,0.09272049077734586,True
1702_9,mp-1216850,Ti2 Cu2 Ni2,1702,212,0.2065073836397106,48,0,na,"(22, 28, 29)",0.23499915,0.0001204310778693,0.13376008622764504,True
1370_15,mp-1095158,Hf3 Ga3 Co3,1370,212,0.2499999999999999,72,0,na,"(27, 31, 72)",0.23487332,0.0001203810908243,,False
2207_3,mp-861958,Ti8 Mn4 Be4,2207,110,0.25,48,0,na,"(4, 22, 25)",0.23484442,0.0001203807700951,0.1390128327139618,True
2538_3,mp-1216057,Y6 Ni3 Ru9,2538,110,0.25,72,0,na,"(28, 39, 44)",0.23480271,0.0001203738803347,0.1237697483605209,True
1449_22,mp-12903,Y2 Ag2 Te4,1449,211,0.2745417663819367,64,0,na,"(39, 47, 52)",0.23474194,0.0001203572138713,0.03728108353810631,True
2033_49,mp-1224337,Hf2 Sc2 Ge8,2033,112,0.4998113719251237,72,0,na,"(21, 32, 72)",0.23460513,0.000120301547617,0.08031683463262701,True
1356_1,mp-867771,Ta4 Cu4 Rh8,1356,111,0.375,48,0,na,"(29, 45, 73)",0.23453629,0.0001209080137812,,False
1607_5,mp-1186206,Nb8 Mo4 Ru4,1607,210,0.0624999999999999,64,0,na,"(41, 42, 44)",0.23443905,0.0001208724991259,,False
1485_2,mp-7365,Sr2 Si4 Au4,1485,221,0.0294552396710603,80,0,na,"(14, 38, 79)",0.23435728,0.0001208908037096,0.06264599252619743,True
2441_1,mp-864950,Mn4 Al4 Ir8,2441,111,0.375,48,0,na,"(13, 25, 77)",0.23411159,0.0001207786680686,0.15414855090550877,True
1114_4,mp-4964,Y4 Sb4 Pt4,1114,221,0.1875,72,0,na,"(39, 51, 78)",0.2340612,0.0001207672578688,0.08789008781130239,True
1374_3,mp-867123,Ta4 Ti4 Os8,1374,110,0.25,48,0,na,"(22, 73, 76)",0.23402555,0.0001207634480067,0.137818656348317,True
1446_8,mp-1216468,V9 Si6 Mo9,1446,110,0.1247196091310713,72,0,na,"(14, 23, 42)",0.23400179,0.0001207657713016,0.17690674827161731,True
1870_30,mp-11401,Sc4 Ga8 Ni4,1870,121,0.25,64,0,na,"(21, 28, 31)",0.23387584,0.0001207821243802,0.09855649992437282,True
1166_3,mp-1227272,Be16 Al4 Fe4,1166,111,0.9365743032493264,72,0,na,"(4, 13, 26)",0.23386727,0.0001207922880648,0.15820549332958292,True
2188_1,mp-865548,Ti4 In4 Co8,2188,111,0.375,48,0,na,"(22, 27, 49)",0.23369655,0.0001207186931865,0.13117484012484473,True
2060_1,mp-865586,V4 Ga4 Ru8,2060,111,0.375,48,0,na,"(23, 31, 44)",0.23360017,0.0001206834757188,0.17717296751373893,True
1608_5,mp-862485,Ga4 Cu4 Rh8,1608,210,0.0625,64,0,na,"(29, 31, 45)",0.2335977,0.0001206967657625,0.11973959309690572,True
2569_0,mp-864945,Mn4 Be8 Rh4,2569,111,0.1250000000000002,64,0,na,"(4, 25, 45)",0.23323946,0.0001205262151339,0.1864576308076058,True
1240_8,mp-1025045,Ti2 Ga2 Pd2,1240,210,0.0833333333333332,48,0,na,"(22, 31, 46)",0.23318559,0.0001205129028392,,False
1881_5,mp-867812,Li4 Al4 Ni8,1881,210,0.0625,64,0,na,"(3, 13, 28)",0.23311582,0.0001204913656925,0.10816812238821574,True
1104_23,mp-1222673,Li6 Ga3 Cu9,1104,102,0.1254174114793302,54,0,na,"(3, 29, 31)",0.2329301,0.0001204098803162,0.06722650364423466,True
2568_40,mp-11957,Ca4 Sn8 Ir4,2568,112,0.2499999999999999,64,0,na,"(20, 50, 77)",0.23288597,0.0001204015654826,0.06624618794740636,True
1439_5,mp-864631,Li4 Nb4 Rh8,1439,210,0.0624999999999999,64,0,na,"(3, 41, 45)",0.23285837,0.0001204017929039,0.1352856577545104,True
1971_13,mp-8623,K4 Te4 Pt2,1971,210,0.0552071109549228,60,0,na,"(19, 52, 78)",0.23278101,0.0001203762866484,0.03775131551640526,True
1147_3,mp-16497,Sc4 Al4 Cu8,1147,110,0.25,48,0,na,"(13, 21, 29)",0.23260824,0.0001203014248412,,False
1188_5,mp-977571,Mg4 Rh8 Pb4,1188,210,0.0625,64,0,na,"(12, 45, 82)",0.23257113,0.0001202967039816,0.0761854672392425,True
1382_45,mp-10445,Sc6 Fe1 Te2,1382,2-12,0.2872449035695688,54,0,na,"(21, 26, 52)",0.23247707,0.0001202625189196,0.07348498189619582,True
1379_5,mp-865165,Hf4 Sc4 Co8,1379,210,0.0625,64,0,na,"(21, 27, 72)",0.23236682,0.0001202418323607,0.1270673523042506,True
1971_4,mp-8623,K4 Te4 Pt2,1971,221,0.125,60,0,na,"(19, 52, 78)",0.23222633,0.0001201835847151,0.03304066482743203,True
2064_1,mp-861640,Ti8 Al4 Re4,2064,111,0.375,48,0,na,"(13, 22, 75)",0.2321696,0.0001201686676635,0.16158039902972002,True
2211_7,mp-30460,Y4 Ni4 Bi4,2211,210,0.0625,48,0,na,"(28, 39, 83)",0.23213327,0.0001201643036024,0.07169779193535991,True
1327_4,mp-1078428,Ca8 Ga4 Pt8,1327,111,0.4999999999999998,60,0,na,"(20, 31, 78)",0.23201744,0.0001201187779346,0.05851893105855142,True
963_46,mp-8720,Rb8 Mn4 Te8,963,021,0.0612036120011013,80,0,na,"(25, 37, 52)",0.23169789,0.0001199677526666,,False
1083_15,mp-1079643,Ta3 Mn3 Ge3,1083,212,0.1451380833599357,72,0,na,"(25, 32, 73)",0.23165962,0.000119962328966,,False
1737_0,mp-866069,Mg4 Sc4 Rh8,1737,111,0.125,48,0,na,"(12, 21, 45)",0.23151211,0.0001199003260937,0.12492770076927025,True
1071_1,mp-865921,Mg4 Al4 Ir8,1071,111,0.3750000000000002,48,0,na,"(12, 13, 77)",0.2314864,0.0001199013870775,,False
2114_0,mp-865888,Ti4 Sn4 Ru8,2114,111,0.125,48,0,na,"(22, 44, 50)",0.23147343,0.0001199090463585,0.15596891592820952,True
1965_0,mp-865506,V4 Si4 Os8,1965,111,0.125,48,0,na,"(14, 23, 76)",0.23143362,0.0001199028012099,0.15393357114095996,True
1720_4,mp-1228809,Al2 Re2 Si2,1720,221,0.126923584168745,60,0,na,"(13, 14, 75)",0.23123878,0.0001198162233964,0.15022188085113822,True
1838_3,mp-865174,Hf4 Cd4 Rh8,1838,110,0.25,48,0,na,"(45, 48, 72)",0.23120362,0.0001198123607299,0.09594480127363154,True
1740_3,mp-861908,Ta4 Ti4 Ru8,1740,110,0.25,48,0,na,"(22, 44, 73)",0.23106006,0.000119907497279,0.13132999463542935,True
1164_3,mp-864989,Mn8 Al4 Re4,1164,110,0.25,48,0,na,"(13, 25, 75)",0.23096031,0.0001198701058247,,False
2452_1,mp-977567,Hf8 Cu4 Re4,2452,111,0.375,48,0,na,"(29, 72, 75)",0.23078002,0.0001197908933309,0.12279436290054849,True
1237_5,mp-865652,Ti4 Mn8 Si4,1237,210,0.0625,64,0,na,"(14, 22, 25)",0.23070045,0.0001197639375917,,False
1064_3,mp-1215479,Zr6 V9 Fe3,1064,110,0.25,72,0,na,"(23, 26, 40)",0.23067999,0.000119817710414,,False
2021_15,mp-1220689,Nb3 Zn9 Ga9,2021,10-2,0.25,63,0,na,"(30, 31, 41)",0.23038307,0.000119985009365,0.0782737875826054,True
1130_0,mp-1185621,Mg4 Zn8 Ir4,1130,111,0.1250000000000002,48,0,na,"(12, 30, 77)",0.23034342,0.0001200005895773,0.06965298261282778,True
1698_5,mp-10755,Ti4 Fe4 Sb4,1698,110,0.25,36,0,na,"(22, 26, 51)",0.23013903,0.0001199084988713,0.09117156607263176,True
1668_5,mp-980665,Zn8 Cu4 Ir4,1668,210,0.0625,64,0,na,"(29, 30, 77)",0.23011577,0.0001199107581174,0.09561756524544544,True
2355_0,mp-862431,Sc8 Ag4 Os4,2355,111,0.125,48,0,na,"(21, 47, 76)",0.23009874,0.0001199162632246,0.12703626041408314,True
1143_45,mp-13572,Sc4 Si4 Pt8,1143,021,0.0,64,0,na,"(14, 21, 78)",0.2300503,0.0001202852755102,0.10736993880010992,True
1054_3,mp-867846,Ta4 Ti4 Re8,1054,110,0.25,48,0,na,"(22, 73, 75)",0.22998159,0.0001202638154146,0.18679552215749262,True
1538_3,mp-1018726,Hf2 V2 Ge2,1538,221,0.0623772003840894,48,0,na,"(23, 32, 72)",0.22995096,0.000120262261328,0.13093208769028852,True
2267_4,mp-13314,Sc3 Tl3 Te6,2267,110,0.5,60,0,na,"(21, 52, 81)",0.22988679,0.0001202654184515,0.024649515312607978,True
2319_5,mp-865092,Mg4 Ga4 Ni8,2319,210,0.0625,64,0,na,"(12, 28, 31)",0.22984432,0.0001202576630825,0.09290939092644067,True
2340_38,mp-27999,K15 Cu3 Sb6,2340,10-2,0.0884105395680497,72,0,na,"(19, 29, 51)",0.22976333,0.0001202297465653,,False
1054_1,mp-867846,Ta4 Ti4 Re8,1054,111,0.375,48,0,na,"(22, 73, 75)",0.22966455,0.0001201925080294,0.21487938235587034,True
1575_4,mp-1018782,Li3 Y1 Bi2,1575,221,0.149491183756538,60,0,na,"(3, 39, 83)",0.2295466,0.0001201452207024,0.04411906843251618,True
1846_5,mp-867148,Li4 Hf4 Rh8,1846,210,0.0625,64,0,na,"(3, 45, 72)",0.2294965,0.0001201334317043,0.12385527826906083,True
2115_3,mp-865588,Y8 Cu4 Ru4,2115,110,0.25,48,0,na,"(29, 39, 44)",0.22948155,0.0001201400387347,0.07394099324151207,True
1465_5,mp-1184572,Hf4 Mg4 Pt8,1465,210,0.0625,64,0,na,"(12, 72, 78)",0.22947358,0.0001201503010776,0.10303949874539824,True
1340_19,mp-30183,Zr2 Al10 Ni4,1340,112,0.1021115736866775,64,0,na,"(13, 28, 40)",0.229354,0.0001201021203718,0.1158075831513593,True
1017_5,mp-864953,Mn4 V8 Cr4,1017,210,0.0625,64,0,na,"(23, 24, 25)",0.22931091,0.0001200939796662,,False
931_5,mp-864671,Hf4 Al4 Rh8,931,210,0.0625,64,0,na,"(13, 45, 72)",0.22924274,0.000120072697899,0.12498369726899598,True
2280_5,mp-1187911,Zn4 Ga4 Co8,2280,210,0.0625,64,0,na,"(27, 30, 31)",0.22915141,0.0001200392745368,0.12292533581762881,True
2193_5,mp-21883,V4 Ga4 Fe8,2193,210,0.0625,64,0,na,"(23, 26, 31)",0.22877985,0.0001198590233639,0.16064717679302523,True
1114_3,mp-4964,Y4 Sb4 Pt4,1114,221,0.0625,72,0,na,"(39, 51, 78)",0.22864042,0.0001198003343701,0.09008658907368888,True
2207_6,mp-861958,Ti8 Mn4 Be4,2207,100,0.125,32,0,na,"(4, 22, 25)",0.22863886,0.0001198138707213,0.14503325193812877,True
1264_3,mp-1217044,Ti1 Al1 Ni6,1264,221,0.1868117092344211,64,0,na,"(13, 22, 28)",0.22857311,0.0001197937686323,0.14966196144339808,True
2274_5,mp-30657,Ti4 Ga4 Ni8,2274,210,0.0625,64,0,na,"(22, 28, 31)",0.22853668,0.000119789025871,0.1250749828358786,True
1599_4,mp-5967,Ti4 Co4 Sb4,1599,221,0.1875000000000002,72,0,na,"(22, 27, 51)",0.22843683,0.0001201655715594,0.12986378315589467,True
1870_39,mp-11401,Sc4 Ga8 Ni4,1870,102,0.0246294786939316,64,0,na,"(21, 28, 31)",0.22841594,0.0001201690228856,0.09942846725845365,True
2021_8,mp-1220689,Nb3 Zn9 Ga9,2021,101,0.25,63,0,na,"(30, 31, 41)",0.22818977,0.0001202541026675,0.06755261054885323,True
1535_4,mp-975044,Li2 Si4 Rh4,1535,221,0.2599011341305726,60,0,na,"(3, 14, 45)",0.22818245,0.0001202647074131,0.08207385452834805,True
1976_3,mp-977440,Li4 Ti4 Pt8,1976,110,0.25,48,0,na,"(3, 22, 78)",0.22815968,0.0001202671702662,0.08314273471778842,True
2173_2,mp-21001,Y2 Ge4 Ru4,2173,221,0.0325479107323509,80,0,na,"(32, 39, 44)",0.22810648,0.0001202535901252,,False
2362_7,mp-1207056,Y4 Sb4 Pd4,2362,210,0.0624999999999999,48,0,na,"(39, 46, 51)",0.22805287,0.0001202803748073,0.07165369869903153,True
2339_4,mp-1018713,Hf2 Cu2 Sn2,2339,221,0.190458235539861,60,0,na,"(29, 50, 72)",0.22801375,0.0001202742086386,0.08527336244868826,True
1140_5,mp-864877,Hf8 Co4 Re4,1140,210,0.0625,64,0,na,"(27, 72, 75)",0.2279047,0.0001202592897991,,False
1534_1,mp-867834,Li4 Hf4 Pt8,1534,111,0.3749999999999998,48,0,na,"(3, 72, 78)",0.22786272,0.000120251599434,,False
1665_1,mp-977357,Ta8 Re4 Ru4,1665,111,0.3750000000000002,48,0,na,"(44, 73, 75)",0.22769499,0.0001201775336394,0.17359214818968782,True
1130_3,mp-1185621,Mg4 Zn8 Ir4,1130,110,0.25,48,0,na,"(12, 30, 77)",0.22759792,0.0001206089032795,,False
1294_3,mp-864895,Be8 Ni4 Rh4,1294,110,0.25,48,0,na,"(4, 28, 45)",0.22721928,0.0001204227780747,0.15085632792433637,True
1805_0,mp-867270,Be8 Co4 Pt4,1805,111,0.125,64,0,na,"(4, 27, 78)",0.227158,0.000120404800083,0.19038890036365988,True
1507_0,mp-12781,Sc4 Al8 Ni4,1507,111,0.0,64,0,na,"(13, 21, 28)",0.22711314,0.0001203955182971,0.11074141978533905,True
1203_5,mp-865507,V4 Si4 Ru8,1203,210,0.0625,64,0,na,"(14, 23, 44)",0.2270983,0.0001204021473063,0.14951557529803436,True
2405_10,mp-7878,Ca2 Ag4 Ge4,2405,210,0.125,60,0,na,"(20, 32, 47)",0.22685552,0.0001203147276883,0.053556937102895545,True
1605_22,mp-1079890,Al8 Cu4 Ir4,1605,121,0.1076359313001855,64,0,na,"(13, 29, 77)",0.22681102,0.0001203056012757,0.13102275884596215,True
1144_1,mp-1185943,Mg4 Ru8 W4,1144,111,0.3749999999999998,48,0,na,"(12, 44, 74)",0.22666138,0.000120240694526,,False
1737_3,mp-866069,Mg4 Sc4 Rh8,1737,110,0.25,48,0,na,"(12, 21, 45)",0.22662252,0.0001202345369233,0.09953136712855307,True
2522_5,mp-864980,Mn4 Al4 Ru8,2522,210,0.0624999999999999,64,0,na,"(13, 25, 44)",0.22631459,0.000120143402723,0.17122042140767568,True
2002_5,mp-864639,Ta8 Nb4 Os4,2002,210,0.0625,64,0,na,"(41, 73, 76)",0.22628705,0.0001201432170053,0.1889077239863597,True
1431_3,mp-865680,Ti4 Si4 Os8,1431,110,0.25,48,0,na,"(14, 22, 76)",0.22624224,0.0001201338591749,0.15736103844146096,True
1378_1,mp-865681,Ti4 Si4 Ru8,1378,111,0.375,48,0,na,"(14, 22, 44)",0.22606647,0.0001200549485676,0.18905533077161546,True
1729_5,mp-865066,Hf4 In4 Rh8,1729,210,0.0625,64,0,na,"(45, 49, 72)",0.22598419,0.0001200256625931,0.10786180991946928,True
1626_31,mp-1224823,Ga2 Ge2 Pt12,1626,112,0.1478680535762482,64,0,na,"(31, 32, 78)",0.22588135,0.000119985443117,,False
1143_3,mp-13572,Sc4 Si4 Pt8,1143,111,0.5,64,0,na,"(14, 21, 78)",0.22584662,0.0001199813909811,0.1199560620438804,True
1570_5,mp-1184586,Hf8 Co4 Os4,1570,210,0.0625,64,0,na,"(27, 72, 76)",0.22573821,0.0001199381883397,0.14936382309392665,True
2051_3,mp-865441,Ti4 Al4 Pd8,2051,110,0.25,48,0,na,"(13, 22, 46)",0.22571538,0.0001199404438486,0.08948697278498179,True
1575_5,mp-1018782,Li3 Y1 Bi2,1575,221,0.2126534376194689,60,0,na,"(3, 39, 83)",0.22567412,0.0001199329039511,,False
1844_10,mp-568113,Ba2 As4 Rh4,1844,210,0.1249999999999999,60,0,na,"(33, 45, 56)",0.22565164,0.000119935341309,0.06449207476813583,True
1455_1,mp-16481,Ti2 Al2 Au2,1455,221,0.0625,60,0,na,"(13, 22, 79)",0.22563365,0.0001199401645694,,False
2038_3,mp-864944,Mn4 Be8 Pt4,2038,110,0.25,48,0,na,"(4, 25, 78)",0.22553538,0.000119902308251,0.11867637918708429,True
2497_3,mp-865187,Mg4 Fe4 Rh8,2497,110,0.25,48,0,na,"(12, 26, 45)",0.22546841,0.0001198810787305,0.10969746968539162,True
2267_18,mp-13314,Sc3 Tl3 Te6,2267,20-1,0.1914545519325839,72,0,na,"(21, 52, 81)",0.22543731,0.0001198789141396,,False
1428_48,mp-22191,Hf3 Fe3 Ge3,1428,102,0.145374781580647,54,0,na,"(26, 32, 72)",0.22525562,0.0001197966594603,,False
1859_73,mp-1207905,Y8 Ge8 Ru4,1859,102,0.0,80,0,na,"(32, 39, 44)",0.22490257,0.0001203630775443,0.09545363575333464,True
2576_7,mp-1094088,Nb4 Co4 Sn4,2576,210,0.0625,48,0,na,"(27, 41, 50)",0.22489005,0.0001206843966147,0.13849317634937855,True
1572_21,mp-1228798,Cs2 Ta2 Te6,1572,2-12,0.1117016639976711,40,0,na,"(52, 55, 73)",0.22487448,0.0001206906066444,,False
1969_4,mp-991652,V1 Cu3 Te4,1969,221,0.1878960641958144,48,0,na,"(23, 29, 52)",0.22476119,0.0001206443643045,0.030007146167362865,True
908_5,mp-862699,Sc4 Ta4 Os8,908,210,0.0625,64,0,na,"(21, 73, 76)",0.2247477,0.0001206516792644,0.18541939276463756,True
1618_3,mp-864651,Ta8 Nb4 Ru4,1618,110,0.25,48,0,na,"(41, 44, 73)",0.22462979,0.0001206318333713,,False
1252_1,mp-1215207,Zr4 Sc4 Fe16,1252,111,0.5623845560343208,72,0,na,"(21, 26, 40)",0.22457987,0.0001206195756393,0.14907266707060635,True
1019_2,mp-569012,Cs2 As4 Rh4,1019,221,0.0395524204471832,80,0,na,"(33, 45, 55)",0.22452351,0.0001206038524391,,False
1784_3,mp-5288,Y2 Fe4 Si4,1784,221,0.0961135616701903,80,0,na,"(14, 26, 39)",0.22449659,0.0001206039375348,,False
2256_3,mp-1184678,Hf8 Fe4 Rh4,2256,110,0.25,48,0,na,"(26, 45, 72)",0.22436754,0.0001214200355745,0.11030028325026126,True
1890_5,mp-867255,Li4 Zn8 Au4,1890,210,0.0625,64,0,na,"(3, 30, 79)",0.22424659,0.0001222456895582,0.05819091063049567,True
1139_0,mp-977555,Mg4 Nb4 Rh8,1139,111,0.125,48,0,na,"(12, 41, 45)",0.22413872,0.0001222018239991,0.12696769780586079,True
1104_12,mp-1222673,Li6 Ga3 Cu9,1104,101,0.1877087057396651,54,0,na,"(3, 29, 31)",0.22410321,0.000122197396471,0.0657204887467548,True
2081_0,mp-862610,Li4 Hf4 Ir8,2081,111,0.1250000000000002,48,0,na,"(3, 72, 77)",0.22402036,0.0001222326913369,0.13485374248342466,True
2393_5,mp-865591,Ti8 Ni4 Mo4,2393,210,0.0625,64,0,na,"(22, 28, 42)",0.22388802,0.0001221754162196,0.1553214981447538,True
2329_5,mp-972337,Ti8 Ir4 W4,2329,210,0.0625,64,0,na,"(22, 74, 77)",0.22346081,0.00012195718842,0.17383182326348162,True
1140_3,mp-864877,Hf8 Co4 Re4,1140,110,0.25,48,0,na,"(27, 72, 75)",0.22329512,0.0001220019201693,0.14589004142685996,True
1492_35,mp-15685,Na8 Cu4 As4,1492,102,0.0942582462643173,64,0,na,"(11, 29, 33)",0.22323148,0.0001219820311774,,False
1166_0,mp-1227272,Be16 Al4 Fe4,1166,111,0.3115743032493263,72,0,na,"(4, 13, 26)",0.22314858,0.0001219516074211,0.1217530837626996,True
1250_3,mp-7187,Ti4 Al4 Ni8,1250,110,0.25,48,0,na,"(13, 22, 28)",0.22313768,0.0001219605238086,,False
895_5,mp-865656,Ti4 Mn8 W4,895,210,0.0625,64,0,na,"(22, 25, 74)",0.22313488,0.0001219738694076,0.19845555957354155,True
2285_5,mp-867775,Al8 Ni4 Ru4,2285,210,0.0624999999999999,64,0,na,"(13, 28, 44)",0.22311959,0.000121980389742,0.1399391959828619,True
1259_1,mp-864949,Mn4 Ga4 Rh8,1259,111,0.375,48,0,na,"(25, 31, 45)",0.223107,0.0001219883869286,,False
1532_5,mp-862781,Al4 Cr4 Ru8,1532,210,0.0624999999999999,64,0,na,"(13, 24, 44)",0.2229242,0.0001219033080191,,False
1865_0,mp-866012,Hf8 Zn4 Re4,1865,111,0.125,48,0,na,"(30, 72, 75)",0.2228422,0.0001218733241071,0.14602386280175778,True
1559_1,mp-1080133,Sr4 Ga12 Pd4,1559,111,0.1197613283290692,60,0,na,"(31, 38, 46)",0.2227341,0.0001218290514799,0.06481326725087196,True
2396_5,mp-1187920,Zn4 Ge4 Rh8,2396,210,0.0625,64,0,na,"(30, 32, 45)",0.22271244,0.0001218320467748,0.08657788810349089,True
1883_21,mp-1217089,Ti4 Al2 Si6,1883,210,0.0001741588282069,72,0,na,"(13, 14, 22)",0.22241458,0.0001216839312003,0.1309560829311776,True
2415_4,mp-569151,Mn2 Ga2 Pt2,2415,212,0.2499999999999997,48,0,na,"(25, 31, 78)",0.2223221,0.0001216481376357,0.09189475794691367,True
1649_2,mp-570837,Cs2 As4 Ru4,1649,221,0.0401703719942627,80,0,na,"(33, 44, 55)",0.22231957,0.0001216615531952,,False
2065_17,mp-1070498,Rb4 Te4 Pt2,2065,201,0.0505751672666869,60,0,na,"(37, 52, 78)",0.22217593,0.0001215977418047,0.03667505989155444,True
1457_11,mp-1018709,Hf2 Ga1 Sb3,1457,211,0.1250000000000002,72,0,na,"(31, 51, 72)",0.22192357,0.0001214743952173,0.07066841922646121,True
2060_3,mp-865586,V4 Ga4 Ru8,2060,110,0.25,48,0,na,"(23, 31, 44)",0.22186713,0.0001214582556996,0.14475920159590394,True
1541_3,mp-1188021,Zr4 Ga4 Rh8,1541,110,0.2499999999999999,48,0,na,"(31, 40, 45)",0.22180676,0.0001214399568188,0.08503302129947557,True
2337_5,mp-979259,V8 Re4 Mo4,2337,210,0.0625,64,0,na,"(23, 42, 75)",0.22172117,0.0001215579609772,0.2063137952061099,True
1195_1,mp-865531,Ti4 Mn8 Al4,1195,111,0.375,48,0,na,"(13, 22, 25)",0.22168888,0.0001215550340644,,False
1449_23,mp-12903,Y2 Ag2 Te4,1449,211,0.3291350154375951,64,0,na,"(39, 47, 52)",0.2216515,0.0001216506487076,,False
1109_25,mp-1217124,Ti6 Co9 Sn6,1109,101,0.8153597053492139,63,0,na,"(22, 27, 50)",0.2216434,0.000121661003264,0.1292030011186198,True
2255_12,mp-1220426,Nb1 Ni6 Mo1,2255,221,0.3735466805742292,64,0,na,"(28, 41, 42)",0.22136748,0.000121524334377,0.16836772910115644,True
2309_1,mp-865728,Ti8 Re4 Ni4,2309,111,0.3749999999999998,48,0,na,"(22, 28, 75)",0.22136472,0.0001215375889916,0.14811324884213603,True
1912_6,mp-1217067,Ti2 Re1 Os1,1912,211,0.06266415485592,64,0,na,"(22, 75, 76)",0.2213578,0.0001215485623695,0.1950413771882326,True
2572_6,mp-862730,Li4 Ga4 Rh8,2572,100,0.125,32,0,na,"(3, 31, 45)",0.22135203,0.0001215601695004,0.10552315077861675,True
1369_5,mp-862764,Li4 Ca8 Rh4,1369,210,0.0625,64,0,na,"(3, 20, 45)",0.2213162,0.0001215552689739,0.04382115612017751,True
1755_3,mp-34232,K2 As4 Rh4,1755,221,0.0992621847296781,80,0,na,"(19, 33, 45)",0.22121345,0.0001215136053875,0.06590655113148705,True
1142_3,mp-864971,Mn4 Sn4 Ru8,1142,110,0.2499999999999999,48,0,na,"(25, 44, 50)",0.22113971,0.0001214878620812,0.11136684409479342,True
1694_2,mp-1218889,Sr2 Si4 Pt4,1694,221,0.0353416086415521,80,0,na,"(14, 38, 78)",0.22101718,0.000121435300502,,False
1492_42,mp-15685,Na8 Cu4 As4,1492,012,0.0437368593475149,64,0,na,"(11, 29, 33)",0.22098932,0.0001214347396154,0.042695241894621865,True
2325_1,mp-10895,Mn8 Al4 V4,2325,111,0.375,48,0,na,"(13, 23, 25)",0.22096495,0.0001214360947387,0.17021570661544355,True
1839_9,mp-4822,Y2 Si4 Pd4,1839,210,0.125,60,0,na,"(14, 39, 46)",0.22088848,0.0001214088123989,0.10206905191931054,True
1367_0,mp-1183136,Al8 Os4 Rh4,1367,111,0.125,48,0,na,"(13, 45, 76)",0.22087672,0.0001214170897548,,False
1659_5,mp-865870,Li4 Zr8 Os4,1659,210,0.0624999999999999,64,0,na,"(3, 40, 76)",0.2208748,0.0001214307780925,0.10971338850178734,True
1414_50,mp-1079038,Hf3 Sn3 Ir3,1414,102,0.2500000000000002,54,0,na,"(50, 72, 77)",0.22082731,0.0001214476419232,0.09909272100661236,True
2189_3,mp-861903,Li4 Bi4 Rh8,2189,110,0.25,48,0,na,"(3, 45, 83)",0.22065505,0.0001216051754553,0.05476067644923567,True
1941_1,mp-862377,Li4 Be8 Ir4,1941,111,0.375,64,0,na,"(3, 4, 77)",0.22058411,0.0001215808645837,0.17496236838625412,True
2435_17,mp-571147,Hf2 Si4 Ni4,2435,112,0.5,50,0,na,"(14, 28, 72)",0.22057632,0.0001215913540976,0.11836545045527613,True
1592_5,mp-867253,Li4 Zn8 Ir4,1592,210,0.0625,64,0,na,"(3, 30, 77)",0.22028714,0.0001214467122526,0.0881105096685727,True
1515_0,mp-862695,Al8 Co4 Ru4,1515,111,0.125,48,0,na,"(13, 27, 44)",0.22028401,0.0001214597375351,,False
1239_1,mp-865021,Be8 Ru4 Pt4,1239,111,0.375,64,0,na,"(4, 44, 78)",0.22025666,0.0001214594097773,0.1672809313413107,True
2198_7,mp-961713,Zr4 Sn4 Pt4,2198,210,0.0625,48,0,na,"(40, 50, 78)",0.22020401,0.0001214451268572,0.11401971702615112,True
1575_3,mp-1018782,Li3 Y1 Bi2,1575,221,0.061837746137069,60,0,na,"(3, 39, 83)",0.22019213,0.0001214533248106,0.04412754639968649,True
2115_5,mp-865588,Y8 Cu4 Ru4,2115,210,0.0625,64,0,na,"(29, 39, 44)",0.2201353,0.000121436727478,0.09020809017965623,True
2388_5,mp-1188031,Zr4 Sc4 Co8,2388,210,0.0625,64,0,na,"(21, 27, 40)",0.2200852,0.0001214238353335,0.11805454038615462,True
2364_1,mp-865924,Li4 Zr4 Au8,2364,111,0.3750000000000002,48,0,na,"(3, 40, 79)",0.2200351,0.0001214109367008,0.06690958182040581,True
1743_0,mp-862705,Al4 Zn4 Ir8,1743,111,0.1250000000000002,48,0,na,"(13, 30, 77)",0.22001682,0.0001214155913456,0.15468415123282708,True
2532_3,mp-1186222,Nb4 Ga4 Os8,2532,110,0.2499999999999999,48,0,na,"(31, 41, 76)",0.21999693,0.0001214193573146,0.14478233812646604,True
909_5,mp-977382,Ta8 V4 Ru4,909,210,0.0625,64,0,na,"(23, 44, 73)",0.2199649,0.0001214164218172,0.18351374914446994,True
1188_3,mp-977571,Mg4 Rh8 Pb4,1188,110,0.25,48,0,na,"(12, 45, 82)",0.21994102,0.0001214179826505,,False
1473_38,mp-7774,Na8 Sb4 Au4,1473,112,0.1134443526563107,64,0,na,"(11, 51, 79)",0.21977504,0.0001213410867267,,False
1473_24,mp-7774,Na8 Sb4 Au4,1473,201,0.0200426922722662,64,0,na,"(11, 51, 79)",0.21966088,0.0001212927750804,0.045359799283395695,True
1228_5,mp-863690,Ti8 Mn4 Co4,1228,210,0.0624999999999999,64,0,na,"(22, 25, 27)",0.2195741,0.000121259564639,,False
2339_3,mp-1018713,Hf2 Cu2 Sn2,2339,221,0.0654582355398609,60,0,na,"(29, 50, 72)",0.21954222,0.0001212566624728,0.085915551202425,True
1988_23,mp-1078782,Y4 Co4 Si8,1988,101,0.0,64,0,na,"(14, 27, 39)",0.21941589,0.0001212015849028,0.09846186218136314,True
2561_3,mp-862296,Li4 Al4 Pt8,2561,110,0.25,48,0,na,"(3, 13, 78)",0.2193188,0.0001211626391512,0.07970959105591825,True
2538_0,mp-1216057,Y6 Ni3 Ru9,2538,111,0.0615287248352846,72,0,na,"(28, 39, 44)",0.21930262,0.0001211683815935,,False
1345_10,mp-865747,Y4 Mg2 Ge4,1345,212,0.2191756976951594,60,0,na,"(12, 32, 39)",0.21924025,0.0001211486005006,0.09318324898484569,True
