,0,1,2,3,4,5,6,7,8
0,mp-10006,slab,-22.78479138,1417.648,True,"[3.56734821, -0.0, 0.0, 0.0, 3.56734821, 0.0, -0.0, -0.0, 19.01268812]",8.0,1.25e-08,local
1,mp-10010,slab,-31.34794138,87.958,True,"[1.96643406, -3.40596369, -0.0, 1.96643406, 3.40596369, 0.0, 0.0, 0.0, 4.62541527]",5.0,3.06e-06,local
2,mp-10015,slab,-17.33594727,17.491,True,"[2.96111914, 0.0, 0.0, 0.0, 2.96111914, 0.0, 0.0, 0.0, 2.96111914]",2.0,5e-08,local
3,mp-1001615,slab,-22.92308124,77.043,True,"[1.86887317, -3.23698329, 0.0, 1.86887317, 3.23698329, -0.0, -0.0, 0.0, 6.69197911]",4.0,1.25e-07,local
4,mp-1001787,slab,-48.47121978,472.774,True,"[2.67358178, 0.0, 0.0, 0.0, 4.68858164, 0.0, 0.0, 0.0, 8.64933127]",8.0,0.0,local
5,mp-1001836,slab,-12.14781927,91.837,True,"[2.70555071, 0.0, 0.0, 0.0, 2.70555071, 0.0, 0.0, 0.0, 3.68309879]",2.0,1.27094435,local
6,mp-1001914,slab,-69.6490859,157.649,True,"[6.11460441, -0.0, 0.0, 0.0, 6.11460441, 0.0, -0.0, -0.0, 6.11460441]",16.0,1e-07,local
7,mp-1002106,slab,-16.37741885,21.993,True,"[3.3231393, -0.0, 0.0, 0.0, 3.3231393, 0.0, -0.0, -0.0, 3.3231393]",2.0,5e-08,local
8,mp-1002109,slab,-16.02670165,36.878,True,"[2.8804317, -0.0, 0.0, 0.0, 2.8804317, 0.0, 0.0, 0.0, 2.8804317]",2.0,4.9e-06,local
9,mp-1002122,slab,-20.55739931,17.852,True,"[3.28262944, -0.0, 0.0, 0.0, 3.28262944, 0.0, -0.0, 0.0, 3.28262944]",2.0,0.0,local
10,mp-10026,slab,-23.45816981,74.569,True,"[2.06141488, -3.5704753, 0.0, 2.06141488, 3.5704753, 0.0, 0.0, -0.0, 7.00769808]",4.0,5e-08,local
11,mp-10032,slab,-82.08078643,2504.275,True,"[0.0, 9.09792027, -0.01366564, 3.13250736, 0.0, 0.0, 0.0, -3.79580357, -6.76718937]",12.0,0.0,local
12,mp-10052,slab,-28.65781123,169.724,True,"[1.83630243, -3.1805691, -0.0, 1.83630243, 3.1805691, 0.0, 0.0, 0.0, 6.09724421]",4.0,0.0,local
13,mp-10054,slab,-61.42445096,52.906,True,"[5.46839282, 0.0, 0.0, 0.0, 5.46839282, 0.0, 0.0, 0.0, 5.46839282]",8.0,1.875e-07,local
14,mp-1006132,slab,-66.70551257,217.152,True,"[3.16816815, -5.4874282, 0.0, 3.16816815, 5.4874282, -0.0, -0.0, -0.0, 5.1522598]",8.0,1.375e-07,local
15,mp-10063,slab,-52.19832105,616.376,True,"[6.6436123, 0.0, 0.0, 0.0, 6.6436123, 0.0, 0.0, 0.0, 13.11671989]",16.0,0.0,local
16,mp-1006883,slab,-12.1839857,22.288,True,"[2.80799085, 0.0, 0.0, 0.0, 2.80799085, 0.0, 0.0, -0.0, 2.80799085]",2.0,1.1797152,local
17,mp-10074,slab,-49.1327951,1116.393,True,"[6.04611945, 0.0, 0.0, 0.0, 6.04611945, 0.0, 0.0, 0.0, 9.69913914]",12.0,7.5e-08,local
18,mp-1007656,slab,-29.03851347,39.699,True,"[4.00340813, 0.0, 0.0, 0.0, 4.00340813, 0.0, -0.0, -0.0, 4.00340813]",4.0,0.0,local
19,mp-1007657,slab,-38.39802429,39.539,True,"[3.94633304, -0.0, 0.0, 0.0, 3.94633304, 0.0, 0.0, 0.0, 3.94633304]",4.0,4.5e-07,local
20,mp-1007664,slab,-39.98907336,130.502,True,"[4.16915367, 0.0, 0.0, 0.0, 4.16915367, 0.0, 0.0, 0.0, 7.58540575]",8.0,3.75e-08,local
21,mp-1007685,slab,-40.75577012,502.849,True,"[2.00100906, -3.46584936, 0.0, 2.00100906, 3.46584936, -0.0, -0.0, -0.0, 19.93215865]",12.0,8.333333333333334e-09,local
22,mp-1007691,slab,-73.23813505,302.303,True,"[3.39342068, 0.0, 0.0, 0.0, 10.3552445, 0.0, -0.0, 0.0, 4.29687023]",8.0,0.0,local
23,mp-1007692,slab,-65.99761854,408.593,True,"[3.31641402, 0.0, 0.0, 0.0, 10.30055544, 0.0, -0.0, 0.0, 4.37866316]",8.0,0.0,local
24,mp-1007730,slab,-22.61013805,15.532,True,"[4.09106384, 0.0, 0.0, 0.0, 4.09106384, 0.0, 0.0, 0.0, 4.09106384]",4.0,0.0,local
25,mp-1007755,slab,-28.51405746,150.706,True,"[3.50630073, 0.0, 0.0, 0.0, 3.50630073, 0.0, 0.0, 0.0, 6.35301342]",4.0,0.0,local
26,mp-1007758,slab,-21.68231195,167.061,True,"[3.09445201, 0.0, 0.0, 0.0, 3.09445201, 0.0, 0.0, 0.0, 9.09932892]",4.0,5e-08,local
27,mp-1007786,slab,-41.31086966,254.589,True,"[0.0, 3.15507284, -0.00205474, 4.48877068, 0.0, 0.0, 0.0, -1.48548045, -5.08205142]",4.0,0.0,local
28,mp-1007821,slab,-91.32908007,123.292,True,"[5.682568, 0.0, 0.0, 0.0, 5.682568, 0.0, 0.0, 0.0, 5.682568]",16.0,0.6683737625,local
29,mp-1007852,slab,-28.57539415,80.069,True,"[3.44921642, -0.0, 0.0, 0.0, 3.44921642, 0.0, -0.0, -0.0, 3.44921642]",4.0,0.001727775,local
30,mp-1007853,slab,-120.21443322,496.394,True,"[5.71709327, 0.0, 0.0, 0.0, 5.71709327, 0.0, 0.0, 0.0, 5.71709327]",16.0,2.17573884375,local
31,mp-1007854,slab,-98.24330005,556.429,True,"[5.63675812, 0.0, 0.0, 0.0, 5.63675812, 0.0, 0.0, 0.0, 5.63675812]",16.0,1.0849449,local
32,mp-1007855,slab,-49.86818615,266.661,True,"[3.53963454, 0.0, 0.0, 0.0, 3.53963454, 0.0, 0.0, 0.0, 7.08820136]",8.0,1.1468651875,local
33,mp-1007862,slab,-60.01967589,577.089,True,"[3.52455368, -0.0, 0.0, 0.0, 3.52455368, 0.0, 0.0, -0.0, 7.49837351]",8.0,2.085645725,local
34,mp-1007923,slab,-51.96605821,375.339,True,"[3.51596737, 0.0, 0.0, 0.0, 3.51596737, 0.0, 0.0, 0.0, 7.14363581]",8.0,0.34870815,local
35,mp-1007974,slab,-25.94799886,56.98,True,"[3.5505274, 0.0, 0.0, 0.0, 3.5505274, 0.0, -0.0, -0.0, 3.5505274]",4.0,0.540572125,local
36,mp-1007975,slab,-101.91563159,406.842,True,"[5.64372658, 0.0, 0.0, 0.0, 5.64372658, 0.0, 0.0, -0.0, 5.64372658]",16.0,0.51397578125,local
37,mp-1007991,slab,-91.20194744,274.132,True,"[6.06911582, 0.0, 0.0, 0.0, 6.06911582, 0.0, 0.0, 0.0, 6.06911582]",16.0,0.91314260625,local
38,mp-1008224,slab,-120.90211392,225.695,True,"[5.62990124, -0.0, 0.0, 0.0, 5.62990124, 0.0, -0.0, 0.0, 5.62990124]",16.0,1.00118753125,local
39,mp-1008225,slab,-117.37015522,284.561,True,"[5.951888, 0.0, 0.0, 0.0, 5.951888, 0.0, 0.0, 0.0, 5.951888]",16.0,0.748799625,local
40,mp-1008274,slab,-34.2399756,59.436,True,"[3.59099009, 0.0, 0.0, 0.0, 3.59099009, 0.0, -0.0, -0.0, 3.59099009]",4.0,0.00123075,local
41,mp-1008275,slab,-133.3649159,394.088,True,"[5.77317406, 0.0, 0.0, 0.0, 5.77317406, 0.0, 0.0, 0.0, 5.77317406]",16.0,0.8993584125,local
42,mp-1008277,slab,-112.49466107,96.903,True,"[5.786624, 0.0, 0.0, 0.0, 5.786624, 0.0, 0.0, 0.0, 5.786624]",16.0,1.2581173875,local
43,mp-1008278,slab,-33.44543318,41.53,True,"[3.569271, 0.0, 0.0, 0.0, 3.569271, 0.0, 0.0, 0.0, 3.569271]",4.0,0.0002076,local
44,mp-1008279,slab,-32.06224412,72.903,True,"[3.5839662, 0.0, 0.0, 0.0, 3.5839662, 0.0, -0.0, 0.0, 3.5839662]",4.0,0.00191105,local
45,mp-1008280,slab,-30.39538629,102.439,True,"[3.47536674, -0.0, 0.0, 0.0, 3.47536674, 0.0, -0.0, -0.0, 3.47536674]",4.0,5.1675e-05,local
46,mp-1008282,slab,-145.22373877,1187.957,True,"[5.67714083, -0.0, 0.0, 0.0, 5.67714083, 0.0, -0.0, 0.0, 5.67714083]",16.0,0.5020380625,local
47,mp-1008284,slab,-66.6106717,420.251,True,"[3.57879727, -0.0, 0.0, 0.0, 3.57879727, 0.0, -0.0, -0.0, 7.15311698]",8.0,0.175075925,local
48,mp-1008349,slab,-26.56238054,65.44,True,"[3.51457945, -0.0, 0.0, 0.0, 3.51457945, 0.0, -0.0, -0.0, 3.51457945]",4.0,1.4048689,local
49,mp-1008471,slab,-17.79534394,133.174,True,"[5.94193948, -0.0, 0.0, 0.0, 7.03166025, 0.0, -0.0, -0.0, 5.77499543]",8.0,2e-07,local
50,mp-1008488,slab,-19.44707002,120.576,True,"[2.16769967, -3.75456597, -0.0, 2.16769967, 3.75456597, -0.0, -0.0, -0.0, 5.70476215]",4.0,0.0,local
51,mp-1008505,slab,-32.71192958,309.839,True,"[4.50200762, 0.0, 0.0, 0.0, 11.96001101, 0.0, 0.0, 0.0, 4.71347327]",8.0,0.0,local
52,mp-1008511,slab,-39.44363161,1027.559,True,"[2.17072151, -3.75979995, 0.0, 2.17072151, 3.75979995, -0.0, 0.0, -0.0, 17.14701184]",12.0,8.333333333333334e-09,local
53,mp-1008554,slab,-20.80162881,122.726,True,"[3.91516666, -0.0, 0.0, 0.0, 3.91516666, 0.0, 0.0, 0.0, 3.91516666]",4.0,0.259359875,local
54,mp-1008555,slab,-15.64375694,56.834,True,"[3.69129685, 0.0, 0.0, 0.0, 3.69129685, 0.0, 0.0, 0.0, 3.69129685]",4.0,2.25e-07,local
55,mp-1008568,slab,-24.11070094,84.23,True,"[2.36176023, -4.09068872, -0.0, 2.36176023, 4.09068872, 0.0, -0.0, 0.0, 3.01206622]",3.0,3.766666666666667e-06,local
56,mp-1008601,slab,-28.28178157,293.16,True,"[3.56645954, -0.0, 0.0, 0.0, 3.56645954, 0.0, 0.0, 0.0, 9.06227773]",6.0,2.6e-06,local
57,mp-1008624,slab,-73.55643866,169.393,True,"[6.72978666, 0.0, 0.0, 0.0, 6.72978666, 0.0, 0.0, 0.0, 6.72978666]",12.0,8.333333333333334e-09,local
58,mp-1008626,slab,-16.20586187,502.919,True,"[1.80381643, -3.1243017, -0.0, 1.80381643, 3.1243017, 0.0, -0.0, 0.0, 7.16336071]",3.0,0.2840399666666667,local
59,mp-1008680,slab,-84.19765454,417.145,True,"[5.98866557, 0.0, 0.0, 0.0, 5.98866557, 0.0, 0.0, 0.0, 5.98866557]",12.0,0.0,local
60,mp-1008872,slab,-81.09830352,138.301,True,"[5.84509148, -0.0, 0.0, 0.0, 5.84509148, 0.0, 0.0, 0.0, 5.84509148]",12.0,0.9999972,local
61,mp-1008873,slab,-78.75311862,187.12,True,"[5.62158232, -0.0, 0.0, 0.0, 5.62158232, 0.0, 0.0, 0.0, 5.62158232]",12.0,1.3324574833333334,local
62,mp-1008874,slab,-77.61205439,139.261,True,"[5.86225518, -0.0, 0.0, 0.0, 5.86225518, 0.0, -0.0, -0.0, 5.86225518]",12.0,1.3332460583333334,local
63,mp-1008903,slab,-36.27736691,58.453,True,"[6.56263078, 0.0, 0.0, 0.0, 6.56263078, 0.0, 0.0, 0.0, 6.56263078]",12.0,9.16666666666667e-08,local
64,mp-1008911,slab,-65.77177192,123.172,True,"[6.00003748, -0.0, 0.0, 0.0, 6.00003748, 0.0, -0.0, -0.0, 6.00003748]",12.0,1.5041478416666667,local
65,mp-1009018,slab,-5.19996903,40.042,True,"[3.52306446, 0.0, 0.0, 0.0, 3.52306446, 0.0, -0.0, 0.0, 3.52306446]",2.0,0.0,local
66,mp-1009079,slab,-50.59644836,39.529,True,"[5.72093, 0.0, 0.0, 0.0, 5.72093, 0.0, 0.0, 0.0, 5.72093]",8.0,1.99807285,local
67,mp-1009133,slab,-16.03666864,16.311,True,"[2.8536, 0.0, 0.0, 0.0, 2.8536, 0.0, 0.0, 0.0, 2.8536]",2.0,2.02029475,local
68,mp-1009134,slab,-17.05550958,162.596,True,"[2.45524366, -0.0, 0.0, 0.0, 2.45524366, 0.0, -0.0, -0.0, 3.47164354]",2.0,3.58e-05,local
69,mp-1009206,slab,-11.93129287,184.737,True,"[3.16045912, -0.0, 0.0, 0.0, 3.16045912, 0.0, 0.0, 0.0, 3.16045912]",2.0,2.955e-05,local
70,mp-1009217,slab,-51.41422463,75.07,True,"[5.57615675, 0.0, 0.0, 0.0, 5.57615675, 0.0, -0.0, -0.0, 5.57615675]",8.0,1.924265025,local
71,mp-1009222,slab,-48.92668261,31.045,True,"[6.37994034, 0.0, 0.0, 0.0, 6.37994034, 0.0, 0.0, 0.0, 6.37994034]",8.0,2.4839124125,local
72,mp-1009238,slab,-44.01624092,456.596,True,"[3.53270792, 0.0, 0.0, 0.0, 3.53270792, 0.0, 0.0, 0.0, 10.8332018]",6.0,8.333333333333334e-08,local
73,mp-1009264,slab,-17.31598539,45.392,True,"[3.08028631, 0.0, 0.0, 0.0, 3.08028631, 0.0, 0.0, -0.0, 3.08028631]",2.0,0.876254,local
74,mp-10092,slab,-29.40853412,942.592,True,"[4.02534204, 0.0, 0.0, 0.0, 4.02534204, 0.0, -0.0, 0.0, 9.90468415]",8.0,0.0,local
75,mp-1009581,slab,-17.86603839,114.518,True,"[1.76338174, -3.05426678, -0.0, 1.76338174, 3.05426678, 0.0, 0.0, -0.0, 5.81309287]",3.0,0.7364479666666667,local
76,mp-1009641,slab,-13.90178407,63.351,True,"[1.89132145, -3.27586485, 0.0, 1.89132145, 3.27586485, -0.0, 0.0, 0.0, 5.62164494]",3.0,5.666666666666667e-07,local
77,mp-1009826,slab,-19.01204624,46.663,True,"[3.05599789, -0.0, 0.0, 0.0, 3.05599789, 0.0, 0.0, 0.0, 3.05599789]",2.0,0.0154106,local
78,mp-1009834,slab,-37.42508952,117.655,True,"[3.14788967, -0.0, 0.0, 0.0, 3.14788967, 0.0, 0.0, 0.0, 8.46191701]",6.0,6.666666666666668e-08,local
79,mp-10098,slab,-33.46189757,286.836,True,"[2.23537516, -3.87178335, 0.0, 2.23537516, 3.87178335, -0.0, -0.0, -0.0, 7.35530458]",6.0,1.6666666666666667e-08,local
80,mp-1010071,slab,-16.20968673,68.643,True,"[2.8450403, 0.0, 0.0, 0.0, 2.8450403, 0.0, -0.0, -0.0, 2.8450403]",2.0,1.48252105,local
81,mp-1010953,slab,-7.2886079,35.1,True,"[3.04870656, 0.0, 0.0, 0.0, 3.04870656, 0.0, -0.0, 0.0, 3.04870656]",2.0,1e-06,local
82,mp-10125,slab,-26.71455122,24.996,True,"[2.03193467, -3.51941408, 0.0, 2.03193467, 3.51941408, -0.0, 0.0, 0.0, 5.59269128]",4.0,2.025e-06,local
83,mp-1014219,slab,-11.42484101,25.866,True,"[3.3002206, 0.0, 0.0, 0.0, 3.3002206, 0.0, -0.0, 0.0, 3.3002206]",2.0,1.1e-06,local
84,mp-1014229,slab,-34.5034388,347.814,True,"[3.03072242, 0.0, 0.0, 0.0, 3.03072242, 0.0, 0.0, 0.0, 10.68987374]",6.0,0.0,local
85,mp-1014230,slab,-9.32378958,27.441,True,"[3.14405605, -0.0, 0.0, 0.0, 3.14405605, 0.0, 0.0, 0.0, 3.14405605]",2.0,8e-07,local
86,mp-1014231,slab,-42.96480186,676.946,True,"[3.23757556, -0.0, 0.0, 0.0, 3.23757556, 0.0, 0.0, -0.0, 11.3564146]",6.0,0.0,local
87,mp-10154,slab,-90.1857489,154.097,True,"[6.11112537, -0.0, 0.0, 0.0, 6.11112537, 0.0, 0.0, -0.0, 6.11112537]",12.0,1.035149075,local
88,mp-10161,slab,-7.48974555,82.463,True,"[2.28514296, -3.95798372, 0.0, 2.28514296, 3.95798372, 0.0, -0.0, 0.0, 5.43442272]",3.0,0.0,local
89,mp-1016217,slab,-12.62706313,206.493,True,"[3.01997536, 0.0, 0.0, 0.0, 5.10655088, 0.0, -0.0, 0.0, 5.85023904]",4.0,0.0,local
90,mp-1016224,slab,-8.12172132,489.877,True,"[3.15360011, -0.0, 0.0, 0.0, 4.75860529, 0.0, 0.0, -0.0, 5.09124406]",4.0,0.0,local
91,mp-1016229,slab,-9.84263398,642.346,True,"[3.03797313, -0.0, 0.0, 0.0, 4.65122308, 0.0, -0.0, 0.0, 5.0768093]",4.0,7.5e-08,local
92,mp-1016237,slab,-5.510395,75.212,True,"[3.1924561, 0.0, 0.0, 0.0, 5.09123256, 0.0, 0.0, 0.0, 5.45965637]",4.0,7e-07,local
93,mp-1016239,slab,-13.77433628,188.798,True,"[3.02595328, 0.0, 0.0, 0.0, 5.08492587, 0.0, 0.0, 0.0, 5.79532078]",4.0,0.0,local
94,mp-1016243,slab,-5.68406772,199.15,True,"[3.13102027, 0.0, 0.0, 0.0, 4.92971741, 0.0, -0.0, 0.0, 5.29831524]",4.0,2e-07,local
95,mp-1016253,slab,-11.57757758,34.084,True,"[3.19189417, -5.52852288, -0.0, 3.19189417, 5.52852288, -0.0, 0.0, -0.0, 5.0815018]",8.0,1.25e-08,local
96,mp-1016256,slab,-19.67783416,46.063,True,"[3.20932747, -5.55871824, -0.0, 3.20932747, 5.55871824, 0.0, 0.0, -0.0, 5.04402669]",8.0,7.225e-06,local
97,mp-1016265,slab,-17.62811519,111.097,True,"[3.1792608, -5.50664124, -0.0, 3.1792608, 5.50664124, 0.0, -0.0, 0.0, 5.01819188]",8.0,0.1860930125,local
98,mp-1016277,slab,-17.02952458,33.855,True,"[3.30889994, -5.73118281, 0.0, 3.30889994, 5.73118281, -0.0, -0.0, -0.0, 5.15796766]",8.0,5e-08,local
99,mp-1016279,slab,-11.71284061,81.92,True,"[3.15415515, -5.46315697, -0.0, 3.15415515, 5.46315697, 0.0, -0.0, -0.0, 5.01179934]",8.0,3.75e-08,local
100,mp-1016282,slab,-18.72270132,185.547,True,"[3.14198427, -5.4420764, 0.0, 3.14198427, 5.4420764, -0.0, -0.0, -0.0, 5.00053526]",8.0,0.471095325,local
101,mp-1016284,slab,-18.62218591,47.338,True,"[3.221868, -5.58043908, -0.0, 3.221868, 5.58043908, 0.0, 0.0, 0.0, 5.04836994]",8.0,0.0726873875,local
102,mp-1016285,slab,-14.05948507,61.213,True,"[3.11020418, -5.38703166, 0.0, 3.11020418, 5.38703166, -0.0, 0.0, -0.0, 4.97979915]",8.0,1.25e-07,local
103,mp-1016298,slab,-18.3001239,36.081,True,"[3.14460828, -5.44662131, -0.0, 3.14460828, 5.44662131, 0.0, -0.0, -0.0, 5.05309049]",8.0,0.3787516125,local
104,mp-1016301,slab,-15.81159694,67.962,True,"[3.0798142, -5.33439467, -0.0, 3.0798142, 5.33439467, 0.0, -0.0, -0.0, 4.90967228]",8.0,6.25e-08,local
105,mp-1016310,slab,-16.63659821,58.82,True,"[3.07922077, -5.33336682, 0.0, 3.07922077, 5.33336682, 0.0, 0.0, 0.0, 4.89164001]",8.0,0.1055479125,local
106,mp-1016317,slab,-17.64366954,133.418,True,"[3.09641516, -5.36314837, -0.0, 3.09641516, 5.36314837, -0.0, 0.0, 0.0, 4.96743667]",8.0,0.29182965,local
107,mp-1016326,slab,-18.98986264,71.88,True,"[3.15104036, -5.457762, 0.0, 3.15104036, 5.457762, -0.0, 0.0, 0.0, 5.04440093]",8.0,0.4915037875,local
108,mp-1016331,slab,-19.49908242,56.999,True,"[3.15108753, -5.45784371, 0.0, 3.15108753, 5.45784371, -0.0, 0.0, -0.0, 4.97770516]",8.0,1.21375e-05,local
109,mp-10166,slab,-64.58182045,284.353,True,"[7.67726417, 0.0, 0.0, 0.0, 7.67726417, 0.0, 0.0, 0.0, 6.38351795]",16.0,1.8125e-07,local
110,mp-1017347,slab,-38.28286888,1168.323,True,"[8.89741001, -0.0, 0.0, 0.0, 8.91452859, 0.0, 0.0, 0.0, 4.49359322]",16.0,0.05797385,local
111,mp-1017515,slab,-119.76971572,343.106,True,"[5.73490947, -0.0, 0.0, 0.0, 5.73490947, 0.0, -0.0, -0.0, 5.73490947]",16.0,0.99928905625,local
112,mp-1017529,slab,-30.78612904,73.207,True,"[3.51238824, -0.0, 0.0, 0.0, 3.51238824, 0.0, 0.0, -0.0, 3.51238824]",4.0,6.25e-07,local
113,mp-1017531,slab,-32.41738181,230.545,True,"[2.70044148, 0.0, 0.0, 0.0, 4.41049337, 0.0, 0.0, 0.0, 4.79989163]",4.0,1.25e-07,local
114,mp-1017534,slab,-11.47716221,65.46,True,"[4.19671819, 0.0, 0.0, 0.0, 4.19671819, 0.0, 0.0, 0.0, 6.03283514]",4.0,2.5e-08,local
115,mp-1017540,slab,-19.02071883,265.885,True,"[3.14135925, 0.0, 0.0, 0.0, 3.14135925, 0.0, 0.0, 0.0, 9.00066688]",4.0,1.25e-07,local
116,mp-1017541,slab,-18.98867194,69.643,True,"[3.13747283, 0.0, 0.0, 0.0, 3.13747283, 0.0, -0.0, 0.0, 3.63350129]",2.0,1e-06,local
117,mp-1017543,slab,-27.40305499,41.332,True,"[4.02328556, 0.0, 0.0, 0.0, 4.02328556, 0.0, 0.0, -0.0, 4.02328556]",4.0,0.0,local
118,mp-1017544,slab,-36.80416952,46.061,True,"[3.95725596, -0.0, 0.0, 0.0, 3.95725596, 0.0, 0.0, 0.0, 3.95725596]",4.0,2.5e-08,local
119,mp-1017565,slab,-18.02423183,544.119,True,"[2.00759443, -3.47725555, 0.0, 2.00759443, 3.47725555, 0.0, 0.0, -0.0, 10.02103379]",5.0,4e-08,local
120,mp-1017579,slab,-15.66319215,192.86,True,"[2.33590578, -4.04590749, -0.0, 2.33590578, 4.04590749, 0.0, -0.0, -0.0, 5.80825057]",5.0,2e-08,local
121,mp-1017630,slab,-14.99548269,66.76,True,"[2.14354832, -3.71273459, 0.0, 2.14354832, 3.71273459, -0.0, -0.0, -0.0, 6.5944154]",5.0,8e-08,local
122,mp-1017983,slab,-82.38032473,719.673,True,"[3.16847816, 0.0, 0.0, 0.0, 4.44014958, 0.0, 0.0, 0.0, 8.97485094]",8.0,1.25e-08,local
123,mp-1017985,slab,-21.38614286,317.055,True,"[2.92260965, 0.0, 0.0, 0.0, 2.92260965, 0.0, 0.0, 0.0, 8.18176191]",4.0,0.0,local
124,mp-1018016,slab,-103.67633256,322.417,True,"[6.19498222, 0.0, 0.0, 0.0, 6.19498222, 0.0, 0.0, 0.0, 6.19498222]",16.0,0.74980049375,local
125,mp-1018020,slab,-47.23277459,234.144,True,"[1.82364042, -3.15863786, 0.0, 1.82364042, 3.15863786, -0.0, -0.0, 0.0, 20.72585853]",12.0,9.066666666666667e-06,local
126,mp-1018021,slab,-32.00509487,56.405,True,"[3.62993579, 0.0, 0.0, 0.0, 3.62993579, 0.0, 0.0, 0.0, 3.62993579]",4.0,0.00046075,local
127,mp-1018026,slab,-20.10264152,129.598,True,"[4.69146421, 0.0, 0.0, 0.0, 4.69146421, 0.0, 0.0, 0.0, 6.10910604]",8.0,2.125e-07,local
128,mp-1018029,slab,-9.18550217,45.648,True,"[3.01358236, 0.0, 0.0, 0.0, 3.01358236, 0.0, -0.0, 0.0, 3.01358236]",2.0,5e-08,local
129,mp-1018040,slab,-15.06027069,22.009,True,"[2.1259976, -3.68233587, 0.0, 2.1259976, 3.68233587, -0.0, 0.0, 0.0, 6.86578202]",4.0,0.0,local
130,mp-1018041,slab,-110.05637478,612.897,True,"[6.46516413, 0.0, 0.0, 0.0, 6.46516413, 0.0, 0.0, 0.0, 6.46516413]",16.0,0.00052966875,local
131,mp-1018043,slab,-102.21125397,87.695,True,"[6.40991, 0.0, 0.0, 0.0, 6.40991, 0.0, 0.0, 0.0, 6.40991]",16.0,0.50630521875,local
132,mp-1018046,slab,-114.60210722,7805.112,True,"[5.69209976, -0.0, 0.0, 0.0, 5.69209976, 0.0, -0.0, -0.0, 5.69209976]",16.0,0.5101221875,local
133,mp-1018053,slab,-12.41912744,108.902,True,"[2.11690201, -3.66658183, 0.0, 2.11690201, 3.66658183, 0.0, 0.0, 0.0, 4.98727217]",4.0,1.25e-07,local
134,mp-1018054,slab,-32.5778839,43.24,True,"[4.02688794, 0.0, 0.0, 0.0, 4.02688794, 0.0, 0.0, 0.0, 4.02688794]",4.0,0.0,local
135,mp-1018055,slab,-41.24884977,508.956,True,"[3.05066294, -0.0, 0.0, 0.0, 4.69302094, 0.0, 0.0, -0.0, 4.91541329]",4.0,0.0,local
136,mp-1018056,slab,-65.72355252,1115.172,True,"[3.24606691, -0.0, 0.0, 0.0, 9.83523428, 0.0, -0.0, 0.0, 4.08074052]",8.0,0.0,local
137,mp-1018057,slab,-55.36042179,282.942,True,"[3.31858846, -0.0, 0.0, 0.0, 10.01380307, 0.0, -0.0, 0.0, 3.74397923]",8.0,0.021191725,local
138,mp-1018060,slab,-45.88119558,251.523,True,"[3.58656257, -0.0, 0.0, 0.0, 3.58656257, 0.0, -0.0, -0.0, 7.16429667]",8.0,0.7578718375,local
139,mp-1018062,slab,-55.48167035,180.289,True,"[4.15457553, 0.0, 0.0, 0.0, 4.15457553, 0.0, 0.0, 0.0, 7.07246508]",8.0,0.9834875125,local
140,mp-1018066,slab,-57.92363491,227.984,True,"[4.10253562, -0.0, 0.0, 0.0, 4.10253562, 0.0, -0.0, -0.0, 7.28692504]",8.0,0.6590931875,local
141,mp-1018067,slab,-135.93130734,497.631,True,"[5.66148157, -0.0, 0.0, 0.0, 5.66148157, 0.0, -0.0, -0.0, 5.66148157]",16.0,1.3670274375,local
142,mp-1018068,slab,-129.78313393,143.25,True,"[5.590616, 0.0, 0.0, 0.0, 5.590616, 0.0, 0.0, 0.0, 5.590616]",16.0,0.50043155625,local
143,mp-1018071,slab,-121.61656904,327.254,True,"[5.68966278, 0.0, 0.0, 0.0, 5.68966278, 0.0, 0.0, 0.0, 5.68966278]",16.0,0.7518036625,local
144,mp-1018074,slab,-91.64293266,844.529,True,"[5.76574924, 0.0, 0.0, 0.0, 5.76574924, 0.0, 0.0, 0.0, 5.76574924]",16.0,0.838881025,local
145,mp-1018081,slab,-34.05013223,110.23,True,"[3.54749515, 0.0, 0.0, 0.0, 3.54749515, 0.0, 0.0, 0.0, 3.54749515]",4.0,0.726872425,local
146,mp-1018082,slab,-109.81345538,121.77,True,"[6.009936, 0.0, 0.0, 0.0, 6.009936, 0.0, 0.0, 0.0, 6.009936]",16.0,1.26163616875,local
147,mp-1018083,slab,-17.07934286,99.261,True,"[4.52570913, 0.0, 0.0, 0.0, 4.52570913, 0.0, 0.0, -0.0, 6.49470658]",4.0,1.00000075,local
148,mp-1018084,slab,-57.11816092,1294.56,True,"[2.05541052, -3.56007545, 0.0, 2.05541052, 3.56007545, 0.0, 0.0, 0.0, 21.68805369]",12.0,0.751533575,local
149,mp-1018085,slab,-52.33196902,311.373,True,"[4.06834082, 0.0, 0.0, 0.0, 4.06834082, 0.0, 0.0, -0.0, 7.18506655]",8.0,0.5723513875,local
150,mp-10180,slab,-63.23080252,257.695,True,"[6.38132594, 0.0, 0.0, 0.0, 6.38132594, 0.0, -0.0, 0.0, 6.38132594]",16.0,0.0,local
151,mp-1018101,slab,-25.36798723,46.173,True,"[3.53460422, -0.0, 0.0, 0.0, 3.53460422, 0.0, -0.0, -0.0, 3.53460422]",4.0,0.000263025,local
152,mp-1018102,slab,-42.50577995,170.125,True,"[3.46586656, 0.0, 0.0, 0.0, 3.46586656, 0.0, 0.0, 0.0, 8.73288784]",6.0,6.666666666666668e-08,local
153,mp-1018103,slab,-33.55543043,190.942,True,"[3.58496854, 0.0, 0.0, 0.0, 3.58496854, 0.0, 0.0, 0.0, 8.86278162]",6.0,0.0107770333333333,local
154,mp-1018104,slab,-36.29513056,182.143,True,"[3.0965267, 0.0, 0.0, 0.0, 3.0965267, 0.0, -0.0, 0.0, 14.02984662]",6.0,5e-08,local
155,mp-1018105,slab,-37.35907795,171.355,True,"[3.29337627, 0.0, 0.0, 0.0, 3.29337627, 0.0, 0.0, 0.0, 11.3620387]",6.0,1.6666666666666667e-08,local
156,mp-1018107,slab,-17.48026747,198.636,True,"[1.99253478, -3.45117147, -0.0, 1.99253478, 3.45117147, 0.0, 0.0, 0.0, 7.02919239]",3.0,0.0,local
157,mp-1018113,slab,-31.01809169,220.308,True,"[3.7416794, 0.0, 0.0, 0.0, 3.7416794, 0.0, 0.0, 0.0, 9.06482973]",6.0,0.0,local
158,mp-1018116,slab,-22.60867709,70.761,True,"[1.75177708, -3.03416691, 0.0, 1.75177708, 3.03416691, 0.0, -0.0, -0.0, 8.56162127]",4.0,0.0,local
159,mp-1018121,slab,-40.27234161,203.353,True,"[3.26995501, -0.0, 0.0, 0.0, 3.26995501, 0.0, -0.0, -0.0, 8.7453852]",6.0,8.333333333333334e-08,local
160,mp-1018123,slab,-31.23653854,230.223,True,"[3.46770256, 0.0, 0.0, 0.0, 3.46770256, 0.0, 0.0, 0.0, 8.59391404]",6.0,0.1267008,local
161,mp-1018124,slab,-49.59628318,280.955,True,"[3.06601329, 0.0, 0.0, 0.0, 3.06601329, 0.0, 0.0, 0.0, 9.84419338]",6.0,3.3333333333333334e-08,local
162,mp-1018125,slab,-29.03758225,110.887,True,"[2.1928359, -3.79810319, 0.0, 2.1928359, 3.79810319, -0.0, 0.0, -0.0, 2.83631101]",3.0,3.6666666666666667e-07,local
163,mp-1018128,slab,-25.20835394,120.784,True,"[3.56287809, 0.0, 0.0, 0.0, 3.56287809, 0.0, 0.0, 0.0, 8.9883459]",6.0,0.0,local
164,mp-1018129,slab,-52.35892763,303.662,True,"[2.79528334, 0.0, 0.0, 0.0, 3.97445983, 0.0, 0.0, 0.0, 8.35246564]",6.0,0.0,local
165,mp-1018135,slab,-35.1218014,132.771,True,"[6.33298253, 0.0, 0.0, 0.0, 6.33298253, 0.0, 0.0, 0.0, 6.33298253]",12.0,8.333333333333334e-09,local
166,mp-1018140,slab,-7.28579682,62.084,True,"[2.99233999, 0.0, 0.0, 0.0, 2.99233999, 0.0, 0.0, 0.0, 3.16771831]",2.0,6.5e-07,local
167,mp-1018148,slab,-30.34923929,226.846,True,"[3.57189495, 0.0, 0.0, 0.0, 3.57189495, 0.0, 0.0, 0.0, 8.80066354]",6.0,3.3333333333333334e-08,local
168,mp-1018149,slab,-28.94060363,218.715,True,"[3.31034269, 0.0, 0.0, 0.0, 3.31034269, 0.0, 0.0, 0.0, 8.40469932]",6.0,0.0,local
169,mp-1018150,slab,-17.77696912,101.331,True,"[1.84242593, -3.19117532, 0.0, 1.84242593, 3.19117532, -0.0, 0.0, 0.0, 7.20656155]",3.0,0.0,local
170,mp-1018151,slab,-43.90295782,293.227,True,"[2.84231388, 0.0, 0.0, 0.0, 3.95682495, 0.0, 0.0, 0.0, 8.45793857]",6.0,0.0,local
171,mp-1018153,slab,-36.21485418,175.76,True,"[3.57186308, 0.0, 0.0, 0.0, 3.57186308, 0.0, 0.0, 0.0, 8.76589889]",6.0,1.6666666666666667e-08,local
172,mp-1018156,slab,-41.7019838,153.449,True,"[3.08924919, 0.0, 0.0, 0.0, 3.08924919, 0.0, 0.0, 0.0, 13.80170712]",6.0,1.6666666666666667e-08,local
173,mp-1018161,slab,-76.79337134,240.529,True,"[5.89430894, -0.0, 0.0, 0.0, 5.89430894, 0.0, 0.0, 0.0, 5.89430894]",12.0,1.0196779083333334,local
174,mp-1018178,slab,-10.65187121,713.458,True,"[4.18793188, 0.0, 0.0, 0.0, 4.18793188, 0.0, 0.0, 0.0, 15.03520412]",6.0,7.333333333333333e-07,local
175,mp-1018179,slab,-22.27858718,142.718,True,"[3.37443914, 0.0, 0.0, 0.0, 3.37443914, 0.0, 0.0, 0.0, 8.8689552]",6.0,8.333333333333334e-08,local
176,mp-10181,slab,-81.25766979,194.615,True,"[5.54823167, 0.0, 0.0, 0.0, 5.54823167, 0.0, 0.0, 0.0, 5.54823167]",16.0,1.25e-08,local
177,mp-10183,slab,-50.90407742,81.803,True,"[6.34802093, 0.0, 0.0, 0.0, 6.34802093, 0.0, 0.0, 0.0, 6.34802093]",12.0,0.0,local
178,mp-10184,slab,-55.48602099,124.419,True,"[6.34984095, 0.0, 0.0, 0.0, 6.34984095, 0.0, 0.0, 0.0, 6.34984095]",12.0,2.9166666666666664e-07,local
179,mp-1018652,slab,-14.31024804,94.668,True,"[4.88076519, 0.0, 0.0, 0.0, 4.88076519, 0.0, 0.0, 0.0, 8.35129127]",6.0,0.0,local
180,mp-1018657,slab,-22.19693141,181.639,True,"[2.42522047, -4.20060507, -0.0, 2.42522047, 4.20060507, 0.0, -0.0, 0.0, 7.89181354]",6.0,0.0,local
181,mp-1018658,slab,-31.96127838,3192.039,True,"[3.89844534, 0.0, 0.0, 0.0, 3.89844534, 0.0, 0.0, 0.0, 7.54042193]",6.0,0.0,local
182,mp-1018672,slab,-34.54975987,214.445,True,"[3.11645277, 0.0, 0.0, 0.0, 5.12251628, 0.0, 0.0, 0.0, 5.90140804]",6.0,5e-08,local
183,mp-1018709,slab,-37.8438265,124.773,True,"[3.93775721, 0.0, 0.0, 0.0, 3.93775721, 0.0, 0.0, 0.0, 8.67977767]",6.0,3.833333333333334e-07,local
184,mp-1018712,slab,-30.03247108,114.513,True,"[4.10317187, 0.0, 0.0, 0.0, 4.10317187, 0.0, 0.0, 0.0, 6.41065701]",6.0,4.5e-07,local
185,mp-1018713,slab,-36.59949709,532.285,True,"[2.24663074, -3.89127858, 0.0, 2.24663074, 3.89127858, 0.0, 0.0, 0.0, 6.4283508]",6.0,0.0,local
186,mp-1018714,slab,-35.356389,213.511,True,"[2.12516658, -3.6808965, -0.0, 2.12516658, 3.6808965, -0.0, -0.0, 0.0, 6.27746062]",6.0,0.0,local
187,mp-1018715,slab,-52.97939514,1278.519,True,"[3.1943473, -0.0, 0.0, 0.0, 3.1943473, 0.0, 0.0, -0.0, 13.63189404]",6.0,0.0,local
188,mp-1018717,slab,-38.46221443,86.359,True,"[4.14136363, -0.0, 0.0, 0.0, 4.14136363, 0.0, 0.0, 0.0, 8.57398099]",6.0,1.6666666666666667e-08,local
189,mp-1018720,slab,-53.05975968,109.772,True,"[3.66386072, 0.0, 0.0, 0.0, 3.66386072, 0.0, 0.0, 0.0, 7.16792412]",6.0,1e-07,local
190,mp-1018726,slab,-50.57891435,187.575,True,"[3.69977818, 0.0, 0.0, 0.0, 3.69977818, 0.0, 0.0, 0.0, 7.28105556]",6.0,1.6666666666666667e-08,local
191,mp-1018730,slab,-16.73787141,244.493,True,"[2.37335921, -4.11077874, 0.0, 2.37335921, 4.11077874, 0.0, -0.0, -0.0, 6.73676795]",6.0,0.0,local
192,mp-1018736,slab,-15.50418458,510.939,True,"[4.61663322, -0.0, 0.0, 0.0, 4.61663322, 0.0, 0.0, 0.0, 8.02423508]",6.0,1.6666666666666667e-08,local
193,mp-1018782,slab,-24.06436128,70.169,True,"[2.32688612, -4.03028498, 0.0, 2.32688612, 4.03028498, 0.0, -0.0, -0.0, 7.29899166]",6.0,0.0,local
194,mp-1018786,slab,-30.71404053,48.432,True,"[4.493903, 0.0, 0.0, 0.0, 4.493903, 0.0, 0.0, 0.0, 6.613153]",6.0,1.389597,local
195,mp-1018797,slab,-17.9901862,211.466,True,"[4.45126345, 0.0, 0.0, 0.0, 4.45126345, 0.0, 0.0, 0.0, 6.86438091]",6.0,1.6666666666666667e-08,local
196,mp-1018799,slab,-41.40857688,125.219,True,"[3.25002944, 0.0, 0.0, 0.0, 3.25002944, 0.0, 0.0, 0.0, 10.87382679]",6.0,8.333333333333334e-08,local
197,mp-1018800,slab,-34.85677388,246.741,True,"[3.72287117, 0.0, 0.0, 0.0, 3.72287117, 0.0, -0.0, -0.0, 6.39419883]",6.0,1.2391350166666666,local
198,mp-1018802,slab,-33.46348197,568.764,True,"[3.94497933, 0.0, 0.0, 0.0, 3.94497933, 0.0, -0.0, -0.0, 5.90549151]",6.0,0.7253916666666668,local
199,mp-1018803,slab,-40.6234025,273.148,True,"[4.04598103, -0.0, 0.0, 0.0, 4.04598103, 0.0, -0.0, -0.0, 6.03144794]",6.0,1.55975275,local
200,mp-1018808,slab,-27.8533018,208.859,True,"[3.89959046, 0.0, 0.0, 0.0, 3.89959046, 0.0, -0.0, 0.0, 6.15109572]",6.0,2.1333333333333334e-06,local
201,mp-1018810,slab,-15.34928299,1189.156,True,"[3.52208571, -0.0, 0.0, 0.0, 3.52208571, 0.0, -0.0, 0.0, 13.04682938]",6.0,0.0,local
202,mp-1018811,slab,-39.73415548,156.977,True,"[3.7466493, -0.0, 0.0, 0.0, 3.7466493, 0.0, 0.0, -0.0, 8.28174712]",6.0,3.3333333333333334e-08,local
203,mp-1018812,slab,-41.50646637,172.904,True,"[3.6007046, -0.0, 0.0, 0.0, 3.6007046, 0.0, 0.0, 0.0, 7.99094664]",6.0,1.6666666666666667e-08,local
204,mp-1018888,slab,-20.58770238,2803.887,True,"[0.0, 4.44152115, -0.01639701, 3.40307442, 0.0, 0.0, 0.0, -0.62117911, -11.91619793]",6.0,0.0,local
205,mp-1018891,slab,-20.68592381,2441.728,True,"[0.0, 5.90457794, -0.08946766, 4.2735185, 0.0, 0.0, 0.0, -1.94660588, -6.14235141]",6.0,0.0,local
206,mp-10189,slab,-19.34791767,77.929,True,"[1.98715466, -3.44185284, -0.0, 1.98715466, 3.44185284, 0.0, 0.0, -0.0, 6.90930149]",4.0,0.210355475,local
207,mp-1019276,slab,-42.51465601,391.891,True,"[1.73701572, -3.00859948, 0.0, 1.73701572, 3.00859948, 0.0, -0.0, 0.0, 13.9244491]",6.0,3e-07,local
208,mp-1019279,slab,-16.33347996,341.689,True,"[2.33133101, -4.03798375, -0.0, 2.33133101, 4.03798375, 0.0, 0.0, -0.0, 9.17206389]",6.0,1.6666666666666667e-08,local
209,mp-1019280,slab,-14.93241834,44.409,True,"[2.39950024, -4.15605632, 0.0, 2.39950024, 4.15605632, 0.0, 0.0, 0.0, 9.082678]",6.0,8.386666666666667e-05,local
210,mp-1019322,slab,-38.89523441,122.74,True,"[1.78023873, -3.08346392, 0.0, 1.78023873, 3.08346392, -0.0, -0.0, 0.0, 14.98391931]",6.0,0.0,local
211,mp-1019,slab,-149.29561533,436.402,True,"[7.18320591, 0.0, 0.0, 0.0, 7.18320591, 0.0, 0.0, 0.0, 7.18320591]",24.0,1.791666666666667e-07,local
212,mp-10200,slab,-39.9211749,41.822,True,"[1.86718505, -3.23405937, 0.0, 1.86718505, 3.23405937, -0.0, -0.0, 0.0, 7.24962334]",6.0,1e-07,local
213,mp-10201,slab,-40.75883755,289.308,True,"[3.33817743, 0.0, 0.0, 0.0, 3.33817743, 0.0, 0.0, 0.0, 8.28924329]",6.0,0.0,local
214,mp-10204,slab,-26.35309274,55.561,True,"[1.9274422, -3.33842782, -0.0, 1.9274422, 3.33842782, 0.0, -0.0, -0.0, 5.97170463]",4.0,2.1703592,local
215,mp-1020,slab,-36.01648453,44.91,True,"[3.89330993, 0.0, 0.0, 0.0, 3.89330993, 0.0, -0.0, 0.0, 3.89330993]",4.0,0.0,local
216,mp-10212,slab,-67.95523052,2402.008,True,"[3.91083844, -0.0, 0.0, 0.0, 14.93108073, 0.0, 0.0, -0.0, 3.83192503]",12.0,0.0,local
217,mp-1021305,slab,-41.39989553,883.399,True,"[8.51388734, -0.0, 0.0, 0.0, 8.70059494, 0.0, 0.0, 0.0, 4.33640535]",16.0,0.0,local
218,mp-10213,slab,-68.32827638,792.669,True,"[3.9844426, -0.0, 0.0, 0.0, 3.9844426, 0.0, -0.0, -0.0, 16.64555136]",12.0,1.6666666666666667e-08,local
219,mp-1021478,slab,-17.4953443,255.968,True,"[6.65366718, 0.0, 0.0, 0.0, 6.65366718, 0.0, 0.0, -0.0, 4.49437241]",8.0,0.0004084125,local
220,mp-10214,slab,-133.26618102,1515.824,True,"[2.79832895, -4.84684791, 0.0, 2.79832895, 4.84684791, -0.0, -0.0, 0.0, 11.93110864]",18.0,5.555555555555555e-09,local
221,mp-1021670,slab,-61.30668258,1327.69,True,"[1.82042057, -3.15306091, -0.0, 1.82042057, 3.15306091, 0.0, 0.0, 0.0, 22.30485414]",12.0,1.65e-06,local
222,mp-1022123,slab,-35.48568013,331.792,True,"[6.26544747, 0.0, 0.0, 0.0, 10.42011207, 0.0, -0.0, 0.0, 4.76875397]",16.0,0.0,local
223,mp-1022488,slab,-18.22749078,180.608,True,"[6.41754775, -0.0, 0.0, 0.0, 6.41754775, 0.0, 0.0, 0.0, 4.57273754]",8.0,0.0001353375,local
224,mp-1022494,slab,-37.45989535,1275.028,True,"[9.40241058, -0.0, 0.0, 0.0, 9.40346187, 0.0, 0.0, 0.0, 4.64612844]",16.0,0.0001021875,local
225,mp-1022514,slab,-18.60877941,55.746,True,"[6.78345153, -0.0, 0.0, 0.0, 6.78345153, 0.0, 0.0, -0.0, 4.6997281]",8.0,0.1732950375,local
226,mp-1022605,slab,-21.88173535,163.102,True,"[2.9799944, -5.1615017, -0.0, 2.9799944, 5.1615017, 0.0, 0.0, -0.0, 4.74373723]",8.0,0.297793625,local
227,mp-1022622,slab,-23.52764878,641.249,True,"[6.16419904, -0.0, 0.0, 0.0, 14.26766475, 0.0, 0.0, -0.0, 4.98305592]",16.0,0.0,local
228,mp-1022697,slab,-50.2456734,638.274,True,"[7.88747075, 0.0, 0.0, 0.0, 9.75539747, 0.0, 0.0, 0.0, 4.87130611]",16.0,0.0,local
229,mp-1022721,slab,-7.76461941,23.877,True,"[2.99465346, 0.0, 0.0, 0.0, 2.99465346, 0.0, 0.0, -0.0, 2.99465346]",2.0,0.0,local
230,mp-1022804,slab,-17.2484398,73.076,True,"[6.82520111, -0.0, 0.0, 0.0, 6.82520111, 0.0, -0.0, -0.0, 4.75351183]",8.0,1.125e-07,local
231,mp-10228,slab,-19.72445407,134.558,True,"[1.73836218, -3.01093162, -0.0, 1.73836218, 3.01093162, 0.0, -0.0, 0.0, 6.71282381]",3.0,0.0,local
232,mp-1022923,slab,-48.15593451,2612.811,True,"[8.542163, -0.0, 0.0, 0.0, 9.41320406, 0.0, -0.0, -0.0, 4.70738367]",16.0,0.0,local
233,mp-10229,slab,-75.10098999,77.25,True,"[5.10873744, -0.0, 0.0, 0.0, 5.10873744, 0.0, -0.0, -0.0, 5.10873744]",8.0,4.125e-07,local
234,mp-1023129,slab,-15.71242156,28.896,True,"[4.8606557, 0.0, 0.0, 0.0, 4.8606557, 0.0, 0.0, 0.0, 4.8606557]",5.0,6e-08,local
235,mp-1023193,slab,-20.23736861,62.862,True,"[6.35988022, -0.0, 0.0, 0.0, 6.35988022, 0.0, -0.0, -0.0, 4.55461412]",8.0,1.9775e-05,local
236,mp-10231,slab,-20.18661677,165.19,True,"[1.99336578, -3.4526108, -0.0, 1.99336578, 3.4526108, 0.0, -0.0, 0.0, 6.56510304]",4.0,0.999830875,local
237,mp-1023227,slab,-20.39068458,58.992,True,"[6.47207727, 0.0, 0.0, 0.0, 6.47207727, 0.0, -0.0, 0.0, 4.60048454]",8.0,2.5e-07,local
238,mp-10232,slab,-19.47107635,71.42,True,"[2.00886536, -3.47945686, -0.0, 2.00886536, 3.47945686, 0.0, 0.0, -0.0, 7.2393516]",4.0,0.9998623,local
239,mp-1023319,slab,-35.83515287,488.78,True,"[6.93092281, 0.0, 0.0, 0.0, 11.49401042, 0.0, -0.0, 0.0, 5.21567316]",16.0,6.25e-09,local
240,mp-1023329,slab,-19.38185431,81.626,True,"[6.47215119, -0.0, 0.0, 0.0, 6.47215119, 0.0, -0.0, -0.0, 4.6515145]",8.0,2.55e-06,local
241,mp-1023366,slab,-17.82435436,78.915,True,"[6.68848716, -0.0, 0.0, 0.0, 6.68848716, 0.0, 0.0, -0.0, 4.68543551]",8.0,1.25e-07,local
242,mp-1023926,slab,-19.43418413,159.064,True,"[1.78109249, -3.08494268, -0.0, 1.78109249, 3.08494268, 0.0, 0.0, -0.0, 17.53298933]",3.0,0.0,local
243,mp-1023928,slab,-41.59995465,1007.647,True,"[1.66014917, -2.87546271, -0.0, 1.66014917, 2.87546271, -0.0, 0.0, 0.0, 23.12110992]",6.0,0.0,local
244,mp-1023933,slab,-43.23050454,459.322,True,"[1.66047908, -2.87603413, -0.0, 1.66047908, 2.87603413, 0.0, -0.0, 0.0, 24.39476155]",6.0,0.0,local
245,mp-1023934,slab,-19.98448463,75.088,True,"[1.66101726, -2.87696629, 0.0, 1.66101726, 2.87696629, 0.0, -0.0, 0.0, 17.71219379]",3.0,0.0,local
246,mp-1023935,slab,-18.02390419,125.62,True,"[1.7785628, -3.08056113, 0.0, 1.7785628, 3.08056113, -0.0, -0.0, -0.0, 17.64637186]",3.0,0.0,local
247,mp-1023936,slab,-21.61822328,67.399,True,"[1.6607616, -2.87652347, 0.0, 1.6607616, 2.87652347, 0.0, -0.0, 0.0, 16.7832317]",3.0,0.0,local
248,mp-1023938,slab,-36.0601787,154.092,True,"[1.77722742, -3.07824819, -0.0, 1.77722742, 3.07824819, 0.0, -0.0, -0.0, 25.01389305]",6.0,1.6666666666666667e-08,local
249,mp-1023940,slab,-39.96311111,861.999,True,"[1.6609657, -2.87687697, 0.0, 1.6609657, 2.87687697, -0.0, 0.0, -0.0, 23.16138276]",6.0,0.0,local
250,mp-1023941,slab,-37.46825292,283.563,True,"[1.77786493, -3.07935239, -0.0, 1.77786493, 3.07935239, -0.0, 0.0, 0.0, 24.61530982]",6.0,0.0,local
251,mp-1023942,slab,-38.88033756,291.519,True,"[1.77950739, -3.08219721, 0.0, 1.77950739, 3.08219721, -0.0, 0.0, 0.0, 24.95437874]",6.0,0.0,local
252,mp-1023943,slab,-40.87768071,81.99,True,"[1.71745496, -2.97471924, 0.0, 1.71745496, 2.97471924, -0.0, 0.0, -0.0, 24.44995936]",6.0,2.433333333333333e-06,local
253,mp-1023948,slab,-37.84317073,123.716,True,"[1.71685807, -2.97368541, -0.0, 1.71685807, 2.97368541, 0.0, 0.0, -0.0, 24.37006491]",6.0,2.166666666666667e-07,local
254,mp-1024972,slab,-36.84429515,228.113,True,"[2.04721742, -3.54588458, -0.0, 2.04721742, 3.54588458, 0.0, -0.0, -0.0, 4.9953156]",6.0,0.5565739833333333,local
255,mp-1024974,slab,-48.87449436,68.01,True,"[2.78231341, -4.81910819, -0.0, 2.78231341, 4.81910819, -0.0, 0.0, 0.0, 3.62868642]",6.0,2.2783333333333333e-05,local
256,mp-1025010,slab,-110.33222618,209.587,True,"[5.83003985, -0.0, 0.0, 0.0, 5.83003985, 0.0, -0.0, -0.0, 5.83003985]",24.0,0.2553825875,local
257,mp-1025011,slab,-35.12138331,210.881,True,"[2.17880731, -3.77380496, 0.0, 2.17880731, 3.77380496, -0.0, 0.0, -0.0, 5.30893472]",6.0,0.8536577666666667,local
258,mp-1025044,slab,-32.38720585,970.722,True,"[2.01243697, -3.48564308, 0.0, 2.01243697, 3.48564308, -0.0, -0.0, -0.0, 4.96985564]",6.0,0.0,local
259,mp-1025045,slab,-35.74980726,320.404,True,"[2.21680324, -3.83961584, -0.0, 2.21680324, 3.83961584, -0.0, 0.0, -0.0, 5.44718232]",6.0,3.3333333333333334e-08,local
260,mp-1025047,slab,-40.24181718,138.839,True,"[2.03963388, -3.53274951, 0.0, 2.03963388, 3.53274951, 0.0, 0.0, 0.0, 5.04416429]",6.0,0.963945,local
261,mp-1025063,slab,-27.86427459,22.672,True,"[2.07993387, -3.60255114, -0.0, 2.07993387, 3.60255114, 0.0, 0.0, 0.0, 5.41519145]",6.0,9.666666666666668e-07,local
262,mp-1025067,slab,-85.70068191,2754.894,True,"[0.0, 9.14945457, 0.00201734, 3.2183286, 0.0, 0.0, 0.0, -3.55018938, -6.69237335]",12.0,4.166666666666666e-08,local
263,mp-1025124,slab,-37.59118994,74.263,True,"[2.18084147, -3.77732822, -0.0, 2.18084147, 3.77732822, -0.0, -0.0, 0.0, 5.24916449]",6.0,1.1037646166666668,local
264,mp-1025150,slab,-35.4641785,214.608,True,"[5.62331605, -0.0, 0.0, 0.0, 5.62331605, 0.0, 0.0, 0.0, 5.36896941]",7.0,0.0,local
265,mp-1025151,slab,-82.93093575,2239.265,True,"[0.0, 12.72206168, 0.01526263, 3.61622511, 0.0, 0.0, 0.0, -2.92129771, -5.57135499]",14.0,0.6727936285714285,local
266,mp-1025159,slab,-73.93375003,3221.409,True,"[0.0, 12.93637527, 0.11529523, 4.03116639, 0.0, 0.0, 0.0, -3.35614799, -6.04729324]",14.0,0.0,local
267,mp-1025165,slab,-81.79423819,615.187,True,"[6.49007008, 0.0, 0.0, 0.0, 6.49007008, 0.0, 0.0, 0.0, 5.19673955]",14.0,0.0,local
268,mp-1025167,slab,-83.85305452,1461.964,True,"[6.46499611, 0.0, 0.0, 0.0, 6.46499611, 0.0, 0.0, 0.0, 5.19180021]",14.0,1.1428571428571429e-07,local
269,mp-1025176,slab,-32.2655755,982.311,True,"[4.19070623, -0.0, 0.0, 0.0, 4.19070623, 0.0, 0.0, -0.0, 6.58237017]",7.0,1.4285714285714284e-08,local
270,mp-1025180,slab,-90.96978959,10243.134,True,"[0.0, 13.65015163, 0.10432917, 3.71653632, 0.0, 0.0, 0.0, -3.00223172, -5.69316317]",14.0,1.5479901642857143,local
271,mp-1025182,slab,-88.43528829,5877.373,True,"[0.0, 13.16271502, -0.01929098, 3.35427651, 0.0, 0.0, 0.0, -2.7329256, -5.52889614]",14.0,0.39118825,local
272,mp-1025190,slab,-70.95227174,6500.099,True,"[0.0, 12.02616345, 0.11029386, 3.58842184, 0.0, 0.0, 0.0, -2.98302758, -5.38426874]",14.0,0.0,local
273,mp-1025191,slab,-29.3246124,255.119,True,"[4.19407787, 0.0, 0.0, 0.0, 4.19407787, 0.0, 0.0, 0.0, 6.60429231]",7.0,1.4285714285714284e-08,local
274,mp-1025193,slab,-33.92942977,415.156,True,"[4.14359723, 0.0, 0.0, 0.0, 4.14359723, 0.0, 0.0, 0.0, 6.62028209]",7.0,2.8571428571428572e-08,local
275,mp-1025195,slab,-98.45159967,3898.685,True,"[0.0, 13.77117037, -0.01052706, 3.50371939, 0.0, 0.0, 0.0, -2.76473645, -5.73458029]",14.0,0.3022062357142857,local
276,mp-1025201,slab,-24.205944,261.418,True,"[7.32873717, 0.0, 0.0, 0.0, 7.32873717, 0.0, 0.0, 0.0, 4.4652564]",7.0,0.0001303714285714,local
277,mp-1025203,slab,-91.85707503,3225.446,True,"[0.0, 13.5801738, -0.00449306, 3.53456583, 0.0, 0.0, 0.0, -2.89972467, -5.67638695]",14.0,0.2397009642857142,local
278,mp-1025207,slab,-83.88773573,2835.652,True,"[0.0, 14.29300489, 0.00842357, 3.95405214, 0.0, 0.0, 0.0, -3.43303913, -6.2009418]",14.0,1.1033652857142855,local
279,mp-1025212,slab,-40.05951091,147.007,True,"[4.05682564, 0.0, 0.0, 0.0, 4.05682564, 0.0, 0.0, 0.0, 7.14938834]",7.0,1.4285714285714284e-08,local
280,mp-1025218,slab,-42.03971122,200.095,True,"[4.02689193, 0.0, 0.0, 0.0, 4.02689193, 0.0, 0.0, 0.0, 7.27962471]",7.0,0.0,local
281,mp-1025219,slab,-82.84514743,2539.891,True,"[0.0, 14.39587892, 0.01802757, 3.84692636, 0.0, 0.0, 0.0, -3.18720625, -6.1212625]",14.0,0.2004931214285714,local
282,mp-1025220,slab,-40.60314875,125.399,True,"[3.96086222, 0.0, 0.0, 0.0, 3.96086222, 0.0, 0.0, 0.0, 7.12969764]",7.0,0.0,local
283,mp-1025222,slab,-32.91770309,131.309,True,"[3.99098945, 0.0, 0.0, 0.0, 3.99098945, 0.0, 0.0, 0.0, 7.05990254]",7.0,0.0,local
284,mp-1025223,slab,-53.653459,81.282,True,"[2.67544006, -4.63399811, -0.0, 2.67544006, 4.63399811, -0.0, -0.0, -0.0, 5.43545834]",7.0,5.7142857142857144e-08,local
285,mp-1025227,slab,-48.59438673,677.281,True,"[5.061499, 0.0, 0.0, 0.0, 5.061499, 0.0, 0.0, 0.0, 16.32755647]",14.0,0.0,local
286,mp-1025229,slab,-31.67879762,240.728,True,"[4.08492048, 0.0, 0.0, 0.0, 4.08492048, 0.0, 0.0, 0.0, 6.49604747]",7.0,0.0,local
287,mp-1025232,slab,-92.1088299,3814.947,True,"[0.0, 13.25361545, -0.0617023, 3.43335944, 0.0, 0.0, 0.0, -2.72025124, -5.55364462]",14.0,0.4426430857142857,local
288,mp-1025235,slab,-76.31346672,2200.081,True,"[0.0, 12.23040258, 0.02919263, 3.54510274, 0.0, 0.0, 0.0, -3.10285008, -5.38086597]",14.0,0.3418388285714285,local
289,mp-1025236,slab,-74.3120989,760.967,True,"[6.62561944, 0.0, 0.0, 0.0, 6.62561944, 0.0, 0.0, 0.0, 5.47542573]",14.0,1.0714285714285716e-07,local
290,mp-1025239,slab,-79.16613433,6019.067,True,"[0.0, 13.28910602, 0.0360508, 4.01552112, 0.0, 0.0, 0.0, -3.47630602, -5.93969206]",14.0,1.0341055857142858,local
291,mp-1025241,slab,-31.66983001,255.912,True,"[4.14773223, 0.0, 0.0, 0.0, 4.14773223, 0.0, 0.0, 0.0, 6.67519989]",7.0,1.4285714285714285e-07,local
292,mp-1025242,slab,-30.91706325,340.834,True,"[4.14107331, 0.0, 0.0, 0.0, 4.14107331, 0.0, 0.0, 0.0, 6.64066947]",7.0,1.4285714285714284e-08,local
293,mp-1025248,slab,-33.33734658,243.972,True,"[4.10070643, 0.0, 0.0, 0.0, 4.10070643, 0.0, -0.0, -0.0, 7.20898498]",7.0,0.0,local
294,mp-1025252,slab,-59.05335977,700.161,True,"[5.18996538, -0.0, 0.0, 0.0, 5.18996538, 0.0, 0.0, 0.0, 17.05996698]",14.0,0.7142856357142857,local
295,mp-1025278,slab,-83.80277099,3672.965,True,"[0.0, 14.16998237, 0.01353619, 3.95427451, 0.0, 0.0, 0.0, -3.06319018, -6.09271912]",14.0,1.1442070071428572,local
296,mp-1025279,slab,-91.67366948,5671.704,True,"[0.0, 13.47581707, 0.01195074, 3.63887183, 0.0, 0.0, 0.0, -3.10100902, -5.73303455]",14.0,1.0594964785714285,local
297,mp-1025281,slab,-83.4698501,5212.405,True,"[0.0, 13.35902453, 0.00546841, 3.57804192, 0.0, 0.0, 0.0, -2.82986977, -5.4836373]",14.0,0.0,local
298,mp-1025282,slab,-82.82351617,2101.146,True,"[0.0, 13.88174096, 0.00289537, 4.01019456, 0.0, 0.0, 0.0, -3.53060516, -6.08046113]",14.0,0.5711050142857143,local
299,mp-1025291,slab,-98.07453309,1402.114,True,"[0.0, 13.97663315, -0.03703465, 3.48687904, 0.0, 0.0, 0.0, -2.71223857, -5.77263276]",14.0,0.1547204499999999,local
300,mp-1025293,slab,-36.71901575,213.018,True,"[4.04926652, 0.0, 0.0, 0.0, 4.04926652, 0.0, 0.0, 0.0, 7.08876713]",7.0,0.0,local
301,mp-1025294,slab,-34.16273285,124.386,True,"[4.04252067, 0.0, 0.0, 0.0, 4.04252067, 0.0, 0.0, 0.0, 7.10347908]",7.0,0.0,local
302,mp-1025299,slab,-38.09752714,819.793,True,"[6.41939734, -0.0, 0.0, 0.0, 6.41939734, 0.0, 0.0, -0.0, 12.97964835]",14.0,0.0,local
303,mp-1025304,slab,-78.85246636,761.987,True,"[6.58025615, 0.0, 0.0, 0.0, 6.58025615, 0.0, 0.0, 0.0, 5.46964774]",14.0,1.5e-07,local
304,mp-1025306,slab,-42.47204695,116.624,True,"[3.98572341, 0.0, 0.0, 0.0, 3.98572341, 0.0, 0.0, 0.0, 7.04518844]",7.0,0.0,local
305,mp-1025311,slab,-37.55126835,94.372,True,"[4.01814409, 0.0, 0.0, 0.0, 4.01814409, 0.0, 0.0, 0.0, 7.28075548]",7.0,1.4285714285714284e-08,local
306,mp-1025313,slab,-30.02774191,296.549,True,"[4.14045902, -0.0, 0.0, 0.0, 4.14045902, 0.0, 0.0, -0.0, 6.42388814]",7.0,1.4285714285714284e-08,local
307,mp-1025315,slab,-63.01434523,406.677,True,"[5.98497286, 0.0, 0.0, 0.0, 5.98497286, 0.0, 0.0, 0.0, 12.65965012]",14.0,0.7143474285714285,local
308,mp-1025318,slab,-67.7359656,1520.459,True,"[0.0, 11.81984995, 0.01147129, 3.62460393, 0.0, 0.0, 0.0, -3.00137238, -5.38026944]",14.0,0.0,local
309,mp-1025322,slab,-79.83011933,1466.734,True,"[0.0, 12.54789811, 0.00461029, 3.49665917, 0.0, 0.0, 0.0, -3.1965148, -5.47086572]",14.0,0.14188225,local
310,mp-1025324,slab,-43.50908453,162.765,True,"[4.00987071, 0.0, 0.0, 0.0, 4.00987071, 0.0, 0.0, 0.0, 7.10306778]",7.0,0.0,local
311,mp-1025329,slab,-40.43004913,105.328,True,"[4.00327638, 0.0, 0.0, 0.0, 4.00327638, 0.0, 0.0, 0.0, 7.26554459]",7.0,0.0,local
312,mp-1025331,slab,-48.52330578,2566.091,True,"[5.92272217, 0.0, 0.0, -0.0, 5.92272217, 0.0, -0.0, -0.0, 11.68788345]",14.0,0.0,local
313,mp-1025337,slab,-38.07299197,580.452,True,"[6.46944186, 0.0, 0.0, 0.0, 6.46944186, 0.0, 0.0, 0.0, 12.80438666]",14.0,0.0,local
314,mp-1025340,slab,-73.56362795,6300.226,True,"[5.60744756, -0.0, 0.0, 0.0, 5.60744756, 0.0, 0.0, 0.0, 11.9549048]",14.0,0.0,local
315,mp-1025344,slab,-84.287337,2662.587,True,"[0.0, 13.99059668, 0.00406458, 4.00986176, 0.0, 0.0, 0.0, -3.36108989, -6.13771644]",14.0,1.2842055285714284,local
316,mp-1025345,slab,-83.16927693,5225.863,True,"[0.0, 14.41555431, -0.01266971, 3.83366594, 0.0, 0.0, 0.0, -3.13679636, -6.12279231]",14.0,0.3838636285714286,local
317,mp-1025346,slab,-37.06952021,182.52,True,"[3.99285852, 0.0, 0.0, 0.0, 3.99285852, 0.0, 0.0, 0.0, 6.94389047]",7.0,0.0,local
318,mp-1025347,slab,-86.11006962,6774.441,True,"[0.0, 13.21483395, -0.00281242, 3.57588673, 0.0, 0.0, 0.0, -2.82707876, -5.44963997]",14.0,0.1547479357142857,local
319,mp-1025353,slab,-38.27019647,296.063,True,"[4.07140938, -0.0, 0.0, 0.0, 4.07140938, 0.0, -0.0, -0.0, 7.24423727]",7.0,0.0,local
320,mp-1025355,slab,-32.98310082,145.354,True,"[4.14495968, 0.0, 0.0, 0.0, 4.14495968, 0.0, 0.0, 0.0, 6.66478178]",7.0,1.4285714285714284e-08,local
321,mp-1025356,slab,-38.39937222,216.836,True,"[3.95854983, -0.0, 0.0, 0.0, 3.95854983, 0.0, 0.0, 0.0, 7.17348052]",7.0,0.0,local
322,mp-1025359,slab,-70.01606577,8061.59,True,"[0.0, 12.18275691, -0.00274601, 3.59327659, 0.0, 0.0, 0.0, -3.07660379, -5.41552324]",14.0,0.25334,local
323,mp-1025365,slab,-77.3602491,574.377,True,"[6.50433697, 0.0, 0.0, 0.0, 6.50433697, 0.0, 0.0, 0.0, 5.19971245]",14.0,2.1428571428571432e-08,local
324,mp-1025366,slab,-42.96645241,132.233,True,"[3.98789242, -0.0, 0.0, 0.0, 3.98789242, 0.0, 0.0, 0.0, 7.27104457]",7.0,0.0,local
325,mp-1025370,slab,-42.183443,164.382,True,"[3.99010836, -0.0, 0.0, 0.0, 3.99010836, 0.0, 0.0, 0.0, 7.15302794]",7.0,0.0,local
326,mp-1025371,slab,-32.31870972,208.54,True,"[4.06606731, 0.0, 0.0, 0.0, 4.06606731, 0.0, 0.0, -0.0, 7.12800709]",7.0,0.0,local
327,mp-1025375,slab,-31.24530638,388.049,True,"[4.22787497, 0.0, 0.0, 0.0, 4.22787497, 0.0, 0.0, 0.0, 6.84948212]",7.0,1.4285714285714284e-08,local
328,mp-1025378,slab,-80.4006785,1526.401,True,"[0.0, 13.77406175, 0.01169002, 3.92138551, 0.0, 0.0, 0.0, -3.36344197, -5.9511616]",14.0,0.9025583857142856,local
329,mp-1025380,slab,-81.22121832,4046.513,True,"[0.0, 13.48150415, -0.0088611, 4.05973209, 0.0, 0.0, 0.0, -3.55214143, -5.95354704]",14.0,1.2468476214285715,local
330,mp-1025396,slab,-71.41505051,1089.735,True,"[8.0750854, 0.0, 0.0, 0.0, 8.0750854, 0.0, 0.0, 0.0, 8.0750854]",16.0,6.25e-09,local
331,mp-1025397,slab,-57.03610411,133.037,True,"[4.89200356, 0.0, 0.0, 0.0, 4.89200356, 0.0, 0.0, 0.0, 4.89200356]",8.0,0.0,local
332,mp-1025402,slab,-22.37664476,601.823,True,"[2.1579506, -3.73768008, 0.0, 2.1579506, 3.73768008, -0.0, -0.0, 0.0, 15.77540055]",8.0,0.0,local
333,mp-1025447,slab,-29.12218576,2811.63,True,"[3.94876072, 0.0, 0.0, 0.0, 3.94876072, 0.0, 0.0, 0.0, 10.27180599]",8.0,0.0,local
334,mp-1025448,slab,-60.24660783,309.007,True,"[4.53419103, 0.0, 0.0, 0.0, 5.58437579, 0.0, 0.0, 0.0, 7.04707513]",8.0,1.25e-08,local
335,mp-1025457,slab,-87.93850865,560.637,True,"[4.0152249, 0.0, 0.0, 0.0, 4.0152249, 0.0, 0.0, 0.0, 14.51666307]",16.0,0.0,local
336,mp-1025459,slab,-43.68936013,1877.542,True,"[0.0, 5.95378243, -0.00348181, 3.91102133, 0.0, 0.0, 0.0, -1.41481414, -10.46059096]",8.0,0.0,local
337,mp-1025496,slab,-46.99831942,313.707,True,"[1.76610307, -3.05898025, -0.0, 1.76610307, 3.05898025, -0.0, 0.0, 0.0, 13.58508219]",8.0,0.0,local
338,mp-1025513,slab,-58.6455076,721.481,True,"[3.93863485, -0.0, 0.0, 0.0, 5.42791766, 0.0, -0.0, 0.0, 7.10624173]",8.0,5e-08,local
339,mp-1025520,slab,-58.13134856,9090.903,True,"[4.59856038, 0.0, 0.0, 0.0, 12.03216522, 0.0, 0.0, 0.0, 8.13789334]",16.0,0.0,local
340,mp-1025549,slab,-68.23252397,828.332,True,"[7.90374421, 0.0, 0.0, 0.0, 7.90374421, 0.0, 0.0, 0.0, 7.90374421]",16.0,1.875e-08,local
341,mp-1025551,slab,-40.99614833,237.4,True,"[4.9703546, -0.0, 0.0, 0.0, 4.9703546, 0.0, 0.0, -0.0, 4.9703546]",8.0,0.0,local
342,mp-10256,slab,-24.87481927,118.334,True,"[2.04848686, -3.54808331, 0.0, 2.04848686, 3.54808331, 0.0, -0.0, 0.0, 6.0747097]",4.0,1.2657462,local
343,mp-10260,slab,-83.96719335,454.001,True,"[5.93388719, 0.0, 0.0, 0.0, 5.93388719, 0.0, 0.0, 0.0, 5.93388719]",16.0,6.25e-09,local
344,mp-10261,slab,-97.37357229,324.124,True,"[6.13224061, 0.0, 0.0, 0.0, 6.13224061, 0.0, 0.0, 0.0, 6.13224061]",16.0,8.75e-08,local
345,mp-10264,slab,-53.99758178,751.175,True,"[1.94480345, -3.36849839, 0.0, 1.94480345, 3.36849839, -0.0, 0.0, -0.0, 20.21423677]",12.0,8.333333333333334e-09,local
346,mp-1027,slab,-34.68111839,38.176,True,"[3.93966495, 0.0, 0.0, 0.0, 3.93966495, 0.0, 0.0, 0.0, 3.93966495]",4.0,2.5e-08,local
347,mp-10286,slab,-36.33769912,83.23,True,"[4.341966, 0.0, 0.0, 0.0, 4.341966, 0.0, 0.0, 0.0, 14.289858]",8.0,1.000142725,local
348,mp-10287,slab,-36.12628658,106.945,True,"[4.393618, 0.0, 0.0, 0.0, 4.393618, 0.0, 0.0, 0.0, 14.769074]",8.0,1.000129925,local
349,mp-1028,slab,-83.40734172,2939.754,True,"[0.0, 13.99063818, -0.03832862, 3.96147211, 0.0, 0.0, 0.0, -3.2037358, -6.08522363]",14.0,0.9883250071428572,local
350,mp-1030,slab,-190.57663439,1000.051,True,"[8.04105393, 0.0, 0.0, 0.0, 8.04105393, 0.0, -0.0, -0.0, 8.04105393]",32.0,6.875e-08,local
351,mp-10311,slab,-96.12448729,1042.303,True,"[3.74600601, 0.0, 0.0, 0.0, 3.74600601, 0.0, 0.0, 0.0, 14.56330115]",12.0,0.0,local
352,mp-10312,slab,-101.00855864,1164.284,True,"[3.72411262, 0.0, 0.0, 0.0, 3.72411262, 0.0, 0.0, 0.0, 14.40608874]",12.0,0.0,local
353,mp-1033,slab,-10.16380927,42.373,True,"[2.61139313, 0.0, 0.0, 0.0, 2.61139313, 0.0, -0.0, 0.0, 2.61139313]",2.0,3.5e-07,local
354,mp-10381,slab,-45.01566471,1079.168,True,"[7.9791802, 0.0, 0.0, 0.0, 10.65761885, 0.0, 0.0, 0.0, 6.28643275]",16.0,0.0,local
355,mp-1038767,slab,-9.73834264,817.097,True,"[0.0, 11.41765989, 0.02386067, 3.17357864, 0.0, 0.0, 0.0, -2.18194078, -4.84654386]",8.0,3.75e-08,local
356,mp-1038797,slab,-12.7026802,1188.046,True,"[0.0, 11.6202136, -0.05582089, 3.23667418, 0.0, 0.0, 0.0, -1.56167477, -7.08188138]",12.0,5.833333333333333e-08,local
357,mp-1038814,slab,-2.46031066,20.743,True,"[3.50914236, 0.0, 0.0, 0.0, 3.50914236, 0.0, 0.0, 0.0, 3.50914236]",2.0,1e-07,local
358,mp-1038828,slab,-7.04772471,922.846,True,"[3.68998409, -0.0, 0.0, 0.0, 5.21060845, 0.0, 0.0, 0.0, 5.21273079]",4.0,0.0,local
359,mp-1038829,slab,-2.39194638,181.273,True,"[1.60995099, -2.78851691, 0.0, 1.60995099, 2.78851691, 0.0, -0.0, -0.0, 4.94119351]",2.0,0.0,local
360,mp-1038869,slab,-3.87417099,200.872,True,"[1.59543371, -2.76337224, 0.0, 1.59543371, 2.76337224, -0.0, -0.0, -0.0, 10.11757457]",4.0,2.5e-08,local
361,mp-1038879,slab,-6.877567,13.751,True,"[5.079506, 0.0, 0.0, 0.0, 5.079506, 0.0, 0.0, 0.0, 5.079506]",4.0,0.000673425,local
362,mp-1038882,slab,-12.61872908,1562.381,True,"[3.20040939, -0.0, 0.0, 0.0, 15.63822997, 0.0, -0.0, -0.0, 5.35859594]",12.0,0.0,local
363,mp-1038915,slab,-3.15567242,50.204,True,"[1.96044078, -3.39558304, 0.0, 1.96044078, 3.39558304, -0.0, -0.0, 0.0, 4.29627466]",2.0,1.35e-06,local
364,mp-1038972,slab,-7.14044783,41.54,True,"[1.62940614, -2.82221423, 0.0, 1.62940614, 2.82221423, -0.0, -0.0, 0.0, 14.64818749]",6.0,2.666666666666667e-07,local
365,mp-1038975,slab,-4.66832547,63.95,True,"[1.61657969, -2.79999815, -0.0, 1.61657969, 2.79999815, 0.0, 0.0, 0.0, 9.98257505]",4.0,0.0,local
366,mp-1038,slab,-75.25114965,237.432,True,"[7.04848725, 0.0, 0.0, 0.0, 7.04848725, 0.0, 0.0, 0.0, 7.04848725]",24.0,9.16666666666667e-08,local
367,mp-1039011,slab,-5.35790268,1301.876,True,"[1.59205032, -2.75751205, -0.0, 1.59205032, 2.75751205, -0.0, 0.0, 0.0, 15.32352126]",6.0,0.0,local
368,mp-1039026,slab,-7.82162903,225.624,True,"[1.60370449, -2.77769766, -0.0, 1.60370449, 2.77769766, 0.0, 0.0, 0.0, 15.05288029]",6.0,0.0,local
369,mp-1039032,slab,-23.52850973,96.974,True,"[6.712292, 0.0, 0.0, 0.0, 6.712292, 0.0, 0.0, 0.0, 6.712292]",16.0,4.81e-05,local
370,mp-1039055,slab,-5.42521133,28.065,True,"[1.59733755, -2.76666979, -0.0, 1.59733755, 2.76666979, -0.0, -0.0, 0.0, 10.16413759]",4.0,2.75e-07,local
371,mp-1039056,slab,-6.1448768,167.32,True,"[1.59546408, -2.76342485, -0.0, 1.59546408, 2.76342485, -0.0, -0.0, 0.0, 15.29347532]",6.0,0.0,local
372,mp-1039124,slab,-2.44910551,33.195,True,"[3.34496005, 0.0, 0.0, 0.0, 3.34496005, 0.0, -0.0, 0.0, 3.87547229]",2.0,5e-08,local
373,mp-1039136,slab,-7.06774207,357.464,True,"[1.60490618, -2.77977905, 0.0, 1.60490618, 2.77977905, -0.0, 0.0, -0.0, 14.99311515]",6.0,0.0,local
374,mp-1039147,slab,-3.52906988,31.38,True,"[3.68761507, 0.0, 0.0, 0.0, 3.68761507, 0.0, 0.0, 0.0, 3.68761507]",2.0,5.5e-07,local
375,mp-1039164,slab,-4.79839781,101.445,True,"[3.24629608, 0.0, 0.0, 0.0, 5.15014646, 0.0, 0.0, 0.0, 5.28570358]",4.0,1e-06,local
376,mp-1039175,slab,-6.28419882,160.309,True,"[1.60636307, -2.78230246, 0.0, 1.60636307, 2.78230246, 0.0, -0.0, 0.0, 14.95522582]",6.0,0.0,local
377,mp-1039204,slab,-12.74214972,1291.045,True,"[0.0, 11.65875791, 0.00281283, 3.19718957, 0.0, 0.0, 0.0, -2.37985213, -7.13004774]",12.0,1.6666666666666667e-08,local
378,mp-1039208,slab,-10.06407198,376.855,True,"[7.40654499, 0.0, 0.0, 0.0, 7.40654499, 0.0, 0.0, 0.0, 3.99593021]",6.0,8.333333333333334e-08,local
379,mp-1039217,slab,-6.29981206,165.888,True,"[1.60411966, -2.77841675, 0.0, 1.60411966, 2.77841675, -0.0, 0.0, 0.0, 14.93400529]",6.0,1.6666666666666667e-08,local
380,mp-1039222,slab,-14.45329217,1145.005,True,"[0.0, 11.74142639, -0.02881513, 3.1954058, 0.0, 0.0, 0.0, -1.96758004, -7.03162948]",12.0,0.0,local
381,mp-1039229,slab,-13.51029819,74.285,True,"[5.018114, 0.0, 0.0, 0.0, 5.018114, 0.0, 0.0, 0.0, 10.523204]",8.0,0.0001897375,local
382,mp-1039246,slab,-14.53351116,938.59,True,"[0.0, 9.34578506, -0.06682476, 5.39163551, 0.0, 0.0, 0.0, -2.83718743, -5.19944404]",12.0,5.833333333333333e-08,local
383,mp-1039249,slab,-15.29771321,133.479,True,"[7.10299901, 0.0, 0.0, 0.0, 7.10299901, 0.0, -0.0, -0.0, 7.10299901]",16.0,1.875e-08,local
384,mp-1039255,slab,-15.61216905,2804.562,True,"[3.21198948, 0.0, 0.0, 0.0, 16.0920726, 0.0, 0.0, 0.0, 5.19130641]",12.0,0.0,local
385,mp-1039262,slab,-12.08637331,166.671,True,"[3.29152519, -5.70108886, -0.0, 3.29152519, 5.70108886, 0.0, -0.0, 0.0, 4.37666556]",8.0,1.25e-08,local
386,mp-1039275,slab,-9.47788648,237.902,True,"[2.25722744, -3.90963262, 0.0, 2.25722744, 3.90963262, -0.0, -0.0, -0.0, 9.92055547]",6.0,1.6666666666666667e-08,local
387,mp-1039292,slab,-13.8346252,120.832,True,"[3.61352115, -6.25880223, -0.0, 3.61352115, 6.25880223, -0.0, 0.0, -0.0, 5.71607505]",8.0,1.75e-07,local
388,mp-1039293,slab,-10.97076688,218.569,True,"[4.45201839, 0.0, 0.0, 0.0, 4.45201839, 0.0, -0.0, -0.0, 8.95481687]",8.0,6.25e-08,local
389,mp-1039309,slab,-7.69436189,1119.06,True,"[1.59872807, -2.76907824, -0.0, 1.59872807, 2.76907824, 0.0, -0.0, 0.0, 15.26487768]",6.0,0.0,local
390,mp-1039319,slab,-15.79336666,451.303,True,"[0.0, 11.86706082, -0.03341208, 3.19335605, 0.0, 0.0, 0.0, -1.9961445, -7.03356725]",12.0,0.0,local
391,mp-1039426,slab,-11.00879927,265.046,True,"[3.18536528, 0.0, 0.0, 0.0, 5.46106379, 0.0, 0.0, 0.0, 10.21975994]",8.0,1.25e-07,local
392,mp-1039434,slab,-8.45868084,234.042,True,"[1.60106694, -2.77312929, -0.0, 1.60106694, 2.77312929, 0.0, -0.0, -0.0, 15.27637096]",6.0,0.0,local
393,mp-1039443,slab,-6.91526623,503.109,True,"[1.5921335, -2.75765611, 0.0, 1.5921335, 2.75765611, -0.0, -0.0, -0.0, 15.35107291]",6.0,0.0,local
394,mp-1039447,slab,-12.62006453,161.189,True,"[6.16136206, -0.0, 0.0, 0.0, 6.16136206, 0.0, 0.0, -0.0, 6.16136206]",8.0,0.0,local
395,mp-1039454,slab,-27.01676464,166.786,True,"[7.978042, 0.0, 0.0, 0.0, 7.978042, 0.0, 0.0, 0.0, 7.978042]",16.0,9.865625e-05,local
396,mp-1039463,slab,-14.32217192,995.322,True,"[0.0, 11.77608185, -0.0594066, 3.20262876, 0.0, 0.0, 0.0, -2.06483458, -7.04098607]",12.0,8.333333333333334e-09,local
397,mp-1039471,slab,-14.52087848,721.849,True,"[0.0, 11.39131528, 0.0234308, 3.20726519, 0.0, 0.0, 0.0, -2.10860264, -7.21637375]",12.0,6.666666666666668e-08,local
398,mp-1039495,slab,-7.84081113,76.315,True,"[1.60285489, -2.77622611, -0.0, 1.60285489, 2.77622611, -0.0, -0.0, 0.0, 15.05611969]",6.0,1.6666666666666667e-08,local
399,mp-10394,slab,-42.60698404,79.183,True,"[2.04958063, -3.54997778, -0.0, 2.04958063, 3.54997778, -0.0, 0.0, -0.0, 5.10366343]",6.0,0.80550745,local
400,mp-1042,slab,-67.9268804,158.649,True,"[3.7895787, 0.0, 0.0, 0.0, 5.24606348, 0.0, 0.0, 0.0, 6.89683758]",8.0,1.25e-08,local
401,mp-10435,slab,-26.6736047,62.731,True,"[2.09926441, -3.63603261, 0.0, 2.09926441, 3.63603261, 0.0, -0.0, -0.0, 6.58752403]",5.0,8e-08,local
402,mp-10437,slab,-41.2818112,632.154,True,"[4.08767164, 0.0, 0.0, 0.0, 4.08767164, 0.0, 0.0, 0.0, 13.21106348]",10.0,0.0,local
403,mp-1043,slab,-222.50118599,810.884,True,"[7.31095232, 0.0, 0.0, 0.0, 7.31095232, 0.0, 0.0, 0.0, 7.31095232]",24.0,1.9895833333333334e-05,local
404,mp-10441,slab,-85.04656797,1106.596,True,"[2.10343541, -3.64325701, 0.0, 2.10343541, 3.64325701, -0.0, 0.0, 0.0, 23.7898506]",21.0,0.0,local
405,mp-10455,slab,-83.45246057,898.859,True,"[4.05934938, 0.0, 0.0, 0.0, 4.05934938, 0.0, 0.0, 0.0, 15.43748322]",12.0,0.5179147666666667,local
406,mp-1048,slab,-28.21190758,625.488,True,"[0.0, 2.93447257, 0.0004227, 4.01412499, 0.0, 0.0, 0.0, -1.28706846, -4.70012704]",4.0,2.25e-06,local
407,mp-1052023,slab,-28.23599414,278.233,True,"[6.48928585, 0.0, 0.0, 0.0, 6.48928585, 0.0, 0.0, 0.0, 5.19829379]",12.0,4.166666666666666e-08,local
408,mp-10521,slab,-25.049915,65.053,True,"[2.14187301, -3.70983287, 0.0, 2.14187301, 3.70983287, -0.0, 0.0, -0.0, 6.62076556]",5.0,2e-08,local
409,mp-10527,slab,-62.36100899,398.409,True,"[4.07705565, 0.0, 0.0, 0.0, 5.75212511, 0.0, -0.0, 0.0, 8.72163237]",10.0,1e-08,local
410,mp-1052,slab,-70.92245474,1204.666,True,"[7.92424384, 0.0, 0.0, 0.0, 7.92424384, 0.0, 0.0, 0.0, 7.92424384]",24.0,1.2083333333333338e-07,local
411,mp-1055899,slab,-36.97787327,1866.518,True,"[3.01351772, -0.0, 0.0, 0.0, 3.01351772, 0.0, 0.0, 0.0, 11.01448932]",6.0,0.0,local
412,mp-1055,slab,-20.81669783,33.598,True,"[5.747916, 0.0, 0.0, 0.0, 5.747916, 0.0, 0.0, 0.0, 5.747916]",8.0,2.53875e-05,local
413,mp-1056985,slab,-14.11029247,100.423,True,"[2.83144244, 0.0, 0.0, 0.0, 2.83144244, 0.0, 0.0, -0.0, 3.88546445]",2.0,2e-06,local
414,mp-1057,slab,-25.25170378,91.175,True,"[2.01778575, -3.49490743, -0.0, 2.01778575, 3.49490743, 0.0, 0.0, -0.0, 4.92017209]",5.0,8e-08,local
415,mp-10596,slab,-34.90269729,41.155,True,"[3.82697035, -0.0, 0.0, 0.0, 3.82697035, 0.0, 0.0, 0.0, 3.82697035]",4.0,0.796586775,local
416,mp-1059707,slab,-7.35056015,39.657,True,"[3.4299733, 0.0, 0.0, 0.0, 3.4299733, 0.0, 0.0, 0.0, 3.4299733]",2.0,0.00832335,local
417,mp-10598,slab,-15.26302332,59.179,True,"[2.0987297, -3.63510647, 0.0, 2.0987297, 3.63510647, -0.0, 0.0, 0.0, 5.07801173]",4.0,5e-08,local
418,mp-1061123,slab,-12.10520106,20.006,True,"[3.18592856, 0.0, 0.0, 0.0, 3.18592856, 0.0, -0.0, 0.0, 3.18592856]",2.0,4.2e-06,local
419,mp-1061691,slab,-25.18412229,1795.815,True,"[2.80787911, -0.0, 0.0, 0.0, 2.80787911, 0.0, -0.0, 0.0, 9.92552392]",6.0,6.666666666666668e-08,local
420,mp-1061732,slab,-55.36990885,94.486,True,"[1.61652392, -2.79990156, 0.0, 1.61652392, 2.79990156, 0.0, 0.0, 0.0, 23.32954048]",9.0,6.185555555555556e-05,local
421,mp-1061769,slab,-35.64708575,199.291,True,"[0.0, 5.98701494, -0.00110063, 3.45546024, 0.0, 0.0, 0.0, -0.95069298, -11.72986721]",6.0,0.7189233,local
422,mp-1061772,slab,-86.03584091,1009.011,True,"[3.42090644, -0.0, 0.0, 0.0, 4.57081866, 0.0, -0.0, 0.0, 14.57327198]",12.0,2.75e-07,local
423,mp-1061861,slab,-40.31769921,1274.804,True,"[3.06820274, -0.0, 0.0, 0.0, 3.49313026, 0.0, -0.0, 0.0, 8.67682785]",6.0,0.0,local
424,mp-10618,slab,-43.98356533,97.828,True,"[1.97943495, -3.42848191, 0.0, 1.97943495, 3.42848191, 0.0, 0.0, 0.0, 19.60521544]",12.0,3.008333333333333e-06,local
425,mp-1062162,slab,-77.64388139,159.363,True,"[5.57658, 0.0, 0.0, 0.0, 5.57658, 0.0, 0.0, 0.0, 5.57658]",12.0,1.0103909166666667,local
426,mp-1062620,slab,-49.47921798,197.375,True,"[7.27673914, 0.0, 0.0, 0.0, 7.27673914, 0.0, 0.0, 0.0, 7.27673914]",12.0,2e-07,local
427,mp-1062676,slab,-32.57553406,178.5,True,"[7.68687758, 0.0, 0.0, 0.0, 7.68687758, 0.0, 0.0, 0.0, 7.68687758]",12.0,0.0786289833333333,local
428,mp-1062711,slab,-27.13258677,91.243,True,"[8.246436, 0.0, 0.0, 0.0, 8.246436, 0.0, 0.0, 0.0, 8.246436]",12.0,4.145e-05,local
429,mp-1063245,slab,-43.40626031,177.988,True,"[7.35844752, 0.0, 0.0, 0.0, 7.35844752, 0.0, 0.0, 0.0, 7.35844752]",12.0,2.5e-07,local
430,mp-1063314,slab,-47.25888692,207.61,True,"[6.93576562, 0.0, 0.0, 0.0, 6.93576562, 0.0, 0.0, 0.0, 6.93576562]",12.0,1.25e-07,local
431,mp-1063566,slab,-24.7980272,54.482,True,"[3.26347109, -0.0, 0.0, 0.0, 3.26347109, 0.0, 0.0, -0.0, 7.65082691]",4.0,3e-07,local
432,mp-1063661,slab,-18.20943385,51.119,True,"[3.65545159, 0.0, 0.0, 0.0, 3.65545159, 0.0, -0.0, -0.0, 3.65545159]",4.0,0.317621525,local
433,mp-1063670,slab,-32.39715014,256.813,True,"[4.33503501, 0.0, 0.0, 0.0, 12.36543831, 0.0, 0.0, 0.0, 4.47081866]",8.0,0.0,local
434,mp-1064228,slab,-109.95850006,208.985,True,"[6.13728432, 0.0, 0.0, 0.0, 6.13728432, 0.0, 0.0, 0.0, 6.13728432]",16.0,0.49926665625,local
435,mp-1064367,slab,-16.36210634,46.91,True,"[2.59634345, -4.49699876, 0.0, 2.59634345, 4.49699876, -0.0, 0.0, -0.0, 5.56545942]",4.0,1.5e-07,local
436,mp-1064484,slab,-8.88368056,232.248,True,"[3.53856426, 0.0, 0.0, 0.0, 3.53856426, 0.0, 0.0, 0.0, 9.58813435]",4.0,2.5e-08,local
437,mp-10644,slab,-74.65501522,569.395,True,"[8.08540694, 0.0, 0.0, 0.0, 8.08540694, 0.0, 0.0, 0.0, 8.08540694]",16.0,0.0,local
438,mp-1064554,slab,-22.89120387,77.879,True,"[2.08557336, -3.61231902, 0.0, 2.08557336, 3.61231902, -0.0, 0.0, 0.0, 5.73042651]",4.0,5e-08,local
439,mp-1064731,slab,-114.39897146,504.022,True,"[6.1960357, -0.0, 0.0, 0.0, 6.1960357, 0.0, -0.0, -0.0, 6.1960357]",16.0,0.00020384375,local
440,mp-10647,slab,-5.89033371,12.092,True,"[3.74709502, -0.0, 0.0, 0.0, 3.74709502, 0.0, -0.0, 0.0, 3.74709502]",2.0,5.5e-07,local
441,mp-1064892,slab,-117.02090937,291.55,True,"[6.83682957, -0.0, 0.0, 0.0, 6.83682957, 0.0, -0.0, -0.0, 6.83682957]",16.0,0.475439925,local
442,mp-1064981,slab,-71.02299344,1871.622,True,"[3.21676855, 0.0, 0.0, 0.0, 9.48931837, 0.0, 0.0, 0.0, 4.14739994]",8.0,0.0,local
443,mp-1065309,slab,-43.21749659,101.368,True,"[3.96253386, 0.0, 0.0, 0.0, 3.96253386, 0.0, -0.0, 0.0, 9.02557126]",8.0,3.75e-08,local
444,mp-1065359,slab,-22.85501585,113.93,True,"[3.63900342, -0.0, 0.0, 0.0, 3.63900342, 0.0, -0.0, -0.0, 3.58669814]",4.0,0.774240525,local
445,mp-1065514,slab,-57.74453311,238.956,True,"[2.23240265, -3.86663481, 0.0, 2.23240265, 3.86663481, -0.0, 0.0, -0.0, 24.47271733]",12.0,8.333333333333334e-09,local
446,mp-1065741,slab,-34.86773371,52.065,True,"[3.70464375, 0.0, 0.0, 0.0, 3.70464375, 0.0, -0.0, 0.0, 3.70464375]",4.0,1.121528,local
447,mp-1065753,slab,-28.64843262,784.583,True,"[3.58851555, 0.0, 0.0, 0.0, 3.58851555, 0.0, 0.0, -0.0, 3.84089062]",4.0,1.743917375,local
448,mp-1065918,slab,-102.66131391,788.0,True,"[5.84707245, -0.0, 0.0, 0.0, 5.84707245, 0.0, -0.0, -0.0, 5.84707245]",16.0,0.9027178625,local
449,mp-1065995,slab,-67.33074537,371.723,True,"[3.44827127, 0.0, 0.0, 0.0, 10.42396088, 0.0, 0.0, 0.0, 4.30652599]",8.0,1.25e-08,local
450,mp-1066078,slab,-21.06583951,63.31,True,"[2.2085596, -3.82533743, -0.0, 2.2085596, 3.82533743, 0.0, -0.0, -0.0, 5.57340329]",4.0,4.5e-07,local
451,mp-1066136,slab,-53.88893128,437.673,True,"[3.73996348, 0.0, 0.0, 0.0, 10.55363656, 0.0, 0.0, 0.0, 4.58060202]",8.0,0.0,local
452,mp-1066254,slab,-45.86918551,846.926,True,"[3.7606381, 0.0, 0.0, 0.0, 11.00740451, 0.0, 0.0, 0.0, 4.66022638]",8.0,0.0,local
453,mp-1066274,slab,-20.23287993,90.796,True,"[2.18630038, -3.78678334, 0.0, 2.18630038, 3.78678334, -0.0, -0.0, 0.0, 5.5598254]",4.0,7.75e-07,local
454,mp-1066921,slab,-23.89157816,277.306,True,"[3.78919441, 0.0, 0.0, 0.0, 3.78919441, 0.0, 0.0, 0.0, 3.43172395]",4.0,1.077719725,local
455,mp-1067210,slab,-25.02877755,2278.811,True,"[0.0, 3.24567004, 0.01357423, 4.1393889, 0.0, 0.0, 0.0, -1.53409869, -5.26552408]",4.0,0.0,local
456,mp-1067236,slab,-39.5065867,249.393,True,"[5.81239998, 0.0, 0.0, 0.0, 7.91344902, 0.0, 0.0, 0.0, 2.85612836]",8.0,1.25e-07,local
457,mp-1067248,slab,-56.42508666,1158.334,True,"[2.93009806, 0.0, 0.0, 0.0, 9.40283022, 0.0, -0.0, 0.0, 4.01193166]",8.0,1.25e-08,local
458,mp-1067475,slab,-28.03502215,1244.496,True,"[4.24839824, 0.0, 0.0, 0.0, 4.24839824, 0.0, -0.0, -0.0, 3.02004785]",4.0,4.925e-06,local
459,mp-1067744,slab,-63.84899418,358.132,True,"[2.09641649, -3.63109988, 0.0, 2.09641649, 3.63109988, -0.0, -0.0, -0.0, 23.3055692]",12.0,8.333333333333334e-09,local
460,mp-1067925,slab,-45.95475396,648.203,True,"[4.45340408, 0.0, 0.0, 0.0, 4.45340408, 0.0, 0.0, 0.0, 9.96151788]",10.0,0.0,local
461,mp-1067974,slab,-25.68959995,495.207,True,"[1.67562962, -2.90227564, -0.0, 1.67562962, 2.90227564, 0.0, -0.0, -0.0, 9.86136112]",4.0,9.5e-07,local
462,mp-1068002,slab,-43.92971527,466.142,True,"[4.3381427, 0.0, 0.0, 0.0, 5.86803471, 0.0, 0.0, 0.0, 8.82500459]",10.0,0.0,local
463,mp-1068010,slab,-56.4197119,5048.145,True,"[4.63794874, 0.0, 0.0, 0.0, 4.63794874, 0.0, 0.0, 0.0, 13.70163564]",10.0,1.6753434500000002,local
464,mp-1068035,slab,-38.2387586,310.254,True,"[4.34838202, 0.0, 0.0, 0.0, 5.9400163, 0.0, 0.0, 0.0, 8.95115804]",10.0,1e-08,local
465,mp-1068048,slab,-38.49844031,224.645,True,"[5.10837696, 0.0, 0.0, 0.0, 5.10837696, 0.0, 0.0, 0.0, 11.30073261]",10.0,1.3999999999999998e-07,local
466,mp-1068053,slab,-40.07980526,461.543,True,"[4.52867599, 0.0, 0.0, 0.0, 5.84012333, 0.0, 0.0, 0.0, 8.47176011]",10.0,1e-08,local
467,mp-1068157,slab,-39.82627985,780.294,True,"[4.59915519, 0.0, 0.0, 0.0, 6.02301597, 0.0, 0.0, 0.0, 9.23531246]",10.0,0.0,local
468,mp-1068235,slab,-53.48642665,576.939,True,"[4.51966812, 0.0, 0.0, 0.0, 4.51966812, 0.0, 0.0, 0.0, 10.19325462]",10.0,0.0,local
469,mp-1068239,slab,-48.80260535,650.439,True,"[4.55553926, 0.0, 0.0, 0.0, 4.55553926, 0.0, 0.0, 0.0, 10.21767603]",10.0,0.0,local
470,mp-1068250,slab,-63.00401961,826.443,True,"[3.92138145, -0.0, 0.0, 0.0, 3.92138145, 0.0, -0.0, -0.0, 9.99396178]",10.0,0.3131036,local
471,mp-1068286,slab,-36.66864431,816.782,True,"[4.52161133, 0.0, 0.0, 0.0, 5.94064358, 0.0, 0.0, 0.0, 8.66790151]",10.0,0.0,local
472,mp-1068331,slab,-61.33378988,2465.594,True,"[4.26715685, 0.0, 0.0, 0.0, 5.67156582, 0.0, -0.0, 0.0, 8.32793334]",10.0,2e-08,local
473,mp-1068446,slab,-43.83092885,249.134,True,"[6.64893139, -0.0, 0.0, 0.0, 6.64893139, 0.0, 0.0, -0.0, 4.09137107]",10.0,1e-08,local
474,mp-1068447,slab,-46.99790334,693.861,True,"[4.62253964, 0.0, 0.0, 0.0, 4.62253964, 0.0, 0.0, -0.0, 10.50111573]",10.0,0.0,local
475,mp-1068587,slab,-71.00571999,272.025,True,"[4.1998667, 0.0, 0.0, 0.0, 4.1998667, 0.0, 0.0, 0.0, 9.80833131]",10.0,0.0,local
476,mp-1068635,slab,-78.91452018,410.622,True,"[4.15132876, -0.0, 0.0, 0.0, 4.15132876, 0.0, -0.0, -0.0, 10.08068117]",10.0,0.0,local
477,mp-1068653,slab,-60.37112787,226.659,True,"[4.21487452, 0.0, 0.0, 0.0, 4.21487452, 0.0, 0.0, -0.0, 9.91298924]",10.0,2e-08,local
478,mp-10686,slab,-40.6245173,80.045,True,"[6.42719209, -0.0, 0.0, 0.0, 6.42719209, 0.0, -0.0, -0.0, 6.42719209]",16.0,1.1875e-07,local
479,mp-1068789,slab,-50.45199601,1514.448,True,"[3.89220274, 0.0, 0.0, 0.0, 3.89220274, 0.0, 0.0, 0.0, 16.51456512]",10.0,1.12561088,local
480,mp-1068813,slab,-34.43307936,2529.0,True,"[4.09172848, 0.0, 0.0, 0.0, 8.62057835, 0.0, -0.0, -0.0, 10.91779169]",10.0,0.0,local
481,mp-1068891,slab,-37.03763454,2636.336,True,"[0.0, 11.39926949, 0.00542351, 4.35752667, 0.0, 0.0, 0.0, -1.513562, -4.63539095]",10.0,0.0,local
482,mp-1069057,slab,-58.34885817,2143.428,True,"[3.94575444, 0.0, 0.0, 0.0, 3.94575444, 0.0, 0.0, 0.0, 10.76456747]",10.0,0.0,local
483,mp-1069139,slab,-51.2436752,397.377,True,"[4.19959371, 0.0, 0.0, 0.0, 4.19959371, 0.0, 0.0, 0.0, 9.82453558]",10.0,0.0,local
484,mp-1069288,slab,-42.89549348,217.096,True,"[5.61228769, 0.0, 0.0, 0.0, 5.61228769, 0.0, 0.0, 0.0, 5.61228769]",10.0,0.12596943,local
485,mp-10692,slab,-47.83359688,240.656,True,"[4.63420489, 0.0, 0.0, 0.0, 4.63420489, 0.0, 0.0, 0.0, 4.63420489]",8.0,1.75e-07,local
486,mp-1069604,slab,-55.11100722,876.862,True,"[4.26391457, 0.0, 0.0, 0.0, 4.26391457, 0.0, 0.0, 0.0, 9.84184931]",10.0,0.0,local
487,mp-1069676,slab,-28.05895695,231.977,True,"[3.52367585, 0.0, 0.0, 0.0, 20.37260365, 0.0, 0.0, 0.0, 3.52081077]",10.0,2.155e-05,local
488,mp-1069697,slab,-43.79650638,672.681,True,"[6.48874203, 0.0, 0.0, -0.0, 6.48874203, 0.0, 0.0, -0.0, 4.0735667]",10.0,0.4056350199999999,local
489,mp-1069706,slab,-37.68031072,520.558,True,"[3.81977385, 0.0, 0.0, 0.0, 7.45494377, 0.0, 0.0, 0.0, 9.86017217]",10.0,0.0,local
490,mp-1069708,slab,-53.80294274,1544.267,True,"[4.60093034, 0.0, 0.0, 0.0, 4.60093034, 0.0, 0.0, 0.0, 10.33603648]",10.0,0.0,local
491,mp-1069712,slab,-28.43825951,523.428,True,"[4.74658537, -0.0, 0.0, 0.0, 4.74658537, 0.0, 0.0, 0.0, 11.6035534]",10.0,1e-07,local
492,mp-1069771,slab,-37.03214707,499.621,True,"[3.86427796, 0.0, 0.0, 0.0, 7.69123038, 0.0, 0.0, 0.0, 10.32010201]",10.0,0.0,local
493,mp-10697,slab,-58.12018044,309.282,True,"[4.22865282, 0.0, 0.0, 0.0, 4.22865282, 0.0, 0.0, 0.0, 10.91046531]",10.0,0.0,local
494,mp-1069809,slab,-54.54020153,251.587,True,"[4.44878011, -0.0, 0.0, 0.0, 4.44878011, 0.0, 0.0, -0.0, 10.09665505]",10.0,0.0,local
495,mp-1069815,slab,-22.20404099,173.971,True,"[2.30722122, -3.99622437, 0.0, 2.30722122, 3.99622437, 0.0, 0.0, 0.0, 5.63090923]",5.0,0.0,local
496,mp-1069824,slab,-41.78555722,880.332,True,"[4.49668037, 0.0, 0.0, 0.0, 5.92014964, 0.0, 0.0, 0.0, 8.59813824]",10.0,0.0,local
497,mp-10698,slab,-58.23065786,931.651,True,"[4.21686517, -0.0, 0.0, 0.0, 4.21686517, 0.0, 0.0, 0.0, 12.25813509]",10.0,0.0,local
498,mp-1069937,slab,-61.39874096,328.495,True,"[4.49364201, -0.0, 0.0, 0.0, 4.49364201, 0.0, -0.0, -0.0, 12.36029408]",10.0,3e-08,local
499,mp-1069956,slab,-64.29534664,204.787,True,"[4.10264247, 0.0, 0.0, 0.0, 4.10264247, 0.0, 0.0, 0.0, 10.04346978]",10.0,0.0,local
500,mp-1069,slab,-89.87824819,631.264,True,"[3.68374644, 0.0, 0.0, 0.0, 14.62502846, 0.0, -0.0, 0.0, 3.65062882]",12.0,4.166666666666666e-08,local
501,mp-1070103,slab,-87.45358181,209.003,True,"[3.47637636, 0.0, 0.0, 0.0, 3.47637636, 0.0, 0.0, 0.0, 14.76615608]",10.0,1e-08,local
502,mp-1070137,slab,-51.58548829,463.338,True,"[4.44064212, 0.0, 0.0, 0.0, 4.44064212, 0.0, -0.0, 0.0, 10.24988819]",10.0,0.0,local
503,mp-1070152,slab,-59.86108021,417.171,True,"[3.89242874, 0.0, 0.0, 0.0, 3.89242874, 0.0, 0.0, 0.0, 9.92962669]",10.0,3e-08,local
504,mp-1070247,slab,-50.9836482,415.355,True,"[4.58172902, 0.0, 0.0, 0.0, 4.58172902, 0.0, 0.0, 0.0, 10.37628496]",10.0,0.0,local
505,mp-1070253,slab,-53.73232431,873.761,True,"[4.01912404, 0.0, 0.0, 0.0, 4.01912404, 0.0, 0.0, 0.0, 12.42079282]",10.0,0.0,local
506,mp-1070267,slab,-32.86336596,203.413,True,"[4.53101512, 0.0, 0.0, 0.0, 4.53101512, 0.0, 0.0, 0.0, 10.19697288]",10.0,0.0,local
507,mp-1070356,slab,-34.80102439,484.367,True,"[4.11438007, 0.0, 0.0, 0.0, 8.16982222, 0.0, 0.0, -0.0, 10.89311406]",10.0,0.0,local
508,mp-1070375,slab,-17.47915676,39.279,True,"[5.63707026, 0.0, 0.0, 0.0, 5.63707026, 0.0, 0.0, 0.0, 5.63707026]",5.0,0.0,local
509,mp-1070400,slab,-50.96678612,1040.72,True,"[0.0, 12.43177293, 0.04880709, 4.17228354, 0.0, 0.0, 0.0, -1.35670122, -3.96763104]",10.0,2e-08,local
510,mp-1070498,slab,-36.57909246,547.226,True,"[4.06217112, 0.0, 0.0, 0.0, 8.20849928, 0.0, 0.0, 0.0, 10.91275998]",10.0,0.0,local
511,mp-1070544,slab,-43.77458601,210.172,True,"[5.66669361, 0.0, 0.0, 0.0, 5.66669361, 0.0, 0.0, 0.0, 5.66669361]",10.0,2e-08,local
512,mp-1070580,slab,-66.22052161,184.363,True,"[3.10166576, -0.0, 0.0, 0.0, 3.10166576, 0.0, 0.0, 0.0, 14.36100085]",10.0,0.0,local
513,mp-1070613,slab,-60.81311348,460.899,True,"[4.4923871, 0.0, 0.0, 0.0, 4.4923871, 0.0, 0.0, 0.0, 11.45093697]",10.0,0.0,local
514,mp-1070735,slab,-54.01920177,610.924,True,"[3.77268975, -0.0, 0.0, 0.0, 3.77268975, 0.0, -0.0, -0.0, 14.91021688]",10.0,1.20160448,local
515,mp-1070755,slab,-59.18399585,1049.883,True,"[4.20607478, 0.0, 0.0, 0.0, 5.36672766, 0.0, 0.0, 0.0, 8.27550582]",10.0,0.0,local
516,mp-1070789,slab,-44.59207344,283.286,True,"[6.50490335, 0.0, 0.0, -0.0, 6.50490335, 0.0, -0.0, 0.0, 4.09909717]",10.0,0.76790117,local
517,mp-1070869,slab,-108.29992493,546.369,True,"[7.01247565, 0.0, 0.0, 0.0, 7.01247565, 0.0, 0.0, 0.0, 7.01247565]",24.0,4.166666666666667e-07,local
518,mp-1070907,slab,-40.39059469,889.253,True,"[3.96032884, -0.0, 0.0, 0.0, 3.96032884, 0.0, 0.0, -0.0, 8.56405176]",6.0,0.0,local
519,mp-1070,slab,-10.99276238,39.873,True,"[2.19760165, -3.80635771, -0.0, 2.19760165, 3.80635771, 0.0, -0.0, 0.0, 7.16489824]",4.0,2.5e-08,local
520,mp-1071078,slab,-26.39331876,280.573,True,"[3.69776279, 0.0, 0.0, 0.0, 4.92173914, 0.0, 0.0, 0.0, 6.00228672]",6.0,3e-07,local
521,mp-1071127,slab,-86.10157951,906.839,True,"[2.82841984, -4.89896686, -0.0, 2.82841984, 4.89896686, 0.0, 0.0, 0.0, 12.47181563]",18.0,2.222222222222222e-08,local
522,mp-1071230,slab,-38.28921586,1218.089,True,"[3.96945704, 0.0, 0.0, 0.0, 3.96945704, 0.0, -0.0, 0.0, 8.65059953]",6.0,0.0,local
523,mp-1071274,slab,-111.24557245,866.954,True,"[5.11665158, 0.0, 0.0, 0.0, 5.25567661, 0.0, -0.0, -0.0, 7.27270051]",12.0,1.35e-06,local
524,mp-1071278,slab,-44.7785946,2493.77,True,"[4.79478365, 0.0, 0.0, 0.0, 7.37958847, 0.0, 0.0, 0.0, 8.3442304]",12.0,0.0,local
525,mp-1071623,slab,-44.42594388,2107.472,True,"[4.15956041, -0.0, 0.0, 0.0, 4.15956041, 0.0, -0.0, -0.0, 13.03292774]",12.0,0.0,local
526,mp-1071645,slab,-102.37765759,582.418,True,"[7.25803467, 0.0, 0.0, 0.0, 7.25803467, 0.0, 0.0, 0.0, 7.25803467]",24.0,4.166666666666667e-09,local
527,mp-1071690,slab,-107.89673984,202.106,True,"[5.77498828, 0.0, 0.0, 0.0, 5.77498828, 0.0, 0.0, 0.0, 5.77498828]",24.0,2.9166666666666663e-08,local
528,mp-1071720,slab,-58.80104032,1776.849,True,"[4.33272945, 0.0, 0.0, 0.0, 9.15277191, 0.0, 0.0, 0.0, 5.29423227]",12.0,0.0,local
529,mp-1071737,slab,-24.42202643,185.446,True,"[2.20488961, -3.81898083, -0.0, 2.20488961, 3.81898083, -0.0, 0.0, 0.0, 7.28277489]",6.0,3.333333333333333e-07,local
530,mp-1071862,slab,-25.42790682,127.872,True,"[2.23681073, -3.87426984, -0.0, 2.23681073, 3.87426984, 0.0, 0.0, -0.0, 7.22277581]",6.0,0.0,local
531,mp-1071876,slab,-20.23417572,118.292,True,"[2.44340192, -4.23209627, 0.0, 2.44340192, 4.23209627, -0.0, 0.0, -0.0, 8.0517562]",6.0,1.3333333333333336e-07,local
532,mp-1072076,slab,-150.85205936,286.187,True,"[6.550158, 0.0, 0.0, 0.0, 6.550158, 0.0, 0.0, 0.0, 6.550158]",24.0,1.3736327499999998,local
533,mp-1072113,slab,-39.62153005,394.067,True,"[1.73677607, -3.00818439, -0.0, 1.73677607, 3.00818439, 0.0, 0.0, 0.0, 13.58638053]",6.0,0.1004841666666666,local
534,mp-1072181,slab,-64.21810834,352.929,True,"[6.60877535, 0.0, 0.0, 0.0, 6.60877535, 0.0, -0.0, -0.0, 5.57494697]",12.0,0.7460323083333332,local
535,mp-1072255,slab,-135.11354914,474.218,True,"[6.8257941, 0.0, 0.0, 0.0, 6.8257941, 0.0, 0.0, 0.0, 6.8257941]",24.0,4.958333333333333e-07,local
536,mp-1072286,slab,-31.49378307,88.898,True,"[2.35772726, -4.08370341, -0.0, 2.35772726, 4.08370341, 0.0, 0.0, -0.0, 7.43276877]",6.0,8.333333333333334e-08,local
537,mp-1072382,slab,-77.65929915,555.315,True,"[7.74667921, 0.0, 0.0, 0.0, 7.74667921, 0.0, 0.0, 0.0, 7.74667921]",24.0,5.916666666666667e-07,local
538,mp-1072398,slab,-109.62496462,425.082,True,"[7.01452599, 0.0, 0.0, 0.0, 7.01452599, 0.0, 0.0, 0.0, 7.01452599]",24.0,0.7888588708333333,local
539,mp-1072399,slab,-110.65670547,195.653,True,"[5.97825635, 0.0, 0.0, 0.0, 5.97825635, 0.0, 0.0, 0.0, 5.97825635]",24.0,4.166666666666667e-09,local
540,mp-1072429,slab,-129.55544676,2548.504,True,"[4.77776039, 0.0, 0.0, 0.0, 8.27035009, 0.0, 0.0, 0.0, 8.78083643]",24.0,0.0,local
541,mp-1072437,slab,-74.81994276,819.551,True,"[5.08012589, 0.0, 0.0, 0.0, 8.18066808, 0.0, 0.0, 0.0, 3.95390796]",12.0,0.0,local
542,mp-1072518,slab,-33.94844943,595.404,True,"[7.14590169, -0.0, 0.0, 0.0, 7.14590169, 0.0, -0.0, -0.0, 5.16440582]",12.0,0.0,local
543,mp-1072645,slab,-93.3394557,362.689,True,"[0.0, 8.7074458, -0.01510248, 3.00971707, 0.0, 0.0, 0.0, -3.63757375, -6.56450406]",12.0,0.0,local
544,mp-1072655,slab,-65.42281224,2161.795,True,"[4.7116072, 0.0, 0.0, 0.0, 8.55358839, 0.0, 0.0, 0.0, 4.64591286]",12.0,8.333333333333334e-09,local
545,mp-1072660,slab,-78.11671981,1307.019,True,"[0.0, 9.11887909, -0.01705301, 3.28657848, 0.0, 0.0, 0.0, -3.7525403, -6.51078144]",12.0,0.0,local
546,mp-1072744,slab,-96.91398739,4924.455,True,"[0.0, 10.96324679, -0.0235155, 3.85773965, 0.0, 0.0, 0.0, -3.01275672, -6.74489003]",12.0,0.0,local
547,mp-1072794,slab,-15.22035682,122.832,True,"[2.39186371, -4.14282947, 0.0, 2.39186371, 4.14282947, 0.0, 0.0, -0.0, 7.92877238]",6.0,1.3333333333333336e-07,local
548,mp-1072802,slab,-16.69660212,105.928,True,"[2.31770749, -4.01438714, 0.0, 2.31770749, 4.01438714, 0.0, -0.0, -0.0, 8.08894992]",6.0,0.0,local
549,mp-1072944,slab,-104.97073571,380.134,True,"[7.13607197, 0.0, 0.0, 0.0, 7.13607197, 0.0, 0.0, 0.0, 7.13607197]",24.0,2.9166666666666663e-08,local
550,mp-1073,slab,-3.41321621,23.955,True,"[3.85216335, 0.0, 0.0, 0.0, 3.85216335, 0.0, 0.0, 0.0, 3.85216335]",2.0,3.85e-06,local
551,mp-10749,slab,-23.27515894,151.11,True,"[2.27178657, -3.93484977, -0.0, 2.27178657, 3.93484977, -0.0, 0.0, 0.0, 8.92919151]",6.0,0.0,local
552,mp-10755,slab,-85.27688186,289.241,True,"[5.961542, -0.0, 0.0, 0.0, 5.961542, 0.0, -0.0, -0.0, 5.961542]",12.0,0.3182895,local
553,mp-10759,slab,-33.79348549,96.916,True,"[5.66348662, 0.0, 0.0, 0.0, 5.66348662, 0.0, 0.0, 0.0, 5.66348662]",8.0,3.75e-08,local
554,mp-10760,slab,-29.9603123,25.172,True,"[5.49926757, -0.0, 0.0, 0.0, 5.49926757, 0.0, -0.0, -0.0, 5.49926757]",8.0,6.25e-08,local
555,mp-10761,slab,-22.57465647,65.957,True,"[2.07176997, -3.58841085, 0.0, 2.07176997, 3.58841085, 0.0, -0.0, -0.0, 5.07615249]",4.0,1.034856925,local
556,mp-1076973,slab,-35.54257218,195.157,True,"[3.72724426, 0.0, 0.0, 0.0, 3.72724426, 0.0, 0.0, -0.0, 8.26292855]",6.0,1.6666666666666667e-08,local
557,mp-1077001,slab,-41.15716933,1561.409,True,"[4.22846639, -0.0, 0.0, 0.0, 5.13686922, 0.0, 0.0, -0.0, 7.35062473]",12.0,0.0,local
558,mp-1077017,slab,-111.25258985,1031.944,True,"[5.23068264, -0.0, 0.0, 0.0, 5.23068264, 0.0, -0.0, -0.0, 7.14956435]",12.0,3.6666666666666667e-07,local
559,mp-1077023,slab,-62.40606135,2488.83,True,"[4.58216974, 0.0, 0.0, 0.0, 8.00889468, 0.0, 0.0, 0.0, 4.42121156]",12.0,0.1227801166666666,local
560,mp-1077179,slab,-89.85240175,1836.873,True,"[0.0, 9.17375204, -0.03802664, 3.35428467, 0.0, 0.0, 0.0, -3.80327681, -6.74629535]",12.0,0.0,local
561,mp-1077240,slab,-59.74830313,8509.768,True,"[3.86158069, 0.0, 0.0, 0.0, 16.15304938, 0.0, 0.0, 0.0, 3.90654165]",12.0,0.0,local
562,mp-1077241,slab,-114.87271265,284.449,True,"[7.46119, 0.0, 0.0, 0.0, 7.46119, 0.0, 0.0, 0.0, 7.46119]",24.0,0.0002604666666666,local
563,mp-1077297,slab,-111.82942694,534.243,True,"[6.52716092, 0.0, 0.0, 0.0, 6.52716092, 0.0, 0.0, 0.0, 5.7623789]",12.0,1.6666666666666667e-08,local
564,mp-1077322,slab,-32.80997798,4224.944,True,"[4.9895209, 0.0, 0.0, 0.0, 8.26668901, 0.0, 0.0, 0.0, 8.55897522]",12.0,2.3333333333333333e-07,local
565,mp-1077351,slab,-32.91330757,153.637,True,"[2.12550462, -3.68148199, -0.0, 2.12550462, 3.68148199, 0.0, -0.0, -0.0, 6.4553151]",6.0,1e-07,local
566,mp-1077361,slab,-25.19048423,107.965,True,"[2.30531328, -3.99291973, -0.0, 2.30531328, 3.99291973, 0.0, 0.0, 0.0, 9.21269513]",6.0,0.0,local
567,mp-1077362,slab,-155.77453686,1509.254,True,"[6.93827102, -0.0, 0.0, 0.0, 6.93827102, 0.0, -0.0, 0.0, 6.93827102]",24.0,0.9104853916666666,local
568,mp-1077365,slab,-32.47129809,162.989,True,"[4.44879755, -0.0, 0.0, 0.0, 4.44879755, 0.0, -0.0, -0.0, 8.89580417]",6.0,1.6666666666666667e-08,local
569,mp-1077372,slab,-84.07945642,2100.394,True,"[0.0, 10.65914427, -0.00728655, 3.25071454, 0.0, 0.0, 0.0, -4.58797526, -6.79731701]",12.0,0.0,local
570,mp-1077397,slab,-124.35906568,491.358,True,"[6.8934859, 0.0, 0.0, 0.0, 6.8934859, 0.0, 0.0, 0.0, 6.8934859]",24.0,1.958333333333333e-07,local
571,mp-1077429,slab,-173.77477177,628.823,True,"[6.78961813, 0.0, 0.0, 0.0, 6.78961813, 0.0, 0.0, 0.0, 6.78961813]",24.0,0.2964957916666667,local
572,mp-1077453,slab,-78.78286054,3843.644,True,"[3.7898211, 0.0, 0.0, 0.0, 3.7898211, 0.0, 0.0, -0.0, 13.56551516]",12.0,0.0,local
573,mp-1077470,slab,-27.11360722,405.516,True,"[4.20409022, 0.0, 0.0, 0.0, 4.20409022, 0.0, -0.0, 0.0, 6.64210299]",6.0,1.6333333333333333e-06,local
574,mp-1077503,slab,-81.49897664,562.164,True,"[3.5469442, 0.0, 0.0, 0.0, 13.57000558, 0.0, 0.0, 0.0, 3.580546]",12.0,0.0,local
575,mp-1077536,slab,-18.18641455,99.69,True,"[6.94165436, 0.0, 0.0, 0.0, 6.94165436, 0.0, 0.0, 0.0, 3.20530881]",6.0,4.333333333333334e-07,local
576,mp-1077599,slab,-65.11362878,735.055,True,"[3.95611226, -0.0, 0.0, 0.0, 9.93794869, 0.0, 0.0, -0.0, 5.54681738]",12.0,0.0,local
577,mp-1077722,slab,-65.01438468,958.516,True,"[4.28388881, -0.0, 0.0, 0.0, 9.27154369, 0.0, 0.0, -0.0, 5.28292465]",12.0,1.6666666666666667e-08,local
578,mp-1077790,slab,-217.10111674,596.643,True,"[6.79640229, -0.0, 0.0, 0.0, 6.79640229, 0.0, -0.0, -0.0, 6.79640229]",24.0,0.8092069833333334,local
579,mp-1077791,slab,-84.31303411,4289.335,True,"[0.0, 11.83821141, -0.01482809, 3.27859342, 0.0, 0.0, 0.0, -1.75403604, -7.43175155]",12.0,1.5833333333333333e-07,local
580,mp-1077840,slab,-92.00536225,29930.685,True,"[2.17672298, -3.7701948, -0.0, 2.17672298, 3.7701948, 0.0, 0.0, 0.0, 41.90061831]",21.0,0.7142689714285714,local
581,mp-1077854,slab,-114.13744244,883.285,True,"[2.91118207, -5.04231526, -0.0, 2.91118207, 5.04231526, 0.0, -0.0, 0.0, 14.71733597]",21.0,0.0,local
582,mp-1077893,slab,-74.59748052,2839.494,True,"[8.09572942, 0.0, 0.0, -0.0, 8.09572942, 0.0, 0.0, -0.0, 5.37107763]",14.0,0.7350134285714286,local
583,mp-1077903,slab,-88.46454498,1813.435,True,"[2.95606308, -5.12005145, -0.0, 2.95606308, 5.12005145, 0.0, -0.0, -0.0, 15.20250669]",21.0,0.0,local
584,mp-1077939,slab,-77.44189814,2751.731,True,"[0.0, 13.15438869, -0.01798144, 4.07786986, 0.0, 0.0, 0.0, -3.72589487, -6.01935382]",14.0,0.5199660071428571,local
585,mp-1077942,slab,-46.89749166,4786.199,True,"[0.0, 11.22078563, 0.04363706, 8.82268711, 0.0, 0.0, 0.0, -2.31209141, -4.89297083]",14.0,0.0,local
586,mp-1077978,slab,-91.41452762,3498.553,True,"[0.0, 13.68479828, -0.05091105, 3.53083324, 0.0, 0.0, 0.0, -2.99701007, -5.72350664]",14.0,0.1028877714285714,local
587,mp-1077979,slab,-34.70196627,520.135,True,"[4.07970865, -0.0, 0.0, 0.0, 4.07970865, 0.0, 0.0, 0.0, 7.14039002]",7.0,0.0,local
588,mp-1077980,slab,-68.94014779,1944.745,True,"[2.38951989, -4.13876986, 0.0, 2.38951989, 4.13876986, -0.0, -0.0, -0.0, 25.40596894]",21.0,0.0,local
589,mp-1077994,slab,-39.60427279,132.254,True,"[4.00876067, 0.0, 0.0, 0.0, 4.00876067, 0.0, 0.0, 0.0, 6.98925533]",7.0,0.0,local
590,mp-1077996,slab,-81.49718562,3594.743,True,"[0.0, 12.69088785, 0.04218107, 3.71944695, 0.0, 0.0, 0.0, -3.25596988, -5.7196873]",14.0,0.5036223214285714,local
591,mp-1078002,slab,-65.28111167,1598.202,True,"[5.5212134, 0.0, 0.0, 0.0, 5.5212134, 0.0, 0.0, 0.0, 11.74073971]",14.0,0.7143626857142857,local
592,mp-1078005,slab,-75.50991689,3166.375,True,"[2.15924194, -3.73991675, 0.0, 2.15924194, 3.73991675, -0.0, -0.0, 0.0, 27.74453542]",21.0,0.0,local
593,mp-1078010,slab,-28.0740358,543.92,True,"[4.59146199, 0.0, 0.0, 0.0, 4.59146199, 0.0, 0.0, 0.0, 7.52657492]",7.0,0.0,local
594,mp-1078012,slab,-84.73889555,16201.179,True,"[0.0, 14.09891145, 0.07628346, 4.00292673, 0.0, 0.0, 0.0, -3.28348496, -6.16856223]",14.0,1.4308463,local
595,mp-1078014,slab,-41.94156189,112.244,True,"[3.9609058, 0.0, 0.0, 0.0, 3.9609058, 0.0, 0.0, 0.0, 7.5822601]",7.0,1.4285714285714284e-08,local
596,mp-1078053,slab,-31.1975968,866.769,True,"[5.50755058, 0.0, 0.0, 0.0, 5.50755058, 0.0, 0.0, 0.0, 5.74192184]",7.0,0.5716093571428571,local
597,mp-1078064,slab,-38.87049704,305.551,True,"[7.22892638, 0.0, 0.0, 0.0, 7.22892638, 0.0, 0.0, 0.0, 5.6117431]",14.0,1.4285714285714284e-08,local
598,mp-1078085,slab,-24.21128697,144.394,True,"[7.5757326, 0.0, 0.0, 0.0, 7.5757326, 0.0, 0.0, 0.0, 4.7784504]",7.0,0.0235479857142857,local
599,mp-1078086,slab,-92.25667061,1562.516,True,"[2.73785287, -4.74210028, 0.0, 2.73785287, 4.74210028, -0.0, -0.0, -0.0, 14.31694479]",21.0,3.3333333333333334e-08,local
600,mp-1078089,slab,-97.85173491,2771.14,True,"[3.02636019, -5.24180962, -0.0, 3.02636019, 5.24180962, 0.0, -0.0, -0.0, 14.75496503]",21.0,0.0,local
601,mp-1078104,slab,-78.45312206,2051.178,True,"[0.0, 12.24885833, 0.01661148, 3.46404292, 0.0, 0.0, 0.0, -2.79111552, -5.44515329]",14.0,0.5597158785714286,local
602,mp-1078114,slab,-81.59039879,2804.368,True,"[3.16462784, -5.48129619, 0.0, 3.16462782, 5.4812962, 0.0, -0.0, -0.0, 17.23148505]",21.0,0.1461261666666666,local
603,mp-1078140,slab,-93.86630219,28758.953,True,"[2.07786627, -3.59896996, 0.0, 2.07786627, 3.59896996, -0.0, -0.0, -0.0, 40.69991707]",21.0,0.6798103714285715,local
604,mp-1078160,slab,-85.75210899,2587.233,True,"[0.0, 12.59714781, -0.00279621, 3.66260456, 0.0, 0.0, 0.0, -3.0700982, -5.53785456]",14.0,1.0038043285714289,local
605,mp-1078162,slab,-78.08616084,8669.383,True,"[0.0, 12.56840177, 0.0097788, 3.7110456, 0.0, 0.0, 0.0, -3.3153015, -5.56379195]",14.0,0.3902739,local
606,mp-1078168,slab,-51.16153952,1761.668,True,"[5.73609666, -1e-08, 0.0, 1e-08, 5.73609666, 0.0, -0.0, -0.0, 11.6233748]",14.0,0.0,local
607,mp-1078200,slab,-86.06620115,2354.861,True,"[0.0, 12.72129137, -0.01734353, 3.38961841, 0.0, 0.0, 0.0, -2.74715431, -5.47966602]",14.0,0.01195725,local
608,mp-1078242,slab,-48.72052242,113.147,True,"[2.19172951, -3.79618686, -0.0, 2.19172951, 3.79618686, 0.0, 0.0, 0.0, 9.1417368]",8.0,0.0,local
609,mp-1078249,slab,-75.52233948,863.251,True,"[0.0, 12.18249762, -0.00916613, 3.72981377, 0.0, 0.0, 0.0, -3.25626863, -5.53568675]",14.0,0.2023889357142857,local
610,mp-1078435,slab,-46.21260504,1255.881,True,"[4.52906541, 0.0, 0.0, 0.0, 11.4126537, 0.0, 0.0, 0.0, 8.40937218]",16.0,1.25e-08,local
611,mp-1078464,slab,-54.97796259,287.314,True,"[4.7584373, 0.0, 0.0, 0.0, 4.7584373, 0.0, 0.0, 0.0, 4.7584373]",8.0,1.0084715875,local
612,mp-1078526,slab,-37.66385314,143.974,True,"[4.96114191, 0.0, 0.0, 0.0, 4.96114191, 0.0, 0.0, 0.0, 4.96114191]",8.0,0.0,local
613,mp-1078547,slab,-52.97112963,296.525,True,"[2.28256462, -3.9535179, -0.0, 2.28256462, 3.9535179, -0.0, -0.0, -0.0, 9.10484222]",8.0,0.0,local
614,mp-1078548,slab,-70.89235348,157.584,True,"[8.879138, 0.0, 0.0, 0.0, 8.879138, 0.0, 0.0, 0.0, 8.879138]",32.0,0.19839556875,local
615,mp-1078574,slab,-54.23860976,200.392,True,"[2.10829621, -3.65167615, 0.0, 2.10829621, 3.65167615, -0.0, 0.0, -0.0, 8.27127934]",8.0,0.0,local
616,mp-1078578,slab,-60.05577313,2877.777,True,"[2.26655584, -3.92578988, -0.0, 2.26655584, 3.92578988, -0.0, 0.0, -0.0, 34.27804602]",24.0,0.0,local
617,mp-1078584,slab,-59.45768951,289.02,True,"[2.57136561, -4.45373588, -0.0, 2.57136561, 4.45373588, 0.0, -0.0, -0.0, 4.15662119]",8.0,0.8870777,local
618,mp-1078597,slab,-22.45723822,151.0,True,"[6.08594961, -0.0, 0.0, 0.0, 6.08594961, 0.0, 0.0, 0.0, 6.08594961]",8.0,0.0,local
619,mp-1078602,slab,-68.43370005,1577.586,True,"[4.35578864, 0.0, 0.0, 0.0, 4.35578864, 0.0, 0.0, 0.0, 19.23531824]",16.0,0.0,local
620,mp-1078645,slab,-100.30532264,2684.843,True,"[4.15560499, 0.0, 0.0, 0.0, 16.60047055, 0.0, 0.0, 0.0, 4.15059122]",16.0,6.25e-09,local
621,mp-1078666,slab,-45.83200811,975.563,True,"[5.57304791, 0.0, 0.0, 0.0, 5.57304791, 0.0, -0.0, 0.0, 3.9455685]",8.0,1.25e-08,local
622,mp-1078699,slab,-62.42921643,405.848,True,"[4.60966951, 0.0, 0.0, 0.0, 4.92513772, 0.0, 0.0, 0.0, 5.60262894]",8.0,0.0,local
623,mp-1078700,slab,-50.6071447,794.43,True,"[7.23395499, -0.0, 0.0, 0.0, 8.35203382, 0.0, -0.0, -0.0, 5.63819549]",16.0,1.0625e-07,local
624,mp-1078703,slab,-65.49209645,1305.758,True,"[2.0958074, -3.6300449, 0.0, 2.0958074, 3.6300449, 0.0, 0.0, 0.0, 33.21475161]",24.0,4.166666666666667e-09,local
625,mp-1078709,slab,-45.04746858,2502.813,True,"[7.6603496, 0.0, 0.0, 0.0, 9.54448865, 0.0, -0.0, 0.0, 5.98244431]",16.0,2.5e-08,local
626,mp-1078721,slab,-80.08130327,686.216,True,"[4.12424535, 0.0, 0.0, 0.0, 4.12424535, 0.0, 0.0, 0.0, 15.49254611]",16.0,5e-08,local
627,mp-1078724,slab,-63.3477502,2481.802,True,"[0.0, 12.55861187, -0.06004596, 5.56708864, 0.0, 0.0, 0.0, -2.17627709, -5.159346]",16.0,6.25e-09,local
628,mp-1078739,slab,-39.87860856,566.206,True,"[4.33469115, 0.0, 0.0, 0.0, 4.33469115, 0.0, 0.0, 0.0, 10.51883619]",8.0,0.0,local
629,mp-1078755,slab,-92.72997242,811.642,True,"[3.98722546, 0.0, 0.0, 0.0, 3.98722546, 0.0, 0.0, 0.0, 17.29077394]",16.0,0.0,local
630,mp-1078762,slab,-29.28297413,533.1,True,"[4.05937711, -0.0, 0.0, 0.0, 4.05937711, 0.0, 0.0, 0.0, 10.11075803]",8.0,0.0,local
631,mp-1078766,slab,-56.2071765,116.826,True,"[2.5865667, -4.48006495, -0.0, 2.5865667, 4.48006495, 0.0, -0.0, -0.0, 4.18996345]",8.0,1.661063725,local
632,mp-1078782,slab,-109.9667577,867.259,True,"[4.03138732, 0.0, 0.0, 0.0, 16.26674659, 0.0, 0.0, 0.0, 3.97217036]",16.0,0.0,local
633,mp-1078821,slab,-16.90158328,369.172,True,"[7.85113601, 0.0, 0.0, 0.0, 7.85113601, 0.0, 0.0, -0.0, 5.57690414]",8.0,0.1560718375,local
634,mp-1078825,slab,-41.28513831,1108.478,True,"[4.45498855, 0.0, 0.0, 0.0, 10.8484264, 0.0, 0.0, 0.0, 8.26478172]",16.0,6.25e-09,local
635,mp-1078873,slab,-63.27959065,498.023,True,"[2.58043372, -4.46944231, -0.0, 2.58043372, 4.46944231, 0.0, -0.0, 0.0, 4.17059453]",8.0,1.1934487375,local
636,mp-1078895,slab,-109.98651471,1156.252,True,"[7.22308841, 0.0, 0.0, 0.0, 8.19527673, 0.0, 0.0, 0.0, 4.09773407]",16.0,1.7036917625,local
637,mp-1078938,slab,-94.95878694,673.927,True,"[4.14404112, 0.0, 0.0, 0.0, 4.14404112, 0.0, 0.0, 0.0, 14.98362971]",16.0,0.0,local
638,mp-1078964,slab,-18.70099847,101.087,True,"[2.3524526, -4.07456742, -0.0, 2.3524526, 4.07456742, -0.0, -0.0, 0.0, 8.53263008]",8.0,3.375e-07,local
639,mp-1079034,slab,-23.49884418,112.331,True,"[5.86292813, 0.0, 0.0, 0.0, 5.86292813, 0.0, 0.0, 0.0, 5.86292813]",8.0,0.0,local
640,mp-1079075,slab,-82.75396683,1479.617,True,"[4.44453892, 0.0, 0.0, 0.0, 10.18037955, 0.0, 0.0, 0.0, 6.6307311]",16.0,0.0,local
641,mp-1079080,slab,-19.91737583,303.163,True,"[4.59392023, 0.0, 0.0, 0.0, 4.59392023, 0.0, 0.0, 0.0, 11.08835689]",8.0,0.0,local
642,mp-1079083,slab,-91.57648763,447.163,True,"[8.28391278, -0.0, 0.0, 0.0, 8.28391278, 0.0, -0.0, -0.0, 4.63983575]",16.0,0.0,local
643,mp-1079116,slab,-66.88349783,360.947,True,"[9.06156966, 0.0, 0.0, 0.0, 9.06156966, 0.0, 0.0, 0.0, 9.06156966]",32.0,9.48125e-06,local
644,mp-1079131,slab,-151.00212002,10741.311,True,"[7.23466567, -0.0, 0.0, 0.0, 7.77819464, 0.0, 0.0, -0.0, 3.95806028]",16.0,0.0,local
645,mp-1079163,slab,-79.3618276,126.934,True,"[8.782698, 0.0, 0.0, 0.0, 8.782698, 0.0, 0.0, 0.0, 8.782698]",32.0,9.446875e-06,local
646,mp-1079175,slab,-25.19295917,195.028,True,"[2.21863597, -3.84279022, 0.0, 2.21863597, 3.84279022, -0.0, 0.0, 0.0, 8.76925531]",8.0,1.5e-07,local
647,mp-1079182,slab,-49.56132714,994.952,True,"[5.5364882, -0.0, 0.0, 0.0, 5.5364882, 0.0, -0.0, -0.0, 3.92092768]",8.0,0.0,local
648,mp-1079193,slab,-47.71440841,2454.145,True,"[4.23680719, 0.0, 0.0, 0.0, 4.43591421, 0.0, 0.0, 0.0, 5.19043138]",8.0,0.0,local
649,mp-1079229,slab,-22.70750592,40.572,True,"[2.33574954, -4.04563688, 0.0, 2.33574954, 4.04563688, 0.0, -0.0, 0.0, 8.36661696]",8.0,6.25e-08,local
650,mp-1079260,slab,-28.44538377,530.533,True,"[2.04569432, -3.54324651, -0.0, 2.04569432, 3.54324651, 0.0, 0.0, 0.0, 18.22505637]",8.0,0.0,local
651,mp-1079269,slab,-51.13234037,190.826,True,"[5.49664007, -0.0, 0.0, 0.0, 5.49664007, 0.0, -0.0, -0.0, 3.97274964]",8.0,0.0,local
652,mp-1079276,slab,-31.60156232,280.319,True,"[0.0, 5.6573233, -0.00598317, 5.47088229, 0.0, 0.0, 0.0, -0.39774265, -5.76034485]",8.0,1.25e-08,local
653,mp-1079296,slab,-43.13128982,1272.286,True,"[4.84081387, 0.0, 0.0, 0.0, 4.95263782, 0.0, -0.0, 0.0, 6.1037503]",8.0,0.0,local
654,mp-1079337,slab,-49.85552454,917.749,True,"[4.05508311, 0.0, 0.0, 0.0, 4.35074789, 0.0, 0.0, 0.0, 5.03196268]",8.0,1.1548173125,local
655,mp-1079382,slab,-67.46135828,384.079,True,"[9.2551127, -0.0, 0.0, 0.0, 9.2551127, 0.0, -0.0, -0.0, 9.2551127]",32.0,1.061875e-05,local
656,mp-1079393,slab,-55.24356372,105.554,True,"[2.47407504, -4.28522368, -0.0, 2.47407504, 4.28522368, -0.0, 0.0, -0.0, 3.94640966]",8.0,2.5e-08,local
657,mp-1079399,slab,-71.83396035,289.964,True,"[4.65002982, 0.0, 0.0, 0.0, 4.65002982, 0.0, 0.0, 0.0, 4.65002982]",8.0,1.25e-08,local
658,mp-1079460,slab,-114.18958564,2267.938,True,"[5.76574616, 0.0, 0.0, 0.0, 10.52032385, 0.0, 0.0, 0.0, 4.75046158]",16.0,3.125e-08,local
659,mp-1079467,slab,-38.05573815,388.765,True,"[5.03121593, 0.0, 0.0, 0.0, 5.15006374, 0.0, 0.0, 0.0, 6.23115032]",8.0,0.0,local
660,mp-1079567,slab,-16.99435913,629.413,True,"[7.75207445, 0.0, 0.0, 0.0, 7.75207445, 0.0, 0.0, 0.0, 5.452013]",8.0,0.1396637625,local
661,mp-1079582,slab,-151.03452455,4368.105,True,"[7.11552314, -0.0, 0.0, 0.0, 11.24615617, 0.0, 0.0, -0.0, 2.78257957]",16.0,0.0,local
662,mp-1079679,slab,-30.46265517,15461.38,True,"[8.63426814, 0.0, 0.0, 0.0, 11.0292476, 0.0, -0.0, 0.0, 6.54749329]",16.0,0.0,local
663,mp-1079681,slab,-40.56258145,816.898,True,"[4.86314502, 0.0, 0.0, 0.0, 4.96192216, 0.0, 0.0, 0.0, 6.16554512]",8.0,0.0,local
664,mp-1079689,slab,-24.03223195,164.824,True,"[5.89008633, 0.0, 0.0, 0.0, 5.89008633, 0.0, 0.0, 0.0, 5.89008633]",8.0,2.5e-08,local
665,mp-1079716,slab,-48.18552578,4961.427,True,"[3.98627195, 0.0, 0.0, 0.0, 5.05058414, 0.0, -0.0, -0.0, 7.18833891]",8.0,0.5876132875,local
666,mp-1079721,slab,-41.27287191,2361.297,True,"[4.44146745, 0.0, 0.0, 0.0, 4.44146745, 0.0, 0.0, 0.0, 11.35100614]",8.0,0.945902475,local
667,mp-1079796,slab,-60.18961055,75.078,True,"[5.06460683, 0.0, 0.0, 0.0, 5.06460683, 0.0, -0.0, 0.0, 5.06460683]",8.0,7.5e-08,local
668,mp-1079799,slab,-79.53542128,5786.898,True,"[4.72781778, -0.0, 0.0, 0.0, 4.72781778, 0.0, -0.0, -0.0, 23.82809084]",16.0,1.085958525,local
669,mp-10797,slab,-40.95360264,271.755,True,"[1.99639873, -3.45786403, 0.0, 1.99639873, 3.45786403, -0.0, -0.0, -0.0, 9.93414147]",8.0,2.5e-08,local
670,mp-1079802,slab,-95.0929335,2774.112,True,"[4.10499125, 0.0, 0.0, 0.0, 16.79130389, 0.0, -0.0, 0.0, 4.18371623]",16.0,0.0,local
671,mp-1079818,slab,-50.87911759,931.692,True,"[4.1316813, -0.0, 0.0, 0.0, 6.28411321, 0.0, 0.0, 0.0, 7.18134142]",8.0,1.9517454375,local
672,mp-1079832,slab,-46.79967405,78.156,True,"[2.07036134, -3.58597103, -0.0, 2.07036134, 3.58597103, -0.0, 0.0, 0.0, 13.75626593]",8.0,3.95e-06,local
673,mp-1079853,slab,-46.8722029,2423.188,True,"[4.37503488, 0.0, 0.0, 0.0, 11.36801726, 0.0, 0.0, 0.0, 8.27418672]",16.0,6.25e-09,local
674,mp-1079855,slab,-159.2254408,514.607,True,"[7.82810455, 0.0, 0.0, 0.0, 7.82810455, 0.0, 0.0, -0.0, 7.82810455]",32.0,4.46875e-07,local
675,mp-1079862,slab,-52.02115804,1202.81,True,"[4.51964237, 0.0, 0.0, 0.0, 11.3577643, 0.0, 0.0, 0.0, 8.36431069]",16.0,1.25e-08,local
676,mp-1079863,slab,-59.59149856,301.719,True,"[2.54907462, -4.41512675, -0.0, 2.54907462, 4.41512675, -0.0, -0.0, 0.0, 4.07269931]",8.0,9.45e-06,local
677,mp-1079888,slab,-158.65379081,41593.539,True,"[1.80832638, -3.13211317, -0.0, 1.80832638, 3.13211317, -0.0, 0.0, 0.0, 37.79281501]",24.0,0.0002964958333333,local
678,mp-1079890,slab,-90.92203997,425.633,True,"[5.11586884, 0.0, 0.0, 0.0, 8.12789024, 0.0, 0.0, 0.0, 5.24909739]",16.0,5.625e-08,local
679,mp-1079914,slab,-60.58584208,94.333,True,"[5.63213291, 0.0, 0.0, 0.0, 5.63213291, 0.0, 0.0, -0.0, 5.63213291]",8.0,2.5e-07,local
680,mp-1079938,slab,-74.78569001,460.868,True,"[4.17756243, 0.0, 0.0, 0.0, 4.17756243, 0.0, 0.0, 0.0, 15.58605875]",16.0,6.25e-09,local
681,mp-1080001,slab,-76.78814691,1558.423,True,"[3.99029062, 0.0, 0.0, 0.0, 3.99029062, 0.0, 0.0, 0.0, 17.60135657]",16.0,6.25e-09,local
682,mp-1080022,slab,-100.19222926,3928.796,True,"[0.0, 6.55554479, 0.0366671, 8.29721534, 0.0, 0.0, 0.0, -1.19842316, -5.19115683]",16.0,6.25e-09,local
683,mp-1080073,slab,-49.14390776,3773.338,True,"[4.22758388, 0.0, 0.0, 0.0, 5.92330694, 0.0, 0.0, 0.0, 7.31900096]",8.0,2.057665275,local
684,mp-1080147,slab,-41.95901503,341.333,True,"[4.27679955, 0.0, 0.0, 0.0, 4.55217463, 0.0, 0.0, 0.0, 5.34465753]",8.0,3.625e-07,local
685,mp-1080231,slab,-30.18144789,222.866,True,"[0.0, 7.8958301, 0.00131665, 7.89681848, 0.0, 0.0, 0.0, -0.00246983, -5.58875669]",10.0,1e-08,local
686,mp-1080258,slab,-49.51399954,18019.886,True,"[2.86063972, -4.95477334, -0.0, 2.86063972, 4.95477334, 0.0, 0.0, 0.0, 33.48916418]",18.0,5e-08,local
687,mp-1080276,slab,-32.86143368,6431.037,True,"[5.51013358, -0.0, 0.0, 0.0, 11.847585, 0.0, 0.0, -0.0, 8.44213451]",12.0,0.0,local
688,mp-1080389,slab,-189.74636098,358.388,True,"[7.827476, 0.0, 0.0, 0.0, 7.827476, 0.0, 0.0, 0.0, 7.827476]",24.0,1.1348767375,local
689,mp-1080443,slab,-42.78608568,944.733,True,"[4.49358897, 0.0, 0.0, 0.0, 5.39409406, 0.0, 0.0, 0.0, 7.18264009]",8.0,1.25e-08,local
690,mp-1080448,slab,-99.29498731,2683.998,True,"[5.51440986, -0.0, 0.0, 0.0, 5.51440986, 0.0, -0.0, -0.0, 7.92592412]",16.0,0.0,local
691,mp-1080452,slab,-60.19020026,1508.792,True,"[2.27586036, -3.94190578, 0.0, 2.27586036, 3.94190578, 0.0, 0.0, -0.0, 36.61948093]",24.0,1.25e-08,local
692,mp-1080469,slab,-48.58679225,1892.842,True,"[3.80452571, 0.0, 0.0, 0.0, 3.80452571, 0.0, -0.0, 0.0, 9.10771821]",8.0,0.0,local
693,mp-1080522,slab,-77.96225225,66620.256,True,"[4.46891801, -0.0, 0.0, 0.0, 22.18055901, 0.0, -0.0, -0.0, 4.42334879]",16.0,0.0,local
694,mp-1080561,slab,-60.91163601,3494.39,True,"[4.04979442, -0.0, 0.0, 0.0, 10.38847026, 0.0, 0.0, -0.0, 7.0364646]",16.0,1.25e-08,local
695,mp-1080569,slab,-19.37301772,42.66,True,"[6.08973, 0.0, 0.0, 0.0, 6.08973, 0.0, 0.0, 0.0, 6.08973]",8.0,3.99375e-05,local
696,mp-1080603,slab,-129.75963937,141.707,True,"[5.68618275, 0.0, 0.0, 0.0, 5.68618275, 0.0, 0.0, 0.0, 5.68618275]",16.0,2.31239324375,local
697,mp-1080611,slab,-56.15823065,1929.356,True,"[4.33734148, 0.0, 0.0, 0.0, 10.59375787, 0.0, -0.0, 0.0, 7.63517482]",16.0,3.125e-08,local
698,mp-1080667,slab,-50.85753918,198.054,True,"[2.51656374, -4.35881626, -0.0, 2.51656374, 4.35881626, -0.0, -0.0, 0.0, 4.02334047]",8.0,0.0001344,local
699,mp-1080779,slab,-34.21077037,600.996,True,"[4.36576216, 0.0, 0.0, 0.0, 4.36576216, 0.0, 0.0, 0.0, 9.89464788]",8.0,0.0,local
700,mp-1082,slab,-37.50474335,42.047,True,"[3.83596371, 0.0, 0.0, 0.0, 3.83596371, 0.0, 0.0, 0.0, 3.83596371]",4.0,2.75e-07,local
701,mp-1084770,slab,-43.86074267,4327.574,True,"[7.96894384, 0.0, 0.0, 0.0, 10.86759796, 0.0, -0.0, 0.0, 6.79501044]",16.0,6.25e-09,local
702,mp-1084778,slab,-21.71548343,280.993,True,"[4.23244123, 0.0, 0.0, 0.0, 4.23244123, 0.0, 0.0, 0.0, 10.76742396]",8.0,0.0,local
703,mp-1084796,slab,-26.53801258,71.098,True,"[5.96286, 0.0, 0.0, 0.0, 5.96286, 0.0, 0.0, 0.0, 5.96286]",8.0,4.725e-06,local
704,mp-1084832,slab,-125.50991484,330.506,True,"[5.69412159, 0.0, 0.0, 0.0, 5.69412159, 0.0, 0.0, 0.0, 5.69412159]",16.0,2.3182034875,local
705,mp-1086664,slab,-59.7507515,1201.971,True,"[2.28298243, -3.95424157, -0.0, 2.28298243, 3.95424157, 0.0, 0.0, 0.0, 37.63026663]",24.0,1.25e-08,local
706,mp-10871,slab,-7.47620011,7.319,True,"[3.223942, 0.0, 0.0, 0.0, 3.223942, 0.0, 0.0, 0.0, 3.223942]",2.0,1.945e-05,local
707,mp-10872,slab,-88.60557013,124.627,True,"[6.6077713, -0.0, 0.0, 0.0, 6.6077713, 0.0, -0.0, -0.0, 6.6077713]",16.0,9.375e-08,local
708,mp-10873,slab,-77.07751725,136.192,True,"[6.59116953, 0.0, 0.0, 0.0, 6.59116953, 0.0, 0.0, 0.0, 6.59116953]",16.0,7.375e-07,local
709,mp-1087479,slab,-61.29111904,332.121,True,"[2.49159855, -4.31557527, -0.0, 2.49159855, 4.31557527, -0.0, -0.0, -0.0, 3.97168808]",8.0,0.23535725,local
710,mp-1087492,slab,-22.20628124,391.252,True,"[2.15093954, -3.72553657, 0.0, 2.15093954, 3.72553657, 0.0, -0.0, 0.0, 7.66952377]",8.0,1.25e-08,local
711,mp-1087545,slab,-27.63894831,139.202,True,"[6.20706596, 0.0, 0.0, 0.0, 6.20706596, 0.0, -0.0, -0.0, 6.20706596]",8.0,0.4999997375,local
712,mp-10883,slab,-113.00338596,187.227,True,"[5.70379651, -0.0, 0.0, 0.0, 5.70379651, 0.0, -0.0, -0.0, 5.70379651]",16.0,0.74929935625,local
713,mp-10884,slab,-109.85958928,223.552,True,"[5.69616185, 0.0, 0.0, 0.0, 5.69616185, 0.0, 0.0, 0.0, 5.69616185]",16.0,1.24642991875,local
714,mp-10885,slab,-100.96236883,270.574,True,"[5.79931381, 0.0, 0.0, 0.0, 5.79931381, 0.0, 0.0, 0.0, 5.79931381]",16.0,0.82845666875,local
715,mp-10886,slab,-19.47774091,87.271,True,"[2.07024879, -3.5857761, 0.0, 2.07024879, 3.5857761, -0.0, -0.0, -0.0, 5.06041881]",5.0,0.0,local
716,mp-10887,slab,-89.74884179,304.826,True,"[6.20869188, 0.0, 0.0, 0.0, 6.20869188, 0.0, 0.0, 0.0, 6.20869188]",16.0,0.0,local
717,mp-10891,slab,-101.93337237,202.001,True,"[6.18050585, -0.0, 0.0, 0.0, 6.18050585, 0.0, -0.0, -0.0, 6.18050585]",16.0,1.0113413625,local
718,mp-10892,slab,-41.45705483,71.255,True,"[2.17006995, -3.7586714, 0.0, 2.17006995, 3.7586714, -0.0, -0.0, -0.0, 5.44556962]",6.0,1.2096484833333332,local
719,mp-10893,slab,-110.62252947,173.533,True,"[6.20002412, -0.0, 0.0, 0.0, 6.20002412, 0.0, -0.0, -0.0, 6.20002412]",16.0,1.03954800625,local
720,mp-10894,slab,-119.79033071,285.149,True,"[6.03426575, 0.0, 0.0, 0.0, 6.03426575, 0.0, -0.0, -0.0, 6.03426575]",16.0,1.0288392875,local
721,mp-10895,slab,-127.8890776,674.774,True,"[5.8024553, -0.0, 0.0, 0.0, 5.8024553, 0.0, -0.0, -0.0, 5.8024553]",16.0,0.49749835625,local
722,mp-10898,slab,-93.78868011,340.452,True,"[6.06226034, 0.0, 0.0, 0.0, 6.06226034, 0.0, 0.0, 0.0, 6.06226034]",16.0,7.5e-07,local
723,mp-10899,slab,-100.99309099,241.34,True,"[5.80193991, 0.0, 0.0, 0.0, 5.80193991, 0.0, 0.0, 0.0, 5.80193991]",16.0,1.9125e-06,local
724,mp-1089,slab,-37.2820381,30.07,True,"[3.87265835, -0.0, 0.0, 0.0, 3.87265835, 0.0, 0.0, -0.0, 3.87265835]",4.0,2e-06,local
725,mp-10901,slab,-25.49883684,163.111,True,"[2.12025191, -3.67238402, 0.0, 2.12025191, 3.67238402, -0.0, 0.0, -0.0, 5.21596857]",5.0,0.0,local
726,mp-10903,slab,-11.6909563,7.952,True,"[3.091546, 0.0, 0.0, 0.0, 3.091546, 0.0, 0.0, 0.0, 3.091546]",2.0,2.525e-05,local
727,mp-10904,slab,-47.68872591,40.938,True,"[4.91424034, 0.0, 0.0, 0.0, 4.91424034, 0.0, 0.0, 0.0, 4.91424034]",8.0,1.2875e-06,local
728,mp-10905,slab,-28.38124439,42.217,True,"[2.11946147, -3.67101495, -0.0, 2.11946147, 3.67101495, 0.0, -0.0, -0.0, 5.22915389]",5.0,6.800000000000001e-07,local
729,mp-10909,slab,-58.72699349,203.11,True,"[2.99842364, -0.0, 0.0, 0.0, 2.99842364, 0.0, 0.0, 0.0, 9.64877056]",6.0,0.0,local
730,mp-1090,slab,-23.83066794,45.687,True,"[1.91196535, -3.31162112, 0.0, 1.91196535, 3.31162112, -0.0, 0.0, -0.0, 5.04313048]",4.0,1.17051645,local
731,mp-10910,slab,-150.45929712,645.545,True,"[4.73688768, 0.0, 0.0, 0.0, 8.04261842, 0.0, 0.0, 0.0, 8.83970028]",24.0,0.0,local
732,mp-1092293,slab,-28.98215937,3433.451,True,"[0.0, 7.03296643, -0.08356121, 4.16397415, 0.0, 0.0, 0.0, -0.12504815, -5.68125327]",6.0,0.0,local
733,mp-1093991,slab,-99.30022832,203.413,True,"[6.15831785, 0.0, 0.0, 0.0, 6.15831785, 0.0, 0.0, 0.0, 6.15831785]",12.0,8.333333333333334e-09,local
734,mp-1094088,slab,-88.29745493,227.768,True,"[5.96291803, 0.0, 0.0, 0.0, 5.96291803, 0.0, 0.0, 0.0, 5.96291803]",12.0,2.5e-08,local
735,mp-1094140,slab,-72.65980776,1003.415,True,"[5.95421564, -0.0, 0.0, 0.0, 5.95421564, 0.0, -0.0, -0.0, 5.02241846]",12.0,0.528435125,local
736,mp-1094145,slab,-43.333161,7339.292,True,"[4.71261482, 0.0, 0.0, 0.0, 14.84080201, 0.0, -0.0, 0.0, 3.08641074]",12.0,0.7641225583333333,local
737,mp-1094181,slab,-33.50648599,53.239,True,"[1.5284064, -2.64727753, 0.0, 1.5284064, 2.64727753, 0.0, 0.0, 0.0, 16.30506801]",6.0,6.666666666666668e-08,local
738,mp-1094191,slab,-15.12002085,2430.136,True,"[3.02027069, 0.0, 0.0, 0.0, 15.21134321, 0.0, -0.0, 0.0, 4.50793698]",12.0,0.0,local
739,mp-1094194,slab,-21.53794099,5718.045,True,"[2.39222769, -4.14345991, 0.0, 2.39222769, 4.14345991, -0.0, -0.0, -0.0, 14.53847254]",18.0,0.0,local
740,mp-1094198,slab,-15.59550417,829.497,True,"[4.84936201, 0.0, 0.0, 0.0, 9.1293161, 0.0, 0.0, 0.0, 4.60529185]",12.0,0.0,local
741,mp-1094220,slab,-61.94899567,255.22,True,"[4.39732756, -0.0, 0.0, 0.0, 4.39732756, 0.0, -0.0, -0.0, 8.99596594]",8.0,0.0,local
742,mp-1094248,slab,-39.21026544,376.629,True,"[4.47126016, 0.0, 0.0, 0.0, 4.47126016, 0.0, 0.0, 0.0, 10.61152848]",8.0,0.0,local
743,mp-1094253,slab,-43.70604183,159.852,True,"[2.81001688, -4.867092, -0.0, 2.81001688, 4.867092, -0.0, 0.0, -0.0, 4.99090485]",6.0,1.8333333333333333e-07,local
744,mp-1094254,slab,-47.5692345,118.33,True,"[2.77755454, -4.81086559, 0.0, 2.77755454, 4.81086559, -0.0, -0.0, -0.0, 5.14920948]",6.0,0.0,local
745,mp-1094255,slab,-61.52233113,123.245,True,"[4.35330272, 0.0, 0.0, 0.0, 4.35330272, 0.0, 0.0, 0.0, 9.53928906]",8.0,0.000399,local
746,mp-1094259,slab,-61.7758671,92.589,True,"[3.14660049, -5.45007192, 0.0, 3.14660049, 5.45007192, 0.0, 0.0, 0.0, 5.08589038]",8.0,4.4625e-06,local
747,mp-1094260,slab,-52.69738848,1117.72,True,"[5.24946606, 0.0, 0.0, 0.0, 5.80671997, 0.0, -0.0, -0.0, 5.96665168]",8.0,1.875e-07,local
748,mp-1094265,slab,-14.93624646,221.964,True,"[1.55362808, -2.69096277, -0.0, 1.55362808, 2.69096277, -0.0, -0.0, 0.0, 15.37161135]",6.0,4.516666666666666e-05,local
749,mp-1094267,slab,-61.58123703,814.138,True,"[5.15126746, 0.0, 0.0, 0.0, 5.71920245, 0.0, 0.0, 0.0, 6.11290528]",8.0,0.0,local
750,mp-1094272,slab,-88.56789336,5746.926,True,"[5.28952737, -0.0, 0.0, 0.0, 9.6903304, 0.0, 0.0, -0.0, 5.29300515]",12.0,0.0,local
751,mp-1094273,slab,-43.33161004,952.022,True,"[2.71185715, -4.69707436, -0.0, 2.71185715, 4.69707436, 0.0, -0.0, -0.0, 15.47949345]",18.0,0.3311820611111111,local
752,mp-1094275,slab,-67.91922057,2860.565,True,"[2.88634751, 0.0, 0.0, 0.0, 16.02227626, 0.0, -0.0, 0.0, 4.87287006]",12.0,1.25e-07,local
753,mp-1094312,slab,-41.22143309,240.808,True,"[4.38478343, 0.0, 0.0, 0.0, 4.38478343, 0.0, 0.0, 0.0, 10.18011303]",8.0,0.0,local
754,mp-1094322,slab,-40.35883945,588.777,True,"[1.47779188, -2.55961061, -0.0, 1.47779188, 2.55961061, -0.0, -0.0, -0.0, 14.32993673]",6.0,3.3333333333333334e-08,local
755,mp-1094325,slab,-66.75253157,5923.622,True,"[0.0, 11.19423266, -0.01811494, 2.89692666, 0.0, 0.0, 0.0, -1.91033132, -6.85199235]",12.0,0.0,local
756,mp-1094326,slab,-66.67629653,2665.459,True,"[2.93843526, -0.0, 0.0, 0.0, 15.24104891, 0.0, 0.0, -0.0, 4.94601958]",12.0,1.6666666666666667e-08,local
757,mp-1094330,slab,-48.94380418,656.478,True,"[2.90184725, -0.0, 0.0, 0.0, 5.20661862, 0.0, 0.0, -0.0, 9.59618721]",8.0,3.75e-08,local
758,mp-1094340,slab,-80.26693881,18494.414,True,"[2.90999618, 0.0, 0.0, 0.0, 15.38786299, 0.0, -0.0, 0.0, 4.80892782]",12.0,0.0,local
759,mp-1094343,slab,-40.10541351,510.164,True,"[2.55900247, -4.4323223, -0.0, 2.55900247, 4.4323223, 0.0, -0.0, 0.0, 4.71670413]",6.0,0.0,local
760,mp-1094344,slab,-41.93737502,5664.082,True,"[2.99491971, 0.0, 0.0, 0.0, 16.65339327, 0.0, 0.0, 0.0, 4.9227153]",12.0,0.2958029,local
761,mp-1094345,slab,-53.97117502,1137.597,True,"[3.00555739, 0.0, 0.0, 0.0, 15.95812092, 0.0, 0.0, 0.0, 4.86252219]",12.0,2.083333333333333e-06,local
762,mp-1094348,slab,-54.68777186,1566.878,True,"[0.0, 10.94967518, -0.02035115, 2.95953264, 0.0, 0.0, 0.0, -1.84493814, -7.20354246]",12.0,0.0,local
763,mp-1094351,slab,-68.07393553,3882.652,True,"[0.0, 10.91004206, -0.06676092, 2.88683776, 0.0, 0.0, 0.0, -1.97073193, -7.14969161]",12.0,0.0,local
764,mp-1094356,slab,-41.74978663,2092.787,True,"[0.0, 11.647391, -0.00954744, 2.92073133, 0.0, 0.0, 0.0, -1.94702292, -7.22510895]",12.0,2.5e-08,local
765,mp-1094361,slab,-41.62418013,929.109,True,"[3.0160894, -0.0, 0.0, 0.0, 16.12810166, 0.0, 0.0, -0.0, 5.07840281]",12.0,0.080028275,local
766,mp-1094362,slab,-20.83888014,169.432,True,"[1.49908931, -2.59649886, -0.0, 1.49908931, 2.59649886, 0.0, 0.0, 0.0, 15.5482326]",6.0,4e-07,local
767,mp-1094363,slab,-23.68551073,349.435,True,"[1.75572511, -3.04100509, 0.0, 1.75572511, 3.04100509, -0.0, 0.0, 0.0, 16.17079623]",6.0,3.3333333333333334e-08,local
768,mp-1094366,slab,-29.39719014,375.57,True,"[3.11237377, -0.0, 0.0, 0.0, 16.39993482, 0.0, 0.0, -0.0, 5.10370232]",12.0,0.2424810916666666,local
769,mp-1094369,slab,-41.84780558,1103.657,True,"[0.0, 11.56682592, 0.01171725, 2.94373702, 0.0, 0.0, 0.0, -1.64950677, -7.21102661]",12.0,2.5e-08,local
770,mp-1094375,slab,-67.19636001,3583.8,True,"[3.61028452, 0.0, 0.0, 0.0, 18.39465383, 0.0, -0.0, 0.0, 5.63631194]",12.0,0.1247639083333333,local
771,mp-1094376,slab,-48.89882926,201.881,True,"[4.11336062, -0.0, 0.0, 0.0, 4.11336062, 0.0, -0.0, -0.0, 8.49121097]",8.0,2.5e-08,local
772,mp-1094378,slab,-85.52362675,635.141,True,"[3.00095164, -5.19780072, 0.0, 3.00095164, 5.19780072, -0.0, 0.0, 0.0, 16.98997203]",18.0,2.5238888888888888e-05,local
773,mp-1094380,slab,-66.57024724,10317.745,True,"[2.83192944, 0.0, 0.0, 0.0, 15.74380194, 0.0, -0.0, 0.0, 4.96960696]",12.0,0.0006147833333333,local
774,mp-1094381,slab,-66.98241478,1148.345,True,"[0.0, 8.90649887, 0.00303447, 5.27094887, 0.0, 0.0, 0.0, -2.80310114, -4.69057174]",12.0,0.0,local
775,mp-1094382,slab,-48.99333416,2782.137,True,"[4.76717881, 0.0, 0.0, 0.0, 5.19756607, 0.0, -0.0, -0.0, 5.83366593]",8.0,0.0,local
776,mp-1094383,slab,-36.91577729,1236.031,True,"[2.93697762, -0.0, 0.0, 0.0, 4.89719944, 0.0, -0.0, 0.0, 10.89164125]",8.0,0.0621854125,local
777,mp-1094385,slab,-55.08814508,2120.503,True,"[2.95329432, 0.0, 0.0, 0.0, 16.6128, 0.0, 0.0, 0.0, 4.79773637]",12.0,3.916666666666666e-07,local
778,mp-1094387,slab,-80.4228497,3716.15,True,"[0.0, 10.95425008, -0.01488416, 2.90317214, 0.0, 0.0, 0.0, -1.77410899, -6.76289837]",12.0,0.0,local
779,mp-1094392,slab,-33.4713765,126.953,True,"[3.09371749, -5.35847588, 0.0, 3.09371749, 5.35847588, -0.0, -0.0, -0.0, 5.60465211]",6.0,0.1541844,local
780,mp-1094393,slab,-28.3934751,139.456,True,"[3.0162819, -5.22435351, -0.0, 3.0162819, 5.22435351, 0.0, -0.0, 0.0, 5.62636731]",6.0,7.496666666666667e-05,local
781,mp-1094395,slab,-23.49188575,1825.942,True,"[3.01329378, 0.0, 0.0, 0.0, 5.53452454, 0.0, -0.0, -0.0, 10.14178132]",8.0,0.40598205,local
782,mp-1094397,slab,-41.61352897,166.584,True,"[3.52270213, -6.10149907, 0.0, 3.52270213, 6.10149907, 0.0, -0.0, -0.0, 5.6062627]",8.0,0.1093747125,local
783,mp-1094401,slab,-18.69964027,996.901,True,"[1.68022951, -2.91024288, -0.0, 1.68022951, 2.91024288, 0.0, -0.0, -0.0, 16.28306588]",6.0,0.0,local
784,mp-1094403,slab,-38.46672943,14158.681,True,"[3.99076263, -0.0, 0.0, 0.0, 15.03050507, 0.0, -0.0, -0.0, 5.21219109]",12.0,1.6666666666666667e-08,local
785,mp-1094404,slab,-37.83963887,8132.577,True,"[0.0, 9.96341987, 0.0252725, 5.64697342, 0.0, 0.0, 0.0, -3.30318119, -5.64402996]",12.0,0.0,local
786,mp-1094405,slab,-41.67171655,448.978,True,"[2.8084523, -4.86438208, 0.0, 2.8084523, 4.86438208, -0.0, -0.0, 0.0, 16.49932213]",18.0,0.0,local
787,mp-1094406,slab,-18.67888499,144.303,True,"[1.69141309, -2.92961341, 0.0, 1.69141309, 2.92961341, -0.0, -0.0, 0.0, 16.2170272]",6.0,1.6666666666666665e-07,local
788,mp-1094407,slab,-47.82662542,5778.331,True,"[3.72204562, -0.0, 0.0, 0.0, 16.80135439, 0.0, 0.0, -0.0, 5.39794045]",12.0,2.5e-08,local
789,mp-1094409,slab,-37.47931312,15819.152,True,"[3.29986896, 0.0, 0.0, 0.0, 18.01548511, 0.0, 0.0, 0.0, 5.3856458]",12.0,0.0,local
790,mp-1094410,slab,-37.43528458,1014.408,True,"[0.0, 12.71123988, 0.05566612, 3.3571872, 0.0, 0.0, 0.0, -1.82446083, -7.53477466]",12.0,3.3333333333333334e-08,local
791,mp-1094411,slab,-21.78402327,1479.451,True,"[3.33386777, -0.0, 0.0, 0.0, 5.69291282, 0.0, 0.0, -0.0, 10.90720938]",8.0,0.0,local
792,mp-1094413,slab,-47.15655185,2533.227,True,"[3.46774473, -0.0, 0.0, 0.0, 17.65510588, 0.0, 0.0, -0.0, 5.53360893]",12.0,0.0014894749999999,local
793,mp-1094414,slab,-57.41019362,1900.851,True,"[0.0, 10.32093731, -0.09685634, 6.07402051, 0.0, 0.0, 0.0, -3.54468543, -5.54752806]",12.0,6.666666666666668e-08,local
794,mp-1094415,slab,-67.38437201,2650.218,True,"[0.0, 12.78012978, -0.10623473, 3.61518547, 0.0, 0.0, 0.0, -2.16561166, -8.04326543]",12.0,0.0139649416666666,local
795,mp-1094418,slab,-58.39894574,1049.332,True,"[3.01892141, -5.22892526, 0.0, 3.01892141, 5.22892526, 0.0, 0.0, -0.0, 14.81043643]",18.0,0.0,local
796,mp-1094419,slab,-57.73041596,4371.287,True,"[0.0, 12.77610364, 0.08429799, 3.59692951, 0.0, 0.0, 0.0, -2.07538407, -7.7484335]",12.0,2.5e-08,local
797,mp-1094421,slab,-25.01171061,565.009,True,"[2.6678748, -4.62089471, 0.0, 2.6678748, 4.62089471, -0.0, 0.0, -0.0, 14.48779514]",18.0,0.0,local
798,mp-1094422,slab,-17.0208314,1518.881,True,"[3.0949838, 0.0, 0.0, 0.0, 15.52706372, 0.0, -0.0, 0.0, 4.90270457]",12.0,0.0,local
799,mp-1094423,slab,-28.40017828,494.038,True,"[1.75763107, -3.04430632, -0.0, 1.75763107, 3.04430632, 0.0, -0.0, -0.0, 16.85710471]",6.0,6.666666666666668e-08,local
800,mp-1094424,slab,-57.56165279,1061.553,True,"[3.68392889, 0.0, 0.0, 0.0, 17.48703224, 0.0, 0.0, 0.0, 5.55837253]",12.0,2.5e-08,local
801,mp-1094425,slab,-26.14195684,209.879,True,"[2.70156172, -4.67924216, 0.0, 2.70156172, 4.67924216, -0.0, 0.0, 0.0, 15.06476149]",18.0,1.6666666666666667e-08,local
802,mp-1094426,slab,-7.43441967,345.028,True,"[1.51318485, -2.62091304, 0.0, 1.51318485, 2.62091304, -0.0, -0.0, 0.0, 13.17770892]",6.0,0.0,local
803,mp-1094427,slab,-11.41736145,1240.021,True,"[3.15867013, 0.0, 0.0, 0.0, 5.25629938, 0.0, -0.0, 0.0, 9.88984107]",8.0,0.0,local
804,mp-1094428,slab,-6.9158788,1640.59,True,"[1.48228456, -2.56739217, 0.0, 1.48228456, 2.56739217, 0.0, -0.0, -0.0, 12.76600964]",6.0,0.0,local
805,mp-1094429,slab,-7.8432598,557.133,True,"[1.53547762, -2.65952524, 0.0, 1.53547762, 2.65952524, 0.0, 0.0, 0.0, 13.80425137]",6.0,0.0,local
806,mp-1094430,slab,-9.81919445,1451.427,True,"[2.96913371, 0.0, 0.0, 0.0, 4.91039294, 0.0, 0.0, 0.0, 9.07657042]",8.0,0.0,local
807,mp-1094431,slab,-8.31013284,34.487,True,"[1.55346788, -2.69068529, -0.0, 1.55346788, 2.69068529, -0.0, -0.0, -0.0, 14.35976934]",6.0,3.3333333333333334e-08,local
808,mp-1094432,slab,-15.50710805,3972.189,True,"[0.0, 10.72396925, -0.04042925, 3.02293932, 0.0, 0.0, 0.0, -1.68282251, -6.29175285]",12.0,0.0,local
809,mp-1094433,slab,-11.35260107,108.543,True,"[4.32149684, 0.0, 0.0, 0.0, 4.32149684, 0.0, 0.0, 0.0, 8.74832833]",8.0,1.375e-07,local
810,mp-1094434,slab,-17.37872322,384.983,True,"[3.15864466, 0.0, 0.0, 0.0, 16.07472105, 0.0, 0.0, 0.0, 5.01755121]",12.0,0.0,local
811,mp-1094435,slab,-16.27743335,3547.588,True,"[0.0, 11.10860544, -0.00194845, 3.09468138, 0.0, 0.0, 0.0, -1.63867831, -6.42184264]",12.0,0.0,local
812,mp-1094436,slab,-7.44795055,158.883,True,"[1.51989235, -2.63253077, 0.0, 1.51989235, 2.63253077, -0.0, -0.0, -0.0, 13.12988743]",6.0,0.0,local
813,mp-1094437,slab,-16.96547453,523.746,True,"[5.04935084, 0.0, 0.0, 0.0, 9.58366902, 0.0, 0.0, 0.0, 4.850406]",12.0,0.0,local
814,mp-1094438,slab,-8.28904262,40.096,True,"[1.54901028, -2.6829645, 0.0, 1.54901028, 2.6829645, -0.0, 0.0, -0.0, 14.41793503]",6.0,5e-08,local
815,mp-1094439,slab,-15.43329862,3117.429,True,"[3.01923661, 0.0, 0.0, 0.0, 14.66311356, 0.0, 0.0, 0.0, 4.60644416]",12.0,0.0,local
816,mp-1094440,slab,-16.88371091,218.639,True,"[3.22960109, 0.0, 0.0, 0.0, 14.97743464, 0.0, 0.0, 0.0, 4.86193041]",12.0,2.5e-08,local
817,mp-1094441,slab,-18.64580565,283.386,True,"[1.68759167, -2.92299452, -0.0, 1.68759167, 2.92299452, 0.0, 0.0, 0.0, 16.24517101]",6.0,0.0,local
818,mp-1094442,slab,-14.0625453,110.564,True,"[2.88328163, -4.99399027, 0.0, 2.88328163, 4.99399027, 0.0, 0.0, 0.0, 5.12022458]",6.0,2.3333333333333333e-07,local
819,mp-1094443,slab,-82.25984692,320.394,True,"[7.82046677, -0.0, 0.0, 0.0, 7.82046677, 0.0, -0.0, -0.0, 7.82046677]",16.0,1.074375e-05,local
820,mp-1094444,slab,-37.72209651,1148.241,True,"[5.93130061, -0.0, 0.0, 0.0, 9.78040489, 0.0, 0.0, -0.0, 5.41648955]",12.0,2.666666666666667e-07,local
821,mp-1094446,slab,-18.75180406,151.243,True,"[2.9653228, -5.13608975, -0.0, 2.9653228, 5.13608975, -0.0, 0.0, 0.0, 5.24777818]",6.0,6.166666666666667e-07,local
822,mp-1094447,slab,-48.24897634,21633.896,True,"[3.77885779, -0.0, 0.0, 0.0, 16.20234489, 0.0, -0.0, -0.0, 5.42314592]",12.0,0.1329810833333333,local
823,mp-1094448,slab,-8.34967201,177.507,True,"[2.66359485, -4.61348161, 0.0, 2.66359485, 4.61348161, 0.0, 0.0, -0.0, 4.81064605]",6.0,0.0,local
824,mp-1094450,slab,-8.6831695,86.726,True,"[1.57482322, -2.72767382, 0.0, 1.57482322, 2.72767382, -0.0, -0.0, -0.0, 14.96712061]",6.0,0.0,local
825,mp-1094451,slab,-11.58418323,47.781,True,"[3.09467207, -5.36012927, 0.0, 3.09467207, 5.36012927, -0.0, 0.0, 0.0, 4.84766704]",8.0,8.75e-08,local
826,mp-1094452,slab,-32.11453332,13652.809,True,"[0.0, 12.15588024, 0.03651366, 3.68454589, 0.0, 0.0, 0.0, -2.33610349, -4.93957555]",8.0,0.0236516375,local
827,mp-1094453,slab,-47.41769037,798.163,True,"[6.10132972, -0.0, 0.0, 0.0, 10.04357102, 0.0, -0.0, -0.0, 5.43609356]",12.0,8.333333333333334e-09,local
828,mp-1094454,slab,-38.44957558,23933.687,True,"[0.0, 13.7766509, -0.32986246, 3.41894482, 0.0, 0.0, 0.0, -1.86423445, -6.60305723]",12.0,0.0368073416666666,local
829,mp-1094455,slab,-16.67394022,1183.847,True,"[0.0, 11.10322303, 0.03122839, 3.10816839, 0.0, 0.0, 0.0, -1.54010404, -6.90960116]",12.0,0.0,local
830,mp-1094456,slab,-15.34676757,18204.464,True,"[0.0, 10.42426111, 0.38407232, 2.9769317, 0.0, 0.0, 0.0, -2.20321577, -6.72486361]",12.0,0.0,local
831,mp-1094458,slab,-16.87612065,5948.672,True,"[0.0, 11.45435044, 0.00375539, 3.09011877, 0.0, 0.0, 0.0, -1.89375192, -6.72280276]",12.0,0.0,local
832,mp-1094459,slab,-17.42970158,787.156,True,"[0.0, 11.47975538, -0.00916044, 3.15435447, 0.0, 0.0, 0.0, -1.95109706, -7.04335356]",12.0,0.0,local
833,mp-1094460,slab,-14.8060969,1348.618,True,"[3.03027803, -0.0, 0.0, 0.0, 14.52696541, 0.0, 0.0, -0.0, 4.7359195]",12.0,0.0,local
834,mp-1094461,slab,-15.52057037,1007.857,True,"[0.0, 8.59883771, 0.09704, 4.87806488, 0.0, 0.0, 0.0, -3.21189575, -4.91022925]",12.0,7.5e-08,local
835,mp-1094462,slab,-7.2153299,1275.106,True,"[2.45960447, -4.26015991, 0.0, 2.45960447, 4.26015991, -0.0, 0.0, -0.0, 4.5451991]",6.0,0.0,local
836,mp-1094463,slab,-7.61756071,835.667,True,"[2.54825692, -4.41371045, -0.0, 2.54825692, 4.41371045, -0.0, 0.0, -0.0, 4.53821847]",6.0,0.0,local
837,mp-1094464,slab,-22.46738876,30.056,True,"[6.867422, 0.0, 0.0, 0.0, 6.867422, 0.0, 0.0, 0.0, 6.867422]",16.0,9.689375e-05,local
838,mp-1094465,slab,-16.57550233,704.338,True,"[3.11241353, 0.0, 0.0, 0.0, 15.87984327, 0.0, 0.0, 0.0, 4.81245338]",12.0,0.0,local
839,mp-1094466,slab,-25.76056502,83.088,True,"[3.17098114, -5.49230045, -0.0, 3.17098114, 5.49230045, -0.0, 0.0, -0.0, 5.02848834]",8.0,0.0,local
840,mp-1094467,slab,-50.43824197,36.123,True,"[7.05116, 0.0, 0.0, 0.0, 7.05116, 0.0, 0.0, 0.0, 7.05116]",16.0,9.2025e-05,local
841,mp-1094468,slab,-16.8812831,1025.034,True,"[0.0, 8.92678218, 0.10548505, 5.24982462, 0.0, 0.0, 0.0, -3.29343359, -5.06824088]",12.0,0.0,local
842,mp-1094469,slab,-16.505951,1360.374,True,"[3.12038283, -0.0, 0.0, 0.0, 15.22166114, 0.0, 0.0, -0.0, 5.07566674]",12.0,0.0,local
843,mp-1094471,slab,-106.22937786,98.704,True,"[7.094326, 0.0, 0.0, 0.0, 7.094326, 0.0, 0.0, 0.0, 7.094326]",16.0,4.18125e-06,local
844,mp-1094472,slab,-54.01672154,120.182,True,"[4.43671387, 0.0, 0.0, 0.0, 4.43671387, 0.0, 0.0, 0.0, 9.14288356]",8.0,1.5e-07,local
845,mp-1094473,slab,-8.70944223,43.329,True,"[2.70544121, -4.68596164, -0.0, 2.70544121, 4.68596164, -0.0, -0.0, 0.0, 5.00383939]",6.0,3.3333333333333334e-08,local
846,mp-1094474,slab,-15.80426645,644.111,True,"[3.06737153, -0.0, 0.0, 0.0, 15.07459057, 0.0, 0.0, -0.0, 4.80701861]",12.0,0.0,local
847,mp-1094476,slab,-9.96983003,270.002,True,"[4.02731089, -0.0, 0.0, 0.0, 4.02731089, 0.0, 0.0, -0.0, 8.1377684]",8.0,0.0,local
848,mp-1094477,slab,-7.90358234,190.291,True,"[1.54339382, -2.67323652, 0.0, 1.54339382, 2.67323652, -0.0, -0.0, 0.0, 13.71961737]",6.0,0.0,local
849,mp-1094478,slab,-10.17680381,112.453,True,"[2.91230084, -5.04425302, -0.0, 2.91230084, 5.04425302, -0.0, -0.0, -0.0, 4.44185949]",8.0,3.375e-07,local
850,mp-1094479,slab,-29.74261146,43.139,True,"[1.53488687, -2.65850204, -0.0, 1.53488687, 2.65850204, 0.0, 0.0, 0.0, 16.52063461]",6.0,8.333333333333334e-07,local
851,mp-1094480,slab,-8.18677567,129.993,True,"[1.556083, -2.69521483, -0.0, 1.556083, 2.69521483, 0.0, 0.0, -0.0, 14.45923523]",6.0,0.0,local
852,mp-1094482,slab,-27.89943142,546.535,True,"[3.28264066, 0.0, 0.0, 0.0, 17.15746767, 0.0, 0.0, 0.0, 5.28646323]",12.0,1.6666666666666667e-08,local
853,mp-1094483,slab,-15.51900606,2329.44,True,"[2.99731311, -0.0, 0.0, 0.0, 14.48373473, 0.0, 0.0, -0.0, 4.67954051]",12.0,0.0,local
854,mp-1094484,slab,-14.20145627,3314.613,True,"[2.9406441, 0.0, 0.0, 0.0, 14.50550453, 0.0, 0.0, 0.0, 4.53231105]",12.0,0.0,local
855,mp-1094485,slab,-14.20424196,804.485,True,"[0.0, 10.42215363, 0.09465583, 2.91342203, 0.0, 0.0, 0.0, -1.76839826, -6.34049788]",12.0,0.0,local
856,mp-1094486,slab,-29.51544306,761.802,True,"[0.0, 11.63669353, 0.00250876, 3.07041556, 0.0, 0.0, 0.0, -1.89699454, -7.28416547]",12.0,0.2703422583333333,local
857,mp-1094487,slab,-23.55698391,199.743,True,"[1.72810744, -2.99316988, -0.0, 1.72810744, 2.99316988, 0.0, 0.0, -0.0, 16.53245099]",6.0,0.0418044333333333,local
858,mp-1094488,slab,-15.79271422,505.895,True,"[3.0573195, -0.0, 0.0, 0.0, 15.17699063, 0.0, 0.0, -0.0, 4.79191096]",12.0,0.0,local
859,mp-1094490,slab,-16.27028001,6122.72,True,"[5.49349372, -0.0, 0.0, 0.0, 8.64386509, 0.0, -0.0, -0.0, 4.60893205]",12.0,0.0,local
860,mp-1094493,slab,-15.86927078,1572.599,True,"[0.0, 11.04857095, 0.10034718, 3.09110985, 0.0, 0.0, 0.0, -1.91324656, -6.55167502]",12.0,0.0,local
861,mp-1094496,slab,-41.3642275,195.629,True,"[4.94754809, -0.0, 0.0, 0.0, 4.94754809, 0.0, 0.0, -0.0, 9.76917359]",8.0,9.5375e-06,local
862,mp-1094497,slab,-47.44923757,2749.148,True,"[0.0, 12.9067442, -0.02824671, 3.52643874, 0.0, 0.0, 0.0, -2.01986102, -7.46394835]",12.0,0.0,local
863,mp-1094498,slab,-14.34659856,98.213,True,"[2.73427168, -4.73589747, 0.0, 2.73427168, 4.73589747, -0.0, 0.0, -0.0, 5.00697451]",6.0,0.0010105666666666,local
864,mp-1094499,slab,-27.32202524,178.982,True,"[1.49474563, -2.58897538, 0.0, 1.49474563, 2.58897538, -0.0, 0.0, -0.0, 15.11362376]",6.0,8e-07,local
865,mp-1094500,slab,-24.67536738,17488.309,True,"[2.60454872, -4.51121071, -0.0, 2.60454872, 4.51121071, -0.0, -0.0, 0.0, 12.86238041]",18.0,0.0,local
866,mp-1094503,slab,-17.06891321,8068.679,True,"[0.0, 11.92108386, -0.0344818, 3.12942154, 0.0, 0.0, 0.0, -1.87425719, -6.35462704]",12.0,8.333333333333334e-09,local
867,mp-1094504,slab,-15.17664547,1394.009,True,"[0.0, 10.92393115, -0.11849478, 2.9942989, 0.0, 0.0, 0.0, -1.93050714, -6.29760285]",12.0,0.0,local
868,mp-1094505,slab,-10.97938847,575.552,True,"[0.0, 10.39672866, 0.06474228, 3.09019728, 0.0, 0.0, 0.0, -1.63209408, -4.57968941]",8.0,0.0,local
869,mp-1094506,slab,-67.57405952,4863.635,True,"[2.94660787, 0.0, 0.0, 0.0, 15.95917224, 0.0, 0.0, 0.0, 4.79133758]",12.0,7.5e-08,local
870,mp-1094509,slab,-54.76452696,878.32,True,"[0.0, 11.34434198, -0.01224185, 2.96330406, 0.0, 0.0, 0.0, -1.87766497, -6.9731238]",12.0,1.5e-07,local
871,mp-1094511,slab,-67.78642857,377.682,True,"[0.0, 11.54439024, 0.0096969, 2.93380243, 0.0, 0.0, 0.0, -1.56990051, -6.62112617]",12.0,8.341666666666667e-06,local
872,mp-1094522,slab,-56.85929364,2220.566,True,"[3.49629749, -0.0, 0.0, 0.0, 18.23960728, 0.0, -0.0, -0.0, 5.60269393]",12.0,0.1730391999999999,local
873,mp-1094523,slab,-47.44115368,1604.371,True,"[0.0, 10.16711357, 0.02006327, 5.84491446, 0.0, 0.0, 0.0, -3.26269681, -5.62911256]",12.0,0.0,local
874,mp-1094528,slab,-52.45700996,1629.572,True,"[5.57992817, -0.0, 0.0, 0.0, 5.57961601, 0.0, 0.0, 0.0, 6.02643034]",8.0,2.5e-08,local
875,mp-1094531,slab,-58.1501457,37729.196,True,"[0.0, 13.18963431, -0.07895656, 3.7276607, 0.0, 0.0, 0.0, -2.14035261, -7.11965497]",12.0,0.1553717916666666,local
876,mp-1094694,slab,-12.97850938,1447.901,True,"[0.0, 9.21921152, 0.04734076, 5.30219949, 0.0, 0.0, 0.0, -3.34730963, -5.41608864]",12.0,8.333333333333334e-09,local
877,mp-1094697,slab,-15.99491138,817.508,True,"[5.42185753, 0.0, 0.0, 0.0, 9.38715671, 0.0, 0.0, 0.0, 5.13829409]",12.0,8.333333333333334e-09,local
878,mp-1094701,slab,-16.31736393,519.221,True,"[3.76428828, -0.0, 0.0, 0.0, 5.39681342, 0.0, 0.0, -0.0, 5.40065097]",4.0,1.25e-07,local
879,mp-1094704,slab,-17.04190959,570.062,True,"[0.0, 11.6930165, 0.03748486, 3.19897257, 0.0, 0.0, 0.0, -1.95545827, -7.2016438]",12.0,8.333333333333334e-09,local
880,mp-1094705,slab,-11.41871128,13.008,True,"[3.80166258, -0.0, 0.0, 0.0, 3.80166258, 0.0, 0.0, -0.0, 3.80166258]",2.0,3.2e-06,local
881,mp-1094741,slab,-4.93361642,269.03,True,"[2.95956949, -0.0, 0.0, 0.0, 4.54981499, 0.0, 0.0, -0.0, 4.91793627]",4.0,0.0,local
882,mp-1094742,slab,-5.47383989,77.974,True,"[2.6341611, -4.56250085, -0.0, 2.6341611, 4.56250085, -0.0, -0.0, 0.0, 5.62408085]",6.0,1.6666666666666667e-08,local
883,mp-1094743,slab,-9.83965178,26.176,True,"[3.52091843, 0.0, 0.0, 0.0, 3.52091843, 0.0, -0.0, -0.0, 3.52091843]",2.0,4e-07,local
884,mp-1094747,slab,-7.9206158,59.796,True,"[2.75526788, -4.77226396, 0.0, 2.75526788, 4.77226396, -0.0, 0.0, 0.0, 5.01350397]",6.0,1.6666666666666665e-07,local
885,mp-1094750,slab,-10.85600548,76.022,True,"[1.65727356, -2.870482, -0.0, 1.65727356, 2.870482, -0.0, -0.0, -0.0, 10.78823198]",4.0,0.0,local
886,mp-1094757,slab,-12.93545652,1627.661,True,"[5.38938897, -0.0, 0.0, 0.0, 9.07671978, 0.0, 0.0, -0.0, 5.37739643]",12.0,0.0,local
887,mp-1094768,slab,-26.9925179,37.744,True,"[4.47586511, -0.0, 0.0, 0.0, 4.47586511, 0.0, 0.0, -0.0, 4.47586511]",4.0,5e-08,local
888,mp-1094769,slab,-20.73220399,25.89,True,"[4.93300071, -0.0, 0.0, 0.0, 4.93300071, 0.0, 0.0, -0.0, 4.93300071]",4.0,1.1625e-05,local
889,mp-1094770,slab,-19.69986011,2135.979,True,"[3.04150574, -0.0, 0.0, 0.0, 5.23357456, 0.0, -0.0, -0.0, 5.60207703]",4.0,0.0,local
890,mp-1094771,slab,-7.9228944,167.585,True,"[4.46328308, 0.0, 0.0, 0.0, 4.46328308, 0.0, 0.0, 0.0, 8.96263477]",8.0,1.375e-07,local
891,mp-1094776,slab,-15.98169081,1943.8,True,"[0.0, 11.5587979, 0.03025352, 3.2055001, 0.0, 0.0, 0.0, -2.04126535, -7.13470555]",12.0,0.0,local
892,mp-1094777,slab,-20.63160382,1663.875,True,"[1.7843576, -3.09059802, -0.0, 1.7843576, 3.09059802, 0.0, -0.0, -0.0, 11.17572584]",4.0,0.0,local
893,mp-1094779,slab,-2.77830312,14.493,True,"[3.30425, 0.0, 0.0, 0.0, 3.30425, 0.0, -0.0, 0.0, 3.30425]",2.0,2.45e-06,local
894,mp-1094782,slab,-2.6550457,21.683,True,"[1.53490651, -2.65853605, -0.0, 1.53490651, 2.65853605, 0.0, -0.0, 0.0, 4.55392783]",2.0,7e-07,local
895,mp-1094784,slab,-11.74202242,279.153,True,"[4.7550662, -0.0, 0.0, 0.0, 4.7550662, 0.0, -0.0, -0.0, 6.67728954]",8.0,7.5e-08,local
896,mp-1094788,slab,-5.19375247,518.983,True,"[1.52991068, -2.64988303, 0.0, 1.52991068, 2.64988303, -0.0, 0.0, -0.0, 9.29895737]",4.0,0.0,local
897,mp-1094789,slab,-5.66704026,37.007,True,"[1.57216181, -2.72306413, -0.0, 1.57216181, 2.72306413, -0.0, 0.0, 0.0, 9.70138112]",4.0,5e-08,local
898,mp-1094791,slab,-5.70620724,18.343,True,"[4.32662011, -0.0, 0.0, 0.0, 4.32662011, 0.0, -0.0, 0.0, 4.32662011]",4.0,0.0,local
899,mp-1094792,slab,-12.88709135,23.789,True,"[4.45652885, -0.0, 0.0, 0.0, 4.45652885, 0.0, -0.0, -0.0, 4.45652885]",4.0,2.725e-06,local
900,mp-1094830,slab,-10.8926592,9097.786,True,"[0.0, 11.73145224, -0.35078483, 3.24735567, 0.0, 0.0, 0.0, -2.39894923, -6.9838082]",12.0,0.0,local
901,mp-1094839,slab,-3.98517255,68.453,True,"[4.46015679, 0.0, 0.0, 0.0, 4.46015679, 0.0, 0.0, 0.0, 4.46015679]",4.0,2.5e-08,local
902,mp-1094851,slab,-3.96552572,230.218,True,"[3.19141907, 0.0, 0.0, 0.0, 5.11932541, 0.0, 0.0, 0.0, 5.41592]",4.0,4e-07,local
903,mp-1094862,slab,-2.76309582,152.934,True,"[3.2087475, -0.0, 0.0, 0.0, 3.2087475, 0.0, -0.0, -0.0, 3.52054673]",2.0,2.3e-06,local
904,mp-1094865,slab,-24.68628821,76.667,True,"[1.47781236, -2.55964609, -0.0, 1.47781236, 2.55964609, -0.0, -0.0, -0.0, 9.70185775]",4.0,2.5e-08,local
905,mp-1094867,slab,-5.0230846,37.556,True,"[4.03959022, 0.0, 0.0, 0.0, 4.03959022, 0.0, -0.0, 0.0, 4.03959022]",4.0,0.0,local
906,mp-1094870,slab,-15.70763027,311.884,True,"[1.72413588, -2.98629094, 0.0, 1.72413588, 2.98629094, -0.0, -0.0, 0.0, 11.09608526]",4.0,0.1070522,local
907,mp-1094882,slab,-9.90892897,15.073,True,"[1.52975729, -2.64961736, 0.0, 1.52975729, 2.64961736, -0.0, -0.0, 0.0, 5.52272886]",2.0,1.4e-06,local
908,mp-1094901,slab,-12.9068088,617.732,True,"[0.0, 11.61919695, -0.00489243, 3.1861207, 0.0, 0.0, 0.0, -2.15534911, -7.10352488]",12.0,1.0833333333333335e-07,local
909,mp-1094905,slab,-24.47046669,3053.476,True,"[2.85033943, -0.0, 0.0, 0.0, 4.83069764, 0.0, -0.0, -0.0, 5.32074416]",4.0,2.5e-08,local
910,mp-1094907,slab,-23.74886261,351.362,True,"[2.74084958, -4.74729073, 0.0, 2.74084958, 4.74729073, -0.0, -0.0, 0.0, 15.23049771]",18.0,0.0,local
911,mp-1094911,slab,-15.80110921,578.111,True,"[0.0, 11.53898444, -0.03962929, 3.20774126, 0.0, 0.0, 0.0, -1.78617124, -7.17876024]",12.0,1.6666666666666667e-08,local
912,mp-1094920,slab,-4.78620073,148.842,True,"[1.49525198, -2.58985241, 0.0, 1.49525198, 2.58985241, -0.0, -0.0, -0.0, 8.69014027]",4.0,0.0,local
913,mp-1094927,slab,-15.79777999,501.587,True,"[3.20933495, 0.0, 0.0, 0.0, 16.43888042, 0.0, 0.0, 0.0, 5.03759103]",12.0,0.0,local
914,mp-1094936,slab,-15.91446859,858.869,True,"[3.18921738, 0.0, 0.0, 0.0, 16.2134139, 0.0, 0.0, 0.0, 5.11378475]",12.0,8.333333333333334e-09,local
915,mp-1094937,slab,-7.91920387,696.146,True,"[3.19871768, 0.0, 0.0, 0.0, 5.38834534, 0.0, -0.0, 0.0, 10.30628565]",8.0,6.25e-08,local
916,mp-1094951,slab,-17.0402157,407.545,True,"[3.19600715, 0.0, 0.0, 0.0, 16.43589061, 0.0, -0.0, 0.0, 5.11449814]",12.0,0.0,local
917,mp-1094956,slab,-5.28520054,139.946,True,"[3.08041544, -0.0, 0.0, 0.0, 4.86164717, 0.0, 0.0, -0.0, 4.96345857]",4.0,7.5e-08,local
918,mp-1094958,slab,-13.87994952,14.344,True,"[4.433376, 0.0, 0.0, 0.0, 4.433376, 0.0, 0.0, 0.0, 4.433376]",4.0,6.24e-05,local
919,mp-1094968,slab,-20.65679264,836.53,True,"[3.58503111, -0.0, 0.0, 0.0, 5.60459962, 0.0, 0.0, -0.0, 6.04232815]",4.0,0.10843425,local
920,mp-1094974,slab,-9.87717137,68.059,True,"[3.10874469, 0.0, 0.0, 0.0, 3.10874469, 0.0, 0.0, 0.0, 4.58033572]",2.0,1.8e-06,local
921,mp-1094980,slab,-5.64757278,17.908,True,"[4.334836, 0.0, 0.0, 0.0, 4.334836, 0.0, 0.0, 0.0, 4.334836]",4.0,0.000339225,local
922,mp-1094985,slab,-15.98648565,1642.021,True,"[0.0, 9.38220729, 0.1083318, 5.38144514, 0.0, 0.0, 0.0, -3.41144301, -5.26530742]",12.0,8.333333333333334e-09,local
923,mp-1095001,slab,-9.47320196,1152.067,True,"[1.98165685, -3.43233035, 0.0, 1.98165685, 3.43233035, 0.0, 0.0, -0.0, 12.71264752]",6.0,3.3333333333333334e-08,local
924,mp-1095028,slab,-31.04587867,103.176,True,"[5.76858389, 0.0, 0.0, 0.0, 5.76858389, 0.0, -0.0, 0.0, 5.76858389]",8.0,0.5000030875,local
925,mp-1095057,slab,-61.55084252,152.816,True,"[2.49411574, -4.31993519, 0.0, 2.49411574, 4.31993519, 0.0, 0.0, 0.0, 4.01362962]",8.0,6.75e-07,local
926,mp-1095059,slab,-57.80946607,692.185,True,"[8.15540775, 0.0, 0.0, 0.0, 8.15540775, 0.0, 0.0, 0.0, 6.4290349]",16.0,6.25e-09,local
927,mp-1095063,slab,-102.48685143,9000.558,True,"[4.17156795, 0.0, 0.0, 0.0, 16.58590746, 0.0, 0.0, 0.0, 4.20589562]",16.0,0.1745772875,local
928,mp-1095124,slab,-67.6515329,147.307,True,"[2.58297148, -4.47383784, 0.0, 2.58297148, 4.47383784, -0.0, 0.0, 0.0, 4.1495717]",8.0,1.3e-06,local
929,mp-1095177,slab,-46.82849607,141.103,True,"[4.51935138, -0.0, 0.0, 0.0, 4.51935138, 0.0, -0.0, -0.0, 4.51935138]",8.0,1e-07,local
930,mp-1095201,slab,-46.4823438,933.527,True,"[3.82012582, 0.0, 0.0, 0.0, 3.82012582, 0.0, -0.0, -0.0, 9.20205207]",8.0,0.0,local
931,mp-1096867,slab,-16.24573138,300.431,True,"[2.01555623, -3.49104579, 0.0, 2.01555623, 3.49104579, -0.0, 0.0, -0.0, 6.96336081]",5.0,0.0,local
932,mp-1096880,slab,-15.48319076,188.311,True,"[2.40124364, -4.15907599, -0.0, 2.40124364, 4.15907599, -0.0, 0.0, 0.0, 7.71575361]",6.0,0.0,local
933,mp-1098253,slab,-38.50088437,1885.845,True,"[9.09632124, -0.0, 0.0, 0.0, 9.0998884, 0.0, -0.0, 0.0, 4.5315378]",16.0,2e-07,local
934,mp-1098297,slab,-39.46290249,782.398,True,"[9.36761066, -0.0, 0.0, 0.0, 9.35954286, 0.0, 0.0, -0.0, 4.63980357]",16.0,3.125e-08,local
935,mp-1099109,slab,-32.13322793,4533.454,True,"[6.03354672, 0.0, 0.0, 0.0, 12.33970322, 0.0, -0.0, 0.0, 4.94152364]",16.0,0.0,local
936,mp-10991,slab,-45.65781415,874.472,True,"[3.9112931, 0.0, 0.0, 0.0, 3.9112931, 0.0, 0.0, 0.0, 9.90879258]",8.0,0.0,local
937,mp-1099265,slab,-38.26757444,4972.913,True,"[6.21962356, 0.0, 0.0, 0.0, 11.8585529, 0.0, -0.0, 0.0, 4.88923961]",16.0,0.0,local
938,mp-1099268,slab,-37.90276313,3897.744,True,"[6.41244562, 0.0, 0.0, 0.0, 11.60918425, 0.0, -0.0, -0.0, 4.98975156]",16.0,0.0,local
939,mp-1099270,slab,-34.77194255,1498.867,True,"[6.1131178, -0.0, 0.0, 0.0, 10.51075814, 0.0, 0.0, -0.0, 4.83109477]",16.0,0.30241240625,local
940,mp-1099277,slab,-36.22903424,444.219,True,"[6.22737301, 0.0, 0.0, 0.0, 10.47742672, 0.0, 0.0, 0.0, 4.94092706]",16.0,0.31433190625,local
941,mp-1099282,slab,-36.87429362,14960.436,True,"[6.89004321, -0.0, 0.0, 0.0, 9.46992142, 0.0, 0.0, 0.0, 4.51524679]",16.0,0.0,local
942,mp-1099290,slab,-32.55831013,6524.681,True,"[6.22843505, 0.0, 0.0, 0.0, 10.39280698, 0.0, -0.0, -0.0, 4.86357061]",16.0,0.0,local
943,mp-1099299,slab,-28.28363347,1174.24,True,"[6.26101491, -0.0, 0.0, 0.0, 10.97743814, 0.0, -0.0, -0.0, 5.31747528]",16.0,6.25e-09,local
944,mp-1099,slab,-42.40987753,395.68,True,"[3.48565734, 0.0, 0.0, 0.0, 5.39743667, 0.0, 0.0, 0.0, 5.84404634]",8.0,2.25e-07,local
945,mp-1100166,slab,-11.23416784,128.176,True,"[4.82599083, -0.0, 0.0, 0.0, 4.82599083, 0.0, -0.0, 0.0, 4.3592041]",4.0,9.25e-07,local
946,mp-1100393,slab,-38.42737726,84.752,True,"[6.0573908, -0.0, 0.0, 0.0, 6.0573908, 0.0, -0.0, -0.0, 6.0573908]",12.0,7.5e-08,local
947,mp-1100405,slab,-79.38561839,237.883,True,"[6.31097268, 0.0, 0.0, 0.0, 6.31097268, 0.0, 0.0, 0.0, 6.31097268]",12.0,8.333333333333334e-09,local
948,mp-1100408,slab,-96.91907747,287.932,True,"[6.19566337, 0.0, 0.0, 0.0, 6.19566337, 0.0, 0.0, 0.0, 6.19566337]",12.0,0.0,local
949,mp-1100411,slab,-31.09836415,70.849,True,"[7.01928, 0.0, 0.0, 0.0, 7.01928, 0.0, 0.0, 0.0, 7.01928]",12.0,1.0008333333333334e-05,local
950,mp-1100412,slab,-87.62617379,191.958,True,"[6.13169165, -0.0, 0.0, 0.0, 6.13169165, 0.0, -0.0, -0.0, 6.13169165]",12.0,5e-08,local
951,mp-1100414,slab,-93.04883602,196.472,True,"[5.70665751, -0.0, 0.0, 0.0, 5.70665751, 0.0, -0.0, -0.0, 5.70665751]",12.0,0.0,local
952,mp-1100415,slab,-91.66705579,217.392,True,"[6.32280358, 0.0, 0.0, 0.0, 6.32280358, 0.0, 0.0, 0.0, 6.32280358]",12.0,3.3333333333333334e-08,local
953,mp-1100417,slab,-85.20003053,222.246,True,"[6.07503709, -0.0, 0.0, 0.0, 6.07503709, 0.0, -0.0, -0.0, 6.07503709]",12.0,0.333416075,local
954,mp-1100421,slab,-83.61937932,354.392,True,"[6.05652329, -0.0, 0.0, 0.0, 6.05652329, 0.0, -0.0, -0.0, 6.05652329]",12.0,0.0,local
955,mp-1100425,slab,-29.86852973,27.308,True,"[6.469752, 0.0, 0.0, 0.0, 6.469752, 0.0, 0.0, 0.0, 6.469752]",12.0,6.2325e-05,local
956,mp-1100430,slab,-32.98512667,148.733,True,"[6.40571124, 0.0, 0.0, 0.0, 6.40571124, 0.0, 0.0, 0.0, 6.40571124]",12.0,0.0,local
957,mp-1100443,slab,-34.54905812,40.055,True,"[7.04159, 0.0, 0.0, 0.0, 7.04159, 0.0, 0.0, 0.0, 7.04159]",12.0,4.608333333333334e-06,local
958,mp-1100766,slab,-45.59697652,272.894,True,"[3.66239235, 0.0, 0.0, 0.0, 3.66239235, 0.0, 0.0, 0.0, 7.27815475]",8.0,0.61935305,local
959,mp-1100772,slab,-148.74474245,663.727,True,"[6.08303111, 0.0, 0.0, 0.0, 6.08303111, 0.0, 0.0, 0.0, 6.08303111]",16.0,2.00625e-06,local
960,mp-1100773,slab,-20.45340457,27.84,True,"[4.86967901, -0.0, 0.0, 0.0, 4.86967901, 0.0, 0.0, -0.0, 4.86967901]",4.0,0.171167175,local
961,mp-1100776,slab,-12.04112734,15.633,True,"[4.873164, 0.0, 0.0, 0.0, 4.873164, 0.0, 0.0, 0.0, 4.873164]",4.0,7.15e-06,local
962,mp-1100779,slab,-100.55706942,148.588,True,"[6.47123397, -0.0, 0.0, 0.0, 6.47123397, 0.0, -0.0, -0.0, 6.47123397]",16.0,1.875e-08,local
963,mp-1100780,slab,-90.4851096,156.974,True,"[6.44123461, 0.0, 0.0, 0.0, 6.44123461, 0.0, 0.0, 0.0, 6.44123461]",16.0,2e-07,local
964,mp-1100781,slab,-88.8455348,381.994,True,"[6.10934968, 0.0, 0.0, 0.0, 6.10934968, 0.0, 0.0, 0.0, 6.10934968]",16.0,9.375e-08,local
965,mp-1100795,slab,-42.05824095,3860.688,True,"[6.2646432, 0.00356863, -0.00172906, -2.92484408, 5.54442374, -0.00155113, -3.116161, -1.68677746, 6.64944717]",8.0,1.875e-07,local
966,mp-1100868,slab,-20.05264332,182.286,True,"[2.18276977, -3.78066814, -0.0, 2.18276977, 3.78066814, 0.0, 0.0, -0.0, 6.93025532]",4.0,0.0,local
967,mp-1100873,slab,-41.78022588,1643.848,True,"[-5.70579781, 0.00120187, -0.00330391, -0.00233955, -5.70679697, -0.00175302, 2.82747144, 2.84712462, 6.0961672]",8.0,0.0,local
968,mp-1101118,slab,-83.70039062,4630.361,True,"[0.0, 14.32476071, -0.13548626, 3.93236901, 0.0, 0.0, 0.0, -3.20815405, -6.1320195]",14.0,1.1032903214285714,local
969,mp-1101119,slab,-91.67774758,5930.589,True,"[0.0, 13.32375462, 0.02283558, 3.59635887, 0.0, 0.0, 0.0, -2.82225177, -5.67717432]",14.0,0.8698231428571429,local
970,mp-1101251,slab,-42.1143442,235.357,True,"[7.3556853, -0.0, 0.0, 0.0, 7.3556853, 0.0, 0.0, 0.0, 5.62389572]",12.0,3.3333333333333334e-08,local
971,mp-1102925,slab,-102.49627568,752.038,True,"[3.61893347, -0.0, 0.0, 0.0, 9.18011544, 0.0, 0.0, -0.0, 4.91799812]",12.0,0.2765174333333333,local
972,mp-11073,slab,-49.40633357,650.721,True,"[3.6724459, -6.36086289, 0.0, 3.6724459, 6.36086289, 0.0, -0.0, -0.0, 3.07841674]",8.0,0.0,local
973,mp-11078,slab,-64.49680792,7648.149,True,"[4.49064031, 0.0, 0.0, 0.0, 11.76260496, 0.0, -0.0, -0.0, 8.1803039]",16.0,0.0,local
974,mp-1110791,slab,-14.45791522,27.965,True,"[5.15369869, -0.0, 0.0, 0.0, 5.15369869, 0.0, -0.0, -0.0, 5.15369869]",5.0,3.8e-07,local
975,mp-1110854,slab,-14.43787569,25.265,True,"[5.11373172, -0.0, 0.0, 0.0, 5.11373172, 0.0, 0.0, -0.0, 5.11373172]",5.0,2.2e-07,local
976,mp-11113,slab,-70.88936031,1253.048,True,"[3.59938105, 0.0, 0.0, 0.0, 5.30166607, 0.0, 0.0, 0.0, 12.88640946]",12.0,0.0,local
977,mp-1115,slab,-14.28325663,108.973,True,"[1.88017588, -3.25656015, -0.0, 1.88017588, 3.25656015, 0.0, 0.0, -0.0, 5.80750069]",3.0,0.0,local
978,mp-1120717,slab,-60.48826991,65.847,True,"[5.01956245, -0.0, 0.0, 0.0, 5.01956245, 0.0, -0.0, -0.0, 5.01956245]",8.0,5e-08,local
979,mp-1120727,slab,-74.83058432,485.557,True,"[7.93142377, -0.0, 0.0, 0.0, 7.93142377, 0.0, -0.0, -0.0, 7.93142377]",16.0,0.0,local
980,mp-1120735,slab,-68.87453712,225.549,True,"[7.72172706, -0.0, 0.0, 0.0, 7.72172706, 0.0, -0.0, -0.0, 7.72172706]",16.0,5e-08,local
981,mp-1120739,slab,-50.60145552,92.162,True,"[6.74718781, 0.0, 0.0, 0.0, 6.74718781, 0.0, 0.0, 0.0, 6.74718781]",12.0,1.6666666666666667e-08,local
982,mp-1120746,slab,-35.96175402,852.421,True,"[0.0, 6.36477306, -0.01028488, 3.46481551, 0.0, 0.0, 0.0, -0.02719615, -36.42919752]",6.0,0.0,local
983,mp-1120753,slab,-48.79499953,1852.458,True,"[3.72685088, -0.0, 0.0, 0.0, 3.72685088, 0.0, -0.0, -0.0, 11.03937822]",8.0,0.778432775,local
984,mp-1120759,slab,-26.07754939,1350.241,True,"[0.0, 5.92176712, 0.01454159, 5.74592935, 0.0, 0.0, 0.0, -0.09875402, -19.89404649]",6.0,0.0,local
985,mp-1120769,slab,-15.18441466,91.546,True,"[2.73115113, -0.0, 0.0, 0.0, 2.73115113, 0.0, 0.0, -0.0, 3.92353724]",2.0,1.7e-06,local
986,mp-1120770,slab,-41.40413475,928.832,True,"[2.29234738, -3.97046213, 0.0, 2.29234738, 3.97046213, -0.0, 0.0, -0.0, 27.06380869]",15.0,1.3333333333333332e-08,local
987,mp-1120779,slab,-56.65673642,335.879,True,"[7.54160833, -0.0, 0.0, 0.0, 7.54160833, 0.0, -0.0, -0.0, 9.72068692]",16.0,0.0,local
988,mp-1120780,slab,-21.9485028,755.456,True,"[4.37698234, 0.0, 0.0, 0.0, 4.37698234, 0.0, 0.0, 0.0, 11.64828176]",8.0,0.0,local
989,mp-1120786,slab,-64.42339213,1384.85,True,"[0.0, 10.71711728, 0.0140114, 3.76962918, 0.0, 0.0, 0.0, -4.41398002, -7.17390804]",12.0,0.0,local
990,mp-1120788,slab,-12.31822136,203.16,True,"[1.76459493, -3.05636808, -0.0, 1.76459493, 3.05636808, 0.0, 0.0, 0.0, 16.47100116]",3.0,1.0000329,local
991,mp-1120803,slab,-77.92860485,10493.367,True,"[2.65625678, -4.6007717, -0.0, 2.65625678, 4.6007717, -0.0, -0.0, -0.0, 26.85816438]",21.0,0.0,local
992,mp-1120,slab,-84.17787488,90.272,True,"[4.99111144, -0.0, 0.0, 0.0, 4.99111144, 0.0, -0.0, -0.0, 4.99111144]",8.0,1.25e-08,local
993,mp-1121,slab,-10.47165476,35.434,True,"[2.88506971, 0.0, 0.0, 0.0, 2.88506971, 0.0, 0.0, -0.0, 2.88506971]",2.0,0.0001854,local
994,mp-11220,slab,-34.58224362,74.194,True,"[2.44975224, -4.24309535, -0.0, 2.44975224, 4.24309535, -0.0, 0.0, 0.0, 6.16396378]",6.0,0.0002153666666666,local
995,mp-11228,slab,-44.07879458,243.496,True,"[3.98867683, -0.0, 0.0, 0.0, 11.46634539, 0.0, -0.0, 0.0, 4.35759495]",8.0,0.0489663875,local
996,mp-11229,slab,-11.02175097,15.083,True,"[3.60073705, -0.0, 0.0, 0.0, 3.60073705, 0.0, 0.0, 0.0, 3.60073705]",2.0,2.05e-06,local
997,mp-11231,slab,-19.36556957,18.53,True,"[4.26254306, 0.0, 0.0, 0.0, 4.26254306, 0.0, 0.0, 0.0, 4.26254306]",4.0,4.75e-07,local
998,mp-11233,slab,-52.83293163,210.239,True,"[3.3875336, 0.0, 0.0, 0.0, 10.91317304, 0.0, 0.0, 0.0, 4.27613857]",8.0,0.0,local
999,mp-11236,slab,-34.84352778,133.897,True,"[6.49717839, 0.0, 0.0, 0.0, 6.49717839, 0.0, 0.0, 0.0, 6.49717839]",16.0,1.25e-08,local
1000,mp-11237,slab,-9.52974661,21.267,True,"[3.43903031, 0.0, 0.0, 0.0, 3.43903031, 0.0, 0.0, -0.0, 3.43903031]",2.0,2.55e-06,local
1001,mp-11239,slab,-22.99970116,100.078,True,"[3.49527913, 0.0, 0.0, 0.0, 3.49527913, 0.0, 0.0, 0.0, 6.63904715]",4.0,0.0,local
1002,mp-11247,slab,-42.30119017,222.331,True,"[6.27478204, 0.0, 0.0, 0.0, 6.27478204, 0.0, 0.0, 0.0, 6.27478204]",16.0,1.125e-07,local
1003,mp-11248,slab,-13.06005115,28.046,True,"[4.05992149, 0.0, 0.0, 0.0, 4.05992149, 0.0, 0.0, -0.0, 4.05992149]",4.0,2.375e-06,local
1004,mp-11252,slab,-31.56675908,251.039,True,"[3.38857448, 0.0, 0.0, 0.0, 3.38857448, 0.0, -0.0, -0.0, 8.81016613]",6.0,1.35255665,local
1005,mp-11256,slab,-11.08529178,19.448,True,"[3.40273078, 0.0, 0.0, 0.0, 3.40273078, 0.0, 0.0, 0.0, 3.40273078]",2.0,1.1e-06,local
1006,mp-11259,slab,-11.72359754,25.129,True,"[3.27211992, -0.0, 0.0, 0.0, 3.27211992, 0.0, -0.0, 0.0, 3.27211992]",2.0,0.5103905,local
1007,mp-11260,slab,-27.69592339,50.942,True,"[4.06910138, 0.0, 0.0, 0.0, 4.06910138, 0.0, -0.0, -0.0, 4.06910138]",4.0,5.48e-05,local
1008,mp-11261,slab,-11.41213231,27.934,True,"[3.60111772, 0.0, 0.0, 0.0, 3.60111772, 0.0, -0.0, -0.0, 3.60111772]",2.0,5e-08,local
1009,mp-11263,slab,-60.44062279,192.725,True,"[5.5202589, 0.0, 0.0, 0.0, 5.5202589, 0.0, 0.0, 0.0, 5.5202589]",8.0,2.5e-08,local
1010,mp-11266,slab,-17.72793468,722.134,True,"[5.3255372, 0.0, 0.0, 0.0, 8.48512558, 0.0, 0.0, 0.0, 8.76633149]",12.0,4.5e-07,local
1011,mp-11269,slab,-43.64589315,183.171,True,"[4.97402843, 0.0, 0.0, 0.0, 4.97402843, 0.0, 0.0, 0.0, 11.32757621]",10.0,2e-08,local
1012,mp-11271,slab,-73.16970138,70.705,True,"[4.84308079, -0.0, 0.0, 0.0, 4.84308079, 0.0, -0.0, -0.0, 4.84308079]",8.0,3.75e-08,local
1013,mp-11274,slab,-10.14024402,18.234,True,"[2.83046694, -0.0, 0.0, 0.0, 2.83046694, 0.0, 0.0, 0.0, 2.83046694]",2.0,5e-08,local
1014,mp-11276,slab,-12.23065306,19.718,True,"[2.78181527, 0.0, 0.0, 0.0, 2.78181527, 0.0, 0.0, 0.0, 2.78181527]",2.0,3e-07,local
1015,mp-11277,slab,-26.21471279,43.124,True,"[2.26208965, -3.9180542, 0.0, 2.26208965, 3.9180542, -0.0, -0.0, -0.0, 3.51078008]",6.0,1e-07,local
1016,mp-11278,slab,-111.51306553,255.632,True,"[6.03454547, 0.0, 0.0, 0.0, 6.03454547, 0.0, -0.0, 0.0, 4.91206043]",12.0,8.333333333333334e-09,local
1017,mp-11279,slab,-11.88237538,11.596,True,"[2.92926249, 0.0, 0.0, 0.0, 2.92926249, 0.0, 0.0, 0.0, 2.92926249]",2.0,2.44e-05,local
1018,mp-11283,slab,-28.78540529,40.764,True,"[2.27892399, -3.94721214, -0.0, 2.27892399, 3.94721214, 0.0, -0.0, -0.0, 3.459239]",6.0,1.05e-06,local
1019,mp-1128,slab,-62.58361469,312.325,True,"[3.261513, 0.0, 0.0, 0.0, 5.5809192, 0.0, 0.0, 0.0, 6.32786802]",8.0,1.625e-07,local
1020,mp-11293,slab,-69.42693551,435.291,True,"[6.41865921, 0.0, 0.0, 0.0, 6.41865921, 0.0, 0.0, 0.0, 6.41865921]",16.0,5e-08,local
1021,mp-1129,slab,-17.16653471,22.641,True,"[3.23009566, -0.0, 0.0, 0.0, 3.23009566, 0.0, 0.0, 0.0, 3.23009566]",2.0,0.0,local
1022,mp-11304,slab,-36.46610772,177.191,True,"[6.98382673, 0.0, 0.0, 0.0, 6.98382673, 0.0, 0.0, 0.0, 6.98382673]",16.0,1.875e-08,local
1023,mp-11305,slab,-37.02983793,196.987,True,"[6.87865642, 0.0, 0.0, 0.0, 6.87865642, 0.0, 0.0, 0.0, 6.87865642]",16.0,1.875e-08,local
1024,mp-11307,slab,-4.95924374,143.639,True,"[3.19562817, 0.0, 0.0, 0.0, 5.09182225, 0.0, 0.0, -0.0, 5.3231143]",4.0,5e-08,local
1025,mp-11309,slab,-11.87400147,36.184,True,"[4.3135512, -0.0, 0.0, 0.0, 4.3135512, 0.0, 0.0, 0.0, 4.3135512]",4.0,2e-07,local
1026,mp-11313,slab,-11.1933363,74.086,True,"[4.42761958, 0.0, 0.0, 0.0, 4.42761958, 0.0, 0.0, -0.0, 4.42761958]",4.0,1.75e-07,local
1027,mp-11322,slab,-63.34600313,274.31,True,"[3.77784779, 0.0, 0.0, 0.0, 9.96551406, 0.0, 0.0, 0.0, 3.76774967]",8.0,2.5e-08,local
1028,mp-11324,slab,-21.1922804,224.289,True,"[1.74653057, -3.02507968, -0.0, 1.74653057, 3.02507968, 0.0, 0.0, 0.0, 6.74881102]",3.0,0.0,local
1029,mp-11327,slab,-34.22303657,194.772,True,"[8.118256, 0.0, 0.0, 0.0, 8.118256, 0.0, 0.0, 0.0, 8.118256]",12.0,1e-07,local
1030,mp-11342,slab,-45.51366639,298.699,True,"[1.90701355, -3.30304436, 0.0, 1.90701355, 3.30304436, -0.0, 0.0, 0.0, 26.41158242]",12.0,8.333333333333334e-09,local
1031,mp-11358,slab,-33.84557949,49.232,True,"[3.63552474, 0.0, 0.0, 0.0, 3.63552474, 0.0, 0.0, 0.0, 3.63552474]",4.0,1.875e-05,local
1032,mp-11359,slab,-9.76584448,201.31,True,"[2.86532653, 0.0, 0.0, 0.0, 2.86532653, 0.0, 0.0, 0.0, 5.83609441]",3.0,3.3333333333333334e-08,local
1033,mp-1135,slab,-55.223482,217.55,True,"[3.92901012, 0.0, 0.0, 0.0, 3.92901012, 0.0, 0.0, 0.0, 8.0682635]",8.0,0.0,local
1034,mp-11360,slab,-72.46865741,533.17,True,"[6.20176939, 0.0, 0.0, 0.0, 6.20176939, 0.0, 0.0, 0.0, 6.20176939]",16.0,6.25e-09,local
1035,mp-11361,slab,-38.49815383,338.904,True,"[6.24844407, 0.0, 0.0, 0.0, 6.24844407, 0.0, 0.0, 0.0, 6.24844407]",12.0,1.6666666666666667e-08,local
1036,mp-11364,slab,-11.6669406,27.842,True,"[3.0852666, 0.0, 0.0, 0.0, 3.0852666, 0.0, -0.0, -0.0, 3.0852666]",2.0,0.4672801,local
1037,mp-11365,slab,-27.15297273,67.403,True,"[3.97209868, 0.0, 0.0, 0.0, 3.97209868, 0.0, 0.0, -0.0, 3.97209868]",4.0,3.3e-06,local
1038,mp-11366,slab,-72.00721193,522.013,True,"[6.22372015, 0.0, 0.0, 0.0, 6.22372015, 0.0, 0.0, 0.0, 6.22372015]",16.0,6.25e-09,local
1039,mp-11385,slab,-47.94558268,430.177,True,"[2.50252577, -4.33450177, -0.0, 2.50252577, 4.33450177, -0.0, -0.0, 0.0, 3.93839029]",6.0,1.633951333333333,local
1040,mp-11387,slab,-40.3215611,225.554,True,"[3.90015205, 0.0, 0.0, 0.0, 3.90015205, 0.0, 0.0, 0.0, 9.09312661]",8.0,1.25e-08,local
1041,mp-11388,slab,-12.49988461,31.432,True,"[3.05728756, 0.0, 0.0, 0.0, 3.05728756, 0.0, 0.0, 0.0, 3.05728756]",2.0,1.15e-06,local
1042,mp-11397,slab,-21.69264872,209.204,True,"[2.037085, -3.52833472, -0.0, 2.037085, 3.52833472, 0.0, -0.0, -0.0, 4.9322905]",5.0,0.0,local
1043,mp-11398,slab,-78.08917436,1332.321,True,"[6.78054305, 0.0, 0.0, 0.0, 7.5424771, 0.0, 0.0, 0.0, 3.75180746]",16.0,0.0,local
1044,mp-1139,slab,-64.57065119,214.025,True,"[2.55071829, -4.41797367, -0.0, 2.55071829, 4.41797367, 0.0, 0.0, -0.0, 4.07716064]",8.0,0.2206099,local
1045,mp-11400,slab,-89.50214207,444.335,True,"[6.05137098, 0.0, 0.0, 0.0, 6.05137098, 0.0, 0.0, 0.0, 6.05137098]",16.0,1.1875e-07,local
1046,mp-11401,slab,-80.37726486,1899.071,True,"[4.04291875, 0.0, 0.0, 0.0, 9.6213204, 0.0, 0.0, 0.0, 6.47651106]",16.0,6.25e-09,local
1047,mp-11407,slab,-22.92108605,42.924,True,"[3.94156851, 0.0, 0.0, 0.0, 3.94156851, 0.0, -0.0, 0.0, 3.94156851]",4.0,2.5e-06,local
1048,mp-11411,slab,-41.43745144,575.768,True,"[4.07091847, 0.0, 0.0, 0.0, 10.26250331, 0.0, 0.0, 0.0, 3.87747252]",8.0,0.0,local
1049,mp-11412,slab,-54.79271953,1441.162,True,"[4.31789911, 0.0, 0.0, 0.0, 6.63890376, 0.0, 0.0, 0.0, 7.54078108]",12.0,0.0,local
1050,mp-11413,slab,-54.77227449,713.798,True,"[4.1180607, 0.0, 0.0, 0.0, 12.71922293, 0.0, 0.0, 0.0, 4.15026596]",12.0,8.333333333333334e-09,local
1051,mp-11416,slab,-42.34072615,245.26,True,"[3.83456512, 0.0, 0.0, 0.0, 3.83456512, 0.0, 0.0, 0.0, 8.7607845]",8.0,2.5e-08,local
1052,mp-11420,slab,-42.71830619,3062.567,True,"[4.35777379, 0.0, 0.0, 0.0, 10.91563362, 0.0, 0.0, -0.0, 4.05644856]",8.0,1.125e-07,local
1053,mp-11444,slab,-81.40697499,4402.096,True,"[4.10679608, 0.0, 0.0, 0.0, 10.19457349, 0.0, 0.0, 0.0, 6.69769199]",16.0,0.0,local
1054,mp-11445,slab,-75.05630156,1440.451,True,"[6.76173786, 0.0, 0.0, 0.0, 6.76173786, 0.0, 0.0, 0.0, 5.48602919]",14.0,2e-07,local
1055,mp-11452,slab,-22.5796936,20.4,True,"[3.25936973, 0.0, 0.0, 0.0, 3.25936973, 0.0, 0.0, 0.0, 3.25936973]",2.0,5e-08,local
1056,mp-11454,slab,-53.26369472,98.276,True,"[3.28894823, 0.0, 0.0, 0.0, 3.28894823, 0.0, 0.0, 0.0, 10.839861]",6.0,0.0,local
1057,mp-11457,slab,-18.87846726,53.284,True,"[3.27151543, 0.0, 0.0, 0.0, 3.27151543, 0.0, 0.0, 0.0, 3.27151543]",2.0,0.0,local
1058,mp-1147710,slab,-17.06725161,14.157,True,"[5.06221173, -0.0, 0.0, 0.0, 5.06221173, 0.0, -0.0, 0.0, 5.06221173]",5.0,2.6e-07,local
1059,mp-1147758,slab,-8.33759051,322.786,True,"[4.52299428, 0.0, 0.0, 0.0, 4.52299428, 0.0, 0.0, -0.0, 4.52180307]",3.0,1.3333333333333336e-07,local
1060,mp-1147776,slab,-67.82185384,853.323,True,"[7.06036464, 0.0, 0.0, 0.0, 7.06036464, 0.0, 0.0, 0.0, 13.07343601]",16.0,1.25e-08,local
1061,mp-11478,slab,-5.52011856,19.964,True,"[3.3128806, 0.0, 0.0, 0.0, 3.3128806, 0.0, -0.0, -0.0, 3.3128806]",2.0,5.35e-06,local
1062,mp-11481,slab,-40.93407927,224.878,True,"[2.77465827, 0.0, 0.0, 0.0, 4.45456422, 0.0, 0.0, -0.0, 4.84633749]",4.0,7.5e-08,local
1063,mp-11482,slab,-77.7443901,122.818,True,"[2.76902257, -4.79608778, 0.0, 2.76902257, 4.79608778, 0.0, 0.0, 0.0, 4.41510167]",8.0,2.5e-08,local
1064,mp-11484,slab,-18.9658678,23.066,True,"[3.30790411, -0.0, 0.0, 0.0, 3.30790411, 0.0, -0.0, -0.0, 3.30790411]",2.0,4.5e-07,local
1065,mp-11489,slab,-48.56530189,52.896,True,"[6.13021835, 0.0, 0.0, 0.0, 6.13021835, 0.0, 0.0, 0.0, 6.13021835]",16.0,3.04375e-06,local
1066,mp-11490,slab,-39.51575944,81.739,True,"[6.52252949, 0.0, 0.0, 0.0, 6.52252949, 0.0, 0.0, 0.0, 6.52252949]",16.0,1.875e-08,local
1067,mp-11500,slab,-14.52997128,29.084,True,"[2.92272653, 0.0, 0.0, 0.0, 2.92272653, 0.0, 0.0, 0.0, 2.92272653]",2.0,2.2047405,local
1068,mp-11501,slab,-25.8239972,89.929,True,"[3.5676498, 0.0, 0.0, 0.0, 3.5676498, 0.0, 0.0, 0.0, 3.5676498]",4.0,1.211566675,local
1069,mp-11503,slab,-9.95870732,17.442,True,"[2.999169, 0.0, 0.0, 0.0, 2.999169, 0.0, 0.0, 0.0, 2.999169]",2.0,1.46625705,local
1070,mp-11504,slab,-12.39456566,29.973,True,"[3.81617493, -0.0, 0.0, 0.0, 3.81617493, 0.0, -0.0, 0.0, 3.81617493]",4.0,0.649770775,local
1071,mp-11506,slab,-55.49627612,638.384,True,"[4.2391416, 0.0, 0.0, 0.0, 4.46606336, 0.0, 0.0, 0.0, 5.02991439]",8.0,2.5e-08,local
1072,mp-11507,slab,-66.51846079,817.69,True,"[5.73211691, -0.0, 0.0, 0.0, 5.73211691, 0.0, 0.0, 0.0, 3.56005231]",10.0,1e-08,local
1073,mp-11512,slab,-84.68878386,90.321,True,"[6.03149958, 0.0, 0.0, 0.0, 6.03149958, 0.0, 0.0, 0.0, 6.03149958]",16.0,5.625e-08,local
1074,mp-11513,slab,-55.70774167,256.647,True,"[3.6389823, 0.0, 0.0, 0.0, 3.6389823, 0.0, 0.0, 0.0, 7.48826048]",8.0,2.5e-08,local
1075,mp-11514,slab,-49.12969851,332.754,True,"[2.83157267, 0.0, 0.0, 0.0, 3.98320397, 0.0, 0.0, -0.0, 8.55136985]",6.0,0.0,local
1076,mp-11515,slab,-36.55759833,554.896,True,"[2.84004631, -0.0, 0.0, 0.0, 4.56691406, 0.0, 0.0, -0.0, 4.91677473]",4.0,2.5e-08,local
1077,mp-11516,slab,-19.79007372,55.038,True,"[3.16996115, -0.0, 0.0, 0.0, 3.16996115, 0.0, -0.0, -0.0, 3.16996115]",2.0,2.5e-07,local
1078,mp-11517,slab,-38.44331909,44.296,True,"[3.89492612, 0.0, 0.0, 0.0, 3.89492612, 0.0, 0.0, -0.0, 3.89492612]",4.0,5e-08,local
1079,mp-11519,slab,-99.0785397,424.689,True,"[6.1950307, -0.0, 0.0, 0.0, 6.1950307, 0.0, -0.0, -0.0, 6.1950307]",16.0,0.25815724375,local
1080,mp-11520,slab,-75.13760743,213.352,True,"[6.36045939, 0.0, 0.0, 0.0, 6.36045939, 0.0, 0.0, 0.0, 6.36045939]",12.0,8.333333333333334e-09,local
1081,mp-11521,slab,-12.73560823,30.526,True,"[3.16973542, -0.0, 0.0, 0.0, 3.16973542, 0.0, -0.0, 0.0, 3.16973542]",2.0,1.55e-06,local
1082,mp-11522,slab,-21.00250002,59.573,True,"[3.73584387, 0.0, 0.0, 0.0, 3.73584387, 0.0, 0.0, 0.0, 3.73584387]",4.0,4.5e-07,local
1083,mp-11523,slab,-83.23596774,489.124,True,"[5.93575542, 0.0, 0.0, 0.0, 5.93575542, 0.0, 0.0, 0.0, 5.93575542]",16.0,5e-08,local
1084,mp-1152,slab,-32.10959272,54.192,True,"[3.84774919, -0.0, 0.0, 0.0, 3.84774919, 0.0, 0.0, 0.0, 3.84774919]",4.0,1.325e-06,local
1085,mp-11531,slab,-41.31939735,695.477,True,"[2.53646147, 0.0, 0.0, 0.0, 3.5630976, 0.0, 0.0, 0.0, 7.61468143]",6.0,0.0,local
1086,mp-11533,slab,-136.14929566,531.714,True,"[6.78195272, 0.0, 0.0, 0.0, 6.78195272, 0.0, 0.0, 0.0, 6.78195272]",24.0,2.2916666666666666e-07,local
1087,mp-11537,slab,-140.0832438,341.423,True,"[6.18434994, 0.0, 0.0, 0.0, 6.18434994, 0.0, 0.0, 0.0, 6.18434994]",16.0,0.0,local
1088,mp-11541,slab,-20.89076314,25.357,True,"[3.28245976, 0.0, 0.0, 0.0, 3.28245976, 0.0, 0.0, 0.0, 3.28245976]",2.0,5e-08,local
1089,mp-11546,slab,-13.97525177,16.288,True,"[3.17481145, 0.0, 0.0, 0.0, 3.17481145, 0.0, -0.0, 0.0, 3.17481145]",2.0,0.0026755,local
1090,mp-11549,slab,-40.53867544,316.484,True,"[2.73915402, 0.0, 0.0, 0.0, 3.80799544, 0.0, 0.0, 0.0, 8.30900365]",6.0,0.0,local
1091,mp-11552,slab,-15.49655186,30.202,True,"[3.17716445, -0.0, 0.0, 0.0, 3.17716445, 0.0, -0.0, -0.0, 3.17716445]",2.0,2.9e-06,local
1092,mp-11554,slab,-16.47833336,24.687,True,"[3.35292363, -0.0, 0.0, 0.0, 3.35292363, 0.0, -0.0, -0.0, 3.35292363]",2.0,0.0,local
1093,mp-11563,slab,-16.52647947,58.158,True,"[3.10693332, -0.0, 0.0, 0.0, 3.10693332, 0.0, -0.0, 0.0, 3.10693332]",2.0,1.75e-06,local
1094,mp-11565,slab,-44.46908042,177.063,True,"[2.60896892, -4.51886672, 0.0, 2.60896892, 4.51886672, -0.0, 0.0, 0.0, 4.32610976]",6.0,0.0,local
1095,mp-11566,slab,-8.11334035,31.008,True,"[3.35285521, -0.0, 0.0, 0.0, 3.35285521, 0.0, -0.0, -0.0, 3.35285521]",2.0,1e-07,local
1096,mp-11571,slab,-19.73383854,44.52,True,"[4.72674129, -0.0, 0.0, 0.0, 4.72674129, 0.0, 0.0, 0.0, 4.72674129]",4.0,4.25e-07,local
1097,mp-11575,slab,-9.41981483,33.793,True,"[3.80656634, 0.0, 0.0, 0.0, 3.80656634, 0.0, 0.0, 0.0, 3.80656634]",2.0,1.55e-06,local
1098,mp-11578,slab,-12.50414294,44.544,True,"[3.82878173, 0.0, 0.0, 0.0, 3.82878173, 0.0, 0.0, 0.0, 3.82878173]",4.0,0.0,local
1099,mp-1157,slab,-47.54058579,495.476,True,"[3.17469122, 0.0, 0.0, 0.0, 3.17469122, 0.0, 0.0, 0.0, 7.89022556]",6.0,1.6666666666666667e-08,local
1100,mp-1159,slab,-103.02270524,736.115,True,"[6.25136114, 0.0, 0.0, 0.0, 6.25136114, 0.0, -0.0, 0.0, 5.73276122]",12.0,7e-07,local
1101,mp-11621,slab,-45.64144821,246.227,True,"[5.95912585, 0.0, 0.0, 0.0, 5.95912585, 0.0, 0.0, 0.0, 5.95912585]",12.0,0.0,local
1102,mp-11693,slab,-59.57135671,837.764,True,"[2.00237826, -3.46822089, 0.0, 2.00237826, 3.46822089, -0.0, 0.0, 0.0, 20.75566073]",12.0,0.0,local
1103,mp-11697,slab,-82.07265686,364.391,True,"[0.0, 10.33912571, -0.01439018, 3.69723782, 0.0, 0.0, 0.0, -4.26197701, -7.22527257]",12.0,8.333333333333334e-09,local
1104,mp-1169,slab,-10.52440335,32.159,True,"[3.26363377, 0.0, 0.0, 0.0, 3.26363377, 0.0, 0.0, -0.0, 3.26363377]",2.0,5e-08,local
1105,mp-11700,slab,-23.74580862,121.77,True,"[2.31467893, -4.0091415, -0.0, 2.31467893, 4.0091415, -0.0, 0.0, 0.0, 9.65286449]",6.0,0.0,local
1106,mp-1172,slab,-9.65051264,14.581,True,"[3.12203521, 0.0, 0.0, 0.0, 3.12203521, 0.0, 0.0, 0.0, 3.12203521]",2.0,0.0,local
1107,mp-1173039,slab,-57.16097496,474.679,True,"[6.38350302, 0.0, 0.0, 0.0, 6.38350302, 0.0, -0.0, -0.0, 12.84503564]",16.0,0.0,local
1108,mp-1173050,slab,-41.65450383,1515.093,True,"[-3.55398777, -0.00016693, 0.00143387, -0.00480056, -6.97007567, 0.00593635, 0.44579773, 2.29979656, 7.90552481]",7.0,0.0,local
1109,mp-11743,slab,-22.98688201,528.198,True,"[2.17586912, -3.76871587, -0.0, 2.17586912, 3.76871587, 0.0, -0.0, -0.0, 6.89975337]",6.0,0.0,local
1110,mp-1174,slab,-7.83791337,11.404,True,"[3.59645124, 0.0, 0.0, 0.0, 3.59645124, 0.0, 0.0, 0.0, 3.59645124]",2.0,0.00128565,local
1111,mp-1178762,slab,-57.1144938,707.798,True,"[4.66907459, 0.0, 0.0, 0.0, 4.66907459, 0.0, 0.0, 0.0, 5.70008586]",8.0,0.000269925,local
1112,mp-1179336,slab,-32.79466341,500.72,True,"[4.28659251, 0.0, 0.0, 0.0, 4.30299984, 0.0, 0.0, 0.0, 11.99987329]",8.0,0.0,local
1113,mp-11798,slab,-31.11382468,165.831,True,"[3.81558814, 0.0, 0.0, 0.0, 3.81558814, 0.0, 0.0, 0.0, 3.58583572]",4.0,2.13385715,local
1114,mp-11800,slab,-73.83174919,5697.955,True,"[0.0, 12.15061637, 0.26581737, 3.57670032, 0.0, 0.0, 0.0, -3.17995531, -5.28117382]",14.0,0.13202165,local
1115,mp-11807,slab,-9.21630676,56.022,True,"[1.38053212, -2.39115178, 0.0, 1.38053212, 2.39115178, 0.0, -0.0, 0.0, 4.24351163]",2.0,1.35e-06,local
1116,mp-1180861,slab,-6.91161201,69.473,True,"[5.69060177, -0.0, 0.0, 0.0, 5.69060177, 0.0, 0.0, 0.0, 3.67201492]",3.0,6.666666666666668e-08,local
1117,mp-11808,slab,-137.74372642,572.908,True,"[6.91320911, 0.0, 0.0, 0.0, 6.91320911, 0.0, 0.0, 0.0, 6.91320911]",24.0,1.6666666666666667e-08,local
1118,mp-11809,slab,-66.43086363,249.988,True,"[3.9310549, 0.0, 0.0, 0.0, 12.14660234, 0.0, 0.0, 0.0, 4.00861084]",12.0,0.0,local
1119,mp-1180,slab,-28.699186,47.628,True,"[3.92724287, 0.0, 0.0, 0.0, 3.92724287, 0.0, 0.0, -0.0, 3.92724287]",4.0,1.094176675,local
1120,mp-11814,slab,-26.13685816,766.526,True,"[5.05251651, 0.0, 0.0, 0.0, 5.57835594, 0.0, 0.0, 0.0, 10.77550752]",10.0,2e-08,local
1121,mp-11816,slab,-17.17582033,224.282,True,"[2.37815139, -4.11907903, 0.0, 2.37815139, 4.11907903, -0.0, -0.0, -0.0, 9.66479331]",6.0,2.166666666666667e-07,local
1122,mp-11818,slab,-18.0113856,106.046,True,"[2.23637619, -3.87351719, -0.0, 2.23637619, 3.87351719, 0.0, 0.0, 0.0, 9.8544077]",6.0,1.3333333333333336e-07,local
1123,mp-1181940,slab,-7.62407312,998.987,True,"[4.32252138, 0.0, 0.0, 0.0, 4.32252138, 0.0, 0.0, 0.0, 7.99466974]",3.0,2.3333333333333333e-07,local
1124,mp-11826,slab,-30.2182084,120.947,True,"[2.67253247, -4.62896202, 0.0, 2.67253247, 4.62896202, -0.0, -0.0, 0.0, 4.46099132]",6.0,6.666666666666668e-08,local
1125,mp-1183037,slab,-71.94710521,218.093,True,"[6.61814334, 0.0, 0.0, 0.0, 6.61814334, 0.0, 0.0, 0.0, 6.61814334]",16.0,5e-08,local
1126,mp-1183038,slab,-119.76999314,399.002,True,"[6.34703641, 0.0, 0.0, 0.0, 6.34703641, 0.0, 0.0, 0.0, 6.34703641]",16.0,6.25e-09,local
1127,mp-1183040,slab,-14.76315607,39.811,True,"[1.79034706, -3.10097208, 0.0, 1.79034706, 3.10097208, -0.0, 0.0, 0.0, 3.63767629]",2.0,3e-07,local
1128,mp-1183041,slab,-99.31522465,411.221,True,"[6.02976213, 0.0, 0.0, 0.0, 6.02976213, 0.0, 0.0, 0.0, 6.02976213]",16.0,0.0,local
1129,mp-1183042,slab,-141.09330668,473.988,True,"[6.21633994, 0.0, 0.0, 0.0, 6.21633994, 0.0, 0.0, 0.0, 6.21633994]",16.0,0.0,local
1130,mp-1183046,slab,-63.83562859,106.872,True,"[3.0289756, -5.24633964, -0.0, 3.0289756, 5.24633964, 0.0, 0.0, -0.0, 4.75523938]",8.0,6.5e-07,local
1131,mp-1183048,slab,-132.40397723,152.63,True,"[6.47096105, 0.0, 0.0, 0.0, 6.47096105, 0.0, 0.0, 0.0, 6.47096105]",16.0,1.25e-08,local
1132,mp-1183127,slab,-17.81470341,18.025,True,"[3.96428306, 0.0, 0.0, 0.0, 3.96428306, 0.0, 0.0, 0.0, 3.96428306]",4.0,2.5e-08,local
1133,mp-1183130,slab,-13.79138895,27.367,True,"[4.07732063, -0.0, 0.0, 0.0, 4.07732063, 0.0, 0.0, -0.0, 4.07732063]",4.0,4.25e-07,local
1134,mp-1183136,slab,-115.99087194,143.63,True,"[6.01598906, 0.0, 0.0, 0.0, 6.01598906, 0.0, 0.0, 0.0, 6.01598906]",16.0,1.25e-08,local
1135,mp-1183137,slab,-11.56289819,62.023,True,"[4.13878949, 0.0, 0.0, 0.0, 4.13878949, 0.0, 0.0, 0.0, 4.13878949]",4.0,0.0,local
1136,mp-1183140,slab,-11.40568302,9.603,True,"[4.201756, 0.0, 0.0, 0.0, 4.201756, 0.0, 0.0, 0.0, 4.201756]",4.0,0.000168425,local
1137,mp-1183143,slab,-21.81349432,34.19,True,"[3.90658327, 0.0, 0.0, 0.0, 3.90658327, 0.0, 0.0, 0.0, 3.90658327]",4.0,1.425e-06,local
1138,mp-1183147,slab,-103.00512281,259.38,True,"[5.87966907, 0.0, 0.0, 0.0, 5.87966907, 0.0, 0.0, 0.0, 5.87966907]",16.0,6.875e-08,local
1139,mp-1183148,slab,-89.77677634,211.925,True,"[5.73083478, 0.0, 0.0, 0.0, 5.73083478, 0.0, 0.0, 0.0, 5.73083478]",16.0,2.625e-06,local
1140,mp-1183151,slab,-51.66018854,298.442,True,"[5.95337536, 0.0, 0.0, 0.0, 5.95337536, 0.0, 0.0, 0.0, 5.95337536]",16.0,1.875e-08,local
1141,mp-1183155,slab,-105.36274667,267.151,True,"[5.93054437, 0.0, 0.0, 0.0, 5.93054437, 0.0, 0.0, 0.0, 5.93054437]",16.0,2.5e-08,local
1142,mp-1183158,slab,-107.66431128,305.876,True,"[6.07471812, 0.0, 0.0, 0.0, 6.07471812, 0.0, 0.0, 0.0, 6.07471812]",16.0,1.5625e-07,local
1143,mp-1183161,slab,-15.11391228,20.145,True,"[3.93026318, -0.0, 0.0, 0.0, 3.93026318, 0.0, 0.0, -0.0, 3.93026318]",4.0,7.5e-08,local
1144,mp-1183162,slab,-29.25176974,53.167,True,"[3.65181401, 0.0, 0.0, 0.0, 3.65181401, 0.0, 0.0, 0.0, 3.65181401]",4.0,1.730224575,local
1145,mp-1183163,slab,-126.25994456,238.449,True,"[6.03484684, 0.0, 0.0, 0.0, 6.03484684, 0.0, 0.0, 0.0, 6.03484684]",16.0,1.093586875,local
1146,mp-1183165,slab,-74.33268969,193.984,True,"[6.06781553, 0.0, 0.0, 0.0, 6.06781553, 0.0, 0.0, 0.0, 6.06781553]",16.0,1.6875e-07,local
1147,mp-1183166,slab,-71.32713588,240.848,True,"[6.68058962, 0.0, 0.0, 0.0, 6.68058962, 0.0, -0.0, -0.0, 6.68058962]",16.0,6.875e-08,local
1148,mp-1183173,slab,-78.5749011,277.724,True,"[5.81446952, 0.0, 0.0, 0.0, 5.81446952, 0.0, 0.0, 0.0, 5.81446952]",16.0,3.75e-08,local
1149,mp-1183187,slab,-102.34652052,269.424,True,"[5.72338663, 0.0, 0.0, 0.0, 5.72338663, 0.0, 0.0, 0.0, 5.72338663]",16.0,0.00507688125,local
1150,mp-1183191,slab,-96.31980436,289.053,True,"[5.9756452, 0.0, 0.0, 0.0, 5.9756452, 0.0, 0.0, 0.0, 5.9756452]",16.0,8.125e-08,local
1151,mp-1183193,slab,-24.99374415,156.916,True,"[2.97051145, -5.14507675, -0.0, 2.97051145, 5.14507675, 0.0, 0.0, 0.0, 4.7513947]",8.0,4.8e-06,local
1152,mp-1183198,slab,-42.19578345,267.429,True,"[8.53088247, 0.0, 0.0, 0.0, 8.53088247, 0.0, 0.0, 0.0, 8.53088247]",16.0,8.125e-08,local
1153,mp-1183202,slab,-24.94959252,221.46,True,"[4.14538173, 0.0, 0.0, 0.0, 4.14538173, 0.0, -0.0, 0.0, 8.46317814]",8.0,5e-08,local
1154,mp-1183205,slab,-23.02488152,82.977,True,"[2.93888186, -5.09029271, 0.0, 2.93888186, 5.09029271, -0.0, -0.0, -0.0, 4.77149977]",8.0,4.5e-07,local
1155,mp-1183206,slab,-27.13552671,88.95,True,"[2.88544061, -4.99772973, 0.0, 2.88544061, 4.99772973, -0.0, -0.0, 0.0, 4.74593291]",8.0,1.25e-08,local
1156,mp-1183207,slab,-52.33389992,273.681,True,"[8.48338611, 0.0, 0.0, 0.0, 8.48338611, 0.0, 0.0, 0.0, 8.48338611]",16.0,6.25e-09,local
1157,mp-1183209,slab,-8.8789721,32.358,True,"[1.40240965, -2.42904476, -0.0, 1.40240965, 2.42904476, -0.0, 0.0, 0.0, 4.82725107]",2.0,1.5e-07,local
1158,mp-1183214,slab,-23.11521269,197.125,True,"[4.15543707, 0.0, 0.0, 0.0, 4.15543707, 0.0, 0.0, 0.0, 8.28469996]",8.0,1.25e-08,local
1159,mp-1183215,slab,-11.1529476,212.004,True,"[4.43146883, 0.0, 0.0, 0.0, 4.43146883, 0.0, -0.0, 0.0, 8.8121012]",8.0,1.875e-07,local
1160,mp-1183216,slab,-31.33547887,244.99,True,"[2.61449155, -4.52843219, 0.0, 2.61449155, 4.52843219, 0.0, 0.0, 0.0, 4.23810426]",8.0,1.25e-08,local
1161,mp-1183218,slab,-107.69667213,351.599,True,"[6.03249974, 0.0, 0.0, 0.0, 6.03249974, 0.0, 0.0, 0.0, 6.03249974]",16.0,1.125e-07,local
1162,mp-1183222,slab,-8.04066776,27.708,True,"[1.41835874, -2.45666941, -0.0, 1.41835874, 2.45666941, 0.0, -0.0, 0.0, 4.71564868]",2.0,0.0,local
1163,mp-1183223,slab,-28.46992842,284.203,True,"[2.96466599, -5.13495212, 0.0, 2.96466599, 5.13495212, -0.0, 0.0, 0.0, 4.52741114]",8.0,3.375e-07,local
1164,mp-1183224,slab,-25.12569987,413.867,True,"[4.16744701, 0.0, 0.0, 0.0, 4.16744701, 0.0, 0.0, -0.0, 8.29424319]",8.0,0.0,local
1165,mp-1183227,slab,-5.99944722,47.257,True,"[1.47690798, -2.55807966, -0.0, 1.47690798, 2.55807966, 0.0, -0.0, 0.0, 4.75495436]",2.0,7.5e-07,local
1166,mp-1183232,slab,-43.69730732,134.795,True,"[2.53404428, -4.38909344, -0.0, 2.53404428, 4.38909344, 0.0, -0.0, 0.0, 4.08235499]",8.0,0.1439856125,local
1167,mp-1183248,slab,-27.69846382,3908.525,True,"[3.26664603, -5.65799689, 0.0, 3.26664603, 5.65799689, -0.0, 0.0, -0.0, 5.50808821]",8.0,3.125e-07,local
1168,mp-1183249,slab,-23.17625602,155.507,True,"[3.02607888, -5.24132237, -0.0, 3.02607888, 5.24132237, -0.0, 0.0, 0.0, 4.77304769]",8.0,1.75e-07,local
1169,mp-1183256,slab,-26.15972294,553.914,True,"[4.79129426, -0.0, 0.0, 0.0, 4.79129426, 0.0, -0.0, 0.0, 9.88734622]",8.0,1.5e-07,local
1170,mp-1183281,slab,-34.41840624,317.431,True,"[8.56250672, 0.0, 0.0, 0.0, 8.56250672, 0.0, 0.0, 0.0, 8.56250672]",16.0,5.4375e-07,local
1171,mp-1183306,slab,-54.78252953,89.894,True,"[2.72223598, -4.71505102, 0.0, 2.72223598, 4.71505102, 0.0, 0.0, -0.0, 4.36044035]",8.0,4.375e-07,local
1172,mp-1183366,slab,-20.68426604,3199.832,True,"[7.56438231, 0.0, 0.0, 0.0, 13.0489523, 0.0, 0.0, 0.0, 5.20800213]",16.0,1.25e-08,local
1173,mp-1183381,slab,-34.45630656,294.941,True,"[8.42916583, 0.0, 0.0, 0.0, 8.42916583, 0.0, 0.0, 0.0, 8.42916583]",16.0,2.05e-06,local
1174,mp-1183404,slab,-60.63941139,93.175,True,"[5.22657725, 0.0, 0.0, 0.0, 5.22657725, 0.0, 0.0, 0.0, 5.22657725]",16.0,1.9375e-07,local
1175,mp-1183408,slab,-35.47566941,73.853,True,"[3.32029218, -0.0, 0.0, 0.0, 3.32029218, 0.0, -0.0, -0.0, 7.18613961]",8.0,0.0,local
1176,mp-1183409,slab,-111.14048473,200.258,True,"[5.8371602, -0.0, 0.0, 0.0, 5.8371602, 0.0, -0.0, -0.0, 5.8371602]",16.0,6.25e-09,local
1177,mp-1183411,slab,-40.52532431,69.468,True,"[3.24122048, 0.0, 0.0, 0.0, 3.24122048, 0.0, 0.0, 0.0, 7.28236116]",8.0,5e-08,local
1178,mp-1183416,slab,-120.90277429,300.088,True,"[5.41392417, 0.0, 0.0, 0.0, 5.41392417, 0.0, 0.0, 0.0, 5.41392417]",16.0,2.5e-08,local
1179,mp-1183419,slab,-108.27931546,142.418,True,"[5.58568342, 0.0, 0.0, 0.0, 5.58568342, 0.0, 0.0, 0.0, 5.58568342]",16.0,1.5625e-07,local
1180,mp-1183421,slab,-94.22083546,200.975,True,"[5.40282148, 0.0, 0.0, 0.0, 5.40282148, 0.0, 0.0, 0.0, 5.40282148]",16.0,0.0,local
1181,mp-1183423,slab,-38.65852237,74.123,True,"[3.08784212, 0.0, 0.0, 0.0, 3.08784212, 0.0, -0.0, -0.0, 6.95911661]",8.0,4.125e-06,local
1182,mp-1183425,slab,-38.67742359,107.068,True,"[2.29434945, -3.97392982, -0.0, 2.29434945, 3.97392982, -0.0, 0.0, 0.0, 3.63738019]",8.0,7.5e-08,local
1183,mp-1183432,slab,-41.62381088,188.006,True,"[3.47181767, 0.0, 0.0, 0.0, 3.47181767, 0.0, 0.0, 0.0, 6.72395511]",8.0,0.260222025,local
1184,mp-1183439,slab,-22.07808779,33.481,True,"[4.17530811, -0.0, 0.0, 0.0, 4.17530811, 0.0, 0.0, 0.0, 4.17530811]",4.0,3.6e-06,local
1185,mp-1183442,slab,-73.4369312,324.424,True,"[6.70081129, 0.0, 0.0, 0.0, 6.70081129, 0.0, 0.0, 0.0, 6.70081129]",16.0,0.0,local
1186,mp-1183446,slab,-14.26368686,35.521,True,"[4.83504546, 0.0, 0.0, 0.0, 4.83504546, 0.0, -0.0, -0.0, 4.83504546]",4.0,4.75e-07,local
1187,mp-1183448,slab,-36.49857354,238.285,True,"[7.51484669, 0.0, 0.0, 0.0, 7.51484669, 0.0, 0.0, 0.0, 7.51484669]",16.0,6.25e-08,local
1188,mp-1183452,slab,-8.71420817,34.446,True,"[5.0630229, 0.0, 0.0, 0.0, 5.0630229, 0.0, -0.0, -0.0, 5.0630229]",4.0,5e-08,local
1189,mp-1183456,slab,-55.14687113,274.056,True,"[7.26634857, 0.0, 0.0, 0.0, 7.26634857, 0.0, 0.0, 0.0, 7.26634857]",16.0,6.25e-08,local
1190,mp-1183457,slab,-27.98342596,277.404,True,"[7.79951922, 0.0, 0.0, 0.0, 7.79951922, 0.0, 0.0, 0.0, 7.79951922]",16.0,0.0,local
1191,mp-1183459,slab,-27.59445205,201.193,True,"[7.55618804, 0.0, 0.0, 0.0, 7.55618804, 0.0, 0.0, 0.0, 7.55618804]",16.0,1.4375e-07,local
1192,mp-1183461,slab,-34.27970045,302.236,True,"[7.59632423, 0.0, 0.0, 0.0, 7.59632423, 0.0, 0.0, 0.0, 7.59632423]",16.0,4.375e-08,local
1193,mp-1183462,slab,-54.72344927,223.714,True,"[6.89987137, 0.0, 0.0, 0.0, 6.89987137, 0.0, 0.0, -0.0, 6.89987137]",16.0,3.75e-08,local
1194,mp-1183463,slab,-37.1928899,226.675,True,"[7.36546607, 0.0, 0.0, 0.0, 7.36546607, 0.0, 0.0, 0.0, 7.36546607]",16.0,4.4375e-07,local
1195,mp-1183466,slab,-66.09755347,178.155,True,"[7.1365672, 0.0, 0.0, 0.0, 7.1365672, 0.0, 0.0, -0.0, 7.1365672]",16.0,0.0,local
1196,mp-1183468,slab,-43.52478128,264.74,True,"[7.56666113, -0.0, 0.0, 0.0, 7.56666113, 0.0, -0.0, -0.0, 7.56666113]",16.0,8.125e-08,local
1197,mp-1183470,slab,-41.28295844,237.48,True,"[7.6410496, 0.0, 0.0, 0.0, 7.6410496, 0.0, -0.0, 0.0, 7.6410496]",16.0,6.25e-09,local
1198,mp-1183471,slab,-43.43040543,203.17,True,"[6.97106721, 0.0, 0.0, 0.0, 6.97106721, 0.0, 0.0, 0.0, 6.97106721]",16.0,6.25e-09,local
1199,mp-1183477,slab,-44.19674689,288.11,True,"[4.10349957, 0.0, 0.0, 0.0, 4.10349957, 0.0, 0.0, 0.0, 8.66586006]",8.0,0.0,local
1200,mp-1183482,slab,-62.54678539,231.051,True,"[6.98181619, -0.0, 0.0, 0.0, 6.98181619, 0.0, -0.0, -0.0, 6.98181619]",16.0,3.125e-08,local
1201,mp-1183487,slab,-46.92765899,167.052,True,"[8.49113, 0.0, 0.0, 0.0, 8.49113, 0.0, 0.0, 0.0, 8.49113]",16.0,0.00021155625,local
1202,mp-1183490,slab,-42.26376095,188.53,True,"[4.11331211, 0.0, 0.0, 0.0, 4.11331211, 0.0, 0.0, 0.0, 10.87360392]",10.0,4e-08,local
1203,mp-1183492,slab,-57.04737277,330.576,True,"[7.67745863, -0.0, 0.0, 0.0, 7.67745863, 0.0, -0.0, -0.0, 7.67745863]",16.0,9.375e-08,local
1204,mp-1183493,slab,-73.07506565,268.406,True,"[7.02800728, 0.0, 0.0, 0.0, 7.02800728, 0.0, 0.0, 0.0, 7.02800728]",16.0,0.0,local
1205,mp-11834,slab,-18.0760528,98.835,True,"[2.05088079, -3.55222973, 0.0, 2.05088079, 3.55222973, -0.0, 0.0, -0.0, 5.15997645]",4.0,2.5e-08,local
1206,mp-1183501,slab,-7.01791386,15.738,True,"[5.15858475, 0.0, 0.0, 0.0, 5.15858475, 0.0, 0.0, 0.0, 5.15858475]",4.0,0.000684775,local
1207,mp-1183504,slab,-28.68770882,880.019,True,"[4.97080815, 0.0, 0.0, 0.0, 4.97080815, 0.0, 0.0, -0.0, 9.17407608]",8.0,1.75e-07,local
1208,mp-1183511,slab,-21.74954403,199.044,True,"[4.48435158, 0.0, 0.0, 0.0, 4.48435158, 0.0, 0.0, 0.0, 8.3677997]",8.0,1.25e-08,local
1209,mp-1183514,slab,-11.69905094,45.05,True,"[5.40278663, 0.0, 0.0, 0.0, 5.40278663, 0.0, -0.0, -0.0, 5.40278663]",4.0,2.3475e-05,local
1210,mp-1183515,slab,-23.39454921,141.578,True,"[5.3764976, -0.0, 0.0, 0.0, 5.3764976, 0.0, -0.0, -0.0, 10.86558628]",8.0,2.195e-05,local
1211,mp-1183516,slab,-60.26992599,237.355,True,"[7.12597987, 0.0, 0.0, 0.0, 7.12597987, 0.0, 0.0, 0.0, 7.12597987]",16.0,3.125e-08,local
1212,mp-1183517,slab,-10.56694462,912.234,True,"[3.36409057, -5.82677579, 0.0, 3.36409057, 5.82677579, 0.0, 0.0, -0.0, 5.13330001]",8.0,1.125e-07,local
1213,mp-1183537,slab,-44.31410585,206.239,True,"[6.66503261, 0.0, 0.0, 0.0, 6.66503261, 0.0, 0.0, 0.0, 6.66503261]",16.0,0.0,local
1214,mp-1183541,slab,-49.54705275,150.359,True,"[6.59483358, 0.0, 0.0, 0.0, 6.59483358, 0.0, 0.0, 0.0, 6.59483358]",16.0,1.25e-08,local
1215,mp-1183547,slab,-76.99851283,120.316,True,"[6.79536012, 0.0, 0.0, 0.0, 6.79536012, 0.0, -0.0, 0.0, 6.79536012]",16.0,1.125e-07,local
1216,mp-1183548,slab,-24.10238311,199.835,True,"[7.32754812, 0.0, 0.0, 0.0, 7.32754812, 0.0, 0.0, 0.0, 7.32754812]",16.0,2.6875e-07,local
1217,mp-1183551,slab,-87.57985827,138.611,True,"[7.0393758, -0.0, 0.0, 0.0, 7.0393758, 0.0, 0.0, -0.0, 7.0393758]",16.0,0.0,local
1218,mp-1183556,slab,-45.24659944,263.072,True,"[7.56461195, 0.0, 0.0, 0.0, 7.56461195, 0.0, 0.0, 0.0, 7.56461195]",16.0,0.0,local
1219,mp-1183571,slab,-99.0346712,201.06,True,"[6.9701586, 0.0, 0.0, 0.0, 6.9701586, 0.0, 0.0, 0.0, 6.9701586]",16.0,2.5e-08,local
1220,mp-1183583,slab,-47.17017646,295.69,True,"[7.22923963, 0.0, 0.0, 0.0, 7.22923963, 0.0, 0.0, 0.0, 7.22923963]",16.0,1.25e-08,local
1221,mp-1183586,slab,-69.96786084,259.484,True,"[6.79600611, 0.0, 0.0, 0.0, 6.79600611, 0.0, 0.0, 0.0, 6.79600611]",16.0,3.75e-08,local
1222,mp-1183587,slab,-13.12634706,443.458,True,"[4.38619533, -0.0, 0.0, 0.0, 4.38619533, 0.0, -0.0, -0.0, 9.23212463]",8.0,3.75e-08,local
1223,mp-1183607,slab,-52.89352736,205.265,True,"[7.56019634, -0.0, 0.0, 0.0, 7.56019634, 0.0, -0.0, 0.0, 7.56019634]",16.0,1.375e-07,local
1224,mp-1183608,slab,-35.9161135,259.476,True,"[7.56595036, 0.0, 0.0, 0.0, 7.56595036, 0.0, 0.0, 0.0, 7.56595036]",16.0,6.25e-09,local
1225,mp-1183617,slab,-44.51036183,418.477,True,"[7.08682597, 0.0, 0.0, 0.0, 7.08682597, 0.0, 0.0, 0.0, 7.08682597]",16.0,8.75e-08,local
1226,mp-1183621,slab,-8.29058482,35.357,True,"[4.25900231, 0.0, 0.0, 0.0, 4.25900231, 0.0, 0.0, 0.0, 4.25900231]",4.0,0.0,local
1227,mp-1183623,slab,-11.63991965,40.475,True,"[3.84765218, 0.0, 0.0, 0.0, 3.84765218, 0.0, -0.0, -0.0, 3.84765218]",4.0,6.25e-07,local
1228,mp-1183624,slab,-7.378724,40.912,True,"[4.18744787, -0.0, 0.0, 0.0, 4.18744787, 0.0, 0.0, 0.0, 4.18744787]",4.0,6e-07,local
1229,mp-1183626,slab,-10.67802762,19.887,True,"[4.21435672, 0.0, 0.0, 0.0, 4.21435672, 0.0, 0.0, -0.0, 4.21435672]",4.0,5.25e-07,local
1230,mp-1183627,slab,-9.09490837,31.843,True,"[4.20708442, 0.0, 0.0, 0.0, 4.20708442, 0.0, 0.0, 0.0, 4.20708442]",4.0,2.75e-07,local
1231,mp-1183629,slab,-11.98484652,23.981,True,"[4.95236739, -0.0, 0.0, 0.0, 4.95236739, 0.0, 0.0, 0.0, 4.95236739]",4.0,6.125e-06,local
1232,mp-1183633,slab,-62.19046075,151.701,True,"[6.48913986, 0.0, 0.0, 0.0, 6.48913986, 0.0, 0.0, 0.0, 6.48913986]",16.0,1.25e-08,local
1233,mp-1183634,slab,-41.35564153,234.78,True,"[6.7128165, 0.0, 0.0, 0.0, 6.7128165, 0.0, 0.0, -0.0, 6.7128165]",16.0,0.0,local
1234,mp-1183635,slab,-16.65416586,160.198,True,"[4.19126043, 0.0, 0.0, 0.0, 4.19126043, 0.0, 0.0, 0.0, 8.81459887]",8.0,0.0,local
1235,mp-1183641,slab,-18.17728908,161.325,True,"[4.19798171, 0.0, 0.0, 0.0, 4.19798171, 0.0, 0.0, 0.0, 8.71541728]",8.0,0.0,local
1236,mp-1183643,slab,-21.79726503,201.658,True,"[4.23259302, 0.0, 0.0, 0.0, 4.23259302, 0.0, 0.0, 0.0, 8.31379094]",8.0,5e-08,local
1237,mp-1183644,slab,-12.65907214,618.346,True,"[4.44493456, 0.0, 0.0, 0.0, 4.44493456, 0.0, 0.0, 0.0, 8.98526175]",8.0,0.0,local
1238,mp-1183645,slab,-21.39544169,113.096,True,"[4.1216844, 0.0, 0.0, 0.0, 4.1216844, 0.0, 0.0, 0.0, 8.81791006]",8.0,2.5e-08,local
1239,mp-1183646,slab,-10.00399759,229.372,True,"[4.46269156, 0.0, 0.0, 0.0, 4.46269156, 0.0, 0.0, 0.0, 8.88374945]",8.0,6.25e-08,local
1240,mp-1183647,slab,-18.18468504,137.605,True,"[4.19900197, 0.0, 0.0, 0.0, 4.19900197, 0.0, 0.0, 0.0, 8.42883632]",8.0,1e-07,local
1241,mp-1183648,slab,-16.6650088,160.701,True,"[3.02652577, -5.2420964, -0.0, 3.02652577, 5.2420964, 0.0, 0.0, -0.0, 4.87777248]",8.0,0.0,local
1242,mp-1183654,slab,-18.15277528,168.244,True,"[3.02565895, -5.24059503, -0.0, 3.02565895, 5.24059503, 0.0, -0.0, 0.0, 4.87204266]",8.0,0.0,local
1243,mp-1183655,slab,-17.3552189,32.896,True,"[4.02671032, -0.0, 0.0, 0.0, 4.02671032, 0.0, 0.0, -0.0, 4.02671032]",4.0,9.75e-07,local
1244,mp-1183657,slab,-23.96309043,660.199,True,"[5.05800492, -0.0, 0.0, 0.0, 5.05800492, 0.0, 0.0, -0.0, 9.50199927]",8.0,1.2875e-06,local
1245,mp-1183658,slab,-11.82136463,1289.921,True,"[4.61518405, 0.0, 0.0, 0.0, 4.61518405, 0.0, -0.0, 0.0, 9.71711368]",8.0,6.25e-07,local
1246,mp-1183660,slab,-22.62944711,401.156,True,"[4.88480312, 0.0, 0.0, 0.0, 4.88480312, 0.0, 0.0, 0.0, 10.06405927]",8.0,1.875e-07,local
1247,mp-1183662,slab,-9.92204806,167.905,True,"[3.19939027, -5.54150651, -0.0, 3.19939027, 5.54150651, 0.0, -0.0, 0.0, 5.07771164]",8.0,3.625e-07,local
1248,mp-1183663,slab,-11.1490817,382.349,True,"[3.28245781, -5.68538369, -0.0, 3.28245781, 5.68538369, 0.0, -0.0, -0.0, 5.54687993]",8.0,0.0,local
1249,mp-1183669,slab,-3.23028654,95.671,True,"[1.60887259, -2.78664907, 0.0, 1.60887259, 2.78664907, -0.0, -0.0, 0.0, 5.78510372]",2.0,1e-07,local
1250,mp-1183674,slab,-33.16282552,242.24,True,"[7.50780687, 0.0, 0.0, 0.0, 7.50780687, 0.0, -0.0, 0.0, 7.50780687]",16.0,1.75e-07,local
1251,mp-1183675,slab,-34.67721922,91.359,True,"[2.8527039, -4.9410281, 0.0, 2.8527039, 4.9410281, 0.0, 0.0, 0.0, 4.65668426]",8.0,9.75e-07,local
1252,mp-1183676,slab,-16.67426673,345.39,True,"[3.31662373, -5.74456081, -0.0, 3.31662373, 5.74456081, -0.0, 0.0, 0.0, 5.52974755]",8.0,3.75e-08,local
1253,mp-1183687,slab,-22.49231176,37.65,True,"[3.86504921, 0.0, 0.0, 0.0, 3.86504921, 0.0, 0.0, -0.0, 3.86504921]",4.0,0.798190525,local
1254,mp-1183688,slab,-126.19381103,469.867,True,"[5.99184491, 0.0, 0.0, 0.0, 5.99184491, 0.0, 0.0, 0.0, 5.99184491]",16.0,0.28757430625,local
1255,mp-1183690,slab,-113.65182448,372.514,True,"[6.05666435, 0.0, 0.0, 0.0, 6.05666435, 0.0, 0.0, 0.0, 6.05666435]",16.0,0.75692486875,local
1256,mp-1183697,slab,-76.00999389,206.061,True,"[6.57631676, -0.0, 0.0, 0.0, 6.57631676, 0.0, 0.0, 0.0, 6.57631676]",16.0,2.5e-08,local
1257,mp-1183698,slab,-29.76570192,71.774,True,"[3.62607203, 0.0, 0.0, 0.0, 3.62607203, 0.0, -0.0, 0.0, 3.62607203]",4.0,1.340232375,local
1258,mp-1183703,slab,-46.25747203,38.002,True,"[3.85076593, -0.0, 0.0, 0.0, 3.85076593, 0.0, 0.0, -0.0, 3.85076593]",4.0,8.6e-05,local
1259,mp-1183704,slab,-28.50107818,66.575,True,"[3.75215664, -0.0, 0.0, 0.0, 3.75215664, 0.0, -0.0, -0.0, 3.75215664]",4.0,0.0022655,local
1260,mp-1183708,slab,-115.55662161,690.87,True,"[6.29937363, 0.0, 0.0, 0.0, 6.29937363, 0.0, 0.0, 0.0, 6.29937363]",16.0,0.9900981625,local
1261,mp-1183718,slab,-63.72461501,185.378,True,"[3.56469027, 0.0, 0.0, 0.0, 3.56469027, 0.0, 0.0, 0.0, 7.16548853]",8.0,0.5059315,local
1262,mp-1183726,slab,-4.47655667,41.335,True,"[1.65351448, -2.8639711, -0.0, 1.65351448, 2.8639711, 0.0, -0.0, -0.0, 5.49288918]",2.0,2.5e-07,local
1263,mp-1183739,slab,-24.65753901,293.612,True,"[3.35224418, -5.80625724, -0.0, 3.35224418, 5.80625724, -0.0, -0.0, 0.0, 5.52314958]",8.0,3.75e-08,local
1264,mp-1183740,slab,-114.02846882,323.233,True,"[5.73197725, -0.0, 0.0, 0.0, 5.73197725, 0.0, -0.0, -0.0, 5.73197725]",16.0,1.00066505625,local
1265,mp-1183749,slab,-73.94291825,170.548,True,"[2.71736368, -4.70661196, -0.0, 2.71736368, 4.70661196, -0.0, 0.0, -0.0, 4.30493001]",8.0,6.31875e-05,local
1266,mp-1183751,slab,-23.38544776,91.334,True,"[3.51656877, 0.0, 0.0, 0.0, 3.51656877, 0.0, -0.0, 0.0, 3.51656877]",4.0,0.9138256,local
1267,mp-1183752,slab,-48.66123175,184.305,True,"[3.54591233, 0.0, 0.0, 0.0, 3.54591233, 0.0, 0.0, 0.0, 7.09867703]",8.0,1.2659559125,local
1268,mp-1183774,slab,-48.89336629,288.229,True,"[2.64887587, -4.5879876, 0.0, 2.64887587, 4.5879876, -0.0, 0.0, 0.0, 4.17428425]",8.0,3.7875e-06,local
1269,mp-1183785,slab,-46.75593111,221.498,True,"[2.49395424, -4.31965546, 0.0, 2.49395424, 4.31965546, -0.0, 0.0, 0.0, 4.05529161]",8.0,0.9524930625,local
1270,mp-1183807,slab,-59.73586068,175.052,True,"[2.5457845, -4.40942811, -0.0, 2.5457845, 4.40942811, -0.0, 0.0, 0.0, 4.0582612]",8.0,0.882390625,local
1271,mp-1183837,slab,-53.32873471,176.303,True,"[2.49553925, -4.32240078, 0.0, 2.49553925, 4.32240078, -0.0, 0.0, -0.0, 4.02323372]",8.0,1.4225749125,local
1272,mp-1183847,slab,-44.97410082,130.966,True,"[2.73655528, -4.73985278, 0.0, 2.73655528, 4.73985278, 0.0, 0.0, -0.0, 4.45013972]",8.0,0.7436479125,local
1273,mp-1183931,slab,-37.61918421,479.709,True,"[8.54959297, 0.0, 0.0, 0.0, 8.54959297, 0.0, 0.0, 0.0, 8.54959297]",16.0,0.0,local
1274,mp-1183967,slab,-11.0602161,42.115,True,"[4.12519709, 0.0, 0.0, 0.0, 4.12519709, 0.0, -0.0, -0.0, 4.12519709]",4.0,2.075e-06,local
1275,mp-1183969,slab,-14.99352612,27.093,True,"[3.91201559, -0.0, 0.0, 0.0, 3.91201559, 0.0, 0.0, -0.0, 3.91201559]",4.0,1e-07,local
1276,mp-1183984,slab,-13.74370657,30.314,True,"[3.95831652, 0.0, 0.0, 0.0, 3.95831652, 0.0, -0.0, 0.0, 3.95831652]",4.0,2.5e-08,local
1277,mp-1183995,slab,-14.45114737,59.985,True,"[3.70392942, 0.0, 0.0, 0.0, 3.70392942, 0.0, 0.0, 0.0, 3.70392942]",4.0,0.0,local
1278,mp-1184001,slab,-28.9120861,223.895,True,"[3.69102521, 0.0, 0.0, 0.0, 3.69102521, 0.0, 0.0, 0.0, 7.47806176]",8.0,0.0,local
1279,mp-1184004,slab,-26.8660792,176.66,True,"[2.8434334, -4.92497112, 0.0, 2.8434334, 4.92497112, -0.0, 0.0, -0.0, 4.74369897]",8.0,0.0,local
1280,mp-1184005,slab,-74.33410444,435.902,True,"[5.73860745, 0.0, 0.0, 0.0, 5.73860745, 0.0, 0.0, 0.0, 5.73860745]",16.0,2.5e-08,local
1281,mp-1184006,slab,-48.23444323,371.737,True,"[3.57940113, -0.0, 0.0, 0.0, 3.57940113, 0.0, -0.0, 0.0, 6.95546761]",8.0,7.605e-05,local
1282,mp-1184008,slab,-15.73072774,36.966,True,"[3.75762658, 0.0, 0.0, 0.0, 3.75762658, 0.0, -0.0, 0.0, 3.75762658]",4.0,4.25e-07,local
1283,mp-1184009,slab,-48.66275122,120.197,True,"[2.54055992, -4.40037885, 0.0, 2.54055992, 4.40037885, -0.0, -0.0, 0.0, 4.11099763]",8.0,0.97050345,local
1284,mp-1184011,slab,-27.15865119,326.32,True,"[3.78426706, 0.0, 0.0, 0.0, 3.78426706, 0.0, 0.0, -0.0, 7.53392826]",8.0,0.0,local
1285,mp-1184017,slab,-31.38470047,166.577,True,"[2.66897771, -4.62280499, -0.0, 2.66897771, 4.62280499, -0.0, 0.0, 0.0, 4.31756451]",8.0,0.0,local
1286,mp-1184018,slab,-26.97678202,307.188,True,"[4.04966902, 0.0, 0.0, 0.0, 4.04966902, 0.0, 0.0, -0.0, 8.11948093]",8.0,2.5e-08,local
1287,mp-1184021,slab,-31.39652391,210.48,True,"[2.65724631, -4.60248563, -0.0, 2.65724631, 4.60248563, 0.0, 0.0, -0.0, 4.23378735]",8.0,0.0,local
1288,mp-1184027,slab,-36.48297081,403.714,True,"[2.6222162, -4.54181169, -0.0, 2.6222162, 4.54181169, 0.0, -0.0, -0.0, 4.24385782]",8.0,0.0,local
1289,mp-1184028,slab,-36.50714598,455.013,True,"[3.72500369, 0.0, 0.0, 0.0, 3.72500369, 0.0, 0.0, 0.0, 7.28709683]",8.0,1.25e-08,local
1290,mp-1184030,slab,-75.71595078,341.901,True,"[6.0951916, 0.0, 0.0, 0.0, 6.0951916, 0.0, 0.0, 0.0, 6.0951916]",16.0,1.0625e-07,local
1291,mp-1184034,slab,-40.8423338,335.532,True,"[3.69527247, 0.0, 0.0, 0.0, 3.69527247, 0.0, 0.0, 0.0, 6.74705166]",8.0,1.4875e-06,local
1292,mp-1184036,slab,-22.20775448,107.257,True,"[2.92603422, -5.06803993, 0.0, 2.92603422, 5.06803993, -0.0, 0.0, 0.0, 4.72210856]",8.0,7.875e-07,local
1293,mp-1184046,slab,-12.6788689,55.805,True,"[1.91217611, -3.31198617, 0.0, 1.91217611, 3.31198617, -0.0, -0.0, 0.0, 6.29294113]",4.0,0.0,local
1294,mp-1184054,slab,-40.03561487,667.519,True,"[3.55198622, 0.0, 0.0, 0.0, 3.55198622, 0.0, 0.0, 0.0, 7.04882347]",8.0,0.3943344375,local
1295,mp-1184055,slab,-120.45454389,491.931,True,"[5.99077409, 0.0, 0.0, 0.0, 5.99077409, 0.0, 0.0, 0.0, 5.99077409]",16.0,0.7909181,local
1296,mp-1184057,slab,-78.21355304,392.017,True,"[6.33882129, 0.0, 0.0, 0.0, 6.33882129, 0.0, 0.0, 0.0, 6.33882129]",16.0,1.25e-08,local
1297,mp-1184058,slab,-40.89903373,202.921,True,"[2.54783762, -4.4129842, -0.0, 2.54783762, 4.4129842, 0.0, 0.0, 0.0, 4.10105083]",8.0,0.150841525,local
1298,mp-1184069,slab,-9.14745708,60.176,True,"[1.25450365, -2.17286407, -0.0, 1.25450365, 2.17286407, -0.0, 0.0, 0.0, 4.16457345]",2.0,8.4e-06,local
1299,mp-11840,slab,-20.74346263,444.391,True,"[5.00992024, 0.0, 0.0, 0.0, 6.74671757, 0.0, 0.0, 0.0, 8.78114498]",8.0,5.125e-07,local
1300,mp-1184104,slab,-87.10746239,618.131,True,"[6.33034778, 0.0, 0.0, 0.0, 6.33034778, 0.0, 0.0, 0.0, 6.33034778]",16.0,3.125e-08,local
1301,mp-1184119,slab,-39.25858166,214.026,True,"[3.84352998, 0.0, 0.0, 0.0, 3.84352998, 0.0, 0.0, 0.0, 7.88822026]",8.0,6.75e-07,local
1302,mp-1184209,slab,-20.33516116,28.501,True,"[3.92228201, 0.0, 0.0, 0.0, 3.92228201, 0.0, 0.0, 0.0, 3.92228201]",4.0,2.25e-06,local
1303,mp-1184221,slab,-110.27153296,415.121,True,"[6.25856487, -0.0, 0.0, 0.0, 6.25856487, 0.0, -0.0, -0.0, 6.25856487]",16.0,0.90014426875,local
1304,mp-1184225,slab,-37.42892765,74.085,True,"[3.61306185, -0.0, 0.0, 0.0, 3.61306185, 0.0, -0.0, 0.0, 3.61306185]",4.0,0.50550255,local
1305,mp-1184226,slab,-44.82735113,474.194,True,"[6.69193945, 0.0, 0.0, 0.0, 6.69193945, 0.0, 0.0, 0.0, 6.69193945]",16.0,1.25e-07,local
1306,mp-1184229,slab,-91.82654456,188.836,True,"[5.97480845, 0.0, 0.0, 0.0, 5.97480845, 0.0, 0.0, 0.0, 5.97480845]",16.0,0.07828721875,local
1307,mp-1184254,slab,-81.20390128,348.36,True,"[6.22904582, 0.0, 0.0, 0.0, 6.22904582, 0.0, -0.0, 0.0, 6.22904582]",16.0,8.125e-08,local
1308,mp-1184257,slab,-22.60137519,1129.11,True,"[4.24103466, 0.0, 0.0, 0.0, 4.24103466, 0.0, 0.0, 0.0, 8.22902048]",8.0,1.25e-08,local
1309,mp-1184260,slab,-111.32898429,440.528,True,"[5.74491547, 0.0, 0.0, 0.0, 5.74491547, 0.0, 0.0, 0.0, 5.74491547]",16.0,1.89781091875,local
1310,mp-1184265,slab,-51.89345178,192.34,True,"[3.88355023, 0.0, 0.0, 0.0, 3.88355023, 0.0, 0.0, 0.0, 7.49073554]",8.0,1.25e-08,local
1311,mp-1184272,slab,-54.85810328,209.454,True,"[3.74224362, -0.0, 0.0, 0.0, 3.74224362, 0.0, -0.0, -0.0, 7.67398978]",8.0,2.0162001375,local
1312,mp-1184278,slab,-40.67415222,165.263,True,"[2.80513324, -4.8586333, -0.0, 2.80513324, 4.8586333, 0.0, -0.0, -0.0, 4.43895528]",8.0,1.5e-07,local
1313,mp-1184280,slab,-74.84987655,134.207,True,"[2.5584016, -4.43128156, 0.0, 2.5584016, 4.43128156, 0.0, -0.0, -0.0, 4.12548482]",8.0,0.3328021,local
1314,mp-1184296,slab,-24.16972597,685.546,True,"[4.31920009, 0.0, 0.0, 0.0, 4.31920009, 0.0, 0.0, -0.0, 7.94518909]",8.0,2.5e-08,local
1315,mp-1184298,slab,-91.04510903,246.62,True,"[2.7074081, -4.68936838, -0.0, 2.7074081, 4.68936838, 0.0, 0.0, -0.0, 4.37060505]",8.0,0.26733215,local
1316,mp-1184299,slab,-87.10346257,185.527,True,"[5.963858, 0.0, 0.0, 0.0, 5.963858, 0.0, 0.0, 0.0, 5.963858]",16.0,5.73875e-05,local
1317,mp-1184301,slab,-22.52073751,254.515,True,"[2.937984, -5.08873756, 0.0, 2.937984, 5.08873756, 0.0, 0.0, 0.0, 5.00211429]",8.0,2.5e-08,local
1318,mp-1184311,slab,-55.81770743,328.094,True,"[3.62310351, -0.0, 0.0, 0.0, 3.62310351, 0.0, 0.0, 0.0, 7.23279739]",8.0,1.9229278125,local
1319,mp-1184316,slab,-24.10260919,1095.834,True,"[3.17754889, -5.50367612, -0.0, 3.17754889, 5.50367612, -0.0, 0.0, 0.0, 4.33161523]",8.0,2.5e-08,local
1320,mp-1184318,slab,-91.23930062,290.375,True,"[6.1373922, -0.0, 0.0, 0.0, 6.1373922, 0.0, -0.0, -0.0, 6.1373922]",16.0,6.875e-08,local
1321,mp-1184324,slab,-57.15453611,143.078,True,"[2.75964737, -4.77984945, 0.0, 2.75964737, 4.77984945, -0.0, 0.0, -0.0, 4.33745172]",8.0,1.8824435125,local
1322,mp-1184336,slab,-70.06938283,161.755,True,"[3.82551681, 0.0, 0.0, 0.0, 3.82551681, 0.0, 0.0, 0.0, 7.61796989]",8.0,0.74756055,local
1323,mp-1184364,slab,-128.2671844,407.542,True,"[5.88571463, 0.0, 0.0, 0.0, 5.88571463, 0.0, 0.0, 0.0, 5.88571463]",16.0,2.310616325,local
1324,mp-1184368,slab,-60.30095684,273.329,True,"[2.70071511, -4.67777579, 0.0, 2.70071511, 4.67777579, -0.0, -0.0, -0.0, 4.32376123]",8.0,0.8405993625,local
1325,mp-1184374,slab,-69.8658763,151.585,True,"[2.72523632, -4.72024777, -0.0, 2.72523632, 4.72024777, 0.0, 0.0, 0.0, 4.32410746]",8.0,0.69877155,local
1326,mp-1184413,slab,-54.75971638,152.224,True,"[2.69280733, -4.66407912, -0.0, 2.69280733, 4.66407912, 0.0, 0.0, -0.0, 4.29347674]",8.0,1.978141575,local
1327,mp-1184444,slab,-37.40094715,170.429,True,"[2.58724589, -4.48124134, 0.0, 2.58724589, 4.48124134, 0.0, -0.0, -0.0, 4.1777575]",8.0,0.694005725,local
1328,mp-1184480,slab,-10.73681674,48.85,True,"[4.49595194, -0.0, 0.0, 0.0, 4.49595194, 0.0, -0.0, 0.0, 4.49595194]",4.0,5e-08,local
1329,mp-1184493,slab,-20.46161912,620.857,True,"[4.61464502, 0.0, 0.0, 0.0, 4.61464502, 0.0, 0.0, 0.0, 9.19388664]",8.0,2.5e-08,local
1330,mp-1184506,slab,-22.09653407,403.716,True,"[3.49317973, -6.05036476, 0.0, 3.49317973, 6.05036476, -0.0, -0.0, -0.0, 4.73366994]",8.0,3.75e-08,local
1331,mp-1184517,slab,-20.38077347,557.048,True,"[3.28189001, -5.68440024, -0.0, 3.28189001, 5.68440024, -0.0, 0.0, 0.0, 5.28596066]",8.0,0.0,local
1332,mp-1184549,slab,-11.87185401,31.943,True,"[1.61510469, -2.79744339, -0.0, 1.61510469, 2.79744339, 0.0, 0.0, 0.0, 5.17795537]",2.0,3.45e-06,local
1333,mp-1184552,slab,-41.00793296,39.666,True,"[4.40123125, 0.0, 0.0, 0.0, 4.40123125, 0.0, 0.0, 0.0, 4.40123125]",4.0,2.75e-07,local
1334,mp-1184553,slab,-37.47771354,35.639,True,"[4.29326711, -0.0, 0.0, 0.0, 4.29326711, 0.0, 0.0, -0.0, 4.29326711]",4.0,7.25e-07,local
1335,mp-1184558,slab,-34.57988233,45.282,True,"[4.43242428, 0.0, 0.0, 0.0, 4.43242428, 0.0, 0.0, 0.0, 4.43242428]",4.0,1.25e-07,local
1336,mp-1184560,slab,-96.53265174,466.931,True,"[6.39310199, 0.0, 0.0, 0.0, 6.39310199, 0.0, 0.0, 0.0, 6.39310199]",16.0,6.25e-09,local
1337,mp-1184564,slab,-32.1110789,31.999,True,"[4.3647076, -0.0, 0.0, 0.0, 4.3647076, 0.0, -0.0, 0.0, 4.3647076]",4.0,5.5e-06,local
1338,mp-1184572,slab,-110.52800323,86.494,True,"[6.52463876, 0.0, 0.0, 0.0, 6.52463876, 0.0, 0.0, 0.0, 6.52463876]",16.0,4.375e-08,local
1339,mp-1184573,slab,-169.28557221,166.738,True,"[6.4032998, 0.0, 0.0, 0.0, 6.4032998, 0.0, 0.0, 0.0, 6.4032998]",16.0,6.25e-08,local
1340,mp-1184576,slab,-136.96064036,232.382,True,"[6.17350692, 0.0, 0.0, 0.0, 6.17350692, 0.0, 0.0, 0.0, 6.17350692]",16.0,0.0,local
1341,mp-1184579,slab,-82.84209341,229.718,True,"[6.45410516, 0.0, 0.0, 0.0, 6.45410516, 0.0, 0.0, 0.0, 6.45410516]",16.0,6.25e-09,local
1342,mp-1184580,slab,-115.49924934,338.201,True,"[6.275262, 0.0, 0.0, 0.0, 6.275262, 0.0, 0.0, 0.0, 6.275262]",16.0,6.25e-09,local
1343,mp-1184581,slab,-148.92066728,564.241,True,"[6.29511179, -0.0, 0.0, 0.0, 6.29511179, 0.0, -0.0, -0.0, 6.29511179]",16.0,0.27316015625,local
1344,mp-1184582,slab,-161.96554713,395.282,True,"[6.41086116, -0.0, 0.0, 0.0, 6.41086116, 0.0, -0.0, -0.0, 6.41086116]",16.0,8.75e-08,local
1345,mp-1184584,slab,-55.73157386,259.909,True,"[6.62334833, 0.0, 0.0, 0.0, 6.62334833, 0.0, 0.0, 0.0, 6.62334833]",16.0,1.5e-07,local
1346,mp-1184586,slab,-161.17992503,271.323,True,"[6.41737126, -0.0, 0.0, 0.0, 6.41737126, 0.0, 0.0, -0.0, 6.41737126]",16.0,2.0325e-05,local
1347,mp-1184587,slab,-167.31952223,208.78,True,"[6.42815789, 0.0, 0.0, 0.0, 6.42815789, 0.0, 0.0, 0.0, 6.42815789]",16.0,0.16956965625,local
1348,mp-1184588,slab,-157.62149489,211.143,True,"[6.6048467, 0.0, 0.0, 0.0, 6.6048467, 0.0, 0.0, 0.0, 6.6048467]",16.0,0.0,local
1349,mp-1184592,slab,-158.79420737,299.25,True,"[6.58671592, 0.0, 0.0, 0.0, 6.58671592, 0.0, 0.0, 0.0, 6.58671592]",16.0,2.0625e-07,local
1350,mp-1184601,slab,-159.20273663,166.028,True,"[6.50901938, 0.0, 0.0, 0.0, 6.50901938, 0.0, 0.0, 0.0, 6.50901938]",16.0,8.125e-08,local
1351,mp-1184602,slab,-148.30860074,575.747,True,"[6.2956984, 0.0, 0.0, 0.0, 6.2956984, 0.0, 0.0, 0.0, 6.2956984]",16.0,0.04480255,local
1352,mp-1184604,slab,-173.38649013,163.04,True,"[6.49467448, 0.0, 0.0, 0.0, 6.49467448, 0.0, 0.0, 0.0, 6.49467448]",16.0,0.0,local
1353,mp-1184607,slab,-173.92465404,302.113,True,"[6.53357792, 0.0, 0.0, 0.0, 6.53357792, 0.0, -0.0, 0.0, 6.53357792]",16.0,6.25e-09,local
1354,mp-1184611,slab,-148.14933598,322.669,True,"[6.46923706, 0.0, 0.0, 0.0, 6.46923706, 0.0, 0.0, 0.0, 6.46923706]",16.0,4.375e-08,local
1355,mp-1184615,slab,-131.00989151,188.724,True,"[6.52398255, -0.0, 0.0, 0.0, 6.52398255, 0.0, -0.0, -0.0, 6.52398255]",16.0,1.25e-08,local
1356,mp-1184619,slab,-174.68854928,94.755,True,"[6.521384, 0.0, 0.0, 0.0, 6.521384, 0.0, 0.0, 0.0, 6.521384]",16.0,1.87625e-05,local
1357,mp-1184620,slab,-126.41094229,171.073,True,"[6.38183843, 0.0, 0.0, 0.0, 6.38183843, 0.0, 0.0, -0.0, 6.38183843]",16.0,2.875e-07,local
1358,mp-1184626,slab,-66.25208655,135.986,True,"[4.17470985, -0.0, 0.0, 0.0, 4.17470985, 0.0, -0.0, -0.0, 8.72731945]",8.0,2.75e-07,local
1359,mp-1184633,slab,-69.19776539,181.059,True,"[4.31667404, 0.0, 0.0, 0.0, 4.31667404, 0.0, 0.0, 0.0, 9.43859512]",8.0,3e-07,local
1360,mp-1184647,slab,-135.56330183,223.092,True,"[6.33577397, -0.0, 0.0, 0.0, 6.33577397, 0.0, -0.0, -0.0, 6.33577397]",16.0,0.33849859375,local
1361,mp-1184648,slab,-144.04988402,563.198,True,"[6.30003954, 0.0, 0.0, 0.0, 6.30003954, 0.0, 0.0, 0.0, 6.30003954]",16.0,0.01421301875,local
1362,mp-1184650,slab,-67.18371442,168.567,True,"[4.20770921, 0.0, 0.0, 0.0, 4.20770921, 0.0, -0.0, -0.0, 9.19424388]",8.0,2.5e-08,local
1363,mp-1184670,slab,-68.8144952,101.733,True,"[3.07530683, -5.32658768, -0.0, 3.07530683, 5.32658768, -0.0, -0.0, -0.0, 4.99630223]",8.0,0.0,local
1364,mp-1184672,slab,-66.723228,141.01,True,"[3.01418685, -5.22072476, 0.0, 3.01418685, 5.22072476, -0.0, -0.0, -0.0, 4.7315915]",8.0,1.25e-08,local
1365,mp-1184676,slab,-69.11036612,157.451,True,"[3.13760681, -5.43449441, 0.0, 3.13760681, 5.43449441, -0.0, -0.0, -0.0, 5.10508711]",8.0,1.75e-07,local
1366,mp-1184678,slab,-150.52346524,213.066,True,"[6.42080562, 0.0, 0.0, 0.0, 6.42080562, 0.0, -0.0, -0.0, 6.42080562]",16.0,0.1822656125,local
1367,mp-1184681,slab,-72.094282,90.655,True,"[3.21869796, -5.5749484, -0.0, 3.21869796, 5.5749484, -0.0, 0.0, 0.0, 5.04216834]",8.0,7.5e-08,local
1368,mp-1184684,slab,-141.75890794,343.281,True,"[6.25563844, 0.0, 0.0, 0.0, 6.25563844, 0.0, 0.0, 0.0, 6.25563844]",16.0,1.875e-08,local
1369,mp-1184703,slab,-33.35724785,47.136,True,"[4.47315048, 0.0, 0.0, 0.0, 4.47315048, 0.0, 0.0, 0.0, 4.47315048]",4.0,6.5e-07,local
1370,mp-1184704,slab,-42.93818488,657.804,True,"[4.04810788, -0.0, 0.0, 0.0, 4.04810788, 0.0, -0.0, 0.0, 7.03818397]",8.0,1.25e-08,local
1371,mp-1184712,slab,-27.85062324,285.299,True,"[2.90856546, -5.03778316, 0.0, 2.90856546, 5.03778316, -0.0, 0.0, -0.0, 4.99511296]",8.0,6.75e-07,local
1372,mp-1184713,slab,-67.35142088,112.056,True,"[3.16297344, -5.4784307, -0.0, 3.16297344, 5.4784307, -0.0, -0.0, 0.0, 5.23222808]",8.0,1.9e-06,local
1373,mp-1184721,slab,-63.58689353,411.202,True,"[2.65063005, -4.59102593, -0.0, 2.65063005, 4.59102593, -0.0, 0.0, 0.0, 4.17100952]",8.0,2.05375e-05,local
1374,mp-1184723,slab,-71.00124601,89.148,True,"[3.22755995, -5.59029782, 0.0, 3.22755995, 5.59029782, -0.0, 0.0, 0.0, 5.12534584]",8.0,0.0,local
1375,mp-1184730,slab,-56.89181505,132.034,True,"[2.63864513, -4.57026743, 0.0, 2.63864513, 4.57026743, -0.0, -0.0, -0.0, 4.29496648]",8.0,1e-07,local
1376,mp-1184757,slab,-26.30395392,318.521,True,"[8.32247982, 0.0, 0.0, 0.0, 8.32247982, 0.0, 0.0, 0.0, 8.32247982]",16.0,3.75e-08,local
1377,mp-1184759,slab,-26.82586124,29.859,True,"[3.94272073, -0.0, 0.0, 0.0, 3.94272073, 0.0, -0.0, -0.0, 3.94272073]",4.0,3.825e-06,local
1378,mp-1184761,slab,-37.68499399,23.357,True,"[3.86504056, 0.0, 0.0, 0.0, 3.86504056, 0.0, 0.0, 0.0, 3.86504056]",4.0,1.45e-06,local
1379,mp-1184768,slab,-30.67221815,46.593,True,"[3.83880067, -0.0, 0.0, 0.0, 3.83880067, 0.0, 0.0, 0.0, 3.83880067]",4.0,2.5e-07,local
1380,mp-1184770,slab,-68.37640634,614.651,True,"[6.19629333, 0.0, 0.0, 0.0, 6.19629333, 0.0, 0.0, 0.0, 6.19629333]",16.0,3.75e-08,local
1381,mp-1184771,slab,-33.86400691,36.592,True,"[3.86022898, 0.0, 0.0, 0.0, 3.86022898, 0.0, 0.0, 0.0, 3.86022898]",4.0,8.5e-07,local
1382,mp-1184772,slab,-66.82942225,198.307,True,"[4.35437696, 0.0, 0.0, 0.0, 4.35437696, 0.0, 0.0, 0.0, 9.54196069]",8.0,6.25e-08,local
1383,mp-1184784,slab,-47.97827575,138.3,True,"[3.92812527, -0.0, 0.0, 0.0, 3.92812527, 0.0, -0.0, -0.0, 7.76209451]",8.0,2.84125e-05,local
1384,mp-1184788,slab,-54.38041806,168.46,True,"[2.74571101, -4.75571097, 0.0, 2.74571101, 4.75571097, -0.0, -0.0, -0.0, 4.34985425]",8.0,6e-07,local
1385,mp-1184791,slab,-49.74183762,225.82,True,"[2.81035819, -4.86768316, -0.0, 2.81035819, 4.86768316, 0.0, -0.0, -0.0, 4.53863906]",8.0,0.0,local
1386,mp-1184794,slab,-61.38742047,181.547,True,"[3.83706509, 0.0, 0.0, 0.0, 3.83706509, 0.0, 0.0, 0.0, 7.68098729]",8.0,2.375e-07,local
1387,mp-1184829,slab,-104.50254771,537.275,True,"[6.25717952, 0.0, 0.0, 0.0, 6.25717952, 0.0, 0.0, 0.0, 6.25717952]",16.0,1.06185285625,local
1388,mp-1184858,slab,-27.38945476,346.57,True,"[2.76934758, -4.79665071, -0.0, 2.76934758, 4.79665071, -0.0, -0.0, -0.0, 4.34907039]",8.0,1.25e-08,local
1389,mp-1184870,slab,-48.73830943,400.804,True,"[6.73936645, 0.0, 0.0, 0.0, 6.73936645, 0.0, 0.0, 0.0, 6.73936645]",16.0,6.25e-09,local
1390,mp-1184883,slab,-11.67198619,12.355,True,"[4.803758, 0.0, 0.0, 0.0, 4.803758, 0.0, 0.0, 0.0, 4.803758]",4.0,0.000155775,local
1391,mp-1184907,slab,-7.58788855,191.818,True,"[6.57429904, 0.0, 0.0, 0.0, 6.57429904, 0.0, 0.0, 0.0, 9.59479283]",8.0,1.875e-07,local
1392,mp-1184951,slab,-64.90040696,223.777,True,"[5.98812024, 0.0, 0.0, 0.0, 5.98812024, 0.0, 0.0, 0.0, 5.98812024]",16.0,1.0625e-07,local
1393,mp-1184955,slab,-30.9847853,131.912,True,"[6.78841561, 0.0, 0.0, 0.0, 6.78841561, 0.0, 0.0, 0.0, 6.78841561]",16.0,9.4375e-07,local
1394,mp-1184962,slab,-13.08928827,545.266,True,"[7.77274647, -0.0, 0.0, 0.0, 7.77274647, 0.0, -0.0, -0.0, 7.77274647]",16.0,4.375e-08,local
1395,mp-1184966,slab,-49.94183706,158.219,True,"[6.22519394, 0.0, 0.0, 0.0, 6.22519394, 0.0, 0.0, 0.0, 6.22519394]",16.0,1.25e-08,local
1396,mp-1184967,slab,-48.5187628,103.504,True,"[6.60079513, -0.0, 0.0, 0.0, 6.60079513, 0.0, -0.0, 0.0, 6.60079513]",16.0,1.25e-08,local
1397,mp-1184969,slab,-48.18196984,166.772,True,"[6.25578084, 0.0, 0.0, 0.0, 6.25578084, 0.0, 0.0, 0.0, 6.25578084]",16.0,4.375e-08,local
1398,mp-1184974,slab,-54.82283279,115.795,True,"[6.61400545, 0.0, 0.0, 0.0, 6.61400545, 0.0, 0.0, 0.0, 6.61400545]",16.0,4.375e-08,local
1399,mp-1184976,slab,-32.94788506,101.281,True,"[6.46086263, 0.0, 0.0, 0.0, 6.46086263, 0.0, 0.0, 0.0, 6.46086263]",16.0,2.5e-08,local
1400,mp-1184977,slab,-47.40168136,101.854,True,"[6.69281906, 0.0, 0.0, 0.0, 6.69281906, 0.0, -0.0, -0.0, 6.69281906]",16.0,1.4375e-07,local
1401,mp-1184979,slab,-44.35559622,102.182,True,"[6.65608287, -0.0, 0.0, 0.0, 6.65608287, 0.0, -0.0, 0.0, 6.65608287]",16.0,2.25e-07,local
1402,mp-1184982,slab,-50.79895616,109.484,True,"[6.6556281, -0.0, 0.0, 0.0, 6.6556281, 0.0, -0.0, -0.0, 6.6556281]",16.0,5e-08,local
1403,mp-1184983,slab,-39.57930262,161.827,True,"[6.96780495, 0.0, 0.0, 0.0, 6.96780495, 0.0, 0.0, 0.0, 6.96780495]",16.0,2.25e-07,local
1404,mp-1184997,slab,-38.06458161,390.588,True,"[8.16418574, 0.0, 0.0, 0.0, 8.16418574, 0.0, 0.0, 0.0, 8.16418574]",16.0,6.25e-09,local
1405,mp-1185029,slab,-14.59218803,205.233,True,"[9.387222, 0.0, 0.0, 0.0, 9.387222, 0.0, 0.0, 0.0, 9.387222]",16.0,2.30375e-05,local
1406,mp-1185031,slab,-3.66545043,26.365,True,"[5.85121335, 0.0, 0.0, 0.0, 5.85121335, 0.0, 0.0, 0.0, 5.85121335]",4.0,1.025e-06,local
1407,mp-1185034,slab,-32.88457367,126.794,True,"[6.68005425, 0.0, 0.0, 0.0, 6.68005425, 0.0, 0.0, 0.0, 6.68005425]",16.0,4.375e-08,local
1408,mp-1185097,slab,-7.29888975,196.56,True,"[5.99314276, -0.0, 0.0, 0.0, 5.99314276, 0.0, -0.0, -0.0, 11.57364197]",8.0,6.25e-08,local
1409,mp-1185126,slab,-59.13180988,59.55,True,"[6.7215881, -0.0, 0.0, 0.0, 6.7215881, 0.0, 0.0, 0.0, 6.7215881]",16.0,2.5e-08,local
1410,mp-1185148,slab,-18.16492436,181.25,True,"[4.07984537, 0.0, 0.0, 0.0, 4.07984537, 0.0, -0.0, -0.0, 14.35380818]",8.0,0.0516455875,local
1411,mp-1185200,slab,-21.16399281,49.99,True,"[4.04617935, -0.0, 0.0, 0.0, 4.04617935, 0.0, 0.0, -0.0, 7.58729451]",8.0,6.25e-08,local
1412,mp-1185204,slab,-21.70087275,707.787,True,"[3.88875476, 0.0, 0.0, 0.0, 3.88875476, 0.0, 0.0, 0.0, 7.23100357]",8.0,2.375e-07,local
1413,mp-1185212,slab,-37.81056912,332.539,True,"[6.37469963, 0.0, 0.0, 0.0, 6.37469963, 0.0, 0.0, 0.0, 6.37469963]",16.0,8.125e-08,local
1414,mp-1185214,slab,-21.69556236,114.75,True,"[2.6993343, -4.67538415, -0.0, 2.6993343, 4.67538415, 0.0, -0.0, 0.0, 4.41247369]",8.0,8.75e-08,local
1415,mp-1185233,slab,-56.36681648,186.529,True,"[6.87866208, 0.0, 0.0, 0.0, 6.87866208, 0.0, 0.0, 0.0, 6.87866208]",16.0,2.5e-08,local
1416,mp-1185235,slab,-52.68041547,112.461,True,"[5.98200277, -0.0, 0.0, 0.0, 5.98200277, 0.0, 0.0, 0.0, 5.98200277]",16.0,1.875e-08,local
1417,mp-1185238,slab,-89.14166854,423.386,True,"[6.17615502, 0.0, 0.0, 0.0, 6.17615502, 0.0, 0.0, 0.0, 6.17615502]",16.0,1.25e-08,local
1418,mp-1185239,slab,-49.8282869,228.939,True,"[6.84188408, 0.0, 0.0, 0.0, 6.84188408, 0.0, 0.0, 0.0, 6.84188408]",16.0,0.0,local
1419,mp-1185240,slab,-20.42190395,29.838,True,"[4.91277131, 0.0, 0.0, 0.0, 4.91277131, 0.0, -0.0, -0.0, 4.91277131]",4.0,0.17150755,local
1420,mp-1185241,slab,-71.77989567,196.403,True,"[7.47618174, 0.0, 0.0, 0.0, 7.47618174, 0.0, 0.0, 0.0, 7.47618174]",16.0,5.90625e-06,local
1421,mp-1185244,slab,-76.27735936,340.245,True,"[7.23003791, 0.0, 0.0, 0.0, 7.23003791, 0.0, 0.0, 0.0, 7.23003791]",16.0,2.48125e-06,local
1422,mp-1185245,slab,-81.77835924,318.791,True,"[7.79810643, -0.0, 0.0, 0.0, 7.79810643, 0.0, -0.0, -0.0, 7.79810643]",16.0,5.35625e-06,local
1423,mp-1185248,slab,-85.93361632,321.704,True,"[6.6565332, -0.0, 0.0, 0.0, 6.6565332, 0.0, -0.0, 0.0, 6.6565332]",16.0,0.0,local
1424,mp-1185255,slab,-26.36423036,107.785,True,"[2.66263695, -4.61182247, -0.0, 2.66263695, 4.61182247, 0.0, -0.0, -0.0, 4.45035194]",8.0,5e-08,local
1425,mp-1185257,slab,-40.84663443,251.797,True,"[4.73191525, -0.0, 0.0, 0.0, 4.73191525, 0.0, 0.0, -0.0, 10.61013554]",8.0,1.31375e-05,local
1426,mp-1185260,slab,-73.004137,252.983,True,"[5.9886248, 0.0, 0.0, 0.0, 5.9886248, 0.0, 0.0, 0.0, 5.9886248]",16.0,1.875e-08,local
1427,mp-1185262,slab,-66.89705329,447.177,True,"[6.29382806, -0.0, 0.0, 0.0, 6.29382806, 0.0, -0.0, -0.0, 6.29382806]",16.0,0.0,local
1428,mp-1185266,slab,-36.48180166,218.334,True,"[3.5344815, 0.0, 0.0, 0.0, 3.5344815, 0.0, 0.0, 0.0, 6.9578885]",8.0,0.3912082,local
1429,mp-1185289,slab,-22.84307288,62.311,True,"[3.291659, -5.70132063, -0.0, 3.291659, 5.70132063, -0.0, -0.0, -0.0, 5.00125869]",8.0,6.5375e-06,local
1430,mp-1185291,slab,-14.45791674,243.034,True,"[2.8681868, -4.96784526, -0.0, 2.8681868, 4.96784526, -0.0, 0.0, 0.0, 4.69348501]",8.0,1.475e-06,local
1431,mp-1185300,slab,-10.65450328,32.196,True,"[4.0826884, 0.0, 0.0, 0.0, 4.0826884, 0.0, 0.0, 0.0, 4.0826884]",4.0,1.75e-07,local
1432,mp-1185304,slab,-33.77944703,238.931,True,"[6.22865238, 0.0, 0.0, 0.0, 6.22865238, 0.0, 0.0, 0.0, 6.22865238]",16.0,5e-08,local
1433,mp-1185305,slab,-82.98270559,276.187,True,"[6.09183619, 0.0, 0.0, 0.0, 6.09183619, 0.0, 0.0, 0.0, 6.09183619]",16.0,1.125e-07,local
1434,mp-1185306,slab,-105.77248425,372.021,True,"[5.88388142, -0.0, 0.0, 0.0, 5.88388142, 0.0, 0.0, -0.0, 5.88388142]",16.0,0.32996275,local
1435,mp-1185307,slab,-55.63872023,209.235,True,"[6.05323972, 0.0, 0.0, 0.0, 6.05323972, 0.0, 0.0, 0.0, 6.05323972]",16.0,0.0,local
1436,mp-1185309,slab,-49.32023541,112.164,True,"[6.77241969, 0.0, 0.0, 0.0, 6.77241969, 0.0, -0.0, -0.0, 6.77241969]",16.0,0.0,local
1437,mp-1185312,slab,-13.23882809,57.839,True,"[3.64488349, 0.0, 0.0, 0.0, 3.64488349, 0.0, 0.0, 0.0, 3.64488349]",4.0,6e-07,local
1438,mp-1185314,slab,-30.92875526,136.527,True,"[6.46844951, 0.0, 0.0, 0.0, 6.46844951, 0.0, 0.0, 0.0, 6.46844951]",16.0,0.0,local
1439,mp-1185316,slab,-63.70120675,279.64,True,"[5.88807716, 0.0, 0.0, 0.0, 5.88807716, 0.0, 0.0, 0.0, 5.88807716]",16.0,4.3125e-07,local
1440,mp-1185317,slab,-70.31500249,94.356,True,"[5.55994822, 0.0, 0.0, 0.0, 5.55994822, 0.0, 0.0, 0.0, 5.55994822]",16.0,1.875e-08,local
1441,mp-1185318,slab,-84.13434702,433.343,True,"[6.15949407, 0.0, 0.0, 0.0, 6.15949407, 0.0, 0.0, 0.0, 6.15949407]",16.0,6.25e-09,local
1442,mp-1185319,slab,-14.87595975,39.633,True,"[1.95170321, -3.38044913, 0.0, 1.95170321, 3.38044913, 0.0, -0.0, 0.0, 6.31617843]",4.0,7.5e-08,local
1443,mp-1185321,slab,-56.3439285,131.303,True,"[6.27465165, 0.0, 0.0, 0.0, 6.27465165, 0.0, 0.0, 0.0, 6.27465165]",16.0,5.625e-08,local
1444,mp-1185322,slab,-53.33519558,697.522,True,"[6.21051282, 0.0, 0.0, 0.0, 6.21051282, 0.0, 0.0, 0.0, 6.21051282]",16.0,0.0,local
1445,mp-1185323,slab,-81.72262707,146.564,True,"[6.55428093, 0.0, 0.0, 0.0, 6.55428093, 0.0, 0.0, 0.0, 6.55428093]",16.0,4.8125e-07,local
1446,mp-1185333,slab,-26.01095953,80.216,True,"[2.82730406, -4.89703427, 0.0, 2.82730406, 4.89703427, -0.0, 0.0, 0.0, 4.84551858]",8.0,7e-07,local
1447,mp-1185338,slab,-26.43079345,144.948,True,"[2.5663755, -4.44509276, 0.0, 2.5663755, 4.44509276, -0.0, -0.0, 0.0, 4.26080695]",8.0,0.0,local
1448,mp-1185342,slab,-21.30748566,146.563,True,"[2.8938507, -5.01229644, -0.0, 2.8938507, 5.01229644, -0.0, -0.0, 0.0, 4.72715575]",8.0,5e-07,local
1449,mp-1185358,slab,-22.72014671,93.277,True,"[6.86305849, 0.0, 0.0, 0.0, 6.86305849, 0.0, 0.0, -0.0, 6.86305849]",16.0,2.5e-08,local
1450,mp-1185359,slab,-25.31985859,77.556,True,"[6.86497843, 0.0, 0.0, 0.0, 6.86497843, 0.0, 0.0, 0.0, 6.86497843]",16.0,2.5e-08,local
1451,mp-1185360,slab,-117.39302527,283.192,True,"[5.88011157, -0.0, 0.0, 0.0, 5.88011157, 0.0, -0.0, -0.0, 5.88011157]",16.0,0.54396693125,local
1452,mp-1185361,slab,-124.04825996,147.936,True,"[6.10348142, 0.0, 0.0, 0.0, 6.10348142, 0.0, 0.0, 0.0, 6.10348142]",16.0,2.565e-05,local
1453,mp-1185364,slab,-39.28976813,86.956,True,"[6.54328719, 0.0, 0.0, 0.0, 6.54328719, 0.0, 0.0, 0.0, 6.54328719]",16.0,2.5e-08,local
1454,mp-1185365,slab,-40.35101909,48.142,True,"[6.56293979, 0.0, 0.0, 0.0, 6.56293979, 0.0, -0.0, 0.0, 6.56293979]",16.0,5.625e-08,local
1455,mp-1185377,slab,-43.55069564,140.95,True,"[6.3488691, 0.0, 0.0, 0.0, 6.3488691, 0.0, 0.0, 0.0, 6.3488691]",16.0,2.4375e-07,local
1456,mp-1185379,slab,-41.83183267,192.222,True,"[6.90230061, 0.0, 0.0, 0.0, 6.90230061, 0.0, 0.0, 0.0, 6.90230061]",16.0,1.25e-07,local
1457,mp-1185381,slab,-53.7103709,331.289,True,"[6.43402468, 0.0, 0.0, 0.0, 6.43402468, 0.0, 0.0, 0.0, 6.43402468]",16.0,1.4375e-07,local
1458,mp-1185418,slab,-70.19803408,349.32,True,"[6.03242888, 0.0, 0.0, 0.0, 6.03242888, 0.0, 0.0, 0.0, 6.03242888]",16.0,8.75e-08,local
1459,mp-1185419,slab,-89.48188845,129.725,True,"[5.96285213, 0.0, 0.0, 0.0, 5.96285213, 0.0, 0.0, 0.0, 5.96285213]",16.0,3.9375e-07,local
1460,mp-1185421,slab,-58.13430384,348.513,True,"[5.69802457, 0.0, 0.0, 0.0, 5.69802457, 0.0, 0.0, 0.0, 5.69802457]",16.0,5e-08,local
1461,mp-1185422,slab,-30.18584636,209.962,True,"[6.26087234, 0.0, 0.0, 0.0, 6.26087234, 0.0, 0.0, -0.0, 6.26087234]",16.0,1.75e-07,local
1462,mp-1185423,slab,-92.89961503,118.949,True,"[6.41795517, 0.0, 0.0, 0.0, 6.41795517, 0.0, 0.0, 0.0, 6.41795517]",16.0,1.875e-08,local
1463,mp-1185424,slab,-74.75072695,175.604,True,"[6.75977767, 0.0, 0.0, 0.0, 6.75977767, 0.0, 0.0, 0.0, 6.75977767]",16.0,5.0375e-06,local
1464,mp-1185425,slab,-53.03364619,169.38,True,"[6.27673612, 0.0, 0.0, 0.0, 6.27673612, 0.0, 0.0, 0.0, 6.27673612]",16.0,1.875e-08,local
1465,mp-1185428,slab,-113.76490503,248.393,True,"[6.20022894, 0.0, 0.0, 0.0, 6.20022894, 0.0, 0.0, -0.0, 6.20022894]",16.0,0.0,local
1466,mp-1185430,slab,-43.61092414,255.236,True,"[5.89236127, 0.0, 0.0, 0.0, 5.89236127, 0.0, 0.0, 0.0, 5.89236127]",16.0,6.25e-09,local
1467,mp-1185432,slab,-20.56426741,130.867,True,"[6.64143781, 0.0, 0.0, 0.0, 6.64143781, 0.0, -0.0, -0.0, 6.64143781]",16.0,1.34375e-06,local
1468,mp-1185433,slab,-85.43131519,166.117,True,"[6.66596919, -0.0, 0.0, 0.0, 6.66596919, 0.0, -0.0, -0.0, 6.66596919]",16.0,2.875e-07,local
1469,mp-1185434,slab,-81.08190981,274.152,True,"[6.35104207, 0.0, 0.0, 0.0, 6.35104207, 0.0, 0.0, 0.0, 6.35104207]",16.0,6.25e-09,local
1470,mp-1185444,slab,-99.85340078,318.057,True,"[6.18981518, 0.0, 0.0, 0.0, 6.18981518, 0.0, 0.0, 0.0, 6.18981518]",16.0,5.1875e-07,local
1471,mp-1185454,slab,-58.90375034,215.131,True,"[6.99641945, 0.0, 0.0, 0.0, 6.99641945, 0.0, 0.0, 0.0, 6.99641945]",16.0,1.8125e-07,local
1472,mp-1185455,slab,-47.94442541,201.45,True,"[3.75074129, -0.0, 0.0, 0.0, 3.75074129, 0.0, -0.0, -0.0, 7.6324944]",8.0,0.0,local
1473,mp-1185615,slab,-57.58971101,415.854,True,"[5.91601655, 0.0, 0.0, 0.0, 5.91601655, 0.0, 0.0, 0.0, 5.91601655]",16.0,0.0,local
1474,mp-1185616,slab,-136.87213923,310.93,True,"[5.58788132, 0.0, 0.0, 0.0, 5.58788132, 0.0, 0.0, 0.0, 5.58788132]",16.0,9.69375e-06,local
1475,mp-1185617,slab,-46.42025677,122.938,True,"[6.260364, 0.0, 0.0, 0.0, 6.260364, 0.0, 0.0, 0.0, 6.260364]",16.0,6.476875e-05,local
1476,mp-1185618,slab,-106.61413223,1380.15,True,"[6.11038321, 0.0, 0.0, 0.0, 6.11038321, 0.0, 0.0, 0.0, 6.11038321]",16.0,7.5275e-05,local
1477,mp-1185619,slab,-49.12929618,294.593,True,"[6.20644815, 0.0, 0.0, 0.0, 6.20644815, 0.0, 0.0, 0.0, 6.20644815]",16.0,2.5e-08,local
1478,mp-1185620,slab,-118.35470786,1331.898,True,"[6.08394277, 0.0, 0.0, 0.0, 6.08394277, 0.0, 0.0, 0.0, 6.08394277]",16.0,1.125e-07,local
1479,mp-1185621,slab,-54.63880065,232.184,True,"[6.20600113, 0.0, 0.0, 0.0, 6.20600113, 0.0, 0.0, 0.0, 6.20600113]",16.0,9.375e-08,local
1480,mp-1185622,slab,-52.29553332,203.854,True,"[6.58721208, 0.0, 0.0, 0.0, 6.58721208, 0.0, 0.0, 0.0, 6.58721208]",16.0,6.25e-09,local
1481,mp-1185624,slab,-89.53686408,346.387,True,"[6.25724199, 0.0, 0.0, 0.0, 6.25724199, 0.0, 0.0, 0.0, 6.25724199]",16.0,5.625e-08,local
1482,mp-1185625,slab,-104.37939684,98.3,True,"[6.56015478, 0.0, 0.0, 0.0, 6.56015478, 0.0, 0.0, 0.0, 6.56015478]",16.0,4.375e-08,local
1483,mp-1185662,slab,-28.61054465,113.308,True,"[6.82745613, 0.0, 0.0, 0.0, 6.82745613, 0.0, 0.0, 0.0, 6.82745613]",16.0,1.875e-08,local
1484,mp-1185687,slab,-65.31148374,2149.583,True,"[3.29682681, 0.0, 0.0, 0.0, 17.07174965, 0.0, 0.0, 0.0, 5.203833]",12.0,0.2892002,local
1485,mp-1185695,slab,-57.52971386,515.533,True,"[2.53033469, -4.38266823, 0.0, 2.53033469, 4.38266823, -0.0, -0.0, 0.0, 14.46830382]",18.0,0.0,local
1486,mp-1185705,slab,-104.93757999,410.089,True,"[6.82429778, 0.0, 0.0, 0.0, 6.82429778, 0.0, 0.0, 0.0, 6.82429778]",24.0,6.666666666666668e-08,local
1487,mp-1185748,slab,-24.83427934,199.269,True,"[3.48612397, 0.0, 0.0, 0.0, 14.2314013, 0.0, 0.0, 0.0, 4.75474831]",12.0,2.5e-08,local
1488,mp-1185749,slab,-51.54654868,30.903,True,"[6.516408, 0.0, 0.0, 0.0, 6.516408, 0.0, 0.0, 0.0, 6.516408]",16.0,1.88375e-05,local
1489,mp-1185752,slab,-54.21049049,32.419,True,"[6.53184, 0.0, 0.0, 0.0, 6.53184, 0.0, 0.0, 0.0, 6.53184]",16.0,5.74375e-05,local
1490,mp-1185754,slab,-24.86939851,3192.5,True,"[5.05603102, -0.0, -0.0, 0.0, 9.46647606, 0.0, -0.0, 0.0, 4.93031704]",12.0,1e-07,local
1491,mp-1185756,slab,-24.97865312,3034.065,True,"[0.0, 10.71758471, -0.11641084, 3.33454084, 0.0, 0.0, 0.0, -2.32594956, -6.6023821]",12.0,0.0,local
1492,mp-1185761,slab,-42.56887854,39.923,True,"[6.640284, 0.0, 0.0, 0.0, 6.640284, 0.0, 0.0, 0.0, 6.640284]",16.0,5.20625e-05,local
1493,mp-1185762,slab,-48.70372902,77.866,True,"[6.55403286, -0.0, 0.0, 0.0, 6.55403286, 0.0, -0.0, -0.0, 6.55403286]",16.0,1.38125e-06,local
1494,mp-1185763,slab,-51.2128005,87.615,True,"[6.53311212, 0.0, 0.0, 0.0, 6.53311212, 0.0, 0.0, 0.0, 6.53311212]",16.0,6.3125e-07,local
1495,mp-1185765,slab,-67.30632519,62.223,True,"[6.38770632, -0.0, 0.0, 0.0, 6.38770632, 0.0, -0.0, -0.0, 6.38770632]",16.0,1.25e-08,local
1496,mp-1185766,slab,-82.15227218,139.656,True,"[6.23822488, -0.0, 0.0, 0.0, 6.23822488, 0.0, 0.0, 0.0, 6.23822488]",16.0,6.25e-09,local
1497,mp-1185767,slab,-76.4992776,103.565,True,"[6.29098056, 0.0, 0.0, 0.0, 6.29098056, 0.0, 0.0, 0.0, 6.29098056]",16.0,1.5e-07,local
1498,mp-1185768,slab,-81.01664056,164.897,True,"[6.26614177, 0.0, 0.0, 0.0, 6.26614177, 0.0, 0.0, 0.0, 6.26614177]",16.0,0.0,local
1499,mp-1185769,slab,-73.48775583,248.848,True,"[6.16924955, 0.0, 0.0, 0.0, 6.16924955, 0.0, 0.0, 0.0, 6.16924955]",16.0,2.5e-08,local
1500,mp-1185770,slab,-68.41903174,283.983,True,"[6.16541977, 0.0, 0.0, 0.0, 6.16541977, 0.0, 0.0, 0.0, 6.16541977]",16.0,6.25e-08,local
1501,mp-1185771,slab,-19.57081574,57.619,True,"[3.27424192, -0.0, 0.0, 0.0, 3.27424192, 0.0, 0.0, 0.0, 10.13492562]",6.0,0.0,local
1502,mp-1185774,slab,-37.34229575,446.961,True,"[3.28527267, 0.0, 0.0, 0.0, 16.47932784, 0.0, -0.0, 0.0, 5.18082932]",12.0,1.1133333333333332e-05,local
1503,mp-1185777,slab,-37.28183072,409.574,True,"[0.0, 11.87722639, 0.02192836, 3.21002162, 0.0, 0.0, 0.0, -1.96352198, -7.39874256]",12.0,0.1083704666666666,local
1504,mp-1185779,slab,-37.14085396,367.471,True,"[0.0, 12.01747646, -0.02139217, 3.19241415, 0.0, 0.0, 0.0, -1.99162368, -7.30503964]",12.0,0.07201125,local
1505,mp-1185782,slab,-54.50003096,48.017,True,"[6.53190349, -0.0, 0.0, 0.0, 6.53190349, 0.0, 0.0, -0.0, 6.53190349]",16.0,6.25e-09,local
1506,mp-1185785,slab,-30.16664015,70.865,True,"[2.94544694, -5.10166374, 0.0, 2.94544694, 5.10166374, -0.0, 0.0, -0.0, 4.67879577]",8.0,8.75e-08,local
1507,mp-1185790,slab,-10.91240179,13.265,True,"[4.51314366, 0.0, 0.0, 0.0, 4.51314366, 0.0, 0.0, 0.0, 4.51314366]",4.0,5.3275e-05,local
1508,mp-1185791,slab,-36.03905623,200.785,True,"[6.22921102, 0.0, 0.0, 0.0, 6.22921102, 0.0, 0.0, 0.0, 5.33570831]",12.0,3.3333333333333334e-08,local
1509,mp-1185795,slab,-27.2603598,73.325,True,"[4.06475661, -0.0, 0.0, 0.0, 4.06475661, 0.0, 0.0, -0.0, 8.47589454]",8.0,0.09788225,local
1510,mp-1185801,slab,-10.69648893,70.777,True,"[2.69977353, -4.67614493, -0.0, 2.69977353, 4.67614493, 0.0, 0.0, -0.0, 4.97516165]",6.0,0.0,local
1511,mp-1185802,slab,-21.31148613,1227.992,True,"[3.18612215, -0.0, 0.0, 0.0, 15.92763338, 0.0, -0.0, -0.0, 5.00661222]",12.0,0.0,local
1512,mp-1185803,slab,-11.16759584,35.454,True,"[2.66820037, -4.62145861, 0.0, 2.66820037, 4.62145861, 0.0, 0.0, -0.0, 4.88487284]",6.0,1e-07,local
1513,mp-1185807,slab,-31.97159323,222.83,True,"[2.69780071, -4.6727279, 0.0, 2.69780071, 4.6727279, -0.0, 0.0, 0.0, 15.05578415]",18.0,4.444444444444444e-08,local
1514,mp-1185809,slab,-21.34830688,241.072,True,"[0.0, 11.33555759, -0.02353748, 3.19817111, 0.0, 0.0, 0.0, -1.87862993, -7.02196009]",12.0,8.333333333333334e-09,local
1515,mp-1185813,slab,-35.8821682,252.077,True,"[2.6701066, -4.6247603, -0.0, 2.6701066, 4.6247603, 0.0, 0.0, 0.0, 14.81192015]",18.0,5.555555555555555e-09,local
1516,mp-1185816,slab,-14.1690656,39.592,True,"[2.65875636, -4.60510111, -0.0, 2.65875636, 4.60510111, 0.0, 0.0, 0.0, 4.84833734]",6.0,3.3333333333333334e-08,local
1517,mp-1185819,slab,-13.70578518,45.91,True,"[2.79525103, -4.8415168, -0.0, 2.79525103, 4.8415168, 0.0, 0.0, -0.0, 5.11899694]",6.0,3.3333333333333334e-08,local
1518,mp-1185822,slab,-29.97464292,268.182,True,"[5.00909619, 0.0, 0.0, 0.0, 8.96119264, 0.0, 0.0, 0.0, 4.85884159]",12.0,2.666666666666667e-07,local
1519,mp-1185823,slab,-29.92326677,2598.747,True,"[3.22639533, 0.0, 0.0, 0.0, 14.39947135, 0.0, -0.0, 0.0, 4.71024329]",12.0,2.5e-08,local
1520,mp-1185824,slab,-48.30949067,104.881,True,"[6.57644223, 0.0, 0.0, 0.0, 6.57644223, 0.0, 0.0, -0.0, 6.57644223]",16.0,6.25e-08,local
1521,mp-1185826,slab,-54.63638684,65.519,True,"[6.48445023, 0.0, 0.0, 0.0, 6.48445023, 0.0, -0.0, 0.0, 6.48445023]",16.0,6.25e-09,local
1522,mp-1185829,slab,-27.53624105,1406.469,True,"[3.26654434, 0.0, 0.0, 0.0, 16.46338485, 0.0, -0.0, 0.0, 5.18998176]",12.0,0.0,local
1523,mp-1185833,slab,-15.76725922,71.218,True,"[2.54068135, -4.40058919, 0.0, 2.54068135, 4.40058919, -0.0, -0.0, -0.0, 4.80792776]",6.0,1.3166666666666668e-06,local
1524,mp-1185836,slab,-20.69350292,372.928,True,"[4.18366925, -0.0, 0.0, 0.0, 4.18366925, 0.0, -0.0, 0.0, 8.19780154]",8.0,6.25e-08,local
1525,mp-1185837,slab,-41.00727963,216.601,True,"[2.75555907, -4.77276832, -0.0, 2.75555907, 4.77276832, 0.0, 0.0, 0.0, 15.93230093]",18.0,3e-07,local
1526,mp-1185838,slab,-31.01909688,426.459,True,"[0.0, 10.53317073, -0.05084392, 3.39469032, 0.0, 0.0, 0.0, -2.54503177, -6.71757142]",12.0,0.0,local
1527,mp-1185839,slab,-47.18035572,222.644,True,"[2.53690129, -4.39404192, -0.0, 2.53690129, 4.39404192, 0.0, -0.0, -0.0, 14.46607538]",18.0,2.666666666666667e-07,local
1528,mp-1185842,slab,-29.9659725,303.725,True,"[0.0, 8.6200215, -0.00858673, 5.17917282, 0.0, 0.0, 0.0, -3.61764712, -4.88646528]",12.0,2.666666666666667e-07,local
1529,mp-1185843,slab,-71.49590189,215.157,True,"[5.92466772, 0.0, 0.0, 0.0, 5.92466772, 0.0, 0.0, 0.0, 5.92466772]",16.0,2.5e-08,local
1530,mp-1185844,slab,-37.47832685,786.696,True,"[4.93127473, 0.0, 0.0, 0.0, 8.99738807, 0.0, -0.0, 0.0, 4.83668437]",12.0,7.5e-08,local
1531,mp-1185846,slab,-12.75835313,55.605,True,"[4.15768646, 0.0, 0.0, 0.0, 4.15768646, 0.0, 0.0, -0.0, 4.15768646]",4.0,5e-08,local
1532,mp-1185848,slab,-25.56917777,306.475,True,"[4.06406668, 0.0, 0.0, 0.0, 4.06406668, 0.0, 0.0, -0.0, 8.58674652]",8.0,3e-07,local
1533,mp-1185849,slab,-88.96796628,124.173,True,"[5.70402456, -0.0, 0.0, 0.0, 5.70402456, 0.0, 0.0, 0.0, 5.70402456]",16.0,1.65e-06,local
1534,mp-1185850,slab,-59.84153181,96.105,True,"[6.47234166, 0.0, 0.0, 0.0, 6.47234166, 0.0, 0.0, 0.0, 6.47234166]",16.0,1.875e-07,local
1535,mp-1185852,slab,-19.21917124,84.026,True,"[2.53441929, -4.38974299, 0.0, 2.53441929, 4.38974299, -0.0, -0.0, -0.0, 4.81444649]",6.0,6.833333333333333e-07,local
1536,mp-1185853,slab,-43.85211364,291.089,True,"[2.61125392, -4.52282446, 0.0, 2.61125392, 4.52282446, -0.0, 0.0, 0.0, 4.1876748]",8.0,1.1083815875,local
1537,mp-1185856,slab,-25.88847165,623.623,True,"[3.81164608, 0.0, 0.0, 0.0, 3.81164608, 0.0, 0.0, -0.0, 7.44012396]",8.0,0.0,local
1538,mp-1185857,slab,-37.53133446,643.466,True,"[3.92342148, 0.0, 0.0, 0.0, 12.88959935, 0.0, 0.0, -0.0, 4.21937417]",12.0,0.0,local
1539,mp-1185860,slab,-60.92458665,2862.287,True,"[2.28818264, -3.96324859, -0.0, 2.28818264, 3.96324859, 0.0, 0.0, -0.0, 12.86762297]",18.0,0.0,local
1540,mp-1185861,slab,-77.6411807,262.858,True,"[6.27519875, 0.0, 0.0, 0.0, 6.27519875, 0.0, 0.0, 0.0, 6.27519875]",16.0,1.075e-06,local
1541,mp-1185870,slab,-75.02038589,377.272,True,"[6.30651137, 0.0, 0.0, 0.0, 6.30651137, 0.0, 0.0, 0.0, 6.30651137]",16.0,4.375e-08,local
1542,mp-1185890,slab,-21.73784179,82.958,True,"[3.13241932, -0.0, 0.0, 0.0, 4.40193185, 0.0, 0.0, -0.0, 4.40092296]",4.0,2.375e-06,local
1543,mp-1185892,slab,-91.15521031,366.366,True,"[6.29426119, 0.0, 0.0, 0.0, 6.29426119, 0.0, 0.0, 0.0, 6.29426119]",16.0,1.09042775625,local
1544,mp-1185894,slab,-116.5818364,177.799,True,"[6.10746168, -0.0, 0.0, 0.0, 6.10746168, 0.0, 0.0, -0.0, 6.10746168]",16.0,0.78516468125,local
1545,mp-1185902,slab,-138.48667173,239.657,True,"[6.29233295, -0.0, 0.0, 0.0, 6.29233295, 0.0, -0.0, -0.0, 6.29233295]",16.0,6.25e-08,local
1546,mp-1185907,slab,-36.41387273,216.92,True,"[2.60827452, -4.51766399, 0.0, 2.60827452, 4.51766399, 0.0, 0.0, -0.0, 4.17410524]",8.0,0.3066674625,local
1547,mp-1185908,slab,-14.56322972,2263.398,True,"[3.09461043, 0.0, 0.0, 0.0, 4.28335575, 0.0, -0.0, -0.0, 4.28030355]",4.0,2.5e-08,local
1548,mp-1185909,slab,-36.26758825,1585.786,True,"[3.68640903, 0.0, 0.0, 0.0, 3.68640903, 0.0, 0.0, -0.0, 7.19515379]",8.0,0.2782353875,local
1549,mp-1185921,slab,-86.91618973,650.788,True,"[2.21244612, -3.83206909, 0.0, 2.21244612, 3.83206909, -0.0, -0.0, -0.0, 12.43276451]",18.0,0.3077542555555556,local
1550,mp-1185923,slab,-68.75588401,250.517,True,"[6.39949296, 0.0, 0.0, 0.0, 6.39949296, 0.0, 0.0, 0.0, 6.39949296]",16.0,0.0,local
1551,mp-1185924,slab,-156.63223281,455.106,True,"[5.8164239, 0.0, 0.0, 0.0, 5.8164239, 0.0, -0.0, -0.0, 5.8164239]",16.0,0.94638969375,local
1552,mp-1185926,slab,-121.58018534,946.107,True,"[6.24170576, -0.0, 0.0, 0.0, 6.24170576, 0.0, 0.0, -0.0, 6.24170576]",16.0,2.2362398875,local
1553,mp-1185927,slab,-38.12522903,154.052,True,"[4.00534278, 0.0, 0.0, 0.0, 4.00534278, 0.0, 0.0, 0.0, 7.80071369]",8.0,1.25e-08,local
1554,mp-1185930,slab,-61.32841399,172.149,True,"[2.70959204, -4.69315108, -0.0, 2.70959204, 4.69315108, 0.0, -0.0, 0.0, 4.31779365]",8.0,1.3290485875,local
1555,mp-1185931,slab,-67.52605554,161.724,True,"[2.61057108, -4.52164174, -0.0, 2.61057108, 4.52164174, 0.0, -0.0, 0.0, 4.04585798]",8.0,1.25e-08,local
1556,mp-1185939,slab,-38.01230166,62.721,True,"[2.81924267, -4.88307154, -0.0, 2.81924267, 4.88307154, -0.0, 0.0, -0.0, 4.55569559]",8.0,1.75e-07,local
1557,mp-1185943,slab,-133.91301868,374.207,True,"[6.18512115, 0.0, 0.0, 0.0, 6.18512115, 0.0, 0.0, 0.0, 6.18512115]",16.0,0.0,local
1558,mp-1185944,slab,-88.66736954,227.472,True,"[6.36522402, 0.0, 0.0, 0.0, 6.36522402, 0.0, 0.0, 0.0, 6.36522402]",16.0,2.80625e-06,local
1559,mp-1185945,slab,-67.6891615,1057.285,True,"[2.79753578, 0.0, 0.0, 0.0, 14.35717755, 0.0, -0.0, 0.0, 4.70273762]",12.0,0.0,local
1560,mp-1185946,slab,-61.70829684,536.975,True,"[0.0, 10.24186454, -0.00574046, 2.83540276, 0.0, 0.0, 0.0, -1.93523589, -6.54372293]",12.0,0.0,local
1561,mp-1185948,slab,-30.94085573,64.859,True,"[2.44920443, -4.24214652, -0.0, 2.44920443, 4.24214652, -0.0, -0.0, -0.0, 4.55970371]",6.0,1e-07,local
1562,mp-1185950,slab,-122.69183407,619.607,True,"[5.97925276, -0.0, 0.0, 0.0, 5.97925276, 0.0, -0.0, -0.0, 5.97925276]",16.0,0.49942765,local
1563,mp-1185952,slab,-33.9075618,87.275,True,"[2.436684, -4.22046049, -0.0, 2.436684, 4.22046049, 0.0, -0.0, 0.0, 4.58312325]",6.0,2.8166666666666667e-06,local
1564,mp-1185956,slab,-56.20848893,596.294,True,"[0.0, 11.94115737, 0.01609081, 3.26494292, 0.0, 0.0, 0.0, -1.8849965, -7.43191154]",12.0,1.415e-05,local
1565,mp-1185957,slab,-112.9156667,226.547,True,"[6.35130828, 0.0, 0.0, 0.0, 6.35130828, 0.0, 0.0, 0.0, 6.35130828]",16.0,3.125e-08,local
1566,mp-1185958,slab,-96.83987074,112.12,True,"[6.47267076, 0.0, 0.0, 0.0, 6.47267076, 0.0, 0.0, 0.0, 6.47267076]",16.0,1e-07,local
1567,mp-1185960,slab,-68.88113945,136.217,True,"[6.69059107, 0.0, 0.0, 0.0, 6.69059107, 0.0, 0.0, 0.0, 6.69059107]",16.0,6.875e-08,local
1568,mp-1185961,slab,-44.83446826,160.223,True,"[6.60373622, 0.0, 0.0, 0.0, 6.60373622, 0.0, 0.0, 0.0, 6.60373622]",16.0,2.5e-08,local
1569,mp-1185963,slab,-100.34273295,72.725,True,"[6.694754, 0.0, 0.0, 0.0, 6.694754, 0.0, 0.0, 0.0, 6.694754]",16.0,5.63375e-05,local
1570,mp-1185965,slab,-73.17976037,106.596,True,"[6.88320046, -0.0, 0.0, 0.0, 6.88320046, 0.0, 0.0, 0.0, 6.88320046]",16.0,4.375e-08,local
1571,mp-1185966,slab,-20.15165705,178.186,True,"[1.62846886, -2.8205908, 0.0, 1.62846886, 2.8205908, 0.0, -0.0, -0.0, 10.6400108]",4.0,0.003086375,local
1572,mp-1185968,slab,-40.36707025,469.717,True,"[3.27691163, -0.0, 0.0, 0.0, 5.58527267, 0.0, 0.0, -0.0, 10.52787697]",8.0,3.75e-08,local
1573,mp-1185970,slab,-68.19849867,205.698,True,"[2.4821197, -4.29915743, 0.0, 2.4821197, 4.29915743, 0.0, 0.0, 0.0, 3.94621478]",8.0,1.75e-07,local
1574,mp-1185971,slab,-24.40309139,34.442,True,"[4.16012769, 0.0, 0.0, 0.0, 4.16012769, 0.0, -0.0, -0.0, 4.16012769]",4.0,2.5e-07,local
1575,mp-1185972,slab,-127.22342331,617.934,True,"[5.99324263, -0.0, 0.0, 0.0, 5.99324263, 0.0, -0.0, -0.0, 5.99324263]",16.0,0.49638019375,local
1576,mp-1185975,slab,-97.02710453,293.626,True,"[5.93008755, 0.0, 0.0, 0.0, 5.93008755, 0.0, 0.0, 0.0, 5.93008755]",16.0,1.25e-08,local
1577,mp-1185980,slab,-96.74238311,360.043,True,"[6.33578728, 0.0, 0.0, 0.0, 6.33578728, 0.0, 0.0, 0.0, 6.33578728]",16.0,4.375e-08,local
1578,mp-1185981,slab,-138.86750185,679.697,True,"[6.07336977, 0.0, 0.0, 0.0, 6.07336977, 0.0, 0.0, 0.0, 6.07336977]",16.0,2.0235500625,local
1579,mp-1185984,slab,-126.38598496,185.954,True,"[5.76965029, 0.0, 0.0, 0.0, 5.76965029, 0.0, -0.0, -0.0, 5.76965029]",16.0,0.4717564625,local
1580,mp-1185985,slab,-106.3464568,190.876,True,"[5.5287828, -0.0, 0.0, 0.0, 5.5287828, 0.0, -0.0, -0.0, 5.5287828]",16.0,0.85682244375,local
1581,mp-1185986,slab,-127.3833798,166.597,True,"[5.84256917, 0.0, 0.0, 0.0, 5.84256917, 0.0, 0.0, 0.0, 5.84256917]",16.0,0.762224575,local
1582,mp-1185991,slab,-10.54834868,21.345,True,"[4.297046, 0.0, 0.0, 0.0, 4.297046, 0.0, 0.0, 0.0, 4.297046]",4.0,0.914576125,local
1583,mp-1185992,slab,-103.97922173,467.804,True,"[6.11770701, 0.0, 0.0, 0.0, 6.11770701, 0.0, 0.0, 0.0, 6.11770701]",16.0,1.09293575625,local
1584,mp-1185995,slab,-85.11172765,2206.069,True,"[6.26368942, -0.0, 0.0, 0.0, 6.26368942, 0.0, -0.0, -0.0, 6.26368942]",16.0,0.22245570625,local
1585,mp-1185,slab,-32.30510393,52.24,True,"[3.80469356, 0.0, 0.0, 0.0, 3.80469356, 0.0, 0.0, 0.0, 3.80469356]",4.0,1e-07,local
1586,mp-1186001,slab,-88.30976322,425.403,True,"[6.17969581, 0.0, 0.0, 0.0, 6.17969581, 0.0, 0.0, 0.0, 6.17969581]",16.0,1.08939418125,local
1587,mp-1186003,slab,-68.4472814,503.649,True,"[6.39164859, 0.0, 0.0, 0.0, 6.39164859, 0.0, 0.0, 0.0, 6.39164859]",16.0,1.0307612,local
1588,mp-1186004,slab,-96.49228793,344.257,True,"[6.19870975, 0.0, 0.0, 0.0, 6.19870975, 0.0, 0.0, 0.0, 6.19870975]",16.0,1.01568708125,local
1589,mp-1186005,slab,-86.76340269,566.533,True,"[5.79014542, 0.0, 0.0, 0.0, 5.79014542, 0.0, 0.0, 0.0, 5.79014542]",16.0,1.09365689375,local
1590,mp-1186006,slab,-148.86758825,862.217,True,"[5.89150243, 0.0, 0.0, 0.0, 5.89150243, 0.0, 0.0, 0.0, 5.89150243]",16.0,4.6875e-07,local
1591,mp-1186010,slab,-37.79464347,460.784,True,"[2.90133904, -5.02526663, -0.0, 2.90133904, 5.02526663, 0.0, -0.0, -0.0, 4.75250024]",8.0,1.1085869375,local
1592,mp-1186011,slab,-144.0669504,472.766,True,"[5.73402375, -0.0, 0.0, 0.0, 5.73402375, 0.0, -0.0, -0.0, 5.73402375]",16.0,0.136411775,local
1593,mp-1186013,slab,-50.953805,138.067,True,"[2.78221111, -4.818931, 0.0, 2.78221111, 4.818931, 0.0, 0.0, -0.0, 4.52433511]",8.0,1.178464925,local
1594,mp-1186014,slab,-37.58987088,44.802,True,"[3.96067923, 0.0, 0.0, 0.0, 3.96067923, 0.0, 0.0, 0.0, 3.96067923]",4.0,2e-07,local
1595,mp-1186015,slab,-96.21897551,367.654,True,"[6.18554869, 0.0, 0.0, 0.0, 6.18554869, 0.0, 0.0, 0.0, 6.18554869]",16.0,1.07861085625,local
1596,mp-1186016,slab,-39.28117403,41.24,True,"[3.96661862, 0.0, 0.0, 0.0, 3.96661862, 0.0, -0.0, 0.0, 3.96661862]",4.0,2.5e-08,local
1597,mp-1186017,slab,-26.58027073,92.462,True,"[7.55808095, 0.0, 0.0, 0.0, 7.55808095, 0.0, 0.0, 0.0, 7.55808095]",16.0,2e-07,local
1598,mp-1186018,slab,-31.64189486,106.165,True,"[7.30954097, 0.0, 0.0, 0.0, 7.30954097, 0.0, 0.0, 0.0, 7.30954097]",16.0,7.5e-08,local
1599,mp-1186024,slab,-19.52943668,265.176,True,"[7.84658589, -0.0, 0.0, 0.0, 7.84658589, 0.0, 0.0, 0.0, 7.84658589]",16.0,2.5e-08,local
1600,mp-1186030,slab,-15.79336673,111.583,True,"[3.35026308, -5.80282587, -0.0, 3.35026308, 5.80282587, 0.0, 0.0, 0.0, 5.26566653]",8.0,0.0,local
1601,mp-1186031,slab,-9.76137775,126.216,True,"[5.22100602, 0.0, 0.0, 0.0, 5.22100602, 0.0, 0.0, 0.0, 8.8923197]",8.0,2.5e-08,local
1602,mp-1186033,slab,-13.28788928,116.723,True,"[3.44416455, -5.96546799, -0.0, 3.44416455, 5.96546799, -0.0, 0.0, -0.0, 5.40860218]",8.0,0.0,local
1603,mp-1186034,slab,-13.29486964,108.131,True,"[5.01053406, 0.0, 0.0, 0.0, 5.01053406, 0.0, 0.0, 0.0, 8.64358208]",8.0,1.25e-08,local
1604,mp-1186060,slab,-85.73600612,236.681,True,"[2.70511377, -4.68539448, 0.0, 2.70511377, 4.68539448, 0.0, -0.0, -0.0, 4.2552602]",8.0,0.116953675,local
1605,mp-1186063,slab,-59.53692003,680.193,True,"[2.4663445, -4.27183399, -0.0, 2.4663445, 4.27183399, -0.0, 0.0, -0.0, 3.95009846]",8.0,0.54170715,local
1606,mp-1186067,slab,-18.42148738,38.122,True,"[4.750646, 0.0, 0.0, 0.0, 4.750646, 0.0, 0.0, 0.0, 8.404544]",8.0,0.0001277375,local
1607,mp-1186074,slab,-36.85498291,104.577,True,"[7.25299492, 0.0, 0.0, 0.0, 7.25299492, 0.0, 0.0, 0.0, 7.25299492]",16.0,1.25e-08,local
1608,mp-1186091,slab,-9.60358541,64.553,True,"[4.79614638, -0.0, 0.0, 0.0, 4.79614638, 0.0, -0.0, -0.0, 9.96308706]",8.0,3.75e-08,local
1609,mp-1186094,slab,-4.75603415,8.84,True,"[4.861701, 0.0, 0.0, 0.0, 4.861701, 0.0, 0.0, 0.0, 4.861701]",4.0,0.000537575,local
1610,mp-1186099,slab,-9.61988797,114.839,True,"[3.4774362, -6.02309618, 0.0, 3.4774362, 6.02309618, -0.0, 0.0, -0.0, 5.48121245]",8.0,1.5e-07,local
1611,mp-1186100,slab,-9.44075506,16.961,True,"[4.24323675, 0.0, 0.0, 0.0, 4.24323675, 0.0, 0.0, -0.0, 4.24323675]",4.0,1.975e-06,local
1612,mp-1186102,slab,-43.97925612,250.762,True,"[6.93407703, 0.0, 0.0, 0.0, 6.93407703, 0.0, 0.0, -0.0, 6.93407703]",16.0,6.25e-09,local
1613,mp-1186107,slab,-66.76568322,150.421,True,"[6.76897643, 0.0, 0.0, 0.0, 6.76897643, 0.0, -0.0, -0.0, 6.76897643]",16.0,1.4375e-07,local
1614,mp-1186109,slab,-23.52718576,310.985,True,"[4.10265142, -0.0, 0.0, 0.0, 4.10265142, 0.0, -0.0, 0.0, 8.72888449]",8.0,5e-08,local
1615,mp-1186115,slab,-23.49019519,126.266,True,"[2.89239108, -5.0097683, 0.0, 2.89239108, 5.0097683, 0.0, -0.0, -0.0, 5.0855215]",8.0,2.625e-07,local
1616,mp-1186117,slab,-24.0356238,39.404,True,"[3.87685952, -0.0, 0.0, 0.0, 3.87685952, 0.0, 0.0, -0.0, 3.87685952]",4.0,0.332102925,local
1617,mp-1186119,slab,-53.6104226,63.787,True,"[6.570982, 0.0, 0.0, 0.0, 6.570982, 0.0, 0.0, 0.0, 6.570982]",16.0,2.060625e-05,local
1618,mp-1186121,slab,-22.88805252,173.123,True,"[7.34362916, 0.0, 0.0, 0.0, 7.34362916, 0.0, 0.0, 0.0, 7.34362916]",16.0,2e-07,local
1619,mp-1186122,slab,-41.07526562,228.601,True,"[6.72953086, 0.0, 0.0, 0.0, 6.72953086, 0.0, 0.0, 0.0, 6.72953086]",16.0,3.75e-08,local
1620,mp-1186123,slab,-23.23905175,175.349,True,"[7.01578157, 0.0, 0.0, 0.0, 7.01578157, 0.0, -0.0, -0.0, 7.01578157]",16.0,1.3125e-07,local
1621,mp-1186124,slab,-51.5652386,97.861,True,"[7.344452, 0.0, 0.0, 0.0, 7.344452, 0.0, 0.0, 0.0, 7.344452]",16.0,2.919375e-05,local
1622,mp-1186125,slab,-35.56005285,147.002,True,"[6.83407331, 0.0, 0.0, 0.0, 6.83407331, 0.0, 0.0, -0.0, 6.83407331]",16.0,5.625e-08,local
1623,mp-1186127,slab,-7.76980249,125.523,True,"[5.03752074, 0.0, 0.0, 0.0, 5.03752074, 0.0, 0.0, 0.0, 7.42066946]",8.0,0.0,local
1624,mp-1186140,slab,-62.86941312,62.295,True,"[6.578546, 0.0, 0.0, 0.0, 6.578546, 0.0, 0.0, 0.0, 6.578546]",16.0,1.69375e-06,local
1625,mp-1186162,slab,-60.58485169,1506.023,True,"[2.14553254, -3.71617137, -0.0, 2.14553254, 3.71617137, 0.0, 0.0, 0.0, 23.95388997]",18.0,0.0,local
1626,mp-1186175,slab,-7.77026779,39.195,True,"[1.41154233, -2.44486304, -0.0, 1.41154233, 2.44486304, -0.0, 0.0, -0.0, 4.93365319]",2.0,1.85e-06,local
1627,mp-1186196,slab,-52.68465365,632.131,True,"[7.57935178, 0.0, 0.0, 0.0, 7.57935178, 0.0, 0.0, 0.0, 7.57935178]",16.0,5.625e-08,local
1628,mp-1186200,slab,-159.26186441,371.432,True,"[6.26973799, -0.0, 0.0, 0.0, 6.26973799, 0.0, -0.0, -0.0, 6.26973799]",16.0,7.9375e-07,local
1629,mp-1186203,slab,-167.87789336,376.879,True,"[6.2921711, -0.0, 0.0, 0.0, 6.2921711, 0.0, 0.0, 0.0, 6.2921711]",16.0,6.8125e-07,local
1630,mp-1186205,slab,-174.84530823,307.337,True,"[6.40256734, -0.0, 0.0, 0.0, 6.40256734, 0.0, 0.0, -0.0, 6.40256734]",16.0,4.375e-08,local
1631,mp-1186206,slab,-166.29795193,242.94,True,"[6.39251802, -0.0, 0.0, 0.0, 6.39251802, 0.0, -0.0, 0.0, 6.39251802]",16.0,1.4375e-07,local
1632,mp-1186207,slab,-172.25359255,283.185,True,"[6.37444964, -0.0, 0.0, 0.0, 6.37444964, 0.0, 0.0, -0.0, 6.37444964]",16.0,6.875e-08,local
1633,mp-1186211,slab,-8.7628348,1070.589,True,"[3.09556171, -5.36167016, 0.0, 3.09556171, 5.36167016, 0.0, -0.0, 0.0, 4.48240381]",8.0,1.75e-07,local
1634,mp-1186214,slab,-134.82115216,255.188,True,"[6.45544394, -0.0, 0.0, 0.0, 6.45544394, 0.0, -0.0, -0.0, 6.45544394]",16.0,3.75e-08,local
1635,mp-1186218,slab,-171.72019886,226.04,True,"[6.45792722, -0.0, 0.0, 0.0, 6.45792722, 0.0, -0.0, -0.0, 6.45792722]",16.0,4.375e-08,local
1636,mp-1186222,slab,-146.1331443,425.507,True,"[6.24125248, 0.0, 0.0, 0.0, 6.24125248, 0.0, -0.0, 0.0, 6.24125248]",16.0,1.25e-08,local
1637,mp-1186223,slab,-149.28104655,738.316,True,"[6.17339906, 0.0, 0.0, 0.0, 6.17339906, 0.0, 0.0, 0.0, 6.17339906]",16.0,1.14473135625,local
1638,mp-1186225,slab,-44.34072435,33.784,True,"[3.9268632, -0.0, 0.0, 0.0, 3.9268632, 0.0, 0.0, -0.0, 3.9268632]",4.0,1.25e-07,local
1639,mp-1186228,slab,-143.23404069,460.375,True,"[6.1233111, -0.0, 0.0, 0.0, 6.1233111, 0.0, -0.0, -0.0, 6.1233111]",16.0,0.06291818125,local
1640,mp-1186229,slab,-76.88379603,461.788,True,"[2.78742346, -4.82795905, -0.0, 2.78742346, 4.82795905, 0.0, -0.0, 0.0, 4.38842882]",8.0,1.25e-08,local
1641,mp-1186230,slab,-68.21426898,253.385,True,"[2.77055493, -4.79874191, 0.0, 2.77055493, 4.79874191, -0.0, 0.0, -0.0, 4.43181226]",8.0,5e-08,local
1642,mp-1186231,slab,-78.58425967,166.653,True,"[2.78859849, -4.82999426, -0.0, 2.78859849, 4.82999426, -0.0, -0.0, -0.0, 4.47674954]",8.0,1.25e-08,local
1643,mp-1186233,slab,-133.45812315,255.566,True,"[6.39030006, 0.0, 0.0, 0.0, 6.39030006, 0.0, 0.0, -0.0, 6.39030006]",16.0,0.13337684375,local
1644,mp-1186347,slab,-47.06930323,146.21,True,"[2.56807628, -4.44803859, 0.0, 2.56807628, 4.44803859, 0.0, 0.0, -0.0, 4.1523035]",8.0,0.7724627375,local
1645,mp-1186350,slab,-63.98429431,229.125,True,"[3.78487085, 0.0, 0.0, 0.0, 3.78487085, 0.0, 0.0, 0.0, 7.6466862]",8.0,1.42e-05,local
1646,mp-1186374,slab,-93.8798762,141.061,True,"[2.77452476, -4.80561786, -0.0, 2.77452476, 4.80561786, -0.0, -0.0, -0.0, 4.41246096]",8.0,1.25e-08,local
1647,mp-1186377,slab,-65.41318572,151.174,True,"[2.73191133, -4.73180923, 0.0, 2.73191133, 4.73180923, 0.0, 0.0, -0.0, 4.36485266]",8.0,6.25e-08,local
1648,mp-1186442,slab,-45.27310027,431.737,True,"[3.91028787, 0.0, 0.0, 0.0, 3.91028787, 0.0, 0.0, 0.0, 7.87078399]",8.0,0.4618716875,local
1649,mp-1186443,slab,-31.62564296,274.168,True,"[4.82335039, 0.0, 0.0, 0.0, 4.82335039, 0.0, 0.0, 0.0, 9.06511579]",8.0,0.0,local
1650,mp-1186447,slab,-30.31956166,121.663,True,"[2.88603818, -4.99876475, 0.0, 2.88603818, 4.99876475, -0.0, 0.0, 0.0, 4.79468961]",8.0,0.0,local
1651,mp-1186450,slab,-47.22017089,147.934,True,"[3.9656385, 0.0, 0.0, 0.0, 3.9656385, 0.0, 0.0, 0.0, 7.87663832]",8.0,1e-07,local
1652,mp-1186759,slab,-180.65808704,219.548,True,"[6.3654198, -0.0, 0.0, 0.0, 6.3654198, 0.0, 0.0, -0.0, 6.3654198]",16.0,0.00014963125,local
1653,mp-1186761,slab,-185.28235067,459.701,True,"[6.28273585, 0.0, 0.0, 0.0, 6.28273585, 0.0, 0.0, 0.0, 6.28273585]",16.0,2.5e-08,local
1654,mp-1186763,slab,-192.35075451,192.611,True,"[6.47297178, 0.0, 0.0, 0.0, 6.47297178, 0.0, 0.0, -0.0, 6.47297178]",16.0,6.25e-09,local
1655,mp-1186765,slab,-31.33362086,250.228,True,"[7.78771168, 0.0, 0.0, 0.0, 7.78771168, 0.0, 0.0, 0.0, 7.78771168]",16.0,1.875e-08,local
1656,mp-1186766,slab,-179.83290326,177.005,True,"[6.41593594, 0.0, 0.0, 0.0, 6.41593594, 0.0, 0.0, 0.0, 6.41593594]",16.0,3.125e-08,local
1657,mp-1186767,slab,-189.05072041,211.951,True,"[6.49089102, 0.0, 0.0, 0.0, 6.49089102, 0.0, 0.0, 0.0, 6.49089102]",16.0,1e-07,local
1658,mp-1186768,slab,-168.10106915,338.694,True,"[6.2602753, -0.0, 0.0, 0.0, 6.2602753, 0.0, -0.0, -0.0, 6.2602753]",16.0,0.37902730625,local
1659,mp-1186772,slab,-186.28233969,572.698,True,"[6.31533127, 0.0, 0.0, 0.0, 6.31533127, 0.0, 0.0, 0.0, 6.31533127]",16.0,1.7875e-06,local
1660,mp-1186779,slab,-9.21186709,31.205,True,"[1.40858923, -2.43974812, 0.0, 1.40858923, 2.43974812, 0.0, -0.0, 0.0, 4.86577098]",2.0,5e-08,local
1661,mp-1186846,slab,-33.86501842,873.888,True,"[4.39471347, -7.61186702, -0.0, 4.39471347, 7.61186702, -0.0, -0.0, -0.0, 3.64577473]",8.0,1.25e-08,local
1662,mp-1186902,slab,-46.52911697,37.731,True,"[3.89352341, 0.0, 0.0, 0.0, 3.89352341, 0.0, -0.0, -0.0, 3.89352341]",4.0,3.75e-07,local
1663,mp-1186917,slab,-13.58489731,24.653,True,"[4.30426554, 0.0, 0.0, 0.0, 4.30426554, 0.0, -0.0, 0.0, 4.30426554]",4.0,3.25e-07,local
1664,mp-1186923,slab,-90.35630973,154.645,True,"[2.77185284, -4.80098994, 0.0, 2.77185284, 4.80098994, 0.0, -0.0, 0.0, 4.39827859]",8.0,1.875e-07,local
1665,mp-1186925,slab,-27.17181063,108.232,True,"[4.27258223, -0.0, 0.0, 0.0, 4.27258223, 0.0, -0.0, -0.0, 8.72503215]",8.0,5.25e-07,local
1666,mp-1186926,slab,-69.87645318,214.446,True,"[2.72324494, -4.71679859, -0.0, 2.72324494, 4.71679859, -0.0, -0.0, 0.0, 4.29956785]",8.0,1.25e-08,local
1667,mp-1186928,slab,-21.21400344,32.62,True,"[4.05315182, 0.0, 0.0, 0.0, 4.05315182, 0.0, 0.0, 0.0, 4.05315182]",4.0,1.075e-06,local
1668,mp-1186930,slab,-42.41804764,85.01,True,"[2.86947235, -4.9700719, 0.0, 2.86947235, 4.9700719, -0.0, 0.0, 0.0, 4.66895471]",8.0,1.5e-07,local
1669,mp-1186932,slab,-97.6978213,149.104,True,"[6.71326668, 0.0, 0.0, 0.0, 6.71326668, 0.0, 0.0, 0.0, 6.71326668]",16.0,5e-08,local
1670,mp-1186933,slab,-71.67322703,218.59,True,"[6.89566881, 0.0, 0.0, 0.0, 6.89566881, 0.0, -0.0, 0.0, 6.89566881]",16.0,7.5e-08,local
1671,mp-1186935,slab,-103.18510634,271.925,True,"[6.70180502, 0.0, 0.0, 0.0, 6.70180502, 0.0, -0.0, 0.0, 6.70180502]",16.0,4.375e-08,local
1672,mp-1186936,slab,-106.82423023,528.687,True,"[6.29053844, -0.0, 0.0, 0.0, 6.29053844, 0.0, -0.0, -0.0, 6.29053844]",16.0,4.25625e-06,local
1673,mp-1186938,slab,-74.48533852,374.866,True,"[6.93853778, 0.0, 0.0, 0.0, 6.93853778, 0.0, 0.0, 0.0, 6.93853778]",16.0,9.375e-08,local
1674,mp-1186939,slab,-115.12554936,190.605,True,"[6.43941224, -0.0, 0.0, 0.0, 6.43941224, 0.0, -0.0, -0.0, 6.43941224]",16.0,0.0064051375,local
1675,mp-1186940,slab,-97.80796028,214.126,True,"[6.38500925, -0.0, 0.0, 0.0, 6.38500925, 0.0, -0.0, 0.0, 6.38500925]",16.0,0.03864295,local
1676,mp-1186941,slab,-95.17062571,259.708,True,"[6.58433235, 0.0, 0.0, 0.0, 6.58433235, 0.0, 0.0, 0.0, 6.58433235]",16.0,6.25e-09,local
1677,mp-1186942,slab,-92.13487202,408.672,True,"[6.55379847, 0.0, 0.0, 0.0, 6.55379847, 0.0, 0.0, 0.0, 6.55379847]",16.0,5.5625e-07,local
1678,mp-1186943,slab,-94.32044205,206.832,True,"[6.69302042, 0.0, 0.0, 0.0, 6.69302042, 0.0, 0.0, 0.0, 6.69302042]",16.0,1.4375e-07,local
1679,mp-1186944,slab,-117.72660045,210.404,True,"[6.36171537, -0.0, 0.0, 0.0, 6.36171537, 0.0, -0.0, -0.0, 6.36171537]",16.0,0.0001587,local
1680,mp-1186945,slab,-93.07629098,278.016,True,"[6.42961045, 0.0, 0.0, 0.0, 6.42961045, 0.0, 0.0, 0.0, 6.42961045]",16.0,2.25e-07,local
1681,mp-1186949,slab,-45.71185597,86.784,True,"[2.8361225, -4.91230826, 0.0, 2.8361225, 4.91230826, -0.0, -0.0, 0.0, 4.93414336]",8.0,1.25e-07,local
1682,mp-1186951,slab,-114.96058773,323.2,True,"[6.54608014, 0.0, 0.0, 0.0, 6.54608014, 0.0, 0.0, 0.0, 6.54608014]",16.0,3.75e-08,local
1683,mp-1186953,slab,-70.43995836,191.579,True,"[6.80610615, 0.0, 0.0, 0.0, 6.80610615, 0.0, 0.0, 0.0, 6.80610615]",16.0,0.0,local
1684,mp-1186954,slab,-141.62430257,142.602,True,"[6.44573616, 0.0, 0.0, 0.0, 6.44573616, 0.0, 0.0, 0.0, 6.44573616]",16.0,1.25e-08,local
1685,mp-1186955,slab,-103.49893054,175.178,True,"[6.51034885, 0.0, 0.0, 0.0, 6.51034885, 0.0, 0.0, 0.0, 6.51034885]",16.0,1.075e-06,local
1686,mp-1186956,slab,-121.12929859,190.048,True,"[6.54042345, 0.0, 0.0, 0.0, 6.54042345, 0.0, 0.0, 0.0, 6.54042345]",16.0,1.1875e-07,local
1687,mp-1186957,slab,-135.01620663,196.646,True,"[6.44844231, 0.0, 0.0, 0.0, 6.44844231, 0.0, 0.0, 0.0, 6.44844231]",16.0,3.125e-08,local
1688,mp-1186958,slab,-103.90508999,201.545,True,"[6.50050805, 0.0, 0.0, 0.0, 6.50050805, 0.0, 0.0, 0.0, 6.50050805]",16.0,6.25e-08,local
1689,mp-1186959,slab,-68.21187918,369.412,True,"[6.97518043, 0.0, 0.0, 0.0, 6.97518043, 0.0, 0.0, 0.0, 6.97518043]",16.0,8.785625e-05,local
1690,mp-1186962,slab,-85.18166463,221.531,True,"[6.67197235, 0.0, 0.0, 0.0, 6.67197235, 0.0, 0.0, 0.0, 6.67197235]",16.0,5.3125e-07,local
1691,mp-1186964,slab,-47.92185385,171.691,True,"[3.25905071, -5.64484141, 0.0, 3.25905071, 5.64484141, 0.0, 0.0, 0.0, 5.16480057]",8.0,8.4525e-05,local
1692,mp-1186966,slab,-71.09845713,281.821,True,"[6.93927921, 0.0, 0.0, 0.0, 6.93927921, 0.0, -0.0, 0.0, 6.93927921]",16.0,2.29375e-06,local
1693,mp-1186968,slab,-45.95817253,135.591,True,"[3.11926164, -5.40271965, -0.0, 3.11926164, 5.40271965, -0.0, 0.0, 0.0, 5.0461528]",8.0,0.3371302375,local
1694,mp-1186970,slab,-24.31617463,28.676,True,"[4.51994836, 0.0, 0.0, 0.0, 4.51994836, 0.0, 0.0, 0.0, 4.51994836]",4.0,0.514927725,local
1695,mp-1186972,slab,-57.01313653,279.81,True,"[4.45269357, -0.0, 0.0, 0.0, 4.45269357, 0.0, -0.0, -0.0, 8.90440872]",8.0,1.75e-07,local
1696,mp-1186973,slab,-60.55524428,257.499,True,"[6.69680606, 0.0, 0.0, 0.0, 6.69680606, 0.0, -0.0, -0.0, 6.69680606]",16.0,1.25e-08,local
1697,mp-1186974,slab,-43.60192125,136.955,True,"[3.20747751, -5.555514, -0.0, 3.20747751, 5.555514, -0.0, -0.0, 0.0, 5.24860607]",8.0,0.41721685,local
1698,mp-1186975,slab,-47.12659933,89.274,True,"[3.18147526, -5.51047679, -0.0, 3.18147526, 5.51047679, 0.0, 0.0, -0.0, 5.10551307]",8.0,3.36125e-05,local
1699,mp-1186976,slab,-48.75938515,122.635,True,"[3.19640949, -5.53634364, 0.0, 3.19640949, 5.53634364, 0.0, -0.0, -0.0, 5.18317636]",8.0,0.417258,local
1700,mp-1186977,slab,-73.06178678,700.923,True,"[6.67294219, 0.0, 0.0, 0.0, 6.67294219, 0.0, 0.0, 0.0, 6.67294219]",16.0,6.25e-09,local
1701,mp-1186978,slab,-89.79662879,151.432,True,"[6.57246719, 0.0, 0.0, 0.0, 6.57246719, 0.0, 0.0, 0.0, 6.57246719]",16.0,0.0,local
1702,mp-1186979,slab,-54.03541233,254.133,True,"[3.18128561, -5.51014831, -0.0, 3.18128561, 5.51014831, 0.0, -0.0, 0.0, 4.92520304]",8.0,0.3945574625,local
1703,mp-1186981,slab,-61.32879661,251.83,True,"[3.13237318, -5.4254295, -0.0, 3.13237318, 5.4254295, 0.0, 0.0, -0.0, 4.64965407]",8.0,1.075e-06,local
1704,mp-1186985,slab,-24.2488071,76.898,True,"[3.71544927, 0.0, 0.0, 0.0, 3.71544927, 0.0, 0.0, 0.0, 3.71544927]",4.0,0.14084245,local
1705,mp-1186988,slab,-48.44714332,345.904,True,"[2.66509391, -4.61607806, 0.0, 2.66509391, 4.61607806, -0.0, 0.0, 0.0, 4.20625845]",8.0,0.0998286375,local
1706,mp-1186990,slab,-34.75590312,438.356,True,"[4.5656545, 0.0, 0.0, 0.0, 4.5656545, 0.0, 0.0, 0.0, 10.80020849]",8.0,0.0,local
1707,mp-1186992,slab,-65.06273139,168.45,True,"[6.57069741, 0.0, 0.0, 0.0, 6.57069741, 0.0, 0.0, 0.0, 6.57069741]",16.0,2.0625e-07,local
1708,mp-1186995,slab,-39.14485037,67.21,True,"[3.24770267, -5.62518603, -0.0, 3.24770267, 5.62518603, 0.0, 0.0, -0.0, 5.61605989]",8.0,2.5e-08,local
1709,mp-1186998,slab,-57.82287171,105.615,True,"[6.55827941, -0.0, 0.0, 0.0, 6.55827941, 0.0, -0.0, -0.0, 6.55827941]",16.0,6.25e-08,local
1710,mp-11869,slab,-84.47119195,297.953,True,"[6.35625055, 0.0, 0.0, 0.0, 6.35625055, 0.0, 0.0, 0.0, 6.35625055]",12.0,0.0,local
1711,mp-1187005,slab,-25.84912333,256.843,True,"[2.90800952, -5.03682024, -0.0, 2.90800952, 5.03682024, 0.0, 0.0, -0.0, 4.66523639]",8.0,6.25e-08,local
1712,mp-1187006,slab,-52.93164493,433.768,True,"[6.28166434, 0.0, 0.0, 0.0, 6.28166434, 0.0, 0.0, 0.0, 6.28166434]",16.0,2.5e-08,local
1713,mp-1187009,slab,-34.80517048,462.2,True,"[3.30602917, -5.7262105, -0.0, 3.30602917, 5.7262105, 0.0, -0.0, -0.0, 5.99342052]",8.0,0.0,local
1714,mp-1187048,slab,-29.04327402,1341.015,True,"[3.31888496, -5.74847738, -0.0, 3.31888496, 5.74847738, 0.0, 0.0, -0.0, 5.26792061]",8.0,4.125e-07,local
1715,mp-1187070,slab,-58.55578752,255.094,True,"[7.46742856, 0.0, 0.0, 0.0, 7.46742856, 0.0, -0.0, 0.0, 7.46742856]",16.0,3.125e-08,local
1716,mp-1187072,slab,-33.17141772,346.392,True,"[7.9866621, 0.0, 0.0, 0.0, 7.9866621, 0.0, 0.0, 0.0, 7.9866621]",16.0,1.24375e-06,local
1717,mp-1187077,slab,-53.21925654,166.318,True,"[2.81961705, -4.88372, 0.0, 2.81961705, 4.88372, -0.0, -0.0, -0.0, 4.50348819]",8.0,2.5e-08,local
1718,mp-1187087,slab,-26.37382699,499.141,True,"[8.26176246, 0.0, 0.0, 0.0, 8.26176246, 0.0, -0.0, -0.0, 8.26176246]",16.0,1.25e-08,local
1719,mp-1187090,slab,-50.91708469,182.434,True,"[7.56416651, 0.0, 0.0, 0.0, 7.56416651, 0.0, 0.0, 0.0, 7.56416651]",16.0,0.0,local
1720,mp-1187091,slab,-31.22285779,579.016,True,"[8.06043978, 0.0, 0.0, 0.0, 8.06043978, 0.0, 0.0, 0.0, 8.06043978]",16.0,3.125e-08,local
1721,mp-1187093,slab,-60.20913275,91.516,True,"[2.84243593, -4.92324345, -0.0, 2.84243593, 4.92324345, 0.0, 0.0, 0.0, 4.54278246]",8.0,2.75e-07,local
1722,mp-1187095,slab,-57.16182331,414.318,True,"[7.61211922, 0.0, 0.0, 0.0, 7.61211922, 0.0, 0.0, -0.0, 7.61211922]",16.0,1.25e-08,local
1723,mp-1187097,slab,-68.46861351,129.625,True,"[7.419648, 0.0, 0.0, 0.0, 7.419648, 0.0, 0.0, 0.0, 7.419648]",16.0,1.755e-05,local
1724,mp-1187098,slab,-38.76730094,352.907,True,"[8.09068411, -0.0, 0.0, 0.0, 8.09068411, 0.0, -0.0, 0.0, 8.09068411]",16.0,1.25e-08,local
1725,mp-1187101,slab,-48.98589843,152.436,True,"[7.55187, 0.0, 0.0, 0.0, 7.55187, 0.0, 0.0, 0.0, 7.55187]",16.0,0.0001142125,local
1726,mp-1187111,slab,-33.54572215,369.352,True,"[7.83375704, 0.0, 0.0, 0.0, 7.83375704, 0.0, 0.0, 0.0, 7.83375704]",16.0,0.0,local
1727,mp-1187138,slab,-5.66225493,70.717,True,"[5.50657568, 0.0, 0.0, 0.0, 5.50657568, 0.0, 0.0, -0.0, 5.50657568]",4.0,0.016266725,local
1728,mp-1187152,slab,-19.41514013,287.68,True,"[7.54325104, 0.0, 0.0, 0.0, 7.54325104, 0.0, 0.0, 0.0, 7.54325104]",16.0,1.875e-08,local
1729,mp-1187157,slab,-26.53993841,111.422,True,"[3.16556022, -5.48291114, -0.0, 3.16556022, 5.48291114, 0.0, -0.0, -0.0, 5.71490573]",8.0,0.255898725,local
1730,mp-1187194,slab,-179.10292982,150.561,True,"[6.44063008, 0.0, 0.0, 0.0, 6.44063008, 0.0, -0.0, 0.0, 6.44063008]",16.0,7.98625e-05,local
1731,mp-1187195,slab,-171.89485804,527.31,True,"[6.34230676, 0.0, 0.0, 0.0, 6.34230676, 0.0, 0.0, 0.0, 6.34230676]",16.0,0.0,local
1732,mp-1187196,slab,-182.28894848,185.296,True,"[6.48032094, 0.0, 0.0, 0.0, 6.48032094, 0.0, 0.0, 0.0, 6.48032094]",16.0,6.25e-09,local
1733,mp-1187197,slab,-190.94534068,167.612,True,"[6.47398444, 0.0, 0.0, 0.0, 6.47398444, 0.0, 0.0, 0.0, 6.47398444]",16.0,3.8125e-07,local
1734,mp-1187201,slab,-184.34605498,528.91,True,"[6.36677578, -0.0, 0.0, 0.0, 6.36677578, 0.0, 0.0, 0.0, 6.36677578]",16.0,2.118125e-05,local
1735,mp-1187203,slab,-194.92115953,165.063,True,"[6.49918124, 0.0, 0.0, 0.0, 6.49918124, 0.0, 0.0, 0.0, 6.49918124]",16.0,1.875e-08,local
1736,mp-1187204,slab,-169.89015828,213.209,True,"[6.53183084, 0.0, 0.0, 0.0, 6.53183084, 0.0, 0.0, 0.0, 6.53183084]",16.0,2.5e-08,local
1737,mp-1187206,slab,-194.18571623,169.281,True,"[6.55661627, 0.0, 0.0, 0.0, 6.55661627, 0.0, 0.0, 0.0, 6.55661627]",16.0,1.25e-08,local
1738,mp-1187208,slab,-200.3423523,219.928,True,"[6.44053998, 0.0, 0.0, 0.0, 6.44053998, 0.0, 0.0, 0.0, 6.44053998]",16.0,1.5e-07,local
1739,mp-1187209,slab,-178.00689783,398.049,True,"[6.51769868, 0.0, 0.0, 0.0, 6.51769868, 0.0, 0.0, 0.0, 6.51769868]",16.0,2.875e-07,local
1740,mp-1187211,slab,-187.61005553,261.639,True,"[6.41424992, 0.0, 0.0, 0.0, 6.41424992, 0.0, 0.0, 0.0, 6.41424992]",16.0,3.75e-08,local
1741,mp-1187219,slab,-42.48847,34.679,True,"[4.12245567, 0.0, 0.0, 0.0, 4.12245567, 0.0, 0.0, 0.0, 4.12245567]",4.0,0.0,local
1742,mp-1187223,slab,-81.63757115,419.538,True,"[4.03520558, -0.0, 0.0, 0.0, 4.03520558, 0.0, -0.0, -0.0, 8.62869868]",8.0,0.0,local
1743,mp-1187225,slab,-134.80045383,349.737,True,"[5.9254381, 0.0, 0.0, 0.0, 5.9254381, 0.0, 0.0, 0.0, 5.9254381]",16.0,0.249046,local
1744,mp-1187227,slab,-77.00084636,258.055,True,"[4.01897212, 0.0, 0.0, 0.0, 4.01897212, 0.0, 0.0, -0.0, 8.4186692]",8.0,1.25e-08,local
1745,mp-1187228,slab,-37.25368744,1408.421,True,"[3.14769603, -5.45196945, 0.0, 3.14769603, 5.45196945, -0.0, 0.0, -0.0, 4.67507815]",8.0,0.0,local
1746,mp-1187231,slab,-32.66693501,329.15,True,"[8.02882689, 0.0, 0.0, 0.0, 8.02882689, 0.0, 0.0, 0.0, 8.02882689]",16.0,4.875e-07,local
1747,mp-1187233,slab,-143.68979411,544.045,True,"[6.2193746, 0.0, 0.0, 0.0, 6.2193746, 0.0, 0.0, 0.0, 6.2193746]",16.0,0.1837110375,local
1748,mp-1187238,slab,-133.85731427,646.791,True,"[5.99216882, 0.0, 0.0, 0.0, 5.99216882, 0.0, 0.0, 0.0, 5.99216882]",16.0,0.49394046875,local
1749,mp-1187241,slab,-82.14875165,80.882,True,"[2.78937036, -4.83133118, -0.0, 2.78937036, 4.83133118, -0.0, 0.0, -0.0, 4.48342964]",8.0,3.75e-08,local
1750,mp-1187242,slab,-193.24336189,115.279,True,"[6.3970466, 0.0, 0.0, 0.0, 6.3970466, 0.0, 0.0, 0.0, 6.3970466]",16.0,1.425e-06,local
1751,mp-1187243,slab,-46.11334222,26.397,True,"[3.93079823, 0.0, 0.0, 0.0, 3.93079823, 0.0, 0.0, -0.0, 3.93079823]",4.0,1.575e-06,local
1752,mp-1187245,slab,-172.72676231,470.839,True,"[6.32480979, 0.0, 0.0, 0.0, 6.32480979, 0.0, 0.0, -0.0, 6.32480979]",16.0,0.0,local
1753,mp-1187248,slab,-92.07546277,101.601,True,"[2.80067917, -4.85091862, 0.0, 2.80067917, 4.85091862, -0.0, 0.0, -0.0, 4.46476839]",8.0,0.0,local
1754,mp-1187250,slab,-34.96000361,45.69,True,"[4.12542337, 0.0, 0.0, 0.0, 4.12542337, 0.0, -0.0, -0.0, 4.12542337]",4.0,1.9e-06,local
1755,mp-1187251,slab,-149.8972309,402.351,True,"[6.13303003, -0.0, 0.0, 0.0, 6.13303003, 0.0, -0.0, -0.0, 6.13303003]",16.0,0.06661545625,local
1756,mp-1187253,slab,-139.73333896,404.441,True,"[6.52651552, 0.0, 0.0, 0.0, 6.52651552, 0.0, -0.0, 0.0, 6.52651552]",16.0,4.26875e-05,local
1757,mp-1187256,slab,-69.92799076,717.281,True,"[4.10405035, -0.0, 0.0, 0.0, 4.10405035, 0.0, 0.0, 0.0, 8.34318633]",8.0,0.0,local
1758,mp-1187257,slab,-15.38396278,31.761,True,"[3.92855258, 0.0, 0.0, 0.0, 3.92855258, 0.0, 0.0, 0.0, 3.92855258]",4.0,7.5e-08,local
1759,mp-1187258,slab,-80.44070608,249.057,True,"[2.79386829, -4.83912183, 0.0, 2.79386829, 4.83912183, -0.0, -0.0, -0.0, 4.38294293]",8.0,1.25e-07,local
1760,mp-11873,slab,-35.36714969,140.944,True,"[4.07066314, 0.0, 0.0, 0.0, 4.07066314, 0.0, 0.0, 0.0, 7.16628234]",7.0,0.0,local
1761,mp-1187417,slab,-133.48286492,825.696,True,"[6.30150647, 0.0, 0.0, 0.0, 6.30150647, 0.0, 0.0, 0.0, 6.30150647]",16.0,6.25e-09,local
1762,mp-1187418,slab,-133.38289815,548.021,True,"[6.36059445, 0.0, 0.0, 0.0, 6.36059445, 0.0, -0.0, 0.0, 6.36059445]",16.0,1.25e-08,local
1763,mp-1187420,slab,-157.92702411,650.049,True,"[6.24432894, 0.0, 0.0, 0.0, 6.24432894, 0.0, -0.0, -0.0, 6.24432894]",16.0,6.25e-09,local
1764,mp-1187422,slab,-144.46928614,542.895,True,"[6.08217021, -0.0, 0.0, 0.0, 6.08217021, 0.0, -0.0, -0.0, 6.08217021]",16.0,1.99375e-06,local
1765,mp-1187424,slab,-148.04808019,422.256,True,"[6.19455041, 0.0, 0.0, 0.0, 6.19455041, 0.0, 0.0, 0.0, 6.19455041]",16.0,6.25e-08,local
1766,mp-1187427,slab,-149.77700302,443.288,True,"[6.06259913, 0.0, 0.0, 0.0, 6.06259913, 0.0, 0.0, 0.0, 6.06259913]",16.0,6.25e-09,local
1767,mp-1187428,slab,-141.74345988,594.843,True,"[6.04341507, 0.0, 0.0, 0.0, 6.04341507, 0.0, 0.0, 0.0, 6.04341507]",16.0,6.25e-09,local
1768,mp-1187429,slab,-130.29415339,590.424,True,"[5.93314291, -0.0, 0.0, 0.0, 5.93314291, 0.0, -0.0, -0.0, 5.93314291]",16.0,0.235281475,local
1769,mp-1187430,slab,-147.55494287,406.936,True,"[6.18903222, -0.0, 0.0, 0.0, 6.18903222, 0.0, -0.0, -0.0, 6.18903222]",16.0,7.5e-08,local
1770,mp-1187431,slab,-121.12291815,406.486,True,"[6.19290689, 0.0, 0.0, 0.0, 6.19290689, 0.0, 0.0, 0.0, 6.19290689]",16.0,1.1875e-07,local
1771,mp-1187432,slab,-138.59036878,714.558,True,"[6.12820249, 0.0, 0.0, 0.0, 6.12820249, 0.0, 0.0, 0.0, 6.12820249]",16.0,1.4375e-07,local
1772,mp-1187436,slab,-131.5673912,654.011,True,"[6.19103825, 0.0, 0.0, 0.0, 6.19103825, 0.0, 0.0, 0.0, 6.19103825]",16.0,6.5e-07,local
1773,mp-1187443,slab,-130.64749113,496.247,True,"[6.26839195, 0.0, 0.0, 0.0, 6.26839195, 0.0, 0.0, 0.0, 6.26839195]",16.0,7.5e-08,local
1774,mp-1187444,slab,-140.27112545,699.549,True,"[6.18189189, 0.0, 0.0, 0.0, 6.18189189, 0.0, 0.0, 0.0, 6.18189189]",16.0,5.625e-08,local
1775,mp-1187453,slab,-103.85816081,356.521,True,"[6.21995447, -0.0, 0.0, 0.0, 6.21995447, 0.0, -0.0, -0.0, 6.21995447]",16.0,0.38802285625,local
1776,mp-1187459,slab,-76.52836936,520.328,True,"[6.03166077, 0.0, 0.0, 0.0, 6.03166077, 0.0, 0.0, 0.0, 6.03166077]",16.0,4.375e-08,local
1777,mp-1187461,slab,-149.30385318,1162.61,True,"[6.21242415, -0.0, 0.0, 0.0, 6.21242415, 0.0, -0.0, -0.0, 6.21242415]",16.0,0.47766193125,local
1778,mp-1187463,slab,-94.97382697,148.486,True,"[5.72139592, 0.0, 0.0, 0.0, 5.72139592, 0.0, 0.0, 0.0, 5.72139592]",16.0,0.0662665375,local
1779,mp-1187464,slab,-131.46685014,252.508,True,"[6.1515396, 0.0, 0.0, 0.0, 6.1515396, 0.0, 0.0, 0.0, 6.1515396]",16.0,4.32375e-05,local
1780,mp-1187466,slab,-24.08895439,44.247,True,"[4.14260497, -0.0, 0.0, 0.0, 4.14260497, 0.0, -0.0, -0.0, 4.14260497]",4.0,2.75e-07,local
1781,mp-1187474,slab,-50.08124171,563.36,True,"[3.94632374, 0.0, 0.0, 0.0, 3.94632374, 0.0, -0.0, 0.0, 8.36672441]",8.0,1.625e-07,local
1782,mp-1187475,slab,-54.57144115,202.443,True,"[3.84182226, -0.0, 0.0, 0.0, 3.84182226, 0.0, 0.0, -0.0, 8.08635209]",8.0,1.25e-08,local
1783,mp-1187477,slab,-55.36581649,115.707,True,"[2.9073617, -5.03569819, -0.0, 2.9073617, 5.03569819, 0.0, -0.0, -0.0, 4.84174929]",8.0,2.5e-07,local
1784,mp-1187478,slab,-19.88523681,84.335,True,"[3.1009514, -5.37100537, 0.0, 3.1009514, 5.37100537, -0.0, 0.0, 0.0, 4.83252062]",8.0,4.82875e-05,local
1785,mp-1187490,slab,-8.96971678,15.11,True,"[4.810103, 0.0, 0.0, 0.0, 4.810103, 0.0, 0.0, 0.0, 4.810103]",4.0,1.67e-05,local
1786,mp-1187491,slab,-66.94580912,484.275,True,"[6.1862556, 0.0, 0.0, 0.0, 6.1862556, 0.0, 0.0, 0.0, 6.1862556]",16.0,3.125e-08,local
1787,mp-1187497,slab,-117.92981408,434.214,True,"[6.15424972, -0.0, 0.0, 0.0, 6.15424972, 0.0, -0.0, -0.0, 6.15424972]",16.0,2.281875e-05,local
1788,mp-1187498,slab,-7.18421159,30.189,True,"[4.82351004, -0.0, 0.0, 0.0, 4.82351004, 0.0, 0.0, 0.0, 4.82351004]",4.0,5.375e-06,local
1789,mp-1187499,slab,-147.23320417,394.042,True,"[6.16387982, 0.0, 0.0, 0.0, 6.16387982, 0.0, 0.0, 0.0, 6.16387982]",16.0,1.22164506875,local
1790,mp-1187508,slab,-11.44263363,32.193,True,"[4.30689582, 0.0, 0.0, 0.0, 4.30689582, 0.0, -0.0, -0.0, 4.30689582]",4.0,5.5e-07,local
1791,mp-1187511,slab,-179.09473778,497.079,True,"[6.24710001, 0.0, 0.0, 0.0, 6.24710001, 0.0, 0.0, 0.0, 6.24710001]",16.0,0.0,local
1792,mp-1187512,slab,-37.36295691,827.723,True,"[4.26776052, -0.0, 0.0, 0.0, 4.26776052, 0.0, 0.0, 0.0, 7.61498786]",8.0,8.49625e-05,local
1793,mp-1187513,slab,-29.11126761,262.954,True,"[7.81001253, -0.0, 0.0, 0.0, 7.81001253, 0.0, -0.0, 0.0, 7.81001253]",16.0,4.375e-08,local
1794,mp-1187514,slab,-66.82163193,242.886,True,"[2.92176054, -5.0606377, -0.0, 2.92176054, 5.0606377, 0.0, 0.0, 0.0, 4.75280022]",8.0,9.375e-07,local
1795,mp-1187525,slab,-61.57656597,127.28,True,"[2.82335583, -4.89019574, -0.0, 2.82335583, 4.89019574, -0.0, -0.0, -0.0, 4.51705755]",8.0,1.625e-07,local
1796,mp-1187527,slab,-63.76238863,194.389,True,"[6.57049339, -0.0, 0.0, 0.0, 6.57049339, 0.0, -0.0, -0.0, 6.57049339]",16.0,0.0,local
1797,mp-1187531,slab,-23.84261728,201.472,True,"[2.81684205, -4.87891354, 0.0, 2.81684205, 4.87891354, -0.0, 0.0, 0.0, 4.35207372]",8.0,0.0,local
1798,mp-1187532,slab,-9.7460381,23.17,True,"[4.76759349, 0.0, 0.0, 0.0, 4.76759349, 0.0, 0.0, 0.0, 4.76759349]",4.0,6.75e-07,local
1799,mp-1187540,slab,-46.65009953,192.103,True,"[2.84233481, -4.92306831, -0.0, 2.84233481, 4.92306831, 0.0, -0.0, -0.0, 4.58425411]",8.0,1.125e-07,local
1800,mp-1187541,slab,-53.16476044,334.851,True,"[4.07574899, -0.0, 0.0, 0.0, 4.07574899, 0.0, -0.0, -0.0, 8.76184996]",8.0,1.125e-06,local
1801,mp-1187545,slab,-17.88973463,84.322,True,"[4.70358912, -0.0, 0.0, 0.0, 4.70358912, 0.0, 0.0, -0.0, 10.10385004]",8.0,3.75e-08,local
1802,mp-1187551,slab,-14.49016088,397.957,True,"[4.69410807, 0.0, 0.0, 0.0, 4.69410807, 0.0, 0.0, 0.0, 10.19053983]",8.0,8.75e-08,local
1803,mp-1187555,slab,-14.51193131,365.872,True,"[4.85723616, 0.0, 0.0, 0.0, 4.85723616, 0.0, 0.0, 0.0, 10.04735383]",8.0,1e-07,local
1804,mp-1187566,slab,-4.7020397,50.674,True,"[4.25986659, 0.0, 0.0, 0.0, 4.25986659, 0.0, -0.0, -0.0, 4.25986659]",4.0,8e-07,local
1805,mp-1187665,slab,-26.55812736,90.068,True,"[4.16713662, 0.0, 0.0, 0.0, 4.16713662, 0.0, 0.0, -0.0, 4.16713662]",4.0,9e-07,local
1806,mp-1187671,slab,-58.5994674,245.214,True,"[2.74903472, -4.7614678, 0.0, 2.74903472, 4.7614678, -0.0, 0.0, 0.0, 4.66739524]",8.0,1.3125e-06,local
1807,mp-1187694,slab,-172.75306776,450.134,True,"[6.09376897, 0.0, 0.0, 0.0, 6.09376897, 0.0, 0.0, 0.0, 6.09376897]",16.0,6.25e-09,local
1808,mp-1187695,slab,-146.46651476,462.716,True,"[5.90877857, 0.0, 0.0, 0.0, 5.90877857, 0.0, 0.0, 0.0, 5.90877857]",16.0,2.5625e-07,local
1809,mp-1187696,slab,-151.12710546,418.363,True,"[5.74615951, 0.0, 0.0, 0.0, 5.74615951, 0.0, 0.0, 0.0, 5.74615951]",16.0,1.25e-08,local
1810,mp-1187697,slab,-143.16450391,521.201,True,"[5.84086716, 0.0, 0.0, 0.0, 5.84086716, 0.0, 0.0, 0.0, 5.84086716]",16.0,1e-07,local
1811,mp-1187698,slab,-98.94913891,393.632,True,"[5.71600819, 0.0, 0.0, 0.0, 5.71600819, 0.0, 0.0, 0.0, 5.71600819]",16.0,0.00066658125,local
1812,mp-1187702,slab,-192.77339215,594.07,True,"[6.27732843, 0.0, 0.0, 0.0, 6.27732843, 0.0, 0.0, 0.0, 6.27732843]",16.0,0.0,local
1813,mp-1187703,slab,-132.96553649,340.915,True,"[6.82594882, -0.0, 0.0, 0.0, 6.82594882, 0.0, 0.0, 0.0, 6.82594882]",16.0,5e-08,local
1814,mp-1187704,slab,-72.35375835,404.075,True,"[7.22847007, 0.0, 0.0, 0.0, 7.22847007, 0.0, -0.0, 0.0, 7.22847007]",16.0,1.875e-08,local
1815,mp-1187705,slab,-113.12432426,233.756,True,"[7.03143253, -0.0, 0.0, 0.0, 7.03143253, 0.0, -0.0, -0.0, 7.03143253]",16.0,6.25e-09,local
1816,mp-1187707,slab,-75.74442411,189.637,True,"[7.37076933, 0.0, 0.0, 0.0, 7.37076933, 0.0, 0.0, 0.0, 7.37076933]",16.0,5e-08,local
1817,mp-1187708,slab,-83.34614355,185.676,True,"[7.29790018, 0.0, 0.0, 0.0, 7.29790018, 0.0, -0.0, -0.0, 7.29790018]",16.0,6.25e-09,local
1818,mp-1187709,slab,-78.69860474,234.852,True,"[7.1842284, 0.0, 0.0, 0.0, 7.1842284, 0.0, 0.0, 0.0, 7.1842284]",16.0,1.25e-08,local
1819,mp-1187710,slab,-64.19080369,185.573,True,"[7.54344993, 0.0, 0.0, 0.0, 7.54344993, 0.0, 0.0, 0.0, 7.54344993]",16.0,2.7125e-06,local
1820,mp-1187711,slab,-81.84490836,258.232,True,"[7.24672157, 0.0, 0.0, 0.0, 7.24672157, 0.0, -0.0, 0.0, 7.24672157]",16.0,5.5e-07,local
1821,mp-1187713,slab,-141.08588594,353.236,True,"[6.05523564, 0.0, 0.0, 0.0, 6.05523564, 0.0, 0.0, 0.0, 6.05523564]",16.0,1.25e-08,local
1822,mp-1187716,slab,-75.58658175,301.113,True,"[7.05855394, 0.0, 0.0, 0.0, 7.05855394, 0.0, 0.0, 0.0, 7.05855394]",16.0,2.1875e-07,local
1823,mp-1187718,slab,-115.34390306,131.07,True,"[6.86846, 0.0, 0.0, 0.0, 6.86846, 0.0, 0.0, 0.0, 6.86846]",16.0,2.510625e-05,local
1824,mp-1187720,slab,-85.09460214,363.576,True,"[7.24097581, 0.0, 0.0, 0.0, 7.24097581, 0.0, 0.0, 0.0, 7.24097581]",16.0,1.875e-08,local
1825,mp-1187721,slab,-70.71896996,175.027,True,"[7.56069913, 0.0, 0.0, 0.0, 7.56069913, 0.0, -0.0, 0.0, 7.56069913]",16.0,3.125e-08,local
1826,mp-1187723,slab,-88.2898669,312.957,True,"[7.10679855, 0.0, 0.0, 0.0, 7.10679855, 0.0, 0.0, 0.0, 7.10679855]",16.0,1.1875e-07,local
1827,mp-1187725,slab,-70.71318604,463.619,True,"[7.40279808, 0.0, 0.0, 0.0, 7.40279808, 0.0, 0.0, 0.0, 7.40279808]",16.0,1.125e-07,local
1828,mp-1187730,slab,-94.47683285,292.54,True,"[6.99451696, 0.0, 0.0, 0.0, 6.99451696, 0.0, 0.0, 0.0, 6.99451696]",16.0,6.875e-08,local
1829,mp-1187735,slab,-24.55296457,23.122,True,"[4.892505, 0.0, 0.0, 0.0, 4.892505, 0.0, 0.0, 0.0, 4.892505]",4.0,0.275360525,local
1830,mp-1187738,slab,-128.0752486,522.065,True,"[6.24735918, 0.0, 0.0, 0.0, 6.24735918, 0.0, 0.0, 0.0, 6.24735918]",16.0,0.25441960625,local
1831,mp-1187741,slab,-36.95483621,89.064,True,"[2.9157143, -5.05016531, -0.0, 2.9157143, 5.05016531, 0.0, -0.0, 0.0, 4.68637157]",8.0,0.6704601875,local
1832,mp-1187751,slab,-115.24242846,251.622,True,"[6.94569315, 0.0, 0.0, 0.0, 6.94569315, 0.0, 0.0, 0.0, 6.94569315]",16.0,6.25e-09,local
1833,mp-1187753,slab,-60.21035081,1755.992,True,"[3.69303716, -0.0, 0.0, 0.0, 3.69303716, 0.0, 0.0, 0.0, 7.76202862]",8.0,1.25e-08,local
1834,mp-1187757,slab,-110.50672218,474.364,True,"[6.99883347, -0.0, 0.0, 0.0, 6.99883347, 0.0, -0.0, -0.0, 6.99883347]",16.0,0.0,local
1835,mp-1187762,slab,-124.68797104,288.952,True,"[6.89620978, -0.0, 0.0, 0.0, 6.89620978, 0.0, -0.0, -0.0, 6.89620978]",16.0,8.9375e-07,local
1836,mp-1187764,slab,-92.99919512,192.195,True,"[7.05903564, -0.0, 0.0, 0.0, 7.05903564, 0.0, -0.0, -0.0, 7.05903564]",16.0,1.25e-08,local
1837,mp-1187765,slab,-108.91432631,209.504,True,"[7.01643792, -0.0, 0.0, 0.0, 7.01643792, 0.0, -0.0, -0.0, 7.01643792]",16.0,3.125e-08,local
1838,mp-1187766,slab,-23.17228453,43.08,True,"[4.7385819, 0.0, 0.0, 0.0, 4.7385819, 0.0, -0.0, -0.0, 4.7385819]",4.0,0.071613825,local
1839,mp-1187768,slab,-75.76366133,452.673,True,"[7.15307192, 0.0, 0.0, 0.0, 7.15307192, 0.0, 0.0, -0.0, 7.15307192]",16.0,1.33125e-06,local
1840,mp-1187770,slab,-77.59901587,284.378,True,"[7.56195269, 0.0, 0.0, 0.0, 7.56195269, 0.0, 0.0, -0.0, 7.56195269]",16.0,6.875e-08,local
1841,mp-1187771,slab,-102.91791925,612.915,True,"[6.97208666, 0.0, 0.0, 0.0, 6.97208666, 0.0, 0.0, 0.0, 6.97208666]",16.0,0.0,local
1842,mp-1187782,slab,-49.11705867,262.82,True,"[3.46134413, -5.9952239, -0.0, 3.46134413, 5.9952239, 0.0, -0.0, 0.0, 5.6698078]",8.0,0.280417125,local
1843,mp-1187800,slab,-57.01523471,318.23,True,"[5.99529504, 0.0, 0.0, 0.0, 5.99529504, 0.0, 0.0, 0.0, 5.99529504]",16.0,8.125e-08,local
1844,mp-1187804,slab,-50.57022321,154.041,True,"[3.40729175, -5.90160243, 0.0, 3.40729175, 5.90160243, -0.0, -0.0, 0.0, 5.57120981]",8.0,0.27908195,local
1845,mp-1187805,slab,-49.48379155,222.993,True,"[4.67111297, -0.0, 0.0, 0.0, 4.67111297, 0.0, -0.0, -0.0, 10.50241579]",8.0,1.415e-05,local
1846,mp-1187809,slab,-78.00480102,196.943,True,"[6.81975295, -0.0, 0.0, 0.0, 6.81975295, 0.0, -0.0, -0.0, 6.81975295]",16.0,3.9375e-07,local
1847,mp-1187811,slab,-62.06053208,257.441,True,"[6.92579608, 0.0, 0.0, 0.0, 6.92579608, 0.0, 0.0, -0.0, 6.92579608]",16.0,1.25e-08,local
1848,mp-1187816,slab,-31.10047538,434.33,True,"[4.44983843, 0.0, 0.0, 0.0, 4.44983843, 0.0, 0.0, 0.0, 8.33082414]",8.0,5e-08,local
1849,mp-1187819,slab,-39.12358535,160.511,True,"[4.65676062, -0.0, 0.0, 0.0, 4.65676062, 0.0, -0.0, -0.0, 11.17837782]",8.0,0.0,local
1850,mp-1187822,slab,-44.54661223,169.072,True,"[3.44605124, -5.96873583, -0.0, 3.44605124, 5.96873583, 0.0, -0.0, 0.0, 5.66956263]",8.0,0.348027025,local
1851,mp-1187824,slab,-38.96876875,1309.826,True,"[3.43936448, -5.95715403, 0.0, 3.43936448, 5.95715403, 0.0, -0.0, -0.0, 5.95722404]",8.0,3.75e-08,local
1852,mp-1187836,slab,-95.36779362,266.332,True,"[6.64634094, 0.0, 0.0, 0.0, 6.64634094, 0.0, 0.0, 0.0, 6.64634094]",16.0,1.25e-08,local
1853,mp-1187844,slab,-59.36935809,541.831,True,"[4.38897231, 0.0, 0.0, 0.0, 4.38897231, 0.0, 0.0, 0.0, 9.64852399]",8.0,8.75e-08,local
1854,mp-1187860,slab,-77.86057674,158.406,True,"[8.54212923, 0.0, 0.0, 0.0, 8.54212923, 0.0, 0.0, 0.0, 8.54212923]",24.0,9.318333333333333e-05,local
1855,mp-1187869,slab,-65.34630713,262.664,True,"[6.94119354, 0.0, 0.0, 0.0, 6.94119354, 0.0, 0.0, 0.0, 6.94119354]",16.0,1.625e-06,local
1856,mp-1187874,slab,-83.43349589,209.626,True,"[6.6240909, -0.0, 0.0, 0.0, 6.6240909, 0.0, -0.0, -0.0, 6.6240909]",16.0,1.875e-08,local
1857,mp-1187876,slab,-106.44824107,294.266,True,"[6.74307143, 0.0, 0.0, 0.0, 6.74307143, 0.0, 0.0, 0.0, 6.74307143]",16.0,2.625e-07,local
1858,mp-1187881,slab,-47.96402257,245.066,True,"[4.7096514, -0.0, 0.0, 0.0, 4.7096514, 0.0, -0.0, -0.0, 10.69998309]",8.0,0.000907775,local
1859,mp-1187884,slab,-45.92956423,207.058,True,"[3.44596414, -5.96858497, -0.0, 3.44596414, 5.96858497, 0.0, -0.0, 0.0, 5.63219083]",8.0,0.2907268125,local
1860,mp-1187911,slab,-74.91729968,229.516,True,"[5.75665893, 0.0, 0.0, 0.0, 5.75665893, 0.0, 0.0, 0.0, 5.75665893]",16.0,1.4375e-07,local
1861,mp-1187913,slab,-17.98004707,49.516,True,"[3.91358155, 0.0, 0.0, 0.0, 3.91358155, 0.0, 0.0, -0.0, 3.91358155]",4.0,2.5e-08,local
1862,mp-1187916,slab,-64.43947902,601.374,True,"[6.38939481, 0.0, 0.0, 0.0, 6.38939481, 0.0, 0.0, 0.0, 6.38939481]",16.0,0.0,local
1863,mp-1187920,slab,-88.22932696,396.359,True,"[6.06181427, 0.0, 0.0, 0.0, 6.06181427, 0.0, 0.0, 0.0, 6.06181427]",16.0,1.25e-08,local
1864,mp-1187921,slab,-131.85840154,380.691,True,"[6.1237905, 0.0, 0.0, 0.0, 6.1237905, 0.0, 0.0, 0.0, 6.1237905]",16.0,1.25e-08,local
1865,mp-1187922,slab,-79.28750629,394.381,True,"[6.27270937, 0.0, 0.0, 0.0, 6.27270937, 0.0, 0.0, 0.0, 6.27270937]",16.0,3.125e-08,local
1866,mp-1187923,slab,-12.46107449,45.715,True,"[3.83643986, 0.0, 0.0, 0.0, 3.83643986, 0.0, 0.0, 0.0, 3.83643986]",4.0,0.570968325,local
1867,mp-1187926,slab,-61.85154516,317.79,True,"[6.28788878, -0.0, 0.0, 0.0, 6.28788878, 0.0, 0.0, -0.0, 6.28788878]",16.0,0.0,local
1868,mp-1187935,slab,-65.13047896,655.954,True,"[5.81569333, 0.0, 0.0, 0.0, 5.81569333, 0.0, 0.0, 0.0, 5.81569333]",16.0,1.5625e-07,local
1869,mp-1187936,slab,-16.05684217,145.844,True,"[3.93399055, -0.0, 0.0, 0.0, 3.93399055, 0.0, 0.0, -0.0, 7.93375101]",8.0,2.5e-08,local
1870,mp-1187939,slab,-85.28989771,341.335,True,"[6.27331596, 0.0, 0.0, 0.0, 6.27331596, 0.0, 0.0, 0.0, 6.27331596]",16.0,1.875e-08,local
1871,mp-1187940,slab,-136.42145448,313.741,True,"[6.58347325, -0.0, 0.0, 0.0, 6.58347325, 0.0, -0.0, -0.0, 6.58347325]",16.0,4.375e-08,local
1872,mp-1187946,slab,-18.75384696,1389.733,True,"[4.11290569, 0.0, 0.0, 0.0, 4.11290569, 0.0, -0.0, 0.0, 8.07212171]",8.0,0.0,local
1873,mp-1187948,slab,-18.87434659,196.942,True,"[2.66610968, -4.61783742, -0.0, 2.66610968, 4.61783742, -0.0, 0.0, -0.0, 4.28645308]",8.0,0.0,local
1874,mp-1187949,slab,-45.23688086,311.482,True,"[7.70949443, -0.0, 0.0, 0.0, 7.70949443, 0.0, 0.0, -0.0, 7.70949443]",16.0,3.6875e-07,local
1875,mp-1187951,slab,-43.97115158,247.917,True,"[3.57877513, 0.0, 0.0, 0.0, 3.57877513, 0.0, 0.0, 0.0, 7.17325161]",8.0,1.12109455,local
1876,mp-1187952,slab,-18.79129097,95.129,True,"[2.87575075, -4.98094642, 0.0, 2.87575075, 4.98094642, -0.0, -0.0, -0.0, 4.74867787]",8.0,5e-08,local
1877,mp-1187954,slab,-33.63918868,386.4,True,"[7.35531027, -0.0, 0.0, 0.0, 7.35531027, 0.0, 0.0, 0.0, 7.35531027]",16.0,6.25e-09,local
1878,mp-1187969,slab,-12.42854179,280.374,True,"[2.78155307, -4.81779123, 0.0, 2.78155307, 4.81779123, -0.0, -0.0, -0.0, 4.65440116]",8.0,0.0,local
1879,mp-1187974,slab,-3.91101296,57.381,True,"[1.46018175, -2.52910898, -0.0, 1.46018175, 2.52910898, 0.0, -0.0, 0.0, 4.44096318]",2.0,3e-07,local
1880,mp-1187976,slab,-24.36033585,2075.829,True,"[4.6204646, 0.0, 0.0, 0.0, 4.6204646, 0.0, 0.0, -0.0, 9.51443812]",8.0,1.25e-08,local
1881,mp-1187977,slab,-152.43714236,201.645,True,"[6.47148188, 0.0, 0.0, 0.0, 6.47148188, 0.0, 0.0, 0.0, 6.47148188]",16.0,0.0269652375,local
1882,mp-1187978,slab,-7.97207007,102.625,True,"[1.29746045, -2.24726742, 0.0, 1.29746045, 2.24726742, 0.0, -0.0, 0.0, 4.08917662]",2.0,1.975e-05,local
1883,mp-1187993,slab,-21.02133963,213.559,True,"[2.65615263, -4.60059131, 0.0, 2.65615263, 4.60059131, -0.0, -0.0, 0.0, 4.26023162]",8.0,0.0001643875,local
1884,mp-11879,slab,-42.54004087,405.799,True,"[4.87377969, 0.0, 0.0, 0.0, 4.87377969, 0.0, 0.0, 0.0, 11.07820727]",10.0,2e-08,local
1885,mp-1188000,slab,-14.3472463,158.192,True,"[2.77195152, -4.80116087, -0.0, 2.77195152, 4.80116087, -0.0, 0.0, 0.0, 4.65494115]",8.0,2.5e-08,local
1886,mp-1188008,slab,-29.80555957,46.747,True,"[4.35215724, -0.0, 0.0, 0.0, 4.35215724, 0.0, 0.0, 0.0, 4.35215724]",4.0,5.75e-07,local
1887,mp-1188009,slab,-60.40674865,232.705,True,"[6.77689365, 0.0, 0.0, 0.0, 6.77689365, 0.0, 0.0, 0.0, 6.77689365]",16.0,6.25e-09,local
1888,mp-1188014,slab,-143.11157172,272.754,True,"[6.47608762, 0.0, 0.0, 0.0, 6.47608762, 0.0, 0.0, 0.0, 6.47608762]",16.0,5.625e-08,local
1889,mp-1188015,slab,-130.79724711,161.129,True,"[6.48725847, 0.0, 0.0, 0.0, 6.48725847, 0.0, 0.0, 0.0, 6.48725847]",16.0,0.2582441375,local
1890,mp-1188016,slab,-58.13268892,181.197,True,"[4.21921048, -0.0, 0.0, 0.0, 4.21921048, 0.0, -0.0, -0.0, 8.78727328]",8.0,0.0,local
1891,mp-1188018,slab,-60.89149543,146.738,True,"[3.1013835, -5.3717538, -0.0, 3.1013835, 5.3717538, -0.0, 0.0, 0.0, 5.07133243]",8.0,3.75e-08,local
1892,mp-1188019,slab,-155.91944322,308.758,True,"[6.5864307, 0.0, 0.0, 0.0, 6.5864307, 0.0, 0.0, 0.0, 6.5864307]",16.0,2.25e-07,local
1893,mp-1188021,slab,-117.1053655,367.793,True,"[6.33578284, 0.0, 0.0, 0.0, 6.33578284, 0.0, 0.0, 0.0, 6.33578284]",16.0,5.8125e-07,local
1894,mp-1188022,slab,-137.32259911,477.246,True,"[6.35635389, 0.0, 0.0, 0.0, 6.35635389, 0.0, -0.0, -0.0, 6.35635389]",16.0,1.17810305625,local
1895,mp-1188024,slab,-36.74502509,56.148,True,"[4.43965955, -0.0, 0.0, 0.0, 4.43965955, 0.0, 0.0, -0.0, 4.43965955]",4.0,1e-07,local
1896,mp-1188029,slab,-26.62741948,51.648,True,"[4.46180831, 0.0, 0.0, 0.0, 4.46180831, 0.0, 0.0, 0.0, 4.46180831]",4.0,8.5e-07,local
1897,mp-1188030,slab,-53.22171755,312.388,True,"[4.39212967, 0.0, 0.0, 0.0, 4.39212967, 0.0, 0.0, 0.0, 9.23316008]",8.0,0.0,local
1898,mp-1188031,slab,-120.99230615,567.912,True,"[6.32518152, -0.0, 0.0, 0.0, 6.32518152, 0.0, -0.0, -0.0, 6.32518152]",16.0,0.28531798125,local
1899,mp-1188033,slab,-73.47779702,233.902,True,"[2.84085128, -4.92049876, 0.0, 2.84085128, 4.92049876, -0.0, 0.0, -0.0, 4.45024615]",8.0,0.0,local
1900,mp-1188034,slab,-60.37045916,330.561,True,"[2.67265861, -4.62918051, 0.0, 2.67265861, 4.62918051, -0.0, 0.0, 0.0, 4.1872684]",8.0,0.2460370625,local
1901,mp-1188039,slab,-63.0538232,797.171,True,"[3.06588324, -5.31026555, 0.0, 3.06588324, 5.31026555, 0.0, -0.0, -0.0, 5.03621048]",8.0,2.375e-07,local
1902,mp-1188040,slab,-40.09773497,814.615,True,"[2.84190466, -4.92232327, -0.0, 2.84190466, 4.92232327, -0.0, -0.0, -0.0, 4.25968003]",8.0,2.5e-08,local
1903,mp-1188043,slab,-66.63351788,156.724,True,"[3.03363235, -5.25440535, -0.0, 3.03363235, 5.25440535, -0.0, 0.0, 0.0, 5.12264422]",8.0,0.0,local
1904,mp-1188051,slab,-60.4309735,228.887,True,"[3.18111595, -5.50985445, -0.0, 3.18111595, 5.50985445, -0.0, 0.0, -0.0, 5.27914253]",8.0,7.5e-08,local
1905,mp-1188052,slab,-109.07367728,338.371,True,"[6.06072576, 0.0, 0.0, 0.0, 6.06072576, 0.0, 0.0, 0.0, 6.06072576]",16.0,0.254346425,local
1906,mp-1188053,slab,-73.60692134,210.564,True,"[3.15550758, -5.46549945, 0.0, 3.15550758, 5.46549945, -0.0, -0.0, -0.0, 5.10538437]",8.0,6.25e-08,local
1907,mp-1188054,slab,-67.5343298,304.267,True,"[4.01799998, -0.0, 0.0, 0.0, 4.01799998, 0.0, -0.0, -0.0, 10.00518427]",8.0,2.5e-08,local
1908,mp-1188056,slab,-62.53075567,309.693,True,"[3.13689646, -5.43326404, 0.0, 3.13689646, 5.43326404, 0.0, -0.0, 0.0, 5.20070026]",8.0,3.75e-08,local
1909,mp-1188058,slab,-67.70168935,284.9,True,"[3.16192389, -5.47661283, 0.0, 3.16192389, 5.47661283, -0.0, 0.0, -0.0, 4.89863821]",8.0,0.3909842,local
1910,mp-1188059,slab,-127.98535962,1086.22,True,"[6.3032369, 0.0, 0.0, 0.0, 6.3032369, 0.0, 0.0, 0.0, 6.3032369]",16.0,3.6875e-07,local
1911,mp-1188061,slab,-61.6859542,182.752,True,"[3.15820267, -5.47016748, -0.0, 3.15820267, 5.47016748, 0.0, -0.0, -0.0, 5.18674282]",8.0,3.75e-08,local
1912,mp-1188062,slab,-63.83334188,185.578,True,"[3.24424541, -5.61919788, -0.0, 3.24424541, 5.61919788, 0.0, -0.0, 0.0, 5.14109577]",8.0,4.875e-07,local
1913,mp-1188066,slab,-104.85919541,392.53,True,"[6.27529937, 0.0, 0.0, 0.0, 6.27529937, 0.0, 0.0, 0.0, 6.27529937]",16.0,0.26204824375,local
1914,mp-1188074,slab,-22.54640774,3787.398,True,"[5.25439861, 0.0, 0.0, 0.0, 12.91489934, 0.0, 0.0, -0.0, 4.42869865]",16.0,0.0,local
1915,mp-1190,slab,-24.1260331,88.178,True,"[5.74455466, 0.0, 0.0, 0.0, 5.74455466, 0.0, 0.0, 0.0, 5.74455466]",8.0,0.0,local
1916,mp-11947,slab,-48.45436891,156.285,True,"[6.33931666, 0.0, 0.0, 0.0, 6.33931666, 0.0, 0.0, 0.0, 6.33931666]",16.0,2.1875e-07,local
1917,mp-1194,slab,-7.45750167,92.033,True,"[3.00864798, 0.0, 0.0, 0.0, 3.00864798, 0.0, -0.0, -0.0, 3.88771892]",2.0,2.5e-07,local
1918,mp-11957,slab,-82.97116436,1378.375,True,"[4.35431158, 0.0, 0.0, 0.0, 10.87088559, 0.0, 0.0, 0.0, 7.69602381]",16.0,6.25e-09,local
1919,mp-11958,slab,-69.99201773,1085.951,True,"[4.48521764, 0.0, 0.0, 0.0, 11.33024935, 0.0, 0.0, 0.0, 7.49483425]",16.0,0.0,local
1920,mp-11959,slab,-77.8254355,2276.572,True,"[4.37473788, 0.0, 0.0, 0.0, 10.92985047, 0.0, 0.0, 0.0, 7.63047466]",16.0,0.0,local
1921,mp-11977,slab,-20.58663677,157.209,True,"[2.36735343, -4.10037642, -0.0, 2.36735343, 4.10037642, 0.0, 0.0, 0.0, 6.13131463]",6.0,0.0,local
1922,mp-1205316,slab,-22.24128159,83.609,True,"[2.44799082, -4.24004447, 0.0, 2.44799082, 4.24004447, -0.0, 0.0, -0.0, 9.39973718]",6.0,0.0,local
1923,mp-1205318,slab,-21.01808407,94.415,True,"[2.50866991, -4.34514374, 0.0, 2.50866991, 4.34514374, 0.0, -0.0, -0.0, 9.43211866]",6.0,3.3333333333333334e-08,local
1924,mp-1205343,slab,-41.65680934,1670.06,True,"[4.3812769, -0.0, 0.0, 0.0, 4.3812769, 0.0, -0.0, -0.0, 10.54103928]",8.0,0.887808275,local
1925,mp-1205765,slab,-54.80265601,1825.697,True,"[4.50819716, 0.0, 0.0, 0.0, 4.50819716, 0.0, -0.0, -0.0, 24.39463869]",16.0,6.25e-09,local
1926,mp-1206037,slab,-51.57735893,207.81,True,"[2.41956539, -4.19081019, -0.0, 2.41956539, 4.19081019, 0.0, 0.0, -0.0, 8.23592236]",8.0,5e-08,local
1927,mp-1206058,slab,-41.47986948,7012.223,True,"[0.0, 6.76367967, 0.00227981, 11.72892352, 0.0, 0.0, 0.0, -2.19402334, -6.3747538]",16.0,9.375e-08,local
1928,mp-1206080,slab,-66.41339546,7358.274,True,"[3.98169174, -0.0, 0.0, 0.0, 3.98169174, 0.0, -0.0, -0.0, 17.28497673]",16.0,0.0,local
1929,mp-1206088,slab,-104.53305892,4072.596,True,"[4.00310233, 0.0, 0.0, 0.0, 16.40332033, 0.0, 0.0, 0.0, 3.97988149]",16.0,0.0,local
1930,mp-1206110,slab,-204.19781208,918.792,True,"[7.8243192, -0.0, 0.0, 0.0, 7.8243192, 0.0, 0.0, 0.0, 7.8243192]",32.0,0.518145875,local
1931,mp-1206129,slab,-61.26761056,331.364,True,"[4.09323667, 0.0, 0.0, 0.0, 4.09323667, 0.0, 0.0, 0.0, 13.96659288]",10.0,1e-08,local
1932,mp-1206169,slab,-23.61564789,160.266,True,"[2.06024187, -3.56844359, -0.0, 2.06024187, 3.56844359, -0.0, 0.0, -0.0, 9.388953]",6.0,5e-08,local
1933,mp-1206177,slab,-66.91757627,13774.115,True,"[4.28938559, -0.0, 0.0, 0.0, 16.43861652, 0.0, 0.0, -0.0, 4.08269384]",12.0,0.0,local
1934,mp-1206242,slab,-29.47043602,365.647,True,"[4.67320342, 0.0, 0.0, 0.0, 4.67320342, 0.0, 0.0, -0.0, 7.51231473]",7.0,0.0,local
1935,mp-1206268,slab,-49.92369226,984.993,True,"[4.48770043, 0.0, 0.0, 0.0, 13.73238516, 0.0, -0.0, 0.0, 4.48849166]",12.0,8.333333333333334e-09,local
1936,mp-1206280,slab,-25.46551884,52.226,True,"[2.27242482, -3.93595524, 0.0, 2.27242482, 3.93595524, -0.0, -0.0, 0.0, 7.16516682]",6.0,1.6666666666666667e-08,local
1937,mp-1206281,slab,-19.89420607,41.805,True,"[2.17906446, -3.77425036, 0.0, 2.17906446, 3.77425036, -0.0, -0.0, -0.0, 5.49616307]",6.0,4.5e-07,local
1938,mp-1206308,slab,-48.10256089,54.503,True,"[2.09331986, -3.62573636, 0.0, 2.09331986, 3.62573636, 0.0, -0.0, -0.0, 5.50156844]",6.0,3.333333333333333e-07,local
1939,mp-1206346,slab,-187.53357491,658.341,True,"[7.92230372, 0.0, 0.0, 0.0, 7.92230372, 0.0, -0.0, 0.0, 7.92230372]",32.0,7.59375e-07,local
1940,mp-1206348,slab,-60.38263146,165.203,True,"[4.06916633, 0.0, 0.0, 0.0, 4.06916633, 0.0, 0.0, 0.0, 14.90737247]",10.0,4e-08,local
1941,mp-1206350,slab,-35.30375561,1677.215,True,"[4.06086585, -0.0, 0.0, 0.0, 7.93690531, 0.0, 0.0, -0.0, 10.47389878]",10.0,0.0,local
1942,mp-1206356,slab,-63.7515148,2666.419,True,"[4.04769688, 0.0, 0.0, 0.0, 5.43776794, 0.0, -0.0, 0.0, 8.35307301]",10.0,8.399999999999999e-07,local
1943,mp-1206362,slab,-119.70216448,82.006,True,"[6.45244924, -0.0, 0.0, 0.0, 6.45244924, 0.0, -0.0, -0.0, 6.45244924]",16.0,6.875e-08,local
1944,mp-1206365,slab,-75.75176034,240.114,True,"[5.7037754, 0.0, 0.0, 0.0, 5.7037754, 0.0, 0.0, -0.0, 5.7037754]",16.0,3.75e-08,local
1945,mp-1206369,slab,-91.21402121,386.155,True,"[6.70446731, 0.0, 0.0, 0.0, 6.70446731, 0.0, 0.0, 0.0, 6.70446731]",16.0,2e-07,local
1946,mp-1206373,slab,-24.03797122,84.238,True,"[1.85730118, -3.21694001, -0.0, 1.85730118, 3.21694001, 0.0, 0.0, -0.0, 6.66328387]",4.0,3e-07,local
1947,mp-1206376,slab,-18.73438579,34.997,True,"[4.09886356, 0.0, 0.0, 0.0, 4.09886356, 0.0, 0.0, 0.0, 4.09886356]",4.0,1.095761875,local
1948,mp-1206379,slab,-52.80361169,278.318,True,"[4.01214012, -0.0, 0.0, 0.0, 4.01214012, 0.0, -0.0, -0.0, 7.34288137]",8.0,0.5154899875,local
1949,mp-1206406,slab,-60.65046958,151.533,True,"[4.05804573, 0.0, 0.0, 0.0, 4.05804573, 0.0, 0.0, 0.0, 13.46445906]",10.0,2e-08,local
1950,mp-1206407,slab,-106.29529759,230.403,True,"[5.96392, 0.0, 0.0, 0.0, 5.96392, 0.0, 0.0, 0.0, 5.96392]",16.0,1.8225724375,local
1951,mp-1206424,slab,-57.86081782,237.872,True,"[4.31305937, 0.0, 0.0, 0.0, 4.31305937, 0.0, 0.0, -0.0, 10.14762245]",10.0,0.0,local
1952,mp-1206431,slab,-15.20250442,2382.002,True,"[2.32594276, -4.02865104, -0.0, 2.32594276, 4.02865104, 0.0, -0.0, 0.0, 5.88651752]",5.0,0.0,local
1953,mp-1206445,slab,-102.35482066,82.093,True,"[5.04078046, 0.0, 0.0, 0.0, 5.04078046, 0.0, 0.0, 0.0, 5.04078046]",8.0,1.5e-07,local
1954,mp-1206518,slab,-20.61362325,36.206,True,"[4.97877577, 0.0, 0.0, 0.0, 4.97877577, 0.0, 0.0, -0.0, 4.97877577]",5.0,0.8000014999999999,local
1955,mp-1206525,slab,-24.66628429,116.076,True,"[2.26369233, -3.92083012, -0.0, 2.26369233, 3.92083012, 0.0, -0.0, -0.0, 8.56971687]",6.0,0.0,local
1956,mp-1206544,slab,-55.87495419,1580.43,True,"[4.47522254, 0.0, 0.0, 0.0, 11.26112702, 0.0, 0.0, 0.0, 8.4728323]",16.0,0.0,local
1957,mp-1206550,slab,-37.38747481,167.715,True,"[2.04123583, -3.53552416, 0.0, 2.04123583, 3.53552416, -0.0, 0.0, 0.0, 5.10280122]",6.0,0.7908199333333333,local
1958,mp-1206556,slab,-39.57200155,170.424,True,"[2.18632173, -3.78682032, 0.0, 2.18632173, 3.78682032, 0.0, -0.0, 0.0, 5.3718677]",6.0,1.2423450833333334,local
1959,mp-1206591,slab,-127.72504062,356.484,True,"[6.23741884, -0.0, 0.0, 0.0, 6.23741884, 0.0, -0.0, -0.0, 6.23741884]",16.0,0.5157294875,local
1960,mp-1206594,slab,-133.04545513,610.877,True,"[6.00638851, 0.0, 0.0, 0.0, 6.00638851, 0.0, 0.0, 0.0, 6.00638851]",16.0,0.50876791875,local
1961,mp-1206595,slab,-21.68064285,110.735,True,"[1.82075453, -3.15363935, -0.0, 1.82075453, 3.15363935, 0.0, 0.0, -0.0, 6.48740394]",4.0,0.132414425,local
1962,mp-12065,slab,-14.21837246,29.421,True,"[4.08869703, -0.0, 0.0, 0.0, 4.08869703, 0.0, -0.0, -0.0, 4.08869703]",4.0,0.0,local
1963,mp-1206600,slab,-61.57182205,337.931,True,"[4.11290642, 0.0, 0.0, 0.0, 4.11290642, 0.0, 0.0, 0.0, 13.01129739]",10.0,1e-08,local
1964,mp-1206603,slab,-61.69590374,1482.194,True,"[1.94162808, -3.36299848, 0.0, 1.94162808, 3.36299848, -0.0, 0.0, -0.0, 23.22604005]",12.0,0.7495421750000001,local
1965,mp-1206633,slab,-32.27300787,6900.083,True,"[9.97341, 0.0, 0.0, 0.0, 12.89323258, 0.0, -0.0, 0.0, 43.34478356]",14.0,0.7158594,local
1966,mp-1206637,slab,-21.54761818,191.519,True,"[1.84201951, -3.19047138, -0.0, 1.84201951, 3.19047138, 0.0, 0.0, 0.0, 6.30119857]",4.0,0.5000688,local
1967,mp-1206638,slab,-17.30186738,103.475,True,"[2.08533691, -3.61190947, -0.0, 2.08533691, 3.61190947, -0.0, -0.0, -0.0, 5.36492174]",4.0,2.1e-06,local
1968,mp-1206646,slab,-123.21462738,604.394,True,"[6.02186921, -0.0, 0.0, 0.0, 6.02186921, 0.0, 0.0, -0.0, 6.02186921]",16.0,0.24596846875,local
1969,mp-1206659,slab,-20.58967509,58.596,True,"[3.10273939, -0.0, 0.0, 0.0, 3.10273939, 0.0, -0.0, -0.0, 3.63295538]",2.0,5e-08,local
1970,mp-1206679,slab,-78.19403006,232.48,True,"[6.74584729, 0.0, 0.0, 0.0, 6.74584729, 0.0, 0.0, 0.0, 6.74584729]",12.0,8.333333333333334e-09,local
1971,mp-1206680,slab,-58.98014069,178.876,True,"[6.28710172, -0.0, 0.0, 0.0, 6.28710172, 0.0, -0.0, -0.0, 6.28710172]",16.0,4.25e-07,local
1972,mp-1206681,slab,-71.25022807,129.202,True,"[6.52318607, 0.0, 0.0, 0.0, 6.52318607, 0.0, 0.0, 0.0, 6.52318607]",12.0,8.333333333333334e-09,local
1973,mp-1206704,slab,-43.39829147,224.536,True,"[2.76196388, 0.0, 0.0, 0.0, 3.96677775, 0.0, 0.0, 0.0, 8.27438045]",6.0,1.6666666666666667e-08,local
1974,mp-1206713,slab,-8.54877221,45.954,True,"[1.4222195, -2.46335644, -0.0, 1.4222195, 2.46335644, 0.0, 0.0, -0.0, 6.89246576]",3.0,0.0,local
1975,mp-1206718,slab,-19.78833981,93.122,True,"[2.02322286, -3.50432479, -0.0, 2.02322286, 3.50432479, -0.0, -0.0, -0.0, 3.91693683]",3.0,2.7e-06,local
1976,mp-1206725,slab,-12.50036406,23.833,True,"[2.11129236, -3.65686563, -0.0, 2.11129236, 3.65686563, 0.0, 0.0, 0.0, 2.71910267]",3.0,1.6666666666666665e-07,local
1977,mp-1206734,slab,-12.12526112,43.669,True,"[2.21651787, -3.83912157, 0.0, 2.21651787, 3.83912157, -0.0, -0.0, -0.0, 2.89728846]",3.0,8e-07,local
1978,mp-1206741,slab,-84.90137928,83.206,True,"[5.7215711, 0.0, 0.0, 0.0, 5.7215711, 0.0, 0.0, 0.0, 5.7215711]",12.0,2.416666666666667e-07,local
1979,mp-1206750,slab,-15.78368173,596.948,True,"[2.80897799, -0.0, 0.0, 0.0, 2.80897799, 0.0, 0.0, -0.0, 3.67126088]",2.0,1.4033386,local
1980,mp-1206765,slab,-10.97615267,25.711,True,"[3.61032418, -0.0, 0.0, 0.0, 3.61032418, 0.0, 0.0, 0.0, 3.61032418]",2.0,0.0244933,local
1981,mp-1206780,slab,-84.84835097,492.063,True,"[3.92846312, 0.0, 0.0, 0.0, 3.92846312, 0.0, 0.0, 0.0, 14.77891729]",12.0,1.6666666666666665e-07,local
1982,mp-1206794,slab,-6.2216799,28.42,True,"[3.13257277, -0.0, 0.0, 0.0, 3.13257277, 0.0, 0.0, -0.0, 3.13257277]",2.0,2.4e-06,local
1983,mp-12067,slab,-13.17365354,16.885,True,"[2.94683046, 0.0, 0.0, 0.0, 2.94683046, 0.0, -0.0, 0.0, 2.94683046]",2.0,0.94019375,local
1984,mp-1206819,slab,-10.30178335,46.125,True,"[1.40056935, -2.42585727, 0.0, 1.40056935, 2.42585727, 0.0, 0.0, 0.0, 4.19775828]",2.0,4e-07,local
1985,mp-1206829,slab,-43.91693383,129.535,True,"[2.05016948, -3.5509977, 0.0, 2.05016948, 3.5509977, -0.0, 0.0, 0.0, 5.04587039]",6.0,0.9270764833333334,local
1986,mp-1206853,slab,-55.47921195,188.337,True,"[4.04716164, -0.0, 0.0, 0.0, 4.04716164, 0.0, -0.0, -0.0, 7.37237835]",8.0,0.8429091875,local
1987,mp-1206866,slab,-83.64794476,600.359,True,"[5.975221, -0.0, 0.0, 0.0, 5.975221, 0.0, 0.0, -0.0, 5.975221]",16.0,0.77468978125,local
1988,mp-1206914,slab,-7.54319749,160.065,True,"[2.08309818, -3.60803189, 0.0, 2.08309818, 3.60803189, -0.0, 0.0, -0.0, 5.25937211]",3.0,0.0,local
1989,mp-1206917,slab,-77.52906815,417.326,True,"[6.28615421, 0.0, 0.0, 0.0, 6.28615421, 0.0, 0.0, 0.0, 6.28615421]",16.0,0.0,local
1990,mp-1206924,slab,-30.11345083,368.379,True,"[4.59816978, 0.0, 0.0, 0.0, 4.59816978, 0.0, 0.0, 0.0, 10.61779571]",10.0,0.0,local
1991,mp-1206926,slab,-55.66855202,403.496,True,"[4.03612796, 0.0, 0.0, 0.0, 4.03612796, 0.0, 0.0, 0.0, 14.22569566]",10.0,0.0,local
1992,mp-1206927,slab,-51.57191138,74.037,True,"[1.72316102, -2.98460243, -0.0, 1.72316102, 2.98460243, 0.0, 0.0, 0.0, 12.28089886]",6.0,1.6666666666666665e-07,local
1993,mp-1206995,slab,-4.30298008,157.723,True,"[2.98139971, -5.16393578, 0.0, 2.98139971, 5.16393578, 0.0, 0.0, -0.0, 3.88179716]",3.0,1.3333333333333336e-07,local
1994,mp-1207004,slab,-45.56667041,178.417,True,"[3.42852592, 0.0, 0.0, 0.0, 3.42852592, 0.0, 0.0, 0.0, 8.76305392]",6.0,0.0,local
1995,mp-1207005,slab,-24.15732127,43.248,True,"[1.76914712, -3.06425269, -0.0, 1.76914712, 3.06425269, 0.0, 0.0, 0.0, 6.83168258]",4.0,5e-08,local
1996,mp-1207011,slab,-132.63805453,573.423,True,"[6.91098075, 0.0, 0.0, 0.0, 6.91098075, 0.0, 0.0, 0.0, 6.91098075]",24.0,4.916666666666667e-07,local
1997,mp-1207013,slab,-36.67198127,410.986,True,"[1.99687197, -3.45868371, 0.0, 1.99687197, 3.45868371, -0.0, -0.0, -0.0, 5.1080748]",5.0,0.0,local
1998,mp-1207056,slab,-76.69084725,145.019,True,"[6.60967048, 0.0, 0.0, 0.0, 6.60967048, 0.0, 0.0, 0.0, 6.60967048]",12.0,0.0,local
1999,mp-1207070,slab,-47.79281606,951.75,True,"[3.68977548, -0.0, 0.0, 0.0, 3.68977548, 0.0, 0.0, 0.0, 7.14324098]",8.0,0.0,local
2000,mp-1207085,slab,-119.32700054,114.413,True,"[5.585726, 0.0, 0.0, 0.0, 5.585726, 0.0, 0.0, 0.0, 5.585726]",16.0,1.09967400625,local
2001,mp-1207090,slab,-19.45925686,115.642,True,"[4.03611388, 0.0, 0.0, 0.0, 4.03611388, 0.0, 0.0, -0.0, 3.88696221]",4.0,0.0,local
2002,mp-1207094,slab,-35.44450957,43.021,True,"[6.40133, 0.0, 0.0, 0.0, 6.40133, 0.0, 0.0, 0.0, 6.40133]",12.0,0.0001001083333333,local
2003,mp-12070,slab,-16.61273647,50.859,True,"[1.9371187, -3.35518801, -0.0, 1.9371187, 3.35518801, 0.0, 0.0, 0.0, 5.01148455]",4.0,6e-07,local
2004,mp-1207100,slab,-9.69781645,85.682,True,"[3.22900205, 0.0, 0.0, 0.0, 3.22900205, 0.0, -0.0, -0.0, 4.34292972]",2.0,0.1745469,local
2005,mp-1207101,slab,-39.63690768,685.064,True,"[3.96397678, 0.0, 0.0, 0.0, 3.96397678, 0.0, 0.0, 0.0, 13.81381364]",8.0,1.0000001,local
2006,mp-1207117,slab,-121.62062709,208.642,True,"[5.6033116, 0.0, 0.0, 0.0, 5.6033116, 0.0, 0.0, 0.0, 5.6033116]",16.0,1.23788256875,local
2007,mp-1207121,slab,-114.34843028,282.674,True,"[5.64604849, 0.0, 0.0, 0.0, 5.64604849, 0.0, 0.0, 0.0, 5.64604849]",16.0,1.2022240875,local
2008,mp-1207123,slab,-29.28812712,46.138,True,"[1.78172663, -3.08604105, 0.0, 1.78172663, 3.08604105, -0.0, 0.0, -0.0, 7.72157283]",4.0,7.5e-08,local
2009,mp-1207127,slab,-38.64085063,1060.644,True,"[4.01975726, -0.0, 0.0, 0.0, 4.01975726, 0.0, -0.0, -0.0, 7.87372159]",8.0,1.25e-08,local
2010,mp-1207142,slab,-52.58365557,329.516,True,"[3.79550682, 0.0, 0.0, 0.0, 3.79550682, 0.0, 0.0, 0.0, 14.42134974]",10.0,1e-08,local
2011,mp-1207156,slab,-25.61525414,75.904,True,"[2.16688753, -3.7531593, -0.0, 2.16688753, 3.7531593, -0.0, 0.0, 0.0, 5.68924236]",6.0,3.3333333333333334e-08,local
2012,mp-1207193,slab,-10.0279068,91.952,True,"[2.0151605, -3.49036038, 0.0, 2.0151605, 3.49036038, -0.0, -0.0, 0.0, 5.11841159]",3.0,0.0,local
2013,mp-12071,slab,-60.29705521,38.53,True,"[5.021765, 0.0, 0.0, 0.0, 5.021765, 0.0, 0.0, 0.0, 5.021765]",8.0,0.0001349,local
2014,mp-1207207,slab,-60.3928304,326.056,True,"[4.0654393, 0.0, 0.0, 0.0, 4.0654393, 0.0, 0.0, 0.0, 14.15570336]",10.0,0.0,local
2015,mp-1207231,slab,-13.8207124,54.698,True,"[2.16448173, -3.74899233, 0.0, 2.16448173, 3.74899233, -0.0, 0.0, 0.0, 2.93024456]",3.0,3.3333333333333334e-08,local
2016,mp-1207274,slab,-29.88496914,101.964,True,"[2.03887488, -3.53143488, -0.0, 2.03887488, 3.53143488, -0.0, -0.0, -0.0, 5.47716554]",6.0,0.0,local
2017,mp-1207341,slab,-36.07449119,1580.834,True,"[4.44947102, -0.0, 0.0, 0.0, 4.44947102, 0.0, -0.0, -0.0, 15.35333379]",8.0,0.999999725,local
2018,mp-1207369,slab,-25.67804927,60.066,True,"[2.09393795, -3.62680692, 0.0, 2.09393795, 3.62680692, -0.0, -0.0, -0.0, 5.44165537]",6.0,1.0166666666666667e-06,local
2019,mp-1207380,slab,-11.73298536,131.412,True,"[3.15260305, 0.0, 0.0, 0.0, 3.15260305, 0.0, 0.0, -0.0, 4.45890017]",2.0,4.35e-06,local
2020,mp-1207460,slab,-45.36360366,364.796,True,"[5.62806656, 0.0, 0.0, 0.0, 5.62806656, 0.0, 0.0, 0.0, 10.91068843]",14.0,2.1428571428571432e-08,local
2021,mp-1207529,slab,-48.57278073,5016.556,True,"[0.0, 4.16360474, 0.18152967, 8.49703719, 0.0, 0.0, 0.0, -3.96230036, -6.13010268]",8.0,2.625e-07,local
2022,mp-1207763,slab,-92.15937379,1650.153,True,"[4.05563795, -0.0, 0.0, 0.0, 4.11281234, 0.0, -0.0, -0.0, 16.92219755]",14.0,2.8571428571428572e-08,local
2023,mp-1208019,slab,-61.15446746,424.263,True,"[1.79309475, -3.10573122, -0.0, 1.79309475, 3.10573122, -0.0, -0.0, 0.0, 27.66818326]",12.0,0.6412115333333334,local
2024,mp-1208228,slab,-43.16025898,136.094,True,"[2.29631493, -3.97733413, -0.0, 2.29631493, 3.97733413, 0.0, -0.0, 0.0, 5.47809348]",6.0,1e-07,local
2025,mp-1208265,slab,-91.87597141,9164.849,True,"[0.0, 13.52446891, 0.0316359, 3.56792006, 0.0, 0.0, 0.0, -2.82129621, -5.64985534]",14.0,0.4238667714285714,local
2026,mp-12083,slab,-36.79577062,29.248,True,"[3.8108943, 0.0, 0.0, 0.0, 3.8108943, 0.0, 0.0, 0.0, 3.8108943]",4.0,2.39e-05,local
2027,mp-1208590,slab,-23.9138689,130.599,True,"[1.7428941, -3.01878114, 0.0, 1.7428941, 3.01878114, -0.0, 0.0, 0.0, 8.76344378]",4.0,0.0,local
2028,mp-1208621,slab,-26.63103473,3597.847,True,"[4.37388814, -0.0, 0.0, -0.0, 4.37388814, 0.0, -0.0, -0.0, 8.95832453]",8.0,2.5e-08,local
2029,mp-12086,slab,-17.84337231,53.076,True,"[3.72911638, 0.0, 0.0, 0.0, 3.72911638, 0.0, 0.0, 0.0, 3.72911638]",4.0,0.0,local
2030,mp-1208837,slab,-30.45340703,1092.307,True,"[4.46168653, 0.0, 0.0, 0.0, 4.46168653, 0.0, 0.0, 0.0, 11.4580966]",10.0,0.0,local
2031,mp-1208943,slab,-106.56579729,215.189,True,"[5.96470323, -0.0, 0.0, 0.0, 5.96470323, 0.0, -0.0, -0.0, 5.96470323]",16.0,0.2595237,local
2032,mp-1209047,slab,-19.29604602,21.2,True,"[5.696304, 0.0, 0.0, 0.0, 5.696304, 0.0, 0.0, 0.0, 5.696304]",5.0,5.0800000000000005e-06,local
2033,mp-1209191,slab,-17.36574162,78.948,True,"[5.70201206, -0.0, 0.0, 0.0, 5.70201206, 0.0, -0.0, -0.0, 5.70201206]",5.0,0.0,local
2034,mp-1209957,slab,-50.5413977,1032.633,True,"[7.86908512, 0.0, 0.0, 0.0, 7.86908512, 0.0, -0.0, 0.0, 7.03055821]",16.0,1.25e-08,local
2035,mp-1209,slab,-18.20398336,104.643,True,"[2.95058331, -5.11056021, 0.0, 2.95058331, 5.11056021, -0.0, 0.0, 0.0, 4.50073603]",6.0,1.3333333333333336e-07,local
2036,mp-1210585,slab,-12.63343848,79.817,True,"[2.18645606, -3.78705299, -0.0, 2.18645606, 3.78705299, 0.0, 0.0, 0.0, 7.29656278]",5.0,6e-08,local
2037,mp-1210627,slab,-59.75748577,175.174,True,"[3.76605538, -0.0, 0.0, 0.0, 3.76605538, 0.0, -0.0, -0.0, 6.87399626]",8.0,1.2486610125,local
2038,mp-1210750,slab,-37.5241218,64.267,True,"[6.694824, 0.0, 0.0, 0.0, 6.694824, 0.0, 0.0, 0.0, 6.694824]",16.0,1.57625e-05,local
2039,mp-1210773,slab,-36.25175311,183.392,True,"[2.06747874, -3.58097822, 0.0, 2.06747874, 3.58097822, 0.0, -0.0, -0.0, 5.18556921]",6.0,1.0919189166666667,local
2040,mp-12107,slab,-29.55881903,42.023,True,"[3.94727124, 0.0, 0.0, 0.0, 3.94727124, 0.0, 0.0, 0.0, 3.94727124]",4.0,6.75e-07,local
2041,mp-1210826,slab,-56.8942605,240.949,True,"[3.67160226, -0.0, 0.0, 0.0, 3.67160226, 0.0, -0.0, -0.0, 6.93663186]",8.0,1.054233125,local
2042,mp-12108,slab,-45.71039762,306.038,True,"[2.74136878, 0.0, 0.0, 0.0, 3.82363393, 0.0, 0.0, 0.0, 8.40832273]",6.0,3e-07,local
2043,mp-1211042,slab,-51.13431917,74.379,True,"[6.36758859, -0.0, 0.0, 0.0, 6.36758859, 0.0, 0.0, -0.0, 6.36758859]",16.0,6.125e-07,local
2044,mp-12110,slab,-21.58784409,55.243,True,"[3.17176015, 0.0, 0.0, 0.0, 3.17176015, 0.0, -0.0, -0.0, 3.17176015]",2.0,6.5e-07,local
2045,mp-1211225,slab,-51.41906161,1160.24,True,"[8.29584381, 0.0, 0.0, 0.0, 8.29584381, 0.0, 0.0, 0.0, 7.21826837]",16.0,0.0,local
2046,mp-1211589,slab,-19.52112939,28.781,True,"[5.39462584, 0.0, 0.0, 0.0, 5.39462584, 0.0, 0.0, 0.0, 5.39462584]",5.0,1e-07,local
2047,mp-12118,slab,-19.55245868,190.787,True,"[2.2389978, -3.87805795, -0.0, 2.2389978, 3.87805795, -0.0, -0.0, 0.0, 5.37343329]",6.0,0.0,local
2048,mp-12119,slab,-51.58360576,199.388,True,"[3.68758907, -0.0, 0.0, 0.0, 3.68758907, 0.0, -0.0, -0.0, 18.88876121]",10.0,0.76831318,local
2049,mp-1211,slab,-7.59141044,27.372,True,"[3.54532869, 0.0, 0.0, 0.0, 3.54532869, 0.0, 0.0, -0.0, 3.54532869]",2.0,4.5e-06,local
2050,mp-1212609,slab,-9.24237349,20.741,True,"[3.11749775, 0.0, 0.0, 0.0, 3.11749775, 0.0, 0.0, 0.0, 3.11749775]",2.0,1.95e-06,local
2051,mp-12137,slab,-32.85742892,209.105,True,"[4.2460387, 0.0, 0.0, 0.0, 4.2460387, 0.0, 0.0, 0.0, 10.19345346]",10.0,5e-08,local
2052,mp-1213974,slab,-85.06232416,2735.101,True,"[8.07843726, 0.0, 0.0, 0.0, 8.07843726, 0.0, 0.0, 0.0, 8.07843726]",24.0,3.3333333333333334e-08,local
2053,mp-1214750,slab,-45.02432865,657.099,True,"[4.6148228, -0.0, 0.0, 0.0, 4.6148228, 0.0, 0.0, 0.0, 11.7543807]",10.0,0.0,local
2054,mp-1214759,slab,-30.71426662,722.885,True,"[4.56362169, 0.0, 0.0, 0.0, 4.56362169, 0.0, 0.0, 0.0, 11.77083547]",10.0,0.0,local
2055,mp-1214804,slab,-96.5905592,96.839,True,"[5.664918, 0.0, 0.0, 0.0, 5.664918, 0.0, 0.0, 0.0, 5.664918]",16.0,0.6410689375,local
2056,mp-1214809,slab,-40.68526041,41.735,True,"[5.03977311, 0.0, 0.0, 0.0, 5.03977311, 0.0, -0.0, 0.0, 5.03977311]",8.0,1.25e-08,local
2057,mp-1214822,slab,-48.51609765,1187.662,True,"[3.55576528, -0.0, 0.0, 0.0, 3.55576528, 0.0, 0.0, 0.0, 7.23172421]",8.0,0.746837825,local
2058,mp-1214869,slab,-45.14101255,251.082,True,"[3.84368414, -0.0, 0.0, 0.0, 3.84368414, 0.0, -0.0, -0.0, 7.8225994]",8.0,0.0,local
2059,mp-1214902,slab,-24.10818283,34.493,True,"[5.985466, 0.0, 0.0, 0.0, 5.985466, 0.0, 0.0, 0.0, 5.985466]",8.0,6.025e-06,local
2060,mp-1215166,slab,-17.52150968,93.081,True,"[3.04281171, 0.0, 0.0, 0.0, 3.04281171, 0.0, -0.0, 0.0, 6.58048546]",4.0,2.5e-08,local
2061,mp-1215168,slab,-115.16625293,600.113,True,"[5.24850037, 0.0, 0.0, 0.0, 5.36140801, 0.0, 0.0, 0.0, 7.45140104]",12.0,5.5e-07,local
2062,mp-1215169,slab,-122.89657334,1012.196,True,"[5.31310565, -0.0, 0.0, 0.0, 5.32539281, 0.0, 0.0, -0.0, 7.46750644]",12.0,1.6666666666666667e-08,local
2063,mp-1215170,slab,-108.42130545,1610.033,True,"[4.99541766, 0.0, 0.0, 0.0, 5.2685449, 0.0, 0.0, 0.0, 7.22429999]",12.0,1.6666666666666667e-08,local
2064,mp-1215175,slab,-273.88944272,804.002,True,"[7.57142731, -0.0, 0.0, 0.0, 7.57142731, 0.0, -0.0, -0.0, 7.57142731]",24.0,0.0,local
2065,mp-1215177,slab,-241.89715989,834.856,True,"[7.51880175, -0.0, 0.0, 0.0, 7.51880175, 0.0, -0.0, -0.0, 7.51880175]",24.0,0.0,local
2066,mp-1215179,slab,-219.33222695,1478.639,True,"[7.00421928, 0.0, 0.0, 0.0, 7.00421928, 0.0, 0.0, 0.0, 7.00421928]",24.0,0.0,local
2067,mp-1215181,slab,-40.86194149,734.89,True,"[3.09759001, 0.0, 0.0, 0.0, 3.09759001, 0.0, -0.0, 0.0, 10.90652308]",6.0,3.3333333333333334e-08,local
2068,mp-1215185,slab,-105.05722628,1457.291,True,"[3.41537552, 0.0, 0.0, 0.0, 4.74741222, 0.0, -0.0, 0.0, 14.29814623]",12.0,1.6666666666666665e-07,local
2069,mp-1215186,slab,-185.50312491,1448.987,True,"[6.76483701, -0.0, 0.0, 0.0, 6.76483701, 0.0, -0.0, -0.0, 6.76483701]",24.0,0.000364925,local
2070,mp-1215191,slab,-57.81754408,1085.902,True,"[3.14705093, 0.0, 0.0, 0.0, 9.74047127, 0.0, 0.0, 0.0, 4.02147757]",8.0,0.0,local
2071,mp-1215200,slab,-16.20728162,35.695,True,"[1.55131927, -2.6869638, 0.0, 1.55131927, 2.6869638, -0.0, 0.0, 0.0, 4.90712929]",2.0,3.5e-07,local
2072,mp-1215201,slab,-14.76196892,34.286,True,"[1.63514353, -2.83215167, -0.0, 1.63514353, 2.83215167, -0.0, 0.0, -0.0, 5.14012682]",2.0,7.45e-06,local
2073,mp-1215202,slab,-36.97488549,164.925,True,"[3.42429298, -0.0, 0.0, 0.0, 4.86235738, 0.0, -0.0, -0.0, 4.84963313]",4.0,3.5e-07,local
2074,mp-1215205,slab,-199.83007021,424.989,True,"[6.81211515, -0.0, 0.0, 0.0, 6.81211515, 0.0, -0.0, -0.0, 6.81211515]",24.0,0.2649400916666666,local
2075,mp-1215207,slab,-198.04285245,673.923,True,"[6.99774065, -0.0, 0.0, 0.0, 6.99774065, 0.0, -0.0, -0.0, 6.99774065]",24.0,1.0119733583333332,local
2076,mp-1215208,slab,-93.52641439,714.969,True,"[3.73545895, -0.0, 0.0, 0.0, 3.73545895, 0.0, 0.0, 0.0, 14.63245542]",12.0,0.0,local
2077,mp-1215213,slab,-235.62128409,585.418,True,"[7.03059753, 0.0, 0.0, 0.0, 7.03059753, 0.0, 0.0, 0.0, 7.03059753]",24.0,4.166666666666666e-08,local
2078,mp-1215214,slab,-192.92518244,418.976,True,"[6.8120351, -0.0, 0.0, 0.0, 6.8120351, 0.0, -0.0, -0.0, 6.8120351]",24.0,0.1854272791666666,local
2079,mp-1215216,slab,-44.70847821,116.052,True,"[3.90137171, 0.0, 0.0, 0.0, 3.90137171, 0.0, 0.0, 0.0, 8.84526048]",8.0,1.25e-08,local
2080,mp-1215217,slab,-228.45526924,614.914,True,"[7.03530897, 0.0, 0.0, 0.0, 7.03530897, 0.0, 0.0, 0.0, 7.03530897]",24.0,6.666666666666668e-08,local
2081,mp-1215220,slab,-131.31514428,744.546,True,"[5.37693778, 0.0, 0.0, 0.0, 5.42147119, 0.0, 0.0, 0.0, 7.63871285]",12.0,1.6666666666666667e-08,local
2082,mp-1215224,slab,-211.54567689,682.491,True,"[6.91534769, -0.0, 0.0, 0.0, 6.91534769, 0.0, -0.0, -0.0, 6.91534769]",24.0,0.9445988125,local
2083,mp-1215227,slab,-36.40438,476.849,True,"[1.90890122, -3.30631389, -0.0, 1.90890122, 3.30631389, 0.0, 0.0, 0.0, 14.54665231]",6.0,0.0346708666666666,local
2084,mp-1215231,slab,-120.77238675,859.639,True,"[3.23595396, 0.0, 0.0, 0.0, 4.7900667, 0.0, -0.0, -0.0, 13.68327691]",12.0,2.5e-08,local
2085,mp-1215234,slab,-95.26224188,1627.93,True,"[5.00932998, 0.0, 0.0, 0.0, 5.01890685, 0.0, 0.0, 0.0, 7.05000332]",12.0,0.7240146583333332,local
2086,mp-1215236,slab,-16.18709445,140.716,True,"[3.08761811, -0.0, 0.0, 0.0, 3.08761811, 0.0, 0.0, 0.0, 4.24915036]",2.0,6e-07,local
2087,mp-1215242,slab,-115.59091491,1590.086,True,"[5.92088132, -0.0, 0.0, 0.0, 10.27178959, 0.0, -0.0, -0.0, 4.79871007]",16.0,0.0,local
2088,mp-1215257,slab,-17.30112637,299.044,True,"[3.32062349, 0.0, 0.0, 0.0, 3.32062349, 0.0, -0.0, 0.0, 3.24598801]",2.0,1.4e-06,local
2089,mp-1215265,slab,-34.27500995,159.183,True,"[1.61567281, -2.7984274, 0.0, 1.61567281, 2.7984274, -0.0, 0.0, -0.0, 15.37489151]",6.0,6.666666666666668e-08,local
2090,mp-1215268,slab,-124.8902386,657.182,True,"[5.18898203, -0.0, 0.0, 0.0, 5.32514043, 0.0, -0.0, -0.0, 7.35454188]",12.0,8.333333333333334e-09,local
2091,mp-1215269,slab,-116.78383971,795.741,True,"[5.1792603, -0.0, 0.0, 0.0, 5.28945562, 0.0, -0.0, -0.0, 7.3474229]",12.0,8.333333333333334e-09,local
2092,mp-1215271,slab,-98.80000614,1203.298,True,"[4.84712773, -0.0, 0.0, 0.0, 5.03449687, 0.0, -0.0, -0.0, 6.94121477]",12.0,0.7014247833333332,local
2093,mp-1215274,slab,-12.75465281,169.564,True,"[3.10005779, 0.0, 0.0, 0.0, 3.10005779, 0.0, 0.0, 0.0, 4.09626487]",2.0,2.5e-07,local
2094,mp-1215275,slab,-88.53669465,1116.322,True,"[4.85670073, -0.0, 0.0, 0.0, 4.92906685, 0.0, -0.0, 0.0, 6.92934198]",12.0,2e-07,local
2095,mp-1215276,slab,-32.13132214,401.023,True,"[2.12348555, -3.67798486, -0.0, 2.12348555, 3.67798486, 0.0, 0.0, -0.0, 6.56244716]",6.0,0.0,local
2096,mp-1215282,slab,-86.54992807,1980.476,True,"[4.75759649, 0.0, 0.0, 0.0, 5.15685395, 0.0, 0.0, 0.0, 7.44782445]",12.0,0.1098587416666666,local
2097,mp-1215292,slab,-23.29144992,245.378,True,"[3.24658312, -0.0, 0.0, 0.0, 3.24658312, 0.0, -0.0, 0.0, 6.23398978]",4.0,5.25e-07,local
2098,mp-1215299,slab,-26.37063581,112.96,True,"[3.418869, 0.0, 0.0, 0.0, 3.418869, 0.0, 0.0, 0.0, 6.49449569]",4.0,1e-07,local
2099,mp-1215308,slab,-25.2154306,432.248,True,"[2.91994874, 0.0, 0.0, 0.0, 2.91994874, 0.0, -0.0, 0.0, 6.65111117]",4.0,2.5e-08,local
2100,mp-1215314,slab,-20.56198759,509.892,True,"[2.97923819, -0.0, 0.0, 0.0, 2.97923819, 0.0, -0.0, 0.0, 6.89849248]",4.0,0.0,local
2101,mp-1215318,slab,-68.82507282,859.992,True,"[5.17057351, 0.0, 0.0, 0.0, 5.27836845, 0.0, 0.0, 0.0, 7.24365064]",12.0,0.2582254833333333,local
2102,mp-1215319,slab,-188.34870325,337.529,True,"[6.83843652, -0.0, 0.0, 0.0, 6.83843652, 0.0, -0.0, -0.0, 6.83843652]",24.0,1.0172270416666669,local
2103,mp-1215329,slab,-19.0204353,52.262,True,"[4.09972192, 0.0, 0.0, 0.0, 4.09972192, 0.0, 0.0, 0.0, 4.04771899]",4.0,2.2e-06,local
2104,mp-1215331,slab,-46.51808737,57.277,True,"[3.92144852, 0.0, 0.0, 0.0, 3.92144852, 0.0, 0.0, 0.0, 8.67080703]",8.0,3.625e-07,local
2105,mp-1215333,slab,-169.72005437,239.226,True,"[6.75629893, 0.0, 0.0, 0.0, 6.75629893, 0.0, 0.0, -0.0, 6.75629893]",24.0,0.4810195,local
2106,mp-1215335,slab,-20.71746387,286.036,True,"[3.15287043, 0.0, 0.0, 0.0, 3.15287043, 0.0, 0.0, -0.0, 7.24901272]",4.0,0.0,local
2107,mp-1215336,slab,-44.91655494,115.374,True,"[3.8750695, 0.0, 0.0, 0.0, 3.8750695, 0.0, -0.0, 0.0, 8.67350886]",8.0,3.75e-08,local
2108,mp-1215354,slab,-23.94844779,392.484,True,"[3.43334156, 0.0, 0.0, 0.0, 3.43334156, 0.0, 0.0, 0.0, 6.40187346]",4.0,0.0,local
2109,mp-1215362,slab,-19.12745709,716.191,True,"[3.27579982, -0.0, 0.0, 0.0, 3.27579982, 0.0, 0.0, 0.0, 7.56813342]",4.0,0.08021845,local
2110,mp-1215363,slab,-81.3538646,990.065,True,"[3.29592604, 0.0, 0.0, 0.0, 3.29592604, 0.0, 0.0, 0.0, 19.6445691]",10.0,0.0,local
2111,mp-1215366,slab,-98.35260947,689.064,True,"[6.35225717, -0.0, 0.0, 0.0, 6.35225717, 0.0, -0.0, -0.0, 5.51826836]",12.0,0.0044006583333333,local
2112,mp-1215368,slab,-101.30782712,663.695,True,"[6.27951259, -0.0, 0.0, 0.0, 6.27951259, 0.0, 0.0, 0.0, 5.66008578]",12.0,7.5e-08,local
2113,mp-1215371,slab,-89.21569069,967.386,True,"[6.59561094, 0.0, 0.0, 0.0, 6.59561094, 0.0, 0.0, 0.0, 5.18679508]",12.0,8.333333333333334e-09,local
2114,mp-1215379,slab,-96.76863379,644.128,True,"[6.4152467, 0.0, 0.0, 0.0, 6.4152467, 0.0, -0.0, -0.0, 5.35774361]",12.0,0.0,local
2115,mp-1215384,slab,-41.59519785,1080.178,True,"[3.16734016, 0.0, 0.0, 0.0, 3.16734016, 0.0, 0.0, 0.0, 11.04858189]",6.0,0.0,local
2116,mp-1215400,slab,-97.44727621,405.924,True,"[7.85575522, -0.0, 0.0, 0.0, 10.66782477, 0.0, -0.0, -0.0, 3.75602646]",14.0,5e-08,local
2117,mp-1215401,slab,-8.66446499,217.738,True,"[1.3213259, -2.28860359, 0.0, 1.3213259, 2.28860359, -0.0, 0.0, -0.0, 6.33093546]",3.0,0.0,local
2118,mp-1215406,slab,-29.77327137,1872.648,True,"[2.262877, -3.91941793, 0.0, 2.262877, 3.91941793, -0.0, -0.0, -0.0, 22.26139712]",12.0,0.0,local
2119,mp-1215412,slab,-32.84410271,592.868,True,"[4.01942811, 0.0, 0.0, 0.0, 4.07631256, 0.0, 0.0, 0.0, 8.24706394]",8.0,0.0,local
2120,mp-1215413,slab,-42.49893717,311.337,True,"[1.3014649, -2.25420333, 0.0, 1.3014649, 2.25420333, -0.0, -0.0, -0.0, 24.8953411]",12.0,5.0341666666666666e-05,local
2121,mp-1215431,slab,-15.09985018,109.947,True,"[1.28274918, -2.22178675, -0.0, 1.28274918, 2.22178675, 0.0, -0.0, -0.0, 6.21787617]",3.0,1.0106313333333332,local
2122,mp-1215434,slab,-15.0366569,78.523,True,"[4.21902307, 0.0, 0.0, 0.0, 4.21902307, 0.0, 0.0, 0.0, 5.9110857]",4.0,1.5e-07,local
2123,mp-1215437,slab,-7.70632732,5379.563,True,"[3.29451872, 0.0, -0.0, 0.0, 4.55875398, 0.0, 0.0, -0.0, 4.3709391]",4.0,3.75e-07,local
2124,mp-1215438,slab,-12.07777448,1807.924,True,"[2.69729384, -0.0, 0.0, -0.0, 2.69729384, 0.0, 0.0, 0.0, 6.94211072]",4.0,0.0,local
2125,mp-1215440,slab,-15.52548586,27.463,True,"[4.045538, 0.0, 0.0, 0.0, 4.045538, 0.0, 0.0, 0.0, 5.751654]",4.0,6.05e-06,local
2126,mp-1215442,slab,-97.4314259,420.267,True,"[2.66213565, -4.6109542, -0.0, 2.66213565, 4.6109542, 0.0, -0.0, -0.0, 12.80823263]",18.0,2.222222222222222e-08,local
2127,mp-1215448,slab,-12.17323733,164.191,True,"[3.13471391, 0.0, 0.0, 0.0, 3.13471391, 0.0, 0.0, -0.0, 6.25003143]",4.0,0.0,local
2128,mp-1215450,slab,-46.17723708,966.88,True,"[2.03882193, -3.53134316, -0.0, 2.03882193, 3.53134316, 0.0, 0.0, 0.0, 19.80136159]",12.0,0.0,local
2129,mp-1215451,slab,-11.41778704,104.838,True,"[2.10657105, -3.6486881, -0.0, 2.10657105, 3.6486881, 0.0, -0.0, 0.0, 6.95119894]",4.0,0.0,local
2130,mp-1215452,slab,-13.46945115,112.672,True,"[4.53695058, 0.0, 0.0, 0.0, 4.53695058, 0.0, 0.0, 0.0, 6.34624672]",4.0,2.5e-08,local
2131,mp-1215453,slab,-48.79774607,192.21,True,"[2.00316927, -3.46959095, -0.0, 2.00316927, 3.46959095, 0.0, -0.0, 0.0, 19.50999773]",12.0,1.6666666666666667e-08,local
2132,mp-1215455,slab,-40.28128775,232.738,True,"[3.81499642, -0.0, 0.0, 0.0, 3.81499642, 0.0, -0.0, -0.0, 8.12617601]",6.0,0.0,local
2133,mp-1215460,slab,-8.68378758,398.285,True,"[3.12648243, -0.0, 0.0, 0.0, 3.12648243, 0.0, 0.0, 0.0, 6.63313223]",4.0,2.5e-08,local
2134,mp-1215462,slab,-9.99027242,10424.304,True,"[3.79557541, 0.0, 0.0, 0.0, 3.84042057, 0.0, -0.0, 0.0, 3.5824047]",4.0,0.0,local
2135,mp-1215473,slab,-9.3579428,156.703,True,"[2.56735825, -0.0, 0.0, 0.0, 2.56735825, 0.0, 0.0, 0.0, 3.86850309]",2.0,1.18847555,local
2136,mp-1215477,slab,-111.74599474,1264.913,True,"[2.6490363, -4.58826545, -0.0, 2.6490363, 4.58826545, -0.0, 0.0, -0.0, 12.38886778]",18.0,4.611111111111111e-07,local
2137,mp-1215478,slab,-147.54048692,835.606,True,"[2.5436319, -4.40569968, -0.0, 2.5436319, 4.40569968, 0.0, -0.0, 0.0, 11.50399124]",18.0,8.888888888888888e-08,local
2138,mp-1215479,slab,-159.30114532,2025.076,True,"[2.61319764, -4.52619109, 0.0, 2.61319764, 4.52619109, -0.0, 0.0, -0.0, 12.08750543]",18.0,3.888888888888888e-08,local
2139,mp-1215483,slab,-14.03551331,9241.622,True,"[3.00752845, -0.0, 0.0, 0.0, 4.3941314, 0.0, -0.0, 0.0, 8.53610574]",8.0,0.0,local
2140,mp-1215484,slab,-172.9897235,1379.075,True,"[2.60298182, -4.50849676, -0.0, 2.60298182, 4.50849676, 0.0, -0.0, 0.0, 13.22197293]",18.0,8.888888888888888e-08,local
2141,mp-1215486,slab,-34.29145902,2332.022,True,"[2.10826749, -3.65162642, -0.0, 2.10826749, 3.65162642, 0.0, -0.0, 0.0, 20.80083893]",12.0,0.0,local
2142,mp-1215488,slab,-24.47848122,1035.441,True,"[3.07582204, -0.0, 0.0, 0.0, 3.07582204, 0.0, 0.0, 0.0, 12.33069496]",8.0,0.0,local
2143,mp-1215490,slab,-58.29429469,287.945,True,"[3.83909556, 0.0, 0.0, 0.0, 10.19638973, 0.0, 0.0, 0.0, 3.85481272]",8.0,2.5e-08,local
2144,mp-1215491,slab,-119.88571015,437.684,True,"[2.64632955, -4.58357724, 0.0, 2.64632955, 4.58357724, -0.0, 0.0, 0.0, 12.77152413]",18.0,0.0001232944444444,local
2145,mp-1215496,slab,-7.5138012,104.254,True,"[3.17493208, 0.0, 0.0, 0.0, 3.17493208, 0.0, 0.0, 0.0, 7.07046873]",4.0,2.5e-08,local
2146,mp-1215497,slab,-6.18021519,235.553,True,"[1.450182, -2.5117889, 0.0, 1.450182, 2.5117889, 0.0, -0.0, 0.0, 8.64509665]",4.0,0.0,local
2147,mp-1215503,slab,-44.76217984,842.459,True,"[2.10430126, -3.6447567, -0.0, 2.10430126, 3.6447567, -0.0, -0.0, -0.0, 20.60278542]",12.0,0.0,local
2148,mp-1215506,slab,-147.68095153,2272.837,True,"[2.50369236, -4.33652237, -0.0, 2.50369236, 4.33652237, 0.0, 0.0, 0.0, 11.60406922]",18.0,1.761111111111111e-06,local
2149,mp-1215509,slab,-25.54386761,328.508,True,"[2.92330046, -0.0, 0.0, 0.0, 2.92330046, 0.0, -0.0, 0.0, 10.36288315]",6.0,0.0,local
2150,mp-1215510,slab,-115.38267813,684.069,True,"[2.63414082, -4.56246573, -0.0, 2.63414082, 4.56246573, 0.0, 0.0, -0.0, 12.44109312]",18.0,6.705555555555556e-06,local
2151,mp-1215513,slab,-33.3439265,515.973,True,"[2.11081236, -3.65603425, -0.0, 2.11081236, 3.65603425, 0.0, -0.0, 0.0, 20.65736576]",12.0,0.0,local
2152,mp-1215517,slab,-157.04003462,1986.951,True,"[2.48030536, -4.2960149, -0.0, 2.48030536, 4.2960149, 0.0, 0.0, 0.0, 12.27978719]",18.0,0.987908538888889,local
2153,mp-1215518,slab,-12.3634427,286.996,True,"[1.31250315, -2.27332214, -0.0, 1.31250315, 2.27332214, -0.0, 0.0, -0.0, 8.42123044]",4.0,0.0,local
2154,mp-1215519,slab,-14.37100334,2179.148,True,"[3.13963553, -0.0, 0.0, 0.0, 4.92061685, 0.0, -0.0, -0.0, 9.50808519]",8.0,2e-07,local
2155,mp-1215522,slab,-13.66013791,248.975,True,"[0.0, 4.2854016, -0.0023014, 2.91180387, 0.0, 0.0, 0.0, -0.84170038, -3.95178944]",4.0,1.55e-06,local
2156,mp-1215524,slab,-9.09192697,76.51,True,"[3.18762186, 0.0, 0.0, 0.0, 3.18762186, 0.0, 0.0, 0.0, 7.02024338]",4.0,0.0,local
2157,mp-1215525,slab,-17.5123029,51.169,True,"[2.11529978, -3.6638067, 0.0, 2.11529978, 3.6638067, -0.0, -0.0, 0.0, 5.17840578]",4.0,0.31143745,local
2158,mp-1215526,slab,-51.46801108,2111.728,True,"[2.96166662, 0.0, 0.0, 0.0, 4.0146801, 0.0, -0.0, 0.0, 8.13654935]",8.0,1.738782075,local
2159,mp-1215528,slab,-151.85823016,1536.915,True,"[2.5502299, -4.41712777, -0.0, 2.5502299, 4.41712777, -0.0, -0.0, 0.0, 11.88476635]",18.0,5e-08,local
2160,mp-1215529,slab,-37.13744088,527.919,True,"[1.313142, -2.27442865, 0.0, 1.313142, 2.27442865, -0.0, -0.0, -0.0, 25.24370911]",12.0,0.0,local
2161,mp-1215531,slab,-46.91223345,1080.695,True,"[8.28954747, 0.0, 0.0, 0.0, 11.74230771, 0.0, 0.0, 0.0, 4.13231467]",16.0,0.0,local
2162,mp-1215533,slab,-19.0773327,261.409,True,"[2.76316794, 0.0, 0.0, 0.0, 2.76316794, 0.0, 0.0, 0.0, 6.15963616]",4.0,0.0,local
2163,mp-1215545,slab,-35.3962972,966.069,True,"[1.38935041, -2.4064255, 0.0, 1.38935041, 2.4064255, -0.0, -0.0, 0.0, 25.96050511]",12.0,0.0,local
2164,mp-1215552,slab,-143.29352221,684.487,True,"[2.50463967, -4.33816315, 0.0, 2.50463967, 4.33816315, -0.0, -0.0, -0.0, 12.38673984]",18.0,0.6064569444444445,local
2165,mp-1215554,slab,-144.90885963,909.423,True,"[2.48540333, -4.30484484, 0.0, 2.48540333, 4.30484484, -0.0, 0.0, -0.0, 11.72704758]",18.0,0.5022843944444444,local
2166,mp-1215561,slab,-133.15884993,935.061,True,"[2.52512177, -4.3736392, 0.0, 2.52512177, 4.3736392, -0.0, 0.0, 0.0, 12.01893013]",18.0,7.166666666666667e-07,local
2167,mp-1215564,slab,-23.67428552,4145.097,True,"[0.0, 4.59932821, 0.02112796, 2.9718494, 0.0, 0.0, 0.0, -0.3175183, -9.11860211]",8.0,0.0,local
2168,mp-1215575,slab,-43.01997733,522.909,True,"[1.48627918, -2.57431105, -0.0, 1.48627918, 2.57431105, 0.0, -0.0, 0.0, 34.0829911]",15.0,3.400000000000001e-07,local
2169,mp-1215579,slab,-68.96591202,838.929,True,"[1.40503655, -2.43359469, 0.0, 1.40503655, 2.43359469, -0.0, 0.0, 0.0, 33.00192951]",15.0,5.182e-05,local
2170,mp-1215582,slab,-69.41788439,834.455,True,"[1.26949119, -2.19882324, -0.0, 1.26949119, 2.19882324, 0.0, 0.0, 0.0, 30.56401655]",15.0,0.3199083066666667,local
2171,mp-1215586,slab,-60.28461552,700.419,True,"[4.00061791, -0.0, 0.0, 0.0, 4.04666742, 0.0, -0.0, 0.0, 7.84554667]",8.0,0.0,local
2172,mp-1215600,slab,-62.44381485,2278.859,True,"[3.28046261, 0.0, 0.0, 0.0, 9.85941818, 0.0, -0.0, 0.0, 4.08296447]",8.0,1.25e-08,local
2173,mp-1215635,slab,-202.52719727,3910.909,True,"[3.24752302, -0.0, 0.0, 0.0, 4.70523966, 0.0, -0.0, -0.0, 23.37313034]",20.0,2e-07,local
2174,mp-1215639,slab,-65.25842905,2462.565,True,"[0.0, 9.97281769, -0.03301211, 4.16204888, 0.0, 0.0, 0.0, -4.37639083, -4.95267809]",12.0,0.0,local
2175,mp-1215645,slab,-88.33418214,2388.65,True,"[0.0, 13.74718755, -0.03106332, 3.72849282, 0.0, 0.0, 0.0, -2.99317201, -5.69692138]",14.0,7.142857142857142e-09,local
2176,mp-1215676,slab,-14.91424714,51.232,True,"[2.05321406, -3.55627108, -0.0, 2.05321406, 3.55627108, -0.0, -0.0, -0.0, 4.05848877]",3.0,4.333333333333334e-07,local
2177,mp-1215677,slab,-40.35588806,969.843,True,"[1.65596859, -2.86822173, -0.0, 1.65596859, 2.86822173, -0.0, 0.0, 0.0, 17.93342575]",7.0,0.0,local
2178,mp-1215689,slab,-69.58765073,2369.113,True,"[0.0, 9.85915859, -0.00338442, 4.16735666, 0.0, 0.0, 0.0, -4.34181607, -4.94219219]",12.0,0.0,local
2179,mp-1215709,slab,-195.73548115,731.005,True,"[7.15194426, -0.0, 0.0, 0.0, 7.15194426, 0.0, -0.0, -0.0, 7.15194426]",24.0,1.0628418791666667,local
2180,mp-1215759,slab,-42.46790427,7483.817,True,"[4.2309474, -0.0, -0.0, 0.0, 4.2309474, 0.0, -0.0, 0.0, 8.76980195]",8.0,1.25e-08,local
2181,mp-1215776,slab,-71.82199201,3264.27,True,"[0.0, 9.78370231, 0.03380855, 4.19898418, 0.0, 0.0, 0.0, -4.28576098, -4.93573445]",12.0,4.166666666666666e-08,local
2182,mp-1215800,slab,-43.59731864,1775.718,True,"[1.65456518, -2.86579096, 0.0, 1.65456518, 2.86579096, -0.0, 0.0, -0.0, 18.28520684]",7.0,0.0,local
2183,mp-1215893,slab,-12.59024635,50.609,True,"[1.75102901, -3.03287122, 0.0, 1.75102901, 3.03287122, 0.0, -0.0, -0.0, 5.38895266]",2.0,1.55e-06,local
2184,mp-1215905,slab,-16.65558626,262.492,True,"[2.09936546, -3.63620764, -0.0, 2.09936546, 3.63620764, 0.0, 0.0, 0.0, 3.80951695]",3.0,3.3333333333333334e-08,local
2185,mp-1215907,slab,-19.10398169,203.18,True,"[2.24909618, -3.89554886, 0.0, 2.24909618, 3.89554886, -0.0, 0.0, 0.0, 7.33956199]",4.0,0.0,local
2186,mp-1215914,slab,-17.55419775,79.179,True,"[2.02995169, -3.51597946, 0.0, 2.02995169, 3.51597946, -0.0, 0.0, 0.0, 3.97904972]",3.0,3.3333333333333334e-08,local
2187,mp-1215924,slab,-71.35172485,648.979,True,"[2.17589315, -3.76875749, 0.0, 2.17589315, 3.76875749, 0.0, 0.0, -0.0, 31.32924372]",15.0,0.0,local
2188,mp-1215928,slab,-81.11969136,3418.955,True,"[4.96370832, 0.0, 0.0, 0.0, 8.51738782, 0.0, 0.0, 0.0, 3.99052213]",12.0,0.6549659583333333,local
2189,mp-1215930,slab,-71.47273497,8223.629,True,"[2.20035626, -3.81112883, -0.0, 2.20035626, 3.81112883, 0.0, 0.0, 0.0, 31.88445667]",15.0,0.0,local
2190,mp-1215933,slab,-44.35915514,127.825,True,"[4.18363986, -0.0, 0.0, 0.0, 4.18363986, 0.0, -0.0, -0.0, 11.32916697]",10.0,5e-08,local
2191,mp-1215934,slab,-79.57424822,863.443,True,"[5.48118271, -0.0, 0.0, 0.0, 5.52035515, 0.0, 0.0, -0.0, 7.61849773]",12.0,0.8925901833333333,local
2192,mp-1215935,slab,-79.72277895,733.677,True,"[0.0, 10.38424117, 0.00578614, 4.24704258, 0.0, 0.0, 0.0, -4.70225969, -5.18071577]",12.0,0.0,local
2193,mp-1215937,slab,-77.29827346,953.75,True,"[5.3379598, -0.0, 0.0, 0.0, 5.47374828, 0.0, -0.0, -0.0, 7.40565541]",12.0,0.54070485,local
2194,mp-1215942,slab,-186.38408566,638.354,True,"[7.11475913, -0.0, 0.0, 0.0, 7.11475913, 0.0, -0.0, -0.0, 7.11475913]",24.0,0.9852945125,local
2195,mp-1215943,slab,-93.91505352,8353.755,True,"[5.15422813, 0.0, 0.0, 0.0, 5.26932548, 0.0, 0.0, -0.0, 7.19250366]",12.0,0.3726406,local
2196,mp-1215945,slab,-42.38933053,391.076,True,"[4.08982598, 0.0, 0.0, 0.0, 4.08982598, 0.0, 0.0, 0.0, 10.77417323]",10.0,2e-08,local
2197,mp-1215948,slab,-39.62365024,111.576,True,"[2.42951462, -4.20804277, 0.0, 2.42951462, 4.20804277, -0.0, 0.0, 0.0, 4.01969095]",6.0,0.7996376333333334,local
2198,mp-1215949,slab,-20.3435591,80.767,True,"[2.20119583, -3.81258302, 0.0, 2.20119583, 3.81258302, 0.0, -0.0, 0.0, 3.58295431]",3.0,3.3333333333333334e-08,local
2199,mp-1215953,slab,-90.7618858,7933.894,True,"[5.22370405, -0.0, 0.0, 0.0, 5.30229686, 0.0, 0.0, -0.0, 7.08312148]",12.0,1.096780525,local
2200,mp-1215955,slab,-39.83229292,151.017,True,"[2.52250381, -4.36910477, -0.0, 2.52250381, 4.36910477, 0.0, -0.0, -0.0, 3.87229914]",6.0,0.7282578166666666,local
2201,mp-1215957,slab,-79.2673034,1905.929,True,"[4.94707271, 0.0, 0.0, 0.0, 5.09976955, 0.0, -0.0, 0.0, 7.31461673]",12.0,0.3054983166666666,local
2202,mp-1215958,slab,-88.66380948,1883.429,True,"[5.09089696, 0.0, 0.0, 0.0, 5.2583014, 0.0, -0.0, -0.0, 7.10722435]",12.0,0.959258975,local
2203,mp-1215960,slab,-42.15564777,124.579,True,"[2.52714763, -4.3771481, -0.0, 2.52714763, 4.3771481, 0.0, 0.0, -0.0, 3.70979281]",6.0,0.6457510833333333,local
2204,mp-1215961,slab,-38.04387708,128.522,True,"[2.47758071, -4.29129567, 0.0, 2.47758071, 4.29129567, 0.0, 0.0, 0.0, 3.93101504]",6.0,0.6780901500000001,local
2205,mp-1215968,slab,-26.07708581,114.274,True,"[2.53685639, -4.39396416, 0.0, 2.53685639, 4.39396416, -0.0, -0.0, 0.0, 3.88553962]",6.0,3.3333333333333334e-08,local
2206,mp-1215971,slab,-75.73939508,1561.179,True,"[0.0, 10.49003303, -0.0174554, 4.35762303, 0.0, 0.0, 0.0, -4.75002877, -5.22130512]",12.0,0.0,local
2207,mp-1215976,slab,-74.43158654,3481.851,True,"[0.0, 10.24036402, 0.01207746, 4.14155184, 0.0, 0.0, 0.0, -4.59054909, -5.14047386]",12.0,0.0,local
2208,mp-1215979,slab,-60.06419714,2606.783,True,"[0.0, 10.5114076, -0.00852644, 4.48819335, 0.0, 0.0, 0.0, -4.76604361, -5.33206914]",12.0,0.0,local
2209,mp-1215980,slab,-74.17306208,763.729,True,"[5.0683691, 0.0, 0.0, 0.0, 5.17935224, 0.0, 0.0, 0.0, 7.53043658]",12.0,0.4230192333333333,local
2210,mp-1215987,slab,-83.16794918,1237.039,True,"[4.96707495, 0.0, 0.0, 0.0, 5.22016563, 0.0, 0.0, 0.0, 7.37511293]",12.0,0.6854200666666667,local
2211,mp-1215988,slab,-54.36098045,1444.539,True,"[0.0, 10.54861172, -0.01977237, 4.54854788, 0.0, 0.0, 0.0, -4.83619311, -5.34699553]",12.0,8.333333333333334e-09,local
2212,mp-1215997,slab,-10.00555924,83.94,True,"[3.56280262, 0.0, 0.0, 0.0, 3.56280262, 0.0, 0.0, 0.0, 4.21085413]",2.0,4e-07,local
2213,mp-1216001,slab,-20.64323194,52.148,True,"[4.0917243, -0.0, 0.0, 0.0, 4.0917243, 0.0, 0.0, -0.0, 5.69998059]",4.0,2.25e-07,local
2214,mp-1216005,slab,-18.64289996,268.057,True,"[4.66813244, -0.0, 0.0, 0.0, 4.66813244, 0.0, -0.0, -0.0, 4.38382282]",4.0,1.5e-07,local
2215,mp-1216057,slab,-144.27864109,1001.471,True,"[2.62200155, -4.54143991, 0.0, 2.62200155, 4.54143991, -0.0, 0.0, 0.0, 13.05039648]",18.0,5.555555555555555e-09,local
2216,mp-1216065,slab,-125.76704006,1776.864,True,"[2.62769136, -4.55129495, -0.0, 2.62769136, 4.55129495, 0.0, -0.0, 0.0, 11.52471295]",18.0,0.0,local
2217,mp-1216066,slab,-147.57645588,826.218,True,"[2.62778366, -4.55145482, 0.0, 2.62778366, 4.55145482, -0.0, 0.0, -0.0, 12.92148206]",18.0,2.9961111111111112e-05,local
2218,mp-1216070,slab,-139.9759717,4971.577,True,"[2.60608533, -4.51387219, 0.0, 2.60608533, 4.51387219, -0.0, -0.0, -0.0, 12.43746889]",18.0,1.0551422555555556,local
2219,mp-1216072,slab,-27.84783239,572.995,True,"[2.2517661, -3.90017329, -0.0, 2.2517661, 3.90017329, 0.0, -0.0, -0.0, 7.2546827]",6.0,0.0,local
2220,mp-1216073,slab,-36.24059426,639.14,True,"[4.02577521, 0.0, 0.0, 0.0, 4.23666056, 0.0, 0.0, 0.0, 7.03321992]",6.0,3.3333333333333334e-08,local
2221,mp-1216074,slab,-93.41081408,3714.427,True,"[3.93400051, 0.0, 0.0, 0.0, 4.15502392, 0.0, 0.0, 0.0, 17.48752673]",14.0,0.0,local
2222,mp-1216077,slab,-80.33810739,20336.271,True,"[4.06454635, 0.0, 0.0, 0.0, 4.31699516, 0.0, -0.0, 0.0, 21.9446334]",16.0,0.01793565625,local
2223,mp-1216078,slab,-32.08473903,631.126,True,"[3.6469836, -0.0, 0.0, 0.0, 4.13931403, 0.0, 0.0, -0.0, 7.40235768]",6.0,0.0,local
2224,mp-1216081,slab,-28.98544395,359.652,True,"[2.19247631, -3.79748036, 0.0, 2.19247631, 3.79748036, 0.0, -0.0, 0.0, 7.26358409]",6.0,0.0,local
2225,mp-1216091,slab,-30.89325557,550.099,True,"[2.14282934, -3.71148928, 0.0, 2.14282934, 3.71148928, -0.0, -0.0, -0.0, 7.52751665]",6.0,0.0,local
2226,mp-1216095,slab,-142.38968342,1376.953,True,"[2.65425936, -4.59731208, 0.0, 2.65425936, 4.59731208, -0.0, -0.0, -0.0, 12.13292759]",18.0,0.7925317055555555,local
2227,mp-1216110,slab,-127.10595495,1321.22,True,"[2.61017042, -4.52094778, 0.0, 2.61017042, 4.52094778, -0.0, -0.0, -0.0, 12.81956096]",18.0,0.6872986444444444,local
2228,mp-1216123,slab,-104.49571875,817.718,True,"[2.7662844, -4.79134513, 0.0, 2.7662844, 4.79134513, -0.0, 0.0, 0.0, 13.09659534]",18.0,0.3235984888888888,local
2229,mp-1216136,slab,-118.40731957,641.052,True,"[2.66845838, -4.62190548, -0.0, 2.66845838, 4.62190548, 0.0, -0.0, 0.0, 11.7182535]",18.0,0.0388764222222222,local
2230,mp-1216143,slab,-68.64811198,2341.111,True,"[2.45573381, -4.25345573, -0.0, 2.45573381, 4.25345573, 0.0, 0.0, -0.0, 24.10355]",24.0,8.333333333333334e-09,local
2231,mp-1216173,slab,-26.75397685,1435.29,True,"[3.60657632, 0.0, 0.0, 0.0, 4.76806144, 0.0, 0.0, 0.0, 8.337268]",6.0,0.0,local
2232,mp-1216229,slab,-43.91228978,605.961,True,"[3.04206271, -0.0, 0.0, 0.0, 4.37069854, 0.0, 0.0, -0.0, 4.25238971]",4.0,1.25e-07,local
2233,mp-1216231,slab,-44.14651364,395.897,True,"[3.09526081, 0.0, 0.0, 0.0, 4.45626846, 0.0, -0.0, 0.0, 4.30206283]",4.0,6e-07,local
2234,mp-1216238,slab,-35.60450854,3816.299,True,"[4.72503974, -0.0, 0.0, 0.0, 4.80279734, 0.0, -0.0, 0.0, 9.09722913]",8.0,0.0,local
2235,mp-1216241,slab,-130.90742046,1184.325,True,"[3.07675071, -0.0, 0.0, 0.0, 4.42475667, 0.0, -0.0, -0.0, 12.98490769]",12.0,0.0,local
2236,mp-1216252,slab,-34.03117164,1482.362,True,"[4.77252018, -0.0, 0.0, 0.0, 4.91122856, 0.0, -0.0, 0.0, 9.34372292]",8.0,2.5e-08,local
2237,mp-1216264,slab,-36.74046234,256.475,True,"[1.35420071, -2.34554443, 0.0, 1.35420071, 2.34554443, 0.0, -0.0, 0.0, 8.65729608]",4.0,2.5e-08,local
2238,mp-1216270,slab,-85.65722082,304.359,True,"[1.38364214, -2.39653849, -0.0, 1.38364214, 2.39653849, 0.0, -0.0, -0.0, 27.2176429]",12.0,7.741666666666666e-06,local
2239,mp-1216290,slab,-75.91189467,350.563,True,"[1.38106467, -2.39207418, 0.0, 1.38106467, 2.39207418, 0.0, 0.0, -0.0, 26.84318013]",12.0,9.491666666666668e-06,local
2240,mp-1216296,slab,-91.57367368,386.148,True,"[1.38217458, -2.39399659, -0.0, 1.38217458, 2.39399659, 0.0, -0.0, 0.0, 33.71062925]",15.0,2.198e-05,local
2241,mp-1216310,slab,-61.55015115,745.707,True,"[3.3779335, -0.0, 0.0, 0.0, 5.92435972, 0.0, 0.0, -0.0, 6.36145099]",8.0,0.0,local
2242,mp-1216313,slab,-43.47952628,344.912,True,"[1.28061456, -2.21808948, -0.0, 1.28061456, 2.21808948, 0.0, 0.0, -0.0, 12.77643341]",6.0,1.6666666666666667e-08,local
2243,mp-1216314,slab,-25.79798755,254.265,True,"[2.51273778, -0.0, 0.0, 0.0, 2.51273778, 0.0, -0.0, -0.0, 7.19059644]",4.0,1.275e-06,local
2244,mp-1216323,slab,-40.23440683,348.866,True,"[3.08126341, 0.0, 0.0, 0.0, 4.45085467, 0.0, -0.0, 0.0, 4.26406028]",4.0,2.5e-08,local
2245,mp-1216325,slab,-12.14429471,82.926,True,"[1.38728455, -2.40284733, -0.0, 1.38728455, 2.40284733, -0.0, -0.0, -0.0, 4.35014464]",2.0,5e-08,local
2246,mp-1216327,slab,-177.07256967,1162.714,True,"[3.18631193, -5.51885413, 0.0, 3.18631191, 5.51885414, 0.0, 0.0, 0.0, 7.89797268]",24.0,2.37875e-05,local
2247,mp-1216329,slab,-168.69184672,8953.357,True,"[2.89720948, 0.0, 0.0, 0.0, 4.013253, 0.0, -0.0, -0.0, 20.10768481]",20.0,1.611817755,local
2248,mp-1216338,slab,-55.72418389,478.883,True,"[3.34501915, 0.0, 0.0, 0.0, 5.62032332, 0.0, 0.0, 0.0, 6.18914549]",8.0,0.3212417875,local
2249,mp-1216347,slab,-34.89164189,350.239,True,"[2.95872576, -0.0, 0.0, 0.0, 4.05712387, 0.0, 0.0, 0.0, 4.00212367]",4.0,0.633275825,local
2250,mp-1216348,slab,-118.01497711,1333.118,True,"[3.0198537, -0.0, 0.0, 0.0, 4.33535213, 0.0, 0.0, -0.0, 12.49726912]",12.0,8.333333333333334e-09,local
2251,mp-1216349,slab,-70.22297937,1161.284,True,"[2.91368169, 0.0, 0.0, 0.0, 4.0004112, 0.0, -0.0, 0.0, 8.07808082]",8.0,0.9229434875,local
2252,mp-1216351,slab,-47.14445434,452.923,True,"[3.568807, 0.0, 0.0, 0.0, 3.568807, 0.0, 0.0, 0.0, 7.1230059]",8.0,0.0,local
2253,mp-1216352,slab,-67.86544655,759.403,True,"[2.90984838, -0.0, 0.0, 0.0, 4.01405033, 0.0, -0.0, -0.0, 8.04366765]",8.0,1.4479112875,local
2254,mp-1216368,slab,-27.03011871,227.265,True,"[1.87193889, -3.24229327, 0.0, 1.87193889, 3.24229327, -0.0, 0.0, -0.0, 5.92331182]",4.0,1.4675218,local
2255,mp-1216394,slab,-37.21057612,360.388,True,"[2.91154415, 0.0, 0.0, 0.0, 4.21112555, 0.0, 0.0, 0.0, 4.03621406]",4.0,4.5e-07,local
2256,mp-1216397,slab,-58.29862873,478.54,True,"[3.43104365, -0.0, 0.0, 0.0, 5.76594944, 0.0, -0.0, -0.0, 6.20371581]",8.0,0.2632472625,local
2257,mp-1216400,slab,-110.66818184,442.382,True,"[1.25907508, -2.18078201, -0.0, 1.25907508, 2.18078201, -0.0, 0.0, -0.0, 30.76108056]",15.0,1.0543892866666666,local
2258,mp-1216411,slab,-58.10865516,5848.692,True,"[0.0, 5.65067309, -0.0052028, 3.55736388, 0.0, 0.0, 0.0, -0.00769659, -6.28891623]",8.0,0.74687405,local
2259,mp-1216427,slab,-73.77516825,149.114,True,"[4.74555096, -0.0, 0.0, 0.0, 4.74555096, 0.0, 0.0, -0.0, 4.74555096]",8.0,0.0,local
2260,mp-1216430,slab,-65.12049694,129.549,True,"[4.83893791, -0.0, 0.0, 0.0, 4.83893791, 0.0, -0.0, 0.0, 4.83893791]",8.0,4.7e-06,local
2261,mp-1216436,slab,-63.36248466,139.779,True,"[4.77556155, 0.0, 0.0, 0.0, 4.77556155, 0.0, 0.0, 0.0, 4.77556155]",8.0,0.0054541,local
2262,mp-1216437,slab,-72.35589702,236.527,True,"[4.77345492, -0.0, 0.0, 0.0, 4.77345492, 0.0, -0.0, 0.0, 4.77345492]",8.0,1.25e-08,local
2263,mp-1216439,slab,-67.86747431,336.544,True,"[4.66042851, 0.0, 0.0, 0.0, 4.66042851, 0.0, 0.0, 0.0, 4.66042851]",8.0,3.75e-08,local
2264,mp-1216440,slab,-64.79469521,340.018,True,"[4.74207503, 0.0, 0.0, 0.0, 4.74207503, 0.0, 0.0, -0.0, 4.74207503]",8.0,0.000129325,local
2265,mp-1216443,slab,-69.0326138,301.183,True,"[4.65762651, 0.0, 0.0, 0.0, 4.65762651, 0.0, 0.0, 0.0, 4.65762651]",8.0,1.375e-07,local
2266,mp-1216444,slab,-191.01471059,7708.693,True,"[3.00386404, -0.0, 0.0, 0.0, 4.39123682, 0.0, -0.0, 0.0, 20.65665119]",20.0,5e-09,local
2267,mp-1216449,slab,-182.77021606,11378.527,True,"[2.99964875, 0.0, 0.0, 0.0, 4.38459316, 0.0, -0.0, -0.0, 20.53522716]",20.0,0.0,local
2268,mp-1216450,slab,-62.35321332,101.629,True,"[4.86851968, -0.0, 0.0, 0.0, 4.86851968, 0.0, -0.0, 0.0, 4.86851968]",8.0,0.0001239875,local
2269,mp-1216451,slab,-61.4839227,138.167,True,"[4.87948349, 0.0, 0.0, 0.0, 4.87948349, 0.0, 0.0, 0.0, 4.87948349]",8.0,0.2388749875,local
2270,mp-1216453,slab,-67.08454548,122.813,True,"[4.73387228, 0.0, 0.0, 0.0, 4.73387228, 0.0, 0.0, 0.0, 4.73387228]",8.0,7.25e-07,local
2271,mp-1216457,slab,-70.26670753,154.154,True,"[4.71735508, 0.0, 0.0, 0.0, 4.71735508, 0.0, 0.0, 0.0, 4.71735508]",8.0,3.75e-08,local
2272,mp-1216460,slab,-72.54786566,115.542,True,"[4.72329745, 0.0, 0.0, 0.0, 4.72329745, 0.0, 0.0, 0.0, 4.72329745]",8.0,1.75e-07,local
2273,mp-1216468,slab,-223.37828554,867.789,True,"[3.39565788, -5.88145198, 0.0, 3.39565788, 5.88145198, 0.0, 0.0, -0.0, 8.31379098]",24.0,1.291666666666667e-07,local
2274,mp-1216480,slab,-60.40812773,2270.896,True,"[3.18668843, 0.0, 0.0, 0.0, 4.11277302, 0.0, 0.0, -0.0, 8.44997086]",8.0,3.75e-08,local
2275,mp-1216481,slab,-210.21601023,1278.179,True,"[3.25322035, -5.63474294, -0.0, 3.25322035, 5.63474294, 0.0, -0.0, 0.0, 7.95797977]",24.0,0.0,local
2276,mp-1216486,slab,-132.48903876,5770.748,True,"[5.43733146, 0.0, 0.0, 0.0, 9.34310151, 0.0, -0.0, 0.0, 4.32599023]",16.0,0.09882541875,local
2277,mp-1216544,slab,-14.26761101,55.338,True,"[4.35348268, 0.0, 0.0, 0.0, 4.35348268, 0.0, 0.0, 0.0, 6.11534766]",4.0,1e-07,local
2278,mp-1216549,slab,-32.06577575,146.368,True,"[2.15187701, -3.72716031, -0.0, 2.15187701, 3.72716031, 0.0, -0.0, 0.0, 5.47120417]",5.0,0.5309351,local
2279,mp-1216566,slab,-91.83187002,4062.031,True,"[5.99121571, 0.0, 0.0, 0.0, 9.61318399, 0.0, 0.0, 0.0, 9.95398672]",24.0,0.0,local
2280,mp-1216567,slab,-55.61857588,167.363,True,"[8.25749, 0.0, 0.0, 0.0, 8.25749, 0.0, 0.0, 0.0, 6.949144]",16.0,4.17125e-05,local
2281,mp-1216576,slab,-181.51004848,10378.496,True,"[2.90614283, -0.0, 0.0, 0.0, 4.0713727, 0.0, -0.0, -0.0, 20.48063629]",20.0,0.299582255,local
2282,mp-1216577,slab,-83.83081464,2844.21,True,"[0.0, 13.92040684, -0.02217411, 4.00915167, 0.0, 0.0, 0.0, -3.37889, -6.12170803]",14.0,1.1382816857142857,local
2283,mp-1216581,slab,-134.31203616,964.85,True,"[6.49343735, 0.0, 0.0, 0.0, 6.51576681, 0.0, 0.0, 0.0, 4.54681169]",16.0,6.25e-09,local
2284,mp-1216592,slab,-29.15915821,467.49,True,"[4.15713786, 0.0, 0.0, 0.0, 14.55230604, 0.0, 0.0, 0.0, 4.15571825]",8.0,0.0,local
2285,mp-1216600,slab,-84.13611261,6216.439,True,"[0.0, 14.05960525, -0.02988295, 3.99426497, 0.0, 0.0, 0.0, -3.25720182, -6.13378689]",14.0,1.2880190500000002,local
2286,mp-1216621,slab,-41.62642853,434.029,True,"[3.17916307, 0.0, 0.0, 0.0, 4.54296713, 0.0, -0.0, 0.0, 4.48324168]",4.0,6e-07,local
2287,mp-1216622,slab,-119.46082322,1247.845,True,"[2.27053699, -3.93268543, 0.0, 2.27053699, 3.93268543, -0.0, 0.0, -0.0, 21.90069228]",24.0,4.583333333333333e-08,local
2288,mp-1216634,slab,-35.94606603,456.485,True,"[3.27083502, 0.0, 0.0, 0.0, 4.63223906, 0.0, 0.0, 0.0, 4.64296763]",4.0,5.75e-07,local
2289,mp-1216635,slab,-88.90746967,322.503,True,"[6.20456533, 0.0, 0.0, 0.0, 6.20456533, 0.0, 0.0, 0.0, 6.20456533]",12.0,0.1384956083333333,local
2290,mp-1216640,slab,-16.22925607,75.015,True,"[3.97652789, 0.0, 0.0, 0.0, 3.97652789, 0.0, 0.0, 0.0, 3.89482282]",4.0,7.75e-07,local
2291,mp-1216641,slab,-82.29657066,488.815,True,"[6.18010443, 0.0, 0.0, 0.0, 6.18010443, 0.0, -0.0, -0.0, 6.18010443]",12.0,0.0016620166666666,local
2292,mp-1216646,slab,-33.17099645,368.095,True,"[3.11774413, -0.0, 0.0, 0.0, 4.405212, 0.0, 0.0, -0.0, 4.40854213]",4.0,6.25e-07,local
2293,mp-1216648,slab,-17.248726,87.819,True,"[1.82576738, -3.16232186, 0.0, 1.82576738, 3.16232186, -0.0, -0.0, 0.0, 6.75509256]",3.0,3.6666666666666667e-07,local
2294,mp-1216655,slab,-37.85588573,322.643,True,"[3.17712644, 0.0, 0.0, 0.0, 4.68036248, 0.0, 0.0, 0.0, 4.29749179]",4.0,4.25e-07,local
2295,mp-1216659,slab,-88.12338061,37159.514,True,"[0.0, 13.48352988, 0.10363417, 3.409119, 0.0, 0.0, 0.0, -2.95960004, -5.61567381]",14.0,0.6942073071428572,local
2296,mp-1216661,slab,-16.75074604,6181.93,True,"[2.84338505, 0.0, 0.0, 0.0, 2.84338505, 0.0, 0.0, 0.0, 6.84384269]",4.0,0.189820475,local
2297,mp-1216666,slab,-226.89520204,539.173,True,"[6.88724516, 0.0, 0.0, 0.0, 6.88724516, 0.0, 0.0, 0.0, 6.88724516]",24.0,8.333333333333334e-09,local
2298,mp-1216670,slab,-28.76650813,119.33,True,"[1.75864416, -3.04606104, 0.0, 1.75864416, 3.04606104, -0.0, 0.0, -0.0, 6.27418715]",4.0,0.3364277,local
2299,mp-1216672,slab,-21.31747017,939.59,True,"[3.02234776, 0.0, 0.0, 0.0, 3.02234776, 0.0, 0.0, 0.0, 5.66144467]",4.0,0.0,local
2300,mp-1216675,slab,-119.64316692,1573.511,True,"[3.15608876, -0.0, 0.0, 0.0, 4.56912748, 0.0, 0.0, 0.0, 13.2584088]",12.0,8.333333333333334e-08,local
2301,mp-1216728,slab,-43.0574325,109.329,True,"[2.28093716, -3.95069904, 0.0, 2.28093716, 3.95069904, -0.0, -0.0, 0.0, 5.63053991]",6.0,0.7568604666666667,local
2302,mp-1216731,slab,-103.88237237,2259.86,True,"[2.97134905, 0.0, 0.0, 0.0, 4.46275571, 0.0, 0.0, 0.0, 12.2124191]",12.0,8.333333333333334e-09,local
2303,mp-1216734,slab,-60.8842263,545.725,True,"[3.40339188, 0.0, 0.0, 0.0, 6.11454053, 0.0, -0.0, 0.0, 6.47611131]",8.0,0.0,local
2304,mp-1216743,slab,-80.13509154,7059.151,True,"[0.0, 13.51954443, -0.05227954, 3.982402, 0.0, 0.0, 0.0, -3.43844923, -5.91227714]",14.0,0.8137666857142857,local
2305,mp-1216749,slab,-23.97838422,683.112,True,"[3.19528288, -0.0, 0.0, 0.0, 3.19528288, 0.0, 0.0, -0.0, 5.86499257]",4.0,0.0,local
2306,mp-1216764,slab,-36.19836955,4116.461,True,"[0.0, 5.99831193, -0.00889861, 3.44618025, 0.0, 0.0, 0.0, -0.01583758, -6.55568679]",6.0,0.1801321166666666,local
2307,mp-1216769,slab,-69.86504105,1489.78,True,"[2.97663303, 0.0, 0.0, 0.0, 4.39405775, 0.0, -0.0, 0.0, 8.22046503]",8.0,0.0,local
2308,mp-1216782,slab,-58.94384879,973.868,True,"[3.1652665, -0.0, 0.0, 0.0, 4.12975269, 0.0, 0.0, -0.0, 8.08183286]",8.0,0.42649205,local
2309,mp-1216825,slab,-10.70136152,146.608,True,"[3.00488529, 0.0, 0.0, 0.0, 3.00488529, 0.0, 0.0, 0.0, 4.27352548]",2.0,0.0,local
2310,mp-1216826,slab,-84.57766383,4709.263,True,"[0.0, 12.95727013, -0.03161374, 3.37412764, 0.0, 0.0, 0.0, -2.74012472, -5.49153862]",14.0,0.5870709428571429,local
2311,mp-1216850,slab,-35.94076654,468.043,True,"[3.13783558, 0.0, 0.0, 0.0, 3.13783558, 0.0, 0.0, 0.0, 7.93354665]",6.0,0.0,local
2312,mp-1216876,slab,-46.80893627,605.356,True,"[3.61079873, 0.0, 0.0, 0.0, 3.61079873, 0.0, 0.0, 0.0, 7.12477999]",8.0,0.0,local
2313,mp-1216894,slab,-23.69259273,754.205,True,"[3.07753289, 0.0, 0.0, 0.0, 3.07753289, 0.0, 0.0, 0.0, 5.24352304]",4.0,2.5e-08,local
2314,mp-1216897,slab,-120.64391396,103259.472,True,"[5.83287737, -0.0, 0.0, 0.0, 9.40848486, 0.0, 0.0, -0.0, 4.37641841]",16.0,0.529291175,local
2315,mp-1216906,slab,-23.03066281,267.533,True,"[3.27867133, 0.0, 0.0, 0.0, 3.27867133, 0.0, 0.0, 0.0, 6.38208498]",4.0,0.0,local
2316,mp-1216917,slab,-22.70544442,118.954,True,"[3.10339282, 0.0, 0.0, 0.0, 3.10339282, 0.0, 0.0, 0.0, 6.12185545]",4.0,1e-07,local
2317,mp-1216922,slab,-17.9257912,1467.339,True,"[3.20431916, -0.0, 0.0, 0.0, 3.20431916, 0.0, -0.0, -0.0, 6.19332883]",4.0,0.17648915,local
2318,mp-1216945,slab,-25.35164455,89.774,True,"[3.25241048, -0.0, 0.0, 0.0, 3.25241048, 0.0, 0.0, 0.0, 6.58327505]",4.0,2.5e-08,local
2319,mp-1216949,slab,-78.71725148,129.531,True,"[5.95108, 0.0, 0.0, 0.0, 5.95108, 0.0, 0.0, 0.0, 5.95108]",12.0,0.2551651333333333,local
2320,mp-1216963,slab,-28.87738497,266.491,True,"[1.82330116, -3.15805025, 0.0, 1.82330116, 3.15805025, -0.0, -0.0, -0.0, 5.92312401]",4.0,0.690202425,local
2321,mp-1216970,slab,-30.10908326,1224.147,True,"[2.14372999, -3.71304926, -0.0, 2.14372999, 3.71304926, 0.0, 0.0, 0.0, 5.52460065]",6.0,0.0,local
2322,mp-1216975,slab,-100.5312714,9361.185,True,"[0.0, 14.436468, 0.05087325, 4.07306738, 0.0, 0.0, 0.0, -3.53806674, -6.22471194]",16.0,1.4899399125,local
2323,mp-1216977,slab,-127.79283614,1817.183,True,"[6.60588385, 0.0, 0.0, 0.0, 6.59565617, 0.0, 0.0, -0.0, 4.62276712]",16.0,1.46875e-06,local
2324,mp-1216996,slab,-26.64762744,482.799,True,"[3.1181576, 0.0, 0.0, 0.0, 3.1181576, 0.0, 0.0, -0.0, 5.90042576]",4.0,0.413386625,local
2325,mp-1217008,slab,-12.07685637,25.172,True,"[1.43895022, -2.49233488, 0.0, 1.43895022, 2.49233488, -0.0, -0.0, 0.0, 4.64475665]",2.0,0.00079265,local
2326,mp-1217009,slab,-17.97017706,73.367,True,"[3.97749363, 0.0, 0.0, 0.0, 3.97749363, 0.0, 0.0, 0.0, 3.89316811]",4.0,2.5e-08,local
2327,mp-1217010,slab,-136.45515993,160.668,True,"[6.45638362, -0.0, 0.0, 0.0, 6.45638362, 0.0, -0.0, -0.0, 6.45638362]",24.0,0.1820866041666666,local
2328,mp-1217015,slab,-25.52827021,238.124,True,"[2.74776989, -0.0, 0.0, 0.0, 2.74776989, 0.0, -0.0, -0.0, 8.05718277]",4.0,0.0,local
2329,mp-1217016,slab,-27.78661869,202.023,True,"[2.96157257, 0.0, 0.0, 0.0, 2.96157257, 0.0, 0.0, 0.0, 5.66424761]",4.0,0.000163375,local
2330,mp-1217017,slab,-44.07738615,166.01,True,"[3.81224264, 0.0, 0.0, 0.0, 3.81224264, 0.0, 0.0, 0.0, 8.48927346]",8.0,1.25e-08,local
2331,mp-1217020,slab,-29.66521234,97.726,True,"[2.93238404, 0.0, 0.0, 0.0, 2.93238404, 0.0, 0.0, 0.0, 5.77095499]",4.0,0.15758365,local
2332,mp-1217021,slab,-24.59901387,291.758,True,"[2.99703868, 0.0, 0.0, 0.0, 2.99703868, 0.0, -0.0, 0.0, 5.79709037]",4.0,0.0,local
2333,mp-1217022,slab,-19.66871637,71.765,True,"[3.08438263, -0.0, 0.0, 0.0, 3.08438263, 0.0, 0.0, -0.0, 7.07790999]",4.0,0.222276925,local
2334,mp-1217024,slab,-60.37750774,101.229,True,"[5.07504691, 0.0, 0.0, 0.0, 5.07504691, 0.0, 0.0, 0.0, 5.07504691]",8.0,0.0,local
2335,mp-1217027,slab,-20.0318791,221.558,True,"[2.80483819, -0.0, 0.0, 0.0, 4.70902784, 0.0, -0.0, 0.0, 4.93431369]",4.0,0.0,local
2336,mp-1217032,slab,-59.80029899,720.968,True,"[3.2144349, -0.0, 0.0, 0.0, 4.33571749, 0.0, 0.0, 0.0, 8.5446407]",8.0,2.125e-07,local
2337,mp-1217040,slab,-24.88722165,156.916,True,"[2.91015522, -0.0, 0.0, 0.0, 2.91015522, 0.0, -0.0, -0.0, 7.11500487]",4.0,0.000698425,local
2338,mp-1217044,slab,-48.20935125,598.043,True,"[3.60384392, 0.0, 0.0, 0.0, 3.60384392, 0.0, 0.0, 0.0, 7.11073512]",8.0,2.5e-08,local
2339,mp-1217047,slab,-19.81849411,204.984,True,"[2.88272644, 0.0, 0.0, 0.0, 2.88272644, 0.0, 0.0, 0.0, 6.70517876]",4.0,0.1788264,local
2340,mp-1217066,slab,-94.29101032,449.653,True,"[2.32999917, -4.03567695, -0.0, 2.32999917, 4.03567695, -0.0, -0.0, -0.0, 11.61823482]",18.0,0.26107005,local
2341,mp-1217067,slab,-41.59807435,136.983,True,"[3.09740603, -0.0, 0.0, 0.0, 3.09740603, 0.0, 0.0, 0.0, 6.2265146]",4.0,1.5e-07,local
2342,mp-1217070,slab,-37.12388722,194.485,True,"[3.17504186, 0.0, 0.0, 0.0, 3.17504186, 0.0, -0.0, 0.0, 6.13794814]",4.0,1.5e-07,local
2343,mp-1217071,slab,-25.65609215,866.146,True,"[3.03952682, -0.0, 0.0, 0.0, 3.03952682, 0.0, -0.0, -0.0, 6.10852089]",4.0,2.225e-06,local
2344,mp-1217072,slab,-27.76983504,80.74,True,"[1.4632825, -2.53447963, 0.0, 1.4632825, 2.53447963, 0.0, -0.0, 0.0, 9.21806449]",4.0,5e-08,local
2345,mp-1217076,slab,-71.53554696,3874.483,True,"[3.69725493, 0.0, 0.0, 0.0, 14.14920003, 0.0, 0.0, 0.0, 3.7017204]",12.0,0.0,local
2346,mp-1217078,slab,-29.64792173,784.536,True,"[2.98221842, -0.0, 0.0, 0.0, 2.98221842, 0.0, 0.0, -0.0, 6.00672484]",4.0,0.0006109,local
2347,mp-1217081,slab,-45.41057781,450.996,True,"[3.91855345, 0.0, 0.0, 0.0, 3.91855345, 0.0, 0.0, 0.0, 8.36334184]",8.0,0.0,local
2348,mp-1217087,slab,-29.93949051,128.035,True,"[3.13215079, 0.0, 0.0, 0.0, 3.13215079, 0.0, 0.0, 0.0, 6.15716448]",4.0,1.25e-07,local
2349,mp-1217089,slab,-78.04761169,459.513,True,"[3.62777074, 0.0, 0.0, 0.0, 13.51930588, 0.0, 0.0, 0.0, 3.6088772]",12.0,3.3333333333333334e-08,local
2350,mp-1217091,slab,-67.0593175,9926.799,True,"[3.22330709, 0.0, 0.0, 0.0, 4.77489501, 0.0, 0.0, -0.0, 9.0686188]",8.0,0.0,local
2351,mp-1217092,slab,-45.51437064,1218.248,True,"[3.91491911, 0.0, 0.0, 0.0, 4.03922191, 0.0, 0.0, 0.0, 8.12177294]",8.0,1.25e-08,local
2352,mp-1217093,slab,-122.92320953,1359.252,True,"[6.05803045, 0.0, 0.0, 0.0, 9.51916496, 0.0, -0.0, 0.0, 4.67232705]",16.0,1.25e-08,local
2353,mp-1217094,slab,-191.12448297,2206.03,True,"[3.73345373, -6.46653154, 0.0, 3.73345373, 6.46653154, -0.0, -0.0, -0.0, 9.15054696]",24.0,0.0433622125,local
2354,mp-1217096,slab,-28.50983684,1643.824,True,"[2.95416131, -0.0, 0.0, 0.0, 2.95416131, 0.0, -0.0, -0.0, 6.28543867]",4.0,5e-08,local
2355,mp-1217097,slab,-28.04691717,677.922,True,"[2.76386107, 0.0, 0.0, 0.0, 4.45203223, 0.0, -0.0, 0.0, 4.78170791]",4.0,0.0,local
2356,mp-1217098,slab,-38.34540874,855.223,True,"[2.94446557, 0.0, 0.0, 0.0, 2.94446557, 0.0, -0.0, 0.0, 11.33637816]",6.0,0.0,local
2357,mp-1217100,slab,-58.72148031,1269.649,True,"[1.72867384, -2.99415092, -0.0, 1.72867384, 2.99415092, 0.0, 0.0, -0.0, 13.21940977]",8.0,0.0,local
2358,mp-1217110,slab,-164.68125807,3540.87,True,"[3.09822709, -0.0, 0.0, 0.0, 4.74255399, 0.0, -0.0, -0.0, 22.2114435]",20.0,4.7250000000000005e-06,local
2359,mp-1217116,slab,-28.87112382,99.831,True,"[1.59875018, -2.76911653, 0.0, 1.59875018, 2.76911653, 0.0, -0.0, 0.0, 7.95174744]",4.0,2.5e-08,local
2360,mp-1217117,slab,-159.15772459,18671.603,True,"[3.10041667, 0.0, 0.0, 0.0, 4.60978887, 0.0, -0.0, 0.0, 22.95723959]",20.0,1.045e-06,local
2361,mp-1217118,slab,-87.06020445,4532.479,True,"[0.0, 13.7936315, 0.09721559, 3.70771558, 0.0, 0.0, 0.0, -3.09267767, -6.09397405]",14.0,4.2857142857142865e-08,local
2362,mp-1217124,slab,-141.76543364,9100.922,True,"[2.12350461, -3.67801788, 0.0, 2.12350461, 3.67801788, -0.0, 0.0, -0.0, 20.62321284]",21.0,0.1460347809523809,local
2363,mp-1217130,slab,-25.73287768,12200.481,True,"[2.74289296, 0.0, 0.0, 0.0, 4.35417281, 0.0, 0.0, 0.0, 4.65818027]",4.0,0.0,local
2364,mp-1217132,slab,-82.62372473,18943.572,True,"[0.0, 14.20188546, 0.12444607, 3.89800713, 0.0, 0.0, 0.0, -3.38074234, -6.15767553]",14.0,0.21220085,local
2365,mp-1217137,slab,-82.77166364,15713.043,True,"[0.0, 14.2960137, -0.13159869, 3.89634084, 0.0, 0.0, 0.0, -3.42876807, -6.11165457]",14.0,0.5079214857142856,local
2366,mp-1217146,slab,-91.53835796,905.805,True,"[0.0, 13.55617512, 0.00127089, 3.51302757, 0.0, 0.0, 0.0, -2.92519893, -5.69447611]",14.0,0.2705350357142857,local
2367,mp-1217156,slab,-161.37969495,3095.615,True,"[3.05377447, -0.0, 0.0, 0.0, 4.71592868, 0.0, -0.0, 0.0, 22.16000151]",20.0,2.7915e-05,local
2368,mp-1217161,slab,-158.21625226,147518.645,True,"[3.14759467, -0.0, 0.0, 0.0, 4.63069482, 0.0, -0.0, 0.0, 21.46522636]",20.0,9.935e-06,local
2369,mp-1217168,slab,-75.45288925,3594.286,True,"[3.08922232, -0.0, 0.0, 0.0, 3.08922232, 0.0, 0.0, 0.0, 17.3846965]",10.0,6.999999999999999e-08,local
2370,mp-1217257,slab,-13.87318063,666.059,True,"[1.97310553, -3.41751903, -0.0, 1.97310553, 3.41751903, 0.0, 0.0, 0.0, 5.26229352]",3.0,0.0,local
2371,mp-1217263,slab,-12.79378614,113.472,True,"[1.9801476, -3.42971625, -0.0, 1.9801476, 3.42971625, 0.0, -0.0, -0.0, 5.00326335]",3.0,0.0,local
2372,mp-1217269,slab,-20.34937685,490.481,True,"[0.0, 7.89411072, 0.05113861, 4.27250271, 0.0, 0.0, 0.0, -0.17622015, -5.36388694]",6.0,5e-08,local
2373,mp-1217291,slab,-47.09576659,486.9,True,"[2.25914529, -3.91295443, 0.0, 2.25914529, 3.91295443, -0.0, 0.0, 0.0, 22.13563867]",12.0,1.6666666666666667e-08,local
2374,mp-1217293,slab,-37.84772401,3931.877,True,"[1.72020807, -2.97948777, -0.0, 1.72020807, 2.97948777, -0.0, 0.0, 0.0, 16.99394951]",6.0,0.0,local
2375,mp-1217314,slab,-38.87717869,81.831,True,"[1.69024833, -2.92759598, 0.0, 1.69024833, 2.92759598, -0.0, 0.0, -0.0, 14.56740873]",6.0,4.5e-07,local
2376,mp-1217319,slab,-42.02480446,105.246,True,"[1.68938739, -2.9261048, -0.0, 1.68938739, 2.9261048, 0.0, -0.0, -0.0, 14.76004985]",6.0,0.0,local
2377,mp-1217322,slab,-19.99547464,1365.406,True,"[4.35639273, 0.00099428, -0.00059813, 2.10996148, 3.91459688, 0.00843779, 0.11424999, 0.22947695, 11.03315764]",6.0,0.0,local
2378,mp-1217326,slab,-19.46673677,139.832,True,"[3.52904579, 0.0, 0.0, 0.0, 3.52904579, 0.0, 0.0, 0.0, 5.61298987]",4.0,0.0,local
2379,mp-1217350,slab,-84.42946915,3637.344,True,"[0.0, 13.05691319, 0.00849773, 3.46362676, 0.0, 0.0, 0.0, -2.76278877, -5.52093283]",14.0,0.5903991,local
2380,mp-1217358,slab,-12.61807787,606.019,True,"[3.12500243, 0.0, 0.0, 0.0, 3.12500243, 0.0, -0.0, 0.0, 12.734162]",4.0,0.0,local
2381,mp-1217371,slab,-36.93425661,126.705,True,"[1.74877273, -3.02896322, -0.0, 1.74877273, 3.02896322, 0.0, 0.0, -0.0, 15.05843332]",6.0,0.0,local
2382,mp-1217400,slab,-42.95857392,2567.95,True,"[2.47074404, -4.2794542, 0.0, 2.47074404, 4.2794542, -0.0, 0.0, -0.0, 4.01568123]",6.0,0.0,local
2383,mp-1217755,slab,-9.42048103,56.775,True,"[2.1290765, -3.68766867, 0.0, 2.1290765, 3.68766867, -0.0, -0.0, 0.0, 4.67787198]",3.0,3.333333333333333e-07,local
2384,mp-1217763,slab,-8.79093243,72.73,True,"[2.16331369, -3.74696923, -0.0, 2.16331369, 3.74696923, 0.0, -0.0, -0.0, 4.67541471]",3.0,1.7e-06,local
2385,mp-1217768,slab,-69.4655561,575.037,True,"[3.92294658, -0.0, 0.0, 0.0, 4.0179553, 0.0, -0.0, -0.0, 7.65545322]",8.0,0.0,local
2386,mp-1217777,slab,-23.94332506,1102.257,True,"[4.70015615, 0.0, 0.0, 0.0, 4.70015615, 0.0, 0.0, 0.0, 12.22749385]",10.0,0.0,local
2387,mp-1217811,slab,-49.78023025,329.059,True,"[3.24097964, 0.0, 0.0, 0.0, 4.62247317, 0.0, -0.0, 0.0, 4.54698159]",4.0,0.0,local
2388,mp-1217812,slab,-41.27228342,430.824,True,"[3.21325648, 0.0, 0.0, 0.0, 4.60096224, 0.0, -0.0, 0.0, 4.34803535]",4.0,6.5e-07,local
2389,mp-1217815,slab,-35.26192089,709.007,True,"[1.86145669, -3.22413756, -0.0, 1.86145669, 3.22413756, 0.0, -0.0, 0.0, 14.28680839]",6.0,0.0,local
2390,mp-1217821,slab,-42.79502126,1170.194,True,"[1.70041518, -2.94520549, 0.0, 1.70041518, 2.94520549, 0.0, 0.0, -0.0, 15.13194258]",6.0,7.666666666666667e-07,local
2391,mp-1217827,slab,-97.22451152,1477.111,True,"[4.7928862, 0.0, 0.0, 0.0, 5.07074302, 0.0, 0.0, 0.0, 7.17507352]",12.0,1e-07,local
2392,mp-1217829,slab,-39.46243335,4440.525,True,"[0.0, 6.09865546, -0.0129376, 3.5185015, 0.0, 0.0, 0.0, 0.00079042, -6.65719948]",6.0,0.0,local
2393,mp-1217832,slab,-55.78397074,481.77,True,"[2.56566925, -4.44386949, -0.0, 2.56566925, 4.44386949, -0.0, 0.0, -0.0, 4.24111707]",8.0,0.0,local
2394,mp-1217887,slab,-39.05248362,903.292,True,"[3.27422331, 0.0, 0.0, 0.0, 4.63702413, 0.0, 0.0, 0.0, 4.65993417]",4.0,3.25e-07,local
2395,mp-1217889,slab,-142.71956312,147.017,True,"[6.45358067, -0.0, 0.0, 0.0, 6.45358067, 0.0, -0.0, 0.0, 6.45358067]",24.0,0.1841833625,local
2396,mp-1217891,slab,-44.99596,96.925,True,"[3.84797964, 0.0, 0.0, 0.0, 3.84797964, 0.0, 0.0, 0.0, 8.61046539]",8.0,5e-08,local
2397,mp-1217892,slab,-44.05341609,132.843,True,"[3.31516639, 0.0, 0.0, 0.0, 4.69534244, 0.0, -0.0, 0.0, 4.68227566]",4.0,2e-07,local
2398,mp-1217893,slab,-47.46750687,142.212,True,"[3.85395298, 0.0, 0.0, 0.0, 3.85395298, 0.0, 0.0, 0.0, 8.59861095]",8.0,1.25e-08,local
2399,mp-1217894,slab,-49.24735261,237.205,True,"[3.19435014, 0.0, 0.0, 0.0, 4.59937158, 0.0, -0.0, 0.0, 4.45876762]",4.0,2.5e-08,local
2400,mp-1217895,slab,-45.89034399,173.234,True,"[3.23110137, 0.0, 0.0, 0.0, 4.67347652, 0.0, -0.0, 0.0, 4.48035185]",4.0,3.75e-07,local
2401,mp-1217897,slab,-143.70684378,872.513,True,"[3.21396097, 0.0, 0.0, 0.0, 4.58543386, 0.0, 0.0, 0.0, 13.53867565]",12.0,8.333333333333334e-09,local
2402,mp-1217901,slab,-140.32624285,1075.425,True,"[3.24730107, 0.0, 0.0, 0.0, 4.66200401, 0.0, 0.0, 0.0, 13.77991409]",12.0,3.3333333333333334e-08,local
2403,mp-1217902,slab,-132.65979633,1059.42,True,"[3.24212276, 0.0, 0.0, 0.0, 4.72594346, 0.0, 0.0, 0.0, 13.55975251]",12.0,8.333333333333334e-09,local
2404,mp-1217905,slab,-123.4465632,2254.271,True,"[3.24177518, -0.0, 0.0, 0.0, 4.62980445, 0.0, -0.0, -0.0, 13.37920286]",12.0,2.0083333333333333e-06,local
2405,mp-1217906,slab,-45.47016068,134.885,True,"[1.39052244, -2.40845552, -0.0, 1.39052244, 2.40845552, 0.0, 0.0, 0.0, 9.09447541]",4.0,2.5e-08,local
2406,mp-1217921,slab,-50.48467593,428.967,True,"[3.64288518, 0.0, 0.0, 0.0, 3.64288518, 0.0, 0.0, 0.0, 7.21299128]",8.0,0.0,local
2407,mp-1217922,slab,-41.07122126,348.419,True,"[1.72571064, -2.9890185, -0.0, 1.72571064, 2.9890185, -0.0, -0.0, 0.0, 13.13499793]",6.0,6.666666666666666e-07,local
2408,mp-1217923,slab,-57.43052873,854.924,True,"[4.24675389, 0.0, 0.0, 0.0, 4.50643084, 0.0, 0.0, 0.0, 5.07357851]",8.0,0.0,local
2409,mp-1217961,slab,-15.10753259,68.582,True,"[2.91330298, -0.0, 0.0, 0.0, 2.91330298, 0.0, 0.0, 0.0, 4.1500451]",2.0,1.2e-06,local
2410,mp-1217970,slab,-13.77806163,145.014,True,"[2.00102256, -3.46587274, -0.0, 2.00102256, 3.46587274, 0.0, -0.0, -0.0, 4.72772088]",3.0,6.666666666666668e-08,local
2411,mp-1217983,slab,-66.11996691,226.88,True,"[2.56507989, -4.44284869, -0.0, 2.56507989, 4.44284869, 0.0, -0.0, -0.0, 4.10852245]",8.0,0.0002028625,local
2412,mp-1217985,slab,-183.03581171,1128.605,True,"[2.51623374, -4.35824467, 0.0, 2.51623374, 4.35824467, -0.0, -0.0, -0.0, 12.01615011]",18.0,0.0,local
2413,mp-1217987,slab,-246.47420774,2455.48,True,"[4.92372813, 0.0, 0.0, 0.0, 8.51998518, 0.0, 0.0, 0.0, 8.68841131]",24.0,5.833333333333333e-08,local
2414,mp-1217988,slab,-90.143597,550.727,True,"[3.3241418, -0.0, 0.0, 0.0, 4.69065773, 0.0, -0.0, 0.0, 8.80006531]",8.0,2.8625e-06,local
2415,mp-1217989,slab,-122.46806578,587.529,True,"[6.17642525, 0.0, 0.0, 0.0, 6.17642525, 0.0, 0.0, 0.0, 4.92151053]",12.0,2.666666666666667e-07,local
2416,mp-1218015,slab,-124.4666924,3154.948,True,"[5.23571389, 0.0, 0.0, 0.0, 8.89962448, 0.0, 0.0, 0.0, 4.18892408]",16.0,0.0,local
2417,mp-1218230,slab,-46.83951685,499.469,True,"[7.34008154, 0.0, 0.0, 0.0, 7.34008154, 0.0, 0.0, 0.0, 5.55226461]",14.0,0.0,local
2418,mp-1218236,slab,-29.63453809,959.915,True,"[4.64885902, 0.0, 0.0, 0.0, 4.64885902, 0.0, 0.0, 0.0, 12.64444714]",10.0,1e-08,local
2419,mp-1218268,slab,-11.79962037,87.227,True,"[2.06260403, -3.57253498, -0.0, 2.06260403, 3.57253498, 0.0, -0.0, -0.0, 4.68053355]",3.0,0.0,local
2420,mp-1218273,slab,-11.1229084,101.646,True,"[2.10745129, -3.6502127, 0.0, 2.10745129, 3.6502127, -0.0, 0.0, 0.0, 4.67288433]",3.0,3.3333333333333334e-08,local
2421,mp-1218329,slab,-26.11936437,820.363,True,"[0.0, 11.56189085, 0.02565625, 4.86982781, 0.0, 0.0, 0.0, -5.49292364, -5.7666218]",12.0,0.0,local
2422,mp-1218336,slab,-13.33941186,1987.156,True,"[4.53936847, -0.0, 0.0, 0.0, 6.18949231, 0.0, 0.0, 0.0, 8.38737278]",8.0,0.0,local
2423,mp-1218338,slab,-39.63864778,3106.493,True,"[5.12102636, -0.0, 0.0, 0.0, 9.84382744, 0.0, -0.0, -0.0, 4.16973833]",12.0,0.0,local
2424,mp-1218342,slab,-30.98619118,1555.2,True,"[0.0, 11.77805834, -0.0467688, 5.05515954, 0.0, 0.0, 0.0, -5.38069621, -6.04518006]",12.0,0.0,local
2425,mp-1218349,slab,-22.16565081,117.605,True,"[2.80033453, -4.85032168, 0.0, 2.80033453, 4.85032168, -0.0, 0.0, 0.0, 4.59916208]",6.0,0.0,local
2426,mp-1218359,slab,-34.02507515,248.41,True,"[4.34192465, -0.0, 0.0, 0.0, 4.34192465, 0.0, -0.0, -0.0, 11.72201731]",10.0,1e-08,local
2427,mp-1218372,slab,-17.87406329,57.625,True,"[2.18670211, -3.78747915, -0.0, 2.18670211, 3.78747915, -0.0, -0.0, 0.0, 8.55249195]",5.0,2e-08,local
2428,mp-1218373,slab,-16.2219334,493.664,True,"[2.33668365, -4.0472548, -0.0, 2.33668365, 4.0472548, 0.0, -0.0, 0.0, 8.79009399]",5.0,0.0,local
2429,mp-1218380,slab,-20.90732978,1439.567,True,"[4.15355516, -0.0, 0.0, 0.0, 4.71101886, 0.0, 0.0, -0.0, 11.67379507]",8.0,0.0,local
2430,mp-1218414,slab,-17.80776706,1428.735,True,"[0.0, 11.32744829, 0.11818649, 4.87149114, 0.0, 0.0, 0.0, -5.7193734, -5.62782071]",12.0,0.0,local
2431,mp-1218415,slab,-15.07776427,904.264,True,"[2.39942576, -4.15592733, 0.0, 2.39942576, 4.15592733, 0.0, -0.0, 0.0, 8.8664335]",5.0,0.0,local
2432,mp-1218620,slab,-28.76434617,4334.254,True,"[0.0, 12.00780714, -0.02879935, 5.13816004, 0.0, 0.0, 0.0, -5.37726177, -6.19355843]",12.0,0.0,local
2433,mp-1218708,slab,-31.58037107,800.525,True,"[4.27945839, 0.0, 0.0, 0.0, 11.41790255, 0.0, 0.0, 0.0, 4.65080095]",8.0,0.0,local
2434,mp-1218730,slab,-27.26060168,237.098,True,"[2.02829978, -3.51311827, 0.0, 2.02829978, 3.51311827, -0.0, 0.0, -0.0, 9.43753167]",6.0,0.0,local
2435,mp-1218835,slab,-33.33209399,1941.558,True,"[4.02039087, 0.0, 0.0, 0.0, 4.61713502, 0.0, -0.0, -0.0, 11.40009001]",8.0,0.0,local
2436,mp-1218850,slab,-35.29381792,1761.097,True,"[0.0, 11.24167972, -0.044415, 4.89137082, 0.0, 0.0, 0.0, -5.11003955, -5.69714026]",12.0,0.0,local
2437,mp-1218889,slab,-58.01176194,340.245,True,"[4.36085973, 0.0, 0.0, 0.0, 4.36085973, 0.0, 0.0, 0.0, 10.1639295]",10.0,1e-08,local
2438,mp-1218928,slab,-30.79366204,867.556,True,"[0.0, 5.44598441, 0.00104996, 3.99714336, 0.0, 0.0, 0.0, -0.20721793, -6.69863269]",6.0,0.0,local
2439,mp-1218938,slab,-49.2111048,356.793,True,"[2.17088803, -3.76008836, -0.0, 2.17088803, 3.76008836, 0.0, -0.0, 0.0, 21.2288532]",12.0,8.333333333333334e-09,local
2440,mp-1218966,slab,-23.31963321,107.242,True,"[2.22619502, -3.85588287, -0.0, 2.22619502, 3.85588287, 0.0, 0.0, 0.0, 10.86202537]",6.0,0.0,local
2441,mp-1218970,slab,-17.54348785,248.627,True,"[2.10382768, -3.64393643, -0.0, 2.10382768, 3.64393643, 0.0, -0.0, 0.0, 5.74237145]",4.0,0.0,local
2442,mp-1218977,slab,-45.24905278,336.468,True,"[4.0423502, 0.0, 0.0, 0.0, 4.05584692, 0.0, 0.0, 0.0, 8.07902331]",8.0,0.0,local
2443,mp-1218999,slab,-127.27810612,11252.153,True,"[2.25657777, -3.90850735, 0.0, 2.25657777, 3.90850735, -0.0, 0.0, -0.0, 21.81718793]",24.0,0.0,local
2444,mp-1219000,slab,-32.09263607,7475.449,True,"[0.0, 4.69150786, -0.01515454, 4.26658499, 0.0, 0.0, 0.0, -0.06129601, -11.86759348]",8.0,0.0,local
2445,mp-1219001,slab,-23.24488158,223.984,True,"[2.25660251, -3.9085502, 0.0, 2.25660251, 3.9085502, 0.0, 0.0, 0.0, 5.72182316]",5.0,0.0,local
2446,mp-1219015,slab,-28.9705571,1224.776,True,"[2.31302892, -4.0062836, 0.0, 2.31302892, 4.0062836, -0.0, -0.0, -0.0, 5.79166843]",6.0,0.0,local
2447,mp-1219016,slab,-24.61659967,71.503,True,"[2.16266363, -3.74584329, -0.0, 2.16266363, 3.74584329, 0.0, 0.0, 0.0, 10.58646459]",6.0,0.0,local
2448,mp-1219135,slab,-47.73607535,218.061,True,"[1.38703167, -2.40240933, -0.0, 1.38703167, 2.40240933, -0.0, -0.0, -0.0, 9.11682418]",4.0,5e-08,local
2449,mp-1219193,slab,-45.7655424,549.424,True,"[3.54022618, 0.0, 0.0, 0.0, 3.54022618, 0.0, 0.0, 0.0, 7.08759863]",8.0,0.0,local
2450,mp-1219237,slab,-48.08549455,128.533,True,"[3.22407438, -0.0, 0.0, 0.0, 3.22407438, 0.0, 0.0, 0.0, 7.87112001]",6.0,0.0,local
2451,mp-1219243,slab,-12.94580429,139.297,True,"[1.46148214, -2.53136131, -0.0, 1.46148214, 2.53136131, 0.0, -0.0, 0.0, 9.25776486]",4.0,0.0,local
2452,mp-1219262,slab,-22.21581787,103.952,True,"[3.34547019, -0.0, 0.0, 0.0, 3.34547019, 0.0, 0.0, 0.0, 6.48129291]",4.0,0.0,local
2453,mp-1219266,slab,-47.15425829,526.556,True,"[3.39592292, 0.0, 0.0, 0.0, 5.41203872, 0.0, 0.0, 0.0, 5.92946953]",8.0,0.0,local
2454,mp-1219296,slab,-57.27273713,1326.716,True,"[0.0, 9.77701059, -0.01299473, 4.19566674, 0.0, 0.0, 0.0, -4.317524, -4.92745034]",12.0,0.0,local
2455,mp-1219310,slab,-65.80822683,3052.957,True,"[0.0, 9.36778459, -0.01752345, 4.11015131, 0.0, 0.0, 0.0, -4.00252276, -5.01490467]",12.0,8.333333333333334e-09,local
2456,mp-1219312,slab,-21.38648987,158.524,True,"[1.97436633, -3.41970279, 0.0, 1.97436633, 3.41970279, -0.0, -0.0, -0.0, 6.32990902]",4.0,0.0,local
2457,mp-1219343,slab,-85.804584,3929.545,True,"[0.0, 14.36420598, -0.01083143, 3.9248196, 0.0, 0.0, 0.0, -3.09370965, -6.00054617]",16.0,0.0,local
2458,mp-1219346,slab,-18.46861186,422.125,True,"[3.10861807, -0.0, 0.0, 0.0, 3.10861807, 0.0, 0.0, 0.0, 6.33322526]",4.0,0.0,local
2459,mp-1219373,slab,-118.63409177,2807.297,True,"[2.07407237, -3.59239873, 0.0, 2.07407237, 3.59239873, -0.0, 0.0, -0.0, 42.14848668]",21.0,3.3333333333333334e-08,local
2460,mp-1219395,slab,-62.84412425,319.104,True,"[3.83654792, 0.0, 0.0, 0.0, 5.41264358, 0.0, 0.0, 0.0, 11.94545606]",10.0,0.0,local
2461,mp-1219396,slab,-55.79721441,935.632,True,"[4.1000038, -0.0, 0.0, 0.0, 5.86726925, 0.0, 0.0, 0.0, 12.81668563]",10.0,0.0,local
2462,mp-1219423,slab,-28.19632274,567.79,True,"[3.26309836, 0.0, 0.0, 0.0, 4.29876606, 0.0, 0.0, 0.0, 7.45626106]",6.0,0.0,local
2463,mp-1219430,slab,-119.6118425,1498.742,True,"[2.53572464, -4.3920039, 0.0, 2.53572464, 4.3920039, -0.0, -0.0, 0.0, 11.54933868]",18.0,0.1217502333333333,local
2464,mp-1219442,slab,-19.31805164,80.229,True,"[2.09252138, -3.62435335, 0.0, 2.09252138, 3.62435335, -0.0, -0.0, 0.0, 5.71078285]",4.0,0.0,local
2465,mp-1219464,slab,-37.38403622,237.725,True,"[0.0, 5.78082744, 0.00125068, 3.12959045, 0.0, 0.0, 0.0, -0.31672131, -6.51248656]",6.0,0.0,local
2466,mp-1219469,slab,-122.00921751,9021.773,True,"[2.26570983, -3.92432453, -0.0, 2.26570983, 3.92432453, 0.0, 0.0, -0.0, 22.09236609]",24.0,0.0,local
2467,mp-1219474,slab,-15.36608215,375.901,True,"[3.05985538, 0.0, 0.0, 0.0, 3.05985538, 0.0, 0.0, 0.0, 11.84161592]",4.0,0.0,local
2468,mp-1219475,slab,-56.59780386,349.634,True,"[2.12385329, -3.67862181, 0.0, 2.12385329, 3.67862181, -0.0, -0.0, 0.0, 30.71116117]",15.0,6.666666666666666e-09,local
2469,mp-1219476,slab,-21.98704722,95.539,True,"[1.39392406, -2.4143473, 0.0, 1.39392406, 2.4143473, 0.0, 0.0, -0.0, 4.46659156]",2.0,2e-07,local
2470,mp-1219483,slab,-48.72902783,111.564,True,"[3.20962076, 0.0, 0.0, 0.0, 3.20962076, 0.0, -0.0, -0.0, 7.86616149]",6.0,1.6666666666666667e-08,local
2471,mp-1219490,slab,-152.27766779,1964.124,True,"[3.15409486, 0.0, 0.0, 0.0, 4.47798277, 0.0, -0.0, -0.0, 13.39873424]",12.0,3.3333333333333334e-08,local
2472,mp-1219491,slab,-102.01834756,1164.591,True,"[3.16509805, -0.0, 0.0, 0.0, 4.48724679, 0.0, -0.0, -0.0, 8.94033323]",8.0,0.0,local
2473,mp-1219492,slab,-47.22767191,137.51,True,"[3.20174508, 0.0, 0.0, 0.0, 3.20174508, 0.0, -0.0, -0.0, 7.86496095]",6.0,0.0,local
2474,mp-1219493,slab,-90.02357902,1142.695,True,"[3.14357267, 0.0, 0.0, 0.0, 4.45261342, 0.0, 0.0, -0.0, 8.91275598]",8.0,1.25e-08,local
2475,mp-1219494,slab,-255.80987652,8517.791,True,"[3.17031317, -0.0, 0.0, 0.0, 4.49300545, 0.0, 0.0, -0.0, 22.37318896]",20.0,2.5e-08,local
2476,mp-1219500,slab,-18.53370104,51.607,True,"[1.39044154, -2.40831539, -0.0, 1.39044154, 2.40831539, 0.0, 0.0, -0.0, 4.5031366]",2.0,3.5e-07,local
2477,mp-1219503,slab,-16.42897131,61.088,True,"[1.36218956, -2.35938153, 0.0, 1.36218956, 2.35938153, 0.0, 0.0, 0.0, 4.33108337]",2.0,2e-07,local
2478,mp-1219506,slab,-35.06022065,167.986,True,"[1.38312904, -2.39564976, -0.0, 1.38312904, 2.39564976, -0.0, 0.0, 0.0, 8.82019324]",4.0,0.0,local
2479,mp-1219507,slab,-55.51371178,196.991,True,"[1.3799081, -2.39007094, -0.0, 1.3799081, 2.39007094, 0.0, 0.0, 0.0, 13.71594138]",6.0,0.0,local
2480,mp-1219509,slab,-23.84035994,38.327,True,"[1.38343033, -2.39617161, 0.0, 1.38343033, 2.39617161, -0.0, 0.0, -0.0, 4.39350792]",2.0,4.05e-06,local
2481,mp-1219522,slab,-114.66604091,818.268,True,"[1.35003114, -2.33832253, 0.0, 1.35003114, 2.33832253, -0.0, -0.0, 0.0, 33.21537226]",15.0,1.44e-06,local
2482,mp-1219533,slab,-21.65706369,69.406,True,"[1.38456838, -2.39814277, -0.0, 1.38456838, 2.39814277, 0.0, 0.0, 0.0, 4.39540608]",2.0,5e-08,local
2483,mp-1219535,slab,-117.8784768,357.722,True,"[1.36789685, -2.36926685, 0.0, 1.36789685, 2.36926685, -0.0, 0.0, 0.0, 27.00067888]",12.0,2.975e-06,local
2484,mp-1219536,slab,-86.7402365,1022.521,True,"[0.0, 9.17049357, -0.01083328, 3.24219988, 0.0, 0.0, 0.0, -3.9912384, -6.66965003]",12.0,8.333333333333334e-09,local
2485,mp-1219539,slab,-44.83199681,171.841,True,"[1.38348994, -2.39627486, 0.0, 1.38348994, 2.39627486, 0.0, -0.0, 0.0, 8.84240525]",4.0,0.0,local
2486,mp-1219540,slab,-43.56422461,104.22,True,"[1.38787367, -2.40386772, -0.0, 1.38787367, 2.40386772, -0.0, 0.0, 0.0, 8.98604815]",4.0,5e-08,local
2487,mp-1219709,slab,-27.78043671,170.034,True,"[1.42074593, -2.46080413, -0.0, 1.42074593, 2.46080413, 0.0, -0.0, 0.0, 14.28872166]",6.0,0.0,local
2488,mp-1219734,slab,-40.08014557,139.268,True,"[1.37912389, -2.38871264, 0.0, 1.37912389, 2.38871264, -0.0, -0.0, -0.0, 13.50251717]",6.0,1.3799999999999998e-05,local
2489,mp-1219748,slab,-43.16808795,3198.064,True,"[0.0, 13.14312527, 0.32852058, 3.44554813, 0.0, 0.0, 0.0, -2.30479123, -8.26530809]",12.0,8.333333333333334e-09,local
2490,mp-1219799,slab,-42.16069532,751.726,True,"[4.28450572, 0.0, 0.0, 0.0, 4.54001267, 0.0, 0.0, 0.0, 5.33743247]",8.0,0.0,local
2491,mp-1219908,slab,-34.14656597,96.784,True,"[1.39255329, -2.41197306, -0.0, 1.39255329, 2.41197306, 0.0, -0.0, -0.0, 13.75649085]",6.0,2.8833333333333334e-06,local
2492,mp-1219917,slab,-54.86746184,697.938,True,"[6.91187902, 0.0, 0.0, 0.0, 6.91187902, 0.0, 0.0, 0.0, 5.90565996]",12.0,0.0,local
2493,mp-1219920,slab,-25.70053486,108.543,True,"[1.43584896, -2.48696335, 0.0, 1.43584896, 2.48696335, -0.0, 0.0, 0.0, 13.94778575]",6.0,0.0,local
2494,mp-1219922,slab,-14.40173523,69.64,True,"[1.32199697, -2.28976591, -0.0, 1.32199697, 2.28976591, 0.0, -0.0, 0.0, 4.12613243]",2.0,2.4e-06,local
2495,mp-1219925,slab,-36.95653159,133.974,True,"[1.37348504, -2.37894587, -0.0, 1.37348504, 2.37894587, 0.0, 0.0, 0.0, 13.42092968]",6.0,9e-07,local
2496,mp-1219928,slab,-14.57694641,56.983,True,"[1.41436163, -2.4497462, 0.0, 1.41436163, 2.4497462, -0.0, 0.0, -0.0, 7.01943172]",3.0,6.666666666666668e-08,local
2497,mp-1219935,slab,-53.67474227,133.415,True,"[1.39339201, -2.41342575, 0.0, 1.39339201, 2.41342575, -0.0, 0.0, -0.0, 13.88484926]",6.0,4.383333333333333e-06,local
2498,mp-1219939,slab,-47.01202378,1117.745,True,"[7.26962339, 0.0, 0.0, 0.0, 7.26962339, 0.0, 0.0, 0.0, 5.82546847]",12.0,0.0,local
2499,mp-1219940,slab,-101.79149266,1494.921,True,"[1.39711467, -2.41987359, 0.0, 1.39711467, 2.41987359, -0.0, -0.0, -0.0, 34.16576786]",15.0,1.3333333333333332e-08,local
2500,mp-1220023,slab,-20.50399155,43.387,True,"[1.36948041, -2.37200964, 0.0, 1.36948041, 2.37200964, 0.0, -0.0, 0.0, 4.31521972]",2.0,3.5e-07,local
2501,mp-1220035,slab,-12.84078079,305.804,True,"[1.87707762, -3.2511938, 0.0, 1.87707762, 3.2511938, -0.0, 0.0, 0.0, 5.09127851]",3.0,6.666666666666666e-07,local
2502,mp-1220038,slab,-87.98669452,293.094,True,"[1.39433567, -2.41506022, 0.0, 1.39433567, 2.41506022, -0.0, -0.0, 0.0, 27.15281977]",12.0,1.6583333333333333e-06,local
2503,mp-1220039,slab,-106.3525076,594.291,True,"[1.39364631, -2.41386622, 0.0, 1.39364631, 2.41386622, 0.0, 0.0, -0.0, 34.13897567]",15.0,3.266666666666667e-07,local
2504,mp-1220052,slab,-35.04336437,165.187,True,"[1.35872376, -2.35337858, 0.0, 1.35872376, 2.35337858, 0.0, 0.0, 0.0, 12.72683553]",6.0,0.54308205,local
2505,mp-1220054,slab,-37.8649942,335.783,True,"[1.32225008, -2.29020431, 0.0, 1.32225008, 2.29020431, -0.0, 0.0, -0.0, 12.62228536]",6.0,0.5898754833333334,local
2506,mp-1220057,slab,-31.69840379,196.6,True,"[1.34800776, -2.33481793, -0.0, 1.34800776, 2.33481793, 0.0, 0.0, 0.0, 12.71080452]",6.0,0.5560687166666667,local
2507,mp-1220071,slab,-42.84649658,342.24,True,"[1.33817951, -2.3177949, 0.0, 1.33817951, 2.3177949, -0.0, -0.0, -0.0, 12.48935786]",6.0,1.5e-07,local
2508,mp-1220080,slab,-42.40734971,2391.897,True,"[3.51262871, 0.0, 0.0, 0.0, 5.65020273, 0.0, -0.0, -0.0, 6.10314247]",8.0,0.0,local
2509,mp-1220081,slab,-91.85335165,1914.793,True,"[1.28141831, -2.21948162, 0.0, 1.28141831, 2.21948162, -0.0, 0.0, 0.0, 30.70580857]",15.0,0.3657206466666666,local
2510,mp-1220085,slab,-60.92318892,2558.539,True,"[0.0, 12.64617916, 0.05388628, 3.99124369, 0.0, 0.0, 0.0, -3.57946983, -5.73396908]",14.0,0.0,local
2511,mp-1220090,slab,-65.13118118,2215.944,True,"[0.0, 12.39379172, -0.01214138, 3.97672781, 0.0, 0.0, 0.0, -3.61775131, -5.73325998]",14.0,0.0,local
2512,mp-1220284,slab,-73.85792901,122.591,True,"[5.13592876, -0.0, 0.0, 0.0, 5.13592876, 0.0, -0.0, -0.0, 5.13592876]",8.0,4.625e-07,local
2513,mp-1220316,slab,-46.54046159,332.596,True,"[3.2315524, 0.0, 0.0, 0.0, 4.55488451, 0.0, 0.0, 0.0, 4.60065447]",4.0,0.0,local
2514,mp-1220322,slab,-45.9321872,232.195,True,"[3.18428089, 0.0, 0.0, 0.0, 4.52621802, 0.0, 0.0, 0.0, 4.51588919]",4.0,7.5e-08,local
2515,mp-1220325,slab,-39.1919497,351.964,True,"[3.26651378, -0.0, 0.0, 0.0, 4.61220457, 0.0, -0.0, 0.0, 4.22879453]",4.0,6.25e-07,local
2516,mp-1220327,slab,-42.62206514,357.27,True,"[3.22401238, 0.0, 0.0, 0.0, 4.59793429, 0.0, 0.0, 0.0, 4.53299874]",4.0,0.0,local
2517,mp-1220329,slab,-46.36792548,177.605,True,"[3.8344943, 0.0, 0.0, 0.0, 3.8344943, 0.0, 0.0, 0.0, 8.48353854]",8.0,0.049007375,local
2518,mp-1220334,slab,-38.09127303,361.812,True,"[3.2114001, -0.0, 0.0, 0.0, 4.66043079, 0.0, -0.0, -0.0, 4.25063334]",4.0,1.375e-06,local
2519,mp-1220335,slab,-137.16958199,1640.117,True,"[3.20906027, 0.0, 0.0, 0.0, 4.55472138, 0.0, 0.0, 0.0, 13.61414501]",12.0,0.0,local
2520,mp-1220337,slab,-70.97211673,289.149,True,"[5.24753832, -0.0, 0.0, 0.0, 5.24753832, 0.0, 0.0, -0.0, 5.24753832]",8.0,1.25e-07,local
2521,mp-1220342,slab,-69.32208702,278.2,True,"[5.25266585, 0.0, 0.0, 0.0, 5.25266585, 0.0, -0.0, -0.0, 5.25266585]",8.0,2.6e-06,local
2522,mp-1220344,slab,-71.46259368,102.763,True,"[5.17557644, -0.0, 0.0, 0.0, 5.17557644, 0.0, -0.0, 0.0, 5.17557644]",8.0,4.375e-07,local
2523,mp-1220345,slab,-150.18763696,2918.919,True,"[5.71818022, 0.0, 0.0, 0.0, 9.50819696, 0.0, -0.0, 0.0, 9.85809676]",24.0,4.166666666666667e-09,local
2524,mp-1220347,slab,-72.66686681,127.525,True,"[5.15257873, -0.0, 0.0, 0.0, 5.15257873, 0.0, 0.0, -0.0, 5.15257873]",8.0,1.875e-07,local
2525,mp-1220348,slab,-69.43167081,189.165,True,"[5.18387607, 0.0, 0.0, 0.0, 5.18387607, 0.0, -0.0, -0.0, 5.18387607]",8.0,3.75e-08,local
2526,mp-1220356,slab,-72.72677635,145.897,True,"[5.20871587, -0.0, 0.0, 0.0, 5.20871587, 0.0, -0.0, -0.0, 5.20871587]",8.0,1.5e-07,local
2527,mp-1220357,slab,-135.08632443,1260.779,True,"[3.1723099, -0.0, 0.0, 0.0, 4.51658303, 0.0, -0.0, -0.0, 13.53910459]",12.0,2.5e-08,local
2528,mp-1220358,slab,-70.05508581,159.569,True,"[5.24270981, 0.0, 0.0, 0.0, 5.24270981, 0.0, 0.0, 0.0, 5.24270981]",8.0,4.625e-07,local
2529,mp-1220360,slab,-43.86296817,77.421,True,"[1.38600941, -2.40063871, -0.0, 1.38600941, 2.40063871, 0.0, 0.0, -0.0, 9.11531769]",4.0,7.5e-08,local
2530,mp-1220362,slab,-70.25603877,185.254,True,"[5.25695941, -0.0, 0.0, 0.0, 5.25695941, 0.0, 0.0, 0.0, 5.25695941]",8.0,5e-08,local
2531,mp-1220364,slab,-72.54620772,129.281,True,"[5.21809679, -0.0, 0.0, 0.0, 5.21809679, 0.0, -0.0, -0.0, 5.21809679]",8.0,4.5e-07,local
2532,mp-1220366,slab,-71.81600303,125.607,True,"[5.14442889, -0.0, 0.0, 0.0, 5.14442889, 0.0, -0.0, -0.0, 5.14442889]",8.0,2.875e-07,local
2533,mp-1220367,slab,-41.35535101,968.712,True,"[1.69862593, -2.94210641, 0.0, 1.69862593, 2.94210641, -0.0, 0.0, 0.0, 13.75661666]",6.0,0.0,local
2534,mp-1220368,slab,-95.41973672,605.494,True,"[1.41001108, -2.44221083, 0.0, 1.41001108, 2.44221083, -0.0, -0.0, 0.0, 34.38664204]",15.0,1.43e-05,local
2535,mp-1220369,slab,-128.37323345,1375.649,True,"[3.11956361, -0.0, 0.0, 0.0, 4.51319949, 0.0, -0.0, -0.0, 13.14258646]",12.0,1.416666666666667e-07,local
2536,mp-1220372,slab,-37.74929216,172.084,True,"[1.38033023, -2.3908021, -0.0, 1.38033023, 2.3908021, 0.0, -0.0, 0.0, 8.99395313]",4.0,5e-08,local
2537,mp-1220374,slab,-116.06683601,534.424,True,"[4.93732503, 0.0, 0.0, 0.0, 5.04728891, 0.0, 0.0, 0.0, 7.02729745]",12.0,0.0,local
2538,mp-1220375,slab,-64.46807087,2154.523,True,"[3.17739632, -0.0, 0.0, 0.0, 4.42097792, 0.0, 0.0, -0.0, 8.68273154]",8.0,1.25e-08,local
2539,mp-1220377,slab,-71.38091662,121.047,True,"[5.24090061, -0.0, 0.0, 0.0, 5.24090061, 0.0, -0.0, -0.0, 5.24090061]",8.0,5.125e-07,local
2540,mp-1220379,slab,-51.64033774,1057.228,True,"[0.0, 4.82642916, -2.59e-06, 2.7965021, 0.0, 0.0, 0.0, -1.45690321, -6.75905764]",6.0,0.0,local
2541,mp-1220381,slab,-70.58365068,197.345,True,"[5.1693965, 0.0, 0.0, 0.0, 5.1693965, 0.0, -0.0, -0.0, 5.1693965]",8.0,3.1375e-06,local
2542,mp-1220390,slab,-69.69682425,666.612,True,"[1.46725896, -2.54136706, 0.0, 1.46725896, 2.54136706, -0.0, 0.0, 0.0, 35.95514143]",15.0,5.9666666666666666e-06,local
2543,mp-1220391,slab,-74.91121229,141.793,True,"[5.18612001, -0.0, 0.0, 0.0, 5.18612001, 0.0, -0.0, -0.0, 5.18612001]",8.0,2e-07,local
2544,mp-1220392,slab,-74.55457025,152.509,True,"[5.17389137, -0.0, 0.0, 0.0, 5.17389137, 0.0, -0.0, -0.0, 5.17389137]",8.0,3.625e-07,local
2545,mp-1220401,slab,-186.88262094,3789.818,True,"[3.40677323, -0.0, 0.0, 0.0, 4.45170694, 0.0, -0.0, -0.0, 22.98614219]",20.0,1.0500000000000001e-07,local
2546,mp-1220409,slab,-77.39127936,153.183,True,"[5.19333061, -0.0, 0.0, 0.0, 5.19333061, 0.0, -0.0, 0.0, 5.19333061]",8.0,5e-08,local
2547,mp-1220412,slab,-46.62339557,410.614,True,"[1.7828265, -3.08794608, -0.0, 1.7828265, 3.08794608, 0.0, 0.0, -0.0, 13.93371163]",8.0,0.0,local
2548,mp-1220414,slab,-51.82534225,1815.103,True,"[0.0, 4.80335248, 0.00020016, 2.82888812, 0.0, 0.0, 0.0, -1.77994845, -6.73706098]",6.0,0.0,local
2549,mp-1220417,slab,-75.53123292,158.263,True,"[5.17406464, -0.0, 0.0, 0.0, 5.17406464, 0.0, 0.0, 0.0, 5.17406464]",8.0,8.75e-08,local
2550,mp-1220418,slab,-79.77448781,158.548,True,"[5.15868862, -0.0, 0.0, 0.0, 5.15868862, 0.0, -0.0, -0.0, 5.15868862]",8.0,6.25e-08,local
2551,mp-1220426,slab,-55.65551629,1076.66,True,"[4.24707764, 0.0, 0.0, 0.0, 4.505178, 0.0, 0.0, 0.0, 5.07043931]",8.0,0.0,local
2552,mp-1220433,slab,-70.00313297,3832.765,True,"[2.7862296, -0.0, 0.0, 0.0, 4.61275027, 0.0, -0.0, -0.0, 9.92212964]",8.0,0.0199062875,local
2553,mp-1220441,slab,-195.15693834,7190.333,True,"[3.39780158, -0.0, 0.0, 0.0, 4.51220028, 0.0, 0.0, -0.0, 22.51588742]",20.0,1.1e-07,local
2554,mp-1220443,slab,-39.71451597,1771.552,True,"[1.70004121, -2.94455775, 0.0, 1.70004121, 2.94455775, 0.0, 0.0, 0.0, 15.27398676]",6.0,0.0001369333333333,local
2555,mp-1220481,slab,-180.47647587,3318.72,True,"[3.41194875, 0.0, 0.0, 0.0, 4.4735363, 0.0, -0.0, -0.0, 23.15658608]",20.0,2.75e-07,local
2556,mp-1220570,slab,-214.3592091,2064.661,True,"[3.47744367, -6.02310912, -0.0, 3.47744367, 6.02310912, 0.0, -0.0, 0.0, 8.54165393]",24.0,9.79875e-05,local
2557,mp-1220586,slab,-236.34032252,1962.416,True,"[3.52304026, -6.10208472, -0.0, 3.52304026, 6.10208472, 0.0, -0.0, 0.0, 8.65163852]",24.0,4.166666666666667e-09,local
2558,mp-1220587,slab,-206.42117329,2126.404,True,"[3.5223351, -6.10086336, 0.0, 3.5223351, 6.10086336, -0.0, -0.0, -0.0, 8.61997055]",24.0,0.084194225,local
2559,mp-1220635,slab,-73.06619808,994.455,True,"[3.4397927, -0.0, 0.0, 0.0, 4.42264419, 0.0, -0.0, -0.0, 9.07559844]",8.0,0.0,local
2560,mp-1220636,slab,-218.26617023,2144.892,True,"[3.59752058, -6.23108843, -0.0, 3.59752058, 6.23108843, 0.0, -0.0, 0.0, 8.77021691]",24.0,0.0,local
2561,mp-1220645,slab,-68.48174382,890.817,True,"[3.47677264, -0.0, 0.0, 0.0, 4.41126831, 0.0, -0.0, -0.0, 9.32623983]",8.0,5e-08,local
2562,mp-1220675,slab,-43.19547144,153.878,True,"[3.83441836, 0.0, 0.0, 0.0, 3.83441836, 0.0, 0.0, 0.0, 8.66601765]",8.0,2.5e-08,local
2563,mp-1220677,slab,-119.67334144,1542.198,True,"[3.26526791, -0.0, 0.0, 0.0, 4.62922564, 0.0, -0.0, -0.0, 13.20599244]",12.0,2.9166666666666664e-07,local
2564,mp-1220678,slab,-105.46126637,1371.486,True,"[3.62684761, 0.0, 0.0, 0.0, 4.29681787, 0.0, -0.0, 0.0, 13.07326563]",12.0,8.333333333333334e-09,local
2565,mp-1220681,slab,-35.0442972,238.028,True,"[1.71985968, -2.97888434, -0.0, 1.71985968, 2.97888434, 0.0, 0.0, 0.0, 13.75610145]",5.0,0.0,local
2566,mp-1220686,slab,-43.23919917,319.071,True,"[1.76792792, -3.06214098, -0.0, 1.76792792, 3.06214098, -0.0, -0.0, 0.0, 13.88639832]",7.0,0.0,local
2567,mp-1220689,slab,-70.47668906,589.838,True,"[2.7367341, -4.74016251, -0.0, 2.7367341, 4.74016251, -0.0, -0.0, -0.0, 14.02285577]",21.0,5.7142857142857144e-08,local
2568,mp-1220695,slab,-39.34583337,3488.62,True,"[0.0, 6.76944229, -0.00691713, 3.67307567, 0.0, 0.0, 0.0, -2.17494591, -7.04521656]",7.0,0.0,local
2569,mp-1220705,slab,-206.68149796,6265.001,True,"[3.16675658, -0.0, 0.0, 0.0, 4.51696754, 0.0, -0.0, -0.0, 22.21169999]",20.0,2.5e-08,local
2570,mp-1220719,slab,-66.02210098,1064.864,True,"[3.47400331, -0.0, 0.0, 0.0, 4.66077898, 0.0, -0.0, 0.0, 9.42026355]",8.0,0.0,local
2571,mp-1220866,slab,-27.48879274,121.612,True,"[2.91561318, -5.04999017, -0.0, 2.91561318, 5.04999017, -0.0, -0.0, 0.0, 4.29629229]",6.0,1.6666666666666667e-08,local
2572,mp-1220874,slab,-14.63718008,35.411,True,"[4.18603525, 0.0, 0.0, 0.0, 4.18603525, 0.0, 0.0, 0.0, 5.68833018]",4.0,8.5e-07,local
2573,mp-1220879,slab,-45.06486355,562.777,True,"[2.07744771, -3.59824499, -0.0, 2.07744771, 3.59824499, -0.0, -0.0, -0.0, 21.26981972]",12.0,0.0,local
2574,mp-1220,slab,-90.29465453,165.107,True,"[6.11297872, 0.0, 0.0, 0.0, 6.11297872, 0.0, 0.0, 0.0, 6.11297872]",24.0,2.9166666666666663e-08,local
2575,mp-1221097,slab,-14.7055236,60.707,True,"[4.26581562, 0.0, 0.0, 0.0, 4.26581562, 0.0, 0.0, 0.0, 5.82565218]",4.0,1.825e-06,local
2576,mp-1221101,slab,-45.51021561,672.755,True,"[2.11572421, -3.66454183, 0.0, 2.11572421, 3.66454183, 0.0, -0.0, -0.0, 21.38679154]",12.0,8.333333333333334e-09,local
2577,mp-1221139,slab,-17.85909476,45.243,True,"[4.99465595, 0.0, 0.0, 0.0, 4.99465595, 0.0, 0.0, 0.0, 7.13240013]",6.0,1.3333333333333336e-07,local
2578,mp-1221333,slab,-23.20831257,103.405,True,"[1.99871524, -3.46187634, 0.0, 1.99871524, 3.46187634, -0.0, -0.0, 0.0, 5.43335881]",4.0,0.754216025,local
2579,mp-1221348,slab,-22.76666243,404.553,True,"[1.86350514, -3.22768559, 0.0, 1.86350514, 3.22768559, -0.0, -0.0, -0.0, 5.66067699]",4.0,0.76613425,local
2580,mp-1221364,slab,-21.28794949,210.402,True,"[2.02876898, -3.51393095, -0.0, 2.02876898, 3.51393095, -0.0, 0.0, 0.0, 5.71028279]",4.0,0.837835925,local
2581,mp-1221386,slab,-20.02551604,60.6,True,"[1.38457888, -2.39816097, 0.0, 1.38457888, 2.39816097, -0.0, 0.0, -0.0, 4.45014687]",2.0,1.2e-06,local
2582,mp-1221387,slab,-47.78599866,305.063,True,"[3.17387109, -0.0, 0.0, 0.0, 4.49494157, 0.0, 0.0, 0.0, 4.48767354]",4.0,0.0,local
2583,mp-1221396,slab,-42.40109021,1480.454,True,"[1.77083114, -3.0671695, -0.0, 1.77083114, 3.0671695, 0.0, -0.0, -0.0, 15.16171688]",7.0,0.0,local
2584,mp-1221397,slab,-33.11527588,146.675,True,"[1.37689822, -2.38485768, 0.0, 1.37689822, 2.38485768, 0.0, -0.0, 0.0, 8.80870373]",4.0,0.0,local
2585,mp-1221402,slab,-41.60537622,87.676,True,"[1.66172057, -2.87818445, -0.0, 1.66172057, 2.87818445, 0.0, -0.0, -0.0, 14.313242]",6.0,0.0,local
2586,mp-1221410,slab,-115.54559619,5295.036,True,"[1.80608443, -3.12822999, -0.0, 1.80608443, 3.12822999, 0.0, 0.0, -0.0, 43.23828795]",21.0,0.4284852714285714,local
2587,mp-1221413,slab,-16.06913731,66.999,True,"[1.39086727, -2.40905278, -0.0, 1.39086727, 2.40905278, -0.0, -0.0, -0.0, 4.57197021]",2.0,2e-07,local
2588,mp-1221414,slab,-20.18900009,62.427,True,"[1.39121091, -2.40964798, -0.0, 1.39121091, 2.40964798, -0.0, 0.0, -0.0, 4.47906091]",2.0,1.05e-06,local
2589,mp-1221418,slab,-22.04859997,48.479,True,"[1.38847458, -2.40490853, -0.0, 1.38847458, 2.40490853, 0.0, 0.0, -0.0, 4.49485585]",2.0,2.5e-07,local
2590,mp-1221419,slab,-18.38872727,75.43,True,"[1.38867401, -2.40525393, 0.0, 1.38867401, 2.40525393, -0.0, -0.0, 0.0, 4.43606259]",2.0,5e-08,local
2591,mp-1221420,slab,-29.95087491,258.995,True,"[2.78704644, -0.0, 0.0, 0.0, 4.55228417, 0.0, 0.0, -0.0, 4.89228297]",4.0,0.0,local
2592,mp-1221422,slab,-47.89336455,115.528,True,"[1.38418623, -2.39748088, -0.0, 1.38418623, 2.39748088, 0.0, -0.0, 0.0, 13.91568596]",6.0,3.3333333333333334e-08,local
2593,mp-1221425,slab,-89.808385,261.484,True,"[1.39580005, -2.4175966, -0.0, 1.39580005, 2.4175966, 0.0, -0.0, -0.0, 27.67983996]",12.0,1.6666666666666667e-08,local
2594,mp-1221429,slab,-80.38535894,404.837,True,"[1.39368255, -2.41392898, -0.0, 1.39368255, 2.41392898, 0.0, -0.0, 0.0, 27.32644824]",12.0,6e-07,local
2595,mp-1221430,slab,-34.29287699,90.939,True,"[1.38421559, -2.39753174, 0.0, 1.38421559, 2.39753174, 0.0, -0.0, 0.0, 8.84852068]",4.0,1.25e-07,local
2596,mp-1221431,slab,-86.88139718,486.32,True,"[1.38303467, -2.39548631, 0.0, 1.38303467, 2.39548631, -0.0, 0.0, -0.0, 27.2396523]",12.0,1.125e-06,local
2597,mp-1221433,slab,-17.36047348,55.681,True,"[1.40427987, -2.43228409, 0.0, 1.40427987, 2.43228409, 0.0, -0.0, -0.0, 4.53741914]",2.0,6e-07,local
2598,mp-1221436,slab,-27.27238658,577.383,True,"[3.2367204, -5.60616418, 0.0, 3.2367204, 5.60616418, 0.0, -0.0, -0.0, 5.8781884]",7.0,1.4285714285714284e-08,local
2599,mp-1221441,slab,-139.8398071,4520.673,True,"[5.6635143, -0.0, 0.0, 0.0, 9.71180013, 0.0, 0.0, -0.0, 4.5006247]",16.0,0.0,local
2600,mp-1221442,slab,-96.05594097,471.607,True,"[1.39268226, -2.41219644, 0.0, 1.39268226, 2.41219644, -0.0, -0.0, 0.0, 34.19246822]",15.0,2.1893333333333333e-05,local
2601,mp-1221454,slab,-38.99972088,5078.032,True,"[0.0, 6.16109338, 0.01389741, 3.54882179, 0.0, 0.0, 0.0, -2.89817079, -7.36355024]",7.0,0.4340936857142857,local
2602,mp-1221461,slab,-209.86144234,6038.314,True,"[3.17894471, -0.0, 0.0, 0.0, 4.43270535, 0.0, 0.0, -0.0, 21.97936761]",20.0,0.09791539,local
2603,mp-1221465,slab,-83.95355281,185.35,True,"[4.98622108, -0.0, 0.0, 0.0, 4.98622108, 0.0, -0.0, -0.0, 4.98622108]",8.0,1.25e-08,local
2604,mp-1221468,slab,-85.95188274,113.877,True,"[4.9869655, -0.0, 0.0, 0.0, 4.9869655, 0.0, -0.0, -0.0, 4.9869655]",8.0,1.25e-08,local
2605,mp-1221484,slab,-117.09780037,1589.532,True,"[3.8050634, 0.0, 0.0, 0.0, 3.88332266, 0.0, 0.0, -0.0, 12.35216806]",12.0,0.0,local
2606,mp-1221497,slab,-17.4669257,164.586,True,"[4.42531879, 0.0, 0.0, 0.0, 4.42531879, 0.0, -0.0, 0.0, 6.27119969]",4.0,1.250577775,local
2607,mp-1221500,slab,-57.76182531,856.782,True,"[2.05955849, -3.56725995, -0.0, 2.05955849, 3.56725995, 0.0, -0.0, 0.0, 20.20928493]",12.0,1.2510564916666669,local
2608,mp-1221503,slab,-19.24447094,196.567,True,"[2.0585706, -3.56554888, 0.0, 2.0585706, 3.56554888, -0.0, 0.0, -0.0, 6.75490983]",4.0,1.251265075,local
2609,mp-1221505,slab,-52.34086414,1452.732,True,"[2.21515192, -3.83675567, 0.0, 2.21515192, 3.83675567, -0.0, 0.0, -0.0, 21.76097316]",12.0,1.2506284416666666,local
2610,mp-1221528,slab,-27.17640265,192.918,True,"[1.92329407, -3.33124305, -0.0, 1.92329407, 3.33124305, -0.0, 0.0, -0.0, 5.65042513]",4.0,1.49399815,local
2611,mp-1221531,slab,-25.43943001,239.447,True,"[2.0843021, -3.61011713, -0.0, 2.0843021, 3.61011713, -0.0, 0.0, 0.0, 5.71287668]",4.0,1.79878395,local
2612,mp-1221532,slab,-12.06525033,68.164,True,"[1.36186603, -2.35882116, -0.0, 1.36186603, 2.35882116, 0.0, -0.0, 0.0, 8.78389068]",4.0,0.624938775,local
2613,mp-1221538,slab,-60.17289868,2113.732,True,"[3.61911604, 0.0, 0.0, 0.0, 3.61911604, 0.0, 0.0, -0.0, 6.94556137]",8.0,0.0843113,local
2614,mp-1221543,slab,-9.74625209,59.398,True,"[1.31604334, -2.27945393, -0.0, 1.31604334, 2.27945393, 0.0, -0.0, -0.0, 4.39061018]",2.0,1.2007188,local
2615,mp-1221548,slab,-25.76822913,155.273,True,"[3.16604499, 0.0, 0.0, 0.0, 3.16604499, 0.0, -0.0, -0.0, 6.41467591]",4.0,1.09750685,local
2616,mp-1221549,slab,-24.46596146,78.717,True,"[3.3422029, 0.0, 0.0, 0.0, 3.3422029, 0.0, -0.0, 0.0, 6.06750356]",4.0,1.046498225,local
2617,mp-1221550,slab,-36.518686,247.74,True,"[2.87391979, 0.0, 0.0, 0.0, 4.17175927, 0.0, -0.0, 0.0, 3.97014689]",4.0,5.2425e-05,local
2618,mp-1221554,slab,-54.44300031,1126.885,True,"[0.0, 4.50223281, -0.00993826, 4.49855621, 0.0, 0.0, 0.0, -0.05937308, -4.52087925]",8.0,0.2531207625,local
2619,mp-1221559,slab,-57.59212546,943.737,True,"[3.40389914, 0.0, 0.0, 0.0, 5.73976505, 0.0, -0.0, 0.0, 6.19890126]",8.0,0.470193475,local
2620,mp-1221564,slab,-23.91165865,67.667,True,"[3.0747157, -0.0, 0.0, 0.0, 3.0747157, 0.0, -0.0, -0.0, 15.01962151]",5.0,0.80838444,local
2621,mp-1221566,slab,-96.31126769,231.88,True,"[6.03413242, -0.0, 0.0, 0.0, 6.03413242, 0.0, -0.0, -0.0, 6.03413242]",16.0,0.818156975,local
2622,mp-1221567,slab,-21.75126751,258.805,True,"[1.4169747, -2.45427218, 0.0, 1.4169747, 2.45427218, -0.0, 0.0, -0.0, 6.6137298]",3.0,1.5024046333333334,local
2623,mp-1221570,slab,-35.8548551,200.937,True,"[1.36706497, -2.36782599, 0.0, 1.36706497, 2.36782599, -0.0, 0.0, 0.0, 26.72344875]",12.0,0.739917075,local
2624,mp-1221572,slab,-27.22731281,275.922,True,"[3.1408787, 0.0, 0.0, 0.0, 3.1408787, 0.0, 0.0, 0.0, 6.28721301]",4.0,1.100202175,local
2625,mp-1221576,slab,-74.90952183,614.726,True,"[1.41407474, -2.44924929, 0.0, 1.41407474, 2.44924929, -0.0, 0.0, 0.0, 26.36364984]",12.0,1.1200829,local
2626,mp-1221579,slab,-26.43892386,184.577,True,"[2.775272, -0.0, 0.0, 0.0, 2.775272, 0.0, 0.0, -0.0, 6.14540052]",4.0,0.99163695,local
2627,mp-1221583,slab,-53.88822721,156.422,True,"[1.32957463, -2.30289081, 0.0, 1.32957463, 2.30289081, -0.0, -0.0, -0.0, 12.78273963]",6.0,0.7035372666666667,local
2628,mp-1221588,slab,-42.73688831,881.88,True,"[1.22719508, -2.12556423, 0.0, 1.22719508, 2.12556423, -0.0, -0.0, -0.0, 12.33169092]",6.0,0.0006652166666666,local
2629,mp-1221596,slab,-60.53290486,457.315,True,"[3.38503333, 0.0, 0.0, 0.0, 5.88473591, 0.0, -0.0, -0.0, 6.40956153]",8.0,0.7273745875,local
2630,mp-1221603,slab,-29.04402359,3177.04,True,"[4.01401628, -0.0, 0.0, 0.0, 4.02732062, 0.0, -0.0, -0.0, 3.07667737]",4.0,2.192495425,local
2631,mp-1221606,slab,-41.04918244,127.766,True,"[2.73079287, 0.0, 0.0, 0.0, 2.73079287, 0.0, 0.0, 0.0, 10.27192571]",6.0,0.0858034833333333,local
2632,mp-1221610,slab,-19.97464155,69.986,True,"[4.18022542, 0.0, 0.0, 0.0, 4.18022542, 0.0, -0.0, 0.0, 5.91408937]",4.0,1.23537515,local
2633,mp-1221618,slab,-115.20244846,240.569,True,"[6.07394005, 0.0, 0.0, 0.0, 6.07394005, 0.0, -0.0, -0.0, 6.07394005]",24.0,0.3328688833333333,local
2634,mp-1221619,slab,-59.99550236,1129.865,True,"[0.0, 4.47577165, -0.00477291, 4.47886771, 0.0, 0.0, 0.0, -0.0247208, -4.48142523]",8.0,0.2370866625,local
2635,mp-1221620,slab,-118.98350044,292.957,True,"[5.83190987, 0.0, 0.0, 0.0, 5.83190987, 0.0, 0.0, 0.0, 5.83190987]",16.0,1.77791688125,local
2636,mp-1221624,slab,-125.34027942,340.3,True,"[5.93401676, -0.0, 0.0, 0.0, 5.93401676, 0.0, -0.0, -0.0, 5.93401676]",16.0,0.49392971875,local
2637,mp-1221628,slab,-33.49979036,116.687,True,"[1.23376466, -2.13694308, -0.0, 1.23376466, 2.13694308, -0.0, 0.0, 0.0, 7.80862971]",4.0,7.5e-08,local
2638,mp-1221629,slab,-28.26212706,100.157,True,"[3.04891123, -0.0, 0.0, 0.0, 3.04891123, 0.0, -0.0, -0.0, 6.04158307]",4.0,1.11074665,local
2639,mp-1221634,slab,-29.79210982,117.191,True,"[2.83585563, -0.0, 0.0, 0.0, 2.83585563, 0.0, -0.0, -0.0, 5.60854909]",4.0,1.273249825,local
2640,mp-1221635,slab,-167.02491361,4612.362,True,"[2.8156731, -0.0, 0.0, 0.0, 3.99143162, 0.0, 0.0, -0.0, 20.11385044]",20.0,1.934679425,local
2641,mp-1221638,slab,-50.45581433,879.735,True,"[0.0, 6.1191946, -0.00047323, 4.13743477, 0.0, 0.0, 0.0, -1.723e-05, -7.18751275]",8.0,1.8973431375,local
2642,mp-1221639,slab,-11.95063994,76.875,True,"[1.37251847, -2.37727172, 0.0, 1.37251847, 2.37727172, 0.0, 0.0, -0.0, 4.10193506]",2.0,0.9708515,local
2643,mp-1221642,slab,-25.23704014,370.554,True,"[2.82122754, 0.0, 0.0, 0.0, 2.82122754, 0.0, -0.0, -0.0, 6.20748822]",4.0,0.547712175,local
2644,mp-1221646,slab,-18.73345172,259.74,True,"[2.14559917, -3.71628678, 0.0, 2.14559917, 3.71628678, -0.0, -0.0, -0.0, 6.9696885]",4.0,1.25000905,local
2645,mp-1221650,slab,-51.27438068,3461.421,True,"[2.30062252, -3.9847951, -0.0, 2.30062252, 3.9847951, 0.0, 0.0, 0.0, 22.32258217]",12.0,1.2502601,local
2646,mp-1221656,slab,-23.81010869,127.204,True,"[2.80100227, -0.0, 0.0, 0.0, 2.80100227, 0.0, -0.0, -0.0, 6.42227901]",4.0,0.532101875,local
2647,mp-1221659,slab,-30.48817098,264.039,True,"[2.79902122, 0.0, 0.0, 0.0, 2.79902122, 0.0, 0.0, 0.0, 7.398602]",4.0,1.886149375,local
2648,mp-1221660,slab,-21.17759691,132.179,True,"[2.81314604, 0.0, 0.0, 0.0, 2.81314604, 0.0, 0.0, -0.0, 6.68365284]",4.0,0.548847775,local
2649,mp-1221662,slab,-46.02615546,1221.276,True,"[2.91343629, -0.0, 0.0, 0.0, 2.91343629, 0.0, -0.0, -0.0, 8.70319696]",6.0,0.0013444833333333,local
2650,mp-1221664,slab,-21.90342307,582.695,True,"[2.31398172, -4.0079339, 0.0, 2.31398172, 4.0079339, -0.0, -0.0, -0.0, 11.26506515]",6.0,0.833342,local
2651,mp-1221667,slab,-26.7716655,1088.098,True,"[4.6411994, 0.0, 0.0, 0.0, 6.53323423, 0.0, 0.0, 0.0, 9.25258296]",8.0,0.6250006875,local
2652,mp-1221668,slab,-26.62743585,74.167,True,"[2.02375382, -3.50524444, -0.0, 2.02375382, 3.50524444, 0.0, 0.0, -0.0, 5.67307994]",4.0,1.437269975,local
2653,mp-1221669,slab,-57.80373361,1031.423,True,"[0.0, 4.48941682, -0.00322646, 4.43103986, 0.0, 0.0, 0.0, -0.04438544, -4.49734641]",8.0,0.0362167375,local
2654,mp-1221675,slab,-61.69995946,1908.504,True,"[0.0, 4.58135813, -0.00861869, 4.54453907, 0.0, 0.0, 0.0, -0.05342162, -4.5739945]",8.0,0.5079124,local
2655,mp-1221676,slab,-16.56464793,88.782,True,"[4.22053276, -0.0, 0.0, 0.0, 4.22053276, 0.0, -0.0, -0.0, 6.01830783]",4.0,1.204444625,local
2656,mp-1221682,slab,-70.5564852,581.837,True,"[1.8587992, -3.21953465, 0.0, 1.8587992, 3.21953465, -0.0, 0.0, -0.0, 17.28987514]",12.0,1.466324925,local
2657,mp-1221683,slab,-68.70926739,1817.799,True,"[3.7049519, -0.0, 0.0, 0.0, 3.7049519, 0.0, -0.0, -0.0, 7.438325]",8.0,0.4243303,local
2658,mp-1221687,slab,-55.62355368,383.3,True,"[1.52152946, -2.63536633, -0.0, 1.52152946, 2.63536633, 0.0, 0.0, -0.0, 26.33049982]",12.0,1.0317485666666666,local
2659,mp-1221689,slab,-62.86627026,342.966,True,"[6.56451701, 0.0, 0.0, 0.0, 6.56451701, 0.0, 0.0, 0.0, 5.42536679]",12.0,0.5085428916666667,local
2660,mp-1221696,slab,-49.92716565,333.702,True,"[3.90492399, 0.0, 0.0, 0.0, 3.90492399, 0.0, 0.0, 0.0, 7.79944269]",8.0,1.1141626125,local
2661,mp-1221697,slab,-33.3005946,150.319,True,"[2.78284278, -0.0, 0.0, 0.0, 2.78284278, 0.0, -0.0, -0.0, 5.67578625]",4.0,0.281241475,local
2662,mp-1221702,slab,-29.81208328,361.397,True,"[3.02327316, 0.0, 0.0, 0.0, 3.02327316, 0.0, -0.0, -0.0, 6.0509028]",4.0,1.082582075,local
2663,mp-1221704,slab,-28.62231502,137.692,True,"[2.75721165, -0.0, 0.0, 0.0, 2.75721165, 0.0, -0.0, -0.0, 7.33583937]",4.0,1.06774275,local
2664,mp-1221705,slab,-34.75015227,118.513,True,"[2.1614099, -3.74367176, -0.0, 2.1614099, 3.74367176, -0.0, -0.0, 0.0, 5.36042534]",5.0,1.50500674,local
2665,mp-1221708,slab,-188.75206812,2779.022,True,"[2.0394206, -3.5323801, -0.0, 2.0394206, 3.5323801, 0.0, -0.0, -0.0, 19.97592997]",24.0,0.6872465958333334,local
2666,mp-1221711,slab,-65.28602011,1285.196,True,"[1.49463516, -2.58878403, -0.0, 1.49463516, 2.58878403, -0.0, 0.0, 0.0, 33.89469643]",15.0,0.79571998,local
2667,mp-1221718,slab,-25.37406223,95.134,True,"[2.93081232, -0.0, 0.0, 0.0, 2.93081232, 0.0, -0.0, -0.0, 6.8860501]",4.0,1.07656415,local
2668,mp-1221720,slab,-32.61189846,218.233,True,"[3.03379577, 0.0, 0.0, 0.0, 3.03379577, 0.0, 0.0, 0.0, 6.0644422]",4.0,1.037569125,local
2669,mp-1221723,slab,-44.38077943,840.345,True,"[3.60303315, -0.0, 0.0, 0.0, 3.60303315, 0.0, -0.0, -0.0, 6.17493048]",6.0,1.3704159833333334,local
2670,mp-1221724,slab,-44.68888112,951.373,True,"[3.72996645, -0.0, 0.0, 0.0, 3.72996645, 0.0, -0.0, -0.0, 6.49151512]",6.0,1.7200252666666669,local
2671,mp-1221725,slab,-117.09879348,2389.603,True,"[1.24234822, -2.15181024, -0.0, 1.24234822, 2.15181024, -0.0, 0.0, -0.0, 30.91095328]",15.0,4.726666666666667e-06,local
2672,mp-1221726,slab,-50.32287664,244.835,True,"[2.03050445, -3.51693688, 0.0, 2.03050445, 3.51693688, 0.0, 0.0, 0.0, 11.30948283]",8.0,1.5332089125,local
2673,mp-1221728,slab,-57.49892264,183.644,True,"[3.92620703, 0.0, 0.0, 0.0, 3.92620703, 0.0, 0.0, 0.0, 7.81292546]",8.0,0.8609518375,local
2674,mp-1221734,slab,-53.45197495,411.842,True,"[1.9952967, -3.45595526, -0.0, 1.9952967, 3.45595526, 0.0, 0.0, -0.0, 11.23412682]",8.0,1.58276495,local
2675,mp-1221736,slab,-49.81168795,990.36,True,"[4.29773691, 0.0, 0.0, 0.0, 5.59705524, 0.0, 0.0, 0.0, 7.71213168]",8.0,1.583134725,local
2676,mp-1221739,slab,-51.96948353,916.322,True,"[4.15436774, -0.0, 0.0, 0.0, 5.65779724, 0.0, 0.0, -0.0, 7.18134213]",8.0,1.646059425,local
2677,mp-1221740,slab,-47.72308088,981.356,True,"[3.57285252, 0.0, 0.0, 0.0, 3.57285252, 0.0, 0.0, 0.0, 7.09487578]",8.0,0.652304875,local
2678,mp-1221743,slab,-124.64026785,17899.511,True,"[2.28063638, -3.95017809, -0.0, 2.28063638, 3.95017809, 0.0, -0.0, 0.0, 44.36462232]",24.0,1.8749271166666668,local
2679,mp-1221751,slab,-65.0517018,613.932,True,"[6.60764602, -0.0, 0.0, 0.0, 6.60764602, 0.0, -0.0, -0.0, 5.39382333]",12.0,0.6855688666666667,local
2680,mp-1221754,slab,-23.98948597,440.583,True,"[1.84482958, -3.19533856, 0.0, 1.84482958, 3.19533856, -0.0, -0.0, 0.0, 5.60289768]",4.0,0.6291139,local
2681,mp-1221758,slab,-74.96406981,3469.554,True,"[3.97593118, -0.0, 0.0, 0.0, 5.65543458, 0.0, -0.0, -0.0, 11.96114756]",12.0,2.28842295,local
2682,mp-1221761,slab,-194.15198299,3383.701,True,"[1.97908757, -3.42788023, -0.0, 1.97908757, 3.42788023, 0.0, 0.0, -0.0, 19.3977495]",24.0,0.64179805,local
2683,mp-1221774,slab,-25.03504941,269.499,True,"[2.08718973, -3.61511866, -0.0, 2.08718973, 3.61511866, -0.0, -0.0, -0.0, 5.98288253]",4.0,1.89356895,local
2684,mp-1221776,slab,-160.65015523,23078.726,True,"[2.09473247, -3.62818307, -0.0, 2.09473247, 3.62818307, 0.0, -0.0, 0.0, 20.95154952]",24.0,1.6032933375,local
2685,mp-1221780,slab,-55.86394807,1424.859,True,"[0.0, 5.41194308, 0.00056246, 3.46848276, 0.0, 0.0, 0.0, -0.02021104, -6.01384717]",8.0,0.7014304875,local
2686,mp-1221789,slab,-57.14662365,673.154,True,"[0.0, 5.55275281, -0.00735239, 3.43166395, 0.0, 0.0, 0.0, -0.01887714, -6.07716549]",8.0,0.898064375,local
2687,mp-1221790,slab,-75.93754782,425.638,True,"[1.96117887, -3.39686144, -0.0, 1.96117887, 3.39686144, 0.0, 0.0, 0.0, 19.35583105]",12.0,2.2621222916666666,local
2688,mp-1221798,slab,-40.94537925,3796.207,True,"[4.15452044, 0.0, 0.0, 0.0, 4.15452044, 0.0, 0.0, 0.0, 11.84178907]",8.0,1.7684477625,local
2689,mp-1221803,slab,-60.04183281,2874.726,True,"[2.09090859, -3.62155992, 0.0, 2.09090859, 3.62155992, -0.0, -0.0, 0.0, 20.43647334]",12.0,1.2371953166666667,local
2690,mp-1221807,slab,-189.88462879,3332.89,True,"[2.0885561, -3.61748529, -0.0, 2.0885561, 3.61748529, 0.0, -0.0, -0.0, 20.52987416]",24.0,0.7172174833333332,local
2691,mp-1221812,slab,-115.02921771,2474.601,True,"[1.27739785, -2.21251797, 0.0, 1.27739785, 2.21251797, -0.0, 0.0, -0.0, 30.48094207]",15.0,8.560666666666667e-05,local
2692,mp-1221821,slab,-107.87333181,4965.435,True,"[6.03276179, 0.0, 0.0, 0.0, 6.03276179, 0.0, 0.0, 0.0, 6.03276179]",16.0,0.99174390625,local
2693,mp-1221827,slab,-160.32149958,2480.295,True,"[2.09284132, -3.6249075, 0.0, 2.09284132, 3.6249075, -0.0, -0.0, 0.0, 20.88107541]",24.0,1.5781928,local
2694,mp-1221828,slab,-29.70114225,226.545,True,"[1.29738947, -2.24714448, 0.0, 1.29738947, 2.24714448, -0.0, 0.0, 0.0, 8.13024998]",4.0,0.377126275,local
2695,mp-1221834,slab,-100.95277418,8725.405,True,"[0.0, 14.17061636, 0.00579325, 4.15409191, 0.0, 0.0, 0.0, -3.63175784, -6.20067902]",16.0,1.89440966875,local
2696,mp-1221851,slab,-88.40980208,1125.696,True,"[1.29992124, -2.25152963, -0.0, 1.29992124, 2.25152963, 0.0, -0.0, 0.0, 24.69705782]",12.0,0.3641217833333333,local
2697,mp-1221872,slab,-115.18450879,536.749,True,"[6.08402258, 0.0, 0.0, 0.0, 6.08402258, 0.0, 0.0, 0.0, 6.08402258]",16.0,1.83006918125,local
2698,mp-1221881,slab,-97.97392993,1226.754,True,"[2.43793193, -4.22262196, 0.0, 2.43793193, 4.22262196, -0.0, 0.0, -0.0, 11.91336337]",18.0,1.2544371444444444,local
2699,mp-1221890,slab,-28.88803197,309.29,True,"[2.04687526, -3.54529195, -0.0, 2.04687526, 3.54529195, 0.0, -0.0, 0.0, 10.49294972]",6.0,1.4762712833333334,local
2700,mp-1221894,slab,-94.79973602,843.784,True,"[2.44315492, -4.23166844, -0.0, 2.44315492, 4.23166844, 0.0, 0.0, -0.0, 11.91461412]",18.0,1.2808740444444444,local
2701,mp-1221898,slab,-129.64896159,1530.089,True,"[5.89962908, -0.0, 0.0, 0.0, 5.89962908, 0.0, -0.0, -0.0, 5.89962908]",16.0,0.5023616,local
2702,mp-1221907,slab,-49.65116472,4211.174,True,"[2.10292429, -3.64237171, 0.0, 2.10292429, 3.64237171, -0.0, 0.0, -0.0, 12.02958629]",8.0,2.0288590625,local
2703,mp-1221921,slab,-39.85859637,589.204,True,"[4.96433798, 0.0, 0.0, 0.0, 5.02098027, 0.0, 0.0, -0.0, 7.05259224]",12.0,0.3306138,local
2704,mp-1221922,slab,-154.17837326,16909.12,True,"[2.15720835, -3.73639447, 0.0, 2.15720835, 3.73639447, -0.0, 0.0, -0.0, 21.19569398]",24.0,1.3588295625000002,local
2705,mp-1221932,slab,-8.69311147,510.421,True,"[3.28746428, -0.0, 0.0, 0.0, 3.28746428, 0.0, 0.0, 0.0, 6.38797361]",4.0,2.5e-08,local
2706,mp-1221936,slab,-18.69822618,128.97,True,"[4.55347598, 0.0, 0.0, 0.0, 4.55347598, 0.0, -0.0, -0.0, 6.39590474]",4.0,1.2499989,local
2707,mp-1221938,slab,-61.3538549,426.592,True,"[2.57751171, -4.46438123, -0.0, 2.57751171, 4.46438123, -0.0, 0.0, -0.0, 4.16452471]",8.0,1.074037775,local
2708,mp-1221948,slab,-30.74554333,128.792,True,"[3.06049427, 0.0, 0.0, 0.0, 3.06049427, 0.0, -0.0, -0.0, 6.05486035]",4.0,1.064447125,local
2709,mp-1221951,slab,-27.69582447,600.206,True,"[5.11580767, 0.0, 0.0, 0.0, 5.07713511, 0.0, 0.0, 0.0, 7.13908455]",12.0,0.0,local
2710,mp-1221964,slab,-55.00510051,76.988,True,"[1.4359038, -2.48705833, 0.0, 1.4359038, 2.48705833, 0.0, 0.0, 0.0, 26.39578038]",12.0,1.475e-06,local
2711,mp-1221976,slab,-43.1647468,1059.617,True,"[4.54318773, 0.0, 0.0, 0.0, 4.54318773, 0.0, 0.0, 0.0, 12.74780478]",8.0,1.8761942,local
2712,mp-1221977,slab,-49.85983699,375.146,True,"[2.0607671, -3.56935331, -0.0, 2.0607671, 3.56935331, 0.0, 0.0, -0.0, 11.98704428]",8.0,2.0878879375,local
2713,mp-1221979,slab,-57.27922701,3308.088,True,"[6.30848283, -5e-08, 0.0, 5e-08, 6.30848283, 0.0, -0.0, 0.0, 12.63279129]",14.0,0.7144709714285715,local
2714,mp-1221985,slab,-8.36871338,967.843,True,"[3.3967448, -0.0, -0.0, 0.0, 3.3967448, -0.0, 0.0, -0.0, 6.5519315]",4.0,2.5e-08,local
2715,mp-1221987,slab,-79.958433,487.101,True,"[3.78843869, 0.0, 0.0, 0.0, 5.40295126, 0.0, -0.0, -0.0, 11.3299976]",12.0,2.189138908333333,local
2716,mp-1221,slab,-65.6408909,146.616,True,"[4.76805829, 0.0, 0.0, 0.0, 4.76805829, 0.0, 0.0, -0.0, 4.76805829]",8.0,1e-07,local
2717,mp-1222011,slab,-11.20778309,60.745,True,"[4.65093404, 0.0, 0.0, 0.0, 4.65093404, 0.0, -0.0, 0.0, 6.54324098]",4.0,0.0,local
2718,mp-1222012,slab,-81.58242297,206.676,True,"[6.2618302, 0.0, 0.0, 0.0, 6.2618302, 0.0, 0.0, 0.0, 6.2618302]",24.0,2.9166666666666663e-08,local
2719,mp-1222015,slab,-10.34620949,326.544,True,"[3.32796722, -0.0, 0.0, 0.0, 3.32796722, 0.0, -0.0, 0.0, 6.75635997]",4.0,5.25e-07,local
2720,mp-1222019,slab,-33.62363985,222.451,True,"[2.32377344, -4.02489366, 0.0, 2.32377344, 4.02489366, -0.0, 0.0, -0.0, 22.6984315]",12.0,0.0,local
2721,mp-1222022,slab,-29.66092366,479.207,True,"[1.51314472, -2.62084353, 0.0, 1.51314472, 2.62084353, -0.0, -0.0, 0.0, 27.76071057]",12.0,7.5e-08,local
2722,mp-1222026,slab,-53.99006112,3668.588,True,"[4.12451183, 0.0, 0.0, 0.0, 4.12451183, 0.0, 0.0, 0.0, 5.86925653]",8.0,0.2838576125,local
2723,mp-1222034,slab,-37.87729102,376.386,True,"[1.49956507, -2.59732289, 0.0, 1.49956507, 2.59732289, -0.0, 0.0, -0.0, 35.07922392]",15.0,4.466666666666667e-07,local
2724,mp-1222045,slab,-23.66231661,245.5,True,"[3.34000934, -0.0, 0.0, 0.0, 3.34000934, 0.0, 0.0, -0.0, 5.47822087]",4.0,1.030578,local
2725,mp-1222054,slab,-61.1967256,165.686,True,"[2.58744794, -4.48159129, 0.0, 2.58744794, 4.48159129, -0.0, 0.0, -0.0, 4.13556051]",8.0,1.353161925,local
2726,mp-1222082,slab,-12.98560077,91.99,True,"[3.18159023, -5.51067592, -0.0, 3.18159023, 5.51067592, 0.0, 0.0, 0.0, 5.09388793]",8.0,9.375e-07,local
2727,mp-1222094,slab,-26.63504948,104.908,True,"[4.51635175, 0.0, 0.0, 0.0, 4.51635175, 0.0, 0.0, 0.0, 12.71967334]",8.0,0.0,local
2728,mp-1222127,slab,-36.53181005,116.797,True,"[1.60012919, -2.77150505, -0.0, 1.60012919, 2.77150505, -0.0, 0.0, 0.0, 39.61835851]",15.0,2.3866666666666663e-05,local
2729,mp-1222133,slab,-23.12310947,153.011,True,"[2.10822685, -3.65155602, -0.0, 2.10822685, 3.65155602, 0.0, -0.0, -0.0, 6.73020797]",5.0,0.94692408,local
2730,mp-1222135,slab,-68.20613516,413.313,True,"[2.65600313, -4.60033237, -0.0, 2.65600313, 4.60033237, 0.0, 0.0, 0.0, 11.71239873]",18.0,0.0,local
2731,mp-1222136,slab,-41.47907346,354.115,True,"[2.2079433, -3.82426997, 0.0, 2.2079433, 3.82426997, -0.0, 0.0, -0.0, 21.69196219]",12.0,0.0,local
2732,mp-1222143,slab,-58.89663943,638.458,True,"[2.37143542, -4.10744664, 0.0, 2.37143542, 4.10744664, 0.0, 0.0, 0.0, 23.30203876]",24.0,1.25e-08,local
2733,mp-1222144,slab,-12.90974858,297.251,True,"[3.20935999, -0.0, 0.0, -0.0, 3.20935999, 0.0, 0.0, -0.0, 6.74852615]",4.0,0.0,local
2734,mp-1222145,slab,-31.51159992,245.176,True,"[4.58175868, 0.0, 0.0, 0.0, 4.58175868, 0.0, 0.0, 0.0, 12.87289464]",8.0,0.6249994125,local
2735,mp-1222152,slab,-13.64379267,167.457,True,"[2.23725311, -3.87503606, 0.0, 2.23725311, 3.87503606, -0.0, -0.0, -0.0, 7.30124501]",5.0,4e-08,local
2736,mp-1222200,slab,-77.67272716,7208.013,True,"[2.06753988, -3.58108411, 0.0, 2.06753988, 3.58108411, -0.0, -0.0, -0.0, 40.907174]",21.0,0.0,local
2737,mp-1222273,slab,-21.87821402,48.105,True,"[4.09257454, -0.0, 0.0, 0.0, 4.09257454, 0.0, -0.0, 0.0, 5.56692154]",4.0,0.0,local
2738,mp-1222277,slab,-15.40719387,28.404,True,"[4.08888775, 0.0, 0.0, 0.0, 4.08888775, 0.0, 0.0, 0.0, 5.55474615]",4.0,7.5e-08,local
2739,mp-1222288,slab,-5.57984953,160.522,True,"[1.38916568, -2.40610554, -0.0, 1.38916568, 2.40610554, -0.0, -0.0, -0.0, 8.90053138]",4.0,0.0,local
2740,mp-1222291,slab,-13.03319073,259.008,True,"[4.26537818, -0.0, 0.0, 0.0, 4.26537818, 0.0, -0.0, -0.0, 3.43843977]",4.0,3.95e-06,local
2741,mp-1222320,slab,-14.25598721,42.643,True,"[4.01460948, -0.0, 0.0, 0.0, 4.01460948, 0.0, -0.0, -0.0, 5.49022134]",4.0,6.5e-07,local
2742,mp-1222395,slab,-15.4313959,35.655,True,"[3.88364301, 0.0, 0.0, 0.0, 3.88364301, 0.0, 0.0, 0.0, 5.31247158]",4.0,5e-08,local
2743,mp-1222403,slab,-17.8360577,89.161,True,"[1.47175056, -2.54914674, 0.0, 1.47175056, 2.54914674, -0.0, -0.0, -0.0, 12.80655479]",6.0,5.666666666666667e-07,local
2744,mp-1222405,slab,-4.62782788,132.654,True,"[1.58147457, -2.73919431, 0.0, 1.58147457, 2.73919431, 0.0, 0.0, -0.0, 9.71296235]",4.0,2.5e-08,local
2745,mp-1222424,slab,-12.39980062,250.517,True,"[3.44201166, 0.0, 0.0, 0.0, 3.44201166, 0.0, 0.0, -0.0, 10.23818233]",6.0,1.5e-07,local
2746,mp-1222432,slab,-27.05152165,99.566,True,"[4.21202979, -0.0, 0.0, 0.0, 4.21202979, 0.0, -0.0, -0.0, 6.03827933]",6.0,0.66700465,local
2747,mp-1222443,slab,-38.73642751,1063.015,True,"[2.33332982, -4.04144579, -0.0, 2.33332982, 4.04144579, 0.0, -0.0, 0.0, 22.8946943]",24.0,3.75e-08,local
2748,mp-1222495,slab,-20.40871086,75.193,True,"[1.54148182, -2.66992483, -0.0, 1.54148182, 2.66992483, -0.0, -0.0, -0.0, 29.34989428]",12.0,1.01e-05,local
2749,mp-1222558,slab,-24.38411941,800.743,True,"[4.15326852, 0.0, 0.0, 0.0, 4.17225486, 0.0, 0.0, 0.0, 7.55298583]",8.0,2.5e-08,local
2750,mp-1222568,slab,-71.32562875,4942.321,True,"[2.34798473, -4.06682885, -0.0, 2.34798473, 4.06682885, 0.0, -0.0, 0.0, 22.95826546]",24.0,0.0,local
2751,mp-1222602,slab,-57.36400034,201.443,True,"[6.0795457, 0.0, 0.0, 0.0, 6.0795457, 0.0, -0.0, 0.0, 6.0795457]",16.0,1.0625e-07,local
2752,mp-1222604,slab,-30.88185755,153.243,True,"[6.89108384, 0.0, 0.0, 0.0, 6.89108384, 0.0, 0.0, -0.0, 6.89108384]",16.0,1.25e-07,local
2753,mp-1222606,slab,-40.12239331,79.823,True,"[6.74650414, 0.0, 0.0, 0.0, 6.74650414, 0.0, 0.0, 0.0, 6.74650414]",16.0,5.5e-07,local
2754,mp-1222607,slab,-65.45398251,167.848,True,"[6.34329742, 0.0, 0.0, 0.0, 6.34329742, 0.0, 0.0, 0.0, 6.34329742]",16.0,1.1875e-07,local
2755,mp-1222608,slab,-60.8099679,225.617,True,"[6.38167763, 0.0, 0.0, 0.0, 6.38167763, 0.0, 0.0, 0.0, 6.38167763]",16.0,2.5e-08,local
2756,mp-1222610,slab,-27.89001221,156.175,True,"[6.54214005, 0.0, 0.0, 0.0, 6.54214005, 0.0, 0.0, -0.0, 6.54214005]",16.0,6.25e-09,local
2757,mp-1222611,slab,-38.54309176,198.5,True,"[6.67675974, 0.0, 0.0, 0.0, 6.67675974, 0.0, 0.0, 0.0, 6.67675974]",16.0,4.8125e-07,local
2758,mp-1222612,slab,-72.62357616,158.532,True,"[6.27951164, 0.0, 0.0, 0.0, 6.27951164, 0.0, 0.0, 0.0, 6.27951164]",16.0,1.4375e-07,local
2759,mp-1222614,slab,-57.32976013,233.153,True,"[6.54215929, 0.0, 0.0, 0.0, 6.54215929, 0.0, 0.0, -0.0, 6.54215929]",16.0,0.0,local
2760,mp-1222617,slab,-50.58919879,565.531,True,"[2.47322965, -4.28375942, -0.0, 2.47322965, 4.28375942, 0.0, 0.0, 0.0, 12.21963785]",18.0,0.0,local
2761,mp-1222627,slab,-19.70639562,1022.61,True,"[2.11049365, -3.65548222, 0.0, 2.11049365, 3.65548222, -0.0, 0.0, -0.0, 6.85201491]",6.0,0.0,local
2762,mp-1222648,slab,-27.33387096,86.493,True,"[6.76521393, -0.0, 0.0, 0.0, 6.76521393, 0.0, 0.0, 0.0, 6.76521393]",16.0,6.25e-09,local
2763,mp-1222650,slab,-41.28430009,49.27,True,"[6.42976059, 0.0, 0.0, 0.0, 6.42976059, 0.0, 0.0, 0.0, 6.42976059]",16.0,1.875e-08,local
2764,mp-1222653,slab,-35.16844815,65.838,True,"[6.57972599, -0.0, 0.0, 0.0, 6.57972599, 0.0, -0.0, -0.0, 6.57972599]",16.0,3.1875e-07,local
2765,mp-1222657,slab,-62.9871157,243.612,True,"[6.07017061, 0.0, 0.0, 0.0, 6.07017061, 0.0, 0.0, 0.0, 6.07017061]",16.0,3.75e-08,local
2766,mp-1222659,slab,-42.59372886,197.797,True,"[6.29367877, 0.0, 0.0, 0.0, 6.29367877, 0.0, 0.0, 0.0, 6.29367877]",16.0,2.625e-07,local
2767,mp-1222671,slab,-33.23777097,113.873,True,"[6.77395644, 0.0, 0.0, 0.0, 6.77395644, 0.0, 0.0, 0.0, 6.77395644]",16.0,1e-07,local
2768,mp-1222673,slab,-56.86952267,792.862,True,"[2.49772503, -4.32618666, 0.0, 2.49772503, 4.32618666, -0.0, 0.0, 0.0, 11.99770694]",18.0,5.555555555555555e-09,local
2769,mp-1222687,slab,-61.77424103,1598.231,True,"[2.50378459, -4.33668212, 0.0, 2.50378459, 4.33668212, -0.0, -0.0, -0.0, 11.85946717]",18.0,0.0,local
2770,mp-1222726,slab,-71.31745298,1345.711,True,"[0.0, 15.59568778, -0.14312831, 3.84115934, 0.0, 0.0, 0.0, -2.86671609, -6.00539542]",14.0,4.6221428571428566e-05,local
2771,mp-1223307,slab,-13.17990357,26.071,True,"[5.551771, 0.0, 0.0, 0.0, 5.551771, 0.0, 0.0, 0.0, 3.925892]",4.0,5.995e-05,local
2772,mp-1223311,slab,-40.40657862,257.511,True,"[2.30748772, -3.99668597, -0.0, 2.30748772, 3.99668597, 0.0, -0.0, 0.0, 22.67822947]",12.0,4.5100000000000005e-05,local
2773,mp-1223313,slab,-40.53495569,253.143,True,"[2.11942992, -3.67096031, -0.0, 2.11942992, 3.67096031, 0.0, -0.0, 0.0, 21.12593379]",12.0,2.5e-08,local
2774,mp-1223400,slab,-102.34000476,2332.222,True,"[3.59773026, -6.23145161, -0.0, 3.59773026, 6.23145161, 0.0, -0.0, 0.0, 17.55391354]",24.0,1.6666666666666667e-08,local
2775,mp-1223436,slab,-14.12565301,42.743,True,"[4.428959, 0.0, 0.0, 0.0, 4.428959, 0.0, 0.0, 0.0, 6.057742]",4.0,8.225e-06,local
2776,mp-1223655,slab,-20.02903752,28.0,True,"[1.3770603, -2.3851384, -0.0, 1.3770603, 2.3851384, 0.0, 0.0, -0.0, 4.38254615]",2.0,3.5e-07,local
2777,mp-1223662,slab,-29.21667475,129.09,True,"[1.35833624, -2.35270738, -0.0, 1.35833624, 2.35270738, 0.0, 0.0, -0.0, 6.67357523]",3.0,0.0,local
2778,mp-1223665,slab,-44.34756861,205.69,True,"[1.38973984, -2.40710001, -0.0, 1.38973984, 2.40710001, 0.0, -0.0, 0.0, 13.49350629]",6.0,0.0,local
2779,mp-1223671,slab,-58.10700356,1013.416,True,"[8.2647567, 0.0, 0.0, 0.0, 8.2647567, 0.0, 0.0, 0.0, 6.31677658]",16.0,0.0,local
2780,mp-1223675,slab,-41.54400498,103.227,True,"[1.37779604, -2.38641275, -0.0, 1.37779604, 2.38641275, 0.0, 0.0, 0.0, 13.48192583]",6.0,9.166666666666666e-07,local
2781,mp-1223677,slab,-139.80169673,963.509,True,"[1.36568142, -2.36542961, -0.0, 1.36568142, 2.36542961, 0.0, 0.0, 0.0, 33.60198431]",15.0,1.3133333333333334e-06,local
2782,mp-1223697,slab,-23.77448757,133.218,True,"[2.09573365, -3.62991717, 0.0, 2.09573365, 3.62991717, 0.0, 0.0, -0.0, 5.23795876]",5.0,0.0,local
2783,mp-1223699,slab,-19.57329172,149.668,True,"[3.35921341, -0.0, 0.0, 0.0, 3.35921341, 0.0, -0.0, -0.0, 5.8891546]",4.0,0.0,local
2784,mp-1223778,slab,-22.15130443,54.228,True,"[1.39811778, -2.42161103, 0.0, 1.39811778, 2.42161103, -0.0, -0.0, 0.0, 4.49974853]",2.0,1.5e-07,local
2785,mp-1223782,slab,-12.18053781,34.305,True,"[4.303302, 0.0, 0.0, 0.0, 4.303302, 0.0, 0.0, 0.0, 6.004123]",4.0,7.3325e-05,local
2786,mp-1223787,slab,-10.5863001,108.033,True,"[1.53632111, -2.66098622, -0.0, 1.53632111, 2.66098622, 0.0, -0.0, -0.0, 9.52365152]",4.0,0.0,local
2787,mp-1223792,slab,-36.85825848,2038.318,True,"[2.14104569, -3.70839992, 0.0, 2.14104569, 3.70839992, -0.0, -0.0, -0.0, 20.92511888]",12.0,8.333333333333334e-09,local
2788,mp-1223793,slab,-14.31978315,79.491,True,"[4.5468027, -0.0, 0.0, 0.0, 4.5468027, 0.0, -0.0, -0.0, 6.31143086]",4.0,0.0,local
2789,mp-1223798,slab,-12.70016268,349.68,True,"[4.60337671, 0.0, 0.0, 0.0, 4.60337671, 0.0, 0.0, -0.0, 6.61223797]",4.0,0.0,local
2790,mp-1223802,slab,-104.313603,388.668,True,"[2.64299633, -4.57780392, 0.0, 2.64299633, 4.57780392, 0.0, -0.0, 0.0, 12.69046848]",18.0,4.444444444444444e-08,local
2791,mp-1223807,slab,-41.16517404,5154.202,True,"[2.18726661, -3.7884569, -0.0, 2.18726661, 3.7884569, 0.0, 0.0, 0.0, 21.13004033]",12.0,0.0,local
2792,mp-1223810,slab,-40.42794408,182.168,True,"[4.40486821, -0.0, 0.0, 0.0, 4.40486821, 0.0, -0.0, -0.0, 18.33710212]",12.0,0.0002144999999999,local
2793,mp-1223816,slab,-12.20375806,239.474,True,"[1.58648277, -2.74786877, 0.0, 1.58648277, 2.74786877, -0.0, -0.0, -0.0, 8.94064192]",4.0,5.75e-07,local
2794,mp-1223818,slab,-20.29425582,141.479,True,"[2.16698262, -3.75332399, -0.0, 2.16698262, 3.75332399, 0.0, 0.0, 0.0, 10.7101032]",6.0,1.6666666666666667e-08,local
2795,mp-1223819,slab,-39.78488112,1148.122,True,"[1.5225954, -2.63721259, 0.0, 1.5225954, 2.63721259, -0.0, 0.0, -0.0, 35.89300054]",15.0,2e-08,local
2796,mp-1223820,slab,-112.40482209,387.828,True,"[2.63513756, -4.56419213, 0.0, 2.63513756, 4.56419213, -0.0, -0.0, -0.0, 12.47690122]",18.0,2.2222222222222225e-06,local
2797,mp-1223828,slab,-119.25522759,451.661,True,"[2.62491735, -4.54649021, -0.0, 2.62491735, 4.54649021, 0.0, -0.0, -0.0, 12.33111237]",18.0,8.499999999999999e-07,local
2798,mp-1223834,slab,-62.95863123,728.341,True,"[3.77003277, -0.0, 0.0, 0.0, 10.09633833, 0.0, -0.0, 0.0, 3.82234813]",8.0,0.0,local
2799,mp-1223836,slab,-13.40254114,49.19,True,"[4.04466792, 0.0, 0.0, 0.0, 4.04466792, 0.0, -0.0, -0.0, 5.64085614]",4.0,1e-07,local
2800,mp-1223839,slab,-20.87681978,1148.055,True,"[3.12734824, 0.0, 0.0, 0.0, 5.16654016, 0.0, 0.0, 0.0, 9.79051224]",8.0,1.25e-08,local
2801,mp-1223842,slab,-57.45794933,592.398,True,"[2.05373789, -3.55717836, -0.0, 2.05373789, 3.55717836, 0.0, -0.0, 0.0, 29.97037359]",15.0,0.0,local
2802,mp-1223860,slab,-54.32293883,114.068,True,"[1.35447703, -2.34602303, 0.0, 1.35447703, 2.34602303, 0.0, -0.0, -0.0, 13.35027254]",6.0,0.0,local
2803,mp-1223891,slab,-26.09196029,1259.962,True,"[3.79968819, 0.0, 0.0, 0.0, 4.28983098, 0.0, 0.0, 0.0, 10.81002301]",8.0,0.0,local
2804,mp-1223903,slab,-23.35888359,106.138,True,"[2.18112698, -3.77782275, 0.0, 2.18112698, 3.77782275, 0.0, 0.0, 0.0, 5.36699274]",6.0,3.3333333333333334e-08,local
2805,mp-1223908,slab,-69.63642802,1885.808,True,"[0.0, 9.92356237, -0.03844155, 4.1204543, 0.0, 0.0, 0.0, -4.25360752, -4.90991846]",12.0,0.0,local
2806,mp-1223919,slab,-48.44241769,112.771,True,"[1.36175424, -2.35862754, -0.0, 1.36175424, 2.35862754, 0.0, -0.0, 0.0, 13.3281028]",6.0,1.85e-06,local
2807,mp-1223946,slab,-74.20067638,1999.979,True,"[0.0, 9.7518188, -0.00181876, 4.15817311, 0.0, 0.0, 0.0, -4.21012334, -4.88826308]",12.0,0.0,local
2808,mp-1223971,slab,-15.05257838,60.974,True,"[4.1667658, 0.0, 0.0, 0.0, 4.1667658, 0.0, 0.0, 0.0, 5.85640242]",4.0,2.5e-08,local
2809,mp-1224020,slab,-51.83149861,867.153,True,"[0.0, 14.22476016, 0.01439065, 4.22629568, 0.0, 0.0, 0.0, -1.14109525, -7.32389682]",14.0,0.0,local
2810,mp-1224042,slab,-40.41406609,475.61,True,"[2.06137836, -3.57041206, -0.0, 2.06137836, 3.57041206, 0.0, 0.0, -0.0, 11.05590954]",8.0,0.0,local
2811,mp-1224060,slab,-40.54412815,4152.561,True,"[2.2192238, -3.84380837, -0.0, 2.2192238, 3.84380837, 0.0, 0.0, -0.0, 21.94704391]",12.0,0.0,local
2812,mp-1224067,slab,-284.83984735,639.893,True,"[7.637219, 0.0, 0.0, 0.0, 7.637219, 0.0, 0.0, -0.0, 7.637219]",24.0,4.166666666666667e-09,local
2813,mp-1224085,slab,-216.77161282,815.309,True,"[7.335548, 0.0, 0.0, 0.0, 7.335548, 0.0, 0.0, 0.0, 7.335548]",24.0,0.000137325,local
2814,mp-1224091,slab,-13.67396684,184.12,True,"[4.4657656, 0.0, 0.0, 0.0, 4.4657656, 0.0, -0.0, -0.0, 6.27927221]",4.0,0.0,local
2815,mp-1224165,slab,-76.58160826,6502.152,True,"[0.0, 9.67542253, -0.01633117, 4.19612877, 0.0, 0.0, 0.0, -4.1878244, -4.8540017]",12.0,1.416666666666667e-07,local
2816,mp-1224169,slab,-39.20973545,251.533,True,"[3.16762034, -0.0, 0.0, 0.0, 3.16762034, 0.0, -0.0, -0.0, 6.32407783]",4.0,0.0,local
2817,mp-1224173,slab,-16.41149985,213.405,True,"[3.99142354, 0.0, 0.0, 0.0, 3.99142354, 0.0, 0.0, -0.0, 4.13690476]",4.0,1.75e-07,local
2818,mp-1224182,slab,-279.82798213,638.093,True,"[7.5537132, -0.0, 0.0, 0.0, 7.5537132, 0.0, 0.0, -0.0, 7.5537132]",24.0,8.333333333333334e-09,local
2819,mp-1224185,slab,-58.09440568,16250.918,True,"[9.39804138, 0.0, 0.0, 0.0, 9.37841685, 0.0, 0.0, 0.0, 3.89947773]",16.0,0.0,local
2820,mp-1224188,slab,-213.27509601,594.957,True,"[7.00575824, -0.0, 0.0, 0.0, 7.00575824, 0.0, -0.0, -0.0, 7.00575824]",24.0,1.0522142708333333,local
2821,mp-1224193,slab,-252.4647738,743.35,True,"[7.59199193, 0.0, 0.0, 0.0, 7.59199193, 0.0, 0.0, 0.0, 7.59199193]",24.0,0.0,local
2822,mp-1224216,slab,-77.04598763,1147.062,True,"[3.35208772, 0.0, 0.0, 0.0, 5.02875676, 0.0, -0.0, 0.0, 9.6497276]",8.0,3.625e-07,local
2823,mp-1224218,slab,-39.08514709,5178.324,True,"[0.0, 6.60282782, 0.00186816, 3.66120551, 0.0, 0.0, 0.0, -0.00910331, -6.34650994]",6.0,0.0,local
2824,mp-1224258,slab,-17.65952145,51.287,True,"[1.54778888, -2.68084897, 0.0, 1.54778888, 2.68084897, -0.0, -0.0, -0.0, 4.83698547]",2.0,5e-08,local
2825,mp-1224259,slab,-247.94540282,927.843,True,"[7.49536402, -0.0, 0.0, 0.0, 7.49536402, 0.0, -0.0, -0.0, 7.49536402]",24.0,0.0,local
2826,mp-1224271,slab,-19.81938179,491.86,True,"[1.93146646, -3.34539805, 0.0, 1.93146646, 3.34539805, -0.0, 0.0, -0.0, 6.91031714]",3.0,0.0,local
2827,mp-1224275,slab,-231.47605761,529.623,True,"[7.22648223, 0.0, 0.0, 0.0, 7.22648223, 0.0, 0.0, 0.0, 7.22648223]",24.0,4.7333333333333335e-06,local
2828,mp-1224292,slab,-42.82897037,97.31,True,"[3.43104742, 0.0, 0.0, 0.0, 4.80955958, 0.0, 0.0, 0.0, 4.85260819]",4.0,1.75e-07,local
2829,mp-1224300,slab,-16.14312242,28.674,True,"[1.61960844, -2.80524411, -0.0, 1.61960844, 2.80524411, -0.0, 0.0, 0.0, 5.10219771]",2.0,0.00074305,local
2830,mp-1224303,slab,-20.02880022,50.243,True,"[4.07084403, 0.0, 0.0, 0.0, 4.07084403, 0.0, 0.0, 0.0, 4.03068112]",4.0,2.75e-07,local
2831,mp-1224306,slab,-60.55287174,230.381,True,"[3.83271195, 0.0, 0.0, 0.0, 9.86019153, 0.0, 0.0, 0.0, 3.71294119]",8.0,0.0,local
2832,mp-1224307,slab,-39.7596653,247.48,True,"[3.43460792, -0.0, 0.0, 0.0, 4.8476993, 0.0, -0.0, -0.0, 4.79772913]",4.0,2.5e-08,local
2833,mp-1224309,slab,-19.63194237,69.136,True,"[4.21417014, 0.0, 0.0, 0.0, 4.21417014, 0.0, 0.0, 0.0, 3.96942158]",4.0,4.725e-06,local
2834,mp-1224314,slab,-41.38716187,221.828,True,"[3.35934368, 0.0, 0.0, 0.0, 4.91042448, 0.0, 0.0, 0.0, 4.45022269]",4.0,3.5e-07,local
2835,mp-1224317,slab,-43.64782415,125.698,True,"[3.6614691, -0.0, 0.0, 0.0, 3.6614691, 0.0, 0.0, 0.0, 8.2006679]",6.0,0.0,local
2836,mp-1224321,slab,-63.52728884,342.817,True,"[5.19324478, 0.0, 0.0, 0.0, 5.2813176, 0.0, 0.0, 0.0, 7.37538432]",12.0,8.333333333333334e-08,local
2837,mp-1224324,slab,-107.93776182,246.21,True,"[2.67282555, -4.62946964, 0.0, 2.67282555, 4.62946964, -0.0, 0.0, 0.0, 12.80955937]",18.0,2.565e-05,local
2838,mp-1224326,slab,-24.02042063,678.51,True,"[2.08458026, -3.61059893, 0.0, 2.08458026, 3.61059893, -0.0, -0.0, -0.0, 10.19449231]",6.0,0.0,local
2839,mp-1224327,slab,-112.41780135,354.04,True,"[2.66407305, -4.61430988, -0.0, 2.66407305, 4.61430988, 0.0, 0.0, 0.0, 12.79579393]",18.0,3.8777777777777775e-06,local
2840,mp-1224329,slab,-103.85176363,124.812,True,"[6.68417548, 0.0, 0.0, 0.0, 6.68417548, 0.0, 0.0, 0.0, 5.24312833]",12.0,5e-08,local
2841,mp-1224331,slab,-49.56427384,336.33,True,"[3.24369208, 0.0, 0.0, 0.0, 3.24369208, 0.0, 0.0, 0.0, 11.48364103]",6.0,1.6666666666666667e-08,local
2842,mp-1224335,slab,-13.83621461,242.667,True,"[1.48973851, -2.5803028, -0.0, 1.48973851, 2.5803028, 0.0, -0.0, 0.0, 9.50929216]",4.0,0.0,local
2843,mp-1224336,slab,-48.65950863,2715.536,True,"[2.0679297, -3.5817593, 0.0, 2.0679297, 3.5817593, 0.0, 0.0, 0.0, 20.20512329]",12.0,0.0,local
2844,mp-1224337,slab,-74.90564609,4619.404,True,"[3.85458667, -0.0, 0.0, 0.0, 15.03916557, 0.0, 0.0, -0.0, 3.79114415]",12.0,0.0,local
2845,mp-1224341,slab,-76.90831362,1074.215,True,"[0.0, 10.61570664, -0.00620915, 3.71576528, 0.0, 0.0, 0.0, -4.22732879, -7.62603801]",12.0,0.0,local
2846,mp-1224346,slab,-64.20900688,324.038,True,"[0.0, 5.27902929, -0.00235129, 3.74147471, 0.0, 0.0, 0.0, -0.03918065, -7.01228235]",8.0,0.0,local
2847,mp-1224354,slab,-65.14511663,851.039,True,"[3.70232845, 0.0, 0.0, 0.0, 3.74178883, 0.0, -0.0, 0.0, 9.96127965]",8.0,0.0,local
2848,mp-1224358,slab,-77.32116503,773.009,True,"[0.0, 10.38773036, -0.01531651, 3.66948519, 0.0, 0.0, 0.0, -4.19777974, -7.34523867]",12.0,0.0,local
2849,mp-1224371,slab,-50.69648068,1676.217,True,"[0.0, 7.62883859, -0.01927628, 6.33109419, 0.0, 0.0, 0.0, -3.08497424, -5.6090619]",12.0,1.6666666666666667e-08,local
2850,mp-1224396,slab,-88.79584357,946.721,True,"[0.0, 9.32655313, 0.00357472, 3.31311919, 0.0, 0.0, 0.0, -3.87844645, -6.68037273]",12.0,0.0,local
2851,mp-1224398,slab,-20.10216207,495.072,True,"[3.21041602, -0.0, 0.0, 0.0, 3.21041602, 0.0, -0.0, -0.0, 6.62598399]",4.0,0.035379875,local
2852,mp-1224404,slab,-82.4966226,652.562,True,"[0.0, 9.30732782, 0.00265674, 3.29031249, 0.0, 0.0, 0.0, -3.82285212, -6.71431033]",12.0,0.0,local
2853,mp-1224414,slab,-125.32530725,2013.673,True,"[2.27623289, -3.94255102, -0.0, 2.27623289, 3.94255102, 0.0, -0.0, 0.0, 22.25045297]",24.0,1.25e-08,local
2854,mp-1224449,slab,-213.86865595,6405.001,True,"[3.19828355, 0.0, 0.0, 0.0, 4.65311872, 0.0, -0.0, 0.0, 22.50837951]",20.0,2.05e-07,local
2855,mp-1224456,slab,-27.9203398,85.945,True,"[3.37686135, 0.0, 0.0, 0.0, 3.37686135, 0.0, 0.0, 0.0, 6.57279765]",4.0,0.0,local
2856,mp-1224492,slab,-25.47439052,65.555,True,"[3.38805758, -0.0, 0.0, 0.0, 3.38805758, 0.0, -0.0, -0.0, 6.46980003]",4.0,0.0,local
2857,mp-1224529,slab,-24.86130074,156.198,True,"[3.21389612, -0.0, 0.0, 0.0, 3.21389612, 0.0, -0.0, -0.0, 6.24637094]",4.0,2.5e-08,local
2858,mp-1224691,slab,-30.88411559,569.808,True,"[0.0, 5.3740628, 0.00030484, 3.75305183, 0.0, 0.0, 0.0, -0.09311689, -6.29741465]",6.0,0.06427605,local
2859,mp-1224694,slab,-21.48190398,112.811,True,"[1.38027179, -2.39070087, -0.0, 1.38027179, 2.39070087, 0.0, 0.0, 0.0, 6.13160224]",3.0,1.9648313666666668,local
2860,mp-1224697,slab,-21.81844516,118.662,True,"[1.26060053, -2.18342417, -0.0, 1.26060053, 2.18342417, -0.0, -0.0, -0.0, 6.27709147]",3.0,1.9073616,local
2861,mp-1224702,slab,-30.25989644,229.846,True,"[2.72654323, 0.0, 0.0, 0.0, 2.72654323, 0.0, 0.0, 0.0, 7.35487532]",4.0,1.67159055,local
2862,mp-1224715,slab,-41.88826989,2308.454,True,"[4.03143641, -0.0, 0.0, 0.0, 4.00027488, 0.0, 0.0, 0.0, 7.80197444]",8.0,0.970801475,local
2863,mp-1224716,slab,-78.28400543,2700.361,True,"[0.0, 12.10481344, -0.02185986, 3.52784409, 0.0, 0.0, 0.0, -3.00357152, -5.37942426]",14.0,0.3985756214285714,local
2864,mp-1224725,slab,-75.27504348,3444.527,True,"[0.0, 12.1491787, -0.01630985, 3.57708496, 0.0, 0.0, 0.0, -3.10151226, -5.40144106]",14.0,0.4284935714285715,local
2865,mp-1224732,slab,-78.09126969,33640.967,True,"[0.0, 12.6546323, -0.10665473, 3.63146124, 0.0, 0.0, 0.0, -2.84727773, -5.5541949]",14.0,0.4336218285714285,local
2866,mp-1224746,slab,-69.87039266,18416.115,True,"[0.0, 16.49715474, -0.20504211, 3.59363078, 0.0, 0.0, 0.0, -2.43326048, -6.07665057]",14.0,0.5425261571428571,local
2867,mp-1224754,slab,-59.46920493,316.097,True,"[2.99505875, 0.0, 0.0, 0.0, 4.2239815, 0.0, 0.0, 0.0, 8.18237985]",8.0,2.0867384625,local
2868,mp-1224761,slab,-61.54951648,4947.028,True,"[2.96129563, -0.0, 0.0, 0.0, 4.31881538, 0.0, -0.0, 0.0, 8.23635189]",8.0,2.094489275,local
2869,mp-1224766,slab,-92.21353807,303.789,True,"[1.36143944, -2.35808228, 0.0, 1.36143944, 2.35808228, -0.0, -0.0, 0.0, 24.67100235]",12.0,2.1201795666666667,local
2870,mp-1224770,slab,-50.80100418,1007.581,True,"[0.0, 5.26576974, -0.00182537, 3.47071588, 0.0, 0.0, 0.0, -0.03478312, -5.92489516]",8.0,0.0,local
2871,mp-1224777,slab,-15.05691702,65.205,True,"[1.43152646, -2.47947656, -0.0, 1.43152646, 2.47947656, 0.0, 0.0, -0.0, 4.19713976]",2.0,2.5e-07,local
2872,mp-1224780,slab,-60.32595085,3472.331,True,"[2.90048691, -0.0, 0.0, 0.0, 3.98400333, 0.0, -0.0, 0.0, 7.97509525]",8.0,2.043480225,local
2873,mp-1224790,slab,-12.94583644,84.878,True,"[4.40729154, -0.0, 0.0, 0.0, 4.40729154, 0.0, 0.0, -0.0, 6.52590357]",4.0,2.5e-08,local
2874,mp-1224791,slab,-21.44179889,278.822,True,"[3.71253921, 0.0, 0.0, 0.0, 3.71253921, 0.0, 0.0, -0.0, 3.74115787]",4.0,0.172422325,local
2875,mp-1224792,slab,-14.31320532,38.102,True,"[4.037716, 0.0, 0.0, 0.0, 4.037716, 0.0, 0.0, 0.0, 6.336919]",4.0,3.5825e-05,local
2876,mp-1224793,slab,-18.86865183,211.975,True,"[1.37871813, -2.38800984, 0.0, 1.37871813, 2.38800984, -0.0, -0.0, -0.0, 6.58312122]",3.0,1.2378664333333331,local
2877,mp-1224795,slab,-11.16389779,71.283,True,"[1.48567829, -2.57327029, 0.0, 1.48567829, 2.57327029, -0.0, -0.0, -0.0, 9.20015429]",4.0,5e-08,local
2878,mp-1224797,slab,-22.57135293,294.757,True,"[2.89203827, 0.0, 0.0, 0.0, 2.89203827, 0.0, 0.0, 0.0, 5.51624597]",4.0,0.6702873,local
2879,mp-1224798,slab,-19.5442781,439.037,True,"[2.93347218, -0.0, 0.0, 0.0, 2.93347218, 0.0, -0.0, -0.0, 5.71684836]",4.0,0.1758872,local
2880,mp-1224800,slab,-14.69089253,237.301,True,"[1.87111949, -3.24087403, 0.0, 1.87111949, 3.24087403, -0.0, -0.0, -0.0, 5.83778841]",3.0,0.4122547666666666,local
2881,mp-1224802,slab,-27.52422391,59.255,True,"[1.48433989, -2.57095211, 0.0, 1.48433989, 2.57095211, 0.0, 0.0, 0.0, 12.18713606]",6.0,2.326666666666667e-05,local
2882,mp-1224803,slab,-17.23874307,67.162,True,"[1.31519393, -2.27798272, 0.0, 1.31519393, 2.27798272, 0.0, 0.0, 0.0, 4.0598955]",2.0,5e-06,local
2883,mp-1224805,slab,-129.203288,927.457,True,"[3.30177829, -5.71884766, 0.0, 3.30177821, 5.71884771, -0.0, -0.0, -0.0, 7.95709437]",24.0,0.2886921708333333,local
2884,mp-1224809,slab,-38.3848589,420.177,True,"[3.90450815, 0.0, 0.0, 0.0, 5.70208644, 0.0, 0.0, 0.0, 11.80866762]",10.0,0.0,local
2885,mp-1224810,slab,-31.01590033,442.313,True,"[0.0, 5.66780665, -0.00282501, 3.41668362, 0.0, 0.0, 0.0, -0.03045337, -6.465191]",6.0,0.1097535,local
2886,mp-1224811,slab,-24.22389523,190.812,True,"[2.07143275, -3.58782677, -0.0, 2.07143275, 3.58782677, 0.0, -0.0, 0.0, 4.97583683]",5.0,0.0,local
2887,mp-1224812,slab,-90.51815648,3067.81,True,"[1.2759963, -2.21009042, 0.0, 1.2759963, 2.21009042, 0.0, -0.0, 0.0, 29.94009783]",15.0,0.3318801933333333,local
2888,mp-1224813,slab,-25.38830694,135.517,True,"[1.98161877, -3.4322644, -0.0, 1.98161877, 3.4322644, 0.0, 0.0, -0.0, 4.90109959]",5.0,1.8e-07,local
2889,mp-1224815,slab,-39.88484166,3686.058,True,"[2.0114868, -3.48399734, 0.0, 2.0114868, 3.48399734, -0.0, 0.0, -0.0, 19.79822745]",12.0,0.0,local
2890,mp-1224819,slab,-118.56119455,2149.133,True,"[3.30993152, -5.73296948, -0.0, 3.30993145, 5.73296952, 0.0, 0.0, 0.0, 7.85114159]",24.0,0.0,local
2891,mp-1224821,slab,-110.34373471,3041.127,True,"[3.34895733, -5.80056412, 0.0, 3.34895722, 5.80056418, 0.0, 0.0, 0.0, 8.31208404]",24.0,0.0,local
2892,mp-1224823,slab,-94.14140076,3504.512,True,"[5.5539436, 0.0, 0.0, 0.0, 5.5539436, 0.0, 0.0, 0.0, 8.03264375]",16.0,0.0,local
2893,mp-1224825,slab,-41.59632501,3747.078,True,"[2.1679204, -3.75494828, -0.0, 2.1679204, 3.75494828, 0.0, 0.0, 0.0, 21.04785042]",12.0,0.0,local
2894,mp-1224827,slab,-89.71508144,674.359,True,"[1.26248894, -2.18669499, 0.0, 1.26248894, 2.18669499, -0.0, 0.0, 0.0, 25.27198049]",12.0,2.0774837500000003,local
2895,mp-1224832,slab,-53.00668802,4352.94,True,"[1.32980366, -2.30328751, -0.0, 1.32980366, 2.30328751, 0.0, 0.0, -0.0, 31.44765452]",15.0,0.0,local
2896,mp-1224834,slab,-44.14526629,500.746,True,"[3.54690518, 0.0, 0.0, 0.0, 3.54690518, 0.0, 0.0, -0.0, 7.08552186]",8.0,0.11289785,local
2897,mp-1224836,slab,-149.22338215,3085.723,True,"[3.45010177, -5.97575152, 0.0, 3.45010173, 5.97575154, -0.0, -0.0, -0.0, 8.55935825]",24.0,0.0,local
2898,mp-1224838,slab,-113.35486485,1603.562,True,"[3.35931385, -5.81850222, -0.0, 3.35931381, 5.81850225, 0.0, 0.0, 0.0, 8.29942797]",24.0,0.0,local
2899,mp-1224847,slab,-46.35845664,244.014,True,"[1.34079088, -2.32231792, -0.0, 1.34079088, 2.32231792, 0.0, -0.0, 0.0, 12.81451274]",6.0,1.59722625,local
2900,mp-1224850,slab,-31.57237705,3764.016,True,"[0.0, 5.50106403, 0.02154912, 3.59398605, 0.0, 0.0, 0.0, -0.15901243, -6.38002219]",6.0,0.1564639333333333,local
2901,mp-1224859,slab,-120.82849343,4565.427,True,"[3.31062068, -5.73416323, 0.0, 3.31062069, 5.73416323, 0.0, 0.0, -0.0, 8.26416806]",24.0,0.0,local
2902,mp-1224860,slab,-42.5532401,302.455,True,"[3.58034266, 0.0, 0.0, 0.0, 3.58034266, 0.0, 0.0, 0.0, 7.16280236]",8.0,0.12282965,local
2903,mp-1224863,slab,-139.06613886,1438.012,True,"[3.26192849, -5.64982579, -0.0, 3.26192841, 5.64982583, -0.0, -0.0, -0.0, 8.11057262]",24.0,0.1380305291666666,local
2904,mp-1224867,slab,-21.74454649,81.474,True,"[2.89065003, -0.0, 0.0, 0.0, 2.89065003, 0.0, -0.0, -0.0, 5.78193568]",4.0,0.1072414,local
2905,mp-1224880,slab,-77.58439488,4396.307,True,"[3.07366226, 0.0, 0.0, -0.0, 4.18260611, 0.0, 0.0, -0.0, 11.82578204]",12.0,1.5154091166666666,local
2906,mp-1224883,slab,-72.39331216,405.834,True,"[1.38241565, -2.39441414, 0.0, 1.38241565, 2.39441414, 0.0, -0.0, 0.0, 26.59130545]",12.0,0.9818220083333332,local
2907,mp-1224889,slab,-143.24810402,4862.687,True,"[2.99019621, -0.0, 0.0, 0.0, 4.1072181, 0.0, 0.0, -0.0, 19.81919576]",20.0,1.84030426,local
2908,mp-1224892,slab,-55.22650183,449.396,True,"[3.06370373, -0.0, 0.0, 0.0, 4.09825019, 0.0, -0.0, -0.0, 7.86424071]",8.0,1.72728015,local
2909,mp-1224895,slab,-108.0368689,410.356,True,"[5.72851391, 0.0, 0.0, 0.0, 5.72851391, 0.0, 0.0, 0.0, 5.72851391]",16.0,1.33339169375,local
2910,mp-1224901,slab,-32.84143588,91.375,True,"[2.02429041, -3.50617383, 0.0, 2.02429041, 3.50617383, 0.0, 0.0, 0.0, 4.86439605]",5.0,1.24430912,local
2911,mp-1224925,slab,-81.5833114,8395.6,True,"[0.0, 11.72114711, 0.0833819, 3.8677209, 0.0, 0.0, 0.0, -0.93516062, -4.84840279]",16.0,0.0,local
2912,mp-1224926,slab,-11.25253151,44.882,True,"[1.37532464, -2.38213215, 0.0, 1.37532464, 2.38213215, -0.0, 0.0, -0.0, 4.0442732]",2.0,1.0410616,local
2913,mp-1224927,slab,-54.68408724,1712.936,True,"[3.68649173, -0.0, 0.0, 0.0, 3.71053795, 0.0, 0.0, 0.0, 7.36611136]",8.0,1.428808275,local
2914,mp-1224941,slab,-119.52736004,681.566,True,"[3.1521105, -0.0, 0.0, 0.0, 4.27601746, 0.0, -0.0, -0.0, 12.84868466]",12.0,0.680577775,local
2915,mp-1224945,slab,-23.25066807,302.047,True,"[2.88618518, 0.0, 0.0, 0.0, 3.98095503, 0.0, 0.0, 0.0, 4.15886229]",4.0,1.300212625,local
2916,mp-1224947,slab,-51.46309075,288.113,True,"[3.89625364, 0.0, 0.0, 0.0, 3.89625364, 0.0, 0.0, 0.0, 7.7511831]",8.0,0.6355573125,local
2917,mp-1224950,slab,-32.42268249,601.045,True,"[0.0, 5.72513693, -3.455e-05, 3.29483953, 0.0, 0.0, 0.0, -0.01523836, -6.47777488]",6.0,0.0844312833333333,local
2918,mp-1224951,slab,-33.92832503,686.355,True,"[0.0, 5.17608995, -0.00411209, 3.11649871, 0.0, 0.0, 0.0, -0.01255595, -5.95419119]",6.0,0.1059643,local
2919,mp-1224953,slab,-37.99667257,525.317,True,"[2.8977485, -0.0, 0.0, 0.0, 4.02519809, 0.0, 0.0, -0.0, 8.24342331]",8.0,0.6606976375,local
2920,mp-1224961,slab,-18.3394639,1855.858,True,"[3.90649851, 0.0, 0.0, 0.0, 3.90649851, 0.0, -0.0, -0.0, 6.48723592]",4.0,0.7841342,local
2921,mp-1224965,slab,-27.69520078,8375.372,True,"[3.67003666, 0.0, -0.0, -0.0, 3.49344199, 0.0, 0.0, -0.0, 3.55702003]",4.0,1.6347979,local
2922,mp-1224967,slab,-51.37383476,241.09,True,"[1.34339971, -2.32683655, 0.0, 1.34339971, 2.32683655, -0.0, -0.0, -0.0, 12.78813584]",6.0,1.3291403166666669,local
2923,mp-1224968,slab,-26.6137815,268.016,True,"[2.71740048, 0.0, 0.0, 0.0, 2.71740048, 0.0, 0.0, 0.0, 7.41566054]",4.0,1.06894205,local
2924,mp-1224972,slab,-35.63532212,454.204,True,"[0.0, 5.24208848, 0.00038808, 2.97828911, 0.0, 0.0, 0.0, -0.0083277, -5.96136507]",6.0,0.0262828833333333,local
2925,mp-1224973,slab,-17.30688663,313.344,True,"[1.26260101, -2.18688911, -0.0, 1.26260101, 2.18688911, -0.0, 0.0, -0.0, 6.26868775]",3.0,1.0457401666666668,local
2926,mp-1224976,slab,-41.10927372,281.417,True,"[1.25607246, -2.17558131, -0.0, 1.25607246, 2.17558131, 0.0, -0.0, -0.0, 12.40005279]",6.0,1.5808896833333332,local
2927,mp-1224977,slab,-68.47162862,526.95,True,"[1.27923618, -2.21570206, -0.0, 1.27923618, 2.21570206, 0.0, 0.0, -0.0, 31.69304802]",15.0,0.51362914,local
2928,mp-1224981,slab,-25.02721615,390.338,True,"[2.76489959, 0.0, 0.0, 0.0, 2.76489959, 0.0, -0.0, -0.0, 7.28970523]",4.0,0.8864383,local
2929,mp-1224983,slab,-56.70227736,816.428,True,"[0.0, 4.45104937, 0.00535691, 4.44619791, 0.0, 0.0, 0.0, -0.0163048, -4.45255492]",8.0,0.25838785,local
2930,mp-1224985,slab,-93.39249111,25107.654,True,"[7.19733693, 0.0, 0.0, 0.0, 13.59328424, 0.0, -0.0, 0.0, 3.61411081]",16.0,0.99140869375,local
2931,mp-1224987,slab,-93.39131019,17527.768,True,"[5.10891483, -0.0, 0.0, 0.0, 5.10891483, 0.0, -0.0, 0.0, 13.25536057]",16.0,1.01162173125,local
2932,mp-1224990,slab,-46.69320881,5035.875,True,"[3.61565116, -0.0, 0.0, 0.0, 6.67145926, 0.0, -0.0, 0.0, 7.22106932]",8.0,0.9895207625,local
2933,mp-1224993,slab,-27.73435777,466.281,True,"[2.7034942, -0.0, 0.0, 0.0, 2.7034942, 0.0, -0.0, 0.0, 7.39418503]",4.0,0.859828225,local
2934,mp-1224997,slab,-17.0298838,158.485,True,"[2.06377385, -3.57456117, 0.0, 2.06377385, 3.57456117, -0.0, -0.0, 0.0, 5.8601906]",4.0,0.172575975,local
2935,mp-1225000,slab,-46.69108778,1733.809,True,"[3.60782183, 0.0, 0.0, 0.0, 3.60782183, 0.0, 0.0, -0.0, 13.37817743]",8.0,1.0223825125,local
2936,mp-1225002,slab,-58.42716197,708.935,True,"[3.34520512, -0.0, 0.0, 0.0, 5.82070732, 0.0, -0.0, -0.0, 6.2556931]",8.0,0.467417625,local
2937,mp-1225013,slab,-61.2623441,1456.736,True,"[0.0, 5.99597594, 0.00080485, 3.35396376, 0.0, 0.0, 0.0, -0.02233708, -6.38917512]",8.0,0.37859705,local
2938,mp-1225016,slab,-30.58386764,211.4,True,"[2.83253775, 0.0, 0.0, 0.0, 4.03565562, 0.0, -0.0, 0.0, 3.99213991]",4.0,2.185278725,local
2939,mp-1225018,slab,-82.88777202,700.263,True,"[1.36961943, -2.37225044, -0.0, 1.36961943, 2.37225044, 0.0, -0.0, -0.0, 25.59601362]",12.0,1.311178966666667,local
2940,mp-1225052,slab,-61.26201526,459.694,True,"[6.44699919, 0.0, 0.0, 0.0, 6.44699919, 0.0, 0.0, 0.0, 5.45363316]",12.0,0.2030318833333333,local
2941,mp-1225054,slab,-96.93017494,38750.437,True,"[7.37403649, 0.0, 0.0, 0.0, 12.76699087, 0.0, -0.0, -0.0, 3.63028991]",16.0,0.47105773125,local
2942,mp-1225078,slab,-74.06397926,508.008,True,"[1.2493849, -2.16399812, 0.0, 1.2493849, 2.16399812, -0.0, 0.0, -0.0, 24.58456404]",12.0,1.0860079333333337,local
2943,mp-1225083,slab,-28.73283994,344.137,True,"[2.46392711, -0.0, 0.0, 0.0, 2.46392711, 0.0, -0.0, -0.0, 7.02095676]",4.0,0.744476825,local
2944,mp-1225085,slab,-152.38072161,5081.03,True,"[2.0243557, -3.50628692, -0.0, 2.0243557, 3.50628692, 0.0, -0.0, 0.0, 19.84262224]",24.0,0.8498659916666668,local
2945,mp-1225094,slab,-24.37675847,382.532,True,"[3.59214857, 0.0, 0.0, 0.0, 3.59214857, 0.0, 0.0, 0.0, 3.63680436]",4.0,0.59949485,local
2946,mp-1225125,slab,-178.17761858,2766.158,True,"[3.22044019, -5.57796596, -0.0, 3.22044013, 5.577966, 0.0, 0.0, 0.0, 7.89299469]",24.0,0.2898685208333333,local
2947,mp-1225131,slab,-56.34411461,448.822,True,"[2.86457483, -0.0, 0.0, 0.0, 4.00831128, 0.0, 0.0, -0.0, 8.20237746]",8.0,1.8750369375,local
2948,mp-1225133,slab,-37.49053116,357.06,True,"[3.6560793, 0.0, 0.0, 0.0, 3.6560793, 0.0, 0.0, -0.0, 6.04511159]",6.0,1.1460890333333331,local
2949,mp-1225135,slab,-154.87865144,2327.227,True,"[3.04684499, -0.0, 0.0, 0.0, 4.03357461, 0.0, 0.0, -0.0, 18.90518694]",20.0,1.78478301,local
2950,mp-1225136,slab,-23.64897532,626.494,True,"[3.7487023, 0.0, 0.0, 0.0, 3.7487023, 0.0, 0.0, -0.0, 6.14069034]",4.0,0.088573625,local
2951,mp-1225154,slab,-28.05208952,112.656,True,"[3.18712807, 0.0, 0.0, 0.0, 3.18712807, 0.0, 0.0, -0.0, 5.61857875]",4.0,1.87429135,local
2952,mp-1225174,slab,-76.03714686,3702.382,True,"[0.0, 12.00542337, -0.14325262, 3.5248734, 0.0, 0.0, 0.0, -2.88854846, -5.35146451]",14.0,0.3238641,local
2953,mp-1225177,slab,-45.38447217,104.842,True,"[2.69288819, -0.0, 0.0, 0.0, 2.69288819, 0.0, -0.0, -0.0, 8.89402984]",6.0,0.7936913666666667,local
2954,mp-1225186,slab,-45.71883132,154.232,True,"[2.80088717, -0.0, 0.0, 0.0, 2.80088717, 0.0, 0.0, 0.0, 8.27590014]",6.0,0.7685898999999999,local
2955,mp-1225197,slab,-34.13587458,110.029,True,"[2.00105198, -3.4659237, -0.0, 2.00105198, 3.4659237, 0.0, 0.0, 0.0, 4.91117719]",5.0,1.14084072,local
2956,mp-1225210,slab,-31.05058174,92.148,True,"[2.84315004, 0.0, 0.0, 0.0, 2.84315004, 0.0, 0.0, 0.0, 5.4733099]",4.0,1.28550925,local
2957,mp-1225224,slab,-54.5557964,933.554,True,"[3.44299872, 0.0, 0.0, 0.0, 3.63685107, 0.0, -0.0, 0.0, 7.0870272]",8.0,0.8062827375,local
2958,mp-1225226,slab,-85.85759059,6812.789,True,"[2.57109542, -0.0, 0.0, 0.0, 2.57109542, 0.0, -0.0, -0.0, 19.03046874]",10.0,1.82067399,local
2959,mp-1225227,slab,-178.93680283,1158.046,True,"[1.98483063, -3.43782749, -0.0, 1.98483063, 3.43782749, 0.0, 0.0, 0.0, 19.47033168]",24.0,1.3545945333333334,local
2960,mp-1225239,slab,-33.69065753,746.66,True,"[2.00938161, -3.48035104, 0.0, 2.00938161, 3.48035104, -0.0, 0.0, 0.0, 4.89338682]",5.0,1.05840434,local
2961,mp-1225284,slab,-31.94078074,145.262,True,"[2.10801453, -3.65118827, 0.0, 2.10801453, 3.65118827, -0.0, 0.0, 0.0, 5.40806068]",5.0,1.16253534,local
2962,mp-1225391,slab,-165.45216206,9085.452,True,"[2.02398169, -3.50563912, 0.0, 2.02398169, 3.50563912, -0.0, 0.0, 0.0, 19.80175076]",24.0,1.24579885,local
2963,mp-1225652,slab,-37.23988299,189.001,True,"[6.483559, -0.0, 0.0, 0.0, 6.483559, 0.0, -0.0, 0.0, 6.483559]",12.0,0.0,local
2964,mp-1225654,slab,-19.02608818,2817.872,True,"[1.92542538, -3.33493459, 0.0, 1.92542538, 3.33493459, -0.0, -0.0, -0.0, 9.31918885]",6.0,0.0,local
2965,mp-1225656,slab,-18.03975699,205.312,True,"[3.03357672, -0.0, 0.0, 0.0, 4.37970422, 0.0, 0.0, -0.0, 4.19666493]",4.0,2.5e-08,local
2966,mp-1225664,slab,-12.08099704,180.23,True,"[1.37436151, -2.38046397, 0.0, 1.37436151, 2.38046397, -0.0, 0.0, -0.0, 6.36399872]",3.0,0.0536614,local
2967,mp-1225674,slab,-15.52081169,395.909,True,"[4.2480092, 0.0, 0.0, 0.0, 4.2480092, 0.0, 0.0, -0.0, 5.51937555]",4.0,0.0,local
2968,mp-1225676,slab,-17.64912043,171.454,True,"[4.0830463, 0.0, 0.0, 0.0, 4.0830463, 0.0, 0.0, 0.0, 6.02057306]",5.0,0.0,local
2969,mp-1225677,slab,-20.79373007,83.25,True,"[1.44224001, -2.49803297, -0.0, 1.44224001, 2.49803297, 0.0, -0.0, -0.0, 12.77013307]",6.0,6.666666666666668e-08,local
2970,mp-1225678,slab,-45.99905797,1098.751,True,"[2.03338304, -3.52192273, 0.0, 2.03338304, 3.52192273, -0.0, 0.0, 0.0, 19.13750643]",12.0,0.0,local
2971,mp-1225685,slab,-14.31688179,226.63,True,"[1.32899907, -2.30189392, 0.0, 1.32899907, 2.30189392, -0.0, -0.0, -0.0, 6.33559296]",3.0,0.2233729333333333,local
2972,mp-1225687,slab,-27.52891679,159.307,True,"[1.25753477, -2.17811411, -0.0, 1.25753477, 2.17811411, -0.0, -0.0, -0.0, 12.4060257]",6.0,1.6666666666666669e-06,local
2973,mp-1225694,slab,-39.56813705,1412.913,True,"[2.85506136, -0.0, 0.0, 0.0, 3.96064987, 0.0, -0.0, -0.0, 7.93101313]",8.0,0.3598224625,local
2974,mp-1225695,slab,-18.14586313,292.164,True,"[2.61225486, 0.0, 0.0, 0.0, 4.1742278, 0.0, 0.0, 0.0, 4.18674857]",4.0,2.625e-06,local
2975,mp-1225698,slab,-32.95647029,868.123,True,"[2.67038976, 0.0, 0.0, 0.0, 4.18611552, 0.0, 0.0, 0.0, 8.38036356]",8.0,6.25e-08,local
2976,mp-1225701,slab,-27.38501195,215.916,True,"[1.36726228, -2.36816774, -0.0, 1.36726228, 2.36816774, 0.0, -0.0, 0.0, 12.82084198]",6.0,0.0,local
2977,mp-1225704,slab,-32.54293731,144.956,True,"[1.3381144, -2.31768213, -0.0, 1.3381144, 2.31768213, 0.0, 0.0, 0.0, 12.80262932]",6.0,8.371666666666666e-05,local
2978,mp-1225722,slab,-81.67842923,2536.033,True,"[2.06542899, -3.57742796, 0.0, 2.06542899, 3.57742796, -0.0, -0.0, 0.0, 20.06425564]",21.0,0.0,local
2979,mp-1225733,slab,-30.65332309,3876.76,True,"[4.30798367, 0.0, 0.0, 0.0, 4.68905948, 0.0, 0.0, 0.0, 5.46905527]",8.0,0.0,local
2980,mp-1225742,slab,-49.86106857,544.237,True,"[1.46154768, -2.53147484, 0.0, 1.46154768, 2.53147484, -0.0, -0.0, 0.0, 34.26183643]",15.0,4.7333333333333334e-07,local
2981,mp-1225743,slab,-29.86265233,548.568,True,"[2.14373261, -3.7130538, 0.0, 2.14373261, 3.7130538, -0.0, -0.0, 0.0, 7.6174982]",8.0,0.0,local
2982,mp-1225745,slab,-15.14577586,198.772,True,"[1.37500316, -2.38157533, -0.0, 1.37500316, 2.38157533, -0.0, -0.0, 0.0, 8.26224068]",4.0,0.0,local
2983,mp-1225761,slab,-53.58102262,3193.438,True,"[1.35744048, -2.35115589, -0.0, 1.35744048, 2.35115589, 0.0, 0.0, -0.0, 31.84743568]",15.0,0.0,local
2984,mp-1225769,slab,-81.62975976,2354.063,True,"[2.06229792, -3.57200479, 0.0, 2.06229792, 3.57200479, -0.0, -0.0, -0.0, 19.87911614]",21.0,0.0,local
2985,mp-1225771,slab,-29.91500802,2269.677,True,"[2.9129655, 0.0, 0.0, 0.0, 2.9129655, 0.0, 0.0, 0.0, 14.46919357]",8.0,0.0,local
2986,mp-1225786,slab,-47.04075117,1818.53,True,"[4.13746407, -0.0, 0.0, 0.0, 5.71300066, 0.0, 0.0, -0.0, 12.25848326]",12.0,0.0,local
2987,mp-1225796,slab,-76.97915935,9028.043,True,"[1.89430452, -3.28103168, 0.0, 1.89430452, 3.28103168, -0.0, -0.0, 0.0, 28.77265838]",21.0,0.0,local
2988,mp-1225805,slab,-21.95641956,2885.32,True,"[3.98496225, 0.0, 0.0, 0.0, 4.16473985, 0.0, 0.0, 0.0, 6.41179379]",6.0,0.0,local
2989,mp-1225810,slab,-45.54548263,1193.954,True,"[4.28820581, 0.0, 0.0, 0.0, 5.95434664, 0.0, 0.0, 0.0, 12.61901861]",12.0,0.0,local
2990,mp-1225840,slab,-20.21233793,641.985,True,"[4.15865959, 0.0, 0.0, 0.0, 4.15865959, 0.0, 0.0, 0.0, 6.24132327]",6.0,0.0,local
2991,mp-1225845,slab,-20.85642508,1180.048,True,"[2.20398178, -3.81740843, -0.0, 2.20398178, 3.81740843, -0.0, -0.0, 0.0, 5.49283543]",5.0,0.0,local
2992,mp-1225994,slab,-14.3495535,218.069,True,"[1.81531432, -3.14421663, -0.0, 1.81531432, 3.14421663, 0.0, 0.0, 0.0, 5.4802175]",3.0,3.133333333333333e-06,local
2993,mp-1225995,slab,-19.32174494,94.977,True,"[1.33542551, -2.31302483, 0.0, 1.33542551, 2.31302483, -0.0, 0.0, 0.0, 4.14887709]",2.0,0.10395685,local
2994,mp-1225997,slab,-15.97868902,51.546,True,"[1.31951563, -2.28546811, 0.0, 1.31951563, 2.28546811, -0.0, 0.0, -0.0, 4.081614]",2.0,0.4901872,local
2995,mp-1225998,slab,-39.60508091,122.498,True,"[1.352793, -2.34310621, -0.0, 1.352793, 2.34310621, 0.0, -0.0, 0.0, 12.8901967]",6.0,1.09605445,local
2996,mp-1226000,slab,-18.02601821,46.765,True,"[1.33086941, -2.30513344, 0.0, 1.33086941, 2.30513344, -0.0, -0.0, 0.0, 4.11246441]",2.0,0.42851155,local
2997,mp-1226001,slab,-36.17022648,96.957,True,"[1.34186365, -2.32417601, 0.0, 1.34186365, 2.32417601, 0.0, -0.0, -0.0, 12.85665477]",6.0,1.1050296833333333,local
2998,mp-1226004,slab,-25.11795266,324.753,True,"[2.70301885, 0.0, 0.0, 0.0, 2.70301885, 0.0, 0.0, 0.0, 7.35760275]",4.0,0.831488925,local
2999,mp-1226005,slab,-29.80182524,615.154,True,"[0.0, 5.32233295, -0.00113973, 3.81293864, 0.0, 0.0, 0.0, -0.13250266, -6.26447421]",6.0,1e-07,local
3000,mp-1226006,slab,-110.60407273,330.239,True,"[1.90188239, -3.29415693, -0.0, 1.90188239, 3.29415693, 0.0, 0.0, 0.0, 18.64811179]",18.0,6.111111111111111e-08,local
3001,mp-1226007,slab,-15.83865048,63.813,True,"[1.33966987, -2.32037628, -0.0, 1.33966987, 2.32037628, -0.0, 0.0, -0.0, 4.18418875]",2.0,1.01203025,local
3002,mp-1226008,slab,-32.28936539,528.922,True,"[0.0, 4.83515542, -0.00225966, 3.54076541, 0.0, 0.0, 0.0, -0.12556488, -5.77552721]",6.0,0.0,local
3003,mp-1226009,slab,-22.91730836,96.997,True,"[1.8046189, -3.12569163, 0.0, 1.8046189, 3.12569163, -0.0, -0.0, -0.0, 5.01612989]",4.0,5e-08,local
3004,mp-1226011,slab,-49.29891642,914.899,True,"[0.0, 5.17747105, -1.518e-05, 3.27893568, 0.0, 0.0, 0.0, -0.0145189, -5.70772825]",8.0,0.0,local
3005,mp-1226013,slab,-20.26961856,67.261,True,"[1.83333377, -3.17542723, 0.0, 1.83333377, 3.17542723, -0.0, 0.0, 0.0, 5.1896681]",4.0,6.5e-07,local
3006,mp-1226015,slab,-35.1212782,139.563,True,"[1.99841701, -3.4613598, 0.0, 1.99841701, 3.4613598, -0.0, 0.0, 0.0, 5.09057363]",6.0,0.1154483499999999,local
3007,mp-1226016,slab,-116.03004492,5771.348,True,"[1.29083263, -2.2357877, 0.0, 1.29083263, 2.2357877, -0.0, 0.0, 0.0, 30.632259]",15.0,1.20233058,local
3008,mp-1226017,slab,-19.2898521,215.442,True,"[1.98634425, -3.44044917, 0.0, 1.98634425, 3.44044917, 0.0, 0.0, 0.0, 5.28698766]",4.0,0.0,local
3009,mp-1226018,slab,-32.84986734,351.16,True,"[0.0, 4.94363063, -0.00130165, 3.36264736, 0.0, 0.0, 0.0, -0.00586561, -5.85078035]",6.0,0.0,local
3010,mp-1226021,slab,-35.17866767,122.692,True,"[2.00925733, -3.48013579, -0.0, 2.00925733, 3.48013579, 0.0, 0.0, -0.0, 5.04316453]",6.0,1.6666666666666667e-08,local
3011,mp-1226024,slab,-110.18602847,2651.631,True,"[1.27914893, -2.21555094, -0.0, 1.27914893, 2.21555094, 0.0, 0.0, -0.0, 30.7234728]",15.0,1.229392713333333,local
3012,mp-1226026,slab,-41.91080249,326.683,True,"[1.31013408, -2.2692188, -0.0, 1.31013408, 2.2692188, 0.0, -0.0, 0.0, 12.49174044]",6.0,4.656666666666667e-05,local
3013,mp-1226027,slab,-47.43014214,150.133,True,"[1.33395898, -2.31048473, -0.0, 1.33395898, 2.31048473, 0.0, 0.0, -0.0, 12.60702895]",6.0,0.8927529333333334,local
3014,mp-1226032,slab,-28.49908022,112.07,True,"[2.11388514, -3.66135646, -0.0, 2.11388514, 3.66135646, 0.0, 0.0, 0.0, 5.07343031]",5.0,0.52715736,local
3015,mp-1226035,slab,-30.65915903,1176.191,True,"[0.0, 5.31192192, 0.00592209, 3.56410429, 0.0, 0.0, 0.0, -0.55388259, -6.05505241]",6.0,0.0,local
3016,mp-1226048,slab,-26.3698614,1150.251,True,"[0.0, 5.50794002, -0.0116903, 3.84512528, 0.0, 0.0, 0.0, -0.04507598, -6.67542529]",6.0,0.0,local
3017,mp-1226054,slab,-52.72163945,1548.692,True,"[0.0, 12.7705062, 0.14530167, 3.84827125, 0.0, 0.0, 0.0, -3.42105192, -5.73840728]",12.0,0.0,local
3018,mp-1226063,slab,-24.5264971,2132.818,True,"[2.66784152, -0.0, 0.0, 0.0, 4.04678845, 0.0, -0.0, 0.0, 4.09280622]",4.0,1.18814015,local
3019,mp-1226067,slab,-83.99960238,3831.311,True,"[0.0, 12.7206547, -0.06854396, 3.52138937, 0.0, 0.0, 0.0, -2.97275624, -5.47134127]",14.0,0.9616601785714286,local
3020,mp-1226076,slab,-37.46195322,352.655,True,"[1.23961424, -2.14707485, 0.0, 1.23961424, 2.14707485, -0.0, 0.0, -0.0, 12.25592853]",6.0,1.145293033333333,local
3021,mp-1226077,slab,-57.77321401,989.794,True,"[1.44318881, -2.49967635, 0.0, 1.44318881, 2.49967635, -0.0, -0.0, -0.0, 34.86284981]",15.0,0.3728089266666667,local
3022,mp-1226078,slab,-28.47222356,187.403,True,"[0.0, 5.51562109, 0.00611456, 3.85202613, 0.0, 0.0, 0.0, -0.37579005, -6.41683266]",6.0,2.65e-06,local
3023,mp-1226089,slab,-76.54531374,302.868,True,"[1.37451575, -2.38073111, 0.0, 1.37451575, 2.38073111, -0.0, -0.0, 0.0, 26.89621563]",12.0,0.7194182333333333,local
3024,mp-1226094,slab,-74.16541008,671.501,True,"[1.34828987, -2.33530656, 0.0, 1.34828987, 2.33530656, 0.0, -0.0, 0.0, 25.93803131]",12.0,0.7850971166666666,local
3025,mp-1226162,slab,-44.48121022,239.661,True,"[3.05687549, 0.0, 0.0, 0.0, 4.37175023, 0.0, -0.0, 0.0, 4.21464213]",4.0,1.25e-07,local
3026,mp-1226170,slab,-16.80589982,56.384,True,"[1.33053947, -2.30456197, 0.0, 1.33053947, 2.30456197, -0.0, -0.0, 0.0, 4.20086058]",2.0,4.5e-07,local
3027,mp-1226177,slab,-18.49212015,55.661,True,"[1.32913192, -2.30212402, 0.0, 1.32913192, 2.30212402, 0.0, -0.0, 0.0, 4.20667028]",2.0,8e-07,local
3028,mp-1226200,slab,-40.4721685,252.274,True,"[3.03877817, -0.0, 0.0, 0.0, 4.32849421, 0.0, 0.0, 0.0, 4.20905428]",4.0,3e-07,local
3029,mp-1226207,slab,-102.88092741,1065.088,True,"[1.37737713, -2.38568717, 0.0, 1.37737713, 2.38568717, -0.0, 0.0, -0.0, 33.94162948]",15.0,0.0829837933333333,local
3030,mp-1226209,slab,-30.0964035,151.828,True,"[1.23901899, -2.14604384, 0.0, 1.23901899, 2.14604384, -0.0, -0.0, -0.0, 7.9602407]",4.0,0.000129175,local
3031,mp-1226210,slab,-43.77895529,151.142,True,"[3.66089134, -0.0, 0.0, 0.0, 3.66089134, 0.0, -0.0, -0.0, 6.04295262]",6.0,1.3933773166666663,local
3032,mp-1226211,slab,-35.1610757,336.194,True,"[2.91039701, 0.0, 0.0, 0.0, 3.88356518, 0.0, -0.0, -0.0, 4.01103716]",4.0,0.93702765,local
3033,mp-1226212,slab,-23.47322262,581.089,True,"[2.01700635, -3.49355748, -0.0, 2.01700635, 3.49355748, 0.0, 0.0, 0.0, 5.43826474]",4.0,0.804594175,local
3034,mp-1226216,slab,-34.07590193,283.719,True,"[0.0, 5.94605924, 0.00325065, 3.23411622, 0.0, 0.0, 0.0, -0.01082972, -6.70240847]",6.0,0.4789738333333333,local
3035,mp-1226220,slab,-57.15090517,793.204,True,"[3.00167839, -0.0, 0.0, 0.0, 4.10601041, 0.0, -0.0, -0.0, 7.98366432]",8.0,1.046411675,local
3036,mp-1226223,slab,-74.18491636,714.304,True,"[2.86455527, -0.0, 0.0, 0.0, 4.23383746, 0.0, -0.0, -0.0, 8.11496812]",8.0,6.125e-07,local
3037,mp-1226229,slab,-18.65850295,57.773,True,"[1.34119359, -2.32301545, 0.0, 1.34119359, 2.32301545, 0.0, -0.0, -0.0, 4.22332932]",2.0,1.5e-07,local
3038,mp-1226230,slab,-169.47369467,5648.038,True,"[2.85324832, 0.0, 0.0, 0.0, 3.98007929, 0.0, 0.0, -0.0, 20.10319628]",20.0,1.712213055,local
3039,mp-1226232,slab,-44.08047239,237.669,True,"[1.24455117, -2.15562586, 0.0, 1.24455117, 2.15562586, -0.0, 0.0, -0.0, 12.52445928]",6.0,2.9333333333333333e-06,local
3040,mp-1226236,slab,-37.46747281,285.234,True,"[0.0, 5.43611718, 0.00027821, 2.90750035, 0.0, 0.0, 0.0, -0.00602534, -6.15895479]",6.0,0.3375386333333333,local
3041,mp-1226243,slab,-173.2055115,2942.624,True,"[2.8967318, -0.0, 0.0, 0.0, 3.9180854, 0.0, -0.0, -0.0, 20.03970403]",20.0,1.4965e-05,local
3042,mp-1226248,slab,-223.63842013,1169.003,True,"[3.34472533, -5.79323421, -0.0, 3.34472533, 5.79323421, 0.0, 0.0, 0.0, 8.18258841]",24.0,4.166666666666667e-09,local
3043,mp-1226249,slab,-58.09015032,1326.446,True,"[0.0, 4.56013601, 0.00647197, 4.45046637, 0.0, 0.0, 0.0, -0.01402198, -4.5604198]",8.0,0.1495667,local
3044,mp-1226252,slab,-51.60899646,853.01,True,"[2.02241253, -3.50292126, -0.0, 2.02241253, 3.50292126, 0.0, -0.0, -0.0, 12.60742355]",8.0,1.9618035125,local
3045,mp-1226254,slab,-61.03241692,584.124,True,"[3.40425511, -0.0, 0.0, 0.0, 5.8988846, 0.0, -0.0, -0.0, 6.32691032]",8.0,0.4705858,local
3046,mp-1226256,slab,-60.28902042,677.824,True,"[0.0, 4.54203115, -0.00250822, 4.50525132, 0.0, 0.0, 0.0, -0.06725016, -4.54093781]",8.0,0.3087339375,local
3047,mp-1226258,slab,-55.76576147,769.752,True,"[3.46684333, 0.0, 0.0, 0.0, 5.47149706, 0.0, -0.0, -0.0, 6.08034744]",8.0,0.767626025,local
3048,mp-1226271,slab,-50.39644739,802.172,True,"[2.00371083, -3.47052896, 0.0, 2.00371083, 3.47052896, -0.0, -0.0, 0.0, 10.42338019]",8.0,0.7640424,local
3049,mp-1226284,slab,-43.83661311,646.565,True,"[2.00487, -3.4725367, 0.0, 2.00487, 3.4725367, -0.0, 0.0, 0.0, 10.55976365]",8.0,0.3915273875,local
3050,mp-1226288,slab,-78.22846431,760.284,True,"[2.95154893, 0.0, 0.0, 0.0, 4.2023719, 0.0, -0.0, -0.0, 8.20248627]",8.0,0.0,local
3051,mp-1226290,slab,-54.48763196,3849.544,True,"[0.0, 5.35374229, -0.02116011, 3.47341398, 0.0, 0.0, 0.0, 0.01583409, -6.00963066]",8.0,0.500395775,local
3052,mp-1226302,slab,-56.86295194,9254.079,True,"[0.0, 5.62584551, 0.00088203, 3.37510029, 0.0, 0.0, 0.0, -0.01994623, -6.18067855]",8.0,0.831556925,local
3053,mp-1226316,slab,-109.04865478,261.372,True,"[1.35041001, -2.33897875, 0.0, 1.35041001, 2.33897875, -0.0, -0.0, -0.0, 26.37164139]",12.0,0.0002033833333333,local
3054,mp-1226320,slab,-26.22678797,57.299,True,"[1.97632527, -3.42309577, 0.0, 1.97632527, 3.42309577, -0.0, 0.0, 0.0, 6.31189194]",4.0,1.969671625,local
3055,mp-1226332,slab,-50.33631347,1189.171,True,"[2.01592748, -3.49168882, 0.0, 2.01592748, 3.49168882, -0.0, -0.0, 0.0, 11.29460005]",8.0,1.1512270375,local
3056,mp-1226338,slab,-77.12011999,732.568,True,"[1.24577373, -2.1577434, 0.0, 1.24577373, 2.1577434, -0.0, 0.0, -0.0, 24.56228888]",12.0,0.1913265499999999,local
3057,mp-1226340,slab,-27.81929285,49.43,True,"[1.90455247, -3.29878165, -0.0, 1.90455247, 3.29878165, -0.0, 0.0, 0.0, 5.86527732]",4.0,1.353824925,local
3058,mp-1226346,slab,-88.38527926,6012.705,True,"[0.0, 13.71781861, 0.05683739, 3.88856644, 0.0, 0.0, 0.0, -3.0031364, -5.97196073]",14.0,1.4295758428571428,local
3059,mp-1226361,slab,-55.520133,6091.666,True,"[3.76476291, 0.0, 0.0, 0.0, 5.82618735, 0.0, -0.0, 0.0, 6.59701387]",8.0,1.297021625,local
3060,mp-1226385,slab,-53.82044389,1369.041,True,"[0.0, 4.73351921, -0.00920899, 4.69392251, 0.0, 0.0, 0.0, 0.00204702, -4.73444301]",8.0,0.492886625,local
3061,mp-1226422,slab,-28.16554824,113.13,True,"[1.29599806, -2.24473449, -0.0, 1.29599806, 2.24473449, 0.0, 0.0, -0.0, 8.20158497]",4.0,1.428885475,local
3062,mp-1226436,slab,-27.11518217,113.284,True,"[1.31435829, -2.27653534, -0.0, 1.31435829, 2.27653534, 0.0, -0.0, 0.0, 8.2629912]",4.0,1.335237475,local
3063,mp-1226439,slab,-19.06463116,77.588,True,"[1.31456839, -2.27689925, -0.0, 1.31456839, 2.27689925, 0.0, -0.0, -0.0, 6.30127082]",3.0,1.2647931,local
3064,mp-1226441,slab,-23.55772551,43.313,True,"[1.85855745, -3.21911593, -0.0, 1.85855745, 3.21911593, 0.0, -0.0, 0.0, 5.12877238]",4.0,3.375e-06,local
3065,mp-1226445,slab,-30.64338065,116.071,True,"[1.9637262, -3.40127355, 0.0, 1.9637262, 3.40127355, 0.0, 0.0, 0.0, 4.86781488]",5.0,0.41584948,local
3066,mp-1226447,slab,-29.72574247,115.159,True,"[1.30874565, -2.26681395, -0.0, 1.30874565, 2.26681395, -0.0, -0.0, 0.0, 8.17390986]",4.0,1.35058445,local
3067,mp-1226449,slab,-51.08652057,1668.283,True,"[0.0, 4.53009427, -0.00379191, 4.53061951, 0.0, 0.0, 0.0, -0.05307802, -4.54238285]",8.0,0.0,local
3068,mp-1226450,slab,-78.8874688,489.494,True,"[1.30366393, -2.25801216, 0.0, 1.30366393, 2.25801216, -0.0, 0.0, 0.0, 24.66116743]",12.0,0.1225508166666666,local
3069,mp-1226512,slab,-67.87484406,4110.217,True,"[0.0, 12.03272022, -0.00460982, 3.6326259, 0.0, 0.0, 0.0, -3.10081849, -5.35833734]",14.0,0.0,local
3070,mp-1226514,slab,-14.82684909,86.179,True,"[2.0753355, -3.59458652, -0.0, 2.0753355, 3.59458652, 0.0, -0.0, -0.0, 6.8526551]",4.0,0.0,local
3071,mp-1226559,slab,-26.57514778,206.653,True,"[1.24689511, -2.15968568, 0.0, 1.24689511, 2.15968568, -0.0, 0.0, 0.0, 8.06671356]",4.0,1.405468125,local
3072,mp-1226705,slab,-11.85365971,47.459,True,"[4.49883896, 0.0, 0.0, 0.0, 4.49883896, 0.0, -0.0, -0.0, 6.34372995]",4.0,5e-08,local
3073,mp-1226716,slab,-7.03203543,318.17,True,"[3.4437664, 0.0, 0.0, 0.0, 4.82611759, 0.0, 0.0, -0.0, 4.7272497]",4.0,3.35e-06,local
3074,mp-1226718,slab,-4.18898181,58.82,True,"[1.56269505, -2.70666723, -0.0, 1.56269505, 2.70666723, -0.0, -0.0, -0.0, 4.64505308]",2.0,2.8e-06,local
3075,mp-1226720,slab,-33.58004436,144.103,True,"[6.63250544, 0.0, 0.0, 0.0, 6.63250544, 0.0, 0.0, 0.0, 6.63250544]",12.0,3.75e-07,local
3076,mp-1226724,slab,-4.6566646,352.556,True,"[3.08076735, 0.0, 0.0, 0.0, 3.19482666, 0.0, -0.0, -0.0, 5.58510203]",2.0,6.5e-07,local
3077,mp-1226725,slab,-14.37923495,67.752,True,"[4.35212969, 0.0, 0.0, 0.0, 4.35212969, 0.0, 0.0, 0.0, 6.23451704]",4.0,2e-07,local
3078,mp-1226726,slab,-10.62972537,142.635,True,"[1.5294145, -2.64902362, 0.0, 1.5294145, 2.64902362, -0.0, 0.0, 0.0, 14.48940617]",6.0,1.6666666666666667e-08,local
3079,mp-1226728,slab,-7.08898536,440.712,True,"[3.09517759, 0.0, 0.0, 0.0, 5.30268058, 0.0, 0.0, 0.0, 4.78531097]",4.0,1.975e-06,local
3080,mp-1226736,slab,-26.79473811,341.502,True,"[1.50548377, -2.60757439, 0.0, 1.50548377, 2.60757439, -0.0, 0.0, 0.0, 28.67026016]",12.0,1.25e-07,local
3081,mp-1226738,slab,-50.68596367,545.414,True,"[1.44733649, -2.50686033, -0.0, 1.44733649, 2.50686033, 0.0, -0.0, 0.0, 27.12225941]",12.0,1.225e-06,local
3082,mp-1226740,slab,-36.07973448,2528.015,True,"[2.22456897, -3.85306649, -0.0, 2.22456897, 3.85306649, 0.0, -0.0, 0.0, 21.5085528]",12.0,0.0,local
3083,mp-1226746,slab,-57.9276605,270.561,True,"[1.4320476, -2.48037921, -0.0, 1.4320476, 2.48037921, -0.0, 0.0, 0.0, 27.82201068]",12.0,4.016666666666667e-06,local
3084,mp-1226747,slab,-41.71371062,686.322,True,"[2.00160607, -3.46688341, -0.0, 2.00160607, 3.46688341, 0.0, 0.0, 0.0, 20.35521061]",12.0,1.6666666666666667e-08,local
3085,mp-1226768,slab,-21.24491551,638.225,True,"[4.46785263, 0.0, 0.0, 0.0, 6.29484122, 0.0, 0.0, 0.0, 8.93776029]",8.0,0.0,local
3086,mp-1226783,slab,-19.87808551,199.664,True,"[4.61364016, 0.0, 0.0, 0.0, 6.496536, 0.0, 0.0, 0.0, 9.2406373]",8.0,0.0,local
3087,mp-1226791,slab,-37.7968835,311.676,True,"[4.20216348, -0.0, 0.0, 0.0, 4.20216348, 0.0, 0.0, 0.0, 11.59800361]",10.0,1e-08,local
3088,mp-1226811,slab,-59.5233418,2637.916,True,"[2.30571872, -3.99362196, 0.0, 2.30571872, 3.99362196, -0.0, -0.0, 0.0, 45.19338978]",24.0,1.6666666666666667e-08,local
3089,mp-1226877,slab,-89.27639112,8863.799,True,"[2.15744142, -3.73679816, -0.0, 2.15744142, 3.73679816, 0.0, -0.0, -0.0, 42.18206041]",24.0,0.0,local
3090,mp-1226917,slab,-27.92952998,463.17,True,"[2.14755266, -3.71967032, 0.0, 2.14755266, 3.71967032, -0.0, 0.0, -0.0, 14.06373636]",8.0,0.501461625,local
3091,mp-1226933,slab,-5.04787621,168.913,True,"[1.5858371, -2.74675043, -0.0, 1.5858371, 2.74675043, 0.0, 0.0, 0.0, 9.6537821]",4.0,2.5e-08,local
3092,mp-1226939,slab,-10.23314305,173.501,True,"[2.26902668, -3.93006949, -0.0, 2.26902668, 3.93006949, 0.0, 0.0, -0.0, 7.41968815]",4.0,0.0,local
3093,mp-1226940,slab,-30.72800805,374.562,True,"[2.26994967, -3.93166817, 0.0, 2.26994967, 3.93166817, -0.0, -0.0, 0.0, 22.22605211]",12.0,0.0,local
3094,mp-1226952,slab,-10.25861992,145.02,True,"[4.5507946, 0.0, 0.0, 0.0, 4.5507946, 0.0, -0.0, 0.0, 6.39271417]",4.0,0.0,local
3095,mp-1226953,slab,-11.00021365,422.066,True,"[3.06717394, 0.0, 0.0, 0.0, 5.69489144, 0.0, 0.0, 0.0, 9.96573797]",8.0,0.0,local
3096,mp-1227003,slab,-9.7113902,45.572,True,"[2.07971119, -3.60216544, -0.0, 2.07971119, 3.60216544, 0.0, -0.0, 0.0, 4.36241896]",3.0,1.3333333333333336e-07,local
3097,mp-1227017,slab,-19.50421129,802.873,True,"[4.16635945, 0.0, 0.0, 0.0, 4.57173205, 0.0, -0.0, 0.0, 11.45606033]",8.0,0.0,local
3098,mp-1227020,slab,-26.77847063,2182.38,True,"[0.0, 10.72395335, -0.05151705, 4.64987098, 0.0, 0.0, 0.0, -5.02400862, -5.41810933]",12.0,0.0,local
3099,mp-1227046,slab,-12.52958133,39.951,True,"[2.18155219, -3.77855923, -0.0, 2.18155219, 3.77855923, -0.0, 0.0, 0.0, 3.96497375]",3.0,1.4333333333333335e-06,local
3100,mp-1227053,slab,-67.67963241,341.769,True,"[2.02483739, -3.50712123, -0.0, 2.02483739, 3.50712123, 0.0, 0.0, -0.0, 19.62510205]",12.0,1.250142766666667,local
3101,mp-1227072,slab,-39.96057149,1080.671,True,"[4.27601271, 0.0, 0.0, 0.0, 4.27601271, 0.0, 0.0, 0.0, 10.95262264]",10.0,0.0,local
3102,mp-1227075,slab,-16.15612196,84.276,True,"[3.95331487, 0.0, 0.0, 0.0, 5.866476, 0.0, 0.0, 0.0, 6.17620716]",4.0,0.000246675,local
3103,mp-1227083,slab,-32.55252553,239.696,True,"[2.12156359, -3.67465592, -0.0, 2.12156359, 3.67465592, 0.0, -0.0, 0.0, 10.48221569]",6.0,1.6417203166666667,local
3104,mp-1227096,slab,-38.42561092,2546.044,True,"[0.0, 10.2171564, -0.07876044, 4.46458678, 0.0, 0.0, 0.0, -4.94197712, -5.27813651]",12.0,8.333333333333334e-09,local
3105,mp-1227112,slab,-67.96265999,910.613,True,"[8.73665265, 0.0, 0.0, 0.0, 12.32689064, 0.0, 0.0, 0.0, 4.34652061]",16.0,0.0,local
3106,mp-1227206,slab,-17.63215501,110.523,True,"[4.31571206, 0.0, 0.0, 0.0, 4.31571206, 0.0, 0.0, 0.0, 6.11978337]",4.0,0.0,local
3107,mp-1227245,slab,-11.53375529,128.587,True,"[2.16331034, -3.74696342, 0.0, 2.16331034, 3.74696342, 0.0, -0.0, -0.0, 3.75090666]",3.0,0.0,local
3108,mp-1227246,slab,-12.21720507,43.112,True,"[2.06386475, -3.57471861, -0.0, 2.06386475, 3.57471861, -0.0, -0.0, 0.0, 4.09189957]",3.0,1.3333333333333336e-07,local
3109,mp-1227265,slab,-33.20683109,2036.318,True,"[3.96666852, 0.0, 0.0, 0.0, 10.89085914, 0.0, 0.0, 0.0, 4.52428928]",8.0,0.0,local
3110,mp-1227272,slab,-113.7892982,235.407,True,"[5.99603086, 0.0, 0.0, 0.0, 5.99603086, 0.0, 0.0, 0.0, 5.99603086]",24.0,0.1285912875,local
3111,mp-1227275,slab,-91.78477516,192.362,True,"[6.13665725, 0.0, 0.0, 0.0, 6.13665725, 0.0, 0.0, 0.0, 6.13665725]",24.0,5.833333333333333e-08,local
3112,mp-1227276,slab,-115.60762858,218.164,True,"[6.17299999, 0.0, 0.0, 0.0, 6.17299999, 0.0, 0.0, 0.0, 6.17299999]",24.0,0.500952725,local
3113,mp-1227277,slab,-83.2187659,59.937,True,"[5.32652168, 0.0, 0.0, 0.0, 5.32652168, 0.0, 0.0, -0.0, 5.32652168]",16.0,7.875e-07,local
3114,mp-1227279,slab,-103.949906,225.018,True,"[6.02883979, 0.0, 0.0, 0.0, 6.02883979, 0.0, 0.0, 0.0, 6.02883979]",24.0,5.833333333333333e-08,local
3115,mp-1227281,slab,-94.0600579,183.047,True,"[6.11859328, 0.0, 0.0, 0.0, 6.11859328, 0.0, -0.0, -0.0, 6.11859328]",24.0,2.75e-07,local
3116,mp-1227282,slab,-106.44794288,192.733,True,"[5.97077116, 0.0, 0.0, 0.0, 5.97077116, 0.0, 0.0, 0.0, 5.97077116]",24.0,1.5e-07,local
3117,mp-1227285,slab,-81.73723195,218.963,True,"[6.58300531, 0.0, 0.0, 0.0, 6.58300531, 0.0, 0.0, 0.0, 6.58300531]",16.0,4.375e-08,local
3118,mp-1227289,slab,-108.24226584,133.533,True,"[6.046936, 0.0, 0.0, 0.0, 6.046936, 0.0, 0.0, 0.0, 6.046936]",24.0,5.279166666666666e-06,local
3119,mp-1227294,slab,-25.30573171,103.838,True,"[2.70373648, -0.0, 0.0, 0.0, 2.70373648, 0.0, -0.0, -0.0, 5.26319704]",4.0,1e-07,local
3120,mp-1227295,slab,-100.59216208,284.464,True,"[6.13334506, 0.0, 0.0, 0.0, 6.13334506, 0.0, 0.0, 0.0, 6.13334506]",24.0,8.333333333333334e-08,local
3121,mp-1227296,slab,-21.55034287,78.834,True,"[2.1597382, -3.74077629, 0.0, 2.1597382, 3.74077629, -0.0, -0.0, -0.0, 5.57567379]",4.0,7.5e-08,local
3122,mp-1227297,slab,-112.98559016,261.108,True,"[5.98434637, 0.0, 0.0, 0.0, 5.98434637, 0.0, 0.0, 0.0, 5.98434637]",24.0,1.2083333333333338e-07,local
3123,mp-1227298,slab,-19.92192324,62.541,True,"[2.11200568, -3.65810114, 0.0, 2.11200568, 3.65810114, 0.0, 0.0, 0.0, 5.71936369]",4.0,0.0,local
3124,mp-1227299,slab,-23.15616832,173.887,True,"[2.79569561, -0.0, 0.0, 0.0, 2.79569561, 0.0, -0.0, 0.0, 5.33125317]",4.0,0.0,local
3125,mp-1227312,slab,-21.89975379,275.595,True,"[2.78143392, -0.0, 0.0, 0.0, 2.78143392, 0.0, 0.0, -0.0, 5.23395703]",4.0,2.5e-08,local
3126,mp-1227313,slab,-40.81723406,279.548,True,"[4.13270157, 0.0, 0.0, 0.0, 4.13270157, 0.0, 0.0, 0.0, 8.22843924]",8.0,0.0,local
3127,mp-1227320,slab,-21.91876257,2322.214,True,"[4.16648777, -0.0, 0.0, 0.0, 11.32801459, 0.0, -0.0, -0.0, 4.59016907]",8.0,1.25e-08,local
3128,mp-1227322,slab,-20.28296198,105.832,True,"[2.18828894, -3.79022763, 0.0, 2.18828894, 3.79022763, -0.0, 0.0, -0.0, 5.6459945]",4.0,0.0,local
3129,mp-1227345,slab,-26.92135979,859.437,True,"[5.0235654, 0.0, 0.0, 0.0, 5.0235654, 0.0, -0.0, -0.0, 12.59237432]",10.0,6e-08,local
3130,mp-1227346,slab,-22.43556047,624.524,True,"[4.20805724, 0.0, 0.0, 0.0, 11.02176665, 0.0, 0.0, 0.0, 4.46030828]",8.0,0.0,local
3131,mp-1227349,slab,-25.03706679,1581.651,True,"[4.87451797, 0.0, 0.0, 0.0, 4.87451797, 0.0, 0.0, 0.0, 11.99184283]",10.0,0.0,local
3132,mp-1227350,slab,-42.03326092,2329.619,True,"[0.0, 10.75487909, -0.00430701, 4.55650024, 0.0, 0.0, 0.0, -4.96083782, -5.44371998]",12.0,0.0,local
3133,mp-1227355,slab,-14.39285737,587.949,True,"[3.21640672, -0.0, 0.0, 0.0, 3.21640672, 0.0, -0.0, -0.0, 12.29598512]",4.0,0.0,local
3134,mp-1227356,slab,-58.96272137,488.599,True,"[2.13401645, -3.69622492, 0.0, 2.13401645, 3.69622492, -0.0, -0.0, -0.0, 30.938485]",15.0,0.0,local
3135,mp-1227380,slab,-37.81646007,311.239,True,"[0.0, 7.54630681, -0.00341196, 4.4135095, 0.0, 0.0, 0.0, -2.38163022, -7.36820335]",7.0,0.0,local
3136,mp-1227388,slab,-39.1963735,249.784,True,"[2.13074919, -3.69056585, 0.0, 2.13074919, 3.69056585, 0.0, 0.0, -0.0, 11.09635333]",8.0,0.0,local
3137,mp-1227397,slab,-20.6380039,98.858,True,"[2.20453567, -3.81836778, -0.0, 2.20453567, 3.81836778, 0.0, 0.0, 0.0, 5.55256471]",4.0,1.225e-06,local
3138,mp-1227409,slab,-124.8138095,8068.031,True,"[2.28716474, -3.96148553, 0.0, 2.28716474, 3.96148553, 0.0, -0.0, -0.0, 22.23996976]",24.0,0.0,local
3139,mp-1227421,slab,-119.79519638,1916.143,True,"[2.29750028, -3.97938722, 0.0, 2.29750028, 3.97938722, -0.0, -0.0, -0.0, 22.28996433]",24.0,8.333333333333334e-09,local
3140,mp-1227443,slab,-47.73643273,6034.593,True,"[5.52196039, 0.0, 0.0, 0.0, 19.35397217, 0.0, -0.0, 0.0, 4.79451142]",16.0,0.0,local
3141,mp-1227470,slab,-28.03340708,137.094,True,"[1.99277114, -3.45158086, 0.0, 1.99277114, 3.45158086, -0.0, 0.0, 0.0, 8.82044747]",6.0,2.833333333333334e-07,local
3142,mp-1227493,slab,-28.74681905,2852.135,True,"[0.0, 5.70760279, 0.01463936, 4.13338529, 0.0, 0.0, 0.0, -0.07991463, -6.97289902]",6.0,0.0,local
3143,mp-1227549,slab,-57.41967326,1382.413,True,"[3.02447654, 0.0, 0.0, 0.0, 3.80102024, 0.0, -0.0, 0.0, 7.32002992]",8.0,1.616558,local
3144,mp-1227562,slab,-16.91594631,1817.276,True,"[3.80412486, 0.0, 0.0, 0.0, 3.80412486, 0.0, -0.0, -0.0, 15.1372946]",8.0,0.0,local
3145,mp-1227630,slab,-8.44268674,94.857,True,"[3.91549201, 0.0, 0.0, 0.0, 3.91549201, 0.0, -0.0, 0.0, 7.63090391]",4.0,3.75e-07,local
3146,mp-1227658,slab,-20.13910551,933.934,True,"[0.0, 6.51064763, -0.01301448, 4.85631205, 0.0, 0.0, 0.0, -0.12179359, -8.47467889]",8.0,5e-08,local
3147,mp-1227660,slab,-33.14171865,3186.525,True,"[0.0, 10.66767645, -0.01547726, 4.51596634, 0.0, 0.0, 0.0, -5.09608862, -5.34282683]",12.0,0.0,local
3148,mp-1227661,slab,-24.62385585,1803.658,True,"[0.0, 10.65143881, -0.01319767, 4.51153113, 0.0, 0.0, 0.0, -5.05829716, -5.33843724]",12.0,0.0,local
3149,mp-1227685,slab,-23.49156278,1967.88,True,"[0.0, 10.65358437, -0.14413824, 4.58034292, 0.0, 0.0, 0.0, -5.12912454, -5.34320216]",12.0,0.0,local
3150,mp-1227717,slab,-34.94620169,5583.106,True,"[0.0, 11.19960765, -0.02783088, 4.79420387, 0.0, 0.0, 0.0, -4.99053966, -5.66266201]",12.0,0.0,local
3151,mp-1227729,slab,-12.30570389,55.536,True,"[2.17626772, -3.76940627, -0.0, 2.17626772, 3.76940627, -0.0, -0.0, 0.0, 5.06927502]",3.0,1.3333333333333336e-07,local
3152,mp-1227810,slab,-36.54449373,244.795,True,"[4.26034669, 0.0, 0.0, 0.0, 6.04708749, 0.0, 0.0, 0.0, 8.56106672]",8.0,1.25e-08,local
3153,mp-1227958,slab,-37.34763667,268.441,True,"[4.84657788, 0.0, 0.0, 0.0, 4.84657788, 0.0, 0.0, 0.0, 10.31274034]",10.0,1e-08,local
3154,mp-1227962,slab,-17.20949685,619.779,True,"[4.85226548, 0.0, 0.0, 0.0, 4.85226548, 0.0, 0.0, 0.0, 11.83163336]",10.0,1e-08,local
3155,mp-1227964,slab,-11.208279,74.441,True,"[2.13917113, -3.70515308, -0.0, 2.13917113, 3.70515308, -0.0, 0.0, 0.0, 5.04864424]",3.0,6.666666666666668e-08,local
3156,mp-1227971,slab,-32.41851512,1042.172,True,"[0.0, 12.19462273, -0.00456923, 5.28481965, 0.0, 0.0, 0.0, -5.98736812, -6.12132147]",12.0,2.25e-07,local
3157,mp-1227995,slab,-36.88938196,622.052,True,"[4.86581325, 0.0, 0.0, 0.0, 4.86581325, 0.0, 0.0, 0.0, 11.76556841]",10.0,0.0,local
3158,mp-1227997,slab,-47.67149809,103.313,True,"[3.23238275, 0.0, 0.0, 0.0, 3.23238275, 0.0, 0.0, 0.0, 8.09349571]",6.0,0.0,local
3159,mp-1228001,slab,-26.36463324,176.165,True,"[3.55238667, 0.0, 0.0, 0.0, 3.95099376, 0.0, 0.0, 0.0, 4.05889951]",4.0,5e-08,local
3160,mp-1228006,slab,-88.6392464,689.674,True,"[3.17839021, 0.0, 0.0, 0.0, 4.18163993, 0.0, 0.0, 0.0, 12.66910479]",12.0,3.3333333333333334e-08,local
3161,mp-1228017,slab,-99.87648682,2631.696,True,"[7.8099094, -0.0, 0.0, 0.0, 7.83255503, 0.0, -0.0, -0.0, 3.91418204]",16.0,0.0,local
3162,mp-1228028,slab,-20.5186215,1685.147,True,"[0.0, 6.66808833, 0.0010547, 4.96246886, 0.0, 0.0, 0.0, -0.11912031, -8.68213478]",8.0,0.0,local
3163,mp-1228032,slab,-77.04815493,70.477,True,"[4.93854251, 0.0, 0.0, 0.0, 4.93854251, 0.0, -0.0, 0.0, 4.93854251]",8.0,1.75e-07,local
3164,mp-1228041,slab,-45.56047214,443.554,True,"[3.5389115, 0.0, 0.0, 0.0, 3.5389115, 0.0, 0.0, 0.0, 7.06359651]",8.0,0.094500725,local
3165,mp-1228043,slab,-44.84622492,1925.877,True,"[0.0, 4.52963363, 0.00175704, 4.58419478, 0.0, 0.0, 0.0, -0.14487387, -4.56143579]",8.0,0.0,local
3166,mp-1228117,slab,-82.18536382,656.367,True,"[2.13011159, -3.68946149, 0.0, 2.13011159, 3.68946149, -0.0, -0.0, -0.0, 20.451653]",18.0,0.0,local
3167,mp-1228125,slab,-30.36185535,3522.131,True,"[0.0, 12.43915598, -0.06192826, 5.36407152, 0.0, 0.0, 0.0, -6.0109285, -6.21877369]",12.0,1.5833333333333333e-07,local
3168,mp-1228126,slab,-49.43738881,174.886,True,"[3.78629052, 0.0, 0.0, 0.0, 3.78629052, 0.0, 0.0, 0.0, 8.25605585]",8.0,0.0,local
3169,mp-1228135,slab,-46.45775353,98.587,True,"[3.77969464, 0.0, 0.0, 0.0, 3.77969464, 0.0, 0.0, 0.0, 8.28610219]",8.0,1.25e-08,local
3170,mp-1228186,slab,-43.2644869,2619.958,True,"[2.92892979, -0.0, 0.0, 0.0, 2.92892979, 0.0, 0.0, -0.0, 11.9227076]",8.0,0.0,local
3171,mp-1228329,slab,-32.02370997,862.923,True,"[4.48716167, 0.0, 0.0, 0.0, 12.05019122, 0.0, -0.0, 0.0, 4.81450511]",8.0,0.0,local
3172,mp-1228346,slab,-25.96186892,86.398,True,"[2.14697166, -3.718664, -0.0, 2.14697166, 3.718664, -0.0, 0.0, 0.0, 10.14460689]",6.0,0.0,local
3173,mp-1228426,slab,-22.2296148,133.783,True,"[2.99683872, -0.0, 0.0, 0.0, 2.99683872, 0.0, 0.0, 0.0, 5.9750146]",4.0,0.0,local
3174,mp-1228454,slab,-28.09622424,444.085,True,"[0.0, 6.50621826, 0.00122334, 3.87380228, 0.0, 0.0, 0.0, -0.04160416, -6.95754613]",7.0,2.8571428571428572e-08,local
3175,mp-1228473,slab,-128.40000583,454.782,True,"[3.49701309, -6.05700435, 0.0, 3.49701309, 6.05700435, -0.0, -0.0, 0.0, 8.47629866]",24.0,0.0,local
3176,mp-1228509,slab,-35.80428589,4046.554,True,"[0.0, 12.00798243, 0.03675907, 5.13112474, 0.0, 0.0, 0.0, -5.66497001, -6.24519889]",12.0,5e-08,local
3177,mp-1228646,slab,-39.74117684,565.646,True,"[4.70815795, 0.0, 0.0, 0.0, 4.70815795, 0.0, 0.0, 0.0, 10.66464866]",10.0,2e-08,local
3178,mp-1228756,slab,-123.60778019,5233.032,True,"[2.27459687, -3.93971734, 0.0, 2.27459687, 3.93971734, -0.0, -0.0, 0.0, 22.07833844]",24.0,0.0,local
3179,mp-1228793,slab,-52.54600359,880.246,True,"[3.18029372, 0.0, 0.0, 0.0, 3.18029372, 0.0, 0.0, 0.0, 15.41754084]",10.0,0.0,local
3180,mp-1228803,slab,-59.85288744,146.478,True,"[5.65164557, 0.0, 0.0, 0.0, 5.65164557, 0.0, -0.0, -0.0, 5.65164557]",12.0,1.25e-07,local
3181,mp-1228807,slab,-61.85078636,216.916,True,"[4.79501877, 0.0, 0.0, 0.0, 4.79501877, 0.0, 0.0, -0.0, 4.79501877]",8.0,0.1949726125,local
3182,mp-1228809,slab,-45.9999383,72.444,True,"[3.19424334, -0.0, 0.0, 0.0, 3.19424334, 0.0, 0.0, 0.0, 8.07833274]",6.0,0.0,local
3183,mp-1228813,slab,-62.19446942,560.495,True,"[3.08487614, 0.0, 0.0, 0.0, 4.26906702, 0.0, -0.0, -0.0, 8.4543689]",8.0,1e-07,local
3184,mp-1228815,slab,-33.55900981,97.882,True,"[3.09830597, 0.0, 0.0, 0.0, 3.09830597, 0.0, 0.0, 0.0, 5.9855727]",4.0,2.5e-08,local
3185,mp-1228816,slab,-30.7660433,257.731,True,"[2.86010847, 0.0, 0.0, 0.0, 2.86010847, 0.0, -0.0, 0.0, 5.7006517]",4.0,0.0,local
3186,mp-1228817,slab,-42.77527936,114.879,True,"[3.26397416, 0.0, 0.0, 0.0, 3.26397416, 0.0, 0.0, 0.0, 8.19097512]",6.0,0.0,local
3187,mp-1228822,slab,-62.27140707,195.051,True,"[4.88970259, 0.0, 0.0, 0.0, 4.88970259, 0.0, 0.0, 0.0, 4.88970259]",8.0,0.2035087125,local
3188,mp-1228827,slab,-61.0245674,637.806,True,"[3.13977375, -0.0, 0.0, 0.0, 4.14880266, 0.0, 0.0, -0.0, 8.06078981]",8.0,0.3868457375,local
3189,mp-1228829,slab,-64.07858939,118.965,True,"[4.78689596, 0.0, 0.0, 0.0, 4.78689596, 0.0, 0.0, 0.0, 4.78689596]",8.0,0.068642725,local
3190,mp-1228831,slab,-63.13885424,87.729,True,"[4.8794228, 0.0, 0.0, 0.0, 4.8794228, 0.0, -0.0, 0.0, 4.8794228]",8.0,0.0001348,local
3191,mp-1228832,slab,-43.97226345,276.427,True,"[3.57376825, 0.0, 0.0, 0.0, 3.57376825, 0.0, 0.0, 0.0, 7.14897459]",8.0,0.1075127,local
3192,mp-1228838,slab,-50.45992058,76.017,True,"[7.06456152, 0.0, 0.0, 0.0, 7.06456152, 0.0, 0.0, -0.0, 5.31415235]",12.0,1.25e-07,local
3193,mp-1228840,slab,-25.20951766,422.41,True,"[2.66880469, -0.0, 0.0, 0.0, 2.66880469, 0.0, 0.0, -0.0, 6.77070065]",4.0,0.0,local
3194,mp-1228845,slab,-42.26455274,1800.266,True,"[1.82547276, -3.16181156, -0.0, 1.82547276, 3.16181156, -0.0, -0.0, -0.0, 9.94783227]",8.0,0.0,local
3195,mp-1228849,slab,-20.78936569,50.668,True,"[1.82775247, -3.16576014, 0.0, 1.82775247, 3.16576014, -0.0, -0.0, 0.0, 4.91401621]",4.0,5.875e-06,local
3196,mp-1228861,slab,-43.28717648,651.32,True,"[3.61595038, 0.0, 0.0, 0.0, 3.61595038, 0.0, 0.0, 0.0, 7.16663227]",8.0,0.2969669625,local
3197,mp-1228868,slab,-10.5403871,100.729,True,"[2.88383666, 0.0, 0.0, 0.0, 2.88383666, 0.0, 0.0, -0.0, 2.90851796]",2.0,2.375e-05,local
3198,mp-1228893,slab,-22.45327872,149.279,True,"[2.87455881, -0.0, 0.0, 0.0, 2.87455881, 0.0, 0.0, 0.0, 5.7054885]",4.0,2.5e-08,local
3199,mp-1228901,slab,-6.55879363,39.812,True,"[1.48205954, -2.56700242, -0.0, 1.48205954, 2.56700242, 0.0, 0.0, 0.0, 4.44231504]",2.0,7.5e-07,local
3200,mp-1228905,slab,-24.63610492,111.442,True,"[2.8586364, 0.0, 0.0, 0.0, 2.8586364, 0.0, 0.0, 0.0, 5.73521722]",4.0,0.147413275,local
3201,mp-1228906,slab,-30.38937203,253.911,True,"[2.81063562, -0.0, 0.0, 0.0, 2.81063562, 0.0, -0.0, -0.0, 5.73760054]",4.0,0.2386005,local
3202,mp-1228908,slab,-26.2166596,120.606,True,"[2.93903679, -0.0, 0.0, 0.0, 2.93903679, 0.0, 0.0, 0.0, 5.85654884]",4.0,0.0,local
3203,mp-1228909,slab,-132.07408236,935.911,True,"[3.48179125, -6.03063935, 0.0, 3.48179125, 6.03063935, -0.0, 0.0, 0.0, 8.32921082]",24.0,0.0,local
3204,mp-1228910,slab,-23.29941493,76.8,True,"[2.90168556, 0.0, 0.0, 0.0, 2.90168556, 0.0, 0.0, 0.0, 5.66240871]",4.0,3e-07,local
3205,mp-1228912,slab,-20.3013336,123.419,True,"[3.10727573, -0.0, 0.0, 0.0, 3.10727573, 0.0, 0.0, 0.0, 5.79434712]",4.0,0.0,local
3206,mp-1228913,slab,-22.47234611,119.6,True,"[2.88925064, -0.0, 0.0, 0.0, 2.88925064, 0.0, 0.0, 0.0, 5.70798919]",4.0,0.133696125,local
3207,mp-1228918,slab,-42.31600323,313.888,True,"[3.57516311, 0.0, 0.0, 0.0, 3.57516311, 0.0, 0.0, 0.0, 7.15073477]",8.0,0.0008766625,local
3208,mp-1228919,slab,-57.5891054,221.459,True,"[3.04260501, 0.0, 0.0, 0.0, 4.07633805, 0.0, -0.0, -0.0, 7.78903639]",8.0,1.6293713125,local
3209,mp-1228921,slab,-32.73729627,553.995,True,"[2.9748961, -0.0, 0.0, 0.0, 2.9748961, 0.0, -0.0, 0.0, 8.81751685]",6.0,0.0,local
3210,mp-1228922,slab,-68.00757108,151.865,True,"[4.55133163, 0.0, 0.0, 0.0, 4.55133163, 0.0, 0.0, 0.0, 4.55133163]",8.0,1.625e-07,local
3211,mp-1228923,slab,-90.90325514,565.633,True,"[2.90735077, 0.0, 0.0, 0.0, 4.27419537, 0.0, 0.0, -0.0, 12.1942205]",12.0,0.0,local
3212,mp-1228927,slab,-23.74071302,1103.319,True,"[3.33435731, 0.0, 0.0, 0.0, 4.65165272, 0.0, 0.0, -0.0, 8.98384462]",8.0,1.25e-08,local
3213,mp-1228937,slab,-59.53758927,726.8,True,"[2.99322503, -0.0, 0.0, 0.0, 4.07869401, 0.0, -0.0, -0.0, 7.93649101]",8.0,0.9792812625,local
3214,mp-1228938,slab,-41.79970361,295.632,True,"[3.55425246, -0.0, 0.0, 0.0, 3.55425246, 0.0, 0.0, 0.0, 7.11253855]",8.0,0.275027075,local
3215,mp-1228945,slab,-143.92650559,3020.326,True,"[4.76693762, 0.0, 0.0, 0.0, 8.20597949, 0.0, -0.0, -0.0, 8.6085422]",24.0,0.3273091958333333,local
3216,mp-1228947,slab,-44.28064596,681.622,True,"[1.47234274, -2.55017243, 0.0, 1.47234274, 2.55017243, 0.0, -0.0, 0.0, 34.78502023]",15.0,3e-07,local
3217,mp-1228952,slab,-148.00161442,1531.786,True,"[2.98573142, 0.0, 0.0, 0.0, 4.08413672, 0.0, 0.0, 0.0, 19.65144205]",20.0,1.778081675,local
3218,mp-1228956,slab,-34.70065256,1603.335,True,"[0.0, 4.84999112, -0.01546193, 3.38700274, 0.0, 0.0, 0.0, -0.93259852, -10.81243406]",10.0,1e-08,local
3219,mp-1228972,slab,-45.21452949,304.554,True,"[3.54028788, 0.0, 0.0, 0.0, 3.54028788, 0.0, 0.0, 0.0, 7.10922595]",8.0,0.571885725,local
3220,mp-1228991,slab,-82.27131794,1681.434,True,"[3.91163974, 0.0, 0.0, 0.0, 6.30343614, 0.0, -0.0, 0.0, 12.21975678]",16.0,0.0,local
3221,mp-1229000,slab,-43.79892078,154.461,True,"[2.06486655, -3.57645378, -0.0, 2.06486655, 3.57645378, 0.0, 0.0, -0.0, 19.71421627]",12.0,8.333333333333334e-09,local
3222,mp-1229006,slab,-13.32315148,35.274,True,"[4.34439, 0.0, 0.0, 0.0, 4.34439, 0.0, 0.0, 0.0, 6.074553]",4.0,5.575e-05,local
3223,mp-1229008,slab,-14.34741212,174.061,True,"[4.09597627, 0.0, 0.0, 0.0, 4.09597627, 0.0, -0.0, 0.0, 5.71271709]",4.0,0.0,local
3224,mp-1229011,slab,-44.19956207,578.576,True,"[2.03828886, -3.53041987, 0.0, 2.03828886, 3.53041987, -0.0, -0.0, 0.0, 19.67670455]",12.0,0.0,local
3225,mp-1229012,slab,-24.18418895,94.955,True,"[1.42246343, -2.46377893, -0.0, 1.42246343, 2.46377893, 0.0, -0.0, -0.0, 14.02538769]",6.0,1.6666666666666667e-08,local
3226,mp-1229015,slab,-26.69977758,79.241,True,"[1.40747814, -2.43782366, 0.0, 1.40747814, 2.43782366, -0.0, 0.0, -0.0, 14.32581822]",6.0,1.6666666666666667e-08,local
3227,mp-1229025,slab,-25.71079482,167.909,True,"[6.16380617, 0.0, 0.0, 0.0, 6.16380617, 0.0, 0.0, 0.0, 5.99127052]",8.0,2.5e-08,local
3228,mp-1229031,slab,-49.65297377,233.445,True,"[1.42696839, -2.47158176, -0.0, 1.42696839, 2.47158176, 0.0, -0.0, -0.0, 28.04362265]",12.0,7.733333333333334e-06,local
3229,mp-1229032,slab,-81.22348835,636.43,True,"[1.39836739, -2.42204337, -0.0, 1.39836739, 2.42204337, 0.0, 0.0, -0.0, 35.23858313]",15.0,1.7213333333333333e-05,local
3230,mp-1229041,slab,-11.95038245,2833.375,True,"[3.12239859, 0.0, 0.0, -0.0, 3.12239859, 0.0, -0.0, 0.0, 12.95940414]",4.0,0.0,local
3231,mp-1229085,slab,-13.10642066,71.385,True,"[4.40293379, 0.0, 0.0, 0.0, 4.40293379, 0.0, 0.0, 0.0, 6.23277251]",4.0,2.5e-08,local
3232,mp-1229087,slab,-14.28055832,78.557,True,"[4.1739936, 0.0, 0.0, 0.0, 4.1739936, 0.0, 0.0, 0.0, 5.83777623]",4.0,7.5e-08,local
3233,mp-1229092,slab,-18.04872762,97.165,True,"[1.47018987, -2.54644355, 0.0, 1.47018987, 2.54644355, -0.0, 0.0, -0.0, 14.29680906]",6.0,1.6666666666666667e-08,local
3234,mp-1229100,slab,-36.24726309,65.246,True,"[6.44008999, 0.0, 0.0, 0.0, 6.44008999, 0.0, 0.0, -0.0, 6.44008999]",12.0,8.333333333333334e-09,local
3235,mp-1229101,slab,-17.32169032,342.601,True,"[4.86850916, 0.0, 0.0, 0.0, 4.86850916, 0.0, -0.0, 0.0, 6.42741921]",6.0,3.3333333333333334e-08,local
3236,mp-1229105,slab,-11.81990023,48.689,True,"[1.57029599, -2.71983244, -0.0, 1.57029599, 2.71983244, 0.0, 0.0, -0.0, 9.57713392]",4.0,2.5e-08,local
3237,mp-1229107,slab,-11.71943322,77.58,True,"[1.55775925, -2.69811817, 0.0, 1.55775925, 2.69811817, -0.0, 0.0, -0.0, 9.55213563]",4.0,7.5e-08,local
3238,mp-1229108,slab,-12.34436443,70.589,True,"[1.48749516, -2.57641719, 0.0, 1.48749516, 2.57641719, -0.0, 0.0, 0.0, 9.4463809]",4.0,7.5e-08,local
3239,mp-1229111,slab,-11.41170912,96.059,True,"[1.61993311, -2.80580644, -0.0, 1.61993311, 2.80580644, 0.0, -0.0, -0.0, 9.58725281]",4.0,0.0,local
3240,mp-1229118,slab,-24.30205731,2120.738,True,"[4.83840864, 0.0, 0.0, 0.0, 5.33039457, 0.0, 0.0, -0.0, 6.09193391]",8.0,0.0,local
3241,mp-1229123,slab,-11.1525357,454.844,True,"[1.60091974, -2.77287432, 0.0, 1.60091974, 2.77287432, 0.0, 0.0, -0.0, 9.62411759]",4.0,0.0,local
3242,mp-1231,slab,-63.27834696,155.742,True,"[4.59408594, 0.0, 0.0, 0.0, 4.59408594, 0.0, 0.0, 0.0, 4.59408594]",8.0,1.5e-07,local
3243,mp-1232036,slab,-20.26735731,300.94,True,"[3.87581764, -0.0, 0.0, 0.0, 3.87581764, 0.0, -0.0, -0.0, 9.78361605]",6.0,0.0,local
3244,mp-1232213,slab,-72.43434623,417.657,True,"[4.08998224, 0.0, 0.0, 0.0, 5.70025653, 0.0, 0.0, 0.0, 13.38405876]",12.0,0.0,local
3245,mp-1232214,slab,-36.31832523,72.58,True,"[4.07971332, -0.0, 0.0, 0.0, 4.07971332, 0.0, 0.0, 0.0, 8.33370153]",6.0,0.0,local
3246,mp-1232237,slab,-34.1605748,154.864,True,"[3.94942365, 0.0, 0.0, 0.0, 3.94942365, 0.0, -0.0, -0.0, 7.92138333]",6.0,0.0,local
3247,mp-1232369,slab,-44.83208144,279.433,True,"[6.56362566, 0.0, 0.0, 0.0, 6.56362566, 0.0, 0.0, 0.0, 13.14994213]",16.0,0.0,local
3248,mp-1232380,slab,-68.48713204,1511.092,True,"[6.48544717, 0.0, 0.0, 0.0, 6.48544717, 0.0, 0.0, 0.0, 12.93822414]",16.0,1.2503958,local
3249,mp-1232420,slab,-60.66085373,114.713,True,"[6.35658261, 0.0, 0.0, 0.0, 6.35658261, 0.0, 0.0, 0.0, 6.35658261]",16.0,6.875e-08,local
3250,mp-1232482,slab,-39.31461384,18521.957,True,"[0.0, 4.56160905, -0.00385439, 4.55891793, 0.0, 0.0, 0.0, 0.006856, -10.60877792]",8.0,0.9645451375,local
3251,mp-1232,slab,-78.74894356,70.986,True,"[5.00834288, 0.0, 0.0, 0.0, 5.00834288, 0.0, 0.0, 0.0, 5.00834288]",8.0,2.5e-08,local
3252,mp-12359,slab,-13.26829701,41.873,True,"[4.3289022, -0.0, 0.0, 0.0, 4.3289022, 0.0, -0.0, -0.0, 6.12614081]",4.0,5e-08,local
3253,mp-1235,slab,-18.40486959,71.575,True,"[2.94181845, 0.0, 0.0, 0.0, 2.94181845, 0.0, 0.0, 0.0, 3.48824121]",2.0,0.0,local
3254,mp-12360,slab,-40.50617846,336.388,True,"[2.17888671, -3.77394249, 0.0, 2.17888671, 3.77394249, -0.0, -0.0, 0.0, 20.8785894]",12.0,4.166666666666666e-08,local
3255,mp-1237584,slab,-38.77356273,2331.355,True,"[0.0, 5.69162583, 0.00915827, 3.9680597, 0.0, 0.0, 0.0, -0.06362849, -6.67319513]",7.0,0.5112551285714286,local
3256,mp-1238498,slab,-13.64507661,2562.688,True,"[3.87706344, -0.0, 0.0, 0.0, 3.90124102, 0.0, -0.0, -0.0, 5.48091564]",4.0,0.0,local
3257,mp-1238832,slab,-17.521528,528.473,True,"[5.01105121, -8.67939529, 0.0, 5.0110512, 8.67939529, -0.0, 0.0, -0.0, 2.97379315]",8.0,7.5e-08,local
3258,mp-1238872,slab,-26.04266956,184.358,True,"[1.76714877, -3.06079145, 0.0, 1.76714877, 3.06079145, -0.0, 0.0, -0.0, 19.68767946]",9.0,0.3374557666666666,local
3259,mp-12411,slab,-43.05746451,234.097,True,"[6.18439745, 0.0, 0.0, 0.0, 6.18439745, 0.0, 0.0, 0.0, 6.18439745]",16.0,1.25e-08,local
3260,mp-1241,slab,-8.23690874,61.037,True,"[2.45870665, -4.25860484, -0.0, 2.45870665, 4.25860484, 0.0, 0.0, -0.0, 4.39773535]",3.0,3.833333333333334e-06,local
3261,mp-1245668,slab,-20.61192962,1641.027,True,"[2.02400429, -3.50567826, 0.0, 2.02400429, 3.50567826, -0.0, -0.0, -0.0, 6.18755935]",5.0,0.0,local
3262,mp-1245680,slab,-31.3686901,1986.157,True,"[4.29088984, 0.0, 0.0, 0.0, 4.71307888, 0.0, 0.0, 0.0, 5.27957367]",8.0,0.0,local
3263,mp-1245811,slab,-50.55593999,95.936,True,"[6.04616394, 0.0, 0.0, 0.0, 6.04616394, 0.0, -0.0, 0.0, 6.04616394]",12.0,2.9166666666666664e-07,local
3264,mp-1246900,slab,-61.38886577,339.954,True,"[6.010276, 0.0, 0.0, 0.0, 6.010276, 0.0, 0.0, 0.0, 6.010276]",16.0,6.25e-09,local
3265,mp-1247784,slab,-8.14230314,124.051,True,"[2.75493893, -4.7716942, -0.0, 2.75493893, 4.7716942, 0.0, -0.0, 0.0, 6.58641498]",3.0,1.6666666666666665e-07,local
3266,mp-1251,slab,-16.98735726,140.112,True,"[2.72958413, 0.0, 0.0, 0.0, 2.72958413, 0.0, -0.0, 0.0, 3.66620152]",2.0,1e-07,local
3267,mp-12520,slab,-37.53529953,154.892,True,"[2.06880758, -3.58327983, -0.0, 2.06880758, 3.58327983, -0.0, -0.0, -0.0, 10.57199528]",8.0,5e-08,local
3268,mp-1252,slab,-16.54144354,36.244,True,"[1.90711758, -3.30322455, -0.0, 1.90711758, 3.30322455, 0.0, -0.0, 0.0, 3.24025132]",3.0,1.6666666666666665e-07,local
3269,mp-1253,slab,-38.01809083,44.047,True,"[6.67947999, 0.0, 0.0, 0.0, 6.67947999, 0.0, 0.0, -0.0, 6.67947999]",8.0,1e-07,local
3270,mp-12546,slab,-38.75972406,561.107,True,"[4.3283507, 0.0, 0.0, 0.0, 4.44162357, 0.0, 0.0, 0.0, 5.45186839]",8.0,0.0,local
3271,mp-12550,slab,-22.4673586,146.553,True,"[3.99660938, -0.0, 0.0, 0.0, 3.99660938, 0.0, 0.0, 0.0, 3.53095195]",4.0,0.0,local
3272,mp-12557,slab,-24.93869331,109.687,True,"[2.14242161, -3.71078307, 0.0, 2.14242161, 3.71078307, -0.0, -0.0, -0.0, 8.61999097]",6.0,0.0,local
3273,mp-12559,slab,-100.06416516,273.593,True,"[6.28909795, -0.0, 0.0, 0.0, 6.28909795, 0.0, -0.0, 0.0, 6.28909795]",16.0,1.060383025,local
3274,mp-12561,slab,-90.23629239,638.956,True,"[0.0, 9.44326618, -0.01194755, 3.42228594, 0.0, 0.0, 0.0, -3.89728244, -6.81008262]",12.0,1.6666666666666667e-08,local
3275,mp-12564,slab,-40.97877351,43.196,True,"[6.43741915, -0.0, 0.0, 0.0, 6.43741915, 0.0, 0.0, -0.0, 6.43741915]",12.0,3.583333333333334e-07,local
3276,mp-12565,slab,-44.60205304,879.483,True,"[6.57072205, -5e-08, 0.0, 5e-08, 6.57072205, 0.0, 0.0, 0.0, 3.99723586]",10.0,0.83598816,local
3277,mp-12571,slab,-42.11774411,53.651,True,"[1.85357752, -3.21049044, 0.0, 1.85357752, 3.21049044, 0.0, -0.0, -0.0, 7.13242266]",6.0,1.8333333333333333e-07,local
3278,mp-12580,slab,-38.93774047,116.005,True,"[6.70688639, 0.0, 0.0, 0.0, 6.70688639, 0.0, 0.0, 0.0, 6.70688639]",16.0,5.625e-08,local
3279,mp-12585,slab,-31.79001138,38.237,True,"[3.79138975, 0.0, 0.0, 0.0, 3.79138975, 0.0, -0.0, -0.0, 3.79138975]",4.0,0.3030427,local
3280,mp-12593,slab,-35.19558445,32.912,True,"[3.94402699, -0.0, 0.0, 0.0, 3.94402699, 0.0, 0.0, 0.0, 3.94402699]",4.0,1.625e-06,local
3281,mp-12594,slab,-18.22328522,12.528,True,"[3.121637, 0.0, 0.0, 0.0, 3.121637, 0.0, 0.0, 0.0, 3.121637]",2.0,0.00193515,local
3282,mp-12595,slab,-37.19388652,165.034,True,"[2.75088743, 0.0, 0.0, 0.0, 4.43340377, 0.0, 0.0, 0.0, 4.83604124]",4.0,2.5e-08,local
3283,mp-12605,slab,-47.63318753,59.889,True,"[3.19503803, 0.0, 0.0, 0.0, 3.19503803, 0.0, 0.0, 0.0, 7.85325381]",6.0,1.1666666666666669e-07,local
3284,mp-12608,slab,-188.1311377,1273.01,True,"[7.86279844, 0.0, 0.0, 0.0, 7.86279844, 0.0, 0.0, 0.0, 7.86279844]",32.0,9.375e-09,local
3285,mp-1260,slab,-29.95350941,64.245,True,"[2.73136078, -4.73085564, -0.0, 2.73136078, 4.73085564, 0.0, 0.0, -0.0, 4.42417738]",6.0,6.666666666666668e-08,local
3286,mp-12635,slab,-44.38670949,291.399,True,"[6.58839962, 0.0, 0.0, -0.0, 6.58839962, 0.0, 0.0, 0.0, 3.98837385]",10.0,1.171e-05,local
3287,mp-1264,slab,-10.89730062,24.072,True,"[4.19549552, 0.0, 0.0, 0.0, 4.19549552, 0.0, 0.0, -0.0, 4.19549552]",4.0,1.875e-06,local
3288,mp-12651,slab,-36.12154645,70.093,True,"[5.0874651, 0.0, 0.0, 0.0, 5.0874651, 0.0, -0.0, 0.0, 5.0874651]",8.0,2.5e-08,local
3289,mp-12661,slab,-4.71351389,51.246,True,"[4.57829198, 0.0, 0.0, 0.0, 4.57829198, 0.0, 0.0, -0.0, 4.57829198]",4.0,2.5e-08,local
3290,mp-1266,slab,-37.36824364,77.907,True,"[6.858631, 0.0, 0.0, 0.0, 6.858631, 0.0, -0.0, 0.0, 6.858631]",12.0,1.3333333333333336e-07,local
3291,mp-12674,slab,-12.24057884,21.93,True,"[3.21275659, -0.0, 0.0, 0.0, 3.21275659, 0.0, -0.0, -0.0, 3.21275659]",2.0,2.07200255,local
3292,mp-12675,slab,-12.24084845,110.027,True,"[3.20200297, 0.0, 0.0, 0.0, 3.20200297, 0.0, 0.0, 0.0, 3.23330794]",2.0,2.07212025,local
3293,mp-12681,slab,-18.41879764,355.427,True,"[2.11643513, -3.66577317, -0.0, 2.11643513, 3.66577317, 0.0, 0.0, 0.0, 7.23388328]",4.0,1.0088689,local
3294,mp-12682,slab,-17.80747227,107.302,True,"[2.14944714, -3.72295165, 0.0, 2.14944714, 3.72295165, -0.0, 0.0, 0.0, 7.90586867]",4.0,1.0007258,local
3295,mp-12693,slab,-22.99573162,133.435,True,"[3.21364714, -0.0, 0.0, 0.0, 3.21364714, 0.0, -0.0, 0.0, 10.06347352]",6.0,0.0,local
3296,mp-12716,slab,-32.2594729,144.485,True,"[4.18309934, 0.0, 0.0, 0.0, 4.18309934, 0.0, 0.0, 0.0, 7.59652728]",8.0,0.0,local
3297,mp-12723,slab,-27.11510223,539.705,True,"[4.01529995, 0.0, 0.0, 0.0, 11.21780075, 0.0, -0.0, 0.0, 4.58548735]",8.0,0.0,local
3298,mp-12724,slab,-12.63767691,6988.629,True,"[4.62415577, 0.0, 0.0, 0.0, 6.3368438, 0.0, 0.0, -0.0, 8.7594432]",8.0,1.25e-08,local
3299,mp-1272,slab,-74.96254049,134.83,True,"[4.62014448, -0.0, 0.0, 0.0, 4.62014448, 0.0, -0.0, -0.0, 4.62014448]",8.0,2.125e-07,local
3300,mp-12742,slab,-76.38602575,619.319,True,"[3.96480357, 0.0, 0.0, 0.0, 3.96480357, 0.0, 0.0, 0.0, 15.88317974]",16.0,6.25e-09,local
3301,mp-12743,slab,-26.17033755,2930.91,True,"[0.0, 5.55375468, -0.03898992, 4.07373033, 0.0, 0.0, 0.0, -0.09080769, -7.56330957]",6.0,0.48289735,local
3302,mp-12752,slab,-48.56319107,109.881,True,"[2.72127572, -4.7133878, -0.0, 2.72127572, 4.7133878, -0.0, -0.0, 0.0, 5.40320207]",7.0,1.8857142857142856e-06,local
3303,mp-12759,slab,-19.5768856,1363.893,True,"[4.45200677, 0.0, 0.0, 0.0, 4.59738518, 0.0, 0.0, 0.0, 5.7434949]",8.0,0.0,local
3304,mp-1275,slab,-79.01539908,60.412,True,"[4.90796001, -0.0, 0.0, 0.0, 4.90796001, 0.0, 0.0, 0.0, 4.90796001]",8.0,1.25e-08,local
3305,mp-12761,slab,-21.26631837,375.044,True,"[2.91680949, -0.0, 0.0, 0.0, 2.91680949, 0.0, 0.0, -0.0, 10.20785729]",6.0,1.6666666666666667e-08,local
3306,mp-12769,slab,-75.72082812,867.052,True,"[3.96999636, 0.0, 0.0, 0.0, 3.96999636, 0.0, 0.0, 0.0, 14.66793549]",12.0,8.333333333333334e-09,local
3307,mp-12772,slab,-97.54713364,145.954,True,"[6.84298011, 0.0, 0.0, 0.0, 6.84298011, 0.0, 0.0, 0.0, 5.23086891]",12.0,1.6666666666666667e-08,local
3308,mp-12773,slab,-86.99678667,139.746,True,"[6.84879749, 0.0, 0.0, 0.0, 6.84879749, 0.0, 0.0, 0.0, 5.3782739]",12.0,1.5e-07,local
3309,mp-12777,slab,-62.34318381,237.776,True,"[5.85746678, 0.0, 0.0, 0.0, 5.85746678, 0.0, 0.0, 0.0, 5.85746678]",16.0,1.875e-08,local
3310,mp-12778,slab,-20.71438007,48.398,True,"[3.02130635, 0.0, 0.0, 0.0, 3.02130635, 0.0, 0.0, -0.0, 3.02130635]",2.0,0.1353541,local
3311,mp-12779,slab,-9.611317,46.441,True,"[2.3386812, -4.05071467, 0.0, 2.3386812, 4.05071467, 0.0, 0.0, 0.0, 7.67748996]",4.0,2.5e-08,local
3312,mp-12781,slab,-87.30452254,1042.753,True,"[4.01404135, 0.0, 0.0, 0.0, 9.54895207, 0.0, 0.0, 0.0, 6.69965827]",16.0,6.25e-09,local
3313,mp-12783,slab,-21.38599171,1154.174,True,"[4.60122778, 0.0, 0.0, 0.0, 4.60122778, 0.0, 0.0, 0.0, 11.45912328]",10.0,0.0,local
3314,mp-1278,slab,-99.35328273,216.281,True,"[6.62297451, 0.0, 0.0, 0.0, 6.62297451, 0.0, 0.0, 0.0, 5.31801272]",12.0,0.0,local
3315,mp-12794,slab,-11.29436276,127.046,True,"[4.14246561, -0.0, 0.0, 0.0, 4.14246561, 0.0, -0.0, -0.0, 2.86497808]",3.0,0.0,local
3316,mp-12798,slab,-22.79048557,65.719,True,"[3.65618202, 0.0, 0.0, 0.0, 3.65618202, 0.0, -0.0, -0.0, 3.65618202]",4.0,0.6214796,local
3317,mp-12802,slab,-31.35875244,658.743,True,"[4.24346062, 0.0, 0.0, 0.0, 4.56905553, 0.0, 0.0, 0.0, 5.17330056]",8.0,0.0,local
3318,mp-12806,slab,-43.99787913,818.019,True,"[4.34486491, 0.0, 0.0, 0.0, 5.97985485, 0.0, 0.0, 0.0, 12.7869511]",12.0,0.0,local
3319,mp-1281,slab,-18.85432944,99.767,True,"[2.75619135, 0.0, 0.0, 0.0, 2.75619135, 0.0, 0.0, 0.0, 3.66116619]",2.0,2.2e-06,local
3320,mp-12903,slab,-38.33783375,2248.887,True,"[7.13017031, -0.0, 0.0, 0.0, 7.13017031, 0.0, -0.0, -0.0, 4.72339295]",8.0,0.0,local
3321,mp-12908,slab,-20.33183523,79.913,True,"[1.96047568, -3.39564348, -0.0, 1.96047568, 3.39564348, 0.0, 0.0, 0.0, 6.63474633]",4.0,0.0,local
3322,mp-1294,slab,-167.92831005,730.442,True,"[7.10215446, -0.0, 0.0, 0.0, 7.10215446, 0.0, -0.0, -0.0, 7.10215446]",24.0,0.0001857958333333,local
3323,mp-12951,slab,-32.95820472,418.557,True,"[2.18806435, -3.78983863, -0.0, 2.18806435, 3.78983863, 0.0, 0.0, 0.0, 6.79797013]",6.0,0.0,local
3324,mp-12952,slab,-35.20013689,153.119,True,"[2.17985421, -3.77561824, 0.0, 2.17985421, 3.77561824, 0.0, 0.0, 0.0, 6.72735839]",6.0,1.6666666666666667e-08,local
3325,mp-1298,slab,-18.52619086,238.13,True,"[2.90011717, -5.02315029, 0.0, 2.90011717, 5.02315029, -0.0, -0.0, -0.0, 4.55750077]",6.0,4.5e-07,local
3326,mp-1299,slab,-39.55109479,95.843,True,"[3.9708037, 0.0, 0.0, 0.0, 3.9708037, 0.0, 0.0, 0.0, 6.00671719]",6.0,5.833333333333333e-07,local
3327,mp-13010,slab,-63.85246039,10791.177,True,"[4.42600538, -0.0, 0.0, 0.0, 16.43915912, 0.0, 0.0, -0.0, 4.37516991]",12.0,0.0,local
3328,mp-13031,slab,-30.07863352,40.439,True,"[5.98791953, 0.0, 0.0, 0.0, 5.98791953, 0.0, 0.0, 0.0, 5.98791953]",8.0,0.0,local
3329,mp-13079,slab,-116.25173801,2715.666,True,"[5.83636183, 0.0, 0.0, 0.0, 5.83636183, 0.0, 0.0, 0.0, 5.83636183]",16.0,1.59448770625,local
3330,mp-13082,slab,-127.52828438,293.913,True,"[5.61940667, -0.0, 0.0, 0.0, 5.61940667, 0.0, -0.0, -0.0, 5.61940667]",16.0,0.751209675,local
3331,mp-13085,slab,-115.69207461,365.066,True,"[5.9892447, -0.0, 0.0, 0.0, 5.9892447, 0.0, 0.0, 0.0, 5.9892447]",16.0,0.99891866875,local
3332,mp-13089,slab,-43.16643093,811.693,True,"[4.41992807, 0.0, 0.0, 0.0, 6.13178135, 0.0, 0.0, 0.0, 13.13259738]",12.0,0.0,local
3333,mp-13094,slab,-88.03631365,5644.865,True,"[4.04809932, -0.0, 0.0, 0.0, 10.31525235, 0.0, 0.0, -0.0, 6.88166904]",16.0,0.0,local
3334,mp-13097,slab,-16.70636488,154.98,True,"[4.1917931, 0.0, 0.0, 0.0, 4.1917931, 0.0, 0.0, 0.0, 7.12320968]",6.0,0.0,local
3335,mp-13100,slab,-29.77870922,39.342,True,"[3.9713027, -0.0, 0.0, 0.0, 3.9713027, 0.0, 0.0, 0.0, 3.9713027]",4.0,0.4894357,local
3336,mp-13138,slab,-30.04340315,185.172,True,"[2.78339634, -4.82098389, 0.0, 2.78339634, 4.82098389, -0.0, -0.0, 0.0, 4.36990595]",8.0,1.25e-08,local
3337,mp-13155,slab,-45.87146853,356.825,True,"[3.21980907, 0.0, 0.0, 0.0, 3.21980907, 0.0, -0.0, 0.0, 12.00491411]",6.0,0.0,local
3338,mp-13156,slab,-25.7766109,101.69,True,"[3.44163461, 0.0, 0.0, 0.0, 3.44163461, 0.0, 0.0, 0.0, 6.62817785]",4.0,1.25e-07,local
3339,mp-13164,slab,-44.46992617,136.518,True,"[3.11958695, 0.0, 0.0, 0.0, 3.11958695, 0.0, 0.0, 0.0, 9.94838444]",6.0,5e-08,local
3340,mp-13172,slab,-97.22983096,690.627,True,"[7.24559633, 0.0, 0.0, 0.0, 7.24559633, 0.0, 0.0, 0.0, 7.24559633]",24.0,8.333333333333334e-09,local
3341,mp-13202,slab,-31.74407585,357.354,True,"[2.27402326, -3.93872382, -0.0, 2.27402326, 3.93872382, 0.0, -0.0, -0.0, 7.3032944]",6.0,0.0,local
3342,mp-13203,slab,-30.88625941,767.601,True,"[2.20982085, -3.82752199, -0.0, 2.20982085, 3.82752199, -0.0, -0.0, 0.0, 6.89726764]",6.0,0.0,local
3343,mp-13208,slab,-44.87576694,237.742,True,"[6.36894716, -0.0, 0.0, 0.0, 6.36894716, 0.0, 0.0, 0.0, 5.66467783]",12.0,8.333333333333334e-09,local
3344,mp-13240,slab,-101.23752367,489.51,True,"[7.10469114, 0.0, 0.0, 0.0, 7.10469114, 0.0, 0.0, 0.0, 7.10469114]",24.0,4.166666666666666e-08,local
3345,mp-1326,slab,-70.33358867,131.142,True,"[5.31832619, -0.0, 0.0, 0.0, 5.31832619, 0.0, -0.0, -0.0, 5.31832619]",8.0,1.2875e-06,local
3346,mp-13270,slab,-33.1381883,1071.861,True,"[4.69415531, 0.0, 0.0, 0.0, 7.31973531, 0.0, 0.0, 0.0, 8.28800036]",12.0,2.5e-08,local
3347,mp-1328,slab,-134.69837161,760.424,True,"[7.7574596, 0.0, 0.0, 0.0, 7.7574596, 0.0, 0.0, 0.0, 7.7574596]",24.0,3.375e-07,local
3348,mp-13313,slab,-61.52585723,625.674,True,"[1.99062764, -3.44786821, 0.0, 1.99062764, 3.44786821, -0.0, 0.0, 0.0, 23.19092887]",12.0,8.333333333333334e-09,local
3349,mp-13314,slab,-55.39154699,1123.329,True,"[2.13691529, -3.70124585, -0.0, 2.13691529, 3.70124585, 0.0, -0.0, -0.0, 24.39229919]",12.0,0.0,local
3350,mp-1331,slab,-8.97251188,74.72,True,"[2.4791629, -4.2940361, -0.0, 2.4791629, 4.2940361, 0.0, 0.0, 0.0, 3.50032905]",3.0,1.6666666666666665e-07,local
3351,mp-13322,slab,-93.99803979,367.899,True,"[5.91120388, 0.0, 0.0, 0.0, 5.91120388, 0.0, 0.0, 0.0, 5.91120388]",16.0,6.25e-08,local
3352,mp-1335,slab,-17.49735937,59.409,True,"[2.88313444, -0.0, 0.0, 0.0, 2.88313444, 0.0, -0.0, -0.0, 2.88313444]",2.0,0.3940024,local
3353,mp-13363,slab,-103.11011252,3376.143,True,"[0.0, 7.75521632, 0.01427732, 7.89325528, 0.0, 0.0, 0.0, -3.71048235, -3.96705774]",16.0,0.0,local
3354,mp-1337,slab,-84.09656574,1046.441,True,"[0.0, 9.15110761, -0.03227514, 3.32968024, 0.0, 0.0, 0.0, -3.80926753, -6.76926106]",12.0,0.0,local
3355,mp-13396,slab,-63.81389326,245.256,True,"[6.52608267, 0.0, 0.0, 0.0, 6.52608267, 0.0, 0.0, 0.0, 6.52608267]",16.0,7.5e-08,local
3356,mp-1339,slab,-39.26824551,28.066,True,"[3.92217978, -0.0, 0.0, 0.0, 3.92217978, 0.0, 0.0, 0.0, 3.92217978]",4.0,2e-07,local
3357,mp-13434,slab,-106.10621804,549.476,True,"[7.01992124, 0.0, 0.0, 0.0, 7.01992124, 0.0, 0.0, 0.0, 7.01992124]",24.0,1.525e-06,local
3358,mp-13452,slab,-31.40686785,159.147,True,"[2.77355852, -0.0, 0.0, 0.0, 2.77355852, 0.0, 0.0, 0.0, 9.86515858]",6.0,0.0,local
3359,mp-13453,slab,-83.75934212,893.59,True,"[2.88067482, 0.0, 0.0, 0.0, 9.69576744, 0.0, 0.0, 0.0, 7.65883877]",16.0,0.0,local
3360,mp-13463,slab,-26.74354211,264.922,True,"[3.86573087, -0.0, 0.0, 0.0, 3.86573087, 0.0, 0.0, 0.0, 3.68145947]",4.0,1.191973775,local
3361,mp-13495,slab,-60.21066922,405.048,True,"[3.38708194, 0.0, 0.0, 0.0, 10.42422804, 0.0, 0.0, 0.0, 4.36210268]",8.0,0.0,local
3362,mp-13496,slab,-14.92034169,26.38,True,"[3.34988832, -0.0, 0.0, 0.0, 3.34988832, 0.0, 0.0, 0.0, 3.34988832]",2.0,3e-07,local
3363,mp-1349,slab,-130.98248669,492.467,True,"[7.8805426, 0.0, 0.0, 0.0, 7.8805426, 0.0, 0.0, 0.0, 7.8805426]",24.0,0.0,local
3364,mp-13512,slab,-74.38751347,2178.837,True,"[4.24727011, 0.0, 0.0, 0.0, 17.27480422, 0.0, 0.0, 0.0, 4.09944084]",16.0,6.25e-09,local
3365,mp-13513,slab,-72.93258216,4695.747,True,"[4.44308026, 0.0, 0.0, 0.0, 17.31529103, 0.0, 0.0, 0.0, 4.22907332]",16.0,0.0,local
3366,mp-13520,slab,-35.43754935,896.219,True,"[7.4535214, 0.0, 0.0, 0.0, 9.24132951, 0.0, 0.0, 0.0, 5.51231545]",16.0,6.25e-09,local
3367,mp-13548,slab,-15.45209544,168.968,True,"[2.91344675, -5.0462378, 0.0, 2.91344675, 5.0462378, -0.0, -0.0, -0.0, 8.27041813]",6.0,0.0603277166666666,local
3368,mp-13572,slab,-113.72656484,1030.304,True,"[3.73433358, 0.0, 0.0, 0.0, 9.86510329, 0.0, 0.0, 0.0, 7.0159996]",16.0,0.0,local
3369,mp-1359,slab,-20.16357093,56.21,True,"[2.87156614, 0.0, 0.0, 0.0, 2.87156614, 0.0, 0.0, 0.0, 3.8928814]",2.0,1.4e-06,local
3370,mp-1363,slab,-26.89190042,589.294,True,"[7.42372527, 0.0, 0.0, 0.0, 7.42372527, 0.0, -0.0, 0.0, 5.63944982]",12.0,0.0,local
3371,mp-1364,slab,-51.2167323,909.657,True,"[4.12281491, -0.0, 0.0, 0.0, 5.49776857, 0.0, 0.0, 0.0, 7.16225803]",8.0,0.0,local
3372,mp-13683,slab,-81.49088403,2067.188,True,"[3.82547326, -0.0, 0.0, 0.0, 14.9393865, 0.0, 0.0, -0.0, 3.80049304]",12.0,4.166666666666666e-08,local
3373,mp-1373,slab,-72.60902562,106.969,True,"[5.16093479, -0.0, 0.0, 0.0, 5.16093479, 0.0, -0.0, -0.0, 5.16093479]",8.0,3.6625e-06,local
3374,mp-1380,slab,-52.1903953,1291.983,True,"[3.78745978, 0.0, 0.0, 0.0, 3.78745978, 0.0, 0.0, 0.0, 15.56360724]",16.0,5e-08,local
3375,mp-13870,slab,-127.40841022,2945.677,True,"[1.74271666, -3.0184738, 0.0, 1.74271666, 3.0184738, -0.0, 0.0, 0.0, 40.77098208]",18.0,8.222222222222222e-07,local
3376,mp-1387551,slab,-58.15848786,3778.579,True,"[5.25208761, -0.0, 0.0, 0.0, 12.72305301, 0.0, -0.0, 0.0, 5.25265416]",12.0,0.1634124666666666,local
3377,mp-1387,slab,-62.51992742,66.469,True,"[4.80486592, 0.0, 0.0, 0.0, 4.80486592, 0.0, 0.0, -0.0, 4.80486592]",8.0,0.2553418625,local
3378,mp-1389664,slab,-53.23470925,1608.305,True,"[5.6169727, -0.0, 0.0, 0.0, 5.6169727, 0.0, 0.0, -0.0, 10.88114865]",14.0,0.0,local
3379,mp-13910,slab,-36.14566257,519.824,True,"[4.68099091, 0.0, 0.0, 0.0, 4.68099091, 0.0, 0.0, 0.0, 10.78689867]",10.0,1e-08,local
3380,mp-13911,slab,-29.55060673,310.175,True,"[4.30710861, 0.0, 0.0, 0.0, 4.30710861, 0.0, 0.0, 0.0, 10.77468628]",10.0,1e-07,local
3381,mp-13914,slab,-85.45019481,193.238,True,"[5.60034734, 0.0, 0.0, 0.0, 5.60034734, 0.0, 0.0, 0.0, 5.60034734]",16.0,3.125e-08,local
3382,mp-13915,slab,-71.20964249,252.568,True,"[6.00198301, 0.0, 0.0, 0.0, 6.00198301, 0.0, 0.0, 0.0, 6.00198301]",16.0,1.05625e-06,local
3383,mp-13918,slab,-39.2061118,772.388,True,"[4.60827073, -0.0, 0.0, 0.0, 4.60827073, 0.0, 0.0, 0.0, 10.44693903]",10.0,1.8e-07,local
3384,mp-13949,slab,-43.5625497,862.788,True,"[6.27888034, 0.0, 0.0, -0.0, 6.27888034, 0.0, 0.0, 0.0, 12.01134663]",14.0,0.0,local
3385,mp-1395579,slab,-15.07537906,67.88,True,"[5.59114384, 0.0, 0.0, 0.0, 5.59205161, 0.0, 0.0, 0.0, 5.59205569]",5.0,2e-08,local
3386,mp-1395,slab,-18.67638473,42.042,True,"[3.00662342, 0.0, 0.0, 0.0, 3.00662342, 0.0, -0.0, -0.0, 3.00662342]",2.0,0.3140983,local
3387,mp-13962,slab,-43.68858788,83.492,True,"[3.57398634, 0.0, 0.0, 0.0, 3.57398634, 0.0, 0.0, 0.0, 8.7443958]",6.0,0.0,local
3388,mp-13963,slab,-41.26288295,65.578,True,"[3.66477199, 0.0, 0.0, 0.0, 3.66477199, 0.0, 0.0, 0.0, 10.20956232]",6.0,6.666666666666668e-08,local
3389,mp-13964,slab,-39.19551657,110.18,True,"[3.74842484, 0.0, 0.0, 0.0, 3.74842484, 0.0, 0.0, 0.0, 10.21855877]",6.0,1.6666666666666667e-08,local
3390,mp-1399,slab,-31.10555466,5093.953,True,"[0.0, 6.35714615, -0.056105, 3.54795527, 0.0, 0.0, 0.0, -0.112815, -6.26254467]",8.0,0.0,local
3391,mp-1400,slab,-290.71450141,613.338,True,"[7.61551639, 0.0, 0.0, 0.0, 7.61551639, 0.0, 0.0, 0.0, 7.61551639]",24.0,4.166666666666667e-09,local
3392,mp-1401,slab,-93.07032956,450.778,True,"[7.40495239, 0.0, 0.0, 0.0, 7.40495239, 0.0, 0.0, 0.0, 7.40495239]",24.0,0.3033508083333333,local
3393,mp-1404,slab,-8.62764742,2258.666,True,"[3.10977276, 0.0, 0.0, 0.0, 4.89000096, 0.0, -0.0, 0.0, 5.10202144]",4.0,0.0,local
3394,mp-1406,slab,-48.81462722,122.736,True,"[5.74800904, -0.0, 0.0, 0.0, 5.74800904, 0.0, -0.0, -0.0, 5.74800904]",8.0,2.2625269125,local
3395,mp-1407385,slab,-54.30178081,2166.351,True,"[5.60381445, -0.0, 0.0, 0.0, 5.60381445, 0.0, 0.0, 0.0, 10.4966856]",14.0,0.0,local
3396,mp-14090,slab,-55.61017422,987.931,True,"[5.96416638, 0.0, 0.0, 0.0, 5.96416638, 0.0, 0.0, 0.0, 12.01074569]",16.0,0.0,local
3397,mp-14091,slab,-63.80361226,500.778,True,"[6.0294531, 0.0, 0.0, 0.0, 6.0294531, 0.0, 0.0, 0.0, 11.12065016]",16.0,0.0,local
3398,mp-14092,slab,-56.74976638,437.201,True,"[6.41049427, 0.0, 0.0, 0.0, 6.41049427, 0.0, 0.0, 0.0, 12.24331172]",16.0,0.0,local
3399,mp-1412,slab,-58.30195922,118.717,True,"[5.21736063, -0.0, 0.0, 0.0, 5.21736063, 0.0, -0.0, -0.0, 5.21736063]",8.0,1.125e-07,local
3400,mp-1415,slab,-37.94511567,72.059,True,"[5.96454784, 0.0, 0.0, 0.0, 5.96454784, 0.0, -0.0, 0.0, 5.96454784]",8.0,0.0,local
3401,mp-1418,slab,-24.99329748,104.866,True,"[3.54271983, 0.0, 0.0, 0.0, 3.54271983, 0.0, 0.0, 0.0, 3.54271983]",4.0,1.18974275,local
3402,mp-14205,slab,-78.60181526,2109.065,True,"[2.91078852, -5.04163361, -0.0, 2.91078852, 5.04163361, 0.0, 0.0, -0.0, 20.67769351]",24.0,8.333333333333334e-09,local
3403,mp-14206,slab,-70.84911532,1574.92,True,"[3.03435276, -5.25565315, -0.0, 3.03435276, 5.25565315, 0.0, -0.0, 0.0, 21.54842722]",24.0,0.0,local
3404,mp-1424,slab,-42.55179301,562.66,True,"[3.57291453, 0.0, 0.0, 0.0, 5.86204033, 0.0, 0.0, 0.0, 6.3356166]",8.0,0.0,local
3405,mp-1425,slab,-217.75370456,575.66,True,"[6.85237516, 0.0, 0.0, 0.0, 6.85237516, 0.0, 0.0, -0.0, 6.85237516]",24.0,2.083333333333333e-08,local
3406,mp-1431,slab,-61.39739953,172.564,True,"[4.51532074, 0.0, 0.0, 0.0, 4.51532074, 0.0, 0.0, 0.0, 4.51532074]",8.0,0.4828644125,local
3407,mp-1437,slab,-25.44228024,139.051,True,"[6.7310856, 0.0, 0.0, 0.0, 6.7310856, 0.0, 0.0, 0.0, 6.7310856]",16.0,2.5e-08,local
3408,mp-1438,slab,-38.05760335,28.975,True,"[3.97757221, 0.0, 0.0, 0.0, 3.97757221, 0.0, 0.0, 0.0, 3.97757221]",4.0,3.25e-07,local
3409,mp-1444,slab,-17.86323877,6669.472,True,"[5.00046409, -0.0, 0.0, 0.0, 7.51529002, 0.0, 0.0, -0.0, 8.57035375]",12.0,8.333333333333334e-09,local
3410,mp-1451,slab,-55.76679466,1197.396,True,"[4.25071366, 0.0, 0.0, 0.0, 4.55710679, 0.0, 0.0, 0.0, 5.11363164]",8.0,0.0,local
3411,mp-1458,slab,-82.50484819,106.749,True,"[5.1611192, -0.0, 0.0, 0.0, 5.1611192, 0.0, -0.0, -0.0, 5.1611192]",8.0,3.75e-08,local
3412,mp-1471,slab,-30.51322921,34.694,True,"[4.38096843, 0.0, 0.0, 0.0, 4.38096843, 0.0, 0.0, -0.0, 4.38096843]",4.0,3e-07,local
3413,mp-14793,slab,-34.04195571,81.588,True,"[2.15195174, -3.72728974, 0.0, 2.15195174, 3.72728974, 0.0, -0.0, -0.0, 8.56407642]",8.0,0.0,local
3414,mp-1483,slab,-57.04150279,84.057,True,"[4.7191592, 0.0, 0.0, 0.0, 4.7191592, 0.0, 0.0, 0.0, 4.7191592]",8.0,0.0,local
3415,mp-1486,slab,-7.06247344,30.478,True,"[2.89376516, -0.0, 0.0, 0.0, 2.89376516, 0.0, -0.0, -0.0, 2.89376516]",2.0,2.25e-06,local
3416,mp-1487,slab,-10.5360564,29.053,True,"[2.89332092, 0.0, 0.0, 0.0, 2.89332092, 0.0, 0.0, 0.0, 2.89332092]",2.0,1.5e-07,local
3417,mp-1492,slab,-13.79469334,69.321,True,"[2.31161719, -4.00383842, -0.0, 2.31161719, 4.00383842, -0.0, 0.0, -0.0, 10.48320293]",6.0,3.3333333333333334e-08,local
3418,mp-1502,slab,-65.01530874,89.612,True,"[5.94606383, 0.0, 0.0, 0.0, 5.94606383, 0.0, 0.0, 0.0, 5.94606383]",12.0,5.416666666666666e-07,local
3419,mp-1515,slab,-85.44575262,1776.754,True,"[3.70393947, -0.0, 0.0, 0.0, 14.81708386, 0.0, 0.0, -0.0, 3.67569898]",12.0,0.0,local
3420,mp-1539,slab,-13.47920089,48.059,True,"[1.8984907, -3.28828235, 0.0, 1.8984907, 3.28828235, -0.0, 0.0, 0.0, 3.88366347]",2.0,4e-07,local
3421,mp-1541,slab,-35.42055989,32.125,True,"[5.18914242, 0.0, 0.0, 0.0, 5.18914242, 0.0, -0.0, 0.0, 5.18914242]",8.0,2.5e-08,local
3422,mp-1543,slab,-32.29642979,470.206,True,"[3.00462411, 0.0, 0.0, 0.0, 5.82318419, 0.0, 0.0, 0.0, 6.26817424]",6.0,0.0,local
3423,mp-1545,slab,-78.07190125,112.288,True,"[5.16089025, -0.0, 0.0, 0.0, 5.16089025, 0.0, 0.0, -0.0, 5.16089025]",8.0,3.375e-07,local
3424,mp-1555,slab,-63.92307593,55.079,True,"[4.93218754, 0.0, 0.0, 0.0, 4.93218754, 0.0, 0.0, 0.0, 4.93218754]",8.0,1.25e-08,local
3425,mp-1558,slab,-111.7729877,802.123,True,"[7.93764466, 0.0, 0.0, 0.0, 7.93764466, 0.0, 0.0, 0.0, 7.93764466]",24.0,0.0,local
3426,mp-15608,slab,-63.98642229,9052.799,True,"[3.90536763, 0.0, 0.0, -0.0, 3.90536763, 0.0, -0.0, -0.0, 13.5768501]",10.0,0.80823807,local
3427,mp-15622,slab,-48.96698347,7736.552,True,"[0.0, 5.45449206, -0.00562202, 3.74656114, 0.0, 0.0, 0.0, -1.24110753, -9.82931524]",8.0,0.0,local
3428,mp-15650,slab,-57.51969641,620.302,True,"[3.34242353, -0.0, 0.0, 0.0, 5.75436464, 0.0, -0.0, 0.0, 6.43487555]",8.0,0.068767125,local
3429,mp-15651,slab,-85.90554218,711.088,True,"[5.01268343, -8.68222239, -0.0, 5.01268343, 8.68222239, -0.0, 0.0, -0.0, 3.34217005]",18.0,0.0,local
3430,mp-15668,slab,-25.914826,126.706,True,"[2.35939799, -4.08659719, -0.0, 2.35939799, 4.08659719, -0.0, -0.0, 0.0, 10.8300913]",8.0,2.5e-08,local
3431,mp-15669,slab,-82.24886191,3109.686,True,"[0.0, 14.48741113, 0.0365186, 3.80745952, 0.0, 0.0, 0.0, -3.35435442, -6.18786663]",14.0,0.0470344714285714,local
3432,mp-15679,slab,-24.44988778,47.86,True,"[1.77928836, -3.08181784, -0.0, 1.77928836, 3.08181784, 0.0, 0.0, -0.0, 5.02419812]",4.0,6.15e-06,local
3433,mp-15684,slab,-47.67318631,2918.988,True,"[7.65252041, 0.0, 0.0, 0.0, 10.1574191, 0.0, 0.0, 0.0, 5.92266592]",16.0,0.0,local
3434,mp-15685,slab,-50.11698641,1028.7,True,"[7.20150755, 0.0, 0.0, 0.0, 8.91786518, 0.0, 0.0, 0.0, 5.34559164]",16.0,0.0,local
3435,mp-15686,slab,-28.64503474,79.496,True,"[2.09945641, -3.63636517, 0.0, 2.09945641, 3.63636517, -0.0, 0.0, 0.0, 7.94271439]",8.0,0.0,local
3436,mp-15687,slab,-8.23959659,60.16,True,"[2.12884128, -3.68726127, -0.0, 2.12884128, 3.68726127, 0.0, -0.0, -0.0, 5.25054433]",3.0,3.3333333333333334e-08,local
3437,mp-1570,slab,-185.05030748,1013.218,True,"[7.26648393, -0.0, 0.0, 0.0, 7.26648393, 0.0, -0.0, -0.0, 7.26648393]",24.0,1.0758356958333333,local
3438,mp-1572,slab,-30.32453913,1427.739,True,"[1.90906525, -3.30659801, 0.0, 1.90906525, 3.30659801, -0.0, -0.0, 0.0, 16.79680919]",8.0,0.0,local
3439,mp-15776,slab,-50.84968288,353.735,True,"[5.63320183, -0.0, 0.0, 0.0, 5.63320183, 0.0, 0.0, 0.0, 11.08607792]",14.0,0.0,local
3440,mp-15777,slab,-44.30337505,782.153,True,"[6.07753035, -0.0, 0.0, 0.0, 6.07753035, 0.0, 0.0, 0.0, 12.0465485]",14.0,0.0,local
3441,mp-15778,slab,-49.40985033,114.798,True,"[6.08737772, 0.0, 0.0, 0.0, 6.08737772, 0.0, 0.0, 0.0, 6.08737772]",12.0,4.25e-07,local
3442,mp-15779,slab,-83.05975574,290.76,True,"[2.5005081, -4.33100707, 0.0, 2.5005081, 4.33100707, -0.0, -0.0, -0.0, 11.06833013]",18.0,2.222222222222222e-08,local
3443,mp-1578,slab,-71.06846642,117.983,True,"[4.77713995, 0.0, 0.0, 0.0, 4.77713995, 0.0, 0.0, 0.0, 4.77713995]",8.0,0.0,local
3444,mp-15794,slab,-66.62761048,392.004,True,"[2.03442679, -3.52373056, 0.0, 2.03442679, 3.52373056, 0.0, 0.0, -0.0, 19.43843897]",12.0,1.6666666666666667e-08,local
3445,mp-1585,slab,-69.62137742,314.15,True,"[4.65133265, 0.0, 0.0, 0.0, 4.65133265, 0.0, 0.0, 0.0, 4.65133265]",8.0,1.5e-07,local
3446,mp-1594,slab,-32.58726474,277.773,True,"[2.01570019, -3.49129515, 0.0, 2.01570019, 3.49129515, 0.0, -0.0, 0.0, 5.09737003]",6.0,0.0,local
3447,mp-15988,slab,-53.62109314,135.145,True,"[6.33127228, 0.0, 0.0, 0.0, 6.33127228, 0.0, 0.0, 0.0, 6.33127228]",16.0,0.0,local
3448,mp-1601,slab,-21.64955476,54.943,True,"[3.05667688, 0.0, 0.0, 0.0, 3.05667688, 0.0, 0.0, 0.0, 3.42358053]",2.0,1.15e-06,local
3449,mp-16052,slab,-85.46924462,2035.451,True,"[2.11827291, -3.6689563, -0.0, 2.11827291, 3.6689563, 0.0, -0.0, 0.0, 24.869352]",21.0,4.761904761904762e-09,local
3450,mp-1606,slab,-17.09584169,48.462,True,"[2.34371428, -4.05943222, -0.0, 2.34371428, 4.05943222, 0.0, -0.0, -0.0, 2.76074304]",3.0,2.666666666666667e-07,local
3451,mp-1620,slab,-49.63137609,83.01,True,"[3.22936699, 0.0, 0.0, 0.0, 3.22936699, 0.0, 0.0, 0.0, 7.86695274]",6.0,1.6666666666666667e-08,local
3452,mp-16236,slab,-18.54308203,344.889,True,"[4.55537785, 0.0, 0.0, 0.0, 4.55537785, 0.0, 0.0, 0.0, 7.77010031]",6.0,3.3333333333333334e-08,local
3453,mp-16238,slab,-50.10374304,90.922,True,"[6.64272296, 0.0, 0.0, 0.0, 6.64272296, 0.0, 0.0, -0.0, 6.64272296]",16.0,0.0,local
3454,mp-16240,slab,-24.41059372,738.089,True,"[4.9166153, 0.0, 0.0, 0.0, 5.36452615, 0.0, 0.0, 0.0, 6.02215403]",8.0,2.375e-07,local
3455,mp-16245,slab,-23.43747636,133.588,True,"[2.34652707, -4.06430411, 0.0, 2.34652707, 4.06430411, 0.0, -0.0, -0.0, 8.22053583]",6.0,1.6666666666666667e-08,local
3456,mp-16246,slab,-33.83224829,196.375,True,"[6.67615752, 0.0, 0.0, 0.0, 6.67615752, 0.0, 0.0, 0.0, 6.67615752]",12.0,2.75e-07,local
3457,mp-16259,slab,-63.83011594,190.76,True,"[4.19558054, 0.0, 0.0, 0.0, 4.19558054, 0.0, 0.0, 0.0, 10.42964081]",10.0,4e-08,local
3458,mp-16260,slab,-49.8102471,976.119,True,"[4.34624901, 0.0, 0.0, 0.0, 4.34624901, 0.0, -0.0, 0.0, 10.22001119]",10.0,0.0,local
3459,mp-16261,slab,-58.88842313,373.396,True,"[4.17981606, 0.0, 0.0, 0.0, 4.17981606, 0.0, 0.0, 0.0, 10.4725961]",10.0,0.0,local
3460,mp-16263,slab,-18.30426525,183.119,True,"[2.15745731, -3.73682568, 0.0, 2.15745731, 3.73682568, 0.0, 0.0, 0.0, 8.24747714]",6.0,5e-08,local
3461,mp-16266,slab,-19.64694235,98.802,True,"[2.11561491, -3.66435251, 0.0, 2.11561491, 3.66435251, -0.0, 0.0, -0.0, 8.26761794]",6.0,5e-08,local
3462,mp-16271,slab,-41.24453492,65.592,True,"[6.79992344, -0.0, 0.0, 0.0, 6.79992344, 0.0, 0.0, 0.0, 6.79992344]",16.0,5.125e-07,local
3463,mp-1628,slab,-22.02243622,92.832,True,"[2.03142143, -3.51852513, 0.0, 2.03142143, 3.51852513, -0.0, -0.0, -0.0, 5.68279617]",4.0,0.0,local
3464,mp-16315,slab,-96.2179292,1078.624,True,"[5.56758928, 0.0, 0.0, 0.0, 5.56758928, 0.0, 0.0, 0.0, 8.06511305]",16.0,0.0,local
3465,mp-16349,slab,-75.34538865,314.641,True,"[5.68406879, 0.0, 0.0, 0.0, 5.68406879, 0.0, 0.0, 0.0, 5.68406879]",16.0,2.6875e-07,local
3466,mp-1634,slab,-39.96721682,422.384,True,"[1.66219004, -2.8789976, 0.0, 1.66219004, 2.8789976, -0.0, -0.0, -0.0, 14.17506466]",6.0,0.0,local
3467,mp-16358,slab,-69.97010198,285.174,True,"[5.82584627, 0.0, 0.0, 0.0, 5.82584627, 0.0, 0.0, 0.0, 5.82584627]",16.0,3.125e-08,local
3468,mp-16366,slab,-43.74678947,182.339,True,"[5.83734813, 0.0, 0.0, 0.0, 5.83734813, 0.0, 0.0, 0.0, 5.83734813]",12.0,0.0,local
3469,mp-1636,slab,-30.72438109,20.775,True,"[3.81241014, 0.0, 0.0, 0.0, 3.81241014, 0.0, -0.0, 0.0, 3.81241014]",4.0,1.525398825,local
3470,mp-1641,slab,-26.90488469,53.45,True,"[2.00681884, -3.47591219, -0.0, 2.00681884, 3.47591219, -0.0, 0.0, -0.0, 5.87836101]",4.0,1.4027651,local
3471,mp-16421,slab,-36.0136613,2000.722,True,"[3.93775027, 0.0, 0.0, 0.0, 3.93775027, 0.0, 0.0, 0.0, 8.6434558]",6.0,0.0,local
3472,mp-16481,slab,-32.66315673,223.542,True,"[2.22754048, -3.85821329, 0.0, 2.22754048, 3.85821329, -0.0, 0.0, -0.0, 5.75698534]",6.0,1.8333333333333333e-07,local
3473,mp-16482,slab,-79.2603261,220.826,True,"[6.45598367, 0.0, 0.0, 0.0, 6.45598367, 0.0, 0.0, 0.0, 6.45598367]",16.0,6.25e-09,local
3474,mp-16493,slab,-92.5606242,1461.518,True,"[4.02305054, -0.0, 0.0, 0.0, 10.05327198, 0.0, 0.0, -0.0, 7.03444509]",16.0,3.125e-08,local
3475,mp-16494,slab,-82.86300994,340.604,True,"[5.94365841, 0.0, 0.0, 0.0, 5.94365841, 0.0, 0.0, 0.0, 5.94365841]",16.0,0.7431089625,local
3476,mp-16495,slab,-121.61107982,253.692,True,"[5.66042531, 0.0, 0.0, 0.0, 5.66042531, 0.0, 0.0, 0.0, 5.66042531]",16.0,0.25353175625,local
3477,mp-16497,slab,-76.38408416,283.696,True,"[6.21717378, 0.0, 0.0, 0.0, 6.21717378, 0.0, 0.0, 0.0, 6.21717378]",16.0,1.125e-07,local
3478,mp-1649,slab,-31.12552911,49.962,True,"[3.73356297, 0.0, 0.0, 0.0, 3.73356297, 0.0, -0.0, 0.0, 3.73356297]",4.0,2.1068961,local
3479,mp-16501,slab,-109.5385044,131.266,True,"[6.41685628, 0.0, 0.0, 0.0, 6.41685628, 0.0, 0.0, 0.0, 6.41685628]",16.0,1.25e-08,local
3480,mp-16514,slab,-86.24015965,809.855,True,"[6.64961574, 0.0, 0.0, 0.0, 7.49204153, 0.0, -0.0, 0.0, 3.76749286]",16.0,2.5e-08,local
3481,mp-16521,slab,-72.33451556,135.257,True,"[3.13009375, 0.0, 0.0, 0.0, 3.13009375, 0.0, 0.0, 0.0, 14.25063167]",10.0,0.0,local
3482,mp-16522,slab,-58.09479191,70.525,True,"[5.94673792, 0.0, 0.0, 0.0, 5.94673792, 0.0, -0.0, 0.0, 5.94673792]",12.0,8.666666666666667e-07,local
3483,mp-16524,slab,-96.68573402,412.452,True,"[6.39004857, 0.0, 0.0, 0.0, 6.39004857, 0.0, 0.0, 0.0, 6.39004857]",16.0,3.125e-08,local
3484,mp-1652,slab,-7.44212894,165.468,True,"[2.89878507, 0.0, 0.0, 0.0, 2.89878507, 0.0, -0.0, 0.0, 3.44176037]",2.0,0.0,local
3485,mp-1664,slab,-65.46571532,52.007,True,"[4.8087509, 0.0, 0.0, 0.0, 4.8087509, 0.0, 0.0, 0.0, 4.8087509]",8.0,0.0002039625,local
3486,mp-1667,slab,-37.69360998,91.465,True,"[1.99933287, -3.46294612, -0.0, 1.99933287, 3.46294612, 0.0, -0.0, 0.0, 5.00770964]",6.0,8.266666666666667e-06,local
3487,mp-1670,slab,-15.77105132,196.251,True,"[2.94019157, 0.0, 0.0, 0.0, 2.94019157, 0.0, -0.0, 0.0, 3.49976279]",2.0,2.1963233,local
3488,mp-16763,slab,-58.30523567,1763.804,True,"[2.24947577, -3.89620632, -0.0, 2.24947577, 3.89620632, -0.0, 0.0, -0.0, 24.73617436]",12.0,0.0,local
3489,mp-16764,slab,-38.53666136,313.529,True,"[2.26356479, -3.92060923, -0.0, 2.26356479, 3.92060923, 0.0, -0.0, 0.0, 17.14933876]",8.0,0.0,local
3490,mp-1682,slab,-62.06484492,119.856,True,"[1.91658342, -3.31961987, 0.0, 1.91658342, 3.31961987, 0.0, 0.0, 0.0, 12.96000191]",8.0,2.5e-08,local
3491,mp-1683,slab,-46.58676369,11088.129,True,"[0.0, 5.48414529, -0.00345735, 3.77995502, 0.0, 0.0, 0.0, -1.28058105, -9.81495628]",8.0,0.0,local
3492,mp-1684,slab,-4.75120996,42.041,True,"[3.18676198, 0.0, 0.0, 0.0, 3.18676198, 0.0, 0.0, 0.0, 3.18676198]",2.0,4e-07,local
3493,mp-1687,slab,-112.20911228,581.142,True,"[8.11787033, 0.0, 0.0, 0.0, 8.11787033, 0.0, 0.0, 0.0, 8.11787033]",24.0,6.666666666666668e-08,local
3494,mp-1696,slab,-6.76605047,70.64,True,"[3.06651729, 0.0, 0.0, 0.0, 3.06651729, 0.0, 0.0, 0.0, 3.73625158]",2.0,5e-08,local
3495,mp-1699,slab,-46.30688557,269.402,True,"[2.95539168, 0.0, 0.0, 0.0, 2.95539168, 0.0, 0.0, 0.0, 8.65023501]",6.0,1.8333333333333333e-07,local
3496,mp-1708,slab,-48.81709928,92.31,True,"[6.17045207, 0.0, 0.0, 0.0, 6.17045207, 0.0, 0.0, 0.0, 6.17045207]",8.0,5.125e-07,local
3497,mp-1718,slab,-207.0265498,482.728,True,"[7.02873238, -0.0, 0.0, 0.0, 7.02873238, 0.0, -0.0, -0.0, 7.02873238]",24.0,1.0399692416666666,local
3498,mp-171,slab,-52.76945674,377.059,True,"[3.53066052, 0.0, 0.0, 0.0, 3.53066052, 0.0, 0.0, 0.0, 7.21186272]",8.0,7.5e-08,local
3499,mp-1725,slab,-20.19650094,878.05,True,"[4.60600002, 0.0, 0.0, 0.0, 7.39499863, 0.0, 0.0, 0.0, 7.52463412]",12.0,9.16666666666667e-08,local
3500,mp-1734,slab,-8.85012865,152.558,True,"[2.69686884, -4.67111385, 0.0, 2.69686884, 4.67111385, -0.0, 0.0, -0.0, 4.2524354]",6.0,5e-08,local
3501,mp-1769,slab,-20.4457561,45.671,True,"[2.07084536, -3.58680938, -0.0, 2.07084536, 3.58680938, -0.0, 0.0, 0.0, 5.67729063]",4.0,0.0,local
3502,mp-1775,slab,-14.88747639,72.539,True,"[2.19922903, -3.80917642, 0.0, 2.19922903, 3.80917642, -0.0, 0.0, -0.0, 5.6154586]",4.0,2.5e-08,local
3503,mp-1780,slab,-15.51920703,30.438,True,"[3.23176495, -0.0, 0.0, 0.0, 3.23176495, 0.0, 0.0, 0.0, 3.23176495]",2.0,3.5e-07,local
3504,mp-1782,slab,-51.68386289,65.205,True,"[5.48798006, 0.0, 0.0, 0.0, 5.48798006, 0.0, 0.0, 0.0, 5.48798006]",8.0,2.125e-07,local
3505,mp-1797,slab,-14.52957315,207.941,True,"[2.93630936, -0.0, 0.0, 0.0, 2.93630936, 0.0, -0.0, -0.0, 2.89520176]",2.0,2.2044394,local
3506,mp-1799,slab,-212.37341968,363.639,True,"[6.71653649, 0.0, 0.0, 0.0, 6.71653649, 0.0, 0.0, 0.0, 6.71653649]",24.0,0.2134416375,local
3507,mp-1814,slab,-16.49784276,128.777,True,"[2.96728961, -5.13949637, -0.0, 2.96728961, 5.13949637, 0.0, -0.0, 0.0, 4.62276436]",6.0,2.666666666666667e-07,local
3508,mp-1821,slab,-43.24062485,1389.62,True,"[1.66138842, -2.87760916, 0.0, 1.66138842, 2.87760916, -0.0, -0.0, -0.0, 14.78003412]",6.0,0.0,local
3509,mp-1822,slab,-57.42999529,106.146,True,"[1.82755899, -3.16542502, 0.0, 1.82755899, 3.16542502, 0.0, -0.0, -0.0, 12.08855997]",8.0,3.75e-08,local
3510,mp-1823,slab,-56.74477721,245.981,True,"[2.87491342, -4.97949611, 0.0, 2.87491342, 4.97949611, -0.0, -0.0, 0.0, 4.65474591]",8.0,0.0,local
3511,mp-1825,slab,-23.11392203,295.946,True,"[4.03706764, 0.0, 0.0, 0.0, 4.03706764, 0.0, 0.0, 0.0, 6.1395264]",6.0,0.0,local
3512,mp-1831,slab,-20.49993268,107.584,True,"[2.84440242, -4.92664951, 0.0, 2.84440242, 4.92664951, -0.0, 0.0, -0.0, 4.67517185]",6.0,4e-07,local
3513,mp-1836,slab,-50.19520948,1016.181,True,"[8.27010106, 0.0, 0.0, 0.0, 8.27010106, 0.0, 0.0, 0.0, 7.15285391]",16.0,0.0,local
3514,mp-1841,slab,-133.90408989,305.959,True,"[5.27960991, 0.0, 0.0, 0.0, 5.27960991, 0.0, 0.0, 0.0, 8.04303025]",16.0,3.125e-08,local
3515,mp-1842,slab,-46.29585509,130.315,True,"[3.85003495, 0.0, 0.0, 0.0, 3.85003495, 0.0, 0.0, 0.0, 8.62821519]",8.0,1.25e-08,local
3516,mp-1861,slab,-20.69149499,2544.681,True,"[2.15569798, -3.73377842, -0.0, 2.15569798, 3.73377842, -0.0, 0.0, 0.0, 8.72832215]",6.0,0.0,local
3517,mp-1867,slab,-119.2054028,563.652,True,"[6.23125423, 0.0, 0.0, 0.0, 6.23125423, 0.0, 0.0, 0.0, 4.86126333]",12.0,2.166666666666667e-07,local
3518,mp-1882,slab,-21.31450985,144.481,True,"[2.55706527, -4.42896697, 0.0, 2.55706527, 4.42896697, -0.0, -0.0, -0.0, 4.0767701]",6.0,0.0,local
3519,mp-1885,slab,-14.47367687,16.477,True,"[3.01487955, -0.0, 0.0, 0.0, 3.01487955, 0.0, 0.0, 0.0, 3.01487955]",2.0,1.6e-06,local
3520,mp-188,slab,-24.78096502,31.241,True,"[3.91664727, 0.0, 0.0, 0.0, 3.91664727, 0.0, -0.0, 0.0, 3.91664727]",4.0,2.325e-06,local
3521,mp-189,slab,-63.67969241,80.357,True,"[4.73594846, 0.0, 0.0, 0.0, 4.73594846, 0.0, 0.0, 0.0, 4.73594846]",8.0,0.0,local
3522,mp-1902,slab,-14.56162435,39.582,True,"[3.12296269, 0.0, 0.0, 0.0, 3.12296269, 0.0, -0.0, -0.0, 3.12296269]",2.0,2.1965486,local
3523,mp-1907,slab,-16.21871809,136.876,True,"[1.88862537, -3.2711951, 0.0, 1.88862537, 3.2711951, -0.0, 0.0, 0.0, 6.80890868]",3.0,0.0,local
3524,mp-1912,slab,-3.91942399,26.946,True,"[3.18418755, 0.0, 0.0, 0.0, 3.18418755, 0.0, 0.0, 0.0, 3.18418755]",2.0,2.5e-07,local
3525,mp-1914,slab,-14.23623212,95.805,True,"[2.10628304, -3.64818924, -0.0, 2.10628304, 3.64818924, -0.0, -0.0, -0.0, 4.1286689]",3.0,9.333333333333332e-07,local
3526,mp-1918,slab,-15.56391429,42.684,True,"[3.00644525, 0.0, 0.0, 0.0, 3.00644525, 0.0, -0.0, 0.0, 3.00644525]",2.0,2.1093126,local
3527,mp-191,slab,-15.34779858,34.649,True,"[3.43120164, 0.0, 0.0, 0.0, 3.43120164, 0.0, 0.0, 0.0, 3.43120164]",2.0,7e-07,local
3528,mp-1932,slab,-86.02482782,87.877,True,"[5.15536088, -0.0, 0.0, 0.0, 5.15536088, 0.0, -0.0, -0.0, 5.15536088]",8.0,7.5e-08,local
3529,mp-1934,slab,-27.60552581,240.689,True,"[6.18947357, 0.0, 0.0, 0.0, 6.18947357, 0.0, 0.0, 0.0, 6.18947357]",16.0,1.125e-07,local
3530,mp-1936,slab,-70.22033504,157.341,True,"[3.46651402, 0.0, 0.0, 0.0, 3.46651402, 0.0, 0.0, 0.0, 11.7468225]",8.0,6.25e-08,local
3531,mp-193,slab,-42.39021951,202.187,True,"[3.23437159, -0.0, 0.0, 0.0, 3.23437159, 0.0, 0.0, -0.0, 11.19347328]",6.0,0.0,local
3532,mp-1941,slab,-9.1011137,48.372,True,"[2.92362333, 0.0, 0.0, 0.0, 2.92362333, 0.0, 0.0, 0.0, 2.92362333]",2.0,5e-08,local
3533,mp-1943,slab,-30.32483132,2369.616,True,"[1.90928746, -3.30698289, -0.0, 1.90928746, 3.30698289, 0.0, -0.0, 0.0, 16.81441072]",8.0,0.0,local
3534,mp-1953,slab,-12.3920104,50.817,True,"[2.82262299, 0.0, 0.0, 0.0, 2.82262299, 0.0, 0.0, 0.0, 4.07270767]",2.0,4.5e-07,local
3535,mp-1961,slab,-10.37184308,450.89,True,"[2.86530856, -0.0, 0.0, 0.0, 2.86530856, 0.0, -0.0, -0.0, 4.20604892]",2.0,0.4226066,local
3536,mp-1963,slab,-18.32297285,109.943,True,"[2.86418117, -0.0, 0.0, 0.0, 2.86418117, 0.0, 0.0, -0.0, 3.86778266]",2.0,3.5e-07,local
3537,mp-1969,slab,-77.22626815,940.046,True,"[0.0, 10.34348829, -0.01207697, 3.67239908, 0.0, 0.0, 0.0, -4.22423211, -7.27848986]",12.0,0.0,local
3538,mp-19713,slab,-45.02638896,148.589,True,"[3.21027794, -5.56036449, -0.0, 3.21027794, 5.56036449, -0.0, -0.0, -0.0, 5.21820456]",8.0,0.37083035,local
3539,mp-19724,slab,-31.44975217,1512.005,True,"[4.2442158, 0.0, 0.0, 0.0, 4.60424449, 0.0, 0.0, 0.0, 5.29432591]",8.0,0.0,local
3540,mp-1973,slab,-40.26972064,192.397,True,"[3.82981959, 0.0, 0.0, 0.0, 3.82981959, 0.0, 0.0, 0.0, 8.80152344]",8.0,0.0,local
3541,mp-19747,slab,-96.81093882,2516.761,True,"[2.85643034, -4.94748247, -0.0, 2.85643034, 4.94748247, 0.0, 0.0, 0.0, 14.50823612]",21.0,8.095238095238096e-08,local
3542,mp-1975771,slab,-14.47760841,56.869,True,"[5.14611506, 0.0, 0.0, 0.0, 5.14611506, 0.0, 0.0, 0.0, 5.14611506]",5.0,1e-07,local
3543,mp-19768,slab,-37.18173332,548.626,True,"[3.61047295, 0.0, 0.0, 0.0, 3.61047295, 0.0, -0.0, 0.0, 6.18798153]",6.0,0.0,local
3544,mp-1978391,slab,-13.64846425,127.492,True,"[3.89384075, -0.0, 0.0, 0.0, 3.89384075, 0.0, -0.0, -0.0, 5.48326634]",4.0,0.0,local
3545,mp-19787,slab,-62.9951879,482.952,True,"[4.35345149, 0.0, 0.0, 0.0, 4.35345149, 0.0, 0.0, 0.0, 10.38476097]",10.0,1e-08,local
3546,mp-19791,slab,-63.75148837,456.625,True,"[4.29388356, 0.0, 0.0, 0.0, 4.29388356, 0.0, 0.0, 0.0, 10.02372561]",10.0,2e-08,local
3547,mp-19814,slab,-31.14190251,230.565,True,"[3.58820566, 0.0, 0.0, 0.0, 4.78538157, 0.0, 0.0, 0.0, 5.83381458]",6.0,3.166666666666667e-07,local
3548,mp-19824,slab,-61.2246165,974.977,True,"[4.00078118, -0.0, 0.0, 0.0, 4.00078118, 0.0, -0.0, -0.0, 10.97215573]",10.0,0.88337228,local
3549,mp-19850,slab,-114.11103535,320.022,True,"[5.72972495, 0.0, 0.0, 0.0, 5.72972495, 0.0, 0.0, 0.0, 5.72972495]",16.0,1.25033430625,local
3550,mp-19856,slab,-22.16854456,61.496,True,"[2.09177293, -3.62305699, 0.0, 2.09177293, 3.62305699, 0.0, -0.0, -0.0, 5.51661057]",4.0,2e-07,local
3551,mp-19870,slab,-28.1512044,46.546,True,"[3.6604639, 0.0, 0.0, 0.0, 3.6604639, 0.0, 0.0, 0.0, 3.6604639]",4.0,1.754533325,local
3552,mp-19871,slab,-81.84215791,648.692,True,"[8.12161838, 0.0, 0.0, 0.0, 8.12161838, 0.0, 0.0, 0.0, 8.12161838]",24.0,1.5833333333333333e-07,local
3553,mp-19876,slab,-25.23345544,125.813,True,"[2.64403567, -4.57960411, -0.0, 2.64403567, 4.57960411, 0.0, 0.0, -0.0, 4.38086938]",6.0,1.3666666666666666e-06,local
3554,mp-19877,slab,-101.43225713,268.692,True,"[6.31656073, -0.0, 0.0, 0.0, 6.31656073, 0.0, -0.0, -0.0, 6.31656073]",16.0,2.5625e-07,local
3555,mp-19880,slab,-30.10982695,455.001,True,"[3.89050088, 0.0, 0.0, 0.0, 5.25590506, 0.0, 0.0, 0.0, 6.25424563]",6.0,0.0,local
3556,mp-19895,slab,-28.70003617,371.096,True,"[3.88232991, 0.0, 0.0, 0.0, 5.24574375, 0.0, 0.0, 0.0, 6.36912336]",6.0,0.0,local
3557,mp-19904,slab,-101.25554895,165.087,True,"[6.321596, 0.0, 0.0, 0.0, 6.321596, 0.0, 0.0, 0.0, 6.321596]",16.0,4.8e-05,local
3558,mp-19917,slab,-39.05516239,60.638,True,"[3.69021108, -0.0, 0.0, 0.0, 3.69021108, 0.0, -0.0, -0.0, 10.16767623]",6.0,3.3333333333333334e-08,local
3559,mp-19928,slab,-38.09909149,516.774,True,"[3.92222273, -0.0, 0.0, 0.0, 3.92222273, 0.0, -0.0, -0.0, 8.57213213]",6.0,0.0,local
3560,mp-19929,slab,-63.31845764,399.215,True,"[6.18826313, 0.0, 0.0, 0.0, 6.18826313, 0.0, 0.0, 0.0, 6.18826313]",16.0,6.25e-09,local
3561,mp-19940,slab,-58.63965622,710.181,True,"[3.34109626, 0.0, 0.0, 0.0, 5.86677028, 0.0, -0.0, 0.0, 6.27142261]",8.0,0.0,local
3562,mp-19943,slab,-41.86045896,1185.569,True,"[4.31581925, 0.0, 0.0, 0.0, 4.31581925, 0.0, -0.0, 0.0, 9.92097982]",8.0,0.0,local
3563,mp-19946,slab,-71.12514179,255.381,True,"[6.65758372, 0.0, 0.0, 0.0, 6.65758372, 0.0, 0.0, 0.0, 6.65758372]",16.0,9.375e-08,local
3564,mp-19953,slab,-50.46069423,273.034,True,"[3.71150452, 0.0, 0.0, 0.0, 3.71150452, 0.0, 0.0, -0.0, 9.08900613]",8.0,0.0,local
3565,mp-19962,slab,-60.4416466,160.536,True,"[6.55260678, 0.0, 0.0, 0.0, 6.55260678, 0.0, 0.0, 0.0, 6.55260678]",12.0,3.3333333333333334e-08,local
3566,mp-19963,slab,-116.97159668,413.183,True,"[6.03684514, 0.0, 0.0, 0.0, 6.03684514, 0.0, 0.0, 0.0, 6.03684514]",16.0,6.25e-09,local
3567,mp-19968,slab,-48.3159477,4516.711,True,"[4.45703411, 0.0, 0.0, 0.0, 10.83512954, 0.0, 0.0, 0.0, 7.56516202]",16.0,0.0,local
3568,mp-19971,slab,-80.84526167,313.738,True,"[5.74448796, 0.0, 0.0, 0.0, 5.74448796, 0.0, 0.0, 0.0, 5.74448796]",16.0,0.0620375375,local
3569,mp-19974,slab,-31.84293114,790.53,True,"[7.01709238, 0.0, 0.0, 0.0, 7.01709238, 0.0, -0.0, -0.0, 5.68909023]",12.0,3.3333333333333334e-08,local
3570,mp-19983,slab,-32.1457782,103.848,True,"[2.21157739, -3.8305644, 0.0, 2.21157739, 3.8305644, 0.0, 0.0, -0.0, 6.05265063]",6.0,1.1666666666666669e-07,local
3571,mp-2000,slab,-22.00701113,206.224,True,"[3.80762568, 0.0, 0.0, 0.0, 5.06245114, 0.0, 0.0, 0.0, 6.23069975]",6.0,0.0,local
3572,mp-2002,slab,-58.59983068,287.63,True,"[6.25842233, 0.0, 0.0, 0.0, 6.25842233, 0.0, 0.0, 0.0, 6.25842233]",16.0,6.25e-08,local
3573,mp-20033,slab,-26.26274783,65.429,True,"[2.01562185, -3.49115946, 0.0, 2.01562185, 3.49115946, -0.0, -0.0, -0.0, 5.66722722]",4.0,1.25e-07,local
3574,mp-2006,slab,-75.66335223,94.697,True,"[4.78327169, 0.0, 0.0, 0.0, 4.78327169, 0.0, 0.0, 0.0, 4.78327169]",8.0,8.75e-08,local
3575,mp-20086,slab,-66.53538327,412.323,True,"[6.64309985, 0.0, 0.0, 0.0, 6.64309985, 0.0, 0.0, 0.0, 5.42130944]",12.0,0.7631770416666667,local
3576,mp-2008,slab,-36.7374781,251.649,True,"[2.88704298, 0.0, 0.0, 0.0, 5.30936348, 0.0, 0.0, 0.0, 5.98807485]",6.0,3.5e-07,local
3577,mp-20112,slab,-42.00448153,170.396,True,"[2.6558285, -4.60002989, 0.0, 2.6558285, 4.60002989, -0.0, -0.0, -0.0, 4.25941123]",8.0,8.75e-08,local
3578,mp-20131,slab,-15.8456486,52.055,True,"[4.640913, 0.0, 0.0, 0.0, 4.640913, 0.0, 0.0, 0.0, 4.640913]",4.0,5e-07,local
3579,mp-20139,slab,-31.58500849,30.978,True,"[3.651498, 0.0, 0.0, 0.0, 3.651498, 0.0, 0.0, 0.0, 3.651498]",4.0,1.320772725,local
3580,mp-20145,slab,-107.46134015,416.688,True,"[5.83904424, 0.0, 0.0, 0.0, 5.83904424, 0.0, 0.0, 0.0, 5.83904424]",16.0,0.25546785625,local
3581,mp-20155,slab,-59.53423284,502.92,True,"[6.37411343, 0.0, 0.0, 0.0, 6.37411343, 0.0, 0.0, 0.0, 5.48873169]",12.0,2.9166666666666664e-07,local
3582,mp-20160,slab,-111.68434123,260.816,True,"[5.89119212, -0.0, 0.0, 0.0, 5.89119212, 0.0, -0.0, 0.0, 5.89119212]",16.0,1.8134933125,local
3583,mp-20174,slab,-66.74954304,2057.652,True,"[0.0, 12.3164396, 0.01480931, 4.09898337, 0.0, 0.0, 0.0, -1.36529871, -5.0872491]",14.0,0.0,local
3584,mp-20187,slab,-59.97803202,365.661,True,"[6.03572267, 0.0, 0.0, 0.0, 6.03572267, 0.0, 0.0, 0.0, 11.86944994]",16.0,0.0,local
3585,mp-20189,slab,-31.90530509,1551.877,True,"[4.40126536, -0.0, 0.0, 0.0, 4.40126536, 0.0, -0.0, -0.0, 7.48707904]",6.0,1.25930685,local
3586,mp-2018,slab,-116.99306534,199.671,True,"[5.74158466, -0.0, 0.0, 0.0, 5.74158466, 0.0, 0.0, -0.0, 5.74158466]",16.0,1.4946180375,local
3587,mp-20211,slab,-134.77210695,343.595,True,"[5.6451847, 0.0, 0.0, 0.0, 5.6451847, 0.0, -0.0, -0.0, 5.6451847]",16.0,0.250429125,local
3588,mp-20228,slab,-95.90652838,419.466,True,"[5.80701227, 0.0, 0.0, 0.0, 5.80701227, 0.0, 0.0, 0.0, 5.80701227]",16.0,1.015670775,local
3589,mp-20233,slab,-31.02326448,171.174,True,"[4.52641936, -0.0, 0.0, 0.0, 4.52641936, 0.0, -0.0, -0.0, 7.35141457]",6.0,1.2897005,local
3590,mp-20235,slab,-32.95133878,1913.437,True,"[4.00418368, -0.0, 0.0, 0.0, 4.00418368, 0.0, 0.0, -0.0, 7.66014128]",6.0,0.77676735,local
3591,mp-20237,slab,-32.77583777,251.721,True,"[2.14839115, -3.72112262, 0.0, 2.14839115, 3.72112262, -0.0, -0.0, 0.0, 5.25614654]",6.0,0.3391884333333333,local
3592,mp-2025,slab,-30.10272559,22.59,True,"[2.25970117, -3.91391724, 0.0, 2.25970117, 3.91391724, 0.0, 0.0, 0.0, 3.43969043]",6.0,2.55e-06,local
3593,mp-20261,slab,-65.43165477,566.505,True,"[5.74325217, -0.0, 0.0, 0.0, 5.74325217, 0.0, 0.0, 0.0, 10.93955335]",14.0,0.7142854714285714,local
3594,mp-20265,slab,-60.43139599,174.004,True,"[6.60052855, 0.0, 0.0, 0.0, 6.60052855, 0.0, 0.0, 0.0, 6.60052855]",16.0,0.0,local
3595,mp-20279,slab,-22.61948654,111.879,True,"[1.72955639, -2.99567955, -0.0, 1.72955639, 2.99567955, -0.0, 0.0, -0.0, 9.38559826]",4.0,2.5e-08,local
3596,mp-2027,slab,-17.73709702,31.175,True,"[3.14623687, -0.0, 0.0, 0.0, 3.14623687, 0.0, -0.0, 0.0, 3.14623687]",2.0,0.006411,local
3597,mp-2028,slab,-146.40315367,206.027,True,"[6.52508656, -0.0, 0.0, 0.0, 6.52508656, 0.0, -0.0, -0.0, 6.52508656]",24.0,4.958333333333333e-07,local
3598,mp-20291,slab,-18.33080964,36.585,True,"[4.89151128, 0.0, 0.0, 0.0, 4.89151128, 0.0, -0.0, 0.0, 4.89151128]",4.0,2.5e-08,local
3599,mp-20311,slab,-24.60254436,1238.347,True,"[3.68051772, -0.0, 0.0, 0.0, 3.68051772, 0.0, -0.0, -0.0, 6.00932794]",4.0,1.25e-07,local
3600,mp-2031,slab,-93.27571145,282.426,True,"[6.00523494, 0.0, 0.0, 0.0, 6.00523494, 0.0, 0.0, 0.0, 6.00523494]",24.0,0.0,local
3601,mp-20344,slab,-29.62279248,68.216,True,"[3.63856211, -0.0, 0.0, 0.0, 3.63856211, 0.0, -0.0, -0.0, 3.63856211]",4.0,1.602925925,local
3602,mp-20354,slab,-31.22495753,266.261,True,"[3.87992989, -0.0, 0.0, 0.0, 3.87992989, 0.0, -0.0, -0.0, 6.52291918]",6.0,0.6783624333333332,local
3603,mp-20363,slab,-65.12391701,272.257,True,"[6.17477446, 0.0, 0.0, 0.0, 6.17477446, 0.0, 0.0, 0.0, 6.17477446]",16.0,1.8125e-07,local
3604,mp-2036706,slab,-78.97550668,9518.565,True,"[0.0, 6.03329233, -0.00930127, 10.55742026, 0.0, 0.0, 0.0, -0.00862921, -6.44712227]",16.0,0.25006974375,local
3605,mp-20389,slab,-30.35232161,208.924,True,"[7.51473324, 0.0, 0.0, 0.0, 7.51473324, 0.0, 0.0, 0.0, 7.51473324]",16.0,1.25e-08,local
3606,mp-203,slab,-17.98471586,152.19,True,"[2.01773768, -3.49482418, 0.0, 2.01773768, 3.49482418, -0.0, -0.0, -0.0, 5.27420273]",4.0,1e-07,local
3607,mp-20401,slab,-52.76832894,670.119,True,"[3.6902273, 0.0, 0.0, 0.0, 3.6902273, 0.0, -0.0, -0.0, 8.98604525]",8.0,0.0,local
3608,mp-20426,slab,-42.74392192,563.51,True,"[3.67088413, 0.0, 0.0, 0.0, 3.67088413, 0.0, 0.0, 0.0, 5.78953298]",6.0,1.1012746166666667,local
3609,mp-20432,slab,-42.20846845,97.76,True,"[2.06404999, -3.57503945, 0.0, 2.06404999, 3.57503945, -0.0, 0.0, 0.0, 5.00389647]",6.0,1.2897405,local
3610,mp-20440,slab,-97.84965857,547.713,True,"[6.05700517, 0.0, 0.0, 0.0, 6.05700517, 0.0, 0.0, 0.0, 6.05700517]",16.0,1.0155835,local
3611,mp-20473,slab,-45.18393323,112.97,True,"[2.09253071, -3.6243695, -0.0, 2.09253071, 3.6243695, -0.0, -0.0, -0.0, 5.09071249]",6.0,1.547514066666667,local
3612,mp-20481,slab,-99.38518651,219.658,True,"[6.421281, 0.0, 0.0, 0.0, 6.421281, 0.0, 0.0, 0.0, 6.421281]",16.0,1.057016625,local
3613,mp-20485,slab,-28.43126358,1527.189,True,"[2.04925262, -3.54940966, -0.0, 2.04925262, 3.54940966, -0.0, 0.0, -0.0, 17.65529229]",8.0,0.0,local
3614,mp-20497,slab,-68.98757997,5434.994,True,"[4.36230543, 0.0, 0.0, 0.0, 11.16096893, 0.0, -0.0, -0.0, 8.14969828]",16.0,0.0,local
3615,mp-2049,slab,-246.46198358,614.981,True,"[7.61317647, 0.0, 0.0, 0.0, 7.61317647, 0.0, 0.0, 0.0, 7.61317647]",24.0,4.166666666666667e-09,local
3616,mp-20512,slab,-23.44253886,61.842,True,"[2.04329675, -3.53909379, -0.0, 2.04329675, 3.53909379, 0.0, 0.0, 0.0, 5.1198111]",4.0,0.974317425,local
3617,mp-20516,slab,-22.26970296,29.425,True,"[4.04682977, 0.0, 0.0, 0.0, 4.04682977, 0.0, 0.0, 0.0, 4.04682977]",4.0,1.3325e-05,local
3618,mp-20521,slab,-98.42947888,253.399,True,"[6.60310605, 0.0, 0.0, 0.0, 6.60310605, 0.0, 0.0, 0.0, 6.60310605]",16.0,1.9375e-07,local
3619,mp-2052,slab,-54.69946716,109.323,True,"[5.4912687, -0.0, 0.0, 0.0, 5.4912687, 0.0, -0.0, -0.0, 5.4912687]",8.0,0.0,local
3620,mp-20533,slab,-62.11550871,3407.399,True,"[4.53421397, 0.0, 0.0, 0.0, 11.08861431, 0.0, 0.0, 0.0, 8.01651204]",16.0,6.25e-09,local
3621,mp-20536,slab,-33.240691,83.263,True,"[2.64682218, -4.5844305, 0.0, 2.64682218, 4.5844305, 0.0, -0.0, -0.0, 4.22367265]",6.0,7.5e-07,local
3622,mp-20539,slab,-15.16330537,68.224,True,"[4.53232123, 0.0, 0.0, 0.0, 4.53232123, 0.0, 0.0, 0.0, 4.53232123]",4.0,0.0,local
3623,mp-2053,slab,-71.88194206,76.672,True,"[5.29155587, -0.0, 0.0, 0.0, 5.29155587, 0.0, -0.0, -0.0, 5.29155587]",8.0,5e-08,local
3624,mp-20551,slab,-22.92216427,81.973,True,"[3.51669788, 0.0, 0.0, 0.0, 3.51669788, 0.0, 0.0, 0.0, 3.74991446]",4.0,0.752646525,local
3625,mp-20552,slab,-47.68859158,690.413,True,"[3.55296401, -0.0, 0.0, 0.0, 3.55296401, 0.0, -0.0, -0.0, 6.31688049]",6.0,0.1967399833333333,local
3626,mp-20554,slab,-55.94106151,776.018,True,"[6.20038068, 0.0, 0.0, 0.0, 6.20038068, 0.0, 0.0, 0.0, 12.04418594]",16.0,0.0,local
3627,mp-20563,slab,-56.71855052,876.273,True,"[3.99009364, -0.0, 0.0, 0.0, 3.99009364, 0.0, -0.0, -0.0, 12.58015535]",10.0,0.21683788,local
3628,mp-20565,slab,-42.17123528,202.284,True,"[2.04050872, -3.53426478, 0.0, 2.04050872, 3.53426478, 0.0, -0.0, 0.0, 5.13330315]",6.0,1.0424894166666667,local
3629,mp-20567,slab,-73.08407163,297.786,True,"[6.06184424, 0.0, 0.0, 0.0, 6.06184424, 0.0, 0.0, 0.0, 6.06184424]",16.0,6.25e-09,local
3630,mp-2056,slab,-74.30278814,516.041,True,"[3.02144355, -5.23329374, -0.0, 3.02144355, 5.23329374, 0.0, 0.0, 0.0, 7.26356687]",15.0,0.0,local
3631,mp-20586,slab,-120.70681945,204.128,True,"[5.66622013, 0.0, 0.0, 0.0, 5.66622013, 0.0, 0.0, 0.0, 5.66622013]",16.0,0.69695989375,local
3632,mp-20599,slab,-51.74315231,482.714,True,"[7.01336322, 0.0, 0.0, 0.0, 7.01336322, 0.0, 0.0, 0.0, 5.91098764]",12.0,0.0,local
3633,mp-2059,slab,-65.05129353,137.662,True,"[3.47211504, -0.0, 0.0, 0.0, 3.47211504, 0.0, 0.0, 0.0, 11.76043672]",8.0,3.75e-08,local
3634,mp-20612,slab,-31.62910245,261.779,True,"[4.13065577, -0.0, 0.0, 0.0, 4.13065577, 0.0, -0.0, -0.0, 7.05870589]",6.0,1.175701,local
3635,mp-20619,slab,-49.42209956,456.8,True,"[3.91173885, 0.0, 0.0, 0.0, 6.04053893, 0.0, 0.0, 0.0, 6.42361465]",8.0,0.0,local
3636,mp-20649,slab,-71.7570583,730.952,True,"[3.9348981, -0.0, 0.0, 0.0, 3.9348981, 0.0, -0.0, -0.0, 10.88782495]",10.0,0.83188272,local
3637,mp-20664,slab,-43.60204094,1061.427,True,"[3.9349776, -0.0, 0.0, 0.0, 3.9349776, 0.0, -0.0, -0.0, 6.45669465]",6.0,1.8609171166666665,local
3638,mp-20685,slab,-67.09486948,204.004,True,"[4.5851805, 0.0, 0.0, 0.0, 4.5851805, 0.0, 0.0, 0.0, 4.5851805]",8.0,8e-07,local
3639,mp-20695,slab,-29.13182038,59.049,True,"[4.47284631, 0.0, 0.0, 0.0, 4.47284631, 0.0, -0.0, -0.0, 4.47284631]",4.0,2.5e-08,local
3640,mp-20698,slab,-30.2435437,155.385,True,"[3.74996292, 0.0, 0.0, 0.0, 3.74996292, 0.0, 0.0, 0.0, 6.12476557]",6.0,3.8e-06,local
3641,mp-20711,slab,-118.67971038,327.988,True,"[5.72010478, -0.0, 0.0, 0.0, 5.72010478, 0.0, -0.0, -0.0, 5.72010478]",16.0,1.38383815,local
3642,mp-20714,slab,-33.2090679,383.482,True,"[3.30843001, 0.0, 0.0, 0.0, 5.74090015, 0.0, -0.0, 0.0, 6.51576162]",6.0,0.2966803333333333,local
3643,mp-20717,slab,-58.2468817,196.426,True,"[3.56866223, -0.0, 0.0, 0.0, 5.68113642, 0.0, 0.0, -0.0, 6.28362123]",8.0,1.228308675,local
3644,mp-20730,slab,-117.45551267,442.401,True,"[6.25066434, 0.0, 0.0, 0.0, 6.25066434, 0.0, 0.0, 0.0, 6.25066434]",16.0,0.50866945625,local
3645,mp-20738,slab,-20.245508,57.17,True,"[2.70185611, 0.0, 0.0, 0.0, 2.70185611, 0.0, 0.0, 0.0, 5.14317741]",3.0,9e-07,local
3646,mp-20744,slab,-94.89599566,431.919,True,"[6.31933289, 0.0, 0.0, 0.0, 6.31933289, 0.0, 0.0, 0.0, 6.31933289]",16.0,8.75e-08,local
3647,mp-20757,slab,-35.70475881,279.338,True,"[3.89326921, 0.0, 0.0, 0.0, 3.89326921, 0.0, 0.0, 0.0, 5.92246153]",6.0,0.6648977333333334,local
3648,mp-2076,slab,-19.59823425,1566.623,True,"[1.90042439, -3.2916316, -0.0, 1.90042439, 3.2916316, 0.0, 0.0, 0.0, 6.6890236]",3.0,6.666666666666668e-08,local
3649,mp-2078,slab,-23.68211725,767.4,True,"[3.1224578, 0.0, 0.0, 0.0, 3.1224578, 0.0, 0.0, 0.0, 5.93171021]",4.0,0.0,local
3650,mp-20791,slab,-46.78872046,294.026,True,"[3.67406729, 0.0, 0.0, 0.0, 3.67406729, 0.0, -0.0, -0.0, 6.4614793]",6.0,1.048405866666667,local
3651,mp-20801,slab,-56.17466438,187.388,True,"[6.62755862, 0.0, 0.0, 0.0, 6.62755862, 0.0, 0.0, 0.0, 6.62755862]",16.0,6.25e-09,local
3652,mp-20826,slab,-14.01432407,3505.36,True,"[3.24529336, 0.0, 0.0, 0.0, 4.05100534, 0.0, 0.0, 0.0, 7.52050991]",4.0,0.0,local
3653,mp-20828,slab,-22.14118608,35.181,True,"[4.13164872, 0.0, 0.0, 0.0, 4.13164872, 0.0, -0.0, 0.0, 4.13164872]",4.0,6.325e-06,local
3654,mp-20832,slab,-42.92282303,895.736,True,"[6.25113283, -0.0, 0.0, 0.0, 6.25113283, 0.0, 0.0, 0.0, 12.63535064]",14.0,7.142857142857142e-09,local
3655,mp-2083,slab,-69.53358822,125.229,True,"[6.42954203, 0.0, 0.0, 0.0, 6.42954203, 0.0, 0.0, 0.0, 6.42954203]",12.0,2.5e-08,local
3656,mp-20840,slab,-109.15880302,326.257,True,"[5.98706394, 0.0, 0.0, 0.0, 5.98706394, 0.0, 0.0, 0.0, 5.98706394]",16.0,1.2593678125,local
3657,mp-20849,slab,-20.34192478,33.415,True,"[4.10872591, 0.0, 0.0, 0.0, 4.10872591, 0.0, 0.0, 0.0, 4.10872591]",4.0,3.5e-07,local
3658,mp-20861,slab,-56.01582287,100.585,True,"[4.77010877, 0.0, 0.0, 0.0, 4.77010877, 0.0, 0.0, 0.0, 4.77010877]",8.0,0.4728669125,local
3659,mp-20862,slab,-29.81509998,490.742,True,"[3.63655346, 0.0, 0.0, 0.0, 4.8900311, 0.0, -0.0, 0.0, 5.81557754]",6.0,0.0966196,local
3660,mp-20864,slab,-96.98082887,555.459,True,"[6.04976694, 0.0, 0.0, 0.0, 6.04976694, 0.0, 0.0, 0.0, 6.04976694]",16.0,0.21860185,local
3661,mp-20865,slab,-29.9226712,196.102,True,"[2.31054349, -4.00197872, 0.0, 2.31054349, 4.00197872, -0.0, 0.0, 0.0, 7.41860852]",6.0,0.0,local
3662,mp-20866,slab,-51.05441486,839.201,True,"[4.94269366, -0.0, 0.0, 0.0, 4.94269366, 0.0, -0.0, 0.0, 4.94269366]",8.0,0.0,local
3663,mp-20883,slab,-56.86763876,188.996,True,"[2.72967211, -4.72793079, -0.0, 2.72967211, 4.72793079, 0.0, 0.0, -0.0, 4.31307556]",8.0,1.7274069125,local
3664,mp-2089,slab,-41.57509139,1836.688,True,"[0.0, 5.95806556, -0.00061164, 3.9274993, 0.0, 0.0, 0.0, -1.35920524, -10.48457319]",8.0,0.0,local
3665,mp-208,slab,-55.91569195,629.977,True,"[3.61885349, 0.0, 0.0, 0.0, 5.60553155, 0.0, 0.0, -0.0, 6.33181104]",8.0,1e-07,local
3666,mp-20900,slab,-30.09277222,4443.524,True,"[4.29944464, 0.0, 0.0, 0.0, 5.09526286, 0.0, 0.0, -0.0, 5.52559695]",8.0,0.0,local
3667,mp-2090,slab,-15.38172438,40.808,True,"[2.84155346, 0.0, 0.0, 0.0, 2.84155346, 0.0, -0.0, -0.0, 2.84155346]",2.0,2.2638129,local
3668,mp-20928,slab,-36.41494165,314.732,True,"[3.22496052, 0.0, 0.0, 0.0, 6.01763404, 0.0, 0.0, 0.0, 6.74619542]",6.0,0.0,local
3669,mp-20952,slab,-75.71039177,231.523,True,"[5.95213735, 0.0, 0.0, 0.0, 5.95213735, 0.0, 0.0, 0.0, 5.95213735]",12.0,4.775e-06,local
3670,mp-20970,slab,-29.69490368,1542.224,True,"[4.41336124, -0.0, 0.0, 0.0, 4.41336124, 0.0, 0.0, -0.0, 7.4931035]",6.0,1.3025669,local
3671,mp-20971,slab,-23.62110007,33.55,True,"[4.05971475, 0.0, 0.0, 0.0, 4.05971475, 0.0, 0.0, 0.0, 4.05971475]",4.0,8e-07,local
3672,mp-20997,slab,-8.22645693,26.289,True,"[3.1522129, -0.0, 0.0, 0.0, 3.1522129, 0.0, 0.0, 0.0, 3.1522129]",2.0,4.4e-06,local
3673,mp-21001,slab,-74.17729446,758.317,True,"[4.26389737, 0.0, 0.0, 0.0, 4.26389737, 0.0, 0.0, 0.0, 9.89093492]",10.0,2e-08,local
3674,mp-21008,slab,-22.09025434,59.153,True,"[3.57833775, 0.0, 0.0, 0.0, 3.57833775, 0.0, -0.0, -0.0, 3.57833775]",4.0,3.5e-07,local
3675,mp-21024,slab,-57.49441613,1804.43,True,"[4.5677366, 0.0, 0.0, 0.0, 11.11011379, 0.0, 0.0, 0.0, 8.02920824]",16.0,5e-08,local
3676,mp-21026,slab,-59.070049,222.484,True,"[6.37923665, 0.0, 0.0, 0.0, 6.37923665, 0.0, 0.0, 0.0, 6.37923665]",16.0,2.5e-08,local
3677,mp-21027,slab,-63.65331818,1102.994,True,"[4.44074926, 0.0, 0.0, 0.0, 10.62961934, 0.0, 0.0, 0.0, 7.90467597]",16.0,6.25e-09,local
3678,mp-21029,slab,-54.2650942,283.756,True,"[6.40142856, 0.0, 0.0, 0.0, 6.40142856, 0.0, 0.0, 0.0, 6.40142856]",16.0,2.5e-08,local
3679,mp-21030,slab,-57.06996368,257.639,True,"[2.95474104, -5.11776161, -0.0, 2.95474104, 5.11776161, -0.0, -0.0, 0.0, 4.75819479]",8.0,0.0,local
3680,mp-21032,slab,-62.6300472,8254.365,True,"[4.55259175, -0.0, 0.0, 0.0, 11.96817445, 0.0, -0.0, -0.0, 8.16776868]",16.0,0.0,local
3681,mp-2103,slab,-13.51133529,82.043,True,"[4.05007378, 0.0, 0.0, 0.0, 4.05007378, 0.0, -0.0, 0.0, 4.05007378]",4.0,0.0,local
3682,mp-21067,slab,-70.12906246,258.055,True,"[6.42910634, 0.0, 0.0, 0.0, 6.42910634, 0.0, 0.0, 0.0, 6.42910634]",16.0,3.125e-08,local
3683,mp-21078,slab,-59.25107952,259.203,True,"[2.56901087, -4.44965735, 0.0, 2.56901087, 4.44965735, -0.0, -0.0, 0.0, 4.21429353]",8.0,1.607052375,local
3684,mp-21090,slab,-39.31161386,278.52,True,"[2.04237383, -3.53749525, -0.0, 2.04237383, 3.53749525, 0.0, -0.0, 0.0, 5.26420771]",6.0,0.9832253666666668,local
3685,mp-21092,slab,-27.17109154,118.84,True,"[2.15938975, -3.74017276, 0.0, 2.15938975, 3.74017276, -0.0, -0.0, -0.0, 5.25956722]",6.0,1.6666666666666667e-08,local
3686,mp-21096,slab,-34.85417213,2190.364,True,"[3.93540041, 0.0, 0.0, 0.0, 3.93540041, 0.0, 0.0, 0.0, 7.82843101]",6.0,0.6522109333333334,local
3687,mp-21113,slab,-68.46316671,642.414,True,"[3.94086201, 0.0, 0.0, 0.0, 3.94086201, 0.0, 0.0, 0.0, 10.73352635]",10.0,0.91483703,local
3688,mp-21117,slab,-69.85499903,757.607,True,"[5.90782162, 0.0, 0.0, 0.0, 5.90782162, 0.0, -0.0, -0.0, 4.94758514]",12.0,0.4127220333333333,local
3689,mp-21118,slab,-60.22663192,220.645,True,"[4.07438096, -0.0, 0.0, 0.0, 4.07438096, 0.0, -0.0, -0.0, 11.5347262]",10.0,0.88866859,local
3690,mp-2116,slab,-216.78762389,375.433,True,"[7.01856005, 0.0, 0.0, 0.0, 7.01856005, 0.0, 0.0, 0.0, 7.01856005]",24.0,0.5141726791666666,local
3691,mp-21171,slab,-107.3717391,359.034,True,"[5.71486946, 0.0, 0.0, 0.0, 5.71486946, 0.0, 0.0, 0.0, 5.71486946]",16.0,1.02533625625,local
3692,mp-21175,slab,-108.32702675,473.233,True,"[5.9840183, 0.0, 0.0, 0.0, 5.9840183, 0.0, 0.0, 0.0, 5.9840183]",16.0,6.875e-08,local
3693,mp-21211,slab,-98.27280554,347.445,True,"[5.97237906, -0.0, 0.0, 0.0, 5.97237906, 0.0, -0.0, -0.0, 5.97237906]",16.0,1.27686991875,local
3694,mp-21215,slab,-8.75104545,33.903,True,"[3.29831791, 0.0, 0.0, 0.0, 3.29831791, 0.0, 0.0, 0.0, 3.29831791]",2.0,0.0,local
3695,mp-2121,slab,-19.28773953,18.634,True,"[4.1077179, 0.0, 0.0, 0.0, 4.1077179, 0.0, 0.0, 0.0, 4.1077179]",4.0,2.475e-06,local
3696,mp-21235,slab,-122.14789216,2538.638,True,"[5.77451308, -0.0, 0.0, 0.0, 5.77451308, 0.0, -0.0, -0.0, 5.77451308]",16.0,5.01875e-06,local
3697,mp-21237,slab,-95.80266532,1707.501,True,"[0.0, 11.7285716, 0.00394736, 3.76015151, 0.0, 0.0, 0.0, -0.81247912, -4.86231624]",16.0,1.25e-08,local
3698,mp-2123,slab,-75.86826033,514.238,True,"[3.41180719, -0.0, 0.0, 0.0, 3.41180719, 0.0, -0.0, -0.0, 15.31743444]",10.0,6e-08,local
3699,mp-21249,slab,-45.23628491,740.689,True,"[3.91638647, 0.0, 0.0, 0.0, 3.91638647, 0.0, 0.0, 0.0, 7.17712838]",6.0,0.6281910833333334,local
3700,mp-21255,slab,-51.80101182,327.846,True,"[4.66543012, -0.0, 0.0, 0.0, 4.66543012, 0.0, -0.0, -0.0, 4.66543012]",8.0,0.5269275,local
3701,mp-21260,slab,-36.27951451,194.923,True,"[2.64767213, -4.58590265, -0.0, 2.64767213, 4.58590265, 0.0, -0.0, 0.0, 4.45934305]",6.0,0.9466616333333334,local
3702,mp-2126,slab,-39.68848394,33.469,True,"[3.96397698, 0.0, 0.0, 0.0, 3.96397698, 0.0, 0.0, 0.0, 3.96397698]",4.0,7.75e-07,local
3703,mp-21273,slab,-22.98624512,944.294,True,"[3.63779018, 0.0, 0.0, 0.0, 3.63779018, 0.0, -0.0, -0.0, 6.74105653]",4.0,1.0548635,local
3704,mp-21284,slab,-32.97747906,104.494,True,"[3.91660215, 0.0, 0.0, 0.0, 3.91660215, 0.0, 0.0, 0.0, 6.14189113]",6.0,0.6371116833333333,local
3705,mp-21289,slab,-11.92815156,39.642,True,"[3.92630964, 0.0, 0.0, 0.0, 3.92630964, 0.0, 0.0, 0.0, 3.92630964]",4.0,6.5e-07,local
3706,mp-21294,slab,-33.23356691,91.881,True,"[2.70144198, -4.67903476, 0.0, 2.70144198, 4.67903476, -0.0, 0.0, -0.0, 6.77840307]",6.0,0.1813233166666666,local
3707,mp-21301,slab,-86.25026563,405.263,True,"[6.28500989, 0.0, 0.0, 0.0, 6.28500989, 0.0, 0.0, 0.0, 6.28500989]",16.0,6.25e-09,local
3708,mp-21318,slab,-54.54552855,1165.651,True,"[7.08992304, 0.0, 0.0, 0.0, 7.08992304, 0.0, 0.0, 0.0, 5.86734138]",12.0,0.0,local
3709,mp-21328,slab,-57.26226941,148.637,True,"[5.66870421, -0.0, 0.0, 0.0, 5.66870421, 0.0, -0.0, -0.0, 5.66870421]",8.0,8.75e-08,local
3710,mp-21342,slab,-62.15449196,81.596,True,"[4.96130694, 0.0, 0.0, 0.0, 4.96130694, 0.0, 0.0, 0.0, 4.96130694]",8.0,1.3e-06,local
3711,mp-21352,slab,-43.49758226,3172.458,True,"[4.57352305, 0.0, 0.0, 0.0, 10.47841326, 0.0, 0.0, 0.0, 8.12069787]",16.0,1.4375e-07,local
3712,mp-21374,slab,-42.23337389,1452.608,True,"[6.41867857, -0.0, 0.0, 0.0, 6.41867857, 0.0, 0.0, 0.0, 12.70032788]",14.0,0.0,local
3713,mp-21385,slab,-19.46564344,204.946,True,"[2.21684885, -3.83969485, -0.0, 2.21684885, 3.83969485, -0.0, -0.0, 0.0, 5.37114734]",5.0,0.0,local
3714,mp-213,slab,-8.46903873,35.345,True,"[3.54185397, -0.0, 0.0, 0.0, 3.54185397, 0.0, -0.0, -0.0, 3.54185397]",2.0,5e-08,local
3715,mp-21400,slab,-23.8404482,164.366,True,"[2.14670282, -3.71819836, 0.0, 2.14670282, 3.71819836, 0.0, 0.0, 0.0, 5.33050704]",5.0,0.0,local
3716,mp-21405,slab,-28.15285647,1351.362,True,"[0.0, 11.72255895, -0.02287374, 4.15885876, 0.0, 0.0, 0.0, -1.724214, -4.83346396]",8.0,0.0,local
3717,mp-21418,slab,-79.61350218,477.133,True,"[6.21103381, -0.0, 0.0, 0.0, 6.21103381, 0.0, -0.0, -0.0, 6.21103381]",12.0,1.2149899583333337,local
3718,mp-21467,slab,-108.79892636,406.195,True,"[6.08905782, 0.0, 0.0, 0.0, 6.08905782, 0.0, 0.0, 0.0, 6.08905782]",16.0,0.50973118125,local
3719,mp-21469,slab,-108.6958747,192.787,True,"[6.018442, 0.0, 0.0, 0.0, 6.018442, 0.0, 0.0, 0.0, 6.018442]",16.0,0.7562192125,local
3720,mp-21471,slab,-32.23838893,385.726,True,"[3.67996262, -0.0, 0.0, 0.0, 3.67996262, 0.0, 0.0, 0.0, 6.47569696]",6.0,0.6042086666666667,local
3721,mp-214,slab,-19.05604787,27.934,True,"[3.26934307, 0.0, 0.0, 0.0, 3.26934307, 0.0, 0.0, -0.0, 3.26934307]",2.0,1e-07,local
3722,mp-2152,slab,-35.72272716,147.247,True,"[2.44223104, -4.23006825, -0.0, 2.44223104, 4.23006825, -0.0, 0.0, -0.0, 3.95291997]",6.0,0.0003513666666666,local
3723,mp-2157,slab,-68.7687588,280.122,True,"[2.55327388, -4.42240009, 0.0, 2.55327388, 4.42240009, -0.0, -0.0, -0.0, 4.08683477]",8.0,0.000193125,local
3724,mp-215,slab,-51.69149184,51.513,True,"[6.21157725, 0.0, 0.0, 0.0, 6.21157725, 0.0, 0.0, 0.0, 6.21157725]",8.0,7.3e-06,local
3725,mp-2168,slab,-32.7964592,3063.705,True,"[4.29281813, -0.0, 0.0, 0.0, 12.07106555, 0.0, 0.0, -0.0, 4.30414847]",8.0,0.0,local
3726,mp-2170,slab,-11.55417012,31.105,True,"[2.0952367, -3.62905642, -0.0, 2.0952367, 3.62905642, -0.0, -0.0, -0.0, 2.67333953]",3.0,4e-07,local
3727,mp-2176,slab,-20.75314105,118.827,True,"[6.19121146, 0.0, 0.0, 0.0, 6.19121146, 0.0, 0.0, 0.0, 6.19121146]",8.0,1.25e-08,local
3728,mp-2179,slab,-21.03527191,35.423,True,"[3.11304873, -0.0, 0.0, 0.0, 3.11304873, 0.0, 0.0, 0.0, 3.11304873]",2.0,2.5e-07,local
3729,mp-21845,slab,-24.30258644,59.068,True,"[3.88895636, 0.0, 0.0, 0.0, 3.88895636, 0.0, -0.0, -0.0, 3.88895636]",4.0,1.0822681,local
3730,mp-21847,slab,-30.91925719,2713.368,True,"[4.35086646, -0.0, 0.0, 0.0, 4.35086646, 0.0, -0.0, 0.0, 8.08539963]",6.0,1.33445285,local
3731,mp-21855,slab,-38.1288828,485.135,True,"[5.6488467, 0.0, 0.0, 0.0, 5.6488467, 0.0, 0.0, -0.0, 5.6488467]",8.0,0.0,local
3732,mp-21859,slab,-25.66032817,654.69,True,"[3.85839532, 0.0, 0.0, 0.0, 4.74745301, 0.0, 0.0, 0.0, 6.03910714]",6.0,0.0,local
3733,mp-2187,slab,-25.80442393,107.598,True,"[2.02729205, -3.51137283, 0.0, 2.02729205, 3.51137283, -0.0, -0.0, 0.0, 6.23604121]",4.0,1.5e-07,local
3734,mp-21883,slab,-118.29875966,531.636,True,"[5.7155915, 0.0, 0.0, 0.0, 5.7155915, 0.0, 0.0, 0.0, 5.7155915]",16.0,0.0,local
3735,mp-2189,slab,-27.22701901,71.871,True,"[1.89480444, -3.28189757, -0.0, 1.89480444, 3.28189757, -0.0, 0.0, -0.0, 6.14897753]",4.0,1.947129925,local
3736,mp-21907,slab,-44.23854331,213.993,True,"[3.50847866, -0.0, 0.0, 0.0, 3.50847866, 0.0, 0.0, -0.0, 7.96050355]",6.0,0.0,local
3737,mp-2194,slab,-18.20500182,657.228,True,"[1.77173726, -3.06873896, 0.0, 1.77173726, 3.06873896, 0.0, 0.0, 0.0, 6.55145175]",3.0,1e-07,local
3738,mp-2199,slab,-125.74399313,272.246,True,"[5.60506458, -0.0, 0.0, 0.0, 5.60506458, 0.0, -0.0, -0.0, 5.60506458]",16.0,1.27845970625,local
3739,mp-22009,slab,-64.42986942,9387.983,True,"[6.23305968, -0.0, 0.0, 0.0, 6.23762643, 0.0, -0.0, -0.0, 24.05811935]",16.0,0.0,local
3740,mp-2201,slab,-32.79851146,85.215,True,"[6.213905, 0.0, 0.0, 0.0, 6.213905, 0.0, 0.0, 0.0, 6.213905]",8.0,0.0,local
3741,mp-22027,slab,-64.88868477,89.808,True,"[6.38102378, -0.0, 0.0, 0.0, 6.38102378, 0.0, -0.0, 0.0, 6.38102378]",12.0,1.368823475,local
3742,mp-22029,slab,-101.38922584,414.991,True,"[5.8091019, 0.0, 0.0, 0.0, 5.8091019, 0.0, 0.0, 0.0, 5.8091019]",16.0,0.986515125,local
3743,mp-22056,slab,-75.45030366,1939.816,True,"[4.34392559, 0.0, 0.0, 0.0, 10.50508181, 0.0, -0.0, 0.0, 7.37601519]",16.0,6.25e-09,local
3744,mp-22060,slab,-66.21166832,115.939,True,"[5.32324569, -0.0, 0.0, 0.0, 5.32324569, 0.0, 0.0, 0.0, 5.32324569]",8.0,2.75e-07,local
3745,mp-22068,slab,-67.50749031,108.752,True,"[5.36785352, -0.0, 0.0, 0.0, 5.36785352, 0.0, 0.0, 0.0, 5.36785352]",8.0,5e-07,local
3746,mp-22079,slab,-51.4995547,815.353,True,"[3.64359035, 0.0, 0.0, 0.0, 5.70142819, 0.0, 0.0, 0.0, 6.14664515]",8.0,0.0,local
3747,mp-2207,slab,-39.63095568,341.259,True,"[1.73485188, -3.00485161, 0.0, 1.73485188, 3.00485161, 0.0, 0.0, 0.0, 13.51384121]",6.0,0.00018245,local
3748,mp-22095,slab,-54.4922081,226.848,True,"[6.01456141, 0.0, 0.0, 0.0, 6.01456141, 0.0, 0.0, 0.0, 6.01456141]",12.0,4.166666666666667e-07,local
3749,mp-2210,slab,-12.47804554,43.618,True,"[3.27491832, 0.0, 0.0, 0.0, 3.27491832, 0.0, 0.0, -0.0, 3.27491832]",2.0,0.224175,local
3750,mp-2211,slab,-69.62626904,77.239,True,"[4.80769262, 0.0, 0.0, 0.0, 4.80769262, 0.0, 0.0, 0.0, 4.80769262]",8.0,2.25e-07,local
3751,mp-2212,slab,-13.99215008,22.004,True,"[3.12278435, -0.0, 0.0, 0.0, 3.12278435, 0.0, 0.0, 0.0, 3.12278435]",2.0,2.82e-05,local
3752,mp-2213,slab,-13.83789532,189.683,True,"[2.51318764, 0.0, 0.0, 0.0, 2.51318764, 0.0, -0.0, 0.0, 3.57803369]",2.0,1.62112205,local
3753,mp-22142,slab,-55.11691877,4477.41,True,"[9.10730985, 0.0, 0.0, 0.0, 9.10730985, 0.0, 0.0, 0.0, 5.94936189]",12.0,1.6666666666666667e-08,local
3754,mp-22152,slab,-30.16124217,2441.468,True,"[3.92625776, 0.0, 0.0, 0.0, 3.92625776, 0.0, 0.0, -0.0, 6.88517312]",6.0,0.0,local
3755,mp-22154,slab,-36.23032308,318.001,True,"[6.71994473, 0.0, 0.0, 0.0, 6.71994473, 0.0, 0.0, 0.0, 6.71994473]",12.0,1.6666666666666667e-08,local
3756,mp-22179,slab,-43.44875909,309.546,True,"[4.03651536, 0.0, 0.0, 0.0, 4.03651536, 0.0, -0.0, 0.0, 7.57325886]",6.0,0.00354065,local
3757,mp-22211,slab,-61.80029892,186.098,True,"[2.82234762, -4.88844948, -0.0, 2.82234762, 4.88844948, -0.0, 0.0, 0.0, 4.5213231]",8.0,1.375e-07,local
3758,mp-2221,slab,-40.19563896,385.701,True,"[3.26220875, 0.0, 0.0, 0.0, 3.26220875, 0.0, -0.0, 0.0, 12.11368333]",6.0,0.0,local
3759,mp-22221,slab,-79.75998771,183.085,True,"[6.24294, 0.0, 0.0, 0.0, 6.24294, 0.0, 0.0, 0.0, 6.24294]",16.0,0.970696875,local
3760,mp-22232,slab,-55.61241767,2280.675,True,"[8.31030925, 0.0, 0.0, 0.0, 8.31030925, 0.0, 0.0, -0.0, 6.9803704]",16.0,0.0,local
3761,mp-22239,slab,-51.36789963,540.415,True,"[3.32073143, 0.0, 0.0, 0.0, 5.72050783, 0.0, 0.0, 0.0, 6.51223722]",8.0,0.0,local
3762,mp-22240,slab,-56.787173,272.701,True,"[3.41989472, -0.0, 0.0, 0.0, 5.55141303, 0.0, -0.0, -0.0, 6.02613662]",8.0,0.91369315,local
3763,mp-22261,slab,-54.74990213,1134.754,True,"[6.29641212, 0.0, 0.0, 0.0, 6.29641212, 0.0, 0.0, 0.0, 12.6307455]",16.0,0.0,local
3764,mp-22289,slab,-120.42327036,318.937,True,"[5.73394713, 0.0, 0.0, 0.0, 5.73394713, 0.0, 0.0, 0.0, 5.73394713]",16.0,0.75329606875,local
3765,mp-22297,slab,-43.48401693,403.997,True,"[5.79867359, 0.0, 0.0, 0.0, 5.79867359, 0.0, -0.0, -0.0, 5.79867359]",12.0,0.0,local
3766,mp-22300,slab,-109.77028488,319.057,True,"[5.7380148, 0.0, 0.0, 0.0, 5.7380148, 0.0, 0.0, 0.0, 5.7380148]",16.0,1.398647,local
3767,mp-22304,slab,-47.88136918,341.488,True,"[5.99974622, -0.0, 0.0, 0.0, 5.99974622, 0.0, 0.0, 0.0, 11.79411016]",14.0,0.0,local
3768,mp-22320,slab,-12.66915829,66.006,True,"[3.02851704, -0.0, 0.0, 0.0, 3.02851704, 0.0, -0.0, -0.0, 3.02851704]",2.0,2e-07,local
3769,mp-22346,slab,-49.41332706,1306.57,True,"[4.63211959, 0.0, 0.0, 0.0, 4.63211959, 0.0, 0.0, 0.0, 10.36734501]",10.0,0.0,local
3770,mp-22386,slab,-50.93395325,704.954,True,"[6.56845319, -0.0, 0.0, 0.0, 6.56845319, 0.0, 0.0, 0.0, 12.99003064]",16.0,0.0,local
3771,mp-22389,slab,-60.16421801,201.326,True,"[2.79386521, -4.8391165, -0.0, 2.79386521, 4.8391165, 0.0, -0.0, -0.0, 4.48974196]",8.0,2.2844684375,local
3772,mp-22412,slab,-60.16167819,2713.536,True,"[4.27891208, 0.0, 0.0, 0.0, 4.27891208, 0.0, 0.0, 0.0, 12.26000664]",10.0,1.16026209,local
3773,mp-22461,slab,-28.21863669,36.779,True,"[3.81482905, -0.0, 0.0, 0.0, 3.81482905, 0.0, -0.0, -0.0, 3.81482905]",4.0,1.770849975,local
3774,mp-22463,slab,-90.90893948,184.794,True,"[6.12633, 0.0, 0.0, 0.0, 6.12633, 0.0, 0.0, 0.0, 6.12633]",16.0,2.2e-06,local
3775,mp-22465,slab,-113.30958492,368.857,True,"[6.13328486, -0.0, 0.0, 0.0, 6.13328486, 0.0, -0.0, -0.0, 6.13328486]",16.0,1.867119225,local
3776,mp-22469,slab,-38.53190855,194.333,True,"[2.67783266, -4.63814222, -0.0, 2.67783266, 4.63814222, -0.0, -0.0, 0.0, 4.22986105]",8.0,0.13348765,local
3777,mp-22473,slab,-42.26467491,680.403,True,"[2.01891251, -3.49685905, 0.0, 2.01891251, 3.49685905, -0.0, 0.0, 0.0, 21.18013875]",12.0,0.0,local
3778,mp-22478,slab,-39.01202145,153.93,True,"[2.48194829, -4.29886053, 0.0, 2.48194829, 4.29886053, 0.0, -0.0, -0.0, 4.04482864]",6.0,0.6594398166666667,local
3779,mp-22493,slab,-73.29461776,219.863,True,"[6.9973987, 0.0, 0.0, 0.0, 6.9973987, 0.0, 0.0, 0.0, 6.9973987]",16.0,1.25e-08,local
3780,mp-22498,slab,-35.01808831,449.132,True,"[3.42198596, -0.0, 0.0, 0.0, 5.99957495, 0.0, -0.0, 0.0, 6.89189367]",6.0,0.9453288333333334,local
3781,mp-22503,slab,-111.88144064,512.997,True,"[6.28645196, 0.0, 0.0, 0.0, 6.28645196, 0.0, 0.0, 0.0, 6.28645196]",16.0,0.50829985625,local
3782,mp-2250,slab,-165.73735907,441.703,True,"[6.96889256, 0.0, 0.0, 0.0, 6.96889256, 0.0, 0.0, 0.0, 6.96889256]",24.0,6.041666666666667e-07,local
3783,mp-22510,slab,-103.70021621,8573.762,True,"[0.0, 11.87403783, -0.03628565, 3.92556218, 0.0, 0.0, 0.0, -1.20359348, -4.73655067]",16.0,0.7186414,local
3784,mp-22514,slab,-42.61422809,83.959,True,"[2.25308115, -3.90245103, 0.0, 2.25308115, 3.90245103, 0.0, 0.0, -0.0, 5.49397902]",6.0,2.0412772333333336,local
3785,mp-22568,slab,-61.14287147,98.219,True,"[4.78753389, 0.0, 0.0, 0.0, 4.78753389, 0.0, 0.0, 0.0, 4.78753389]",8.0,0.19000555,local
3786,mp-22580,slab,-98.20404036,369.638,True,"[6.12242156, 0.0, 0.0, 0.0, 6.12242156, 0.0, 0.0, 0.0, 6.12242156]",16.0,1.875e-07,local
3787,mp-2258,slab,-14.60048465,59.464,True,"[3.78499843, 0.0, 0.0, 0.0, 3.78499843, 0.0, 0.0, 0.0, 3.78499843]",4.0,2.5e-08,local
3788,mp-22602,slab,-49.68444364,2047.264,True,"[4.61955924, 0.0, 0.0, 0.0, 10.93880863, 0.0, 0.0, 0.0, 7.73712077]",16.0,7.5e-08,local
3789,mp-22607,slab,-48.86989636,296.371,True,"[5.80996002, -0.0, 0.0, 0.0, 5.80996002, 0.0, 0.0, 0.0, 11.77194836]",14.0,0.0,local
3790,mp-2260,slab,-14.8084558,94.484,True,"[2.72622515, -0.0, 0.0, 0.0, 2.72622515, 0.0, -0.0, 0.0, 3.76657089]",2.0,1.642851,local
3791,mp-22610,slab,-136.38976585,890.903,True,"[6.09298474, -0.0, 0.0, 0.0, 6.09298474, 0.0, -0.0, -0.0, 6.09298474]",16.0,6.25e-09,local
3792,mp-2263,slab,-209.53100509,373.625,True,"[7.40623775, 0.0, 0.0, 0.0, 7.40623775, 0.0, 0.0, 0.0, 7.40623775]",24.0,1.0833333333333335e-07,local
3793,mp-22662,slab,-38.54802582,124.463,True,"[2.20892776, -3.82597511, -0.0, 2.20892776, 3.82597511, 0.0, 0.0, 0.0, 5.51117811]",6.0,1.6666666666666667e-08,local
3794,mp-22673,slab,-74.86359749,453.769,True,"[6.20518721, 0.0, 0.0, 0.0, 6.20518721, 0.0, 0.0, 0.0, 6.20518721]",16.0,0.92704376875,local
3795,mp-22682,slab,-50.60633387,215.672,True,"[6.4708722, 0.0, 0.0, 0.0, 6.4708722, 0.0, 0.0, 0.0, 6.4708722]",12.0,8.333333333333334e-09,local
3796,mp-22691,slab,-42.64527365,3744.507,True,"[2.05023535, -3.55111179, 0.0, 2.05023535, 3.55111179, -0.0, -0.0, -0.0, 26.24866124]",12.0,0.0,local
3797,mp-22700,slab,-92.1627881,2367.719,True,"[0.0, 13.36613751, 0.02176882, 3.40392623, 0.0, 0.0, 0.0, -2.68440248, -5.57041096]",14.0,0.28840255,local
3798,mp-22704,slab,-10.0027014,21.199,True,"[3.76308261, -0.0, 0.0, 0.0, 3.76308261, 0.0, -0.0, -0.0, 3.76308261]",2.0,6e-07,local
3799,mp-22712,slab,-92.76437132,377.823,True,"[6.89784679, 0.0, 0.0, 0.0, 6.89784679, 0.0, 0.0, 0.0, 6.89784679]",16.0,1.8125e-07,local
3800,mp-22717,slab,-58.91471058,2119.85,True,"[4.49698804, 0.0, 0.0, 0.0, 10.53517067, 0.0, 0.0, 0.0, 7.9060277]",16.0,0.0,local
3801,mp-2271,slab,-116.8455981,236.78,True,"[7.57285897, 0.0, 0.0, 0.0, 7.57285897, 0.0, 0.0, 0.0, 7.57285897]",24.0,1.1333333333333334e-06,local
3802,mp-22725,slab,-73.24473396,529.472,True,"[6.26518445, 0.0, 0.0, 0.0, 6.26518445, 0.0, 0.0, 0.0, 6.26518445]",16.0,6.25e-09,local
3803,mp-22731,slab,-91.44730743,459.961,True,"[6.05979833, 0.0, 0.0, 0.0, 6.05979833, 0.0, 0.0, 0.0, 6.05979833]",16.0,1.04835040625,local
3804,mp-2273,slab,-12.01867504,240.994,True,"[3.21440217, 0.0, 0.0, 0.0, 4.79245017, 0.0, 0.0, 0.0, 5.217564]",4.0,0.0,local
3805,mp-22752,slab,-63.51382498,459.769,True,"[6.57736624, 0.0, 0.0, 0.0, 6.57736624, 0.0, -0.0, -0.0, 5.33076288]",12.0,0.5494319166666667,local
3806,mp-2275442,slab,-17.54046647,132.191,True,"[3.96309122, -0.0, 0.0, 0.0, 4.55140096, 0.0, -0.0, -0.0, 7.31566084]",6.0,3.3333333333333334e-08,local
3807,mp-22780,slab,-69.4162172,3043.972,True,"[4.4268894, -0.0, 0.0, 0.0, 11.86480957, 0.0, 0.0, -0.0, 8.25756001]",16.0,0.0,local
3808,mp-22784,slab,-19.17409733,50.279,True,"[3.74294467, 0.0, 0.0, 0.0, 3.74294467, 0.0, 0.0, 0.0, 3.74294467]",4.0,0.18339045,local
3809,mp-22787,slab,-46.10016513,206.779,True,"[1.96276789, -3.3996137, -0.0, 1.96276789, 3.3996137, 0.0, -0.0, 0.0, 4.83846937]",6.0,0.6810867166666666,local
3810,mp-22790,slab,-108.60966948,283.035,True,"[5.75501446, 0.0, 0.0, 0.0, 5.75501446, 0.0, 0.0, 0.0, 5.75501446]",16.0,0.5053138625,local
3811,mp-22792,slab,-71.80120976,101.547,True,"[6.341676, 0.0, 0.0, 0.0, 6.341676, 0.0, 0.0, 0.0, 6.341676]",12.0,1.6337305583333332,local
3812,mp-22795,slab,-42.5067347,1132.524,True,"[7.47047721, 0.0, 0.0, 0.0, 7.47047721, 0.0, -0.0, -0.0, 5.781539]",12.0,5.833333333333333e-08,local
3813,mp-22811,slab,-60.24376058,699.774,True,"[5.86949784, 0.0, 0.0, 0.0, 5.86949784, 0.0, 0.0, 0.0, 11.81177426]",16.0,0.0,local
3814,mp-2283,slab,-16.1410533,45.307,True,"[3.18195358, -0.0, 0.0, 0.0, 3.18195358, 0.0, 0.0, 0.0, 3.18195358]",2.0,0.24899135,local
3815,mp-22851,slab,-6.4694792,8.629,True,"[3.50219, 0.0, 0.0, 0.0, 3.50219, 0.0, 0.0, 0.0, 3.50219]",2.0,3.55e-06,local
3816,mp-22853,slab,-79.37088901,2582.89,True,"[0.0, 6.26709954, -0.01147713, 10.02171045, 0.0, 0.0, 0.0, -2.079901, -6.64948714]",16.0,0.50003433125,local
3817,mp-22857,slab,-31.98756892,4453.455,True,"[3.48280826, -0.0, 0.0, 0.0, 6.17538183, 0.0, -0.0, -0.0, 6.8508365]",6.0,1.3333326166666668,local
3818,mp-2285,slab,-15.90784089,108.165,True,"[1.99444958, -3.454488, 0.0, 1.99444958, 3.454488, -0.0, 0.0, 0.0, 5.5079167]",3.0,0.0,local
3819,mp-22862,slab,-27.11001296,59.405,True,"[5.68663612, 0.0, 0.0, 0.0, 5.68663612, 0.0, 0.0, 0.0, 5.68663612]",8.0,1.375e-07,local
3820,mp-22865,slab,-6.53925589,14.674,True,"[4.20281773, 0.0, 0.0, 0.0, 4.20281773, 0.0, 0.0, 0.0, 4.20281773]",2.0,1e-07,local
3821,mp-2286,slab,-44.54042649,91.74,True,"[5.98187349, 0.0, 0.0, 0.0, 5.98187349, 0.0, 0.0, 0.0, 5.98187349]",12.0,8.333333333333334e-09,local
3822,mp-22871,slab,-42.1794916,576.166,True,"[3.42969267, -5.94040196, 0.0, 3.42969267, 5.94040196, 0.0, -0.0, -0.0, 6.06716587]",8.0,0.0477494875,local
3823,mp-2287684,slab,-10.29557446,140.705,True,"[2.11909766, -3.67038482, 0.0, 2.11909766, 3.67038482, 0.0, -0.0, 0.0, 2.56940121]",3.0,0.0,local
3824,mp-22877,slab,-16.07123929,303.335,True,"[1.83049545, -3.17051113, -0.0, 1.83049545, 3.17051113, -0.0, -0.0, -0.0, 6.21723558]",3.0,0.9999996333333332,local
3825,mp-2287,slab,-57.15554146,883.2,True,"[0.0, 4.60974608, 0.00717886, 4.59540181, 0.0, 0.0, 0.0, -2.37670235, -5.08869666]",8.0,0.0,local
3826,mp-22881,slab,-23.07031547,5179.65,True,"[1.95341006, -3.38340548, -0.0, 1.95341006, 3.38340548, 0.0, -0.0, -0.0, 19.19588906]",9.0,4.444444444444444e-08,local
3827,mp-228,slab,-14.69919622,145.329,True,"[1.98606339, -3.4399627, 0.0, 1.98606339, 3.4399627, -0.0, 0.0, -0.0, 5.47905548]",3.0,0.0,local
3828,mp-22904,slab,-25.62668199,92.611,True,"[6.45083308, 0.0, 0.0, 0.0, 6.45083308, 0.0, 0.0, 0.0, 4.20663535]",6.0,0.0,local
3829,mp-22905,slab,-29.54229927,51.006,True,"[5.14900079, 0.0, 0.0, 0.0, 5.14900079, 0.0, -0.0, 0.0, 5.14900079]",8.0,1.75e-07,local
3830,mp-22909,slab,-32.90117825,1112.773,True,"[5.69771197, 0.0, 0.0, 0.0, 5.69771197, 0.0, 0.0, 0.0, 10.28932597]",12.0,1.6666666666666667e-08,local
3831,mp-22914,slab,-25.36782982,75.503,True,"[5.42154559, 0.0, 0.0, 0.0, 5.42154559, 0.0, 0.0, 0.0, 5.42154559]",8.0,1.25e-08,local
3832,mp-2291,slab,-69.45273066,106.67,True,"[5.44771214, 0.0, 0.0, 0.0, 5.44771214, 0.0, 0.0, 0.0, 5.44771214]",12.0,8.333333333333334e-09,local
3833,mp-22922,slab,-21.60375336,85.541,True,"[5.60583349, 0.0, 0.0, 0.0, 5.60583349, 0.0, 0.0, 0.0, 5.60583349]",8.0,0.0,local
3834,mp-22934,slab,-24.96540391,491.833,True,"[7.12968992, 0.0, 0.0, 0.0, 7.12968992, 0.0, 0.0, 0.0, 4.24433911]",7.0,1.1428571428571429e-07,local
3835,mp-2293,slab,-52.76679346,100.928,True,"[5.92866639, 0.0, 0.0, 0.0, 5.92866639, 0.0, 0.0, 0.0, 5.92866639]",8.0,2.49175345,local
3836,mp-22941,slab,-22.00019954,60.666,True,"[2.30621615, -3.99448355, 0.0, 2.30621615, 3.99448355, 0.0, 0.0, 0.0, 8.298804]",6.0,5.931666666666666e-05,local
3837,mp-22945,slab,-55.25619955,8338.193,True,"[0.0, 13.98807999, -0.18717645, 3.72241572, 0.0, 0.0, 0.0, -3.08132311, -5.98632618]",12.0,0.0,local
3838,mp-2294,slab,-45.45595936,61.526,True,"[2.14904115, -3.72224845, 0.0, 2.14904115, 3.72224845, -0.0, 0.0, 0.0, 7.79685983]",8.0,0.0,local
3839,mp-22956,slab,-24.37126691,214.94,True,"[7.14730775, 0.0, 0.0, 0.0, 7.14730775, 0.0, 0.0, 0.0, 4.2099992]",7.0,0.0,local
3840,mp-2295,slab,-107.55714418,850.809,True,"[7.2021237, 0.0, 0.0, 0.0, 7.2021237, 0.0, 0.0, 0.0, 7.2021237]",24.0,2.2916666666666666e-07,local
3841,mp-22978,slab,-58.99583556,2463.411,True,"[5.11389839, -0.0, 0.0, 0.0, 5.11389839, 0.0, 0.0, 0.0, 16.35052069]",14.0,0.7142855,local
3842,mp-22980,slab,-54.04921587,8387.656,True,"[7.33610716, 0.0, 0.0, 0.0, 10.32414835, 0.0, 0.0, 0.0, 3.59418224]",14.0,0.42857405,local
3843,mp-229,slab,-33.06826669,52.089,True,"[3.95527374, 0.0, 0.0, 0.0, 3.95527374, 0.0, 0.0, -0.0, 3.95527374]",4.0,4.75e-07,local
3844,mp-23026,slab,-14.5010171,16.491,True,"[5.206833, 0.0, 0.0, 0.0, 5.206833, 0.0, 0.0, 0.0, 5.206833]",5.0,2.108e-05,local
3845,mp-2302,slab,-82.15989244,169.377,True,"[5.74028533, 0.0, 0.0, 0.0, 5.74028533, 0.0, 0.0, 0.0, 5.74028533]",12.0,1.6666666666666667e-08,local
3846,mp-23037,slab,-17.56937332,82.938,True,"[5.73287409, 0.0, 0.0, 0.0, 5.73287409, 0.0, 0.0, -0.0, 5.73287409]",5.0,0.0,local
3847,mp-23162,slab,-51.6397874,1936.563,True,"[1.70532609, -2.95371143, 0.0, 1.70532609, 2.95371143, -0.0, -0.0, -0.0, 21.41158976]",9.0,0.0,local
3848,mp-23167,slab,-6.01553896,15.259,True,"[3.87002728, -0.0, 0.0, 0.0, 3.87002728, 0.0, -0.0, -0.0, 3.87002728]",2.0,1.3e-06,local
3849,mp-23193,slab,-27.2383028,65.534,True,"[6.37914167, 0.0, 0.0, 0.0, 6.37914167, 0.0, 0.0, 0.0, 6.37914167]",8.0,4.375e-07,local
3850,mp-23204,slab,-99.43492691,2690.058,True,"[3.09709088, -5.36431873, 0.0, 3.09709086, 5.36431875, -0.0, 0.0, 0.0, 20.05455004]",24.0,1.2519943541666667,local
3851,mp-23209,slab,-51.17376147,92.281,True,"[7.0453864, 0.0, 0.0, 0.0, 7.0453864, 0.0, 0.0, 0.0, 7.0453864]",12.0,8.333333333333334e-09,local
3852,mp-23210,slab,-32.33113951,1110.89,True,"[1.83947593, -3.18606576, 0.0, 1.83947593, 3.18606576, 0.0, -0.0, 0.0, 18.93561665]",9.0,0.0,local
3853,mp-23214,slab,-25.62567288,134.049,True,"[4.20139133, 0.0, 0.0, 0.0, 6.35264402, 0.0, 0.0, 0.0, 6.5064575]",6.0,4.166666666666667e-07,local
3854,mp-23229,slab,-42.22080259,3243.226,True,"[1.76464962, -3.0564628, 0.0, 1.76464962, 3.0564628, -0.0, -0.0, -0.0, 19.48526427]",9.0,1.3333338,local
3855,mp-2322,slab,-124.26935247,290.774,True,"[7.87865753, 0.0, 0.0, 0.0, 7.87865753, 0.0, 0.0, 0.0, 7.87865753]",24.0,3.75e-08,local
3856,mp-2323,slab,-7.68982928,22.972,True,"[2.69609639, 0.0, 0.0, 0.0, 2.69609639, 0.0, -0.0, -0.0, 2.69609639]",2.0,5e-08,local
3857,mp-23240,slab,-36.95822244,4033.502,True,"[1.7605259, -3.0493203, -0.0, 1.7605259, 3.0493203, 0.0, -0.0, -0.0, 18.78814862]",9.0,1.0000363888888888,local
3858,mp-23241,slab,-48.66908054,77.309,True,"[6.33160158, -0.0, 0.0, 0.0, 6.33160158, 0.0, -0.0, -0.0, 6.33160158]",8.0,6.25e-08,local
3859,mp-23267,slab,-46.92998607,2732.465,True,"[5.25507002, 0.0, 0.0, 0.0, 5.73770274, 0.0, 0.0, 0.0, 10.69857635]",12.0,0.0,local
3860,mp-23275,slab,-118.39146392,10387.159,True,"[3.03582047, -5.2581952, -0.0, 3.03582039, 5.25819525, 0.0, 0.0, -0.0, 19.27011456]",24.0,0.2500088583333333,local
3861,mp-23289,slab,-6.65476021,8.092,True,"[3.839196, 0.0, 0.0, 0.0, 3.839196, 0.0, 0.0, 0.0, 3.839196]",2.0,6.395e-05,local
3862,mp-23295,slab,-26.69117042,46.799,True,"[6.68378496, 0.0, 0.0, 0.0, 6.68378496, 0.0, 0.0, 0.0, 6.68378496]",8.0,2.3575e-05,local
3863,mp-23299,slab,-6.55091372,21.542,True,"[4.00688768, 0.0, 0.0, 0.0, 4.00688768, 0.0, -0.0, -0.0, 4.00688768]",2.0,2e-07,local
3864,mp-23309,slab,-121.55628015,4773.938,True,"[3.24758529, -5.6249827, -0.0, 3.24758527, 5.62498271, 0.0, 0.0, -0.0, 19.41543213]",24.0,1.6666666666666667e-08,local
3865,mp-23364,slab,-28.10708897,664.542,True,"[4.93894381, 0.0, 0.0, 0.0, 4.93894381, 0.0, 0.0, 0.0, 9.6534359]",8.0,0.0,local
3866,mp-2337,slab,-200.7758353,955.363,True,"[6.85280818, -0.0, 0.0, 0.0, 6.85280818, 0.0, -0.0, -0.0, 6.85280818]",24.0,0.0016910291666666,local
3867,mp-2339,slab,-64.38883954,64.304,True,"[5.03459607, 0.0, 0.0, 0.0, 5.03459607, 0.0, -0.0, 0.0, 5.03459607]",8.0,0.0,local
3868,mp-2348,slab,-43.11063729,577.53,True,"[3.30028839, 0.0, 0.0, 0.0, 3.30028839, 0.0, -0.0, 0.0, 11.72847956]",6.0,0.0,local
3869,mp-2349,slab,-39.55978423,1297.943,True,"[6.75781087, 0.0, 0.0, 0.0, 11.35253909, 0.0, 0.0, 0.0, 4.97721867]",16.0,1.25e-08,local
3870,mp-2353328,slab,-83.68804984,584.823,True,"[0.0, 6.14020184, -0.0001131, 11.01507247, 0.0, 0.0, 0.0, -0.01401133, -6.99794468]",16.0,0.24713585625,local
3871,mp-2363,slab,-258.41311733,498.429,True,"[7.57418628, 0.0, 0.0, 0.0, 7.57418628, 0.0, 0.0, 0.0, 7.57418628]",24.0,4.166666666666667e-09,local
3872,mp-2369,slab,-40.39980831,3699.931,True,"[3.93597441, 0.0, 0.0, 0.0, 6.25207984, 0.0, -0.0, 0.0, 6.49311839]",8.0,0.0,local
3873,mp-2377,slab,-72.6967578,72.799,True,"[4.96621143, 0.0, 0.0, 0.0, 4.96621143, 0.0, 0.0, 0.0, 4.96621143]",8.0,1.75e-07,local
3874,mp-2379,slab,-77.13226444,69.265,True,"[5.35902833, 0.0, 0.0, 0.0, 5.35902833, 0.0, 0.0, 0.0, 5.35902833]",12.0,5.833333333333333e-08,local
3875,mp-2385,slab,-249.73578791,505.972,True,"[6.91707347, 0.0, 0.0, 0.0, 6.91707347, 0.0, 0.0, 0.0, 6.91707347]",24.0,1.25e-07,local
3876,mp-2388,slab,-17.77887983,36.581,True,"[6.133128, 0.0, 0.0, 0.0, 6.133128, 0.0, 0.0, 0.0, 6.133128]",8.0,3.7175e-05,local
3877,mp-238,slab,-14.57223098,290.879,True,"[2.98873994, 0.0, 0.0, 0.0, 2.98873994, 0.0, 0.0, 0.0, 3.38810687]",2.0,2.21251065,local
3878,mp-2393,slab,-14.0599612,34.903,True,"[4.76439675, 0.0, 0.0, 0.0, 4.76439675, 0.0, 0.0, 0.0, 4.76439675]",4.0,1.575e-06,local
3879,mp-2403,slab,-28.69346643,38.594,True,"[4.11983235, 0.0, 0.0, 0.0, 4.11983235, 0.0, 0.0, 0.0, 4.11983235]",4.0,2.5e-08,local
3880,mp-2410,slab,-16.39861705,245.078,True,"[2.86587769, -4.96384577, -0.0, 2.86587769, 4.96384577, -0.0, -0.0, -0.0, 4.70050222]",6.0,1.5e-07,local
3881,mp-2415538,slab,-16.32334286,1473.878,True,"[6.16001878, -0.0, 0.0, 0.0, 8.47816971, 0.0, 0.0, -0.0, 4.35433844]",12.0,0.0,local
3882,mp-2426,slab,-5.07202959,17.146,True,"[3.17045736, -0.0, 0.0, 0.0, 3.17045736, 0.0, -0.0, -0.0, 3.17045736]",2.0,8e-07,local
3883,mp-2430,slab,-77.49494783,1935.892,True,"[3.84238574, -0.0, 0.0, 0.0, 15.14270762, 0.0, -0.0, -0.0, 3.8155936]",12.0,8.333333333333334e-09,local
3884,mp-2439,slab,-151.44187719,920.352,True,"[6.70276472, 0.0, 0.0, 0.0, 6.70276472, 0.0, 0.0, 0.0, 6.70276472]",24.0,0.0727890291666666,local
3885,mp-2444,slab,-11.48518369,50.246,True,"[3.03915399, 0.0, 0.0, 0.0, 3.03915399, 0.0, 0.0, -0.0, 3.03915399]",2.0,5e-08,local
3886,mp-2449,slab,-34.131826,54.708,True,"[3.89122188, -0.0, 0.0, 0.0, 3.89122188, 0.0, 0.0, 0.0, 3.89122188]",4.0,2.5e-07,local
3887,mp-2455,slab,-42.46023849,186.406,True,"[3.05304389, 0.0, 0.0, 0.0, 5.47599595, 0.0, 0.0, 0.0, 6.25302431]",6.0,0.0,local
3888,mp-2464440,slab,-14.46212808,30.398,True,"[5.10789667, 0.0, 0.0, 0.0, 5.10789667, 0.0, 0.0, 0.0, 5.10789667]",5.0,8e-08,local
3889,mp-2474,slab,-9.84498815,29.632,True,"[3.64412772, 0.0, 0.0, 0.0, 3.64412772, 0.0, 0.0, 0.0, 3.64412772]",2.0,6e-07,local
3890,mp-2479851,slab,-16.6489101,735.242,True,"[3.19674308, -0.0, 0.0, 0.0, 4.84322879, 0.0, -0.0, -0.0, 9.86126439]",8.0,0.0,local
3891,mp-2488,slab,-69.53684445,46.865,True,"[4.79347915, 0.0, 0.0, 0.0, 4.79347915, 0.0, 0.0, 0.0, 4.79347915]",8.0,2.5e-08,local
3892,mp-249,slab,-57.86976995,219.698,True,"[3.25218718, 0.0, 0.0, 0.0, 10.88429352, 0.0, 0.0, 0.0, 4.29535285]",8.0,2.5e-08,local
3893,mp-2515,slab,-28.83736966,55.286,True,"[3.91316652, -0.0, 0.0, 0.0, 3.91316652, 0.0, -0.0, 0.0, 3.91316652]",4.0,0.6657315,local
3894,mp-2516,slab,-8.27438551,27.118,True,"[3.57593942, -0.0, 0.0, 0.0, 3.57593942, 0.0, 0.0, -0.0, 3.57593942]",2.0,0.0002528,local
3895,mp-2530518,slab,-78.78120896,107.096,True,"[6.50171815, -0.0, 0.0, 0.0, 6.50171815, 0.0, 0.0, -0.0, 6.50171815]",16.0,6.25e-09,local
3896,mp-253,slab,-170.60955314,626.588,True,"[6.84136328, -0.0, 0.0, 0.0, 6.84136328, 0.0, -0.0, -0.0, 6.84136328]",24.0,7.763333333333333e-05,local
3897,mp-25469,slab,-61.21181419,4032.094,True,"[0.0, 6.01477149, 0.00266732, 10.4266639, 0.0, 0.0, 0.0, -1.93813494, -6.38587011]",16.0,2.5e-08,local
3898,mp-2553,slab,-17.9555739,29.44,True,"[1.89129998, -3.27582766, -0.0, 1.89129998, 3.27582766, 0.0, -0.0, -0.0, 3.17680003]",3.0,1.066666666666667e-06,local
3899,mp-2554,slab,-42.75224325,93.353,True,"[3.76862788, 0.0, 0.0, 0.0, 3.76862788, 0.0, 0.0, 0.0, 8.31208498]",8.0,1.5e-07,local
3900,mp-2557,slab,-43.73118489,85.545,True,"[2.45235147, -4.24759735, 0.0, 2.45235147, 4.24759735, 0.0, 0.0, -0.0, 5.93682687]",6.0,0.0,local
3901,mp-2567,slab,-68.51259794,78.647,True,"[4.70098933, 0.0, 0.0, 0.0, 4.70098933, 0.0, 0.0, 0.0, 4.70098933]",8.0,3e-07,local
3902,mp-2568,slab,-18.87301193,54.068,True,"[2.05592557, -3.56096754, -0.0, 2.05592557, 3.56096754, 0.0, -0.0, -0.0, 3.92152385]",3.0,3e-07,local
3903,mp-2577,slab,-34.01153689,42.236,True,"[3.605593, 0.0, 0.0, 0.0, 3.605593, 0.0, 0.0, 0.0, 3.605593]",4.0,0.409658575,local
3904,mp-2578,slab,-12.4136048,626.538,True,"[1.94895034, -3.37568101, 0.0, 1.94895034, 3.37568101, -0.0, 0.0, 0.0, 5.31342694]",3.0,0.0,local
3905,mp-2582,slab,-162.7966653,628.256,True,"[4.79937868, 0.0, 0.0, 0.0, 8.25173858, 0.0, 0.0, 0.0, 8.57509717]",24.0,8.333333333333334e-09,local
3906,mp-2583,slab,-16.57005012,118.187,True,"[2.95748387, -0.0, 0.0, 0.0, 2.95748387, 0.0, 0.0, 0.0, 3.42378783]",2.0,6e-07,local
3907,mp-258,slab,-210.98958668,705.07,True,"[7.3506773, 0.0, 0.0, 0.0, 7.3506773, 0.0, 0.0, 0.0, 7.3506773]",24.0,7.312500000000001e-06,local
3908,mp-2592,slab,-46.52357473,76.425,True,"[3.21869317, 0.0, 0.0, 0.0, 3.21869317, 0.0, 0.0, 0.0, 7.87351568]",6.0,0.0,local
3909,mp-2593,slab,-21.88352088,58.629,True,"[3.5680954, 0.0, 0.0, 0.0, 3.5680954, 0.0, 0.0, 0.0, 3.5680954]",4.0,0.18113205,local
3910,mp-259,slab,-75.00303148,74.324,True,"[4.96889686, 0.0, 0.0, 0.0, 4.96889686, 0.0, -0.0, 0.0, 4.96889686]",8.0,3.75e-08,local
3911,mp-2606,slab,-29.97749082,117.905,True,"[2.8006744, -4.85091035, -0.0, 2.8006744, 4.85091035, 0.0, 0.0, -0.0, 4.40009753]",6.0,1.6666666666666667e-08,local
3912,mp-2614,slab,-45.40117947,75.206,True,"[3.94903248, 0.0, 0.0, 0.0, 3.94903248, 0.0, 0.0, 0.0, 8.91070113]",8.0,2.5e-08,local
3913,mp-2619,slab,-24.68218161,44.424,True,"[2.01235369, -3.48549884, -0.0, 2.01235369, 3.48549884, 0.0, -0.0, -0.0, 5.01072737]",4.0,0.673652075,local
3914,mp-2637,slab,-53.94806779,77.136,True,"[5.7731908, 0.0, 0.0, 0.0, 5.7731908, 0.0, 0.0, 0.0, 5.7731908]",8.0,3.875e-07,local
3915,mp-2642,slab,-3.57233675,24.03,True,"[3.39000905, 0.0, 0.0, 0.0, 3.39000905, 0.0, -0.0, 0.0, 3.39000905]",2.0,4.9e-06,local
3916,mp-2643,slab,-78.63486373,2411.0,True,"[3.14297899, -0.0, 0.0, 0.0, 3.14297899, 0.0, 0.0, 0.0, 19.95910353]",14.0,0.0601088714285714,local
3917,mp-2644,slab,-22.9599635,38.564,True,"[1.93663337, -3.35434739, -0.0, 1.93663337, 3.35434739, 0.0, -0.0, 0.0, 5.20326617]",4.0,2.75e-07,local
3918,mp-2646994,slab,-89.65070054,972.963,True,"[6.70230746, 0.0, 0.0, 0.0, 6.70230746, 0.0, 0.0, 0.0, 5.27507512]",12.0,0.0,local
3919,mp-2647002,slab,-13.85589332,177.599,True,"[4.61753414, -0.0, 0.0, 0.0, 4.61753414, 0.0, -0.0, -0.0, 7.56173731]",6.0,5.5e-07,local
3920,mp-2647066,slab,-59.53044396,819.907,True,"[4.23761196, 0.0, 0.0, 0.0, 13.20537838, 0.0, -0.0, 0.0, 3.04861519]",10.0,1e-08,local
3921,mp-2647,slab,-48.10858608,131.269,True,"[6.06349737, 0.0, 0.0, 0.0, 6.06349737, 0.0, 0.0, 0.0, 6.06349737]",12.0,2.5e-07,local
3922,mp-2650313,slab,-75.40553574,1403.595,True,"[0.0, 12.48829682, -0.00769489, 3.49026494, 0.0, 0.0, 0.0, -2.88392347, -5.39794555]",14.0,0.4886065857142857,local
3923,mp-2658,slab,-12.64180355,20.44,True,"[2.87546725, 0.0, 0.0, 0.0, 2.87546725, 0.0, 0.0, 0.0, 2.87546725]",2.0,0.35730005,local
3924,mp-265,slab,-41.11796917,30.621,True,"[3.92461325, 0.0, 0.0, 0.0, 3.92461325, 0.0, -0.0, 0.0, 3.92461325]",4.0,1.25e-07,local
3925,mp-2663,slab,-76.80535498,100.498,True,"[5.18356462, 0.0, 0.0, 0.0, 5.18356462, 0.0, 0.0, -0.0, 5.18356462]",8.0,1.125e-07,local
3926,mp-2666,slab,-69.45800539,71.886,True,"[6.527842, 0.0, 0.0, 0.0, 6.527842, 0.0, 0.0, 0.0, 5.770472]",12.0,0.6919593416666667,local
3927,mp-2668,slab,-128.73632799,55105.565,True,"[3.67439818, -0.0, 0.0, 0.0, 15.35128567, 0.0, -0.0, -0.0, 3.65038683]",16.0,0.70039134375,local
3928,mp-266,slab,-47.45861996,178.631,True,"[3.3429218, -0.0, 0.0, 0.0, 3.3429218, 0.0, 0.0, 0.0, 10.84027063]",6.0,1.6666666666666667e-08,local
3929,mp-2670,slab,-68.55784938,100.281,True,"[5.17783766, -0.0, 0.0, 0.0, 5.17783766, 0.0, -0.0, -0.0, 5.17783766]",8.0,3.75e-07,local
3930,mp-2672345,slab,-5.43754615,8.257,True,"[3.15568147, 0.0, 0.0, 0.0, 3.15568147, 0.0, 0.0, 0.0, 3.15568147]",2.0,8.65e-06,local
3931,mp-2674,slab,-175.33606711,653.68,True,"[7.68663303, 0.0, 0.0, 0.0, 7.68663303, 0.0, 0.0, 0.0, 7.68663303]",24.0,2.9166666666666663e-08,local
3932,mp-2676,slab,-159.26664146,116.382,True,"[6.52394724, 0.0, 0.0, 0.0, 6.52394724, 0.0, 0.0, -0.0, 6.52394724]",24.0,0.0,local
3933,mp-2677,slab,-25.26622828,58.235,True,"[4.00437629, 0.0, 0.0, 0.0, 4.00437629, 0.0, 0.0, 0.0, 4.00437629]",4.0,0.0,local
3934,mp-2678,slab,-16.21788471,59.606,True,"[2.700131, 0.0, 0.0, 0.0, 2.700131, 0.0, -0.0, 0.0, 3.91122284]",2.0,0.0,local
3935,mp-267,slab,-32.94018704,239.273,True,"[4.06296369, 0.0, 0.0, 0.0, 5.34708752, 0.0, 0.0, 0.0, 6.46267303]",6.0,0.0,local
3936,mp-2691,slab,-22.00214229,109.601,True,"[6.20989063, 0.0, 0.0, 0.0, 6.20989063, 0.0, 0.0, 0.0, 6.20989063]",8.0,1.25e-08,local
3937,mp-2693,slab,-32.86907138,137.655,True,"[6.06363103, 0.0, 0.0, 0.0, 6.06363103, 0.0, 0.0, 0.0, 6.06363103]",8.0,0.0,local
3938,mp-2695,slab,-39.12232917,159.425,True,"[3.25325123, 0.0, 0.0, 0.0, 6.01382724, 0.0, 0.0, 0.0, 6.75805877]",6.0,0.0,local
3939,mp-2696,slab,-4.73178892,17.084,True,"[3.3344136, 0.0, 0.0, 0.0, 3.3344136, 0.0, 0.0, 0.0, 3.3344136]",2.0,5e-08,local
3940,mp-2698,slab,-58.82670475,954.306,True,"[4.32285751, 0.0, 0.0, 0.0, 6.86422096, 0.0, 0.0, 0.0, 7.308756]",12.0,0.0,local
3941,mp-2705,slab,-58.25818133,180.637,True,"[3.88654529, 0.0, 0.0, 0.0, 3.88654529, 0.0, 0.0, 0.0, 7.9221402]",8.0,0.1484965625,local
3942,mp-27207,slab,-48.81547685,542.588,True,"[5.0083178, 0.0, 0.0, 0.0, 5.0083178, 0.0, 0.0, 0.0, 15.71427076]",14.0,7.142857142857142e-09,local
3943,mp-2726,slab,-20.68802415,614.62,True,"[2.65839163, -4.60446938, -0.0, 2.65839163, 4.60446938, -0.0, -0.0, 0.0, 4.02042441]",6.0,1.6666666666666667e-08,local
3944,mp-2728,slab,-18.14507593,61.686,True,"[2.65897849, -0.0, 0.0, 0.0, 2.65897849, 0.0, 0.0, -0.0, 3.65975193]",2.0,0.6397201,local
3945,mp-2731,slab,-36.05977043,363.186,True,"[3.80700388, 0.0, 0.0, 0.0, 3.80700388, 0.0, 0.0, 0.0, 8.83085559]",8.0,4.25e-07,local
3946,mp-27396,slab,-30.78953229,5608.283,True,"[1.72582139, -2.98921033, 0.0, 1.72582139, 2.98921033, -0.0, 0.0, -0.0, 23.41376105]",9.0,3.922222222222222e-06,local
3947,mp-2743,slab,-7.96080906,28.734,True,"[2.98732852, 0.0, 0.0, 0.0, 2.98732852, 0.0, 0.0, -0.0, 2.98732852]",2.0,2.5e-07,local
3948,mp-27440,slab,-77.73241146,1493.437,True,"[1.72248023, -2.98342327, -0.0, 1.72248023, 2.98342327, 0.0, -0.0, 0.0, 28.71033022]",12.0,0.0,local
3949,mp-2744,slab,-7.9925953,50.893,True,"[1.40390912, -2.43164193, 0.0, 1.40390912, 2.43164193, -0.0, -0.0, 0.0, 4.15849474]",2.0,0.0,local
3950,mp-27455,slab,-84.69040514,2847.054,True,"[0.0, 6.96859234, 0.00419323, 12.08001548, 0.0, 0.0, 0.0, -2.29762201, -6.3656866]",16.0,0.0,local
3951,mp-27490,slab,-49.61384133,9623.528,True,"[4.11110247, 0.0, 0.0, 0.0, 12.48904342, 0.0, 0.0, 0.0, 8.77832368]",16.0,0.0,local
3952,mp-2749,slab,-127.55807804,170.901,True,"[6.42429481, -0.0, 0.0, 0.0, 6.42429481, 0.0, -0.0, -0.0, 6.42429481]",24.0,0.3705862333333333,local
3953,mp-27507,slab,-65.66003298,128.268,True,"[1.74741599, -3.02661327, 0.0, 1.74741599, 3.02661327, 0.0, 0.0, 0.0, 29.73551848]",12.0,0.3737996833333333,local
3954,mp-2752,slab,-68.6009684,111.744,True,"[5.23154634, -0.0, 0.0, 0.0, 5.23154634, 0.0, -0.0, -0.0, 5.23154634]",8.0,1.25e-06,local
3955,mp-27549,slab,-40.32665511,1263.834,True,"[8.4898042, 0.0, 0.0, 0.0, 10.78455811, 0.0, 0.0, 0.0, 6.45267408]",16.0,6.25e-09,local
3956,mp-2757,slab,-4.30659796,23.078,True,"[3.39115207, 0.0, 0.0, 0.0, 3.39115207, 0.0, 0.0, 0.0, 3.39115207]",2.0,1.03e-05,local
3957,mp-2758,slab,-37.09217034,85.469,True,"[6.30503554, 0.0, 0.0, 0.0, 6.30503554, 0.0, 0.0, 0.0, 6.30503554]",8.0,1.25e-08,local
3958,mp-27607,slab,-83.89957406,2354.215,True,"[2.15329352, -3.72961378, 0.0, 2.15329352, 3.72961378, -0.0, -0.0, 0.0, 41.84928938]",21.0,4.761904761904762e-09,local
3959,mp-2762,slab,-212.58169605,427.864,True,"[7.57926798, 0.0, 0.0, 0.0, 7.57926798, 0.0, 0.0, 0.0, 7.57926798]",24.0,4.166666666666667e-09,local
3960,mp-27630,slab,-78.06428654,8856.797,True,"[0.0, 6.06199861, 0.01265786, 10.48751313, 0.0, 0.0, 0.0, -1.92312281, -6.24892112]",16.0,0.7499999625,local
3961,mp-27666,slab,-65.20803931,6226.994,True,"[0.0, 6.14157752, -0.01685603, 10.63988928, 0.0, 0.0, 0.0, -1.93193805, -6.15708848]",16.0,0.0,local
3962,mp-2767,slab,-11.669445,141.528,True,"[2.8250966, 0.0, 0.0, 0.0, 2.8250966, 0.0, -0.0, -0.0, 3.95275616]",2.0,5e-08,local
3963,mp-2773,slab,-11.39800379,30.864,True,"[2.59205767, 0.0, 0.0, 0.0, 2.59205767, 0.0, 0.0, -0.0, 2.59205767]",2.0,0.19567375,local
3964,mp-2776,slab,-39.03389259,308.156,True,"[6.19932681, 0.0, 0.0, 0.0, 6.19932681, 0.0, 0.0, 0.0, 6.19932681]",12.0,5.416666666666666e-07,local
3965,mp-27770,slab,-61.22239503,8562.404,True,"[0.0, 6.0749585, -0.01622986, 10.51554139, 0.0, 0.0, 0.0, -1.96829119, -6.21769789]",16.0,0.0,local
3966,mp-2780,slab,-80.64181558,2754.124,True,"[0.0, 12.21334712, 0.00207758, 3.4461313, 0.0, 0.0, 0.0, -2.72156523, -5.43439143]",14.0,0.6284638928571429,local
3967,mp-2781,slab,-13.24988306,22.749,True,"[3.31257224, 0.0, 0.0, 0.0, 3.31257224, 0.0, 0.0, -0.0, 3.31257224]",2.0,8e-07,local
3968,mp-2783,slab,-122.88962433,368.04,True,"[6.19156907, 0.0, 0.0, 0.0, 6.19156907, 0.0, 0.0, 0.0, 5.08915668]",12.0,3.5e-07,local
3969,mp-27840,slab,-91.97350249,2287.196,True,"[0.0, 13.3483548, 0.02717478, 3.67768882, 0.0, 0.0, 0.0, -2.93136303, -5.7281689]",14.0,1.428431207142857,local
3970,mp-2793,slab,-27.81277221,2165.666,True,"[0.0, 9.06400505, -0.04121015, 3.74124095, 0.0, 0.0, 0.0, -1.62268854, -6.27278703]",8.0,0.0,local
3971,mp-2795318,slab,-19.60234909,39.215,True,"[5.42953164, 0.0, 0.0, 0.0, 5.42953164, 0.0, 0.0, 0.0, 5.42888148]",5.0,1.84e-05,local
3972,mp-2797,slab,-26.24459505,142.177,True,"[2.53013366, -4.38232006, 0.0, 2.53013366, 4.38232006, -0.0, 0.0, -0.0, 4.08818089]",6.0,8.666666666666667e-07,local
3973,mp-27999,slab,-60.5889636,1500.477,True,"[3.00420434, -5.20343456, -0.0, 3.00420434, 5.20343456, 0.0, 0.0, -0.0, 28.41513647]",24.0,4.166666666666667e-09,local
3974,mp-279,slab,-11.24902804,46.685,True,"[1.33303085, -2.30887716, -0.0, 1.33303085, 2.30887716, -0.0, -0.0, 0.0, 4.38536138]",2.0,5e-07,local
3975,mp-28006,slab,-85.93221815,5258.19,True,"[2.08436045, -3.6102182, 0.0, 2.08436045, 3.6102182, -0.0, 0.0, -0.0, 22.79449609]",21.0,0.0,local
3976,mp-2802,slab,-20.74455256,25.477,True,"[3.24250007, 0.0, 0.0, 0.0, 3.24250007, 0.0, -0.0, 0.0, 3.24250007]",2.0,5e-08,local
3977,mp-28069,slab,-30.01939262,63.372,True,"[5.78376666, 0.0, 0.0, 0.0, 5.78376666, 0.0, -0.0, 0.0, 5.78376666]",7.0,5.7142857142857144e-08,local
3978,mp-2808,slab,-17.29338657,28.072,True,"[3.29547796, 0.0, 0.0, 0.0, 3.29547796, 0.0, 0.0, 0.0, 3.29547796]",2.0,1.4e-06,local
3979,mp-28116,slab,-15.75747263,371.579,True,"[1.64604115, -2.8510269, 0.0, 1.64604115, 2.8510269, -0.0, -0.0, 0.0, 7.10576493]",3.0,3.6666666666666667e-07,local
3980,mp-28117,slab,-116.87494193,23879.001,True,"[3.07599341, -5.32777598, -0.0, 3.07599264, 5.32777642, 0.0, -0.0, 0.0, 18.9900519]",24.0,0.5000000708333333,local
3981,mp-28233,slab,-47.78481056,932.992,True,"[1.85978808, -3.22124745, 0.0, 1.85978808, 3.22124745, 0.0, -0.0, 0.0, 18.9765197]",9.0,1.666666711111111,local
3982,mp-28243,slab,-56.38665141,758.077,True,"[4.17759862, 0.0, 0.0, 0.0, 14.65033674, 0.0, 0.0, 0.0, 7.22951623]",16.0,1.25e-08,local
3983,mp-28246,slab,-24.37714019,94.535,True,"[6.14179584, 0.0, 0.0, 0.0, 6.14179584, 0.0, 0.0, 0.0, 6.14179584]",8.0,1.25e-08,local
3984,mp-2827,slab,-42.24276505,127.26,True,"[2.458237, -4.25779138, -0.0, 2.458237, 4.25779138, 0.0, 0.0, -0.0, 3.94335017]",6.0,1.200635583333333,local
3985,mp-2828768,slab,-18.73105486,56.393,True,"[6.63417412, -0.0, 0.0, 0.0, 6.63417412, 0.0, -0.0, -0.0, 4.66251168]",8.0,0.000100425,local
3986,mp-2831,slab,-13.57797766,127.589,True,"[2.70723984, -0.0, 0.0, 0.0, 2.70723984, 0.0, -0.0, 0.0, 3.76893309]",2.0,1.6342488,local
3987,mp-2845,slab,-22.14347149,42.647,True,"[2.11161733, -3.6574285, -0.0, 2.11161733, 3.6574285, 0.0, -0.0, 0.0, 5.55248819]",4.0,1.5e-07,local
3988,mp-28497,slab,-59.30417139,1627.384,True,"[5.16910589, 0.0, 0.0, 0.0, 5.16910589, 0.0, 0.0, 0.0, 16.88336297]",14.0,0.5714284071428571,local
3989,mp-284,slab,-11.97691243,20.896,True,"[2.85239152, 0.0, 0.0, 0.0, 2.85239152, 0.0, 0.0, 0.0, 2.85239152]",2.0,1.6e-06,local
3990,mp-2851,slab,-69.83816148,278.256,True,"[6.60200438, 0.0, 0.0, 0.0, 6.60200438, 0.0, 0.0, 0.0, 5.59398952]",12.0,0.000137575,local
3991,mp-2872104,slab,-13.79640799,871.414,True,"[2.31183737, -4.00448211, 0.00128503, 2.31468852, 4.00612816, 0.00047514, 0.00400804, -0.00106157, 10.48417129]",6.0,0.0,local
3992,mp-28884,slab,-56.08511811,873.879,True,"[3.78628633, 0.0, 0.0, 0.0, 3.78628633, 0.0, 0.0, 0.0, 15.50412049]",10.0,0.31209575,local
3993,mp-28919,slab,-78.15821459,3194.874,True,"[3.70544288, -0.0, 0.0, 0.0, 3.70544288, 0.0, 0.0, 0.0, 18.81998987]",10.0,0.0,local
3994,mp-2894145,slab,-20.70309827,77.555,True,"[6.08197619, -0.0, 0.0, 0.0, 6.08197619, 0.0, -0.0, 0.0, 4.34166606]",8.0,1.625e-07,local
3995,mp-28944,slab,-21.35122705,4057.414,True,"[2.15363654, -3.73020791, 0.0, 2.15363654, 3.73020791, 0.0, -0.0, -0.0, 13.49419069]",6.0,0.0,local
3996,mp-2894,slab,-62.49547097,188.939,True,"[6.51479799, 0.0, 0.0, 0.0, 6.51479799, 0.0, 0.0, 0.0, 6.51479799]",12.0,0.0,local
3997,mp-29131,slab,-26.94335163,55.029,True,"[1.87555991, -3.24856506, 0.0, 1.87555991, 3.24856506, 0.0, -0.0, -0.0, 5.83488703]",4.0,1.137611075,local
3998,mp-29138,slab,-27.35376761,777.015,True,"[7.90562926, 0.0, 0.0, 0.0, 7.90562926, 0.0, 0.0, 0.0, 3.75544612]",8.0,0.0,local
3999,mp-291,slab,-20.51517494,20.714,True,"[3.09123958, 0.0, 0.0, 0.0, 3.09123958, 0.0, -0.0, -0.0, 3.09123958]",2.0,1e-07,local
4000,mp-29206,slab,-83.88577247,1056.251,True,"[4.49323281, 0.0, 0.0, 0.0, 4.49323281, 0.0, 0.0, 0.0, 24.55185972]",16.0,1.03295411875,local
4001,mp-29207,slab,-78.00311636,16751.192,True,"[4.61950255, -0.0, 0.0, 0.0, 4.61950255, 0.0, 0.0, 0.0, 22.82163767]",16.0,1.04573113125,local
4002,mp-2927,slab,-48.42361413,206.961,True,"[6.6840962, 0.0, 0.0, 0.0, 6.6840962, 0.0, 0.0, -0.0, 6.6840962]",16.0,2.5e-08,local
4003,mp-292,slab,-66.88497669,78.3,True,"[4.73547933, 0.0, 0.0, 0.0, 4.73547933, 0.0, 0.0, 0.0, 4.73547933]",8.0,1.75e-07,local
4004,mp-2935,slab,-54.13691508,440.326,True,"[6.24905524, 0.0, 0.0, 0.0, 6.24905524, 0.0, 0.0, 0.0, 6.24905524]",16.0,0.0,local
4005,mp-2949,slab,-49.27980501,1243.269,True,"[4.10013938, 0.0, 0.0, 0.0, 4.10013938, 0.0, 0.0, 0.0, 10.03749695]",10.0,2.2e-07,local
4006,mp-29585,slab,-51.91842149,1648.653,True,"[2.91966773, -5.05701285, 0.0, 2.91966773, 5.05701285, -0.0, -0.0, 0.0, 28.13762303]",21.0,2.8571428571428572e-08,local
4007,mp-29623,slab,-49.16278159,51362.044,True,"[4.61542957, -0.0, 0.0, 0.0, 4.61542957, 0.0, 0.0, 0.0, 22.89078422]",16.0,0.0,local
4008,mp-29633,slab,-77.02627883,285.367,True,"[6.07520894, 0.0, 0.0, 0.0, 6.07520894, 0.0, 0.0, 0.0, 6.07520894]",16.0,3.125e-08,local
4009,mp-29643,slab,-46.61990307,111.406,True,"[2.1961809, -3.8038969, 0.0, 2.1961809, 3.8038969, -0.0, 0.0, 0.0, 17.57445813]",12.0,6.416666666666667e-07,local
4010,mp-29656,slab,-40.50595919,434.866,True,"[2.21702681, -3.84000307, 0.0, 2.21702681, 3.84000307, -0.0, 0.0, -0.0, 21.10261374]",12.0,0.0,local
4011,mp-29662,slab,-44.79341396,254.978,True,"[2.15736077, -3.73665846, -0.0, 2.15736077, 3.73665846, -0.0, 0.0, -0.0, 22.91001621]",12.0,8.333333333333334e-09,local
4012,mp-29665,slab,-30.84018404,78.141,True,"[5.95396071, 0.0, 0.0, 0.0, 5.95396071, 0.0, 0.0, 0.0, 5.95396071]",8.0,6.25e-08,local
4013,mp-29666,slab,-57.28374854,626.503,True,"[2.17580996, -3.7686134, 0.0, 2.17580996, 3.7686134, -0.0, 0.0, 0.0, 31.85394789]",15.0,0.0,local
4014,mp-29733,slab,-46.07428899,218.142,True,"[6.27752456, 0.0, 0.0, 0.0, 6.27752456, 0.0, 0.0, 0.0, 6.27752456]",12.0,1.75e-07,local
4015,mp-29736,slab,-66.83710137,1068.245,True,"[4.06705852, -0.0, 0.0, 0.0, 10.45260458, 0.0, -0.0, -0.0, 5.78811999]",12.0,1.6666666666666667e-08,local
4016,mp-29744,slab,-39.31893752,235.777,True,"[4.04568882, -0.0, 0.0, 0.0, 4.04568882, 0.0, 0.0, 0.0, 14.12728861]",8.0,1.0,local
4017,mp-29752,slab,-188.15798827,6199.177,True,"[7.43264589, 0.0, 0.0, 0.0, 7.7575018, 0.0, 0.0, -0.0, 7.91287614]",32.0,0.0,local
4018,mp-29772,slab,-87.39578522,14778.951,True,"[4.05385416, -0.0, 0.0, 0.0, 21.04053525, 0.0, 0.0, -0.0, 3.92585234]",16.0,1.875e-08,local
4019,mp-2977,slab,-12.72111229,691.765,True,"[3.16972493, 0.0, 0.0, 0.0, 4.29140736, 0.0, 0.0, 0.0, 7.57619596]",4.0,0.0,local
4020,mp-29873,slab,-42.37558038,544.938,True,"[5.31240816, 0.0, 0.0, 0.0, 5.31240816, 0.0, 0.0, 0.0, 16.32681951]",14.0,3.571428571428571e-08,local
4021,mp-29889,slab,-22.89873951,246.793,True,"[7.23399111, 0.0, 0.0, 0.0, 7.23399111, 0.0, 0.0, -0.0, 4.29524991]",7.0,0.0,local
4022,mp-2988,slab,-63.57579106,276.396,True,"[5.98852462, 0.0, 0.0, 0.0, 5.98852462, 0.0, 0.0, 0.0, 5.98852462]",16.0,4.375e-08,local
4023,mp-30028,slab,-45.20259926,115.832,True,"[2.76400511, -4.78739728, 0.0, 2.76400511, 4.78739728, -0.0, 0.0, 0.0, 3.66331142]",6.0,0.0,local
4024,mp-30040,slab,-53.48184494,1583.122,True,"[4.6095427, -0.0, 0.0, 0.0, 4.6095427, 0.0, -0.0, -0.0, 24.87529937]",16.0,1.25e-08,local
4025,mp-30044,slab,-112.34229612,152.299,True,"[5.72709, 0.0, 0.0, 0.0, 5.72709, 0.0, 0.0, 0.0, 5.72709]",16.0,1.34829409375,local
4026,mp-30069,slab,-76.7696326,368.323,True,"[5.99635237, 0.0, 0.0, 0.0, 5.99635237, 0.0, 0.0, 0.0, 5.99635237]",16.0,0.0,local
4027,mp-30080,slab,-60.72116827,256.619,True,"[6.0089884, -0.0, 0.0, 0.0, 6.0089884, 0.0, -0.0, -0.0, 6.0089884]",16.0,3.75e-08,local
4028,mp-30147,slab,-96.00692176,776.722,True,"[3.79054967, -0.0, 0.0, 0.0, 3.79054967, 0.0, 0.0, 0.0, 14.89476955]",12.0,0.0,local
4029,mp-30175,slab,-26.25804337,662.912,True,"[4.13212164, 0.0, 0.0, 0.0, 4.13212164, 0.0, -0.0, -0.0, 11.39303078]",10.0,0.0,local
4030,mp-30183,slab,-85.91817856,461.743,True,"[4.02716404, 0.0, 0.0, 0.0, 4.02716404, 0.0, 0.0, 0.0, 14.56862096]",16.0,0.0,local
4031,mp-3021,slab,-53.71657932,205.28,True,"[3.69736811, -0.0, 0.0, 0.0, 3.69736811, 0.0, -0.0, -0.0, 15.38626969]",10.0,1.16139526,local
4032,mp-30338,slab,-23.80313936,29.817,True,"[4.77574921, -0.0, 0.0, 0.0, 4.77574921, 0.0, -0.0, -0.0, 4.77574921]",4.0,5.05e-06,local
4033,mp-30343,slab,-10.84911297,68.572,True,"[4.2355303, 0.0, 0.0, 0.0, 4.2355303, 0.0, 0.0, 0.0, 4.2355303]",4.0,5e-07,local
4034,mp-30344,slab,-41.19849685,88.621,True,"[6.58614919, 0.0, 0.0, 0.0, 6.58614919, 0.0, 0.0, 0.0, 6.58614919]",16.0,1.3125e-07,local
4035,mp-30347,slab,-61.98042574,231.094,True,"[6.80089569, 0.0, 0.0, 0.0, 6.80089569, 0.0, 0.0, 0.0, 6.80089569]",16.0,1.125e-07,local
4036,mp-30349,slab,-44.69510288,241.042,True,"[6.75803818, 0.0, 0.0, 0.0, 6.75803818, 0.0, 0.0, 0.0, 6.75803818]",16.0,2.5e-07,local
4037,mp-3034,slab,-53.83388797,866.87,True,"[4.02139172, 0.0, 0.0, 0.0, 9.29834029, 0.0, 0.0, 0.0, 7.11687549]",16.0,0.0,local
4038,mp-30350,slab,-46.43929218,37.485,True,"[6.540208, 0.0, 0.0, 0.0, 6.540208, 0.0, 0.0, 0.0, 6.540208]",16.0,9.123125e-05,local
4039,mp-30351,slab,-10.31447794,31.333,True,"[4.15582352, 0.0, 0.0, 0.0, 4.15582352, 0.0, 0.0, 0.0, 4.15582352]",4.0,8.5e-07,local
4040,mp-30352,slab,-56.42527651,417.815,True,"[8.02361266, 0.0, 0.0, 0.0, 8.02361266, 0.0, 0.0, 0.0, 8.02361266]",24.0,1.25e-08,local
4041,mp-30353,slab,-20.90775835,28.419,True,"[3.99327337, 0.0, 0.0, 0.0, 3.99327337, 0.0, 0.0, 0.0, 3.99327337]",4.0,1.675e-06,local
4042,mp-30354,slab,-36.30242373,178.779,True,"[6.65857425, -0.0, 0.0, 0.0, 6.65857425, 0.0, 0.0, 0.0, 4.12014749]",10.0,1e-07,local
4043,mp-30356,slab,-32.00168944,1196.675,True,"[4.83205546, -0.0, 0.0, 0.0, 7.75529016, 0.0, 0.0, 0.0, 8.42968775]",12.0,0.0,local
4044,mp-30362,slab,-28.17855367,57.283,True,"[4.40911741, -0.0, 0.0, 0.0, 4.40911741, 0.0, -0.0, -0.0, 4.40911741]",4.0,9e-07,local
4045,mp-30363,slab,-10.5829377,48.216,True,"[2.44417621, -4.23343738, -0.0, 2.44417621, 4.23343738, 0.0, -0.0, -0.0, 4.23923868]",3.0,3.333333333333333e-07,local
4046,mp-30364,slab,-20.67059036,187.413,True,"[2.92244425, -5.06182193, -0.0, 2.92244425, 5.06182193, 0.0, -0.0, -0.0, 4.58212868]",6.0,2.666666666666667e-07,local
4047,mp-30365,slab,-29.12058045,68.625,True,"[4.70703177, -0.0, 0.0, 0.0, 4.70703177, 0.0, -0.0, 0.0, 4.70703177]",8.0,2e-07,local
4048,mp-30373,slab,-4.70733885,71.262,True,"[4.22685416, -0.0, 0.0, 0.0, 4.22685416, 0.0, -0.0, 0.0, 4.22685416]",2.0,0.0,local
4049,mp-30379,slab,-26.37538522,1290.031,True,"[3.69090697, -0.0, 0.0, 0.0, 6.20190565, 0.0, 0.0, -0.0, 6.44300682]",8.0,1.25e-08,local
4050,mp-30381,slab,-48.03693694,284.815,True,"[6.24598468, 0.0, 0.0, 0.0, 6.24598468, 0.0, 0.0, 0.0, 6.24598468]",16.0,1e-07,local
4051,mp-30383,slab,-48.82241882,159.898,True,"[3.24583065, 0.0, 0.0, 0.0, 3.24583065, 0.0, 0.0, 0.0, 11.67822065]",6.0,0.0,local
4052,mp-30392,slab,-46.19190786,263.128,True,"[6.53724071, 0.0, 0.0, 0.0, 6.53724071, 0.0, -0.0, 0.0, 6.53724071]",16.0,1.4375e-07,local
4053,mp-30395,slab,-71.12739627,183.945,True,"[6.79101153, 0.0, 0.0, 0.0, 6.79101153, 0.0, 0.0, 0.0, 6.79101153]",16.0,6.25e-09,local
4054,mp-30403,slab,-48.88325988,269.654,True,"[6.73977475, 0.0, 0.0, 0.0, 6.73977475, 0.0, 0.0, 0.0, 6.73977475]",16.0,8.125e-08,local
4055,mp-30404,slab,-53.41884279,86.898,True,"[6.59231309, 0.0, 0.0, 0.0, 6.59231309, 0.0, 0.0, 0.0, 6.59231309]",16.0,6.25e-09,local
4056,mp-30405,slab,-52.01084937,195.384,True,"[6.53875531, 0.0, 0.0, 0.0, 6.53875531, 0.0, 0.0, 0.0, 6.53875531]",16.0,1.1875e-07,local
4057,mp-30406,slab,-42.89868165,95.499,True,"[6.65666065, -0.0, 0.0, 0.0, 6.65666065, 0.0, 0.0, -0.0, 6.65666065]",16.0,4.6875e-07,local
4058,mp-30410,slab,-69.41183665,1620.676,True,"[0.0, 9.26916915, -0.02961103, 3.91971901, 0.0, 0.0, 0.0, -0.79506178, -6.56790537]",14.0,1.21588955,local
4059,mp-30418,slab,-60.72073142,2452.486,True,"[2.58786338, -4.48231085, -0.0, 2.58786338, 4.48231085, -0.0, -0.0, -0.0, 14.64750788]",18.0,1.111111111111111e-08,local
4060,mp-30423,slab,-61.76650868,821.757,True,"[4.83725339, -0.0, 0.0, 0.0, 8.64376051, 0.0, 0.0, -0.0, 4.79921439]",12.0,0.6101501916666666,local
4061,mp-30426,slab,-50.12149606,7493.35,True,"[4.76646818, 0.0, 0.0, 0.0, 4.76646818, 0.0, 0.0, 0.0, 24.7090019]",16.0,6.25e-09,local
4062,mp-30427,slab,-50.92317805,2310.105,True,"[4.68199909, 0.0, 0.0, 0.0, 4.68199909, 0.0, -0.0, -0.0, 24.19471296]",16.0,0.0,local
4063,mp-30428,slab,-23.05760897,543.423,True,"[2.23942669, -3.87880081, 0.0, 2.23942669, 3.87880081, -0.0, -0.0, 0.0, 16.76846046]",8.0,0.0,local
4064,mp-30433,slab,-45.76688573,505.747,True,"[4.98650369, 0.0, 0.0, 0.0, 4.98650369, 0.0, 0.0, 0.0, 11.22419749]",10.0,0.0,local
4065,mp-30435,slab,-18.7652499,1366.593,True,"[5.09283387, 0.0, 0.0, 0.0, 7.77908765, 0.0, 0.0, 0.0, 8.14353793]",12.0,3.333333333333333e-07,local
4066,mp-30449,slab,-38.00371249,42.7,True,"[6.432394, 0.0, 0.0, 0.0, 6.432394, 0.0, 0.0, 0.0, 6.432394]",12.0,9.380833333333334e-05,local
4067,mp-30451,slab,-21.73323269,106.333,True,"[2.3429162, -4.0580499, 0.0, 2.3429162, 4.0580499, -0.0, 0.0, -0.0, 8.93605393]",6.0,0.0,local
4068,mp-30459,slab,-70.11021758,274.18,True,"[6.2613698, 0.0, 0.0, 0.0, 6.2613698, 0.0, 0.0, 0.0, 6.2613698]",12.0,5.833333333333333e-08,local
4069,mp-30460,slab,-71.52634381,211.08,True,"[6.49110566, 0.0, 0.0, 0.0, 6.49110566, 0.0, 0.0, 0.0, 6.49110566]",12.0,0.0,local
4070,mp-30461,slab,-76.06126524,2588.885,True,"[0.0, 7.32351128, 0.00246545, 8.81792544, 0.0, 0.0, 0.0, -1.77684135, -5.38914504]",16.0,0.0,local
4071,mp-30465,slab,-94.86950667,665.591,True,"[6.94905243, 0.0, 0.0, 0.0, 6.94905243, 0.0, 0.0, 0.0, 6.94905243]",16.0,4.375e-08,local
4072,mp-30472,slab,-31.37863558,606.474,True,"[4.3214834, 0.0, 0.0, 0.0, 5.41670271, 0.0, 0.0, 0.0, 9.07026165]",10.0,1e-08,local
4073,mp-30481,slab,-35.61129772,150.013,True,"[2.6858333, -4.65199974, -0.0, 2.6858333, 4.65199974, 0.0, 0.0, -0.0, 4.44070696]",6.0,1.6666666666666667e-08,local
4074,mp-30483,slab,-14.15969125,400.814,True,"[4.17746766, 0.0, 0.0, 0.0, 11.30811935, 0.0, 0.0, -0.0, 4.49881959]",8.0,2.125e-07,local
4075,mp-30485,slab,-29.62281972,2217.207,True,"[4.17936699, -0.0, 0.0, 0.0, 13.19420641, 0.0, -0.0, -0.0, 9.97445253]",16.0,6.25e-09,local
4076,mp-30490,slab,-11.16837328,71.08,True,"[3.15717493, -5.46838738, 0.0, 3.15717493, 5.46838738, -0.0, 0.0, -0.0, 5.07187847]",8.0,7.5e-07,local
4077,mp-30491,slab,-8.06781587,303.342,True,"[3.16635626, -5.48428992, -0.0, 3.16635626, 5.48428992, 0.0, 0.0, 0.0, 5.06069987]",8.0,1e-07,local
4078,mp-30492,slab,-16.17412107,137.814,True,"[2.53758656, -4.39522885, 0.0, 2.53758656, 4.39522885, 0.0, -0.0, 0.0, 10.13682393]",8.0,2.5e-08,local
4079,mp-30493,slab,-15.80112647,97.314,True,"[2.95142092, 0.0, 0.0, 0.0, 2.95142092, 0.0, 0.0, 0.0, 7.37986699]",4.0,0.0,local
4080,mp-30494,slab,-18.78027847,354.705,True,"[3.20382775, -5.54919245, 0.0, 3.20382775, 5.54919245, 0.0, 0.0, 0.0, 4.90466766]",8.0,0.0,local
4081,mp-30496,slab,-3.06185648,22.153,True,"[4.0710307, 0.0, 0.0, 0.0, 4.0710307, 0.0, 0.0, 0.0, 4.0710307]",2.0,4.5e-07,local
4082,mp-30500,slab,-17.41612095,1022.725,True,"[2.90937717, -0.0, 0.0, 0.0, 2.90937717, 0.0, 0.0, 0.0, 9.08516127]",4.0,0.0,local
4083,mp-30501,slab,-33.28957008,274.735,True,"[2.85846904, -0.0, 0.0, 0.0, 2.85846904, 0.0, 0.0, 0.0, 13.53809145]",6.0,0.0,local
4084,mp-30551,slab,-104.41161703,353.45,True,"[5.71802598, 0.0, 0.0, 0.0, 5.71802598, 0.0, 0.0, 0.0, 5.71802598]",16.0,1.2543037,local
4085,mp-30555,slab,-120.59395814,314.707,True,"[5.95548821, 0.0, 0.0, 0.0, 5.95548821, 0.0, 0.0, 0.0, 5.95548821]",16.0,0.5017282125,local
4086,mp-30562,slab,-81.18276116,540.459,True,"[6.29802938, 0.0, 0.0, 0.0, 6.29802938, 0.0, 0.0, 0.0, 5.63916018]",12.0,4.166666666666667e-07,local
4087,mp-30570,slab,-116.03870227,420.188,True,"[5.68313227, -0.0, 0.0, 0.0, 5.68313227, 0.0, 0.0, 0.0, 5.68313227]",16.0,0.2571620625,local
4088,mp-30571,slab,-31.04665109,648.176,True,"[7.45576233, 0.0, 0.0, 0.0, 7.45576233, 0.0, 0.0, 0.0, 5.74893743]",12.0,5.833333333333333e-08,local
4089,mp-30572,slab,-95.81037391,372.351,True,"[6.71862601, 0.0, 0.0, 0.0, 6.71862601, 0.0, 0.0, 0.0, 5.2750059]",12.0,4.166666666666666e-08,local
4090,mp-30580,slab,-39.0544114,1108.808,True,"[2.1482577, -3.72089148, -0.0, 2.1482577, 3.72089148, 0.0, 0.0, -0.0, 16.07590715]",12.0,4.166666666666666e-08,local
4091,mp-30581,slab,-48.1248813,315.558,True,"[3.17545998, 0.0, 0.0, 0.0, 3.17545998, 0.0, 0.0, 0.0, 11.19146837]",6.0,0.0,local
4092,mp-30587,slab,-78.55828154,425.359,True,"[7.08455149, 0.0, 0.0, 0.0, 7.08455149, 0.0, 0.0, 0.0, 7.08455149]",24.0,2.5e-08,local
4093,mp-30591,slab,-50.89208618,280.975,True,"[6.30172295, 0.0, 0.0, 0.0, 6.30172295, 0.0, 0.0, -0.0, 6.30172295]",16.0,1.25e-08,local
4094,mp-30592,slab,-76.2758517,388.921,True,"[5.9899995, 0.0, 0.0, 0.0, 5.9899995, 0.0, 0.0, 0.0, 5.9899995]",16.0,6.25e-09,local
4095,mp-30593,slab,-14.52987548,175.637,True,"[3.60205344, 0.0, 0.0, 0.0, 3.60205344, 0.0, 0.0, 0.0, 3.71642411]",4.0,0.0,local
4096,mp-30595,slab,-93.66914129,644.127,True,"[6.21699905, 0.0, 0.0, 0.0, 6.21699905, 0.0, 0.0, 0.0, 6.21699905]",16.0,2.5e-08,local
4097,mp-30598,slab,-58.99573628,3221.879,True,"[4.6604099, 0.0, 0.0, 0.0, 19.57173391, 0.0, 0.0, 0.0, 4.59580539]",16.0,0.0,local
4098,mp-30599,slab,-54.46918302,505.538,True,"[3.13172439, 0.0, 0.0, 0.0, 3.13172439, 0.0, 0.0, 0.0, 14.2766959]",10.0,0.19574758,local
4099,mp-305,slab,-16.93211964,36.252,True,"[2.95204084, -0.0, 0.0, 0.0, 2.95204084, 0.0, 0.0, -0.0, 2.95204084]",2.0,2.5e-06,local
4100,mp-30603,slab,-111.63680645,400.795,True,"[6.90732338, 0.0, 0.0, 0.0, 6.90732338, 0.0, 0.0, 0.0, 6.90732338]",24.0,6.25e-08,local
4101,mp-30619,slab,-133.95257604,2594.76,True,"[3.25679574, 0.0, 0.0, 0.0, 10.74611873, 0.0, 0.0, -0.0, 9.04909265]",16.0,2.5e-08,local
4102,mp-30635,slab,-29.67916048,34.983,True,"[3.72513734, -0.0, 0.0, 0.0, 3.72513734, 0.0, 0.0, -0.0, 3.72513734]",4.0,2.101953825,local
4103,mp-30657,slab,-95.39555136,569.769,True,"[5.89725728, 0.0, 0.0, 0.0, 5.89725728, 0.0, 0.0, 0.0, 5.89725728]",16.0,2.125e-07,local
4104,mp-30658,slab,-95.95160393,317.489,True,"[5.80573942, 0.0, 0.0, 0.0, 5.80573942, 0.0, 0.0, 0.0, 5.80573942]",16.0,8.125e-08,local
4105,mp-30663,slab,-87.12640284,1038.96,True,"[7.57060807, 0.0, 0.0, 0.0, 8.07602941, 0.0, 0.0, 0.0, 4.00284587]",16.0,0.0,local
4106,mp-30671,slab,-39.55393854,127.165,True,"[2.26575576, -3.92440409, 0.0, 2.26575576, 3.92440409, 0.0, 0.0, 0.0, 5.47378878]",6.0,1.75e-06,local
4107,mp-30672,slab,-55.38562466,275.647,True,"[2.84813568, -4.93311571, -0.0, 2.84813568, 4.93311571, 0.0, -0.0, 0.0, 4.64815271]",8.0,5e-08,local
4108,mp-30682,slab,-101.5215424,4992.398,True,"[3.89362621, 0.0, 0.0, 0.0, 3.89362621, 0.0, 0.0, 0.0, 20.55925169]",16.0,1.25e-08,local
4109,mp-30683,slab,-64.13626535,776.269,True,"[4.01632211, 0.0, 0.0, 0.0, 13.02279839, 0.0, 0.0, 0.0, 4.15306462]",12.0,2.5e-08,local
4110,mp-30685,slab,-38.31596871,395.259,True,"[3.9214084, 0.0, 0.0, 0.0, 3.9214084, 0.0, 0.0, 0.0, 9.18195947]",8.0,5e-08,local
4111,mp-30708,slab,-178.42764305,601.777,True,"[6.92158894, 0.0, 0.0, 0.0, 6.92158894, 0.0, 0.0, 0.0, 6.92158894]",24.0,0.0,local
4112,mp-30727,slab,-33.5001591,152.315,True,"[6.7111302, 0.0, 0.0, 0.0, 6.7111302, 0.0, 0.0, 0.0, 6.7111302]",16.0,3.75e-08,local
4113,mp-30738,slab,-58.38596016,304.097,True,"[2.6910159, 0.0, 0.0, 0.0, 4.71075191, 0.0, 0.0, 0.0, 8.76600132]",8.0,0.0,local
4114,mp-30739,slab,-29.32461805,41.79,True,"[2.29151874, -3.96902688, 0.0, 2.29151874, 3.96902688, -0.0, 0.0, 0.0, 8.25712396]",8.0,1.25e-08,local
4115,mp-30744,slab,-44.83308366,276.051,True,"[2.78490037, 0.0, 0.0, 0.0, 4.48599244, 0.0, 0.0, 0.0, 4.85673283]",4.0,2.5e-08,local
4116,mp-30745,slab,-81.85520815,112.121,True,"[2.77405981, -4.80481254, -0.0, 2.77405981, 4.80481254, -0.0, -0.0, 0.0, 4.42548213]",8.0,1.625e-07,local
4117,mp-30746,slab,-16.86650945,31.97,True,"[3.42981042, -0.0, 0.0, 0.0, 3.42981042, 0.0, -0.0, 0.0, 3.42981042]",2.0,3.05e-05,local
4118,mp-30763,slab,-70.0532293,181.037,True,"[6.50929432, 0.0, 0.0, 0.0, 6.50929432, 0.0, 0.0, 0.0, 6.50929432]",16.0,1.25e-08,local
4119,mp-30764,slab,-123.25846017,299.866,True,"[7.42963931, 0.0, 0.0, 0.0, 7.42963931, 0.0, 0.0, 0.0, 7.42963931]",24.0,2.5e-08,local
4120,mp-30765,slab,-186.70571165,684.002,True,"[7.84706891, 0.0, 0.0, 0.0, 7.84706891, 0.0, 0.0, 0.0, 7.84706891]",32.0,3.125e-09,local
4121,mp-30773,slab,-70.24968261,223.129,True,"[6.18527675, 0.0, 0.0, 0.0, 6.18527675, 0.0, 0.0, -0.0, 6.18527675]",16.0,1.875e-08,local
4122,mp-30774,slab,-69.71053672,276.252,True,"[6.17857639, 0.0, 0.0, 0.0, 6.17857639, 0.0, 0.0, 0.0, 6.17857639]",16.0,1.875e-07,local
4123,mp-30777,slab,-22.14039273,20.427,True,"[3.95860205, 0.0, 0.0, 0.0, 3.95860205, 0.0, -0.0, 0.0, 3.95860205]",4.0,1.205e-05,local
4124,mp-30787,slab,-67.50024874,516.378,True,"[2.74924277, -4.76182816, -0.0, 2.74924277, 4.76182816, -0.0, -0.0, 0.0, 4.36900226]",8.0,0.0,local
4125,mp-30788,slab,-72.79190149,105.917,True,"[5.1180996, 0.0, 0.0, 0.0, 5.1180996, 0.0, -0.0, -0.0, 5.1180996]",8.0,1.375e-07,local
4126,mp-3078,slab,-64.04248651,391.138,True,"[5.98055196, 0.0, 0.0, 0.0, 5.98055196, 0.0, 0.0, 0.0, 11.10015107]",16.0,0.0,local
4127,mp-30805,slab,-41.62047572,425.236,True,"[4.78369993, 0.0, 0.0, 0.0, 4.78369993, 0.0, 0.0, 0.0, 11.00415991]",10.0,0.0,local
4128,mp-30807,slab,-146.16584945,493.727,True,"[6.93516232, 0.0, 0.0, 0.0, 6.93516232, 0.0, 0.0, 0.0, 6.93516232]",24.0,8.070833333333332e-06,local
4129,mp-30811,slab,-70.7587262,446.34,True,"[5.74504534, -0.0, 0.0, 0.0, 5.74504534, 0.0, 0.0, 0.0, 3.55651834]",10.0,1e-08,local
4130,mp-30816,slab,-59.54181325,100.503,True,"[6.09457589, 0.0, 0.0, 0.0, 6.09457589, 0.0, 0.0, -0.0, 6.09457589]",16.0,1.0625e-07,local
4131,mp-30817,slab,-68.58757422,106.372,True,"[6.09394771, 0.0, 0.0, 0.0, 6.09394771, 0.0, 0.0, 0.0, 6.09394771]",16.0,6.25e-09,local
4132,mp-30818,slab,-65.85732321,101.395,True,"[6.0303149, 0.0, 0.0, 0.0, 6.0303149, 0.0, -0.0, -0.0, 6.0303149]",16.0,1.625e-07,local
4133,mp-30819,slab,-75.21139903,123.526,True,"[6.08299647, 0.0, 0.0, 0.0, 6.08299647, 0.0, 0.0, 0.0, 6.08299647]",16.0,6.25e-08,local
4134,mp-30820,slab,-67.05086876,139.642,True,"[5.9814865, -0.0, 0.0, 0.0, 5.9814865, 0.0, -0.0, -0.0, 5.9814865]",16.0,3.125e-08,local
4135,mp-30821,slab,-77.8548816,99.04,True,"[6.02498949, 0.0, 0.0, 0.0, 6.02498949, 0.0, 0.0, -0.0, 6.02498949]",16.0,3.75e-08,local
4136,mp-30834,slab,-42.43836641,313.336,True,"[4.8511862, 0.0, 0.0, 0.0, 4.8511862, 0.0, 0.0, 0.0, 11.48731677]",10.0,0.0,local
4137,mp-30835,slab,-47.25305726,430.571,True,"[2.89768583, 0.0, 0.0, 0.0, 3.86551777, 0.0, 0.0, 0.0, 8.49563573]",6.0,0.0,local
4138,mp-30836,slab,-58.78504788,156.59,True,"[3.92670055, 0.0, 0.0, 0.0, 3.92670055, 0.0, 0.0, 0.0, 8.05781361]",8.0,0.0,local
4139,mp-30844,slab,-103.24531869,206.714,True,"[6.61991963, 0.0, 0.0, 0.0, 6.61991963, 0.0, -0.0, -0.0, 6.61991963]",16.0,6.25e-09,local
4140,mp-30847,slab,-80.97883206,321.911,True,"[6.22922084, 0.0, 0.0, 0.0, 6.22922084, 0.0, 0.0, 0.0, 6.22922084]",12.0,8.333333333333334e-09,local
4141,mp-30849,slab,-105.05102634,405.414,True,"[4.8453436, 0.0, 0.0, 0.0, 8.48418462, 0.0, 0.0, 0.0, 4.79327015]",12.0,0.0,local
4142,mp-30850,slab,-65.94144351,234.322,True,"[4.61339205, 0.0, 0.0, 0.0, 4.92336436, 0.0, 0.0, 0.0, 5.6003345]",8.0,1.25e-08,local
4143,mp-30856,slab,-20.66414558,30.195,True,"[3.92786398, 0.0, 0.0, 0.0, 3.92786398, 0.0, 0.0, 0.0, 3.92786398]",4.0,4.525e-06,local
4144,mp-30858,slab,-30.95950533,32.364,True,"[4.04456476, 0.0, 0.0, 0.0, 4.04456476, 0.0, 0.0, -0.0, 4.04456476]",4.0,5e-08,local
4145,mp-30866,slab,-71.71008891,199.285,True,"[2.75292066, -4.76819845, 0.0, 2.75292066, 4.76819845, -0.0, -0.0, 0.0, 4.375845]",8.0,0.0,local
4146,mp-30867,slab,-16.49226493,27.59,True,"[3.21518475, 0.0, 0.0, 0.0, 3.21518475, 0.0, -0.0, 0.0, 3.21518475]",2.0,1.5e-07,local
4147,mp-30871,slab,-78.8251457,81.792,True,"[5.3220035, 0.0, 0.0, 0.0, 5.3220035, 0.0, 0.0, 0.0, 5.3220035]",8.0,1.05e-06,local
4148,mp-30875,slab,-41.01146207,113.349,True,"[2.37754589, -4.11803029, -0.0, 2.37754589, 4.11803029, 0.0, -0.0, 0.0, 5.63994345]",6.0,3.166666666666667e-07,local
4149,mp-30876,slab,-61.69442689,130.273,True,"[5.64343593, 0.0, 0.0, 0.0, 5.64343593, 0.0, 0.0, 0.0, 5.64343593]",8.0,5.0125e-06,local
4150,mp-30885,slab,-13.73013596,209.339,True,"[2.66085383, -4.60873402, -0.0, 2.66085383, 4.60873402, 0.0, 0.0, 0.0, 4.20904616]",6.0,6.666666666666668e-08,local
4151,mp-30952,slab,-51.30973374,9362.158,True,"[0.0, 12.44405036, 0.06373468, 7.3356287, 0.0, 0.0, 0.0, -4.28583238, -6.05011455]",16.0,8.625e-07,local
4152,mp-30999,slab,-17.81525527,557.394,True,"[0.0, 7.53193565, 0.21545576, 3.3233628, 0.0, 0.0, 0.0, -3.82942552, -6.27919185]",6.0,0.3201522166666666,local
4153,mp-31018,slab,-20.1751326,109.479,True,"[2.47298721, -4.28333949, 0.0, 2.47298721, 4.28333949, 0.0, 0.0, -0.0, 8.77288553]",6.0,0.0,local
4154,mp-31080,slab,-70.08063802,291.051,True,"[4.00602156, -0.0, 0.0, 0.0, 10.31252834, 0.0, 0.0, -0.0, 5.72079314]",12.0,1.6666666666666667e-08,local
4155,mp-31138,slab,-102.05916647,644.983,True,"[3.93613075, 0.0, 0.0, 0.0, 3.93613075, 0.0, 0.0, 0.0, 15.62806168]",16.0,1.1723601375,local
4156,mp-31145,slab,-22.36083533,127.535,True,"[2.3884018, -4.13683326, 0.0, 2.3884018, 4.13683326, -0.0, -0.0, 0.0, 9.6765113]",6.0,6.666666666666668e-08,local
4157,mp-31147,slab,-19.12440195,90.691,True,"[2.1906411, -3.79430169, 0.0, 2.1906411, 3.79430169, -0.0, 0.0, -0.0, 9.88175037]",6.0,3.3333333333333334e-08,local
4158,mp-31148,slab,-16.87227487,136.547,True,"[2.36663898, -4.09913896, 0.0, 2.36663898, 4.09913896, 0.0, 0.0, -0.0, 10.02287233]",6.0,3.3333333333333334e-08,local
4159,mp-31160,slab,-16.86932221,113.257,True,"[2.34652046, -4.06429266, 0.0, 2.34652046, 4.06429266, 0.0, 0.0, -0.0, 7.61026263]",6.0,5e-08,local
4160,mp-31168,slab,-45.13343864,92.213,True,"[6.29846752, 0.0, 0.0, 0.0, 6.29846752, 0.0, 0.0, 0.0, 6.29846752]",16.0,0.0,local
4161,mp-31169,slab,-66.97887266,185.065,True,"[6.61251871, 0.0, 0.0, 0.0, 6.61251871, 0.0, 0.0, 0.0, 6.61251871]",16.0,1.875e-08,local
4162,mp-31170,slab,-31.78659022,180.152,True,"[6.77529658, 0.0, 0.0, 0.0, 6.77529658, 0.0, 0.0, 0.0, 6.77529658]",16.0,2.1875e-07,local
4163,mp-31171,slab,-35.08813411,324.277,True,"[6.36971129, 0.0, 0.0, 0.0, 6.36971129, 0.0, 0.0, 0.0, 6.36971129]",16.0,0.0,local
4164,mp-31184,slab,-164.41212902,283.464,True,"[6.69031237, -0.0, 0.0, 0.0, 6.69031237, 0.0, 0.0, -0.0, 6.69031237]",24.0,1.1688227583333333,local
4165,mp-31185,slab,-119.82432209,567.346,True,"[5.67237118, 0.0, 0.0, 0.0, 5.67237118, 0.0, 0.0, 0.0, 5.67237118]",16.0,0.50274061875,local
4166,mp-31187,slab,-119.58208607,288.177,True,"[5.82914504, 0.0, 0.0, 0.0, 5.82914504, 0.0, 0.0, 0.0, 5.82914504]",16.0,0.2338847375,local
4167,mp-31205,slab,-137.37103747,4318.713,True,"[3.29226161, -0.0, 0.0, 0.0, 10.86887338, 0.0, 0.0, -0.0, 8.91432088]",16.0,6.25e-09,local
4168,mp-31208,slab,-68.59441906,228.154,True,"[6.53570501, 0.0, 0.0, 0.0, 6.53570501, 0.0, 0.0, 0.0, 6.53570501]",16.0,1.25e-08,local
4169,mp-31294,slab,-57.65102579,1947.472,True,"[0.0, 11.10494682, -0.0195629, 4.32894253, 0.0, 0.0, 0.0, -3.43310481, -7.25374667]",14.0,7.142857142857142e-09,local
4170,mp-31328,slab,-93.98583957,248.067,True,"[6.41076513, 0.0, 0.0, 0.0, 6.41076513, 0.0, 0.0, 0.0, 6.41076513]",16.0,1.06898933125,local
4171,mp-31337,slab,-19.90874689,42.88,True,"[4.03915085, 0.0, 0.0, 0.0, 4.03915085, 0.0, 0.0, -0.0, 4.03915085]",4.0,2.5e-08,local
4172,mp-31339,slab,-90.0495052,194.271,True,"[6.59186252, 0.0, 0.0, 0.0, 6.59186252, 0.0, 0.0, 0.0, 6.59186252]",16.0,6.5625e-07,local
4173,mp-31348,slab,-32.4080408,106.672,True,"[2.5279209, -4.37848743, 0.0, 2.5279209, 4.37848743, -0.0, -0.0, 0.0, 6.30724355]",6.0,0.2101461333333333,local
4174,mp-31379,slab,-92.49586756,766.213,True,"[4.13654678, 0.0, 0.0, 0.0, 4.13654678, 0.0, 0.0, 0.0, 15.9853424]",12.0,8.333333333333334e-09,local
4175,mp-31406,slab,-58.46450851,284.867,True,"[2.13836386, -3.70375485, -0.0, 2.13836386, 3.70375485, 0.0, 0.0, 0.0, 31.6924506]",15.0,2.3133333333333333e-06,local
4176,mp-31438,slab,-86.31809157,401.567,True,"[4.27869255, 0.0, 0.0, 0.0, 4.27869255, 0.0, 0.0, 0.0, 16.63752375]",12.0,8.3e-06,local
4177,mp-31441,slab,-69.12910191,193.979,True,"[5.98551037, 0.0, 0.0, 0.0, 5.98551037, 0.0, 0.0, 0.0, 5.98551037]",16.0,1.875e-08,local
4178,mp-31442,slab,-60.48790986,265.269,True,"[6.30531534, 0.0, 0.0, 0.0, 6.30531534, 0.0, 0.0, 0.0, 6.30531534]",16.0,0.0,local
4179,mp-31443,slab,-65.44954624,194.525,True,"[6.30416897, 0.0, 0.0, 0.0, 6.30416897, 0.0, 0.0, 0.0, 6.30416897]",16.0,1.5e-07,local
4180,mp-31451,slab,-83.02456878,274.145,True,"[6.22482072, 0.0, 0.0, 0.0, 6.22482072, 0.0, 0.0, 0.0, 6.22482072]",12.0,2.5e-07,local
4181,mp-31452,slab,-75.44851567,357.513,True,"[6.28493638, -0.0, 0.0, 0.0, 6.28493638, 0.0, 0.0, 0.0, 6.28493638]",12.0,7.083333333333334e-07,local
4182,mp-31453,slab,-90.53889848,246.897,True,"[6.22072154, -0.0, 0.0, 0.0, 6.22072154, 0.0, -0.0, -0.0, 6.22072154]",12.0,0.2800957333333333,local
4183,mp-31454,slab,-105.00822863,191.468,True,"[6.1883096, 0.0, 0.0, 0.0, 6.1883096, 0.0, 0.0, 0.0, 6.1883096]",12.0,0.0,local
4184,mp-31455,slab,-91.99970624,148.014,True,"[6.04210178, -0.0, 0.0, 0.0, 6.04210178, 0.0, -0.0, 0.0, 6.04210178]",12.0,8.333333333333334e-09,local
4185,mp-31456,slab,-99.37289292,149.198,True,"[6.31035562, -0.0, 0.0, 0.0, 6.31035562, 0.0, 0.0, 0.0, 6.31035562]",12.0,1.0833333333333335e-07,local
4186,mp-31457,slab,-94.25602287,241.676,True,"[6.3370515, 0.0, 0.0, 0.0, 6.3370515, 0.0, 0.0, 0.0, 6.3370515]",12.0,5.833333333333333e-08,local
4187,mp-31458,slab,-90.01837163,179.846,True,"[6.15797346, 0.0, 0.0, 0.0, 6.15797346, 0.0, -0.0, -0.0, 6.15797346]",12.0,2.4758333333333333e-05,local
4188,mp-31459,slab,-93.38746536,92.562,True,"[5.96753198, 0.0, 0.0, 0.0, 5.96753198, 0.0, -0.0, -0.0, 5.96753198]",12.0,1.1666666666666669e-07,local
4189,mp-31460,slab,-88.14314403,210.445,True,"[5.9703146, -0.0, 0.0, 0.0, 5.9703146, 0.0, -0.0, -0.0, 5.9703146]",12.0,0.0340398666666666,local
4190,mp-31498,slab,-19.00351045,39.307,True,"[2.58581009, -4.47875445, -0.0, 2.58581009, 4.47875445, -0.0, 0.0, 0.0, 5.45955226]",4.0,8.25e-07,local
4191,mp-31510,slab,-43.06982148,931.431,True,"[0.0, 6.79121736, -0.0002055, 3.84202273, 0.0, 0.0, 0.0, -2.23181844, -6.98104253]",8.0,1.25e-08,local
4192,mp-3158,slab,-67.07979743,95.375,True,"[6.34797525, 0.0, 0.0, 0.0, 6.34797525, 0.0, 0.0, 0.0, 6.34797525]",16.0,1.625e-07,local
4193,mp-3159,slab,-55.89644469,175.034,True,"[5.8651812, 0.0, 0.0, -0.0, 5.8651812, 0.0, 0.0, 0.0, 10.91044791]",14.0,4.2857142857142865e-08,local
4194,mp-3165,slab,-28.79561226,50.567,True,"[4.762887, 0.0, 0.0, 0.0, 4.762887, 0.0, 0.0, 0.0, 8.687318]",6.0,1.5202182333333332,local
4195,mp-316,slab,-18.55688573,42.788,True,"[2.868052, -0.0, 0.0, 0.0, 2.868052, 0.0, 0.0, 0.0, 2.868052]",2.0,8.5e-07,local
4196,mp-317,slab,-47.93892226,250.248,True,"[5.20448834, 0.0, 0.0, 0.0, 5.20448834, 0.0, 0.0, 0.0, 5.20448834]",8.0,0.0,local
4197,mp-318,slab,-160.88055126,764.837,True,"[7.74942744, 0.0, 0.0, 0.0, 7.74942744, 0.0, 0.0, 0.0, 7.74942744]",24.0,2.541666666666667e-07,local
4198,mp-3201,slab,-56.41709466,250.424,True,"[6.08903776, 0.0, 0.0, 0.0, 6.08903776, 0.0, 0.0, 0.0, 6.08903776]",16.0,3.6875e-07,local
4199,mp-3207,slab,-48.3161381,789.982,True,"[4.20563961, 0.0, 0.0, 0.0, 4.20563961, 0.0, -0.0, 0.0, 10.34530261]",10.0,1e-08,local
4200,mp-3208,slab,-37.11581105,434.345,True,"[3.77166209, -0.0, 0.0, 0.0, 3.77166209, 0.0, 0.0, 0.0, 10.19533424]",6.0,1e-07,local
4201,mp-321,slab,-58.17423617,836.178,True,"[6.8110691, 0.0, 0.0, 0.0, 6.8110691, 0.0, 0.0, 0.0, 5.91715316]",12.0,0.0,local
4202,mp-3241,slab,-39.99526691,318.294,True,"[4.28914252, 0.0, 0.0, 0.0, 4.28914252, 0.0, 0.0, 0.0, 10.30776769]",10.0,0.0,local
4203,mp-3274,slab,-33.14394012,260.694,True,"[3.64412486, 0.0, 0.0, 0.0, 3.64412486, 0.0, 0.0, 0.0, 6.2910363]",6.0,0.0,local
4204,mp-32758,slab,-36.14535808,406.839,True,"[4.88042419, 0.0, 0.0, 0.0, 7.47992764, 0.0, 0.0, -0.0, 6.97300389]",12.0,4.166666666666666e-08,local
4205,mp-32780,slab,-44.04083894,1562.899,True,"[7.17885167, 0.0, 0.0, 0.0, 7.17885167, 0.0, 0.0, 0.0, 8.64728252]",16.0,0.0,local
4206,mp-32811,slab,-34.58585498,283.075,True,"[5.07803802, 0.0, 0.0, 0.0, 7.53140857, 0.0, 0.0, 0.0, 7.63038141]",12.0,6.666666666666668e-08,local
4207,mp-32887,slab,-18.69250305,65.213,True,"[1.98791522, -3.44317017, 0.0, 1.98791522, 3.44317017, -0.0, 0.0, -0.0, 7.12847561]",3.0,1e-07,local
4208,mp-328,slab,-94.05529132,673.547,True,"[6.49620442, 0.0, 0.0, 0.0, 6.49620442, 0.0, 0.0, 0.0, 5.2449189]",12.0,5.833333333333333e-08,local
4209,mp-331,slab,-10.88857071,15.516,True,"[3.37763741, 0.0, 0.0, 0.0, 3.37763741, 0.0, -0.0, 0.0, 3.37763741]",2.0,7.45e-06,local
4210,mp-3332,slab,-63.12383967,1572.211,True,"[1.89394412, -3.28040744, -0.0, 1.89394412, 3.28040744, 0.0, -0.0, -0.0, 20.4121665]",12.0,0.7495559749999999,local
4211,mp-33333,slab,-59.75371978,1027.613,True,"[5.83246328, -0.0, 0.0, 0.0, 5.83246328, 0.0, 0.0, 0.0, 12.07995678]",16.0,6.25e-09,local
4212,mp-333,slab,-216.85313596,869.665,True,"[6.8710398, -0.0, 0.0, 0.0, 6.8710398, 0.0, -0.0, -0.0, 6.8710398]",24.0,0.0001592625,local
4213,mp-3340,slab,-125.92488136,259.896,True,"[5.95493933, 0.0, 0.0, 0.0, 5.95493933, 0.0, 0.0, 0.0, 5.95493933]",16.0,0.50189041875,local
4214,mp-33618,slab,-57.98831184,314.056,True,"[5.85821604, -0.0, 0.0, 0.0, 5.85821604, 0.0, -0.0, -0.0, 11.86750683]",16.0,3.125e-08,local
4215,mp-33683,slab,-58.07563401,217.82,True,"[5.73888287, 0.0, 0.0, 0.0, 5.73888287, 0.0, 0.0, 0.0, 11.73652467]",16.0,6.25e-08,local
4216,mp-3390,slab,-55.45933296,792.359,True,"[3.98346666, 0.0, 0.0, 0.0, 3.98346666, 0.0, 0.0, 0.0, 10.00341679]",10.0,0.0,local
4217,mp-33975,slab,-61.74496342,254.595,True,"[5.80317947, 0.0, 0.0, 0.0, 5.80317947, 0.0, 0.0, 0.0, 11.90735337]",16.0,0.0,local
4218,mp-34169,slab,-48.85933758,590.552,True,"[5.86531143, 0.0, 0.0, 0.0, 5.86531143, 0.0, 0.0, 0.0, 11.55997035]",14.0,0.0,local
4219,mp-34232,slab,-55.9489139,202.928,True,"[4.03332891, 0.0, 0.0, 0.0, 4.03332891, 0.0, 0.0, 0.0, 13.48182636]",10.0,3e-08,local
4220,mp-34240,slab,-31.87554171,63.183,True,"[6.354818, 0.0, 0.0, 0.0, 6.354818, 0.0, 0.0, 0.0, 6.354818]",12.0,4.5616666666666666e-05,local
4221,mp-34328,slab,-56.9214426,6098.886,True,"[7.58233349, -0.0, 0.0, 0.0, 10.49489305, 0.0, 0.0, -0.0, 3.84973147]",14.0,0.7107898214285714,local
4222,mp-3432,slab,-74.23356093,252.46,True,"[6.11886013, 0.0, 0.0, 0.0, 6.11886013, 0.0, 0.0, 0.0, 6.11886013]",12.0,0.0,local
4223,mp-3433,slab,-128.85287606,631.308,True,"[7.00790519, 0.0, 0.0, 0.0, 7.00790519, 0.0, 0.0, 0.0, 7.00790519]",24.0,1.6666666666666667e-08,local
4224,mp-3441,slab,-74.87121507,234.836,True,"[4.05913039, 0.0, 0.0, 0.0, 4.05913039, 0.0, 0.0, 0.0, 10.00247641]",10.0,1e-08,local
4225,mp-34489,slab,-58.12139882,2618.032,True,"[5.66027397, -0.0, 0.0, 0.0, 5.66027397, 0.0, -0.0, 0.0, 11.30525484]",16.0,0.0,local
4226,mp-34611,slab,-33.66481047,153.596,True,"[6.22508138, -0.0, 0.0, 0.0, 6.22508138, 0.0, -0.0, 0.0, 6.22508138]",12.0,1.5e-07,local
4227,mp-3464,slab,-134.05644169,274.564,True,"[5.90781524, 0.0, 0.0, 0.0, 5.90781524, 0.0, 0.0, 0.0, 5.90781524]",16.0,0.97585151875,local
4228,mp-34663,slab,-59.01773597,784.417,True,"[5.58668072, -0.0, 0.0, 0.0, 5.58668072, 0.0, 0.0, 0.0, 11.86057878]",16.0,3.75e-08,local
4229,mp-3469,slab,-51.75369605,193.271,True,"[2.11489487, -3.66310537, -0.0, 2.11489487, 3.66310537, -0.0, -0.0, 0.0, 8.33043826]",8.0,2.5e-08,local
4230,mp-3477,slab,-38.24417308,84.438,True,"[6.28399043, 0.0, 0.0, 0.0, 6.28399043, 0.0, -0.0, -0.0, 6.28399043]",12.0,2.3333333333333333e-07,local
4231,mp-3498,slab,-104.00708008,484.337,True,"[6.07986406, 0.0, 0.0, 0.0, 6.07986406, 0.0, 0.0, 0.0, 6.07986406]",16.0,6.875e-08,local
4232,mp-3499,slab,-99.26449123,123.382,True,"[6.47313496, -0.0, 0.0, 0.0, 6.47313496, 0.0, -0.0, -0.0, 6.47313496]",16.0,1.08415735625,local
4233,mp-35015,slab,-60.08647352,370.947,True,"[5.93923865, -0.0, 0.0, 0.0, 5.93923865, 0.0, 0.0, 0.0, 12.29372249]",16.0,8.75e-08,local
4234,mp-3504,slab,-103.3159252,319.229,True,"[6.19955233, -0.0, 0.0, 0.0, 6.19955233, 0.0, 0.0, 0.0, 6.19955233]",16.0,1.1875e-07,local
4235,mp-35071,slab,-54.14710346,243.466,True,"[5.65883072, -0.0, 0.0, 0.0, 5.65883072, 0.0, -0.0, -0.0, 11.57300028]",16.0,1.25e-08,local
4236,mp-35189,slab,-21.75912556,55.598,True,"[1.94398807, -3.3670861, -0.0, 1.94398807, 3.3670861, 0.0, 0.0, 0.0, 5.23141651]",4.0,1e-07,local
4237,mp-351,slab,-47.5941615,245.507,True,"[3.3481837, 0.0, 0.0, 0.0, 5.19337436, 0.0, 0.0, 0.0, 5.6264786]",8.0,0.0,local
4238,mp-3522,slab,-40.83556492,124.386,True,"[6.24587846, 0.0, 0.0, 0.0, 6.24587846, 0.0, 0.0, 0.0, 6.24587846]",12.0,0.0,local
4239,mp-3525,slab,-57.06028591,325.191,True,"[2.12308294, -3.67728753, 0.0, 2.12308294, 3.67728753, -0.0, -0.0, 0.0, 31.27796633]",15.0,0.0,local
4240,mp-35276,slab,-56.66007731,554.232,True,"[3.72932748, 0.0, 0.0, 0.0, 3.72932748, 0.0, 0.0, 0.0, 14.3462457]",10.0,0.31834365,local
4241,mp-3532,slab,-61.95812432,757.118,True,"[1.87685371, -3.25080599, 0.0, 1.87685371, 3.25080599, -0.0, -0.0, -0.0, 21.08915374]",12.0,0.7500035583333333,local
4242,mp-3539,slab,-101.88204491,564.938,True,"[5.98838843, 0.0, 0.0, 0.0, 5.98838843, 0.0, 0.0, 0.0, 5.98838843]",16.0,6.25e-09,local
4243,mp-35539,slab,-48.59323123,469.717,True,"[5.76749322, 0.0, 0.0, 0.0, 5.76749322, 0.0, 0.0, 0.0, 10.71466464]",14.0,0.0,local
4244,mp-3553,slab,-18.92216131,203.747,True,"[2.374273, -4.11236146, -0.0, 2.374273, 4.11236146, -0.0, -0.0, 0.0, 10.08671695]",6.0,0.0,local
4245,mp-3567,slab,-62.21648766,975.762,True,"[1.88889254, -3.27165785, -0.0, 1.88889254, 3.27165785, 0.0, 0.0, 0.0, 20.6416792]",12.0,0.499995525,local
4246,mp-35749,slab,-26.15747329,176.267,True,"[2.02858562, -3.51361337, 0.0, 2.02858562, 3.51361337, -0.0, 0.0, 0.0, 6.12397561]",4.0,1.687307375,local
4247,mp-3574,slab,-82.78749049,396.496,True,"[5.93662855, 0.0, 0.0, 0.0, 5.93662855, 0.0, 0.0, 0.0, 5.93662855]",16.0,0.882522175,local
4248,mp-3576,slab,-115.21113983,453.472,True,"[6.02241124, 0.0, 0.0, 0.0, 6.02241124, 0.0, 0.0, 0.0, 6.02241124]",16.0,0.25594594375,local
4249,mp-35841,slab,-53.4889863,223.844,True,"[5.95798007, 0.0, 0.0, 0.0, 5.95798007, 0.0, 0.0, 0.0, 5.95798007]",16.0,3.875e-07,local
4250,mp-3587,slab,-64.00438568,353.602,True,"[3.82942732, 0.0, 0.0, 0.0, 3.82942732, 0.0, 0.0, 0.0, 9.56889994]",10.0,1e-08,local
4251,mp-3595,slab,-66.61716346,422.589,True,"[5.68221739, 0.0, 0.0, 0.0, 5.68221739, 0.0, 0.0, 0.0, 11.04341169]",16.0,0.0,local
4252,mp-3623,slab,-112.82805836,232.611,True,"[5.69170437, 0.0, 0.0, 0.0, 5.69170437, 0.0, 0.0, 0.0, 5.69170437]",16.0,1.0047393375,local
4253,mp-3648,slab,-39.00399864,468.61,True,"[6.18323688, 0.0, 0.0, 0.0, 6.18323688, 0.0, 0.0, 0.0, 6.18323688]",16.0,0.0,local
4254,mp-364,slab,-13.15756859,23.855,True,"[3.00063948, 0.0, 0.0, 0.0, 3.00063948, 0.0, 0.0, 0.0, 3.00063948]",2.0,5e-08,local
4255,mp-36539,slab,-58.7575198,1654.742,True,"[6.17916589, -0.0, 0.0, 0.0, 6.17916589, 0.0, 0.0, 0.0, 12.88828505]",16.0,0.0,local
4256,mp-3657,slab,-119.8879651,223.707,True,"[5.74332983, 0.0, 0.0, 0.0, 5.74332983, 0.0, 0.0, 0.0, 5.74332983]",16.0,0.499103275,local
4257,mp-3676,slab,-84.14772949,314.96,True,"[7.08530863, 0.0, 0.0, 0.0, 7.08530863, 0.0, 0.0, 0.0, 7.08530863]",24.0,4.166666666666667e-09,local
4258,mp-3702,slab,-24.88340635,176.24,True,"[3.96752157, -0.0, 0.0, 0.0, 3.96752157, 0.0, -0.0, -0.0, 3.56646343]",4.0,1.0088077,local
4259,mp-3726,slab,-61.82853407,200.773,True,"[6.06935519, 0.0, 0.0, 0.0, 6.06935519, 0.0, 0.0, 0.0, 6.06935519]",16.0,6.25e-09,local
4260,mp-372,slab,-29.06958235,45.997,True,"[3.91699499, -0.0, 0.0, 0.0, 3.91699499, 0.0, 0.0, 0.0, 3.91699499]",4.0,0.3089444,local
4261,mp-3736,slab,-84.66036129,370.469,True,"[6.25237942, 0.0, 0.0, 0.0, 6.25237942, 0.0, 0.0, 0.0, 6.25237942]",16.0,8.125e-08,local
4262,mp-3740,slab,-97.49340464,513.376,True,"[6.12593537, 0.0, 0.0, 0.0, 6.12593537, 0.0, 0.0, 0.0, 6.12593537]",16.0,1.25e-08,local
4263,mp-37480,slab,-62.39346879,384.39,True,"[5.69709732, 0.0, 0.0, 0.0, 5.69709732, 0.0, 0.0, 0.0, 11.52006174]",16.0,0.0,local
4264,mp-3772,slab,-49.83542259,429.477,True,"[5.87440127, -0.0, 0.0, 0.0, 5.87440127, 0.0, 0.0, 0.0, 10.98781935]",14.0,0.0,local
4265,mp-37879,slab,-88.56538876,1181.074,True,"[5.68333768, -0.0, 0.0, 0.0, 5.68333768, 0.0, 0.0, 0.0, 11.6046894]",16.0,0.0,local
4266,mp-3791,slab,-102.8832117,351.249,True,"[6.21012119, 0.0, 0.0, 0.0, 6.21012119, 0.0, 0.0, 0.0, 6.21012119]",16.0,0.2630919375,local
4267,mp-379,slab,-24.25498535,77.978,True,"[5.96587821, 0.0, 0.0, 0.0, 5.96587821, 0.0, 0.0, 0.0, 5.96587821]",8.0,1.875e-07,local
4268,mp-38006,slab,-19.14184003,68.076,True,"[2.00381184, -3.47070392, -0.0, 2.00381184, 3.47070392, 0.0, 0.0, 0.0, 5.21529992]",4.0,4.75e-07,local
4269,mp-38021,slab,-28.10645659,227.629,True,"[1.84143519, -3.18945931, 0.0, 1.84143519, 3.18945931, -0.0, -0.0, 0.0, 5.99063807]",4.0,1.625048825,local
4270,mp-380,slab,-12.04542316,36.165,True,"[2.02453845, -3.50660345, -0.0, 2.02453845, 3.50660345, -0.0, 0.0, -0.0, 6.65928801]",4.0,2.5e-08,local
4271,mp-381,slab,-15.90563306,23.978,True,"[2.93499133, -0.0, 0.0, 0.0, 2.93499133, 0.0, 0.0, -0.0, 2.93499133]",2.0,5e-08,local
4272,mp-3829,slab,-57.87893396,756.22,True,"[6.22306764, 0.0, 0.0, 0.0, 6.22306764, 0.0, 0.0, 0.0, 12.20208865]",16.0,0.0,local
4273,mp-3839,slab,-56.23887541,884.271,True,"[6.0972718, 0.0, 0.0, 0.0, 6.0972718, 0.0, 0.0, 0.0, 12.16541729]",16.0,0.0,local
4274,mp-38494,slab,-109.95029385,438.113,True,"[5.77925779, 0.0, 0.0, 0.0, 5.77925779, 0.0, -0.0, -0.0, 11.60165538]",16.0,0.0,local
4275,mp-3854,slab,-76.86506367,350.556,True,"[3.89079126, 0.0, 0.0, 0.0, 3.89079126, 0.0, 0.0, 0.0, 10.33153935]",10.0,0.70781558,local
4276,mp-389,slab,-46.87135662,257.314,True,"[3.45381997, 0.0, 0.0, 0.0, 5.64556337, 0.0, 0.0, 0.0, 6.17214547]",8.0,0.0,local
4277,mp-3909,slab,-113.73592245,260.424,True,"[6.06543384, 0.0, 0.0, 0.0, 6.06543384, 0.0, 0.0, 0.0, 6.06543384]",16.0,0.250584225,local
4278,mp-3927,slab,-24.90805609,105.641,True,"[2.22412237, -3.85229295, 0.0, 2.22412237, 3.85229295, 0.0, -0.0, 0.0, 8.00867524]",6.0,3.3333333333333334e-08,local
4279,mp-3944,slab,-102.63574512,311.105,True,"[6.12971818, 0.0, 0.0, 0.0, 6.12971818, 0.0, 0.0, 0.0, 6.12971818]",16.0,1.25e-08,local
4280,mp-395,slab,-86.83222121,200.185,True,"[4.01593689, 0.0, 0.0, 0.0, 4.01593689, 0.0, 0.0, 0.0, 17.34418601]",16.0,2.5e-07,local
4281,mp-3999,slab,-69.28279804,367.408,True,"[4.19093396, -0.0, 0.0, 0.0, 4.19093396, 0.0, -0.0, -0.0, 9.88138083]",10.0,1e-08,local
4282,mp-399,slab,-13.56859084,316.481,True,"[2.04374056, -3.53986249, 0.0, 2.04374056, 3.53986249, 0.0, 0.0, -0.0, 5.37259073]",3.0,0.0,local
4283,mp-4008,slab,-62.48886149,343.151,True,"[5.75797252, 0.0, 0.0, 0.0, 5.75797252, 0.0, 0.0, 0.0, 11.36865178]",16.0,6.25e-09,local
4284,mp-4043,slab,-39.65540832,298.691,True,"[5.73467708, 0.0, 0.0, 0.0, 5.73467708, 0.0, 0.0, 0.0, 5.73467708]",8.0,0.0,local
4285,mp-404,slab,-24.57299568,159.544,True,"[2.10918364, -3.65321323, 0.0, 2.10918364, 3.65321323, -0.0, 0.0, -0.0, 5.91333292]",4.0,2.03250275,local
4286,mp-406,slab,-19.25652403,75.591,True,"[6.62663086, 0.0, 0.0, 0.0, 6.62663086, 0.0, 0.0, 0.0, 6.62663086]",8.0,0.0,local
4287,mp-4076,slab,-82.81526787,149.013,True,"[5.8260208, 0.0, 0.0, 0.0, 5.8260208, 0.0, 0.0, 0.0, 5.8260208]",12.0,0.3357077916666666,local
4288,mp-4081,slab,-41.17201482,201.227,True,"[5.73418004, 0.0, 0.0, 0.0, 5.73418004, 0.0, 0.0, 0.0, 5.73418004]",8.0,0.0,local
4289,mp-4083,slab,-21.95938355,96.173,True,"[4.01291447, 0.0, 0.0, 0.0, 4.01291447, 0.0, 0.0, 0.0, 6.30665145]",6.0,1.1666666666666669e-07,local
4290,mp-4109,slab,-66.13427824,1355.925,True,"[4.19780949, -0.0, 0.0, 0.0, 4.19780949, 0.0, 0.0, 0.0, 12.39594597]",10.0,0.0,local
4291,mp-4120,slab,-25.55714036,79.489,True,"[2.09976884, -3.63690631, -0.0, 2.09976884, 3.63690631, 0.0, 0.0, -0.0, 7.99943151]",6.0,1.6666666666666667e-08,local
4292,mp-4131,slab,-70.20351876,204.584,True,"[3.77332871, 0.0, 0.0, 0.0, 3.77332871, 0.0, 0.0, 0.0, 9.6001172]",10.0,1e-08,local
4293,mp-4150,slab,-29.03999747,172.805,True,"[2.21911097, -3.84361295, -0.0, 2.21911097, 3.84361295, 0.0, 0.0, -0.0, 7.6465077]",5.0,1.7039125599999998,local
4294,mp-417,slab,-16.58957162,71.052,True,"[3.03423514, 0.0, 0.0, 0.0, 3.03423514, 0.0, -0.0, 0.0, 3.03423514]",2.0,2.04612685,local
4295,mp-4233,slab,-29.20459314,54.71,True,"[4.669289, 0.0, 0.0, 0.0, 4.669289, 0.0, 0.0, 0.0, 8.29806]",6.0,1.4767138833333335,local
4296,mp-4247,slab,-14.97098437,451.682,True,"[4.47201156, 0.0, 0.0, 0.0, 4.47201156, 0.0, 0.0, -0.0, 7.49515426]",6.0,0.0,local
4297,mp-4259,slab,-54.74496389,421.016,True,"[3.97710546, 0.0, 0.0, 0.0, 3.97710546, 0.0, 0.0, 0.0, 10.35332112]",10.0,5e-08,local
4298,mp-426,slab,-21.59029778,51.419,True,"[1.80238199, -3.12181718, -0.0, 1.80238199, 3.12181718, 0.0, -0.0, -0.0, 5.20258332]",4.0,1.34e-05,local
4299,mp-427,slab,-53.28031897,1051.259,True,"[3.30947376, -0.0, 0.0, 0.0, 5.39811947, 0.0, -0.0, -0.0, 5.99318669]",8.0,0.2577334125,local
4300,mp-429,slab,-7.0858872,230.657,True,"[2.73146365, 0.0, 0.0, 0.0, 2.73146365, 0.0, -0.0, 0.0, 3.24805549]",2.0,0.0,local
4301,mp-4316,slab,-50.52689277,887.623,True,"[4.15625977, 0.0, 0.0, 0.0, 4.15625977, 0.0, 0.0, 0.0, 10.67089496]",10.0,0.0,local
4302,mp-432,slab,-19.82885681,127.56,True,"[3.06129096, -0.0, 0.0, 0.0, 3.06129096, 0.0, 0.0, -0.0, 3.40581062]",2.0,6e-07,local
4303,mp-4343,slab,-31.18881645,726.493,True,"[2.0325736, -3.52052074, 0.0, 2.0325736, 3.52052074, -0.0, 0.0, 0.0, 7.34021296]",5.0,1.1185798,local
4304,mp-434,slab,-41.24042791,2188.099,True,"[4.75145765, 0.0, 0.0, 0.0, 7.60843001, 0.0, 0.0, 0.0, 8.4214415]",12.0,0.0,local
4305,mp-4354,slab,-43.03399282,868.196,True,"[3.91320022, 0.0, 0.0, 0.0, 3.91320022, 0.0, -0.0, 0.0, 13.48587383]",10.0,0.0,local
4306,mp-4364,slab,-113.88910503,413.506,True,"[5.9562908, 0.0, 0.0, 0.0, 5.9562908, 0.0, 0.0, -0.0, 5.9562908]",16.0,0.50608195625,local
4307,mp-4367,slab,-66.4601455,438.858,True,"[6.08145704, 0.0, 0.0, 0.0, 6.08145704, 0.0, -0.0, 0.0, 6.08145704]",16.0,3.125e-08,local
4308,mp-4370,slab,-50.50134865,843.348,True,"[4.4453294, 0.0, 0.0, 0.0, 4.4453294, 0.0, 0.0, 0.0, 10.33565275]",10.0,0.0,local
4309,mp-437,slab,-5.95432197,11.413,True,"[3.2899248, 0.0, 0.0, 0.0, 3.2899248, 0.0, 0.0, 0.0, 3.2899248]",2.0,5.15e-06,local
4310,mp-4404,slab,-65.43750101,334.587,True,"[4.20438225, 0.0, 0.0, 0.0, 4.20438225, 0.0, 0.0, 0.0, 11.39044185]",10.0,1e-08,local
4311,mp-442,slab,-32.85570153,128.448,True,"[2.88057693, -4.9893056, 0.0, 2.88057693, 4.9893056, 0.0, -0.0, -0.0, 4.51208019]",6.0,0.0,local
4312,mp-443,slab,-42.15844275,1689.525,True,"[4.57890801, 0.0, 0.0, 0.0, 7.15134472, 0.0, 0.0, 0.0, 8.41544497]",12.0,6.666666666666668e-08,local
4313,mp-4441,slab,-40.63138605,381.386,True,"[4.17828789, 0.0, 0.0, 0.0, 4.17828789, 0.0, 0.0, 0.0, 10.22037489]",10.0,0.0,local
4314,mp-4475,slab,-48.78071625,150.401,True,"[3.86047458, -0.0, 0.0, 0.0, 3.86047458, 0.0, -0.0, -0.0, 13.60926331]",10.0,0.38247204,local
4315,mp-4483,slab,-44.11261935,237.964,True,"[1.96132893, -3.39712136, -0.0, 1.96132893, 3.39712136, 0.0, 0.0, -0.0, 19.63066249]",12.0,8.333333333333334e-09,local
4316,mp-4488,slab,-60.30836379,1008.307,True,"[3.97052052, 0.0, 0.0, 0.0, 3.97052052, 0.0, 0.0, 0.0, 11.60449405]",10.0,0.0,local
4317,mp-4492,slab,-120.89431894,307.496,True,"[5.62599559, 0.0, 0.0, 0.0, 5.62599559, 0.0, 0.0, 0.0, 5.62599559]",16.0,1.2502337625,local
4318,mp-4520,slab,-50.90042141,353.847,True,"[4.06227722, 0.0, 0.0, 0.0, 4.06227722, 0.0, 0.0, 0.0, 10.37461096]",10.0,6e-08,local
4319,mp-4536,slab,-93.0367217,528.9,True,"[6.27048937, 0.0, 0.0, 0.0, 6.27048937, 0.0, 0.0, 0.0, 6.27048937]",16.0,5e-08,local
4320,mp-4583,slab,-114.39368545,368.563,True,"[6.16611057, -0.0, 0.0, 0.0, 6.16611057, 0.0, -0.0, -0.0, 6.16611057]",16.0,0.44673084375,local
4321,mp-4595,slab,-131.36950004,302.064,True,"[5.62153045, 0.0, 0.0, 0.0, 5.62153045, 0.0, 0.0, 0.0, 5.62153045]",16.0,0.20569530625,local
4322,mp-4612,slab,-113.57687466,372.946,True,"[5.84552346, 0.0, 0.0, 0.0, 5.84552346, 0.0, 0.0, 0.0, 5.84552346]",16.0,0.505670425,local
4323,mp-4628,slab,-41.44748632,895.931,True,"[3.6071986, 0.0, 0.0, 0.0, 3.6071986, 0.0, 0.0, -0.0, 8.68891835]",6.0,3.3333333333333334e-08,local
4324,mp-4638,slab,-19.0386066,1968.573,True,"[2.06245733, -3.57228088, 0.0, 2.06245733, 3.57228088, -0.0, -0.0, 0.0, 7.92386714]",4.0,0.7606917,local
4325,mp-4652,slab,-109.52298239,281.125,True,"[6.39792536, -0.0, 0.0, 0.0, 6.39792536, 0.0, 0.0, -0.0, 6.39792536]",16.0,1.19164185,local
4326,mp-4653,slab,-80.85381668,313.053,True,"[4.07756424, 0.0, 0.0, 0.0, 4.07756424, 0.0, 0.0, 0.0, 9.98631914]",10.0,1e-08,local
4327,mp-4664,slab,-118.85909962,520.588,True,"[6.07770366, 0.0, 0.0, 0.0, 6.07770366, 0.0, 0.0, 0.0, 6.07770366]",16.0,1.174666175,local
4328,mp-4668,slab,-49.0021261,195.839,True,"[3.894281, 0.0, 0.0, 0.0, 3.894281, 0.0, -0.0, -0.0, 13.32245609]",10.0,0.43323289,local
4329,mp-471,slab,-41.37872064,247.676,True,"[8.15409859, 0.0, 0.0, 0.0, 8.15409859, 0.0, 0.0, 0.0, 4.77534468]",12.0,8.333333333333334e-09,local
4330,mp-4728,slab,-47.94885323,973.311,True,"[4.0431766, 0.0, 0.0, 0.0, 5.60092153, 0.0, 0.0, 0.0, 11.88700111]",12.0,0.0,local
4331,mp-4740,slab,-76.95432456,230.714,True,"[3.84820104, -0.0, 0.0, 0.0, 3.84820104, 0.0, -0.0, -0.0, 10.6845691]",10.0,0.24056986,local
4332,mp-4744,slab,-51.14253206,802.824,True,"[4.11068978, 0.0, 0.0, 0.0, 4.11068978, 0.0, 0.0, 0.0, 9.978884]",10.0,2.5000000000000004e-07,local
4333,mp-4756,slab,-53.94724487,554.743,True,"[6.39247288, 0.0, 0.0, 0.0, 6.39247288, 0.0, 0.0, 0.0, 12.84256206]",16.0,6.25e-09,local
4334,mp-4771,slab,-81.02218965,326.267,True,"[6.03569198, 0.0, 0.0, 0.0, 6.03569198, 0.0, 0.0, 0.0, 6.03569198]",16.0,1.5625e-07,local
4335,mp-4813,slab,-106.78169869,446.928,True,"[5.99045349, 0.0, 0.0, 0.0, 5.99045349, 0.0, 0.0, 0.0, 5.99045349]",16.0,1.25e-08,local
4336,mp-481,slab,-28.70366546,40.538,True,"[4.00336546, 0.0, 0.0, 0.0, 4.00336546, 0.0, 0.0, 0.0, 4.00336546]",4.0,8.75e-07,local
4337,mp-4822,slab,-64.9200411,209.843,True,"[4.1543235, 0.0, 0.0, 0.0, 4.1543235, 0.0, 0.0, 0.0, 9.9802471]",10.0,6e-08,local
4338,mp-4828,slab,-106.72773411,377.473,True,"[6.28256194, 0.0, 0.0, 0.0, 6.28256194, 0.0, -0.0, -0.0, 6.28256194]",16.0,8.125e-08,local
4339,mp-4840,slab,-62.23429889,697.173,True,"[5.6773442, 0.0, 0.0, 0.0, 5.6773442, 0.0, 0.0, 0.0, 11.2593921]",16.0,0.0,local
4340,mp-4846,slab,-84.61386022,242.504,True,"[6.09877873, -0.0, 0.0, 0.0, 6.09877873, 0.0, -0.0, -0.0, 6.09877873]",12.0,1.12318505,local
4341,mp-4852,slab,-72.72955462,1501.058,True,"[0.0, 12.28253906, 0.03512539, 3.7136496, 0.0, 0.0, 0.0, -3.14064271, -5.57684708]",14.0,7.142857142857142e-09,local
4342,mp-485,slab,-53.69512631,178.913,True,"[2.65832873, -4.60436042, 0.0, 2.65832873, 4.60436042, -0.0, 0.0, 0.0, 4.31102614]",8.0,1.25e-08,local
4343,mp-4861,slab,-42.02251756,847.382,True,"[4.21550616, 0.0, 0.0, 0.0, 4.21550616, 0.0, 0.0, 0.0, 10.94883936]",10.0,1e-08,local
4344,mp-4878,slab,-39.3674577,231.828,True,"[3.73864843, 0.0, 0.0, 0.0, 3.73864843, 0.0, 0.0, 0.0, 8.36628088]",6.0,8.333333333333334e-08,local
4345,mp-4889,slab,-68.77951746,286.444,True,"[4.13741674, 0.0, 0.0, 0.0, 4.13741674, 0.0, 0.0, 0.0, 10.37190221]",10.0,1e-08,local
4346,mp-4897,slab,-95.86123801,224.156,True,"[6.59077512, 0.0, 0.0, 0.0, 6.59077512, 0.0, 0.0, 0.0, 6.59077512]",16.0,8.125e-08,local
4347,mp-4899,slab,-52.23078731,865.469,True,"[6.41690818, 0.0, 0.0, 0.0, 6.41690818, 0.0, 0.0, 0.0, 12.31492618]",16.0,0.0,local
4348,mp-4908,slab,-65.1872239,338.298,True,"[3.958813, 0.0, 0.0, 0.0, 3.958813, 0.0, 0.0, 0.0, 10.13395211]",10.0,1.1e-07,local
4349,mp-4913,slab,-68.56035636,230.817,True,"[6.07997602, 0.0, 0.0, 0.0, 6.07997602, 0.0, 0.0, 0.0, 6.07997602]",16.0,3.875e-07,local
4350,mp-4922,slab,-101.10511846,292.579,True,"[5.79111363, 0.0, 0.0, 0.0, 5.79111363, 0.0, 0.0, 0.0, 5.79111363]",16.0,1.00496165625,local
4351,mp-494,slab,-75.82601599,91.251,True,"[4.95992702, 0.0, 0.0, 0.0, 4.95992702, 0.0, 0.0, 0.0, 4.95992702]",8.0,7.5e-08,local
4352,mp-4953,slab,-59.91125087,689.63,True,"[6.06412125, 0.0, 0.0, 0.0, 6.06412125, 0.0, 0.0, 0.0, 11.46706396]",16.0,0.0,local
4353,mp-4955,slab,-113.89062594,253.37,True,"[5.74793984, 0.0, 0.0, 0.0, 5.74793984, 0.0, 0.0, 0.0, 5.74793984]",16.0,0.5039025875,local
4354,mp-4964,slab,-81.32993453,105.536,True,"[6.62017109, 0.0, 0.0, 0.0, 6.62017109, 0.0, 0.0, 0.0, 6.62017109]",12.0,1.6666666666666667e-08,local
4355,mp-4990,slab,-116.00338049,501.356,True,"[6.29522505, 0.0, 0.0, 0.0, 6.29522505, 0.0, 0.0, 0.0, 6.29522505]",16.0,1.183671225,local
4356,mp-5000,slab,-35.90628563,1589.976,True,"[3.87779907, 0.0, 0.0, 0.0, 3.87779907, 0.0, 0.0, 0.0, 14.57088119]",10.0,0.0,local
4357,mp-500,slab,-42.51169779,348.802,True,"[1.73622665, -3.00723277, -0.0, 1.73622665, 3.00723277, 0.0, 0.0, -0.0, 13.61487961]",6.0,3.3333333333333334e-08,local
4358,mp-5031,slab,-46.86266975,225.974,True,"[3.51701534, 0.0, 0.0, 0.0, 3.51701534, 0.0, 0.0, 0.0, 7.9196961]",6.0,0.0,local
4359,mp-5042,slab,-41.84902875,449.437,True,"[4.0635824, 0.0, 0.0, 0.0, 4.0635824, 0.0, 0.0, 0.0, 7.67572581]",6.0,6.836666666666667e-05,local
4360,mp-504498,slab,-28.64710917,7085.469,True,"[8.74226652, 0.0, 0.0, 0.0, 11.15985415, 0.0, 0.0, -0.0, 6.62411804]",16.0,0.0,local
4361,mp-505016,slab,-30.56354292,3840.413,True,"[4.3035855, -0.0, 0.0, 0.0, 4.3035855, 0.0, -0.0, -0.0, 12.23112034]",6.0,1.189963916666667,local
4362,mp-505244,slab,-39.04305389,142.195,True,"[5.46327519, 0.0, 0.0, 0.0, 5.46327519, 0.0, -0.0, -0.0, 5.61420096]",8.0,0.8750394,local
4363,mp-505297,slab,-99.23469506,248.37,True,"[6.18867701, 0.0, 0.0, 0.0, 6.18867701, 0.0, 0.0, 0.0, 6.18867701]",12.0,2.5e-08,local
4364,mp-505599,slab,-75.77566963,185.02,True,"[5.89969942, -0.0, 0.0, 0.0, 5.89969942, 0.0, -0.0, -0.0, 5.89969942]",12.0,0.6668816083333334,local
4365,mp-505781,slab,-100.74408851,438.955,True,"[6.2160236, -0.0, 0.0, 0.0, 6.2160236, 0.0, -0.0, -0.0, 6.2160236]",16.0,1.03170815,local
4366,mp-505803,slab,-44.65737701,602.258,True,"[3.71045472, 0.0, 0.0, 0.0, 3.71045472, 0.0, -0.0, -0.0, 5.91025706]",6.0,1.3541902166666666,local
4367,mp-505804,slab,-33.61760742,284.358,True,"[3.80871288, -0.0, 0.0, 0.0, 3.80871288, 0.0, 0.0, -0.0, 8.28898475]",6.0,3e-07,local
4368,mp-506,slab,-8.17065755,17.066,True,"[3.18924017, 0.0, 0.0, 0.0, 3.18924017, 0.0, 0.0, 0.0, 3.18924017]",2.0,2e-07,local
4369,mp-507,slab,-35.76266061,180.017,True,"[1.95752059, -3.39052513, -0.0, 1.95752059, 3.39052513, 0.0, -0.0, -0.0, 4.9891912]",6.0,0.0,local
4370,mp-5090,slab,-88.43505712,1274.261,True,"[0.0, 13.54670506, 0.0018558, 3.55882914, 0.0, 0.0, 0.0, -2.87874075, -5.55531159]",14.0,0.3287460642857143,local
4371,mp-510219,slab,-69.15435887,438.561,True,"[6.44267416, 0.0, 0.0, 0.0, 6.44267416, 0.0, 0.0, 0.0, 5.78862177]",12.0,0.0,local
4372,mp-510311,slab,-15.62208507,49.8,True,"[2.44338797, -4.2320721, 0.0, 2.44338797, 4.2320721, 0.0, 0.0, 0.0, 9.869695]",6.0,1.62e-05,local
4373,mp-510378,slab,-28.63471996,272.148,True,"[4.80265497, -0.0, 0.0, 0.0, 4.80265497, 0.0, -0.0, -0.0, 9.28489552]",6.0,1.5511159333333333,local
4374,mp-510436,slab,-19.90984664,236.54,True,"[4.04685291, -0.0, 0.0, 0.0, 4.04685291, 0.0, 0.0, -0.0, 4.01746406]",4.0,0.0,local
4375,mp-510437,slab,-20.41995711,176.38,True,"[2.30470226, -3.99186141, 0.0, 2.30470226, 3.99186141, -0.0, -0.0, -0.0, 5.62222832]",5.0,0.0,local
4376,mp-510441,slab,-50.05872467,258.379,True,"[2.29629047, -3.97729177, 0.0, 2.29629047, 3.97729177, -0.0, -0.0, -0.0, 9.03094322]",8.0,5e-08,local
4377,mp-5109,slab,-59.80952371,541.042,True,"[4.08037041, 0.0, 0.0, 0.0, 4.08037041, 0.0, 0.0, 0.0, 9.77830433]",10.0,1e-08,local
4378,mp-5124,slab,-98.18078137,275.395,True,"[6.06294541, 0.0, 0.0, 0.0, 6.06294541, 0.0, 0.0, 0.0, 6.06294541]",16.0,1.00734755,local
4379,mp-5129,slab,-71.02445695,488.149,True,"[3.87723268, 0.0, 0.0, 0.0, 3.87723268, 0.0, 0.0, 0.0, 9.75343604]",10.0,1e-08,local
4380,mp-5149,slab,-118.97178214,339.285,True,"[5.95944232, 0.0, 0.0, 0.0, 5.95944232, 0.0, 0.0, 0.0, 5.95944232]",16.0,0.50583805,local
4381,mp-514,slab,-102.21222497,514.203,True,"[7.35156028, 0.0, 0.0, 0.0, 7.35156028, 0.0, 0.0, 0.0, 7.35156028]",24.0,0.2437398708333333,local
4382,mp-5159,slab,-60.10246557,416.982,True,"[6.18987793, 0.0, 0.0, 0.0, 6.18987793, 0.0, 0.0, 0.0, 6.18987793]",16.0,2.5e-08,local
4383,mp-5166,slab,-50.75219514,458.628,True,"[4.34865884, -0.0, 0.0, 0.0, 4.34865884, 0.0, -0.0, 0.0, 10.28875201]",10.0,0.0,local
4384,mp-5176,slab,-65.08298336,508.162,True,"[3.97857894, 0.0, 0.0, 0.0, 3.97857894, 0.0, -0.0, 0.0, 9.51149919]",10.0,2e-08,local
4385,mp-5190,slab,-60.21101944,493.596,True,"[5.93821349, 0.0, 0.0, 0.0, 5.93821349, 0.0, 0.0, 0.0, 11.9242702]",16.0,0.0,local
4386,mp-5221,slab,-120.09493871,411.946,True,"[6.02529135, 0.0, 0.0, 0.0, 6.02529135, 0.0, 0.0, 0.0, 6.02529135]",16.0,0.24859735,local
4387,mp-522,slab,-7.07458671,256.288,True,"[2.89864486, -0.0, 0.0, 0.0, 2.89864486, 0.0, 0.0, -0.0, 3.57504403]",2.0,0.0,local
4388,mp-527,slab,-3.30425471,19.925,True,"[4.27187009, 0.0, 0.0, 0.0, 4.27187009, 0.0, 0.0, 0.0, 4.27187009]",2.0,2.75e-06,local
4389,mp-5288,slab,-74.35647228,1314.89,True,"[3.96074915, -0.0, 0.0, 0.0, 3.96074915, 0.0, -0.0, 0.0, 9.52586789]",10.0,4e-08,local
4390,mp-5292,slab,-53.87393878,321.979,True,"[3.9971315, 0.0, 0.0, 0.0, 3.9971315, 0.0, 0.0, 0.0, 9.67870975]",10.0,1.2e-07,local
4391,mp-5318,slab,-81.80744509,173.577,True,"[5.82276464, -0.0, 0.0, 0.0, 5.82276464, 0.0, -0.0, -0.0, 5.82276464]",12.0,0.9973632083333334,local
4392,mp-538,slab,-21.30713332,839.459,True,"[4.10764168, -0.0, 0.0, 0.0, 11.4067254, 0.0, 0.0, -0.0, 4.66881526]",8.0,1.25e-08,local
4393,mp-5396,slab,-109.93633716,364.633,True,"[6.01954686, 0.0, 0.0, 0.0, 6.01954686, 0.0, 0.0, 0.0, 6.01954686]",16.0,1.51435286875,local
4394,mp-5407,slab,-112.41324895,272.793,True,"[5.83320012, 0.0, 0.0, 0.0, 5.83320012, 0.0, 0.0, 0.0, 5.83320012]",16.0,0.2492345625,local
4395,mp-540884,slab,-67.70481886,9837.211,True,"[1.87816498, -3.25307717, 0.0, 1.87816498, 3.25307717, -0.0, 0.0, -0.0, 29.14775379]",12.0,0.3848236,local
4396,mp-540,slab,-188.38102555,591.283,True,"[6.95574047, -0.0, 0.0, 0.0, 6.95574047, 0.0, -0.0, -0.0, 6.95574047]",24.0,0.9155273541666666,local
4397,mp-541047,slab,-103.74588894,111.061,True,"[6.45982233, 0.0, 0.0, 0.0, 6.45982233, 0.0, 0.0, 0.0, 6.45982233]",16.0,6.25e-09,local
4398,mp-541837,slab,-60.70449055,316.686,True,"[2.09667739, -3.63155176, 0.0, 2.09667739, 3.63155176, -0.0, 0.0, 0.0, 29.90330432]",15.0,1.3333333333333332e-08,local
4399,mp-5419,slab,-74.16724948,228.319,True,"[6.09648233, 0.0, 0.0, 0.0, 6.09648233, 0.0, 0.0, 0.0, 6.09648233]",16.0,1.4375e-07,local
4400,mp-541,slab,-79.90603654,61.144,True,"[5.29771694, 0.0, 0.0, 0.0, 5.29771694, 0.0, 0.0, 0.0, 5.29771694]",8.0,2.25e-07,local
4401,mp-542065,slab,-30.37562481,70.532,True,"[6.69174425, -0.0, 0.0, 0.0, 6.69174425, 0.0, -0.0, 0.0, 6.69174425]",12.0,1.0833333333333335e-07,local
4402,mp-542537,slab,-63.97207463,4293.346,True,"[4.39403483, 0.0, 0.0, 0.0, 11.02585008, 0.0, 0.0, 0.0, 8.14688282]",16.0,0.0,local
4403,mp-542569,slab,-14.26461876,24.036,True,"[3.00129678, 0.0, 0.0, 0.0, 3.00129678, 0.0, 0.0, 0.0, 3.00129678]",2.0,5.5e-07,local
4404,mp-542595,slab,-43.51840159,359.372,True,"[3.34634378, 0.0, 0.0, 0.0, 3.34634378, 0.0, 0.0, 0.0, 8.29008075]",6.0,0.0,local
4405,mp-542615,slab,-83.68199236,1622.123,True,"[2.17328319, -3.76423691, -0.0, 2.17328319, 3.76423691, 0.0, -0.0, 0.0, 39.49946973]",21.0,0.0,local
4406,mp-542640,slab,-46.17300208,564.787,True,"[3.75376162, 0.0, 0.0, 0.0, 5.81731153, 0.0, 0.0, 0.0, 6.17832782]",8.0,2.25e-07,local
4407,mp-542915,slab,-41.32100131,136.41,True,"[3.84138704, -0.0, 0.0, 0.0, 3.84138704, 0.0, 0.0, 0.0, 8.62087894]",8.0,0.0,local
4408,mp-5436,slab,-116.49342562,216.803,True,"[5.6193597, 0.0, 0.0, 0.0, 5.6193597, 0.0, 0.0, 0.0, 5.6193597]",16.0,1.33499203125,local
4409,mp-544,slab,-69.32025427,82.013,True,"[5.01098644, 0.0, 0.0, 0.0, 5.01098644, 0.0, 0.0, -0.0, 5.01098644]",8.0,2.375e-07,local
4410,mp-5486,slab,-44.50107104,244.754,True,"[4.06705396, 0.0, 0.0, 0.0, 4.06705396, 0.0, 0.0, 0.0, 9.91258261]",10.0,1e-08,local
4411,mp-548,slab,-234.99551134,514.623,True,"[6.94252883, 0.0, 0.0, 0.0, 6.94252883, 0.0, 0.0, 0.0, 6.94252883]",24.0,4.583333333333333e-08,local
4412,mp-5491,slab,-80.83084063,210.383,True,"[6.38790018, 0.0, 0.0, 0.0, 6.38790018, 0.0, 0.0, 0.0, 6.38790018]",16.0,0.94357535,local
4413,mp-5498,slab,-31.59776361,159.626,True,"[1.99817584, -3.46094207, 0.0, 1.99817584, 3.46094207, -0.0, -0.0, -0.0, 6.99227963]",5.0,1.04977114,local
4414,mp-549,slab,-49.08594986,44.824,True,"[5.89123147, 0.0, 0.0, 0.0, 5.89123147, 0.0, 0.0, 0.0, 5.89123147]",8.0,2.9325e-05,local
4415,mp-5518,slab,-57.76073074,975.63,True,"[6.0589228, -0.0, 0.0, 0.0, 6.0589228, 0.0, 0.0, 0.0, 11.23892314]",16.0,0.0,local
4416,mp-5529,slab,-128.91537491,263.083,True,"[5.58349946, 0.0, 0.0, 0.0, 5.58349946, 0.0, 0.0, 0.0, 5.58349946]",16.0,0.7488285,local
4417,mp-5538,slab,-96.68493688,225.958,True,"[6.79774529, 0.0, 0.0, 0.0, 6.79774529, 0.0, 0.0, 0.0, 6.79774529]",16.0,4.375e-08,local
4418,mp-5541,slab,-50.45122309,249.1,True,"[3.68732292, 0.0, 0.0, 0.0, 3.68732292, 0.0, 0.0, 0.0, 7.24226291]",6.0,0.0,local
4419,mp-5549,slab,-39.69496563,111.26,True,"[6.51274248, 0.0, 0.0, 0.0, 6.51274248, 0.0, 0.0, 0.0, 6.51274248]",12.0,2.166666666666667e-07,local
4420,mp-556,slab,-59.75252323,858.661,True,"[3.30370614, -0.0, 0.0, 0.0, 9.96728772, 0.0, 0.0, -0.0, 4.07967185]",8.0,6.25e-08,local
4421,mp-558,slab,-191.73096045,622.316,True,"[7.22955396, -0.0, 0.0, 0.0, 7.22955396, 0.0, -0.0, -0.0, 7.22955396]",24.0,0.2871421291666666,local
4422,mp-559,slab,-25.51642531,53.277,True,"[4.13089809, 0.0, 0.0, 0.0, 4.13089809, 0.0, -0.0, 0.0, 4.13089809]",4.0,5e-08,local
4423,mp-5610,slab,-65.83203858,320.682,True,"[4.20859698, 0.0, 0.0, 0.0, 4.20859698, 0.0, 0.0, 0.0, 10.43804206]",10.0,0.0,local
4424,mp-564,slab,-18.14852069,40.424,True,"[2.10200297, -3.64077594, -0.0, 2.10200297, 3.64077594, 0.0, 0.0, 0.0, 5.75592478]",4.0,0.0,local
4425,mp-565,slab,-64.40314063,298.043,True,"[6.49184648, 0.0, 0.0, 0.0, 6.49184648, 0.0, 0.0, 0.0, 5.76831826]",12.0,1.3333333333333336e-07,local
4426,mp-567076,slab,-50.86638714,112.765,True,"[6.78667816, -0.0, 0.0, 0.0, 6.78667816, 0.0, -0.0, -0.0, 6.78667816]",16.0,1.25e-08,local
4427,mp-567097,slab,-58.54639018,247.628,True,"[5.90680623, 0.0, 0.0, 0.0, 5.90680623, 0.0, 0.0, 0.0, 5.90680623]",16.0,3.125e-08,local
4428,mp-567181,slab,-139.19273509,5268.881,True,"[3.39538988, 0.0, 0.0, 0.0, 19.75623704, 0.0, 0.0, 0.0, 4.36579629]",16.0,0.0,local
4429,mp-567197,slab,-32.05956687,293.475,True,"[2.35395299, -4.07716618, -0.0, 2.35395299, 4.07716618, 0.0, -0.0, 0.0, 7.45625255]",6.0,1.6666666666666667e-08,local
4430,mp-567200,slab,-63.86904211,164.473,True,"[6.11242498, 0.0, 0.0, 0.0, 6.11242498, 0.0, 0.0, 0.0, 6.11242498]",16.0,6.25e-09,local
4431,mp-567240,slab,-59.33436964,249.703,True,"[4.53610571, 0.0, 0.0, 0.0, 4.53610571, 0.0, 0.0, 0.0, 12.95079982]",10.0,1.52698008,local
4432,mp-567276,slab,-240.95957532,1043.885,True,"[7.13316866, 0.0, 0.0, 0.0, 7.13316866, 0.0, 0.0, 0.0, 7.13316866]",24.0,8.333333333333334e-09,local
4433,mp-567279,slab,-16.41916881,1947.634,True,"[3.72782713, 0.0, 0.0, 0.0, 3.72782713, 0.0, 0.0, 0.0, 12.53832179]",6.0,0.0,local
4434,mp-567345,slab,-54.87880456,695.877,True,"[0.0, 4.88368205, 0.0046165, 2.85622136, 0.0, 0.0, 0.0, -1.71651806, -6.83985565]",6.0,1.6666666666666667e-08,local
4435,mp-567347,slab,-47.44315076,91.248,True,"[6.58290044, 0.0, 0.0, 0.0, 6.58290044, 0.0, 0.0, 0.0, 6.58290044]",16.0,1.08125e-06,local
4436,mp-567354,slab,-39.46472323,1187.445,True,"[3.04582649, -5.27552623, -0.0, 3.04582649, 5.27552623, -0.0, -0.0, 0.0, 6.47577757]",8.0,0.2500060375,local
4437,mp-567389,slab,-41.63924824,177.04,True,"[6.19512507, 0.0, 0.0, 0.0, 6.19512507, 0.0, -0.0, -0.0, 6.19512507]",16.0,2.1875e-07,local
4438,mp-567474,slab,-61.42424302,929.407,True,"[0.0, 7.50500121, -0.00216336, 10.08102622, 0.0, 0.0, 0.0, -0.3621218, -3.78120819]",14.0,0.5714287,local
4439,mp-567484,slab,-21.58177874,1663.16,True,"[3.44773606, 0.0, 0.0, 0.0, 4.30925781, 0.0, 0.0, 0.0, 12.03915863]",6.0,0.0,local
4440,mp-567504,slab,-117.10249028,18970.237,True,"[3.02759868, -5.24395489, 0.0, 3.02759881, 5.24395481, -0.0, -0.0, -0.0, 18.86456815]",24.0,0.7499996625,local
4441,mp-567525,slab,-19.47028733,448.013,True,"[0.0, 7.29745238, -0.01045997, 4.24241466, 0.0, 0.0, 0.0, -0.00332665, -5.18403361]",6.0,1e-07,local
4442,mp-567558,slab,-24.36828959,714.919,True,"[5.12398765, 0.0, 0.0, 0.0, 5.12398765, 0.0, 0.0, 0.0, 10.03069463]",8.0,0.0,local
4443,mp-567626,slab,-14.85341658,2132.615,True,"[5.05296617, -0.0, 0.0, 0.0, 7.81588543, 0.0, 0.0, 0.0, 5.35974269]",12.0,0.0,local
4444,mp-567636,slab,-88.05767834,174.486,True,"[5.7908977, 0.0, 0.0, 0.0, 5.7908977, 0.0, 0.0, 0.0, 5.7908977]",12.0,1.916666666666667e-07,local
4445,mp-567657,slab,-36.40003391,681.29,True,"[3.9826287, 0.0, 0.0, 0.0, 3.9826287, 0.0, 0.0, 0.0, 13.94902632]",10.0,0.0,local
4446,mp-5676,slab,-81.19515393,208.06,True,"[6.22806951, 0.0, 0.0, 0.0, 6.22806951, 0.0, 0.0, 0.0, 6.22806951]",12.0,1.3394044833333334,local
4447,mp-567724,slab,-63.57808061,553.725,True,"[1.74629179, -3.0246661, 0.0, 1.74629179, 3.0246661, -0.0, 0.0, -0.0, 20.64332712]",9.0,1.111111111111111e-08,local
4448,mp-567736,slab,-25.01501519,106.381,True,"[1.74037956, -3.01442583, 0.0, 1.74037956, 3.01442583, 0.0, -0.0, 0.0, 9.48775054]",4.0,0.0,local
4449,mp-567749,slab,-86.77326071,571.748,True,"[4.17192468, -0.0, 0.0, 0.0, 4.17192468, 0.0, -0.0, -0.0, 9.70319985]",10.0,0.0,local
4450,mp-567769,slab,-54.33629461,229.01,True,"[4.22930751, -0.0, 0.0, 0.0, 4.22930751, 0.0, 0.0, 0.0, 9.89016273]",10.0,0.0,local
4451,mp-567787,slab,-43.14635681,188.257,True,"[6.62949143, 0.0, 0.0, 0.0, 6.62949143, 0.0, 0.0, 0.0, 6.62949143]",16.0,1.8125e-07,local
4452,mp-567832,slab,-24.38809757,52.239,True,"[1.84222368, -3.19082502, -0.0, 1.84222368, 3.19082502, 0.0, -0.0, -0.0, 7.26848105]",4.0,1e-07,local
4453,mp-567889,slab,-144.98541598,4514.425,True,"[5.06903535, 0.0, 0.0, 0.0, 8.66404825, 0.0, 0.0, 0.0, 8.82815977]",24.0,4.166666666666667e-09,local
4454,mp-567981,slab,-107.52797119,338.094,True,"[5.71878727, -0.0, 0.0, 0.0, 5.71878727, 0.0, -0.0, 0.0, 5.71878727]",16.0,0.75680883125,local
4455,mp-568014,slab,-68.90206856,113.384,True,"[5.37001484, 0.0, 0.0, 0.0, 5.37001484, 0.0, -0.0, 0.0, 5.37001484]",8.0,3.75e-08,local
4456,mp-568032,slab,-23.91010571,142.001,True,"[5.90133533, 0.0, 0.0, 0.0, 5.90133533, 0.0, 0.0, 0.0, 6.09510786]",7.0,2e-07,local
4457,mp-568069,slab,-79.94540199,4637.985,True,"[4.17592132, 0.0, 0.0, 0.0, 4.17592132, 0.0, 0.0, 0.0, 14.29710958]",12.0,0.0,local
4458,mp-568113,slab,-59.61035086,509.835,True,"[4.09309488, -0.0, 0.0, 0.0, 4.09309488, 0.0, 0.0, 0.0, 12.99971003]",10.0,2e-08,local
4459,mp-568264,slab,-55.16092777,2084.518,True,"[5.92689719, 0.0, 0.0, 0.0, 6.73348417, 0.0, -0.0, 0.0, 11.16683545]",12.0,1.25e-07,local
4460,mp-568280,slab,-50.96476743,952.55,True,"[4.14113047, 0.0, 0.0, 0.0, 4.14113047, 0.0, 0.0, 0.0, 11.97899031]",10.0,3e-08,local
4461,mp-568349,slab,-84.08538174,4834.994,True,"[0.0, 12.7582219, 0.00495452, 3.53280292, 0.0, 0.0, 0.0, -2.8004128, -5.50462439]",14.0,1.0123898928571429,local
4462,mp-568382,slab,-24.95512407,38.143,True,"[2.15978766, -3.74086195, -0.0, 2.15978766, 3.74086195, 0.0, 0.0, -0.0, 5.74359267]",4.0,1.76148705,local
4463,mp-568398,slab,-44.96559427,160.836,True,"[6.97333253, 0.0, 0.0, 0.0, 6.97333253, 0.0, 0.0, 0.0, 6.97333253]",12.0,2.666666666666667e-07,local
4464,mp-568402,slab,-53.2099832,585.097,True,"[4.34192197, 0.0, 0.0, 0.0, 4.34192197, 0.0, 0.0, -0.0, 10.01436979]",10.0,3e-08,local
4465,mp-568430,slab,-132.59708992,667.34,True,"[7.95545938, 0.0, 0.0, 0.0, 7.95545938, 0.0, 0.0, 0.0, 7.95545938]",24.0,3.041666666666667e-07,local
4466,mp-568501,slab,-48.30524174,19314.384,True,"[4.69835029, -0.0, 0.0, 0.0, 4.69835029, 0.0, 0.0, 0.0, 23.3027312]",16.0,0.0,local
4467,mp-568544,slab,-14.50073743,38.578,True,"[5.32235183, 0.0, 0.0, 0.0, 5.32235183, 0.0, 0.0, 0.0, 5.32235183]",5.0,1.6e-07,local
4468,mp-568565,slab,-29.0688096,169.949,True,"[1.82765129, -3.16558489, -0.0, 1.82765129, 3.16558489, 0.0, -0.0, 0.0, 5.61780818]",4.0,1.23799535,local
4469,mp-568587,slab,-65.09484617,1217.994,True,"[1.87507344, -3.24772247, -0.0, 1.87507344, 3.24772247, 0.0, 0.0, 0.0, 19.10482873]",12.0,0.7498734833333334,local
4470,mp-568661,slab,-47.84740333,726.117,True,"[5.89271285, 0.0, 0.0, 0.0, 5.89271285, 0.0, 0.0, 0.0, 12.10915693]",14.0,0.0,local
4471,mp-568662,slab,-53.09487653,121.189,True,"[7.40630612, 0.0, 0.0, 0.0, 7.40630612, 0.0, 0.0, 0.0, 7.40630612]",12.0,8.333333333333334e-08,local
4472,mp-568664,slab,-20.49157239,179.911,True,"[2.44647387, -4.23741704, -0.0, 2.44647387, 4.23741704, 0.0, 0.0, -0.0, 7.88113975]",6.0,1.3333333333333336e-07,local
4473,mp-568673,slab,-80.47884494,295.634,True,"[4.18274229, 0.0, 0.0, 0.0, 4.18274229, 0.0, 0.0, 0.0, 9.57579377]",10.0,0.0,local
4474,mp-568711,slab,-25.58218224,36.852,True,"[3.89657143, 0.0, 0.0, 0.0, 3.89657143, 0.0, 0.0, -0.0, 3.89657143]",4.0,0.318964025,local
4475,mp-568718,slab,-90.94958234,208.799,True,"[3.99737965, 0.0, 0.0, 0.0, 3.99737965, 0.0, 0.0, 0.0, 17.20511808]",16.0,0.0,local
4476,mp-568746,slab,-54.84487861,2029.767,True,"[0.0, 12.92147091, -0.01002181, 4.33186232, 0.0, 0.0, 0.0, -1.38348366, -5.60912067]",12.0,0.0,local
4477,mp-568747,slab,-43.23909729,839.759,True,"[3.96475851, 0.0, 0.0, 0.0, 3.96475851, 0.0, 0.0, 0.0, 13.16378088]",10.0,1.212e-05,local
4478,mp-568789,slab,-27.0487005,66.91,True,"[1.70995498, -2.96172891, -0.0, 1.70995498, 2.96172891, 0.0, 0.0, -0.0, 6.83242537]",4.0,2.75e-07,local
4479,mp-568844,slab,-30.88085201,50.868,True,"[6.160118, 0.0, 0.0, 0.0, 6.160118, 0.0, 0.0, 0.0, 6.160118]",8.0,3.0925e-05,local
4480,mp-568865,slab,-53.69885387,589.252,True,"[3.79624142, 0.0, 0.0, 0.0, 7.0167111, 0.0, -0.0, 0.0, 7.42955873]",8.0,1.125e-07,local
4481,mp-568880,slab,-90.74475924,224.322,True,"[6.80163204, 0.0, 0.0, 0.0, 6.80163204, 0.0, -0.0, 0.0, 6.80163204]",16.0,1.625e-07,local
4482,mp-568895,slab,-24.09783073,104.227,True,"[2.41726425, -4.1868245, 0.0, 2.41726425, 4.1868245, 0.0, -0.0, 0.0, 9.50390353]",6.0,0.0,local
4483,mp-568920,slab,-82.28645712,815.983,True,"[7.86071391, 0.0, 0.0, 0.0, 7.86071391, 0.0, 0.0, 0.0, 7.86071391]",24.0,4.166666666666667e-09,local
4484,mp-568925,slab,-93.24139913,1739.29,True,"[2.14590174, -3.71681084, 0.0, 2.14590174, 3.71681084, 0.0, 0.0, 0.0, 26.97249161]",21.0,0.0,local
4485,mp-568961,slab,-60.84890003,703.734,True,"[3.9711497, 0.0, 0.0, 0.0, 3.9711497, 0.0, 0.0, 0.0, 12.6474782]",10.0,1e-08,local
4486,mp-568974,slab,-37.31343057,2542.598,True,"[0.0, 11.07963118, 0.01729562, 4.25470834, 0.0, 0.0, 0.0, -1.43941118, -4.62743414]",10.0,0.0,local
4487,mp-568992,slab,-153.30813362,2992.372,True,"[3.40298117, 0.0, 0.0, 0.0, 19.83201982, 0.0, 0.0, 0.0, 4.38607361]",16.0,0.0,local
4488,mp-568,slab,-69.16171015,211.671,True,"[6.73204311, 0.0, 0.0, 0.0, 6.73204311, 0.0, -0.0, 0.0, 5.79320382]",12.0,8.333333333333334e-09,local
4489,mp-569006,slab,-58.86716671,354.543,True,"[4.07973124, -0.0, 0.0, 0.0, 4.07973124, 0.0, 0.0, 0.0, 12.18077776]",10.0,0.0,local
4490,mp-569008,slab,-20.57782653,2218.709,True,"[3.40280969, 0.0, 0.0, 0.0, 4.38337269, 0.0, 0.0, 0.0, 12.09277603]",6.0,0.0,local
4491,mp-569012,slab,-55.6317576,268.371,True,"[4.04820303, 0.0, 0.0, 0.0, 4.04820303, 0.0, 0.0, 0.0, 14.99180285]",10.0,1e-08,local
4492,mp-569117,slab,-42.82294746,242.66,True,"[4.59382697, 0.0, 0.0, 0.0, 5.24842617, 0.0, 0.0, 0.0, 12.46364361]",12.0,1.6666666666666667e-08,local
4493,mp-569151,slab,-38.65051951,309.694,True,"[2.17796666, -3.77234891, -0.0, 2.17796666, 3.77234891, 0.0, -0.0, 0.0, 5.52193592]",6.0,1.2516532166666667,local
4494,mp-569204,slab,-33.51408484,605.835,True,"[4.03816389, 0.0, 0.0, 0.0, 4.03816389, 0.0, 0.0, 0.0, 15.60636122]",10.0,0.0,local
4495,mp-569240,slab,-39.65707407,239.669,True,"[1.75781606, -3.04462673, -0.0, 1.75781606, 3.04462673, 0.0, 0.0, 0.0, 11.54815188]",7.0,0.7583840428571429,local
4496,mp-569247,slab,-78.33051719,641.857,True,"[3.84967926, 0.0, 0.0, 0.0, 3.84967926, 0.0, 0.0, 0.0, 9.31433748]",10.0,3.7e-07,local
4497,mp-569249,slab,-77.67947955,116.283,True,"[5.23622855, 0.0, 0.0, 0.0, 5.23622855, 0.0, 0.0, 0.0, 5.23622855]",8.0,7.5e-07,local
4498,mp-569250,slab,-75.64535986,571.742,True,"[5.82812702, 0.0, 0.0, 0.0, 6.75409052, 0.0, 0.0, 0.0, 2.80994485]",8.0,0.0,local
4499,mp-569265,slab,-25.80861044,51.653,True,"[2.3116172, -4.00383844, -0.0, 2.3116172, 4.00383844, -0.0, -0.0, -0.0, 8.33912846]",8.0,0.0,local
4500,mp-569272,slab,-65.69643673,8301.839,True,"[5.55036282, -0.0, 0.0, 0.0, 10.46869995, 0.0, -0.0, 0.0, 20.92929279]",24.0,5e-08,local
4501,mp-569298,slab,-56.7153903,488.356,True,"[4.02346899, 0.0, 0.0, 0.0, 4.02346899, 0.0, -0.0, 0.0, 10.23607072]",10.0,0.26867089,local
4502,mp-569333,slab,-47.51262698,118.597,True,"[6.81989116, 0.0, 0.0, 0.0, 6.81989116, 0.0, -0.0, 0.0, 6.81989116]",16.0,1.5e-07,local
4503,mp-569344,slab,-74.98668693,252.171,True,"[3.74410885, 0.0, 0.0, 0.0, 3.74410885, 0.0, 0.0, 0.0, 9.66383336]",10.0,2e-08,local
4504,mp-569391,slab,-41.69948164,108.465,True,"[3.12265872, -5.40860355, 0.0, 3.12265872, 5.40860355, 0.0, -0.0, -0.0, 6.60570415]",8.0,0.253684575,local
4505,mp-569408,slab,-52.93864031,524.342,True,"[3.79038327, 0.0, 0.0, 0.0, 3.79038327, 0.0, 0.0, 0.0, 13.72902967]",10.0,0.0,local
4506,mp-569426,slab,-18.30713026,815.641,True,"[4.80447811, 0.0, 0.0, 0.0, 7.75807116, 0.0, 0.0, 0.0, 7.78760563]",12.0,8.333333333333334e-09,local
4507,mp-569446,slab,-17.75760168,60.944,True,"[2.08440271, -3.6102914, -0.0, 2.08440271, 3.6102914, 0.0, -0.0, 0.0, 5.17108414]",4.0,1.05e-06,local
4508,mp-569516,slab,-157.43285848,849.826,True,"[6.6731058, 0.0, 0.0, 0.0, 6.6731058, 0.0, 0.0, 0.0, 6.6731058]",24.0,4.6825000000000007e-05,local
4509,mp-569523,slab,-58.14992179,4068.18,True,"[3.94042383, 0.0, 0.0, 0.0, 14.20331167, 0.0, 0.0, 0.0, 3.69056796]",10.0,0.0,local
4510,mp-569544,slab,-26.72537127,55.346,True,"[1.87214297, -3.24264675, 0.0, 1.87214297, 3.24264675, 0.0, -0.0, -0.0, 7.9330159]",4.0,2.5e-07,local
4511,mp-569626,slab,-40.74849066,2874.702,True,"[4.27503667, -0.0, 0.0, 0.0, 7.76643662, 0.0, 0.0, -0.0, 9.55893775]",12.0,0.0,local
4512,mp-569639,slab,-24.44989609,71.669,True,"[6.52452992, 0.0, 0.0, 0.0, 6.52452992, 0.0, 0.0, 0.0, 6.52452992]",8.0,8.75e-08,local
4513,mp-569662,slab,-82.18648731,2384.208,True,"[0.0, 6.19996243, -0.00813323, 3.57327933, 0.0, 0.0, 0.0, -0.26767436, -11.92333521]",14.0,0.2950672142857143,local
4514,mp-569671,slab,-56.41205033,90.639,True,"[5.68265856, 0.0, 0.0, 0.0, 5.68265856, 0.0, 0.0, 0.0, 5.68265856]",8.0,6.25e-08,local
4515,mp-569679,slab,-11.42627447,387.75,True,"[4.11296312, -0.0, 0.0, 0.0, 4.11296312, 0.0, -0.0, -0.0, 6.05623626]",4.0,2.5e-08,local
4516,mp-569683,slab,-25.40129681,399.061,True,"[4.84656856, 0.0, 0.0, 0.0, 5.30615321, 0.0, 0.0, 0.0, 5.86743461]",8.0,7.125e-07,local
4517,mp-569775,slab,-21.60397387,22.059,True,"[4.10463428, 0.0, 0.0, 0.0, 4.10463428, 0.0, 0.0, -0.0, 4.10463428]",4.0,7.5e-08,local
4518,mp-569779,slab,-74.81825425,203.783,True,"[6.3813469, 0.0, 0.0, 0.0, 6.3813469, 0.0, 0.0, 0.0, 6.3813469]",12.0,0.0,local
4519,mp-569785,slab,-18.56604285,30.677,True,"[4.08367238, 0.0, 0.0, 0.0, 4.08367238, 0.0, 0.0, 0.0, 4.08367238]",4.0,1.375e-06,local
4520,mp-569792,slab,-14.84975993,81.586,True,"[2.21293796, -3.83292098, -0.0, 2.21293796, 3.83292098, 0.0, -0.0, 0.0, 5.20904896]",4.0,1.35e-06,local
4521,mp-569823,slab,-63.84304566,275.378,True,"[7.00648087, 0.0, 0.0, 0.0, 7.00648087, 0.0, 0.0, 0.0, 7.00648087]",16.0,1.25e-08,local
4522,mp-569833,slab,-85.42350934,396.44,True,"[6.7264867, 0.0, 0.0, 0.0, 6.7264867, 0.0, 0.0, 0.0, 5.4379305]",12.0,1.0833333333333335e-07,local
4523,mp-569834,slab,-27.97503058,242.269,True,"[2.16924101, -3.75723565, 0.0, 2.16924101, 3.75723565, 0.0, 0.0, -0.0, 7.63466757]",8.0,0.0,local
4524,mp-569881,slab,-46.95952439,867.238,True,"[4.46748432, 0.0, 0.0, 0.0, 4.46748432, 0.0, 0.0, 0.0, 10.86362886]",10.0,0.0,local
4525,mp-570031,slab,-64.48396526,585.576,True,"[4.09251018, 0.0, 0.0, 0.0, 4.09251018, 0.0, -0.0, -0.0, 12.24385774]",10.0,0.94308044,local
4526,mp-570062,slab,-37.68861885,252.27,True,"[0.0, 6.37099078, -0.0018554, 3.67374108, 0.0, 0.0, 0.0, -0.02265131, -6.66316564]",6.0,0.0,local
4527,mp-570091,slab,-48.67588897,178.627,True,"[3.9129724, -0.0, 0.0, 0.0, 3.9129724, 0.0, -0.0, -0.0, 13.93457914]",10.0,0.43754779,local
4528,mp-570113,slab,-84.11965162,1025.645,True,"[8.09490562, 0.0, 0.0, 0.0, 8.09490562, 0.0, 0.0, 0.0, 8.09490562]",24.0,1.25e-08,local
4529,mp-570122,slab,-42.05526843,785.757,True,"[2.00946621, -3.48049757, -0.0, 2.00946621, 3.48049757, 0.0, -0.0, 0.0, 12.64577679]",7.0,1.4205609285714285,local
4530,mp-570197,slab,-27.25258854,635.605,True,"[3.42919383, 0.0, 0.0, 0.0, 3.42919383, 0.0, 0.0, -0.0, 13.01351121]",6.0,0.0,local
4531,mp-570198,slab,-33.38040602,699.971,True,"[4.16318342, 0.0, 0.0, 0.0, 4.16318342, 0.0, 0.0, 0.0, 13.6965603]",10.0,1e-08,local
4532,mp-570199,slab,-54.48302182,538.605,True,"[3.30283918, -0.0, 0.0, 0.0, 3.30283918, 0.0, -0.0, 0.0, 11.51222544]",8.0,0.0,local
4533,mp-570276,slab,-10.19764055,27.998,True,"[3.3398363, 0.0, 0.0, 0.0, 3.3398363, 0.0, -0.0, 0.0, 3.3398363]",2.0,3.5e-07,local
4534,mp-570290,slab,-21.97337614,13.78,True,"[5.069273, 0.0, 0.0, 0.0, 5.069273, 0.0, 0.0, 0.0, 5.069273]",5.0,0.99999714,local
4535,mp-570325,slab,-55.49114815,14116.792,True,"[0.0, 12.62522879, -0.02296861, 3.77644425, 0.0, 0.0, 0.0, -1.81432986, -8.6662896]",16.0,0.0,local
4536,mp-570428,slab,-22.47151134,18.182,True,"[4.53040882, 0.0, 0.0, 0.0, 4.53040882, 0.0, 0.0, 0.0, 4.53040882]",4.0,0.38008065,local
4537,mp-570436,slab,-167.9164761,490.651,True,"[7.57948688, 0.0, 0.0, 0.0, 7.57948688, 0.0, 0.0, 0.0, 7.57948688]",24.0,1.25e-08,local
4538,mp-570452,slab,-53.1742039,213.4,True,"[4.263496, 0.0, 0.0, 0.0, 4.263496, 0.0, 0.0, 0.0, 10.27182501]",10.0,1e-08,local
4539,mp-570491,slab,-59.34805213,210.642,True,"[3.63929907, 0.0, 0.0, 0.0, 3.63929907, 0.0, 0.0, 0.0, 7.48893548]",8.0,1.25e-08,local
4540,mp-570578,slab,-34.21213231,296.245,True,"[4.29469531, 0.0, 0.0, 0.0, 4.29469531, 0.0, 0.0, 0.0, 9.92783284]",8.0,0.0,local
4541,mp-570632,slab,-46.00056701,286.018,True,"[6.03977533, 0.0, 0.0, 0.0, 6.03977533, 0.0, 0.0, 0.0, 6.03977533]",8.0,3.75e-08,local
4542,mp-570673,slab,-35.32317309,147.01,True,"[2.37263675, -4.10952741, 0.0, 2.37263675, 4.10952741, 0.0, 0.0, 0.0, 3.96963535]",6.0,0.2302599,local
4543,mp-570687,slab,-10.80049943,4966.141,True,"[0.0, 3.93133529, -0.19268514, 3.95922397, 0.0, 0.0, 0.0, -0.27428714, -5.64231814]",4.0,0.0,local
4544,mp-570691,slab,-28.3955874,50.929,True,"[4.16859211, 0.0, 0.0, 0.0, 4.16859211, 0.0, -0.0, 0.0, 4.16859211]",4.0,4.75e-07,local
4545,mp-570698,slab,-30.0038372,28.676,True,"[3.87638503, -0.0, 0.0, 0.0, 3.87638503, 0.0, -0.0, -0.0, 3.87638503]",4.0,0.3084525,local
4546,mp-570708,slab,-59.99966425,1219.974,True,"[1.78916516, -3.09892496, -0.0, 1.78916516, 3.09892496, 0.0, 0.0, 0.0, 22.8144768]",12.0,0.7471089333333333,local
4547,mp-570713,slab,-40.8552953,85.957,True,"[2.22050512, -3.84602769, 0.0, 2.22050512, 3.84602769, -0.0, 0.0, -0.0, 5.43132017]",6.0,1.1666666666666669e-07,local
4548,mp-570751,slab,-68.95454623,86.899,True,"[5.28468578, -0.0, 0.0, 0.0, 5.28468578, 0.0, -0.0, -0.0, 5.28468578]",8.0,2e-07,local
4549,mp-570769,slab,-81.84501169,853.145,True,"[7.28658791, 0.0, 0.0, 0.0, 7.28658791, 0.0, 0.0, 0.0, 7.28658791]",24.0,2.083333333333333e-08,local
4550,mp-570775,slab,-26.32074418,972.615,True,"[5.01779587, 0.0, 0.0, 0.0, 6.51350926, 0.0, 0.0, 0.0, 8.46741519]",8.0,4.125e-07,local
4551,mp-570782,slab,-20.82990008,481.067,True,"[6.78866205, 0.00307983, -0.0027386, 1.55160162, 6.88138314, -0.01087907, 2.89923293, 2.43259091, 5.99468337]",6.0,1.8333333333333333e-07,local
4552,mp-570826,slab,-113.31606925,542.81,True,"[6.29219799, -0.0, 0.0, 0.0, 6.29219799, 0.0, -0.0, -0.0, 6.29219799]",16.0,3.1375e-06,local
4553,mp-570832,slab,-35.30346305,92.805,True,"[2.74244548, -4.7500549, -0.0, 2.74244548, 4.7500549, -0.0, -0.0, 0.0, 4.39699426]",6.0,0.0,local
4554,mp-570837,slab,-61.15281572,219.801,True,"[4.09119793, 0.0, 0.0, 0.0, 4.09119793, 0.0, 0.0, 0.0, 14.86968193]",10.0,1e-08,local
4555,mp-570858,slab,-21.33114776,1714.313,True,"[3.76647598, 0.0, 0.0, 0.0, 11.60237812, 0.0, 0.0, 0.0, 3.90369612]",8.0,0.0,local
4556,mp-570863,slab,-29.52694923,143.599,True,"[3.84690957, -0.0, 0.0, 0.0, 3.84690957, 0.0, -0.0, -0.0, 3.72342438]",4.0,0.2783387,local
4557,mp-570875,slab,-140.18720982,1819.151,True,"[4.77382937, -0.0, 0.0, 0.0, 8.33182865, 0.0, -0.0, -0.0, 8.79211359]",24.0,1.25e-08,local
4558,mp-570896,slab,-40.26696152,652.501,True,"[6.8900167, -0.0, 0.0, 0.0, 6.8900167, 0.0, -0.0, 0.0, 5.88699447]",12.0,0.0,local
4559,mp-570904,slab,-29.64397502,186.011,True,"[2.02632727, -3.50970178, -0.0, 2.02632727, 3.50970178, 0.0, 0.0, 0.0, 5.0340394]",6.0,1.6666666666666667e-08,local
4560,mp-570910,slab,-59.30452776,887.257,True,"[5.07055939, 0.0, 0.0, 0.0, 5.07055939, 0.0, 0.0, 0.0, 16.11692458]",14.0,0.5714285,local
4561,mp-570922,slab,-10.53321619,206.845,True,"[3.88485325, -0.0, 0.0, 0.0, 3.88485325, 0.0, 0.0, 0.0, 5.99997628]",3.0,4e-07,local
4562,mp-570991,slab,-39.70661173,159.645,True,"[2.96499616, -0.0, 0.0, 0.0, 3.41531293, 0.0, 0.0, -0.0, 8.42232236]",6.0,3.3333333333333334e-08,local
4563,mp-571016,slab,-58.61540657,5241.283,True,"[8.2088277, -0.0, 0.0, 0.0, 8.2088277, 0.0, -0.0, -0.0, 7.18801348]",16.0,4.375e-08,local
4564,mp-571030,slab,-37.33034116,153.428,True,"[4.21430967, 0.0, 0.0, 0.0, 4.21430967, 0.0, 0.0, 0.0, 7.65437302]",8.0,1.25e-08,local
4565,mp-571033,slab,-18.86201101,127.901,True,"[3.70993028, 0.0, 0.0, 0.0, 3.70993028, 0.0, 0.0, 0.0, 5.42140432]",4.0,9.1e-06,local
4566,mp-571035,slab,-41.06325201,2278.863,True,"[8.4441509, 0.0, 0.0, 0.0, 9.37426122, 0.0, 0.0, 0.0, 3.62772325]",10.0,0.40017617,local
4567,mp-571059,slab,-39.21301643,304.082,True,"[7.21070739, 0.0, 0.0, 0.0, 7.21070739, 0.0, 0.0, 0.0, 7.21070739]",16.0,0.0,local
4568,mp-571079,slab,-24.28603887,1704.326,True,"[4.34777424, 0.0, 0.0, 0.0, 12.52170538, 0.0, 0.0, 0.0, 4.7876799]",8.0,0.0,local
4569,mp-571096,slab,-14.07154811,555.827,True,"[1.76506123, -3.05717573, -0.0, 1.76506123, 3.05717573, 0.0, -0.0, -0.0, 6.34144211]",3.0,1.3333339000000002,local
4570,mp-571143,slab,-39.67307979,400.175,True,"[3.39648103, -5.88287772, -0.0, 3.39648103, 5.88287772, 0.0, -0.0, -0.0, 5.73203744]",8.0,0.054170875,local
4571,mp-571147,slab,-71.03596367,289.317,True,"[3.75413403, 0.0, 0.0, 0.0, 3.75413403, 0.0, 0.0, 0.0, 9.68203579]",10.0,2e-08,local
4572,mp-571160,slab,-42.87734344,826.287,True,"[7.0239286, 0.0, 0.0, 0.0, 7.0239286, 0.0, -0.0, -0.0, 5.67123549]",12.0,0.0,local
4573,mp-571163,slab,-28.74782963,110.875,True,"[4.14743016, 0.0, 0.0, 0.0, 4.14743016, 0.0, 0.0, 0.0, 3.64694456]",4.0,1.062039475,local
4574,mp-571195,slab,-15.56300974,3018.501,True,"[2.18699147, -3.78798042, 0.0, 2.18699154, 3.78798038, 0.0, 0.0, -0.0, 10.70247735]",6.0,0.0,local
4575,mp-571203,slab,-56.17106506,2297.136,True,"[3.97476366, -0.0, 0.0, 0.0, 3.97476366, 0.0, -0.0, -0.0, 11.62214743]",10.0,0.21905451,local
4576,mp-571262,slab,-141.14245955,532.991,True,"[7.56593144, 0.0, 0.0, 0.0, 7.56593144, 0.0, 0.0, -0.0, 7.56593144]",24.0,8.333333333333334e-08,local
4577,mp-571266,slab,-25.66396294,2434.598,True,"[7.17115436, -0.01715723, -0.01754875, -3.28710216, 6.46386707, -0.01018382, -3.246995, -1.93349882, 6.25864223]",8.0,0.009073575,local
4578,mp-571310,slab,-106.09569012,230.737,True,"[6.65582552, -0.0, 0.0, 0.0, 6.65582552, 0.0, -0.0, -0.0, 6.65582552]",16.0,1.25e-08,local
4579,mp-571322,slab,-35.92408887,49.053,True,"[4.09931162, -0.0, 0.0, 0.0, 4.09931162, 0.0, 0.0, -0.0, 4.09931162]",4.0,2.25e-07,local
4580,mp-571339,slab,-65.16268315,576.585,True,"[4.11609803, -0.0, 0.0, 0.0, 4.11609803, 0.0, -0.0, -0.0, 13.05870093]",10.0,0.94132529,local
4581,mp-571343,slab,-48.53933774,193.028,True,"[3.93091629, -0.0, 0.0, 0.0, 3.93091629, 0.0, -0.0, -0.0, 14.58288139]",10.0,0.42611717,local
4582,mp-571367,slab,-77.26520136,202.569,True,"[3.72699824, 0.0, 0.0, 0.0, 3.72699824, 0.0, 0.0, 0.0, 9.6060855]",10.0,1e-08,local
4583,mp-571386,slab,-23.95677609,63.445,True,"[5.12965803, 0.0, 0.0, 0.0, 5.12965803, 0.0, -0.0, 0.0, 5.12965803]",8.0,1.6375e-06,local
4584,mp-571387,slab,-20.71505267,629.085,True,"[3.65272953, 0.0, 0.0, 0.0, 6.30326697, 0.0, 0.0, 0.0, 6.61924123]",6.0,3.3333333333333334e-08,local
4585,mp-571461,slab,-53.61180412,827.141,True,"[2.89374314, -5.01211014, -0.0, 2.89374314, 5.01211014, 0.0, -0.0, -0.0, 27.11878662]",21.0,0.0,local
4586,mp-571512,slab,-19.29754785,50.977,True,"[2.13261303, -3.69379413, 0.0, 2.13261303, 3.69379413, -0.0, -0.0, 0.0, 5.63973814]",4.0,0.0,local
4587,mp-571518,slab,-90.10633619,6497.416,True,"[3.44773071, -5.97164487, -0.0, 3.44773081, 5.97164481, 0.0, 0.0, 0.0, 18.57209536]",21.0,2.666666666666667e-07,local
4588,mp-571550,slab,-58.15084569,260.742,True,"[2.08203418, -3.60618899, -0.0, 2.08203418, 3.60618899, 0.0, 0.0, 0.0, 30.71028112]",15.0,4e-08,local
4589,mp-571555,slab,-24.26073316,4501.513,True,"[4.3906915, 0.0, 0.0, 0.0, 12.56059124, 0.0, 0.0, 0.0, 4.4833593]",8.0,0.0,local
4590,mp-571636,slab,-24.26475689,1087.829,True,"[4.43582491, 0.0, 0.0, 0.0, 12.44614348, 0.0, -0.0, -0.0, 4.49125943]",8.0,0.0,local
4591,mp-571651,slab,-54.27047555,539.423,True,"[3.46870207, 0.0, 0.0, 0.0, 6.26565509, 0.0, -0.0, 0.0, 6.48366962]",8.0,2.5e-08,local
4592,mp-571664,slab,-103.95102518,329.207,True,"[6.51481267, 0.0, 0.0, 0.0, 6.51481267, 0.0, -0.0, 0.0, 5.65117359]",12.0,1.0833333333333335e-07,local
4593,mp-571,slab,-14.01690226,49.437,True,"[3.01087724, 0.0, 0.0, 0.0, 3.01087724, 0.0, -0.0, 0.0, 3.01087724]",2.0,7e-07,local
4594,mp-5729,slab,-29.70587789,249.117,True,"[2.36941735, -4.10395124, -0.0, 2.36941735, 4.10395124, -0.0, 0.0, 0.0, 7.42215912]",6.0,0.0,local
4595,mp-573755,slab,-18.8100708,388.317,True,"[5.45533032, 0.0, 0.0, 0.0, 6.34197553, 0.0, 0.0, 0.0, 7.34820903]",6.0,0.0,local
4596,mp-573,slab,-64.73592647,2431.088,True,"[0.0, 12.00759796, 0.09663346, 3.67629069, 0.0, 0.0, 0.0, -3.10467919, -5.38011886]",14.0,0.0,local
4597,mp-574025,slab,-82.04765074,205.606,True,"[6.78411237, -0.0, 0.0, 0.0, 6.78411237, 0.0, -0.0, -0.0, 6.78411237]",16.0,8.75e-08,local
4598,mp-574599,slab,-39.78698399,4084.492,True,"[7.29074734, 0.0, 0.0, 0.0, 8.72759737, 0.0, 0.0, 0.0, 7.28562586]",12.0,0.0,local
4599,mp-5748,slab,-108.61391153,505.48,True,"[6.08667965, 0.0, 0.0, 0.0, 6.08667965, 0.0, 0.0, 0.0, 6.08667965]",16.0,5e-08,local
4600,mp-5749,slab,-88.00513657,985.109,True,"[0.0, 12.98049766, -0.00156658, 3.69007964, 0.0, 0.0, 0.0, -3.11304817, -5.56352411]",14.0,1.2661554071428571,local
4601,mp-574,slab,-125.677113,586.921,True,"[6.12814604, 0.0, 0.0, 0.0, 6.12814604, 0.0, 0.0, 0.0, 4.97469512]",12.0,2.3333333333333333e-07,local
4602,mp-5778,slab,-123.78465913,275.042,True,"[5.70305456, 0.0, 0.0, 0.0, 5.70305456, 0.0, 0.0, 0.0, 5.70305456]",16.0,0.0,local
4603,mp-5792,slab,-60.40368678,2002.242,True,"[4.88054688, 0.0, 0.0, 0.0, 19.53270129, 0.0, 0.0, 0.0, 4.72525304]",16.0,6.25e-09,local
4604,mp-580226,slab,-14.81805797,580.054,True,"[3.79000203, -0.0, 0.0, 0.0, 3.79000203, 0.0, -0.0, 0.0, 5.55405357]",4.0,2.5e-08,local
4605,mp-580287,slab,-29.14807305,42.885,True,"[4.31411601, 0.0, 0.0, 0.0, 4.31411601, 0.0, 0.0, -0.0, 4.31411601]",4.0,1.9e-06,local
4606,mp-580357,slab,-16.81489021,46.988,True,"[3.72175187, 0.0, 0.0, 0.0, 3.72175187, 0.0, 0.0, 0.0, 3.72175187]",4.0,2.5e-07,local
4607,mp-581707,slab,-77.52395064,214.287,True,"[6.80805046, 0.0, 0.0, 0.0, 6.80805046, 0.0, 0.0, 0.0, 6.80805046]",16.0,1.375e-07,local
4608,mp-581786,slab,-30.01602689,1991.11,True,"[4.33563487, 0.0, 0.0, 0.0, 4.90791784, 0.0, 0.0, 0.0, 5.49388272]",8.0,0.0,local
4609,mp-583,slab,-49.14358651,2475.073,True,"[3.47965134, -0.0, 0.0, 0.0, 5.30034691, 0.0, 0.0, 0.0, 5.8225108]",8.0,4.95625e-05,local
4610,mp-5866,slab,-66.17968988,86.709,True,"[6.08487, 0.0, 0.0, 0.0, 6.08487, 0.0, 0.0, 0.0, 6.08487]",12.0,1.4414547166666667,local
4611,mp-590,slab,-21.42418835,160.435,True,"[1.82380326, -3.15891992, 0.0, 1.82380326, 3.15891992, 0.0, 0.0, 0.0, 5.04261611]",4.0,1.2e-06,local
4612,mp-5910,slab,-23.65483553,125.607,True,"[2.23896751, -3.87800549, 0.0, 2.23896751, 3.87800549, 0.0, -0.0, -0.0, 8.23818272]",6.0,3.3333333333333334e-08,local
4613,mp-5921,slab,-113.45028048,310.023,True,"[5.98519395, 0.0, 0.0, 0.0, 5.98519395, 0.0, 0.0, 0.0, 5.98519395]",16.0,4.375e-08,local
4614,mp-592,slab,-18.56053363,39.122,True,"[3.0822493, 0.0, 0.0, 0.0, 3.0822493, 0.0, -0.0, -0.0, 3.0822493]",2.0,1e-07,local
4615,mp-5944,slab,-64.8921005,75.542,True,"[6.45185183, -0.0, 0.0, 0.0, 6.45185183, 0.0, -0.0, -0.0, 6.45185183]",12.0,1.5437805666666666,local
4616,mp-5967,slab,-83.93815637,214.591,True,"[5.89242941, 0.0, 0.0, 0.0, 5.89242941, 0.0, 0.0, 0.0, 5.89242941]",12.0,3.3333333333333334e-08,local
4617,mp-600124,slab,-76.8307977,225.865,True,"[5.90966651, 0.0, 0.0, 0.0, 5.90966651, 0.0, 0.0, 0.0, 5.90966651]",12.0,1.3332229083333331,local
4618,mp-600125,slab,-82.45726152,356.07,True,"[6.40563279, 0.0, 0.0, 0.0, 6.40563279, 0.0, 0.0, 0.0, 6.40563279]",16.0,6.25e-09,local
4619,mp-600561,slab,-9.51570486,45.73,True,"[1.33237464, -2.30774058, -0.0, 1.33237464, 2.30774058, -0.0, -0.0, -0.0, 4.36400083]",2.0,0.0015294,local
4620,mp-601285,slab,-47.95848925,469.777,True,"[3.99986297, -0.0, 0.0, 0.0, 3.99986297, 0.0, 0.0, -0.0, 6.11630297]",8.0,1.0400782875,local
4621,mp-601820,slab,-31.92549969,125.962,True,"[4.03097325, 0.0, 0.0, 0.0, 4.03097325, 0.0, 0.0, 0.0, 2.83339683]",4.0,2.323578425,local
4622,mp-602,slab,-36.06761135,514.577,True,"[1.77751818, -3.0787518, 0.0, 1.77751818, 3.0787518, -0.0, 0.0, -0.0, 14.76530749]",6.0,0.0,local
4623,mp-603347,slab,-28.14906964,1844.703,True,"[2.78018861, 0.0, 0.0, 0.0, 4.22457407, 0.0, -0.0, 0.0, 4.62136909]",4.0,5.5e-07,local
4624,mp-603,slab,-81.45413119,157.839,True,"[6.4035466, 0.0, 0.0, 0.0, 6.4035466, 0.0, 0.0, 0.0, 6.4035466]",24.0,8.333333333333334e-09,local
4625,mp-604516,slab,-60.61835695,1076.576,True,"[4.19905668, 0.0, 0.0, 0.0, 5.40603967, 0.0, 0.0, 0.0, 8.3385808]",10.0,0.0,local
4626,mp-604908,slab,-22.14241695,1041.195,True,"[3.63114083, 0.0, 0.0, 0.0, 3.63114083, 0.0, -0.0, 0.0, 5.70623601]",4.0,0.000276625,local
4627,mp-604910,slab,-26.31307422,349.171,True,"[3.60005336, -0.0, 0.0, 0.0, 3.60005336, 0.0, -0.0, -0.0, 6.26786072]",4.0,0.70178615,local
4628,mp-604914,slab,-27.21910893,743.487,True,"[3.62585571, -0.0, 0.0, 0.0, 3.62585571, 0.0, -0.0, -0.0, 6.52854021]",4.0,5e-08,local
4629,mp-604915,slab,-27.22636991,1490.075,True,"[3.51792864, -0.0, 0.0, 0.0, 3.51792864, 0.0, 0.0, -0.0, 6.52744994]",4.0,8.0625e-05,local
4630,mp-608,slab,-29.91780101,131.788,True,"[3.57242291, -0.0, 0.0, 0.0, 3.57242291, 0.0, -0.0, 0.0, 3.57242291]",4.0,0.002845525,local
4631,mp-610522,slab,-46.24242353,187.19,True,"[3.60952138, -0.0, 0.0, 0.0, 3.60952138, 0.0, 0.0, -0.0, 6.32308614]",6.0,1.6761896166666668,local
4632,mp-610,slab,-28.259429,79.391,True,"[1.82897048, -3.16786979, -0.0, 1.82897048, 3.16786979, 0.0, 0.0, 0.0, 5.48777651]",4.0,1.417785275,local
4633,mp-611,slab,-24.18934728,510.077,True,"[4.87149839, 0.0, 0.0, 0.0, 5.25336991, 0.0, 0.0, 0.0, 6.05876026]",8.0,9.25e-07,local
4634,mp-615,slab,-8.15430141,16.515,True,"[3.80127491, -0.0, 0.0, 0.0, 3.80127491, 0.0, 0.0, 0.0, 3.80127491]",2.0,9e-07,local
4635,mp-621131,slab,-25.84651866,35.003,True,"[4.09798926, 0.0, 0.0, 0.0, 4.09798926, 0.0, -0.0, 0.0, 4.09798926]",4.0,0.0671615,local
4636,mp-621348,slab,-72.0455684,227.881,True,"[6.66622609, -0.0, 0.0, 0.0, 6.66622609, 0.0, -0.0, 0.0, 6.66622609]",16.0,5.3125e-07,local
4637,mp-621592,slab,-61.26136305,202.613,True,"[6.82801177, 0.0, 0.0, 0.0, 6.82801177, 0.0, 0.0, 0.0, 6.82801177]",12.0,2.5e-08,local
4638,mp-622990,slab,-99.66772544,412.518,True,"[5.76702836, -0.0, 0.0, 0.0, 5.76702836, 0.0, 0.0, 0.0, 5.76702836]",16.0,1.1842777125,local
4639,mp-623134,slab,-77.83910724,220.479,True,"[6.44358414, 0.0, 0.0, 0.0, 6.44358414, 0.0, 0.0, 0.0, 6.44358414]",16.0,4.375e-08,local
4640,mp-623453,slab,-89.07506702,500.992,True,"[5.94271618, 0.0, 0.0, 0.0, 5.94271618, 0.0, 0.0, 0.0, 5.94271618]",16.0,0.99311256875,local
4641,mp-628773,slab,-32.34672402,1754.61,True,"[3.97813141, -0.0, 0.0, 0.0, 11.85007147, 0.0, -0.0, 0.0, 6.14210059]",8.0,0.0,local
4642,mp-628,slab,-99.54370868,2056.021,True,"[6.32434858, 0.0, 0.0, 0.0, 6.32434858, 0.0, 0.0, -0.0, 5.52508871]",12.0,0.0,local
4643,mp-632403,slab,-15.10081379,1081.234,True,"[0.0, 5.78522955, -0.02226011, 5.79241851, 0.0, 0.0, 0.0, -0.02195165, -5.80920156]",6.0,1.5e-07,local
4644,mp-632413,slab,-23.65679646,8187.021,True,"[0.0, 5.92333346, -0.08588459, 3.41909396, 0.0, 0.0, 0.0, 0.04635957, -6.061261]",6.0,0.0045365833333333,local
4645,mp-635,slab,-30.40634148,46.809,True,"[3.92757329, 0.0, 0.0, 0.0, 3.92757329, 0.0, 0.0, -0.0, 3.92757329]",4.0,0.0,local
4646,mp-636212,slab,-106.33713779,187.255,True,"[5.76655918, -0.0, 0.0, 0.0, 5.76655918, 0.0, -0.0, -0.0, 5.76655918]",16.0,1.50003169375,local
4647,mp-636320,slab,-114.73730287,421.774,True,"[5.83473839, 0.0, 0.0, 0.0, 5.83473839, 0.0, 0.0, 0.0, 5.83473839]",16.0,0.22773625625,local
4648,mp-636328,slab,-26.0513315,49.372,True,"[3.92238552, 0.0, 0.0, 0.0, 3.92238552, 0.0, -0.0, -0.0, 3.92238552]",4.0,2.75e-07,local
4649,mp-636331,slab,-34.05480711,52.221,True,"[3.83012923, -0.0, 0.0, 0.0, 3.83012923, 0.0, 0.0, 0.0, 3.83012923]",4.0,4e-07,local
4650,mp-636359,slab,-117.28793546,421.464,True,"[5.98258352, 0.0, 0.0, 0.0, 5.98258352, 0.0, 0.0, 0.0, 5.98258352]",16.0,0.22381610625,local
4651,mp-636599,slab,-122.04230075,497.002,True,"[6.23102105, 0.0, 0.0, 0.0, 6.23102105, 0.0, 0.0, 0.0, 6.23102105]",16.0,1.04064940625,local
4652,mp-636614,slab,-58.97205649,5836.753,True,"[4.54496294, 0.0, 0.0, 0.0, 16.82124214, 0.0, 0.0, 0.0, 4.54374077]",12.0,8.333333333333334e-09,local
4653,mp-637771,slab,-141.09870179,417.88,True,"[6.92939125, 0.0, 0.0, 0.0, 6.92939125, 0.0, 0.0, 0.0, 6.92939125]",24.0,3.125e-07,local
4654,mp-638,slab,-8.47801243,161.613,True,"[2.79911275, -4.8482055, 0.0, 2.79911275, 4.8482055, -0.0, -0.0, -0.0, 4.21379288]",6.0,3.3333333333333334e-08,local
4655,mp-639659,slab,-19.90916301,99.27,True,"[4.07889241, 0.0, 0.0, 0.0, 4.07889241, 0.0, 0.0, 0.0, 3.81279687]",4.0,7.5e-08,local
4656,mp-640024,slab,-100.40936129,471.867,True,"[6.28612751, 0.0, 0.0, 0.0, 6.28612751, 0.0, 0.0, 0.0, 6.28612751]",16.0,4.375e-08,local
4657,mp-644280,slab,-20.71486635,193.593,True,"[4.00506045, 0.0, 0.0, 0.0, 4.00506045, 0.0, 0.0, -0.0, 3.5872231]",4.0,0.0,local
4658,mp-644311,slab,-30.4406704,285.04,True,"[1.3709229, -2.37450811, 0.0, 1.3709229, 2.37450811, -0.0, 0.0, 0.0, 12.91210389]",6.0,0.0,local
4659,mp-644500,slab,-75.02813207,1082.594,True,"[7.82141135, 0.0, 0.0, 0.0, 7.82141135, 0.0, 0.0, 0.0, 7.82141135]",32.0,0.0,local
4660,mp-649,slab,-27.316481,41.883,True,"[3.90908745, 0.0, 0.0, 0.0, 3.90908745, 0.0, 0.0, 0.0, 3.90908745]",4.0,1.05628755,local
4661,mp-650,slab,-103.56651459,210.264,True,"[5.98936261, 0.0, 0.0, 0.0, 5.98936261, 0.0, 0.0, 0.0, 5.98936261]",24.0,4.166666666666667e-09,local
4662,mp-655344,slab,-32.21633827,2462.245,True,"[0.0, 23.97442528, -0.10991676, 4.40248793, 0.0, 0.0, 0.0, -0.76488421, -4.34641256]",8.0,0.0,local
4663,mp-662,slab,-18.90401421,91.095,True,"[1.85049791, -3.20515641, -0.0, 1.85049791, 3.20515641, -0.0, 0.0, -0.0, 5.23261512]",4.0,2.55e-06,local
4664,mp-665,slab,-11.87208934,1237.449,True,"[1.93430708, -3.35031813, 0.0, 1.93430708, 3.35031813, -0.0, -0.0, -0.0, 6.86005338]",3.0,0.0,local
4665,mp-669917,slab,-69.6504909,603.485,True,"[4.4936892, 0.0, 0.0, 0.0, 5.29181416, 0.0, 0.0, 0.0, 6.1668291]",8.0,1.25e-08,local
4666,mp-669918,slab,-57.92406382,405.465,True,"[4.0811434, -0.0, 0.0, 0.0, 4.0811434, 0.0, -0.0, -0.0, 7.39966503]",8.0,0.3077157875,local
4667,mp-670,slab,-198.16452696,752.133,True,"[6.71668416, -0.0, 0.0, 0.0, 6.71668416, 0.0, -0.0, -0.0, 6.71668416]",24.0,0.0839580291666666,local
4668,mp-672232,slab,-86.75125586,325.625,True,"[5.6729508, 0.0, 0.0, 0.0, 5.6729508, 0.0, 0.0, 0.0, 5.6729508]",16.0,6.25e-09,local
4669,mp-672259,slab,-127.6064099,340.022,True,"[5.84457368, -0.0, 0.0, 0.0, 5.84457368, 0.0, -0.0, -0.0, 5.84457368]",16.0,0.20351918125,local
4670,mp-672340,slab,-67.26139777,59.175,True,"[6.529924, 0.0, 0.0, 0.0, 6.529924, 0.0, 0.0, 0.0, 6.529924]",16.0,6.90875e-05,local
4671,mp-672371,slab,-42.31809507,431.755,True,"[4.29360707, 0.0, 0.0, 0.0, 4.54594662, 0.0, 0.0, 0.0, 5.32649811]",8.0,1.25e-08,local
4672,mp-672661,slab,-112.03123889,336.671,True,"[5.76385631, -0.0, 0.0, 0.0, 5.76385631, 0.0, -0.0, -0.0, 5.76385631]",16.0,1.55195606875,local
4673,mp-675022,slab,-52.69133915,368.969,True,"[4.03267558, -6.98479899, -0.0, 4.03267558, 6.98479899, 0.0, 0.0, 0.0, 9.96003389]",15.0,0.0,local
4674,mp-675543,slab,-85.29969623,1724.84,True,"[2.11569261, -3.66448709, 0.0, 2.11569261, 3.66448709, -0.0, -0.0, -0.0, 41.41197786]",21.0,1.4285714285714284e-08,local
4675,mp-675577,slab,-57.23415369,2505.478,True,"[6.31575908, -0.0, 0.0, 0.0, 6.31575908, 0.0, 0.0, -0.0, 12.60200228]",14.0,0.7135561857142857,local
4676,mp-675626,slab,-62.19133921,1542.472,True,"[5.63670878, 0.0, 0.0, 0.0, 5.63670878, 0.0, 0.0, 0.0, 11.20071887]",16.0,0.0,local
4677,mp-675902,slab,-22.09892705,401.339,True,"[2.05155677, -3.55340056, 0.0, 2.05155677, 3.55340056, -0.0, -0.0, -0.0, 6.44555627]",4.0,0.0,local
4678,mp-675929,slab,-41.98772673,10955.697,True,"[3.93489915, -0.02270634, -0.00832782, -1.2397031, 5.92816501, 0.13332235, -1.82640259, -0.3089602, 6.71982884]",7.0,0.2408046428571428,local
4679,mp-675,slab,-278.94879356,806.371,True,"[7.6589042, 0.0, 0.0, 0.0, 7.6589042, 0.0, 0.0, 0.0, 7.6589042]",24.0,0.0,local
4680,mp-676117,slab,-26.73608523,6960.319,True,"[4.23122483, 0.0, 0.0, 0.0, 4.23817344, 0.0, 0.0, -0.0, 5.93411737]",8.0,0.0,local
4681,mp-676241,slab,-33.22435523,28708.717,True,"[3.74022394, -0.06808614, 0.12853001, -1.80507977, 7.25190469, -0.52159394, -0.32625477, -1.42207509, 10.31282222]",8.0,1.249999475,local
4682,mp-676284,slab,-83.55953151,6948.804,True,"[0.0, 13.43785941, -0.0531792, 5.70594647, 0.0, 0.0, 0.0, -2.42100898, -5.16719149]",16.0,0.0,local
4683,mp-676398,slab,-59.33089302,2968.501,True,"[0.0, 7.1671415, 0.02902028, 7.14924615, 0.0, 0.0, 0.0, -3.47994034, -8.09213814]",14.0,0.5714290000000001,local
4684,mp-676682,slab,-57.15677272,1325.762,True,"[6.36205311, 0.0, 0.0, 0.0, 6.39831429, 0.0, -0.0, 0.0, 12.84721689]",16.0,0.0,local
4685,mp-677,slab,-16.77096816,452.414,True,"[5.14493355, 0.0, 0.0, 0.0, 8.13781067, 0.0, 0.0, 0.0, 8.60648431]",12.0,6.666666666666668e-08,local
4686,mp-685146,slab,-19.21397304,8435.345,True,"[4.69765059, 0.0, 0.0, 0.0, 8.06653121, 0.0, -0.0, -0.0, 7.67053028]",8.0,0.0,local
4687,mp-685155,slab,-125.09868087,6123.428,True,"[3.1250146, -5.41268431, 0.0, 3.12501482, 5.41268419, -0.0, -0.0, -0.0, 19.82526287]",24.0,0.2537013666666666,local
4688,mp-685956,slab,-59.484458,372.539,True,"[6.28777178, -0.0, 0.0, 0.0, 6.28777178, 0.0, -0.0, -0.0, 12.57080922]",16.0,3.75e-08,local
4689,mp-686712,slab,-108.36062156,12683.648,True,"[7.99043939, -0.0, 0.0, 0.0, 7.99279262, 0.0, -0.0, -0.0, 11.60815721]",32.0,0.0,local
4690,mp-686717,slab,-37.7016154,2369.111,True,"[3.49921434, 0.01967983, -0.02779411, -0.0321422, 6.12314174, -0.01123481, -1.68519788, -2.93601371, 5.52541112]",7.0,0.4949484285714285,local
4691,mp-6919,slab,-30.81771752,93.39,True,"[2.29475414, -3.97463076, 0.0, 2.29475414, 3.97463076, 0.0, 0.0, -0.0, 7.19400021]",6.0,6.666666666666668e-08,local
4692,mp-691,slab,-32.89319576,3794.485,True,"[4.20328347, -0.0, 0.0, 0.0, 4.58481083, 0.0, 0.0, -0.0, 11.7472679]",8.0,0.0,local
4693,mp-6938,slab,-9.09609271,28.452,True,"[3.02153389, 0.0, 0.0, 0.0, 3.02153389, 0.0, 0.0, 0.0, 3.02153389]",2.0,0.0,local
4694,mp-694,slab,-18.08780758,653.249,True,"[1.67586694, -2.90268668, 0.0, 1.67586694, 2.90268668, -0.0, -0.0, 0.0, 6.65119328]",3.0,0.2240469333333333,local
4695,mp-6954,slab,-22.8252667,102.178,True,"[2.28622016, -3.95984947, -0.0, 2.28622016, 3.95984947, 0.0, 0.0, -0.0, 8.43633504]",6.0,0.0,local
4696,mp-695850,slab,-15.37473884,3830.908,True,"[0.0, 6.76184964, 0.02279274, 3.90745, 0.0, 0.0, 0.0, -0.82564351, -6.40536357]",6.0,8.333333333333334e-08,local
4697,mp-695,slab,-182.63560988,916.532,True,"[6.63858649, -0.0, 0.0, 0.0, 6.63858649, 0.0, -0.0, -0.0, 6.63858649]",24.0,0.0022002958333333,local
4698,mp-696114,slab,-12.31917651,813.018,True,"[1.75993041, -3.04828889, -0.0, 1.75993041, 3.04828889, 0.0, -0.0, 0.0, 6.29045146]",3.0,1.0000322333333334,local
4699,mp-6961,slab,-48.17457174,317.004,True,"[4.70087187, 0.0, 0.0, 0.0, 4.70087187, 0.0, 0.0, 0.0, 11.00639515]",10.0,0.0,local
4700,mp-6962,slab,-50.8246047,159.001,True,"[4.52698943, 0.0, 0.0, 0.0, 4.52698943, 0.0, -0.0, 0.0, 10.67132658]",10.0,6e-08,local
4701,mp-6963,slab,-48.98195937,104.269,True,"[4.77502866, 0.0, 0.0, 0.0, 4.77502866, 0.0, 0.0, 0.0, 11.20839161]",10.0,1e-08,local
4702,mp-6969,slab,-54.0522357,125.656,True,"[3.83001201, 0.0, 0.0, 0.0, 3.83001201, 0.0, 0.0, 0.0, 10.09967514]",10.0,1e-08,local
4703,mp-696,slab,-51.43568884,199.862,True,"[3.62601853, 0.0, 0.0, 0.0, 5.6652667, 0.0, 0.0, 0.0, 5.98782068]",8.0,5e-08,local
4704,mp-7007,slab,-79.20228995,1555.001,True,"[3.47641367, -0.0, 0.0, 0.0, 6.01899711, 0.0, -0.0, -0.0, 24.63894799]",12.0,0.000483975,local
4705,mp-700,slab,-33.86837287,2664.643,True,"[3.86923524, 0.0, 0.0, 0.0, 4.56006667, 0.0, 0.0, 0.0, 11.15139722]",8.0,2.5e-08,local
4706,mp-7025,slab,-18.68785018,111.246,True,"[2.38715334, -4.13467087, -0.0, 2.38715334, 4.13467087, -0.0, 0.0, 0.0, 10.70422756]",6.0,1.6666666666666667e-08,local
4707,mp-7067,slab,-15.74142572,409.016,True,"[2.22716532, -3.85756349, 0.0, 2.22716532, 3.85756349, -0.0, -0.0, 0.0, 7.24196364]",5.0,0.0,local
4708,mp-7086,slab,-75.37505214,2265.975,True,"[0.0, 7.55615674, 0.00116332, 12.04814893, 0.0, 0.0, 0.0, -2.08692567, -5.25014306]",16.0,0.73410454375,local
4709,mp-7092,slab,-59.21134269,218.189,True,"[3.64882, 0.0, 0.0, 0.0, 5.01148305, 0.0, 0.0, 0.0, 6.53509265]",8.0,1.25e-08,local
4710,mp-712,slab,-10.66387792,40.665,True,"[3.48478283, 0.0, 0.0, 0.0, 3.48478283, 0.0, -0.0, -0.0, 3.48478283]",2.0,5.5e-07,local
4711,mp-715,slab,-226.47760913,399.419,True,"[7.42482469, -0.0, 0.0, 0.0, 7.42482469, 0.0, -0.0, -0.0, 7.42482469]",24.0,3.75e-08,local
4712,mp-7173,slab,-79.92256848,246.496,True,"[6.39174051, 0.0, 0.0, 0.0, 6.39174051, 0.0, 0.0, 0.0, 6.39174051]",12.0,0.0,local
4713,mp-7187,slab,-100.07833988,292.647,True,"[5.89994955, 0.0, 0.0, 0.0, 5.89994955, 0.0, 0.0, 0.0, 5.89994955]",16.0,1.0625e-07,local
4714,mp-7188,slab,-40.80706499,76.734,True,"[3.18443614, 0.0, 0.0, 0.0, 3.18443614, 0.0, 0.0, 0.0, 8.3404157]",6.0,0.0,local
4715,mp-7189,slab,-43.08100568,144.14,True,"[4.90412708, 0.0, 0.0, 0.0, 4.90412708, 0.0, 0.0, -0.0, 4.90412708]",8.0,0.0,local
4716,mp-718,slab,-21.51003675,41.52,True,"[4.03877627, 0.0, 0.0, 0.0, 4.03877627, 0.0, 0.0, 0.0, 4.03877627]",4.0,4.5e-07,local
4717,mp-7192,slab,-37.96679673,115.67,True,"[4.2310093, 0.0, 0.0, 0.0, 4.2310093, 0.0, 0.0, 0.0, 7.85809141]",6.0,0.1017663999999999,local
4718,mp-7226,slab,-66.12692339,205.968,True,"[4.66889817, 0.0, 0.0, 0.0, 4.66889817, 0.0, 0.0, 0.0, 4.66889817]",8.0,2.375e-07,local
4719,mp-7243,slab,-75.1022107,220.938,True,"[6.34704654, 0.0, 0.0, 0.0, 6.34704654, 0.0, 0.0, 0.0, 6.34704654]",16.0,2.5625e-07,local
4720,mp-726265,slab,-5.12357691,14.755,True,"[3.42265661, -0.0, 0.0, 0.0, 3.42265661, 0.0, -0.0, -0.0, 3.42265661]",2.0,1.2e-06,local
4721,mp-728,slab,-10.16918427,42.006,True,"[2.12102913, -3.67373021, 0.0, 2.12102913, 3.67373021, 0.0, 0.0, 0.0, 2.72598044]",3.0,0.0,local
4722,mp-729,slab,-70.74647071,104.493,True,"[4.50434336, 0.0, 0.0, 0.0, 4.50434336, 0.0, 0.0, 0.0, 4.50434336]",8.0,1.25e-07,local
4723,mp-730208,slab,-20.34786347,204.54,True,"[2.90367693, -5.02931598, 0.0, 2.90367693, 5.02931598, 0.0, -0.0, -0.0, 14.2546645]",9.0,0.0,local
4724,mp-7359,slab,-23.34494017,84.903,True,"[2.33291547, -4.04072812, 0.0, 2.33291547, 4.04072812, -0.0, -0.0, -0.0, 9.11541252]",6.0,1.6666666666666667e-08,local
4725,mp-7361,slab,-53.68115699,1495.46,True,"[4.02137345, -0.0, 0.0, 0.0, 4.02137345, 0.0, -0.0, -0.0, 11.00572667]",10.0,3e-07,local
4726,mp-7363,slab,-29.41798882,544.464,True,"[4.4382179, 0.0, 0.0, 0.0, 4.4382179, 0.0, 0.0, 0.0, 10.68905198]",10.0,2e-08,local
4727,mp-7364,slab,-43.36554104,305.441,True,"[4.36818269, -0.0, 0.0, 0.0, 4.36818269, 0.0, 0.0, 0.0, 10.08723909]",10.0,1e-08,local
4728,mp-7365,slab,-42.87416626,348.59,True,"[4.47238362, -0.0, 0.0, 0.0, 4.47238362, 0.0, 0.0, 0.0, 10.15852592]",10.0,1e-08,local
4729,mp-7366,slab,-33.1215527,322.968,True,"[4.74679851, 0.0, 0.0, 0.0, 4.74679851, 0.0, 0.0, 0.0, 11.73846031]",10.0,0.0,local
4730,mp-7392,slab,-43.8572105,676.384,True,"[7.91664873, 0.0, 0.0, 0.0, 9.32246584, 0.0, 0.0, 0.0, 5.80766577]",16.0,5.625e-08,local
4731,mp-7421,slab,-16.52576207,146.29,True,"[2.13471513, -3.69743506, -0.0, 2.13471513, 3.69743506, 0.0, 0.0, 0.0, 10.40783075]",6.0,0.0,local
4732,mp-7429,slab,-14.66789823,120.109,True,"[2.24834155, -3.89424179, -0.0, 2.24834155, 3.89424179, 0.0, 0.0, -0.0, 7.48968765]",5.0,0.0,local
4733,mp-742,slab,-39.52091038,274.67,True,"[2.94144211, -0.0, 0.0, 0.0, 2.94144211, 0.0, 0.0, 0.0, 10.7188906]",6.0,0.0,local
4734,mp-7430,slab,-14.02460806,259.703,True,"[2.36282179, -4.09252739, -0.0, 2.36282179, 4.09252739, 0.0, -0.0, -0.0, 7.66016374]",5.0,0.0,local
4735,mp-7431,slab,-14.55055936,171.168,True,"[2.28146402, -3.95161159, -0.0, 2.28146402, 3.95161159, 0.0, 0.0, -0.0, 7.770547]",5.0,0.0,local
4736,mp-7432,slab,-13.98384392,138.271,True,"[2.39831949, -4.1540112, 0.0, 2.39831949, 4.1540112, -0.0, 0.0, 0.0, 7.89915709]",5.0,0.0,local
4737,mp-7433,slab,-20.69825528,279.452,True,"[4.10260232, 0.0, 0.0, 0.0, 4.10260232, 0.0, 0.0, 0.0, 6.88999033]",6.0,0.0,local
4738,mp-7434,slab,-19.26900813,356.577,True,"[4.40278245, 0.0, 0.0, 0.0, 4.40278245, 0.0, 0.0, 0.0, 7.15137238]",6.0,0.0,local
4739,mp-7435,slab,-20.69582894,250.428,True,"[2.09998016, -3.63727233, 0.0, 2.09998016, 3.63727233, -0.0, -0.0, -0.0, 9.85793958]",6.0,0.0,local
4740,mp-7436,slab,-19.43886024,169.788,True,"[2.24046254, -3.88059495, -0.0, 2.24046254, 3.88059495, 0.0, 0.0, 0.0, 10.224851]",6.0,0.0,local
4741,mp-7438,slab,-15.03939166,151.972,True,"[2.28843986, -3.9636941, -0.0, 2.28843986, 3.9636941, 0.0, 0.0, -0.0, 10.74728946]",6.0,0.0,local
4742,mp-7443,slab,-98.40541654,834.192,True,"[0.0, 13.6873918, -0.0053161, 3.52528471, 0.0, 0.0, 0.0, -2.76454226, -5.74214757]",14.0,0.4496753571428571,local
4743,mp-7473,slab,-62.80242511,129.12,True,"[5.76282704, 0.0, 0.0, 0.0, 5.76282704, 0.0, 0.0, 0.0, 5.76282704]",16.0,6.25e-08,local
4744,mp-7474,slab,-24.16555198,133.708,True,"[3.82094974, 0.0, 0.0, 0.0, 3.82094974, 0.0, 0.0, 0.0, 5.95131748]",6.0,1.6666666666666667e-08,local
4745,mp-747,slab,-129.91289755,426.372,True,"[8.06605939, 0.0, 0.0, 0.0, 8.06605939, 0.0, 0.0, 0.0, 8.06605939]",24.0,2.666666666666667e-07,local
4746,mp-753490,slab,-68.41427603,700.551,True,"[3.77753419, 0.0, 0.0, 0.0, 9.15639948, 0.0, 0.0, 0.0, 5.14629328]",12.0,8.333333333333334e-09,local
4747,mp-7547,slab,-52.31245348,1597.501,True,"[0.0, 9.75359868, 0.02525251, 5.02788931, 0.0, 0.0, 0.0, -4.3818833, -8.4220546]",12.0,1.6666666666666667e-08,local
4748,mp-7548,slab,-33.1293519,258.417,True,"[7.42063904, 0.0, 0.0, 0.0, 7.42063904, 0.0, 0.0, 0.0, 4.30077215]",8.0,0.0,local
4749,mp-755328,slab,-139.94381568,3532.233,True,"[5.71128049, 0.0, 0.0, 0.0, 9.69767846, 0.0, 0.0, 0.0, 10.02691572]",24.0,4.166666666666667e-09,local
4750,mp-755435,slab,-30.88624885,762.623,True,"[7.80661575, 0.0, 0.0, 0.0, 7.80661575, 0.0, 0.0, 0.0, 5.4773852]",12.0,1.5833333333333333e-07,local
4751,mp-7565,slab,-54.32591638,1287.659,True,"[3.86387436, -0.0, 0.0, 0.0, 5.89031415, 0.0, 0.0, -0.0, 6.60741481]",8.0,0.0,local
4752,mp-7576,slab,-62.12011911,292.125,True,"[4.59000754, -0.0, 0.0, 0.0, 4.59000754, 0.0, 0.0, -0.0, 4.59000754]",8.0,0.0028998375,local
4753,mp-7577,slab,-54.74515999,193.339,True,"[4.42957562, 0.0, 0.0, 0.0, 4.42957562, 0.0, 0.0, 0.0, 4.42957562]",8.0,0.0,local
4754,mp-7581,slab,-59.95027659,1569.707,True,"[1.66065734, -2.87634289, 0.0, 1.66065734, 2.87634289, -0.0, -0.0, -0.0, 21.43112791]",9.0,1.111111111111111e-08,local
4755,mp-7597,slab,-59.44175557,1271.74,True,"[1.73687981, -3.00836408, -0.0, 1.73687981, 3.00836408, -0.0, -0.0, -0.0, 20.44093707]",9.0,0.0691730555555555,local
4756,mp-7598,slab,-84.68689366,788.424,True,"[0.0, 9.43786742, -0.0117623, 3.41096762, 0.0, 0.0, 0.0, -3.87656876, -6.85067301]",12.0,0.0,local
4757,mp-760385,slab,-30.60319351,743.388,True,"[7.44499386, -0.0, 0.0, 0.0, 7.44499386, 0.0, 0.0, -0.0, 5.48040591]",12.0,1.6666666666666667e-08,local
4758,mp-760,slab,-32.58817563,511.937,True,"[3.59451156, 0.0, 0.0, 0.0, 4.80819434, 0.0, 0.0, 0.0, 5.77895926]",6.0,0.0,local
4759,mp-7642,slab,-44.44705462,1106.895,True,"[7.97043213, 0.0, 0.0, 0.0, 10.14114015, 0.0, 0.0, 0.0, 6.10921623]",16.0,2.5e-08,local
4760,mp-7643,slab,-42.4630207,1372.74,True,"[8.36506955, 0.0, 0.0, 0.0, 10.61134416, 0.0, 0.0, 0.0, 6.35713441]",16.0,0.0,local
4761,mp-766,slab,-39.43908348,269.197,True,"[3.01222633, 0.0, 0.0, 0.0, 5.48562018, 0.0, 0.0, 0.0, 6.24088164]",6.0,0.0,local
4762,mp-7684,slab,-72.23260346,2589.025,True,"[5.11463187, -8.85880227, 0.0, 5.11463187, 8.85880227, 0.0, -0.0, 0.0, 7.21504151]",21.0,9.523809523809524e-09,local
4763,mp-7707,slab,-68.89367058,404.022,True,"[3.77744368, 0.0, 0.0, 0.0, 3.77744368, 0.0, 0.0, 0.0, 9.70951398]",10.0,3e-08,local
4764,mp-771,slab,-13.26031769,133.256,True,"[2.74706864, 0.0, 0.0, 0.0, 2.74706864, 0.0, 0.0, 0.0, 3.50514741]",2.0,1.1770351,local
4765,mp-774,slab,-29.93830614,189.836,True,"[2.46986885, -4.27793834, -0.0, 2.46986885, 4.27793834, 0.0, 0.0, -0.0, 3.93610362]",6.0,0.36853675,local
4766,mp-7753,slab,-19.06187438,23.263,True,"[3.96701564, 0.0, 0.0, 0.0, 3.96701564, 0.0, -0.0, -0.0, 3.96701564]",4.0,1.045e-05,local
4767,mp-7754,slab,-21.29931188,49.962,True,"[2.87563998, 0.0, 0.0, 0.0, 2.87563998, 0.0, 0.0, 0.0, 5.26169538]",3.0,0.0,local
4768,mp-7770,slab,-16.52454137,73.067,True,"[2.12884672, -3.68727068, 0.0, 2.12884672, 3.68727068, 0.0, -0.0, -0.0, 7.3295754]",5.0,0.0,local
4769,mp-7771,slab,-15.6301111,87.496,True,"[2.26091058, -3.91601199, -0.0, 2.26091058, 3.91601199, 0.0, 0.0, -0.0, 7.50788304]",5.0,0.0,local
4770,mp-7773,slab,-50.06611068,907.363,True,"[7.14438437, 0.0, 0.0, 0.0, 8.93552162, 0.0, 0.0, 0.0, 5.82501063]",16.0,6.25e-09,local
4771,mp-7774,slab,-47.38485492,754.934,True,"[7.58469967, 0.0, 0.0, 0.0, 9.36086743, 0.0, 0.0, 0.0, 5.9307666]",16.0,5e-08,local
4772,mp-7821,slab,-26.26438198,32.695,True,"[2.06948955, -3.58446104, -0.0, 2.06948955, 3.58446104, 0.0, 0.0, 0.0, 5.58908869]",4.0,0.71850375,local
4773,mp-7823,slab,-83.24722429,1908.056,True,"[0.0, 12.95358367, 0.00291721, 3.39111473, 0.0, 0.0, 0.0, -2.78986466, -5.51433042]",14.0,2.7142857142857145e-07,local
4774,mp-782,slab,-12.4989171,105.974,True,"[2.05069212, -3.55190294, -0.0, 2.05069212, 3.55190294, 0.0, -0.0, -0.0, 5.20908275]",3.0,0.0,local
4775,mp-7834,slab,-63.77500351,499.132,True,"[1.73737108, -3.00921498, -0.0, 1.73737108, 3.00921498, -0.0, -0.0, -0.0, 20.84738891]",9.0,2.855555555555556e-05,local
4776,mp-784630,slab,-44.2674659,678.997,True,"[2.62275921, 0.0, 0.0, 0.0, 3.66627555, 0.0, 0.0, 0.0, 7.71483625]",6.0,0.0,local
4777,mp-784631,slab,-41.04539303,679.565,True,"[2.47534462, 0.0, 0.0, 0.0, 3.56852134, 0.0, 0.0, 0.0, 7.41876004]",6.0,0.0,local
4778,mp-786,slab,-26.3658847,81.038,True,"[2.04372706, -3.53983911, -0.0, 2.04372706, 3.53983911, 0.0, -0.0, 0.0, 5.59921696]",4.0,1.57718945,local
4779,mp-7877,slab,-43.43928214,358.098,True,"[4.20314106, -0.0, 0.0, 0.0, 4.20314106, 0.0, 0.0, 0.0, 9.96503228]",10.0,0.0,local
4780,mp-7878,slab,-35.85949823,379.754,True,"[4.36271379, 0.0, 0.0, 0.0, 4.36271379, 0.0, 0.0, 0.0, 10.99400519]",10.0,0.0,local
4781,mp-7879,slab,-35.66513178,1033.227,True,"[4.52074255, -0.0, 0.0, 0.0, 4.52074255, 0.0, 0.0, 0.0, 10.82101738]",10.0,0.0,local
4782,mp-7880,slab,-38.85482228,489.834,True,"[4.41439707, 0.0, 0.0, 0.0, 4.41439707, 0.0, 0.0, -0.0, 10.52818297]",10.0,0.0,local
4783,mp-7881,slab,-27.44237524,368.87,True,"[4.57950654, 0.0, 0.0, 0.0, 4.57950654, 0.0, 0.0, 0.0, 11.82307179]",10.0,1e-08,local
4784,mp-7882,slab,-34.0834195,220.882,True,"[4.88887534, 0.0, 0.0, 0.0, 4.88887534, 0.0, 0.0, 0.0, 11.61335784]",10.0,2e-08,local
4785,mp-7883,slab,-39.25346777,746.731,True,"[4.51104238, 0.0, 0.0, 0.0, 4.51104238, 0.0, -0.0, 0.0, 10.35863165]",10.0,1e-08,local
4786,mp-788,slab,-20.55727492,41.575,True,"[1.95377111, -3.38403083, -0.0, 1.95377111, 3.38403083, -0.0, 0.0, 0.0, 5.2915343]",4.0,5.5e-06,local
4787,mp-7907,slab,-56.85952785,205.837,True,"[5.62312834, 0.0, 0.0, -0.0, 5.62312834, 0.0, 0.0, 0.0, 11.01785164]",14.0,7.142857142857142e-09,local
4788,mp-7908,slab,-48.81063426,357.519,True,"[6.08639743, 0.0, 0.0, -0.0, 6.08639743, 0.0, 0.0, 0.0, 12.00928924]",14.0,0.0,local
4789,mp-7909,slab,-48.13785136,336.8,True,"[6.29220273, -0.0, 0.0, 0.0, 6.29220273, 0.0, 0.0, 0.0, 11.96960169]",14.0,0.0,local
4790,mp-7917,slab,-41.49266795,469.738,True,"[3.72603176, 0.0, 0.0, 0.0, 3.72603176, 0.0, 0.0, 0.0, 8.22293175]",6.0,1.6666666666666667e-08,local
4791,mp-7939,slab,-45.22616403,508.913,True,"[1.78764898, -3.09629887, -0.0, 1.78764898, 3.09629887, 0.0, -0.0, 0.0, 14.98246099]",8.0,0.0,local
4792,mp-7940,slab,-44.53853368,193.924,True,"[1.81367994, -3.14138581, -0.0, 1.81367994, 3.14138581, 0.0, -0.0, 0.0, 16.34422502]",8.0,0.0,local
4793,mp-7948,slab,-73.66582144,75.943,True,"[4.80199749, 0.0, 0.0, 0.0, 4.80199749, 0.0, -0.0, 0.0, 4.80199749]",8.0,1.25e-08,local
4794,mp-794,slab,-25.44335998,49.466,True,"[2.06474538, -3.5762439, 0.0, 2.06474538, 3.5762439, -0.0, -0.0, 0.0, 6.3066652]",4.0,1.95634765,local
4795,mp-796,slab,-70.25019944,80.19,True,"[5.19382055, -0.0, 0.0, 0.0, 5.19382055, 0.0, -0.0, -0.0, 5.19382055]",8.0,1.7375e-06,local
4796,mp-8016,slab,-68.00714904,358.255,True,"[5.64562116, 0.0, 0.0, 0.0, 5.64562116, 0.0, 0.0, 0.0, 11.1630637]",16.0,0.0,local
4797,mp-8017,slab,-60.51915964,469.145,True,"[6.09274911, 0.0, 0.0, 0.0, 6.09274911, 0.0, 0.0, 0.0, 12.11978474]",16.0,0.0,local
4798,mp-801,slab,-88.13595385,66.059,True,"[4.99154172, 0.0, 0.0, 0.0, 4.99154172, 0.0, 0.0, 0.0, 4.99154172]",8.0,6.25e-08,local
4799,mp-8053,slab,-55.48160932,1469.97,True,"[4.03492528, -0.0, 0.0, 0.0, 10.25751806, 0.0, -0.0, -0.0, 3.88173109]",8.0,0.0001776625,local
4800,mp-8093,slab,-10.5325778,1532.867,True,"[4.32352725, 0.0, 0.0, 0.0, 4.32352725, 0.0, 0.0, 0.0, 15.19175742]",6.0,2.033333333333333e-06,local
4801,mp-810,slab,-20.30559904,56.464,True,"[1.98626118, -3.44030528, -0.0, 1.98626118, 3.44030528, 0.0, 0.0, -0.0, 5.17001413]",4.0,2.25e-07,local
4802,mp-811,slab,-35.23587235,91.3,True,"[2.812581, -4.87153319, 0.0, 2.812581, 4.87153319, -0.0, -0.0, 0.0, 4.346467]",6.0,1.6666666666666667e-08,local
4803,mp-8126,slab,-35.29992542,308.428,True,"[2.0702361, -3.5857541, 0.0, 2.0702361, 3.5857541, 0.0, -0.0, 0.0, 7.56733072]",6.0,0.0,local
4804,mp-813,slab,-121.53395446,174.265,True,"[7.58790204, 0.0, 0.0, 0.0, 7.58790204, 0.0, 0.0, 0.0, 7.58790204]",24.0,7.916666666666668e-08,local
4805,mp-8150,slab,-14.42138821,147.898,True,"[2.4370871, -4.22115868, -0.0, 2.4370871, 4.22115868, -0.0, -0.0, -0.0, 8.15978534]",5.0,0.0,local
4806,mp-815,slab,-20.46137631,80.225,True,"[3.58482021, 0.0, 0.0, 0.0, 3.58482021, 0.0, 0.0, 0.0, 3.58482021]",4.0,0.199996925,local
4807,mp-818,slab,-57.26488402,191.515,True,"[3.10342285, 0.0, 0.0, 0.0, 5.58004626, 0.0, 0.0, 0.0, 6.42684217]",8.0,0.0,local
4808,mp-819,slab,-234.3594272,599.174,True,"[7.08333516, 0.0, 0.0, 0.0, 7.08333516, 0.0, 0.0, 0.0, 7.08333516]",24.0,1.25e-08,local
4809,mp-8237,slab,-25.43696028,249.261,True,"[4.41713233, 0.0, 0.0, 0.0, 4.41713233, 0.0, 0.0, -0.0, 5.80207437]",5.0,0.0,local
4810,mp-823,slab,-15.65062718,55.469,True,"[2.97618579, 0.0, 0.0, 0.0, 2.97618579, 0.0, -0.0, 0.0, 2.97618579]",2.0,0.35884665,local
4811,mp-8281,slab,-15.9379889,175.103,True,"[2.29988517, -3.98351796, 0.0, 2.29988517, 3.98351796, -0.0, -0.0, 0.0, 7.78698682]",5.0,6e-08,local
4812,mp-828,slab,-23.67602658,47.444,True,"[3.50637694, 0.0, 0.0, 0.0, 3.50637694, 0.0, 0.0, 0.0, 3.50637694]",4.0,2.5e-07,local
4813,mp-829,slab,-10.69386046,14.544,True,"[3.07890459, -0.0, 0.0, 0.0, 3.07890459, 0.0, 0.0, -0.0, 3.07890459]",2.0,3.7e-06,local
4814,mp-833,slab,-115.61333294,515.921,True,"[7.73755662, 0.0, 0.0, 0.0, 7.73755662, 0.0, 0.0, 0.0, 7.73755662]",24.0,7.916666666666668e-08,local
4815,mp-838,slab,-59.13155763,117.697,True,"[6.16605, 0.0, 0.0, 0.0, 6.16605, 0.0, 0.0, 0.0, 6.16605]",16.0,1.734375e-05,local
4816,mp-839,slab,-60.83231982,107.233,True,"[4.87168832, 0.0, 0.0, 0.0, 4.87168832, 0.0, 0.0, 0.0, 4.87168832]",8.0,0.176572325,local
4817,mp-8411,slab,-46.31717948,791.405,True,"[7.41801924, 0.0, 0.0, 0.0, 8.91742811, 0.0, 0.0, 0.0, 5.6825638]",16.0,1.3125e-07,local
4818,mp-8426,slab,-35.62819709,229.943,True,"[7.74906205, 0.0, 0.0, 0.0, 7.74906205, 0.0, 0.0, 0.0, 7.74906205]",12.0,1.4166666666666667e-06,local
4819,mp-842,slab,-135.41722191,500.855,True,"[7.70839627, 0.0, 0.0, 0.0, 7.70839627, 0.0, 0.0, 0.0, 7.70839627]",24.0,3.166666666666667e-07,local
4820,mp-8456,slab,-30.90294347,83.477,True,"[2.14683307, -3.71842396, -0.0, 2.14683307, 3.71842396, 0.0, 0.0, -0.0, 9.10222304]",6.0,0.0,local
4821,mp-850,slab,-149.96341087,518.079,True,"[6.91601073, 0.0, 0.0, 0.0, 6.91601073, 0.0, 0.0, 0.0, 6.91601073]",24.0,2.7916666666666666e-07,local
4822,mp-8605,slab,-14.71713158,79.646,True,"[2.27497272, -3.94036834, 0.0, 2.27497272, 3.94036834, -0.0, 0.0, 0.0, 4.6275315]",3.0,0.0,local
4823,mp-8606,slab,-14.95274987,48.697,True,"[2.29953682, -3.98291461, -0.0, 2.29953682, 3.98291461, 0.0, -0.0, 0.0, 4.99352713]",3.0,0.0,local
4824,mp-8607,slab,-75.50252669,1707.16,True,"[2.14675804, -3.718294, 0.0, 2.14675804, 3.718294, -0.0, 0.0, -0.0, 25.54171777]",21.0,0.0,local
4825,mp-8608,slab,-79.65300185,7601.095,True,"[2.0708866, -3.5868808, 0.0, 2.0708866, 3.5868808, -0.0, 0.0, -0.0, 26.21548066]",21.0,0.0,local
4826,mp-8612,slab,-58.65554487,198.056,True,"[2.07936206, -3.60156074, -0.0, 2.07936206, 3.60156074, 0.0, 0.0, 0.0, 30.44901825]",15.0,2e-08,local
4827,mp-861507,slab,-126.63272354,314.526,True,"[6.24271738, 0.0, 0.0, 0.0, 6.24271738, 0.0, 0.0, 0.0, 6.24271738]",16.0,2.5e-08,local
4828,mp-861616,slab,-103.6073952,95.353,True,"[6.54603812, 0.0, 0.0, 0.0, 6.54603812, 0.0, -0.0, 0.0, 6.54603812]",16.0,3.9375e-07,local
4829,mp-861619,slab,-96.35254747,402.852,True,"[6.25948794, 0.0, 0.0, 0.0, 6.25948794, 0.0, 0.0, 0.0, 6.25948794]",16.0,6.25e-09,local
4830,mp-861625,slab,-36.87325283,220.727,True,"[6.32870936, 0.0, 0.0, 0.0, 6.32870936, 0.0, 0.0, 0.0, 6.32870936]",16.0,2.0625e-07,local
4831,mp-861627,slab,-126.3995255,307.366,True,"[6.35313923, 0.0, 0.0, 0.0, 6.35313923, 0.0, -0.0, -0.0, 6.35313923]",16.0,1.0625e-07,local
4832,mp-861629,slab,-91.03655136,230.062,True,"[6.11355489, 0.0, 0.0, 0.0, 6.11355489, 0.0, 0.0, 0.0, 6.11355489]",16.0,1.142513225,local
4833,mp-861639,slab,-136.62184588,629.255,True,"[6.1233938, -0.0, 0.0, 0.0, 6.1233938, 0.0, 0.0, 0.0, 6.1233938]",16.0,0.38138314375,local
4834,mp-861640,slab,-134.31456215,403.643,True,"[6.28473661, 0.0, 0.0, 0.0, 6.28473661, 0.0, 0.0, 0.0, 6.28473661]",16.0,1.5e-07,local
4835,mp-861641,slab,-147.58200266,223.639,True,"[6.0955285, 0.0, 0.0, 0.0, 6.0955285, 0.0, 0.0, 0.0, 6.0955285]",16.0,0.00288553125,local
4836,mp-861651,slab,-56.44524373,266.664,True,"[6.41438062, 0.0, 0.0, 0.0, 6.41438062, 0.0, 0.0, -0.0, 6.41438062]",16.0,8.75e-08,local
4837,mp-861656,slab,-145.16112214,296.673,True,"[6.13647852, -0.0, 0.0, 0.0, 6.13647852, 0.0, -0.0, -0.0, 6.13647852]",16.0,0.17412156875,local
4838,mp-861658,slab,-100.0642069,350.892,True,"[6.08244677, 0.0, 0.0, 0.0, 6.08244677, 0.0, 0.0, 0.0, 6.08244677]",16.0,1.1151197125,local
4839,mp-861662,slab,-108.6525919,266.498,True,"[6.66854872, -0.0, 0.0, 0.0, 6.66854872, 0.0, -0.0, -0.0, 6.66854872]",16.0,1.25e-07,local
4840,mp-861663,slab,-83.37843821,315.398,True,"[6.32124788, 0.0, 0.0, 0.0, 6.32124788, 0.0, 0.0, 0.0, 6.32124788]",16.0,1.25e-08,local
4841,mp-861666,slab,-134.02424512,572.932,True,"[6.03489876, 0.0, 0.0, 0.0, 6.03489876, 0.0, 0.0, 0.0, 6.03489876]",16.0,1.875e-08,local
4842,mp-861667,slab,-91.44925228,288.887,True,"[6.18688899, 0.0, 0.0, 0.0, 6.18688899, 0.0, 0.0, 0.0, 6.18688899]",16.0,4.5e-07,local
4843,mp-861672,slab,-141.77535188,299.701,True,"[6.10891372, -0.0, 0.0, 0.0, 6.10891372, 0.0, -0.0, -0.0, 6.10891372]",16.0,0.20995635625,local
4844,mp-861725,slab,-56.18376423,340.549,True,"[6.74006068, 0.0, 0.0, 0.0, 6.74006068, 0.0, 0.0, 0.0, 6.74006068]",16.0,0.0,local
4845,mp-861733,slab,-70.04599135,105.636,True,"[6.44505226, 0.0, 0.0, 0.0, 6.44505226, 0.0, 0.0, 0.0, 6.44505226]",16.0,1.25e-08,local
4846,mp-861736,slab,-75.69664911,184.391,True,"[6.3698429, 0.0, 0.0, 0.0, 6.3698429, 0.0, 0.0, -0.0, 6.3698429]",16.0,0.0,local
4847,mp-861875,slab,-140.02434005,159.021,True,"[6.56066811, 0.0, 0.0, 0.0, 6.56066811, 0.0, 0.0, 0.0, 6.56066811]",16.0,9.875e-07,local
4848,mp-861877,slab,-81.50013164,156.087,True,"[6.46026158, 0.0, 0.0, 0.0, 6.46026158, 0.0, 0.0, 0.0, 6.46026158]",16.0,3.75e-08,local
4849,mp-861878,slab,-46.99297799,167.911,True,"[6.60353268, 0.0, 0.0, 0.0, 6.60353268, 0.0, 0.0, 0.0, 6.60353268]",16.0,6.25e-09,local
4850,mp-861881,slab,-56.63957857,189.188,True,"[6.45852373, 0.0, 0.0, 0.0, 6.45852373, 0.0, 0.0, 0.0, 6.45852373]",16.0,4.375e-08,local
4851,mp-861882,slab,-102.8485455,213.73,True,"[5.93473504, 0.0, 0.0, 0.0, 5.93473504, 0.0, 0.0, 0.0, 5.93473504]",16.0,8.125e-08,local
4852,mp-861900,slab,-51.96990565,452.29,True,"[6.35556256, 0.0, 0.0, 0.0, 6.35556256, 0.0, 0.0, 0.0, 6.35556256]",16.0,2.3125e-07,local
4853,mp-861901,slab,-52.35472135,280.783,True,"[5.91062418, 0.0, 0.0, 0.0, 5.91062418, 0.0, 0.0, 0.0, 5.91062418]",16.0,9.375e-08,local
4854,mp-861903,slab,-85.45107018,333.543,True,"[6.34588526, 0.0, 0.0, 0.0, 6.34588526, 0.0, 0.0, 0.0, 6.34588526]",16.0,0.0,local
4855,mp-861905,slab,-71.84073462,193.024,True,"[6.56220682, 0.0, 0.0, 0.0, 6.56220682, 0.0, 0.0, 0.0, 6.56220682]",16.0,5e-08,local
4856,mp-861908,slab,-161.0205888,392.209,True,"[6.25875209, 0.0, 0.0, 0.0, 6.25875209, 0.0, 0.0, 0.0, 6.25875209]",16.0,8.125e-08,local
4857,mp-861909,slab,-78.22756424,519.691,True,"[6.27161161, 0.0, 0.0, 0.0, 6.27161161, 0.0, 0.0, 0.0, 6.27161161]",16.0,5.625e-08,local
4858,mp-861918,slab,-66.58124801,240.643,True,"[7.13753856, 0.0, 0.0, 0.0, 7.13753856, 0.0, 0.0, 0.0, 7.13753856]",16.0,0.1058438625,local
4859,mp-861930,slab,-59.76350337,380.921,True,"[6.38967957, 0.0, 0.0, 0.0, 6.38967957, 0.0, 0.0, 0.0, 6.38967957]",16.0,6.875e-08,local
4860,mp-861931,slab,-21.89548594,25.08,True,"[3.87947276, 0.0, 0.0, 0.0, 3.87947276, 0.0, 0.0, 0.0, 3.87947276]",4.0,8.05e-06,local
4861,mp-861932,slab,-44.68108922,235.183,True,"[6.29231708, 0.0, 0.0, 0.0, 6.29231708, 0.0, 0.0, 0.0, 6.29231708]",16.0,1.3125e-07,local
4862,mp-861935,slab,-89.47067564,247.925,True,"[6.59795679, 0.0, 0.0, 0.0, 6.59795679, 0.0, 0.0, 0.0, 6.59795679]",16.0,6.25e-09,local
4863,mp-861936,slab,-18.63439012,22.635,True,"[3.88396066, -0.0, 0.0, 0.0, 3.88396066, 0.0, 0.0, 0.0, 3.88396066]",4.0,6.25e-07,local
4864,mp-861937,slab,-61.95495216,583.016,True,"[8.08106298, 0.0, 0.0, 0.0, 8.08106298, 0.0, 0.0, 0.0, 8.08106298]",16.0,0.0,local
4865,mp-861940,slab,-42.88360666,299.932,True,"[7.69119888, 0.0, 0.0, 0.0, 7.69119888, 0.0, -0.0, 0.0, 7.69119888]",16.0,3.125e-08,local
4866,mp-861950,slab,-59.55590028,403.994,True,"[7.53205986, 0.0, 0.0, 0.0, 7.53205986, 0.0, 0.0, 0.0, 7.53205986]",16.0,0.0,local
4867,mp-861951,slab,-121.63684591,267.953,True,"[6.12569783, 0.0, 0.0, 0.0, 6.12569783, 0.0, 0.0, 0.0, 6.12569783]",16.0,1.875e-08,local
4868,mp-861953,slab,-115.40558177,289.533,True,"[6.00677229, 0.0, 0.0, 0.0, 6.00677229, 0.0, 0.0, 0.0, 6.00677229]",16.0,1.0663933875,local
4869,mp-861954,slab,-131.65464957,257.051,True,"[6.10821549, 0.0, 0.0, 0.0, 6.10821549, 0.0, 0.0, 0.0, 6.10821549]",16.0,1.875e-08,local
4870,mp-861958,slab,-116.92127774,320.126,True,"[5.92833426, 0.0, 0.0, 0.0, 5.92833426, 0.0, 0.0, 0.0, 5.92833426]",16.0,1.625e-07,local
4871,mp-861960,slab,-53.32693142,441.76,True,"[7.06777448, 0.0, 0.0, 0.0, 7.06777448, 0.0, 0.0, 0.0, 7.06777448]",16.0,1.5e-07,local
4872,mp-861961,slab,-106.06018323,477.455,True,"[6.09877724, 0.0, 0.0, 0.0, 6.09877724, 0.0, 0.0, 0.0, 6.09877724]",16.0,0.0,local
4873,mp-861978,slab,-176.290575,271.587,True,"[6.53921771, 0.0, 0.0, 0.0, 6.53921771, 0.0, 0.0, 0.0, 6.53921771]",16.0,6.875e-08,local
4874,mp-861983,slab,-137.10647461,546.492,True,"[5.9305268, -0.0, 0.0, 0.0, 5.9305268, 0.0, -0.0, -0.0, 5.9305268]",16.0,0.135493225,local
4875,mp-861,slab,-105.3635415,1239.649,True,"[6.40039246, 0.0, 0.0, 0.0, 6.40039246, 0.0, 0.0, 0.0, 5.25940288]",12.0,8.333333333333334e-09,local
4876,mp-8621,slab,-39.52459179,692.758,True,"[3.81041015, 0.0, 0.0, 0.0, 7.43109607, 0.0, 0.0, 0.0, 9.90702702]",10.0,2e-08,local
4877,mp-862256,slab,-65.49519546,503.856,True,"[6.10889047, 0.0, 0.0, 0.0, 6.10889047, 0.0, 0.0, 0.0, 6.10889047]",16.0,2.5e-08,local
4878,mp-862257,slab,-76.94364904,204.214,True,"[6.76339555, 0.0, 0.0, 0.0, 6.76339555, 0.0, 0.0, 0.0, 6.76339555]",16.0,2.75e-07,local
4879,mp-862258,slab,-92.02005427,187.765,True,"[6.63558757, 0.0, 0.0, 0.0, 6.63558757, 0.0, 0.0, 0.0, 6.63558757]",16.0,1.9375e-07,local
4880,mp-862259,slab,-47.12571754,100.212,True,"[3.15363976, -5.4622643, 0.0, 3.15363976, 5.4622643, -0.0, -0.0, -0.0, 5.05878117]",8.0,0.2266343625,local
4881,mp-862260,slab,-21.61379079,476.756,True,"[2.96124567, -5.12902796, -0.0, 2.96124567, 5.12902796, 0.0, 0.0, -0.0, 4.39072903]",8.0,0.0,local
4882,mp-862261,slab,-98.80934704,206.85,True,"[6.54830834, 0.0, 0.0, 0.0, 6.54830834, 0.0, 0.0, -0.0, 6.54830834]",16.0,8.75e-08,local
4883,mp-862287,slab,-101.84836641,166.853,True,"[5.80230185, 0.0, 0.0, 0.0, 5.80230185, 0.0, 0.0, 0.0, 5.80230185]",16.0,7.5e-08,local
4884,mp-862288,slab,-136.10520335,289.8,True,"[5.8549333, 0.0, 0.0, 0.0, 5.8549333, 0.0, 0.0, 0.0, 5.8549333]",16.0,0.22164833125,local
4885,mp-862290,slab,-100.48505453,291.273,True,"[5.89270738, 0.0, 0.0, 0.0, 5.89270738, 0.0, 0.0, 0.0, 5.89270738]",16.0,0.90430899375,local
4886,mp-862291,slab,-95.24992894,277.415,True,"[5.84354966, 0.0, 0.0, 0.0, 5.84354966, 0.0, 0.0, 0.0, 5.84354966]",16.0,1.25e-08,local
4887,mp-862296,slab,-86.43221612,162.839,True,"[6.00963033, 0.0, 0.0, 0.0, 6.00963033, 0.0, 0.0, 0.0, 6.00963033]",16.0,1.8125e-07,local
4888,mp-862297,slab,-91.20032651,211.446,True,"[5.91877814, 0.0, 0.0, 0.0, 5.91877814, 0.0, 0.0, 0.0, 5.91877814]",16.0,6.25e-09,local
4889,mp-8622,slab,-38.87697579,465.228,True,"[3.84668402, 0.0, 0.0, 0.0, 7.65895143, 0.0, 0.0, 0.0, 10.34790579]",10.0,0.0,local
4890,mp-862300,slab,-115.0122515,172.248,True,"[6.5579894, 0.0, 0.0, 0.0, 6.5579894, 0.0, 0.0, 0.0, 6.5579894]",16.0,2.4375e-07,local
4891,mp-862311,slab,-107.86480255,247.487,True,"[6.56762578, 0.0, 0.0, 0.0, 6.56762578, 0.0, 0.0, 0.0, 6.56762578]",16.0,9.375e-08,local
4892,mp-862312,slab,-73.12389757,136.42,True,"[5.751562, 0.0, 0.0, 0.0, 5.751562, 0.0, 0.0, 0.0, 5.751562]",16.0,2.5e-08,local
4893,mp-862316,slab,-82.44987858,114.676,True,"[5.74076814, 0.0, 0.0, 0.0, 5.74076814, 0.0, -0.0, -0.0, 5.74076814]",16.0,4.6875e-07,local
4894,mp-862318,slab,-67.06992157,162.123,True,"[5.88792776, 0.0, 0.0, 0.0, 5.88792776, 0.0, 0.0, 0.0, 5.88792776]",16.0,6.25e-09,local
4895,mp-862321,slab,-76.22262061,235.149,True,"[6.15784285, 0.0, 0.0, 0.0, 6.15784285, 0.0, 0.0, 0.0, 6.15784285]",16.0,2.5e-08,local
4896,mp-862334,slab,-130.7157771,143.753,True,"[6.46034249, 0.0, 0.0, 0.0, 6.46034249, 0.0, 0.0, 0.0, 6.46034249]",16.0,3.1875e-07,local
4897,mp-862335,slab,-92.96541545,305.575,True,"[5.92630146, 0.0, 0.0, 0.0, 5.92630146, 0.0, 0.0, 0.0, 5.92630146]",16.0,7.5e-08,local
4898,mp-862336,slab,-122.13786401,156.801,True,"[6.54139614, 0.0, 0.0, 0.0, 6.54139614, 0.0, 0.0, 0.0, 6.54139614]",16.0,1.875e-08,local
4899,mp-862337,slab,-77.20123581,248.667,True,"[7.01984153, 0.0, 0.0, 0.0, 7.01984153, 0.0, 0.0, 0.0, 7.01984153]",16.0,7.75e-07,local
4900,mp-862338,slab,-109.12092659,190.131,True,"[6.46317019, 0.0, 0.0, 0.0, 6.46317019, 0.0, 0.0, 0.0, 6.46317019]",16.0,3.125e-08,local
4901,mp-862339,slab,-79.97344398,184.572,True,"[6.81316274, 0.0, 0.0, 0.0, 6.81316274, 0.0, 0.0, 0.0, 6.81316274]",16.0,6.25e-09,local
4902,mp-862340,slab,-83.98234917,296.663,True,"[6.63596418, 0.0, 0.0, 0.0, 6.63596418, 0.0, 0.0, 0.0, 6.63596418]",16.0,1.75e-07,local
4903,mp-862360,slab,-120.21080542,217.511,True,"[6.40753228, 0.0, 0.0, 0.0, 6.40753228, 0.0, 0.0, 0.0, 6.40753228]",16.0,8.6875e-07,local
4904,mp-862361,slab,-124.71665442,471.369,True,"[6.38990492, 0.0, 0.0, 0.0, 6.38990492, 0.0, 0.0, 0.0, 6.38990492]",16.0,7.5e-08,local
4905,mp-862363,slab,-112.31051961,189.326,True,"[6.61923211, 0.0, 0.0, 0.0, 6.61923211, 0.0, 0.0, 0.0, 6.61923211]",16.0,2.75e-07,local
4906,mp-862364,slab,-132.54180171,234.22,True,"[6.49841903, 0.0, 0.0, 0.0, 6.49841903, 0.0, 0.0, 0.0, 6.49841903]",16.0,1.875e-08,local
4907,mp-862365,slab,-126.61687069,157.031,True,"[6.51120865, 0.0, 0.0, 0.0, 6.51120865, 0.0, 0.0, 0.0, 6.51120865]",16.0,2.75e-07,local
4908,mp-862366,slab,-74.57968448,339.466,True,"[7.0529465, 0.0, 0.0, 0.0, 7.0529465, 0.0, 0.0, 0.0, 7.0529465]",16.0,0.0050957125,local
4909,mp-862367,slab,-117.7189539,638.824,True,"[6.38149394, 0.0, 0.0, 0.0, 6.38149394, 0.0, 0.0, 0.0, 6.38149394]",16.0,8.125e-08,local
4910,mp-862368,slab,-110.22826117,219.541,True,"[6.49118189, 0.0, 0.0, 0.0, 6.49118189, 0.0, 0.0, 0.0, 6.49118189]",16.0,1.09375e-06,local
4911,mp-862369,slab,-135.39941843,140.639,True,"[6.43625192, 0.0, 0.0, 0.0, 6.43625192, 0.0, 0.0, 0.0, 6.43625192]",16.0,3.75e-08,local
4912,mp-862370,slab,-119.80689204,184.097,True,"[6.50504383, 0.0, 0.0, 0.0, 6.50504383, 0.0, 0.0, 0.0, 6.50504383]",16.0,2.5e-07,local
4913,mp-862371,slab,-126.16779493,159.47,True,"[6.48975056, 0.0, 0.0, 0.0, 6.48975056, 0.0, 0.0, 0.0, 6.48975056]",16.0,8.75e-08,local
4914,mp-862372,slab,-128.62353818,207.78,True,"[6.43667344, 0.0, 0.0, 0.0, 6.43667344, 0.0, 0.0, 0.0, 6.43667344]",16.0,1.25e-08,local
4915,mp-862374,slab,-62.30988508,200.915,True,"[6.57732128, 0.0, 0.0, 0.0, 6.57732128, 0.0, 0.0, 0.0, 6.57732128]",16.0,6.25e-09,local
4916,mp-862377,slab,-79.29619753,108.427,True,"[5.5030346, 0.0, 0.0, 0.0, 5.5030346, 0.0, -0.0, 0.0, 5.5030346]",16.0,3.75e-08,local
4917,mp-8623,slab,-37.08430084,584.422,True,"[4.02473586, 0.0, 0.0, 0.0, 7.95528359, 0.0, 0.0, 0.0, 10.48653709]",10.0,0.0,local
4918,mp-862431,slab,-111.9247786,224.863,True,"[6.61074969, 0.0, 0.0, 0.0, 6.61074969, 0.0, 0.0, 0.0, 6.61074969]",16.0,7.9375e-07,local
4919,mp-862432,slab,-106.81198749,183.139,True,"[6.64049331, 0.0, 0.0, 0.0, 6.64049331, 0.0, 0.0, 0.0, 6.64049331]",16.0,3.9375e-07,local
4920,mp-862445,slab,-160.99982903,197.679,True,"[6.22080433, 0.0, 0.0, 0.0, 6.22080433, 0.0, 0.0, 0.0, 6.22080433]",16.0,0.0,local
4921,mp-862446,slab,-147.65795913,358.822,True,"[6.18493022, 0.0, 0.0, 0.0, 6.18493022, 0.0, 0.0, 0.0, 6.18493022]",16.0,5e-08,local
4922,mp-862473,slab,-104.65515558,221.234,True,"[6.6202983, 0.0, 0.0, 0.0, 6.6202983, 0.0, 0.0, 0.0, 6.6202983]",16.0,3.875e-07,local
4923,mp-862485,slab,-90.31020414,493.86,True,"[6.00200608, 0.0, 0.0, 0.0, 6.00200608, 0.0, 0.0, 0.0, 6.00200608]",16.0,4e-07,local
4924,mp-862486,slab,-117.58156589,135.961,True,"[6.57454154, 0.0, 0.0, 0.0, 6.57454154, 0.0, -0.0, 0.0, 6.57454154]",16.0,3.75e-08,local
4925,mp-862546,slab,-110.07801243,129.998,True,"[6.59285717, 0.0, 0.0, 0.0, 6.59285717, 0.0, 0.0, -0.0, 6.59285717]",16.0,5e-08,local
4926,mp-862548,slab,-76.16978861,115.322,True,"[6.74628421, 0.0, 0.0, 0.0, 6.74628421, 0.0, 0.0, 0.0, 6.74628421]",16.0,1.375e-07,local
4927,mp-862553,slab,-107.01084892,99.422,True,"[6.4001056, 0.0, 0.0, 0.0, 6.4001056, 0.0, -0.0, -0.0, 6.4001056]",16.0,1e-07,local
4928,mp-862555,slab,-78.01668083,158.334,True,"[7.30291977, -0.0, 0.0, 0.0, 7.30291977, 0.0, -0.0, -0.0, 7.30291977]",16.0,2e-07,local
4929,mp-862556,slab,-101.07839082,165.365,True,"[6.319036, 0.0, 0.0, 0.0, 6.319036, 0.0, 0.0, 0.0, 6.319036]",16.0,2.671875e-05,local
4930,mp-862561,slab,-124.45308128,494.941,True,"[6.38656481, 0.0, 0.0, 0.0, 6.38656481, 0.0, 0.0, 0.0, 6.38656481]",16.0,1.0625e-07,local
4931,mp-862586,slab,-85.45576888,264.445,True,"[2.78048918, -4.81594853, -0.0, 2.78048918, 4.81594853, -0.0, -0.0, 0.0, 4.42750658]",8.0,1.25e-08,local
4932,mp-862589,slab,-88.66438603,150.554,True,"[2.79032151, -4.83297862, -0.0, 2.79032151, 4.83297862, 0.0, 0.0, 0.0, 4.4272041]",8.0,0.0,local
4933,mp-862600,slab,-95.76370661,144.003,True,"[5.61037297, 0.0, 0.0, 0.0, 5.61037297, 0.0, 0.0, -0.0, 5.61037297]",16.0,2.5e-08,local
4934,mp-862602,slab,-104.25906537,256.703,True,"[5.97390674, 0.0, 0.0, 0.0, 5.97390674, 0.0, 0.0, 0.0, 5.97390674]",16.0,3.75e-08,local
4935,mp-862604,slab,-86.3769466,164.242,True,"[2.70422406, -4.68385346, 0.0, 2.70422406, 4.68385346, -0.0, -0.0, -0.0, 4.36449174]",8.0,1.25e-08,local
4936,mp-862610,slab,-129.13887439,199.057,True,"[6.25046701, 0.0, 0.0, 0.0, 6.25046701, 0.0, 0.0, 0.0, 6.25046701]",16.0,1.1875e-07,local
4937,mp-862620,slab,-73.51978181,150.169,True,"[2.73235988, -4.73258614, 0.0, 2.73235988, 4.73258614, 0.0, -0.0, -0.0, 4.30847671]",8.0,1.25e-08,local
4938,mp-862621,slab,-91.86210812,2142.067,True,"[5.5407496, 0.0, 0.0, 0.0, 5.5407496, 0.0, -0.0, 0.0, 7.99661815]",16.0,6.25e-09,local
4939,mp-862622,slab,-143.85752167,327.213,True,"[5.97334668, 0.0, 0.0, 0.0, 5.97334668, 0.0, 0.0, 0.0, 5.97334668]",16.0,0.0,local
4940,mp-862623,slab,-112.10503452,272.511,True,"[6.45561792, 0.0, 0.0, 0.0, 6.45561792, 0.0, 0.0, 0.0, 6.45561792]",16.0,2.625e-07,local
4941,mp-862629,slab,-106.25238229,211.93,True,"[6.55022394, 0.0, 0.0, 0.0, 6.55022394, 0.0, 0.0, 0.0, 6.55022394]",16.0,1.875e-08,local
4942,mp-862630,slab,-80.87907058,159.487,True,"[2.73484051, -4.73688272, -0.0, 2.73484051, 4.73688272, -0.0, -0.0, -0.0, 4.32316802]",8.0,1.375e-07,local
4943,mp-862631,slab,-59.65770826,449.655,True,"[8.33577618, 0.0, 0.0, 0.0, 8.33577618, 0.0, 0.0, 0.0, 8.33577618]",16.0,0.0,local
4944,mp-862635,slab,-111.76078114,186.571,True,"[6.46718818, 0.0, 0.0, 0.0, 6.46718818, 0.0, 0.0, 0.0, 6.46718818]",16.0,2.9625e-06,local
4945,mp-862655,slab,-81.79667184,223.242,True,"[2.75358383, -4.7693471, 0.0, 2.75358383, 4.7693471, -0.0, -0.0, 0.0, 4.36439541]",8.0,1.25e-08,local
4946,mp-862657,slab,-69.0001107,288.146,True,"[6.0000574, 0.0, 0.0, 0.0, 6.0000574, 0.0, 0.0, 0.0, 6.0000574]",16.0,4.375e-08,local
4947,mp-862658,slab,-26.52547035,172.944,True,"[3.6353899, 0.0, 0.0, 0.0, 3.6353899, 0.0, 0.0, 0.0, 7.35889513]",8.0,3.75e-08,local
4948,mp-862669,slab,-109.03431835,161.402,True,"[5.3936854, 0.0, 0.0, 0.0, 5.3936854, 0.0, 0.0, 0.0, 5.3936854]",16.0,0.2988407,local
4949,mp-862672,slab,-95.69996329,122.733,True,"[6.98723378, 0.0, 0.0, 0.0, 6.98723378, 0.0, 0.0, 0.0, 6.98723378]",16.0,2.0625e-07,local
4950,mp-862673,slab,-100.10356217,147.45,True,"[6.96157825, 0.0, 0.0, 0.0, 6.96157825, 0.0, 0.0, 0.0, 6.96157825]",16.0,2.0625e-07,local
4951,mp-862684,slab,-138.38340357,164.155,True,"[6.53694511, 0.0, 0.0, 0.0, 6.53694511, 0.0, 0.0, 0.0, 6.53694511]",16.0,0.0,local
4952,mp-862691,slab,-98.54541969,177.814,True,"[5.72060778, 0.0, 0.0, 0.0, 5.72060778, 0.0, 0.0, 0.0, 5.72060778]",16.0,1.6875e-07,local
4953,mp-862694,slab,-110.63391532,184.298,True,"[6.01610739, 0.0, 0.0, 0.0, 6.01610739, 0.0, 0.0, 0.0, 6.01610739]",16.0,1.25e-08,local
4954,mp-862695,slab,-105.15757473,185.794,True,"[5.8697231, 0.0, 0.0, 0.0, 5.8697231, 0.0, 0.0, 0.0, 5.8697231]",16.0,1.875e-08,local
4955,mp-862699,slab,-170.73719724,314.691,True,"[6.38821379, 0.0, 0.0, 0.0, 6.38821379, 0.0, 0.0, 0.0, 6.38821379]",16.0,0.0,local
4956,mp-862700,slab,-148.49776352,232.255,True,"[6.03456303, 0.0, 0.0, 0.0, 6.03456303, 0.0, 0.0, 0.0, 6.03456303]",16.0,2e-07,local
4957,mp-862703,slab,-82.63178611,200.951,True,"[6.82982824, 0.0, 0.0, 0.0, 6.82982824, 0.0, 0.0, 0.0, 6.82982824]",16.0,9.0625e-07,local
4958,mp-862704,slab,-68.816817,163.927,True,"[6.315322, 0.0, 0.0, 0.0, 6.315322, 0.0, 0.0, 0.0, 6.315322]",16.0,6.625e-05,local
4959,mp-862705,slab,-99.54056769,179.205,True,"[6.04587909, 0.0, 0.0, 0.0, 6.04587909, 0.0, 0.0, 0.0, 6.04587909]",16.0,4.375e-08,local
4960,mp-862706,slab,-94.16492942,160.987,True,"[5.4932001, 0.0, 0.0, 0.0, 5.4932001, 0.0, 0.0, 0.0, 5.4932001]",16.0,2.2e-06,local
4961,mp-862711,slab,-69.38035008,236.107,True,"[7.10487085, 0.0, 0.0, 0.0, 7.10487085, 0.0, 0.0, 0.0, 7.10487085]",16.0,2.365625e-05,local
4962,mp-862712,slab,-124.85865022,175.13,True,"[6.36822194, -0.0, 0.0, 0.0, 6.36822194, 0.0, -0.0, -0.0, 6.36822194]",16.0,1.2925e-05,local
4963,mp-862713,slab,-111.00660817,223.558,True,"[5.83436253, 0.0, 0.0, 0.0, 5.83436253, 0.0, 0.0, 0.0, 5.83436253]",16.0,8.125e-08,local
4964,mp-862714,slab,-43.92251466,67.795,True,"[3.27231682, 0.0, 0.0, 0.0, 3.27231682, 0.0, 0.0, 0.0, 7.25940733]",8.0,1.25e-08,local
4965,mp-862715,slab,-100.34952941,207.527,True,"[6.05147883, 0.0, 0.0, 0.0, 6.05147883, 0.0, 0.0, 0.0, 6.05147883]",16.0,6.25e-09,local
4966,mp-862716,slab,-21.33290283,198.601,True,"[4.08182564, 0.0, 0.0, 0.0, 4.08182564, 0.0, 0.0, 0.0, 8.21714933]",8.0,1.5e-07,local
4967,mp-862717,slab,-57.41479657,140.525,True,"[6.2862334, 0.0, 0.0, 0.0, 6.2862334, 0.0, 0.0, 0.0, 6.2862334]",16.0,9.375e-08,local
4968,mp-862719,slab,-107.61105198,158.053,True,"[6.94259387, 0.0, 0.0, 0.0, 6.94259387, 0.0, 0.0, 0.0, 6.94259387]",16.0,4.6875e-07,local
4969,mp-862720,slab,-32.61822267,399.942,True,"[8.16264058, 0.0, 0.0, 0.0, 8.16264058, 0.0, 0.0, 0.0, 8.16264058]",16.0,8.75e-08,local
4970,mp-862721,slab,-38.52743102,235.608,True,"[8.19061379, 0.0, 0.0, 0.0, 8.19061379, 0.0, 0.0, 0.0, 8.19061379]",16.0,3.75e-08,local
4971,mp-862730,slab,-85.52402131,290.812,True,"[5.94573702, 0.0, 0.0, 0.0, 5.94573702, 0.0, 0.0, 0.0, 5.94573702]",16.0,3.75e-08,local
4972,mp-862740,slab,-31.1580165,471.362,True,"[8.18033879, 0.0, 0.0, 0.0, 8.18033879, 0.0, 0.0, 0.0, 8.18033879]",16.0,9.375e-08,local
4973,mp-862745,slab,-51.33815868,108.026,True,"[7.622592, 0.0, 0.0, 0.0, 7.622592, 0.0, 0.0, 0.0, 7.622592]",16.0,0.0002425,local
4974,mp-862747,slab,-62.23388238,187.974,True,"[7.5426349, 0.0, 0.0, 0.0, 7.5426349, 0.0, -0.0, -0.0, 7.5426349]",16.0,0.0,local
4975,mp-862750,slab,-67.00447257,3102.615,True,"[4.65530902, 0.0, 0.0, 0.0, 18.72502591, 0.0, 0.0, 0.0, 4.5886581]",16.0,0.0,local
4976,mp-862764,slab,-55.62592009,169.931,True,"[7.14706045, 0.0, 0.0, 0.0, 7.14706045, 0.0, 0.0, 0.0, 7.14706045]",16.0,1.25e-07,local
4977,mp-862774,slab,-75.45987145,363.971,True,"[6.34195487, 0.0, 0.0, 0.0, 6.34195487, 0.0, 0.0, 0.0, 6.34195487]",16.0,7.5e-08,local
4978,mp-862775,slab,-80.517814,338.508,True,"[6.24361588, 0.0, 0.0, 0.0, 6.24361588, 0.0, 0.0, 0.0, 6.24361588]",16.0,3.125e-08,local
4979,mp-862778,slab,-121.54231304,317.179,True,"[5.9158888, 0.0, 0.0, 0.0, 5.9158888, 0.0, 0.0, 0.0, 5.9158888]",16.0,1.25e-08,local
4980,mp-862781,slab,-132.23008084,731.059,True,"[5.96610286, 0.0, 0.0, 0.0, 5.96610286, 0.0, 0.0, 0.0, 5.96610286]",16.0,0.26596283125,local
4981,mp-862791,slab,-82.04336298,298.369,True,"[6.12983063, 0.0, 0.0, 0.0, 6.12983063, 0.0, 0.0, 0.0, 6.12983063]",16.0,2.5e-07,local
4982,mp-862798,slab,-64.50138583,173.668,True,"[3.91621982, 0.0, 0.0, 0.0, 3.91621982, 0.0, 0.0, 0.0, 8.07629756]",8.0,1.875e-07,local
4983,mp-862815,slab,-69.63403033,134.121,True,"[6.56598017, 0.0, 0.0, 0.0, 6.56598017, 0.0, 0.0, -0.0, 6.56598017]",16.0,1.625e-07,local
4984,mp-862871,slab,-21.44414075,96.468,True,"[6.80818992, 0.0, 0.0, 0.0, 6.80818992, 0.0, 0.0, 0.0, 4.4660207]",6.0,0.0,local
4985,mp-862887,slab,-107.85566176,149.812,True,"[6.53747113, 0.0, 0.0, 0.0, 6.53747113, 0.0, 0.0, 0.0, 6.53747113]",16.0,2e-07,local
4986,mp-8628,slab,-100.54033928,3431.229,True,"[2.01877103, -3.49661399, -0.0, 2.01877103, 3.49661399, 0.0, 0.0, 0.0, 36.69362829]",21.0,0.0,local
4987,mp-862947,slab,-57.61232971,333.256,True,"[8.4019785, 0.0, 0.0, 0.0, 8.4019785, 0.0, 0.0, 0.0, 8.4019785]",16.0,1.25e-08,local
4988,mp-862983,slab,-24.06856493,1712.779,True,"[4.93123272, -8.54114562, -0.0, 4.93123272, 8.54114562, 0.0, -0.0, 0.0, 3.44100958]",8.0,1.25e-08,local
4989,mp-863250,slab,-140.47837703,425.48,True,"[5.95348706, 0.0, 0.0, 0.0, 5.95348706, 0.0, 0.0, 0.0, 5.95348706]",16.0,0.243211725,local
4990,mp-863251,slab,-57.53296863,342.542,True,"[7.92010863, 0.0, 0.0, 0.0, 7.92010863, 0.0, 0.0, 0.0, 7.92010863]",16.0,0.0,local
4991,mp-863258,slab,-60.16261153,211.283,True,"[7.67020547, -0.0, 0.0, 0.0, 7.67020547, 0.0, -0.0, -0.0, 7.67020547]",16.0,1.875e-07,local
4992,mp-863690,slab,-132.97559814,410.964,True,"[5.9294714, 0.0, 0.0, 0.0, 5.9294714, 0.0, 0.0, 0.0, 5.9294714]",16.0,2.2875e-06,local
4993,mp-863709,slab,-67.76064988,136.333,True,"[3.85935439, 0.0, 0.0, 0.0, 3.85935439, 0.0, 0.0, 0.0, 7.72222875]",8.0,1.25e-08,local
4994,mp-863724,slab,-71.15601778,218.278,True,"[6.50976351, 0.0, 0.0, 0.0, 6.50976351, 0.0, 0.0, 0.0, 6.50976351]",16.0,0.0,local
4995,mp-863727,slab,-107.272427,375.13,True,"[6.01037832, 0.0, 0.0, 0.0, 6.01037832, 0.0, 0.0, 0.0, 6.01037832]",16.0,3.125e-08,local
4996,mp-863744,slab,-60.95985332,296.363,True,"[7.19356323, 0.0, 0.0, 0.0, 7.19356323, 0.0, -0.0, 0.0, 7.19356323]",16.0,6.25e-09,local
4997,mp-863750,slab,-12.55456341,30.967,True,"[4.14520472, 0.0, 0.0, 0.0, 4.14520472, 0.0, -0.0, 0.0, 4.14520472]",4.0,9.25e-07,local
4998,mp-863757,slab,-46.16738464,915.018,True,"[7.93411975, 0.0, 0.0, 0.0, 10.60545265, 0.0, 0.0, 0.0, 6.61113949]",16.0,1.25e-08,local
4999,mp-864598,slab,-34.05653959,82.659,True,"[6.66911359, 0.0, 0.0, 0.0, 6.66911359, 0.0, 0.0, 0.0, 6.66911359]",16.0,0.0,local
5000,mp-864601,slab,-54.62290764,187.275,True,"[6.38371393, 0.0, 0.0, 0.0, 6.38371393, 0.0, 0.0, 0.0, 6.38371393]",16.0,1.25e-08,local
5001,mp-864607,slab,-88.1059751,156.131,True,"[6.6105157, 0.0, 0.0, 0.0, 6.6105157, 0.0, 0.0, -0.0, 6.6105157]",16.0,7.5e-08,local
5002,mp-864614,slab,-54.1674407,51.096,True,"[6.42284462, 0.0, 0.0, 0.0, 6.42284462, 0.0, 0.0, 0.0, 6.42284462]",16.0,1.8125e-07,local
5003,mp-864623,slab,-47.43376187,316.509,True,"[6.28544111, 0.0, 0.0, 0.0, 6.28544111, 0.0, 0.0, 0.0, 6.28544111]",16.0,1.25e-07,local
5004,mp-864631,slab,-113.87441503,328.991,True,"[6.12735588, 0.0, 0.0, 0.0, 6.12735588, 0.0, -0.0, -0.0, 6.12735588]",16.0,0.0,local
5005,mp-864639,slab,-185.41882865,190.458,True,"[6.46310077, 0.0, 0.0, 0.0, 6.46310077, 0.0, 0.0, 0.0, 6.46310077]",16.0,2.1875e-07,local
5006,mp-864640,slab,-177.08526553,229.857,True,"[6.46716281, 0.0, 0.0, 0.0, 6.46716281, 0.0, 0.0, -0.0, 6.46716281]",16.0,6.25e-08,local
5007,mp-864650,slab,-195.99528513,209.116,True,"[6.42419239, 0.0, 0.0, 0.0, 6.42419239, 0.0, 0.0, 0.0, 6.42419239]",16.0,1.25e-08,local
5008,mp-864651,slab,-176.47273885,151.642,True,"[6.45310164, 0.0, 0.0, 0.0, 6.45310164, 0.0, 0.0, 0.0, 6.45310164]",16.0,2.875e-07,local
5009,mp-864654,slab,-65.08338432,427.872,True,"[5.92955837, 0.0, 0.0, 0.0, 5.92955837, 0.0, 0.0, 0.0, 5.92955837]",16.0,6.25e-09,local
5010,mp-864661,slab,-67.37287743,489.989,True,"[6.07429472, 0.0, 0.0, 0.0, 6.07429472, 0.0, 0.0, 0.0, 6.07429472]",16.0,6.25e-09,local
5011,mp-864669,slab,-137.05782834,494.742,True,"[6.2029798, 0.0, 0.0, 0.0, 6.2029798, 0.0, 0.0, 0.0, 6.2029798]",16.0,0.1577221375,local
5012,mp-864670,slab,-180.7947478,323.247,True,"[6.33945485, 0.0, 0.0, 0.0, 6.33945485, 0.0, 0.0, 0.0, 6.33945485]",16.0,3.375e-07,local
5013,mp-864671,slab,-128.88949014,315.681,True,"[6.30021172, 0.0, 0.0, 0.0, 6.30021172, 0.0, 0.0, 0.0, 6.30021172]",16.0,6.25e-09,local
5014,mp-864684,slab,-168.21469057,303.376,True,"[6.55731991, 0.0, 0.0, 0.0, 6.55731991, 0.0, 0.0, 0.0, 6.55731991]",16.0,6.875e-08,local
5015,mp-864715,slab,-110.70367196,336.793,True,"[6.24082488, 0.0, 0.0, 0.0, 6.24082488, 0.0, 0.0, 0.0, 6.24082488]",16.0,0.2648544375,local
5016,mp-864734,slab,-102.61196838,205.457,True,"[6.59041887, 0.0, 0.0, 0.0, 6.59041887, 0.0, 0.0, 0.0, 6.59041887]",16.0,6.25e-09,local
5017,mp-864735,slab,-72.89201676,853.329,True,"[2.58244109, -4.47291918, 0.0, 2.58244109, 4.47291918, 0.0, 0.0, 0.0, 4.0421476]",8.0,7.5e-08,local
5018,mp-864761,slab,-179.93520252,329.826,True,"[6.26675048, 0.0, 0.0, 0.0, 6.26675048, 0.0, 0.0, 0.0, 6.26675048]",16.0,0.10616214375,local
5019,mp-864762,slab,-26.29614656,66.279,True,"[6.62392053, 0.0, 0.0, 0.0, 6.62392053, 0.0, 0.0, 0.0, 6.62392053]",16.0,1.25e-07,local
5020,mp-864764,slab,-176.80160653,381.042,True,"[6.28681576, 0.0, 0.0, 0.0, 6.28681576, 0.0, 0.0, 0.0, 6.28681576]",16.0,0.38572309375,local
5021,mp-864768,slab,-98.01065908,207.086,True,"[6.21692919, 0.0, 0.0, 0.0, 6.21692919, 0.0, 0.0, 0.0, 6.21692919]",16.0,3.75e-08,local
5022,mp-864770,slab,-189.45063258,104.58,True,"[6.40479881, 0.0, 0.0, 0.0, 6.40479881, 0.0, 0.0, 0.0, 6.40479881]",16.0,6.25e-09,local
5023,mp-864772,slab,-77.51506762,180.217,True,"[6.77127147, 0.0, 0.0, 0.0, 6.77127147, 0.0, 0.0, 0.0, 6.77127147]",16.0,1.4375e-07,local
5024,mp-864782,slab,-180.95280931,262.266,True,"[6.3926493, 0.0, 0.0, 0.0, 6.3926493, 0.0, 0.0, 0.0, 6.3926493]",16.0,0.0,local
5025,mp-864784,slab,-89.82354191,391.108,True,"[6.20236867, 0.0, 0.0, 0.0, 6.20236867, 0.0, 0.0, 0.0, 6.20236867]",16.0,6.25e-09,local
5026,mp-864788,slab,-128.86862637,407.751,True,"[6.37769893, 0.0, 0.0, 0.0, 6.37769893, 0.0, 0.0, 0.0, 6.37769893]",16.0,2.5e-08,local
5027,mp-864794,slab,-9.37917564,42.175,True,"[4.09007788, 0.0, 0.0, 0.0, 4.09007788, 0.0, 0.0, 0.0, 4.09007788]",4.0,1.75e-07,local
5028,mp-864798,slab,-126.53747321,278.34,True,"[6.31231273, 0.0, 0.0, 0.0, 6.31231273, 0.0, 0.0, 0.0, 6.31231273]",16.0,1.875e-08,local
5029,mp-864807,slab,-94.80319066,406.457,True,"[6.06811265, 0.0, 0.0, 0.0, 6.06811265, 0.0, 0.0, 0.0, 6.06811265]",16.0,1.5e-07,local
5030,mp-864831,slab,-110.93305666,462.469,True,"[6.20995242, 0.0, 0.0, 0.0, 6.20995242, 0.0, 0.0, 0.0, 6.20995242]",16.0,6.875e-08,local
5031,mp-864835,slab,-153.74136914,150.627,True,"[6.44878054, 0.0, 0.0, 0.0, 6.44878054, 0.0, -0.0, -0.0, 6.44878054]",16.0,0.25903441875,local
5032,mp-864839,slab,-66.70331257,369.643,True,"[6.08030504, 0.0, 0.0, 0.0, 6.08030504, 0.0, 0.0, 0.0, 6.08030504]",16.0,0.0,local
5033,mp-864840,slab,-123.18962608,525.047,True,"[6.18616273, 0.0, 0.0, 0.0, 6.18616273, 0.0, 0.0, 0.0, 6.18616273]",16.0,1.25e-07,local
5034,mp-864844,slab,-55.57403833,430.229,True,"[6.18859746, 0.0, 0.0, 0.0, 6.18859746, 0.0, 0.0, 0.0, 6.18859746]",16.0,6.25e-09,local
5035,mp-864857,slab,-104.47948618,271.798,True,"[5.92026345, 0.0, 0.0, 0.0, 5.92026345, 0.0, 0.0, 0.0, 5.92026345]",16.0,0.2484056,local
5036,mp-864877,slab,-163.6308844,288.415,True,"[6.43711869, 0.0, 0.0, 0.0, 6.43711869, 0.0, 0.0, 0.0, 6.43711869]",16.0,0.0010002125,local
5037,mp-864878,slab,-83.62733439,140.348,True,"[6.63597831, 0.0, 0.0, 0.0, 6.63597831, 0.0, 0.0, 0.0, 6.63597831]",16.0,5e-08,local
5038,mp-864883,slab,-73.78946674,166.454,True,"[6.50779285, 0.0, 0.0, 0.0, 6.50779285, 0.0, 0.0, 0.0, 6.50779285]",16.0,0.0,local
5039,mp-864889,slab,-25.97455714,678.539,True,"[2.9459661, -5.10256297, 0.0, 2.9459661, 5.10256297, -0.0, 0.0, -0.0, 4.39010489]",8.0,0.0,local
5040,mp-864890,slab,-158.39450492,215.405,True,"[6.44497556, 0.0, 0.0, 0.0, 6.44497556, 0.0, 0.0, 0.0, 6.44497556]",16.0,0.24829365,local
5041,mp-864894,slab,-40.60935225,86.186,True,"[2.41280565, -4.17910197, -0.0, 2.41280565, 4.17910197, 0.0, 0.0, -0.0, 3.7499946]",8.0,0.0,local
5042,mp-864895,slab,-90.43241853,142.791,True,"[5.39546327, 0.0, 0.0, 0.0, 5.39546327, 0.0, 0.0, -0.0, 5.39546327]",16.0,1.25e-08,local
5043,mp-864897,slab,-133.87726755,368.628,True,"[6.55990739, 0.0, 0.0, 0.0, 6.55990739, 0.0, 0.0, 0.0, 6.55990739]",16.0,1.1875e-07,local
5044,mp-864902,slab,-76.86269062,122.559,True,"[6.43036739, 0.0, 0.0, 0.0, 6.43036739, 0.0, -0.0, 0.0, 6.43036739]",16.0,4.375e-08,local
5045,mp-864903,slab,-132.41006203,286.945,True,"[6.26242568, 0.0, 0.0, 0.0, 6.26242568, 0.0, 0.0, 0.0, 6.26242568]",16.0,9.375e-08,local
5046,mp-864906,slab,-97.32040583,232.238,True,"[6.3650602, 0.0, 0.0, 0.0, 6.3650602, 0.0, 0.0, 0.0, 6.3650602]",16.0,1.25e-08,local
5047,mp-864907,slab,-92.94445962,144.046,True,"[6.56204011, 0.0, 0.0, 0.0, 6.56204011, 0.0, 0.0, 0.0, 6.56204011]",16.0,6.25e-09,local
5048,mp-864908,slab,-120.48512481,258.424,True,"[6.19368774, 0.0, 0.0, 0.0, 6.19368774, 0.0, 0.0, 0.0, 6.19368774]",16.0,0.0,local
5049,mp-864909,slab,-140.10340777,300.95,True,"[6.26437493, 0.0, 0.0, 0.0, 6.26437493, 0.0, 0.0, 0.0, 6.26437493]",16.0,9.375e-08,local
5050,mp-864910,slab,-110.82304528,151.374,True,"[6.40398342, 0.0, 0.0, 0.0, 6.40398342, 0.0, 0.0, 0.0, 6.40398342]",16.0,1.875e-08,local
5051,mp-864919,slab,-107.62377498,313.443,True,"[6.18715179, 0.0, 0.0, 0.0, 6.18715179, 0.0, 0.0, 0.0, 6.18715179]",16.0,1.5625e-07,local
5052,mp-864920,slab,-75.84052967,233.843,True,"[6.74010569, 0.0, 0.0, 0.0, 6.74010569, 0.0, 0.0, 0.0, 6.74010569]",16.0,0.0,local
5053,mp-864921,slab,-123.02582887,122.536,True,"[6.4180876, 0.0, 0.0, 0.0, 6.4180876, 0.0, 0.0, 0.0, 6.4180876]",16.0,1.875e-08,local
5054,mp-864922,slab,-43.10390178,257.636,True,"[6.47156125, 0.0, 0.0, 0.0, 6.47156125, 0.0, 0.0, 0.0, 6.47156125]",16.0,0.0,local
5055,mp-864923,slab,-62.61196915,230.244,True,"[6.23959529, 0.0, 0.0, 0.0, 6.23959529, 0.0, 0.0, 0.0, 6.23959529]",16.0,6.25e-09,local
5056,mp-864930,slab,-120.27216935,215.879,True,"[6.02852551, 0.0, 0.0, 0.0, 6.02852551, 0.0, 0.0, 0.0, 6.02852551]",16.0,3e-07,local
5057,mp-864932,slab,-56.49488971,73.762,True,"[6.48583826, 0.0, 0.0, 0.0, 6.48583826, 0.0, 0.0, 0.0, 6.48583826]",16.0,0.0,local
5058,mp-864933,slab,-57.90715582,127.897,True,"[6.4201195, 0.0, 0.0, 0.0, 6.4201195, 0.0, 0.0, 0.0, 6.4201195]",16.0,5.625e-08,local
5059,mp-864934,slab,-20.69933402,57.697,True,"[2.92468936, -5.06571057, -0.0, 2.92468936, 5.06571057, -0.0, 0.0, 0.0, 4.83836788]",8.0,3.625e-06,local
5060,mp-864935,slab,-25.66674589,68.336,True,"[2.9162801, -5.0511453, 0.0, 2.9162801, 5.0511453, -0.0, 0.0, -0.0, 4.81424733]",8.0,1.125e-06,local
5061,mp-864936,slab,-131.70901907,588.956,True,"[5.99936443, 0.0, 0.0, 0.0, 5.99936443, 0.0, 0.0, 0.0, 5.99936443]",16.0,0.75950548125,local
5062,mp-864937,slab,-21.81685737,36.685,True,"[3.21896593, -5.57541255, -0.0, 3.21896593, 5.57541255, 0.0, 0.0, 0.0, 5.10508846]",8.0,5.0375e-06,local
5063,mp-864939,slab,-138.99977933,219.9,True,"[6.53284207, 0.0, 0.0, 0.0, 6.53284207, 0.0, -0.0, -0.0, 6.53284207]",16.0,1.875e-08,local
5064,mp-864940,slab,-76.56239673,163.303,True,"[6.26829031, 0.0, 0.0, 0.0, 6.26829031, 0.0, 0.0, 0.0, 6.26829031]",16.0,5e-08,local
5065,mp-864941,slab,-56.43137796,1160.662,True,"[3.35413446, 0.0, 0.0, 0.0, 16.53249741, 0.0, 0.0, 0.0, 5.14444219]",12.0,0.000113225,local
5066,mp-864943,slab,-108.62453068,141.836,True,"[5.54140538, -0.0, 0.0, 0.0, 5.54140538, 0.0, 0.0, 0.0, 5.54140538]",16.0,0.77245569375,local
5067,mp-864944,slab,-98.02282354,165.29,True,"[5.60335385, -0.0, 0.0, 0.0, 5.60335385, 0.0, -0.0, 0.0, 5.60335385]",16.0,0.7991764625,local
5068,mp-864945,slab,-101.69721408,204.405,True,"[5.52179843, -0.0, 0.0, 0.0, 5.52179843, 0.0, 0.0, 0.0, 5.52179843]",16.0,0.7820639875,local
5069,mp-864946,slab,-96.04462774,423.171,True,"[6.12594304, 0.0, 0.0, 0.0, 6.12594304, 0.0, 0.0, 0.0, 6.12594304]",16.0,1.13568278125,local
5070,mp-864947,slab,-119.25531637,198.232,True,"[6.52935882, 0.0, 0.0, 0.0, 6.52935882, 0.0, 0.0, 0.0, 6.52935882]",16.0,2.5e-08,local
5071,mp-864948,slab,-103.83065311,399.432,True,"[6.21699893, 0.0, 0.0, 0.0, 6.21699893, 0.0, 0.0, 0.0, 6.21699893]",16.0,1.03113025,local
5072,mp-864949,slab,-113.84786753,334.495,True,"[6.05456158, 0.0, 0.0, 0.0, 6.05456158, 0.0, 0.0, 0.0, 6.05456158]",16.0,1.03385746875,local
5073,mp-864950,slab,-130.92665339,269.66,True,"[6.0546425, 0.0, 0.0, 0.0, 6.0546425, 0.0, 0.0, 0.0, 6.0546425]",16.0,1.0052606125,local
5074,mp-864951,slab,-144.71496849,206.455,True,"[5.99871559, 0.0, 0.0, 0.0, 5.99871559, 0.0, 0.0, 0.0, 5.99871559]",16.0,0.53334214375,local
5075,mp-864952,slab,-15.5060809,59.72,True,"[3.07954543, -5.33392915, -0.0, 3.07954543, 5.33392915, 0.0, 0.0, 0.0, 4.92145349]",8.0,2e-07,local
5076,mp-864953,slab,-149.06908274,931.313,True,"[5.77882659, -0.0, 0.0, 0.0, 5.77882659, 0.0, -0.0, -0.0, 5.77882659]",16.0,5.675e-06,local
5077,mp-864955,slab,-138.82137269,751.193,True,"[5.74172297, -0.0, 0.0, 0.0, 5.74172297, 0.0, -0.0, -0.0, 5.74172297]",16.0,1.21830154375,local
5078,mp-864957,slab,-127.83344104,329.435,True,"[6.23853748, 0.0, 0.0, 0.0, 6.23853748, 0.0, 0.0, 0.0, 6.23853748]",16.0,1.007487475,local
5079,mp-864961,slab,-86.22555525,152.063,True,"[5.67128001, 0.0, 0.0, 0.0, 5.67128001, 0.0, 0.0, 0.0, 5.67128001]",16.0,3.125e-08,local
5080,mp-864965,slab,-62.704708,316.278,True,"[6.38792632, 0.0, 0.0, 0.0, 6.38792632, 0.0, 0.0, 0.0, 6.38792632]",16.0,0.0,local
5081,mp-864966,slab,-138.67439484,271.722,True,"[5.91378273, 0.0, 0.0, 0.0, 5.91378273, 0.0, 0.0, 0.0, 5.91378273]",16.0,0.7542481,local
5082,mp-864968,slab,-109.25947375,540.298,True,"[6.28471015, 0.0, 0.0, 0.0, 6.28471015, 0.0, 0.0, 0.0, 6.28471015]",16.0,1.082381,local
5083,mp-864969,slab,-71.96493679,143.513,True,"[6.291675, 0.0, 0.0, 0.0, 6.291675, 0.0, 0.0, 0.0, 6.291675]",16.0,3.75e-08,local
5084,mp-864971,slab,-126.46094063,551.472,True,"[6.23791037, 0.0, 0.0, 0.0, 6.23791037, 0.0, 0.0, 0.0, 6.23791037]",16.0,0.771149175,local
5085,mp-864972,slab,-56.52378567,100.579,True,"[6.48250766, 0.0, 0.0, 0.0, 6.48250766, 0.0, 0.0, 0.0, 6.48250766]",16.0,0.0,local
5086,mp-864974,slab,-146.09034131,224.799,True,"[6.50832454, 0.0, 0.0, 0.0, 6.50832454, 0.0, 0.0, 0.0, 6.50832454]",16.0,1.3375e-06,local
5087,mp-864975,slab,-70.13890647,156.746,True,"[6.34769963, 0.0, 0.0, 0.0, 6.34769963, 0.0, 0.0, 0.0, 6.34769963]",16.0,6.25e-09,local
5088,mp-864976,slab,-63.08586329,161.246,True,"[6.41057884, 0.0, 0.0, 0.0, 6.41057884, 0.0, 0.0, 0.0, 6.41057884]",16.0,3.75e-08,local
5089,mp-864978,slab,-43.0847839,123.1,True,"[6.61291614, 0.0, 0.0, 0.0, 6.61291614, 0.0, 0.0, 0.0, 6.61291614]",16.0,0.0,local
5090,mp-864980,slab,-130.90100327,376.595,True,"[5.96853669, 0.0, 0.0, 0.0, 5.96853669, 0.0, -0.0, 0.0, 5.96853669]",16.0,0.52691445,local
5091,mp-864983,slab,-148.18171453,362.466,True,"[6.00348992, 0.0, 0.0, 0.0, 6.00348992, 0.0, 0.0, 0.0, 6.00348992]",16.0,0.9837451625,local
5092,mp-864984,slab,-146.26639809,430.809,True,"[5.85956041, 0.0, 0.0, 0.0, 5.85956041, 0.0, 0.0, 0.0, 5.85956041]",16.0,6.25e-09,local
5093,mp-864985,slab,-114.18784146,381.008,True,"[6.03734591, 0.0, 0.0, 0.0, 6.03734591, 0.0, 0.0, 0.0, 6.03734591]",16.0,0.777222075,local
5094,mp-864987,slab,-103.05509904,350.551,True,"[6.03200912, 0.0, 0.0, 0.0, 6.03200912, 0.0, 0.0, 0.0, 6.03200912]",16.0,0.85048634375,local
5095,mp-864989,slab,-139.79610543,334.743,True,"[5.83783415, 0.0, 0.0, 0.0, 5.83783415, 0.0, 0.0, 0.0, 5.83783415]",16.0,1.25625e-06,local
5096,mp-864990,slab,-142.16563161,420.386,True,"[5.89830498, 0.0, 0.0, 0.0, 5.89830498, 0.0, 0.0, 0.0, 5.89830498]",16.0,0.25025709375,local
5097,mp-864991,slab,-48.06648825,261.064,True,"[7.63658388, 0.0, 0.0, 0.0, 7.63658388, 0.0, 0.0, 0.0, 7.63658388]",16.0,1.875e-08,local
5098,mp-864992,slab,-153.32086825,587.484,True,"[6.1909288, -0.0, 0.0, 0.0, 6.1909288, 0.0, -0.0, -0.0, 6.1909288]",16.0,1.02232268125,local
5099,mp-864997,slab,-82.1438225,188.318,True,"[5.950998, 0.0, 0.0, 0.0, 5.950998, 0.0, 0.0, 0.0, 5.950998]",16.0,1.25e-08,local
5100,mp-865000,slab,-151.26216966,157.344,True,"[6.52224127, 0.0, 0.0, 0.0, 6.52224127, 0.0, 0.0, 0.0, 6.52224127]",16.0,1.9375e-07,local
5101,mp-865001,slab,-163.4852185,153.505,True,"[6.46953339, 0.0, 0.0, 0.0, 6.46953339, 0.0, 0.0, 0.0, 6.46953339]",16.0,8.5e-07,local
5102,mp-865002,slab,-100.82696057,193.802,True,"[6.84291329, 0.0, 0.0, 0.0, 6.84291329, 0.0, 0.0, 0.0, 6.84291329]",16.0,1.25e-08,local
5103,mp-865003,slab,-95.8750192,142.55,True,"[5.6181058, 0.0, 0.0, 0.0, 5.6181058, 0.0, 0.0, 0.0, 5.6181058]",16.0,1.0625e-07,local
5104,mp-865010,slab,-134.42033848,338.361,True,"[6.27421076, 0.0, 0.0, 0.0, 6.27421076, 0.0, 0.0, 0.0, 6.27421076]",16.0,5.125e-07,local
5105,mp-865011,slab,-132.05789917,252.244,True,"[5.99151754, -0.0, 0.0, 0.0, 5.99151754, 0.0, -0.0, 0.0, 5.99151754]",16.0,0.49918551875,local
5106,mp-865014,slab,-28.2683034,2747.438,True,"[5.18234413, -0.0, 0.0, 0.0, 6.53990439, 0.0, 0.0, -0.0, 6.46108423]",12.0,0.0,local
5107,mp-865015,slab,-124.86170183,419.081,True,"[5.98188188, 0.0, 0.0, 0.0, 5.98188188, 0.0, 0.0, 0.0, 5.98188188]",16.0,1.16213304375,local
5108,mp-865019,slab,-123.40945566,582.488,True,"[6.30659733, 0.0, 0.0, 0.0, 6.30659733, 0.0, 0.0, 0.0, 6.30659733]",16.0,3.625e-07,local
5109,mp-865020,slab,-129.86496678,234.126,True,"[6.38198517, 0.0, 0.0, 0.0, 6.38198517, 0.0, 0.0, 0.0, 6.38198517]",16.0,0.0,local
5110,mp-865021,slab,-99.51066146,147.486,True,"[5.61663873, 0.0, 0.0, 0.0, 5.61663873, 0.0, 0.0, 0.0, 5.61663873]",16.0,6.25e-09,local
5111,mp-865022,slab,-72.30100081,190.813,True,"[2.7204125, -4.71189267, -0.0, 2.7204125, 4.71189267, -0.0, -0.0, 0.0, 4.32841723]",8.0,0.449364225,local
5112,mp-865025,slab,-192.54287183,140.642,True,"[6.4709408, 0.0, 0.0, 0.0, 6.4709408, 0.0, 0.0, 0.0, 6.4709408]",16.0,1.25e-07,local
5113,mp-865026,slab,-137.80542528,384.634,True,"[5.66339993, 0.0, 0.0, 0.0, 5.66339993, 0.0, 0.0, 0.0, 5.66339993]",16.0,0.23526464375,local
5114,mp-865027,slab,-127.6947898,522.348,True,"[5.76486652, 0.0, 0.0, 0.0, 5.76486652, 0.0, 0.0, 0.0, 5.76486652]",16.0,0.25166149375,local
5115,mp-865030,slab,-149.72579562,176.62,True,"[6.44542174, 0.0, 0.0, 0.0, 6.44542174, 0.0, 0.0, 0.0, 6.44542174]",16.0,1e-07,local
5116,mp-865032,slab,-129.65094173,384.194,True,"[6.16432555, 0.0, 0.0, 0.0, 6.16432555, 0.0, 0.0, 0.0, 6.16432555]",16.0,2.2649714375,local
5117,mp-865041,slab,-137.83557814,220.054,True,"[6.50306408, 0.0, 0.0, 0.0, 6.50306408, 0.0, 0.0, 0.0, 6.50306408]",16.0,0.0,local
5118,mp-865043,slab,-68.52055202,155.403,True,"[6.4973831, 0.0, 0.0, 0.0, 6.4973831, 0.0, 0.0, 0.0, 6.4973831]",16.0,3.125e-08,local
5119,mp-865044,slab,-90.83968404,116.143,True,"[6.3716198, -0.0, 0.0, 0.0, 6.3716198, 0.0, -0.0, -0.0, 6.3716198]",16.0,3.125e-08,local
5120,mp-865045,slab,-73.43471733,334.66,True,"[2.68083773, -4.64334715, 0.0, 2.68083773, 4.64334715, 0.0, -0.0, -0.0, 4.22847491]",8.0,0.153109025,local
5121,mp-865048,slab,-117.68957716,315.089,True,"[6.13027806, 0.0, 0.0, 0.0, 6.13027806, 0.0, 0.0, 0.0, 6.13027806]",16.0,6.25e-09,local
5122,mp-865049,slab,-98.79983136,90.872,True,"[6.52747048, 0.0, 0.0, 0.0, 6.52747048, 0.0, 0.0, 0.0, 6.52747048]",16.0,1.875e-07,local
5123,mp-865050,slab,-117.45326282,312.806,True,"[6.36825816, 0.0, 0.0, 0.0, 6.36825816, 0.0, 0.0, 0.0, 6.36825816]",16.0,6.25e-09,local
5124,mp-865066,slab,-120.13666313,296.937,True,"[6.48156727, 0.0, 0.0, 0.0, 6.48156727, 0.0, 0.0, 0.0, 6.48156727]",16.0,1.25e-08,local
5125,mp-865076,slab,-39.66294385,146.597,True,"[6.77376034, 0.0, 0.0, 0.0, 6.77376034, 0.0, 0.0, 0.0, 6.77376034]",16.0,2.5e-08,local
5126,mp-865077,slab,-15.51121253,183.737,True,"[7.21360125, 0.0, 0.0, 0.0, 7.21360125, 0.0, 0.0, 0.0, 7.21360125]",16.0,5.625e-08,local
5127,mp-865079,slab,-86.62037988,415.338,True,"[6.23618632, 0.0, 0.0, 0.0, 6.23618632, 0.0, 0.0, 0.0, 6.23618632]",16.0,1.8125e-07,local
5128,mp-865082,slab,-48.11068056,518.064,True,"[7.17747469, 0.0, 0.0, 0.0, 7.17747469, 0.0, 0.0, 0.0, 7.17747469]",16.0,1.25e-08,local
5129,mp-865088,slab,-123.7113566,436.775,True,"[6.08611539, 0.0, 0.0, 0.0, 6.08611539, 0.0, 0.0, 0.0, 6.08611539]",16.0,1.0135871625,local
5130,mp-865091,slab,-144.03193365,426.443,True,"[6.3214239, 0.0, 0.0, 0.0, 6.3214239, 0.0, 0.0, 0.0, 6.3214239]",16.0,1.1688225125,local
5131,mp-865092,slab,-66.7776925,280.565,True,"[5.92869276, 0.0, 0.0, 0.0, 5.92869276, 0.0, 0.0, 0.0, 5.92869276]",16.0,2.5e-07,local
5132,mp-865093,slab,-86.00660283,380.246,True,"[5.87874595, 0.0, 0.0, 0.0, 5.87874595, 0.0, 0.0, 0.0, 5.87874595]",16.0,1.25e-08,local
5133,mp-865121,slab,-46.71309459,809.008,True,"[7.43548047, 0.0, 0.0, 0.0, 7.43548047, 0.0, 0.0, 0.0, 7.43548047]",16.0,1.6875e-07,local
5134,mp-865123,slab,-70.61284522,222.242,True,"[6.26484816, 0.0, 0.0, 0.0, 6.26484816, 0.0, 0.0, 0.0, 6.26484816]",16.0,1.5e-07,local
5135,mp-865125,slab,-86.44958926,287.337,True,"[6.12110705, 0.0, 0.0, 0.0, 6.12110705, 0.0, 0.0, 0.0, 6.12110705]",16.0,3.6875e-07,local
5136,mp-865126,slab,-58.68101128,169.215,True,"[6.658167, 0.0, 0.0, 0.0, 6.658167, 0.0, 0.0, 0.0, 6.658167]",16.0,6.875e-08,local
5137,mp-865127,slab,-27.20879403,308.972,True,"[7.67876787, 0.0, 0.0, 0.0, 7.67876787, 0.0, 0.0, 0.0, 7.67876787]",16.0,2.75e-07,local
5138,mp-865130,slab,-160.38060659,217.151,True,"[6.55350662, 0.0, 0.0, 0.0, 6.55350662, 0.0, 0.0, 0.0, 6.55350662]",16.0,0.0,local
5139,mp-865131,slab,-165.97802393,158.269,True,"[6.52815612, 0.0, 0.0, 0.0, 6.52815612, 0.0, 0.0, 0.0, 6.52815612]",16.0,6.25e-09,local
5140,mp-865138,slab,-161.034994,179.456,True,"[6.42482497, 0.0, 0.0, 0.0, 6.42482497, 0.0, 0.0, 0.0, 6.42482497]",16.0,3.75e-08,local
5141,mp-865140,slab,-125.12956926,515.159,True,"[5.99171124, 0.0, 0.0, 0.0, 5.99171124, 0.0, 0.0, 0.0, 5.99171124]",16.0,0.53865328125,local
5142,mp-865144,slab,-21.87792487,201.507,True,"[2.93567425, -5.08473695, -0.0, 2.93567425, 5.08473695, 0.0, 0.0, -0.0, 4.9437268]",8.0,1.0125e-06,local
5143,mp-865146,slab,-40.04315349,80.505,True,"[3.98025299, 0.0, 0.0, 0.0, 3.98025299, 0.0, 0.0, 0.0, 7.17793567]",7.0,1.2857142857142858e-07,local
5144,mp-865147,slab,-85.5720949,242.968,True,"[5.46009045, 0.0, 0.0, 0.0, 5.46009045, 0.0, 0.0, 0.0, 5.46009045]",16.0,6.25e-09,local
5145,mp-865150,slab,-41.18228089,251.234,True,"[6.71830145, 0.0, 0.0, 0.0, 6.71830145, 0.0, 0.0, 0.0, 6.71830145]",16.0,1.4375e-07,local
5146,mp-865152,slab,-75.85722326,149.832,True,"[6.24445305, 0.0, 0.0, 0.0, 6.24445305, 0.0, 0.0, 0.0, 6.24445305]",16.0,4.375e-08,local
5147,mp-865155,slab,-92.28369664,189.134,True,"[6.09446117, 0.0, 0.0, 0.0, 6.09446117, 0.0, 0.0, 0.0, 6.09446117]",16.0,1.875e-08,local
5148,mp-865160,slab,-100.06507813,176.362,True,"[6.14971512, 0.0, 0.0, 0.0, 6.14971512, 0.0, 0.0, 0.0, 6.14971512]",16.0,6.875e-08,local
5149,mp-865162,slab,-91.81631194,287.489,True,"[6.11071757, 0.0, 0.0, 0.0, 6.11071757, 0.0, 0.0, 0.0, 6.11071757]",16.0,1.5625e-07,local
5150,mp-865163,slab,-125.00807084,281.233,True,"[6.12907752, 0.0, 0.0, 0.0, 6.12907752, 0.0, 0.0, 0.0, 6.12907752]",16.0,3.125e-08,local
5151,mp-865164,slab,-74.14702944,390.56,True,"[6.37794309, 0.0, 0.0, 0.0, 6.37794309, 0.0, 0.0, 0.0, 6.37794309]",16.0,1.25e-08,local
5152,mp-865165,slab,-127.28588606,328.253,True,"[6.28854294, -0.0, 0.0, 0.0, 6.28854294, 0.0, -0.0, 0.0, 6.28854294]",16.0,0.28056943125,local
5153,mp-865166,slab,-79.62000371,311.059,True,"[4.02179696, 0.0, 0.0, 0.0, 11.80392691, 0.0, 0.0, 0.0, 4.01656984]",12.0,0.0,local
5154,mp-865167,slab,-40.78673981,322.464,True,"[7.77200733, 0.0, 0.0, 0.0, 7.77200733, 0.0, 0.0, 0.0, 7.77200733]",16.0,6.25e-09,local
5155,mp-865168,slab,-35.78976036,94.287,True,"[3.14924912, -0.0, 0.0, 0.0, 3.14924912, 0.0, 0.0, 0.0, 6.83892204]",8.0,2.5e-08,local
5156,mp-865170,slab,-109.32964509,402.946,True,"[6.0355295, 0.0, 0.0, 0.0, 6.0355295, 0.0, 0.0, 0.0, 6.0355295]",16.0,1.0650361375,local
5157,mp-865174,slab,-111.15232345,177.056,True,"[6.453473, 0.0, 0.0, 0.0, 6.453473, 0.0, 0.0, 0.0, 6.453473]",16.0,6.25e-09,local
5158,mp-865176,slab,-85.79520994,354.312,True,"[6.1231548, 0.0, 0.0, 0.0, 6.1231548, 0.0, 0.0, 0.0, 6.1231548]",16.0,6.25e-09,local
5159,mp-865178,slab,-158.2939323,273.203,True,"[6.54488368, 0.0, 0.0, 0.0, 6.54488368, 0.0, 0.0, 0.0, 6.54488368]",16.0,6.25e-09,local
5160,mp-865179,slab,-165.69869599,198.53,True,"[6.40336504, 0.0, 0.0, 0.0, 6.40336504, 0.0, 0.0, 0.0, 6.40336504]",16.0,0.035013825,local
5161,mp-865183,slab,-41.821167,103.29,True,"[6.56440206, 0.0, 0.0, 0.0, 6.56440206, 0.0, 0.0, -0.0, 6.56440206]",16.0,7.25e-07,local
5162,mp-865184,slab,-85.8755878,319.328,True,"[6.37146431, 0.0, 0.0, 0.0, 6.37146431, 0.0, 0.0, 0.0, 6.37146431]",16.0,2.5e-08,local
5163,mp-865186,slab,-95.53347618,689.11,True,"[6.14077981, 0.0, 0.0, 0.0, 6.14077981, 0.0, 0.0, 0.0, 6.14077981]",16.0,5e-08,local
5164,mp-865187,slab,-101.58906568,261.258,True,"[6.09523018, 0.0, 0.0, 0.0, 6.09523018, 0.0, 0.0, 0.0, 6.09523018]",16.0,1.050578125,local
5165,mp-865191,slab,-127.02605707,585.369,True,"[5.99851575, 0.0, 0.0, 0.0, 5.99851575, 0.0, 0.0, 0.0, 5.99851575]",16.0,1.007723225,local
5166,mp-865193,slab,-55.16488329,215.488,True,"[2.61141704, -4.523107, 0.0, 2.61141704, 4.523107, 0.0, 0.0, -0.0, 4.13355604]",8.0,1.4282909625,local
5167,mp-865212,slab,-74.39308356,171.005,True,"[2.54144789, -4.40191686, -0.0, 2.54144789, 4.40191686, -0.0, -0.0, 0.0, 4.04845576]",8.0,5.1775e-05,local
5168,mp-865228,slab,-96.60037008,239.947,True,"[6.33915848, 0.0, 0.0, 0.0, 6.33915848, 0.0, 0.0, 0.0, 6.33915848]",16.0,6.875e-08,local
5169,mp-865229,slab,-96.5384453,149.998,True,"[5.4259857, 0.0, 0.0, 0.0, 5.4259857, 0.0, 0.0, 0.0, 5.4259857]",16.0,1.125e-07,local
5170,mp-865231,slab,-54.58510261,244.766,True,"[7.10962617, 0.0, 0.0, 0.0, 7.10962617, 0.0, 0.0, 0.0, 7.10962617]",16.0,1.25e-07,local
5171,mp-865232,slab,-65.97553067,146.949,True,"[6.5655265, 0.0, 0.0, 0.0, 6.5655265, 0.0, 0.0, 0.0, 6.5655265]",16.0,0.0,local
5172,mp-865234,slab,-130.63218952,497.33,True,"[6.19032501, 0.0, 0.0, 0.0, 6.19032501, 0.0, 0.0, 0.0, 6.19032501]",16.0,6.25e-09,local
5173,mp-865247,slab,-118.86047763,395.41,True,"[6.06854162, 0.0, 0.0, 0.0, 6.06854162, 0.0, 0.0, 0.0, 6.06854162]",16.0,1.0767263125,local
5174,mp-865278,slab,-153.30960879,255.488,True,"[6.22086084, 0.0, 0.0, 0.0, 6.22086084, 0.0, 0.0, -0.0, 6.22086084]",16.0,0.0,local
5175,mp-865280,slab,-128.16180598,322.613,True,"[5.90743959, 0.0, 0.0, 0.0, 5.90743959, 0.0, 0.0, 0.0, 5.90743959]",16.0,6.25e-09,local
5176,mp-865308,slab,-80.62807125,192.348,True,"[5.47341886, 0.0, 0.0, 0.0, 5.47341886, 0.0, 0.0, 0.0, 5.47341886]",16.0,1.125e-07,local
5177,mp-865342,slab,-23.68818247,273.405,True,"[3.7159114, 0.0, 0.0, 0.0, 3.7159114, 0.0, 0.0, 0.0, 8.14507128]",8.0,0.0,local
5178,mp-865355,slab,-21.9374048,166.552,True,"[3.79210702, 0.0, 0.0, 0.0, 3.79210702, 0.0, 0.0, 0.0, 8.06879739]",8.0,0.0,local
5179,mp-865357,slab,-19.88669377,169.13,True,"[3.76464637, 0.0, 0.0, 0.0, 3.76464637, 0.0, 0.0, 0.0, 8.1851378]",8.0,0.0,local
5180,mp-865362,slab,-26.05148351,342.418,True,"[3.72909411, 0.0, 0.0, 0.0, 3.72909411, 0.0, 0.0, 0.0, 8.126783]",8.0,0.0,local
5181,mp-865373,slab,-83.28641479,3068.354,True,"[1.94402177, -3.36714448, 0.0, 1.94402177, 3.36714448, -0.0, 0.0, 0.0, 20.54858494]",12.0,0.1031098416666666,local
5182,mp-865376,slab,-45.22529303,82.836,True,"[7.32326911, 0.0, 0.0, 0.0, 7.32326911, 0.0, -0.0, 0.0, 7.32326911]",16.0,9.375e-08,local
5183,mp-865382,slab,-149.30946598,697.877,True,"[5.98230755, 0.0, 0.0, 0.0, 5.98230755, 0.0, 0.0, 0.0, 5.98230755]",16.0,6.25e-09,local
5184,mp-865385,slab,-161.88647364,519.636,True,"[6.02614383, 0.0, 0.0, 0.0, 6.02614383, 0.0, 0.0, 0.0, 6.02614383]",16.0,9.375e-08,local
5185,mp-865425,slab,-36.1135588,143.256,True,"[3.94302437, 0.0, 0.0, 0.0, 3.94302437, 0.0, 0.0, 0.0, 7.71485347]",8.0,5e-08,local
5186,mp-865430,slab,-12.23206031,30.907,True,"[2.05299377, -3.55588951, -0.0, 2.05299377, 3.55588951, 0.0, -0.0, 0.0, 4.055918]",2.0,0.378813,local
5187,mp-865432,slab,-119.09437948,434.644,True,"[6.82421091, -0.0, 0.0, 0.0, 6.82421091, 0.0, -0.0, -0.0, 6.82421091]",16.0,3.125e-08,local
5188,mp-865433,slab,-97.39155988,180.433,True,"[7.1137412, 0.0, 0.0, 0.0, 7.1137412, 0.0, -0.0, -0.0, 7.1137412]",16.0,1.875e-08,local
5189,mp-865441,slab,-100.04331937,252.658,True,"[6.25390747, 0.0, 0.0, 0.0, 6.25390747, 0.0, 0.0, 0.0, 6.25390747]",16.0,2.5e-08,local
5190,mp-865442,slab,-145.64429244,276.564,True,"[6.1227668, 0.0, 0.0, 0.0, 6.1227668, 0.0, 0.0, 0.0, 6.1227668]",16.0,0.0,local
5191,mp-865444,slab,-93.69215532,153.889,True,"[6.61070265, 0.0, 0.0, 0.0, 6.61070265, 0.0, 0.0, 0.0, 6.61070265]",16.0,1.1875e-07,local
5192,mp-865448,slab,-126.30793961,472.08,True,"[6.10218766, 0.0, 0.0, 0.0, 6.10218766, 0.0, 0.0, 0.0, 6.10218766]",16.0,4.375e-08,local
5193,mp-865462,slab,-157.52352678,325.356,True,"[5.90774075, 0.0, 0.0, 0.0, 5.90774075, 0.0, 0.0, 0.0, 5.90774075]",16.0,1.125e-07,local
5194,mp-865465,slab,-113.8705763,588.045,True,"[5.76957243, 0.0, 0.0, 0.0, 5.76957243, 0.0, 0.0, 0.0, 5.76957243]",16.0,0.7246412125,local
5195,mp-865469,slab,-143.53769443,398.61,True,"[6.07280684, -0.0, 0.0, 0.0, 6.07280684, 0.0, -0.0, -0.0, 6.07280684]",16.0,0.12227485,local
5196,mp-865484,slab,-163.7782089,516.547,True,"[5.9570007, 0.0, 0.0, 0.0, 5.9570007, 0.0, 0.0, 0.0, 5.9570007]",16.0,1.18125e-06,local
5197,mp-865485,slab,-159.84381383,698.76,True,"[5.93696411, -0.0, 0.0, 0.0, 5.93696411, 0.0, -0.0, -0.0, 5.93696411]",16.0,2.21125e-05,local
5198,mp-865486,slab,-117.4329253,392.367,True,"[6.00947267, 0.0, 0.0, 0.0, 6.00947267, 0.0, 0.0, 0.0, 6.00947267]",16.0,9.375e-08,local
5199,mp-865487,slab,-104.91573342,553.071,True,"[6.03684757, 0.0, 0.0, 0.0, 6.03684757, 0.0, 0.0, -0.0, 6.03684757]",16.0,0.186440375,local
5200,mp-865494,slab,-150.91238754,496.641,True,"[5.91976433, 0.0, 0.0, 0.0, 5.91976433, 0.0, 0.0, 0.0, 5.91976433]",16.0,6.25e-09,local
5201,mp-865496,slab,-75.17368564,110.68,True,"[2.73148937, -4.73107836, 0.0, 2.73148937, 4.73107836, 0.0, 0.0, 0.0, 4.35221125]",8.0,6.75e-07,local
5202,mp-865497,slab,-171.70271763,362.196,True,"[6.05001757, 0.0, 0.0, 0.0, 6.05001757, 0.0, 0.0, 0.0, 6.05001757]",16.0,3.58125e-06,local
5203,mp-865503,slab,-55.32477814,239.228,True,"[6.99697444, 0.0, 0.0, 0.0, 6.99697444, 0.0, 0.0, 0.0, 6.99697444]",16.0,1.6375e-06,local
5204,mp-865504,slab,-67.93129341,205.398,True,"[6.84921759, 0.0, 0.0, 0.0, 6.84921759, 0.0, 0.0, 0.0, 6.84921759]",16.0,8.75e-08,local
5205,mp-865506,slab,-152.99266797,271.528,True,"[5.98129431, 0.0, 0.0, 0.0, 5.98129431, 0.0, 0.0, -0.0, 5.98129431]",16.0,0.22787738125,local
5206,mp-865507,slab,-140.31711396,304.059,True,"[5.93353647, 0.0, 0.0, 0.0, 5.93353647, 0.0, -0.0, 0.0, 5.93353647]",16.0,0.2348124875,local
5207,mp-865512,slab,-42.92953956,190.281,True,"[7.21707574, 0.0, 0.0, 0.0, 7.21707574, 0.0, 0.0, 0.0, 7.21707574]",16.0,2.75e-07,local
5208,mp-865513,slab,-97.68690085,165.414,True,"[6.81744034, -0.0, 0.0, 0.0, 6.81744034, 0.0, -0.0, -0.0, 6.81744034]",16.0,3.125e-08,local
5209,mp-865514,slab,-78.01045183,732.345,True,"[7.05787217, 0.0, 0.0, 0.0, 7.05787217, 0.0, 0.0, 0.0, 7.05787217]",16.0,0.0,local
5210,mp-865515,slab,-46.13652703,132.772,True,"[6.84535656, 0.0, 0.0, 0.0, 6.84535656, 0.0, 0.0, -0.0, 6.84535656]",16.0,0.0,local
5211,mp-865517,slab,-98.05994056,230.11,True,"[6.45781092, -0.0, 0.0, 0.0, 6.45781092, 0.0, -0.0, -0.0, 6.45781092]",16.0,3.125e-08,local
5212,mp-865518,slab,-111.42179231,300.025,True,"[6.65218211, 0.0, 0.0, 0.0, 6.65218211, 0.0, 0.0, 0.0, 6.65218211]",16.0,1.8125e-07,local
5213,mp-865519,slab,-152.14622091,211.497,True,"[6.54291521, 0.0, 0.0, 0.0, 6.54291521, 0.0, 0.0, 0.0, 6.54291521]",16.0,1.875e-08,local
5214,mp-865520,slab,-82.02821671,223.986,True,"[6.79199653, 0.0, 0.0, 0.0, 6.79199653, 0.0, 0.0, 0.0, 6.79199653]",16.0,8.125e-08,local
5215,mp-865522,slab,-65.44818245,194.007,True,"[6.97825747, 0.0, 0.0, 0.0, 6.97825747, 0.0, 0.0, 0.0, 6.97825747]",16.0,5e-08,local
5216,mp-865523,slab,-134.38954959,383.743,True,"[6.14550084, 0.0, 0.0, 0.0, 6.14550084, 0.0, 0.0, 0.0, 6.14550084]",16.0,1.19995306875,local
5217,mp-865524,slab,-90.52702746,219.721,True,"[6.7905902, 0.0, 0.0, 0.0, 6.7905902, 0.0, 0.0, 0.0, 6.7905902]",16.0,0.0,local
5218,mp-865527,slab,-38.88663967,205.864,True,"[3.14718374, -5.45108215, 0.0, 3.14718374, 5.45108215, 0.0, -0.0, 0.0, 4.59102487]",8.0,1.25e-08,local
5219,mp-865529,slab,-130.35911011,621.077,True,"[6.13751828, 0.0, 0.0, 0.0, 6.13751828, 0.0, 0.0, 0.0, 6.13751828]",16.0,1.25e-08,local
5220,mp-865531,slab,-123.52391286,402.605,True,"[5.95049948, -0.0, 0.0, 0.0, 5.95049948, 0.0, -0.0, -0.0, 5.95049948]",16.0,0.73748628125,local
5221,mp-865533,slab,-166.33797525,362.823,True,"[6.20347656, 0.0, 0.0, 0.0, 6.20347656, 0.0, 0.0, 0.0, 6.20347656]",16.0,2.1875e-07,local
5222,mp-865537,slab,-128.06782728,336.335,True,"[5.8413691, -0.0, 0.0, 0.0, 5.8413691, 0.0, -0.0, -0.0, 5.8413691]",16.0,1.23887888125,local
5223,mp-865538,slab,-140.96891469,381.014,True,"[6.26438323, 0.0, 0.0, 0.0, 6.26438323, 0.0, 0.0, 0.0, 6.26438323]",16.0,7.5e-08,local
5224,mp-865548,slab,-101.73746484,352.806,True,"[6.07760401, 0.0, 0.0, 0.0, 6.07760401, 0.0, 0.0, 0.0, 6.07760401]",16.0,0.26441180625,local
5225,mp-865554,slab,-130.28887905,409.221,True,"[5.75340825, 0.0, 0.0, 0.0, 5.75340825, 0.0, 0.0, 0.0, 5.75340825]",16.0,0.24178035625,local
5226,mp-865560,slab,-77.44247131,197.315,True,"[7.19735335, 0.0, 0.0, 0.0, 7.19735335, 0.0, 0.0, -0.0, 7.19735335]",16.0,3.75e-08,local
5227,mp-865561,slab,-104.70214014,321.332,True,"[7.02179312, 0.0, 0.0, 0.0, 7.02179312, 0.0, 0.0, 0.0, 7.02179312]",16.0,4.375e-08,local
5228,mp-865562,slab,-43.61537496,89.998,True,"[3.16985282, 0.0, 0.0, 0.0, 3.16985282, 0.0, 0.0, 0.0, 7.50185498]",8.0,2.5e-08,local
5229,mp-865569,slab,-145.31186708,448.579,True,"[6.08767335, 0.0, 0.0, 0.0, 6.08767335, 0.0, 0.0, 0.0, 6.08767335]",16.0,3.75e-08,local
5230,mp-865577,slab,-38.05624332,252.815,True,"[6.39923782, 0.0, 0.0, 0.0, 6.39923782, 0.0, 0.0, 0.0, 6.39923782]",16.0,1.875e-08,local
5231,mp-865582,slab,-45.25572754,234.113,True,"[6.26325239, 0.0, 0.0, 0.0, 6.26325239, 0.0, 0.0, 0.0, 6.26325239]",16.0,5.625e-08,local
5232,mp-865583,slab,-58.42300718,682.792,True,"[3.7138801, -0.0, 0.0, 0.0, 17.17812048, 0.0, -0.0, -0.0, 5.47257385]",12.0,1.0833333333333335e-07,local
5233,mp-865585,slab,-133.30804047,566.397,True,"[6.02889191, 0.0, 0.0, 0.0, 6.02889191, 0.0, 0.0, 0.0, 6.02889191]",16.0,0.2547086625,local
5234,mp-865586,slab,-128.55748976,478.41,True,"[6.01771739, 0.0, 0.0, 0.0, 6.01771739, 0.0, 0.0, 0.0, 6.01771739]",16.0,0.0,local
5235,mp-865587,slab,-104.21873393,321.273,True,"[6.91310704, 0.0, 0.0, 0.0, 6.91310704, 0.0, 0.0, 0.0, 6.91310704]",16.0,1.25e-08,local
5236,mp-865588,slab,-108.33508118,302.64,True,"[6.87411382, 0.0, 0.0, 0.0, 6.87411382, 0.0, 0.0, 0.0, 6.87411382]",16.0,8.75e-08,local
5237,mp-865591,slab,-132.7861692,472.968,True,"[6.16233407, 0.0, 0.0, 0.0, 6.16233407, 0.0, 0.0, 0.0, 6.16233407]",16.0,6.25e-08,local
5238,mp-865592,slab,-98.39665276,262.147,True,"[6.96287983, 0.0, 0.0, 0.0, 6.96287983, 0.0, 0.0, 0.0, 6.96287983]",16.0,1.25e-08,local
5239,mp-865594,slab,-111.24709406,308.413,True,"[6.89672049, -0.0, 0.0, 0.0, 6.89672049, 0.0, -0.0, -0.0, 6.89672049]",16.0,3.125e-08,local
5240,mp-865598,slab,-34.65175111,731.249,True,"[3.16121979, -5.47539329, 0.0, 3.16121979, 5.47539329, -0.0, 0.0, -0.0, 4.52425251]",8.0,2.25e-07,local
5241,mp-865600,slab,-122.06404203,186.411,True,"[6.93338635, 0.0, 0.0, 0.0, 6.93338635, 0.0, 0.0, 0.0, 6.93338635]",16.0,4.375e-08,local
5242,mp-865602,slab,-77.32469896,58.626,True,"[7.36162081, 0.0, 0.0, 0.0, 7.36162081, 0.0, 0.0, 0.0, 7.36162081]",16.0,2.054375e-05,local
5243,mp-865603,slab,-129.23959352,224.549,True,"[6.85801583, 0.0, 0.0, 0.0, 6.85801583, 0.0, 0.0, 0.0, 6.85801583]",16.0,1.8125e-07,local
5244,mp-865611,slab,-48.64869625,282.811,True,"[2.77274618, 0.0, 0.0, 0.0, 4.75729446, 0.0, 0.0, 0.0, 8.78847696]",8.0,0.0,local
5245,mp-865612,slab,-9.82705315,112.82,True,"[3.0945, -5.35983122, -0.0, 3.0945, 5.35983122, -0.0, -0.0, -0.0, 4.94392518]",8.0,0.0,local
5246,mp-865615,slab,-114.58934641,294.32,True,"[5.951393, 0.0, 0.0, 0.0, 5.951393, 0.0, 0.0, 0.0, 5.951393]",16.0,0.0,local
5247,mp-865640,slab,-134.08339485,681.573,True,"[6.08190632, 0.0, 0.0, 0.0, 6.08190632, 0.0, 0.0, 0.0, 6.08190632]",16.0,6.25e-09,local
5248,mp-865641,slab,-115.95716236,464.837,True,"[6.79389554, -0.0, 0.0, 0.0, 6.79389554, 0.0, -0.0, 0.0, 6.79389554]",16.0,2.75e-07,local
5249,mp-865651,slab,-69.53197484,353.416,True,"[7.54901397, 0.0, 0.0, 0.0, 7.54901397, 0.0, -0.0, -0.0, 7.54901397]",16.0,7.31875e-06,local
5250,mp-865652,slab,-133.30786484,569.535,True,"[5.78337365, 0.0, 0.0, 0.0, 5.78337365, 0.0, 0.0, 0.0, 5.78337365]",16.0,0.49619576875,local
5251,mp-865653,slab,-177.78955565,266.648,True,"[6.32142692, 0.0, 0.0, 0.0, 6.32142692, 0.0, 0.0, 0.0, 6.32142692]",16.0,4.34375e-06,local
5252,mp-865654,slab,-77.31802451,391.948,True,"[7.4594483, 0.0, 0.0, 0.0, 7.4594483, 0.0, 0.0, 0.0, 7.4594483]",16.0,2.5e-08,local
5253,mp-865656,slab,-158.9287749,353.825,True,"[5.95345562, 0.0, 0.0, 0.0, 5.95345562, 0.0, 0.0, 0.0, 5.95345562]",16.0,5.625e-08,local
5254,mp-865659,slab,-101.41281452,223.133,True,"[6.97268074, 0.0, 0.0, 0.0, 6.97268074, 0.0, 0.0, 0.0, 6.97268074]",16.0,3.3125e-07,local
5255,mp-865664,slab,-188.03449079,325.915,True,"[6.25709918, 0.0, 0.0, 0.0, 6.25709918, 0.0, 0.0, 0.0, 6.25709918]",16.0,3.5625e-07,local
5256,mp-865666,slab,-38.79708622,93.291,True,"[6.58608943, 0.0, 0.0, 0.0, 6.58608943, 0.0, 0.0, 0.0, 6.58608943]",16.0,1.25e-08,local
5257,mp-865671,slab,-73.22228325,316.081,True,"[7.36276822, 0.0, 0.0, 0.0, 7.36276822, 0.0, 0.0, 0.0, 7.36276822]",16.0,8.125e-08,local
5258,mp-865678,slab,-143.71095428,785.511,True,"[5.84711892, -0.0, 0.0, 0.0, 5.84711892, 0.0, -0.0, -0.0, 5.84711892]",16.0,0.13095190625,local
5259,mp-865679,slab,-97.88979568,226.031,True,"[6.46880917, 0.0, 0.0, 0.0, 6.46880917, 0.0, 0.0, 0.0, 6.46880917]",16.0,1.5625e-07,local
5260,mp-865680,slab,-152.88884476,189.21,True,"[6.04342671, 0.0, 0.0, 0.0, 6.04342671, 0.0, 0.0, 0.0, 6.04342671]",16.0,1.25e-08,local
5261,mp-865681,slab,-140.80502486,335.221,True,"[5.99449623, 0.0, 0.0, 0.0, 5.99449623, 0.0, 0.0, 0.0, 5.99449623]",16.0,6.25e-09,local
5262,mp-865707,slab,-115.05523179,492.64,True,"[6.35638867, 0.0, 0.0, 0.0, 6.35638867, 0.0, 0.0, 0.0, 6.35638867]",16.0,5.625e-08,local
5263,mp-865710,slab,-54.93152352,321.953,True,"[6.72758229, 0.0, 0.0, 0.0, 6.72758229, 0.0, 0.0, -0.0, 6.72758229]",16.0,6.25e-09,local
5264,mp-865711,slab,-43.48335022,82.148,True,"[6.54653451, 0.0, 0.0, 0.0, 6.54653451, 0.0, -0.0, 0.0, 6.54653451]",16.0,0.0,local
5265,mp-865712,slab,-125.97065733,1032.622,True,"[5.97501301, 0.0, 0.0, 0.0, 5.97501301, 0.0, 0.0, 0.0, 5.97501301]",16.0,1.25e-08,local
5266,mp-865717,slab,-159.93881793,433.076,True,"[6.21077788, 0.0, 0.0, 0.0, 6.21077788, 0.0, 0.0, 0.0, 6.21077788]",16.0,3.125e-07,local
5267,mp-865728,slab,-141.09609559,653.235,True,"[6.13600131, 0.0, 0.0, 0.0, 6.13600131, 0.0, 0.0, 0.0, 6.13600131]",16.0,4.5625e-07,local
5268,mp-865729,slab,-50.28299237,93.011,True,"[7.089498, 0.0, 0.0, 0.0, 7.089498, 0.0, 0.0, 0.0, 7.089498]",16.0,0.000414525,local
5269,mp-865730,slab,-67.22790947,211.066,True,"[6.42739598, 0.0, 0.0, 0.0, 6.42739598, 0.0, 0.0, 0.0, 6.42739598]",16.0,8.75e-08,local
5270,mp-865743,slab,-96.0535422,409.182,True,"[6.09665411, 0.0, 0.0, 0.0, 6.09665411, 0.0, 0.0, 0.0, 6.09665411]",16.0,3.1875e-07,local
5271,mp-865768,slab,-151.77655536,379.928,True,"[6.08974644, -0.0, 0.0, 0.0, 6.08974644, 0.0, -0.0, -0.0, 6.08974644]",16.0,0.13179874375,local
5272,mp-865779,slab,-92.73541598,426.169,True,"[5.92596962, 0.0, 0.0, 0.0, 5.92596962, 0.0, 0.0, 0.0, 5.92596962]",16.0,6.375e-07,local
5273,mp-865780,slab,-119.23860733,777.29,True,"[5.94071988, -0.0, 0.0, 0.0, 5.94071988, 0.0, -0.0, -0.0, 5.94071988]",16.0,0.736078875,local
5274,mp-865786,slab,-25.47221736,43.597,True,"[3.90461683, -0.0, 0.0, 0.0, 3.90461683, 0.0, -0.0, -0.0, 3.90461683]",4.0,0.687732375,local
5275,mp-865791,slab,-139.93507511,390.956,True,"[5.91846059, 0.0, 0.0, 0.0, 5.91846059, 0.0, 0.0, 0.0, 5.91846059]",16.0,0.50279615625,local
5276,mp-865792,slab,-88.95847445,188.812,True,"[5.44461217, 0.0, 0.0, 0.0, 5.44461217, 0.0, 0.0, 0.0, 5.44461217]",16.0,1.25e-08,local
5277,mp-865793,slab,-95.27838577,177.295,True,"[6.56571513, 0.0, 0.0, 0.0, 6.56571513, 0.0, -0.0, -0.0, 6.56571513]",16.0,3.375e-07,local
5278,mp-865795,slab,-100.07315598,167.486,True,"[6.54781664, 0.0, 0.0, 0.0, 6.54781664, 0.0, 0.0, 0.0, 6.54781664]",16.0,1.25e-08,local
5279,mp-865798,slab,-28.94515397,442.312,True,"[2.64178412, -4.57570432, 0.0, 2.64178412, 4.57570432, 0.0, -0.0, 0.0, 4.20914719]",8.0,0.0,local
5280,mp-865803,slab,-141.05658441,524.266,True,"[6.28429221, 0.0, 0.0, 0.0, 6.28429221, 0.0, 0.0, 0.0, 6.28429221]",16.0,6.25e-09,local
5281,mp-865804,slab,-118.20658976,408.286,True,"[6.20926148, 0.0, 0.0, 0.0, 6.20926148, 0.0, 0.0, 0.0, 6.20926148]",16.0,5.625e-08,local
5282,mp-865805,slab,-111.49663607,250.834,True,"[5.91469977, 0.0, 0.0, 0.0, 5.91469977, 0.0, 0.0, 0.0, 5.91469977]",16.0,0.240668875,local
5283,mp-865807,slab,-151.85662437,636.191,True,"[6.24802292, 0.0, 0.0, 0.0, 6.24802292, 0.0, 0.0, 0.0, 6.24802292]",16.0,1.1875e-07,local
5284,mp-865838,slab,-108.41598492,241.569,True,"[5.80892942, 0.0, 0.0, 0.0, 5.80892942, 0.0, 0.0, 0.0, 5.80892942]",16.0,1.25e-08,local
5285,mp-865842,slab,-156.41968489,507.804,True,"[6.1727206, 0.0, 0.0, 0.0, 6.1727206, 0.0, 0.0, 0.0, 6.1727206]",16.0,0.0,local
5286,mp-865863,slab,-50.65124614,250.315,True,"[6.35638862, 0.0, 0.0, 0.0, 6.35638862, 0.0, -0.0, 0.0, 6.35638862]",16.0,5e-08,local
5287,mp-865866,slab,-104.97966194,114.195,True,"[6.41025637, 0.0, 0.0, 0.0, 6.41025637, 0.0, 0.0, 0.0, 6.41025637]",16.0,2.5e-08,local
5288,mp-865867,slab,-53.95747886,117.158,True,"[6.82293334, 0.0, 0.0, 0.0, 6.82293334, 0.0, 0.0, -0.0, 6.82293334]",16.0,1.1875e-07,local
5289,mp-865868,slab,-110.07458805,357.135,True,"[6.26396348, 0.0, 0.0, 0.0, 6.26396348, 0.0, 0.0, 0.0, 6.26396348]",16.0,3.75e-08,local
5290,mp-865869,slab,-76.75123414,204.619,True,"[5.56963388, 0.0, 0.0, 0.0, 5.56963388, 0.0, 0.0, 0.0, 5.56963388]",16.0,5e-08,local
5291,mp-865870,slab,-126.10085211,111.895,True,"[6.58846029, 0.0, 0.0, 0.0, 6.58846029, 0.0, -0.0, -0.0, 6.58846029]",16.0,6.875e-08,local
5292,mp-865871,slab,-38.93970856,225.727,True,"[6.21973505, 0.0, 0.0, 0.0, 6.21973505, 0.0, 0.0, 0.0, 6.21973505]",16.0,3.125e-08,local
5293,mp-865872,slab,-127.99168834,87.579,True,"[6.61612384, 0.0, 0.0, 0.0, 6.61612384, 0.0, 0.0, 0.0, 6.61612384]",16.0,4.909375e-05,local
5294,mp-865875,slab,-36.34162984,41.254,True,"[6.4055294, 0.0, 0.0, 0.0, 6.4055294, 0.0, 0.0, 0.0, 6.4055294]",16.0,5.125e-07,local
5295,mp-865877,slab,-147.34977108,535.653,True,"[6.26448486, -0.0, 0.0, 0.0, 6.26448486, 0.0, -0.0, -0.0, 6.26448486]",16.0,1.1875e-07,local
5296,mp-865879,slab,-45.55704518,268.22,True,"[6.27876962, 0.0, 0.0, 0.0, 6.27876962, 0.0, 0.0, 0.0, 6.27876962]",16.0,1e-07,local
5297,mp-865888,slab,-129.39281993,450.839,True,"[6.2959572, 0.0, 0.0, 0.0, 6.2959572, 0.0, 0.0, 0.0, 6.2959572]",16.0,3.125e-08,local
5298,mp-865895,slab,-107.92880562,615.997,True,"[6.05536034, 0.0, 0.0, 0.0, 6.05536034, 0.0, 0.0, 0.0, 6.05536034]",16.0,2e-07,local
5299,mp-865898,slab,-97.63817494,252.178,True,"[5.80323862, 0.0, 0.0, 0.0, 5.80323862, 0.0, 0.0, 0.0, 5.80323862]",16.0,1.875e-08,local
5300,mp-865899,slab,-144.50060317,178.475,True,"[6.317938, 0.0, 0.0, 0.0, 6.317938, 0.0, 0.0, 0.0, 6.317938]",16.0,0.55729200625,local
5301,mp-8658,slab,-17.97670519,627.102,True,"[5.03073129, 0.0, 0.0, 0.0, 5.03073129, 0.0, -0.0, -0.0, 8.23422243]",6.0,1.6666666666666667e-08,local
5302,mp-865900,slab,-51.40119919,360.527,True,"[4.07349975, 0.0, 0.0, 0.0, 4.07349975, 0.0, 0.0, 0.0, 8.87787251]",8.0,0.0,local
5303,mp-865901,slab,-102.48939488,138.951,True,"[5.36080644, 0.0, 0.0, 0.0, 5.36080644, 0.0, 0.0, 0.0, 5.36080644]",16.0,3.0625e-07,local
5304,mp-865904,slab,-117.92625353,175.022,True,"[5.78000366, 0.0, 0.0, 0.0, 5.78000366, 0.0, 0.0, 0.0, 5.78000366]",16.0,1.25e-08,local
5305,mp-865907,slab,-23.58807874,289.178,True,"[6.1144546, 0.0, 0.0, 0.0, 6.1144546, 0.0, 0.0, 0.0, 6.1144546]",16.0,1.25e-08,local
5306,mp-865910,slab,-18.23623575,115.324,True,"[2.95729436, -5.12218408, 0.0, 2.95729436, 5.12218408, -0.0, -0.0, 0.0, 4.89633464]",8.0,1.25e-08,local
5307,mp-865912,slab,-51.98994658,266.044,True,"[6.03003338, 0.0, 0.0, 0.0, 6.03003338, 0.0, 0.0, 0.0, 6.03003338]",16.0,1.25e-08,local
5308,mp-865916,slab,-173.05089085,429.506,True,"[6.14891472, 0.0, 0.0, 0.0, 6.14891472, 0.0, 0.0, 0.0, 6.14891472]",16.0,1.5e-07,local
5309,mp-865919,slab,-45.6537658,82.008,True,"[6.51678514, 0.0, 0.0, 0.0, 6.51678514, 0.0, -0.0, 0.0, 6.51678514]",16.0,2.375e-07,local
5310,mp-865921,slab,-102.73321888,138.376,True,"[6.10737948, 0.0, 0.0, 0.0, 6.10737948, 0.0, 0.0, 0.0, 6.10737948]",16.0,1.125e-07,local
5311,mp-865924,slab,-76.40803817,225.998,True,"[6.60682436, 0.0, 0.0, 0.0, 6.60682436, 0.0, 0.0, 0.0, 6.60682436]",16.0,2.5e-08,local
5312,mp-865925,slab,-122.22577853,293.006,True,"[6.28681926, 0.0, 0.0, 0.0, 6.28681926, 0.0, 0.0, 0.0, 6.28681926]",16.0,1.375e-07,local
5313,mp-865926,slab,-59.7350798,184.315,True,"[6.50377656, 0.0, 0.0, 0.0, 6.50377656, 0.0, 0.0, 0.0, 6.50377656]",16.0,1.25e-08,local
5314,mp-865929,slab,-62.27448536,119.285,True,"[6.51272189, 0.0, 0.0, 0.0, 6.51272189, 0.0, 0.0, 0.0, 6.51272189]",16.0,3.75e-08,local
5315,mp-865930,slab,-68.23744847,377.687,True,"[6.0035496, 0.0, 0.0, 0.0, 6.0035496, 0.0, 0.0, 0.0, 6.0035496]",16.0,3.75e-08,local
5316,mp-865933,slab,-111.13243764,107.466,True,"[5.8185174, 0.0, 0.0, 0.0, 5.8185174, 0.0, 0.0, 0.0, 5.8185174]",16.0,4.375e-08,local
5317,mp-865948,slab,-151.9624695,531.665,True,"[6.20615735, 0.0, 0.0, 0.0, 6.20615735, 0.0, 0.0, 0.0, 6.20615735]",16.0,1.875e-08,local
5318,mp-865960,slab,-89.1573803,155.047,True,"[2.70463992, -4.68457376, -0.0, 2.70463992, 4.68457376, 0.0, 0.0, -0.0, 4.33464153]",8.0,2.325e-06,local
5319,mp-865963,slab,-44.66708995,221.451,True,"[6.36820448, 0.0, 0.0, 0.0, 6.36820448, 0.0, 0.0, 0.0, 6.36820448]",16.0,6.25e-08,local
5320,mp-865966,slab,-112.95857713,123.633,True,"[5.84386636, 0.0, 0.0, 0.0, 5.84386636, 0.0, 0.0, 0.0, 5.84386636]",16.0,1.875e-08,local
5321,mp-865985,slab,-34.85487393,226.181,True,"[4.03639298, 0.0, 0.0, 0.0, 4.03639298, 0.0, 0.0, 0.0, 8.02001621]",8.0,0.0,local
5322,mp-865987,slab,-52.39099514,163.269,True,"[6.11572603, 0.0, 0.0, 0.0, 6.11572603, 0.0, 0.0, 0.0, 6.11572603]",16.0,0.0,local
5323,mp-865989,slab,-116.10103877,158.57,True,"[6.00659928, 0.0, 0.0, 0.0, 6.00659928, 0.0, 0.0, 0.0, 6.00659928]",16.0,0.0,local
5324,mp-865998,slab,-133.37250201,388.363,True,"[6.35523363, 0.0, 0.0, 0.0, 6.35523363, 0.0, 0.0, 0.0, 6.35523363]",16.0,1.51625e-05,local
5325,mp-866001,slab,-134.73587041,285.973,True,"[5.99750893, 0.0, 0.0, 0.0, 5.99750893, 0.0, 0.0, 0.0, 5.99750893]",16.0,1.875e-08,local
5326,mp-866010,slab,-45.58571427,215.615,True,"[7.02093999, 0.0, 0.0, 0.0, 7.02093999, 0.0, -0.0, 0.0, 7.02093999]",16.0,1e-07,local
5327,mp-866012,slab,-138.14281538,196.458,True,"[6.59283076, 0.0, 0.0, 0.0, 6.59283076, 0.0, 0.0, 0.0, 6.59283076]",16.0,2.375e-07,local
5328,mp-866022,slab,-19.69885286,34.603,True,"[4.03954152, 0.0, 0.0, 0.0, 4.03954152, 0.0, -0.0, -0.0, 4.03954152]",4.0,3.425e-06,local
5329,mp-866024,slab,-78.74352496,157.978,True,"[5.70125216, 0.0, 0.0, 0.0, 5.70125216, 0.0, 0.0, 0.0, 5.70125216]",16.0,3.125e-08,local
5330,mp-866031,slab,-109.06610735,218.318,True,"[5.90167599, 0.0, 0.0, 0.0, 5.90167599, 0.0, 0.0, 0.0, 5.90167599]",16.0,0.00034105625,local
5331,mp-866033,slab,-89.85483058,276.512,True,"[6.01563108, 0.0, 0.0, 0.0, 6.01563108, 0.0, 0.0, 0.0, 6.01563108]",16.0,0.0,local
5332,mp-866037,slab,-96.81401119,503.384,True,"[5.98225797, 0.0, 0.0, 0.0, 5.98225797, 0.0, 0.0, 0.0, 5.98225797]",16.0,0.4547497375,local
5333,mp-866041,slab,-101.77732528,482.881,True,"[6.07768379, 0.0, 0.0, 0.0, 6.07768379, 0.0, 0.0, 0.0, 6.07768379]",16.0,6.25e-09,local
5334,mp-866046,slab,-53.20277184,203.787,True,"[2.95681782, -5.12135869, -0.0, 2.95681782, 5.12135869, 0.0, -0.0, 0.0, 4.79058881]",8.0,2.5e-08,local
5335,mp-866051,slab,-124.96446825,653.255,True,"[6.20334967, 0.0, 0.0, 0.0, 6.20334967, 0.0, 0.0, 0.0, 6.20334967]",16.0,1.25e-08,local
5336,mp-866062,slab,-147.60990072,323.532,True,"[6.18200007, 0.0, 0.0, 0.0, 6.18200007, 0.0, 0.0, 0.0, 6.18200007]",16.0,0.0,local
5337,mp-866069,slab,-101.69638782,351.132,True,"[6.34624424, 0.0, 0.0, 0.0, 6.34624424, 0.0, 0.0, 0.0, 6.34624424]",16.0,1.1875e-07,local
5338,mp-866071,slab,-146.21510491,181.51,True,"[6.29343881, 0.0, 0.0, 0.0, 6.29343881, 0.0, 0.0, 0.0, 6.29343881]",16.0,6.25e-09,local
5339,mp-866072,slab,-120.27230498,302.576,True,"[6.29112002, 0.0, 0.0, 0.0, 6.29112002, 0.0, 0.0, 0.0, 6.29112002]",16.0,1.875e-08,local
5340,mp-866073,slab,-89.41159149,305.917,True,"[6.34410649, 0.0, 0.0, 0.0, 6.34410649, 0.0, 0.0, 0.0, 6.34410649]",16.0,0.0,local
5341,mp-866075,slab,-132.86542833,201.883,True,"[6.32554071, 0.0, 0.0, 0.0, 6.32554071, 0.0, 0.0, 0.0, 6.32554071]",16.0,6.25e-08,local
5342,mp-866077,slab,-61.80319595,168.658,True,"[7.12240203, 0.0, 0.0, 0.0, 7.12240203, 0.0, -0.0, 0.0, 7.12240203]",16.0,1.6875e-07,local
5343,mp-866079,slab,-97.52466188,116.61,True,"[6.704946, 0.0, 0.0, 0.0, 6.704946, 0.0, 0.0, 0.0, 6.704946]",16.0,2.001875e-05,local
5344,mp-866080,slab,-67.99906006,393.361,True,"[7.15852426, 0.0, 0.0, 0.0, 7.15852426, 0.0, -0.0, 0.0, 7.15852426]",16.0,5.0625e-07,local
5345,mp-866081,slab,-105.41458979,135.465,True,"[6.67871891, 0.0, 0.0, 0.0, 6.67871891, 0.0, 0.0, 0.0, 6.67871891]",16.0,5.625e-08,local
5346,mp-866086,slab,-107.06763078,183.591,True,"[6.02799474, 0.0, 0.0, 0.0, 6.02799474, 0.0, 0.0, 0.0, 6.02799474]",16.0,5.5e-07,local
5347,mp-866087,slab,-97.7809867,240.094,True,"[6.00222935, 0.0, 0.0, 0.0, 6.00222935, 0.0, 0.0, 0.0, 6.00222935]",16.0,6.25e-09,local
5348,mp-866094,slab,-77.05936816,344.376,True,"[6.18872667, 0.0, 0.0, 0.0, 6.18872667, 0.0, 0.0, 0.0, 6.18872667]",16.0,4.375e-08,local
5349,mp-866096,slab,-105.55543964,377.363,True,"[5.99386976, 0.0, 0.0, 0.0, 5.99386976, 0.0, 0.0, 0.0, 5.99386976]",16.0,7.5e-08,local
5350,mp-866108,slab,-28.07747767,184.855,True,"[2.91695191, -5.05230892, 0.0, 2.91695191, 5.05230892, 0.0, 0.0, -0.0, 4.39137759]",8.0,0.0,local
5351,mp-866115,slab,-90.3254776,172.635,True,"[5.59801887, 0.0, 0.0, 0.0, 5.59801887, 0.0, 0.0, 0.0, 5.59801887]",16.0,6.25e-08,local
5352,mp-866117,slab,-76.96966537,154.895,True,"[6.57238421, 0.0, 0.0, 0.0, 6.57238421, 0.0, 0.0, 0.0, 6.57238421]",16.0,1.125e-07,local
5353,mp-866121,slab,-158.66067426,316.503,True,"[5.9960458, 0.0, 0.0, 0.0, 5.9960458, 0.0, 0.0, 0.0, 5.9960458]",16.0,6.25e-09,local
5354,mp-866134,slab,-136.96034851,454.49,True,"[5.71099648, -0.0, 0.0, 0.0, 5.71099648, 0.0, -0.0, -0.0, 5.71099648]",16.0,1.23649631875,local
5355,mp-866139,slab,-105.81436945,130.917,True,"[5.6761668, 0.0, 0.0, 0.0, 5.6761668, 0.0, 0.0, 0.0, 5.6761668]",16.0,3e-07,local
5356,mp-866140,slab,-95.00628095,442.537,True,"[6.26166346, 0.0, 0.0, 0.0, 6.26166346, 0.0, 0.0, 0.0, 6.26166346]",16.0,9.25e-07,local
5357,mp-866141,slab,-130.10686002,275.205,True,"[5.68772832, 0.0, 0.0, 0.0, 5.68772832, 0.0, 0.0, 0.0, 5.68772832]",16.0,5e-08,local
5358,mp-866142,slab,-124.41936353,312.6,True,"[6.17605822, 0.0, 0.0, 0.0, 6.17605822, 0.0, 0.0, 0.0, 6.17605822]",16.0,0.00030385625,local
5359,mp-866143,slab,-117.11047124,316.363,True,"[5.91570714, 0.0, 0.0, 0.0, 5.91570714, 0.0, 0.0, 0.0, 5.91570714]",16.0,6.25e-09,local
5360,mp-866152,slab,-109.53347504,207.177,True,"[5.5818217, 0.0, 0.0, 0.0, 5.5818217, 0.0, 0.0, -0.0, 5.5818217]",16.0,1.25e-08,local
5361,mp-866153,slab,-119.97658195,269.633,True,"[6.11665794, 0.0, 0.0, 0.0, 6.11665794, 0.0, 0.0, 0.0, 6.11665794]",16.0,3.8125e-07,local
5362,mp-866154,slab,-130.06191915,235.283,True,"[5.94909281, 0.0, 0.0, 0.0, 5.94909281, 0.0, 0.0, 0.0, 5.94909281]",16.0,0.0,local
5363,mp-866155,slab,-132.0218001,349.53,True,"[6.08836315, 0.0, 0.0, 0.0, 6.08836315, 0.0, 0.0, 0.0, 6.08836315]",16.0,8.125e-08,local
5364,mp-866156,slab,-107.84042123,272.797,True,"[6.45698804, 0.0, 0.0, 0.0, 6.45698804, 0.0, 0.0, -0.0, 6.45698804]",16.0,8.75e-08,local
5365,mp-866157,slab,-114.31664843,548.378,True,"[6.13389173, 0.0, 0.0, 0.0, 6.13389173, 0.0, 0.0, 0.0, 6.13389173]",16.0,3.1875e-07,local
5366,mp-866159,slab,-141.00392213,325.509,True,"[6.66105641, 0.0, 0.0, 0.0, 6.66105641, 0.0, 0.0, 0.0, 6.66105641]",16.0,6.25e-09,local
5367,mp-866160,slab,-107.48810011,239.2,True,"[7.03562837, 0.0, 0.0, 0.0, 7.03562837, 0.0, 0.0, 0.0, 7.03562837]",16.0,0.0,local
5368,mp-866161,slab,-64.70957473,166.159,True,"[2.71032967, -4.6944287, 0.0, 2.71032967, 4.6944287, 0.0, -0.0, -0.0, 4.31219253]",8.0,0.0,local
5369,mp-866162,slab,-58.67110002,114.618,True,"[7.00378052, 0.0, 0.0, 0.0, 7.00378052, 0.0, 0.0, 0.0, 7.00378052]",16.0,6.25e-08,local
5370,mp-866163,slab,-105.51505235,332.262,True,"[6.6514544, 0.0, 0.0, 0.0, 6.6514544, 0.0, 0.0, 0.0, 6.6514544]",16.0,6.25e-09,local
5371,mp-866165,slab,-100.74908409,157.984,True,"[6.56863231, 0.0, 0.0, 0.0, 6.56863231, 0.0, 0.0, 0.0, 6.56863231]",16.0,2.5e-08,local
5372,mp-866166,slab,-118.93730542,298.157,True,"[6.91444853, 0.0, 0.0, 0.0, 6.91444853, 0.0, 0.0, 0.0, 6.91444853]",16.0,6.25e-09,local
5373,mp-866168,slab,-92.40864899,181.904,True,"[6.45423544, 0.0, 0.0, 0.0, 6.45423544, 0.0, 0.0, 0.0, 6.45423544]",16.0,6.25e-09,local
5374,mp-866170,slab,-109.78382133,546.527,True,"[6.33862367, 0.0, 0.0, 0.0, 6.33862367, 0.0, 0.0, 0.0, 6.33862367]",16.0,3.5e-07,local
5375,mp-866171,slab,-70.2098594,277.74,True,"[6.94761495, 0.0, 0.0, 0.0, 6.94761495, 0.0, 0.0, 0.0, 6.94761495]",16.0,1.25e-08,local
5376,mp-866173,slab,-126.62899674,218.03,True,"[6.82854166, 0.0, 0.0, 0.0, 6.82854166, 0.0, 0.0, 0.0, 6.82854166]",16.0,0.0,local
5377,mp-866176,slab,-57.11927613,332.451,True,"[6.07406667, 0.0, 0.0, 0.0, 6.07406667, 0.0, 0.0, 0.0, 6.07406667]",16.0,0.0,local
5378,mp-866183,slab,-121.7712334,443.917,True,"[6.25981848, 0.0, 0.0, 0.0, 6.25981848, 0.0, 0.0, 0.0, 6.25981848]",16.0,2.75e-07,local
5379,mp-866184,slab,-54.60300503,560.592,True,"[2.99223009, -5.18269454, 0.0, 2.99223009, 5.18269454, -0.0, 0.0, -0.0, 4.81096734]",8.0,6.25e-08,local
5380,mp-866186,slab,-25.05553352,44.864,True,"[4.01863104, 0.0, 0.0, 0.0, 4.01863104, 0.0, 0.0, 0.0, 4.01863104]",4.0,4.25e-07,local
5381,mp-866188,slab,-70.19394242,199.418,True,"[6.52843305, 0.0, 0.0, 0.0, 6.52843305, 0.0, 0.0, 0.0, 6.52843305]",16.0,0.0,local
5382,mp-866194,slab,-27.29595713,98.06,True,"[6.66466812, 0.0, 0.0, 0.0, 6.66466812, 0.0, 0.0, 0.0, 6.66466812]",16.0,3.125e-08,local
5383,mp-866201,slab,-55.54848127,120.74,True,"[3.00070925, -5.19738089, -0.0, 3.00070925, 5.19738089, -0.0, -0.0, 0.0, 4.82670634]",8.0,0.00010825,local
5384,mp-866202,slab,-63.22367811,250.203,True,"[6.24448157, 0.0, 0.0, 0.0, 6.24448157, 0.0, 0.0, 0.0, 6.24448157]",16.0,4.375e-08,local
5385,mp-866218,slab,-136.91253018,649.95,True,"[6.07845176, 0.0, 0.0, 0.0, 6.07845176, 0.0, 0.0, 0.0, 6.07845176]",16.0,6.25e-09,local
5386,mp-866219,slab,-138.55075503,210.869,True,"[6.44205191, 0.0, 0.0, 0.0, 6.44205191, 0.0, 0.0, 0.0, 6.44205191]",16.0,0.0,local
5387,mp-866221,slab,-125.09622504,178.733,True,"[6.49877155, 0.0, 0.0, 0.0, 6.49877155, 0.0, 0.0, 0.0, 6.49877155]",16.0,5.40625e-06,local
5388,mp-866224,slab,-86.5891152,154.14,True,"[5.47558144, 0.0, 0.0, 0.0, 5.47558144, 0.0, 0.0, 0.0, 5.47558144]",16.0,1.25e-08,local
5389,mp-866279,slab,-61.29579115,134.87,True,"[6.78903649, -0.0, 0.0, 0.0, 6.78903649, 0.0, 0.0, -0.0, 6.78903649]",16.0,3.125e-08,local
5390,mp-866284,slab,-121.55444184,163.768,True,"[6.03149363, 0.0, 0.0, 0.0, 6.03149363, 0.0, 0.0, 0.0, 6.03149363]",16.0,2.5e-08,local
5391,mp-866288,slab,-111.94144097,279.841,True,"[5.48861359, 0.0, 0.0, 0.0, 5.48861359, 0.0, 0.0, 0.0, 5.48861359]",16.0,0.0029508625,local
5392,mp-866292,slab,-33.09216859,234.756,True,"[8.5730571, 0.0, 0.0, 0.0, 8.5730571, 0.0, 0.0, 0.0, 8.5730571]",16.0,3.1875e-07,local
5393,mp-866296,slab,-81.50195341,289.399,True,"[6.06883967, 0.0, 0.0, 0.0, 6.06883967, 0.0, 0.0, 0.0, 6.06883967]",16.0,1.25e-08,local
5394,mp-866375,slab,-123.02931095,390.501,True,"[5.78418953, 0.0, 0.0, 0.0, 5.78418953, 0.0, 0.0, 0.0, 5.78418953]",16.0,1.25e-08,local
5395,mp-866376,slab,-126.66142828,511.738,True,"[5.87930295, 0.0, 0.0, 0.0, 5.87930295, 0.0, 0.0, 0.0, 5.87930295]",16.0,0.491945975,local
5396,mp-867107,slab,-131.41219254,137.455,True,"[5.77024973, 0.0, 0.0, 0.0, 5.77024973, 0.0, 0.0, 0.0, 5.77024973]",16.0,1.625e-07,local
5397,mp-867109,slab,-49.2258386,159.032,True,"[6.47749294, 0.0, 0.0, 0.0, 6.47749294, 0.0, 0.0, 0.0, 6.47749294]",16.0,6.25e-09,local
5398,mp-867110,slab,-128.86615625,512.181,True,"[6.35680919, 0.0, 0.0, 0.0, 6.35680919, 0.0, 0.0, 0.0, 6.35680919]",16.0,3.1875e-07,local
5399,mp-867114,slab,-141.73385697,359.181,True,"[6.03924404, 0.0, 0.0, 0.0, 6.03924404, 0.0, 0.0, 0.0, 6.03924404]",16.0,3.125e-08,local
5400,mp-867115,slab,-46.82134988,155.479,True,"[6.50359402, 0.0, 0.0, 0.0, 6.50359402, 0.0, 0.0, 0.0, 6.50359402]",16.0,0.0,local
5401,mp-867116,slab,-104.9993383,250.077,True,"[5.88692211, 0.0, 0.0, 0.0, 5.88692211, 0.0, 0.0, 0.0, 5.88692211]",16.0,1.875e-08,local
5402,mp-867117,slab,-102.06208999,235.549,True,"[6.56250584, 0.0, 0.0, 0.0, 6.56250584, 0.0, 0.0, 0.0, 6.56250584]",16.0,1.16875e-06,local
5403,mp-867119,slab,-98.97281672,381.238,True,"[6.3802298, 0.0, 0.0, 0.0, 6.3802298, 0.0, 0.0, 0.0, 6.3802298]",16.0,0.0,local
5404,mp-867120,slab,-138.95140731,320.705,True,"[5.99163367, 0.0, 0.0, 0.0, 5.99163367, 0.0, 0.0, 0.0, 5.99163367]",16.0,0.499845325,local
5405,mp-867121,slab,-94.1089635,181.131,True,"[7.0430705, -0.0, 0.0, 0.0, 7.0430705, 0.0, -0.0, 0.0, 7.0430705]",16.0,3.75e-08,local
5406,mp-867123,slab,-176.43936926,282.178,True,"[6.28518751, 0.0, 0.0, 0.0, 6.28518751, 0.0, 0.0, 0.0, 6.28518751]",16.0,5.625e-08,local
5407,mp-867125,slab,-105.39836462,221.513,True,"[6.05188583, 0.0, 0.0, 0.0, 6.05188583, 0.0, 0.0, 0.0, 6.05188583]",16.0,0.0,local
5408,mp-867127,slab,-53.70073234,244.263,True,"[6.77990029, 0.0, 0.0, 0.0, 6.77990029, 0.0, 0.0, 0.0, 6.77990029]",16.0,1.25e-08,local
5409,mp-867135,slab,-83.49602865,484.93,True,"[6.3797827, 0.0, 0.0, 0.0, 6.3797827, 0.0, 0.0, -0.0, 6.3797827]",16.0,6.25e-08,local
5410,mp-867137,slab,-141.76581069,460.017,True,"[6.19245052, 0.0, 0.0, 0.0, 6.19245052, 0.0, 0.0, 0.0, 6.19245052]",16.0,1.25e-08,local
5411,mp-867141,slab,-92.98235309,142.172,True,"[2.76149679, -4.78305275, 0.0, 2.76149679, 4.78305275, -0.0, 0.0, -0.0, 4.3582438]",8.0,6.25e-08,local
5412,mp-867146,slab,-148.09348295,583.819,True,"[6.36477642, 0.0, 0.0, 0.0, 6.36477642, 0.0, -0.0, 0.0, 6.36477642]",16.0,2.5e-08,local
5413,mp-867148,slab,-116.90118186,416.069,True,"[6.22780496, 0.0, 0.0, 0.0, 6.22780496, 0.0, 0.0, 0.0, 6.22780496]",16.0,0.0,local
5414,mp-867149,slab,-40.36245821,437.02,True,"[8.12476442, 0.0, 0.0, 0.0, 8.12476442, 0.0, 0.0, 0.0, 8.12476442]",16.0,1.8125e-07,local
5415,mp-867156,slab,-116.89603848,482.861,True,"[6.23943656, 0.0, 0.0, 0.0, 6.23943656, 0.0, 0.0, 0.0, 6.23943656]",16.0,2.1625e-06,local
5416,mp-867160,slab,-32.01638838,292.819,True,"[6.6816073, 0.0, 0.0, 0.0, 6.6816073, 0.0, 0.0, 0.0, 6.6816073]",16.0,3.75e-08,local
5417,mp-867163,slab,-56.58651632,309.657,True,"[7.59561922, -0.0, 0.0, 0.0, 7.59561922, 0.0, 0.0, -0.0, 7.59561922]",16.0,6.25e-09,local
5418,mp-867170,slab,-79.4073121,285.397,True,"[6.05809099, 0.0, 0.0, 0.0, 6.05809099, 0.0, 0.0, 0.0, 6.05809099]",16.0,1.875e-07,local
5419,mp-867187,slab,-115.85249822,187.437,True,"[6.46531383, 0.0, 0.0, 0.0, 6.46531383, 0.0, 0.0, 0.0, 6.46531383]",16.0,6.875e-08,local
5420,mp-867193,slab,-55.34837363,562.208,True,"[8.00624231, 0.0, 0.0, 0.0, 8.00624231, 0.0, 0.0, 0.0, 8.00624231]",16.0,0.0,local
5421,mp-867196,slab,-40.85318369,108.306,True,"[6.58010178, 0.0, 0.0, 0.0, 6.58010178, 0.0, 0.0, 0.0, 6.58010178]",16.0,1.5e-07,local
5422,mp-867197,slab,-68.40871813,242.91,True,"[5.69546286, 0.0, 0.0, 0.0, 5.69546286, 0.0, 0.0, 0.0, 5.69546286]",16.0,1.43125e-06,local
5423,mp-867198,slab,-72.06572616,180.028,True,"[6.06035402, 0.0, 0.0, 0.0, 6.06035402, 0.0, 0.0, 0.0, 6.06035402]",16.0,2.5e-08,local
5424,mp-867204,slab,-27.89734449,167.064,True,"[6.71047626, 0.0, 0.0, 0.0, 6.71047626, 0.0, 0.0, 0.0, 6.71047626]",16.0,0.0,local
5425,mp-867206,slab,-44.82752011,109.207,True,"[6.57304238, 0.0, 0.0, 0.0, 6.57304238, 0.0, 0.0, 0.0, 6.57304238]",16.0,2.5e-08,local
5426,mp-867216,slab,-156.85607755,482.336,True,"[6.17761377, 0.0, 0.0, 0.0, 6.17761377, 0.0, 0.0, 0.0, 6.17761377]",16.0,1.14790426875,local
5427,mp-867222,slab,-62.04847621,155.419,True,"[7.06709577, 0.0, 0.0, 0.0, 7.06709577, 0.0, 0.0, 0.0, 7.06709577]",16.0,6.25e-09,local
5428,mp-867223,slab,-58.88452573,396.045,True,"[5.92940939, 0.0, 0.0, 0.0, 5.92940939, 0.0, 0.0, 0.0, 5.92940939]",16.0,6.875e-08,local
5429,mp-867227,slab,-54.00011492,109.052,True,"[6.02284938, -0.0, 0.0, 0.0, 6.02284938, 0.0, 0.0, -0.0, 6.02284938]",16.0,4.375e-08,local
5430,mp-867233,slab,-101.42637976,134.483,True,"[6.56300631, 0.0, 0.0, 0.0, 6.56300631, 0.0, 0.0, 0.0, 6.56300631]",16.0,3.75e-08,local
5431,mp-867235,slab,-103.69032351,98.414,True,"[6.95321015, 0.0, 0.0, 0.0, 6.95321015, 0.0, -0.0, 0.0, 6.95321015]",16.0,1.125e-07,local
5432,mp-867242,slab,-74.33459191,202.036,True,"[6.7059561, 0.0, 0.0, 0.0, 6.7059561, 0.0, 0.0, 0.0, 6.7059561]",16.0,3.125e-07,local
5433,mp-867243,slab,-106.29113338,202.943,True,"[6.53790195, 0.0, 0.0, 0.0, 6.53790195, 0.0, 0.0, 0.0, 6.53790195]",16.0,6.125e-07,local
5434,mp-867249,slab,-135.43135414,325.57,True,"[5.90685909, 0.0, 0.0, 0.0, 5.90685909, 0.0, 0.0, 0.0, 5.90685909]",16.0,1.25e-08,local
5435,mp-867250,slab,-44.64200369,324.347,True,"[6.10772146, 0.0, 0.0, 0.0, 6.10772146, 0.0, 0.0, 0.0, 6.10772146]",16.0,1.25e-08,local
5436,mp-867251,slab,-49.76883364,210.674,True,"[6.10635301, 0.0, 0.0, 0.0, 6.10635301, 0.0, 0.0, 0.0, 6.10635301]",16.0,1.5e-07,local
5437,mp-867252,slab,-42.41687847,332.28,True,"[5.88860872, 0.0, 0.0, 0.0, 5.88860872, 0.0, 0.0, 0.0, 5.88860872]",16.0,4.75e-07,local
5438,mp-867253,slab,-57.33999619,245.91,True,"[6.04725886, 0.0, 0.0, 0.0, 6.04725886, 0.0, 0.0, 0.0, 6.04725886]",16.0,1.25e-08,local
5439,mp-867255,slab,-35.3286293,463.023,True,"[6.24273804, 0.0, 0.0, 0.0, 6.24273804, 0.0, 0.0, 0.0, 6.24273804]",16.0,6.25e-09,local
5440,mp-867258,slab,-63.01974267,345.122,True,"[6.05276149, 0.0, 0.0, 0.0, 6.05276149, 0.0, 0.0, 0.0, 6.05276149]",16.0,0.0,local
5441,mp-867259,slab,-24.01638277,79.091,True,"[5.67095102, -0.0, 0.0, 0.0, 5.67095102, 0.0, -0.0, -0.0, 3.71532651]",6.0,2e-07,local
5442,mp-867260,slab,-59.59376685,159.7,True,"[6.48862756, 0.0, 0.0, 0.0, 6.48862756, 0.0, -0.0, 0.0, 6.48862756]",16.0,0.0,local
5443,mp-867264,slab,-97.5641248,143.119,True,"[2.77289337, -4.8027922, 0.0, 2.77289337, 4.8027922, -0.0, -0.0, -0.0, 4.42207852]",8.0,6.25e-08,local
5444,mp-867270,slab,-91.98985841,113.982,True,"[5.44325596, 0.0, 0.0, 0.0, 5.44325596, 0.0, -0.0, -0.0, 5.44325596]",16.0,1.9375e-07,local
5445,mp-867271,slab,-86.71332928,138.207,True,"[5.19377512, 0.0, 0.0, 0.0, 5.19377512, 0.0, 0.0, 0.0, 5.19377512]",16.0,1.5625e-07,local
5446,mp-867272,slab,-56.04833877,251.559,True,"[5.90711446, 0.0, 0.0, 0.0, 5.90711446, 0.0, 0.0, 0.0, 5.90711446]",16.0,0.0,local
5447,mp-867273,slab,-86.6014495,146.826,True,"[5.5090814, 0.0, 0.0, 0.0, 5.5090814, 0.0, 0.0, 0.0, 5.5090814]",16.0,1.25e-08,local
5448,mp-867274,slab,-100.91459895,126.528,True,"[5.41611746, 0.0, 0.0, 0.0, 5.41611746, 0.0, 0.0, 0.0, 5.41611746]",16.0,0.1459111875,local
5449,mp-867275,slab,-145.04597622,261.737,True,"[5.8644721, 0.0, 0.0, 0.0, 5.8644721, 0.0, 0.0, 0.0, 5.8644721]",16.0,6.25e-09,local
5450,mp-867280,slab,-101.16090688,123.139,True,"[5.63395712, 0.0, 0.0, 0.0, 5.63395712, 0.0, 0.0, 0.0, 5.63395712]",16.0,0.0,local
5451,mp-867287,slab,-50.27423525,936.654,True,"[6.60056198, 0.0, 0.0, 0.0, 6.60056198, 0.0, -0.0, -0.0, 6.60056198]",16.0,1.875e-08,local
5452,mp-867292,slab,-97.27972267,475.405,True,"[6.05539179, 0.0, 0.0, 0.0, 6.05539179, 0.0, 0.0, 0.0, 6.05539179]",16.0,2.5e-08,local
5453,mp-867293,slab,-92.27201935,207.001,True,"[5.46942166, 0.0, 0.0, 0.0, 5.46942166, 0.0, 0.0, 0.0, 5.46942166]",16.0,1.5e-07,local
5454,mp-867304,slab,-120.76537761,312.298,True,"[5.49197449, 0.0, 0.0, 0.0, 5.49197449, 0.0, 0.0, 0.0, 5.49197449]",16.0,0.2222202125,local
5455,mp-867306,slab,-59.99404437,234.062,True,"[6.28715494, 0.0, 0.0, 0.0, 6.28715494, 0.0, 0.0, 0.0, 6.28715494]",16.0,3.75e-08,local
5456,mp-867307,slab,-84.01029845,211.762,True,"[5.68440778, 0.0, 0.0, 0.0, 5.68440778, 0.0, -0.0, 0.0, 5.68440778]",16.0,0.0,local
5457,mp-867308,slab,-72.92549269,360.057,True,"[6.32296044, 0.0, 0.0, 0.0, 6.32296044, 0.0, 0.0, 0.0, 6.32296044]",16.0,0.0,local
5458,mp-867317,slab,-33.63164372,116.73,True,"[2.60316222, -4.50880922, -0.0, 2.60316222, 4.50880922, -0.0, 0.0, 0.0, 4.13778962]",8.0,0.0,local
5459,mp-867319,slab,-105.97080719,155.298,True,"[5.89516669, 0.0, 0.0, 0.0, 5.89516669, 0.0, 0.0, 0.0, 5.89516669]",16.0,0.00244309375,local
5460,mp-867326,slab,-110.39517012,163.428,True,"[5.99483383, 0.0, 0.0, 0.0, 5.99483383, 0.0, 0.0, 0.0, 5.99483383]",16.0,1.25e-08,local
5461,mp-867330,slab,-92.79595626,184.902,True,"[5.75370895, 0.0, 0.0, 0.0, 5.75370895, 0.0, 0.0, 0.0, 5.75370895]",16.0,0.0779360625,local
5462,mp-867333,slab,-40.47938802,481.886,True,"[8.59776037, 0.0, 0.0, 0.0, 8.59776037, 0.0, 0.0, 0.0, 8.59776037]",16.0,1.0625e-07,local
5463,mp-867343,slab,-28.85068722,66.682,True,"[6.63349341, 0.0, 0.0, 0.0, 6.63349341, 0.0, -0.0, -0.0, 6.63349341]",16.0,3.75e-08,local
5464,mp-867475,slab,-140.1927573,233.178,True,"[6.38901472, 0.0, 0.0, 0.0, 6.38901472, 0.0, 0.0, 0.0, 6.38901472]",16.0,0.0003735625,local
5465,mp-867507,slab,-129.87427349,472.282,True,"[5.91347723, 0.0, 0.0, 0.0, 5.91347723, 0.0, 0.0, 0.0, 5.91347723]",16.0,1.875e-08,local
5466,mp-867748,slab,-121.65644501,296.904,True,"[6.42886116, 0.0, 0.0, 0.0, 6.42886116, 0.0, 0.0, 0.0, 6.42886116]",16.0,5.5625e-07,local
5467,mp-867751,slab,-50.23465358,373.986,True,"[7.56042228, 0.0, 0.0, 0.0, 7.56042228, 0.0, 0.0, 0.0, 7.56042228]",16.0,1.75e-07,local
5468,mp-867753,slab,-93.80913646,339.05,True,"[6.22427255, 0.0, 0.0, 0.0, 6.22427255, 0.0, 0.0, 0.0, 6.22427255]",16.0,2.5e-08,local
5469,mp-867756,slab,-86.47611885,238.046,True,"[6.67955872, 0.0, 0.0, 0.0, 6.67955872, 0.0, 0.0, 0.0, 6.67955872]",16.0,3.625e-07,local
5470,mp-867761,slab,-122.17286805,462.172,True,"[6.33427485, 0.0, 0.0, 0.0, 6.33427485, 0.0, 0.0, 0.0, 6.33427485]",16.0,1.25e-08,local
5471,mp-867767,slab,-107.83301924,243.152,True,"[5.73181936, 0.0, 0.0, 0.0, 5.73181936, 0.0, 0.0, 0.0, 5.73181936]",16.0,0.0,local
5472,mp-867768,slab,-92.82034275,696.22,True,"[6.38433587, 0.0, 0.0, 0.0, 6.38433587, 0.0, 0.0, 0.0, 6.38433587]",16.0,2.1875e-07,local
5473,mp-867769,slab,-99.45215249,931.494,True,"[6.24466114, 0.0, 0.0, 0.0, 6.24466114, 0.0, 0.0, 0.0, 6.24466114]",16.0,5.625e-08,local
5474,mp-867771,slab,-127.29919976,572.628,True,"[6.14699353, 0.0, 0.0, 0.0, 6.14699353, 0.0, 0.0, 0.0, 6.14699353]",16.0,0.0,local
5475,mp-867774,slab,-182.46054227,334.027,True,"[6.28816736, 0.0, 0.0, 0.0, 6.28816736, 0.0, 0.0, 0.0, 6.28816736]",16.0,5.625e-08,local
5476,mp-867775,slab,-99.62042522,253.211,True,"[5.90045657, 0.0, 0.0, 0.0, 5.90045657, 0.0, 0.0, 0.0, 5.90045657]",16.0,3.125e-08,local
5477,mp-867779,slab,-167.67054014,491.467,True,"[6.14164197, 0.0, 0.0, 0.0, 6.14164197, 0.0, 0.0, 0.0, 6.14164197]",16.0,6.25e-09,local
5478,mp-867780,slab,-42.59305229,140.354,True,"[3.7737229, -0.0, 0.0, 0.0, 3.7737229, 0.0, -0.0, -0.0, 8.07620689]",8.0,0.272836025,local
5479,mp-867781,slab,-141.5178731,444.183,True,"[6.1945113, 0.0, 0.0, 0.0, 6.1945113, 0.0, 0.0, 0.0, 6.1945113]",16.0,1.25e-08,local
5480,mp-867786,slab,-163.08147857,206.865,True,"[6.38897902, 0.0, 0.0, 0.0, 6.38897902, 0.0, -0.0, -0.0, 6.38897902]",16.0,0.0,local
5481,mp-867788,slab,-153.63999916,281.922,True,"[6.24400676, 0.0, 0.0, 0.0, 6.24400676, 0.0, 0.0, 0.0, 6.24400676]",16.0,4.375e-08,local
5482,mp-867792,slab,-79.03847537,155.046,True,"[2.763436, -4.78641156, -0.0, 2.763436, 4.78641156, 0.0, -0.0, 0.0, 4.39808536]",8.0,2.125e-07,local
5483,mp-867794,slab,-111.40302393,188.852,True,"[6.48648825, 0.0, 0.0, 0.0, 6.48648825, 0.0, 0.0, 0.0, 6.48648825]",16.0,4.8125e-07,local
5484,mp-867799,slab,-57.26304563,282.208,True,"[7.62169825, 0.0, 0.0, 0.0, 7.62169825, 0.0, 0.0, 0.0, 7.62169825]",16.0,2.5e-08,local
5485,mp-8677,slab,-33.62368217,723.671,True,"[0.0, 6.74097357, 0.00620945, 3.87102559, 0.0, 0.0, 0.0, -0.02020695, -6.93472064]",6.0,0.0,local
5486,mp-867802,slab,-116.43341598,187.882,True,"[6.46055228, 0.0, 0.0, 0.0, 6.46055228, 0.0, 0.0, 0.0, 6.46055228]",16.0,2.5e-08,local
5487,mp-867803,slab,-29.18902811,256.768,True,"[7.76350779, 0.0, 0.0, 0.0, 7.76350779, 0.0, 0.0, 0.0, 7.76350779]",16.0,8.125e-07,local
5488,mp-867807,slab,-56.45524079,207.962,True,"[7.34628998, 0.0, 0.0, 0.0, 7.34628998, 0.0, 0.0, 0.0, 7.34628998]",16.0,1.0625e-07,local
5489,mp-867811,slab,-160.8946094,394.22,True,"[6.19472703, 0.0, 0.0, 0.0, 6.19472703, 0.0, 0.0, 0.0, 6.19472703]",16.0,1.0082214625,local
5490,mp-867812,slab,-72.78152583,169.824,True,"[5.68917725, 0.0, 0.0, 0.0, 5.68917725, 0.0, 0.0, 0.0, 5.68917725]",16.0,2.6875e-07,local
5491,mp-867816,slab,-40.23472595,36.007,True,"[3.89883839, -0.0, 0.0, 0.0, 3.89883839, 0.0, -0.0, -0.0, 3.89883839]",4.0,2.75e-07,local
5492,mp-867820,slab,-77.28334586,157.114,True,"[6.02566428, 0.0, 0.0, 0.0, 6.02566428, 0.0, 0.0, 0.0, 6.02566428]",16.0,6.25e-09,local
5493,mp-867821,slab,-155.02898609,416.074,True,"[6.0364382, 0.0, 0.0, 0.0, 6.0364382, 0.0, 0.0, 0.0, 6.0364382]",16.0,0.09813080625,local
5494,mp-867822,slab,-70.77276721,272.455,True,"[6.84532625, 0.0, 0.0, 0.0, 6.84532625, 0.0, -0.0, 0.0, 6.84532625]",16.0,3.125e-08,local
5495,mp-867828,slab,-134.33923412,264.414,True,"[6.0292556, -0.0, 0.0, 0.0, 6.0292556, 0.0, -0.0, -0.0, 6.0292556]",16.0,0.0,local
5496,mp-867829,slab,-108.33928073,267.205,True,"[5.90811629, 0.0, 0.0, 0.0, 5.90811629, 0.0, 0.0, 0.0, 5.90811629]",16.0,3.125e-08,local
5497,mp-867834,slab,-111.26697728,344.648,True,"[6.37140781, 0.0, 0.0, 0.0, 6.37140781, 0.0, 0.0, 0.0, 6.37140781]",16.0,6.25e-09,local
5498,mp-867835,slab,-119.15835757,166.2,True,"[5.72524874, 0.0, 0.0, 0.0, 5.72524874, 0.0, 0.0, 0.0, 5.72524874]",16.0,2.25e-07,local
5499,mp-867837,slab,-129.07826525,344.678,True,"[5.76138807, 0.0, 0.0, 0.0, 5.76138807, 0.0, -0.0, 0.0, 5.76138807]",16.0,6.25e-09,local
5500,mp-867840,slab,-111.19795152,220.048,True,"[5.81094823, 0.0, 0.0, 0.0, 5.81094823, 0.0, 0.0, 0.0, 5.81094823]",16.0,1.02341315625,local
5501,mp-867842,slab,-106.27603413,251.049,True,"[6.44760081, 0.0, 0.0, 0.0, 6.44760081, 0.0, 0.0, 0.0, 6.44760081]",16.0,1.25e-08,local
5502,mp-867846,slab,-185.12539641,410.218,True,"[6.32734863, 0.0, 0.0, 0.0, 6.32734863, 0.0, 0.0, 0.0, 6.32734863]",16.0,1.375e-07,local
5503,mp-867849,slab,-33.9730163,306.387,True,"[7.72286375, 0.0, 0.0, 0.0, 7.72286375, 0.0, 0.0, 0.0, 7.72286375]",16.0,3.125e-08,local
5504,mp-867850,slab,-128.61172953,656.471,True,"[6.27115319, 0.0, 0.0, 0.0, 6.27115319, 0.0, 0.0, 0.0, 6.27115319]",16.0,1.09972590625,local
5505,mp-867854,slab,-53.18408362,286.57,True,"[7.08601514, 0.0, 0.0, 0.0, 7.08601514, 0.0, 0.0, 0.0, 7.08601514]",16.0,1.25e-08,local
5506,mp-867865,slab,-69.10169124,217.602,True,"[2.74062623, -4.74690387, -0.0, 2.74062623, 4.74690387, 0.0, 0.0, -0.0, 4.35549339]",8.0,3.75e-08,local
5507,mp-867872,slab,-35.22103636,88.932,True,"[6.61821714, 0.0, 0.0, 0.0, 6.61821714, 0.0, 0.0, 0.0, 6.61821714]",16.0,3.125e-07,local
5508,mp-867874,slab,-130.29751763,332.897,True,"[5.82384646, 0.0, 0.0, 0.0, 5.82384646, 0.0, 0.0, 0.0, 5.82384646]",16.0,0.0,local
5509,mp-867877,slab,-42.37657139,111.672,True,"[6.56678317, 0.0, 0.0, 0.0, 6.56678317, 0.0, 0.0, 0.0, 6.56678317]",16.0,3.125e-08,local
5510,mp-867878,slab,-110.00234505,169.852,True,"[5.60524405, 0.0, 0.0, 0.0, 5.60524405, 0.0, 0.0, 0.0, 5.60524405]",16.0,2.594375e-05,local
5511,mp-867881,slab,-100.80362711,253.729,True,"[6.50979918, 0.0, 0.0, 0.0, 6.50979918, 0.0, 0.0, 0.0, 6.50979918]",16.0,3.25e-07,local
5512,mp-867896,slab,-63.33028943,422.495,True,"[6.20658531, 0.0, 0.0, 0.0, 6.20658531, 0.0, 0.0, 0.0, 6.20658531]",16.0,5.625e-08,local
5513,mp-867897,slab,-155.71616808,1564.856,True,"[6.36479013, 0.0, 0.0, 0.0, 6.36479013, 0.0, 0.0, -0.0, 6.36479013]",16.0,1e-07,local
5514,mp-867902,slab,-100.73645083,261.48,True,"[5.79413939, 0.0, 0.0, 0.0, 5.79413939, 0.0, 0.0, -0.0, 5.79413939]",16.0,2.5e-08,local
5515,mp-867904,slab,-114.31987228,276.573,True,"[6.01628199, 0.0, 0.0, 0.0, 6.01628199, 0.0, 0.0, 0.0, 6.01628199]",16.0,1.25e-08,local
5516,mp-867909,slab,-95.50463511,160.985,True,"[6.45119948, 0.0, 0.0, 0.0, 6.45119948, 0.0, 0.0, 0.0, 6.45119948]",16.0,3.75e-08,local
5517,mp-867911,slab,-81.10071511,233.38,True,"[6.57512267, 0.0, 0.0, 0.0, 6.57512267, 0.0, 0.0, 0.0, 6.57512267]",16.0,1.25e-08,local
5518,mp-867915,slab,-99.73913704,423.019,True,"[5.97077527, 0.0, 0.0, 0.0, 5.97077527, 0.0, 0.0, 0.0, 5.97077527]",16.0,3e-07,local
5519,mp-867916,slab,-119.90392236,330.169,True,"[6.26539989, 0.0, 0.0, 0.0, 6.26539989, 0.0, 0.0, 0.0, 6.26539989]",16.0,6.25e-09,local
5520,mp-867917,slab,-96.85775877,419.815,True,"[5.9926498, 0.0, 0.0, 0.0, 5.9926498, 0.0, 0.0, 0.0, 5.9926498]",16.0,1.25e-08,local
5521,mp-867922,slab,-115.16984782,451.918,True,"[6.23031722, 0.0, 0.0, 0.0, 6.23031722, 0.0, 0.0, 0.0, 6.23031722]",16.0,1.3125e-07,local
5522,mp-867923,slab,-100.44158265,80.215,True,"[6.41896665, -0.0, 0.0, 0.0, 6.41896665, 0.0, 0.0, 0.0, 6.41896665]",16.0,2.5625e-07,local
5523,mp-867924,slab,-59.35519297,308.507,True,"[6.34319963, 0.0, 0.0, 0.0, 6.34319963, 0.0, 0.0, 0.0, 6.34319963]",16.0,0.0,local
5524,mp-867926,slab,-69.04962175,201.972,True,"[6.34617426, 0.0, 0.0, 0.0, 6.34617426, 0.0, 0.0, 0.0, 6.34617426]",16.0,8.125e-08,local
5525,mp-867927,slab,-122.38970733,275.444,True,"[5.92097288, 0.0, 0.0, 0.0, 5.92097288, 0.0, 0.0, 0.0, 5.92097288]",16.0,2.5e-08,local
5526,mp-867928,slab,-109.88591455,370.733,True,"[6.24201134, 0.0, 0.0, 0.0, 6.24201134, 0.0, 0.0, 0.0, 6.24201134]",16.0,6.25e-09,local
5527,mp-867958,slab,-136.21626743,425.657,True,"[6.37392044, 0.0, 0.0, 0.0, 6.37392044, 0.0, 0.0, 0.0, 6.37392044]",16.0,0.0,local
5528,mp-869,slab,-48.62666749,64.9,True,"[3.8577218, 0.0, 0.0, 0.0, 3.8577218, 0.0, 0.0, 0.0, 8.56414448]",8.0,1.25e-08,local
5529,mp-8700,slab,-26.94547535,854.643,True,"[4.99329803, 0.0, 0.0, 0.0, 5.56635793, 0.0, 0.0, 0.0, 10.11082385]",10.0,2e-08,local
5530,mp-8703,slab,-55.81553221,246.237,True,"[7.54791532, 0.0, 0.0, 0.0, 7.54791532, 0.0, 0.0, 0.0, 7.54791532]",16.0,6.25e-09,local
5531,mp-871,slab,-58.74208863,163.381,True,"[4.4489132, 0.0, 0.0, 0.0, 4.4489132, 0.0, 0.0, 0.0, 4.4489132]",8.0,2.5e-08,local
5532,mp-8732,slab,-56.92939986,496.434,True,"[3.39427127, 0.0, 0.0, 0.0, 3.39427127, 0.0, -0.0, 0.0, 10.31760769]",6.0,3.3333333333333334e-08,local
5533,mp-873,slab,-51.29840745,238.288,True,"[3.87260383, 0.0, 0.0, 0.0, 3.87260383, 0.0, 0.0, 0.0, 7.83617966]",8.0,0.1646671,local
5534,mp-8756,slab,-20.25664887,131.846,True,"[4.52306634, 0.0, 0.0, 0.0, 4.52306634, 0.0, 0.0, 0.0, 7.29424598]",6.0,1.6666666666666667e-08,local
5535,mp-875,slab,-15.78004703,21.849,True,"[3.019869, 0.0, 0.0, 0.0, 3.019869, 0.0, 0.0, 0.0, 3.019869]",2.0,1.5e-07,local
5536,mp-8884,slab,-10.35184008,54.718,True,"[2.17950317, -3.77501023, -0.0, 2.17950317, 3.77501023, 0.0, 0.0, 0.0, 7.19242345]",4.0,2.5e-08,local
5537,mp-891,slab,-59.31995437,1183.86,True,"[4.24963666, 0.0, 0.0, 0.0, 4.55530487, 0.0, 0.0, 0.0, 5.11552362]",8.0,0.0,local
5538,mp-892,slab,-14.78543772,25.653,True,"[3.30164368, -0.0, 0.0, 0.0, 3.30164368, 0.0, -0.0, -0.0, 3.30164368]",2.0,5e-08,local
5539,mp-8936,slab,-16.26347016,1659.337,True,"[4.31493653, -0.0, 0.0, 0.0, 4.31493653, 0.0, 0.0, 0.0, 11.06962884]",4.0,0.0,local
5540,mp-8937,slab,-42.96871129,84.994,True,"[3.07830483, 0.0, 0.0, 0.0, 3.07830483, 0.0, 0.0, 0.0, 7.52804798]",6.0,0.0,local
5541,mp-893,slab,-63.33383552,175.745,True,"[3.80453958, 0.0, 0.0, 0.0, 5.32314909, 0.0, 0.0, 0.0, 7.01528578]",8.0,8.75e-08,local
5542,mp-894,slab,-8.31501981,67.18,True,"[2.87752128, 0.0, 0.0, 0.0, 2.87752128, 0.0, -0.0, -0.0, 3.5295779]",2.0,4.5e-07,local
5543,mp-8954,slab,-84.99481181,630.419,True,"[3.47335651, 0.0, 0.0, 0.0, 6.02131534, 0.0, 0.0, 0.0, 24.43300971]",12.0,2.4425e-05,local
5544,mp-899,slab,-10.60367855,23.821,True,"[3.23749802, 0.0, 0.0, 0.0, 3.23749802, 0.0, 0.0, 0.0, 3.23749802]",2.0,1e-07,local
5545,mp-9008,slab,-18.74732218,1115.608,True,"[5.25299287, 0.0, 0.0, 0.0, 6.0321514, 0.0, -0.0, -0.0, 7.34077918]",6.0,0.0,local
5546,mp-900,slab,-22.41519839,54.125,True,"[1.88703777, -3.2684453, 0.0, 1.88703777, 3.2684453, -0.0, -0.0, 0.0, 5.61350702]",4.0,0.0,local
5547,mp-9023,slab,-34.32681887,93.881,True,"[2.12719461, -3.68440914, 0.0, 2.12719461, 3.68440914, -0.0, -0.0, -0.0, 6.86162759]",6.0,0.0,local
5548,mp-9025,slab,-35.2397199,140.271,True,"[2.13851743, -3.70402085, -0.0, 2.13851743, 3.70402085, -0.0, 0.0, 0.0, 7.90132512]",6.0,1.6666666666666667e-08,local
5549,mp-902,slab,-3.35730689,25.265,True,"[4.11099984, 0.0, 0.0, 0.0, 4.11099984, 0.0, 0.0, -0.0, 4.11099984]",2.0,4.6e-06,local
5550,mp-903,slab,-221.54094089,1143.82,True,"[7.1338545, 0.0, 0.0, 0.0, 7.1338545, 0.0, 0.0, 0.0, 7.1338545]",24.0,2.5e-08,local
5551,mp-9124,slab,-37.0587613,104.691,True,"[5.96931763, 0.0, 0.0, 0.0, 5.96931763, 0.0, 0.0, 0.0, 5.96931763]",12.0,8.333333333333334e-09,local
5552,mp-915,slab,-7.9052149,27.171,True,"[3.75352055, 0.0, 0.0, 0.0, 3.75352055, 0.0, -0.0, -0.0, 3.75352055]",2.0,4.4e-06,local
5553,mp-9177,slab,-77.72101152,375.431,True,"[0.0, 10.19377558, -0.00926572, 4.05443551, 0.0, 0.0, 0.0, -1.27650465, -6.4951806]",14.0,0.0,local
5554,mp-921,slab,-185.28627246,556.452,True,"[7.54585128, 0.0, 0.0, 0.0, 7.54585128, 0.0, 0.0, 0.0, 7.54585128]",24.0,4.166666666666667e-09,local
5555,mp-922,slab,-25.58246529,35.862,True,"[3.88190229, 0.0, 0.0, 0.0, 3.88190229, 0.0, 0.0, 0.0, 3.88190229]",4.0,0.719005725,local
5556,mp-924128,slab,-84.50064306,301.198,True,"[6.11367216, 0.0, 0.0, 0.0, 6.11367216, 0.0, 0.0, 0.0, 6.11367216]",12.0,0.0,local
5557,mp-924129,slab,-79.6805681,241.968,True,"[6.14814202, 0.0, 0.0, 0.0, 6.14814202, 0.0, 0.0, 0.0, 6.14814202]",12.0,0.0,local
5558,mp-924130,slab,-74.99684382,296.684,True,"[5.94659298, 0.0, 0.0, 0.0, 5.94659298, 0.0, 0.0, 0.0, 5.94659298]",12.0,8.333333333333334e-09,local
5559,mp-9247,slab,-42.51880868,1866.598,True,"[4.29568504, 0.0, 0.0, 0.0, 4.29568504, 0.0, 0.0, -0.0, 11.47493058]",10.0,0.0,local
5560,mp-9249,slab,-39.95817668,761.921,True,"[4.47418714, 0.0, 0.0, 0.0, 7.3320602, 0.0, 0.0, 0.0, 7.66984587]",12.0,5e-08,local
5561,mp-9250,slab,-19.83740143,114.711,True,"[4.62470604, 0.0, 0.0, 0.0, 4.62470604, 0.0, 0.0, 0.0, 7.57666193]",6.0,3.3333333333333334e-08,local
5562,mp-9264,slab,-18.58363895,225.218,True,"[2.35221909, -4.07416297, -0.0, 2.35221909, 4.07416297, -0.0, -0.0, -0.0, 8.68920281]",6.0,6.666666666666668e-08,local
5563,mp-9273,slab,-74.62473643,6733.308,True,"[3.16450966, -5.48109151, -0.0, 3.16450966, 5.48109151, 0.0, -0.0, 0.0, 21.8907125]",24.0,0.0,local
5564,mp-9274,slab,-73.5047241,1403.047,True,"[3.30356639, -5.72194483, -0.0, 3.30356639, 5.72194483, 0.0, -0.0, 0.0, 21.89000002]",24.0,0.0,local
5565,mp-9281,slab,-14.65964464,44.4,True,"[2.17451406, -3.76636883, 0.0, 2.17451406, 3.76636883, 0.0, 0.0, 0.0, 9.77596]",6.0,0.0002147666666666,local
5566,mp-9289,slab,-35.12156624,295.226,True,"[4.10934325, 0.0, 0.0, 0.0, 4.10934325, 0.0, 0.0, 0.0, 8.78348321]",6.0,5e-08,local
5567,mp-9295,slab,-37.70553373,214.159,True,"[6.00146331, 0.0, 0.0, 0.0, 6.00146331, 0.0, 0.0, 0.0, 6.00146331]",8.0,0.0,local
5568,mp-929,slab,-188.56217191,732.713,True,"[6.8871846, -0.0, 0.0, 0.0, 6.8871846, 0.0, -0.0, -0.0, 6.8871846]",24.0,0.0012135874999999,local
5569,mp-932,slab,-16.9502214,36.406,True,"[4.12003532, 0.0, 0.0, 0.0, 4.12003532, 0.0, 0.0, 0.0, 4.12003532]",4.0,3.5e-07,local
5570,mp-933,slab,-56.96871368,224.038,True,"[5.81855195, -0.0, 0.0, 0.0, 5.81855195, 0.0, -0.0, -0.0, 5.81855195]",8.0,0.0,local
5571,mp-9350,slab,-32.36718386,111.355,True,"[2.18442555, -3.78353604, 0.0, 2.18442555, 3.78353604, -0.0, -0.0, 0.0, 6.90207447]",6.0,0.0,local
5572,mp-937836,slab,-83.55882692,374.467,True,"[5.69889116, -0.0, 0.0, 0.0, 5.69889116, 0.0, -0.0, -0.0, 12.28463965]",16.0,0.0,local
5573,mp-9385,slab,-20.35667169,873.939,True,"[3.15354589, -5.46210171, 0.0, 3.15354589, 5.46210171, -0.0, 0.0, -0.0, 5.38805914]",6.0,0.0,local
5574,mp-9386,slab,-20.46005348,706.841,True,"[3.28123857, -5.68327191, -0.0, 3.28123857, 5.68327191, 0.0, 0.0, 0.0, 5.25244582]",6.0,0.0,local
5575,mp-9437,slab,-94.62921799,256.499,True,"[5.95761736, 0.0, 0.0, 0.0, 5.95761736, 0.0, 0.0, 0.0, 5.95761736]",12.0,8.333333333333334e-09,local
5576,mp-945077,slab,-78.42895948,3369.943,True,"[4.34162316, 0.0, 0.0, 0.0, 26.47004848, 0.0, 0.0, 0.0, 4.33693048]",16.0,0.0,local
5577,mp-945184,slab,-40.1651941,4375.48,True,"[0.0, 6.92949542, -0.00612402, 4.34661604, 0.0, 0.0, 0.0, -0.12865314, -7.50937846]",8.0,0.0,local
5578,mp-945,slab,-11.75937847,126.936,True,"[2.71612737, -0.0, 0.0, 0.0, 2.71612737, 0.0, -0.0, -0.0, 3.63191397]",2.0,0.54774115,local
5579,mp-9463,slab,-37.95267845,136.851,True,"[3.83635772, 0.0, 0.0, 0.0, 3.83635772, 0.0, 0.0, 0.0, 8.71690823]",6.0,2.833333333333334e-07,local
5580,mp-9472,slab,-50.06868432,260.521,True,"[6.4279797, 0.0, 0.0, 0.0, 6.4279797, 0.0, 0.0, -0.0, 6.4279797]",16.0,6.875e-08,local
5581,mp-9479,slab,-89.19850168,526.076,True,"[1.95962505, -3.39417015, 0.0, 1.95962505, 3.39417015, 0.0, -0.0, 0.0, 41.15123742]",21.0,3.3333333333333334e-08,local
5582,mp-949,slab,-13.30867844,66.551,True,"[2.68933918, -0.0, 0.0, 0.0, 2.68933918, 0.0, -0.0, -0.0, 3.72508002]",2.0,1.12536835,local
5583,mp-952,slab,-48.51285753,262.693,True,"[2.77587867, -0.0, 0.0, 0.0, 3.9784819, 0.0, 0.0, 0.0, 8.35206603]",6.0,5e-08,local
5584,mp-953,slab,-14.17045922,37.799,True,"[3.94046114, 0.0, 0.0, 0.0, 3.94046114, 0.0, 0.0, 0.0, 3.94046114]",4.0,6.5e-07,local
5585,mp-9556,slab,-18.96788686,75.97,True,"[2.15289289, -3.72891987, -0.0, 2.15289289, 3.72891987, 0.0, -0.0, -0.0, 9.04337081]",6.0,3.3333333333333334e-08,local
5586,mp-9571,slab,-16.77425399,204.303,True,"[2.09678646, -3.63174068, -0.0, 2.09678646, 3.63174068, 0.0, 0.0, -0.0, 7.04006384]",5.0,0.0,local
5587,mp-9579,slab,-63.86554073,292.733,True,"[8.2691943, 0.0, 0.0, 0.0, 8.2691943, 0.0, 0.0, 0.0, 6.43103929]",16.0,6.25e-09,local
5588,mp-9580,slab,-57.57398427,230.262,True,"[8.22966894, 0.0, 0.0, 0.0, 8.22966894, 0.0, 0.0, 0.0, 6.53310345]",16.0,1.25e-08,local
5589,mp-958,slab,-71.13322248,264.631,True,"[4.62356425, -0.0, 0.0, 0.0, 4.62356425, 0.0, -0.0, -0.0, 4.62356425]",8.0,2.2625e-06,local
5590,mp-961649,slab,-86.27450955,263.439,True,"[6.08590985, -0.0, 0.0, 0.0, 6.08590985, 0.0, -0.0, -0.0, 6.08590985]",12.0,3.3333333333333334e-08,local
5591,mp-961652,slab,-89.0309222,211.275,True,"[6.16223811, -0.0, 0.0, 0.0, 6.16223811, 0.0, -0.0, -0.0, 6.16223811]",12.0,0.3366587916666666,local
5592,mp-961653,slab,-110.18405428,73.66,True,"[5.547036, 0.0, 0.0, 0.0, 5.547036, 0.0, 0.0, 0.0, 5.547036]",12.0,1.1475e-05,local
5593,mp-961656,slab,-82.45509214,126.786,True,"[5.83169869, -0.0, 0.0, 0.0, 5.83169869, 0.0, -0.0, -0.0, 5.83169869]",12.0,0.33639575,local
5594,mp-961659,slab,-81.70194692,169.913,True,"[5.87500828, -0.0, 0.0, 0.0, 5.87500828, 0.0, -0.0, -0.0, 5.87500828]",12.0,8.333333333333334e-09,local
5595,mp-961660,slab,-85.3880009,187.143,True,"[5.61295687, -0.0, 0.0, 0.0, 5.61295687, 0.0, -0.0, -0.0, 5.61295687]",12.0,4.166666666666666e-08,local
5596,mp-961665,slab,-46.13976941,56.809,True,"[6.47956663, 0.0, 0.0, 0.0, 6.47956663, 0.0, 0.0, 0.0, 6.47956663]",12.0,2e-07,local
5597,mp-961673,slab,-83.06624778,251.521,True,"[5.88045602, 0.0, 0.0, 0.0, 5.88045602, 0.0, 0.0, 0.0, 5.88045602]",12.0,7.5e-08,local
5598,mp-961678,slab,-75.14517861,305.896,True,"[6.05864669, 0.0, 0.0, 0.0, 6.05864669, 0.0, 0.0, 0.0, 6.05864669]",12.0,9.16666666666667e-08,local
5599,mp-961682,slab,-74.53825746,461.38,True,"[6.20856635, 0.0, 0.0, 0.0, 6.20856635, 0.0, 0.0, 0.0, 6.20856635]",12.0,0.0,local
5600,mp-961687,slab,-79.76303836,279.165,True,"[6.38975965, 0.0, 0.0, 0.0, 6.38975965, 0.0, 0.0, 0.0, 6.38975965]",12.0,1.6666666666666667e-08,local
5601,mp-961693,slab,-63.12371613,254.245,True,"[6.51034658, 0.0, 0.0, 0.0, 6.51034658, 0.0, 0.0, 0.0, 6.51034658]",12.0,0.0,local
5602,mp-961697,slab,-64.40257364,259.67,True,"[6.28488758, -0.0, 0.0, 0.0, 6.28488758, 0.0, -0.0, -0.0, 6.28488758]",12.0,0.0,local
5603,mp-961706,slab,-88.82245459,65.656,True,"[5.899522, 0.0, 0.0, 0.0, 5.899522, 0.0, 0.0, 0.0, 5.899522]",12.0,2.040833333333333e-05,local
5604,mp-961710,slab,-87.52946576,59.979,True,"[5.822432, 0.0, 0.0, 0.0, 5.822432, 0.0, 0.0, 0.0, 5.822432]",12.0,0.3338824833333333,local
5605,mp-961711,slab,-92.5605303,133.443,True,"[6.13089279, -0.0, 0.0, 0.0, 6.13089279, 0.0, -0.0, -0.0, 6.13089279]",12.0,8.333333333333334e-09,local
5606,mp-961713,slab,-86.17500741,141.961,True,"[6.40639145, 0.0, 0.0, 0.0, 6.40639145, 0.0, 0.0, 0.0, 6.40639145]",12.0,3.3333333333333334e-08,local
5607,mp-961716,slab,-79.18827989,179.1,True,"[6.16970922, -0.0, 0.0, 0.0, 6.16970922, 0.0, -0.0, -0.0, 6.16970922]",12.0,0.333197975,local
5608,mp-962069,slab,-36.16966209,49.131,True,"[6.38361604, 0.0, 0.0, 0.0, 6.38361604, 0.0, -0.0, -0.0, 6.38361604]",12.0,3.25e-07,local
5609,mp-971718,slab,-24.04691756,901.028,True,"[5.03021855, -0.0, 0.0, 0.0, 5.03021855, 0.0, -0.0, -0.0, 9.16547714]",8.0,9.5e-07,local
5610,mp-971720,slab,-9.66153005,57.936,True,"[4.1603586, -0.0, 0.0, 0.0, 4.1603586, 0.0, -0.0, 0.0, 4.1603586]",4.0,6e-07,local
5611,mp-971737,slab,-157.68502044,689.511,True,"[6.0291804, 0.0, 0.0, 0.0, 6.0291804, 0.0, -0.0, 0.0, 6.0291804]",16.0,0.172763175,local
5612,mp-971738,slab,-64.9987794,269.567,True,"[5.72388294, 0.0, 0.0, 0.0, 5.72388294, 0.0, 0.0, 0.0, 5.72388294]",16.0,6.25e-09,local
5613,mp-971739,slab,-73.83544942,287.503,True,"[6.09485163, 0.0, 0.0, 0.0, 6.09485163, 0.0, 0.0, 0.0, 6.09485163]",16.0,1.875e-08,local
5614,mp-971744,slab,-87.84980417,98.565,True,"[5.689258, 0.0, 0.0, 0.0, 5.689258, 0.0, 0.0, 0.0, 5.689258]",16.0,1.117985825,local
5615,mp-971751,slab,-68.12250938,779.39,True,"[5.8457564, 0.0, 0.0, 0.0, 6.70937698, 0.0, 0.0, 0.0, 2.78503378]",8.0,0.0,local
5616,mp-971754,slab,-177.36279318,492.479,True,"[6.1129045, 0.0, 0.0, 0.0, 6.1129045, 0.0, 0.0, 0.0, 6.1129045]",16.0,1.875e-08,local
5617,mp-971758,slab,-17.96487178,72.616,True,"[3.57882917, 0.0, 0.0, 0.0, 3.57882917, 0.0, 0.0, -0.0, 3.57882917]",4.0,0.3075045,local
5618,mp-971775,slab,-22.69212656,385.049,True,"[4.86734195, -0.0, 0.0, 0.0, 4.86734195, 0.0, -0.0, 0.0, 9.73410614]",8.0,2.5e-08,local
5619,mp-971779,slab,-47.10515956,195.148,True,"[3.82573034, -0.0, 0.0, 0.0, 3.82573034, 0.0, 0.0, 0.0, 7.64084034]",8.0,2.5e-08,local
5620,mp-971788,slab,-74.29247197,251.739,True,"[2.72330684, -4.71690581, 0.0, 2.72330684, 4.71690581, -0.0, -0.0, 0.0, 4.26427691]",8.0,3.75e-07,local
5621,mp-971794,slab,-22.58538153,64.617,True,"[3.34552717, -5.79462303, -0.0, 3.34552717, 5.79462303, -0.0, 0.0, -0.0, 5.17437789]",8.0,8.75e-08,local
5622,mp-971804,slab,-35.95729672,398.263,True,"[3.62381696, 0.0, 0.0, 0.0, 3.62381696, 0.0, 0.0, 0.0, 6.98479547]",8.0,0.2617945625,local
5623,mp-971827,slab,-53.52537262,388.714,True,"[6.07193109, 0.0, 0.0, 0.0, 6.07193109, 0.0, 0.0, 0.0, 6.07193109]",16.0,0.0,local
5624,mp-971832,slab,-16.94688376,125.146,True,"[4.522226, 0.0, 0.0, 0.0, 4.522226, 0.0, 0.0, 0.0, 9.668412]",8.0,0.0010350625,local
5625,mp-971836,slab,-69.41333342,565.591,True,"[5.95759674, 0.0, 0.0, 0.0, 5.95759674, 0.0, 0.0, 0.0, 5.95759674]",16.0,6.25e-09,local
5626,mp-971837,slab,-39.93834242,526.866,True,"[6.41906732, 0.0, 0.0, 0.0, 6.41906732, 0.0, 0.0, 0.0, 12.71160433]",16.0,0.0,local
5627,mp-971891,slab,-48.62745132,653.833,True,"[6.25466099, 0.0, 0.0, 0.0, 6.25466099, 0.0, 0.0, 0.0, 6.25466099]",16.0,0.0,local
5628,mp-971901,slab,-22.50984037,572.528,True,"[3.45367259, -5.9819364, 0.0, 3.45367259, 5.9819364, -0.0, 0.0, -0.0, 5.55159574]",8.0,2.2875e-06,local
5629,mp-971909,slab,-35.94601406,132.175,True,"[2.77637156, -4.8088166, -0.0, 2.77637156, 4.8088166, 0.0, 0.0, 0.0, 4.50325543]",8.0,2.5e-08,local
5630,mp-971919,slab,-24.24491476,490.571,True,"[3.28149622, -5.68371818, -0.0, 3.28149622, 5.68371818, -0.0, -0.0, -0.0, 5.41995653]",8.0,2.75e-07,local
5631,mp-971928,slab,-14.74909557,399.356,True,"[4.05671152, -0.0, 0.0, 0.0, 4.05671152, 0.0, 0.0, 0.0, 8.01412755]",8.0,0.0,local
5632,mp-971933,slab,-14.72168253,35.711,True,"[1.70815478, -2.95861087, -0.0, 1.70815478, 2.95861087, 0.0, -0.0, -0.0, 5.38817744]",2.0,2.4e-06,local
5633,mp-971934,slab,-10.99343949,345.982,True,"[4.17066034, 0.0, 0.0, 0.0, 4.17066034, 0.0, -0.0, 0.0, 8.34061857]",8.0,0.0,local
5634,mp-971941,slab,-18.89366547,515.252,True,"[3.6703346, 0.0, 0.0, 0.0, 3.6703346, 0.0, 0.0, 0.0, 7.84968087]",8.0,0.0,local
5635,mp-971948,slab,-20.9213098,290.237,True,"[3.62430396, 0.0, 0.0, 0.0, 3.62430396, 0.0, 0.0, 0.0, 7.99326926]",8.0,0.1248709625,local
5636,mp-971950,slab,-13.34453033,290.771,True,"[4.22304074, 0.0, 0.0, 0.0, 4.22304074, 0.0, -0.0, 0.0, 8.43439966]",8.0,2.5e-08,local
5637,mp-971951,slab,-33.36115158,43.455,True,"[4.33629289, -0.0, 0.0, 0.0, 4.33629289, 0.0, 0.0, 0.0, 4.33629289]",4.0,2.5e-08,local
5638,mp-971960,slab,-28.19071329,107.71,True,"[3.68860847, -0.0, 0.0, 0.0, 3.68860847, 0.0, -0.0, -0.0, 8.30800196]",8.0,0.0624698625,local
5639,mp-972042,slab,-14.64016591,242.742,True,"[2.73714764, -4.74087879, 0.0, 2.73714764, 4.74087879, -0.0, 0.0, -0.0, 4.2796825]",8.0,0.0,local
5640,mp-972048,slab,-71.14255804,836.368,True,"[7.72322029, 0.0, 0.0, 0.0, 7.72322029, 0.0, 0.0, 0.0, 7.72322029]",28.0,0.027401575,local
5641,mp-972069,slab,-55.28656479,533.593,True,"[3.92518024, 0.0, 0.0, 0.0, 3.92518024, 0.0, -0.0, -0.0, 8.51382847]",8.0,2.375e-07,local
5642,mp-972071,slab,-152.63374409,713.552,True,"[6.07598595, 0.0, 0.0, 0.0, 6.07598595, 0.0, 0.0, -0.0, 6.07598595]",16.0,6.875e-08,local
5643,mp-972088,slab,-54.34684084,214.92,True,"[4.2928365, 0.0, 0.0, 0.0, 4.2928365, 0.0, 0.0, -0.0, 9.00549468]",8.0,1.25e-08,local
5644,mp-972175,slab,-21.88360283,7237.754,True,"[6.07025265, -0.0, 0.0, 0.0, 10.80168121, 0.0, 0.0, -0.0, 4.526378]",16.0,0.0,local
5645,mp-972183,slab,-99.05105243,217.866,True,"[6.45656869, 0.0, 0.0, 0.0, 6.45656869, 0.0, 0.0, 0.0, 6.45656869]",16.0,7.5e-08,local
5646,mp-972204,slab,-156.75563645,800.358,True,"[6.07058956, 0.0, 0.0, 0.0, 6.07058956, 0.0, 0.0, 0.0, 6.07058956]",16.0,3.125e-08,local
5647,mp-972205,slab,-165.63652675,500.737,True,"[6.08155633, 0.0, 0.0, 0.0, 6.08155633, 0.0, 0.0, 0.0, 6.08155633]",16.0,1.25e-08,local
5648,mp-972220,slab,-59.04327531,114.845,True,"[2.80240532, -4.85390839, 0.0, 2.80240532, 4.85390839, -0.0, -0.0, 0.0, 4.51631221]",8.0,4.5e-07,local
5649,mp-972236,slab,-168.98991351,468.813,True,"[6.15113861, 0.0, 0.0, 0.0, 6.15113861, 0.0, 0.0, 0.0, 6.15113861]",16.0,6.25e-09,local
5650,mp-972238,slab,-142.84788848,460.637,True,"[6.21003193, -0.0, 0.0, 0.0, 6.21003193, 0.0, -0.0, -0.0, 6.21003193]",16.0,0.42643828125,local
5651,mp-972275,slab,-158.2040276,685.206,True,"[6.19414352, -0.0, 0.0, 0.0, 6.19414352, 0.0, -0.0, -0.0, 6.19414352]",16.0,4.375e-08,local
5652,mp-972327,slab,-148.18370926,254.127,True,"[6.47692927, -0.0, 0.0, 0.0, 6.47692927, 0.0, -0.0, -0.0, 6.47692927]",16.0,1.711875e-05,local
5653,mp-972328,slab,-139.62779804,467.313,True,"[6.22263267, 0.0, 0.0, 0.0, 6.22263267, 0.0, 0.0, 0.0, 6.22263267]",16.0,1.875e-08,local
5654,mp-972337,slab,-158.01019539,519.635,True,"[6.26142183, 0.0, 0.0, 0.0, 6.26142183, 0.0, 0.0, 0.0, 6.26142183]",16.0,6.25e-08,local
5655,mp-972396,slab,-153.18930035,482.029,True,"[6.11929065, 0.0, 0.0, 0.0, 6.11929065, 0.0, -0.0, -0.0, 6.11929065]",16.0,8.51875e-06,local
5656,mp-972777,slab,-133.04107733,172.156,True,"[5.89940321, 0.0, 0.0, 0.0, 5.89940321, 0.0, 0.0, 0.0, 5.89940321]",16.0,6.25e-09,local
5657,mp-972828,slab,-33.5615313,223.233,True,"[3.64626346, 0.0, 0.0, 0.0, 3.64626346, 0.0, 0.0, 0.0, 7.27785744]",8.0,0.0,local
5658,mp-972845,slab,-16.94071467,37.621,True,"[1.56750729, -2.71500226, 0.0, 1.56750729, 2.71500226, 0.0, 0.0, 0.0, 3.51399588]",2.0,2.5e-07,local
5659,mp-972866,slab,-97.31813186,332.218,True,"[6.72722186, 0.0, 0.0, 0.0, 6.72722186, 0.0, 0.0, 0.0, 6.72722186]",16.0,1.875e-08,local
5660,mp-972868,slab,-28.96149865,313.281,True,"[2.90452963, -5.03079288, -0.0, 2.90452963, 5.03079288, -0.0, 0.0, 0.0, 4.76718513]",8.0,1.1625e-06,local
5661,mp-972869,slab,-100.40033789,220.89,True,"[6.67481926, 0.0, 0.0, 0.0, 6.67481926, 0.0, 0.0, 0.0, 6.67481926]",16.0,9.375e-08,local
5662,mp-972876,slab,-40.08422879,226.589,True,"[3.20105353, -5.54438734, 0.0, 3.20105353, 5.54438734, -0.0, -0.0, -0.0, 5.22701024]",8.0,0.18549975,local
5663,mp-972877,slab,-112.0491605,74.783,True,"[6.602086, 0.0, 0.0, 0.0, 6.602086, 0.0, 0.0, 0.0, 6.602086]",16.0,1.858125e-05,local
5664,mp-972879,slab,-110.51701488,249.383,True,"[6.60280252, 0.0, 0.0, 0.0, 6.60280252, 0.0, 0.0, 0.0, 6.60280252]",16.0,0.0,local
5665,mp-972882,slab,-68.31906327,258.946,True,"[6.98566251, 0.0, 0.0, 0.0, 6.98566251, 0.0, 0.0, 0.0, 6.98566251]",16.0,5.625e-08,local
5666,mp-972884,slab,-85.36067269,433.289,True,"[6.68976505, 0.0, 0.0, 0.0, 6.68976505, 0.0, 0.0, 0.0, 6.68976505]",16.0,3.75e-08,local
5667,mp-972889,slab,-37.62951607,192.286,True,"[3.18232539, -5.51194925, -0.0, 3.18232539, 5.51194925, 0.0, -0.0, -0.0, 5.70498474]",8.0,1.25e-08,local
5668,mp-972895,slab,-36.60382352,232.452,True,"[2.98305699, -5.16680626, -0.0, 2.98305699, 5.16680626, 0.0, 0.0, -0.0, 4.77887416]",8.0,1.25e-08,local
5669,mp-972898,slab,-85.61786986,203.491,True,"[6.78981122, 0.0, 0.0, 0.0, 6.78981122, 0.0, 0.0, 0.0, 6.78981122]",16.0,1.6875e-07,local
5670,mp-972899,slab,-109.77190932,133.536,True,"[6.58692333, -0.0, 0.0, 0.0, 6.58692333, 0.0, -0.0, -0.0, 6.58692333]",16.0,2.5e-08,local
5671,mp-972907,slab,-81.6061182,184.723,True,"[6.86788047, 0.0, 0.0, 0.0, 6.86788047, 0.0, 0.0, 0.0, 6.86788047]",16.0,5.625e-08,local
5672,mp-972914,slab,-73.79256837,171.438,True,"[6.94005286, 0.0, 0.0, 0.0, 6.94005286, 0.0, 0.0, 0.0, 6.94005286]",16.0,2.6875e-07,local
5673,mp-972916,slab,-10.86089806,6472.004,True,"[3.20170814, 0.0, 0.0, 0.0, 4.42480919, 0.0, -0.0, -0.0, 4.43086237]",4.0,2.5e-08,local
5674,mp-972925,slab,-54.02562451,112.312,True,"[6.43905781, -0.0, 0.0, 0.0, 6.43905781, 0.0, 0.0, -0.0, 6.43905781]",16.0,1.4375e-07,local
5675,mp-972935,slab,-79.91530042,527.465,True,"[6.0507332, 0.0, 0.0, 0.0, 6.0507332, 0.0, 0.0, 0.0, 6.0507332]",16.0,1.3125e-07,local
5676,mp-972954,slab,-6.37097566,196.808,True,"[2.77343692, -4.80373366, -0.0, 2.77343692, 4.80373366, 0.0, -0.0, 0.0, 4.97324601]",6.0,7.666666666666667e-07,local
5677,mp-972957,slab,-140.21183817,456.805,True,"[6.28072971, 0.0, 0.0, 0.0, 6.28072971, 0.0, 0.0, -0.0, 6.28072971]",16.0,2.5e-08,local
5678,mp-972961,slab,-112.86059067,209.985,True,"[6.41198167, -0.0, 0.0, 0.0, 6.41198167, 0.0, -0.0, -0.0, 6.41198167]",16.0,1.125e-07,local
5679,mp-972966,slab,-117.39949467,217.366,True,"[6.59650278, 0.0, 0.0, 0.0, 6.59650278, 0.0, 0.0, 0.0, 6.59650278]",16.0,2.5e-08,local
5680,mp-972970,slab,-119.36096652,364.466,True,"[6.16477001, -0.0, 0.0, 0.0, 6.16477001, 0.0, 0.0, 0.0, 6.16477001]",16.0,1.4375e-07,local
5681,mp-972,slab,-52.68802728,113.562,True,"[5.37543617, -0.0, 0.0, 0.0, 5.37543617, 0.0, 0.0, -0.0, 5.37543617]",8.0,2.3018088375,local
5682,mp-973066,slab,-114.20297552,563.456,True,"[6.25129408, 0.0, 0.0, 0.0, 6.25129408, 0.0, 0.0, 0.0, 6.25129408]",16.0,1.0025e-05,local
5683,mp-973067,slab,-93.21855841,545.926,True,"[6.31099827, 0.0, 0.0, 0.0, 6.31099827, 0.0, 0.0, 0.0, 6.31099827]",16.0,2.5e-08,local
5684,mp-973088,slab,-40.52661767,126.355,True,"[6.76194338, 0.0, 0.0, 0.0, 6.76194338, 0.0, 0.0, 0.0, 6.76194338]",16.0,3.75e-08,local
5685,mp-973089,slab,-141.39432925,322.981,True,"[6.13575743, 0.0, 0.0, 0.0, 6.13575743, 0.0, 0.0, 0.0, 6.13575743]",16.0,1.10625e-06,local
5686,mp-973092,slab,-36.21413236,242.566,True,"[3.92919485, 0.0, 0.0, 0.0, 3.92919485, 0.0, 0.0, 0.0, 7.47446344]",8.0,1.25e-08,local
5687,mp-973100,slab,-72.21507862,570.38,True,"[6.14073064, 0.0, 0.0, 0.0, 6.14073064, 0.0, 0.0, 0.0, 6.14073064]",16.0,6.25e-09,local
5688,mp-973126,slab,-92.92242359,177.576,True,"[6.76075, -0.0, 0.0, 0.0, 6.76075, 0.0, -0.0, -0.0, 6.76075]",16.0,0.0,local
5689,mp-973133,slab,-91.7624617,416.348,True,"[6.3174869, 0.0, 0.0, 0.0, 6.3174869, 0.0, 0.0, -0.0, 6.3174869]",16.0,2.625e-07,local
5690,mp-973141,slab,-61.09871278,337.303,True,"[6.42110699, 0.0, 0.0, 0.0, 6.42110699, 0.0, 0.0, 0.0, 6.42110699]",16.0,1.875e-08,local
5691,mp-973142,slab,-63.2513679,336.404,True,"[6.34481175, -0.0, 0.0, 0.0, 6.34481175, 0.0, -0.0, -0.0, 6.34481175]",16.0,1.375e-07,local
5692,mp-973143,slab,-42.93287753,557.674,True,"[6.38536135, 0.0, 0.0, 0.0, 6.38536135, 0.0, 0.0, 0.0, 6.38536135]",16.0,6.25e-09,local
5693,mp-973147,slab,-27.51058681,380.391,True,"[0.0, 11.93491894, -0.00584539, 3.1809088, 0.0, 0.0, 0.0, -1.98356274, -7.35742989]",12.0,3.425e-06,local
5694,mp-973149,slab,-123.78763142,326.094,True,"[5.70246297, -0.0, 0.0, 0.0, 5.70246297, 0.0, -0.0, -0.0, 5.70246297]",16.0,0.6606718625,local
5695,mp-973153,slab,-106.44140912,458.118,True,"[6.39216324, 0.0, 0.0, 0.0, 6.39216324, 0.0, 0.0, 0.0, 6.39216324]",16.0,4.375e-08,local
5696,mp-973166,slab,-7.79518624,350.517,True,"[3.27837358, -5.67830962, -0.0, 3.27837358, 5.67830962, 0.0, 0.0, -0.0, 5.11245937]",8.0,2.75e-07,local
5697,mp-973170,slab,-63.36388769,151.354,True,"[6.76536511, 0.0, 0.0, 0.0, 6.76536511, 0.0, 0.0, 0.0, 6.76536511]",16.0,1.25e-08,local
5698,mp-973174,slab,-18.9476981,115.069,True,"[4.22768, -0.0, 0.0, 0.0, 4.22768, 0.0, -0.0, -0.0, 8.58421978]",8.0,8.75e-08,local
5699,mp-973175,slab,-37.20651593,388.73,True,"[4.60284045, 0.0, 0.0, 0.0, 4.60284045, 0.0, 0.0, -0.0, 10.94751883]",8.0,0.0,local
5700,mp-9731,slab,-39.75708866,5425.163,True,"[6.94470453, 0.0, 0.0, 0.0, 8.51176742, 0.0, 0.0, 0.0, 7.15331587]",12.0,0.0,local
5701,mp-973229,slab,-16.05958117,47.783,True,"[1.53303593, -2.65529613, 0.0, 1.53303593, 2.65529613, -0.0, -0.0, 0.0, 5.05172731]",2.0,2.5e-07,local
5702,mp-973292,slab,-20.97276698,16.96,True,"[3.25174453, 0.0, 0.0, 0.0, 3.25174453, 0.0, 0.0, 0.0, 3.25174453]",4.0,0.244966275,local
5703,mp-973342,slab,-26.9093908,38.386,True,"[3.95684668, 0.0, 0.0, 0.0, 3.95684668, 0.0, 0.0, 0.0, 3.95684668]",4.0,2.5e-08,local
5704,mp-973353,slab,-91.40140228,94.389,True,"[6.50874951, -0.0, 0.0, 0.0, 6.50874951, 0.0, 0.0, 0.0, 6.50874951]",16.0,6.25e-09,local
5705,mp-973354,slab,-45.72950788,300.372,True,"[4.02493023, -0.0, 0.0, 0.0, 4.02493023, 0.0, 0.0, 0.0, 8.48075634]",8.0,0.0,local
5706,mp-973402,slab,-84.9559652,120.335,True,"[6.43526528, 0.0, 0.0, 0.0, 6.43526528, 0.0, 0.0, 0.0, 6.43526528]",16.0,0.0,local
5707,mp-973434,slab,-165.13677905,98.456,True,"[6.52401, 0.0, 0.0, 0.0, 6.52401, 0.0, 0.0, 0.0, 6.52401]",16.0,0.000386925,local
5708,mp-973498,slab,-21.98514225,2277.536,True,"[4.63309255, -0.0, 0.0, 0.0, 4.63309255, 0.0, 0.0, 0.0, 8.9627804]",8.0,5e-08,local
5709,mp-973534,slab,-20.49991223,65.635,True,"[1.33607471, -2.31414929, -0.0, 1.33607471, 2.31414929, 0.0, -0.0, -0.0, 4.14613046]",2.0,3e-07,local
5710,mp-973557,slab,-69.37442937,138.462,True,"[6.45777496, -0.0, 0.0, 0.0, 6.45777496, 0.0, -0.0, -0.0, 6.45777496]",16.0,0.77597200625,local
5711,mp-973834,slab,-15.18098417,25.631,True,"[4.09057147, -0.0, 0.0, 0.0, 4.09057147, 0.0, -0.0, -0.0, 4.09057147]",4.0,4e-07,local
5712,mp-973839,slab,-30.39728546,232.506,True,"[4.14159171, -0.0, 0.0, 0.0, 4.14159171, 0.0, -0.0, -0.0, 8.03016599]",8.0,0.0,local
5713,mp-973940,slab,-19.36133574,207.514,True,"[6.9003188, 0.0, 0.0, 0.0, 6.9003188, 0.0, 0.0, 0.0, 6.9003188]",16.0,6.25e-09,local
5714,mp-973979,slab,-86.09526664,231.521,True,"[6.02501946, 0.0, 0.0, 0.0, 6.02501946, 0.0, 0.0, 0.0, 6.02501946]",16.0,0.91282003125,local
5715,mp-973983,slab,-41.88210359,260.847,True,"[2.72210641, -4.71482661, 0.0, 2.72210641, 4.71482661, -0.0, -0.0, -0.0, 4.47850736]",8.0,0.4315122,local
5716,mp-974023,slab,-21.59482253,1022.116,True,"[3.56341098, -6.17200886, 0.0, 3.56341098, 6.17200886, 0.0, -0.0, -0.0, 4.3271839]",8.0,0.0,local
5717,mp-974049,slab,-74.83716678,133.323,True,"[2.99019698, -5.1791731, -0.0, 2.99019698, 5.1791731, 0.0, 0.0, -0.0, 5.13476354]",8.0,5e-08,local
5718,mp-974058,slab,-52.70253291,288.028,True,"[5.79995499, 0.0, 0.0, 0.0, 5.79995499, 0.0, 0.0, 0.0, 5.79995499]",16.0,0.0,local
5719,mp-974326,slab,-78.02150834,124.273,True,"[2.72587971, -4.72136215, 0.0, 2.72587971, 4.72136215, -0.0, -0.0, 0.0, 4.31113055]",8.0,1.25e-08,local
5720,mp-974335,slab,-30.86930039,44.066,True,"[3.82344656, 0.0, 0.0, 0.0, 3.82344656, 0.0, 0.0, 0.0, 3.82344656]",4.0,4e-07,local
5721,mp-974341,slab,-61.68466009,120.647,True,"[2.7248683, -4.71961034, -0.0, 2.7248683, 4.71961034, -0.0, 0.0, -0.0, 4.35091669]",8.0,1.25e-08,local
5722,mp-974358,slab,-71.82423191,132.182,True,"[3.85235771, 0.0, 0.0, 0.0, 3.85235771, 0.0, 0.0, 0.0, 7.71715692]",8.0,2.5e-08,local
5723,mp-974368,slab,-49.97437953,371.155,True,"[4.09065524, 0.0, 0.0, 0.0, 4.09065524, 0.0, 0.0, -0.0, 7.74624485]",8.0,9.29375e-05,local
5724,mp-974370,slab,-27.9248406,35.758,True,"[3.86370156, 0.0, 0.0, 0.0, 3.86370156, 0.0, 0.0, 0.0, 3.86370156]",4.0,2.25e-07,local
5725,mp-974376,slab,-55.90545213,189.583,True,"[3.86198908, -0.0, 0.0, 0.0, 3.86198908, 0.0, 0.0, 0.0, 7.73246862]",8.0,2.5e-08,local
5726,mp-974395,slab,-25.59343488,33.627,True,"[3.93210665, 0.0, 0.0, 0.0, 3.93210665, 0.0, -0.0, -0.0, 3.93210665]",4.0,2.5e-06,local
5727,mp-9743,slab,-28.84111552,116.961,True,"[2.16167127, -3.74412447, 0.0, 2.16167127, 3.74412447, -0.0, -0.0, -0.0, 8.97518829]",6.0,3.3333333333333334e-08,local
5728,mp-974408,slab,-99.39750678,149.517,True,"[2.78942674, -4.83142884, 0.0, 2.78942674, 4.83142884, -0.0, -0.0, 0.0, 4.53804138]",8.0,1.25e-08,local
5729,mp-974416,slab,-99.40964945,291.675,True,"[3.93864013, -0.0, 0.0, 0.0, 3.93864013, 0.0, 0.0, -0.0, 7.89260654]",8.0,2.5e-08,local
5730,mp-974420,slab,-95.43371118,568.582,True,"[3.93130566, -0.0, 0.0, 0.0, 3.93130566, 0.0, 0.0, -0.0, 7.86324049]",8.0,2.5e-08,local
5731,mp-974421,slab,-18.14348779,44.921,True,"[1.36917562, -2.37148174, -0.0, 1.36917562, 2.37148174, 0.0, 0.0, -0.0, 4.35301492]",2.0,7.5e-07,local
5732,mp-974430,slab,-92.9237834,136.56,True,"[3.8961629, 0.0, 0.0, 0.0, 3.8961629, 0.0, 0.0, 0.0, 7.78710183]",8.0,3.875e-07,local
5733,mp-974455,slab,-93.49802362,406.559,True,"[2.75358378, 0.0, 0.0, 0.0, 4.80401488, 0.0, 0.0, 0.0, 8.83395674]",8.0,2.5e-08,local
5734,mp-9744,slab,-14.58757212,30.431,True,"[2.19723636, -3.80572501, 0.0, 2.19723636, 3.80572501, 0.0, 0.0, 0.0, 4.8100982]",3.0,1.6666666666666665e-07,local
5735,mp-974571,slab,-61.58866932,138.694,True,"[2.39179887, -4.14271717, -0.0, 2.39179887, 4.14271717, -0.0, -0.0, 0.0, 4.034799]",8.0,0.0,local
5736,mp-974589,slab,-95.45427041,148.084,True,"[2.7832192, -4.82067705, 0.0, 2.7832192, 4.82067705, -0.0, -0.0, -0.0, 4.52695579]",8.0,1.25e-08,local
5737,mp-974616,slab,-51.21829819,179.889,True,"[3.9276734, 0.0, 0.0, 0.0, 3.9276734, 0.0, 0.0, 0.0, 7.88434491]",8.0,1.7725e-05,local
5738,mp-974625,slab,-93.46770325,126.065,True,"[2.76657195, -4.79184318, 0.0, 2.76657195, 4.79184318, -0.0, 0.0, -0.0, 4.41354726]",8.0,3.75e-08,local
5739,mp-974634,slab,-53.547685,327.782,True,"[6.39733257, 0.0, 0.0, 0.0, 6.39733257, 0.0, 0.0, 0.0, 6.39733257]",16.0,1.25e-08,local
5740,mp-974642,slab,-45.53276116,400.107,True,"[6.88506219, 0.0, 0.0, 0.0, 6.88506219, 0.0, 0.0, 0.0, 6.88506219]",16.0,6.25e-09,local
5741,mp-974690,slab,-44.63983076,2312.36,True,"[4.99083876, 0.0, 0.0, 0.0, 4.99083876, 0.0, 0.0, 0.0, 16.01729403]",14.0,0.0020168571428571,local
5742,mp-974747,slab,-39.60641832,317.203,True,"[2.61093648, -4.52227464, 0.0, 2.61093648, 4.52227464, -0.0, -0.0, -0.0, 4.2786038]",8.0,0.986931,local
5743,mp-974973,slab,-86.50400844,166.999,True,"[6.64068047, 0.0, 0.0, 0.0, 6.64068047, 0.0, 0.0, 0.0, 6.64068047]",16.0,6.25e-09,local
5744,mp-975019,slab,-3.38834261,24.219,True,"[6.312502, 0.0, 0.0, 0.0, 6.312502, 0.0, 0.0, 0.0, 6.312502]",4.0,0.000121575,local
5745,mp-975028,slab,-13.43938883,103.768,True,"[10.002012, 0.0, 0.0, 0.0, 10.002012, 0.0, 0.0, 0.0, 10.002012]",16.0,1.93e-05,local
5746,mp-975051,slab,-5.0314857,18.423,True,"[6.136148, 0.0, 0.0, 0.0, 6.136148, 0.0, 0.0, 0.0, 6.136148]",4.0,0.000152675,local
5747,mp-975079,slab,-24.70739575,140.086,True,"[2.74405016, -4.75283429, -0.0, 2.74405016, 4.75283429, 0.0, 0.0, 0.0, 4.34086301]",8.0,0.7991686,local
5748,mp-975144,slab,-21.71888976,456.201,True,"[4.21089976, 0.0, 0.0, 0.0, 4.21089976, 0.0, 0.0, 0.0, 10.52085909]",8.0,0.0,local
5749,mp-975359,slab,-56.28584698,509.224,True,"[3.74088628, 0.0, 0.0, 0.0, 3.74088628, 0.0, 0.0, 0.0, 14.97387711]",10.0,0.32280375,local
5750,mp-975608,slab,-54.84838943,146.273,True,"[6.33149005, -0.0, 0.0, 0.0, 6.33149005, 0.0, -0.0, 0.0, 6.33149005]",16.0,1.5e-07,local
5751,mp-975799,slab,-11.81178075,120.863,True,"[2.75052046, -4.76404118, 0.0, 2.75052046, 4.76404118, 0.0, -0.0, 0.0, 4.40013259]",8.0,1.125e-07,local
5752,mp-975834,slab,-77.72034127,241.995,True,"[2.74954361, -4.76234924, 0.0, 2.74954361, 4.76234924, 0.0, -0.0, 0.0, 4.34828171]",8.0,0.0,local
5753,mp-975882,slab,-18.87104657,243.388,True,"[4.06186381, -0.0, 0.0, 0.0, 4.06186381, 0.0, 0.0, -0.0, 7.39082221]",8.0,1.125e-07,local
5754,mp-975897,slab,-158.27775325,235.075,True,"[6.5089083, 0.0, 0.0, 0.0, 6.5089083, 0.0, 0.0, 0.0, 6.5089083]",16.0,1.875e-08,local
5755,mp-975904,slab,-14.40756326,127.378,True,"[4.28346307, -0.0, 0.0, 0.0, 4.28346307, 0.0, -0.0, -0.0, 7.94346503]",8.0,1.25e-08,local
5756,mp-975909,slab,-26.04965468,616.097,True,"[4.03336352, -0.0, 0.0, 0.0, 4.03336352, 0.0, -0.0, -0.0, 8.29906598]",8.0,1.5e-07,local
5757,mp-976082,slab,-136.42291177,406.49,True,"[5.90613868, 0.0, 0.0, 0.0, 5.90613868, 0.0, 0.0, 0.0, 5.90613868]",16.0,0.23743215,local
5758,mp-976106,slab,-63.8712907,272.33,True,"[4.32680162, 0.0, 0.0, 0.0, 4.32680162, 0.0, 0.0, 0.0, 9.46398268]",8.0,1.5e-07,local
5759,mp-976128,slab,-55.95065624,61.413,True,"[2.78665181, -4.82662252, 0.0, 2.78665181, 4.82662252, -0.0, -0.0, -0.0, 5.0445006]",6.0,3.833333333333334e-07,local
5760,mp-976265,slab,-155.97938243,156.906,True,"[6.57561713, 0.0, 0.0, 0.0, 6.57561713, 0.0, -0.0, 0.0, 6.57561713]",16.0,1.25e-08,local
5761,mp-976281,slab,-24.28681007,120.89,True,"[3.99659908, 0.0, 0.0, 0.0, 3.99659908, 0.0, -0.0, -0.0, 7.39013345]",8.0,0.0,local
5762,mp-976289,slab,-27.38315078,128.96,True,"[6.9429361, -0.0, 0.0, 0.0, 6.9429361, 0.0, 0.0, 0.0, 6.9429361]",16.0,1.1875e-07,local
5763,mp-976322,slab,-26.97425369,412.483,True,"[3.98148532, -0.0, 0.0, 0.0, 3.98148532, 0.0, 0.0, -0.0, 7.06790389]",8.0,1.625e-07,local
5764,mp-976326,slab,-38.44155269,285.793,True,"[6.92575995, 0.0, 0.0, 0.0, 6.92575995, 0.0, 0.0, -0.0, 6.92575995]",16.0,2.5e-08,local
5765,mp-976330,slab,-119.06339444,113.703,True,"[6.59182701, 0.0, 0.0, 0.0, 6.59182701, 0.0, 0.0, 0.0, 6.59182701]",16.0,9.375e-08,local
5766,mp-976406,slab,-100.09472324,209.818,True,"[6.26468248, 0.0, 0.0, 0.0, 6.26468248, 0.0, 0.0, 0.0, 6.26468248]",16.0,1.0687951375,local
5767,mp-976408,slab,-18.14781921,399.603,True,"[4.1273413, -0.0, 0.0, 0.0, 4.1273413, 0.0, 0.0, -0.0, 7.84398625]",8.0,1.375e-07,local
5768,mp-976412,slab,-28.98055671,91.158,True,"[6.3437223, 0.0, 0.0, 0.0, 6.3437223, 0.0, 0.0, 0.0, 6.3437223]",16.0,1.1175e-05,local
5769,mp-976414,slab,-14.50010028,62.346,True,"[4.2947357, 0.0, 0.0, 0.0, 4.2947357, 0.0, -0.0, 0.0, 6.98660783]",8.0,2.875e-07,local
5770,mp-976419,slab,-67.45499035,300.79,True,"[4.40015008, -0.0, 0.0, 0.0, 4.40015008, 0.0, -0.0, -0.0, 9.47422917]",8.0,8e-07,local
5771,mp-976592,slab,-5.45022583,21.239,True,"[5.777752, 0.0, 0.0, 0.0, 5.777752, 0.0, 0.0, 0.0, 5.777752]",4.0,7.895e-05,local
5772,mp-976725,slab,-33.74538445,16.363,True,"[4.350654, 0.0, 0.0, 0.0, 4.350654, 0.0, 0.0, 0.0, 4.350654]",4.0,0.001382675,local
5773,mp-976762,slab,-25.85315456,664.114,True,"[4.01458159, 0.0, 0.0, 0.0, 4.01458159, 0.0, -0.0, 0.0, 7.94875526]",8.0,4.5e-07,local
5774,mp-976765,slab,-15.81863205,88.72,True,"[5.09667901, 0.0, 0.0, 0.0, 5.09667901, 0.0, 0.0, 0.0, 7.61468964]",8.0,8.75e-08,local
5775,mp-976772,slab,-12.90391744,37.539,True,"[4.00413101, 0.0, 0.0, 0.0, 4.00413101, 0.0, 0.0, -0.0, 4.00413101]",4.0,3.8e-06,local
5776,mp-976784,slab,-14.80577032,32.954,True,"[4.02967296, -0.0, 0.0, 0.0, 4.02967296, 0.0, -0.0, -0.0, 4.02967296]",4.0,0.000843075,local
5777,mp-976799,slab,-19.69596841,48.397,True,"[3.83686476, -0.0, 0.0, 0.0, 3.83686476, 0.0, -0.0, -0.0, 3.83686476]",4.0,4e-07,local
5778,mp-9767,slab,-78.88108886,2112.839,True,"[4.75883371, 0.0, 0.0, 0.0, 17.51483505, 0.0, 0.0, 0.0, 4.63766027]",16.0,0.0,local
5779,mp-976804,slab,-44.15288699,1483.812,True,"[1.9867969, -3.44123318, -0.0, 1.9867969, 3.44123318, 0.0, -0.0, 0.0, 21.27449031]",12.0,0.0,local
5780,mp-976806,slab,-29.67065994,123.036,True,"[2.82719436, -4.89684427, 0.0, 2.82719436, 4.89684427, 0.0, 0.0, -0.0, 4.68673817]",8.0,0.0187198875,local
5781,mp-976818,slab,-38.62577822,631.989,True,"[3.69917376, -0.0, 0.0, 0.0, 3.69917376, 0.0, -0.0, 0.0, 7.39134029]",8.0,0.406647775,local
5782,mp-976830,slab,-19.43325003,38.238,True,"[3.81332534, -0.0, 0.0, 0.0, 3.81332534, 0.0, 0.0, 0.0, 3.81332534]",4.0,1.125e-06,local
5783,mp-976838,slab,-38.51734458,144.128,True,"[2.62286755, -4.54293987, 0.0, 2.62286755, 4.54293987, -0.0, 0.0, -0.0, 4.2566118]",8.0,0.4313689125,local
5784,mp-976847,slab,-21.11295227,37.366,True,"[3.73855459, 0.0, 0.0, 0.0, 3.73855459, 0.0, -0.0, 0.0, 3.73855459]",4.0,1e-07,local
5785,mp-976893,slab,-42.20968153,135.011,True,"[2.6477239, -4.58599232, 0.0, 2.6477239, 4.58599232, -0.0, -0.0, -0.0, 4.28439226]",8.0,5e-08,local
5786,mp-9768,slab,-74.43721,2306.611,True,"[4.95070111, 0.0, 0.0, 0.0, 18.73252293, 0.0, 0.0, 0.0, 5.00363094]",16.0,0.0,local
5787,mp-976930,slab,-43.25559826,125.993,True,"[2.55481181, -4.42506386, 0.0, 2.55481181, 4.42506386, 0.0, 0.0, -0.0, 4.11992146]",8.0,4.125e-07,local
5788,mp-976953,slab,-38.8149629,138.945,True,"[2.67972202, -4.64141469, -0.0, 2.67972202, 4.64141469, 0.0, 0.0, -0.0, 4.29155099]",8.0,1.25e-07,local
5789,mp-976971,slab,-33.81941009,162.3,True,"[4.00426559, 0.0, 0.0, 0.0, 4.00426559, 0.0, 0.0, 0.0, 8.09611084]",8.0,8.75e-08,local
5790,mp-976976,slab,-88.57635621,379.22,True,"[2.42140464, -4.19399586, -0.0, 2.42140464, 4.19399586, 0.0, 0.0, 0.0, 13.75006591]",18.0,9.005555555555557e-06,local
5791,mp-9769,slab,-82.84427376,1151.043,True,"[4.73962057, 0.0, 0.0, 0.0, 17.35589888, 0.0, 0.0, 0.0, 4.68878747]",16.0,0.0,local
5792,mp-977056,slab,-67.7867063,491.588,True,"[0.0, 10.44225205, -0.01309345, 2.79225882, 0.0, 0.0, 0.0, -1.91316351, -6.44109229]",12.0,0.0,local
5793,mp-977059,slab,-29.52260369,128.093,True,"[2.42902428, -4.20719346, -0.0, 2.42902428, 4.20719346, -0.0, -0.0, 0.0, 4.56213605]",6.0,2.5e-07,local
5794,mp-977110,slab,-68.6710706,154.019,True,"[6.57144441, 0.0, 0.0, 0.0, 6.57144441, 0.0, 0.0, 0.0, 6.57144441]",16.0,5.625e-08,local
5795,mp-977113,slab,-59.77256738,80.946,True,"[6.5058753, -0.0, 0.0, 0.0, 6.5058753, 0.0, -0.0, -0.0, 6.5058753]",16.0,1.875e-08,local
5796,mp-977126,slab,-18.12414262,175.884,True,"[2.90886702, -5.03830547, -0.0, 2.90886702, 5.03830547, 0.0, 0.0, -0.0, 4.68330445]",8.0,1.7875e-06,local
5797,mp-977205,slab,-45.9386119,340.574,True,"[7.1048539, 0.0, 0.0, 0.0, 7.1048539, 0.0, 0.0, 0.0, 7.1048539]",16.0,1.25e-08,local
5798,mp-977273,slab,-77.0604171,1542.168,True,"[0.0, 9.87309973, 0.00269198, 2.75088028, 0.0, 0.0, 0.0, -1.65111799, -6.36483506]",12.0,8.333333333333334e-09,local
5799,mp-977353,slab,-193.29752794,179.687,True,"[6.42823292, 0.0, 0.0, 0.0, 6.42823292, 0.0, 0.0, 0.0, 6.42823292]",16.0,8.3125e-07,local
5800,mp-977356,slab,-92.06426405,277.539,True,"[6.07861322, 0.0, 0.0, 0.0, 6.07861322, 0.0, 0.0, 0.0, 6.07861322]",16.0,5e-08,local
5801,mp-977357,slab,-187.00382633,440.178,True,"[6.37682632, 0.0, 0.0, 0.0, 6.37682632, 0.0, 0.0, 0.0, 6.37682632]",16.0,6e-07,local
5802,mp-977359,slab,-58.40950406,337.415,True,"[7.09960974, 0.0, 0.0, 0.0, 7.09960974, 0.0, 0.0, 0.0, 7.09960974]",16.0,3.75e-08,local
5803,mp-977361,slab,-99.64294692,445.181,True,"[6.01489099, 0.0, 0.0, 0.0, 6.01489099, 0.0, 0.0, 0.0, 6.01489099]",16.0,1.05900825625,local
5804,mp-977362,slab,-83.65074565,405.142,True,"[6.04524402, 0.0, 0.0, 0.0, 6.04524402, 0.0, 0.0, 0.0, 6.04524402]",16.0,2.5e-07,local
5805,mp-977367,slab,-75.79149987,192.566,True,"[6.45823224, 0.0, 0.0, 0.0, 6.45823224, 0.0, 0.0, 0.0, 6.45823224]",16.0,0.0,local
5806,mp-977380,slab,-48.04851606,54.558,True,"[6.47415811, 0.0, 0.0, 0.0, 6.47415811, 0.0, 0.0, -0.0, 6.47415811]",16.0,1.9375e-07,local
5807,mp-977382,slab,-171.76973199,383.032,True,"[6.3196588, 0.0, 0.0, 0.0, 6.3196588, 0.0, 0.0, 0.0, 6.3196588]",16.0,4.4375e-07,local
5808,mp-977383,slab,-64.34701104,334.558,True,"[6.31241256, 0.0, 0.0, 0.0, 6.31241256, 0.0, 0.0, -0.0, 6.31241256]",16.0,0.0,local
5809,mp-977384,slab,-94.29486423,333.566,True,"[5.95518734, 0.0, 0.0, 0.0, 5.95518734, 0.0, 0.0, 0.0, 5.95518734]",16.0,1.875e-08,local
5810,mp-977390,slab,-181.99507015,176.932,True,"[6.4660044, 0.0, 0.0, 0.0, 6.4660044, 0.0, 0.0, 0.0, 6.4660044]",16.0,6.25e-09,local
5811,mp-977399,slab,-65.25345466,255.155,True,"[6.19641508, 0.0, 0.0, 0.0, 6.19641508, 0.0, 0.0, 0.0, 6.19641508]",16.0,1.0625e-07,local
5812,mp-977401,slab,-134.16175606,440.591,True,"[6.19319033, 0.0, 0.0, 0.0, 6.19319033, 0.0, 0.0, 0.0, 6.19319033]",16.0,1.25e-08,local
5813,mp-977407,slab,-168.99621133,282.835,True,"[6.53779695, 0.0, 0.0, 0.0, 6.53779695, 0.0, 0.0, 0.0, 6.53779695]",16.0,8.9375e-07,local
5814,mp-977410,slab,-122.8932489,390.945,True,"[5.91186831, 0.0, 0.0, 0.0, 5.91186831, 0.0, 0.0, 0.0, 5.91186831]",16.0,9.375e-08,local
5815,mp-977418,slab,-48.88717951,117.946,True,"[6.4506612, 0.0, 0.0, 0.0, 6.4506612, 0.0, -0.0, -0.0, 6.4506612]",16.0,8.125e-08,local
5816,mp-977425,slab,-173.85973671,415.25,True,"[6.26720845, 0.0, 0.0, 0.0, 6.26720845, 0.0, 0.0, 0.0, 6.26720845]",16.0,1.875e-08,local
5817,mp-977426,slab,-64.09261216,579.309,True,"[2.5839178, -4.4754769, 0.0, 2.5839178, 4.4754769, 0.0, -0.0, -0.0, 4.13917596]",8.0,0.0,local
5818,mp-977427,slab,-70.23017766,268.385,True,"[6.088948, 0.0, 0.0, 0.0, 6.088948, 0.0, 0.0, 0.0, 6.088948]",16.0,6.25e-09,local
5819,mp-977430,slab,-124.80073328,351.463,True,"[6.26293971, 0.0, 0.0, 0.0, 6.26293971, 0.0, 0.0, 0.0, 6.26293971]",16.0,4.5e-07,local
5820,mp-977434,slab,-162.81751841,271.785,True,"[6.45104934, -0.0, 0.0, 0.0, 6.45104934, 0.0, -0.0, -0.0, 6.45104934]",16.0,1.5625e-07,local
5821,mp-977435,slab,-122.35308013,314.444,True,"[6.33183619, 0.0, 0.0, 0.0, 6.33183619, 0.0, 0.0, 0.0, 6.33183619]",16.0,6.25e-09,local
5822,mp-977436,slab,-133.51906722,282.339,True,"[6.28807532, 0.0, 0.0, 0.0, 6.28807532, 0.0, 0.0, 0.0, 6.28807532]",16.0,1e-07,local
5823,mp-977438,slab,-82.6611683,381.006,True,"[6.35684006, 0.0, 0.0, 0.0, 6.35684006, 0.0, 0.0, 0.0, 6.35684006]",16.0,5e-08,local
5824,mp-977440,slab,-101.07887164,362.384,True,"[6.16354398, 0.0, 0.0, 0.0, 6.16354398, 0.0, 0.0, 0.0, 6.16354398]",16.0,6.25e-08,local
5825,mp-977443,slab,-135.48463113,426.831,True,"[6.28260598, 0.0, 0.0, 0.0, 6.28260598, 0.0, 0.0, 0.0, 6.28260598]",16.0,1e-07,local
5826,mp-977453,slab,-35.63845675,293.19,True,"[7.70820449, 0.0, 0.0, 0.0, 7.70820449, 0.0, 0.0, -0.0, 7.70820449]",16.0,2.75e-07,local
5827,mp-977462,slab,-70.27518954,177.573,True,"[6.78016872, 0.0, 0.0, 0.0, 6.78016872, 0.0, 0.0, 0.0, 6.78016872]",16.0,7.5e-08,local
5828,mp-977463,slab,-105.00107293,482.357,True,"[6.1295191, 0.0, 0.0, 0.0, 6.1295191, 0.0, 0.0, 0.0, 6.1295191]",16.0,0.9098976375,local
5829,mp-977475,slab,-97.22584208,430.94,True,"[6.62553951, 0.0, 0.0, 0.0, 6.62553951, 0.0, 0.0, 0.0, 6.62553951]",16.0,5e-08,local
5830,mp-977537,slab,-104.90563897,210.216,True,"[6.4854089, 0.0, 0.0, 0.0, 6.4854089, 0.0, 0.0, 0.0, 6.4854089]",16.0,0.0,local
5831,mp-977540,slab,-74.54669202,243.306,True,"[6.95458084, 0.0, 0.0, 0.0, 6.95458084, 0.0, 0.0, 0.0, 6.95458084]",16.0,1.1875e-07,local
5832,mp-977543,slab,-114.03748249,252.847,True,"[6.51735876, 0.0, 0.0, 0.0, 6.51735876, 0.0, 0.0, 0.0, 6.51735876]",16.0,7.5e-08,local
5833,mp-977544,slab,-157.83601198,1636.17,True,"[6.47061416, -0.0, 0.0, 0.0, 6.47061416, 0.0, -0.0, -0.0, 6.47061416]",16.0,1.2e-06,local
5834,mp-977547,slab,-75.06868541,281.392,True,"[6.13120445, 0.0, 0.0, 0.0, 6.13120445, 0.0, 0.0, 0.0, 6.13120445]",16.0,6.25e-09,local
5835,mp-977549,slab,-159.96609046,309.617,True,"[6.55119329, 0.0, 0.0, 0.0, 6.55119329, 0.0, 0.0, 0.0, 6.55119329]",16.0,6.25e-09,local
5836,mp-977550,slab,-156.90652661,167.87,True,"[6.49707748, 0.0, 0.0, 0.0, 6.49707748, 0.0, 0.0, 0.0, 6.49707748]",16.0,6.25e-09,local
5837,mp-977554,slab,-57.4398718,229.613,True,"[6.76026313, 0.0, 0.0, 0.0, 6.76026313, 0.0, 0.0, 0.0, 6.76026313]",16.0,3.75e-08,local
5838,mp-977555,slab,-112.91198215,325.732,True,"[6.29654151, 0.0, 0.0, 0.0, 6.29654151, 0.0, -0.0, 0.0, 6.29654151]",16.0,8.75e-08,local
5839,mp-977556,slab,-41.14589962,153.407,True,"[6.9986652, 0.0, 0.0, 0.0, 6.9986652, 0.0, 0.0, 0.0, 6.9986652]",16.0,6.25e-09,local
5840,mp-977561,slab,-135.38906962,348.713,True,"[6.15952831, 0.0, 0.0, 0.0, 6.15952831, 0.0, 0.0, 0.0, 6.15952831]",16.0,6.25e-09,local
5841,mp-977563,slab,-127.51464825,201.032,True,"[6.15776064, 0.0, 0.0, 0.0, 6.15776064, 0.0, 0.0, 0.0, 6.15776064]",16.0,1.25e-08,local
5842,mp-977566,slab,-85.98711162,98.314,True,"[6.50756496, 0.0, 0.0, 0.0, 6.50756496, 0.0, 0.0, 0.0, 6.50756496]",16.0,1.25e-08,local
5843,mp-977567,slab,-148.56032107,277.723,True,"[6.53331436, 0.0, 0.0, 0.0, 6.53331436, 0.0, 0.0, 0.0, 6.53331436]",16.0,1.525e-06,local
5844,mp-977568,slab,-102.80154026,199.196,True,"[6.63426693, 0.0, 0.0, 0.0, 6.63426693, 0.0, 0.0, 0.0, 6.63426693]",16.0,0.0,local
5845,mp-977571,slab,-83.13960517,167.719,True,"[6.461461, 0.0, 0.0, 0.0, 6.461461, 0.0, 0.0, 0.0, 6.461461]",16.0,0.0,local
5846,mp-977572,slab,-153.12629736,199.515,True,"[6.41056526, 0.0, 0.0, 0.0, 6.41056526, 0.0, 0.0, 0.0, 6.41056526]",16.0,2.6875e-07,local
5847,mp-977575,slab,-99.41925469,228.492,True,"[6.29637457, 0.0, 0.0, 0.0, 6.29637457, 0.0, 0.0, 0.0, 6.29637457]",16.0,0.0,local
5848,mp-977579,slab,-73.83003835,232.677,True,"[6.54402547, -0.0, 0.0, 0.0, 6.54402547, 0.0, 0.0, 0.0, 6.54402547]",16.0,1.875e-08,local
5849,mp-977580,slab,-75.56165459,90.427,True,"[6.93858723, 0.0, 0.0, 0.0, 6.93858723, 0.0, 0.0, 0.0, 6.93858723]",16.0,2.9375e-07,local
5850,mp-977582,slab,-108.93863848,390.123,True,"[6.30703097, 0.0, 0.0, 0.0, 6.30703097, 0.0, 0.0, 0.0, 6.30703097]",16.0,0.0,local
5851,mp-977585,slab,-28.24730683,43.008,True,"[4.4843356, 0.0, 0.0, 0.0, 4.4843356, 0.0, -0.0, -0.0, 4.4843356]",4.0,3e-07,local
5852,mp-977586,slab,-71.06600138,164.645,True,"[7.11616539, 0.0, 0.0, 0.0, 7.11616539, 0.0, 0.0, 0.0, 7.11616539]",16.0,2.5625e-07,local
5853,mp-977997,slab,-33.20262311,49.37,True,"[3.93839126, -0.0, 0.0, 0.0, 3.93839126, 0.0, 0.0, 0.0, 3.93839126]",4.0,3e-07,local
5854,mp-978255,slab,-48.85813026,116.576,True,"[2.95849161, -5.12425778, -0.0, 2.95849161, 5.12425778, 0.0, 0.0, 0.0, 4.74729561]",8.0,1.09125e-05,local
5855,mp-978261,slab,-97.99832847,67.847,True,"[5.307026, 0.0, 0.0, 0.0, 5.307026, 0.0, 0.0, 0.0, 5.307026]",16.0,0.77228475,local
5856,mp-978265,slab,-44.2073976,87.769,True,"[6.45459118, 0.0, 0.0, 0.0, 6.45459118, 0.0, 0.0, 0.0, 6.45459118]",16.0,6.25e-09,local
5857,mp-978266,slab,-49.33052632,60.242,True,"[6.42702386, 0.0, 0.0, 0.0, 6.42702386, 0.0, 0.0, 0.0, 6.42702386]",16.0,6.25e-09,local
5858,mp-978267,slab,-50.55572554,37.802,True,"[6.369878, 0.0, 0.0, 0.0, 6.369878, 0.0, 0.0, 0.0, 6.369878]",16.0,3.695e-05,local
5859,mp-978268,slab,-5.57829632,1045.103,True,"[3.04430471, 0.0, 0.0, 0.0, 4.73936575, 0.0, -0.0, 0.0, 4.97611675]",4.0,2.75e-07,local
5860,mp-978269,slab,-32.93553203,290.411,True,"[7.38568615, 0.0, 0.0, 0.0, 7.38568615, 0.0, 0.0, 0.0, 7.38568615]",24.0,0.0,local
5861,mp-978270,slab,-53.86996208,155.452,True,"[3.17568396, -5.50044596, -0.0, 3.17568396, 5.50044596, 0.0, -0.0, 0.0, 5.1529563]",8.0,2.5e-08,local
5862,mp-978273,slab,-5.51347252,21.065,True,"[4.45300734, 0.0, 0.0, 0.0, 4.45300734, 0.0, 0.0, 0.0, 4.45300734]",4.0,6.5e-07,local
5863,mp-978274,slab,-14.65012467,663.168,True,"[3.19203346, 0.0, 0.0, 0.0, 16.1787968, 0.0, -0.0, 0.0, 5.05790924]",12.0,0.0,local
5864,mp-978276,slab,-43.56282641,25.178,True,"[6.508356, 0.0, 0.0, 0.0, 6.508356, 0.0, 0.0, 0.0, 6.508356]",16.0,0.1257485875,local
5865,mp-978279,slab,-16.64649223,2571.632,True,"[3.19109436, 0.0, 0.0, 0.0, 4.84513828, 0.0, -0.0, 0.0, 9.8699984]",8.0,0.0,local
5866,mp-978285,slab,-51.19364264,45.938,True,"[6.804178, 0.0, 0.0, 0.0, 6.804178, 0.0, 0.0, 0.0, 6.804178]",16.0,0.9068906125,local
5867,mp-978288,slab,-65.35483556,313.817,True,"[2.51282588, -4.3523421, 0.0, 2.51282588, 4.3523421, 0.0, 0.0, -0.0, 12.14626847]",18.0,3.888888888888888e-08,local
5868,mp-978290,slab,-30.27546869,29.481,True,"[4.2352, 0.0, 0.0, 0.0, 4.2352, 0.0, 0.0, 0.0, 7.710696]",8.0,0.0003995125,local
5869,mp-978498,slab,-23.4769971,27.101,True,"[4.43198782, 0.0, 0.0, 0.0, 4.43198782, 0.0, 0.0, 0.0, 4.43198782]",4.0,0.166440225,local
5870,mp-978523,slab,-74.40571464,328.89,True,"[6.61986037, 0.0, 0.0, 0.0, 6.61986037, 0.0, 0.0, 0.0, 6.61986037]",16.0,1.375e-07,local
5871,mp-978531,slab,-46.81031864,245.767,True,"[4.37798868, 0.0, 0.0, 0.0, 4.37798868, 0.0, 0.0, 0.0, 9.96730666]",8.0,0.185309425,local
5872,mp-978532,slab,-103.17101656,354.505,True,"[5.89393981, 0.0, 0.0, 0.0, 5.89393981, 0.0, 0.0, 0.0, 5.89393981]",16.0,6.875e-08,local
5873,mp-978546,slab,-49.75097519,174.151,True,"[4.32815386, -0.0, 0.0, 0.0, 4.32815386, 0.0, -0.0, -0.0, 9.79136223]",8.0,0.3144684875,local
5874,mp-978552,slab,-57.2556679,150.443,True,"[3.8542485, -0.0, 0.0, 0.0, 3.8542485, 0.0, -0.0, -0.0, 7.32206031]",8.0,2.5e-08,local
5875,mp-978853,slab,-63.0956768,303.849,True,"[4.23281296, 0.0, 0.0, 0.0, 4.23281296, 0.0, 0.0, 0.0, 10.8783278]",10.0,1e-08,local
5876,mp-978963,slab,-54.53876875,100.023,True,"[2.77483367, -4.8061529, 0.0, 2.77483367, 4.8061529, 0.0, -0.0, 0.0, 4.48523206]",8.0,0.000102,local
5877,mp-978969,slab,-23.08831084,355.281,True,"[4.20309474, 0.0, 0.0, 0.0, 4.20309474, 0.0, -0.0, -0.0, 9.05439294]",8.0,5e-08,local
5878,mp-978974,slab,-53.15468667,230.125,True,"[4.0248081, 0.0, 0.0, 0.0, 4.0248081, 0.0, 0.0, 0.0, 7.65389328]",8.0,2.5375e-05,local
5879,mp-978986,slab,-49.21012542,455.371,True,"[4.44090954, 0.0, 0.0, 0.0, 4.44090954, 0.0, 0.0, 0.0, 10.35180395]",10.0,1e-08,local
5880,mp-978987,slab,-46.3544147,574.779,True,"[4.53004292, 0.0, 0.0, 0.0, 4.53004292, 0.0, 0.0, 0.0, 10.37407738]",10.0,3e-08,local
5881,mp-979115,slab,-37.16655682,809.549,True,"[2.94207776, -0.0, 0.0, 0.0, 2.94207776, 0.0, -0.0, 0.0, 12.04383895]",6.0,0.0,local
5882,mp-979259,slab,-169.76596954,531.969,True,"[6.10370653, 0.0, 0.0, 0.0, 6.10370653, 0.0, 0.0, 0.0, 6.10370653]",16.0,1.875e-08,local
5883,mp-979261,slab,-28.26781458,411.128,True,"[0.0, 2.79990383, -0.00047963, 4.58200685, 0.0, 0.0, 0.0, -0.25932137, -4.90641976]",4.0,1e-07,local
5884,mp-979267,slab,-173.91989158,830.097,True,"[6.29082224, 0.0, 0.0, 0.0, 6.29082224, 0.0, 0.0, 0.0, 6.29082224]",16.0,3.875e-07,local
5885,mp-979269,slab,-7.21849858,28.696,True,"[4.89493886, 0.0, 0.0, 0.0, 4.89493886, 0.0, 0.0, 0.0, 4.89493886]",4.0,3.3e-06,local
5886,mp-979273,slab,-39.39948525,419.516,True,"[4.53471616, 0.0, 0.0, 0.0, 4.53471616, 0.0, 0.0, 0.0, 6.67570586]",8.0,0.0,local
5887,mp-979283,slab,-120.23976669,442.527,True,"[5.94257019, 0.0, 0.0, 0.0, 5.94257019, 0.0, 0.0, 0.0, 5.94257019]",16.0,1.25e-08,local
5888,mp-979288,slab,-168.74323405,202.421,True,"[6.46465305, 0.0, 0.0, 0.0, 6.46465305, 0.0, 0.0, 0.0, 6.46465305]",16.0,1e-07,local
5889,mp-979289,slab,-204.02207059,282.993,True,"[6.42607784, 0.0, 0.0, 0.0, 6.42607784, 0.0, 0.0, 0.0, 6.42607784]",16.0,6.25e-09,local
5890,mp-979291,slab,-143.68916335,274.681,True,"[6.22977933, 0.0, 0.0, 0.0, 6.22977933, 0.0, 0.0, 0.0, 6.22977933]",16.0,1.25e-08,local
5891,mp-979422,slab,-73.82019073,228.225,True,"[6.87195252, -0.0, 0.0, 0.0, 6.87195252, 0.0, -0.0, -0.0, 6.87195252]",16.0,4.375e-08,local
5892,mp-979423,slab,-17.28911987,93.792,True,"[4.2865723, 0.0, 0.0, 0.0, 4.2865723, 0.0, 0.0, 0.0, 4.2865723]",4.0,1.15e-06,local
5893,mp-979435,slab,-63.87480543,114.099,True,"[7.39737531, 0.0, 0.0, 0.0, 7.39737531, 0.0, 0.0, 0.0, 7.39737531]",16.0,3.530625e-05,local
5894,mp-979751,slab,-149.19357214,476.869,True,"[6.02235647, -0.0, 0.0, 0.0, 6.02235647, 0.0, -0.0, -0.0, 6.02235647]",16.0,0.2195666625,local
5895,mp-979910,slab,-113.28637651,594.018,True,"[5.9742218, 0.0, 0.0, 0.0, 5.9742218, 0.0, 0.0, 0.0, 5.9742218]",16.0,6.25e-09,local
5896,mp-979931,slab,-144.74499014,211.915,True,"[6.54598533, -0.0, 0.0, 0.0, 6.54598533, 0.0, 0.0, -0.0, 6.54598533]",16.0,6.25e-09,local
5897,mp-979980,slab,-51.28863872,286.819,True,"[2.75548204, -4.7726349, 0.0, 2.75548204, 4.7726349, -0.0, 0.0, 0.0, 4.48176438]",8.0,0.2816092625,local
5898,mp-980094,slab,-28.26143242,235.718,True,"[2.79393116, 0.0, 0.0, 0.0, 4.59153415, 0.0, 0.0, 0.0, 4.89933869]",4.0,2.5e-08,local
5899,mp-980109,slab,-27.41951002,282.735,True,"[2.96584283, -5.13699047, -0.0, 2.96584283, 5.13699047, -0.0, 0.0, 0.0, 5.14718897]",8.0,1.625e-07,local
5900,mp-980200,slab,-23.60513435,200.682,True,"[2.71244269, -4.69808856, -0.0, 2.71244269, 4.69808856, 0.0, 0.0, 0.0, 4.40347221]",8.0,0.0,local
5901,mp-980649,slab,-153.53626034,485.829,True,"[6.25809917, 0.0, 0.0, 0.0, 6.25809917, 0.0, 0.0, 0.0, 6.25809917]",16.0,0.0,local
5902,mp-980661,slab,-60.31528154,280.435,True,"[7.07312273, 0.0, 0.0, 0.0, 7.07312273, 0.0, 0.0, 0.0, 7.07312273]",16.0,6.25e-09,local
5903,mp-980665,slab,-61.56810694,544.535,True,"[6.02170921, 0.0, 0.0, 0.0, 6.02170921, 0.0, 0.0, 0.0, 6.02170921]",16.0,2.5e-08,local
5904,mp-980749,slab,-144.25379232,685.915,True,"[5.98476435, 0.0, 0.0, 0.0, 5.98476435, 0.0, 0.0, -0.0, 5.98476435]",16.0,1.098731275,local
5905,mp-980905,slab,-48.48942601,311.101,True,"[7.42114378, 0.0, 0.0, 0.0, 7.42114378, 0.0, 0.0, 0.0, 7.42114378]",16.0,8.375e-07,local
5906,mp-980945,slab,-33.38620389,55.085,True,"[4.12324748, 0.0, 0.0, 0.0, 4.12324748, 0.0, 0.0, 0.0, 4.12324748]",4.0,1.75e-07,local
5907,mp-9810,slab,-74.22546193,3497.386,True,"[0.0, 12.84541065, -0.0011676, 5.49364563, 0.0, 0.0, 0.0, -3.32706274, -6.10509995]",16.0,0.68291343125,local
5908,mp-981200,slab,-7.54257557,204.151,True,"[4.11722146, 0.0, 0.0, 0.0, 4.11722146, 0.0, 0.0, 0.0, 8.18327498]",8.0,0.0,local
5909,mp-981209,slab,-29.3009912,41.723,True,"[3.93886654, 0.0, 0.0, 0.0, 3.93886654, 0.0, -0.0, -0.0, 3.93886654]",4.0,2.15e-06,local
5910,mp-981211,slab,-33.820627,3300.478,True,"[6.25014689, -0.0, 0.0, 0.0, 12.2007962, 0.0, 0.0, 0.0, 5.22045362]",16.0,0.0,local
5911,mp-981215,slab,-10.52095363,54.977,True,"[3.73502177, 0.0, 0.0, 0.0, 3.73502177, 0.0, 0.0, -0.0, 3.73502177]",4.0,0.119911775,local
5912,mp-981232,slab,-66.7655945,347.487,True,"[3.95148847, -0.0, 0.0, 0.0, 3.95148847, 0.0, -0.0, -0.0, 8.95595778]",8.0,1e-06,local
5913,mp-981252,slab,-28.1738711,269.15,True,"[0.0, 11.92391662, -0.00186937, 3.69921488, 0.0, 0.0, 0.0, -2.16069858, -6.71152392]",12.0,8.333333333333334e-09,local
5914,mp-981365,slab,-163.25416982,680.33,True,"[6.04326393, 0.0, 0.0, 0.0, 6.04326393, 0.0, 0.0, 0.0, 6.04326393]",16.0,1.6875e-07,local
5915,mp-981368,slab,-62.86691607,282.056,True,"[6.15098059, 0.0, 0.0, 0.0, 6.15098059, 0.0, 0.0, 0.0, 6.15098059]",16.0,6.25e-09,local
5916,mp-981375,slab,-27.72886709,22.439,True,"[3.15498705, -5.46459786, 0.0, 3.15498705, 5.46459786, 0.0, 0.0, 0.0, 5.03102]",8.0,6.9625e-05,local
5917,mp-981380,slab,-28.83182312,274.053,True,"[7.68003343, -0.0, 0.0, 0.0, 7.68003343, 0.0, 0.0, 0.0, 7.68003343]",16.0,2.8125e-07,local
5918,mp-981383,slab,-37.6943802,608.623,True,"[4.37753137, -0.0, 0.0, 0.0, 4.37753137, 0.0, -0.0, -0.0, 10.42375389]",8.0,1.25e-08,local
5919,mp-9814,slab,-61.6661977,755.11,True,"[5.73645319, 0.0, 0.0, 0.0, 5.73645319, 0.0, 0.0, 0.0, 11.42158919]",16.0,6.25e-09,local
5920,mp-981539,slab,-148.74526565,89.782,True,"[6.60112765, -0.0, 0.0, 0.0, 6.60112765, 0.0, 0.0, -0.0, 6.60112765]",16.0,2.5e-08,local
5921,mp-981933,slab,-64.69359526,233.233,True,"[6.71899522, 0.0, 0.0, 0.0, 6.71899522, 0.0, 0.0, 0.0, 6.71899522]",16.0,1.875e-08,local
5922,mp-982070,slab,-151.12922363,1841.961,True,"[7.04105654, 0.0, 0.0, 0.0, 7.7977423, 0.0, 0.0, 0.0, 4.05791484]",16.0,0.0,local
5923,mp-982205,slab,-6.75366181,314.339,True,"[6.40420404, 0.0, 0.0, 0.0, 6.40420404, 0.0, -0.0, -0.0, 12.44073118]",8.0,3.75e-08,local
5924,mp-982243,slab,-49.56121794,134.936,True,"[3.42975154, -5.94050393, -0.0, 3.42975154, 5.94050393, -0.0, -0.0, -0.0, 5.58723078]",8.0,0.348281925,local
5925,mp-982246,slab,-52.39772986,160.01,True,"[6.95841054, -0.0, 0.0, 0.0, 6.95841054, 0.0, 0.0, 0.0, 6.95841054]",16.0,6.875e-08,local
5926,mp-982261,slab,-46.18416292,316.726,True,"[6.49852348, 0.0, 0.0, 0.0, 6.49852348, 0.0, 0.0, 0.0, 7.92051138]",12.0,1.6666666666666667e-08,local
5927,mp-982667,slab,-89.04976366,49.27,True,"[6.047886, 0.0, 0.0, 0.0, 6.047886, 0.0, 0.0, 0.0, 6.047886]",16.0,9.425e-06,local
5928,mp-982725,slab,-173.17251666,117.003,True,"[6.41188364, 0.0, 0.0, 0.0, 6.41188364, 0.0, 0.0, 0.0, 6.41188364]",16.0,2.533125e-05,local
5929,mp-982780,slab,-3.81904423,16.542,True,"[5.952904, 0.0, 0.0, 0.0, 5.952904, 0.0, 0.0, 0.0, 5.952904]",4.0,0.00020295,local
5930,mp-982870,slab,-140.12774481,128.125,True,"[6.34084318, -0.0, 0.0, 0.0, 6.34084318, 0.0, -0.0, -0.0, 6.34084318]",16.0,9.70625e-06,local
5931,mp-982871,slab,-20.44783417,63.405,True,"[4.80574824, 0.0, 0.0, 0.0, 4.80574824, 0.0, 0.0, 0.0, 7.69695317]",8.0,3.75e-08,local
5932,mp-982974,slab,-53.86059761,468.699,True,"[6.00912217, 0.0, 0.0, 0.0, 6.00912217, 0.0, 0.0, 0.0, 6.00912217]",16.0,2.8125e-07,local
5933,mp-983062,slab,-15.20746566,473.218,True,"[9.39136791, 0.0, 0.0, 0.0, 9.39136791, 0.0, 0.0, 0.0, 9.39136791]",16.0,6.25e-09,local
5934,mp-983123,slab,-80.7696174,171.805,True,"[6.70702972, 0.0, 0.0, 0.0, 6.70702972, 0.0, 0.0, 0.0, 6.70702972]",16.0,3.75e-08,local
5935,mp-983358,slab,-126.57674406,405.114,True,"[6.01368058, 0.0, 0.0, 0.0, 6.01368058, 0.0, 0.0, 0.0, 6.01368058]",16.0,0.225497225,local
5936,mp-983412,slab,-48.26357183,69.59,True,"[6.672086, 0.0, 0.0, 0.0, 6.672086, 0.0, 0.0, 0.0, 6.672086]",16.0,8.291875e-05,local
5937,mp-983430,slab,-106.69507972,141.539,True,"[6.43421417, 0.0, 0.0, 0.0, 6.43421417, 0.0, 0.0, 0.0, 6.43421417]",16.0,1.25e-08,local
5938,mp-983445,slab,-20.36393582,96.349,True,"[3.20051121, -5.54344803, -0.0, 3.20051121, 5.54344803, 0.0, -0.0, 0.0, 5.1671056]",8.0,0.0,local
5939,mp-983458,slab,-19.71990251,122.473,True,"[3.42756947, -5.93672446, 0.0, 3.42756947, 5.93672446, -0.0, -0.0, 0.0, 6.14949041]",8.0,9.125e-07,local
5940,mp-983459,slab,-18.44860045,38.539,True,"[1.6095645, -2.78784748, 0.0, 1.6095645, 2.78784748, -0.0, 0.0, -0.0, 5.10592865]",2.0,2e-07,local
5941,mp-983509,slab,-9.77688852,95.143,True,"[3.52491853, -6.10533799, 0.0, 3.52491853, 6.10533799, 0.0, -0.0, 0.0, 5.67824856]",8.0,2.5e-08,local
5942,mp-983539,slab,-13.11793359,26.583,True,"[4.00031274, -0.0, 0.0, 0.0, 4.00031274, 0.0, -0.0, 0.0, 4.00031274]",4.0,4.7e-06,local
5943,mp-983566,slab,-52.13952627,232.184,True,"[7.32692307, 0.0, 0.0, 0.0, 7.32692307, 0.0, 0.0, -0.0, 7.32692307]",16.0,6.25e-08,local
5944,mp-983585,slab,-12.24111359,16.418,True,"[4.02148514, -0.0, 0.0, 0.0, 4.02148514, 0.0, 0.0, 0.0, 4.02148514]",4.0,1.475e-06,local
5945,mp-983590,slab,-20.3442781,26.056,True,"[3.24301467, 0.0, 0.0, 0.0, 3.24301467, 0.0, -0.0, -0.0, 3.24301467]",4.0,0.4041093,local
5946,mp-983598,slab,-51.70393413,173.031,True,"[7.680344, 0.0, 0.0, 0.0, 7.680344, 0.0, 0.0, 0.0, 7.680344]",16.0,8.33125e-06,local
5947,mp-9835,slab,-31.58585372,117.809,True,"[3.4127055, 0.0, 0.0, 0.0, 5.59530705, 0.0, 0.0, 0.0, 6.42128315]",6.0,4e-07,local
5948,mp-983602,slab,-38.74300656,259.682,True,"[6.68015934, 0.0, 0.0, 0.0, 6.68015934, 0.0, 0.0, 0.0, 6.68015934]",16.0,2.5e-08,local
5949,mp-983850,slab,-48.14226085,215.135,True,"[7.3447683, 0.0, 0.0, 0.0, 7.3447683, 0.0, 0.0, 0.0, 7.3447683]",16.0,5.625e-08,local
5950,mp-984315,slab,-35.76616525,85.456,True,"[2.30119954, -3.98579453, 0.0, 2.30119954, 3.98579453, -0.0, 0.0, 0.0, 3.69977153]",8.0,1.25e-08,local
5951,mp-984351,slab,-23.16471755,111.724,True,"[2.86924385, -4.96967613, 0.0, 2.86924385, 4.96967613, -0.0, 0.0, -0.0, 4.63585006]",8.0,4.25e-07,local
5952,mp-984352,slab,-111.01902044,217.921,True,"[5.89850884, 0.0, 0.0, 0.0, 5.89850884, 0.0, 0.0, 0.0, 5.89850884]",16.0,1.25e-08,local
5953,mp-984353,slab,-27.45756748,202.777,True,"[2.97683138, -5.15602319, 0.0, 2.97683138, 5.15602319, 0.0, -0.0, 0.0, 4.75159181]",8.0,1.575e-06,local
5954,mp-984518,slab,-12.21029213,41.483,True,"[4.03873439, 0.0, 0.0, 0.0, 4.03873439, 0.0, -0.0, 0.0, 4.03873439]",4.0,5.25e-07,local
5955,mp-984612,slab,-43.51147006,58.843,True,"[2.39693786, -4.15161815, -0.0, 2.39693786, 4.15161815, -0.0, 0.0, 0.0, 3.76221387]",8.0,1.125e-07,local
5956,mp-984717,slab,-20.82089736,64.12,True,"[3.43430752, 0.0, 0.0, 0.0, 3.43430752, 0.0, -0.0, -0.0, 3.43430752]",4.0,0.2855789,local
5957,mp-984720,slab,-54.26705656,297.115,True,"[8.37875063, 0.0, 0.0, 0.0, 8.37875063, 0.0, 0.0, 0.0, 8.37875063]",16.0,2.5e-08,local
5958,mp-984721,slab,-87.31308394,162.191,True,"[5.50871262, 0.0, 0.0, 0.0, 5.50871262, 0.0, 0.0, 0.0, 5.50871262]",16.0,0.0,local
5959,mp-984724,slab,-33.14247403,462.019,True,"[8.45847087, 0.0, 0.0, 0.0, 8.45847087, 0.0, 0.0, 0.0, 8.45847087]",16.0,6.1875e-07,local
5960,mp-984769,slab,-32.22141707,274.58,True,"[7.600381, -0.0, 0.0, 0.0, 7.600381, 0.0, -0.0, -0.0, 7.600381]",16.0,6.875e-08,local
5961,mp-984784,slab,-26.44450247,264.623,True,"[8.40655431, 0.0, 0.0, 0.0, 8.40655431, 0.0, 0.0, 0.0, 8.40655431]",16.0,1.2125e-06,local
5962,mp-984873,slab,-40.20489122,72.458,True,"[2.68423069, -4.64922393, -0.0, 2.68423069, 4.64922393, 0.0, -0.0, 0.0, 4.36986198]",8.0,0.064443725,local
5963,mp-985282,slab,-12.28693743,32.197,True,"[4.15305725, -0.0, 0.0, 0.0, 4.15305725, 0.0, -0.0, -0.0, 4.15305725]",4.0,9.325e-06,local
5964,mp-985283,slab,-48.98813102,186.225,True,"[6.61210427, -0.0, 0.0, 0.0, 6.61210427, 0.0, -0.0, -0.0, 6.61210427]",16.0,4.9375e-07,local
5965,mp-985287,slab,-25.00167625,292.562,True,"[2.93526733, -5.08403215, 0.0, 2.93526733, 5.08403215, -0.0, 0.0, 0.0, 4.80850191]",8.0,7.875e-07,local
5966,mp-985296,slab,-27.14988406,225.024,True,"[4.11083767, 0.0, 0.0, 0.0, 4.11083767, 0.0, 0.0, 0.0, 8.0887165]",8.0,0.0,local
5967,mp-985475,slab,-70.7722135,159.185,True,"[2.55656743, -4.42810468, 0.0, 2.55656743, 4.42810468, -0.0, 0.0, 0.0, 4.10004272]",8.0,0.3198857875,local
5968,mp-985579,slab,-20.65412705,18.613,True,"[2.06746111, -3.58094768, 0.0, 2.06746111, 3.58094768, 0.0, 0.0, 0.0, 2.552202]",3.0,1.5014997666666667,local
5969,mp-985702,slab,-26.03429873,394.145,True,"[3.40957515, -5.90555739, 0.0, 3.40957515, 5.90555739, 0.0, 0.0, -0.0, 5.66558853]",8.0,3.75e-08,local
5970,mp-985805,slab,-37.70308204,897.863,True,"[4.95631321, 0.0, 0.0, 0.0, 8.83467157, 0.0, 0.0, 0.0, 4.63511032]",12.0,1.6666666666666667e-08,local
5971,mp-985806,slab,-47.01878365,106.288,True,"[5.78762861, 0.0, 0.0, 0.0, 5.78762861, 0.0, 0.0, 0.0, 5.78762861]",12.0,0.0,local
5972,mp-985825,slab,-15.32797638,181.837,True,"[2.79956712, 0.0, 0.0, 0.0, 2.79956712, 0.0, 0.0, 0.0, 7.72289142]",4.0,0.0,local
5973,mp-985831,slab,-20.97728022,599.518,True,"[1.88314674, -3.26170583, 0.0, 1.88314674, 3.26170583, -0.0, -0.0, -0.0, 6.75784745]",3.0,0.0,local
5974,mp-987178,slab,-30.66814779,422.449,True,"[4.23731938, -0.0, 0.0, 0.0, 4.23731938, 0.0, 0.0, -0.0, 10.99152713]",6.0,1.1552797833333333,local
5975,mp-987,slab,-5.01052632,36.986,True,"[2.96860255, 0.0, 0.0, 0.0, 2.96860255, 0.0, 0.0, 0.0, 2.96860255]",2.0,5e-08,local
5976,mp-9881,slab,-40.13438073,2004.139,True,"[6.5706202, 0.0, 0.0, 0.0, 8.25767511, 0.0, -0.0, 0.0, 7.03713344]",12.0,1.6666666666666667e-08,local
5977,mp-9884,slab,-75.69972662,5223.644,True,"[0.0, 7.36617215, 0.02981854, 11.65788617, 0.0, 0.0, 0.0, -2.14413988, -5.18012775]",16.0,0.7299491375,local
5978,mp-988996,slab,-34.80632531,242.882,True,"[3.05168871, -0.0, 0.0, 0.0, 5.55858678, 0.0, 0.0, -0.0, 6.26582887]",6.0,2.5e-07,local
5979,mp-989651,slab,-31.06781886,792.715,True,"[0.0, 6.67060356, 0.00188989, 3.86836261, 0.0, 0.0, 0.0, -0.04640213, -6.84317168]",6.0,0.0,local
5980,mp-9898,slab,-25.13063394,87.643,True,"[2.18571683, -3.7857726, -0.0, 2.18571683, 3.7857726, -0.0, 0.0, -0.0, 9.35023408]",6.0,3.3333333333333334e-08,local
5981,mp-990084,slab,-23.34720763,124.619,True,"[1.9660035, -3.40521795, -0.0, 1.9660035, 3.40521795, 0.0, -0.0, -0.0, 20.16197975]",9.0,5.934444444444445e-05,local
5982,mp-991652,slab,-34.71182228,873.475,True,"[5.9590785, 0.0, 0.0, 0.0, 5.9590785, 0.0, 0.0, -0.0, 5.9590785]",8.0,0.0,local
5983,mp-991676,slab,-36.34501127,236.78,True,"[6.00187407, 0.0, 0.0, 0.0, 6.00187407, 0.0, 0.0, 0.0, 6.00187407]",8.0,0.0,local
5984,mp-9919,slab,-16.53207816,74.435,True,"[2.22611039, -3.85573629, 0.0, 2.22611039, 3.85573629, 0.0, 0.0, 0.0, 7.22550645]",6.0,0.0,local
5985,mp-9938,slab,-109.98923528,153.467,True,"[6.57647276, 0.0, 0.0, 0.0, 6.57647276, 0.0, 0.0, 0.0, 5.18555449]",12.0,8.333333333333334e-09,local
5986,mp-9939,slab,-105.29285458,530.412,True,"[6.62333441, 0.0, 0.0, 0.0, 6.62333441, 0.0, 0.0, 0.0, 5.31206557]",12.0,1e-07,local
5987,mp-9945,slab,-27.70473477,1265.793,True,"[3.92236666, -0.0, 0.0, 0.0, 5.34473713, 0.0, 0.0, 0.0, 6.29470832]",6.0,0.0,local
5988,mp-9954,slab,-66.37645699,92.882,True,"[1.90187438, -3.29414305, -0.0, 1.90187438, 3.29414305, -0.0, 0.0, 0.0, 12.75578844]",8.0,0.0,local
5989,mp-9969,slab,-53.38174035,376.237,True,"[3.9979662, 0.0, 0.0, 0.0, 9.92089679, 0.0, 0.0, 0.0, 3.66600701]",8.0,1.25e-08,local
5990,mp-9970,slab,-49.67518295,429.657,True,"[4.02552525, 0.0, 0.0, 0.0, 10.1413214, 0.0, 0.0, -0.0, 3.78665449]",8.0,1.25e-08,local
5991,mp-9971,slab,-51.02347544,744.704,True,"[4.2908565, 0.0, 0.0, 0.0, 10.76423131, 0.0, 0.0, 0.0, 3.9641809]",8.0,0.0,local
5992,mp-9972,slab,-54.32077437,215.301,True,"[4.28012709, -0.0, 0.0, 0.0, 10.56579744, 0.0, 0.0, -0.0, 3.83442028]",8.0,2.5e-08,local
5993,mp-998147,slab,-14.95106009,56.633,True,"[4.87775428, 0.0, 0.0, 0.0, 4.87775428, 0.0, 0.0, 0.0, 4.87775428]",5.0,0.0,local
5994,mp-998151,slab,-37.61682561,3635.705,True,"[0.0, 7.6301873, -0.02062285, 7.62298923, 0.0, 0.0, 0.0, 0.01280105, -5.3942885]",10.0,0.0,local
5995,mp-998173,slab,-17.11398449,28.92,True,"[4.99403081, 0.0, 0.0, 0.0, 4.99403081, 0.0, 0.0, 0.0, 4.99403081]",5.0,4.2000000000000006e-07,local
5996,mp-998195,slab,-31.79811314,770.905,True,"[0.0, 7.70402916, -0.01123798, 7.71371007, 0.0, 0.0, 0.0, -0.01388331, -5.43904213]",10.0,0.0,local
5997,mp-998197,slab,-39.2032761,544.52,True,"[0.0, 7.6710158, -0.00305188, 7.67320718, 0.0, 0.0, 0.0, -0.00087525, -5.42539377]",10.0,0.0,local
5998,mp-998201,slab,-14.47923262,2435.119,True,"[0.0, 5.14721124, -0.00340536, 5.1420538, 0.0, 0.0, 0.0, -0.00227721, -5.14826569]",5.0,0.0,local
5999,mp-998204,slab,-15.89433217,69.619,True,"[5.44862465, 0.0, 0.0, 0.0, 5.44862465, 0.0, 0.0, 0.0, 5.44903898]",5.0,2.6e-07,local
6000,mp-998230,slab,-53.56209436,1036.095,True,"[3.56594538, -6.17639858, 0.0, 3.56594538, 6.17639858, -0.0, -0.0, 0.0, 9.39717581]",15.0,2.6666666666666664e-08,local
6001,mp-998231,slab,-34.87971485,1028.83,True,"[0.0, 7.63929538, 0.00170879, 7.53355655, 0.0, 0.0, 0.0, -0.12109468, -5.35087277]",10.0,0.0,local
6002,mp-998233,slab,-33.42707586,682.24,True,"[0.0, 8.19039407, -0.00910446, 7.47546223, 0.0, 0.0, 0.0, -0.02291698, -5.65405822]",10.0,0.0,local
6003,mp-998350,slab,-28.84666899,11333.194,True,"[5.2727059, -0.00132217, -0.00283138, 0.0022422, 5.28308922, 0.00129786, 0.00507545, 0.01132934, 5.29127204]",5.0,0.0,local
6004,mp-998420,slab,-22.93568292,319.495,True,"[4.97350514, 0.0, 0.0, 0.0, 4.97350514, 0.0, 0.0, 0.0, 4.97028651]",5.0,0.8000001400000001,local
6005,mp-998535,slab,-33.42152823,28584.473,True,"[0.0, 8.2071932, 0.11736437, 8.02499705, 0.0, 0.0, 0.0, -0.10571174, -5.73864493]",10.0,2.8e-07,local
6006,mp-998554,slab,-14.45873426,44.58,True,"[5.10914232, 0.0, 0.0, 0.0, 5.10914232, 0.0, 0.0, 0.0, 5.11695629]",5.0,2e-08,local
6007,mp-998560,slab,-33.13830324,410.712,True,"[0.0, 8.09211713, 0.01386518, 7.96649432, 0.0, 0.0, 0.0, -0.20173043, -5.76789251]",10.0,0.0,local
6008,mp-998601,slab,-39.04542927,2039.423,True,"[0.0, 7.63820744, -0.00046691, 7.63432634, 0.0, 0.0, 0.0, -0.0001973, -5.40171564]",10.0,0.0,local
6009,mp-998605,slab,-34.73019387,810.678,True,"[0.0, 8.06411595, -0.00765626, 8.07842172, 0.0, 0.0, 0.0, -0.00748865, -5.70743398]",10.0,0.0,local
6010,mp-998610,slab,-13.72576402,119.782,True,"[5.10817603, 0.0, 0.0, 0.0, 5.10817603, 0.0, 0.0, 0.0, 5.10567183]",5.0,0.0,local
6011,mp-998744,slab,-33.42797165,7716.025,True,"[0.0, 7.62039497, 0.01680417, 7.49399242, 0.0, 0.0, 0.0, -0.11310861, -5.33560791]",10.0,0.0,local
6012,mp-998918,slab,-36.28327953,2290.495,True,"[3.83276391, 0.0, 0.0, 0.0, 3.83276391, 0.0, 0.0, 0.0, 13.94979587]",8.0,0.890725825,local
6013,mp-998919,slab,-10.15876613,336.752,True,"[2.19283089, -3.79809451, 0.0, 2.19283089, 3.79809451, 0.0, -0.0, -0.0, 7.64542411]",4.0,0.0,local
6014,mp-998927,slab,-60.07331431,6350.304,True,"[1.74492495, -3.02229867, -0.0, 1.74492495, 3.02229867, 0.0, -0.0, 0.0, 27.73664398]",12.0,0.6132727166666666,local
6015,mp-998946,slab,-11.32763251,457.488,True,"[2.06204717, -3.57157047, 0.0, 2.06204717, 3.57157047, -0.0, -0.0, -0.0, 7.18102489]",4.0,4.5e-07,local
6016,mp-998947,slab,-36.2811203,95.933,True,"[3.84777259, -0.0, 0.0, 0.0, 3.84777259, 0.0, 0.0, -0.0, 3.84777259]",4.0,5e-07,local
6017,mp-998949,slab,-31.56955526,294.326,True,"[2.77675161, -0.0, 0.0, 0.0, 4.62991858, 0.0, 0.0, -0.0, 4.87648666]",4.0,2.5e-07,local
6018,mp-998965,slab,-108.31656148,390.686,True,"[6.07668993, -0.0, 0.0, 0.0, 6.07668993, 0.0, -0.0, -0.0, 6.07668993]",16.0,0.2296509125,local
6019,mp-998970,slab,-117.81327122,286.561,True,"[6.03727793, -0.0, 0.0, 0.0, 6.03727793, 0.0, -0.0, -0.0, 6.03727793]",16.0,0.24736020625,local
6020,mp-998972,slab,-23.88173643,354.554,True,"[3.36020176, 0.0, 0.0, 0.0, 3.36020176, 0.0, -0.0, -0.0, 6.09723354]",4.0,2.5e-08,local
6021,mp-998979,slab,-104.78312733,115.375,True,"[6.642116, 0.0, 0.0, 0.0, 6.642116, 0.0, 0.0, 0.0, 6.642116]",16.0,0.4843576375,local
6022,mp-998981,slab,-20.5503018,23.186,True,"[3.98360298, 0.0, 0.0, 0.0, 3.98360298, 0.0, 0.0, 0.0, 3.98360298]",4.0,7.5e-08,local
6023,mp-998982,slab,-112.43042922,226.104,True,"[6.59807698, -0.0, 0.0, 0.0, 6.59807698, 0.0, -0.0, 0.0, 6.59807698]",16.0,0.41551453125,local
6024,mp-998985,slab,-23.71250355,1362.893,True,"[2.99694643, 0.0, 0.0, 0.0, 4.61960688, 0.0, -0.0, 0.0, 4.93113044]",4.0,0.436122775,local
6025,mp-998986,slab,-120.811734,286.799,True,"[6.29638401, 0.0, 0.0, 0.0, 6.29638401, 0.0, 0.0, 0.0, 6.29638401]",16.0,0.3850492875,local
6026,mp-998987,slab,-116.38180355,287.706,True,"[6.35847407, 0.0, 0.0, 0.0, 6.35847407, 0.0, 0.0, -0.0, 6.35847407]",16.0,0.38522283125,local
6027,mp-998988,slab,-108.65284852,90.718,True,"[6.395484, 0.0, 0.0, 0.0, 6.395484, 0.0, 0.0, 0.0, 6.395484]",16.0,0.39492540625,local
6028,mp-998,slab,-46.74509137,266.526,True,"[6.06708565, 0.0, 0.0, 0.0, 6.06708565, 0.0, 0.0, 0.0, 4.87226775]",12.0,4.166666666666666e-08,local
6029,mp-999002,slab,-121.33488681,258.386,True,"[5.79908497, 0.0, 0.0, 0.0, 5.79908497, 0.0, 0.0, 0.0, 5.79908497]",16.0,0.24821621875,local
6030,mp-999027,slab,-111.52794457,176.74,True,"[6.45154641, -0.0, 0.0, 0.0, 6.45154641, 0.0, -0.0, -0.0, 6.45154641]",16.0,0.48980439375,local
6031,mp-999052,slab,-117.54614717,420.241,True,"[6.24759, 0.0, 0.0, 0.0, 6.24759, 0.0, 0.0, 0.0, 6.24759]",16.0,7.66e-05,local
6032,mp-999053,slab,-100.3212807,495.329,True,"[6.17772292, 0.0, 0.0, 0.0, 6.17772292, 0.0, 0.0, 0.0, 6.17772292]",16.0,0.75025109375,local
6033,mp-999054,slab,-106.64635713,209.251,True,"[6.122656, 0.0, 0.0, 0.0, 6.122656, 0.0, 0.0, 0.0, 6.122656]",16.0,0.49994373125,local
6034,mp-999068,slab,-115.30072908,292.839,True,"[6.33483203, -0.0, 0.0, 0.0, 6.33483203, 0.0, -0.0, -0.0, 6.33483203]",16.0,0.47303426875,local
6035,mp-999069,slab,-114.31402996,401.93,True,"[6.13788785, -0.0, 0.0, 0.0, 6.13788785, 0.0, -0.0, -0.0, 6.13788785]",16.0,0.25057384375,local
6036,mp-999083,slab,-115.34499653,457.101,True,"[6.34130417, -0.0, 0.0, 0.0, 6.34130417, 0.0, -0.0, -0.0, 6.34130417]",16.0,0.1872581,local
6037,mp-999096,slab,-117.83887398,389.993,True,"[6.30683442, 0.0, 0.0, 0.0, 6.30683442, 0.0, 0.0, 0.0, 6.30683442]",16.0,0.203807425,local
6038,mp-999133,slab,-35.5179137,165.515,True,"[3.31142733, 0.0, 0.0, 0.0, 3.31142733, 0.0, 0.0, 0.0, 6.09387922]",4.0,0.0,local
6039,mp-999136,slab,-23.96341984,173.754,True,"[1.7276724, -2.99241638, 0.0, 1.7276724, 2.99241638, -0.0, 0.0, -0.0, 9.46930834]",4.0,0.0,local
6040,mp-999143,slab,-32.16819089,323.823,True,"[4.27914429, 0.0, 0.0, 0.0, 11.40701558, 0.0, 0.0, 0.0, 4.55631069]",8.0,0.0,local
6041,mp-999188,slab,-27.23815815,121.056,True,"[3.6869265, 0.0, 0.0, 0.0, 3.6869265, 0.0, -0.0, 0.0, 3.6869265]",4.0,0.186653475,local
6042,mp-999189,slab,-29.99760034,68.411,True,"[3.59881369, 0.0, 0.0, 0.0, 3.59881369, 0.0, 0.0, 0.0, 3.59881369]",4.0,2.100327725,local
6043,mp-999192,slab,-23.6011683,1124.317,True,"[3.00876997, 0.0, 0.0, 0.0, 3.28857328, 0.0, 0.0, 0.0, 4.72854981]",4.0,0.0,local
6044,mp-999204,slab,-37.87224071,76.368,True,"[4.02102265, -0.0, 0.0, 0.0, 4.02102265, 0.0, 0.0, -0.0, 8.81682649]",8.0,3.5e-07,local
6045,mp-999298,slab,-19.08648613,82.249,True,"[3.99339986, 0.0, 0.0, 0.0, 3.99339986, 0.0, -0.0, -0.0, 3.99339986]",4.0,0.0,local
6046,mp-999318,slab,-18.82158374,149.623,True,"[2.08446576, -3.6104006, -0.0, 2.08446576, 3.6104006, 0.0, 0.0, -0.0, 5.28252971]",4.0,3.475e-06,local
6047,mp-999376,slab,-35.2016656,211.124,True,"[2.8069498, -0.0, 0.0, 0.0, 4.63979198, 0.0, 0.0, -0.0, 5.04529486]",4.0,2.5e-08,local
6048,mp-999378,slab,-108.79366979,221.541,True,"[5.858796, 0.0, 0.0, 0.0, 5.858796, 0.0, 0.0, 0.0, 5.858796]",16.0,0.00019678125,local
6049,mp-999389,slab,-140.85561749,517.611,True,"[5.89517112, -0.0, 0.0, 0.0, 5.89517112, 0.0, -0.0, -0.0, 5.89517112]",16.0,1.28936744375,local
6050,mp-999390,slab,-153.81778181,979.895,True,"[5.94505943, -0.0, 0.0, 0.0, 5.94505943, 0.0, -0.0, -0.0, 5.94505943]",16.0,8.625e-07,local
6051,mp-999391,slab,-69.7866686,550.444,True,"[3.55306477, -0.0, 0.0, 0.0, 3.55306477, 0.0, -0.0, -0.0, 8.28550208]",8.0,1.422806325,local
6052,mp-999395,slab,-155.37541659,409.998,True,"[6.34640114, -0.0, 0.0, 0.0, 6.34640114, 0.0, -0.0, -0.0, 6.34640114]",16.0,0.00038565,local
6053,mp-999396,slab,-144.12507466,210.754,True,"[6.39125873, -0.0, 0.0, 0.0, 6.39125873, 0.0, -0.0, -0.0, 6.39125873]",16.0,5e-08,local
6054,mp-999439,slab,-159.28058419,397.235,True,"[6.40175691, -0.0, 0.0, 0.0, 6.40175691, 0.0, 0.0, -0.0, 6.40175691]",16.0,6.25e-09,local
6055,mp-999448,slab,-64.95137444,531.027,True,"[2.07358005, -3.59154601, -0.0, 2.07358005, 3.59154601, 0.0, -0.0, -0.0, 21.00656795]",12.0,0.0,local
6056,mp-999502,slab,-35.38819097,233.718,True,"[2.74854943, 0.0, 0.0, 0.0, 4.50177358, 0.0, 0.0, 0.0, 4.96717339]",4.0,0.0,local
6057,mp-999507,slab,-25.05355491,119.418,True,"[2.03272888, -3.52078971, 0.0, 2.03272888, 3.52078971, 0.0, -0.0, 0.0, 5.56515699]",4.0,1.3965835,local
6058,mp-999508,slab,-107.26368331,252.002,True,"[5.69428527, 0.0, 0.0, 0.0, 5.69428527, 0.0, 0.0, 0.0, 5.69428527]",16.0,0.960241625,local
6059,mp-999540,slab,-26.39892542,44.452,True,"[2.10667919, -3.64887539, -0.0, 2.10667919, 3.64887539, 0.0, 0.0, -0.0, 6.82873545]",4.0,2.499819975,local
6060,mp-999542,slab,-33.48162604,246.302,True,"[2.80998381, -0.0, 0.0, 0.0, 2.80998381, 0.0, -0.0, -0.0, 5.6991906]",4.0,1.8553161,local
6061,mp-999543,slab,-29.95511547,790.078,True,"[3.51349745, -0.0, 0.0, 0.0, 3.51349745, 0.0, -0.0, -0.0, 3.51349745]",4.0,0.030209975,local
6062,mp-999544,slab,-25.77531339,480.608,True,"[3.75035201, 0.0, 0.0, 0.0, 3.75035201, 0.0, -0.0, -0.0, 9.24894546]",6.0,0.0,local
6063,mp-999545,slab,-34.87253953,914.4,True,"[2.46543408, -0.0, 0.0, 0.0, 3.48283739, 0.0, -0.0, -0.0, 4.93476948]",4.0,0.00013825,local
6064,mp-999550,slab,-118.88205267,2081.17,True,"[5.73126034, -0.0, 0.0, 0.0, 5.73126034, 0.0, 0.0, -0.0, 5.73126034]",16.0,0.8587921375,local
6065,mp-999557,slab,-122.55845307,346.851,True,"[6.28271503, -0.0, 0.0, 0.0, 6.28271503, 0.0, -0.0, 0.0, 6.28271503]",16.0,1.80193613125,local
6066,mp-999558,slab,-119.8896964,188.278,True,"[5.661894, 0.0, 0.0, 0.0, 5.661894, 0.0, 0.0, 0.0, 5.661894]",16.0,0.94230838125,local
6067,mp-999576,slab,-136.60902536,296.078,True,"[5.79047929, -0.0, 0.0, 0.0, 5.79047929, 0.0, -0.0, -0.0, 5.79047929]",16.0,0.50130746875,local
6068,mp-9998,slab,-64.2351513,403.76,True,"[3.38628264, -0.0, 0.0, 0.0, 6.05178802, 0.0, 0.0, 0.0, 6.42949609]",8.0,2.5e-08,local
