slab_id,mp_id,formula,crystal_id,miller_index,shift,num_atom,test,energy,chem_system,weight,normalized_weight,surface_energy,converge
748_40,mp-677,Sr4 Cd8,748,011,0.5,24,0,na,"(38, 48)",1.0,7.691716021844474e-05,0.028397342756536856,True
566_56,mp-542454,Mo8 As12,566,20-1,0.1569639723050233,40,0,na,"(33, 42)",1.0,7.692307692307693e-05,0.1147340184008888,True
585_51,mp-985805,Al4 Ag8,585,001,0.0,36,0,na,"(13, 47)",1.0,7.692899453804139e-05,0.04602605116880235,True
423_29,mp-583,Co4 As4,423,121,0.5,48,0,na,"(27, 33)",1.0,7.693491306354824e-05,0.06387962027679231,True
518_44,mp-1725,Ca4 Zn8,518,021,0.1249999999999999,48,0,na,"(20, 30)",1.0,7.694083249980765e-05,0.04832791481060411,True
178_15,mp-782,Te2 Pd1,178,100,0.1666666666666666,9,0,na,"(46, 52)",1.0,7.694675284702985e-05,0.045733315193556986,True
728_43,mp-13010,Y4 Sn8,728,010,0.173763695941325,12,0,na,"(39, 50)",1.0,7.695267410542516e-05,0.05316819334150743,True
376_54,mp-11840,Ba4 Ag4,376,010,0.1223219519237233,16,0,na,"(47, 56)",1.0,7.695859627520394e-05,0.0318103116981773,True
803_17,mp-1007786,Hf2 Ir2,803,210,0.0999955621027695,32,0,na,"(72, 77)",1.0,7.696451935657662e-05,0.13200296571899764,True
245_7,mp-564,Te2 Pd2,245,210,0.0833333333333334,32,0,na,"(46, 52)",1.0,7.69704433497537e-05,0.03679563204062785,True
827_100,mp-2089,Zr2 Te6,827,012,0.1213782168519018,32,0,na,"(40, 52)",1.0,7.697636825494573e-05,0.02944094515507045,True
380_15,mp-1077791,Zr4 Sc8,380,212,0.2500000000000004,60,0,na,"(21, 40)",1.0,7.698229407236336e-05,0.09470139081378635,True
74_16,mp-1278,Zr8 Si4,74,201,0.0,48,0,na,"(14, 40)",1.0,7.698822080221726e-05,0.1328237245463178,True
827_55,mp-2089,Zr2 Te6,827,122,0.0876700935711698,48,0,na,"(40, 52)",1.0,7.69941484447182e-05,0.03010596010610916,True
341_15,mp-2578,Ni1 Te2,341,100,0.1666666666666666,9,0,na,"(28, 52)",1.0,7.7000077000077e-05,0.04740901741764725,True
333_4,mp-9972,Y4 Si4,333,221,0.1083567854362215,48,0,na,"(14, 39)",1.0,7.700600646850454e-05,0.09193714217823201,True
457_21,mp-2105,Hf6 Si4,457,201,0.1001063561049625,40,0,na,"(14, 72)",1.0,7.701193685021179e-05,0.14754950452475724,True
109_12,mp-867141,Re2 Os6,109,101,0.0,32,0,na,"(75, 76)",1.0,7.701786814540974e-05,0.22543062981868456,True
83_11,mp-11482,Mo2 Ir6,83,210,0.25,48,0,na,"(42, 77)",1.0,7.702380035430948e-05,0.20151658599555156,True
225_3,mp-974358,Ir6 Ru2,225,212,0.125,64,0,na,"(44, 77)",1.0,7.702973347712218e-05,0.1772795047909606,True
873_18,mp-1078957,Ta6 Be4,873,101,0.0568118182360813,40,0,na,"(4, 73)",1.0,7.703566751405901e-05,0.18991368820854454,True
439_6,mp-1187206,Ta12 W4,439,100,0.125,32,0,na,"(73, 74)",1.0,7.704160246533128e-05,0.18179340241639705,True
348_30,mp-11398,Ga6 Ni10,348,021,0.2812228457856989,64,0,na,"(28, 31)",1.0,7.704753833115032e-05,0.11877183792713314,True
106_0,mp-972042,Zn6 Cu2,106,111,0.0,40,0,na,"(29, 30)",1.0,7.705347511172754e-05,0.06613745894256708,True
136_34,mp-12723,Ca4 Au4,136,011,0.1389806186460056,24,0,na,"(20, 79)",1.0,7.70594128072744e-05,0.04985930457619246,True
642_13,mp-985806,Al4 Cu2,642,001,0.125,12,0,na,"(13, 29)",1.0,7.706535141800247e-05,0.09130570234862655,True
285_2,mp-15669,Ti6 Te8,285,111,0.4999999999999999,56,0,na,"(22, 52)",1.0,7.707129094412332e-05,,False
423_37,mp-583,Co4 As4,423,102,0.0548929773221652,48,0,na,"(27, 33)",1.0,7.707723138584863e-05,0.09189728881639982,True
521_6,mp-30365,Be4 Au4,521,221,0.0960898268710082,64,0,na,"(4, 79)",1.0,7.708317274339012e-05,0.08100694487047452,True
531_17,mp-1008626,V1 Te2,531,2-12,0.1291918935805966,24,0,na,"(23, 52)",1.0,7.70891150169596e-05,0.029981600491299266,True
431_4,mp-1180,Mn1 Pt3,431,210,0.125,24,0,na,"(25, 78)",1.0,7.709505820676895e-05,0.13017022592411504,True
398_23,mp-864889,Zr2 Zn6,398,102,0.0,48,0,na,"(30, 40)",1.0,7.710100231303006e-05,0.09093268613679387,True
880_8,mp-567889,Ti8 Ge16,880,110,0.0843820151439979,72,0,na,"(22, 32)",1.0,7.710694733595497e-05,0.09774405550093031,True
438_12,mp-1216621,Ti2 W2,438,112,0.125,24,0,na,"(22, 74)",1.0,7.711289327575571e-05,0.16324611047591375,True
64_4,mp-30435,Ba4 Zn8,64,221,0.13999900232934,72,0,na,"(30, 56)",1.0,7.71188401326444e-05,,False
770_14,mp-9954,Hf4 As4,770,101,0.183443946358498,32,0,na,"(33, 72)",1.0,7.712478790683326e-05,0.11676842608580228,True
226_28,mp-31103,Ni6 Te4,226,101,0.5,30,0,na,"(28, 52)",1.0,7.713073659853452e-05,0.05055597981429595,True
871_20,mp-669917,Zr4 Rh4,871,210,0.1250000000000001,48,0,na,"(40, 45)",1.0,7.71366862079605e-05,0.13012449820666194,True
659_1,mp-999298,Pd3 Au1,659,221,0.125,32,0,na,"(46, 79)",1.0,7.714263673532361e-05,0.08426194308399383,True
652_21,mp-30866,Rh6 W2,652,102,0.0,48,0,na,"(45, 74)",1.0,7.714858818083629e-05,0.17201285421478155,True
174_4,mp-2059,Nb4 As4,174,110,0.25,40,0,na,"(33, 41)",1.0,7.715454054471106e-05,0.11692447867610221,True
360_9,mp-570775,Ba4 Au4,360,110,0.0,24,0,na,"(56, 79)",1.0,7.716049382716049e-05,0.03448429285320904,True
440_6,mp-11387,Hf2 Ga6,440,210,0.125,48,0,na,"(31, 72)",1.0,7.716644802839726e-05,0.09575029717370473,True
864_19,mp-10212,Sc4 Ge8,864,100,0.25,36,0,na,"(21, 32)",1.0,7.717240314863405e-05,0.08402633626362359,True
604_2,mp-21845,Fe1 Pd3,604,110,0.25,16,0,na,"(26, 46)",1.0,7.717835918808367e-05,0.10378393249592582,True
880_33,mp-567889,Ti8 Ge16,880,011,0.25,48,0,na,"(22, 32)",1.0,7.718431614695894e-05,0.08879724617156186,True
274_6,mp-1404,Cd2 Au2,274,212,0.0,32,0,na,"(48, 79)",1.0,7.719027402547279e-05,0.044385642533794734,True
514_0,mp-2767,Ti1 Ga1,514,111,0.2500000000000001,12,0,na,"(22, 31)",1.0,7.71962328238382e-05,0.11495593626779746,True
272_28,mp-30483,Ca4 Zn4,272,120,0.1674102642386435,24,0,na,"(20, 30)",1.0,7.72021925422682e-05,0.04283797188870438,True
620_1,mp-862620,Ir2 Ru6,620,221,0.0,64,0,na,"(44, 77)",1.0,7.720815318097592e-05,0.20896513341952247,True
518_18,mp-1725,Ca4 Zn8,518,201,0.0,72,0,na,"(20, 30)",1.0,7.72141147401745e-05,0.05740765226793851,True
108_12,mp-1018149,Sc2 Cu4,108,201,0.0434307743054362,48,0,na,"(21, 29)",1.0,7.722007722007723e-05,0.10668845270929231,True
661_25,mp-427,Fe4 As4,661,122,0.1125448702200699,48,0,na,"(26, 33)",1.0,7.722604062089736e-05,,False
295_14,mp-1219908,Pd3 Pt3,295,102,0.1666666666666665,30,0,na,"(46, 78)",1.0,7.723200494284832e-05,0.10664508697210216,True
867_3,mp-1018156,Hf4 Cd2,867,221,0.1249999999999999,60,0,na,"(48, 72)",1.0,7.72379701861435e-05,0.10822876951988455,True
142_30,mp-1218044,Ta6 Ru4,142,112,0.3066725754027861,50,0,na,"(44, 73)",1.0,7.724393635099645e-05,0.15254333392029942,True
381_49,mp-697068,Si3 Pd6,381,102,0.25,54,0,na,"(14, 46)",1.0,7.72499034376207e-05,0.09369613427971121,True
452_28,mp-7558,Ta3 Ge6,452,2-12,0.039810628667556,54,0,na,"(32, 73)",1.0,7.725587144622991e-05,0.09961062316330854,True
672_4,mp-1215997,Y1 In1,672,211,0.25,32,0,na,"(39, 49)",1.0,7.726184037703778e-05,0.060202738077535956,True
77_22,mp-12565,Mn2 Au8,77,201,0.0722570926686113,40,0,na,"(25, 79)",1.0,7.726781023025808e-05,0.06246949755481229,True
882_27,mp-22239,Ge4 Rh4,882,122,0.0959283933083521,48,0,na,"(32, 45)",1.0,7.727378100610463e-05,,False
356_20,mp-2008,Fe2 As4,356,121,0.25,36,0,na,"(26, 33)",1.0,7.727975270479135e-05,0.08456404741134656,True
468_20,mp-30744,Ir2 W2,468,122,0.25,32,0,na,"(74, 77)",1.0,7.728572532653218e-05,0.21375817248618245,True
224_10,mp-13683,Hf4 Ge8,224,110,0.5,36,0,na,"(32, 72)",1.0,7.72916988715412e-05,0.10211753556763611,True
335_2,mp-650,Be20 Pd4,335,111,0.8120676788304166,72,0,na,"(4, 46)",1.0,7.729767334003247e-05,0.18018482076044748,True
804_18,mp-974455,Re6 Ru2,804,122,0.1674174538228215,48,0,na,"(44, 75)",1.0,7.730364873222017e-05,0.2169751449072914,True
572_22,mp-12635,Ti2 Au8,572,112,0.1465343745126226,60,0,na,"(22, 79)",1.0,7.730962504831851e-05,0.08389657661283813,True
828_4,mp-998972,Ti2 Au2,828,221,0.1239040956032067,40,0,na,"(22, 79)",1.0,7.731560228854182e-05,0.09889179131840373,True
761_94,mp-542634,Ta8 Te12,761,10-2,0.1099790392139698,40,0,na,"(52, 73)",1.0,7.732158045310446e-05,0.05031707601923699,True
462_2,mp-2726,Sr1 Cu5,462,110,0.25,24,0,na,"(29, 38)",1.0,7.732755954222085e-05,0.06447860526147574,True
866_7,mp-12561,Ta4 As8,866,110,0.5,48,0,na,"(33, 73)",1.0,7.733353955610548e-05,0.08305241551624667,True
743_51,mp-20619,Sb4 Rh4,743,001,0.0,16,0,na,"(45, 51)",1.0,7.733952049497293e-05,0.05787711356764961,True
843_5,mp-2430,Zr4 Ge8,843,221,0.1546119920521977,72,0,na,"(32, 40)",1.0,7.734550235903782e-05,0.09117508736268676,True
836_9,mp-1078699,Nb2 Pt6,836,221,0.375,64,0,na,"(41, 78)",1.0,7.735148514851485e-05,0.14368525814017902,True
386_55,mp-1025448,Y4 Pt4,386,012,0.0606710458917412,32,0,na,"(39, 78)",1.0,7.735746886361879e-05,0.08521067897744815,True
803_19,mp-1007786,Hf2 Ir2,803,21-1,0.0,64,0,na,"(72, 77)",1.0,7.736345350456444e-05,0.1250955683990387,True
700_26,mp-389,Si4 Pd4,700,122,0.153256435242671,48,0,na,"(14, 46)",1.0,7.736943907156673e-05,0.08121853212026607,True
560_33,mp-31144,Rb6 Au14,560,112,0.1549978551683998,80,0,na,"(37, 79)",1.0,7.737542556484061e-05,0.029804254986028213,True
126_37,mp-11411,Sc4 Ga4,126,010,0.25,8,0,na,"(21, 31)",1.0,7.73814129846011e-05,0.05782811249987907,True
308_15,mp-1061861,Ti2 Pd4,308,122,0.045809734333206,48,0,na,"(22, 46)",1.0,7.799703611262772e-05,0.11277271308485354,True
193_12,mp-1186974,Sc6 Tl2,193,101,0.0,24,0,na,"(21, 81)",1.0,7.800312012480499e-05,0.0797661899288351,True
744_13,mp-2157,Co6 W2,744,101,0.2525013050533107,32,0,na,"(27, 74)",1.0,7.800920508620017e-05,0.1964484025449225,True
55_62,mp-274,Nb10 Sb8,55,012,0.055077293146994,72,0,na,"(41, 51)",1.0,7.801529099703542e-05,,False
886_9,mp-1209,Rb1 Au5,886,101,0.1666666666666666,18,0,na,"(37, 79)",1.0,7.802137785753296e-05,0.040085419949896374,True
722_2,mp-2369,Sn4 Pd4,722,111,0.1113463453075525,32,0,na,"(46, 50)",1.0,7.802746566791511e-05,0.06645552116781604,True
289_30,mp-1079467,Y2 Au6,289,121,0.0,48,0,na,"(39, 79)",1.0,7.803355442840422e-05,0.06588856572576052,True
126_7,mp-11411,Sc4 Ga4,126,110,0.5000000000000002,24,0,na,"(21, 31)",1.0,7.803964413922273e-05,0.09379992399673613,True
397_18,mp-1183425,Be6 Co2,397,100,0.2498136515005141,24,0,na,"(4, 27)",1.0,7.804573480059315e-05,0.20149131886177393,True
270_7,mp-863709,Ir6 Rh2,270,101,0.1250000000000002,24,0,na,"(45, 77)",1.0,7.805182641273806e-05,0.17716472167851302,True
669_4,mp-628,Zr8 Co4,669,110,0.077450227476163,36,0,na,"(27, 40)",1.0,7.805791897588011e-05,0.14095697903459284,True
130_50,mp-696,Si4 Pt4,130,010,0.2499999999999999,16,0,na,"(14, 78)",1.0,7.8064012490242e-05,0.08953674740484151,True
202_39,mp-30849,Ta4 Pt8,202,021,0.0,48,0,na,"(73, 78)",1.0,7.807010695604653e-05,0.1575404862112705,True
875_41,mp-1515,Zr4 Si8,875,010,0.0,12,0,na,"(14, 40)",1.0,7.807620237351655e-05,0.10603953446286891,True
93_7,mp-19895,Ni2 Sb4,93,110,0.4999999999999999,24,0,na,"(28, 51)",1.0,7.808229874287499e-05,0.03484246050637203,True
216_9,mp-11266,Ba4 Cd8,216,212,0.0938086422957731,72,0,na,"(48, 56)",1.0,7.808839606434484e-05,0.03540652595791196,True
146_11,mp-1079938,Tl4 Pd12,146,101,0.0626580531432878,48,0,na,"(46, 81)",1.0,7.809449433814917e-05,0.07349001174241233,True
625_28,mp-22498,Cr2 Sb4,625,102,0.2500000000000001,30,0,na,"(24, 51)",1.0,7.810059356451109e-05,0.06058768225782053,True
579_0,mp-2152,Y1 Ni5,579,111,0.25,30,0,na,"(28, 39)",1.0,7.810669374365383e-05,0.1139552359320807,True
827_48,mp-2089,Zr2 Te6,827,20-1,0.1084725826892363,32,0,na,"(40, 52)",1.0,7.811279487580065e-05,0.03076481763045269,True
447_18,mp-12742,Mg4 Pd12,447,112,0.125649146302635,64,0,na,"(12, 46)",1.0,7.81188969611749e-05,0.08618226060629201,True
197_1,mp-29665,Sb6 Au2,197,221,0.125,48,0,na,"(51, 79)",1.0,7.8125e-05,0.014934906923273534,True
482_25,mp-862621,Ga4 Pt12,482,001,0.125,32,0,na,"(31, 78)",1.0,7.813110399249941e-05,0.10266121154307767,True
305_45,mp-443,Ca4 Au8,305,012,0.0908760716250542,48,0,na,"(20, 79)",1.0,7.81372089388967e-05,0.05310792374255521,True
472_12,mp-8937,Cr2 Si4,472,201,0.0407813553749267,48,0,na,"(14, 24)",1.0,7.814331483941548e-05,0.16191926055404615,True
713_1,mp-1973,Nb2 Ga6,713,221,0.0625,64,0,na,"(31, 41)",1.0,7.814942169427946e-05,0.08360479651179935,True
361_31,mp-865611,Mg2 Rh6,361,011,0.7927644658711123,24,0,na,"(12, 45)",1.0,7.815552950371239e-05,0.14592213706129578,True
859_9,mp-2744,Li1 Pd1,859,101,0.4166666666666667,10,0,na,"(3, 46)",1.0,7.81616382679381e-05,0.06406288896556217,True
651_16,mp-1064981,Hf4 Co4,651,100,0.2499999999999999,32,0,na,"(27, 72)",1.0,7.81677479871805e-05,0.12528958069487386,True
242_9,mp-11696,As12 W8,242,110,0.0,80,0,na,"(33, 74)",1.0,7.817385866166354e-05,,False
144_6,mp-30354,Sc2 Ag8,144,110,0.1003866036200237,30,0,na,"(21, 47)",1.0,7.817997029161128e-05,0.08320227305398592,True
577_13,mp-30364,Ba1 Au5,577,100,0.1666666666666666,12,0,na,"(56, 79)",1.0,7.818608287724784e-05,0.03918403471512193,True
339_7,mp-568746,Bi8 Pd4,339,221,0.4999999999999999,72,0,na,"(46, 83)",1.0,7.81921964187974e-05,0.04559503892112876,True
790_1,mp-1099,Ni4 Ge4,790,111,0.0463680183527885,32,0,na,"(28, 32)",1.0,7.819831091648421e-05,0.09418680443136755,True
386_32,mp-1025448,Y4 Pt4,386,121,0.0,48,0,na,"(39, 78)",1.0,7.820442637053257e-05,0.08272625915165542,True
504_14,mp-1822,Ti4 As4,504,101,0.3674098695052165,32,0,na,"(22, 33)",1.0,7.821054278116691e-05,0.1160356300503358,True
594_15,mp-7598,Nb4 As8,594,212,0.0915570447263787,72,0,na,"(33, 41)",1.0,7.821666014861165e-05,0.09693171631374167,True
452_32,mp-7558,Ta3 Ge6,452,102,0.3743813206669633,36,0,na,"(32, 73)",1.0,7.822277847309137e-05,0.10120112703709332,True
126_31,mp-11411,Sc4 Ga4,126,011,0.5,24,0,na,"(21, 31)",1.0,7.822889775483064e-05,0.0968327426953731,True
733_11,mp-975799,Li2 Zn6,733,210,0.5,48,0,na,"(3, 30)",1.0,7.823501799405414e-05,0.04848078045467432,True
843_0,mp-2430,Zr4 Ge8,843,111,0.0,48,0,na,"(32, 40)",1.0,7.824113919098662e-05,0.08019760897830783,True
650_8,mp-471,Cd4 As8,650,212,0.1249999999999998,72,0,na,"(33, 48)",1.0,7.824726134585289e-05,0.03218198948967915,True
558_43,mp-2598,Ta5 Sb4,558,011,0.5,18,0,na,"(51, 73)",1.0,7.825338445887784e-05,0.06425060368456681,True
794_34,mp-30673,Ti4 Ga6,794,100,0.349603843117001,20,0,na,"(22, 31)",1.0,7.825950853028643e-05,0.10733364075830257,True
663_1,mp-1780,Sc1 Rh1,663,221,0.1250000000000001,20,0,na,"(21, 45)",1.0,7.826563356030368e-05,0.1129313434280181,True
378_0,mp-865373,Y6 Co6,378,111,0.0,72,0,na,"(27, 39)",1.0,7.827175954915466e-05,,False
790_12,mp-1099,Ni4 Ge4,790,212,0.2500000000000003,64,0,na,"(28, 32)",1.0,7.827788649706458e-05,0.09688047651762695,True
877_18,mp-1068446,Sc2 Au8,877,100,0.0511976842661318,20,0,na,"(21, 79)",1.0,7.828401440425865e-05,0.07873380120463158,True
535_7,mp-16514,Al6 Ni10,535,110,0.3883910824690169,48,0,na,"(13, 28)",1.0,7.829014327096219e-05,0.1270087194353702,True
679_11,mp-1042,Hf4 Si4,679,212,0.0504908717571446,64,0,na,"(14, 72)",1.0,7.829627309740057e-05,0.12333151633323076,True
120_14,mp-867865,Re2 Rh6,120,101,0.5,32,0,na,"(45, 75)",1.0,7.830240388379923e-05,0.16287520973101208,True
484_55,mp-351,Si4 Ni4,484,001,0.25,16,0,na,"(14, 28)",1.0,7.830853563038371e-05,0.14391385065579004,True
185_22,mp-1079681,Zr2 Au6,185,210,0.2499999999999999,48,0,na,"(40, 79)",1.0,7.831466833737959e-05,0.09439784968018457,True
509_13,mp-865022,Mn2 Ir6,509,101,0.2533820830878088,32,0,na,"(25, 77)",1.0,7.832080200501253e-05,0.1707081116651724,True
67_76,mp-1482,Zr16 Al24,67,001,0.125,40,0,na,"(13, 40)",1.0,7.832693663350827e-05,0.13147739460587096,True
274_20,mp-1404,Cd2 Au2,274,122,0.2500000000000001,32,0,na,"(48, 79)",1.0,7.833307222309259e-05,0.046629987439645686,True
761_63,mp-542634,Ta8 Te12,761,10-1,0.1449249972927578,20,0,na,"(52, 73)",1.0,7.833920877399138e-05,0.04044307042042727,True
417_8,mp-2554,Al6 V2,417,101,0.375,24,0,na,"(13, 23)",1.0,7.834534628643058e-05,0.125030754704521,True
428_15,mp-11272,Be4 Nb6,428,210,0.0096688101017096,40,0,na,"(4, 41)",1.0,7.835148476063621e-05,0.17935993035453573,True
666_14,mp-30494,Sc2 Cd6,666,101,0.4999999999999999,24,0,na,"(21, 48)",1.0,7.835762419683435e-05,0.06347321770129231,True
466_38,mp-1065995,Zr4 Pt4,466,012,0.0584063388628609,48,0,na,"(40, 78)",1.0,7.836376459525116e-05,0.12565932400157673,True
354_13,mp-742,Ti4 Cu2,354,201,0.125,48,0,na,"(22, 29)",1.0,7.836990595611286e-05,0.13245794189628743,True
289_23,mp-1079467,Y2 Au6,289,101,0.1288364081387989,24,0,na,"(39, 79)",1.0,7.837604827964574e-05,0.07513970647951093,True
247_3,mp-10901,Al3 Pd2,247,221,0.0395522052911552,50,0,na,"(13, 46)",1.0,7.838219156607619e-05,0.08890434691146298,True
825_11,mp-21260,Fe3 Sn3,825,201,0.0416666666666666,36,0,na,"(26, 50)",1.0,7.838833581563063e-05,0.07576773976228995,True
250_5,mp-30787,Mo2 Rh6,250,212,0.2502757380194752,64,0,na,"(42, 45)",1.0,7.839448102853559e-05,0.16984876114511957,True
94_18,mp-1206268,Sc4 In8,94,121,0.1674144605312695,48,0,na,"(21, 49)",1.0,7.840062720501764e-05,0.05638138607926992,True
145_42,mp-1364,Y4 Ni4,145,011,0.1801012770752308,24,0,na,"(28, 39)",1.0,7.840677434530344e-05,0.077863780831227,True
850_10,mp-1601,Ta1 Ru1,850,102,0.125,16,0,na,"(44, 73)",1.0,7.84129224496197e-05,0.15311369333879526,True
317_1,mp-571664,Zr8 Rh4,317,111,0.2091596506345396,36,0,na,"(40, 45)",1.0,7.841907151819322e-05,0.11170062259008766,True
761_97,mp-542634,Ta8 Te12,761,011,0.0837557425321512,80,0,na,"(52, 73)",1.0,7.842522155125088e-05,0.055626829634476224,True
648_8,mp-2705,V2 Pt6,648,101,0.375,24,0,na,"(23, 78)",1.0,7.843137254901961e-05,0.14715580755090793,True
376_38,mp-11840,Ba4 Ag4,376,112,0.0681084100299109,32,0,na,"(47, 56)",1.0,7.84375245117264e-05,0.030712808959638113,True
682_48,mp-22240,Mn4 As4,682,010,0.25,16,0,na,"(25, 33)",1.0,7.844367743959836e-05,0.09498505237881952,True
155_7,mp-1066254,Y4 Au4,155,110,0.5,24,0,na,"(39, 79)",1.0,7.844983133286264e-05,0.06407908994130587,True
85_18,mp-1018125,Ti2 Re1,85,001,0.1487198960407632,12,0,na,"(22, 75)",1.0,7.845598619174644e-05,0.1860834747230614,True
119_14,mp-1217811,Ta2 W2,119,011,0.25,16,0,na,"(73, 74)",1.0,7.846214201647705e-05,0.20903080383120953,True
866_70,mp-12561,Ta4 As8,866,102,0.0418340220895566,48,0,na,"(33, 73)",1.0,7.846829880728186e-05,0.11627448940316888,True
244_7,mp-12651,Mg4 Pt4,244,221,0.1434536765314165,48,0,na,"(12, 78)",1.0,7.847445656438829e-05,0.0856203386941524,True
881_8,mp-2260,Fe1 Pt1,881,100,0.25,8,0,na,"(26, 78)",1.0,7.848061528802385e-05,0.12944431062276274,True
211_36,mp-10032,Ge8 Os4,211,100,0.0,24,0,na,"(32, 76)",1.0,7.848677497841614e-05,0.08168817322673959,True
62_27,mp-16240,Ag6 Sb2,62,122,0.0048134140179278,48,0,na,"(47, 51)",1.0,7.849293563579278e-05,0.037900663629169024,True
481_27,mp-11697,Ta4 Sb8,481,21-2,0.0,48,0,na,"(51, 73)",1.0,7.84990972603815e-05,0.08384593607867034,True
685_7,mp-1570,Y8 Fe16,685,100,0.0625,48,0,na,"(26, 39)",1.0,7.85052598524101e-05,0.10333628491946559,True
661_22,mp-427,Fe4 As4,661,201,0.125,64,0,na,"(26, 33)",1.0,7.851142341210646e-05,,False
872_35,mp-20928,Sb4 Ru2,872,010,0.091293564771604,12,0,na,"(44, 51)",1.0,7.85175879396985e-05,0.0972025840856767,True
383_0,mp-1545,Nb6 Rh2,383,111,0.125,32,0,na,"(41, 45)",1.0,7.852375343541422e-05,0.1525980503115873,True
841_25,mp-30428,Ba4 Cu4,841,100,0.5000000000000001,24,0,na,"(29, 56)",1.0,7.852991989948171e-05,0.03473734222632707,True
526_5,mp-213,Ca1 Pd1,526,100,0.25,6,0,na,"(20, 46)",1.0,7.853608733212911e-05,0.07585506015531306,True
144_26,mp-30354,Sc2 Ag8,144,100,0.25,20,0,na,"(21, 47)",1.0,7.854225573358467e-05,0.08028227736869661,True
220_37,mp-19880,Fe2 Te4,220,012,0.1374586092051473,24,0,na,"(26, 52)",1.0,7.854842510407666e-05,0.05258700831998694,True
444_36,mp-11481,Mo2 Ir2,444,010,0.0,12,0,na,"(42, 77)",1.0,7.855459544383346e-05,0.15779942764160654,True
789_26,mp-1079810,Hf3 Sn6,789,100,0.2513350901629429,27,0,na,"(50, 72)",1.0,7.85607667530835e-05,0.07753347094305661,True
631_27,mp-2698,Y4 Cu8,631,120,0.0263013261073084,48,0,na,"(29, 39)",1.0,7.856693903205531e-05,0.08270958612253075,True
811_13,mp-7092,Ti4 Si4,811,212,0.1691958568262778,64,0,na,"(14, 22)",1.0,7.857311228097745e-05,0.1285639331729402,True
376_25,mp-11840,Ba4 Ag4,376,201,0.0535714184888327,48,0,na,"(47, 56)",1.0,7.857928650007858e-05,0.029754094724657894,True
53_5,mp-21296,Pt2 Pb8,53,221,0.0762297544476949,60,0,na,"(78, 82)",1.0,7.858546168958742e-05,0.027790731968258438,True
362_82,mp-1969,Nb4 Sb8,362,021,0.0,72,0,na,"(41, 51)",1.0,7.859163784973278e-05,0.07602003580023638,True
298_79,mp-11675,Nb6 Te12,298,10-2,0.125,72,0,na,"(41, 52)",1.0,7.859781498074354e-05,,False
360_42,mp-570775,Ba4 Au4,360,112,0.25,32,0,na,"(56, 79)",1.0,7.860399308284861e-05,0.038004488240012194,True
652_23,mp-30866,Rh6 W2,652,102,0.25,48,0,na,"(45, 74)",1.0,7.918910357934748e-05,0.17036828133730952,True
842_64,mp-2500,Al10 Cu10,842,11-2,0.0908269827662847,80,0,na,"(13, 29)",1.0,7.919537499010058e-05,0.08832463726489063,True
386_21,mp-1025448,Y4 Pt4,386,101,0.1376510757942809,24,0,na,"(39, 78)",1.0,7.92016473942658e-05,0.08866153893363703,True
323_17,mp-1217895,Ta2 Mo2,323,012,0.1250000000000001,24,0,na,"(42, 73)",1.0,7.920792079207921e-05,0.184086817627511,True
288_14,mp-12724,Sr4 Zn4,288,212,0.1755754818381536,48,0,na,"(30, 38)",1.0,7.921419518377693e-05,0.03668483080511774,True
77_30,mp-12565,Mn2 Au8,77,102,0.0251296612014825,60,0,na,"(25, 79)",1.0,8.030193527664017e-05,0.06889581351040851,True
211_39,mp-10032,Ge8 Os4,211,20-1,0.0,48,0,na,"(32, 76)",1.0,8.030838419531e-05,0.10744583841518125,True
313_14,mp-1867,Ta8 Ni4,313,101,0.0,36,0,na,"(28, 73)",1.0,8.031483414986748e-05,0.16813589006178536,True
53_22,mp-21296,Pt2 Pb8,53,201,0.024280194189968,40,0,na,"(78, 82)",1.0,8.032128514056225e-05,0.025412293224983954,True
870_22,mp-12104,Nb3 Si6,870,101,0.7461735300426973,27,0,na,"(14, 41)",1.0,8.080808080808081e-05,0.1298079539832108,True
437_4,mp-19940,V4 As4,437,221,0.0,64,0,na,"(23, 33)",1.0,8.081461128171973e-05,0.10926944963143337,True
109_9,mp-867141,Re2 Os6,109,210,0.0,48,0,na,"(75, 76)",1.0,8.13868316106454e-05,0.2395284743238246,True
255_31,mp-1079296,Hf2 Au6,255,121,0.0672708951645441,48,0,na,"(72, 79)",1.0,8.139345596614032e-05,0.08884746733638718,True
148_60,mp-1048,Ti2 Ni2,148,10-2,0.0,24,0,na,"(22, 28)",1.0,8.14000814000814e-05,0.14510054713277004,True
260_0,mp-2851,V4 Sb8,260,111,0.0930733585503276,36,0,na,"(23, 51)",1.0,8.140670791273201e-05,0.04362413073725196,True
361_21,mp-865611,Mg2 Rh6,361,121,0.2729525228215834,48,0,na,"(12, 45)",1.0,8.141333550435561e-05,0.12936463539143003,True
871_9,mp-669917,Zr4 Rh4,871,110,0.0,24,0,na,"(40, 45)",1.0,8.141996417521577e-05,0.13052893253013068,True
350_1,mp-30619,Zr12 Co4,350,111,0.1223554466809915,64,0,na,"(27, 40)",1.0,8.162598971512529e-05,0.11583510775740861,True
66_3,mp-1387,Al2 V6,66,110,0.375,24,0,na,"(13, 23)",1.0,8.163265306122449e-05,0.15145236898689302,True
625_3,mp-22498,Cr2 Sb4,625,221,0.0687271039301684,48,0,na,"(24, 51)",1.0,8.163931749530574e-05,0.04639192334804803,True
539_25,mp-2643,Ti6 Cu8,539,112,0.5,70,0,na,"(22, 29)",1.0,8.164598301763554e-05,0.12443617393588825,True
97_10,mp-1207013,Si2 Rh3,97,210,0.0833333333333332,40,0,na,"(14, 45)",1.0,8.165264962848044e-05,0.12084743795238449,True
347_33,mp-12884,Hf10 Te8,347,100,0.201892678070461,18,0,na,"(52, 72)",1.0,8.165931732810714e-05,0.0753751817089604,True
96_23,mp-569250,V4 Ir4,96,122,0.1249999999999998,64,0,na,"(23, 77)",1.0,8.166598611678236e-05,0.18920093157255824,True
613_6,mp-1914,Y1 Ga2,613,211,0.2500000000000001,48,0,na,"(31, 39)",1.0,8.167265599477295e-05,0.07616400397136057,True
572_14,mp-12635,Ti2 Au8,572,101,0.4999999999999999,30,0,na,"(22, 79)",1.0,8.167932696234583e-05,0.08356738900785324,True
650_27,mp-471,Cd4 As8,650,112,0.125,72,0,na,"(33, 48)",1.0,8.168599901976801e-05,0.04104859770906831,True
859_11,mp-2744,Li1 Pd1,859,201,0.0416666666666666,20,0,na,"(3, 46)",1.0,8.169267216730659e-05,0.07899476060235927,True
180_0,mp-22095,Ga8 Pt4,180,111,0.1249999999999997,36,0,na,"(31, 78)",1.0,8.169934640522875e-05,0.08666874003075477,True
739_5,mp-7188,Al4 Os2,739,212,0.0442073133431222,48,0,na,"(13, 76)",1.0,8.170602173380178e-05,0.15568134162813413,True
425_43,mp-11506,Ni6 Mo2,425,011,0.6270400383656136,24,0,na,"(28, 42)",1.0,8.171269815329302e-05,0.17183650829662683,True
508_2,mp-1079796,Ti6 Pd2,508,110,0.125,24,0,na,"(22, 46)",1.0,8.171937566396992e-05,0.12711349454839457,True
738_22,mp-1008505,Ba4 Pd4,738,122,0.125,48,0,na,"(46, 56)",1.0,8.172605426610003e-05,0.03652965461113947,True
182_23,mp-8312,Ta10 As8,182,101,0.1683834010095388,72,0,na,"(33, 73)",1.0,8.173273395995096e-05,0.12824568144282555,True
216_26,mp-11266,Ba4 Cd8,216,121,0.0819964042773219,48,0,na,"(48, 56)",1.0,8.173941474579042e-05,0.03131823382410972,True
223_15,mp-2078,Ti2 Cu2,223,201,0.0,32,0,na,"(22, 29)",1.0,8.17460966238862e-05,0.12960803734559553,True
888_13,mp-30572,Hf8 Ga4,888,210,0.0481721985004633,48,0,na,"(31, 72)",1.0,8.175277959450622e-05,0.12708114625194689,True
722_27,mp-2369,Sn4 Pd4,722,122,0.1345272242297071,48,0,na,"(46, 50)",1.0,8.17594636579184e-05,0.059751734987213985,True
362_80,mp-1969,Nb4 Sb8,362,011,0.150715350665184,48,0,na,"(41, 51)",1.0,8.223007976317738e-05,0.0801009924837476,True
807_27,mp-9970,Sc4 Ge4,807,102,0.1249999999999999,48,0,na,"(21, 32)",1.0,8.223684210526316e-05,0.07482843635549634,True
799_28,mp-1025402,Sr4 Cu4,799,102,0.0,24,0,na,"(29, 38)",1.0,8.224360555966774e-05,0.037030233388626745,True
64_1,mp-30435,Ba4 Zn8,64,111,0.3105924404535668,48,0,na,"(30, 56)",1.0,8.225037012666557e-05,0.03587469566983508,True
381_14,mp-697068,Si3 Pd6,381,212,0.1856549023161804,72,0,na,"(14, 46)",1.0,8.225713580653122e-05,0.0888197534594636,True
211_72,mp-10032,Ge8 Os4,211,10-2,0.0,48,0,na,"(32, 76)",1.0,8.226390259953932e-05,0.08896928033606959,True
617_33,mp-1451,Nb2 Ni6,617,121,0.1984808563405793,48,0,na,"(28, 41)",1.0,8.227067050596462e-05,0.16033623107010384,True
158_6,mp-30383,Hf4 Au2,158,212,0.125,48,0,na,"(72, 79)",1.0,8.227743952608195e-05,0.1216679096247079,True
601_7,mp-771,Mn1 Al1,601,201,0.125,16,0,na,"(13, 25)",1.0,8.228420966016621e-05,0.12226100037253175,True
216_28,mp-11266,Ba4 Cd8,216,121,0.4999999999999999,48,0,na,"(48, 56)",1.0,8.229098090849243e-05,0.03751163075129885,True
542_40,mp-999376,Nb2 Pt2,542,001,0.2523644664327804,8,0,na,"(41, 78)",1.0,8.229775327133569e-05,0.20214624123690564,True
836_53,mp-1078699,Nb2 Pt6,836,012,0.0,48,0,na,"(41, 78)",1.0,8.342370901810294e-05,0.12185395313667588,True
768_4,mp-1017985,Ti2 Ag2,768,221,0.1216987064552288,40,0,na,"(22, 47)",1.0,8.34306691139663e-05,0.09674236583376701,True
635_8,mp-1207380,Zr1 In1,635,100,0.2499999999999999,8,0,na,"(40, 49)",1.0,8.343763037129746e-05,0.09389570472694865,True
771_50,mp-1025513,Zr4 Ge4,771,010,0.1426405631090936,16,0,na,"(32, 40)",1.0,8.344459279038718e-05,0.13486799818016346,True
270_8,mp-863709,Ir6 Rh2,270,101,0.3750000000000001,24,0,na,"(45, 77)",1.0,8.345155637152634e-05,0.18952439352796646,True
807_30,mp-9970,Sc4 Ge4,807,011,0.25,24,0,na,"(21, 32)",1.0,8.345852111500584e-05,0.09717519379415565,True
615_1,mp-1007755,Hf2 Au2,615,111,0.2403820928386757,20,0,na,"(72, 79)",1.0,8.346548702111677e-05,0.11004041167578459,True
375_14,mp-8628,Te12 Pt9,375,101,0.0,63,0,na,"(52, 78)",1.0,8.347245409015025e-05,0.041719075163004625,True
408_6,mp-1444,Ca4 Cd8,408,110,0.1455144837910609,36,0,na,"(20, 48)",1.0,8.347942232239753e-05,0.04466419085405174,True
124_15,mp-1007692,Hf4 Pd4,124,101,0.0,32,0,na,"(46, 72)",1.0,8.348639171814995e-05,0.09825000289426743,True
339_52,mp-568746,Bi8 Pd4,339,120,0.0956138471427953,72,0,na,"(46, 83)",1.0,8.349336227769892e-05,0.04205581788165905,True
493_17,mp-542640,Ge4 Pt4,493,210,0.1249999999999999,48,0,na,"(32, 78)",1.0,8.350033400133601e-05,0.07357558030434737,True
111_1,mp-12761,Be2 Au4,111,111,0.2500000000000001,30,0,na,"(4, 79)",1.0,8.350730688935282e-05,0.06268977043915988,True
278_16,mp-1014231,Hf4 Zn2,278,112,0.5000000000000003,30,0,na,"(30, 72)",1.0,8.351428094204109e-05,0.12938380296295127,True
339_54,mp-568746,Bi8 Pd4,339,12-1,2.220446049250313e-16,72,0,na,"(46, 83)",1.0,8.352125615969264e-05,0.04196396178955646,True
415_20,mp-568718,Hf4 Al12,415,102,0.1247775577688159,48,0,na,"(13, 72)",1.0,8.35282325425994e-05,0.11688710040836439,True
64_11,mp-30435,Ba4 Zn8,64,22-1,0.1645511758342338,48,0,na,"(30, 56)",1.0,8.353521009105338e-05,0.03471086132554492,True
87_1,mp-30871,Ta6 Sn2,87,221,0.0625,48,0,na,"(50, 73)",1.0,8.35421888053467e-05,0.1343159459216179,True
489_4,mp-1057,Al3 Ni2,489,221,0.1248425661531432,60,0,na,"(13, 28)",1.0,8.354916868577158e-05,0.1170012410282461,True
466_30,mp-1065995,Zr4 Pt4,466,011,0.25,24,0,na,"(40, 78)",1.0,8.355614973262032e-05,0.12541829277870728,True
52_17,mp-13164,Ti4 Pd2,52,102,0.0855905852922873,24,0,na,"(22, 46)",1.0,8.356313194618534e-05,0.12169349963470306,True
153_49,mp-12802,Al2 Cu6,153,021,0.375,48,0,na,"(13, 29)",1.0,8.357011532675916e-05,0.0923366889201128,True
345_5,mp-1018104,Zr4 Cd2,345,212,0.0404931217803967,48,0,na,"(40, 48)",1.0,8.357709987463435e-05,0.09871123636223506,True
689_27,mp-423,Ge3 Pd6,689,210,0.2831358088243163,54,0,na,"(32, 46)",1.0,8.358408559010364e-05,0.08915955164873077,True
814_21,mp-434,Sr4 Au8,814,122,0.0880489570433409,72,0,na,"(38, 79)",1.0,8.359107247345983e-05,0.03938300899441458,True
824_35,mp-578,Ga3 Ag6,824,201,0.3617019724980171,45,0,na,"(31, 47)",1.0,8.359806052499582e-05,0.047064557367276036,True
566_3,mp-542454,Mo8 As12,566,111,0.3230394892768711,80,0,na,"(33, 42)",1.0,8.36050497450046e-05,,False
203_29,mp-363,Nb3 Ge6,203,2-12,0.2539339036782913,54,0,na,"(32, 41)",1.0,8.411136344520145e-05,0.09642730718899578,True
237_8,mp-1017983,Ti2 Mo6,237,101,0.3719030732354299,32,0,na,"(22, 42)",1.0,8.411843876177658e-05,0.1842001893499019,True
405_3,mp-866108,Hf2 Zn6,405,110,0.5000000000000001,32,0,na,"(30, 72)",1.0,8.412551526878102e-05,0.10582680975717967,True
112_20,mp-30581,Hf4 Cu2,112,001,0.2499999999999999,6,0,na,"(29, 72)",1.0,8.413259296651523e-05,0.1587709041929048,True
226_14,mp-31103,Ni6 Te4,226,212,0.4555909899763364,60,0,na,"(28, 52)",1.0,8.413967185527976e-05,0.041332505461838094,True
568_5,mp-22682,In8 Pt4,568,210,0.0624999999999999,48,0,na,"(49, 78)",1.0,8.41467519353753e-05,0.05939328518130579,True
859_3,mp-2744,Li1 Pd1,859,212,0.0833333333333333,24,0,na,"(3, 46)",1.0,8.415383320710259e-05,0.07151990462560238,True
608_33,mp-2349,Y4 Cd12,608,120,0.0,64,0,na,"(39, 48)",1.0,8.41609156707625e-05,0.05521064046947464,True
633_51,mp-1424,Ge4 Pd4,633,012,0.0,32,0,na,"(32, 46)",1.0,8.492569002123143e-05,0.06747389803770318,True
743_24,mp-20619,Sb4 Rh4,743,122,0.0,48,0,na,"(45, 51)",1.0,8.61994655633135e-05,0.07017995421791784,True
879_17,mp-1907,Ti1 Te2,879,2-12,0.123354817862836,24,0,na,"(22, 52)",1.0,8.620689655172413e-05,0.034880381127283734,True
189_14,mp-13495,Zr4 Pd4,189,101,0.0,32,0,na,"(40, 46)",1.0,8.621432882145013e-05,0.09325256901379507,True
823_28,mp-30686,Zr16 Ga24,823,101,0.0149999456723806,80,0,na,"(31, 40)",1.0,8.62217623728229e-05,0.11881595339350244,True
477_0,mp-1431,Mn4 Si4,477,111,0.1994422143213193,32,0,na,"(14, 25)",1.0,8.622919720617402e-05,0.14372790402924582,True
457_26,mp-2105,Hf6 Si4,457,112,0.0382524482132032,60,0,na,"(14, 72)",1.0,8.623663332183511e-05,0.153365317465962,True
270_6,mp-863709,Ir6 Rh2,270,210,0.125,48,0,na,"(45, 77)",1.0,8.6244070720138e-05,0.18213702855932692,True
217_18,mp-30571,Tl8 Au4,217,201,0.1102542173276219,48,0,na,"(79, 81)",1.0,8.625150940141452e-05,0.020759273037499925,True
466_3,mp-1065995,Zr4 Pt4,466,221,0.0,64,0,na,"(40, 78)",1.0,8.625894936599672e-05,0.10672507920820136,True
846_9,mp-755328,Zr8 Sn16,846,110,0.25,72,0,na,"(40, 50)",1.0,8.62663906142167e-05,0.08108337780842656,True
441_17,mp-11359,Ga2 Cu1,441,102,0.5,15,0,na,"(29, 31)",1.0,8.62738331464067e-05,0.051824601312609464,True
703_0,mp-865193,Co6 Pt2,703,111,0.0,40,0,na,"(27, 78)",1.0,8.676036786395974e-05,,False
702_3,mp-2781,Sc1 Pd1,702,211,0.25,32,0,na,"(21, 46)",1.0,8.676789587852495e-05,0.08271137494964487,True
806_6,mp-1184772,Hf6 Pb2,806,210,0.125,48,0,na,"(72, 82)",1.0,8.677542519958348e-05,0.10212171514856977,True
777_18,mp-866184,Ti6 Pb2,777,100,0.2472655299550213,16,0,na,"(22, 82)",1.0,8.678295582747549e-05,0.11452984831704086,True
521_15,mp-30365,Be4 Au4,521,110,0.7500000000000001,32,0,na,"(4, 79)",1.0,8.679048776254123e-05,0.08273029484450208,True
553_5,mp-818,Si4 Rh4,553,221,0.1226906608122959,64,0,na,"(14, 45)",1.0,8.679802100512108e-05,0.11640084112084352,True
498_67,mp-1337,Mo4 As8,498,11-2,0.5000000000000001,48,0,na,"(33, 42)",1.0,8.680555555555556e-05,0.08890395427829874,True
803_15,mp-1007786,Hf2 Ir2,803,211,0.0745407360268758,64,0,na,"(72, 77)",1.0,8.681309141418526e-05,0.14377707896687952,True
146_17,mp-1079938,Tl4 Pd12,146,100,0.25,48,0,na,"(46, 81)",1.0,8.682062858135092e-05,0.06914837899770356,True
286_11,mp-31379,Zr8 Sb4,286,210,0.1249999999999999,72,0,na,"(40, 51)",1.0,8.682816705739342e-05,0.09049568034700055,True
523_0,mp-971751,V4 Rh4,523,111,0.0,40,0,na,"(23, 45)",1.0,8.68357068426537e-05,0.15983167309982152,True
136_5,mp-12723,Ca4 Au4,136,221,0.25,48,0,na,"(20, 79)",1.0,8.684324793747286e-05,0.04266978736392028,True
788_15,mp-1825,Cu4 Sb2,788,201,0.0752493570623097,36,0,na,"(29, 51)",1.0,8.685079034219212e-05,0.055398669068361946,True
719_26,mp-2128,Sn16 Pd4,719,100,0.25,40,0,na,"(46, 50)",1.0,8.685833405715279e-05,0.043897383235943915,True
738_15,mp-1008505,Ba4 Pd4,738,210,0.0,48,0,na,"(46, 56)",1.0,8.686587908269631e-05,0.04435227719391763,True
768_15,mp-1017985,Ti2 Ag2,768,201,0.1216987064552288,32,0,na,"(22, 47)",1.0,8.736676568233443e-05,0.10064248689078979,True
187_4,mp-432,Nb1 Ru1,187,211,0.2500000000000003,32,0,na,"(41, 44)",1.0,8.737439930100481e-05,0.1365661640942652,True
763_0,mp-19713,Sc6 In2,763,111,0.4999999999999999,32,0,na,"(21, 49)",1.0,8.768084173608067e-05,0.0835234028861105,True
237_16,mp-1017983,Ti2 Mo6,237,102,0.2561938535291403,32,0,na,"(22, 42)",1.0,8.768853034023149e-05,0.17361372213398807,True
274_35,mp-1404,Cd2 Au2,274,021,0.5,24,0,na,"(48, 79)",1.0,8.823010411152286e-05,0.04641424626444379,True
447_20,mp-12742,Mg4 Pd12,447,102,0.125649146302635,48,0,na,"(12, 46)",1.0,8.823788934968675e-05,0.09626706587475188,True
737_8,mp-569426,Sr4 Zn8,737,110,0.5,36,0,na,"(30, 38)",1.0,8.824567596187787e-05,0.04870009308979791,True
215_38,mp-999502,Mo2 Pt2,215,012,0.2499999999999999,24,0,na,"(42, 78)",1.0,8.825346394845998e-05,0.16181600953524286,True
754_19,mp-30846,Sn6 Pt4,754,101,0.5000000000000002,30,0,na,"(50, 78)",1.0,8.8261253309797e-05,0.06602006218674611,True
359_4,mp-7498,Ti10 Te8,359,221,0.0938820456373934,72,0,na,"(22, 52)",1.0,8.826904404625298e-05,,False
502_25,mp-20174,Ni6 Sn8,502,210,0.1126180430013548,42,0,na,"(28, 50)",1.0,8.827683615819209e-05,0.06960245802822355,True
114_42,mp-1077503,Ti4 Si8,114,010,0.0809665331843801,12,0,na,"(14, 22)",1.0,8.828462964597864e-05,0.17465327260595107,True
484_7,mp-351,Si4 Ni4,484,110,0.1644100164945092,32,0,na,"(14, 28)",1.0,8.829242450997704e-05,0.11434621510365366,True
738_43,mp-1008505,Ba4 Pd4,738,012,0.0,48,0,na,"(46, 56)",1.0,8.830022075055188e-05,0.042744430254515395,True
461_42,mp-11420,Y4 Ga4,461,012,0.0,48,0,na,"(31, 39)",1.0,8.830801836806782e-05,0.08090735660300752,True
553_3,mp-818,Si4 Rh4,553,111,0.5,40,0,na,"(14, 45)",1.0,8.831581736288969e-05,0.11149167931256282,True
177_53,mp-30379,Ga4 Au4,177,012,0.1150882099445969,32,0,na,"(31, 79)",1.0,8.832361773538245e-05,0.048043431418884404,True
252_5,mp-1216323,V2 Mo2,252,210,0.125,32,0,na,"(23, 42)",1.0,8.833141948591114e-05,0.19063486358521176,True
458_10,mp-13452,Be2 Pd4,458,101,0.5,24,0,na,"(4, 46)",1.0,8.833922261484099e-05,0.11086375035572796,True
748_18,mp-677,Sr4 Cd8,748,201,0.0,72,0,na,"(38, 48)",1.0,8.885729518393461e-05,0.040386354312878896,True
831_32,mp-978274,Mg6 Cd6,831,122,0.1526192293479945,72,0,na,"(12, 48)",1.0,8.88651915044877e-05,0.042020863948483825,True
455_3,mp-1229092,Ag3 Au3,455,212,0.083333333333333,72,0,na,"(47, 79)",1.0,8.887308922858158e-05,0.05416389260754551,True
130_34,mp-696,Si4 Pt4,130,120,0.25,48,0,na,"(14, 78)",1.0,8.888098835659053e-05,0.0734204775755428,True
763_22,mp-19713,Sc6 In2,763,102,0.1245411978060981,48,0,na,"(21, 49)",1.0,8.888888888888889e-05,0.08226120515890832,True
674_11,mp-1216231,V2 W2,674,120,0.1249999999999999,24,0,na,"(23, 74)",1.0,8.889679082585119e-05,0.20739528193956458,True
461_43,mp-11420,Y4 Ga4,461,012,0.0540543383948044,48,0,na,"(31, 39)",1.0,8.890469416785207e-05,0.08240870563282962,True
831_53,mp-978274,Mg6 Cd6,831,102,0.125,72,0,na,"(12, 48)",1.0,8.891259891526629e-05,0.044459001546147334,True
183_12,mp-1066078,Bi2 Pt2,183,201,0.1458333333333333,24,0,na,"(78, 83)",1.0,8.892050506846879e-05,0.05673465014383234,True
699_0,mp-2090,Fe1 Co1,699,111,0.25,14,0,na,"(26, 27)",1.0,8.89284126278346e-05,0.1544808079917147,True
220_14,mp-19880,Fe2 Te4,220,101,0.5000000000000002,24,0,na,"(26, 52)",1.0,8.893632159373888e-05,0.05666765699112868,True
48_2,mp-317,Sn4 Rh4,48,111,0.476303557411822,32,0,na,"(45, 50)",1.0,8.894423196655697e-05,0.07749125280517195,True
244_12,mp-12651,Mg4 Pt4,244,110,0.0943150520458561,24,0,na,"(12, 78)",1.0,8.89521437466643e-05,0.08116478306296465,True
665_15,mp-266,Zr4 Pd2,665,112,0.1566505222417333,30,0,na,"(40, 46)",1.0,8.954154727793696e-05,0.11082710185750741,True
54_17,mp-2695,Sb4 Os2,54,100,0.2499999999999999,24,0,na,"(51, 76)",1.0,8.954956568460644e-05,0.08090361839536346,True
416_21,mp-766,As4 Ru2,416,120,0.039466125644985,36,0,na,"(33, 44)",1.0,8.955758552749418e-05,0.09614438959915732,True
727_13,mp-1399,Al4 Au4,727,212,0.2499999999999996,48,0,na,"(13, 79)",1.0,8.956560680698612e-05,0.06344712056884211,True
157_7,mp-1220322,Nb2 Re2,157,121,0.1249999999999997,24,0,na,"(41, 75)",1.0,8.957362952346828e-05,0.18148064315683046,True
224_16,mp-13683,Hf4 Ge8,224,210,0.0777584916732001,72,0,na,"(32, 72)",1.0,9.071940488070398e-05,0.09955939375624778,True
743_44,mp-20619,Sb4 Rh4,743,021,0.1303689296079824,32,0,na,"(45, 51)",1.0,9.072763563781528e-05,0.07431753499910405,True
423_39,mp-583,Co4 As4,423,011,0.2992093067241049,24,0,na,"(27, 33)",1.0,9.073586788857636e-05,0.08998606528732458,True
485_16,mp-979115,Ti4 Ag2,485,112,0.4999999999999998,36,0,na,"(22, 47)",1.0,9.074410163339382e-05,0.12573074349613278,True
298_63,mp-11675,Nb6 Te12,298,112,0.1381737899830124,72,0,na,"(41, 52)",1.0,9.075233687267448e-05,,False
591_12,mp-12752,Zr4 Al3,591,101,0.0833333333333333,21,0,na,"(13, 40)",1.0,9.07605736068252e-05,0.1209563376789959,True
177_6,mp-30379,Ga4 Au4,177,221,0.1845150636631668,64,0,na,"(31, 79)",1.0,9.076881183625306e-05,,False
350_19,mp-30619,Zr12 Co4,350,101,0.1527996343066712,64,0,na,"(27, 40)",1.0,9.077705156136529e-05,0.11385152444632972,True
481_60,mp-11697,Ta4 Sb8,481,12-2,0.1506353858976653,72,0,na,"(51, 73)",1.0,9.14662032379036e-05,,False
214_14,mp-7192,Sc4 Sb2,214,210,0.125,36,0,na,"(21, 51)",1.0,9.147457006952068e-05,0.07388703452258805,True
535_0,mp-16514,Al6 Ni10,535,111,0.1116089175309831,64,0,na,"(13, 28)",1.0,9.148293843198243e-05,0.1278754795366138,True
143_12,mp-19856,Sn2 Pt2,143,201,0.1458333333333334,24,0,na,"(50, 78)",1.0,9.149130832570906e-05,0.07582107242387084,True
682_38,mp-22240,Mn4 As4,682,102,0.125,48,0,na,"(25, 33)",1.0,9.149967975112088e-05,0.087770913484652,True
804_36,mp-974455,Re6 Ru2,804,012,0.0403044465596753,32,0,na,"(44, 75)",1.0,9.150805270863836e-05,0.20993807416538118,True
177_35,mp-30379,Ga4 Au4,177,120,0.2500000000000001,48,0,na,"(31, 79)",1.0,9.151642719868216e-05,0.041189926065583596,True
620_9,mp-862620,Ir2 Ru6,620,210,0.0,48,0,na,"(44, 77)",1.0,9.152480322167308e-05,0.21159832357248687,True
631_3,mp-2698,Y4 Cu8,631,221,0.0,72,0,na,"(29, 39)",1.0,9.153318077803204e-05,0.08286839992650039,True
56_21,mp-1220678,Nb8 Pd4,56,112,0.25,48,0,na,"(41, 46)",1.0,9.154155986818016e-05,0.13645805089908933,True
408_26,mp-1444,Ca4 Cd8,408,121,0.2500000000000001,48,0,na,"(20, 48)",1.0,9.154994049253868e-05,0.03687296563961864,True
168_3,mp-506,Mg1 Pd1,168,211,0.25,32,0,na,"(12, 46)",1.0,9.155832265152902e-05,0.07762414416060423,True
81_25,mp-2123,Nb6 Au4,81,102,0.1500899886587419,40,0,na,"(41, 79)",1.0,9.156670634557275e-05,0.130829343182347,True
396_12,mp-1018124,Ti4 Rh2,396,201,0.040477519776962,48,0,na,"(22, 45)",1.0,9.157509157509158e-05,0.14781808775055655,True
585_35,mp-985805,Al4 Ag8,585,120,0.0360246023098582,48,0,na,"(13, 47)",1.0,9.158347834050736e-05,0.06098043175510397,True
625_2,mp-22498,Cr2 Sb4,625,111,0.4782406880042523,24,0,na,"(24, 51)",1.0,9.159186664224217e-05,0.058325018800317284,True
599_9,mp-1220023,Os1 Ru1,599,101,0.2499999999999999,10,0,na,"(44, 76)",1.0,9.160025648071816e-05,0.2391867014251028,True
458_5,mp-13452,Be2 Pd4,458,212,0.07173482474386,60,0,na,"(4, 46)",1.0,9.160864785635764e-05,0.11239671969945818,True
821_10,mp-867264,Re6 Os2,821,210,0.1261163594189629,48,0,na,"(75, 76)",1.0,9.161704076958314e-05,0.23169842397024007,True
174_23,mp-2059,Nb4 As4,174,102,0.1669999900000007,32,0,na,"(33, 41)",1.0,9.16254352208173e-05,0.14253566138427454,True
737_13,mp-569426,Sr4 Zn8,737,210,0.0540905642728555,72,0,na,"(30, 38)",1.0,9.163383121048293e-05,0.046911218586072445,True
145_46,mp-1364,Y4 Ni4,145,011,1.0,24,0,na,"(28, 39)",1.0,9.207255317189946e-05,0.07340672811314067,True
888_25,mp-30572,Hf8 Ga4,888,001,0.125,24,0,na,"(31, 72)",1.0,9.208103130755064e-05,0.12015734997365322,True
523_22,mp-971751,V4 Rh4,523,122,0.0689822083035363,64,0,na,"(23, 45)",1.0,9.208951100469656e-05,0.1676479939505397,True
397_24,mp-1183425,Be6 Co2,397,001,0.0,24,0,na,"(4, 27)",1.0,9.209799226376864e-05,0.12843480618136752,True
814_2,mp-434,Sr4 Au8,814,111,0.25,36,0,na,"(38, 79)",1.0,9.210647508519848e-05,0.043182102993454236,True
865_3,mp-1620,Si4 W2,865,221,0.1249999999999999,60,0,na,"(14, 74)",1.0,9.304056568663938e-05,0.14801752411254507,True
517_8,mp-2583,Ti1 Rh1,517,100,0.2499999999999999,8,0,na,"(22, 45)",1.0,9.38174312787316e-05,0.13651457401811282,True
235_9,mp-30738,Li2 Ir6,235,110,0.7652153311839243,24,0,na,"(3, 77)",1.0,9.382623381497468e-05,0.1359532599822599,True
151_24,mp-9971,Y4 Ge4,151,120,0.2500000000000002,24,0,na,"(32, 39)",1.0,9.38350380031904e-05,0.08828019514726712,True
811_53,mp-7092,Ti4 Si4,811,012,0.0808041431737222,32,0,na,"(14, 22)",1.0,9.384384384384384e-05,0.150134096001079,True
487_1,mp-999143,Sr4 Pd4,487,111,0.1448501424535422,32,0,na,"(38, 46)",1.0,9.445546424860678e-05,0.060402415402067734,True
790_19,mp-1099,Ni4 Ge4,790,101,0.3015278940505114,32,0,na,"(28, 32)",1.0,9.446438692612884e-05,0.10613220122978131,True
450_5,mp-2348,Zr4 Au2,450,212,0.0447830709862522,48,0,na,"(40, 79)",1.0,9.44733112895607e-05,0.10835922959577324,True
392_4,mp-31205,Zr12 Fe4,392,111,0.5000000000000001,64,0,na,"(26, 40)",1.0,9.44822373393802e-05,0.11856933303461023,True
633_43,mp-1424,Ge4 Pd4,633,011,0.5,24,0,na,"(32, 46)",1.0,9.44911650760654e-05,0.06481754658671096,True
83_17,mp-11482,Mo2 Ir6,83,100,0.0,24,0,na,"(42, 77)",1.0,9.572125969177756e-05,0.17562007375525737,True
670_4,mp-570113,Bi8 Au16,670,110,0.125,48,0,na,"(79, 83)",1.0,9.573042312847024e-05,0.04018771811714235,True
154_15,mp-1018103,Zr2 Au4,154,112,0.1682963062591014,30,0,na,"(40, 79)",1.0,9.573958831977022e-05,0.0975729612397428,True
96_9,mp-569250,V4 Ir4,96,212,0.0768619011371578,80,0,na,"(23, 77)",1.0,9.602458229306702e-05,0.18885455488663386,True
340_8,mp-1207193,Cu1 Te2,340,211,0.25,48,0,na,"(29, 52)",1.0,9.603380389897244e-05,0.021004689939310647,True
74_15,mp-1278,Zr8 Si4,74,101,0.204030014370968,36,0,na,"(14, 40)",1.0,9.604302727621976e-05,0.152267963243384,True
873_4,mp-1078957,Ta6 Be4,873,221,0.190536757970733,60,0,na,"(4, 73)",1.0,9.605225242531936e-05,0.1837851426244714,True
404_9,mp-510437,In3 Pd2,404,211,0.1346000646847335,80,0,na,"(46, 49)",1.0,9.606147934678194e-05,0.05681040199941577,True
851_12,mp-1183214,Ag6 Au2,851,102,0.125,32,0,na,"(47, 79)",1.0,9.607070804111828e-05,0.05622029476492271,True
837_5,mp-20971,Sn1 Pt3,837,100,0.25,12,0,na,"(50, 78)",1.0,9.607993850883935e-05,0.09907293158244555,True
428_34,mp-11272,Be4 Nb6,428,102,0.125,80,0,na,"(4, 41)",1.0,9.608917075045644e-05,0.16844505341033875,True
202_2,mp-30849,Ta4 Pt8,202,111,0.3379258720867713,48,0,na,"(73, 78)",1.0,9.644131545954288e-05,0.15455339773112514,True
258_0,mp-9939,Hf8 Ge4,258,111,0.094595697272183,36,0,na,"(32, 72)",1.0,9.728572818367544e-05,0.12454053299680336,True
506_3,mp-945077,Y4 Te12,506,111,0.5,64,0,na,"(39, 52)",1.0,9.72951936174353e-05,0.021632571831141964,True
291_1,mp-1206794,Li1 Au1,291,221,0.125,20,0,na,"(3, 79)",1.0,9.73046608932568e-05,0.04575896283885431,True
394_5,mp-1188062,Zr6 Sc2,394,212,0.25,64,0,na,"(21, 40)",1.0,9.826078412105728e-05,0.10784033180986337,True
815_21,mp-13156,Hf2 Ag2,815,102,0.1162616840581094,24,0,na,"(47, 72)",1.0,9.827044025157232e-05,0.09514401457891558,True
585_7,mp-985805,Al4 Ag8,585,221,0.2499999999999999,72,0,na,"(13, 47)",1.0,9.828009828009828e-05,0.06119553483788493,True
454_13,mp-862589,Re6 Pt2,454,101,0.0,32,0,na,"(75, 78)",1.0,9.9000099000099e-05,0.23192982785121583,True
851_13,mp-1183214,Ag6 Au2,851,001,0.125,16,0,na,"(47, 79)",1.0,9.900990099009902e-05,0.053949542598907295,True
96_33,mp-569250,V4 Ir4,96,112,0.4999999999999998,64,0,na,"(23, 77)",1.0,9.901970492127932e-05,0.19469570807468034,True
215_35,mp-999502,Mo2 Pt2,215,021,0.25,24,0,na,"(42, 78)",1.0,9.902951079421667e-05,0.17287174442559705,True
169_0,mp-1228001,Al2 V2,169,111,0.5,20,0,na,"(13, 23)",1.0,9.988014382740712e-05,0.10894895080809301,True
429_35,mp-208,Ge4 Ir4,429,112,0.1373100011520895,48,0,na,"(32, 77)",1.0,9.989012086704624e-05,0.10154237288380076,True
252_15,mp-1216323,V2 Mo2,252,021,0.125,24,0,na,"(23, 42)",1.0,9.99000999000999e-05,0.18602260831072506,True
772_1,mp-30496,Sr1 Cd1,772,221,0.125,16,0,na,"(38, 48)",1.0,9.991008092716556e-05,0.03451763801212825,True
523_39,mp-971751,V4 Rh4,523,021,0.4999999999999998,40,0,na,"(23, 45)",1.0,9.992006394884092e-05,0.1500277851767651,True
361_22,mp-865611,Mg2 Rh6,361,121,0.3916783632774816,48,0,na,"(12, 45)",1.0,0.0001004016064257,0.13065072041701595,True
227_3,mp-21215,In1 Pd1,227,211,0.2500000000000001,32,0,na,"(46, 49)",1.0,0.0001004116879204,0.05274101343585789,True
325_35,mp-15681,Cr4 As8,325,100,0.0,24,0,na,"(24, 33)",1.0,0.00010042177144,0.05216383880733707,True
298_81,mp-11675,Nb6 Te12,298,011,0.1556057234966061,54,0,na,"(41, 52)",1.0,0.000100431856985,0.04922913407832034,True
332_14,mp-30835,Ta2 Pd4,332,100,0.25,24,0,na,"(46, 73)",1.0,0.000100441944556,0.13306208303804365,True
130_28,mp-696,Si4 Pt4,130,122,0.2039628257915815,48,0,na,"(14, 78)",1.0,0.0001004520341536,0.08667064622144316,True
77_17,mp-12565,Mn2 Au8,77,210,0.125,40,0,na,"(25, 79)",1.0,0.0001014507456629,0.0668413798438719,True
345_0,mp-1018104,Zr4 Cd2,345,111,0.0845068782196029,30,0,na,"(40, 48)",1.0,0.000101461038961,0.09524648605324348,True
472_6,mp-8937,Cr2 Si4,472,212,0.125,48,0,na,"(14, 24)",1.0,0.000101471334348,0.14648870628769406,True
889_17,mp-399,Te2 Pt1,889,2-12,0.1231274610013535,24,0,na,"(52, 78)",1.0,0.0001022285831118,0.04236951623727294,True
650_28,mp-471,Cd4 As8,650,112,0.2499999999999999,72,0,na,"(33, 48)",1.0,0.0001022390348635,0.0346640509469175,True
149_17,mp-11454,Hf4 Pd2,149,102,0.091777145891271,24,0,na,"(46, 72)",1.0,0.0001022494887525,0.1136673280371662,True
53_9,mp-21296,Pt2 Pb8,53,110,0.3262297544476952,30,0,na,"(78, 82)",1.0,0.0001022599447796,0.028247003401739114,True
776_14,mp-811,Ba1 Pt5,776,100,0.4166666666666667,18,0,na,"(56, 78)",1.0,0.0001022704029453,0.09595326257792408,True
567_18,mp-11393,Nb6 Ga4,567,101,0.1508791605934903,40,0,na,"(31, 41)",1.0,0.0001022808632504,0.15496414518197868,True
778_7,mp-869,Ta2 Al6,778,101,0.125,24,0,na,"(13, 73)",1.0,0.0001031565917062,0.1569421029190801,True
437_53,mp-19940,V4 As4,437,012,0.1989718526623816,32,0,na,"(23, 33)",1.0,0.0001031672340864,0.150733730705775,True
206_13,mp-7189,Al4 Pd4,206,110,0.25,24,0,na,"(13, 46)",1.0,0.0001031778786628,0.10341415193476741,True
406_11,mp-983509,Na6 Cd2,406,210,0.1267123652890553,48,0,na,"(11, 48)",1.0,0.0001034019232757,0.019127808230165154,True
882_3,mp-22239,Ge4 Rh4,882,111,0.5,32,0,na,"(32, 45)",1.0,0.0001034126163391,0.08632436052162512,True
520_8,mp-1070580,Al6 Ru4,520,212,0.1249999999999997,80,0,na,"(13, 44)",1.0,0.0001038421599169,0.14881480719994866,True
54_30,mp-2695,Sb4 Os2,54,011,0.0879364405446985,18,0,na,"(51, 76)",1.0,0.0001038529442309,0.1326630120125783,True
591_2,mp-12752,Zr4 Al3,591,221,0.0647848860244426,56,0,na,"(13, 40)",1.0,0.0001038637307852,0.11568278954585917,True
358_0,mp-1183641,Cd6 Pt2,358,111,0.125,32,0,na,"(48, 78)",1.0,0.0001038745195803,0.04372805526848037,True
830_1,mp-30491,Mg2 Cd6,830,221,0.2479561035125352,64,0,na,"(12, 48)",1.0,0.000103885310617,0.03204625118732309,True
363_23,mp-30672,Ti6 Ga2,363,102,0.25,48,0,na,"(22, 31)",1.0,0.0001038961038961,0.12748336808408112,True
214_28,mp-7192,Sc4 Sb2,214,102,0.2651584065819818,24,0,na,"(21, 51)",1.0,0.0001046243984097,0.09520669003183344,True
520_16,mp-1070580,Al6 Ru4,520,201,0.026481164867679,80,0,na,"(13, 44)",1.0,0.0001046353458198,0.15719396123515278,True
493_48,mp-542640,Ge4 Pt4,493,021,0.1232965851706069,32,0,na,"(32, 78)",1.0,0.0001046462955211,0.0735137130878371,True
201_21,mp-1007758,Hf2 Cd2,201,102,0.2466572870120129,16,0,na,"(48, 72)",1.0,0.0001046572475143,0.07630809350533732,True
774_4,mp-9948,V10 Te8,774,221,0.0477576401040027,72,0,na,"(23, 52)",1.0,0.0001046682018002,,False
290_1,mp-1183995,Ga1 Cu3,290,221,0.125,40,0,na,"(29, 31)",1.0,0.0001046791583795,0.07227629841274295,True
204_1,mp-786,Mn2 Sb2,204,221,0.0625000000000001,40,0,na,"(25, 51)",1.0,0.0001046901172529,0.06049903545592147,True
206_6,mp-7189,Al4 Pd4,206,221,0.0942246666528845,64,0,na,"(13, 46)",1.0,0.0001047010784211,0.10822885178962116,True
635_3,mp-1207380,Zr1 In1,635,212,0.125,20,0,na,"(40, 49)",1.0,0.000105641242341,0.08829915621233937,True
242_4,mp-11696,As12 W8,242,111,0.4273126939537341,80,0,na,"(33, 74)",1.0,0.0001056524035921,,False
392_22,mp-31205,Zr12 Fe4,392,100,0.2499999999999999,64,0,na,"(26, 40)",1.0,0.000105663567202,0.10918211471279904,True
867_1,mp-1018156,Hf4 Cd2,867,111,0.2499999999999999,30,0,na,"(48, 72)",1.0,0.0001056747331712,0.11143715825946329,True
175_20,mp-11549,V2 Pd4,175,112,0.1621665615926204,36,0,na,"(23, 46)",1.0,0.0001056859015007,0.13024181654131747,True
437_45,mp-19940,V4 As4,437,021,0.057930777725554,32,0,na,"(23, 33)",1.0,0.0001062360565175,0.12160467914032914,True
887_5,mp-1018151,Nb2 Pd4,887,212,0.0418395402558715,48,0,na,"(41, 46)",1.0,0.0001076310407921,0.12871128069176233,True
522_13,mp-568069,Ti8 Bi4,522,101,0.4256645411113489,36,0,na,"(22, 83)",1.0,0.00010764262648,0.08295591552040567,True
267_8,mp-862716,Li2 Ag6,267,101,0.375,24,0,na,"(3, 47)",1.0,0.0001076542146625,0.05667138634260336,True
882_32,mp-22239,Ge4 Rh4,882,121,0.2500000000000002,48,0,na,"(32, 45)",1.0,0.000108707468203,0.08993476419295746,True
795_5,mp-1206704,Mo2 Pd4,795,212,0.0423820237804051,60,0,na,"(42, 46)",1.0,0.0001087192868014,0.13273512664434647,True
139_17,mp-1018128,Sc2 Ag4,139,102,0.0833697442133925,24,0,na,"(21, 47)",1.0,0.0001087311079699,0.08455589514092322,True
85_14,mp-1018125,Ti2 Re1,85,100,0.4999999999999999,9,0,na,"(22, 75)",1.0,0.0001087429317094,0.1482323383326016,True
727_42,mp-1399,Al4 Au4,727,112,0.0,48,0,na,"(13, 79)",1.0,0.0001087547580206,0.06922813891959789,True
219_5,mp-644311,Cu3 Pt3,219,210,0.0833333333333335,72,0,na,"(29, 78)",1.0,0.0001087665869045,0.11594046654420434,True
840_9,mp-2170,Li2 Pt1,840,101,0.0833333333333333,15,0,na,"(3, 78)",1.0,0.0001087784183617,0.07712513119823483,True
463_0,mp-861931,Li1 Pt3,463,111,0.5,20,0,na,"(3, 78)",1.0,0.0001087902523933,0.08172589531253309,True
819_31,mp-569683,In2 Au6,819,121,0.1270175832043101,48,0,na,"(49, 79)",1.0,0.0001088020890001,0.04233470658212716,True
715_2,mp-2212,Sc1 Co1,715,110,0.5,10,0,na,"(21, 27)",1.0,0.0001088139281828,0.11012986731750717,True
562_3,mp-611,Ag6 Sn2,562,111,0.372766726710939,32,0,na,"(47, 50)",1.0,0.0001088257699423,0.046449685253967,True
728_22,mp-13010,Y4 Sn8,728,122,0.125,72,0,na,"(39, 50)",1.0,0.0001092896174863,,False
195_18,mp-30682,Zr8 Ga8,195,101,0.625,48,0,na,"(31, 40)",1.0,0.0001093015630123,0.12465984420225966,True
814_8,mp-434,Sr4 Au8,814,212,0.1250000000000001,72,0,na,"(38, 79)",1.0,0.0001093135111499,0.045432203085174136,True
835_18,mp-862259,Sc6 Al2,835,100,0.2522510376208112,16,0,na,"(13, 21)",1.0,0.0001093254619,0.10203051854714228,True
396_16,mp-1018124,Ti4 Rh2,396,112,0.5,36,0,na,"(22, 45)",1.0,0.0001107542363495,0.14396444401916025,True
601_0,mp-771,Mn1 Al1,601,111,0.25,12,0,na,"(13, 25)",1.0,0.0001107665042091,0.13504517410907138,True
345_1,mp-1018104,Zr4 Cd2,345,111,0.2499999999999998,30,0,na,"(40, 48)",1.0,0.0001107787747867,0.09976721791936112,True
562_36,mp-611,Ag6 Sn2,562,120,0.3750000000000001,48,0,na,"(47, 50)",1.0,0.0001107910480833,0.049752210552172105,True
263_11,mp-11807,Li1 Pt1,263,201,0.2083333333333333,20,0,na,"(3, 78)",1.0,0.0001108033240997,0.0954953296015048,True
464_0,mp-1018129,Pt4 W2,464,111,0.0816012670876098,30,0,na,"(74, 78)",1.0,0.0001108156028368,0.1517704889320457,True
799_7,mp-1025402,Sr4 Cu4,799,212,0.231230758066849,64,0,na,"(29, 38)",1.0,0.0001108278842956,0.03960964068727593,True
343_4,mp-556,Zr4 Ni4,343,221,0.25,64,0,na,"(28, 40)",1.0,0.000110840168477,0.12482963449245521,True
389_2,mp-1183837,Co6 Ni2,389,110,0.2478277706399883,40,0,na,"(27, 28)",1.0,0.0001108524553818,0.16054314829372543,True
682_10,mp-22240,Mn4 As4,682,212,0.1207299431541938,64,0,na,"(25, 33)",1.0,0.000110864745011,,False
816_60,mp-1080443,Y4 Cu4,816,001,0.25,16,0,na,"(29, 39)",1.0,0.0001108770373655,0.07460214639735994,True
79_5,mp-321,Rh4 Pb8,79,110,0.3347491322524762,36,0,na,"(45, 82)",1.0,0.0001108893324462,0.029306238002865928,True
568_0,mp-22682,In8 Pt4,568,111,0.1250000000000002,36,0,na,"(49, 78)",1.0,0.0001109016302539,0.0752562148241927,True
744_24,mp-2157,Co6 W2,744,001,0.0,24,0,na,"(27, 74)",1.0,0.0001109139307897,0.16807837185684302,True
277_11,mp-1216229,V2 Re2,277,120,0.125,24,0,na,"(23, 75)",1.0,0.0001109262340543,0.2112849119289719,True
602_11,mp-2455,As4 Os2,602,210,0.125,48,0,na,"(33, 76)",1.0,0.0001109385400488,0.09067309559609067,True
148_62,mp-1048,Ti2 Ni2,148,10-2,0.2499999999999999,24,0,na,"(22, 28)",1.0,0.0001113833815994,0.12849411166903665,True
124_8,mp-1007692,Hf4 Pd4,124,110,0.4999999999999999,32,0,na,"(46, 72)",1.0,0.0001113957892391,0.10603824598376224,True
241_17,mp-30356,Sr4 Ag8,241,201,0.0,72,0,na,"(38, 47)",1.0,0.0001114081996434,0.04335652517631412,True
515_3,mp-1684,Zn1 Au1,515,211,0.25,32,0,na,"(30, 79)",1.0,0.0001114206128133,0.046999885458028905,True
651_35,mp-1064981,Hf4 Co4,651,010,0.1123184972536304,16,0,na,"(27, 72)",1.0,0.0001155802126675,,False
347_6,mp-12884,Hf10 Te8,347,110,0.0289230574739179,36,0,na,"(52, 72)",1.0,0.0001155935729973,0.12394102176590528,True
872_28,mp-20928,Sb4 Ru2,872,102,0.1074879506238344,30,0,na,"(44, 51)",1.0,0.0001156069364161,0.08674196903056398,True
559_8,mp-1220316,Nb2 W2,559,120,0.1249999999999999,24,0,na,"(41, 74)",1.0,0.0001156203029251,0.19152275132266297,True
351_18,mp-1775,Sn2 Au2,351,001,0.125,8,0,na,"(50, 79)",1.0,0.0001156336725254,0.049620793327850965,True
332_26,mp-30835,Ta2 Pd4,332,021,0.0412784563407324,36,0,na,"(46, 73)",1.0,0.0001165637020631,0.15026340974260746,True
819_25,mp-569683,In2 Au6,819,201,0.0622707608826917,48,0,na,"(49, 79)",1.0,0.0001165772907437,0.04497387956055786,True
783_12,mp-30745,Ir6 W2,783,101,0.0,32,0,na,"(74, 77)",1.0,0.0001165908825929,0.2001624706697415,True
331_52,mp-864941,Mg4 Sc8,331,012,0.0823842310921705,48,0,na,"(12, 21)",1.0,0.0001183572020357,0.07240228604431186,True
744_11,mp-2157,Co6 W2,744,210,0.2499999999999999,48,0,na,"(27, 74)",1.0,0.0001183712121212,0.19739154597409933,True
204_3,mp-786,Mn2 Sb2,204,212,0.0416666666666669,40,0,na,"(25, 51)",1.0,0.0001183852255238,0.06267543062768384,True
617_22,mp-1451,Nb2 Ni6,617,210,0.25,48,0,na,"(28, 41)",1.0,0.0001183992422448,0.15706551376214148,True
148_52,mp-1048,Ti2 Ni2,148,112,0.0,32,0,na,"(22, 28)",1.0,0.0001184132622853,0.13307249791971126,True
151_29,mp-9971,Y4 Ge4,151,011,0.1382778850439637,24,0,na,"(32, 39)",1.0,0.0001184272856466,0.08241562068667005,True
540_6,mp-973839,Pd2 Au6,540,210,0.125,48,0,na,"(46, 79)",1.0,0.0001184413123297,0.07141976816417386,True
299_15,mp-30852,Ti2 Pt16,299,201,0.2588791819397326,72,0,na,"(22, 78)",1.0,0.0001184553423359,0.1159617455724639,True
502_34,mp-20174,Ni6 Sn8,502,201,0.0776163808122052,42,0,na,"(28, 50)",1.0,0.0001184693756663,0.06357430586165214,True
372_1,mp-1079997,V2 Pt16,372,111,0.2500000000000001,72,0,na,"(23, 78)",1.0,0.0001184834123222,0.13156341317594877,True
366_5,mp-977434,Nb12 Ru4,366,210,0.0625,64,0,na,"(41, 44)",1.0,0.0001184974523047,0.17020223435900902,True
147_17,mp-485,Zr2 Ni6,147,201,0.0,48,0,na,"(28, 40)",1.0,0.000118511495615,0.1604371298046904,True
505_22,mp-570896,Tl8 Pd4,505,101,0.2088604614248801,48,0,na,"(46, 81)",1.0,0.0001185255422543,0.03074069586328635,True
232_1,mp-1017579,In2 Au3,232,111,0.2567589801721333,25,0,na,"(49, 79)",1.0,0.0001185395922238,0.043496136106678865,True
300_5,mp-615,Y1 Mg1,300,100,0.25,6,0,na,"(12, 39)",1.0,0.0001199040767386,0.059236979771508796,True
704_0,mp-12108,V2 Pt4,704,111,0.0802365352805658,30,0,na,"(23, 78)",1.0,0.0001199184554502,0.14007749390732943,True
178_20,mp-782,Te2 Pd1,178,001,0.1308674244549727,6,0,na,"(46, 52)",1.0,0.0001199328376109,0.06707840961912112,True
141_0,mp-1129,Sc1 Ir1,141,111,0.25,12,0,na,"(21, 77)",1.0,0.0001199472232217,0.13368590019851131,True
845_0,mp-569671,Zr4 Sb4,845,111,0.0066735330788783,32,0,na,"(40, 51)",1.0,0.000119961612284,0.11115296022922873,True
617_6,mp-1451,Nb2 Ni6,617,221,0.0667570903740821,64,0,na,"(28, 41)",1.0,0.000119976004799,0.162917888085829,True
589_41,mp-19724,Cu6 Ge2,589,011,0.131575245766914,24,0,na,"(29, 32)",1.0,0.0001199904007679,0.08233905754883353,True
651_22,mp-1064981,Hf4 Co4,651,120,0.1941019528625068,32,0,na,"(27, 72)",1.0,0.000120004800192,0.13758944226688105,True
120_1,mp-867865,Re2 Rh6,120,221,0.25,64,0,na,"(45, 75)",1.0,0.0001200192030724,0.1743745760166639,True
242_93,mp-11696,As12 W8,242,011,0.25,80,0,na,"(33, 74)",1.0,0.0001200336094106,0.09938991973731279,True
151_21,mp-9971,Y4 Ge4,151,121,0.2500000000000002,32,0,na,"(32, 39)",1.0,0.0001200480192076,0.0672261192438877,True
713_11,mp-1973,Nb2 Ga6,713,112,0.5,40,0,na,"(31, 41)",1.0,0.0001200624324648,0.07744620098289666,True
724_1,mp-30481,Ca1 Pt5,724,221,0.1250000000000001,48,0,na,"(20, 78)",1.0,0.0001209921355111,0.09571857571334154,True
202_18,mp-30849,Ta4 Pt8,202,101,0.0,36,0,na,"(73, 78)",1.0,0.0001210067763794,0.1542006616821608,True
749_9,mp-542915,Ti2 Al6,749,201,0.0625,48,0,na,"(13, 22)",1.0,0.0001210214207914,0.12184806442873808,True
193_3,mp-1186974,Sc6 Tl2,193,212,0.0,64,0,na,"(21, 81)",1.0,0.0001214919207872,0.08204117793362621,True
808_2,mp-1018148,Sc2 Au4,808,221,0.0407408315617772,48,0,na,"(21, 79)",1.0,0.0001247349382562,0.07271045198476091,True
580_4,mp-600561,Li1 Rh1,580,212,0.4166666666666667,28,0,na,"(3, 45)",1.0,0.0001247504990019,0.09450316731137369,True
666_16,mp-30494,Sc2 Cd6,666,201,0.4999226037380212,48,0,na,"(21, 48)",1.0,0.000125786163522,0.06549801395390417,True
603_16,mp-971788,V2 Ru6,603,201,0.25,48,0,na,"(23, 44)",1.0,0.0001266624445851,0.1943980852182722,True
580_7,mp-600561,Li1 Rh1,580,210,0.0833333333333332,24,0,na,"(3, 45)",1.0,0.0001297690111601,0.10068431003921559,True
531_1,mp-1008626,V1 Te2,531,111,0.5000000000000001,18,0,na,"(23, 52)",1.0,0.0001297858533419,0.0222732269206243,True
229_8,mp-1217358,Te3 Au1,229,211,0.1764363966207618,64,0,na,"(52, 79)",1.0,0.0001298026998961,0.00923805205445348,True
429_30,mp-208,Ge4 Ir4,429,121,0.25,48,0,na,"(32, 77)",1.0,0.0001298195508243,0.11167986382143237,True
703_23,mp-865193,Co6 Pt2,703,102,0.1272443196625035,48,0,na,"(27, 78)",1.0,0.0001298364061282,0.21497200847627146,True
329_16,mp-30811,Ni8 W2,329,210,0.0756845030599269,40,0,na,"(28, 74)",1.0,0.0001298532658096,0.17182284415522542,True
152_32,mp-11693,Te6 Pt6,152,10-2,2.220446049250313e-16,48,0,na,"(52, 78)",1.0,0.0001298701298701,0.040771057224668575,True
343_28,mp-556,Zr4 Ni4,343,011,0.0,24,0,na,"(28, 40)",1.0,0.0001298869983114,0.13384206726114567,True
248_8,mp-189,Si4 Ru4,248,221,0.464448703630989,64,0,na,"(14, 44)",1.0,0.0001310787783457,0.15272388129877182,True
643_0,mp-1699,Al2 Cr4,643,111,0.0923440705143185,30,0,na,"(13, 24)",1.0,0.0001310959622443,0.16379945919044236,True
347_0,mp-12884,Hf10 Te8,347,111,0.0289230574739179,54,0,na,"(52, 72)",1.0,0.000131113150649,0.07223700328599446,True
215_33,mp-999502,Mo2 Pt2,215,021,0.0,24,0,na,"(42, 78)",1.0,0.0001311303435615,0.15731057249479238,True
815_18,mp-13156,Hf2 Ag2,815,100,0.25,12,0,na,"(47, 72)",1.0,0.0001311475409836,0.10607102725913234,True
385_13,mp-862630,Re2 Ru6,385,101,0.2510057966246499,32,0,na,"(44, 75)",1.0,0.000132362673726,0.2064865168207418,True
560_25,mp-31144,Rb6 Au14,560,122,0.1062600643918968,80,0,na,"(37, 79)",1.0,0.0001323801959226,,False
643_5,mp-1699,Al2 Cr4,643,212,0.0326559294856814,48,0,na,"(13, 24)",1.0,0.0001323977227591,0.16435878603663182,True
408_22,mp-1444,Ca4 Cd8,408,122,0.0849169901982342,72,0,na,"(20, 48)",1.0,0.0001324152542372,0.04209683594829295,True
325_61,mp-15681,Cr4 As8,325,112,0.9999999999999996,60,0,na,"(24, 33)",1.0,0.0001324327903588,,False
527_21,mp-862604,Re6 Ni2,527,102,0.0,48,0,na,"(28, 75)",1.0,0.0001324503311258,0.20148296163254048,True
677_6,mp-193,Zr4 Cu2,677,212,0.125,48,0,na,"(29, 40)",1.0,0.0001324678765399,0.11627154151538382,True
93_5,mp-19895,Ni2 Sb4,93,221,0.2300452886774825,48,0,na,"(28, 51)",1.0,0.000132485426603,0.05509787926433089,True
711_8,mp-10905,Al3 Pt2,711,212,0.2500000000000002,50,0,na,"(13, 78)",1.0,0.000132731616671,0.10725358350452537,True
412_23,mp-976128,Hf5 Sc1,412,201,0.2053748201263197,36,0,na,"(21, 72)",1.0,0.0001327492366918,0.118775393986781,True
389_13,mp-1183837,Co6 Ni2,389,101,0.2492759235466627,32,0,na,"(27, 28)",1.0,0.0001334044823906,0.15887980075763583,True
660_10,mp-867780,Al6 Cr2,660,100,0.2499999999999999,24,0,na,"(13, 24)",1.0,0.0001352630867036,0.10389991316157907,True
795_2,mp-1206704,Mo2 Pd4,795,221,0.0413089881097974,60,0,na,"(42, 46)",1.0,0.0001352813852813,0.12252533461133247,True
127_6,mp-1963,Nb1 Rh1,127,101,0.5000000000000002,10,0,na,"(41, 45)",1.0,0.0001352996888107,0.13284378989078088,True
487_30,mp-999143,Sr4 Pd4,487,112,0.0,48,0,na,"(38, 46)",1.0,0.0001353179972936,0.042465421351989614,True
348_21,mp-11398,Ga6 Ni10,348,121,0.1438228387049882,80,0,na,"(28, 31)",1.0,0.0001353363107321,0.10266215040105407,True
402_14,mp-30875,Ti4 Sn2,402,201,0.125,36,0,na,"(22, 50)",1.0,0.0001353546291283,0.11179329174592217,True
190_0,mp-2762,Y8 Ir16,190,111,0.0625,72,0,na,"(39, 77)",1.0,0.0001363140676117,0.13298337257008472,True
275_7,mp-1412,Ti6 Sb2,275,210,0.1875,48,0,na,"(22, 51)",1.0,0.00013633265167,0.09661756826246262,True
313_4,mp-1867,Ta8 Ni4,313,110,0.0913220671009681,36,0,na,"(28, 73)",1.0,0.0001363512407962,0.17874374499596657,True
173_11,mp-862586,Re6 Pd2,173,210,0.1341974887604727,48,0,na,"(46, 75)",1.0,0.0001363698349924,0.2248097145969977,True
452_23,mp-7558,Ta3 Ge6,452,201,0.0,54,0,na,"(32, 73)",1.0,0.0001363884342607,0.10336959189005542,True
557_21,mp-538,Ca4 Ag4,557,122,0.0,48,0,na,"(20, 47)",1.0,0.0001364070386031,0.04243496427020302,True
282_39,mp-1066136,Y4 Pd4,282,012,0.0556650399318356,48,0,na,"(39, 46)",1.0,0.0001381024720342,0.08122501006820132,True
557_18,mp-538,Ca4 Ag4,557,101,0.0,32,0,na,"(20, 47)",1.0,0.0001381215469613,0.03638430198951543,True
92_2,mp-1260,Sr1 Pd5,92,110,0.25,24,0,na,"(38, 46)",1.0,0.000139879703455,0.07603043694203522,True
373_17,mp-30501,Ti4 Cd2,373,102,0.0725392878252295,24,0,na,"(22, 48)",1.0,0.0001398992725237,0.10319972162889782,True
325_15,mp-15681,Cr4 As8,325,11-1,0.5,48,0,na,"(24, 33)",1.0,0.0001407459535538,0.07119906957553732,True
484_41,mp-351,Si4 Ni4,484,011,0.3207481930883744,24,0,na,"(14, 28)",1.0,0.0001407657657657,0.13036122673974748,True
764_12,mp-1216394,V2 Cr2,764,112,0.125,32,0,na,"(23, 24)",1.0,0.0001407855835562,,False
608_54,mp-2349,Y4 Cd12,608,001,0.0,48,0,na,"(39, 48)",1.0,0.0001408054069276,0.045544126203065013,True
728_15,mp-13010,Y4 Sn8,728,210,0.0,72,0,na,"(39, 50)",1.0,0.0001422475106685,0.0655826397447449,True
69_0,mp-867343,Li12 Cd4,69,111,0.125,48,0,na,"(3, 48)",1.0,0.0001422677479015,0.04594099069157386,True
870_29,mp-12104,Nb3 Si6,870,2-12,0.2614794098719084,54,0,na,"(14, 41)",1.0,0.0001422879908935,0.13197486165625827,True
196_2,mp-862658,Li2 Cu6,196,110,0.2499999999999999,32,0,na,"(3, 29)",1.0,0.000142308239647,0.07714752471760186,True
382_16,mp-862260,Sc2 Zn6,382,201,0.0,48,0,na,"(21, 30)",1.0,0.0001423284941645,0.07301427549394933,True
641_3,mp-10026,Sc2 Te2,641,212,0.0416666666666667,32,0,na,"(21, 52)",1.0,0.0001423487544483,0.05102954904727282,True
785_0,mp-2302,As4 Rh8,785,111,0.125,48,0,na,"(33, 45)",1.0,0.0001423690205011,0.1340330256430849,True
641_0,mp-10026,Sc2 Te2,641,111,0.1250000000000001,24,0,na,"(21, 52)",1.0,0.0001423892923252,0.04924820823973218,True
627_10,mp-1001787,Li2 Rh6,627,210,0.0491919327073339,64,0,na,"(3, 45)",1.0,0.000142409569923,0.12791923038128128,True
653_6,mp-1502,Al8 Pt4,653,100,0.125,24,0,na,"(13, 78)",1.0,0.0001424298532972,0.10569284559506756,True
873_29,mp-1078957,Ta6 Be4,873,112,0.1931881817639187,80,0,na,"(4, 73)",1.0,0.0001424501424501,0.1881264396635192,True
502_26,mp-20174,Ni6 Sn8,502,210,0.2500000000000001,42,0,na,"(28, 50)",1.0,0.0001424704373842,0.06738603423889608,True
654_9,mp-11416,Ta2 Ga6,654,201,0.0625,48,0,na,"(31, 73)",1.0,0.0001468860164512,0.09423708880622692,True
663_2,mp-1780,Sc1 Rh1,663,110,0.5,10,0,na,"(21, 45)",1.0,0.0001469075951226,0.10241284080820438,True
658_0,mp-1664,V6 Pd2,658,111,0.125,32,0,na,"(23, 46)",1.0,0.0001469291801351,0.15820869800748288,True
261_24,mp-979980,V2 Pd6,261,001,0.0,24,0,na,"(23, 46)",1.0,0.0001481262035254,0.0915101940112934,True
283_4,mp-11239,Zr2 Ag2,283,221,0.1322965135878656,40,0,na,"(40, 47)",1.0,0.0001481481481481,0.09627155818143358,True
795_30,mp-1206704,Mo2 Pd4,795,012,0.25,24,0,na,"(42, 46)",1.0,0.0001481700992739,0.13475140100066393,True
789_18,mp-1079810,Hf3 Sn6,789,210,0.1243324549185284,54,0,na,"(50, 72)",1.0,0.0001498576352465,0.07449185016426753,True
730_15,mp-10904,Al4 Pt4,730,110,0.75,24,0,na,"(13, 78)",1.0,0.0001498800959232,0.11208629576801167,True
845_15,mp-569671,Zr4 Sb4,845,110,0.75,24,0,na,"(40, 51)",1.0,0.0001510345869204,0.09663166818716819,True
220_33,mp-19880,Fe2 Te4,220,021,0.2267878151585307,36,0,na,"(26, 52)",1.0,0.0001517220452131,0.04900190742377232,True
319_23,mp-9969,Sc4 Si4,319,120,0.0,32,0,na,"(14, 21)",1.0,0.0001517450682852,0.1232337377604323,True
595_18,mp-864735,Mn6 Ir2,595,201,0.25,48,0,na,"(25, 77)",1.0,0.000154130702836,0.18827340260386147,True
229_9,mp-1217358,Te3 Au1,229,210,0.2499999999999999,32,0,na,"(52, 79)",1.0,0.0001541544627716,0.008959549426852717,True
105_10,mp-1014229,Ti4 Zn2,105,101,0.1677833141690548,24,0,na,"(22, 30)",1.0,0.0001541782300339,0.1205707285322599,True
856_26,mp-2294,Al6 Ir2,856,102,0.1687159762013915,32,0,na,"(13, 77)",1.0,0.0001549426712116,0.09903913728050244,True
721_5,mp-1025551,Ga4 Pt4,721,221,0.0808259961930768,64,0,na,"(31, 78)",1.0,0.0001549666821633,0.08373109012136341,True
380_58,mp-1077791,Zr4 Sc8,380,112,0.32649146576132,60,0,na,"(21, 40)",1.0,0.0001549907005579,0.09137886851484306,True
731_16,mp-1823,Ti6 Al2,731,201,0.4999999999999999,48,0,na,"(13, 22)",1.0,0.000155014726399,0.15665178340779168,True
603_22,mp-971788,V2 Ru6,603,102,0.1231452119401064,48,0,na,"(23, 44)",1.0,0.00015664160401,0.1621359770303539,True
605_7,mp-568992,Zr8 Ir8,605,110,0.1123576181280084,48,0,na,"(40, 77)",1.0,0.0001566661444461,0.13395470162565695,True
79_1,mp-321,Rh4 Pb8,79,111,0.209749132252476,36,0,na,"(45, 82)",1.0,0.0001566906925728,0.03972621003936423,True
506_0,mp-945077,Y4 Te12,506,111,0.0,64,0,na,"(39, 52)",1.0,0.0001567152483936,0.030735742639485874,True
628_21,mp-21294,Y4 In2,628,001,0.125,12,0,na,"(39, 49)",1.0,0.0001567398119122,0.06666251823431507,True
818_18,mp-1331,Y1 Cd2,818,001,0.25,9,0,na,"(39, 48)",1.0,0.0001567643831321,0.058698787489522335,True
884_1,mp-6938,Zn1 Rh1,884,221,0.125,20,0,na,"(30, 45)",1.0,0.000156788962057,0.11861488112584054,True
468_6,mp-30744,Ir2 W2,468,212,0.0,40,0,na,"(74, 77)",1.0,0.0001568135486906,0.19298673778581277,True
235_8,mp-30738,Li2 Ir6,235,110,0.5232981962199297,24,0,na,"(3, 77)",1.0,0.0001568381430363,0.19378665092273054,True
259_8,mp-1072399,Be20 Pt4,259,110,0.124416237296863,72,0,na,"(4, 78)",1.0,0.000156862745098,0.15478067629833678,True
301_18,mp-1380,Zn12 Ru4,301,112,0.1171236730036535,64,0,na,"(30, 44)",1.0,0.0001568873548791,0.08563200890565147,True
332_25,mp-30835,Ta2 Pd4,332,011,0.5,18,0,na,"(46, 73)",1.0,0.0001569119723834,0.13883536444265032,True
718_2,mp-1007691,Hf4 Pt4,718,111,0.5000000000000001,32,0,na,"(72, 78)",1.0,0.0001569365976145,0.09688850354828557,True
454_22,mp-862589,Re6 Pt2,454,102,0.0,48,0,na,"(75, 78)",1.0,0.000156961230576,0.19610388750311689,True
212_30,mp-11531,V2 Ni4,212,012,0.2499999999999999,24,0,na,"(23, 28)",1.0,0.0001569858712715,0.16466210056962777,True
874_4,mp-1841,Si4 Ir12,874,110,0.3157358812498075,48,0,na,"(14, 77)",1.0,0.0001570105197048,0.1758507026072361,True
764_15,mp-1216394,V2 Cr2,764,021,0.125,24,0,na,"(23, 24)",1.0,0.0001570351758793,,False
777_21,mp-866184,Ti6 Pb2,777,102,0.0,48,0,na,"(22, 82)",1.0,0.0001582278481012,0.09886673423904077,True
425_11,mp-11506,Ni6 Mo2,425,110,0.5026805862428816,32,0,na,"(28, 42)",1.0,0.0001582528881152,0.16617245088654123,True
564_28,mp-16756,Ta6 Ga4,564,112,0.1868974613930339,80,0,na,"(31, 73)",1.0,0.0001582779360557,0.16432433602685456,True
241_1,mp-30356,Sr4 Ag8,241,111,0.1623497259852229,36,0,na,"(38, 47)",1.0,0.0001600768368817,0.03934415270143349,True
504_13,mp-1822,Ti4 As4,504,101,0.1837049347526083,32,0,na,"(22, 33)",1.0,0.0001623113130985,0.11590390232687571,True
641_6,mp-10026,Sc2 Te2,641,211,0.2291666666666667,64,0,na,"(21, 52)",1.0,0.000164907651715,,False
84_20,mp-1128,Si4 Ir4,84,101,0.3214706908954952,32,0,na,"(14, 77)",1.0,0.0001649348507339,0.1536005103962606,True
441_14,mp-11359,Ga2 Cu1,441,112,0.2170292516871086,21,0,na,"(29, 31)",1.0,0.0001649620587264,0.06202252536032751,True
142_29,mp-1218044,Ta6 Ru4,142,112,0.0977100229135962,50,0,na,"(44, 73)",1.0,0.000164989275697,0.15107604849919543,True
62_23,mp-16240,Ag6 Sb2,62,101,0.1257804055716213,24,0,na,"(47, 51)",1.0,0.0001658925016589,0.04285717054423583,True
246_12,mp-1078464,Mn4 Ge4,246,110,0.5928756442232482,24,0,na,"(25, 32)",1.0,0.0001671961210499,0.09102563491933464,True
405_23,mp-866108,Hf2 Zn6,405,102,0.1304229251639991,48,0,na,"(30, 72)",1.0,0.0001672240802675,0.0973847774741142,True
509_19,mp-865022,Mn2 Ir6,509,100,0.5,24,0,na,"(25, 77)",1.0,0.0001672520488375,0.149268540545305,True
520_12,mp-1070580,Al6 Ru4,520,210,0.125,80,0,na,"(13, 44)",1.0,0.0001672800267648,0.14687538811885056,True
189_21,mp-13495,Zr4 Pd4,189,120,0.197655089666501,32,0,na,"(40, 46)",1.0,0.0001673080140538,0.1128276453174342,True
839_18,mp-810,Ni2 Sb2,839,001,0.125,8,0,na,"(28, 51)",1.0,0.0001707941929974,0.07314823381520885,True
85_9,mp-1018125,Ti2 Re1,85,210,0.2500000000000001,24,0,na,"(22, 75)",1.0,0.0001721466689619,0.15031227297841349,True
387_9,mp-1001836,Mn1 Ga1,387,112,0.2499999999999999,16,0,na,"(25, 31)",1.0,0.0001721763085399,0.09629093012367741,True
493_20,mp-542640,Ge4 Pt4,493,101,0.5000000000000001,32,0,na,"(32, 78)",1.0,0.0001722059583261,0.08751897389878151,True
646_23,mp-871,Fe4 Si4,646,100,0.1479666773011582,24,0,na,"(14, 26)",1.0,0.0001743071291615,0.16642198788913337,True
120_5,mp-867865,Re2 Rh6,120,212,0.25,64,0,na,"(45, 75)",1.0,0.0001743375174337,0.1653067602905612,True
784_21,mp-1025223,Hf4 Al3,784,102,0.0833333333333332,42,0,na,"(13, 72)",1.0,0.0001748251748251,0.1170133743000044,True
472_0,mp-8937,Cr2 Si4,472,111,0.0815627107498535,30,0,na,"(14, 24)",1.0,0.0001770851779706,0.14055714117233897,True
733_15,mp-975799,Li2 Zn6,733,201,0.2484348971217183,48,0,na,"(3, 30)",1.0,0.000177116542685,0.06540629753008068,True
415_13,mp-568718,Hf4 Al12,415,101,0.312611221115592,48,0,na,"(13, 72)",1.0,0.0001771479185119,0.10971862518665992,True
419_1,mp-922,Co1 Pt3,419,221,0.1250000000000001,32,0,na,"(27, 78)",1.0,0.0001820498816675,0.13568529845795724,True
692_8,mp-21237,Co8 Ge8,692,110,0.5,48,0,na,"(27, 32)",1.0,0.0001820830298616,0.09406778700045913,True
331_16,mp-864941,Mg4 Sc8,331,210,0.0566068961634834,72,0,na,"(12, 21)",1.0,0.0001821161901293,0.0751320056861286,True
442_1,mp-899,In1 Rh1,442,221,0.125,20,0,na,"(45, 49)",1.0,0.0001821493624772,0.07742811205185397,True
296_7,mp-11283,Zr1 Be5,296,210,0.0833333333333333,48,0,na,"(4, 40)",1.0,0.0001835535976505,0.16503993472590664,True
71_5,mp-865430,Y1 Te1,71,211,0.125,32,0,na,"(39, 52)",1.0,0.0001835872957591,0.05269751330227017,True
108_11,mp-1018149,Sc2 Cu4,108,101,0.5,24,0,na,"(21, 29)",1.0,0.0001836210062431,0.10460773307404173,True
377_2,mp-11385,Y1 Fe5,377,110,0.25,24,0,na,"(26, 39)",1.0,0.0001836547291092,0.12529362525849935,True
692_38,mp-21237,Co8 Ge8,692,20-1,0.0332491482244208,48,0,na,"(27, 32)",1.0,0.0001836884643644,0.1345961308733403,True
112_16,mp-30581,Hf4 Cu2,112,112,0.5,30,0,na,"(29, 72)",1.0,0.0001837222120154,0.1333620210526661,True
530_1,mp-1298,K1 Au5,530,221,0.1250000000000003,48,0,na,"(19, 79)",1.0,0.000183755972069,0.039091672346349166,True
848_17,mp-22795,Pb8 Au4,848,201,0.25,48,0,na,"(79, 82)",1.0,0.0001837897445322,0.028399144220224205,True
429_40,mp-208,Ge4 Ir4,429,102,0.125,48,0,na,"(32, 77)",1.0,0.0001838235294117,0.10585264696120118,True
824_33,mp-578,Ga3 Ag6,824,201,0.1114635756653437,45,0,na,"(31, 47)",1.0,0.0001838573267144,0.044642953721643425,True
739_18,mp-7188,Al4 Os2,739,102,0.25,24,0,na,"(13, 76)",1.0,0.0001838911364472,0.14366071541290532,True
412_11,mp-976128,Hf5 Sc1,412,211,0.2053748201263197,72,0,na,"(21, 72)",1.0,0.0001839249586168,0.11339233953813409,True
241_46,mp-30356,Sr4 Ag8,241,012,0.0977116130753223,48,0,na,"(38, 47)",1.0,0.0001839587932303,0.04463231527836253,True
469_27,mp-12595,Mo2 Rh2,469,102,0.0,24,0,na,"(42, 45)",1.0,0.0001839926402943,0.17248712757921225,True
389_4,mp-1183837,Co6 Ni2,389,212,0.1253620382266687,64,0,na,"(27, 28)",1.0,0.0001840264998159,0.16451664573727168,True
299_14,mp-30852,Ti2 Pt16,299,201,0.0881346053187355,72,0,na,"(22, 78)",1.0,0.0001840603718019,0.11347824269802731,True
557_10,mp-538,Ca4 Ag4,557,212,0.0542325098856201,64,0,na,"(20, 47)",1.0,0.0001840942562592,0.03948205542372465,True
464_14,mp-1018129,Pt4 W2,464,100,0.2499999999999999,24,0,na,"(74, 78)",1.0,0.0001841281531946,0.15097456242927457,True
357_1,mp-865355,Zn6 Pt2,357,221,0.0625,64,0,na,"(30, 78)",1.0,0.0001887504718761,0.07165153392811242,True
390_23,mp-1079914,Hf4 Sb4,390,210,0.0,32,0,na,"(51, 72)",1.0,0.0001911680367042,0.07334312938121394,True
113_1,mp-11256,Sc1 Au1,113,221,0.125,20,0,na,"(21, 79)",1.0,0.0001919017463058,0.07590177878539286,True
469_26,mp-12595,Mo2 Rh2,469,112,0.25,24,0,na,"(42, 45)",1.0,0.0001919385796545,0.18053533243385908,True
880_20,mp-567889,Ti8 Ge16,880,100,0.125,48,0,na,"(22, 32)",1.0,0.0001919754271453,0.0904393005812741,True
397_4,mp-1183425,Be6 Co2,397,212,0.1250931742497429,80,0,na,"(4, 27)",1.0,0.0001920122887864,0.17092809934458003,True
183_9,mp-1066078,Bi2 Pt2,183,101,0.2083333333333333,16,0,na,"(78, 83)",1.0,0.0001920491645861,0.04933396540191844,True
104_2,mp-1953,Ti1 Al1,104,110,0.5,12,0,na,"(13, 22)",1.0,0.0001920860545524,0.10203263901247196,True
562_24,mp-611,Ag6 Sn2,562,101,0.375491981287997,24,0,na,"(47, 50)",1.0,0.0001921229586935,0.047381364973407815,True
276_23,mp-569833,Zr8 Ga4,276,102,0.0383928468985033,48,0,na,"(31, 40)",1.0,0.0001921598770176,0.11216036175814088,True
301_12,mp-1380,Zn12 Ru4,301,101,0.1835618365018266,48,0,na,"(30, 44)",1.0,0.0001921968095329,0.11753915879878545,True
212_26,mp-11531,V2 Ni4,212,021,0.0419423464993151,36,0,na,"(23, 28)",1.0,0.0001922337562475,0.17962910218149383,True
321_2,mp-1014230,Ti1 Zn1,321,110,0.5,10,0,na,"(22, 30)",1.0,0.0001922707171697,0.10959768416339849,True
602_31,mp-2455,As4 Os2,602,021,0.1982247755329479,24,0,na,"(33, 76)",1.0,0.0001944768572539,0.11325810107870413,True
841_30,mp-30428,Ba4 Cu4,841,102,0.2928090080460082,24,0,na,"(29, 56)",1.0,0.0001945146858587,0.029200235891678843,True
205_5,mp-265,Ta1 Ir3,205,100,0.25,12,0,na,"(73, 77)",1.0,0.0001945525291828,0.20223901755880097,True
378_21,mp-865373,Y6 Co6,378,20-1,0.1448694233949967,72,0,na,"(27, 39)",1.0,0.0001945903872348,,False
626_5,mp-30883,V8 Zn10,626,110,0.5000000000000001,36,0,na,"(23, 30)",1.0,0.0001946282600233,0.1474187681543611,True
692_7,mp-21237,Co8 Ge8,692,110,0.3067411078644966,48,0,na,"(27, 32)",1.0,0.0001946661475569,0.09467617746074723,True
443_12,mp-568,Ti4 Sb8,443,210,0.0103893400982579,48,0,na,"(22, 51)",1.0,0.0001947040498442,,False
564_15,mp-16756,Ta6 Ga4,564,210,0.1384623210556057,40,0,na,"(31, 73)",1.0,0.0001947419668938,0.16198326589600778,True
538_10,mp-1220327,Nb2 Mo2,538,121,0.125,24,0,na,"(41, 42)",1.0,0.0001955798943868,0.1686546548659261,True
181_15,mp-13208,Mg8 Pt4,181,101,0.2160887470678536,36,0,na,"(12, 78)",1.0,0.0001956181533646,0.0916418519040756,True
696_2,mp-11277,Sc1 Be5,696,110,0.25,30,0,na,"(4, 21)",1.0,0.0001979022362952,0.14571717915831425,True
789_29,mp-1079810,Hf3 Sn6,789,2-12,0.2499999999999999,54,0,na,"(50, 72)",1.0,0.0001979414093428,0.07252237926706717,True
718_33,mp-1007691,Hf4 Pt4,718,021,0.4999999999999999,32,0,na,"(72, 78)",1.0,0.0001979805979014,0.1478478874852082,True
671_3,mp-214,Zr1 Ru1,671,211,0.25,32,0,na,"(40, 44)",1.0,0.0001980198019801,0.13851726911147236,True
282_17,mp-1066136,Y4 Pd4,282,122,0.0,48,0,na,"(39, 46)",1.0,0.0001980590215884,0.07735480227448746,True
51_3,mp-985296,Ag6 Pd2,51,212,0.1250000000000001,48,0,na,"(46, 47)",1.0,0.0001980982567353,0.06218266406604534,True
404_20,mp-510437,In3 Pd2,404,2-12,0.2499999999999999,30,0,na,"(46, 49)",1.0,0.0001981375074301,0.06090449189124756,True
275_1,mp-1412,Ti6 Sb2,275,221,0.0625,48,0,na,"(22, 51)",1.0,0.0001981767736821,0.10136193243559552,True
100_1,mp-865362,Zn6 Ir2,100,221,0.0625,64,0,na,"(30, 77)",1.0,0.000203458799593,0.08226814598194926,True
112_17,mp-30581,Hf4 Cu2,112,102,0.0933889384077559,24,0,na,"(29, 72)",1.0,0.0002035002035002,0.11940838585914851,True
420_24,mp-10711,V3 Si6,420,201,0.3333333333333333,54,0,na,"(14, 23)",1.0,0.0002035416242621,0.14091804873061833,True
427_33,mp-865527,Y2 Al6,427,102,0.0,48,0,na,"(13, 39)",1.0,0.0002072968490878,0.08468030883392218,True
575_8,mp-865168,Be6 Ni2,575,101,0.375,32,0,na,"(4, 28)",1.0,0.0002089864158829,0.15247519654652877,True
260_17,mp-2851,V4 Sb8,260,201,0.2499999999999999,48,0,na,"(23, 51)",1.0,0.0002119093028183,0.044596687201911664,True
240_0,mp-1174,Mg1 Sc1,240,111,0.25,10,0,na,"(12, 21)",1.0,0.0002119542178889,0.07837464950999305,True
428_28,mp-11272,Be4 Nb6,428,100,0.2499999999999999,20,0,na,"(4, 41)",1.0,0.0002119991520033,0.16443248357838308,True
357_13,mp-865355,Zn6 Pt2,357,001,0.1249999999999999,16,0,na,"(30, 78)",1.0,0.0002120441051738,0.07494671002756952,True
327_5,mp-1187695,V12 Cr4,327,210,0.0625,64,0,na,"(23, 24)",1.0,0.0002140869192892,,False
371_0,mp-1186902,Re3 Ir1,371,111,0.5,20,0,na,"(75, 77)",1.0,0.0002150075252633,0.16190828908170396,True
454_21,mp-862589,Re6 Pt2,454,2-12,0.1309517577765984,48,0,na,"(75, 78)",1.0,0.0002150537634408,0.23129865949281653,True
527_9,mp-862604,Re6 Ni2,527,210,0.0,48,0,na,"(28, 75)",1.0,0.00021510002151,0.20516697757978397,True
162_5,mp-1682,Zr4 As4,162,212,0.0416666666666667,80,0,na,"(33, 40)",1.0,0.0002151462994836,,False
584_6,mp-1078895,Mn6 Pd10,584,110,0.2491966953242653,32,0,na,"(25, 46)",1.0,0.0002151925973746,0.1064556288635204,True
184_2,mp-1184119,Cu2 Pd6,184,110,0.25,32,0,na,"(29, 46)",1.0,0.0002152389151958,0.0968163788908537,True
593_5,mp-894,Zn1 Pt1,593,210,0.125,16,0,na,"(30, 78)",1.0,0.0002152852529601,0.10254142743762255,True
277_6,mp-1216229,V2 Re2,277,101,0.25,20,0,na,"(23, 75)",1.0,0.0002153316106804,0.20230979420734607,True
616_1,mp-10909,Al2 Re4,616,111,0.25,30,0,na,"(13, 75)",1.0,0.0002153779883695,0.19010125793143023,True
267_1,mp-862716,Li2 Ag6,267,221,0.0625,64,0,na,"(3, 47)",1.0,0.0002154243860404,0.05001322096715043,True
388_20,mp-998949,Ti2 Pt2,388,122,0.25,32,0,na,"(22, 78)",1.0,0.000215470803706,0.13213393604811846,True
475_29,mp-1018056,Hf4 Ni4,475,011,0.1380922374573039,24,0,na,"(28, 72)",1.0,0.0002155172413793,0.14258584074901978,True
800_4,mp-1328,Sr8 Rh16,800,110,0.125,48,0,na,"(38, 45)",1.0,0.000215563699073,0.08028266755480523,True
495_9,mp-945,Ni1 Pt1,495,112,0.25,16,0,na,"(28, 78)",1.0,0.0002156101768003,0.12285690083525413,True
312_29,mp-1229032,Ag3 Pt12,312,10-2,0.5000000000000001,75,0,na,"(47, 78)",1.0,0.000215656674574,0.09210654190728824,True
416_15,mp-766,As4 Ru2,416,201,0.125,48,0,na,"(33, 44)",1.0,0.0002157031924072,0.10480829071273635,True
128_23,mp-1078526,Ga4 Pd4,128,210,0.25,48,0,na,"(31, 46)",1.0,0.0002157497303128,0.09764647679608054,True
62_6,mp-16240,Ag6 Sb2,62,221,0.0537988256270853,48,0,na,"(47, 51)",1.0,0.0002238137869292,0.038628682742907705,True
736_0,mp-2647,Al8 Au4,736,111,0.1250000000000002,36,0,na,"(13, 79)",1.0,0.0002238638907544,0.10498576709423266,True
271_2,mp-1079460,Ti12 Sn4,271,111,0.5,48,0,na,"(22, 50)",1.0,0.0002239140170174,0.11387859083491995,True
295_3,mp-1219908,Pd3 Pt3,295,212,0.083333333333333,72,0,na,"(46, 78)",1.0,0.0002257336343115,0.11197314845349533,True
718_39,mp-1007691,Hf4 Pt4,718,012,0.1250000000000001,48,0,na,"(72, 78)",1.0,0.0002257846014901,0.13505758081070957,True
271_21,mp-1079460,Ti12 Sn4,271,100,0.25,32,0,na,"(22, 50)",1.0,0.0002292526364053,0.10818112382783339,True
108_0,mp-1018149,Sc2 Cu4,108,111,0.0868615486108724,30,0,na,"(21, 29)",1.0,0.0002338634237605,0.09366361688360864,True
846_20,mp-755328,Zr8 Sn16,846,100,0.125,48,0,na,"(40, 50)",1.0,0.0002366863905325,0.07600259224497408,True
48_11,mp-317,Sn4 Rh4,48,110,0.0897696967246193,24,0,na,"(45, 50)",1.0,0.0002367424242424,0.07876704247354921,True
501_4,mp-862655,Ru6 W2,501,212,0.1250367061623645,64,0,na,"(44, 74)",1.0,0.0002367984844896,0.19146117744319247,True
590_9,mp-975834,Mo2 Ru6,590,210,0.0,48,0,na,"(42, 44)",1.0,0.0002368545712932,0.18603529628251544,True
319_26,mp-9969,Sc4 Si4,319,112,0.0,64,0,na,"(14, 21)",1.0,0.0002369106846718,0.09090894202821109,True
333_44,mp-9972,Y4 Si4,333,012,0.125,48,0,na,"(14, 39)",1.0,0.0002369668246445,0.08179070204047346,True
246_4,mp-1078464,Mn4 Ge4,246,221,0.0414754935664731,64,0,na,"(25, 32)",1.0,0.0002370229912301,,False
824_36,mp-578,Ga3 Ag6,824,201,0.4450353058313506,45,0,na,"(31, 47)",1.0,0.0002370791844476,0.04650231175337237,True
328_0,mp-570632,Sc4 Bi4,328,111,0.25,24,0,na,"(21, 83)",1.0,0.0002371354043158,0.09438890812496235,True
416_29,mp-766,As4 Ru2,416,011,0.4999999999999999,18,0,na,"(33, 44)",1.0,0.0002371916508538,0.08426069999647431,True
81_13,mp-2123,Nb6 Au4,81,210,0.1249999999999999,80,0,na,"(41, 79)",1.0,0.0002372479240806,0.11777166743648666,True
235_43,mp-30738,Li2 Ir6,235,11-2,0.1306949549269005,64,0,na,"(3, 77)",1.0,0.0002373042240151,0.16061788247373332,True
464_12,mp-1018129,Pt4 W2,464,201,0.0408006335438049,48,0,na,"(74, 78)",1.0,0.0002373605506764,0.1614588109282255,True
561_3,mp-2025,Hf1 Be5,561,212,0.0833333333333333,60,0,na,"(4, 72)",1.0,0.0002374169040835,0.16911815293151577,True
777_20,mp-866184,Ti6 Pb2,777,2-12,0.1291017050674678,48,0,na,"(22, 82)",1.0,0.0002374732842555,0.09973591039218177,True
329_31,mp-30811,Ni8 W2,329,102,0.0747097165077033,60,0,na,"(28, 74)",1.0,0.0002375296912114,0.17979289685715572,True
852_21,mp-11220,Sc4 Al2,852,001,0.125,12,0,na,"(13, 21)",1.0,0.0002375861249703,0.08845233918042343,True
296_0,mp-11283,Zr1 Be5,296,111,0.25,36,0,na,"(4, 40)",1.0,0.0002376425855513,0.15680291247305725,True
434_2,mp-2426,Li1 Ag1,434,110,0.5,10,0,na,"(3, 47)",1.0,0.0002376990729736,0.03835273409619261,True
478_9,mp-1359,Nb1 Ir1,478,112,0.25,16,0,na,"(41, 77)",1.0,0.0002377555872563,0.15531236502702297,True
666_18,mp-30494,Sc2 Cd6,666,100,0.2499226037380212,16,0,na,"(21, 48)",1.0,0.0002378121284185,0.06475741102471318,True
571_17,mp-1606,Nb1 Au2,571,102,0.2500000000000001,24,0,na,"(41, 79)",1.0,0.0002378686964795,0.09548695145659993,True
348_15,mp-11398,Ga6 Ni10,348,201,0.1374000070807106,64,0,na,"(28, 31)",1.0,0.0002379252914584,0.10758206898094723,True
596_23,mp-574,Ta8 Co4,596,001,0.125,36,0,na,"(27, 73)",1.0,0.0002404424140418,0.1725885025298263,True
525_0,mp-1235,Ti1 Ir1,525,111,0.2499999999999999,12,0,na,"(22, 77)",1.0,0.0002405002405002,0.1417284560593446,True
291_0,mp-1206794,Li1 Au1,291,111,0.25,12,0,na,"(3, 79)",1.0,0.0002405580947798,0.048698128417754685,True
785_1,mp-2302,As4 Rh8,785,111,0.5,48,0,na,"(33, 45)",1.0,0.0002406159769008,0.08427188246193927,True
162_15,mp-1682,Zr4 As4,162,101,0.3663272093278067,32,0,na,"(33, 40)",1.0,0.0002406738868832,0.11425446533639212,True
637_20,mp-31138,Mn4 Pd12,637,102,0.125407391713118,48,0,na,"(25, 46)",1.0,0.0002438429651304,0.1025604589217676,True
334_4,mp-8700,K4 Au6,334,110,0.1236783399519408,30,0,na,"(19, 79)",1.0,0.0002439024390243,0.030206415310005473,True
576_7,mp-1670,Mn1 Pt1,576,201,0.125,16,0,na,"(25, 78)",1.0,0.000243961941937,0.10496702021865276,True
84_36,mp-1128,Si4 Ir4,84,112,0.0,48,0,na,"(14, 77)",1.0,0.0002470355731225,0.13159026728235138,True
425_13,mp-11506,Ni6 Mo2,425,212,0.0,64,0,na,"(28, 42)",1.0,0.0002470966147763,0.1650035863977595,True
465_1,mp-2213,Fe1 Ni1,465,221,0.125,24,0,na,"(26, 28)",1.0,0.000247157686604,0.1550932825818598,True
587_5,mp-442,Rh3 Pb3,587,211,0.0416666666666667,72,0,na,"(45, 82)",1.0,0.0002472187886279,0.061205474323992516,True
383_8,mp-1545,Nb6 Rh2,383,100,0.125,16,0,na,"(41, 45)",1.0,0.0002472799208704,0.15291974376364836,True
589_25,mp-19724,Cu6 Ge2,589,201,0.062900425138082,48,0,na,"(29, 32)",1.0,0.0002473410833539,0.07128519358342245,True
745_2,mp-2845,Sb2 Pt2,745,110,0.5,20,0,na,"(51, 78)",1.0,0.0002474022761009,0.04067195562741082,True
197_4,mp-29665,Sb6 Au2,197,210,0.125,32,0,na,"(51, 79)",1.0,0.0002491901320707,0.011413526771809467,True
870_28,mp-12104,Nb3 Si6,870,2-12,0.0474063716026208,54,0,na,"(14, 41)",1.0,0.0002526528549772,0.14033493233634456,True
522_20,mp-568069,Ti8 Bi4,522,102,0.25,36,0,na,"(22, 83)",1.0,0.0002542588354945,0.07734230556685597,True
106_23,mp-972042,Zn6 Cu2,106,102,0.5,48,0,na,"(29, 30)",1.0,0.0002543234994913,0.06163097796108937,True
248_9,mp-189,Si4 Ru4,248,110,0.0876089738633609,24,0,na,"(14, 44)",1.0,0.0002586652871184,0.14566385727735054,True
399_4,mp-1184368,Fe2 Rh6,399,212,0.1262404093303599,64,0,na,"(26, 45)",1.0,0.0002591344908007,0.14439882065214843,True
436_4,mp-747,Ba8 Pt16,436,110,0.125,48,0,na,"(56, 78)",1.0,0.0002627430373095,0.06210759793343514,True
217_25,mp-30571,Tl8 Au4,217,001,0.125,24,0,na,"(79, 81)",1.0,0.0002628120893561,0.023285232290114064,True
776_1,mp-811,Ba1 Pt5,776,221,0.1250000000000001,48,0,na,"(56, 78)",1.0,0.0002646903123345,0.08370352434538758,True
584_7,mp-1078895,Mn6 Pd10,584,110,0.3877941796710686,32,0,na,"(25, 46)",1.0,0.0002647603918453,0.09980249959062329,True
589_0,mp-19724,Cu6 Ge2,589,111,2.220446049250313e-16,32,0,na,"(29, 32)",1.0,0.0002675227394328,0.07249706466694188,True
767_12,mp-570578,Zr2 In6,767,102,0.2499999999999997,32,0,na,"(40, 49)",1.0,0.0002675943270002,0.06995374204118324,True
412_30,mp-976128,Hf5 Sc1,412,001,0.25,12,0,na,"(21, 72)",1.0,0.0002676659528907,0.10504062061325194,True
628_5,mp-21294,Y4 In2,628,211,0.0208333333333332,72,0,na,"(39, 49)",1.0,0.0002677376171352,,False
835_1,mp-862259,Sc6 Al2,835,221,4.440892098500626e-16,64,0,na,"(13, 21)",1.0,0.0002678093197643,0.09141784290012003,True
516_9,mp-865342,Zn6 Rh2,516,201,0.0625,48,0,na,"(30, 45)",1.0,0.000267881060809,0.09149031474724996,True
735_0,mp-865077,Na4 Cd12,735,111,0.125,48,0,na,"(11, 48)",1.0,0.0002679528403001,0.02335124068514981,True
326_5,mp-215,Y4 Sb4,326,100,0.25,16,0,na,"(39, 51)",1.0,0.0002680246582685,0.03424255297559193,True
614_17,mp-2221,Zr4 Ag2,614,102,0.0863507682875663,24,0,na,"(40, 47)",1.0,0.0002680965147453,0.10035577617189469,True
742_7,mp-28246,Ag3 Te9,742,21-2,0.131461533038537,72,0,na,"(47, 52)",1.0,0.0002681684097613,0.012921828757072902,True
323_18,mp-1217895,Ta2 Mo2,323,001,0.2499999999999999,12,0,na,"(42, 73)",1.0,0.0002725538293813,0.1678956383911201,True
427_22,mp-865527,Y2 Al6,427,101,0.2399841360038023,24,0,na,"(13, 39)",1.0,0.0002763194252555,0.08370367502732437,True
588_0,mp-608,Ti1 Co3,588,111,0.5000000000000002,20,0,na,"(22, 27)",1.0,0.0002763957987838,0.13712883505244453,True
760_17,mp-20033,Sn2 Ir2,760,102,0.2499999999999999,24,0,na,"(50, 77)",1.0,0.0002764722145424,0.09227339227640266,True
872_27,mp-20928,Sb4 Ru2,872,112,0.5,30,0,na,"(44, 51)",1.0,0.0002805049088359,0.08025615106969208,True
115_22,mp-864934,Mg2 Ag6,115,102,0.1251352503632627,48,0,na,"(12, 47)",1.0,0.0002805836139169,0.057954675207932696,True
306_8,mp-429,Zn1 Ni1,306,100,0.25,8,0,na,"(28, 30)",1.0,0.000280662363177,0.11349247448150143,True
424_23,mp-1363,Na8 Au4,424,102,0.125,48,0,na,"(11, 79)",1.0,0.0002807411566535,0.025614517170682825,True
697_0,mp-1418,Fe1 Ni3,697,111,0.5,20,0,na,"(26, 28)",1.0,0.0002808199943836,0.12472814928528334,True
373_11,mp-30501,Ti4 Cd2,373,101,0.5000000000000002,24,0,na,"(22, 48)",1.0,0.0002808988764044,0.10514961834493648,True
283_16,mp-11239,Zr2 Ag2,283,201,0.1322965135878657,24,0,na,"(40, 47)",1.0,0.0002809778027535,0.10148646099150725,True
406_21,mp-983509,Na6 Cd2,406,2-12,0.1198629041328342,48,0,na,"(11, 48)",1.0,0.0002810567734682,0.01814873093113956,True
516_1,mp-865342,Zn6 Rh2,516,221,0.0625,64,0,na,"(30, 45)",1.0,0.0002856326763781,0.0804667733500859,True
746_19,mp-20599,Pd4 Pb8,746,112,0.0,48,0,na,"(46, 82)",1.0,0.0002857142857142,0.030189511272008918,True
115_10,mp-864934,Mg2 Ag6,115,210,0.2499999999999999,48,0,na,"(12, 47)",1.0,0.0002933411557641,0.0574634862177286,True
282_5,mp-1066136,Y4 Pd4,282,110,0.0,24,0,na,"(39, 46)",1.0,0.0002934272300469,0.0777614879494643,True
887_15,mp-1018151,Nb2 Pd4,887,122,0.0418395402558715,48,0,na,"(41, 46)",1.0,0.0002935133548576,0.1341251822241094,True
132_9,mp-865985,Cd2 Pd6,132,201,0.0625,48,0,na,"(46, 48)",1.0,0.0002935995302407,0.08526009638929229,True
329_19,mp-30811,Ni8 W2,329,101,0.2997921278493329,40,0,na,"(28, 74)",1.0,0.0002936857562408,0.17334524107170296,True
295_11,mp-1219908,Pd3 Pt3,295,20-1,0.1249999999999999,60,0,na,"(46, 78)",1.0,0.0002937720329024,0.09962496677984661,True
809_12,mp-22478,Fe3 Ge3,809,201,0.2499999999999999,36,0,na,"(26, 32)",1.0,0.0002975304968759,0.08892776058552392,True
856_14,mp-2294,Al6 Ir2,856,101,0.3353826428680583,24,0,na,"(13, 77)",1.0,0.000297619047619,0.12040880273373694,True
759_4,mp-11826,Ca1 Pd5,759,212,0.2083333333333333,48,0,na,"(20, 46)",1.0,0.0002989536621823,0.08023657487864387,True
599_11,mp-1220023,Os1 Ru1,599,201,0.125,20,0,na,"(44, 76)",1.0,0.0002990430622009,0.20649047754140748,True
422_18,mp-1072429,Ga16 Ru8,422,101,0.2499999999999999,72,0,na,"(31, 44)",1.0,0.0002991325157044,0.09417588969624902,True
603_5,mp-971788,V2 Ru6,603,212,0.25,64,0,na,"(23, 44)",1.0,0.0002992220227408,0.17641773182763826,True
475_30,mp-1018056,Hf4 Ni4,475,011,0.25,24,0,na,"(28, 72)",1.0,0.0002993115833582,0.13856141152332796,True
248_2,mp-189,Si4 Ru4,248,111,0.4504808566239831,32,0,na,"(14, 44)",1.0,0.0002994011976047,0.14163945789923155,True
413_0,mp-833,Ca8 Pd16,413,111,0.0625,72,0,na,"(20, 46)",1.0,0.0002994908655286,0.0759835446841197,True
203_8,mp-363,Nb3 Ge6,203,212,0.2896997148275207,72,0,na,"(32, 41)",1.0,0.0002995805871779,0.09575238074548605,True
390_0,mp-1079914,Hf4 Sb4,390,111,0.0060043901316788,32,0,na,"(51, 72)",1.0,0.0002996703626011,0.11255035233913986,True
770_5,mp-9954,Hf4 As4,770,212,0.0416666666666667,80,0,na,"(33, 72)",1.0,0.0003040437823046,,False
246_10,mp-1078464,Mn4 Ge4,246,110,0.1127249584038523,24,0,na,"(25, 32)",1.0,0.0003079765937788,0.10528605525406626,True
377_15,mp-11385,Y1 Fe5,377,2-12,0.125,48,0,na,"(26, 39)",1.0,0.0003080714725816,0.12976608430375555,True
420_4,mp-10711,V3 Si6,420,110,0.2558628500045703,45,0,na,"(14, 23)",1.0,0.0003096934035305,0.1331221798111505,True
219_8,mp-644311,Cu3 Pt3,219,101,0.2499999999999997,30,0,na,"(29, 78)",1.0,0.0003097893432465,0.11247272386053656,True
746_11,mp-20599,Pd4 Pb8,746,210,0.043579540002451,48,0,na,"(46, 82)",1.0,0.0003098853424233,0.03070113694225841,True
825_10,mp-21260,Fe3 Sn3,825,101,0.3333333333333333,24,0,na,"(26, 50)",1.0,0.0003099814011159,0.07354300167151685,True
373_5,mp-30501,Ti4 Cd2,373,212,0.0362696439126148,48,0,na,"(22, 48)",1.0,0.0003159557661927,0.10755310081851643,True
504_5,mp-1822,Ti4 As4,504,212,0.0416666666666666,80,0,na,"(22, 33)",1.0,0.0003160556257901,,False
715_3,mp-2212,Sc1 Co1,715,211,0.25,32,0,na,"(21, 27)",1.0,0.0003204101249599,0.11961931069850833,True
119_8,mp-1217811,Ta2 W2,119,100,0.25,16,0,na,"(73, 74)",1.0,0.0003205128205128,0.2154429569901115,True
390_7,mp-1079914,Hf4 Sb4,390,221,0.1436240254822678,48,0,na,"(51, 72)",1.0,0.0003206155819172,0.09439870960426266,True
319_28,mp-9969,Sc4 Si4,319,112,0.2500000000000001,64,0,na,"(14, 21)",1.0,0.0003207184092366,0.08778145304645806,True
313_2,mp-1867,Ta8 Ni4,313,221,0.0336779328990317,72,0,na,"(28, 73)",1.0,0.0003208213025344,0.16670534795348446,True
312_24,mp-1229032,Ag3 Pt12,312,102,0.0327537704190941,75,0,na,"(47, 78)",1.0,0.0003209242618741,0.09994763036498348,True
848_20,mp-22795,Pb8 Au4,848,112,0.0,48,0,na,"(79, 82)",1.0,0.0003210272873194,0.02943105250658727,True
196_12,mp-862658,Li2 Cu6,196,102,0.25,32,0,na,"(3, 29)",1.0,0.0003211303789338,0.0786972932397589,True
395_6,mp-544,Ti6 Ir2,395,210,0.0625,48,0,na,"(22, 77)",1.0,0.0003212335367812,0.12749429216605,True
634_11,mp-865960,Co2 Re6,634,210,0.4999999999999999,48,0,na,"(27, 75)",1.0,0.0003247807729782,0.2016841534572412,True
358_9,mp-1183641,Cd6 Pt2,358,201,0.0625,48,0,na,"(48, 78)",1.0,0.0003302509907529,0.04929738005929841,True
708_1,mp-19876,In3 Ni3,708,221,0.1250000000000001,48,0,na,"(28, 49)",1.0,0.0003325573661456,0.08016623660978045,True
382_11,mp-862260,Sc2 Zn6,382,210,0.1312055098877618,48,0,na,"(21, 30)",1.0,0.0003343363423604,0.08234113625652671,True
222_20,mp-636614,Y4 Pb8,222,121,0.1852011835931857,48,0,na,"(39, 82)",1.0,0.0003344481605351,,False
746_4,mp-20599,Pd4 Pb8,746,110,0.087159080004902,36,0,na,"(46, 82)",1.0,0.0003345600535296,0.04456756870966715,True
426_0,mp-481,Sc1 Pt3,426,111,0.5,20,0,na,"(21, 78)",1.0,0.000334672021419,0.11051867935121881,True
465_3,mp-2213,Fe1 Ni1,465,212,0.125,24,0,na,"(26, 28)",1.0,0.0003347840642785,0.15144754020524667,True
344_0,mp-865562,Be6 Ru2,344,111,0.125,40,0,na,"(4, 44)",1.0,0.0003348961821835,0.15634308778719644,True
656_7,mp-1229012,Ag3 Pd3,656,21-2,0.2500000000000002,72,0,na,"(46, 47)",1.0,0.0003350083752093,0.07348002972781098,True
51_10,mp-985296,Ag6 Pd2,51,100,0.25,24,0,na,"(46, 47)",1.0,0.0003351206434316,0.060033251320098756,True
398_19,mp-864889,Zr2 Zn6,398,100,0.0,16,0,na,"(30, 40)",1.0,0.0003352329869259,0.07190239849305419,True
137_2,mp-823,Ti1 Co1,137,110,0.5,10,0,na,"(22, 27)",1.0,0.0003408316291751,0.11092560052690868,True
575_11,mp-865168,Be6 Ni2,575,112,0.5,48,0,na,"(4, 28)",1.0,0.0003409478349812,0.1338828745208406,True
848_12,mp-22795,Pb8 Au4,848,210,0.0401978414797135,48,0,na,"(79, 82)",1.0,0.0003434065934065,0.025956165584218965,True
829_1,mp-13155,Hf4 Ag2,829,111,0.25,30,0,na,"(47, 72)",1.0,0.0003466204506065,0.1257169548257145,True
547_3,mp-867792,Re2 Ir6,547,212,0.1255807133202421,64,0,na,"(75, 77)",1.0,0.0003467406380027,0.1921269670781977,True
760_12,mp-20033,Sn2 Ir2,760,201,0.1458333333333333,24,0,na,"(50, 77)",1.0,0.0003551136363636,0.09950625288088424,True
480_2,mp-1194,Cd1 Pt1,480,110,0.5,10,0,na,"(48, 78)",1.0,0.0003552397868561,0.06816541302494214,True
634_20,mp-865960,Co2 Re6,634,2-12,0.125183257932914,48,0,na,"(27, 75)",1.0,0.0003553660270078,0.2214279719311119,True
640_2,mp-1186231,Nb2 Ir6,640,110,0.2536301283833034,32,0,na,"(41, 77)",1.0,0.0003554923569143,0.2016075747334849,True
321_3,mp-1014230,Ti1 Zn1,321,211,0.25,32,0,na,"(22, 30)",1.0,0.0003585514521333,0.11569072254861772,True
229_5,mp-1217358,Te3 Au1,229,212,0.1028727932415236,32,0,na,"(52, 79)",1.0,0.0003586800573888,0.011168838715659872,True
291_3,mp-1206794,Li1 Au1,291,211,0.2500000000000001,32,0,na,"(3, 79)",1.0,0.0003588087549336,0.04471124148238157,True
448_0,mp-522,Cu1 Au1,448,111,0.25,12,0,na,"(29, 79)",1.0,0.0003589375448671,0.0720694475362098,True
252_7,mp-1216323,V2 Mo2,252,201,0.1249999999999999,32,0,na,"(23, 42)",1.0,0.000359066427289,0.18736984970545487,True
581_0,mp-1186060,Mn2 Os6,581,111,0.0,40,0,na,"(25, 76)",1.0,0.0003633720930232,0.21674675202265525,True
590_0,mp-975834,Mo2 Ru6,590,111,0.4999414432514689,40,0,na,"(42, 44)",1.0,0.000363504180298,0.1842042210683857,True
205_3,mp-265,Ta1 Ir3,205,211,0.125,64,0,na,"(73, 77)",1.0,0.0003679175864606,0.19517700256573187,True
720_8,mp-1458,Nb6 Ir2,720,100,0.125,16,0,na,"(41, 77)",1.0,0.0003680529996319,0.16039672663853854,True
54_3,mp-2695,Sb4 Os2,54,221,0.0696852262015443,48,0,na,"(51, 76)",1.0,0.00037397157816,0.07588343586401088,True
183_15,mp-1066078,Bi2 Pt2,183,2-12,0.1249999999999999,24,0,na,"(78, 83)",1.0,0.0003797949107481,0.05300764208441602,True
787_22,mp-1185970,Mn6 Co2,787,102,0.1260876843610698,48,0,na,"(25, 27)",1.0,0.0003799392097264,0.17946889404303737,True
164_36,mp-267,Te4 Ru2,164,010,0.25,12,0,na,"(44, 52)",1.0,0.000380083618396,0.07957515698560674,True
788_3,mp-1825,Cu4 Sb2,788,221,0.2499999999999997,48,0,na,"(29, 51)",1.0,0.0003872966692486,0.053962990983603236,True
78_5,mp-2677,Sc1 Pd3,78,100,0.25,12,0,na,"(21, 46)",1.0,0.0003874467260751,0.0991134554256317,True
449_13,mp-1219533,Re1 Ir1,449,100,0.1666666666666666,10,0,na,"(75, 77)",1.0,0.0003998400639744,0.25009955217693075,True
778_8,mp-869,Ta2 Al6,778,101,0.375,24,0,na,"(13, 73)",1.0,0.0004,0.13086548411063884,True
602_19,mp-2455,As4 Os2,602,121,0.0732247755329479,36,0,na,"(33, 76)",1.0,0.0004029008863819,0.09759063842318379,True
809_13,mp-22478,Fe3 Ge3,809,100,0.1666666666666667,18,0,na,"(26, 32)",1.0,0.0004030632809351,0.08578027772367754,True
581_20,mp-1186060,Mn2 Os6,581,2-12,0.1220224518878989,48,0,na,"(25, 76)",1.0,0.0004032258064516,0.22166959067124162,True
297_13,mp-865357,Zn6 Pd2,297,001,0.1249999999999999,16,0,na,"(30, 46)",1.0,0.0004033884630899,0.0696505712226455,True
184_3,mp-1184119,Cu2 Pd6,184,212,0.125,64,0,na,"(29, 46)",1.0,0.0004035512510088,0.09483862099587313,True
495_6,mp-945,Ni1 Pt1,495,101,0.5,10,0,na,"(28, 78)",1.0,0.0004037141703673,0.10269241425083127,True
762_4,mp-2696,Mg1 Ag1,762,210,0.125,16,0,na,"(12, 47)",1.0,0.0004038772213247,0.06075317293006033,True
646_13,mp-871,Fe4 Si4,646,110,0.75,32,0,na,"(14, 26)",1.0,0.0004040404040404,0.16934832338862135,True
78_4,mp-2677,Sc1 Pd3,78,210,0.1249999999999999,24,0,na,"(21, 46)",1.0,0.0004076640847941,0.10477824545065158,True
164_35,mp-267,Te4 Ru2,164,010,0.11090379311144,12,0,na,"(44, 52)",1.0,0.0004098360655737,0.07848183963460133,True
460_0,mp-866046,Ti6 In2,460,111,0.0,32,0,na,"(22, 49)",1.0,0.0004142502071251,0.11627541787374474,True
675_5,mp-977585,Zr3 Tl1,675,100,0.25,12,0,na,"(40, 81)",1.0,0.0004206983592763,0.0940117757804036,True
540_3,mp-973839,Pd2 Au6,540,212,0.125,48,0,na,"(46, 79)",1.0,0.0004255319148936,0.06297432330330655,True
398_22,mp-864889,Zr2 Zn6,398,2-12,0.1314963148488655,48,0,na,"(30, 40)",1.0,0.0004278990158322,0.10091131347407394,True
448_4,mp-522,Cu1 Au1,448,211,0.2499999999999999,40,0,na,"(29, 79)",1.0,0.0004306632213608,0.06794001239256724,True
477_11,mp-1431,Mn4 Si4,477,110,0.25,32,0,na,"(14, 25)",1.0,0.0004308487720809,0.13097160104056996,True
328_4,mp-570632,Sc4 Bi4,328,210,0.125,32,0,na,"(21, 83)",1.0,0.0004310344827586,0.04542009927345339,True
102_10,mp-1187844,Zr6 Pb2,102,100,0.25,24,0,na,"(40, 82)",1.0,0.0004312203536006,0.08107675428643912,True
238_0,mp-977426,Nb2 Co6,238,111,0.4733352793734617,40,0,na,"(27, 41)",1.0,0.0004314063848144,0.17409045252515742,True
801_1,mp-1139,Co6 Mo2,801,221,0.0,80,0,na,"(27, 42)",1.0,0.0004315925766076,,False
765_5,mp-1009641,Co1 Te2,765,212,0.0489574515753037,30,0,na,"(27, 52)",1.0,0.0004317789291882,0.0478485140630558,True
865_12,mp-1620,Si4 W2,865,201,0.0414175440367277,48,0,na,"(14, 74)",1.0,0.0004319654427645,0.16996390155861887,True
538_12,mp-1220327,Nb2 Mo2,538,112,0.125,24,0,na,"(41, 42)",1.0,0.0004321521175453,0.17179083314684923,True
868_3,mp-10598,Cu2 Sn2,868,212,0.0416666666666667,40,0,na,"(29, 50)",1.0,0.0004384042086804,0.05470817341978682,True
60_3,mp-649,Fe1 Pt3,60,211,0.125,64,0,na,"(26, 78)",1.0,0.000438596491228,0.11472469539783418,True
128_13,mp-1078526,Ga4 Pd4,128,110,0.75,24,0,na,"(31, 46)",1.0,0.0004387889425186,0.0815522816381662,True
418_8,mp-20714,Fe2 Sb4,418,212,0.1482120093735207,48,0,na,"(26, 51)",1.0,0.0004389815627743,0.05711659565964957,True
442_3,mp-899,In1 Rh1,442,211,0.25,32,0,na,"(45, 49)",1.0,0.0004391743522178,0.07532976988301057,True
868_12,mp-10598,Cu2 Sn2,868,201,0.1458333333333333,24,0,na,"(29, 50)",1.0,0.000439367311072,0.057578774287183596,True
392_28,mp-31205,Zr12 Fe4,392,121,0.1267744626757085,64,0,na,"(26, 40)",1.0,0.0004395604395604,,False
228_12,mp-1186374,Os6 W2,228,101,0.0,32,0,na,"(74, 76)",1.0,0.0004397537379067,0.21324775708103674,True
162_26,mp-1682,Zr4 As4,162,102,0.3003394573388601,32,0,na,"(33, 40)",1.0,0.0004399472063352,0.0902742586317254,True
745_5,mp-2845,Sb2 Pt2,745,211,0.1041666666666666,64,0,na,"(51, 78)",1.0,0.0004401408450704,0.04735791625468287,True
214_18,mp-7192,Sc4 Sb2,214,101,0.75,18,0,na,"(21, 51)",1.0,0.0004403346543372,0.08530177984485957,True
758_14,mp-1228815,Al2 Re2,758,101,0.75,16,0,na,"(13, 75)",1.0,0.0004405286343612,0.16090490024899176,True
228_1,mp-1186374,Os6 W2,228,221,4.440892098500626e-16,64,0,na,"(74, 76)",1.0,0.000440722785368,0.2243833952860242,True
590_10,mp-975834,Mo2 Ru6,590,210,0.1250878351227964,48,0,na,"(42, 44)",1.0,0.0004409171075837,0.19519139351029632,True
420_21,mp-10711,V3 Si6,420,101,0.4147123833318099,27,0,na,"(14, 23)",1.0,0.0004411116012351,0.14884697285507884,True
49_9,mp-11192,Ta3 Si6,49,212,0.3769956446235764,72,0,na,"(14, 73)",1.0,0.0004450378282153,0.14378272706382036,True
239_3,mp-592,Ti1 Ru1,239,211,0.25,32,0,na,"(22, 44)",1.0,0.0004452359750667,0.16912839853504025,True
106_11,mp-972042,Zn6 Cu2,106,210,0.2499999999999998,48,0,na,"(29, 30)",1.0,0.0004466279589102,0.05542155536845453,True
311_6,mp-865385,V12 Re4,311,100,0.125,32,0,na,"(23, 75)",1.0,0.0004468275245755,0.1990309652713565,True
605_28,mp-568992,Zr8 Ir8,605,120,2.220446049250313e-16,64,0,na,"(40, 77)",1.0,0.0004533091568449,0.14363132762202155,True
323_10,mp-1217895,Ta2 Mo2,323,121,0.1249999999999998,24,0,na,"(42, 73)",1.0,0.0004694835680751,0.1788632246264828,True
470_4,mp-2322,Y8 Al16,470,110,0.125,48,0,na,"(13, 39)",1.0,0.0004697040864255,0.08693982293276736,True
858_6,mp-2379,Co4 Si8,858,100,0.125,24,0,na,"(14, 27)",1.0,0.00046992481203,0.14109282525367262,True
228_20,mp-1186374,Os6 W2,228,2-12,0.1252962965397452,48,0,na,"(74, 76)",1.0,0.0004807692307692,0.22399774472317202,True
382_12,mp-862260,Sc2 Zn6,382,210,0.25,48,0,na,"(21, 30)",1.0,0.0004810004810004,0.07801510330582385,True
476_8,mp-7577,Co4 Si4,476,221,0.3457929985300279,64,0,na,"(14, 27)",1.0,0.000483325277912,0.14785387965399638,True
333_24,mp-9972,Y4 Si4,333,121,0.0644901919694261,32,0,na,"(14, 39)",1.0,0.0004835589941972,0.08928671004731463,True
881_3,mp-2260,Fe1 Pt1,881,212,0.125,20,0,na,"(26, 78)",1.0,0.0004837929366231,0.13032034176284812,True
193_18,mp-1186974,Sc6 Tl2,193,100,0.2506533978563705,16,0,na,"(21, 81)",1.0,0.0004868549172346,0.09040644913547932,True
674_5,mp-1216231,V2 W2,674,210,0.125,32,0,na,"(23, 74)",1.0,0.0004870920603994,0.20794148742619326,True
460_2,mp-866046,Ti6 In2,460,110,0.2529810559619516,32,0,na,"(22, 49)",1.0,0.0004873294346978,0.11549144766044488,True
853_19,mp-2592,Si4 Mo2,853,001,0.0824072635699124,12,0,na,"(14, 42)",1.0,0.0004918839153959,,False
49_30,mp-11192,Ta3 Si6,49,102,0.0356797327959372,36,0,na,"(14, 73)",1.0,0.0004921259842519,0.13922704150230322,True
599_0,mp-1220023,Os1 Ru1,599,111,0.25,16,0,na,"(44, 76)",1.0,0.000492368291482,0.2003860992330284,True
59_9,mp-2644,Co2 Sb2,59,101,0.2083333333333333,16,0,na,"(27, 51)",1.0,0.0004926108374384,0.08248319713165081,True
693_3,mp-864794,Zn1 Ag3,693,211,0.1250000000000002,48,0,na,"(30, 47)",1.0,0.0004928536224741,0.05293343589716711,True
378_25,mp-865373,Y6 Co6,378,2-12,0.0389156255910876,72,0,na,"(27, 39)",1.0,0.0004930966469428,,False
349_3,mp-1064554,Bi2 Rh2,349,212,0.0416666666666665,40,0,na,"(45, 83)",1.0,0.0004933399111988,0.06164541720629381,True
351_16,mp-1775,Sn2 Au2,351,102,0.0416666666666665,24,0,na,"(50, 79)",1.0,0.0004935834155972,0.04182070932396719,True
164_29,mp-267,Te4 Ru2,164,011,0.0723568538577196,18,0,na,"(44, 52)",1.0,0.0004938271604938,0.10581613988514055,True
249_2,mp-30867,Sc1 Ru1,249,110,0.5,10,0,na,"(21, 44)",1.0,0.000494071146245,0.11270233113200796,True
611_12,mp-1229015,Ag3 Pt3,611,10-1,0.0833333333333332,30,0,na,"(47, 78)",1.0,0.0004943153732081,0.076928152493688,True
868_18,mp-10598,Cu2 Sn2,868,001,0.125,8,0,na,"(29, 50)",1.0,0.0004945598417408,0.06281546298803549,True
217_4,mp-30571,Tl8 Au4,217,110,0.095508434655244,24,0,na,"(79, 81)",1.0,0.0005081300813008,0.023505321272066365,True
212_19,mp-11531,V2 Ni4,212,120,0.125,48,0,na,"(23, 28)",1.0,0.0005083884087442,0.16503042775877214,True
59_0,mp-2644,Co2 Sb2,59,111,0.125,24,0,na,"(27, 51)",1.0,0.0005086469989827,0.08895638521880615,True
575_0,mp-865168,Be6 Ni2,575,111,0.125,40,0,na,"(4, 28)",1.0,0.0005089058524173,0.1516565577024797,True
100_2,mp-865362,Zn6 Ir2,100,110,0.25,32,0,na,"(30, 77)",1.0,0.0005091649694501,0.08482547564372724,True
418_34,mp-20714,Fe2 Sb4,418,021,0.1766923925587036,24,0,na,"(26, 51)",1.0,0.0005094243504839,0.07033471139576651,True
655_22,mp-864894,Be6 Rh2,655,102,0.1267113902853054,48,0,na,"(4, 45)",1.0,0.0005096839959225,0.14184292188709569,True
787_12,mp-1185970,Mn6 Co2,787,101,0.0,32,0,na,"(25, 27)",1.0,0.0005099439061703,0.1928070521097987,True
770_21,mp-9954,Hf4 As4,770,100,0.5000000000000001,32,0,na,"(33, 72)",1.0,0.0005102040816326,0.12785559986179554,True
424_2,mp-1363,Na8 Au4,424,221,0.0478384687421834,72,0,na,"(11, 79)",1.0,0.0005133470225872,0.023906837458045654,True
48_5,mp-317,Sn4 Rh4,48,221,0.0567330696563986,48,0,na,"(45, 50)",1.0,0.0005136106831022,0.08380250771372197,True
137_1,mp-823,Ti1 Co1,137,221,0.125,24,0,na,"(22, 27)",1.0,0.000513874614594,0.13107788819108981,True
646_5,mp-871,Fe4 Si4,646,221,0.0733722300387147,64,0,na,"(14, 26)",1.0,0.0005141388174807,0.16396520756318514,True
59_10,mp-2644,Co2 Sb2,59,101,0.4583333333333333,16,0,na,"(27, 51)",1.0,0.000523560209424,0.11081562192963872,True
801_12,mp-1139,Co6 Mo2,801,101,0.0,32,0,na,"(27, 42)",1.0,0.000523834468308,0.18711264327270372,True
629_2,mp-1184336,Fe2 Ir6,629,110,0.2499999999999999,32,0,na,"(26, 77)",1.0,0.000524109014675,0.16577431701991088,True
693_4,mp-864794,Zn1 Ag3,693,210,0.1249999999999999,24,0,na,"(30, 47)",1.0,0.000526870389884,0.057509647960901376,True
673_5,mp-11388,Ga1 Ir1,673,100,0.25,8,0,na,"(31, 77)",1.0,0.0005271481286241,0.138524851181939,True
477_8,mp-1431,Mn4 Si4,477,221,0.345136337114603,64,0,na,"(14, 25)",1.0,0.0005274261603375,0.15309741392410914,True
561_18,mp-2025,Hf1 Be5,561,001,0.25,18,0,na,"(4, 72)",1.0,0.000531914893617,0.16149083292696556,True
825_9,mp-21260,Fe3 Sn3,825,101,0.0833333333333333,24,0,na,"(26, 50)",1.0,0.0005364806866952,0.07673978283905876,True
476_10,mp-7577,Co4 Si4,476,221,0.4562332013652597,64,0,na,"(14, 27)",1.0,0.0005367686527106,0.1523993507260048,True
787_2,mp-1185970,Mn6 Co2,787,110,0.2565261061664188,40,0,na,"(25, 27)",1.0,0.0005370569280343,0.16661250260493393,True
733_20,mp-975799,Li2 Zn6,733,2-12,0.1257825514391408,48,0,na,"(3, 30)",1.0,0.0005452562704471,0.061397862411910586,True
399_16,mp-1184368,Fe2 Rh6,399,201,0.25,48,0,na,"(26, 45)",1.0,0.0005476451259583,0.15943114199427857,True
197_5,mp-29665,Sb6 Au2,197,100,0.25,16,0,na,"(51, 79)",1.0,0.0005479452054794,0.005176335724510108,True
856_4,mp-2294,Al6 Ir2,856,110,0.4999999999999998,40,0,na,"(13, 77)",1.0,0.000548245614035,0.07689054765108741,True
418_16,mp-20714,Fe2 Sb4,418,201,0.0363944556169224,48,0,na,"(26, 51)",1.0,0.000568504832291,0.06136431493845392,True
322_17,mp-999544,Y2 Ag4,322,102,0.0799512816007528,24,0,na,"(39, 47)",1.0,0.0005733944954128,0.07519389745058604,True
788_6,mp-1825,Cu4 Sb2,788,212,0.1249999999999998,48,0,na,"(29, 51)",1.0,0.0005737234652897,0.05089480158041375,True
422_1,mp-1072429,Ga16 Ru8,422,111,0.2096344379490275,72,0,na,"(31, 44)",1.0,0.0005834305717619,,False
677_2,mp-193,Zr4 Cu2,677,221,0.0385649756006092,60,0,na,"(29, 40)",1.0,0.0005837711617046,,False
527_13,mp-862604,Re6 Ni2,527,101,0.2497675388548851,32,0,na,"(28, 75)",1.0,0.0005841121495327,0.21898355827552687,True
495_0,mp-945,Ni1 Pt1,495,111,0.25,12,0,na,"(28, 78)",1.0,0.0005844535359438,0.13087432843801314,True
349_9,mp-1064554,Bi2 Rh2,349,101,0.2083333333333332,16,0,na,"(45, 83)",1.0,0.0005847953216374,0.057738434528586305,True
801_0,mp-1139,Co6 Mo2,801,111,0.0,40,0,na,"(27, 42)",1.0,0.0005851375073142,0.19080988821731887,True
268_4,mp-568430,Ba8 Rh16,268,110,0.125,48,0,na,"(45, 56)",1.0,0.0005854800936768,0.05768724682553082,True
760_18,mp-20033,Sn2 Ir2,760,001,0.125,8,0,na,"(50, 77)",1.0,0.0005889281507656,0.11680030886673563,True
475_28,mp-1018056,Hf4 Ni4,475,011,0.0,24,0,na,"(28, 72)",1.0,0.0005892751915144,0.14315640851789277,True
334_27,mp-8700,K4 Au6,334,011,0.1263216600480591,30,0,na,"(19, 79)",1.0,0.0005896226415094,0.024684459798603422,True
806_11,mp-1184772,Hf6 Pb2,806,112,0.4999999999999998,32,0,na,"(72, 82)",1.0,0.0005899705014749,0.0770628691830218,True
170_8,mp-1932,Nb6 Os2,170,100,0.125,16,0,na,"(41, 76)",1.0,0.0005920663114268,0.165132273915379,True
844_11,mp-1216825,Ti1 In1,844,001,0.25,6,0,na,"(22, 49)",1.0,0.0005924170616113,0.10732387503887048,True
297_1,mp-865357,Zn6 Pd2,297,221,0.0625,64,0,na,"(30, 46)",1.0,0.0005927682276229,0.06927551433934703,True
187_2,mp-432,Nb1 Ru1,187,110,0.5,10,0,na,"(41, 44)",1.0,0.0005931198102016,0.14072752354678075,True
351_12,mp-1775,Sn2 Au2,351,201,0.1458333333333333,24,0,na,"(50, 79)",1.0,0.0006101281269066,0.0409183706797898,True
132_8,mp-865985,Cd2 Pd6,132,101,0.375,24,0,na,"(46, 48)",1.0,0.0006188118811881,0.08814779141255547,True
846_40,mp-755328,Zr8 Sn16,846,001,0.125,24,0,na,"(40, 50)",1.0,0.0006191950464396,0.07552447950913256,True
745_8,mp-2845,Sb2 Pt2,745,210,0.25,32,0,na,"(51, 78)",1.0,0.0006361323155216,0.04034937229402058,True
714_2,mp-11575,Y1 Tl1,714,110,0.5,8,0,na,"(39, 81)",1.0,0.0006414368184733,0.0489282188541999,True
841_31,mp-30428,Ba4 Cu4,841,102,0.4594756747126747,24,0,na,"(29, 56)",1.0,0.0006527415143603,0.03211078164802789,True
545_3,mp-1696,Cd1 Pd1,545,212,0.1250000000000001,20,0,na,"(46, 48)",1.0,0.0006587615283267,0.06909960785449941,True
314_4,mp-30343,In1 Ag3,314,210,0.125,24,0,na,"(47, 49)",1.0,0.000679809653297,0.047963908872900904,True
340_0,mp-1207193,Cu1 Te2,340,111,0.1369116348222155,18,0,na,"(29, 52)",1.0,0.0006802721088435,0.022058974486144238,True
47_16,mp-1882,Ca1 Cu5,47,102,0.0833333333333332,36,0,na,"(20, 29)",1.0,0.0006807351940095,0.07878562851581518,True
203_18,mp-363,Nb3 Ge6,203,210,0.1309008555174369,72,0,na,"(32, 41)",1.0,0.0006811989100817,0.1013748871531234,True
525_5,mp-1235,Ti1 Ir1,525,210,0.125,16,0,na,"(22, 77)",1.0,0.0006816632583503,0.15904174408945287,True
265_4,mp-12086,Cu3 Pt1,265,210,0.125,24,0,na,"(29, 78)",1.0,0.0006821282401091,0.1082468040645795,True
809_10,mp-22478,Fe3 Ge3,809,101,0.3333333333333332,24,0,na,"(26, 32)",1.0,0.0006882312456985,0.09631236247312955,True
655_20,mp-864894,Be6 Rh2,655,2-12,0.130134170855916,64,0,na,"(4, 45)",1.0,0.0006887052341597,0.1526294766300287,True
833_5,mp-1070544,Cr2 Ga8,833,100,0.125,20,0,na,"(24, 31)",1.0,0.0006891798759476,0.09595866692178831,True
629_1,mp-1184336,Fe2 Ir6,629,221,0.0625,64,0,na,"(26, 77)",1.0,0.0006963788300835,0.16188524282398395,True
559_1,mp-1220316,Nb2 W2,559,221,0.125,32,0,na,"(41, 74)",1.0,0.0007112375533428,0.18202577602889836,True
581_12,mp-1186060,Mn2 Os6,581,101,0.0,32,0,na,"(25, 76)",1.0,0.0007293946024799,0.20466093322079984,True
433_4,mp-1187243,Ta1 Os3,433,210,0.125,24,0,na,"(73, 76)",1.0,0.0007440476190476,0.1991219249076778,True
128_11,mp-1078526,Ga4 Pd4,128,110,0.25,24,0,na,"(31, 46)",1.0,0.0007575757575757,0.0714739277874256,True
237_14,mp-1017983,Ti2 Mo6,237,120,0.125,48,0,na,"(22, 42)",1.0,0.0007733952049497,0.17948918286391877,True
538_9,mp-1220327,Nb2 Mo2,538,122,0.125,32,0,na,"(41, 42)",1.0,0.0007739938080495,0.176576409745715,True
