slab_id,mp_id,formula,crystal_id,miller_index,shift,num_atom,test,energy,chem_system,weight,normalized_weight,surface_energy,converge
851_8,mp-1183214,Ag6 Au2,851,101,0.375,24,0,na,"(47, 79)",1.0,5.798782255726298e-05,0.05616560591284917,True
722_51,mp-2369,Sn4 Pd4,722,010,0.1000544522324277,16,0,na,"(46, 50)",1.0,5.7991185339828345e-05,0.07127147475337407,True
274_15,mp-1404,Cd2 Au2,274,201,0.12345859323196,32,0,na,"(48, 79)",1.0,5.799454851243983e-05,0.04021007009236067,True
425_7,mp-11506,Ni6 Mo2,425,221,0.2507108958237937,64,0,na,"(28, 42)",1.0,5.799791207516529e-05,0.17335090138659834,True
289_14,mp-1079467,Y2 Au6,289,212,0.4999999999999999,48,0,na,"(39, 79)",1.0,5.800127602807262e-05,0.06464545347906252,True
445_7,mp-813,Sc8 Al16,445,100,0.0625,48,0,na,"(13, 21)",1.0,5.80046403712297e-05,0.0944036776814453,True
325_10,mp-15681,Cr4 As8,325,22-1,0.1641182536586623,96,0,na,"(24, 33)",1.0,5.800800510470445e-05,,False
567_10,mp-11393,Nb6 Ga4,567,212,0.219828882379627,80,0,na,"(31, 41)",1.0,5.80113702285648e-05,0.15347118999278797,True
323_8,mp-1217895,Ta2 Mo2,323,100,0.25,16,0,na,"(42, 73)",1.0,5.801473574287869e-05,0.19909156606951092,True
94_1,mp-1206268,Sc4 In8,94,111,0.5000000000000001,48,0,na,"(21, 49)",1.0,5.801810164771409e-05,0.058883698400112046,True
574_7,mp-675,Zr8 W16,574,100,0.0625,48,0,na,"(40, 74)",1.0,5.802146794313896e-05,0.19305546636892654,True
460_14,mp-866046,Ti6 In2,460,101,0.5,24,0,na,"(22, 49)",1.0,5.8024834629221305e-05,0.11590138882419226,True
823_29,mp-30686,Zr16 Ga24,823,101,0.1136488478240786,80,0,na,"(31, 40)",1.0,5.802820170602913e-05,0.1063848357532247,True
692_12,mp-21237,Co8 Ge8,692,11-1,0.0648469323253663,64,0,na,"(27, 32)",1.0,5.8031569173630455e-05,0.11462734673118508,True
376_27,mp-11840,Ba4 Ag4,376,100,0.0,16,0,na,"(47, 56)",1.0,5.803493703209332e-05,0.026678711103921997,True
631_31,mp-2698,Y4 Cu8,631,112,0.1802194781699633,48,0,na,"(29, 39)",1.0,5.803830528148578e-05,0.08918917397248069,True
386_35,mp-1025448,Y4 Pt4,386,121,0.2217300394560979,48,0,na,"(39, 78)",1.0,5.804167392187591e-05,0.0923814216449249,True
62_40,mp-16240,Ag6 Sb2,62,011,0.1333109715871039,24,0,na,"(47, 51)",1.0,5.8045042953331786e-05,0.037957373842798264,True
138_3,mp-977390,Ta12 Ru4,138,110,0.25,48,0,na,"(44, 73)",1.0,5.804841237592152e-05,0.1601171777475042,True
386_58,mp-1025448,Y4 Pt4,386,001,0.0,16,0,na,"(39, 78)",1.0,5.8051782189713225e-05,0.0746488037174735,True
682_29,mp-22240,Mn4 As4,682,121,0.2500000000000001,48,0,na,"(25, 33)",1.0,5.805515239477504e-05,0.06272151782387908,True
699_2,mp-2090,Fe1 Co1,699,110,0.5,10,0,na,"(26, 27)",1.0,5.805852299117511e-05,0.14043664820021218,True
130_0,mp-696,Si4 Pt4,130,111,0.0196264454165024,32,0,na,"(14, 78)",1.0,5.806189397898159e-05,0.10605563205358752,True
831_76,mp-978274,Mg6 Cd6,831,012,0.1941202854094611,72,0,na,"(12, 48)",1.0,5.806526535826269e-05,0.03446368097750235,True
178_8,mp-782,Te2 Pd1,178,211,0.2499999999999999,48,0,na,"(46, 52)",1.0,5.806863712908658e-05,0.045114273592387295,True
195_26,mp-30682,Zr8 Ga8,195,102,0.1376515149922318,48,0,na,"(31, 40)",1.0,5.8072009291521487e-05,0.1312551573941284,True
790_53,mp-1099,Ni4 Ge4,790,012,0.1224200621511384,32,0,na,"(28, 32)",1.0,5.807538184563563e-05,0.08990804905011852,True
45_2,mp-30746,Y1 Ir1,45,110,0.5,10,0,na,"(39, 77)",1.0,5.807875479149727e-05,0.08440316210579886,True
203_27,mp-363,Nb3 Ge6,203,100,0.4140440642144725,27,0,na,"(32, 41)",1.0,5.808212812917465e-05,0.12556591441969145,True
579_6,mp-2152,Y1 Ni5,579,211,0.2083333333333334,96,0,na,"(28, 39)",1.0,5.808550185873606e-05,,False
394_24,mp-1188062,Zr6 Sc2,394,001,0.0,16,0,na,"(21, 40)",1.0,5.808887598024978e-05,0.0938814949434866,True
820_4,mp-1734,Ca1 Zn5,820,212,0.2083333333333333,48,0,na,"(20, 30)",1.0,5.809225049378413e-05,0.05662427286902248,True
558_8,mp-2598,Ta5 Sb4,558,22-1,0.0569088889919254,72,0,na,"(51, 73)",1.0,5.8095625399407424e-05,0.09761436992198427,True
787_4,mp-1185970,Mn6 Co2,787,212,0.119561578194651,64,0,na,"(25, 27)",1.0,5.809900069718801e-05,,False
376_33,mp-11840,Ba4 Ag4,376,121,0.1937505334348906,32,0,na,"(47, 56)",1.0,5.810237638719424e-05,0.03155788931136354,True
136_18,mp-12723,Ca4 Au4,136,201,0.0,48,0,na,"(20, 79)",1.0,5.810575246949448e-05,0.04322243652637554,True
585_46,mp-985805,Al4 Ag8,585,021,0.0805123011549291,48,0,na,"(13, 47)",1.0,5.8109128944157125e-05,0.06539839327389288,True
605_45,mp-568992,Zr8 Ir8,605,010,0.0,16,0,na,"(40, 77)",1.0,5.811250581125058e-05,0.10391945497884883,True
714_5,mp-11575,Y1 Tl1,714,100,0.25,6,0,na,"(39, 81)",1.0,5.811588307084327e-05,0.06453130131781806,True
704_14,mp-12108,V2 Pt4,704,100,0.2499999999999999,24,0,na,"(23, 78)",1.0,5.81192607230036e-05,0.13966495349144756,True
208_23,mp-30490,Mg6 Cd2,208,102,0.25,48,0,na,"(12, 48)",1.0,5.812263876780006e-05,0.04470484875689135,True
420_6,mp-10711,V3 Si6,420,212,0.1240228583325718,72,0,na,"(14, 23)",1.0,5.812601720530109e-05,0.144157928394622,True
242_98,mp-11696,As12 W8,242,010,0.25,80,0,na,"(33, 74)",1.0,5.812939603557519e-05,0.09678316560002555,True
374_2,mp-2410,Sr1 Ag5,374,110,0.25,24,0,na,"(38, 47)",1.0,5.813277525869085e-05,0.04373259495515239,True
261_22,mp-979980,V2 Pd6,261,102,0.1229965955140528,48,0,na,"(23, 46)",1.0,5.813615487471659e-05,0.11051117044471856,True
868_7,mp-10598,Cu2 Sn2,868,210,0.0833333333333333,32,0,na,"(29, 50)",1.0,5.813953488372093e-05,0.05433801028650036,True
730_0,mp-10904,Al4 Pt4,730,111,0.0004998876746604,32,0,na,"(13, 78)",1.0,5.8142915285772426e-05,0.13469274498987785,True
330_17,mp-1186923,Re6 Rh2,330,100,0.0,24,0,na,"(45, 75)",1.0,5.814629608093964e-05,0.2116725370764002,True
498_23,mp-1337,Mo4 As8,498,21-1,0.0,96,0,na,"(33, 42)",1.0,5.8149677269291154e-05,0.08433649860603387,True
223_6,mp-2078,Ti2 Cu2,223,110,0.0,20,0,na,"(22, 29)",1.0,5.815305885089556e-05,0.11167534033494136,True
562_4,mp-611,Ag6 Sn2,562,111,0.5,32,0,na,"(47, 50)",1.0,5.815644082582146e-05,0.04651273426953312,True
626_17,mp-30883,V8 Zn10,626,100,0.1628771237932404,36,0,na,"(23, 30)",1.0,5.815982319413749e-05,,False
357_0,mp-865355,Zn6 Pt2,357,111,0.125,32,0,na,"(30, 78)",1.0,5.816320595591229e-05,0.06733878652196619,True
861_1,mp-915,Y1 Cd1,861,221,0.125,16,0,na,"(39, 48)",1.0,5.816658911121452e-05,0.0663648394074314,True
130_35,mp-696,Si4 Pt4,130,112,0.0,48,0,na,"(14, 78)",1.0,5.816997266011285e-05,0.08477175311323938,True
79_12,mp-321,Rh4 Pb8,79,210,0.1249999999999999,48,0,na,"(45, 82)",1.0,5.817335660267598e-05,0.03555669757608892,True
505_9,mp-570896,Tl8 Pd4,505,11-1,0.0,36,0,na,"(46, 81)",1.0,5.81767409389726e-05,0.02583795364557541,True
81_24,mp-2123,Nb6 Au4,81,102,0.0504585780257116,40,0,na,"(41, 79)",1.0,5.818012566907144e-05,0.12948483635234506,True
779_0,mp-549,Sc4 Sb4,779,111,0.25,24,0,na,"(21, 51)",1.0,5.8183510793041255e-05,0.11086872300682475,True
811_44,mp-7092,Ti4 Si4,811,011,0.3545510230925757,24,0,na,"(14, 22)",1.0,5.8186896310950775e-05,0.1510698366423051,True
282_14,mp-1066136,Y4 Pd4,282,101,0.0,32,0,na,"(39, 46)",1.0,5.819028222286878e-05,0.06531425200895911,True
809_15,mp-22478,Fe3 Ge3,809,2-12,0.125,48,0,na,"(26, 32)",1.0,5.819366852886406e-05,0.09989260258847023,True
216_7,mp-11266,Ba4 Cd8,216,110,0.1561913577042269,36,0,na,"(48, 56)",1.0,5.819705522900541e-05,0.03395717174123457,True
329_15,mp-30811,Ni8 W2,329,210,0.0253834572007782,40,0,na,"(28, 74)",1.0,5.820044232336166e-05,0.18160187890484422,True
288_1,mp-12724,Sr4 Zn4,288,111,0.2237340170942235,24,0,na,"(30, 38)",1.0,5.820382981200163e-05,0.03497624810857432,True
626_16,mp-30883,V8 Zn10,626,100,0.0779288265766524,36,0,na,"(23, 30)",1.0,5.820721769499418e-05,,False
350_3,mp-30619,Zr12 Co4,350,111,0.3918718719610845,64,0,na,"(27, 40)",1.0,5.821060597240817e-05,0.11375388900298158,True
631_40,mp-2698,Y4 Cu8,631,021,0.072397347785383,48,0,na,"(29, 39)",1.0,5.821399464431249e-05,0.07776445228719113,True
745_17,mp-2845,Sb2 Pt2,745,102,0.2499999999999999,24,0,na,"(51, 78)",1.0,5.821738371077604e-05,0.041500357658938086,True
160_2,mp-1299,Si2 Pt4,160,110,0.25,24,0,na,"(14, 78)",1.0,5.822077317186773e-05,0.11291347355912514,True
176_17,mp-1219509,Re1 Os1,176,102,0.4166666666666666,16,0,na,"(75, 76)",1.0,5.822416302765648e-05,0.22329681580206934,True
831_11,mp-978274,Mg6 Cd6,831,110,0.0547404429812914,48,0,na,"(12, 48)",1.0,5.822755327821125e-05,0.047032309290342265,True
761_112,mp-542634,Ta8 Te12,761,001,0.3235784236663118,20,0,na,"(52, 73)",1.0,5.8230943923601e-05,0.06868805852699918,True
556_15,mp-1207024,Zr6 Si4,556,210,0.1379482192919523,40,0,na,"(14, 40)",1.0,5.823433496389472e-05,0.14752257097496466,True
771_23,mp-1025513,Zr4 Ge4,771,201,0.0,48,0,na,"(32, 40)",1.0,5.8237726399161374e-05,0.09420079101462804,True
263_3,mp-11807,Li1 Pt1,263,212,0.1666666666666665,28,0,na,"(3, 78)",1.0,5.824111822947e-05,0.0880411399483556,True
267_10,mp-862716,Li2 Ag6,267,100,0.25,24,0,na,"(3, 47)",1.0,5.824451045488963e-05,0.04674622807483455,True
722_23,mp-2369,Sn4 Pd4,722,201,0.125,48,0,na,"(46, 50)",1.0,5.824790307548928e-05,0.06402454766651211,True
394_1,mp-1188062,Zr6 Sc2,394,221,0.0,64,0,na,"(21, 40)",1.0,5.8251296091338034e-05,0.1056102717108462,True
224_9,mp-13683,Hf4 Ge8,224,110,0.3444830166535997,36,0,na,"(32, 72)",1.0,5.825468950250495e-05,0.09303909835630111,True
819_1,mp-569683,In2 Au6,819,111,0.1254961784889802,32,0,na,"(49, 79)",1.0,5.825808330905913e-05,0.04556707110654242,True
708_13,mp-19876,In3 Ni3,708,100,0.1666666666666666,18,0,na,"(28, 49)",1.0,5.826147751106968e-05,0.07103748563411166,True
827_98,mp-2089,Zr2 Te6,827,010,0.0,24,0,na,"(40, 52)",1.0,5.826487210860572e-05,0.03914098009941409,True
831_10,mp-978274,Mg6 Cd6,831,221,0.4863979397694927,96,0,na,"(12, 48)",1.0,5.82682671017364e-05,0.041108452301480324,True
196_7,mp-862658,Li2 Cu6,196,101,0.125,32,0,na,"(3, 29)",1.0,5.8271662490530857e-05,0.07176664697036989,True
77_5,mp-12565,Mn2 Au8,77,221,0.1250000000000002,60,0,na,"(25, 79)",1.0,5.827505827505828e-05,0.06255631927301437,True
481_69,mp-11697,Ta4 Sb8,481,102,0.0,48,0,na,"(51, 73)",1.0,5.8278454455387845e-05,0.0963039608999995,True
520_28,mp-1070580,Al6 Ru4,520,001,0.2499999999999999,10,0,na,"(13, 44)",1.0,5.828185103158876e-05,0.07965734244316784,True
216_34,mp-11266,Ba4 Cd8,216,112,0.25,48,0,na,"(48, 56)",1.0,5.828524800373026e-05,0.031128289374188226,True
360_46,mp-570775,Ba4 Au4,360,011,0.0,16,0,na,"(56, 79)",1.0,5.828864537188156e-05,0.0299047114701588,True
542_11,mp-999376,Nb2 Pt2,542,210,0.0,32,0,na,"(41, 78)",1.0,5.829204313611192e-05,0.15154793370275196,True
331_2,mp-864941,Mg4 Sc8,331,111,0.4431150499543648,48,0,na,"(12, 21)",1.0,5.829544129649061e-05,0.07629114120762163,True
108_5,mp-1018149,Sc2 Cu4,108,212,0.0381384513891276,48,0,na,"(21, 29)",1.0,5.829883985308692e-05,0.09792555007938619,True
727_10,mp-1399,Al4 Au4,727,212,0.0454836367381046,48,0,na,"(13, 79)",1.0,5.830223880597015e-05,0.061656389595583644,True
52_19,mp-13164,Ti4 Pd2,52,001,0.0822047073538563,12,0,na,"(22, 46)",1.0,5.830563815520961e-05,0.1109361477287003,True
679_10,mp-1042,Hf4 Si4,679,110,0.5,32,0,na,"(14, 72)",1.0,5.830903790087464e-05,0.13438813952731607,True
517_5,mp-2583,Ti1 Rh1,517,210,0.125,16,0,na,"(22, 45)",1.0,5.831243804303458e-05,0.13529823308559388,True
339_36,mp-568746,Bi8 Pd4,339,201,0.0,36,0,na,"(46, 83)",1.0,5.831583858175881e-05,0.05320918734497714,True
481_78,mp-11697,Ta4 Sb8,481,011,0.0733412469721273,48,0,na,"(51, 73)",1.0,5.83192395171167e-05,0.07675467707813512,True
266_17,mp-28919,Hf6 Te4,266,201,0.125,60,0,na,"(52, 72)",1.0,5.832264084917765e-05,0.08123445990343042,True
418_25,mp-20714,Fe2 Sb4,418,120,0.125,36,0,na,"(26, 51)",1.0,5.832604257801108e-05,0.05956995871805597,True
682_5,mp-22240,Mn4 As4,682,221,0.1271508211143751,64,0,na,"(25, 33)",1.0,5.832944470368642e-05,0.07821685787203135,True
466_33,mp-1065995,Zr4 Pt4,466,021,0.5,32,0,na,"(40, 78)",1.0,5.833284722627312e-05,0.13982803301368057,True
638_7,mp-11514,Nb2 Pt4,638,211,0.0839113928027543,96,0,na,"(41, 78)",1.0,5.8336250145840624e-05,0.13558294565972542,True
692_36,mp-21237,Co8 Ge8,692,100,0.1897342217078481,16,0,na,"(27, 32)",1.0,5.833965346245843e-05,0.11982588308259605,True
518_0,mp-1725,Ca4 Zn8,518,111,2.220446049250313e-16,36,0,na,"(20, 30)",1.0,5.834305717619604e-05,0.05718258293651609,True
271_26,mp-1079460,Ti12 Sn4,271,120,0.0045439615244315,64,0,na,"(22, 50)",1.0,5.834646128712293e-05,0.1144148385514597,True
184_9,mp-1184119,Cu2 Pd6,184,201,0.0625,48,0,na,"(29, 46)",1.0,5.834986579530867e-05,0.10109195813068818,True
540_11,mp-973839,Pd2 Au6,540,112,0.2500000000000001,48,0,na,"(46, 79)",1.0,5.835327070082278e-05,0.054912501057341793,True
466_20,mp-1065995,Zr4 Pt4,466,121,2.220446049250313e-16,40,0,na,"(40, 78)",1.0,5.835667600373483e-05,0.12338482434227331,True
837_4,mp-20971,Sn1 Pt3,837,210,0.1249999999999999,24,0,na,"(50, 78)",1.0,5.8360081704114384e-05,0.09618796205477118,True
278_9,mp-1014231,Hf4 Zn2,278,210,0.125,48,0,na,"(30, 72)",1.0,5.836348780203105e-05,0.12140486941597738,True
477_7,mp-1431,Mn4 Si4,477,221,0.279863662885397,64,0,na,"(14, 25)",1.0,5.836689429755443e-05,0.15037806323627004,True
392_51,mp-31205,Zr12 Fe4,392,010,0.185033819409325,16,0,na,"(26, 40)",1.0,5.837030119075415e-05,0.13794825770403674,True
246_21,mp-1078464,Mn4 Ge4,246,210,0.1886751922529228,48,0,na,"(25, 32)",1.0,5.837370848169984e-05,0.1076114676514613,True
669_13,mp-628,Zr8 Co4,669,101,0.0,36,0,na,"(27, 40)",1.0,5.837711617046118e-05,0.10882394646742802,True
594_66,mp-7598,Nb4 As8,594,11-2,0.2134984651816099,48,0,na,"(33, 41)",1.0,5.838052425710783e-05,0.1112820512720991,True
261_23,mp-979980,V2 Pd6,261,102,0.2499999999999999,48,0,na,"(23, 46)",1.0,5.838393274170948e-05,0.10833850766416865,True
55_63,mp-274,Nb10 Sb8,55,012,0.1611306984684193,72,0,na,"(41, 51)",1.0,5.838734162433584e-05,,False
603_18,mp-971788,V2 Ru6,603,100,0.2537095761197872,24,0,na,"(23, 44)",1.0,5.839075090505664e-05,0.1943234378069617,True
770_28,mp-9954,Hf4 As4,770,001,0.0584439463584978,8,0,na,"(33, 72)",1.0,5.839416058394161e-05,0.13598732605759392,True
177_54,mp-30379,Ga4 Au4,177,012,0.1781763085251828,32,0,na,"(31, 79)",1.0,5.83975706610605e-05,0.05566670176686965,True
82_3,mp-16315,Ge4 Pt12,82,111,0.4999999999999999,80,0,na,"(32, 78)",1.0,5.840098113648309e-05,0.09025839405611498,True
246_6,mp-1078464,Mn4 Ge4,246,221,0.245037671454849,64,0,na,"(25, 32)",1.0,5.8404392010279176e-05,0.09931840957403383,True
213_22,mp-1078721,In4 Pd12,213,001,0.1880355698935429,16,0,na,"(46, 49)",1.0,5.8407803282518544e-05,0.08606477652334628,True
155_37,mp-1066254,Y4 Au4,155,010,0.25,8,0,na,"(39, 79)",1.0,5.841121495327103e-05,0.05941458459794445,True
882_44,mp-22239,Ge4 Rh4,882,011,0.3073596278368029,24,0,na,"(32, 45)",1.0,5.841462702260646e-05,0.11164178055045505,True
101_3,mp-1395,V1 Ru1,101,211,0.25,40,0,na,"(23, 44)",1.0,5.8418039490594695e-05,0.15312059586760896,True
319_32,mp-9969,Sc4 Si4,319,011,0.5,24,0,na,"(14, 21)",1.0,5.84214523573056e-05,0.10319593375694065,True
183_3,mp-1066078,Bi2 Pt2,183,212,0.0416666666666667,32,0,na,"(78, 83)",1.0,5.842486562280907e-05,0.0517306223650325,True
114_25,mp-1077503,Ti4 Si8,114,121,0.4999999999999999,60,0,na,"(14, 22)",1.0,5.8428279287175e-05,0.10156280029410951,True
595_22,mp-864735,Mn6 Ir2,595,2-12,0.1324702667967726,64,0,na,"(25, 77)",1.0,5.84316933504733e-05,,False
517_3,mp-2583,Ti1 Rh1,517,212,0.125,20,0,na,"(22, 45)",1.0,5.843510781277391e-05,0.121498985610029,True
145_3,mp-1364,Y4 Ni4,145,111,0.3054655884345331,32,0,na,"(28, 39)",1.0,5.84385226741468e-05,0.08172878614621334,True
871_55,mp-669917,Zr4 Rh4,871,010,0.25,16,0,na,"(40, 45)",1.0,5.844193793466192e-05,0.12803056812377359,True
666_12,mp-30494,Sc2 Cd6,666,101,0.0,24,0,na,"(21, 48)",1.0,5.844535359438925e-05,0.055178584951620493,True
467_5,mp-541,Ta6 Sb2,467,211,0.2499999999999999,96,0,na,"(51, 73)",1.0,5.844876965339879e-05,0.11775602602974752,True
526_0,mp-213,Ca1 Pd1,526,111,0.25,10,0,na,"(20, 46)",1.0,5.845218611176058e-05,0.055970683398645076,True
513_2,mp-2403,Y1 Pt3,513,110,0.25,16,0,na,"(39, 78)",1.0,5.845560296954463e-05,0.11020651258532059,True
246_18,mp-1078464,Mn4 Ge4,246,211,0.365075342909698,96,0,na,"(25, 32)",1.0,5.8459020226821e-05,,False
146_4,mp-1079938,Tl4 Pd12,146,110,0.25,64,0,na,"(46, 81)",1.0,5.846243788365975e-05,0.0748420094351406,True
733_13,mp-975799,Li2 Zn6,733,101,0.5,32,0,na,"(3, 30)",1.0,5.846585594013096e-05,0.056909675424385735,True
836_15,mp-1078699,Nb2 Pt6,836,211,0.061059965210914,96,0,na,"(41, 78)",1.0,5.846927439630474e-05,0.13605068309466983,True
882_37,mp-22239,Ge4 Rh4,882,112,0.057799526522878,48,0,na,"(32, 45)",1.0,5.84726932522512e-05,0.09779954830953641,True
155_34,mp-1066254,Y4 Au4,155,021,0.5,24,0,na,"(39, 79)",1.0,5.847611250804047e-05,0.08001799386784407,True
853_9,mp-2592,Si4 Mo2,853,210,0.125,48,0,na,"(14, 42)",1.0,5.847953216374269e-05,0.14870071723372702,True
361_11,mp-865611,Mg2 Rh6,361,210,0.0817642101139739,64,0,na,"(12, 45)",1.0,5.848295221942804e-05,0.12834520267763133,True
785_2,mp-2302,As4 Rh8,785,221,0.0625,72,0,na,"(33, 45)",1.0,5.848637267516669e-05,0.10472752446124292,True
795_25,mp-1206704,Mo2 Pd4,795,011,0.5,18,0,na,"(42, 46)",1.0,5.848979353102884e-05,0.13857764821847174,True
842_29,mp-2500,Al10 Cu10,842,101,0.0275682215653975,60,0,na,"(13, 29)",1.0,5.84932147870847e-05,0.10374370136292614,True
550_1,mp-1206819,Zn1 Ir1,550,221,0.125,32,0,na,"(30, 77)",1.0,5.8496636443404506e-05,0.10155148869770372,True
563_5,mp-22568,V6 Ga2,563,211,0.2499999999999998,96,0,na,"(23, 31)",1.0,5.85000585000585e-05,,False
248_7,mp-189,Si4 Ru4,248,221,0.3793782638859611,64,0,na,"(14, 44)",1.0,5.850348095711695e-05,0.1431316296362466,True
185_12,mp-1079681,Zr2 Au6,185,110,0.75,24,0,na,"(40, 79)",1.0,5.850690381465013e-05,0.09417073397201281,True
439_5,mp-1187206,Ta12 W4,439,210,0.0625,64,0,na,"(73, 74)",1.0,5.851032707272834e-05,0.17557924102659778,True
440_0,mp-11387,Hf2 Ga6,440,111,0.125,32,0,na,"(31, 72)",1.0,5.8513750731421886e-05,0.08406533169117188,True
61_2,mp-1743,Mo10 As8,61,111,0.1926815864951905,72,0,na,"(33, 42)",1.0,5.85171747908011e-05,,False
56_31,mp-1220678,Nb8 Pd4,56,001,0.0813943770258695,12,0,na,"(41, 46)",1.0,5.852059925093633e-05,0.11209784289780647,True
473_23,mp-1215634,Zr12 Te18,473,101,0.2138362292396417,60,0,na,"(40, 52)",1.0,5.8524024111897934e-05,,False
843_38,mp-2430,Zr4 Ge8,843,021,0.1449243787337585,36,0,na,"(32, 40)",1.0,5.852744937375629e-05,0.1091466726796116,True
840_11,mp-2170,Li2 Pt1,840,201,0.0416666666666667,24,0,na,"(3, 78)",1.0,5.85308750365818e-05,0.0761520471604081,True
448_8,mp-522,Cu1 Au1,448,100,0.25,8,0,na,"(29, 79)",1.0,5.853430110044486e-05,0.0747805097693502,True
337_6,mp-1187203,Ta12 Re4,337,100,0.125,32,0,na,"(73, 75)",1.0,5.853772756541591e-05,0.2024479852352103,True
242_42,mp-11696,As12 W8,242,101,0.25,40,0,na,"(33, 74)",1.0,5.854115443156539e-05,0.12848520929061183,True
199_12,mp-2187,Ti2 Sb2,199,201,0.1458333333333333,24,0,na,"(22, 51)",1.0,5.854458169896376e-05,0.093809686057179,True
531_21,mp-1008626,V1 Te2,531,001,0.5,6,0,na,"(23, 52)",1.0,5.85480093676815e-05,0.0007007935687727869,True
285_63,mp-15669,Ti6 Te8,285,102,0.0127511819683396,56,0,na,"(22, 52)",1.0,5.85514374377891e-05,0.062272190953266665,True
498_37,mp-1337,Mo4 As8,498,100,0.25,24,0,na,"(33, 42)",1.0,5.855486590935707e-05,0.08862895584818434,True
879_5,mp-1907,Ti1 Te2,879,212,0.0400214845295026,30,0,na,"(22, 52)",1.0,5.8558294782455936e-05,0.039164484870325644,True
612_8,mp-1217180,Ti12 Te18,612,110,0.496489782957589,90,0,na,"(22, 52)",1.0,5.856172405715624e-05,,False
76_2,mp-866134,V4 Fe12,76,221,0.0625,96,0,na,"(23, 26)",1.0,5.856515373352855e-05,0.17478800482112564,True
649_6,mp-862714,Be6 Ir2,649,210,0.1249999999999999,64,0,na,"(4, 77)",1.0,5.856858381164344e-05,0.14872917529453802,True
146_14,mp-1079938,Tl4 Pd12,146,101,0.4371562843339802,48,0,na,"(46, 81)",1.0,5.857201429157149e-05,0.0757257024434324,True
737_1,mp-569426,Sr4 Zn8,737,111,0.1457272871233021,36,0,na,"(30, 38)",1.0,5.857544517338332e-05,0.043498652433406636,True
62_48,mp-16240,Ag6 Sb2,62,021,0.3037988256270854,48,0,na,"(47, 51)",1.0,5.8578876457149553e-05,0.03968252456814247,True
527_20,mp-862604,Re6 Ni2,527,2-12,0.1253486917176722,48,0,na,"(28, 75)",1.0,5.858230814294083e-05,0.2267247555083601,True
744_20,mp-2157,Co6 W2,744,2-12,0.1287519575799657,64,0,na,"(27, 74)",1.0,5.8585740230827815e-05,0.20567367463082442,True
604_4,mp-21845,Fe1 Pd3,604,210,0.125,24,0,na,"(26, 46)",1.0,5.858917272088118e-05,0.10905301828635192,True
130_26,mp-696,Si4 Pt4,130,122,0.0945692034791427,48,0,na,"(14, 78)",1.0,5.8592605613171615e-05,0.0960680596856898,True
226_32,mp-31103,Ni6 Te4,226,201,0.0873101149301796,40,0,na,"(28, 52)",1.0,5.859603890776984e-05,0.05543608937938095,True
255_40,mp-1079296,Hf2 Au6,255,011,0.0007721679859002,24,0,na,"(72, 79)",1.0,5.859947260474656e-05,0.08315559901049864,True
451_1,mp-20711,Fe12 Ge4,451,111,0.3750000000000002,64,0,na,"(26, 32)",1.0,5.860290670417253e-05,0.1325757410803783,True
156_7,mp-1425,Ti8 Cr16,156,100,0.0625,48,0,na,"(22, 24)",1.0,5.86063412061185e-05,,False
67_69,mp-1482,Zr16 Al24,67,010,0.125,80,0,na,"(13, 40)",1.0,5.8609776110655256e-05,0.10849297167879526,True
459_13,mp-974616,Pt6 Rh2,459,001,0.125,16,0,na,"(45, 78)",1.0,5.8613211417853584e-05,0.12415844666343685,True
594_80,mp-7598,Nb4 As8,594,021,0.0,96,0,na,"(33, 41)",1.0,5.861664712778429e-05,0.08913445701699589,True
553_1,mp-818,Si4 Rh4,553,111,0.0856888573550558,40,0,na,"(14, 45)",1.0,5.86200832405182e-05,0.12521752082449927,True
717_10,mp-31348,Sc4 In2,717,101,0.0416666666666667,18,0,na,"(21, 49)",1.0,5.862351975612616e-05,0.08496380092086134,True
546_22,mp-1241,Ba4 Ag8,546,112,0.208787381429099,48,0,na,"(47, 56)",1.0,5.862695667467901e-05,0.0435296641435249,True
363_0,mp-30672,Ti6 Ga2,363,111,0.0,40,0,na,"(22, 31)",1.0,5.8630393996247655e-05,0.12901750293047715,True
48_4,mp-317,Sn4 Rh4,48,221,0.0118482212940889,48,0,na,"(45, 50)",1.0,5.863383172090296e-05,0.07914521644420283,True
153_0,mp-12802,Al2 Cu6,153,111,0.0,32,0,na,"(13, 29)",1.0,5.863726984871584e-05,0.09824112358594628,True
625_36,mp-22498,Cr2 Sb4,625,012,0.0105795917798747,24,0,na,"(24, 51)",1.0,5.8640708379757225e-05,,False
211_42,mp-10032,Ge8 Os4,211,20-1,0.2500000000000001,48,0,na,"(32, 76)",1.0,5.864414731409805e-05,0.06439790537868906,True
220_0,mp-19880,Fe2 Te4,220,111,0.182838065491822,24,0,na,"(26, 52)",1.0,5.864758665180928e-05,0.04907153728936175,True
838_3,mp-11814,Rb4 Au6,838,221,0.1249999999999999,60,0,na,"(37, 79)",1.0,5.865102639296188e-05,,False
560_26,mp-31144,Rb6 Au14,560,121,0.0442631922523339,60,0,na,"(37, 79)",1.0,5.865446653762684e-05,0.029407698346651953,True
406_6,mp-983509,Na6 Cd2,406,212,0.4999999999999999,48,0,na,"(11, 48)",1.0,5.865790708587517e-05,0.018031846668680473,True
175_18,mp-11549,V2 Pd4,175,121,0.25,48,0,na,"(23, 46)",1.0,5.866134803777791e-05,0.12528762137676877,True
167_4,mp-933,Y4 As4,167,210,0.1249999999999999,32,0,na,"(33, 39)",1.0,5.866478939340608e-05,0.06543200910772674,True
255_2,mp-1079296,Hf2 Au6,255,111,0.377570484152784,32,0,na,"(72, 79)",1.0,5.866823115283074e-05,0.08987659272308883,True
708_12,mp-19876,In3 Ni3,708,201,0.2500000000000002,36,0,na,"(28, 49)",1.0,5.867167331612298e-05,0.06977518703980472,True
616_17,mp-10909,Al2 Re4,616,102,0.080688696354265,24,0,na,"(13, 75)",1.0,5.867511588335387e-05,0.18682032772382748,True
514_6,mp-2767,Ti1 Ga1,514,101,0.5,10,0,na,"(22, 31)",1.0,5.867855885459453e-05,0.09323540818001294,True
381_3,mp-697068,Si3 Pd6,381,111,0.735247957430346,45,0,na,"(14, 46)",1.0,5.8682002229916086e-05,0.08192903635054233,True
296_14,mp-11283,Zr1 Be5,296,100,0.4166666666666667,18,0,na,"(4, 40)",1.0,5.868544600938967e-05,0.18724841379140753,True
363_16,mp-30672,Ti6 Ga2,363,201,0.25,48,0,na,"(22, 31)",1.0,5.868889019308645e-05,0.11559139102023033,True
873_30,mp-1078957,Ta6 Be4,873,102,0.0284059091180406,80,0,na,"(4, 73)",1.0,5.869233478107759e-05,0.18599514662653846,True
493_40,mp-542640,Ge4 Pt4,493,102,0.0520751365688597,48,0,na,"(32, 78)",1.0,5.918210333195242e-05,0.07597355308578957,True
49_10,mp-11192,Ta3 Si6,49,212,0.4683115564512153,72,0,na,"(14, 73)",1.0,5.918560606060606e-05,0.14114168703824123,True
535_16,mp-16514,Al6 Ni10,535,100,0.1116089175309831,32,0,na,"(13, 28)",1.0,5.918910920390648e-05,0.14190144346877395,True
285_7,mp-15669,Ti6 Te8,285,110,0.177968659700328,42,0,na,"(22, 52)",1.0,5.919261276192731e-05,0.04291180693304334,True
880_40,mp-567889,Ti8 Ge16,880,001,0.125,48,0,na,"(22, 32)",1.0,5.91961167347422e-05,0.09244632050966138,True
696_0,mp-11277,Sc1 Be5,696,111,0.2499999999999997,36,0,na,"(4, 21)",1.0,5.9199621122424815e-05,0.1407892411992184,True
602_25,mp-2455,As4 Os2,602,112,0.4999999999999999,30,0,na,"(33, 76)",1.0,5.920312592504884e-05,0.10382723937088364,True
722_35,mp-2369,Sn4 Pd4,722,120,0.2499999999999999,48,0,na,"(46, 50)",1.0,5.920663114268798e-05,0.05943121983668053,True
331_43,mp-864941,Mg4 Sc8,331,021,0.170463075631318,36,0,na,"(12, 21)",1.0,5.921013677541595e-05,0.07522019483154106,True
379_2,mp-21342,V6 Sn2,379,110,0.125,24,0,na,"(23, 50)",1.0,5.921364282330649e-05,0.1335216831353611,True
544_11,mp-11278,Ta8 Be4,544,210,0.0401637725926473,48,0,na,"(4, 73)",1.0,5.921714928643335e-05,0.17732229259475024,True
190_6,mp-2762,Y8 Ir16,190,210,0.0312499999999999,96,0,na,"(39, 77)",1.0,5.922065616487031e-05,0.12749033692422063,True
581_14,mp-1186060,Mn2 Os6,581,101,0.5000000000000001,32,0,na,"(25, 76)",1.0,5.922416345869114e-05,0.217357295024729,True
518_35,mp-1725,Ca4 Zn8,518,102,0.0689894575077312,48,0,na,"(20, 30)",1.0,5.922767116796968e-05,0.05519568531486698,True
432_2,mp-1018178,Ba4 Zn2,432,221,0.0320470122767925,48,0,na,"(30, 56)",1.0,5.923117929277972e-05,0.024238093428532094,True
503_19,mp-13270,Ca4 Ag8,503,201,0.1250000000000001,72,0,na,"(20, 47)",1.0,5.923468783319512e-05,0.050120756197864706,True
738_32,mp-1008505,Ba4 Pd4,738,112,0.25,48,0,na,"(46, 56)",1.0,5.9238196789289736e-05,0.03341954084052298,True
235_35,mp-30738,Li2 Ir6,235,120,0.2063651256820762,32,0,na,"(3, 77)",1.0,5.924170616113744e-05,0.14862233484675638,True
794_21,mp-30673,Ti4 Ga6,794,210,0.0720373397506371,40,0,na,"(22, 31)",1.0,5.9245215948812136e-05,0.09624638697999281,True
475_7,mp-1018056,Hf4 Ni4,475,110,0.4999999999999999,32,0,na,"(28, 72)",1.0,5.924872615238773e-05,0.12595956748251425,True
173_24,mp-862586,Re6 Pd2,173,102,0.25,48,0,na,"(46, 75)",1.0,5.9252236771938144e-05,0.2095872079520136,True
728_45,mp-13010,Y4 Sn8,728,012,0.0778873155825107,72,0,na,"(39, 50)",1.0,5.925574780753733e-05,,False
389_5,mp-1183837,Co6 Ni2,389,212,0.2521722293600117,64,0,na,"(27, 28)",1.0,5.925925925925926e-05,0.16374766967915666,True
458_15,mp-13452,Be2 Pd4,458,112,0.5000000000000001,36,0,na,"(4, 46)",1.0,5.926277112717791e-05,0.10902355946842582,True
589_39,mp-19724,Cu6 Ge2,589,102,0.1249999999999998,48,0,na,"(29, 32)",1.0,5.926628341136728e-05,0.07099164930469122,True
487_27,mp-999143,Sr4 Pd4,487,120,0.1814001968076438,24,0,na,"(38, 46)",1.0,5.9269796111901376e-05,0.05183110676217579,True
821_0,mp-867264,Re6 Os2,821,111,0.0,40,0,na,"(75, 76)",1.0,5.927330922885425e-05,0.225821944846544,True
870_25,mp-12104,Nb3 Si6,870,100,0.0795068633760305,27,0,na,"(14, 41)",1.0,5.927682276229994e-05,0.13827275879114434,True
816_8,mp-1080443,Y4 Cu4,816,110,0.0,24,0,na,"(29, 39)",1.0,5.928033671231253e-05,0.08025428305265374,True
355_6,mp-19962,Sn8 Pt4,355,100,0.125,24,0,na,"(50, 78)",1.0,5.928385107896609e-05,0.05014610350597813,True
275_0,mp-1412,Ti6 Sb2,275,111,0.125,32,0,na,"(22, 51)",1.0,5.9287365862334735e-05,0.09564621820186131,True
167_5,mp-933,Y4 As4,167,100,0.2499999999999999,16,0,na,"(33, 39)",1.0,5.9290881062492586e-05,0.04127439761843137,True
567_14,mp-11393,Nb6 Ga4,567,210,0.050319811347478,40,0,na,"(31, 41)",1.0,5.9294396679513786e-05,0.1448030274887877,True
142_4,mp-1218044,Ta6 Ru4,142,111,0.4511449885432023,50,0,na,"(44, 73)",1.0,5.929791271347249e-05,0.14576297967930907,True
51_4,mp-985296,Ag6 Pd2,51,211,0.0625000000000002,96,0,na,"(46, 47)",1.0,5.930142916444286e-05,0.065459096934491,True
256_20,mp-570199,Ti3 Pd5,256,201,0.0343341725691068,64,0,na,"(22, 46)",1.0,5.930494603249911e-05,0.1220096566434592,True
315_3,mp-1585,V6 Co2,315,110,0.375,32,0,na,"(23, 27)",1.0,5.930846331771544e-05,,False
450_12,mp-2348,Zr4 Au2,450,201,0.0401084645068738,48,0,na,"(40, 79)",1.0,5.931198102016607e-05,0.10968281427180786,True
570_5,mp-11541,Zr1 Os1,570,100,0.2499999999999999,8,0,na,"(40, 76)",1.0,5.9315499139925264e-05,0.18593691626600958,True
603_21,mp-971788,V2 Ru6,603,102,0.0,48,0,na,"(23, 44)",1.0,5.931901767706727e-05,0.1670786681748147,True
872_38,mp-20928,Sb4 Ru2,872,012,0.1506092423022807,24,0,na,"(44, 51)",1.0,5.932253663166637e-05,0.07859665005923155,True
575_7,mp-865168,Be6 Ni2,575,101,0.125,32,0,na,"(4, 28)",1.0,5.932605600379687e-05,0.17734256786054292,True
249_3,mp-30867,Sc1 Ru1,249,211,0.25,32,0,na,"(21, 44)",1.0,5.932957579353308e-05,0.12359657938278529,True
738_27,mp-1008505,Ba4 Pd4,738,120,0.0,24,0,na,"(46, 56)",1.0,5.933309600094933e-05,0.040949131498789856,True
498_59,mp-1337,Mo4 As8,498,12-2,0.152091661555117,96,0,na,"(33, 42)",1.0,5.933661662611998e-05,,False
406_17,mp-983509,Na6 Cd2,406,201,0.25,32,0,na,"(11, 48)",1.0,5.93401376691194e-05,0.022119893177736848,True
418_40,mp-20714,Fe2 Sb4,418,001,0.0727889112338449,12,0,na,"(26, 51)",1.0,5.934365913002196e-05,0.08951333005644171,True
384_0,mp-999133,Ta2 Pd2,384,111,0.0,20,0,na,"(46, 73)",1.0,5.934718100890208e-05,0.13636697037965004,True
561_16,mp-2025,Hf1 Be5,561,102,0.0833333333333333,48,0,na,"(4, 72)",1.0,5.935070330583418e-05,0.17892652588754726,True
153_8,mp-12802,Al2 Cu6,153,221,0.3117562857614937,64,0,na,"(13, 29)",1.0,5.935422602089269e-05,0.1022177576767037,True
62_24,mp-16240,Ag6 Sb2,62,101,0.3757804055716213,24,0,na,"(47, 51)",1.0,5.935774915415207e-05,0.03749853989868037,True
127_1,mp-1963,Nb1 Rh1,127,221,0.1250000000000001,24,0,na,"(41, 45)",1.0,5.936127270568681e-05,0.15722895322862931,True
319_19,mp-9969,Sc4 Si4,319,122,0.0437297322744782,64,0,na,"(14, 21)",1.0,5.936479667557139e-05,0.09549789854244989,True
571_18,mp-1606,Nb1 Au2,571,001,0.25,12,0,na,"(41, 79)",1.0,5.936832106388032e-05,0.09605860364548639,True
527_16,mp-862604,Re6 Ni2,527,201,0.25,48,0,na,"(28, 75)",1.0,5.937184587068812e-05,0.24211458314328163,True
634_15,mp-865960,Co2 Re6,634,201,0.0,48,0,na,"(27, 75)",1.0,5.9375371096069353e-05,0.2017604881665178,True
465_5,mp-2213,Fe1 Ni1,465,210,0.125,20,0,na,"(26, 28)",1.0,5.937889674009857e-05,0.1563914930348119,True
625_23,mp-22498,Cr2 Sb4,625,120,0.125,36,0,na,"(24, 51)",1.0,6.004202942059442e-05,0.053218416203859094,True
827_53,mp-2089,Zr2 Te6,827,10-1,0.5,16,0,na,"(40, 52)",1.0,6.00456346823586e-05,0.04872961735588161,True
497_0,mp-1558,Sr8 Pd16,497,111,0.0625,72,0,na,"(38, 46)",1.0,6.004924037710923e-05,0.07042455214548747,True
126_36,mp-11411,Sc4 Ga4,126,010,0.1103536625027566,8,0,na,"(21, 31)",1.0,6.005284650492433e-05,0.13242225241869063,True
141_2,mp-1129,Sc1 Ir1,141,110,0.5,10,0,na,"(21, 77)",1.0,6.0056453065881926e-05,0.11691567009117036,True
770_19,mp-9954,Hf4 As4,770,201,0.2291666666666667,64,0,na,"(33, 72)",1.0,6.006006006006006e-05,0.12939328923639673,True
666_21,mp-30494,Sc2 Cd6,666,102,0.1250386981309893,48,0,na,"(21, 48)",1.0,6.006366748753679e-05,0.05727933748264361,True
711_15,mp-10905,Al3 Pt2,711,201,0.25,30,0,na,"(13, 78)",1.0,6.00672753483902e-05,0.11301382194619905,True
713_5,mp-1973,Nb2 Ga6,713,211,0.1875,96,0,na,"(31, 41)",1.0,6.007088364269839e-05,,False
692_57,mp-21237,Co8 Ge8,692,112,0.25,96,0,na,"(27, 32)",1.0,6.007449237053947e-05,0.09811625526410782,True
795_4,mp-1206704,Mo2 Pd4,795,110,0.5,30,0,na,"(42, 46)",1.0,6.007810153199159e-05,0.11177691072872027,True
809_0,mp-22478,Fe3 Ge3,809,111,0.2500000000000001,30,0,na,"(26, 32)",1.0,6.00817111271329e-05,0.09391044569873154,True
473_0,mp-1215634,Zr12 Te18,473,111,0.0309438765489067,90,0,na,"(40, 52)",1.0,6.008532115604158e-05,,False
382_7,mp-862260,Sc2 Zn6,382,211,2.220446049250313e-16,96,0,na,"(21, 30)",1.0,6.008893161879582e-05,0.08126591210977485,True
426_3,mp-481,Sc1 Pt3,426,211,0.125,64,0,na,"(21, 78)",1.0,6.009254251547383e-05,0.12418880734281548,True
438_11,mp-1216621,Ti2 W2,438,120,0.1249999999999997,24,0,na,"(22, 74)",1.0,6.009615384615385e-05,0.16911908624829616,True
331_41,mp-864941,Mg4 Sc8,331,011,0.25,36,0,na,"(12, 21)",1.0,6.009976561091412e-05,0.07196535063317298,True
829_12,mp-13155,Hf4 Ag2,829,201,0.0412988734966175,48,0,na,"(47, 72)",1.0,6.010337780983292e-05,0.1191938501519051,True
290_0,mp-1183995,Ga1 Cu3,290,111,0.5,20,0,na,"(29, 31)",1.0,6.010699044298852e-05,0.06293240682554256,True
136_32,mp-12723,Ca4 Au4,136,102,0.125,48,0,na,"(20, 79)",1.0,6.011060351045925e-05,0.04237656599706457,True
824_17,mp-578,Ga3 Ag6,824,212,0.2289023182509922,72,0,na,"(31, 47)",1.0,6.0114217012323416e-05,0.04446284629747964,True
64_10,mp-30435,Ba4 Zn8,64,22-1,0.0,48,0,na,"(30, 56)",1.0,6.0117830948659375e-05,0.03471400767251964,True
475_27,mp-1018056,Hf4 Ni4,475,102,0.1250000000000001,48,0,na,"(28, 72)",1.0,6.012144531954548e-05,0.12524044889196037,True
81_21,mp-2123,Nb6 Au4,81,112,0.0996314106330302,50,0,na,"(41, 79)",1.0,6.012506012506013e-05,0.13153400245423633,True
875_23,mp-1515,Zr4 Si8,875,121,0.0916196217411058,60,0,na,"(14, 40)",1.0,6.01286753652817e-05,0.10933369248627352,True
585_48,mp-985805,Al4 Ag8,585,010,0.2499999999999999,24,0,na,"(13, 47)",1.0,6.013229104028864e-05,0.058891986402151375,True
170_5,mp-1932,Nb6 Os2,170,211,0.2499999999999999,96,0,na,"(41, 76)",1.0,6.013590715015936e-05,0.16880628041228973,True
214_16,mp-7192,Sc4 Sb2,214,101,0.25,18,0,na,"(21, 51)",1.0,6.013952369497234e-05,0.08502014276894222,True
838_18,mp-11814,Rb4 Au6,838,122,0.125,60,0,na,"(37, 79)",1.0,6.014314067480604e-05,0.018195957258569963,True
590_2,mp-975834,Mo2 Ru6,590,110,0.2500585567485309,32,0,na,"(42, 44)",1.0,6.014675808973896e-05,0.18412883395164306,True
289_42,mp-1079467,Y2 Au6,289,011,0.25,24,0,na,"(39, 79)",1.0,6.015037593984962e-05,0.06549640099836995,True
214_12,mp-7192,Sc4 Sb2,214,211,0.304920796709009,72,0,na,"(21, 51)",1.0,6.015399422521656e-05,0.07625881482169225,True
837_0,mp-20971,Sn1 Pt3,837,111,0.5,20,0,na,"(50, 78)",1.0,6.015761294591831e-05,0.07540554653476675,True
787_18,mp-1185970,Mn6 Co2,787,100,0.2478246312778604,24,0,na,"(25, 27)",1.0,6.016123210203345e-05,0.19624396951537595,True
408_32,mp-1444,Ca4 Cd8,408,112,0.25,48,0,na,"(20, 48)",1.0,6.0164851693640576e-05,0.04671442308665543,True
136_31,mp-12723,Ca4 Au4,136,112,0.25,48,0,na,"(20, 79)",1.0,6.016847172081829e-05,0.04371391844239953,True
748_49,mp-677,Sr4 Cd8,748,012,0.125,48,0,na,"(38, 48)",1.0,6.017209218364522e-05,0.037768079072469894,True
727_14,mp-1399,Al4 Au4,727,212,0.4999999999999998,48,0,na,"(13, 79)",1.0,6.017571308220002e-05,0.06416621209309906,True
333_1,mp-9972,Y4 Si4,333,111,0.4999999999999997,32,0,na,"(14, 39)",1.0,6.017933441656135e-05,0.07036574521458584,True
708_11,mp-19876,In3 Ni3,708,201,0.0416666666666667,36,0,na,"(28, 49)",1.0,6.0182956186807895e-05,0.07805612563102748,True
460_10,mp-866046,Ti6 In2,460,210,0.1245031573396747,48,0,na,"(22, 49)",1.0,6.018657839301836e-05,0.12389592201564538,True
657_4,mp-570832,Sr1 Pt5,657,212,0.2083333333333334,48,0,na,"(38, 78)",1.0,6.0190201035271456e-05,0.09257901450123303,True
763_20,mp-19713,Sc6 In2,763,2-12,0.1236235934182943,48,0,na,"(21, 49)",1.0,6.019382411364594e-05,0.08700837643876527,True
463_4,mp-861931,Li1 Pt3,463,210,0.125,24,0,na,"(3, 78)",1.0,6.019744762822056e-05,0.11277988249686671,True
789_4,mp-1079810,Hf3 Sn6,789,110,0.251335090162943,36,0,na,"(50, 72)",1.0,6.02010715790741e-05,0.06872445411619892,True
298_69,mp-11675,Nb6 Te12,298,11-2,0.4367905328287859,72,0,na,"(41, 52)",1.0,6.020469596628537e-05,,False
449_7,mp-1219533,Re1 Ir1,449,210,0.1666666666666666,24,0,na,"(75, 77)",1.0,6.020832078993317e-05,0.21883715438010332,True
217_0,mp-30571,Tl8 Au4,217,111,0.0955084346552438,36,0,na,"(79, 81)",1.0,6.021194605009634e-05,0.01954014506183564,True
700_6,mp-389,Si4 Pd4,700,221,0.25,64,0,na,"(14, 46)",1.0,6.021557174685374e-05,0.08090690949571426,True
229_17,mp-1217358,Te3 Au1,229,102,0.2057455864830473,16,0,na,"(52, 79)",1.0,6.021919788028424e-05,0.010616208751932883,True
867_4,mp-1018156,Hf4 Cd2,867,110,0.5,30,0,na,"(48, 72)",1.0,6.0222824450466725e-05,0.10426655482353694,True
372_10,mp-1079997,V2 Pt16,372,210,0.0475287936100023,72,0,na,"(23, 78)",1.0,6.092731371473832e-05,0.13366837751567515,True
123_17,mp-11252,Mn2 Au4,123,102,0.0900411382806538,24,0,na,"(25, 79)",1.0,6.093102607847916e-05,0.07550178315248755,True
389_1,mp-1183837,Co6 Ni2,389,221,0.0,80,0,na,"(27, 28)",1.0,6.093473889464384e-05,0.16549281395087867,True
784_18,mp-1025223,Hf4 Al3,784,100,0.1666666666666667,21,0,na,"(13, 72)",1.0,6.093845216331505e-05,0.12110755719721863,True
212_12,mp-11531,V2 Ni4,212,201,0.0419423464993151,48,0,na,"(23, 28)",1.0,6.094216588457554e-05,0.16625236240674532,True
869_25,mp-30683,Zr4 Ga8,869,120,0.25,36,0,na,"(31, 40)",1.0,6.094588005850804e-05,0.09751410092175529,True
164_10,mp-267,Te4 Ru2,164,211,0.13909620688856,72,0,na,"(44, 52)",1.0,6.094959468519534e-05,0.06659087272256008,True
105_9,mp-1014229,Ti4 Zn2,105,210,0.125,48,0,na,"(22, 30)",1.0,6.095330976472023e-05,0.12210559703662305,True
148_12,mp-1048,Ti2 Ni2,148,212,0.167799938586281,40,0,na,"(22, 28)",1.0,6.09570252971655e-05,0.13841436832613888,True
50_24,mp-1936,Ta4 As4,50,102,0.3325994199999972,32,0,na,"(33, 73)",1.0,6.0960741282614e-05,0.14889787880567573,True
843_24,mp-2430,Zr4 Ge8,843,121,0.190776015895604,48,0,na,"(32, 40)",1.0,6.096445772114857e-05,0.07774606903957818,True
390_2,mp-1079914,Hf4 Sb4,390,111,0.4819868296049634,32,0,na,"(51, 72)",1.0,6.0968174612852094e-05,0.0788135324295118,True
875_40,mp-1515,Zr4 Si8,875,021,1.0,48,0,na,"(14, 40)",1.0,6.097189195780745e-05,0.13852601124459937,True
770_15,mp-9954,Hf4 As4,770,101,0.3668878927169958,32,0,na,"(33, 72)",1.0,6.097560975609756e-05,0.11524929594033799,True
756_28,mp-952,Mo2 Pt4,756,010,0.25,18,0,na,"(42, 78)",1.0,6.097932800780535e-05,0.16911259447746912,True
651_21,mp-1064981,Hf4 Co4,651,120,0.0,32,0,na,"(27, 72)",1.0,6.098304671301378e-05,0.13434022699305886,True
789_20,mp-1079810,Hf3 Sn6,789,101,0.0846684234962763,27,0,na,"(50, 72)",1.0,6.0986765871805816e-05,0.07034153165042382,True
562_48,mp-611,Ag6 Sn2,562,021,0.3095287547789436,48,0,na,"(47, 50)",1.0,6.099048548426445e-05,0.04641409713335754,True
323_16,mp-1217895,Ta2 Mo2,323,010,0.25,12,0,na,"(42, 73)",1.0,6.099420555047271e-05,,False
560_40,mp-31144,Rb6 Au14,560,011,0.2232554400375903,40,0,na,"(37, 79)",1.0,6.09979260705136e-05,0.029686152437535605,True
793_77,mp-1072660,V4 As8,793,011,0.1501216591401828,48,0,na,"(23, 33)",1.0,6.10016470444702e-05,0.08900287929978534,True
783_16,mp-30745,Ir6 W2,783,201,0.2500000000000001,48,0,na,"(74, 77)",1.0,6.1005368472425575e-05,0.1850353856938591,True
654_0,mp-11416,Ta2 Ga6,654,111,0.1250000000000001,32,0,na,"(31, 73)",1.0,6.1009090354462815e-05,0.07627798080844325,True
591_14,mp-12752,Zr4 Al3,591,101,0.3795697720488853,21,0,na,"(13, 40)",1.0,6.101281269066504e-05,0.11551062270094342,True
824_43,mp-578,Ga3 Ag6,824,2-12,0.2571517589993393,72,0,na,"(31, 47)",1.0,6.101653548111538e-05,0.04473292257668041,True
211_27,mp-10032,Ge8 Os4,211,21-2,0.0,60,0,na,"(32, 76)",1.0,6.1020258725897e-05,0.10814316639440183,True
429_36,mp-208,Ge4 Ir4,429,112,0.1831371085292338,48,0,na,"(32, 77)",1.0,6.102398242509306e-05,0.10445824248686149,True
561_5,mp-2025,Hf1 Be5,561,211,0.0833333333333333,96,0,na,"(4, 72)",1.0,6.102770657878677e-05,0.16951939894689236,True
129_2,mp-23241,Y4 Bi4,129,110,0.25,24,0,na,"(39, 83)",1.0,6.1031431187061336e-05,0.057806246707770736,True
482_19,mp-862621,Ga4 Pt12,482,100,0.1045517004846177,32,0,na,"(31, 78)",1.0,6.103515625e-05,0.1074545530578251,True
361_4,mp-865611,Mg2 Rh6,361,110,0.1635284202279477,40,0,na,"(12, 45)",1.0,6.103888176768602e-05,0.14320420094708958,True
248_14,mp-189,Si4 Ru4,248,211,0.216987237749322,96,0,na,"(14, 44)",1.0,6.104260774020266e-05,0.15554255800678582,True
165_0,mp-1009133,Mn1 Co1,165,111,0.25,14,0,na,"(25, 27)",1.0,6.104633416763323e-05,0.1669390634527008,True
106_20,mp-972042,Zn6 Cu2,106,2-12,0.1228364211464034,48,0,na,"(29, 30)",1.0,6.105006105006105e-05,0.07468671673479768,True
425_3,mp-11506,Ni6 Mo2,425,111,0.3783914820666755,32,0,na,"(28, 42)",1.0,6.105378838756945e-05,0.16860303136527602,True
220_25,mp-19880,Fe2 Te4,220,112,0.1385035226014109,36,0,na,"(26, 52)",1.0,6.105751618024179e-05,,False
74_3,mp-1278,Zr8 Si4,74,221,0.0955600287419359,72,0,na,"(14, 40)",1.0,6.106124442816144e-05,0.13656989310159862,True
219_13,mp-644311,Cu3 Pt3,219,2-12,0.0833333333333335,48,0,na,"(29, 78)",1.0,6.106497313141182e-05,0.11682598315108539,True
297_10,mp-865357,Zn6 Pd2,297,100,0.2499999999999999,24,0,na,"(30, 46)",1.0,6.106870229007633e-05,0.07291439333653188,True
305_7,mp-443,Ca4 Au8,305,212,2.220446049250313e-16,72,0,na,"(20, 79)",1.0,6.107243190423842e-05,0.05193629141490953,True
168_1,mp-506,Mg1 Pd1,168,221,0.125,20,0,na,"(12, 46)",1.0,6.107616197398156e-05,0.07919983678993354,True
174_3,mp-2059,Nb4 As4,174,221,0.1042499975000001,80,0,na,"(33, 41)",1.0,6.10798924993892e-05,0.12610894857540825,True
881_7,mp-2260,Fe1 Pt1,881,201,0.125,16,0,na,"(26, 78)",1.0,6.108362348054486e-05,0.12460665170175482,True
562_9,mp-611,Ag6 Sn2,562,221,0.375,48,0,na,"(47, 50)",1.0,6.108735491753207e-05,0.04755445650440748,True
761_0,mp-542634,Ta8 Te12,761,111,0.1662503232089991,80,0,na,"(52, 73)",1.0,6.109108681043436e-05,0.06578255005563238,True
538_2,mp-1220327,Nb2 Mo2,538,110,0.25,16,0,na,"(41, 42)",1.0,6.109481915933529e-05,0.17091798462571994,True
318_23,mp-9938,Hf8 Si4,318,102,0.125,72,0,na,"(14, 72)",1.0,6.109855196431844e-05,0.14569068888157835,True
520_25,mp-1070580,Al6 Ru4,520,102,0.25,40,0,na,"(13, 44)",1.0,6.110228522546743e-05,0.15441671829775652,True
888_18,mp-30572,Hf8 Ga4,888,201,0.1106721985004632,48,0,na,"(31, 72)",1.0,6.110601894286588e-05,0.132477780485797,True
793_53,mp-1072660,V4 As8,793,12-1,0.0382195605221244,96,0,na,"(23, 33)",1.0,6.155361319709468e-05,,False
126_10,mp-11411,Sc4 Ga4,126,211,0.0,96,0,na,"(21, 31)",1.0,6.155740227762388e-05,,False
602_36,mp-2455,As4 Os2,602,012,0.1497196822998552,24,0,na,"(33, 76)",1.0,6.156119182467373e-05,0.10709583171324731,True
635_10,mp-1207380,Zr1 In1,635,102,0.1250000000000001,12,0,na,"(40, 49)",1.0,6.156498183833036e-05,0.09363692299070905,True
193_11,mp-1186974,Sc6 Tl2,193,210,0.2499999999999998,48,0,na,"(21, 81)",1.0,6.156877231867996e-05,0.07788797328458076,True
211_25,mp-10032,Ge8 Os4,211,21-1,0.1472964898037461,96,0,na,"(32, 76)",1.0,6.157256326580875e-05,0.10610487150152421,True
675_4,mp-977585,Zr3 Tl1,675,210,0.125,24,0,na,"(40, 81)",1.0,6.157635467980295e-05,0.10938492225755374,True
286_2,mp-31379,Zr8 Sb4,286,111,0.25,48,0,na,"(40, 51)",1.0,6.158014656074881e-05,0.09090198955595412,True
493_0,mp-542640,Ge4 Pt4,493,111,2.220446049250313e-16,32,0,na,"(32, 78)",1.0,6.15839389087326e-05,0.08342580442205344,True
813_4,mp-20131,Y1 In3,813,210,0.125,24,0,na,"(39, 49)",1.0,6.158773172384061e-05,0.053353276488079,True
864_1,mp-10212,Sc4 Ge8,864,111,0.3466559667685069,48,0,na,"(21, 32)",1.0,6.159152500615915e-05,0.06664941411214859,True
380_24,mp-1077791,Zr4 Sc8,380,21-2,0.0869419040498191,60,0,na,"(21, 40)",1.0,6.159531875577457e-05,0.09167570118924402,True
595_5,mp-864735,Mn6 Ir2,595,212,0.1274900889322576,64,0,na,"(25, 77)",1.0,6.159911297277319e-05,,False
753_4,mp-1326,Nb6 Sn2,753,211,0.0625,96,0,na,"(41, 50)",1.0,6.160290765724142e-05,0.13452695584196248,True
53_29,mp-21296,Pt2 Pb8,53,102,0.0432327042157076,40,0,na,"(78, 82)",1.0,6.160670280926565e-05,0.02709853778618239,True
501_3,mp-862655,Ru6 W2,501,212,0.0,64,0,na,"(44, 74)",1.0,6.161049842893228e-05,0.1895349732388329,True
64_35,mp-30435,Ba4 Zn8,64,100,0.25,24,0,na,"(30, 56)",1.0,6.161429451632779e-05,0.0388504760306376,True
555_16,mp-1080001,Zr4 Ga12,555,201,0.0934668571844634,96,0,na,"(31, 40)",1.0,6.202704379109291e-05,,False
850_11,mp-1601,Ta1 Ru1,850,001,0.25,6,0,na,"(44, 73)",1.0,6.203089138390919e-05,0.1773571071986464,True
62_29,mp-16240,Ag6 Sb2,62,122,0.375,48,0,na,"(47, 51)",1.0,6.203473945409429e-05,0.03613754402141617,True
188_4,mp-953,Nb1 Zn3,188,210,0.125,24,0,na,"(30, 41)",1.0,6.203858800173708e-05,0.12531700200787102,True
119_17,mp-1217811,Ta2 W2,119,012,0.125,24,0,na,"(73, 74)",1.0,6.204243702692642e-05,0.20033169870366896,True
96_2,mp-569250,V4 Ir4,96,221,2.220446049250313e-16,48,0,na,"(23, 77)",1.0,6.20462865297512e-05,0.18300195263684352,True
108_4,mp-1018149,Sc2 Cu4,108,110,0.5,30,0,na,"(21, 29)",1.0,6.205013651030033e-05,0.07856857507830192,True
816_58,mp-1080443,Y4 Cu4,816,001,0.0,16,0,na,"(29, 39)",1.0,6.205398696866273e-05,0.07846376117265857,True
819_2,mp-569683,In2 Au6,819,111,0.2479824167956898,32,0,na,"(49, 79)",1.0,6.205783790492739e-05,0.04557471266608687,True
590_21,mp-975834,Mo2 Ru6,590,102,0.1250292783742653,48,0,na,"(42, 44)",1.0,6.206168931918326e-05,0.17494313913417278,True
217_21,mp-30571,Tl8 Au4,217,112,0.0,48,0,na,"(79, 81)",1.0,6.206554121151936e-05,0.01957344351456562,True
336_2,mp-11237,Sc1 Ag1,336,110,0.5,10,0,na,"(21, 47)",1.0,6.206939358202471e-05,0.06983000544783242,True
425_20,mp-11506,Ni6 Mo2,425,210,0.0,48,0,na,"(28, 42)",1.0,6.207324643078833e-05,0.1594729148644932,True
298_34,mp-11675,Nb6 Te12,298,201,0.1878247499301314,72,0,na,"(41, 52)",1.0,6.207709975789931e-05,0.07128057662601532,True
761_89,mp-542634,Ta8 Te12,761,102,0.083211838448854,80,0,na,"(52, 73)",1.0,6.208095356344674e-05,,False
871_46,mp-669917,Zr4 Rh4,871,011,0.3473569031145874,24,0,na,"(40, 45)",1.0,6.208480784751971e-05,0.12955561335546284,True
790_49,mp-1099,Ni4 Ge4,790,021,0.4999999999999999,48,0,na,"(28, 32)",1.0,6.208866261020738e-05,0.10351273273875225,True
288_41,mp-12724,Sr4 Zn4,288,112,0.0262752746490487,32,0,na,"(30, 38)",1.0,6.209251785159888e-05,0.03881178769099847,True
48_8,mp-317,Sn4 Rh4,48,221,0.3455984194229224,48,0,na,"(45, 50)",1.0,6.209637357178341e-05,0.08007490515698205,True
801_20,mp-1139,Co6 Mo2,801,2-12,0.1284011373301101,64,0,na,"(27, 42)",1.0,6.210022977085015e-05,0.19127442179834797,True
733_12,mp-975799,Li2 Zn6,733,101,0.2515651028782815,32,0,na,"(3, 30)",1.0,6.210408644888833e-05,0.057262525593402544,True
640_23,mp-1186231,Nb2 Ir6,640,102,0.25,48,0,na,"(41, 77)",1.0,6.21079436059872e-05,0.18316570617471628,True
553_27,mp-818,Si4 Rh4,553,122,0.1044781122400557,48,0,na,"(14, 45)",1.0,6.211180124223603e-05,0.13585802737635935,True
230_4,mp-21008,Ni3 Ge1,230,210,0.125,32,0,na,"(28, 32)",1.0,6.211565935772408e-05,0.1319386211830014,True
727_22,mp-1399,Al4 Au4,727,101,0.3192011450945812,24,0,na,"(13, 79)",1.0,6.211951795254069e-05,0.07774908757701746,True
428_17,mp-11272,Be4 Nb6,428,210,0.1297548104372748,40,0,na,"(4, 41)",1.0,6.212337702677517e-05,0.16788847568507922,True
356_3,mp-2008,Fe2 As4,356,221,0.1953794324456339,60,0,na,"(26, 33)",1.0,6.212723658051689e-05,0.08558908583834782,True
727_41,mp-1399,Al4 Au4,727,120,0.125100320139559,48,0,na,"(13, 79)",1.0,6.213109661385524e-05,0.06440524795995431,True
114_45,mp-1077503,Ti4 Si8,114,012,0.0772342871591486,72,0,na,"(14, 22)",1.0,6.213495712687958e-05,0.10720124513611394,True
81_15,mp-2123,Nb6 Au4,81,101,0.299955005670629,40,0,na,"(41, 79)",1.0,6.213881811967936e-05,0.12192484001115046,True
646_7,mp-871,Fe4 Si4,646,221,0.2556944153589686,64,0,na,"(14, 26)",1.0,6.214267959234402e-05,0.15891265464003054,True
575_2,mp-865168,Be6 Ni2,575,110,0.25,40,0,na,"(4, 28)",1.0,6.214654154496302e-05,0.15962797093376138,True
215_2,mp-999502,Mo2 Pt2,215,221,0.0,40,0,na,"(42, 78)",1.0,6.215040397762585e-05,0.1624403791731991,True
458_3,mp-13452,Be2 Pd4,458,221,0.125,72,0,na,"(4, 46)",1.0,6.215426689042202e-05,0.1055521371789201,True
748_30,mp-677,Sr4 Cd8,748,112,0.0,48,0,na,"(38, 48)",1.0,6.215813028344107e-05,0.04214180750850061,True
427_10,mp-865527,Y2 Al6,427,212,0.5,64,0,na,"(13, 39)",1.0,6.253908692933083e-05,0.08881115426921381,True
472_1,mp-8937,Cr2 Si4,472,111,0.25,30,0,na,"(14, 24)",1.0,6.254299831133904e-05,0.1436522898777721,True
466_26,mp-1065995,Zr4 Pt4,466,112,0.2499999999999999,48,0,na,"(40, 78)",1.0,6.254691018263698e-05,0.11252306772392554,True
842_8,mp-2500,Al10 Cu10,842,110,0.2068807009398117,60,0,na,"(13, 29)",1.0,6.255082254331645e-05,0.0918415956758977,True
177_17,mp-30379,Ga4 Au4,177,210,0.1249999999999999,48,0,na,"(31, 79)",1.0,6.255473539346929e-05,0.04583756745354021,True
341_19,mp-2578,Ni1 Te2,341,102,0.25,18,0,na,"(28, 52)",1.0,6.255864873318736e-05,0.03429927133127294,True
684_3,mp-318,Sr8 Ir16,684,221,0.15625,96,0,na,"(38, 77)",1.0,6.256256256256256e-05,0.09100714095055813,True
131_10,mp-1831,Sr1 Au5,131,101,0.4166666666666666,18,0,na,"(38, 79)",1.0,6.256647688168679e-05,0.04690694985203336,True
425_35,mp-11506,Ni6 Mo2,425,120,0.125,48,0,na,"(28, 42)",1.0,6.257039169065198e-05,0.15242023448724473,True
719_29,mp-2128,Sn16 Pd4,719,120,0.0199440134090576,80,0,na,"(46, 50)",1.0,6.257430698955009e-05,,False
509_14,mp-865022,Mn2 Ir6,509,101,0.5000000000000001,32,0,na,"(25, 77)",1.0,6.257822277847309e-05,0.17220502188355286,True
202_6,mp-30849,Ta4 Pt8,202,110,0.0,36,0,na,"(73, 78)",1.0,6.258213905751299e-05,0.12985762844602242,True
85_5,mp-1018125,Ti2 Re1,85,212,0.25,30,0,na,"(22, 75)",1.0,6.258605582676179e-05,0.15568590846319405,True
640_13,mp-1186231,Nb2 Ir6,640,101,0.2463698716166966,32,0,na,"(41, 77)",1.0,6.258997308631157e-05,0.19696295304305603,True
824_11,mp-578,Ga3 Ag6,824,110,0.3192682121673281,27,0,na,"(31, 47)",1.0,6.283380458686774e-05,0.04533201307168447,True
605_38,mp-568992,Zr8 Ir8,605,011,0.0682768314019489,48,0,na,"(40, 77)",1.0,6.283775292195552e-05,0.13260370167657512,True
502_33,mp-20174,Ni6 Sn8,502,101,0.25,42,0,na,"(28, 50)",1.0,6.284170175328348e-05,0.05511941937320923,True
416_20,mp-766,As4 Ru2,416,121,0.25,36,0,na,"(33, 44)",1.0,6.284565108094519e-05,0.08957735513057331,True
643_1,mp-1699,Al2 Cr4,643,111,0.25,30,0,na,"(13, 24)",1.0,6.284960090503425e-05,0.1588372976364184,True
503_2,mp-13270,Ca4 Ag8,503,111,0.25,36,0,na,"(20, 47)",1.0,6.285355122564425e-05,0.046024991927747894,True
461_31,mp-11420,Y4 Ga4,461,112,0.5,48,0,na,"(31, 39)",1.0,6.285750204286881e-05,0.07318779984344255,True
360_62,mp-570775,Ba4 Au4,360,001,0.25,16,0,na,"(56, 79)",1.0,6.329514526235837e-05,0.032477835240076434,True
395_7,mp-544,Ti6 Ir2,395,210,0.1875,48,0,na,"(22, 77)",1.0,6.3299151791366e-05,0.1402512370511572,True
260_6,mp-2851,V4 Sb8,260,212,0.0319266414496723,72,0,na,"(23, 51)",1.0,6.33031588276255e-05,0.04436854545146076,True
177_43,mp-30379,Ga4 Au4,177,011,0.4999999999999999,24,0,na,"(31, 79)",1.0,6.330716637123322e-05,0.045728334726602385,True
767_9,mp-570578,Zr2 In6,767,201,0.0625,48,0,na,"(40, 49)",1.0,6.331117442228554e-05,0.0704514426915545,True
846_19,mp-755328,Zr8 Sn16,846,201,0.0625,96,0,na,"(40, 50)",1.0,6.331518298087882e-05,,False
866_66,mp-12561,Ta4 As8,866,11-2,0.138187924710998,48,0,na,"(33, 73)",1.0,6.331919204710948e-05,0.11442914801557895,True
429_16,mp-208,Ge4 Ir4,429,210,0.0478353687239367,48,0,na,"(32, 77)",1.0,6.332320162107397e-05,0.10292836512911754,True
417_11,mp-2554,Al6 V2,417,112,0.5,40,0,na,"(13, 23)",1.0,6.332721170286872e-05,0.09560708460322502,True
889_14,mp-399,Te2 Pt1,889,201,0.25,18,0,na,"(52, 78)",1.0,6.333122229259025e-05,0.06017467016365924,True
89_2,mp-2674,Y8 Pt16,89,221,0.0312500000000002,96,0,na,"(39, 78)",1.0,6.333523339033504e-05,0.0979827120580371,True
368_2,mp-949,Co1 Pt1,368,110,0.5,12,0,na,"(27, 78)",1.0,6.333924499619965e-05,0.13398184082755815,True
278_3,mp-1014231,Hf4 Zn2,278,221,0.125,60,0,na,"(30, 72)",1.0,6.334325711028061e-05,0.11863392473505852,True
659_3,mp-999298,Pd3 Au1,659,211,0.125,64,0,na,"(46, 79)",1.0,6.334726973267453e-05,0.08647858540565836,True
760_14,mp-20033,Sn2 Ir2,760,100,0.5000000000000001,12,0,na,"(50, 77)",1.0,6.335128286347799e-05,0.07233848397628044,True
266_15,mp-28919,Hf6 Te4,266,201,0.0228458403916302,60,0,na,"(52, 72)",1.0,6.335529650278763e-05,,False
143_13,mp-19856,Sn2 Pt2,143,100,0.1666666666666666,12,0,na,"(50, 78)",1.0,6.384065372829418e-05,0.08157043119854117,True
429_8,mp-208,Ge4 Ir4,429,110,0.4999999999999998,32,0,na,"(32, 77)",1.0,6.384472961757006e-05,0.10519423069629738,True
418_35,mp-20714,Fe2 Sb4,418,021,0.2394517406624293,24,0,na,"(26, 51)",1.0,6.384880602732728e-05,0.0669575469302559,True
455_12,mp-1229092,Ag3 Au3,455,10-1,0.0833333333333333,24,0,na,"(47, 79)",1.0,6.385288295766554e-05,0.04751179842160673,True
692_50,mp-21237,Co8 Ge8,692,120,0.0632675872258126,96,0,na,"(27, 32)",1.0,6.385696040868455e-05,0.1038302137423509,True
617_36,mp-1451,Nb2 Ni6,617,120,0.375,48,0,na,"(28, 41)",1.0,6.386103838048407e-05,0.14384672882542918,True
392_26,mp-31205,Zr12 Fe4,392,122,0.2500000000000001,80,0,na,"(26, 40)",1.0,6.386511687316388e-05,,False
396_10,mp-1018124,Ti4 Rh2,396,101,0.1690449604460759,24,0,na,"(22, 45)",1.0,6.454111268878275e-05,0.1453226525057021,True
607_3,mp-292,V6 As2,607,110,0.375,24,0,na,"(23, 33)",1.0,6.454527851287678e-05,0.16399551883114594,True
108_13,mp-1018149,Sc2 Cu4,108,201,0.125,48,0,na,"(21, 29)",1.0,6.454944487477407e-05,0.10674769721162986,True
438_10,mp-1216621,Ti2 W2,438,121,0.1249999999999998,24,0,na,"(22, 74)",1.0,6.45536117745788e-05,0.16011854896463368,True
564_30,mp-16756,Ta6 Ga4,564,102,0.1249999999999999,60,0,na,"(31, 73)",1.0,6.45577792123951e-05,0.16611027452615845,True
336_5,mp-11237,Sc1 Ag1,336,100,0.25,6,0,na,"(21, 47)",1.0,6.45619471883272e-05,0.08049555464291666,True
235_29,mp-30738,Li2 Ir6,235,10-1,0.2511768446733774,32,0,na,"(3, 77)",1.0,6.456611570247934e-05,0.15895901936481896,True
774_12,mp-9948,V10 Te8,774,110,0.4999999999999999,36,0,na,"(23, 52)",1.0,6.457028475495577e-05,0.008956565894962042,True
550_2,mp-1206819,Zn1 Ir1,550,110,0.5,16,0,na,"(30, 77)",1.0,6.457445434586077e-05,0.2859224028882297,True
383_3,mp-1545,Nb6 Rh2,383,110,0.375,24,0,na,"(41, 45)",1.0,6.457862447529868e-05,0.16474639368132662,True
625_6,mp-22498,Cr2 Sb4,625,110,0.5,24,0,na,"(24, 51)",1.0,6.45827951433738e-05,0.03748796897565994,True
124_38,mp-1007692,Hf4 Pd4,124,012,0.0579825906692991,48,0,na,"(46, 72)",1.0,6.486766995329527e-05,0.1178021025036157,True
432_11,mp-1018178,Ba4 Zn2,432,201,0.0320470122767924,36,0,na,"(30, 56)",1.0,6.487187804086928e-05,0.030270189111573434,True
259_14,mp-1072399,Be20 Pt4,259,100,0.1872081186484315,48,0,na,"(4, 78)",1.0,6.48760866744518e-05,0.15081387404241456,True
145_39,mp-1364,Y4 Ni4,145,102,0.0,32,0,na,"(28, 39)",1.0,6.48802958541491e-05,0.09951826908938856,True
728_12,mp-13010,Y4 Sn8,728,212,0.0786526337098164,96,0,na,"(39, 50)",1.0,6.488450558006747e-05,,False
748_26,mp-677,Sr4 Cd8,748,121,0.0821219011674898,48,0,na,"(38, 48)",1.0,6.488871585231328e-05,0.0371662430777184,True
119_0,mp-1217811,Ta2 W2,119,111,0.5,20,0,na,"(73, 74)",1.0,6.489292667099286e-05,0.17384103250003743,True
502_47,mp-20174,Ni6 Sn8,502,10-1,0.1306310602507281,28,0,na,"(28, 50)",1.0,6.48971380362126e-05,0.07078673473694236,True
110_1,mp-2363,Hf8 Mo16,110,111,0.3124999999999999,72,0,na,"(42, 72)",1.0,6.490134994807892e-05,0.17890594022905137,True
422_9,mp-1072429,Ga16 Ru8,422,110,0.25,72,0,na,"(31, 44)",1.0,6.490556240669826e-05,0.12949450869922696,True
672_7,mp-1215997,Y1 In1,672,201,0.125,16,0,na,"(39, 49)",1.0,6.490977541217708e-05,0.06461034885339852,True
888_22,mp-30572,Hf8 Ga4,888,112,0.1731721985004632,72,0,na,"(31, 72)",1.0,6.491398896462187e-05,0.11847609022414238,True
402_8,mp-30875,Ti4 Sn2,402,210,0.0833333333333332,48,0,na,"(22, 50)",1.0,6.491820306413918e-05,0.09226695225772226,True
461_38,mp-11420,Y4 Ga4,461,021,0.9999999999999998,32,0,na,"(31, 39)",1.0,6.492241771083555e-05,0.09574611528850095,True
660_13,mp-867780,Al6 Cr2,660,001,0.1249999999999999,16,0,na,"(13, 24)",1.0,6.492663290481755e-05,,False
737_16,mp-569426,Sr4 Zn8,737,122,0.0,72,0,na,"(30, 38)",1.0,6.49308486461918e-05,0.043528287801081915,True
79_3,mp-321,Rh4 Pb8,79,221,0.1027508677475239,72,0,na,"(45, 82)",1.0,6.493506493506494e-05,,False
771_14,mp-1025513,Zr4 Ge4,771,211,0.0,96,0,na,"(32, 40)",1.0,6.493928177154361e-05,0.10003041996675084,True
821_8,mp-867264,Re6 Os2,821,211,0.25,96,0,na,"(75, 76)",1.0,6.49434991557345e-05,0.22646914179836475,True
341_8,mp-2578,Ni1 Te2,341,211,0.2500000000000001,60,0,na,"(28, 52)",1.0,6.494771708774437e-05,0.04430979409808502,True
739_12,mp-7188,Al4 Os2,739,201,0.0403963433284387,48,0,na,"(13, 76)",1.0,6.495193556767992e-05,0.17229526312946228,True
381_33,mp-697068,Si3 Pd6,381,101,0.4166666666666667,36,0,na,"(14, 46)",1.0,6.495615459564793e-05,0.0938865519737469,True
689_43,mp-423,Ge3 Pd6,689,2-12,0.1832345710788248,72,0,na,"(32, 46)",1.0,6.496037417175523e-05,0.08158272961606002,True
223_17,mp-2078,Ti2 Cu2,223,201,0.25,32,0,na,"(22, 29)",1.0,6.496459429610862e-05,0.13251667777649623,True
829_18,mp-13155,Hf4 Ag2,829,102,0.25,24,0,na,"(47, 72)",1.0,6.496881496881497e-05,0.11259796567288576,True
487_14,mp-999143,Sr4 Pd4,487,211,0.1249999999999998,96,0,na,"(38, 46)",1.0,6.497303618998116e-05,0.04580421644075727,True
119_16,mp-1217811,Ta2 W2,119,010,0.25,12,0,na,"(73, 74)",1.0,6.545359340227778e-05,0.1716389315615096,True
746_14,mp-20599,Pd4 Pb8,746,101,0.2064204599975488,36,0,na,"(46, 82)",1.0,6.545787785559992e-05,0.03647507946480335,True
125_2,mp-1437,Li8 Cd8,125,111,0.8749999999999999,48,0,na,"(3, 48)",1.0,6.60022440762986e-05,0.03914138968758929,True
217_11,mp-30571,Tl8 Au4,217,211,0.2499999999999999,96,0,na,"(79, 81)",1.0,6.6006600660066e-05,,False
743_7,mp-20619,Sb4 Rh4,743,110,0.0,32,0,na,"(45, 51)",1.0,6.601095781899796e-05,0.0753711487019755,True
242_20,mp-11696,As12 W8,242,11-1,0.2450707207109576,80,0,na,"(33, 74)",1.0,6.601531555320834e-05,0.11242555871794935,True
553_35,mp-818,Si4 Rh4,553,120,0.2499999999999999,48,0,na,"(14, 45)",1.0,6.601967386281111e-05,0.1172007459335103,True
144_11,mp-30354,Sc2 Ag8,144,212,0.1250000000000001,60,0,na,"(21, 47)",1.0,6.602403274792024e-05,0.07572222050806664,True
863_3,mp-1275,Si2 Mo6,863,110,0.375,24,0,na,"(14, 42)",1.0,6.602839220864973e-05,0.18451733614867533,True
235_41,mp-30738,Li2 Ir6,235,112,0.3340651759486538,80,0,na,"(3, 77)",1.0,6.603275224511358e-05,0.15082767534685027,True
259_1,mp-1072399,Be20 Pt4,259,111,0.5627918813515684,72,0,na,"(4, 78)",1.0,6.603711285742587e-05,0.1349071693935253,True
758_20,mp-1228815,Al2 Re2,758,112,0.25,24,0,na,"(13, 75)",1.0,6.60414740457007e-05,0.18606431885286567,True
605_52,mp-568992,Zr8 Ir8,605,001,0.0,48,0,na,"(40, 77)",1.0,6.604583581005217e-05,0.12242331389098197,True
330_4,mp-1186923,Re6 Rh2,330,212,0.2499999999999999,64,0,na,"(45, 75)",1.0,6.605019815059445e-05,0.21392893701246646,True
46_6,mp-903,Zr8 Cr16,46,210,0.03125,96,0,na,"(24, 40)",1.0,6.605456106744171e-05,,False
745_15,mp-2845,Sb2 Pt2,745,2-12,0.125,24,0,na,"(51, 78)",1.0,6.605892456070815e-05,0.05217464638567289,True
48_16,mp-317,Sn4 Rh4,48,211,0.1328988141960593,96,0,na,"(45, 50)",1.0,6.606328863050802e-05,0.08454775533626463,True
716_0,mp-11248,Li1 Au3,716,111,0.5,20,0,na,"(3, 79)",1.0,6.60676532769556e-05,0.04457360912024097,True
263_2,mp-11807,Li1 Pt1,263,110,0.5,16,0,na,"(3, 78)",1.0,6.607201850016519e-05,0.09431476995446358,True
705_4,mp-568565,Cr2 As2,705,212,0.25,40,0,na,"(24, 33)",1.0,6.668444918644971e-05,0.08181021399558124,True
633_37,mp-1424,Ge4 Pd4,633,112,0.148492522329052,48,0,na,"(32, 46)",1.0,6.736274840013472e-05,0.06490113934899039,True
616_0,mp-10909,Al2 Re4,616,111,0.0846556518228675,30,0,na,"(13, 75)",1.0,6.736728644570196e-05,0.17379094615625781,True
211_14,mp-10032,Ge8 Os4,211,11-1,0.3382044118206221,48,0,na,"(32, 76)",1.0,6.737182510274203e-05,0.09431749057603804,True
216_40,mp-11266,Ba4 Cd8,216,011,0.2860357151398975,24,0,na,"(48, 56)",1.0,6.737636437137851e-05,0.04246637963892258,True
102_2,mp-1187844,Zr6 Pb2,102,110,0.25,32,0,na,"(40, 82)",1.0,6.738090425173506e-05,0.09150022854031951,True
651_26,mp-1064981,Hf4 Co4,651,112,0.25,48,0,na,"(27, 72)",1.0,6.775985905949315e-05,0.13358791780346238,True
158_13,mp-30383,Hf4 Au2,158,201,0.1249999999999999,48,0,na,"(72, 79)",1.0,6.776445076912652e-05,0.12412048917974117,True
205_0,mp-265,Ta1 Ir3,205,111,0.5,20,0,na,"(73, 77)",1.0,6.77690431011114e-05,0.16690831125545957,True
542_19,mp-999376,Nb2 Pt2,542,122,0.1226355335672199,32,0,na,"(41, 78)",1.0,6.777363605557438e-05,0.15244020898953015,True
319_3,mp-9969,Sc4 Si4,319,221,0.1102485164571724,64,0,na,"(14, 21)",1.0,6.777822963264199e-05,0.10433728859772656,True
68_1,mp-1121,Ga1 Co1,68,221,0.125,24,0,na,"(27, 31)",1.0,6.778282383244086e-05,0.1048706352456891,True
394_4,mp-1188062,Zr6 Sc2,394,212,0.1248326528583275,64,0,na,"(21, 40)",1.0,6.778741865509762e-05,0.10604365536240744,True
633_11,mp-1424,Ge4 Pd4,633,212,0.1229282337920203,64,0,na,"(32, 46)",1.0,6.779201410073893e-05,0.07011473614239931,True
247_1,mp-10901,Al3 Pd2,247,111,0.2566045805099223,30,0,na,"(13, 46)",1.0,6.779661016949152e-05,0.09790874974673545,True
408_16,mp-1444,Ca4 Cd8,408,101,0.5,36,0,na,"(20, 48)",1.0,6.780120686148214e-05,0.04998816939276427,True
237_13,mp-1017983,Ti2 Mo6,237,121,0.1859515366177146,48,0,na,"(22, 42)",1.0,6.780580417683754e-05,0.17807806994284134,True
769_1,mp-842,Ca8 Pt16,769,111,0.8125,72,0,na,"(20, 78)",1.0,6.781040211568454e-05,0.0813117157680383,True
502_4,mp-20174,Ni6 Sn8,502,221,0.0967643829378576,84,0,na,"(28, 50)",1.0,6.80781537204711e-05,0.06595611475362503,True
271_14,mp-1079460,Ti12 Sn4,271,210,0.0,64,0,na,"(22, 50)",1.0,6.808278867102397e-05,0.11629872319723643,True
602_4,mp-2455,As4 Os2,602,110,0.0855134208226395,24,0,na,"(33, 76)",1.0,6.808742425274052e-05,0.1271437796024779,True
634_19,mp-865960,Co2 Re6,634,100,0.5,24,0,na,"(27, 75)",1.0,6.809206046574969e-05,0.1747850243329428,True
73_1,mp-2121,Sc1 Al3,73,221,0.1249999999999998,32,0,na,"(13, 21)",1.0,6.809669731018046e-05,0.08584555630035516,True
669_7,mp-628,Zr8 Co4,669,212,0.125,72,0,na,"(27, 40)",1.0,6.810133478616181e-05,0.11649957129141701,True
235_12,mp-30738,Li2 Ir6,235,11-1,0.1211437721253077,32,0,na,"(3, 77)",1.0,6.81059728938228e-05,0.15622472307574492,True
279_5,mp-406,Cd4 Te4,279,211,0.1250000000000002,64,0,na,"(48, 52)",1.0,6.811061163329247e-05,0.023234638538185973,True
625_11,mp-22498,Cr2 Sb4,625,210,0.0453932400719576,48,0,na,"(24, 51)",1.0,6.811525100469996e-05,0.04745724259781099,True
415_18,mp-568718,Hf4 Al12,415,112,0.1247775577688159,64,0,na,"(13, 72)",1.0,6.811989100817439e-05,0.09647518633843133,True
502_37,mp-20174,Ni6 Sn8,502,201,0.4999999999999995,42,0,na,"(28, 50)",1.0,6.812453164384494e-05,0.06120076944414053,True
48_10,mp-317,Sn4 Rh4,48,221,0.45906455873572,48,0,na,"(45, 50)",1.0,6.812917291184085e-05,0.0802831251006862,True
602_1,mp-2455,As4 Os2,602,111,0.4029898135338146,30,0,na,"(33, 76)",1.0,6.813381481229134e-05,0.1007105723500568,True
594_45,mp-7598,Nb4 As8,594,122,0.0415758634138555,96,0,na,"(33, 41)",1.0,6.81384573453257e-05,,False
164_1,mp-267,Te4 Ru2,164,111,0.3834787060616805,24,0,na,"(44, 52)",1.0,6.814310051107325e-05,0.06463790507804856,True
108_16,mp-1018149,Sc2 Cu4,108,112,0.5,30,0,na,"(21, 29)",1.0,6.814774430966335e-05,0.0887958292607607,True
319_0,mp-9969,Sc4 Si4,319,111,0.0,32,0,na,"(14, 21)",1.0,6.815238874122537e-05,0.11546485269324394,True
409_2,mp-1073,Ca1 Cd1,409,110,0.5,8,0,na,"(20, 48)",1.0,6.815703380588877e-05,0.03728568022749787,True
126_15,mp-11411,Sc4 Ga4,126,101,0.0,32,0,na,"(21, 31)",1.0,6.816167950378297e-05,0.07446763070611197,True
376_50,mp-11840,Ba4 Ag4,376,021,0.1419147098330349,32,0,na,"(47, 56)",1.0,6.81663258350375e-05,0.027659956364167324,True
803_39,mp-1007786,Hf2 Ir2,803,121,0.0,32,0,na,"(72, 77)",1.0,6.817097279978186e-05,0.13503693391117094,True
517_7,mp-2583,Ti1 Rh1,517,201,0.1250000000000001,16,0,na,"(22, 45)",1.0,6.817562039814562e-05,0.12693501074022198,True
450_17,mp-2348,Zr4 Au2,450,102,0.0895661419725044,24,0,na,"(40, 79)",1.0,6.81802686302584e-05,0.1012858679107606,True
73_0,mp-2121,Sc1 Al3,73,111,0.5,20,0,na,"(13, 21)",1.0,6.818491749624983e-05,0.0761557819837335,True
853_17,mp-2592,Si4 Mo2,853,102,0.085185472860175,30,0,na,"(14, 42)",1.0,6.818956699624957e-05,0.16609495753909864,True
242_60,mp-11696,As12 W8,242,10-1,0.1014639890466462,40,0,na,"(33, 74)",1.0,6.819421713038734e-05,0.1086584874861906,True
236_3,mp-30797,Nb10 Te8,236,111,0.2083549238884909,72,0,na,"(41, 52)",1.0,6.819886789879289e-05,,False
763_19,mp-19713,Sc6 In2,763,100,0.4999999999999999,16,0,na,"(21, 49)",1.0,6.820351930159596e-05,0.06974598471952471,True
459_11,mp-974616,Pt6 Rh2,459,112,0.5,40,0,na,"(45, 78)",1.0,6.82081713389264e-05,0.1004836649440882,True
855_16,mp-1206780,Ti8 Sb4,855,201,0.1250000000000001,72,0,na,"(22, 51)",1.0,6.821282401091406e-05,0.0981784454774984,True
528_3,mp-1349,Sr8 Pt16,528,221,0.15625,96,0,na,"(38, 78)",1.0,6.821747731768879e-05,0.0717791118084042,True
643_2,mp-1699,Al2 Cr4,643,221,0.0461720352571592,60,0,na,"(13, 24)",1.0,6.822213125938055e-05,,False
388_0,mp-998949,Ti2 Pt2,388,111,0.0,20,0,na,"(22, 78)",1.0,6.822678583611926e-05,0.15084488304772276,True
344_3,mp-865562,Be6 Ru2,344,212,0.1249999999999998,64,0,na,"(4, 44)",1.0,6.823144104803493e-05,0.15911670982671283,True
535_12,mp-16514,Al6 Ni10,535,210,0.0758910824690168,64,0,na,"(13, 28)",1.0,6.82360968952576e-05,0.14337816659196964,True
329_1,mp-30811,Ni8 W2,329,111,0.1503726948339264,40,0,na,"(28, 74)",1.0,6.82407533779173e-05,0.1685865873394711,True
320_6,mp-2776,Ga8 Au4,320,100,0.125,24,0,na,"(31, 79)",1.0,6.824541049614414e-05,0.05453215910260388,True
680_12,mp-1067236,Cd2 Pt6,680,112,0.125,64,0,na,"(48, 78)",1.0,6.825006825006825e-05,0.0912142622180448,True
339_33,mp-568746,Bi8 Pd4,339,101,0.0397640194699573,36,0,na,"(46, 83)",1.0,6.825472663981981e-05,0.04639490872168482,True
846_0,mp-755328,Zr8 Sn16,846,111,0.0445219043500912,72,0,na,"(40, 50)",1.0,6.825938566552901e-05,0.06989356130913535,True
803_44,mp-1007786,Hf2 Ir2,803,120,0.25,24,0,na,"(72, 77)",1.0,6.82640453273261e-05,0.1318221523711269,True
557_37,mp-538,Ca4 Ag4,557,021,0.2830699604575197,24,0,na,"(20, 47)",1.0,6.826870562534134e-05,0.04575892115201676,True
721_8,mp-1025551,Ga4 Pt4,721,221,0.2522437069535677,64,0,na,"(31, 78)",1.0,6.827336655970506e-05,0.08409087251913262,True
204_11,mp-786,Mn2 Sb2,204,201,0.0208333333333334,24,0,na,"(25, 51)",1.0,6.827802813054759e-05,0.05660832656963385,True
111_4,mp-12761,Be2 Au4,111,110,0.5,30,0,na,"(4, 79)",1.0,6.828269033799931e-05,0.06170421483339392,True
523_13,mp-971751,V4 Rh4,523,210,0.0,32,0,na,"(23, 45)",1.0,6.828735318219065e-05,0.15856822554139557,True
427_1,mp-865527,Y2 Al6,427,111,0.219952408011407,32,0,na,"(13, 39)",1.0,6.829201666325207e-05,0.08670370953082472,True
728_37,mp-13010,Y4 Sn8,728,021,0.0,36,0,na,"(39, 50)",1.0,6.829668078131402e-05,0.053320440402202254,True
165_3,mp-1009133,Mn1 Co1,165,211,0.25,40,0,na,"(25, 27)",1.0,6.830134553650706e-05,0.16084405725849604,True
811_46,mp-7092,Ti4 Si4,811,021,0.1470979284131388,48,0,na,"(14, 22)",1.0,6.830601092896175e-05,0.1379345321462535,True
358_3,mp-1183641,Cd6 Pt2,358,212,0.125,48,0,na,"(48, 78)",1.0,6.831067695880866e-05,0.04101337185506692,True
475_36,mp-1018056,Hf4 Ni4,475,010,0.25,16,0,na,"(28, 72)",1.0,6.831534362617844e-05,0.10672443156742847,True
780_5,mp-1769,Sb2 Pd2,780,211,0.1041666666666666,64,0,na,"(46, 51)",1.0,6.864831468387451e-05,0.046814577782491415,True
408_30,mp-1444,Ca4 Cd8,408,112,0.1336584490959413,48,0,na,"(20, 48)",1.0,6.86530275985171e-05,0.04622270691828173,True
333_5,mp-9972,Y4 Si4,333,221,0.25,48,0,na,"(14, 39)",1.0,6.865774116031582e-05,0.10434513169958078,True
760_2,mp-20033,Sn2 Ir2,760,110,0.5,20,0,na,"(50, 77)",1.0,6.866245536940401e-05,0.0864110339579476,True
680_11,mp-1067236,Cd2 Pt6,680,120,0.0625,32,0,na,"(48, 78)",1.0,6.927606511950121e-05,0.0875712798509715,True
554_1,mp-253,Sc8 Co16,554,111,0.3125000000000002,72,0,na,"(21, 27)",1.0,6.976906439684643e-05,,False
804_0,mp-974455,Re6 Ru2,804,111,0.0424174538228214,40,0,na,"(44, 75)",1.0,6.977393245883338e-05,0.2001226018434633,True
416_19,mp-766,As4 Ru2,416,121,0.0731695396612792,36,0,na,"(33, 44)",1.0,6.977880120019538e-05,0.08866663204848943,True
412_10,mp-976128,Hf5 Sc1,412,211,0.1220414867929864,72,0,na,"(21, 72)",1.0,6.978367062107467e-05,0.11908287665254473,True
808_4,mp-1018148,Sc2 Au4,808,110,0.5,24,0,na,"(21, 79)",1.0,6.978854072161351e-05,0.06470714293689722,True
804_12,mp-974455,Re6 Ru2,804,210,0.1659623309122846,64,0,na,"(44, 75)",1.0,6.979341150195422e-05,0.2121633848833764,True
825_16,mp-21260,Fe3 Sn3,825,102,0.0833333333333332,36,0,na,"(26, 50)",1.0,6.979828296223913e-05,0.07244715360904862,True
820_16,mp-1734,Ca1 Zn5,820,102,0.0833333333333333,36,0,na,"(20, 30)",1.0,6.980315510261064e-05,0.06266024982227378,True
783_10,mp-30745,Ir6 W2,783,210,0.1253954827976422,48,0,na,"(74, 77)",1.0,6.980802792321117e-05,0.22168498665486558,True
325_80,mp-15681,Cr4 As8,325,021,0.25,96,0,na,"(24, 33)",1.0,6.981290142418318e-05,0.056925391195299886,True
679_30,mp-1042,Hf4 Si4,679,122,0.2500000000000001,48,0,na,"(14, 72)",1.0,6.981777560566921e-05,0.13052015266202588,True
460_20,mp-866046,Ti6 In2,460,2-12,0.1264905279809758,48,0,na,"(22, 49)",1.0,6.982265046781176e-05,0.1221698518769698,True
274_16,mp-1404,Cd2 Au2,274,201,0.25,32,0,na,"(48, 79)",1.0,6.982752601075344e-05,0.044430292650549895,True
824_28,mp-578,Ga3 Ag6,824,210,0.4096341060836641,36,0,na,"(31, 47)",1.0,6.983240223463687e-05,0.053048261260673905,True
169_7,mp-1228001,Al2 V2,169,201,0.125,32,0,na,"(13, 23)",1.0,6.983727913960472e-05,0.13978983458064814,True
544_0,mp-11278,Ta8 Be4,544,111,0.0893449096294106,48,0,na,"(4, 73)",1.0,6.98421567257997e-05,0.18105823943718782,True
738_45,mp-1008505,Ba4 Pd4,738,012,0.125,48,0,na,"(46, 56)",1.0,6.984703499336453e-05,0.03688251051631674,True
557_28,mp-538,Ca4 Ag4,557,120,0.2499999999999999,32,0,na,"(20, 47)",1.0,6.985191394244202e-05,0.04040149653179002,True
332_3,mp-30835,Ta2 Pd4,332,221,0.125,60,0,na,"(46, 73)",1.0,6.985679357317499e-05,0.1213344162037955,True
887_2,mp-1018151,Nb2 Pd4,887,221,0.0415802298720642,60,0,na,"(41, 46)",1.0,7.033338022225348e-05,0.11915756805559838,True
468_41,mp-30744,Ir2 W2,468,001,0.5,12,0,na,"(74, 77)",1.0,7.080147267063155e-05,0.15435175828897538,True
649_9,mp-862714,Be6 Ir2,649,201,0.0625,64,0,na,"(4, 77)",1.0,7.080648587410607e-05,0.1582040429302096,True
803_13,mp-1007786,Hf2 Ir2,803,212,0.2500000000000002,40,0,na,"(72, 77)",1.0,7.08114997875655e-05,0.1357719134571564,True
133_17,mp-2606,Ba1 Pd5,133,102,0.2083333333333333,36,0,na,"(46, 56)",1.0,7.081651441116069e-05,0.0778304532722626,True
484_0,mp-351,Si4 Ni4,484,111,0.0410343936825607,32,0,na,"(14, 28)",1.0,7.082152974504249e-05,0.12236719376155157,True
652_18,mp-30866,Rh6 W2,652,100,0.2500985938875508,24,0,na,"(45, 74)",1.0,7.082654578936186e-05,0.2025721975321342,True
325_81,mp-15681,Cr4 As8,325,010,0.25,48,0,na,"(24, 33)",1.0,7.083156254426973e-05,0.0603922118822993,True
493_1,mp-542640,Ge4 Pt4,493,111,0.1040341203187298,32,0,na,"(32, 78)",1.0,7.083658000991713e-05,0.0695471245118472,True
158_15,mp-30383,Hf4 Au2,158,112,0.1624757039587052,30,0,na,"(72, 79)",1.0,7.084159818645509e-05,0.11793845571293068,True
121_5,mp-2053,Nb6 Sb2,121,211,0.25,96,0,na,"(41, 51)",1.0,7.084661707403471e-05,0.1209783497938965,True
120_4,mp-867865,Re2 Rh6,120,212,0.1265291792019455,64,0,na,"(45, 75)",1.0,7.085163667280714e-05,0.16898719349954208,True
731_7,mp-1823,Ti6 Al2,731,211,0.1287715813828779,96,0,na,"(13, 22)",1.0,7.085665698292355e-05,,False
423_15,mp-583,Co4 As4,423,210,0.0500761688558846,64,0,na,"(27, 33)",1.0,7.144898542440698e-05,0.08166570400795865,True
258_11,mp-9939,Hf8 Ge4,258,211,0.2499999999999997,96,0,na,"(32, 72)",1.0,7.145409074669524e-05,0.1593832017587875,True
318_6,mp-9938,Hf8 Si4,318,212,0.0392379458335502,72,0,na,"(14, 72)",1.0,7.145919679862798e-05,0.1432025844628323,True
214_10,mp-7192,Sc4 Sb2,214,211,0.03892230064457,72,0,na,"(21, 51)",1.0,7.14643035803616e-05,0.07446364738096173,True
329_0,mp-30811,Ni8 W2,329,111,0.0497921278493329,40,0,na,"(28, 74)",1.0,7.14694110920526e-05,0.1696813526751461,True
665_3,mp-266,Zr4 Pd2,665,221,0.125,60,0,na,"(40, 46)",1.0,7.147451933385748e-05,,False
333_14,mp-9972,Y4 Si4,333,210,0.0,48,0,na,"(14, 39)",1.0,7.14796283059328e-05,0.10848331799560088,True
77_33,mp-12565,Mn2 Au8,77,001,0.25,30,0,na,"(25, 79)",1.0,7.14847380084352e-05,0.06679237936383108,True
391_4,mp-828,Si1 Ni3,391,210,0.125,32,0,na,"(14, 28)",1.0,7.148984844152131e-05,0.15145827939824874,True
77_25,mp-12565,Mn2 Au8,77,100,0.1532615521373195,20,0,na,"(25, 79)",1.0,7.165890361877464e-05,0.06933936737820644,True
651_38,mp-1064981,Hf4 Co4,651,012,0.1249999999999998,48,0,na,"(27, 72)",1.0,7.166403898523721e-05,0.13945985917316095,True
341_11,mp-2578,Ni1 Te2,341,101,0.2104979124710423,12,0,na,"(28, 52)",1.0,7.229612492770387e-05,0.042306714710122005,True
103_0,mp-22154,In8 Au4,103,111,0.125,36,0,na,"(49, 79)",1.0,7.230135203528306e-05,0.047732012128807226,True
507_25,mp-11397,Ga3 Ni2,507,001,0.5,15,0,na,"(28, 31)",1.0,7.230657989877079e-05,0.0846781431810219,True
84_47,mp-1128,Si4 Ir4,84,021,0.070412524706441,32,0,na,"(14, 77)",1.0,7.28650539201399e-05,0.15787213064582692,True
282_21,mp-1066136,Y4 Pd4,282,121,0.2499999999999999,32,0,na,"(39, 46)",1.0,7.287036362311447e-05,0.07019014060585604,True
505_26,mp-570896,Tl8 Pd4,505,10-1,0.1246924981341841,24,0,na,"(46, 81)",1.0,7.287567409998542e-05,0.037760198315791,True
334_14,mp-8700,K4 Au6,334,201,0.0485109834699798,60,0,na,"(19, 79)",1.0,7.288098535092194e-05,0.022668639691986854,True
885_1,mp-7226,V6 Ni2,885,221,0.0625,64,0,na,"(23, 28)",1.0,7.28862973760933e-05,,False
866_79,mp-12561,Ta4 As8,866,011,0.151258348418164,48,0,na,"(33, 73)",1.0,7.289161017566878e-05,0.10499352071307742,True
516_10,mp-865342,Zn6 Rh2,516,100,0.2499999999999999,24,0,na,"(30, 45)",1.0,7.289692374981776e-05,0.0872061141703145,True
535_2,mp-16514,Al6 Ni10,535,111,0.3897581320745829,64,0,na,"(13, 28)",1.0,7.290223809870963e-05,0.12912263432109622,True
378_22,mp-865373,Y6 Co6,378,20-1,0.2499999999999999,72,0,na,"(27, 39)",1.0,7.290755322251386e-05,0.09666118488875412,True
330_3,mp-1186923,Re6 Rh2,330,212,0.1264419912890103,64,0,na,"(45, 75)",1.0,7.291286912139993e-05,0.21691449805204935,True
683_10,mp-31498,Ba2 Pt2,683,101,0.4583333333333335,12,0,na,"(56, 78)",1.0,7.291818579553741e-05,0.054277813558596524,True
862_3,mp-1842,Nb2 Al6,862,212,0.1249999999999997,64,0,na,"(13, 41)",1.0,7.29235032450959e-05,0.12368142072786842,True
530_3,mp-1298,K1 Au5,530,212,0.0833333333333333,48,0,na,"(19, 79)",1.0,7.292882147024503e-05,0.04068899157936275,True
296_16,mp-11283,Zr1 Be5,296,102,0.0833333333333332,48,0,na,"(4, 40)",1.0,7.293414047115454e-05,0.17418420344583363,True
185_27,mp-1079681,Zr2 Au6,185,122,0.0042547930494443,48,0,na,"(40, 79)",1.0,7.293946024799416e-05,0.08472326184383462,True
748_9,mp-677,Sr4 Cd8,748,212,0.0969033327999041,72,0,na,"(38, 48)",1.0,7.29447808009337e-05,0.04085942968827142,True
125_7,mp-1437,Li8 Cd8,125,210,0.0625,64,0,na,"(3, 48)",1.0,7.295010213014298e-05,0.04410876812535558,True
809_3,mp-22478,Fe3 Ge3,809,212,0.0833333333333333,48,0,na,"(26, 32)",1.0,7.295542423579193e-05,0.0974010070795061,True
716_3,mp-11248,Li1 Au3,716,211,0.125,64,0,na,"(3, 79)",1.0,7.296074711805048e-05,0.05345452581267203,True
352_6,mp-1186350,Ni2 Ir6,352,210,0.125,48,0,na,"(28, 77)",1.0,7.296607077708865e-05,0.17480401649967417,True
601_8,mp-771,Mn1 Al1,601,100,0.25,8,0,na,"(13, 25)",1.0,7.297139521307647e-05,0.12834706796814807,True
850_0,mp-1601,Ta1 Ru1,850,111,0.25,12,0,na,"(44, 73)",1.0,7.297672042618404e-05,0.1538492222342556,True
362_92,mp-1969,Nb4 Sb8,362,001,0.1507153506651839,24,0,na,"(41, 51)",1.0,7.298204641658152e-05,0.13578988373931697,True
562_26,mp-611,Ag6 Sn2,562,100,0.25,24,0,na,"(47, 50)",1.0,7.298737318443909e-05,0.03477801578876461,True
789_33,mp-1079810,Hf3 Sn6,789,001,0.1666666666666666,18,0,na,"(50, 72)",1.0,7.323324789454412e-05,0.07388583073300062,True
402_0,mp-30875,Ti4 Sn2,402,111,0.125,30,0,na,"(22, 50)",1.0,7.323861139592794e-05,0.1044892063331943,True
579_17,mp-2152,Y1 Ni5,579,102,0.2083333333333332,36,0,na,"(28, 39)",1.0,7.324397568300007e-05,0.13230414735438023,True
345_10,mp-1018104,Zr4 Cd2,345,101,0.1654931217803967,24,0,na,"(40, 48)",1.0,7.364312541424258e-05,0.09735214680176045,True
343_30,mp-556,Zr4 Ni4,343,011,0.25,24,0,na,"(28, 40)",1.0,7.364854912358227e-05,0.13001661151168376,True
807_11,mp-9970,Sc4 Ge4,807,211,0.1249999999999998,96,0,na,"(21, 32)",1.0,7.365397363187744e-05,0.0861846332094088,True
477_19,mp-1431,Mn4 Si4,477,211,0.3841695400921133,96,0,na,"(14, 25)",1.0,7.365939893930465e-05,0.14798385543701564,True
599_8,mp-1220023,Os1 Ru1,599,210,0.25,24,0,na,"(44, 76)",1.0,7.366482504604051e-05,0.23214976617244645,True
192_4,mp-30840,Ti8 Pd12,192,111,0.396349118463565,80,0,na,"(22, 46)",1.0,7.367025195226167e-05,0.1190082502947513,True
222_18,mp-636614,Y4 Pb8,222,100,0.25,36,0,na,"(39, 82)",1.0,7.367567965814484e-05,0.053831618307313825,True
84_54,mp-1128,Si4 Ir4,84,012,0.1800375151782738,32,0,na,"(14, 77)",1.0,7.368110816386678e-05,0.15790981074481095,True
256_9,mp-570199,Ti3 Pd5,256,212,0.0652040369147003,64,0,na,"(22, 46)",1.0,7.36865374696043e-05,0.11353038296468591,True
774_22,mp-9948,V10 Te8,774,210,0.1249999999999999,72,0,na,"(23, 52)",1.0,7.369196757553427e-05,,False
280_4,mp-11276,Be1 Rh1,280,210,0.125,20,0,na,"(4, 45)",1.0,7.369739848183359e-05,0.15062513115052703,True
871_40,mp-669917,Zr4 Rh4,871,112,0.2499999999999999,48,0,na,"(40, 45)",1.0,7.370283018867924e-05,0.10811722181459185,True
484_25,mp-351,Si4 Ni4,484,122,0.0839656063174394,64,0,na,"(14, 28)",1.0,7.370826269624825e-05,0.12354648574056558,True
352_13,mp-1186350,Ni2 Ir6,352,001,0.125,16,0,na,"(28, 77)",1.0,7.371369600471768e-05,0.1746390166026677,True
469_25,mp-12595,Mo2 Rh2,469,112,0.1261841114002903,24,0,na,"(42, 45)",1.0,7.371913011426465e-05,0.17757611212203017,True
696_1,mp-11277,Sc1 Be5,696,221,0.1249999999999998,60,0,na,"(4, 21)",1.0,7.372456502506635e-05,0.1502588024121862,True
585_14,mp-985805,Al4 Ag8,585,212,0.125,96,0,na,"(13, 47)",1.0,7.37300007373e-05,0.06484572372246673,True
664_4,mp-865045,Mn2 Ru6,664,212,0.2499999999999999,64,0,na,"(25, 44)",1.0,7.37354372511429e-05,0.18566767353124422,True
859_15,mp-2744,Li1 Pd1,859,2-12,0.25,20,0,na,"(3, 46)",1.0,7.374087456677236e-05,0.07084369776274617,True
228_8,mp-1186374,Os6 W2,228,211,0.2499999999999999,96,0,na,"(74, 76)",1.0,7.374631268436578e-05,0.2220747337689995,True
520_20,mp-1070580,Al6 Ru4,520,112,0.1059246594707161,50,0,na,"(13, 44)",1.0,7.375175160410059e-05,0.1438734017049066,True
361_25,mp-865611,Mg2 Rh6,361,112,0.0905478075739272,40,0,na,"(12, 45)",1.0,7.37571913261543e-05,0.1140252091658053,True
868_5,mp-10598,Cu2 Sn2,868,211,0.1041666666666667,64,0,na,"(29, 50)",1.0,7.376263185070444e-05,0.052825776328881476,True
53_28,mp-21296,Pt2 Pb8,53,112,0.2499999999999999,40,0,na,"(78, 82)",1.0,7.376807317792859e-05,0.02756667143542313,True
84_1,mp-1128,Si4 Ir4,84,111,0.0882064883631983,32,0,na,"(14, 77)",1.0,7.450454477723141e-05,0.12904040916564347,True
747_1,mp-12693,Mg4 Rh2,747,111,0.2499999999999998,30,0,na,"(12, 45)",1.0,7.4510096118024e-05,0.08371568342980434,True
553_21,mp-818,Si4 Rh4,553,101,0.5,32,0,na,"(14, 45)",1.0,7.451564828614009e-05,0.13838144083293435,True
547_7,mp-867792,Re2 Ir6,547,211,0.2499999999999997,96,0,na,"(75, 77)",1.0,7.452120128176467e-05,0.19043925554616276,True
627_33,mp-1001787,Li2 Rh6,627,010,0.0983838654146678,24,0,na,"(3, 45)",1.0,7.452675510508272e-05,0.13304279505085057,True
353_3,mp-11452,Hf1 Os1,353,211,0.25,32,0,na,"(72, 76)",1.0,7.453230975627935e-05,0.1737716453849785,True
682_6,mp-22240,Mn4 As4,682,221,0.25,64,0,na,"(25, 33)",1.0,7.453786523553965e-05,0.0800092353300366,True
855_17,mp-1206780,Ti8 Sb4,855,100,0.2499999999999999,36,0,na,"(22, 51)",1.0,7.454342154304882e-05,0.09316490951804358,True
718_3,mp-1007691,Hf4 Pt4,718,221,0.0,64,0,na,"(72, 78)",1.0,7.554581853894387e-05,0.11192707863119918,True
384_20,mp-999133,Ta2 Pd2,384,112,0.2500000000000002,24,0,na,"(46, 73)",1.0,7.555152614082804e-05,0.14249101951852783,True
362_1,mp-1969,Nb4 Sb8,362,111,0.4159180742433259,48,0,na,"(41, 51)",1.0,7.555723460521345e-05,0.08695443025536356,True
248_10,mp-189,Si4 Ru4,248,110,0.25,24,0,na,"(14, 44)",1.0,7.55629439322956e-05,0.13790486389366904,True
310_3,mp-1027,Hf1 Rh3,310,211,0.1250000000000002,64,0,na,"(45, 72)",1.0,7.556865412227008e-05,0.14628632060504024,True
113_0,mp-11256,Sc1 Au1,113,111,0.25,12,0,na,"(21, 79)",1.0,7.557436517533252e-05,0.07616405192725603,True
799_19,mp-1025402,Sr4 Cu4,799,101,0.4999999999999999,24,0,na,"(29, 38)",1.0,7.558007709167864e-05,0.03857780079891297,True
148_64,mp-1048,Ti2 Ni2,148,011,0.5,16,0,na,"(22, 28)",1.0,7.558578987150416e-05,0.16335870701690644,True
67_61,mp-1482,Zr16 Al24,67,011,0.0880412170813844,80,0,na,"(13, 40)",1.0,7.559150351500492e-05,0.11785146528543637,True
124_5,mp-1007692,Hf4 Pd4,124,221,0.2500000000000002,64,0,na,"(46, 72)",1.0,7.559721802237678e-05,0.11694803956596588,True
423_47,mp-583,Co4 As4,423,012,0.0,32,0,na,"(27, 33)",1.0,7.560293339381567e-05,0.07606358982284525,True
322_7,mp-999544,Y2 Ag4,322,211,0.0824878204001882,96,0,na,"(39, 47)",1.0,7.560864962951762e-05,0.07109971621602706,True
871_59,mp-669917,Zr4 Rh4,871,012,0.1985105278547719,32,0,na,"(40, 45)",1.0,7.561436672967863e-05,0.12333700914546211,True
83_13,mp-11482,Mo2 Ir6,83,101,0.2504881661358755,32,0,na,"(42, 77)",1.0,7.562008469449486e-05,0.19669616175988142,True
382_8,mp-862260,Sc2 Zn6,382,211,0.131205509887762,96,0,na,"(21, 30)",1.0,7.562580352416244e-05,0.08030286280658944,True
96_39,mp-569250,V4 Ir4,96,021,0.5,40,0,na,"(23, 77)",1.0,7.61266747868453e-05,0.1655526372415127,True
572_25,mp-12635,Ti2 Au8,572,102,0.0779787354107686,60,0,na,"(22, 79)",1.0,7.613247049866768e-05,0.08437093655322021,True
429_48,mp-208,Ge4 Ir4,429,010,0.095670737447874,16,0,na,"(32, 77)",1.0,7.613826709304096e-05,0.12234466897167498,True
403_1,mp-291,Ti1 Os1,403,221,0.125,20,0,na,"(22, 76)",1.0,7.614406457016675e-05,0.19771170931187956,True
389_23,mp-1183837,Co6 Ni2,389,102,0.25,48,0,na,"(27, 28)",1.0,7.614986293024673e-05,0.15748092299535063,True
78_3,mp-2677,Sc1 Pd3,78,211,0.125,64,0,na,"(21, 46)",1.0,7.61556621734826e-05,0.1001115257410727,True
427_23,mp-865527,Y2 Al6,427,101,0.5,24,0,na,"(13, 39)",1.0,7.63708568810142e-05,0.08098466084497886,True
774_33,mp-9948,V10 Te8,774,100,0.1250850402491005,36,0,na,"(23, 52)",1.0,7.637668983426258e-05,,False
236_23,mp-30797,Nb10 Te8,236,101,0.332935168799553,54,0,na,"(41, 52)",1.0,7.638252367858234e-05,,False
412_15,mp-976128,Hf5 Sc1,412,210,0.0833333333333333,36,0,na,"(21, 72)",1.0,7.702973347712218e-05,0.1153304662110627,True
618_2,mp-2593,Al1 Ni3,618,110,0.25,16,0,na,"(13, 28)",1.0,7.732755954222085e-05,0.1387273822903497,True
128_16,mp-1078526,Ga4 Pd4,128,211,0.1714157911934464,96,0,na,"(31, 46)",1.0,7.733353955610548e-05,0.08061063692022875,True
228_23,mp-1186374,Os6 W2,228,102,0.2500000000000001,48,0,na,"(74, 76)",1.0,7.733952049497293e-05,0.2051411196958385,True
96_40,mp-569250,V4 Ir4,96,010,0.107900098845043,16,0,na,"(23, 77)",1.0,7.734550235903782e-05,0.19550815898459878,True
577_3,mp-30364,Ba1 Au5,577,212,0.0833333333333332,48,0,na,"(56, 79)",1.0,7.735148514851485e-05,0.03918455358079228,True
803_29,mp-1007786,Hf2 Ir2,803,100,0.0,16,0,na,"(72, 77)",1.0,7.735746886361879e-05,0.13061764700868003,True
54_0,mp-2695,Sb4 Os2,54,111,0.1620635594553015,24,0,na,"(51, 76)",1.0,7.736345350456444e-05,0.08136205945111992,True
295_5,mp-1219908,Pd3 Pt3,295,210,0.0833333333333335,72,0,na,"(46, 78)",1.0,7.736943907156673e-05,0.10898743393617498,True
599_1,mp-1220023,Os1 Ru1,599,221,0.125,32,0,na,"(44, 76)",1.0,7.737542556484061e-05,0.22934908827625947,True
641_9,mp-10026,Sc2 Te2,641,101,0.2083333333333333,16,0,na,"(21, 52)",1.0,7.73814129846011e-05,0.04658452728733619,True
520_13,mp-1070580,Al6 Ru4,520,101,0.0969006341820808,40,0,na,"(13, 44)",1.0,7.738740133106331e-05,0.15436434611433453,True
764_0,mp-1216394,V2 Cr2,764,111,0.5,20,0,na,"(23, 24)",1.0,7.739339060444238e-05,0.17723822299474057,True
814_43,mp-434,Sr4 Au8,814,010,0.4999999999999999,24,0,na,"(38, 79)",1.0,7.76940408670655e-05,0.04637588521070707,True
731_6,mp-1823,Ti6 Al2,731,211,0.0045258976594535,96,0,na,"(13, 22)",1.0,7.77000777000777e-05,0.13310306604160205,True
45_4,mp-30746,Y1 Ir1,45,210,0.1249999999999999,16,0,na,"(39, 77)",1.0,7.770611547128759e-05,0.10229737197039357,True
360_35,mp-570775,Ba4 Au4,360,121,0.195385346773854,32,0,na,"(56, 79)",1.0,7.771215418091389e-05,0.03404034068606508,True
585_50,mp-985805,Al4 Ag8,585,012,0.125,72,0,na,"(13, 47)",1.0,7.799703611262772e-05,0.05371337952453535,True
793_68,mp-1072660,V4 As8,793,102,0.0833407086958786,48,0,na,"(23, 33)",1.0,7.800312012480499e-05,0.09639365001625386,True
657_2,mp-570832,Sr1 Pt5,657,110,0.25,24,0,na,"(38, 78)",1.0,7.800920508620017e-05,0.09244324237076383,True
613_15,mp-1914,Y1 Ga2,613,2-12,0.25,24,0,na,"(31, 39)",1.0,7.801529099703542e-05,0.07092541239334822,True
458_4,mp-13452,Be2 Pd4,458,110,0.5,36,0,na,"(4, 46)",1.0,7.802137785753296e-05,0.10140654707594575,True
814_0,mp-434,Sr4 Au8,814,111,0.0,36,0,na,"(38, 79)",1.0,7.802746566791511e-05,0.04063752530947951,True
388_10,mp-998949,Ti2 Pt2,388,211,0.25,64,0,na,"(22, 78)",1.0,7.803355442840422e-05,0.1323327140864464,True
808_12,mp-1018148,Sc2 Au4,808,201,0.0407408315617772,36,0,na,"(21, 79)",1.0,7.803964413922273e-05,0.0958966276205676,True
527_22,mp-862604,Re6 Ni2,527,102,0.1251162305725575,48,0,na,"(28, 75)",1.0,7.804573480059315e-05,0.2091719953144052,True
332_20,mp-30835,Ta2 Pd4,332,112,0.1651138253629298,30,0,na,"(46, 73)",1.0,7.805182641273806e-05,0.14190082777013976,True
591_13,mp-12752,Zr4 Al3,591,101,0.2129031053822186,21,0,na,"(13, 40)",1.0,7.805791897588011e-05,0.12622241702950032,True
68_4,mp-1121,Ga1 Co1,68,210,0.125,16,0,na,"(27, 31)",1.0,7.888923950773115e-05,0.11143223602829336,True
329_21,mp-30811,Ni8 W2,329,201,0.0253942195676302,60,0,na,"(28, 74)",1.0,7.889546351084812e-05,0.17122407591025507,True
56_5,mp-1220678,Nb8 Pd4,56,212,0.0436056229741304,96,0,na,"(41, 46)",1.0,8.086689309396733e-05,0.14234906458542484,True
846_3,mp-755328,Zr8 Sn16,846,111,0.8749999999999998,72,0,na,"(40, 50)",1.0,8.087343307723413e-05,0.0651935898879875,True
397_16,mp-1183425,Be6 Co2,397,201,0.25,48,0,na,"(4, 27)",1.0,8.087997411840829e-05,0.1942030570963496,True
599_12,mp-1220023,Os1 Ru1,599,201,0.375,20,0,na,"(44, 76)",1.0,8.08865162177465e-05,0.22897694955500777,True
866_11,mp-12561,Ta4 As8,866,11-1,0.1683556176995644,48,0,na,"(33, 73)",1.0,8.103071063933231e-05,0.12415831317465803,True
689_50,mp-423,Ge3 Pd6,689,102,0.2500000000000001,54,0,na,"(32, 46)",1.0,8.103727714748784e-05,0.07938536767718758,True
490_1,mp-2658,Al1 Fe1,490,221,0.125,24,0,na,"(13, 26)",1.0,8.104384471999351e-05,0.14046653797801967,True
749_5,mp-542915,Ti2 Al6,749,211,0.1875,96,0,na,"(13, 22)",1.0,8.105041335710812e-05,0.1211602764461611,True
73_2,mp-2121,Sc1 Al3,73,110,0.25,16,0,na,"(13, 21)",1.0,8.105698305909054e-05,0.08845705444694756,True
711_0,mp-10905,Al3 Pt2,711,111,0.0831029846084837,30,0,na,"(13, 78)",1.0,8.221655841486475e-05,0.09696601703952229,True
137_3,mp-823,Ti1 Co1,137,211,0.25,40,0,na,"(22, 27)",1.0,8.2223318533136e-05,0.12775459088061308,True
808_3,mp-1018148,Sc2 Au4,808,221,0.125,48,0,na,"(21, 79)",1.0,8.223007976317738e-05,0.06864429581660608,True
244_18,mp-12651,Mg4 Pt4,244,211,0.1721575260229277,96,0,na,"(12, 78)",1.0,8.355614973262032e-05,0.08451264291259193,True
581_21,mp-1186060,Mn2 Os6,581,102,0.0,48,0,na,"(25, 76)",1.0,8.356313194618534e-05,0.209042879924196,True
661_8,mp-427,Fe4 As4,661,110,0.1502254423527915,32,0,na,"(26, 33)",1.0,8.357011532675916e-05,0.08733784736319916,True
477_22,mp-1431,Mn4 Si4,477,210,0.25,48,0,na,"(14, 25)",1.0,8.501232678738417e-05,0.13511539952522306,True
220_8,mp-19880,Fe2 Te4,220,212,0.1260449133962639,48,0,na,"(26, 52)",1.0,8.54481756814492e-05,0.05974179143491994,True
444_7,mp-11481,Mo2 Ir2,444,212,0.25,40,0,na,"(42, 77)",1.0,8.545547769612032e-05,0.19573478081757198,True
333_23,mp-9972,Y4 Si4,333,121,0.0,32,0,na,"(14, 39)",1.0,8.54627809588924e-05,0.08758827254383122,True
299_13,mp-30852,Ti2 Pt16,299,101,0.4955604090301335,54,0,na,"(22, 78)",1.0,8.547008547008547e-05,0.12860981756966913,True
700_28,mp-389,Si4 Pd4,700,122,0.25,48,0,na,"(14, 46)",1.0,8.547739123001966e-05,0.08463653509458136,True
126_28,mp-11411,Sc4 Ga4,126,102,0.125,48,0,na,"(21, 31)",1.0,8.548469823901521e-05,0.08385852499055843,True
637_17,mp-31138,Mn4 Pd12,637,100,0.25,48,0,na,"(25, 46)",1.0,8.54920064973925e-05,0.09476747365987383,True
139_6,mp-1018128,Sc2 Ag4,139,212,0.125,48,0,na,"(21, 47)",1.0,8.549931600547196e-05,0.08250870862169553,True
572_13,mp-12635,Ti2 Au8,572,101,0.3009737801532175,30,0,na,"(22, 79)",1.0,8.550662676357418e-05,0.08101647640692294,True
461_4,mp-11420,Y4 Ga4,461,221,0.1081086767896088,48,0,na,"(31, 39)",1.0,8.551393877201984e-05,0.08199960878926477,True
759_7,mp-11826,Ca1 Pd5,759,210,0.0833333333333333,36,0,na,"(20, 46)",1.0,8.62217623728229e-05,0.07942161939874637,True
466_36,mp-1065995,Zr4 Pt4,466,010,0.25,8,0,na,"(40, 78)",1.0,8.622919720617402e-05,0.09968382206066433,True
212_15,mp-11531,V2 Ni4,212,122,0.0411153070013698,48,0,na,"(23, 28)",1.0,8.706251088281386e-05,0.16834982032808202,True
608_51,mp-2349,Y4 Cd12,608,012,0.0,96,0,na,"(39, 48)",1.0,8.7070091423596e-05,0.05346167878031327,True
666_3,mp-30494,Sc2 Cd6,666,212,0.0,64,0,na,"(21, 48)",1.0,8.74355163067238e-05,0.05923621954556993,True
510_1,mp-1555,V6 Sb2,510,221,0.0625,64,0,na,"(23, 51)",1.0,8.744316194473592e-05,,False
274_4,mp-1404,Cd2 Au2,274,221,0.2500000000000001,32,0,na,"(48, 79)",1.0,8.745080891998251e-05,0.03995789372335843,True
673_2,mp-11388,Ga1 Ir1,673,110,0.5,10,0,na,"(31, 77)",1.0,8.745845723281441e-05,0.06893550728760067,True
322_13,mp-999544,Y2 Ag4,322,201,0.1249999999999998,36,0,na,"(39, 47)",1.0,8.746610688358261e-05,0.07723733746865814,True
534_4,mp-2385,Ta8 Cr16,534,110,0.1249999999999999,72,0,na,"(24, 73)",1.0,8.74737578726382e-05,,False
848_14,mp-22795,Pb8 Au4,848,101,0.0,36,0,na,"(79, 82)",1.0,8.79430129276229e-05,0.03000171547457548,True
710_13,mp-32887,Hf1 Te2,710,201,0.021306320279954,18,0,na,"(52, 72)",1.0,8.795074758135444e-05,0.05096487625651961,True
449_17,mp-1219533,Re1 Ir1,449,102,0.3333333333333333,16,0,na,"(75, 77)",1.0,8.795848359574281e-05,0.21731201440441303,True
521_8,mp-30365,Be4 Au4,521,221,0.2502035447198825,64,0,na,"(4, 79)",1.0,8.796622097114708e-05,0.08133860599787539,True
501_12,mp-862655,Ru6 W2,501,101,0.0,32,0,na,"(44, 74)",1.0,8.797395970792646e-05,0.18821922150478967,True
682_26,mp-22240,Mn4 As4,682,122,0.1394912188641583,48,0,na,"(25, 33)",1.0,8.798169980644026e-05,0.07485351054421209,True
231_6,mp-865875,Li12 Ag4,231,100,0.125,32,0,na,"(3, 47)",1.0,8.960573476702509e-05,0.03763264098069313,True
79_13,mp-321,Rh4 Pb8,79,101,0.0,36,0,na,"(45, 82)",1.0,8.992805755395684e-05,0.03234616553282776,True
819_47,mp-569683,In2 Au6,819,021,0.2504584782346164,48,0,na,"(49, 79)",1.0,8.993614533681087e-05,0.03846585589221383,True
178_7,mp-782,Te2 Pd1,178,211,0.1012329544391802,48,0,na,"(46, 52)",1.0,8.994423457456377e-05,0.0333227991422725,True
784_17,mp-1025223,Hf4 Al3,784,201,0.2499999999999999,42,0,na,"(13, 72)",1.0,8.995232526760817e-05,0.12005352545699562,True
587_8,mp-442,Rh3 Pb3,587,210,0.2083333333333332,36,0,na,"(45, 82)",1.0,8.99604174163368e-05,0.06957686476291704,True
189_26,mp-13495,Zr4 Pd4,189,112,0.2499999999999999,48,0,na,"(40, 46)",1.0,8.99685110211426e-05,0.10565597354560743,True
640_20,mp-1186231,Nb2 Ir6,640,2-12,0.1268150641916517,48,0,na,"(41, 77)",1.0,8.997660608241857e-05,0.20489527220958617,True
848_21,mp-22795,Pb8 Au4,848,112,0.169604317040573,48,0,na,"(79, 82)",1.0,8.99847026005579e-05,0.03151429576766894,True
229_13,mp-1217358,Te3 Au1,229,201,0.1764363966207618,32,0,na,"(52, 79)",1.0,8.999280057595392e-05,0.008789365924801198,True
870_0,mp-12104,Nb3 Si6,870,111,0.1666666666666667,45,0,na,"(14, 41)",1.0,9.000090000900009e-05,0.12174014974824755,True
745_16,mp-2845,Sb2 Pt2,745,102,0.0416666666666665,24,0,na,"(51, 78)",1.0,9.042408897730357e-05,0.057676249565549585,True
464_24,mp-1018129,Pt4 W2,464,011,0.1683987329123901,18,0,na,"(74, 78)",1.0,9.086778736937757e-05,0.17904666475595096,True
233_3,mp-437,Mg1 Au1,233,211,0.25,32,0,na,"(12, 79)",1.0,9.087604507451837e-05,0.05708797903057258,True
179_4,mp-819,Hf8 Cr16,179,110,0.125,48,0,na,"(24, 72)",1.0,9.088430428065072e-05,,False
506_5,mp-945077,Y4 Te12,506,221,0.1084075407678621,96,0,na,"(39, 52)",1.0,9.089256498818396e-05,0.028959704835155437,True
225_1,mp-974358,Ir6 Ru2,225,221,0.0624999999999998,64,0,na,"(44, 77)",1.0,9.09008271975275e-05,0.17735159785180044,True
340_17,mp-1207193,Cu1 Te2,340,2-12,0.2499999999999999,24,0,na,"(29, 52)",1.0,9.201324990798676e-05,0.020552023707620964,True
849_5,mp-865027,Mn12 Ge4,849,210,0.0625,64,0,na,"(25, 32)",1.0,9.202171712524156e-05,0.12113430113822614,True
629_7,mp-1184336,Fe2 Ir6,629,101,0.125,24,0,na,"(26, 77)",1.0,9.203018590097552e-05,0.16807161602874465,True
584_15,mp-1078895,Mn6 Pd10,584,201,0.1385974843468034,64,0,na,"(25, 46)",1.0,9.273856997125104e-05,0.09739372399251096,True
84_50,mp-1128,Si4 Ir4,84,010,0.092311473743031,16,0,na,"(14, 77)",1.0,9.409993413004612e-05,0.16392681514243676,True
399_19,mp-1184368,Fe2 Rh6,399,100,0.5,24,0,na,"(26, 45)",1.0,9.410878976096369e-05,0.128133016220071,True
483_8,mp-728,Li2 Pd1,483,210,0.2500000000000001,24,0,na,"(3, 46)",1.0,9.411764705882352e-05,0.048481939699170605,True
306_0,mp-429,Zn1 Ni1,306,111,0.25,14,0,na,"(28, 30)",1.0,9.41265060240964e-05,0.11414370741705983,True
506_2,mp-945077,Y4 Te12,506,111,0.2023379423479986,64,0,na,"(39, 52)",1.0,9.413536665725314e-05,0.021663211909878008,True
741_17,mp-866161,V2 Rh6,741,100,0.0,24,0,na,"(23, 45)",1.0,9.414422895876484e-05,0.1457621614524976,True
399_22,mp-1184368,Fe2 Rh6,399,102,0.25,48,0,na,"(26, 45)",1.0,9.415309292910272e-05,0.13523784551777485,True
53_21,mp-21296,Pt2 Pb8,53,101,0.2499999999999999,30,0,na,"(78, 82)",1.0,9.416195856873824e-05,0.02604538710442479,True
887_12,mp-1018151,Nb2 Pd4,887,201,0.0415802298720642,48,0,na,"(41, 46)",1.0,9.417082587814296e-05,0.1315719393922575,True
351_3,mp-1775,Sn2 Au2,351,212,0.0416666666666667,32,0,na,"(50, 79)",1.0,9.417969485778868e-05,0.039806825907445116,True
124_6,mp-1007692,Hf4 Pd4,124,110,0.0,32,0,na,"(46, 72)",1.0,9.418856550814732e-05,0.10767584679630583,True
423_34,mp-583,Co4 As4,423,112,0.1496046533620527,48,0,na,"(27, 33)",1.0,9.419743782969103e-05,0.07730241496116762,True
444_4,mp-11481,Mo2 Ir2,444,221,0.4999999999999999,40,0,na,"(42, 77)",1.0,9.420631182289212e-05,0.18914376155578577,True
576_1,mp-1670,Mn1 Pt1,576,221,0.125,24,0,na,"(25, 78)",1.0,9.42151874882231e-05,0.13826127952134426,True
596_18,mp-574,Ta8 Co4,596,100,0.25,24,0,na,"(27, 73)",1.0,9.42240648261566e-05,0.1808730103137411,True
529_4,mp-1294,Y8 Co16,529,110,0.125,48,0,na,"(27, 39)",1.0,9.423294383716548e-05,0.10581692335472431,True
69_6,mp-867343,Li12 Cd4,69,100,0.125,32,0,na,"(3, 48)",1.0,9.424182452172274e-05,0.038351767712629485,True
522_14,mp-568069,Ti8 Bi4,522,201,0.0371677294443255,72,0,na,"(22, 83)",1.0,9.42507068803016e-05,,False
487_6,mp-999143,Sr4 Pd4,487,110,0.0,24,0,na,"(38, 46)",1.0,9.425959091337543e-05,0.04675229383723257,True
564_5,mp-16756,Ta6 Ga4,564,110,0.0747659474193725,30,0,na,"(31, 73)",1.0,9.46790380609733e-05,0.18787557286097345,True
53_16,mp-21296,Pt2 Pb8,53,211,0.1249999999999998,80,0,na,"(78, 82)",1.0,9.46880030300161e-05,,False
656_3,mp-1229012,Ag3 Pd3,656,212,0.083333333333333,72,0,na,"(46, 47)",1.0,9.46969696969697e-05,0.07989161690825905,True
224_1,mp-13683,Hf4 Ge8,224,111,0.1668362460599386,48,0,na,"(32, 72)",1.0,9.470593806231651e-05,0.10026366871518949,True
702_4,mp-2781,Sc1 Pd1,702,210,0.1249999999999999,16,0,na,"(21, 46)",1.0,9.471490812653912e-05,0.09046225973906155,True
339_64,mp-568746,Bi8 Pd4,339,102,0.0679670098941281,48,0,na,"(46, 83)",1.0,9.47238798901203e-05,0.035959033230771105,True
711_3,mp-10905,Al3 Pt2,711,221,0.0415514923042418,50,0,na,"(13, 78)",1.0,9.4732853353543e-05,0.09331733718586496,True
554_6,mp-253,Sc8 Co16,554,210,0.0312499999999999,96,0,na,"(21, 27)",1.0,9.474182851729038e-05,,False
661_51,mp-427,Fe4 As4,661,012,0.0623424086035342,32,0,na,"(26, 33)",1.0,9.475080538184574e-05,0.11122903001879762,True
54_27,mp-2695,Sb4 Os2,54,112,0.5,30,0,na,"(51, 76)",1.0,9.47597839476926e-05,0.08914064221916364,True
752_2,mp-1052,Na8 Au16,752,221,0.03125,96,0,na,"(11, 79)",1.0,9.56205775482884e-05,0.04568658533340209,True
544_18,mp-11278,Ta8 Be4,544,100,0.25,24,0,na,"(4, 73)",1.0,9.618159084351256e-05,0.2045985137783675,True
304_57,mp-11441,Hf16 Ga24,304,011,0.0879671658564209,80,0,na,"(31, 72)",1.0,9.642271719217049e-05,0.10683149008593258,True
759_10,mp-11826,Ca1 Pd5,759,101,0.4166666666666666,24,0,na,"(20, 46)",1.0,9.643201542912249e-05,0.08105993956094,True
785_6,mp-2302,As4 Rh8,785,100,0.125,24,0,na,"(33, 45)",1.0,9.782821365681862e-05,0.10849767537527975,True
882_30,mp-22239,Ge4 Rh4,882,121,0.0,48,0,na,"(32, 45)",1.0,9.783778495254869e-05,0.1037628807148625,True
674_10,mp-1216231,V2 W2,674,121,0.125,24,0,na,"(23, 74)",1.0,9.784735812133073e-05,0.19878900355532145,True
455_10,mp-1229092,Ag3 Au3,455,100,0.1666666666666665,24,0,na,"(47, 79)",1.0,9.785693316371466e-05,0.050824666880901766,True
221_29,mp-13453,Be4 Pd12,221,120,0.1807057796215758,80,0,na,"(4, 46)",1.0,9.786651008025054e-05,0.10388149879568635,True
156_4,mp-1425,Ti8 Cr16,156,110,0.125,72,0,na,"(22, 24)",1.0,9.78760888714887e-05,,False
788_20,mp-1825,Cu4 Sb2,788,102,0.125,36,0,na,"(29, 51)",1.0,9.788566953797964e-05,0.05616954416059303,True
795_14,mp-1206704,Mo2 Pd4,795,100,0.25,24,0,na,"(42, 46)",1.0,9.78952520802741e-05,0.12759358776030447,True
478_6,mp-1359,Nb1 Ir1,478,101,0.5,10,0,na,"(41, 77)",1.0,9.790483649892304e-05,0.13646746190873935,True
731_12,mp-1823,Ti6 Al2,731,101,0.2484913674468486,24,0,na,"(13, 22)",1.0,9.838646202282564e-05,0.1320465632708096,True
326_2,mp-215,Y4 Sb4,326,110,0.25,24,0,na,"(39, 51)",1.0,9.839614287119943e-05,0.06532032093706971,True
769_4,mp-842,Ca8 Pt16,769,110,0.1250000000000001,48,0,na,"(20, 78)",1.0,9.8405825624877e-05,0.08642754365728242,True
424_1,mp-1363,Na8 Au4,424,111,0.2021615312578165,36,0,na,"(11, 79)",1.0,9.841551028442082e-05,0.026638072203771755,True
459_1,mp-974616,Pt6 Rh2,459,221,0.0625,64,0,na,"(45, 78)",1.0,9.84251968503937e-05,0.11967510485722951,True
821_19,mp-867264,Re6 Os2,821,100,0.5,24,0,na,"(75, 76)",1.0,9.84348853233586e-05,0.1823925720838841,True
674_15,mp-1216231,V2 W2,674,021,0.125,24,0,na,"(23, 74)",1.0,9.844457570387872e-05,0.2043407129093377,True
475_8,mp-1018056,Hf4 Ni4,475,212,0.0,64,0,na,"(28, 72)",1.0,9.845426799251748e-05,0.1136351784041126,True
477_2,mp-1431,Mn4 Si4,477,111,0.7822187054944544,32,0,na,"(14, 25)",1.0,9.846396218983852e-05,0.1481919807324391,True
147_14,mp-485,Zr2 Ni6,147,101,0.0,32,0,na,"(28, 40)",1.0,9.847365829640573e-05,0.14179631859448677,True
680_13,mp-1067236,Cd2 Pt6,680,102,0.0625,64,0,na,"(48, 78)",1.0,0.0001003713740841,0.09757978058523213,True
339_21,mp-568746,Bi8 Pd4,339,211,0.0988165239221167,96,0,na,"(46, 83)",1.0,0.0001003814495081,,False
845_20,mp-569671,Zr4 Sb4,845,211,0.2684368869072244,96,0,na,"(40, 51)",1.0,0.0001003915269551,0.09354000631647875,True
828_11,mp-998972,Ti2 Au2,828,210,0.125,32,0,na,"(22, 79)",1.0,0.0001004016064257,0.10191491543126667,True
388_35,mp-998949,Ti2 Pt2,388,021,0.2499999999999999,24,0,na,"(22, 78)",1.0,0.0001004116879204,0.12766094710956138,True
151_31,mp-9971,Y4 Ge4,151,011,0.4999999999999998,24,0,na,"(32, 39)",1.0,0.00010042177144,0.07706987937729093,True
515_0,mp-1684,Zn1 Au1,515,111,0.25,12,0,na,"(30, 79)",1.0,0.000100431856985,0.04945496979890725,True
776_2,mp-811,Ba1 Pt5,776,110,0.25,24,0,na,"(56, 78)",1.0,0.000100441944556,0.08470756746006775,True
656_10,mp-1229012,Ag3 Pd3,656,100,0.1666666666666665,30,0,na,"(46, 47)",1.0,0.0001004520341536,0.07484100442292463,True
718_21,mp-1007691,Hf4 Pt4,718,121,0.2500000000000005,40,0,na,"(72, 78)",1.0,0.0001004621257785,0.1122262303519722,True
509_12,mp-865022,Mn2 Ir6,509,101,0.0,32,0,na,"(25, 77)",1.0,0.0001004722194313,0.16177258998384492,True
164_37,mp-267,Te4 Ru2,164,012,0.125,24,0,na,"(44, 52)",1.0,0.0001011531458628,0.06418636897006785,True
660_8,mp-867780,Al6 Cr2,660,101,0.375,24,0,na,"(13, 24)",1.0,0.0001011633788568,0.11064768859965818,True
124_41,mp-1007692,Hf4 Pd4,124,001,0.0,24,0,na,"(46, 72)",1.0,0.0001011736139214,0.1094755958570913,True
484_51,mp-351,Si4 Ni4,484,012,0.129035919950322,48,0,na,"(14, 28)",1.0,0.0001011838510573,0.11870416921818411,True
744_12,mp-2157,Co6 W2,744,101,2.220446049250313e-16,32,0,na,"(27, 74)",1.0,0.0001027010372804,0.1956989870048001,True
116_14,mp-977059,Mg1 Pd5,116,211,0.4558419294950895,96,0,na,"(12, 46)",1.0,0.0001033378113051,0.09397141423180204,True
148_59,mp-1048,Ti2 Ni2,148,102,0.25,32,0,na,"(22, 28)",1.0,0.000103348491112,0.12764574927374403,True
268_0,mp-568430,Ba8 Rh16,268,111,0.0625,72,0,na,"(45, 56)",1.0,0.0001033591731266,0.07814771282432245,True
872_7,mp-20928,Sb4 Ru2,872,212,0.125,48,0,na,"(44, 51)",1.0,0.0001038745195803,0.08305244666298386,True
460_4,mp-866046,Ti6 In2,460,212,0.1254968426603252,64,0,na,"(22, 49)",1.0,0.0001043405676126,0.11840076795879327,True
485_5,mp-979115,Ti4 Ag2,485,212,0.0384984567311246,48,0,na,"(22, 47)",1.0,0.0001043514557028,0.11722438098524618,True
814_47,mp-434,Sr4 Au8,814,012,0.1250000000000001,48,0,na,"(38, 79)",1.0,0.0001043623460655,0.04284777236772251,True
865_2,mp-1620,Si4 W2,865,221,0.0414175440367277,60,0,na,"(14, 74)",1.0,0.0001051967178624,0.15195505586995972,True
703_4,mp-865193,Co6 Pt2,703,212,0.0,64,0,na,"(27, 78)",1.0,0.0001054852320675,0.1726693443889487,True
162_25,mp-1682,Zr4 As4,162,102,0.1336727906721934,32,0,na,"(33, 40)",1.0,0.0001054963603755,0.11032837796305991,True
148_70,mp-1048,Ti2 Ni2,148,012,0.0,24,0,na,"(22, 28)",1.0,0.0001055074910318,0.14331036734756217,True
846_8,mp-755328,Zr8 Sn16,846,110,0.0847609521750457,72,0,na,"(40, 50)",1.0,0.0001055186240371,0.08076914233154595,True
760_15,mp-20033,Sn2 Ir2,760,2-12,0.1249999999999999,32,0,na,"(50, 77)",1.0,0.0001055297593921,0.09668660878893327,True
870_7,mp-12104,Nb3 Si6,870,212,0.2064200983546819,72,0,na,"(14, 41)",1.0,0.0001063151180097,0.13230887549244272,True
356_17,mp-2008,Fe2 As4,356,122,0.0343526666909995,48,0,na,"(26, 33)",1.0,0.0001063264221158,0.08623878942033229,True
507_4,mp-11397,Ga3 Ni2,507,221,0.1254730219067036,60,0,na,"(28, 31)",1.0,0.0001063377286261,0.08430857983012699,True
608_47,mp-2349,Y4 Cd12,608,010,0.0,16,0,na,"(39, 48)",1.0,0.0001063490375412,0.04513977030070971,True
743_40,mp-20619,Sb4 Rh4,743,011,0.0,24,0,na,"(45, 51)",1.0,0.0001063603488619,0.06777204998712028,True
608_40,mp-2349,Y4 Cd12,608,102,0.0583948497246797,96,0,na,"(39, 48)",1.0,0.000106371662589,0.05559344564819971,True
110_2,mp-2363,Hf8 Mo16,110,221,0.0312500000000003,96,0,na,"(42, 72)",1.0,0.0001063829787234,0.1759474357899256,True
239_0,mp-592,Ti1 Ru1,239,111,0.25,12,0,na,"(22, 44)",1.0,0.0001063942972656,0.17826309765805867,True
707_5,mp-20536,Co3 Sn3,707,211,0.0416666666666667,96,0,na,"(27, 50)",1.0,0.0001064056182166,,False
694_4,mp-284,Al1 Co1,694,210,0.125,16,0,na,"(13, 27)",1.0,0.000106416941577,0.1575454576204481,True
584_17,mp-1078895,Mn6 Pd10,584,100,0.2364025156531966,32,0,na,"(25, 46)",1.0,0.0001064282673478,0.10524574794308392,True
216_51,mp-11266,Ba4 Cd8,216,001,0.0,24,0,na,"(48, 56)",1.0,0.0001064395955295,0.034370514080668955,True
198_1,mp-333,Hf8 Fe16,198,111,0.8124999999999999,72,0,na,"(26, 72)",1.0,0.000106450926123,0.11385301353442887,True
745_13,mp-2845,Sb2 Pt2,745,100,0.1666666666666666,12,0,na,"(51, 78)",1.0,0.0001064622591291,0.06313028098658405,True
283_24,mp-11239,Zr2 Ag2,283,001,0.0,8,0,na,"(40, 47)",1.0,0.0001064735945485,0.13941972240824504,True
605_8,mp-568992,Zr8 Ir8,605,110,0.236452570384177,48,0,na,"(40, 77)",1.0,0.000106484932382,0.16044308425060466,True
620_11,mp-862620,Ir2 Ru6,620,210,0.2500000000000001,48,0,na,"(44, 77)",1.0,0.0001064962726304,0.21119202659979916,True
201_24,mp-1007758,Hf2 Cd2,201,001,0.4999999999999999,8,0,na,"(48, 72)",1.0,0.0001065076152944,0.05265430107011998,True
545_7,mp-1696,Cd1 Pd1,545,201,0.125,16,0,na,"(46, 48)",1.0,0.0001074113856068,0.06550588689199788,True
523_21,mp-971751,V4 Rh4,523,100,0.2499999999999999,16,0,na,"(23, 45)",1.0,0.0001074229240519,0.17383925491400595,True
672_1,mp-1215997,Y1 In1,672,221,0.125,20,0,na,"(39, 49)",1.0,0.0001074344649763,0.06164791149610694,True
374_3,mp-2410,Sr1 Ag5,374,212,0.0833333333333333,48,0,na,"(38, 47)",1.0,0.0001074460083807,0.04503565066283978,True
111_2,mp-12761,Be2 Au4,111,221,0.0353919110330843,60,0,na,"(4, 79)",1.0,0.000107457554266,0.0649744708888079,True
224_26,mp-13683,Hf4 Ge8,224,120,0.0610339666928005,36,0,na,"(32, 72)",1.0,0.0001074691026329,0.09940954241192125,True
743_46,mp-20619,Sb4 Rh4,743,010,0.0958662656823925,16,0,na,"(45, 51)",1.0,0.0001074806534823,0.07952171964954675,True
699_3,mp-2090,Fe1 Co1,699,211,0.25,40,0,na,"(26, 27)",1.0,0.000107492206815,0.1543389210058399,True
825_13,mp-21260,Fe3 Sn3,825,100,0.1666666666666666,18,0,na,"(26, 50)",1.0,0.0001075037626316,0.06687276638962046,True
252_14,mp-1216323,V2 Mo2,252,011,0.25,16,0,na,"(23, 42)",1.0,0.0001075153209332,0.19256092020512286,True
173_15,mp-862586,Re6 Pd2,173,101,0.5,32,0,na,"(46, 75)",1.0,0.0001075268817204,0.18877541560093178,True
96_24,mp-569250,V4 Ir4,96,122,0.2499999999999997,64,0,na,"(23, 77)",1.0,0.000107538444994,0.18790164733344705,True
872_0,mp-20928,Sb4 Ru2,872,111,0.1625495894596867,24,0,na,"(44, 51)",1.0,0.000107550010755,0.07305876383801263,True
889_10,mp-399,Te2 Pt1,889,210,0.2499999999999999,24,0,na,"(52, 78)",1.0,0.0001086484137331,0.04127610302414549,True
178_5,mp-782,Te2 Pd1,178,212,0.0357992422116937,30,0,na,"(46, 52)",1.0,0.0001086602194936,0.03255683116635426,True
469_1,mp-12595,Mo2 Rh2,469,111,0.5,20,0,na,"(42, 45)",1.0,0.00010867202782,0.1945271309779632,True
561_15,mp-2025,Hf1 Be5,561,2-12,0.125,48,0,na,"(4, 72)",1.0,0.0001094451132756,0.17265271131436596,True
115_7,mp-864934,Mg2 Ag6,115,211,0.2502705007265253,96,0,na,"(12, 47)",1.0,0.0001115075825156,0.05832756185622146,True
841_17,mp-30428,Ba4 Cu4,841,101,0.2702621626436627,24,0,na,"(29, 56)",1.0,0.0001115200178432,0.03263690645630968,True
313_23,mp-1867,Ta8 Ni4,313,102,0.125,72,0,na,"(28, 73)",1.0,0.0001115324559446,0.16695056613286263,True
753_3,mp-1326,Nb6 Sn2,753,110,0.375,24,0,na,"(41, 50)",1.0,0.0001115448968209,0.1333337858065195,True
93_16,mp-19895,Ni2 Sb4,93,201,0.0352678013269862,36,0,na,"(28, 51)",1.0,0.000111557340473,0.05965737420136515,True
241_18,mp-30356,Sr4 Ag8,241,201,0.051536599024435,72,0,na,"(38, 47)",1.0,0.0001115697869017,0.04443015325173276,True
282_9,mp-1066136,Y4 Pd4,282,212,0.125,64,0,na,"(39, 46)",1.0,0.000111582236108,0.0724202632932832,True
743_47,mp-20619,Sb4 Rh4,743,010,0.25,16,0,na,"(45, 51)",1.0,0.0001115946880928,0.08982180358061376,True
321_0,mp-1014230,Ti1 Zn1,321,111,0.2499999999999999,12,0,na,"(22, 30)",1.0,0.0001116071428571,0.1238417177043,True
286_13,mp-31379,Zr8 Sb4,286,101,0.2305672453197047,36,0,na,"(40, 51)",1.0,0.0001116196004018,0.098281833345841,True
150_22,mp-328,Zr8 Ni4,150,102,0.125,72,0,na,"(28, 40)",1.0,0.0001116320607278,0.11776136861497145,True
345_7,mp-1018104,Zr4 Cd2,345,211,0.0827465608901982,96,0,na,"(40, 48)",1.0,0.0001116445238361,0.1000512143359398,True
547_4,mp-867792,Re2 Ir6,547,212,0.25,64,0,na,"(75, 77)",1.0,0.0001143249113981,0.1904502818993446,True
170_1,mp-1932,Nb6 Os2,170,221,0.0625,48,0,na,"(41, 76)",1.0,0.0001143379830779,0.17259451196653705,True
203_22,mp-363,Nb3 Ge6,203,101,0.579399429655042,27,0,na,"(32, 41)",1.0,0.0001143510577472,0.09333943500507311,True
582_10,mp-2678,V1 Pt1,582,102,0.125,16,0,na,"(23, 78)",1.0,0.0001143641354071,0.15744939509761052,True
567_1,mp-11393,Nb6 Ga4,567,111,0.2988813015079758,40,0,na,"(31, 41)",1.0,0.0001151941020619,0.14236482265217792,True
127_7,mp-1963,Nb1 Rh1,127,201,0.1250000000000001,16,0,na,"(41, 45)",1.0,0.0001152073732718,0.15221096994338895,True
311_3,mp-865385,V12 Re4,311,110,0.25,48,0,na,"(23, 75)",1.0,0.0001161710037174,0.1768602589735082,True
125_1,mp-1437,Li8 Cd8,125,111,0.375,48,0,na,"(3, 48)",1.0,0.0001161845009875,0.060875920790868246,True
296_13,mp-11283,Zr1 Be5,296,100,0.1666666666666667,18,0,na,"(4, 40)",1.0,0.0001161980013943,0.15428046627259126,True
482_4,mp-862621,Ga4 Pt12,482,110,0.0408965990307645,48,0,na,"(31, 78)",1.0,0.0001162115049389,0.11735609926457512,True
588_3,mp-608,Ti1 Co3,588,211,0.125,64,0,na,"(22, 27)",1.0,0.0001162250116225,0.15378341850210794,True
274_19,mp-1404,Cd2 Au2,274,122,0.12191718646392,32,0,na,"(48, 79)",1.0,0.000116238521446,0.0452173037265246,True
620_21,mp-862620,Ir2 Ru6,620,102,0.0,48,0,na,"(44, 77)",1.0,0.0001162520344106,0.18740541958362625,True
718_9,mp-1007691,Hf4 Pt4,718,212,2.220446049250313e-16,64,0,na,"(72, 78)",1.0,0.0001162655505173,0.09936870674094245,True
102_9,mp-1187844,Zr6 Pb2,102,201,0.0625,48,0,na,"(40, 82)",1.0,0.0001183852255238,0.09014037905088292,True
350_30,mp-30619,Zr12 Co4,350,120,0.1996898380246746,64,0,na,"(27, 40)",1.0,0.000119189511323,0.11213710357027003,True
652_13,mp-30866,Rh6 W2,652,101,0.2499014061124491,32,0,na,"(45, 74)",1.0,0.000119203719156,0.17509926994391176,True
93_35,mp-19895,Ni2 Sb4,93,021,0.1556261800089373,36,0,na,"(28, 51)",1.0,0.0001192179303767,0.05621604518230288,True
724_14,mp-30481,Ca1 Pt5,724,100,0.4166666666666667,18,0,na,"(20, 78)",1.0,0.0001192321449862,0.10587289359613901,True
300_0,mp-615,Y1 Mg1,300,111,0.25,10,0,na,"(12, 39)",1.0,0.0001192463629859,0.06938137391542978,True
767_5,mp-570578,Zr2 In6,767,211,0.1874999999999999,96,0,na,"(40, 49)",1.0,0.0001192605843768,0.06878802183409621,True
799_2,mp-1025402,Sr4 Cu4,799,221,0.0927179542999087,80,0,na,"(29, 38)",1.0,0.0001215509906405,0.0380508759832565,True
728_26,mp-13010,Y4 Sn8,728,120,0.0615492623300433,36,0,na,"(39, 50)",1.0,0.0001215657670799,0.06378980148387199,True
760_6,mp-20033,Sn2 Ir2,760,211,0.2291666666666667,64,0,na,"(50, 77)",1.0,0.0001222195062331,0.1031452750789927,True
468_25,mp-30744,Ir2 W2,468,112,0.1271923723355215,24,0,na,"(74, 77)",1.0,0.0001222344456667,0.21405662910384207,True
378_4,mp-865373,Y6 Co6,378,212,0.0397388467899935,96,0,na,"(27, 39)",1.0,0.000122249388753,,False
507_1,mp-11397,Ga3 Ni2,507,111,0.2509460438134072,30,0,na,"(28, 31)",1.0,0.0001222643354933,0.09186344328387208,True
105_19,mp-1014229,Ti4 Zn2,105,001,0.0822166858309454,6,0,na,"(22, 30)",1.0,0.0001222792858889,0.09601912592845656,True
372_3,mp-1079997,V2 Pt16,372,221,0.25,90,0,na,"(23, 78)",1.0,0.0001222942399412,0.12555654814270054,True
215_28,mp-999502,Mo2 Pt2,215,102,0.1246355227655263,24,0,na,"(42, 78)",1.0,0.0001223091976516,0.1756923636246736,True
286_17,mp-31379,Zr8 Sb4,286,100,0.25,36,0,na,"(40, 51)",1.0,0.0001223241590214,0.09003795802216139,True
799_13,mp-1025402,Sr4 Cu4,799,210,0.0833333333333333,64,0,na,"(29, 38)",1.0,0.0001235635734585,0.03964481479278688,True
228_18,mp-1186374,Os6 W2,228,100,0.2498024689735031,24,0,na,"(74, 76)",1.0,0.000123578843302,0.25032362426238186,True
580_13,mp-600561,Li1 Rh1,580,100,0.3333333333333333,10,0,na,"(3, 45)",1.0,0.00012359411692,0.088737811116675,True
201_5,mp-1007758,Hf2 Cd2,201,221,0.25,40,0,na,"(48, 72)",1.0,0.0001236093943139,0.08998732467640576,True
780_2,mp-1769,Sb2 Pd2,780,110,0.5,20,0,na,"(46, 51)",1.0,0.0001236246754852,0.04513463451550988,True
721_9,mp-1025551,Ga4 Pt4,721,221,0.3772437069535677,64,0,na,"(31, 78)",1.0,0.0001236399604352,0.08587841545049293,True
862_7,mp-1842,Nb2 Al6,862,101,0.1249999999999997,24,0,na,"(13, 41)",1.0,0.0001236552491653,0.15584948809631813,True
564_6,mp-16756,Ta6 Ga4,564,110,0.1985608702054407,30,0,na,"(31, 73)",1.0,0.0001236705416769,0.15927437523192817,True
839_7,mp-810,Ni2 Sb2,839,210,0.0833333333333334,32,0,na,"(28, 51)",1.0,0.0001236858379715,0.06736335159658244,True
116_10,mp-977059,Mg1 Pd5,116,211,0.1258304679460812,96,0,na,"(12, 46)",1.0,0.0001237011380504,0.09121209080823023,True
354_8,mp-742,Ti4 Cu2,354,211,0.25,96,0,na,"(22, 29)",1.0,0.0001237164419151,0.13259516833548257,True
184_1,mp-1184119,Cu2 Pd6,184,221,0.0625,64,0,na,"(29, 46)",1.0,0.0001237317495669,0.09576657992040245,True
247_20,mp-10901,Al3 Pd2,247,102,0.0875622560843562,30,0,na,"(13, 46)",1.0,0.0001237470610073,0.1085639247802359,True
864_15,mp-10212,Sc4 Ge8,864,210,0.0,72,0,na,"(21, 32)",1.0,0.0001237623762376,0.08245609555554947,True
420_26,mp-10711,V3 Si6,420,100,0.2441371499954296,27,0,na,"(14, 23)",1.0,0.0001237776952593,0.15163124593049795,True
483_2,mp-728,Li2 Pd1,483,110,0.5,15,0,na,"(3, 46)",1.0,0.0001237930180737,0.0484161250243705,True
761_92,mp-542634,Ta8 Te12,761,10-2,0.0515311693731329,40,0,na,"(52, 73)",1.0,0.0001238083446824,0.053921317129678376,True
422_33,mp-1072429,Ga16 Ru8,422,011,0.25,48,0,na,"(31, 44)",1.0,0.0001238236750866,0.11478355613951577,True
472_10,mp-8937,Cr2 Si4,472,101,0.1684372892501464,24,0,na,"(14, 24)",1.0,0.0001238390092879,,False
406_19,mp-983509,Na6 Cd2,406,100,0.2534247305781105,16,0,na,"(11, 48)",1.0,0.0001238543472875,0.020519508500775895,True
164_17,mp-267,Te4 Ru2,164,201,0.1249999999999999,36,0,na,"(44, 52)",1.0,0.000123869689087,0.07979138638469824,True
175_14,mp-11549,V2 Pd4,175,100,0.2499999999999999,24,0,na,"(23, 46)",1.0,0.0001244400199104,0.12046039571560392,True
768_16,mp-1017985,Ti2 Ag2,768,201,0.2499999999999998,32,0,na,"(22, 47)",1.0,0.0001244555071561,0.09924005907493187,True
398_13,mp-864889,Zr2 Zn6,398,210,0.25,48,0,na,"(30, 40)",1.0,0.0001244709982574,0.09300876241445498,True
634_12,mp-865960,Co2 Re6,634,101,0.0,32,0,na,"(27, 75)",1.0,0.0001244864932154,0.20844837363194083,True
105_5,mp-1014229,Ti4 Zn2,105,212,0.0427833141690547,48,0,na,"(22, 30)",1.0,0.0001245019920318,0.12294461327047122,True
864_17,mp-10212,Sc4 Ge8,864,101,0.0,48,0,na,"(21, 32)",1.0,0.000124517494708,0.0679187887023355,True
