slab_id,mp_id,formula,crystal_id,miller_index,shift,num_atom,test,energy,chem_system,weight,normalized_weight,surface_energy,converge
823_68,mp-30686,Zr16 Ga24,823,010,0.1249999999999999,80,0,na,"(31, 40)",0.02962949,0.0008023606347527,0.09446476573352645,True
823_67,mp-30686,Zr16 Ga24,823,010,0.0347833747243777,80,0,na,"(31, 40)",0.028392222,0.000769473060852,0.10786660820798508,True
768_22,mp-1017985,Ti2 Ag2,768,001,0.2433974129104577,8,0,na,"(22, 47)",0.025320169,0.0006867441116317,0.08070033639868458,True
823_60,mp-30686,Zr16 Ga24,823,011,0.1568642048497004,80,0,na,"(31, 40)",0.023088804,0.0006266544570935,0.10246135874775097,True
605_48,mp-568992,Zr8 Ir8,605,010,0.25,16,0,na,"(40, 77)",0.019750537,0.0005578128034015,0.10586418315040576,True
768_23,mp-1017985,Ti2 Ag2,768,001,0.4999999999999999,8,0,na,"(22, 47)",0.019406779,0.0005484099843941,0.045992291069985466,True
605_2,mp-568992,Zr8 Ir8,605,111,0.5,64,0,na,"(40, 77)",0.018206734,0.0005147806059202,0.1071315141095157,True
605_0,mp-568992,Zr8 Ir8,605,111,0.0,64,0,na,"(40, 77)",0.018177537,0.0005142197948533,0.1285711111713725,True
556_25,mp-1207024,Zr6 Si4,556,100,0.2499999999999999,20,0,na,"(14, 40)",0.015827391,0.000453644269089,0.13801110713127596,True
556_17,mp-1207024,Zr6 Si4,556,101,0.0612304904919902,40,0,na,"(14, 40)",0.015404192,0.000441714931808,0.13947149785396204,True
421_17,mp-1205768,Zr2 Pt16,421,100,0.2499999999999999,36,0,na,"(40, 78)",0.015112183,0.0004335330769567,,False
397_22,mp-1183425,Be6 Co2,397,102,0.1250931742497429,64,0,na,"(4, 27)",0.015064064,0.0004323400894635,0.16178746823400642,True
397_23,mp-1183425,Be6 Co2,397,102,0.25,64,0,na,"(4, 27)",0.015046171,0.0004320133353221,0.16651912089252457,True
421_16,mp-1205768,Zr2 Pt16,421,100,0.0825212605681251,36,0,na,"(40, 78)",0.015045242,0.0004321733660576,0.126181264178789,True
397_21,mp-1183425,Be6 Co2,397,102,0.0,64,0,na,"(4, 27)",0.015040424,0.0004322217641299,0.1577433057691573,True
312_13,mp-1229032,Ag3 Pt12,312,101,0.3003729382143116,75,0,na,"(47, 78)",0.01498601,0.000430844270833,0.09586538366786075,True
312_25,mp-1229032,Ag3 Pt12,312,102,0.1007458764286233,75,0,na,"(47, 78)",0.014768114,0.0004247628185921,,False
312_14,mp-1229032,Ag3 Pt12,312,101,0.5,75,0,na,"(47, 78)",0.014686886,0.0004226060334049,0.09860884153318732,True
804_38,mp-974455,Re6 Ru2,804,001,0.1243421156473907,16,0,na,"(44, 75)",0.014595932,0.0004230258031543,0.1656111076298996,True
556_23,mp-1207024,Zr6 Si4,556,100,0.0612304904919902,20,0,na,"(14, 40)",0.014593402,0.0004231314730985,0.12818824832890077,True
96_1,mp-569250,V4 Ir4,96,111,0.4999999999999999,40,0,na,"(23, 77)",0.014025002,0.0004153180311764,0.18138324010544007,True
754_31,mp-30846,Sn6 Pt4,754,102,1.0,40,0,na,"(50, 78)",0.013994499,0.0004145869407368,0.052155912292209804,True
392_48,mp-31205,Zr12 Fe4,392,021,0.4999999999999999,64,0,na,"(26, 40)",0.013985291,0.0004144859942778,0.11296175061903108,True
392_45,mp-31205,Zr12 Fe4,392,021,0.0941101597692632,64,0,na,"(26, 40)",0.013932246,0.0004130851027155,0.10739957008335344,True
392_47,mp-31205,Zr12 Fe4,392,021,0.2499999999999999,64,0,na,"(26, 40)",0.013814088,0.0004097510308728,0.11652674501899242,True
754_28,mp-30846,Sn6 Pt4,754,102,0.1183504328836,40,0,na,"(50, 78)",0.013745734,0.0004122474001524,0.05570470252821695,True
754_27,mp-30846,Sn6 Pt4,754,2-12,0.1967442494108978,60,0,na,"(50, 78)",0.013709143,0.0004113195673114,0.05339697448570637,True
421_10,mp-1205768,Zr2 Pt16,421,210,0.0431830368558562,72,0,na,"(40, 78)",0.01315222,0.0004032254221689,0.13089943900544404,True
223_24,mp-2078,Ti2 Cu2,223,001,0.0,8,0,na,"(22, 29)",0.013040586,0.0003999641831582,,False
436_7,mp-747,Ba8 Pt16,436,100,0.0625,48,0,na,"(56, 78)",0.012846904,0.0003941814749222,0.05647885708553139,True
804_35,mp-974455,Re6 Ru2,804,010,0.3319246618245693,24,0,na,"(44, 75)",0.01214462,0.0003748186008666,0.1844652733963561,True
436_6,mp-747,Ba8 Pt16,436,210,0.03125,96,0,na,"(56, 78)",0.011794073,0.0003641361770883,0.05578649175915699,True
756_31,mp-952,Mo2 Pt4,756,001,0.0816684133663621,12,0,na,"(42, 78)",0.011673863,0.0003605560442268,0.16802357646893612,True
117_3,mp-1152,Ti1 Rh3,117,211,0.1250000000000002,64,0,na,"(22, 45)",0.0115927225,0.0003581791024602,0.14735048671999712,True
469_40,mp-12595,Mo2 Rh2,469,001,0.2488158885997097,12,0,na,"(42, 45)",0.011151667,0.0003446753135239,,False
347_21,mp-12884,Hf10 Te8,347,210,0.0425969711300631,72,0,na,"(52, 72)",0.011151348,0.0003447842925178,0.08682534889320717,True
223_23,mp-2078,Ti2 Cu2,223,102,0.3749999999999999,24,0,na,"(22, 29)",0.011059371,0.0003420584269687,,False
804_31,mp-974455,Re6 Ru2,804,011,0.9591186988228168,24,0,na,"(44, 75)",0.011025759,0.000341135520153,0.2009189311068056,True
756_19,mp-952,Mo2 Pt4,756,120,0.125,48,0,na,"(42, 78)",0.010973558,0.0003396362901434,0.14983143802180093,True
347_22,mp-12884,Hf10 Te8,347,210,0.0763715357314236,72,0,na,"(52, 72)",0.010939096,0.0003386847061945,0.07237927621605236,True
768_21,mp-1017985,Ti2 Ag2,768,102,0.2563513206869601,20,0,na,"(22, 47)",0.01087244,0.0003367350207107,0.08963526088861935,True
469_41,mp-12595,Mo2 Rh2,469,001,0.5,12,0,na,"(42, 45)",0.0108355945,0.0003357069071375,,False
621_7,mp-20685,Cr6 Ge2,621,210,0.1875,48,0,na,"(24, 32)",0.010599418,0.0003315707610202,,False
223_10,mp-2078,Ti2 Cu2,223,211,0.3749999999999999,64,0,na,"(22, 29)",0.010484195,0.0003309203947864,0.1264357105887747,True
621_6,mp-20685,Cr6 Ge2,621,210,0.0625,48,0,na,"(24, 32)",0.010475524,0.0003307561595643,,False
96_37,mp-569250,V4 Ir4,96,011,0.25,32,0,na,"(23, 77)",0.010287478,0.0003289879909791,0.1904910480056979,True
756_30,mp-952,Mo2 Pt4,756,012,0.2499999999999999,24,0,na,"(42, 78)",0.010266868,0.00032843694612,0.14968925554810256,True
436_0,mp-747,Ba8 Pt16,436,111,0.0625,72,0,na,"(56, 78)",0.010188671,0.0003295980814641,0.06830415815345954,True
96_42,mp-569250,V4 Ir4,96,012,0.0539500494225215,64,0,na,"(23, 77)",0.010167915,0.0003290350852493,0.1911113588541508,True
117_0,mp-1152,Ti1 Rh3,117,111,0.5000000000000002,20,0,na,"(22, 45)",0.010077672,0.0003292661598052,0.13124952019956435,True
621_4,mp-20685,Cr6 Ge2,621,211,0.0625,96,0,na,"(24, 32)",0.009972671,0.000325942800919,,False
826_21,mp-395,Zr4 Al12,826,001,0.0594337200542049,16,0,na,"(13, 40)",0.009945596,0.0003253670931551,,False
117_1,mp-1152,Ti1 Rh3,117,221,0.1250000000000002,32,0,na,"(22, 45)",0.009838827,0.0003219789397364,,False
347_10,mp-12884,Hf10 Te8,347,110,0.5,36,0,na,"(52, 72)",0.009791788,0.0003221321119583,0.03076768153365792,True
783_18,mp-30745,Ir6 W2,783,100,0.249841806880943,24,0,na,"(74, 77)",0.009616072,0.0003164533132008,0.23887694052417452,True
52_11,mp-13164,Ti4 Pd2,52,101,0.5,24,0,na,"(22, 46)",0.009580245,0.0003153740910863,0.1247594314449602,True
52_7,mp-13164,Ti4 Pd2,52,211,0.0838976463230718,96,0,na,"(22, 46)",0.009545722,0.0003143367548891,,False
52_5,mp-13164,Ti4 Pd2,52,212,0.0427952926461436,48,0,na,"(22, 46)",0.009459133,0.0003115833563301,,False
182_31,mp-8312,Ta10 As8,182,100,0.2048536780063585,36,0,na,"(33, 73)",0.009400372,0.0003140287652681,,False
199_4,mp-2187,Ti2 Sb2,199,212,0.2500000000000003,40,0,na,"(22, 51)",0.009333275,0.0003118852642714,0.08350120318109257,True
678_20,mp-350,Zr10 Te8,678,210,0.0118869098776829,72,0,na,"(40, 52)",0.009293035,0.0003106374680766,0.0904701815602942,True
678_21,mp-350,Zr10 Te8,678,210,0.0404536231430938,72,0,na,"(40, 52)",0.009104582,0.000307440533663,0.08993995203759182,True
199_3,mp-2187,Ti2 Sb2,199,212,0.0416666666666667,40,0,na,"(22, 51)",0.009082441,0.0003067872024707,0.08419587355446251,True
538_11,mp-1220327,Nb2 Mo2,538,120,0.125,24,0,na,"(41, 42)",0.00906166,0.0003061791925428,,False
58_3,mp-12585,Cr1 Rh3,58,211,0.125,64,0,na,"(24, 45)",0.00904386,0.0003056713488371,0.15141760776915505,True
812_13,mp-1539,Zr1 Te1,812,100,0.3333333333333333,8,0,na,"(40, 52)",0.009010245,0.0003046283193151,0.07030961392308176,True
67_68,mp-1482,Zr16 Al24,67,010,0.0343325422722147,80,0,na,"(13, 40)",0.0089644,0.0003031706952755,0.12171226673187083,True
182_28,mp-8312,Ta10 As8,182,100,0.0260876686619013,36,0,na,"(33, 73)",0.008940995,0.000302470852345,0.1343009573493741,True
758_22,mp-1228815,Al2 Re2,758,001,0.0,8,0,na,"(13, 75)",0.008892916,0.0003009353801338,,False
826_23,mp-395,Zr4 Al12,826,001,0.1876350524079057,16,0,na,"(13, 40)",0.00888635,0.0003008037098351,0.09885578233349522,True
538_4,mp-1220327,Nb2 Mo2,538,211,0.125,64,0,na,"(41, 42)",0.008885008,0.0003008487794489,0.1753056039511173,True
199_0,mp-2187,Ti2 Sb2,199,111,0.1250000000000001,24,0,na,"(22, 51)",0.008879033,0.0003058449021262,0.08261975575922081,True
182_32,mp-8312,Ta10 As8,182,100,0.25,36,0,na,"(33, 73)",0.008868492,0.0003055752681715,,False
553_19,mp-818,Si4 Rh4,553,101,0.0,32,0,na,"(14, 45)",0.008831044,0.0003043779596706,0.08979593566127467,True
758_21,mp-1228815,Al2 Re2,758,102,0.3843207716716961,24,0,na,"(13, 75)",0.008560758,0.0003074640258004,0.1516551879548837,True
58_5,mp-12585,Cr1 Rh3,58,100,0.25,12,0,na,"(24, 45)",0.008507373,0.0003056406495776,0.15021363841760835,True
468_19,mp-30744,Ir2 W2,468,122,0.1271923723355215,32,0,na,"(74, 77)",0.008487208,0.0003050094137633,,False
538_0,mp-1220327,Nb2 Mo2,538,111,0.5000000000000002,20,0,na,"(41, 42)",0.008395811,0.0003018168870157,,False
273_14,mp-2797,Y1 Cu5,273,100,0.4166666666666667,18,0,na,"(29, 39)",0.008375941,0.0003011934954257,,False
821_16,mp-867264,Re6 Os2,821,201,0.25,48,0,na,"(75, 76)",0.008312879,0.0002998847228851,0.2447198313416205,True
469_39,mp-12595,Mo2 Rh2,469,001,0.0,12,0,na,"(42, 45)",0.008224601,0.0002967891219076,0.17508346982501913,True
273_15,mp-2797,Y1 Cu5,273,2-12,0.125,48,0,na,"(29, 39)",0.008170055,0.000294908325934,0.08770830260339259,True
89_7,mp-2674,Y8 Pt16,89,100,0.0624999999999999,48,0,na,"(39, 78)",0.008129519,0.0002935316933928,0.10040746301549819,True
553_30,mp-818,Si4 Rh4,553,121,0.0,48,0,na,"(14, 45)",0.008067898,0.0002913922832525,0.11523510679186316,True
273_8,mp-2797,Y1 Cu5,273,210,0.2083333333333333,48,0,na,"(29, 39)",0.008064057,0.0002913384497219,0.09008477445576314,True
616_11,mp-10909,Al2 Re4,616,101,0.4999999999999999,24,0,na,"(13, 75)",0.0080368025,0.0002945379598104,0.2176080812031354,True
58_0,mp-12585,Cr1 Rh3,58,111,0.5,20,0,na,"(24, 45)",0.007996233,0.0002931374825311,0.13159105718178477,True
468_1,mp-30744,Ir2 W2,468,111,1.0,20,0,na,"(74, 77)",0.007958943,0.0002918560056748,0.18934699413443049,True
553_31,mp-818,Si4 Rh4,553,121,0.1583113623929808,48,0,na,"(14, 45)",0.007854346,0.0002883429518568,0.12667914237813746,True
321_5,mp-1014230,Ti1 Zn1,321,100,0.2499999999999999,8,0,na,"(22, 30)",0.0078097023,0.000293539089989,,False
163_0,mp-11274,Be1 Pd1,163,111,0.25,14,0,na,"(4, 46)",0.0075818263,0.0002850577126273,,False
89_6,mp-2674,Y8 Pt16,89,210,0.03125,96,0,na,"(39, 78)",0.0075494614,0.0002839218074077,0.09276129107212906,True
163_5,mp-11274,Be1 Pd1,163,100,0.25,8,0,na,"(4, 46)",0.0075243115,0.0002830563302931,0.12033967387639267,True
343_40,mp-556,Zr4 Ni4,343,001,0.0,24,0,na,"(28, 40)",0.007318862,0.0002754055011386,,False
163_1,mp-11274,Be1 Pd1,163,221,0.125,24,0,na,"(4, 46)",0.0072181313,0.0002738312473082,,False
579_3,mp-2152,Y1 Ni5,579,212,0.0833333333333334,60,0,na,"(28, 39)",0.0071967705,0.000273095673645,0.12177477343626232,True
590_19,mp-975834,Mo2 Ru6,590,100,0.5,24,0,na,"(42, 44)",0.007175693,0.0002723702294007,0.1733986153859092,True
579_4,mp-2152,Y1 Ni5,579,212,0.2083333333333334,60,0,na,"(28, 39)",0.0070943325,0.0002693553655037,0.12232450320524323,True
359_7,mp-7498,Ti10 Te8,359,110,0.0321579728132893,36,0,na,"(22, 52)",0.007064824,0.0002683072661398,,False
821_14,mp-867264,Re6 Os2,821,101,0.5,32,0,na,"(75, 76)",0.0070129596,0.0002664090439884,0.21427582450451665,True
579_15,mp-2152,Y1 Ni5,579,2-12,0.125,48,0,na,"(28, 39)",0.006992328,0.0002656960724428,0.1267676524494316,True
444_12,mp-11481,Mo2 Ir2,444,101,0.0,20,0,na,"(42, 77)",0.006832321,0.0002613718574492,,False
359_18,mp-7498,Ti10 Te8,359,210,0.1249999999999999,72,0,na,"(22, 52)",0.006781532,0.000261133048382,0.06574814068387744,True
590_17,mp-975834,Mo2 Ru6,590,100,0.0,24,0,na,"(42, 44)",0.0067722006,0.0002608418432722,0.16005683989476313,True
741_12,mp-866161,V2 Rh6,741,101,0.0,32,0,na,"(23, 45)",0.0067116492,0.0002606396671005,0.1633971999595191,True
889_0,mp-399,Te2 Pt1,889,111,0.1268725389986466,18,0,na,"(52, 78)",0.0067081363,0.0002605711625941,0.04920368718224308,True
822_6,mp-2049,Zr8 Mo16,822,210,0.03125,96,0,na,"(40, 42)",0.006704382,0.0002604932074059,,False
173_17,mp-862586,Re6 Pd2,173,201,0.25,48,0,na,"(46, 75)",0.0066998503,0.0002603849604708,0.22836448912176177,True
525_6,mp-1235,Ti1 Ir1,525,101,0.5,10,0,na,"(22, 77)",0.0066692703,0.0002592639987669,,False
399_17,mp-1184368,Fe2 Rh6,399,100,0.0,24,0,na,"(26, 45)",0.0066671534,0.0002592489194238,0.12696437628906623,True
525_4,mp-1235,Ti1 Ir1,525,211,0.25,40,0,na,"(22, 77)",0.006660581,0.0002590605161017,0.13507412594306187,True
889_1,mp-399,Te2 Pt1,889,111,0.5000000000000002,18,0,na,"(52, 78)",0.006646634,0.0002585850425364,0.038003758696636206,True
525_10,mp-1235,Ti1 Ir1,525,102,0.125,16,0,na,"(22, 77)",0.0066198083,0.0002576080113505,,False
359_17,mp-7498,Ti10 Te8,359,210,0.0401752573599871,72,0,na,"(22, 52)",0.006596578,0.0002567701566925,,False
590_18,mp-975834,Mo2 Ru6,590,100,0.249941443251469,24,0,na,"(42, 44)",0.006577914,0.0002561094263958,0.20841284699569979,True
257_4,mp-2337,Hf8 Co16,257,110,0.125,72,0,na,"(27, 72)",0.006562209,0.0002555634083705,,False
670_7,mp-570113,Bi8 Au16,670,100,0.0625,48,0,na,"(79, 83)",0.0065400302,0.0002547647697124,0.04733910252525527,True
449_16,mp-1219533,Re1 Ir1,449,102,0.0833333333333333,16,0,na,"(75, 77)",0.006536853,0.0002547058929981,0.20809424841131116,True
889_6,mp-399,Te2 Pt1,889,212,0.25,30,0,na,"(52, 78)",0.006529059,0.000254467017118,0.04859037090439744,True
703_18,mp-865193,Co6 Pt2,703,100,0.0,24,0,na,"(27, 78)",0.006516061,0.0002558932332338,,False
703_19,mp-865193,Co6 Pt2,703,100,0.2455113606749929,24,0,na,"(27, 78)",0.006493739,0.0002550818962714,0.3005111103499545,True
89_1,mp-2674,Y8 Pt16,89,111,0.3125,72,0,na,"(39, 78)",0.0064777434,0.0002545184928802,0.10075489684365106,True
858_5,mp-2379,Co4 Si8,858,210,0.0625,72,0,na,"(14, 27)",0.006461107,0.0002539294580376,0.12469676850338196,True
104_10,mp-1953,Ti1 Al1,104,102,0.125,16,0,na,"(13, 22)",0.0064333137,0.0002529013662438,,False
399_24,mp-1184368,Fe2 Rh6,399,001,0.0,24,0,na,"(26, 45)",0.006308279,0.0002488413538592,,False
194_6,mp-729,Cr6 Si2,194,210,0.0625,48,0,na,"(14, 24)",0.0062892116,0.0002481509563649,,False
822_0,mp-2049,Zr8 Mo16,822,111,0.1875,72,0,na,"(40, 42)",0.006281663,0.0002479146344678,0.16510442293264876,True
703_20,mp-865193,Co6 Pt2,703,100,0.5,24,0,na,"(27, 78)",0.006256743,0.0002469923647626,0.22847787331947428,True
388_40,mp-998949,Ti2 Pt2,388,001,0.2449057364892262,12,0,na,"(22, 78)",0.0062461863,0.0002466365438289,0.19405255887944914,True
55_42,mp-274,Nb10 Sb8,55,20-1,0.0153771554501567,36,0,na,"(41, 51)",0.0062372405,0.0002463440679472,0.16347135069820903,True
681_38,mp-10910,Al16 Ru8,681,012,0.0197741100313813,96,0,na,"(13, 44)",0.0062344065,0.0002462928099569,0.1511008231191076,True
821_5,mp-867264,Re6 Os2,821,212,0.25,64,0,na,"(75, 76)",0.0062305783,0.0002462022131658,0.22548263779355374,True
550_17,mp-1206819,Zn1 Ir1,550,102,0.4166666666666667,16,0,na,"(30, 77)",0.0062199156,0.0002458414017124,0.12060908195032885,True
388_39,mp-998949,Ti2 Pt2,388,001,0.0,12,0,na,"(22, 78)",0.006211849,0.0002486566860253,,False
399_18,mp-1184368,Fe2 Rh6,399,100,0.25248081866072,24,0,na,"(26, 45)",0.006154961,0.0002478697090736,0.16218503243350502,True
681_37,mp-10910,Al16 Ru8,681,010,0.125,48,0,na,"(13, 44)",0.0061514443,0.0002477895056896,0.1476639646129251,True
558_49,mp-2598,Ta5 Sb4,558,010,0.0296432932550985,18,0,na,"(51, 73)",0.00612854,0.0002469280719338,,False
681_39,mp-10910,Al16 Ru8,681,012,0.0625000000000001,96,0,na,"(13, 44)",0.006122327,0.0002467386675452,0.1567179367161093,True
670_1,mp-570113,Bi8 Au16,670,111,0.3125000000000003,72,0,na,"(79, 83)",0.0060890275,0.0002478521856333,0.04610502355032545,True
387_5,mp-1001836,Mn1 Ga1,387,210,0.125,20,0,na,"(25, 31)",0.006065175,0.0002469424814307,0.0993871935897308,True
441_19,mp-11359,Ga2 Cu1,441,001,0.5,6,0,na,"(29, 31)",0.006032196,0.0002469204948386,0.05293630593780362,True
575_13,mp-865168,Be6 Ni2,575,001,0.125,16,0,na,"(4, 28)",0.0060052066,0.0002468717915898,0.14915949321707794,True
548_3,mp-1187197,Ta12 Os4,548,110,0.25,48,0,na,"(73, 76)",0.0060049235,0.0002469211113121,0.16836164572276216,True
387_2,mp-1001836,Mn1 Ga1,387,110,0.5,12,0,na,"(25, 31)",0.0059954603,0.0002465928756314,,False
257_7,mp-2337,Hf8 Co16,257,100,0.0625,48,0,na,"(27, 72)",0.0059551788,0.0002462076498264,0.15518096908518417,True
411_5,mp-1885,Al1 Ir1,411,100,0.25,8,0,na,"(13, 77)",0.005941905,0.0002457193630981,,False
670_6,mp-570113,Bi8 Au16,670,210,0.0312499999999999,96,0,na,"(79, 83)",0.0059357635,0.00024552572018,,False
766_0,mp-30765,Li4 Pt28,766,111,0.2499999999999999,96,0,na,"(3, 78)",0.005904311,0.0002442847035129,0.0909542154121472,True
550_18,mp-1206819,Zn1 Ir1,550,001,0.25,6,0,na,"(30, 77)",0.005891125,0.0002437987028229,0.10229929514717986,True
558_48,mp-2598,Ta5 Sb4,558,021,0.25,36,0,na,"(51, 73)",0.0058407853,0.0002417743856629,0.11903473628679453,True
550_15,mp-1206819,Zn1 Ir1,550,2-12,0.2499999999999999,20,0,na,"(30, 77)",0.005836753,0.0002416659006269,0.12526283675585467,True
411_4,mp-1885,Al1 Ir1,411,210,0.125,16,0,na,"(13, 77)",0.0057933778,0.0002399279689764,0.14291853057838205,True
444_13,mp-11481,Mo2 Ir2,444,101,0.4999999999999999,20,0,na,"(42, 77)",0.005789955,0.0002398437617608,,False
114_37,mp-1077503,Ti4 Si8,114,021,0.0,48,0,na,"(14, 22)",0.0057791476,0.00023945350621,0.13040980243152184,True
558_51,mp-2598,Ta5 Sb4,558,010,0.2784680757666997,18,0,na,"(51, 73)",0.0057672556,0.0002390180061549,,False
444_40,mp-11481,Mo2 Ir2,444,001,0.2477788854220328,12,0,na,"(42, 77)",0.0057622786,0.0002388688334357,,False
615_22,mp-1007755,Hf2 Au2,615,001,0.0,8,0,na,"(72, 79)",0.0057540876,0.0002385862754904,0.14265986998036165,True
402_19,mp-30875,Ti4 Sn2,402,102,0.0416666666666666,36,0,na,"(22, 50)",0.0057402137,0.0002380678107372,0.12369429878473416,True
867_20,mp-1018156,Hf4 Cd2,867,001,0.2499999999999999,6,0,na,"(48, 72)",0.0057382914,0.0002380447566679,0.1593444773802395,True
387_1,mp-1001836,Mn1 Ga1,387,221,0.125,24,0,na,"(25, 31)",0.0057184827,0.0002406499047934,0.09590383128796295,True
712_2,mp-1187702,V4 W12,712,221,0.0625,96,0,na,"(23, 74)",0.0057110204,0.000240393720857,,False
527_14,mp-862604,Re6 Ni2,527,101,0.5,32,0,na,"(28, 75)",0.005671898,0.0002391904102782,,False
107_20,mp-30671,Ti4 Ga2,107,102,0.2499999999999999,36,0,na,"(22, 31)",0.0056515983,0.0002385882460635,,False
343_31,mp-556,Zr4 Ni4,343,021,0.0,32,0,na,"(28, 40)",0.0056457804,0.0002383995165365,0.15222429533342247,True
242_62,mp-11696,As12 W8,242,10-1,0.25,40,0,na,"(33, 74)",0.005639415,0.0002381875140498,0.16237096587722266,True
607_8,mp-292,V6 As2,607,100,0.125,24,0,na,"(23, 33)",0.0056328136,0.000237965376317,0.1434882219173708,True
449_14,mp-1219533,Re1 Ir1,449,100,0.6666666666666666,10,0,na,"(75, 77)",0.005622218,0.0002375742861702,,False
114_41,mp-1077503,Ti4 Si8,114,010,0.0,12,0,na,"(14, 22)",0.005610108,0.0002371188953942,0.1049168479250822,True
548_6,mp-1187197,Ta12 Os4,548,100,0.125,32,0,na,"(73, 76)",0.0056051044,0.0002369635999368,,False
769_7,mp-842,Ca8 Pt16,769,100,0.0625,48,0,na,"(20, 78)",0.0056034536,0.0002369499585814,0.08103624340366385,True
104_9,mp-1953,Ti1 Al1,104,112,0.25,16,0,na,"(13, 22)",0.005591737,0.0002365105467478,0.12742329103872574,True
858_0,mp-2379,Co4 Si8,858,111,0.1250000000000002,48,0,na,"(14, 27)",0.0055761742,0.0002359080905234,0.14953595891103882,True
867_14,mp-1018156,Hf4 Cd2,867,100,0.25,24,0,na,"(48, 72)",0.0055576176,0.0002351785073139,0.10657772489089332,True
815_12,mp-13156,Hf2 Ag2,815,101,0.25,16,0,na,"(47, 72)",0.0055482564,0.000234837603555,0.10858421749417504,True
607_7,mp-292,V6 As2,607,210,0.1875,48,0,na,"(23, 33)",0.0055420008,0.000235327948038,0.14183682101581988,True
242_61,mp-11696,As12 W8,242,10-1,0.1722480514788067,40,0,na,"(33, 74)",0.005541838,0.0002353764257726,0.13159647637650834,True
437_32,mp-19940,V4 As4,437,121,0.5,48,0,na,"(23, 33)",0.0055292463,0.0002348969123738,0.09381740718808766,True
140_7,mp-978269,Mg8 Zn16,140,100,0.0625,48,0,na,"(12, 30)",0.0055264407,0.0002348328846329,0.053124289039818584,True
114_43,mp-1077503,Ti4 Si8,114,010,0.1766650396834883,12,0,na,"(14, 22)",0.005521014,0.000239364373383,,False
429_20,mp-208,Ge4 Ir4,429,101,0.5000000000000001,32,0,na,"(32, 77)",0.0055130105,0.0002390746064076,0.13214191226940458,True
575_10,mp-865168,Be6 Ni2,575,100,0.25,32,0,na,"(4, 28)",0.005500721,0.0002385987086543,0.14747551132719758,True
398_26,mp-864889,Zr2 Zn6,398,001,0.0,24,0,na,"(30, 40)",0.005490387,0.0002382072980863,0.08485680485958029,True
449_2,mp-1219533,Re1 Ir1,449,110,0.5,16,0,na,"(75, 77)",0.005477657,0.0002409037717299,0.3676662122405379,True
107_19,mp-30671,Ti4 Ga2,107,102,0.0416666666666666,36,0,na,"(22, 31)",0.0054754154,0.0002408632124846,0.1419766110549188,True
858_1,mp-2379,Co4 Si8,858,111,0.5000000000000003,48,0,na,"(14, 27)",0.0054742433,0.0002408696685143,0.09095830938844453,True
658_8,mp-1664,V6 Pd2,658,100,0.125,24,0,na,"(23, 46)",0.00546699,0.0002406084746715,,False
194_5,mp-729,Cr6 Si2,194,211,0.2499999999999999,96,0,na,"(14, 24)",0.0054502245,0.0002399283346564,0.18478058567639186,True
867_13,mp-1018156,Hf4 Cd2,867,201,0.1249999999999998,48,0,na,"(48, 72)",0.005434575,0.000239296830616,0.10694307019571535,True
107_16,mp-30671,Ti4 Ga2,107,100,0.1666666666666666,18,0,na,"(22, 31)",0.005430166,0.0002403552056398,,False
815_16,mp-13156,Hf2 Ag2,815,201,0.13085052988467,32,0,na,"(47, 72)",0.0054276446,0.0002403013587018,0.10942350384828585,True
343_15,mp-556,Zr4 Ni4,343,201,0.0,64,0,na,"(28, 40)",0.0054242094,0.0002429033129458,0.11685106693726992,True
402_17,mp-30875,Ti4 Sn2,402,100,0.5,18,0,na,"(22, 50)",0.0054157116,0.000242581694054,,False
154_19,mp-1018103,Zr2 Au4,154,001,0.0841481531295507,12,0,na,"(40, 79)",0.0054022637,0.0002420380468857,,False
104_6,mp-1953,Ti1 Al1,104,101,0.5,10,0,na,"(13, 22)",0.0053947065,0.0002435959157773,0.10590782118456418,True
575_9,mp-865168,Be6 Ni2,575,201,0.0625,64,0,na,"(4, 28)",0.005393485,0.0002436000993997,0.15983089706720302,True
815_17,mp-13156,Hf2 Ag2,815,201,0.25,32,0,na,"(47, 72)",0.005385321,0.0002432906328922,0.10814115791279552,True
194_4,mp-729,Cr6 Si2,194,211,0.0625,96,0,na,"(14, 24)",0.0053741727,0.0002428460724869,,False
478_4,mp-1359,Nb1 Ir1,478,211,0.25,40,0,na,"(41, 77)",0.0053700735,0.0002427197829419,0.16280649490419125,True
411_2,mp-1885,Al1 Ir1,411,110,0.5,10,0,na,"(13, 77)",0.0053574825,0.0002422094764505,,False
330_16,mp-1186923,Re6 Rh2,330,201,0.25,48,0,na,"(45, 75)",0.005346982,0.0002417933180008,0.23294271050301635,True
429_39,mp-208,Ge4 Ir4,429,102,0.0648546301239734,48,0,na,"(32, 77)",0.005339923,0.0002427734592253,0.1049158897837049,True
527_15,mp-862604,Re6 Ni2,527,201,0.0,48,0,na,"(28, 75)",0.0053358376,0.0002426466293734,0.2024951318721255,True
712_5,mp-1187702,V4 W12,712,210,0.0625,64,0,na,"(23, 74)",0.0053136786,0.0002427911570549,0.22623525987626011,True
429_49,mp-208,Ge4 Ir4,429,010,0.25,16,0,na,"(32, 77)",0.0053129112,0.0002428150465689,0.12446186101908331,True
402_9,mp-30875,Ti4 Sn2,402,210,0.2499999999999999,48,0,na,"(22, 50)",0.005303233,0.000242431591534,0.09342392340107823,True
257_6,mp-2337,Hf8 Co16,257,210,0.03125,96,0,na,"(27, 72)",0.0053001544,0.0002432739880972,,False
366_3,mp-977434,Nb12 Ru4,366,110,0.25,48,0,na,"(41, 44)",0.0052577085,0.0002430683277823,0.15012764753395663,True
810_5,mp-972071,V12 Mo4,810,210,0.0625,64,0,na,"(23, 42)",0.005250461,0.0002427922848188,0.16830263469459927,True
741_19,mp-866161,V2 Rh6,741,100,0.5,24,0,na,"(23, 45)",0.0052494085,0.0002428025656098,0.15621282950151508,True
388_12,mp-998949,Ti2 Pt2,388,101,0.0,20,0,na,"(22, 78)",0.0052419966,0.0002425186247795,,False
822_3,mp-2049,Zr8 Mo16,822,221,0.1562500000000001,96,0,na,"(40, 42)",0.005208138,0.0002410106213804,0.16714685776358526,True
425_10,mp-11506,Ni6 Mo2,425,110,0.2499999999999999,32,0,na,"(28, 42)",0.005162126,0.0002399998517233,,False
464_31,mp-1018129,Pt4 W2,464,001,0.0816012670876098,12,0,na,"(74, 78)",0.0051445197,0.0002392387090689,,False
543_0,mp-1221387,Mo2 W2,543,111,0.5000000000000002,20,0,na,"(42, 74)",0.005142832,0.0002392174550108,0.19025331737058143,True
769_0,mp-842,Ca8 Pt16,769,111,0.1875,72,0,na,"(20, 78)",0.0051381043,0.0002401573698546,0.0860547777834247,True
664_16,mp-865045,Mn2 Ru6,664,201,0.25,48,0,na,"(25, 44)",0.0051227557,0.0002394974862827,0.20238836902069385,True
140_6,mp-978269,Mg8 Zn16,140,210,0.03125,96,0,na,"(12, 30)",0.005074333,0.0002372904736967,0.053429514938785505,True
548_5,mp-1187197,Ta12 Os4,548,210,0.0624999999999999,64,0,na,"(73, 76)",0.005061993,0.0002371837636299,0.19202955209768696,True
398_16,mp-864889,Zr2 Zn6,398,101,0.5,32,0,na,"(30, 40)",0.0050444514,0.0002365297083055,,False
373_19,mp-30501,Ti4 Cd2,373,001,0.0887303560873853,6,0,na,"(22, 48)",0.005033784,0.0002360853648873,0.08385874824624023,True
650_24,mp-471,Cd4 As8,650,100,0.031030355819265,24,0,na,"(33, 48)",0.005033583,0.0002361316851866,0.042802333952763755,True
140_1,mp-978269,Mg8 Zn16,140,111,0.3124999999999999,72,0,na,"(12, 30)",0.005025317,0.0002357995965261,0.06178126093276426,True
704_31,mp-12108,V2 Pt4,704,001,0.0802365352805658,12,0,na,"(23, 78)",0.0050185,0.0002355352661043,0.16133709581789177,True
133_14,mp-2606,Ba1 Pd5,133,100,0.4166666666666666,18,0,na,"(46, 56)",0.0050161653,0.0002354811548126,0.08260809061251961,True
398_17,mp-864889,Zr2 Zn6,398,201,0.0,48,0,na,"(30, 40)",0.0049859784,0.0002353531262816,0.08917530229439033,True
650_25,mp-471,Cd4 As8,650,100,0.156030355819265,24,0,na,"(33, 48)",0.0049705124,0.0002346783169969,0.03673796968504455,True
658_7,mp-1664,V6 Pd2,658,210,0.1875,48,0,na,"(23, 46)",0.00495373,0.0002349927355242,0.1592906591514227,True
751_2,mp-1187696,V4 Cr12,751,221,0.0625,96,0,na,"(23, 24)",0.0049338997,0.0002341070484485,,False
658_6,mp-1664,V6 Pd2,658,210,0.0625,48,0,na,"(23, 46)",0.0049323603,0.000234088807784,,False
66_6,mp-1387,Al2 V6,66,210,0.0625,48,0,na,"(13, 23)",0.0049173106,0.000233429195272,0.1390690012646822,True
478_1,mp-1359,Nb1 Ir1,478,221,0.125,24,0,na,"(41, 77)",0.0049113845,0.0002332023141573,0.17147002567534622,True
242_101,mp-11696,As12 W8,242,001,0.0,40,0,na,"(33, 74)",0.0048875515,0.0002337541331727,0.1426135723802332,True
594_91,mp-7598,Nb4 As8,594,001,0.5,24,0,na,"(33, 41)",0.004882873,0.0002335849786804,0.08594457802976269,True
769_6,mp-842,Ca8 Pt16,769,210,0.0312500000000001,96,0,na,"(20, 78)",0.0048817066,0.0002335837425446,0.08313508481889748,True
350_46,mp-30619,Zr12 Co4,350,021,0.25,64,0,na,"(27, 40)",0.004865615,0.0002347922634595,0.11369450956535508,True
350_47,mp-30619,Zr12 Co4,350,021,0.4999999999999999,64,0,na,"(27, 40)",0.004862925,0.0002348966180375,0.11436818603546231,True
568_3,mp-22682,In8 Pt4,568,110,0.25,36,0,na,"(49, 78)",0.0048544286,0.00023888877979,0.04981800309844749,True
425_52,mp-11506,Ni6 Mo2,425,010,0.5,24,0,na,"(28, 42)",0.004845575,0.0002385100672299,0.16556311697991163,True
638_32,mp-11514,Nb2 Pt4,638,001,0.25,12,0,na,"(41, 78)",0.0048307553,0.000237837334963,0.13275669114971186,True
766_2,mp-30765,Li4 Pt28,766,110,0.1249999999999999,64,0,na,"(3, 78)",0.0048292945,0.0002378219769026,0.11537559239135395,True
55_44,mp-274,Nb10 Sb8,55,20-1,0.1387576667400889,36,0,na,"(41, 51)",0.0048149102,0.0002385723604585,0.11583320991804212,True
741_16,mp-866161,V2 Rh6,741,201,0.25,48,0,na,"(23, 45)",0.0048101926,0.0002383954842617,0.18308816929097185,True
55_45,mp-274,Nb10 Sb8,55,20-1,0.1657308028133002,36,0,na,"(41, 51)",0.0047963653,0.0002377668791003,0.09674344936642482,True
66_7,mp-1387,Al2 V6,66,210,0.1875,48,0,na,"(13, 23)",0.0047924886,0.0002376312029786,0.14711894816570614,True
726_3,mp-1018029,Cu1 Pd1,726,211,0.25,40,0,na,"(29, 46)",0.004775719,0.0002368559819357,0.09744857972983022,True
751_5,mp-1187696,V4 Cr12,751,210,0.0625,64,0,na,"(23, 24)",0.0047412934,0.0002352043235926,,False
425_54,mp-11506,Ni6 Mo2,425,012,0.25,48,0,na,"(28, 42)",0.0047309506,0.0002347464551894,0.19205235121043623,True
350_44,mp-30619,Zr12 Co4,350,021,0.0932716891144201,64,0,na,"(27, 40)",0.0047177714,0.0002341474778066,0.11124099888986938,True
709_1,mp-12798,Ni3 Pt1,709,221,0.125,40,0,na,"(28, 78)",0.0047123977,0.0002339355513884,0.12279267490428616,True
726_5,mp-1018029,Cu1 Pd1,726,100,0.25,8,0,na,"(29, 46)",0.0047122207,0.0002339815012443,0.10171850673950052,True
180_3,mp-22095,Ga8 Pt4,180,110,0.25,36,0,na,"(31, 78)",0.0047105723,0.0002339543922777,,False
366_6,mp-977434,Nb12 Ru4,366,100,0.125,32,0,na,"(41, 44)",0.0047101243,0.0002339868842538,0.18171912789702024,True
133_13,mp-2606,Ba1 Pd5,133,100,0.1666666666666666,18,0,na,"(46, 56)",0.0047085867,0.0002339652450315,0.06801659561388822,True
838_34,mp-11814,Rb4 Au6,838,012,0.0893661405196875,40,0,na,"(37, 79)",0.00470835,0.0002340082334248,0.02239421651500201,True
478_7,mp-1359,Nb1 Ir1,478,201,0.125,16,0,na,"(41, 77)",0.0047069653,0.0002339941694446,,False
366_2,mp-977434,Nb12 Ru4,366,221,0.0625,96,0,na,"(41, 44)",0.004695171,0.0002346098433734,,False
527_4,mp-862604,Re6 Ni2,527,212,0.25,64,0,na,"(28, 75)",0.0046900096,0.0002344069310199,0.22333802444550518,True
838_33,mp-11814,Rb4 Au6,838,012,0.0272703075103182,40,0,na,"(37, 79)",0.004686569,0.000236866084535,0.0231506637899114,True
838_29,mp-11814,Rb4 Au6,838,011,0.4999999999999999,30,0,na,"(37, 79)",0.0046776864,0.0002364731573482,0.01829077677011424,True
235_6,mp-30738,Li2 Ir6,235,110,0.0248367012800727,24,0,na,"(3, 77)",0.004676749,0.0002364816901217,,False
664_14,mp-865045,Mn2 Ru6,664,101,0.5,32,0,na,"(25, 44)",0.0046755867,0.0002364788408717,0.18241606338412172,True
698_2,mp-1172,Mg1 Rh1,698,110,0.5,10,0,na,"(12, 45)",0.004668751,0.0002361889628908,0.0964036954630033,True
133_10,mp-2606,Ba1 Pd5,133,101,0.4166666666666666,24,0,na,"(46, 56)",0.0046663354,0.0002361225288519,0.07229013788073685,True
709_3,mp-12798,Ni3 Pt1,709,211,0.125,64,0,na,"(28, 78)",0.0046484945,0.0002420970315588,0.1271510517155247,True
712_0,mp-1187702,V4 W12,712,111,0.125,48,0,na,"(23, 74)",0.00464596,0.0002420236261258,0.21723082961287432,True
543_3,mp-1221387,Mo2 W2,543,211,0.1250000000000001,64,0,na,"(42, 74)",0.004636151,0.0002415711083591,0.21508644611781913,True
352_3,mp-1186350,Ni2 Ir6,352,212,0.125,64,0,na,"(28, 77)",0.004624395,0.000242731944136,0.1600140832803839,True
173_6,mp-862586,Re6 Pd2,173,212,0.25,64,0,na,"(46, 75)",0.00462111,0.0002426184075347,0.21207954190498687,True
650_3,mp-471,Cd4 As8,650,221,0.0620607116385301,72,0,na,"(33, 48)",0.0045776544,0.000240880879539,,False
568_2,mp-22682,In8 Pt4,568,221,0.0625,72,0,na,"(49, 78)",0.004573531,0.0002407218872929,0.05702234432970713,True
123_19,mp-11252,Mn2 Au4,123,001,0.079979430859673,12,0,na,"(25, 79)",0.0045633544,0.0002402440871276,0.08795472442789048,True
568_6,mp-22682,In8 Pt4,568,100,0.125,24,0,na,"(49, 78)",0.0045498535,0.0002395908739146,0.06807395706251934,True
352_10,mp-1186350,Ni2 Ir6,352,100,0.25,24,0,na,"(28, 77)",0.0045310482,0.0002416963625425,0.16897997289450262,True
890_4,mp-2179,Ti1 Re1,890,210,0.125,16,0,na,"(22, 75)",0.0045138793,0.0002408387444201,0.17808894879929968,True
352_11,mp-1186350,Ni2 Ir6,352,112,0.5,40,0,na,"(28, 77)",0.004503401,0.0002403375556605,0.13614738055697315,True
169_12,mp-1228001,Al2 V2,169,112,0.125,32,0,na,"(13, 23)",0.0044830223,0.0002405967743901,,False
420_31,mp-10711,V3 Si6,420,102,0.1240228583325715,54,0,na,"(14, 23)",0.004476122,0.0002416417588516,0.1630918293083586,True
236_18,mp-30797,Nb10 Te8,236,210,0.010297311771021,72,0,na,"(41, 52)",0.0044203093,0.0002386864078846,,False
627_34,mp-1001787,Li2 Rh6,627,010,0.3483838654146679,24,0,na,"(3, 45)",0.004390648,0.0002371413691834,0.11852053616839701,True
627_16,mp-1001787,Li2 Rh6,627,122,0.0294093572876299,64,0,na,"(3, 45)",0.004368199,0.0002359848478309,0.13148507001495682,True
173_3,mp-862586,Re6 Pd2,173,110,0.4999999999999999,32,0,na,"(46, 75)",0.004366165,0.0002359306403446,,False
880_37,mp-567889,Ti8 Ge16,880,010,0.125,48,0,na,"(22, 32)",0.004364294,0.0002358851912979,0.07872881022156464,True
474_19,mp-1018153,Hf2 Au4,474,001,0.0835530291308437,12,0,na,"(72, 79)",0.0043615727,0.0002357937283365,,False
317_20,mp-571664,Zr8 Rh4,317,112,0.1670798253172698,72,0,na,"(40, 45)",0.004361076,0.0002358224813872,0.11269518275772564,True
627_17,mp-1001787,Li2 Rh6,627,122,0.1544093572876299,64,0,na,"(3, 45)",0.0043606623,0.0002358557308998,0.12983788387545625,True
726_4,mp-1018029,Cu1 Pd1,726,210,0.125,16,0,na,"(29, 46)",0.00436051,0.0002359031325349,0.10010129785779388,True
453_21,mp-20112,Ni6 Sn2,453,2-12,0.1303507621492326,64,0,na,"(28, 50)",0.004350946,0.0002354412624718,0.11540650913572668,True
317_19,mp-571664,Zr8 Rh4,317,112,0.0,72,0,na,"(40, 45)",0.0043414673,0.0002349836696513,0.1100048769831121,True
325_2,mp-15681,Cr4 As8,325,111,0.4999999999999999,48,0,na,"(24, 33)",0.0043406757,0.0002349960442147,,False
704_18,mp-12108,V2 Pt4,704,121,0.25,48,0,na,"(23, 78)",0.00433795,0.0002349036813629,0.14549284281044536,True
453_25,mp-20112,Ni6 Sn2,453,001,0.0,24,0,na,"(28, 50)",0.0043376796,0.0002349442282371,0.08564866677412439,True
464_32,mp-1018129,Pt4 W2,464,001,0.25,12,0,na,"(74, 78)",0.004317714,0.0002339177776239,0.14259424142603147,True
704_6,mp-12108,V2 Pt4,704,212,0.125,60,0,na,"(23, 78)",0.0043148687,0.0002338183240546,0.1438124999517188,True
236_20,mp-30797,Nb10 Te8,236,210,0.125,72,0,na,"(41, 52)",0.004299012,0.0002335461937669,0.06096093952973214,True
180_2,mp-22095,Ga8 Pt4,180,221,0.0625,72,0,na,"(31, 78)",0.004283423,0.0002346567563362,,False
237_17,mp-1017983,Ti2 Mo6,237,011,0.1219030732354298,24,0,na,"(22, 42)",0.004277177,0.0002343695810488,,False
501_16,mp-862655,Ru6 W2,501,201,0.2500000000000001,48,0,na,"(44, 74)",0.00427616,0.0002343687830509,0.21215173544423271,True
890_1,mp-2179,Ti1 Re1,890,221,0.1249999999999998,20,0,na,"(22, 75)",0.004262041,0.0002336497057752,0.18163853299981483,True
887_32,mp-1018151,Nb2 Pd4,887,001,0.25,12,0,na,"(41, 46)",0.0042600054,0.0002359593640077,0.11781501061984324,True
709_0,mp-12798,Ni3 Pt1,709,111,0.5,20,0,na,"(28, 78)",0.0042577237,0.0002358886420294,0.10924144855293004,True
698_1,mp-1172,Mg1 Rh1,698,221,0.125,20,0,na,"(12, 45)",0.0042539285,0.0002357339853377,0.11157461605616568,True
330_12,mp-1186923,Re6 Rh2,330,101,0.0,32,0,na,"(45, 75)",0.0042415042,0.0002351009066157,,False
599_3,mp-1220023,Os1 Ru1,599,212,0.0,28,0,na,"(44, 76)",0.004211147,0.000235730059992,0.2215115189616073,True
698_3,mp-1172,Mg1 Rh1,698,211,0.25,32,0,na,"(12, 45)",0.0042033717,0.000235350296207,0.10712519565836788,True
126_18,mp-11411,Sc4 Ga4,126,122,0.0425738017311445,64,0,na,"(21, 31)",0.004200973,0.0002352713621731,0.08725103136473326,True
567_25,mp-11393,Nb6 Ga4,567,100,0.2499999999999999,20,0,na,"(31, 41)",0.004197137,0.0002351118458491,0.1541952995804847,True
358_13,mp-1183641,Cd6 Pt2,358,001,0.1249999999999999,16,0,na,"(48, 78)",0.0041884193,0.0002352755357067,0.04792058686829592,True
237_7,mp-1017983,Ti2 Mo6,237,101,0.1219030732354299,32,0,na,"(22, 42)",0.004161423,0.0002338140867724,,False
880_36,mp-567889,Ti8 Ge16,880,010,0.0406179848560022,48,0,na,"(22, 32)",0.0041596023,0.0002337664466468,0.09918683727289447,True
464_17,mp-1018129,Pt4 W2,464,121,0.084199366456195,48,0,na,"(74, 78)",0.0041457755,0.0002330438689696,0.16600013007216707,True
202_22,mp-30849,Ta4 Pt8,202,100,0.25,36,0,na,"(73, 78)",0.004134703,0.0002328385827819,0.2136992608323184,True
420_32,mp-10711,V3 Si6,420,102,0.3720685749977148,54,0,na,"(14, 23)",0.0041317753,0.0002327279025013,0.14355468021457718,True
474_9,mp-1018153,Hf2 Au4,474,210,0.125,48,0,na,"(72, 79)",0.004117633,0.0002331783260334,0.0876763034999247,True
599_4,mp-1220023,Os1 Ru1,599,212,0.25,28,0,na,"(44, 76)",0.004115159,0.0002330925774915,0.22150629967384716,True
890_3,mp-2179,Ti1 Re1,890,211,0.25,32,0,na,"(22, 75)",0.004108851,0.0002332085841541,0.17941880853382394,True
263_14,mp-11807,Li1 Pt1,263,100,0.8333333333333333,10,0,na,"(3, 78)",0.004106535,0.0002331315017847,,False
880_39,mp-567889,Ti8 Ge16,880,012,0.0624999999999999,96,0,na,"(22, 32)",0.0040962105,0.0002328086318853,,False
277_9,mp-1216229,V2 Re2,277,122,0.125,32,0,na,"(23, 75)",0.004088202,0.0002324075742838,,False
441_3,mp-11359,Ga2 Cu1,441,221,0.25,36,0,na,"(29, 31)",0.0040858556,0.0002323281801234,0.05360317834405768,True
237_0,mp-1017983,Ti2 Mo6,237,111,0.1219030732354298,40,0,na,"(22, 42)",0.004084225,0.0002322894290213,,False
642_12,mp-985806,Al4 Cu2,642,102,0.125,36,0,na,"(13, 29)",0.0040820343,0.000232218775391,0.09177489956151887,True
126_32,mp-11411,Sc4 Ga4,126,021,0.220707325005513,32,0,na,"(21, 31)",0.0040775454,0.0002320172896098,0.09981618792307587,True
679_38,mp-1042,Hf4 Si4,679,112,0.2500000000000002,48,0,na,"(14, 72)",0.0040706955,0.0002316812760353,0.11054435762000299,True
420_30,mp-10711,V3 Si6,420,102,0.042643808334095,54,0,na,"(14, 23)",0.0040696943,0.0002316779687647,0.15554908247711857,True
441_2,mp-11359,Ga2 Cu1,441,221,0.0707426870782228,36,0,na,"(29, 31)",0.004066323,0.0002315396913595,0.052786585060093136,True
679_46,mp-1042,Hf4 Si4,679,021,0.0,48,0,na,"(14, 72)",0.004056721,0.000231046442204,0.1257203547695241,True
154_20,mp-1018103,Zr2 Au4,154,001,0.25,12,0,na,"(40, 79)",0.0040255254,0.0002308218306836,,False
457_6,mp-2105,Hf6 Si4,457,110,0.2027970806428882,30,0,na,"(14, 72)",0.004023578,0.0002307634328743,,False
126_22,mp-11411,Sc4 Ga4,126,120,0.0,32,0,na,"(21, 31)",0.0040121293,0.0002301599304581,,False
634_4,mp-865960,Co2 Re6,634,212,0.2500000000000001,64,0,na,"(27, 75)",0.0040006917,0.0002295566354907,0.22098523188345567,True
564_27,mp-16756,Ta6 Ga4,564,112,0.0992804351027201,80,0,na,"(31, 73)",0.0039981063,0.0002294609614988,0.17059200677798717,True
542_39,mp-999376,Nb2 Pt2,542,001,0.0,8,0,na,"(41, 78)",0.003995581,0.0002293686595955,0.1374295734223725,True
564_26,mp-16756,Ta6 Ga4,564,112,0.0373829737096861,80,0,na,"(31, 73)",0.0039924467,0.0002292413140474,0.17128239033077394,True
453_13,mp-20112,Ni6 Sn2,453,101,0.0,32,0,na,"(28, 50)",0.0039877305,0.0002290230172583,,False
84_58,mp-1128,Si4 Ir4,84,001,0.25,16,0,na,"(14, 77)",0.003964941,0.000230091881106,0.17272186333713413,True
400_5,mp-12608,Cu4 Pt28,400,100,0.125,64,0,na,"(29, 78)",0.003959591,0.0002331779059919,0.12011516238305106,True
202_42,mp-30849,Ta4 Pt8,202,010,0.25,24,0,na,"(73, 78)",0.0039585643,0.0002331718147688,0.1359955834379154,True
431_3,mp-1180,Mn1 Pt3,431,211,0.125,64,0,na,"(25, 78)",0.0039401595,0.0002337353194631,0.11943627413871151,True
541_5,mp-979423,Y1 Ga3,541,100,0.25,12,0,na,"(31, 39)",0.0039339047,0.0002334188349238,0.062459227676567045,True
325_60,mp-15681,Cr4 As8,325,112,0.4999999999999998,60,0,na,"(24, 33)",0.003932284,0.0002333771450636,0.056365398166558056,True
185_52,mp-1079681,Zr2 Au6,185,010,0.5,24,0,na,"(40, 79)",0.003932134,0.0002334227182404,0.09464829068483724,True
566_64,mp-542454,Mo8 As12,566,10-1,0.25,40,0,na,"(33, 42)",0.0039259717,0.0002331113199691,0.1490756033945201,True
599_2,mp-1220023,Os1 Ru1,599,110,0.5,16,0,na,"(44, 76)",0.003921023,0.000232871767443,0.4128553877141095,True
887_31,mp-1018151,Nb2 Pd4,887,001,0.0831604597441284,12,0,na,"(41, 46)",0.0038831919,0.000230678675628,0.1513669217969024,True
369_8,mp-171,V2 Ni6,369,101,0.375,32,0,na,"(23, 28)",0.0038775152,0.0002303946018057,,False
314_0,mp-30343,In1 Ag3,314,111,0.5,20,0,na,"(47, 49)",0.003876415,0.0002303823088478,,False
565_5,mp-979289,Ta4 W12,565,210,0.0625,64,0,na,"(73, 74)",0.0038748048,0.0002303396779554,0.22388222744259625,True
594_63,mp-7598,Nb4 As8,594,112,0.9999999999999998,60,0,na,"(33, 41)",0.0038663822,0.0002298919455907,0.08301997827890542,True
567_17,mp-11393,Nb6 Ga4,567,101,0.0632192549197512,40,0,na,"(31, 41)",0.003854365,0.0002292301107944,0.15515925269377753,True
633_35,mp-1424,Ge4 Pd4,633,120,0.25,48,0,na,"(32, 46)",0.0038480381,0.0002289063041727,0.06433364021660998,True
281_0,mp-559,Y1 Pd3,281,111,0.5,20,0,na,"(39, 46)",0.003845804,0.0002288257850561,,False
98_3,mp-30856,Zn1 Pt3,98,211,0.1250000000000002,64,0,na,"(30, 78)",0.0038426102,0.0002290658189819,0.0976017385269794,True
277_0,mp-1216229,V2 Re2,277,111,0.5000000000000002,20,0,na,"(23, 75)",0.0038385703,0.0002288774203099,,False
634_1,mp-865960,Co2 Re6,634,221,0.0,64,0,na,"(27, 75)",0.0038380595,0.0002288993533987,0.21961029744117977,True
578_20,mp-1018123,Ti2 Au4,578,001,0.25,12,0,na,"(22, 79)",0.0038375715,0.000228922649645,0.09698612181759539,True
180_5,mp-22095,Ga8 Pt4,180,210,0.0625,48,0,na,"(31, 78)",0.0038300452,0.000228525998054,0.06951110557734286,True
594_67,mp-7598,Nb4 As8,594,11-2,0.5,48,0,na,"(33, 41)",0.0038160637,0.000227743814054,0.08800436736147697,True
620_17,mp-862620,Ir2 Ru6,620,100,0.0,24,0,na,"(44, 77)",0.003815962,0.0002277896222452,0.18460570064593748,True
564_18,mp-16756,Ta6 Ga4,564,101,0.1507195648972795,40,0,na,"(31, 73)",0.0038059999,0.0002272467101693,0.16358186448725986,True
259_13,mp-1072399,Be20 Pt4,259,100,0.0622081186484315,48,0,na,"(4, 78)",0.0037994618,0.0002306456825219,0.1882259018647639,True
120_12,mp-867865,Re2 Rh6,120,101,0.0,32,0,na,"(45, 75)",0.0037808635,0.0002332825888939,,False
635_11,mp-1207380,Zr1 In1,635,001,0.25,6,0,na,"(40, 49)",0.0037792746,0.0002332389629616,0.10413979557542138,True
277_1,mp-1216229,V2 Re2,277,221,0.1250000000000001,40,0,na,"(23, 75)",0.0037762346,0.0002331057178682,0.20719165011040214,True
325_5,mp-15681,Cr4 As8,325,221,0.2499999999999999,96,0,na,"(24, 33)",0.0037700108,0.0002327757861112,,False
566_63,mp-542454,Mo8 As12,566,10-1,0.2223812399245749,40,0,na,"(33, 42)",0.003769548,0.0002328014014879,0.1583145358265478,True
327_6,mp-1187695,V12 Cr4,327,100,0.125,32,0,na,"(23, 24)",0.0037682399,0.0002327748055743,,False
566_62,mp-542454,Mo8 As12,566,10-1,0.1700035070654966,40,0,na,"(33, 42)",0.0037628512,0.0002324960496012,0.1290396310004306,True
181_21,mp-13208,Mg8 Pt4,181,112,0.4999999999999998,72,0,na,"(12, 78)",0.0037617031,0.0002324791622007,0.07589092054068311,True
542_36,mp-999376,Nb2 Pt2,542,010,0.0,12,0,na,"(41, 78)",0.0037595637,0.000233001760832,0.1309868049789722,True
642_10,mp-985806,Al4 Cu2,642,100,0.25,18,0,na,"(13, 29)",0.003756088,0.000236518245974,0.07715201787481901,True
633_40,mp-1424,Ge4 Pd4,633,102,0.1249999999999998,48,0,na,"(32, 46)",0.0037517725,0.0002363023917711,0.0699230785394685,True
284_3,mp-718,Sn1 Pd3,284,211,0.125,64,0,na,"(46, 50)",0.0037468723,0.0002360495356612,0.08269914506020153,True
91_16,mp-1008488,Bi2 Pd2,91,102,0.0416666666666665,24,0,na,"(46, 83)",0.003741284,0.000235753127277,0.045809158172527356,True
664_5,mp-865045,Mn2 Ru6,664,212,0.4999999999999999,64,0,na,"(25, 44)",0.0037392674,0.0002398110774673,0.18182207584307863,True
798_6,mp-11247,Li12 Au4,798,100,0.125,32,0,na,"(3, 79)",0.0037316023,0.0002393768955257,0.039454279892318436,True
642_11,mp-985806,Al4 Cu2,642,112,0.25,36,0,na,"(13, 29)",0.0037243085,0.0002389662117848,0.0796305087459956,True
543_8,mp-1221387,Mo2 W2,543,120,0.125,24,0,na,"(42, 74)",0.0037200938,0.0002387528339951,0.20323401810238279,True
633_39,mp-1424,Ge4 Pd4,633,102,0.0,48,0,na,"(32, 46)",0.0037199769,0.0002388023461776,0.06405469127414391,True
317_7,mp-571664,Zr8 Rh4,317,212,0.125,72,0,na,"(40, 45)",0.0037144676,0.0002385056346958,0.11000780087026232,True
537_4,mp-364,Al1 Rh1,537,210,0.125,16,0,na,"(13, 45)",0.0037010184,0.0002415355915434,0.13471113302314963,True
337_3,mp-1187203,Ta12 Re4,337,110,0.25,48,0,na,"(73, 75)",0.0036777928,0.0002436776105959,0.16492479027992044,True
717_16,mp-31348,Sc4 In2,717,100,0.1666666666666667,18,0,na,"(21, 49)",0.0036759614,0.0002436156321508,0.08420206403501256,True
259_0,mp-1072399,Be20 Pt4,259,111,0.1877918813515684,72,0,na,"(4, 78)",0.0036609243,0.0002444127562417,0.17065038094372173,True
305_48,mp-443,Ca4 Au8,305,001,0.1007403124716929,24,0,na,"(20, 79)",0.0036608765,0.0002444693164098,0.06225679033107772,True
259_3,mp-1072399,Be20 Pt4,259,111,0.9366243559452948,72,0,na,"(4, 78)",0.0036531251,0.0002440113397071,0.19690699770200024,True
369_13,mp-171,V2 Ni6,369,001,0.125,16,0,na,"(23, 28)",0.0036447388,0.000245941159592,,False
131_14,mp-1831,Sr1 Au5,131,100,0.4166666666666666,18,0,na,"(38, 79)",0.003642526,0.0002458523085801,,False
181_20,mp-13208,Mg8 Pt4,181,112,0.1589112529321459,72,0,na,"(12, 78)",0.0036397243,0.0002457236195453,0.07744736207584789,True
717_8,mp-31348,Sc4 In2,717,210,0.0833333333333333,48,0,na,"(21, 49)",0.0036348419,0.0002471029726586,0.07588146263130352,True
305_47,mp-443,Ca4 Au8,305,001,0.0,24,0,na,"(20, 79)",0.0036346226,0.0002471491355433,,False
798_3,mp-11247,Li12 Au4,798,110,0.25,48,0,na,"(3, 79)",0.0036327306,0.0002470815482419,0.038910717382798075,True
329_8,mp-30811,Ni8 W2,329,110,0.5,30,0,na,"(28, 74)",0.003622446,0.0002487629070796,,False
717_21,mp-31348,Sc4 In2,717,001,0.125,12,0,na,"(21, 49)",0.0036188138,0.0002485753106566,0.07841270194003466,True
668_0,mp-2444,Ga1 Rh1,668,111,0.2499999999999999,12,0,na,"(31, 45)",0.003609097,0.0002479695054714,0.09605810189134432,True
157_6,mp-1220322,Nb2 Re2,157,122,0.125,32,0,na,"(41, 75)",0.0035943768,0.0002470193809089,0.1933378537890853,True
559_3,mp-1220316,Nb2 W2,559,211,0.125,64,0,na,"(41, 74)",0.003586674,0.0002573594598823,0.18866557332602224,True
131_13,mp-1831,Sr1 Au5,131,100,0.1666666666666666,18,0,na,"(38, 79)",0.0035797267,0.0002583686818088,,False
565_0,mp-979289,Ta4 W12,565,111,0.125,48,0,na,"(73, 74)",0.003578212,0.0002583261009035,0.22065822155030712,True
777_5,mp-866184,Ti6 Pb2,777,212,0.25,64,0,na,"(22, 82)",0.003573717,0.0002580682538054,,False
236_11,mp-30797,Nb10 Te8,236,110,0.2656936002110104,36,0,na,"(41, 52)",0.0035735918,0.0002581258268392,,False
284_0,mp-718,Sn1 Pd3,284,111,0.5,20,0,na,"(46, 50)",0.0035698025,0.0002579186955663,,False
91_9,mp-1008488,Bi2 Pd2,91,101,0.2083333333333332,16,0,na,"(46, 83)",0.0035672516,0.0002578008843768,0.046359033493742395,True
305_49,mp-443,Ca4 Au8,305,001,0.25,24,0,na,"(20, 79)",0.0035652001,0.0002577190651987,0.048929219599412585,True
597_1,mp-1077790,Nb8 Fe16,597,111,0.8124999999999998,72,0,na,"(26, 41)",0.0035505826,0.0002572605362758,0.17699974043415032,True
860_0,mp-1264,Cd1 Au3,860,111,0.5,20,0,na,"(48, 79)",0.0035503437,0.0002573094221294,0.04013019248645104,True
668_1,mp-2444,Ga1 Rh1,668,221,0.125,20,0,na,"(31, 45)",0.0035455578,0.0002570287022759,0.08913109076719063,True
571_7,mp-1606,Nb1 Au2,571,210,0.0833333333333333,24,0,na,"(41, 79)",0.003534764,0.0002563121051325,0.10630731521436704,True
790_46,mp-1099,Ni4 Ge4,790,021,0.0589965627618527,48,0,na,"(28, 32)",0.003530481,0.0002585345826179,0.10278981727102758,True
98_5,mp-30856,Zn1 Pt3,98,100,0.25,12,0,na,"(30, 78)",0.0035125255,0.0002600754814347,0.10152919165865426,True
784_24,mp-1025223,Hf4 Al3,784,001,0.3796005740425059,14,0,na,"(13, 72)",0.0035117408,0.000260085022176,0.13846824793238863,True
798_2,mp-11247,Li12 Au4,798,221,0.0625,96,0,na,"(3, 79)",0.0034978832,0.0002591261014402,0.044489191795845574,True
91_14,mp-1008488,Bi2 Pd2,91,100,0.5,12,0,na,"(46, 83)",0.0034962778,0.0002590743049855,0.040245910729192175,True
161_3,mp-11578,V1 Zn3,161,211,0.1250000000000001,64,0,na,"(23, 30)",0.003495907,0.0002591139584614,0.10154700700257327,True
431_5,mp-1180,Mn1 Pt3,431,100,0.2499999999999999,12,0,na,"(25, 78)",0.0034886391,0.0002586422850872,,False
131_16,mp-1831,Sr1 Au5,131,102,0.0833333333333333,36,0,na,"(38, 79)",0.0034844438,0.0002583980847315,0.05132337239053082,True
567_26,mp-11393,Nb6 Ga4,567,112,0.0373400943262609,80,0,na,"(31, 41)",0.0034740344,0.0002576927356351,0.15960668061305217,True
790_47,mp-1099,Ni4 Ge4,790,021,0.1236598594285554,48,0,na,"(28, 32)",0.003464597,0.0002601063361549,0.09685464520805794,True
206_25,mp-7189,Al4 Pd4,206,210,0.2500000000000001,48,0,na,"(13, 46)",0.0034644098,0.0002601599512739,0.13187473047006293,True
316_11,mp-1220,Be20 Au4,316,210,0.0314737301548236,96,0,na,"(4, 79)",0.0034622578,0.0002600660055327,0.12108324624584117,True
860_2,mp-1264,Cd1 Au3,860,110,0.25,16,0,na,"(48, 79)",0.0034620943,0.000260121373027,0.049006697246793005,True
888_19,mp-30572,Hf8 Ga4,888,100,0.0768278014995367,24,0,na,"(31, 72)",0.0034563092,0.0002620774136779,0.13074784736478395,True
522_17,mp-568069,Ti8 Bi4,522,112,0.0,48,0,na,"(22, 83)",0.0034490852,0.0002615982070728,0.06391930570247262,True
623_3,mp-867816,Ta1 Ru3,623,211,0.125,64,0,na,"(44, 73)",0.0034399228,0.0002609715483176,0.17009891621979248,True
431_0,mp-1180,Mn1 Pt3,431,111,0.5,20,0,na,"(25, 78)",0.003438908,0.0002609626638135,0.10175950461845192,True
369_6,mp-171,V2 Ni6,369,210,0.125,64,0,na,"(23, 28)",0.003434336,0.0002606837448153,0.17169092021331453,True
384_22,mp-999133,Ta2 Pd2,384,001,0.0,8,0,na,"(46, 73)",0.0034289926,0.0002603460212817,,False
541_0,mp-979423,Y1 Ga3,541,111,0.5,20,0,na,"(31, 39)",0.0034285279,0.0002603785274807,0.051659328481240954,True
105_11,mp-1014229,Ti4 Zn2,105,101,0.5000000000000002,24,0,na,"(22, 30)",0.0034155443,0.0002604786766554,0.11617690808976021,True
873_5,mp-1078957,Ta6 Be4,873,110,0.0708396055571043,30,0,na,"(4, 73)",0.0034147676,0.0002604872947916,0.19466879648050778,True
314_1,mp-30343,In1 Ag3,314,221,0.125,32,0,na,"(47, 49)",0.0034121126,0.0002603525830723,,False
281_1,mp-559,Y1 Pd3,281,221,0.125,32,0,na,"(39, 46)",0.0034095002,0.0002602209997368,,False
281_4,mp-559,Y1 Pd3,281,210,0.1249999999999999,24,0,na,"(39, 46)",0.0034026373,0.0002597648034744,,False
283_26,mp-11239,Zr2 Ag2,283,001,0.5,8,0,na,"(40, 47)",0.0033992375,0.0002611816592272,,False
578_19,mp-1018123,Ti2 Au4,578,001,0.0824853372498246,12,0,na,"(22, 79)",0.0033894796,0.0002639226712346,0.12250425577502772,True
181_19,mp-13208,Mg8 Pt4,181,100,0.25,24,0,na,"(12, 78)",0.0033832435,0.0002635066411353,,False
857_6,mp-865376,Y4 Mg12,857,100,0.125,32,0,na,"(12, 39)",0.0033741943,0.000262871105197,0.05682336423302014,True
873_21,mp-1078957,Ta6 Be4,873,201,0.0354198027785521,60,0,na,"(4, 73)",0.0033624654,0.0002640692348469,0.20294182640500036,True
203_33,mp-363,Nb3 Ge6,203,001,0.0,18,0,na,"(32, 41)",0.0033583906,0.000263818889287,0.10728303723926308,True
71_12,mp-865430,Y1 Te1,71,201,0.3749999999999999,16,0,na,"(39, 52)",0.0033570023,0.0002637794211613,0.06871777768453698,True
475_35,mp-1018056,Hf4 Ni4,475,010,0.111907762542696,16,0,na,"(28, 72)",0.0033502062,0.000263314868644,,False
283_14,mp-11239,Zr2 Ag2,283,101,0.75,16,0,na,"(40, 47)",0.003339561,0.0002625473245666,0.09863439548370641,True
71_11,mp-865430,Y1 Te1,71,201,0.125,16,0,na,"(39, 52)",0.003336082,0.000262342692294,0.04408363825583812,True
784_1,mp-1025223,Hf4 Al3,784,111,0.3796005740425059,35,0,na,"(13, 72)",0.0033342207,0.0002622651267933,0.12974054188429782,True
873_6,mp-1078957,Ta6 Be4,873,110,0.2072159690849418,30,0,na,"(4, 73)",0.0033299644,0.0002619990454141,0.1738884246264109,True
384_21,mp-999133,Ta2 Pd2,384,102,0.1311826832167426,24,0,na,"(46, 73)",0.0033270163,0.0002618356918682,,False
206_27,mp-7189,Al4 Pd4,206,100,0.25,24,0,na,"(13, 46)",0.0033262002,0.0002618400239824,0.11773827151339507,True
522_0,mp-568069,Ti8 Bi4,522,111,0.0743354588886511,48,0,na,"(22, 83)",0.0033218947,0.0002622036613008,0.06857655532786187,True
589_52,mp-19724,Cu6 Ge2,589,010,0.5,24,0,na,"(29, 32)",0.0033202928,0.0002621459558226,0.05542499603979448,True
857_2,mp-865376,Y4 Mg12,857,221,0.0625000000000001,96,0,na,"(12, 39)",0.0033194323,0.0002621467377639,0.06263612343411187,True
284_1,mp-718,Sn1 Pd3,284,221,0.1249999999999998,32,0,na,"(46, 50)",0.003314076,0.0002617923607437,,False
316_1,mp-1220,Be20 Au4,316,111,0.5626491534365489,72,0,na,"(4, 79)",0.0033122734,0.0002617184819274,0.09179074983218789,True
489_25,mp-1057,Al3 Ni2,489,001,0.4999999999999999,15,0,na,"(13, 28)",0.0033095588,0.0002615724468083,0.10606438338029985,True
489_23,mp-1057,Al3 Ni2,489,001,0.0734506547846045,15,0,na,"(13, 28)",0.0033068063,0.0002632350023594,0.14996092596696103,True
571_6,mp-1606,Nb1 Au2,571,211,0.2500000000000001,48,0,na,"(41, 79)",0.00330542,0.0002631939291914,0.10636574263691137,True
656_16,mp-1229012,Ag3 Pd3,656,001,0.0833333333333333,6,0,na,"(46, 47)",0.0033004808,0.0002628698313418,0.06547592673904909,True
314_2,mp-30343,In1 Ag3,314,110,0.25,16,0,na,"(47, 49)",0.0032981285,0.0002627515496986,0.04583170935414082,True
336_1,mp-11237,Sc1 Ag1,336,221,0.125,20,0,na,"(21, 47)",0.0032969993,0.0002627306227558,,False
865_20,mp-1620,Si4 W2,865,001,0.2499999999999999,12,0,na,"(14, 74)",0.0032964721,0.0002627576458273,0.15650688275592023,True
559_0,mp-1220316,Nb2 W2,559,111,0.5,20,0,na,"(41, 74)",0.0032964067,0.0002628214912318,0.16707931034371085,True
202_14,mp-30849,Ta4 Pt8,202,210,0.0,72,0,na,"(73, 78)",0.0032902425,0.0002623989855564,0.13147588792600165,True
98_0,mp-30856,Zn1 Pt3,98,111,0.5000000000000002,20,0,na,"(30, 78)",0.0032902367,0.0002624673941806,0.08448311851783293,True
522_21,mp-568069,Ti8 Bi4,522,001,0.0743354588886511,12,0,na,"(22, 83)",0.0032802476,0.000261739245866,0.09562830070753439,True
161_5,mp-11578,V1 Zn3,161,100,0.2499999999999999,12,0,na,"(23, 30)",0.0032759155,0.0002614620115286,,False
860_4,mp-1264,Cd1 Au3,860,210,0.125,24,0,na,"(48, 79)",0.0032758047,0.0002615215461515,0.05024085898563933,True
777_14,mp-866184,Ti6 Pb2,777,101,0.4999999999999999,24,0,na,"(22, 82)",0.0032745453,0.0002614893879543,0.0981817474459518,True
489_24,mp-1057,Al3 Ni2,489,001,0.2496851323062862,15,0,na,"(13, 28)",0.0032681148,0.0002632726080844,,False
541_1,mp-979423,Y1 Ga3,541,221,0.125,32,0,na,"(31, 39)",0.0032624286,0.0002635000444953,0.060054819620518604,True
157_3,mp-1220322,Nb2 Re2,157,211,0.125,64,0,na,"(41, 75)",0.0032617636,0.0002635157701494,0.18867869876731103,True
400_0,mp-12608,Cu4 Pt28,400,111,0.2499999999999999,96,0,na,"(29, 78)",0.0032535978,0.0002634514672317,0.09194884742683086,True
71_18,mp-865430,Y1 Te1,71,001,0.25,6,0,na,"(39, 52)",0.0032516336,0.0002633618043911,,False
700_41,mp-389,Si4 Pd4,700,102,0.125,48,0,na,"(14, 46)",0.003226904,0.000263349655667,0.0832702026189539,True
589_50,mp-19724,Cu6 Ge2,589,010,0.0,24,0,na,"(29, 32)",0.0032258357,0.0002633318193792,0.054846489920340934,True
336_0,mp-11237,Sc1 Ag1,336,111,0.25,12,0,na,"(21, 47)",0.0032184129,0.0002627950827575,,False
105_16,mp-1014229,Ti4 Zn2,105,112,0.5,36,0,na,"(22, 30)",0.003216763,0.0002627294064364,,False
786_1,mp-635,Sc1 Rh3,786,221,0.125,32,0,na,"(21, 45)",0.003213166,0.0002625045888137,0.12274457098392724,True
329_7,mp-30811,Ni8 W2,329,110,0.3007884391352604,30,0,na,"(28, 74)",0.0032105055,0.0002623561048138,,False
559_6,mp-1220316,Nb2 W2,559,122,0.125,32,0,na,"(41, 74)",0.0031960118,0.0002627998406371,0.1881010226888012,True
620_16,mp-862620,Ir2 Ru6,620,201,0.25,48,0,na,"(44, 77)",0.003195458,0.0002628233730262,0.21909891528418984,True
329_22,mp-30811,Ni8 W2,329,201,0.075207872150667,60,0,na,"(28, 74)",0.003193808,0.0002627567207074,0.1670810490205099,True
211_5,mp-10032,Ge8 Os4,211,110,0.0,48,0,na,"(32, 76)",0.0031927694,0.0002627403111732,,False
477_15,mp-1431,Mn4 Si4,477,211,0.1341695400921132,96,0,na,"(14, 25)",0.0031918152,0.0002627308178452,0.15606072988907552,True
206_10,mp-7189,Al4 Pd4,206,221,0.3969459969353863,64,0,na,"(13, 46)",0.0031915628,0.0002627790819751,0.10402446396200704,True
777_1,mp-866184,Ti6 Pb2,777,221,0.0,64,0,na,"(22, 82)",0.003182588,0.0002643598974461,,False
477_13,mp-1431,Mn4 Si4,477,110,0.7499999999999999,32,0,na,"(14, 25)",0.003178202,0.0002640653851001,0.16134095585559105,True
784_0,mp-1025223,Hf4 Al3,784,111,0.1296005740425059,35,0,na,"(13, 72)",0.0031681103,0.0002632964294789,0.12074358063058692,True
540_13,mp-973839,Pd2 Au6,540,001,0.125,16,0,na,"(46, 79)",0.0031669552,0.0002632697490052,0.06904187343835702,True
337_2,mp-1187203,Ta12 Re4,337,221,0.0625,96,0,na,"(73, 75)",0.0031652388,0.0002631963558981,0.18566977505488683,True
336_4,mp-11237,Sc1 Ag1,336,210,0.1249999999999999,16,0,na,"(21, 47)",0.0031625049,0.0002630382569939,0.08043075928084939,True
364_19,mp-8093,Ba4 Cd2,364,001,0.25,6,0,na,"(48, 56)",0.0031570988,0.000264698234086,,False
301_1,mp-1380,Zn12 Ru4,301,111,0.1835618365018267,64,0,na,"(30, 44)",0.003153666,0.000264480427948,0.092330837234432,True
123_13,mp-11252,Mn2 Au4,123,201,0.125,48,0,na,"(25, 79)",0.0031418346,0.0002643459755936,0.07843679149680419,True
786_4,mp-635,Sc1 Rh3,786,210,0.125,24,0,na,"(21, 45)",0.0031387226,0.0002641539678637,0.1331110179942799,True
790_16,mp-1099,Ni4 Ge4,790,210,0.0489479562016497,64,0,na,"(28, 32)",0.0031335163,0.0002648640981497,0.09299371257959817,True
634_22,mp-865960,Co2 Re6,634,102,0.25,48,0,na,"(27, 75)",0.0031321428,0.0002648181422883,0.20690160585050496,True
323_11,mp-1217895,Ta2 Mo2,323,120,0.125,24,0,na,"(42, 73)",0.0031210082,0.0002670963864806,0.1868750999167656,True
127_11,mp-1963,Nb1 Rh1,127,001,0.25,6,0,na,"(41, 45)",0.003115107,0.0002666625854433,,False
123_12,mp-11252,Mn2 Au4,123,201,0.0399897154298365,48,0,na,"(25, 79)",0.0031112104,0.000266400063622,,False
578_11,mp-1018123,Ti2 Au4,578,101,0.5,24,0,na,"(22, 79)",0.0031024436,0.0002657201867143,0.1069995284426939,True
700_35,mp-389,Si4 Pd4,700,120,0.2499999999999999,48,0,na,"(14, 46)",0.0030988413,0.0002654821984681,0.08173625803646477,True
160_12,mp-1299,Si2 Pt4,160,102,0.125,36,0,na,"(14, 78)",0.003098578,0.0002655301347017,0.09647827263793238,True
700_40,mp-389,Si4 Pd4,700,102,0.0,48,0,na,"(14, 46)",0.003093157,0.0002651359880873,0.07217526971520694,True
570_4,mp-11541,Zr1 Os1,570,210,0.125,16,0,na,"(40, 76)",0.0030887313,0.0002648268457032,0.16373015688973463,True
501_15,mp-862655,Ru6 W2,501,201,0.0,48,0,na,"(44, 74)",0.0030830794,0.0002644122770523,0.1763703704958066,True
767_3,mp-570578,Zr2 In6,767,212,0.125,48,0,na,"(40, 49)",0.0030824754,0.0002644303952079,0.0641225855349064,True
847_5,mp-2052,Sc4 As4,847,100,0.2499999999999999,16,0,na,"(21, 33)",0.0030781492,0.0002641291155663,0.041259354797055836,True
345_20,mp-1018104,Zr4 Cd2,345,001,0.2499999999999999,6,0,na,"(40, 48)",0.0030775233,0.0002641451769156,,False
825_6,mp-21260,Fe3 Sn3,825,211,0.1666666666666667,96,0,na,"(26, 50)",0.003074196,0.0002639293089488,,False
561_14,mp-2025,Hf1 Be5,561,100,0.4166666666666666,18,0,na,"(4, 72)",0.0030724315,0.0002638474582011,0.19173056192056398,True
825_18,mp-21260,Fe3 Sn3,825,001,0.25,18,0,na,"(26, 50)",0.0030654697,0.0002633190842519,0.0570432462211183,True
301_0,mp-1380,Zn12 Ru4,301,111,0.0585618365018267,64,0,na,"(30, 44)",0.0030648566,0.000263335761246,0.09152028975767842,True
825_5,mp-21260,Fe3 Sn3,825,211,0.0416666666666667,96,0,na,"(26, 50)",0.0030584242,0.0002628523009603,,False
803_65,mp-1007786,Hf2 Ir2,803,011,0.5,12,0,na,"(72, 77)",0.0030577031,0.0002628594201595,0.15931389079545452,True
316_2,mp-1220,Be20 Au4,316,111,0.8120525396903523,72,0,na,"(4, 79)",0.0030566244,0.0002628357771723,0.13721585591214142,True
301_4,mp-1380,Zn12 Ru4,301,110,0.25,64,0,na,"(30, 44)",0.0030557557,0.0002628301597821,0.09606780325940141,True
832_4,mp-316,Mn1 V1,832,210,0.125,16,0,na,"(23, 25)",0.003050976,0.0002624880403448,,False
850_6,mp-1601,Ta1 Ru1,850,101,0.5,10,0,na,"(44, 73)",0.0030480898,0.0002623085815284,0.12517733245907897,True
561_8,mp-2025,Hf1 Be5,561,210,0.2083333333333333,48,0,na,"(4, 72)",0.0030424607,0.0002657922207273,0.18260709312968412,True
853_20,mp-2592,Si4 Mo2,853,001,0.25,12,0,na,"(14, 42)",0.0030378646,0.0002714664281535,0.14438077033549107,True
561_0,mp-2025,Hf1 Be5,561,111,0.25,36,0,na,"(4, 72)",0.0030365477,0.0002719080687417,0.16051601440996116,True
589_51,mp-19724,Cu6 Ge2,589,010,0.25577439549075,24,0,na,"(29, 32)",0.0030341542,0.0002717676382787,0.09532626544033761,True
238_15,mp-977426,Nb2 Co6,238,101,0.5,32,0,na,"(27, 41)",0.0030193331,0.0002718348115452,,False
570_2,mp-11541,Zr1 Os1,570,110,0.5,10,0,na,"(40, 76)",0.003010809,0.0002760160881551,0.14417809925111197,True
323_0,mp-1217895,Ta2 Mo2,323,111,0.5,20,0,na,"(42, 73)",0.0030096616,0.0002761351774444,,False
887_19,mp-1018151,Nb2 Pd4,887,120,0.125,48,0,na,"(41, 46)",0.0030047083,0.0002757568604363,0.1309168221501237,True
843_41,mp-2430,Zr4 Ge8,843,010,0.0,12,0,na,"(32, 40)",0.0030017437,0.0002755607722852,0.0761846591656411,True
570_0,mp-11541,Zr1 Os1,570,111,0.25,12,0,na,"(40, 76)",0.0029998778,0.0002754653896852,0.16499923728042665,True
119_9,mp-1217811,Ta2 W2,119,122,0.1249999999999998,32,0,na,"(73, 74)",0.0029986445,0.0002754280121353,,False
235_25,mp-30738,Li2 Ir6,235,100,0.096891118731996,24,0,na,"(3, 77)",0.002996658,0.0002753213816651,0.1593956942323504,True
850_3,mp-1601,Ta1 Ru1,850,212,0.1250000000000001,20,0,na,"(44, 73)",0.0029925967,0.0002802899190628,0.1495228152089653,True
787_14,mp-1185970,Mn6 Co2,787,101,0.5,32,0,na,"(25, 27)",0.0029922917,0.0002803399288812,0.19614359589908736,True
471_7,mp-19871,Pb8 Au16,471,100,0.0625,48,0,na,"(79, 82)",0.0029759142,0.0002803883289784,0.0421836805820441,True
296_17,mp-11283,Zr1 Be5,296,102,0.2083333333333333,48,0,na,"(4, 40)",0.0029724163,0.0002801373067834,0.1790105058359944,True
787_19,mp-1185970,Mn6 Co2,787,100,0.5,24,0,na,"(25, 27)",0.0029717658,0.00028130987169,0.1665100493349975,True
134_23,mp-976273,Hf6 Ge4,134,100,0.1505976232404187,20,0,na,"(32, 72)",0.0029713998,0.0002813543735822,,False
345_19,mp-1018104,Zr4 Cd2,345,001,0.084506878219603,6,0,na,"(40, 48)",0.0029645727,0.000283571480302,,False
475_0,mp-1018056,Hf4 Ni4,475,111,0.0,40,0,na,"(28, 72)",0.0029631755,0.0002835182310456,0.15264253558453786,True
161_1,mp-11578,V1 Zn3,161,221,0.1250000000000001,32,0,na,"(23, 30)",0.0029627145,0.0002835545151914,,False
364_13,mp-8093,Ba4 Cd2,364,100,0.25,18,0,na,"(48, 56)",0.0029524935,0.0002831669433628,,False
803_63,mp-1007786,Hf2 Ir2,803,011,0.0,12,0,na,"(72, 77)",0.002949817,0.0002834291097903,0.14216374791205444,True
696_4,mp-11277,Sc1 Be5,696,212,0.2083333333333333,60,0,na,"(4, 21)",0.0029472392,0.0002832617100366,0.15284323364211197,True
767_1,mp-570578,Zr2 In6,767,221,0.0625,64,0,na,"(40, 49)",0.0029466308,0.0002852504955263,0.06457963107607041,True
584_31,mp-1078895,Mn6 Pd10,584,010,0.2372058203289313,32,0,na,"(25, 46)",0.0029454431,0.0002852168777173,0.11214049142088889,True
477_9,mp-1431,Mn4 Si4,477,221,0.3972892757179611,64,0,na,"(14, 25)",0.002938256,0.0002847627956807,0.15680918464454727,True
571_1,mp-1606,Nb1 Au2,571,221,0.125,30,0,na,"(41, 79)",0.0029361483,0.0002846395814676,0.11211045414474795,True
696_15,mp-11277,Sc1 Be5,696,2-12,0.1250000000000001,48,0,na,"(4, 21)",0.0029338652,0.0002844992302132,0.15666647397148878,True
171_1,mp-1211,Sc1 Cd1,171,221,0.125,20,0,na,"(21, 48)",0.0029237976,0.0002872815362992,,False
171_4,mp-1211,Sc1 Cd1,171,210,0.125,16,0,na,"(21, 48)",0.0029180232,0.0002867965564716,,False
877_1,mp-1068446,Sc2 Au8,877,111,0.1476046314677366,40,0,na,"(21, 79)",0.0029070694,0.0002858019343309,0.07326311471863405,True
857_1,mp-865376,Y4 Mg12,857,111,0.3750000000000003,48,0,na,"(12, 39)",0.0029046093,0.0002856417121332,0.06591695877314825,True
452_33,mp-7558,Ta3 Ge6,452,001,0.0,18,0,na,"(32, 73)",0.0029031723,0.0002855819704722,,False
888_20,mp-30572,Hf8 Ga4,888,100,0.25,24,0,na,"(31, 72)",0.0029021995,0.0002855678301948,0.13098829386699584,True
323_4,mp-1217895,Ta2 Mo2,323,211,0.125,64,0,na,"(42, 73)",0.0028992356,0.0002853576801918,0.1846027599009657,True
364_11,mp-8093,Ba4 Cd2,364,201,0.033247997121574,36,0,na,"(48, 56)",0.0028952388,0.0002857604498767,,False
877_27,mp-1068446,Sc2 Au8,877,001,0.25,30,0,na,"(21, 79)",0.002891331,0.0002854563216303,0.0772477773185857,True
134_22,mp-976273,Hf6 Ge4,134,100,0.065437890212987,20,0,na,"(32, 72)",0.002889865,0.0002853930531291,,False
877_2,mp-1068446,Sc2 Au8,877,111,0.2500000000000002,40,0,na,"(21, 79)",0.002888041,0.0002852943422332,0.07457022799999702,True
101_5,mp-1395,V1 Ru1,101,100,0.25,8,0,na,"(23, 44)",0.002882184,0.0002847970110621,0.1585566710162611,True
337_5,mp-1187203,Ta12 Re4,337,210,0.0625,64,0,na,"(73, 75)",0.0028812904,0.0002847898191279,0.1881905546239974,True
620_14,mp-862620,Ir2 Ru6,620,101,0.5,32,0,na,"(44, 77)",0.002880754,0.0002866360028297,0.18765618574536813,True
531_19,mp-1008626,V1 Te2,531,102,0.25,18,0,na,"(23, 52)",0.0028793612,0.0002865795627763,0.027087062604298422,True
260_18,mp-2851,V4 Sb8,260,100,0.0784633207248362,24,0,na,"(23, 51)",0.002876998,0.0002864264401178,,False
509_18,mp-865022,Mn2 Ir6,509,100,0.2533820830878088,24,0,na,"(25, 77)",0.002871974,0.0002860081840472,,False
234_5,mp-2126,Hf1 Ir3,234,100,0.25,12,0,na,"(72, 77)",0.0028702265,0.0002859159319418,,False
693_5,mp-864794,Zn1 Ag3,693,100,0.25,12,0,na,"(30, 47)",0.0028656006,0.0002896332211513,0.05384999632703068,True
888_17,mp-30572,Hf8 Ga4,888,201,0.0,48,0,na,"(31, 72)",0.0028632185,0.0002894762984643,0.12201592261264342,True
475_15,mp-1018056,Hf4 Ni4,475,201,0.0,64,0,na,"(28, 72)",0.0028616327,0.0002893997457331,0.1242335046047966,True
739_11,mp-7188,Al4 Os2,739,101,0.5,24,0,na,"(13, 76)",0.0028599245,0.0002893107202262,0.150528856156586,True
853_10,mp-2592,Si4 Mo2,853,101,0.1675927364300875,24,0,na,"(14, 42)",0.0028588623,0.000289286961612,0.19631815450807374,True
70_20,mp-865166,Hf2 Pd10,70,120,0.2499999999999997,48,0,na,"(46, 72)",0.0028448617,0.0002900036069199,0.11594367158231088,True
696_6,mp-11277,Sc1 Be5,696,211,0.2083333333333333,96,0,na,"(4, 21)",0.0028439576,0.0002899955432262,0.15195620276760533,True
787_20,mp-1185970,Mn6 Co2,787,2-12,0.1282630530832093,64,0,na,"(25, 27)",0.0028435078,0.0002900337860705,,False
629_9,mp-1184336,Fe2 Ir6,629,201,0.0625,48,0,na,"(26, 77)",0.0028395217,0.0002897112355377,0.18204053468726925,True
774_9,mp-9948,V10 Te8,774,110,0.1364114198747009,36,0,na,"(23, 52)",0.0028351175,0.0002893457097235,0.10339141132226086,True
384_15,mp-999133,Ta2 Pd2,384,201,0.0,32,0,na,"(46, 73)",0.0028347191,0.0002893887833193,0.1561305214349516,True
723_5,mp-259,Al2 Mo6,723,211,0.2499999999999997,96,0,na,"(13, 42)",0.0028342817,0.000289427887524,0.17833833019865022,True
656_12,mp-1229012,Ag3 Pd3,656,10-1,0.0833333333333333,30,0,na,"(46, 47)",0.0028234448,0.0002884047299252,0.06976402482853422,True
438_18,mp-1216621,Ti2 W2,438,001,0.2499999999999999,12,0,na,"(22, 74)",0.0028229787,0.0002884403070357,0.15266182800247205,True
693_0,mp-864794,Zn1 Ag3,693,111,0.5,20,0,na,"(30, 47)",0.0028208615,0.0002883071396818,0.04914484954424762,True
795_19,mp-1206704,Mo2 Pd4,795,120,0.125,48,0,na,"(42, 46)",0.0028197172,0.0002882732973485,0.13035798587356281,True
656_11,mp-1229012,Ag3 Pd3,656,20-1,0.1249999999999999,60,0,na,"(46, 47)",0.002814507,0.000289897674431,0.07261618294076379,True
438_3,mp-1216621,Ti2 W2,438,212,0.1249999999999997,40,0,na,"(22, 74)",0.0028138864,0.0002899177983651,0.16085047001159847,True
601_6,mp-771,Mn1 Al1,601,101,0.5,10,0,na,"(13, 25)",0.0028119101,0.0002897981956659,0.10796046396310668,True
587_12,mp-442,Rh3 Pb3,587,201,0.25,36,0,na,"(45, 82)",0.0028104607,0.000289732783127,0.05354075815767612,True
412_29,mp-976128,Hf5 Sc1,412,102,0.2499999999999999,36,0,na,"(21, 72)",0.002809391,0.0002897064442988,,False
531_18,mp-1008626,V1 Te2,531,102,0.0458585602472633,18,0,na,"(23, 52)",0.0028078419,0.0002896306078331,,False
795_17,mp-1206704,Mo2 Pd4,795,121,0.0836910118902025,48,0,na,"(42, 46)",0.0028060742,0.0002895321258635,0.13587753933209878,True
252_8,mp-1216323,V2 Mo2,252,100,0.25,16,0,na,"(23, 42)",0.0028045243,0.0002894560132287,0.1931616782220039,True
157_10,mp-1220322,Nb2 Re2,157,021,0.125,24,0,na,"(41, 75)",0.0027945875,0.0002916188248561,0.1900256240553612,True
313_22,mp-1867,Ta8 Ni4,313,102,0.0396694832247579,72,0,na,"(28, 73)",0.0027915982,0.0002913918628823,0.1745362949785137,True
509_16,mp-865022,Mn2 Ir6,509,201,0.2500000000000001,48,0,na,"(25, 77)",0.0027912634,0.0002914418396581,,False
601_9,mp-771,Mn1 Al1,601,112,0.25,16,0,na,"(13, 25)",0.0027867162,0.000294487354683,0.1279598931368172,True
587_18,mp-442,Rh3 Pb3,587,001,0.25,18,0,na,"(45, 82)",0.0027861944,0.0002945189453634,0.049504187893813036,True
134_24,mp-976273,Hf6 Ge4,134,100,0.25,20,0,na,"(32, 72)",0.0027841786,0.0002943925663259,,False
839_12,mp-810,Ni2 Sb2,839,201,0.1458333333333332,32,0,na,"(28, 51)",0.0027836673,0.0002944251792378,0.07122472074013045,True
585_47,mp-985805,Al4 Ag8,585,010,0.0805123011549291,24,0,na,"(13, 47)",0.0027824186,0.0002968162216874,0.06326130806690218,True
454_9,mp-862589,Re6 Pt2,454,211,0.25,96,0,na,"(75, 78)",0.0027823425,0.0002968962272894,0.23434733486626372,True
278_20,mp-1014231,Hf4 Zn2,278,001,0.25,6,0,na,"(30, 72)",0.0027699848,0.0002963321476994,,False
587_0,mp-442,Rh3 Pb3,587,111,0.2500000000000001,30,0,na,"(45, 82)",0.002768601,0.0002962719040777,0.05890441077013002,True
655_9,mp-864894,Be6 Rh2,655,210,0.0,64,0,na,"(4, 45)",0.0027647403,0.0002959464457339,0.1482916890430311,True
412_28,mp-976128,Hf5 Sc1,412,102,0.0833333333333332,36,0,na,"(21, 72)",0.0027623123,0.0002957740783099,0.11994626647787732,True
595_26,mp-864735,Mn6 Ir2,595,001,0.0,24,0,na,"(25, 77)",0.002761303,0.0002957534839133,0.16286253143832283,True
296_15,mp-11283,Zr1 Be5,296,2-12,0.125,48,0,na,"(4, 40)",0.002761058,0.0002958147310595,,False
171_3,mp-1211,Sc1 Cd1,171,211,0.2499999999999999,32,0,na,"(21, 48)",0.0027576364,0.0002955355708357,,False
839_11,mp-810,Ni2 Sb2,839,201,0.0208333333333332,32,0,na,"(28, 51)",0.0027554608,0.0002953897102045,0.057637666526265986,True
456_2,mp-305,Ti1 Fe1,456,110,0.5,10,0,na,"(22, 26)",0.0027490037,0.000294784575309,,False
379_8,mp-21342,V6 Sn2,379,100,0.125,24,0,na,"(23, 50)",0.0027477343,0.0002947353368645,,False
76_0,mp-866134,V4 Fe12,76,111,0.125,64,0,na,"(23, 26)",0.0027434274,0.0002963687357057,0.17992473551006502,True
735_2,mp-865077,Na4 Cd12,735,221,0.0625,96,0,na,"(11, 48)",0.0027326378,0.0002967740671062,,False
655_4,mp-864894,Be6 Rh2,655,212,0.1267113902853053,80,0,na,"(4, 45)",0.0027284205,0.000299082179663,0.1497130406803591,True
839_15,mp-810,Ni2 Sb2,839,2-12,0.125,32,0,na,"(28, 51)",0.0027276364,0.0002990856799089,0.0648034202338541,True
260_12,mp-2851,V4 Sb8,260,210,0.0465366792751637,48,0,na,"(23, 51)",0.0027270066,0.0002991060806039,0.04814661260747229,True
584_5,mp-1078895,Mn6 Pd10,584,110,0.1114025156531967,32,0,na,"(25, 46)",0.0027243583,0.0002989050116004,0.09807589574543892,True
584_4,mp-1078895,Mn6 Pd10,584,221,0.25,96,0,na,"(25, 46)",0.0027223595,0.0002987750171112,,False
606_19,mp-10744,Si6 Pt4,606,101,0.5,40,0,na,"(14, 78)",0.0027212047,0.0002987375347937,0.0895451636349994,True
160_3,mp-1299,Si2 Pt4,160,212,0.125,48,0,na,"(14, 78)",0.002720079,0.0002987031877781,0.0910714288795663,True
655_3,mp-864894,Be6 Rh2,655,212,0.0,80,0,na,"(4, 45)",0.0027199774,0.0002987812775797,0.15383186869550827,True
795_20,mp-1206704,Mo2 Pd4,795,112,0.1652359524391897,36,0,na,"(42, 46)",0.0027134533,0.0002981537077043,0.13364062976763647,True
739_2,mp-7188,Al4 Os2,739,221,0.0403963433284388,60,0,na,"(13, 76)",0.0027118425,0.0002993555070735,0.1335378252752064,True
70_19,mp-865166,Hf2 Pd10,70,120,0.0840426673533227,48,0,na,"(46, 72)",0.0027117277,0.0002994324712634,0.11407817330424361,True
735_6,mp-865077,Na4 Cd12,735,100,0.125,32,0,na,"(11, 48)",0.0027098777,0.0003014952550427,0.028439669952748593,True
76_1,mp-866134,V4 Fe12,76,111,0.375,64,0,na,"(23, 26)",0.002708989,0.0003029775207342,0.17076518986372852,True
296_5,mp-11283,Zr1 Be5,296,211,0.0833333333333333,96,0,na,"(4, 40)",0.0026981821,0.0003018603172098,0.1648494546195863,True
693_2,mp-864794,Zn1 Ag3,693,110,0.25,16,0,na,"(30, 47)",0.0026964946,0.0003040736230676,0.054297780790062526,True
739_4,mp-7188,Al4 Os2,739,110,0.5,30,0,na,"(13, 76)",0.0026958026,0.0003040880539689,0.12154135463407016,True
235_49,mp-30738,Li2 Ir6,235,010,0.1201893149519257,16,0,na,"(3, 77)",0.0026955495,0.0003041519931338,0.1321882956445591,True
203_7,mp-363,Nb3 Ge6,203,212,0.2116115863985757,72,0,na,"(32, 41)",0.0026943907,0.0003041137368789,0.0923386495711755,True
412_25,mp-976128,Hf5 Sc1,412,100,0.5,18,0,na,"(21, 72)",0.0026913846,0.0003064818009324,,False
400_2,mp-12608,Cu4 Pt28,400,110,0.1249999999999999,64,0,na,"(29, 78)",0.0026840207,0.0003057369385889,0.11774858103743994,True
872_40,mp-20928,Sb4 Ru2,872,001,0.25,12,0,na,"(44, 51)",0.0026806872,0.0003054506069626,0.06775865545644391,True
418_41,mp-20714,Fe2 Sb4,418,001,0.25,12,0,na,"(26, 51)",0.002679221,0.0003053768185001,0.05744080074873956,True
601_4,mp-771,Mn1 Al1,601,211,0.2499999999999999,40,0,na,"(13, 25)",0.002676926,0.0003052084386597,0.12890194181666847,True
190_7,mp-2762,Y8 Ir16,190,100,0.0625,48,0,na,"(39, 77)",0.0026722634,0.0003047698528798,0.12685884527320904,True
127_4,mp-1963,Nb1 Rh1,127,211,0.2500000000000002,40,0,na,"(41, 45)",0.002671518,0.0003047777275717,0.15047466172671692,True
492_1,mp-2802,Hf1 Ru1,492,221,0.125,20,0,na,"(44, 72)",0.0026666627,0.0003043165639502,,False
49_18,mp-11192,Ta3 Si6,49,210,0.1429608016121877,72,0,na,"(14, 73)",0.0026617856,0.0003066704899612,0.14254037266418762,True
252_18,mp-1216323,V2 Mo2,252,001,0.2499999999999999,12,0,na,"(23, 42)",0.0026505874,0.0003157304312664,,False
862_2,mp-1842,Nb2 Al6,862,110,0.25,32,0,na,"(13, 41)",0.002649987,0.000315952907387,0.12178203068878077,True
661_48,mp-427,Fe4 As4,661,010,0.2499999999999999,16,0,na,"(26, 33)",0.002647615,0.0003157698667481,0.10696157366973101,True
49_19,mp-11192,Ta3 Si6,49,210,0.2163159118276389,72,0,na,"(14, 73)",0.0026432122,0.0003153443396143,0.14155163891912073,True
853_13,mp-2592,Si4 Mo2,853,201,0.125,48,0,na,"(14, 42)",0.0026422604,0.00031533022419,0.18353113321744766,True
238_25,mp-977426,Nb2 Co6,238,001,0.0,24,0,na,"(27, 41)",0.002639317,0.000315078309353,0.14805707121896908,True
260_4,mp-2851,V4 Sb8,260,110,0.0930733585503276,36,0,na,"(23, 51)",0.00263596,0.0003147767342804,0.08065191018516737,True
770_29,mp-9954,Hf4 As4,770,001,0.1834439463584978,8,0,na,"(33, 72)",0.002632775,0.0003144953890223,0.1322452260017521,True
471_0,mp-19871,Pb8 Au16,471,111,0.0625,72,0,na,"(79, 82)",0.0026129535,0.0003202962357742,0.03894636733422572,True
745_14,mp-2845,Sb2 Pt2,745,100,0.5,12,0,na,"(51, 78)",0.0026101705,0.0003200576084599,0.03652359858381757,True
203_25,mp-363,Nb3 Ge6,203,100,0.0820220321072362,27,0,na,"(32, 41)",0.0026060878,0.0003229384757219,,False
379_6,mp-21342,V6 Sn2,379,210,0.0625,48,0,na,"(23, 50)",0.0026025807,0.000324069888111,0.1211061703161161,True
563_4,mp-22568,V6 Ga2,563,211,0.0624999999999998,96,0,na,"(23, 31)",0.0025987637,0.0003236995016077,,False
697_4,mp-1418,Fe1 Ni3,697,210,0.125,32,0,na,"(26, 28)",0.002597352,0.0003236284199747,0.1547262730741966,True
289_46,mp-1079467,Y2 Au6,289,021,0.0609859003085713,48,0,na,"(39, 79)",0.0025948966,0.0003234271489015,0.0679914034331855,True
49_25,mp-11192,Ta3 Si6,49,100,0.0793420440861805,27,0,na,"(14, 73)",0.0025933604,0.000323340254402,,False
313_20,mp-1867,Ta8 Ni4,313,112,0.170661033550484,72,0,na,"(28, 73)",0.002589163,0.0003229213359078,0.16778133084607338,True
563_0,mp-22568,V6 Ga2,563,111,0.125,32,0,na,"(23, 31)",0.0025878912,0.0003228669771923,0.1386417132994696,True
505_7,mp-570896,Tl8 Pd4,505,110,0.0837042559966434,36,0,na,"(46, 81)",0.0025856711,0.0003226941833783,,False
238_1,mp-977426,Nb2 Co6,238,221,0.2233352793734617,80,0,na,"(27, 41)",0.0025798096,0.0003220665916852,0.1771542005692498,True
289_49,mp-1079467,Y2 Au6,289,021,0.375,48,0,na,"(39, 79)",0.002578815,0.0003220461449067,0.06664844244347518,True
86_0,mp-1221,V6 Ge2,86,111,0.125,32,0,na,"(23, 32)",0.002577072,0.0003233464642395,0.1437749993327923,True
832_2,mp-316,Mn1 V1,832,110,0.5,10,0,na,"(23, 25)",0.0025704787,0.0003226235188891,0.18885727524015855,True
471_6,mp-19871,Pb8 Au16,471,210,0.03125,96,0,na,"(79, 82)",0.0025631925,0.0003225536187852,,False
809_8,mp-22478,Fe3 Ge3,809,210,0.2083333333333333,48,0,na,"(26, 32)",0.0025623792,0.0003225553140291,0.10802231006342627,True
629_8,mp-1184336,Fe2 Ir6,629,101,0.375,24,0,na,"(26, 77)",0.0025603955,0.0003224095984642,0.19309476843515078,True
84_51,mp-1128,Si4 Ir4,84,010,0.25,16,0,na,"(14, 77)",0.0025602204,0.0003224915239205,0.15673706261409184,True
809_6,mp-22478,Fe3 Ge3,809,211,0.1666666666666666,96,0,na,"(26, 32)",0.0025563142,0.0003221033651716,,False
324_0,mp-2116,Zr8 Mn16,324,111,0.1875,72,0,na,"(25, 40)",0.0025562316,0.0003221967379738,,False
723_3,mp-259,Al2 Mo6,723,110,0.375,24,0,na,"(13, 42)",0.0025492117,0.0003217197221401,0.18833117431066745,True
278_14,mp-1014231,Hf4 Zn2,278,100,0.25,24,0,na,"(30, 72)",0.002547496,0.0003216066618103,,False
245_17,mp-564,Te2 Pd2,245,102,0.2500000000000001,24,0,na,"(46, 52)",0.002543731,0.0003212346635057,0.030877364334505546,True
809_5,mp-22478,Fe3 Ge3,809,211,0.0416666666666666,96,0,na,"(26, 32)",0.002542542,0.000321187687449,,False
249_5,mp-30867,Sc1 Ru1,249,100,0.2499999999999999,8,0,na,"(21, 44)",0.00254054,0.0003210378973769,,False
707_9,mp-20536,Co3 Sn3,707,101,0.0833333333333333,24,0,na,"(27, 50)",0.0025375765,0.0003227912293679,0.08690291995177207,True
342_2,mp-2377,Ga2 Mo6,342,110,0.125,24,0,na,"(31, 42)",0.0025366298,0.0003227749937752,0.1639100918981438,True
313_5,mp-1867,Ta8 Ni4,313,110,0.3413220671009682,36,0,na,"(28, 73)",0.0025356328,0.0003227523062805,0.16671710012296523,True
753_7,mp-1326,Nb6 Sn2,753,210,0.1875,48,0,na,"(41, 50)",0.0025349758,0.0003227728546084,0.12168710674527444,True
101_2,mp-1395,V1 Ru1,101,110,0.5,10,0,na,"(23, 44)",0.0025217026,0.0003211864777238,,False
501_0,mp-862655,Ru6 W2,501,111,0.0,40,0,na,"(44, 74)",0.0025209778,0.000321197324985,0.18848949873889795,True
492_3,mp-2802,Hf1 Ru1,492,211,0.2500000000000001,32,0,na,"(44, 72)",0.0025193987,0.000321099268366,,False
585_2,mp-985805,Al4 Ag8,585,111,0.4999999999999998,48,0,na,"(13, 47)",0.0025089246,0.0003198670454794,0.06457581251748143,True
322_20,mp-999544,Y2 Ag4,322,001,0.25,12,0,na,"(39, 47)",0.0025047993,0.0003211944025115,,False
320_3,mp-2776,Ga8 Au4,320,110,0.25,36,0,na,"(31, 79)",0.0025015478,0.000320880522517,0.042168711753946646,True
127_8,mp-1963,Nb1 Rh1,127,100,0.2499999999999999,8,0,na,"(41, 45)",0.0024911584,0.000321485572872,,False
84_41,mp-1128,Si4 Ir4,84,102,0.125,48,0,na,"(14, 77)",0.0024858594,0.0003246274537655,0.13909382682577848,True
490_5,mp-2658,Al1 Fe1,490,100,0.2499999999999999,8,0,na,"(13, 26)",0.002485208,0.0003246477772633,,False
379_7,mp-21342,V6 Sn2,379,210,0.1875,48,0,na,"(23, 50)",0.0024834578,0.0003245245012344,,False
697_1,mp-1418,Fe1 Ni3,697,221,0.125,40,0,na,"(26, 28)",0.0024834422,0.0003246278123918,0.13981491089953257,True
723_4,mp-259,Al2 Mo6,723,211,0.0624999999999998,96,0,na,"(13, 42)",0.0024796694,0.0003242399010423,0.19134978002036152,True
649_13,mp-862714,Be6 Ir2,649,001,0.125,16,0,na,"(4, 77)",0.002478326,0.0003241693476,0.1495344542529257,True
735_5,mp-865077,Na4 Cd12,735,210,0.0625,64,0,na,"(11, 48)",0.0024695334,0.0003292074290024,0.026156702999322875,True
70_1,mp-865166,Hf2 Pd10,70,111,0.4999999999999999,48,0,na,"(46, 72)",0.0024672698,0.000329013987898,0.10496722948937134,True
775_0,mp-2083,Sn8 Ir4,775,111,0.1250000000000002,36,0,na,"(50, 77)",0.0024671126,0.0003291013039836,0.08168924019318352,True
101_4,mp-1395,V1 Ru1,101,210,0.125,16,0,na,"(23, 44)",0.0024657794,0.0003290317461039,0.15867294553522648,True
661_23,mp-427,Fe4 As4,661,100,0.0,32,0,na,"(26, 33)",0.0024638136,0.0003288776424173,0.08056355252963406,True
701_1,mp-983590,Be3 Fe1,701,221,0.125,40,0,na,"(4, 26)",0.002461484,0.0003306041699063,0.16262172871224276,True
707_0,mp-20536,Co3 Sn3,707,111,0.2500000000000001,30,0,na,"(27, 50)",0.002461235,0.000330680050692,0.08557751228051746,True
245_16,mp-564,Te2 Pd2,245,102,0.0416666666666667,24,0,na,"(46, 52)",0.002460284,0.0003306616219712,0.04033308275441355,True
629_10,mp-1184336,Fe2 Ir6,629,100,0.25,24,0,na,"(26, 77)",0.002458126,0.0003304808645902,0.17338818150055207,True
528_7,mp-1349,Sr8 Pt16,528,100,0.0624999999999999,48,0,na,"(38, 78)",0.002451749,0.0003297324839931,0.06969031942978499,True
348_32,mp-11398,Ga6 Ni10,348,010,0.2343885771071505,32,0,na,"(28, 31)",0.002450546,0.0003296794001199,0.10407393064544239,True
488_5,mp-864984,Mn4 V12,488,210,0.0625,64,0,na,"(23, 25)",0.0024482256,0.0003294758510575,,False
834_1,mp-1079399,V6 Fe2,834,221,0.0624999999999997,64,0,na,"(23, 26)",0.0024422414,0.0003287788376307,,False
289_45,mp-1079467,Y2 Au6,289,021,0.0038364081387989,48,0,na,"(39, 79)",0.0024414728,0.0003296301521873,0.06333436051680137,True
661_56,mp-427,Fe4 As4,661,001,0.25,16,0,na,"(26, 33)",0.002437748,0.0003292357824391,0.1166047000070125,True
132_1,mp-865985,Cd2 Pd6,132,221,0.0625,64,0,na,"(46, 48)",0.0024371666,0.0003292656661356,0.07977148405476704,True
342_4,mp-2377,Ga2 Mo6,342,211,0.0625,96,0,na,"(31, 42)",0.0024336476,0.0003288985377942,0.1813605055734531,True
697_3,mp-1418,Fe1 Ni3,697,211,0.1249999999999997,64,0,na,"(26, 28)",0.0024318325,0.0003365371729025,0.14477633825688196,True
865_14,mp-1620,Si4 W2,865,100,0.25,24,0,na,"(14, 74)",0.0024292679,0.0003362954381766,0.16646071778272623,True
456_0,mp-305,Ti1 Fe1,456,111,0.25,12,0,na,"(22, 26)",0.0024226198,0.0003354879322355,,False
530_2,mp-1298,K1 Au5,530,110,0.25,24,0,na,"(19, 79)",0.002414135,0.0003348343707076,,False
315_4,mp-1585,V6 Co2,315,211,0.0625,96,0,na,"(23, 27)",0.002414106,0.0003349424987423,,False
331_49,mp-864941,Mg4 Sc8,331,010,0.2499999999999999,12,0,na,"(12, 21)",0.0024055368,0.0003354842538794,0.11404761201299786,True
315_5,mp-1585,V6 Co2,315,211,0.25,96,0,na,"(23, 27)",0.0024042896,0.0003354228442547,0.1837197484260791,True
422_40,mp-1072429,Ga16 Ru8,422,001,0.125,48,0,na,"(31, 44)",0.0023918436,0.0003406780044322,0.10117855903694,True
588_4,mp-608,Ti1 Co3,588,210,0.125,32,0,na,"(22, 27)",0.0023905027,0.0003424780532908,0.15958828942728087,True
636_0,mp-548,Nb8 Cr16,636,111,0.0625000000000002,72,0,na,"(24, 41)",0.0023884468,0.0003423007429611,0.19540334858174196,True
540_10,mp-973839,Pd2 Au6,540,100,0.25,24,0,na,"(46, 79)",0.0023855744,0.0003420061533264,0.06645367294554257,True
649_10,mp-862714,Be6 Ir2,649,100,0.25,32,0,na,"(4, 77)",0.0023842023,0.0003419263841268,0.1472471191590246,True
283_25,mp-11239,Zr2 Ag2,283,001,0.2645930271757315,8,0,na,"(40, 47)",0.0023805618,0.0003462234675554,0.08628771825651961,True
353_1,mp-11452,Hf1 Os1,353,221,0.125,20,0,na,"(72, 76)",0.0023798991,0.0003462469648067,,False
447_21,mp-12742,Mg4 Pd12,447,001,0.0628245731513175,16,0,na,"(12, 46)",0.0023797422,0.000346344058305,0.08924653955631465,True
438_15,mp-1216621,Ti2 W2,438,021,0.125,24,0,na,"(22, 74)",0.0023737943,0.000345598105841,,False
137_5,mp-823,Ti1 Co1,137,100,0.2499999999999999,8,0,na,"(22, 27)",0.0023732777,0.000345642347955,,False
320_2,mp-2776,Ga8 Au4,320,221,0.0625,72,0,na,"(31, 79)",0.0023727103,0.0003456791936213,0.04669150473185829,True
540_2,mp-973839,Pd2 Au6,540,110,0.25,32,0,na,"(46, 79)",0.002371804,0.0003456666449119,,False
617_24,mp-1451,Nb2 Ni6,617,101,0.3752638002409664,32,0,na,"(28, 41)",0.0023694718,0.0003454461593677,0.17215970388518814,True
530_11,mp-1298,K1 Au5,530,201,0.0833333333333332,36,0,na,"(19, 79)",0.0023583572,0.0003439445721046,0.0382980638009448,True
132_6,mp-865985,Cd2 Pd6,132,210,0.1249999999999999,48,0,na,"(46, 48)",0.002353675,0.0003433798201916,0.08631828843151,True
211_43,mp-10032,Ge8 Os4,211,10-1,0.0,24,0,na,"(32, 76)",0.0023529204,0.0003433876432876,0.10152082741928474,True
177_50,mp-30379,Ga4 Au4,177,010,0.091552786316118,16,0,na,"(31, 79)",0.002350885,0.0003432084484411,,False
249_4,mp-30867,Sc1 Ru1,249,210,0.125,16,0,na,"(21, 44)",0.0023508568,0.0003433221625569,0.12863164221646514,True
249_0,mp-30867,Sc1 Ru1,249,111,0.2499999999999999,12,0,na,"(21, 44)",0.0023486183,0.0003431130474399,,False
646_11,mp-871,Fe4 Si4,646,110,0.25,32,0,na,"(14, 26)",0.0023430001,0.0003424097617255,0.13957450120882878,True
707_17,mp-20536,Co3 Sn3,707,102,0.2083333333333332,36,0,na,"(27, 50)",0.0023424523,0.0003424469625449,0.08297415203879194,True
844_4,mp-1216825,Ti1 In1,844,211,0.25,32,0,na,"(22, 49)",0.0023395743,0.0003421433889457,0.08156506553099743,True
159_4,mp-1652,Zn1 Pd1,159,211,0.2499999999999999,40,0,na,"(30, 46)",0.0023265448,0.0003403543823496,0.08341794354477698,True
418_18,mp-20714,Fe2 Sb4,418,100,0.25,24,0,na,"(26, 51)",0.0023244233,0.0003401597992146,0.060139498222133665,True
278_12,mp-1014231,Hf4 Zn2,278,201,0.0398236035445886,48,0,na,"(30, 72)",0.0023244026,0.0003402725169748,0.11978228509772082,True
490_0,mp-2658,Al1 Fe1,490,111,0.25,14,0,na,"(13, 26)",0.0023177573,0.0003402928688536,,False
132_0,mp-865985,Cd2 Pd6,132,111,0.125,32,0,na,"(46, 48)",0.0023101158,0.0003392864014169,,False
585_29,mp-985805,Al4 Ag8,585,100,0.25,36,0,na,"(13, 47)",0.0023071484,0.0003413260582754,0.07634431132673467,True
279_4,mp-406,Cd4 Te4,279,110,0.2500000000000001,24,0,na,"(48, 52)",0.0023057994,0.0003412429585148,,False
831_71,mp-978274,Mg6 Cd6,831,010,0.4706002431482082,12,0,na,"(12, 48)",0.0022955106,0.0003435100003595,0.049101978088892426,True
859_16,mp-2744,Li1 Pd1,859,102,0.0833333333333332,16,0,na,"(3, 46)",0.0022920563,0.0003431109462104,0.07635294866029137,True
422_20,mp-1072429,Ga16 Ru8,422,100,0.1249999999999999,72,0,na,"(31, 44)",0.002289263,0.000345418743109,0.11047522521494155,True
617_29,mp-1451,Nb2 Ni6,617,122,0.3750000000000001,64,0,na,"(28, 41)",0.0022889695,0.0003454937979725,0.1643385169499656,True
562_38,mp-611,Ag6 Sn2,562,112,0.375,48,0,na,"(47, 50)",0.0022867005,0.0003452706071958,0.05220950230091542,True
617_51,mp-1451,Nb2 Ni6,617,010,0.2388872435389376,24,0,na,"(28, 41)",0.002285612,0.0003452254499729,0.18112647312587238,True
418_28,mp-20714,Fe2 Sb4,418,102,0.0522110887661551,36,0,na,"(26, 51)",0.0022850032,0.0003452526850729,,False
454_3,mp-862589,Re6 Pt2,454,110,0.4999999999999999,32,0,na,"(75, 78)",0.002283883,0.0003462603256377,,False
870_27,mp-12104,Nb3 Si6,870,100,0.409013726752061,27,0,na,"(14, 41)",0.0022781128,0.0003457315290781,0.16314339513864556,True
652_19,mp-30866,Rh6 W2,652,100,0.5,24,0,na,"(45, 74)",0.0022763312,0.0003488383298267,0.17495871674702285,True
342_3,mp-2377,Ga2 Mo6,342,110,0.375,24,0,na,"(31, 42)",0.0022735118,0.0003485278483247,0.17999991896487222,True
245_9,mp-564,Te2 Pd2,245,101,0.2083333333333333,16,0,na,"(46, 52)",0.002271675,0.0003483676839445,,False
309_5,mp-494,Ge2 Mo6,309,211,0.25,96,0,na,"(32, 42)",0.0022687449,0.0003480395907003,0.1480476867258902,True
60_5,mp-649,Fe1 Pt3,60,100,0.25,12,0,na,"(26, 78)",0.002265054,0.0003483636145325,0.1206026417295023,True
881_10,mp-2260,Fe1 Pt1,881,102,0.125,16,0,na,"(26, 78)",0.002258908,0.0003475394344135,0.12805916487242666,True
745_10,mp-2845,Sb2 Pt2,745,101,0.4583333333333332,16,0,na,"(51, 78)",0.0022585501,0.000347605176985,0.06841597010293754,True
210_2,mp-11566,Sc1 Zn1,210,110,0.5,10,0,na,"(21, 30)",0.0022581457,0.0003476637869938,0.07952951428839793,True
732_2,mp-1186074,Na12 Pd4,732,221,0.0625000000000001,96,0,na,"(11, 46)",0.0022568211,0.0003475806929884,0.023805213514248143,True
269_4,mp-11504,Mn1 Zn3,269,210,0.125,24,0,na,"(25, 30)",0.0022550419,0.0003474274314128,0.08657598605142078,True
745_3,mp-2845,Sb2 Pt2,745,212,0.0416666666666665,40,0,na,"(51, 78)",0.0022525173,0.0003524487342033,0.0510704749788381,True
159_10,mp-1652,Zn1 Pd1,159,102,0.125,16,0,na,"(30, 46)",0.002250063,0.0003546423078592,0.0850882408456273,True
684_7,mp-318,Sr8 Ir16,684,100,0.0625,48,0,na,"(38, 77)",0.002247341,0.00035433894507,0.08874990675279579,True
742_11,mp-28246,Ag3 Te9,742,2-12,0.0351207470204193,72,0,na,"(47, 52)",0.0022467119,0.0003543653201137,0.01523358246779528,True
196_13,mp-862658,Li2 Cu6,196,001,0.125,16,0,na,"(3, 29)",0.0022426378,0.0003548082728463,0.07302977028303212,True
389_18,mp-1183837,Co6 Ni2,389,100,0.2492759235466626,24,0,na,"(27, 28)",0.002238721,0.0003553890270136,0.18158613478030658,True
732_6,mp-1186074,Na12 Pd4,732,100,0.125,32,0,na,"(11, 46)",0.002237807,0.0003553702274312,0.021749409854317277,True
189_22,mp-13495,Zr4 Pd4,189,120,0.25,32,0,na,"(40, 46)",0.0022362962,0.0003552565556222,0.10876098079130656,True
315_0,mp-1585,V6 Co2,315,111,0.125,32,0,na,"(23, 27)",0.0022337,0.0003549702304851,,False
348_16,mp-11398,Ga6 Ni10,348,100,0.1125999929192893,32,0,na,"(28, 31)",0.0022305138,0.0003545897617611,,False
663_5,mp-1780,Sc1 Rh1,663,100,0.2499999999999999,8,0,na,"(21, 45)",0.0022304566,0.0003547064438228,0.13671871245647577,True
211_38,mp-10032,Ge8 Os4,211,100,0.25,24,0,na,"(32, 76)",0.0022254102,0.0003540294983193,,False
159_6,mp-1652,Zn1 Pd1,159,101,0.5,10,0,na,"(30, 46)",0.002224423,0.0003539977752104,0.0701363370033253,True
198_4,mp-333,Hf8 Fe16,198,110,0.125,72,0,na,"(26, 72)",0.0022211073,0.0003535952820362,0.09118735269606354,True
490_3,mp-2658,Al1 Fe1,490,211,0.25,40,0,na,"(13, 26)",0.0022204001,0.0003536077314138,0.13544591333564687,True
480_9,mp-1194,Cd1 Pt1,480,112,0.25,16,0,na,"(48, 78)",0.0022167552,0.0003531521436177,,False
718_40,mp-1007691,Hf4 Pt4,718,001,0.0,24,0,na,"(72, 78)",0.0022145761,0.0003529296281936,0.12281546819479576,True
248_19,mp-189,Si4 Ru4,248,100,0.0,24,0,na,"(14, 44)",0.0022125677,0.0003527340464607,,False
505_24,mp-570896,Tl8 Pd4,505,100,0.082916018354652,24,0,na,"(46, 81)",0.0022115887,0.0003527023815412,0.033145280696569884,True
831_67,mp-978274,Mg6 Cd6,831,010,0.1398211189505696,12,0,na,"(12, 48)",0.002210193,0.0003526041607585,0.056982487038468164,True
831_66,mp-978274,Mg6 Cd6,831,010,0.0547404429812914,12,0,na,"(12, 48)",0.0022086909,0.0003575332013824,0.032836643281223085,True
602_33,mp-2455,As4 Os2,602,010,0.25,12,0,na,"(33, 76)",0.0022083228,0.000357601469366,0.13391081066758218,True
872_32,mp-20928,Sb4 Ru2,872,011,0.5,18,0,na,"(44, 51)",0.0022058503,0.0003573288700836,0.07081519600897197,True
505_8,mp-570896,Tl8 Pd4,505,110,0.333903787789552,36,0,na,"(46, 81)",0.002201109,0.0003566882750797,,False
484_39,mp-351,Si4 Ni4,484,011,0.0,24,0,na,"(14, 28)",0.0021970905,0.0003561641193461,,False
646_22,mp-871,Fe4 Si4,646,100,0.0,24,0,na,"(14, 26)",0.0021957818,0.0003560787921844,0.13621087224034106,True
596_21,mp-574,Ta8 Co4,596,102,0.0402650275580906,72,0,na,"(27, 73)",0.002194141,0.0003559394544656,0.18014188878052478,True
881_9,mp-2260,Fe1 Pt1,881,112,0.25,16,0,na,"(26, 78)",0.0021906316,0.0003554966854549,0.1259197740129147,True
112_9,mp-30581,Hf4 Cu2,112,210,0.125,48,0,na,"(29, 72)",0.0021901876,0.0003555510301471,0.12960453001187744,True
859_18,mp-2744,Li1 Pd1,859,001,0.25,6,0,na,"(3, 46)",0.0021839167,0.0003546591231815,,False
447_0,mp-12742,Mg4 Pd12,447,111,0.0628245731513175,64,0,na,"(12, 46)",0.0021806795,0.0003542590563727,0.08913415556921342,True
279_2,mp-406,Cd4 Te4,279,221,0.0625000000000003,48,0,na,"(48, 52)",0.002178079,0.0003539619902398,0.022657472431171242,True
189_15,mp-13495,Zr4 Pd4,189,201,0.0,64,0,na,"(40, 46)",0.0021773241,0.0003539646006332,0.10239089755668311,True
73_3,mp-2121,Sc1 Al3,73,211,0.125,48,0,na,"(13, 21)",0.0021753833,0.0003537743110147,0.08885183730750457,True
279_3,mp-406,Cd4 Te4,279,221,0.1875000000000003,48,0,na,"(48, 52)",0.00217066,0.0003541497693182,,False
652_14,mp-30866,Rh6 W2,652,101,0.5,32,0,na,"(45, 74)",0.0021668628,0.0003536554916204,0.1758827543573276,True
454_6,mp-862589,Re6 Pt2,454,212,0.25,64,0,na,"(75, 78)",0.0021661245,0.0003536600668841,0.22489921001018937,True
862_1,mp-1842,Nb2 Al6,862,221,0.0624999999999997,64,0,na,"(13, 41)",0.0021635615,0.0003533665811674,0.12008805123281704,True
530_18,mp-1298,K1 Au5,530,001,0.25,18,0,na,"(19, 79)",0.0021632733,0.0003534444059576,0.047802958137913444,True
446_0,mp-2295,Ca8 Ni16,446,111,0.1874999999999999,72,0,na,"(20, 28)",0.0021632079,0.0003535586839782,0.08481774724544013,True
389_19,mp-1183837,Co6 Ni2,389,100,0.4999999999999999,24,0,na,"(27, 28)",0.0021585901,0.0003532743865407,0.1393466365423986,True
484_53,mp-351,Si4 Ni4,484,001,0.0,16,0,na,"(14, 28)",0.002158014,0.0003533049157173,0.11728316115912801,True
742_10,mp-28246,Ag3 Te9,742,10-1,0.0768928969467237,36,0,na,"(47, 52)",0.0021570984,0.0003532798313656,0.01357598290689531,True
348_13,mp-11398,Ga6 Ni10,348,101,0.1249999999999999,64,0,na,"(28, 31)",0.0021500303,0.0003532607810388,0.11643507296951235,True
447_11,mp-12742,Mg4 Pd12,447,101,0.0618084556456004,48,0,na,"(12, 46)",0.002149863,0.0003533581203738,0.09352943629233823,True
198_7,mp-333,Hf8 Fe16,198,100,0.0625,48,0,na,"(26, 72)",0.0021470238,0.0003530162018373,,False
210_0,mp-11566,Sc1 Zn1,210,111,0.25,12,0,na,"(21, 30)",0.0021456422,0.0003529136217516,,False
210_4,mp-11566,Sc1 Zn1,210,210,0.1249999999999999,16,0,na,"(21, 30)",0.002145581,0.0003530281440623,0.0912928605540615,True
563_3,mp-22568,V6 Ga2,563,110,0.375,24,0,na,"(23, 31)",0.0021432906,0.0003566227526492,0.1491478877825503,True
649_2,mp-862714,Be6 Ir2,649,110,0.25,40,0,na,"(4, 77)",0.0021397474,0.0003561602133959,0.13988746138334562,True
562_46,mp-611,Ag6 Sn2,562,021,0.0571584306387383,48,0,na,"(47, 50)",0.0021396424,0.000356269625248,0.04828282785906607,True
833_4,mp-1070544,Cr2 Ga8,833,210,0.0625,40,0,na,"(24, 31)",0.0021395748,0.0003563853385135,0.09396461092288211,True
484_49,mp-351,Si4 Ni4,484,010,0.25,16,0,na,"(14, 28)",0.0021387066,0.0003563677281483,0.13076832535545438,True
859_14,mp-2744,Li1 Pd1,859,100,0.6666666666666666,10,0,na,"(3, 46)",0.0021353082,0.0003559283019863,0.06682828514012537,True
427_35,mp-865527,Y2 Al6,427,102,0.25,48,0,na,"(13, 39)",0.0021331506,0.0003556952599391,0.08878898927106207,True
628_17,mp-21294,Y4 In2,628,100,0.5,18,0,na,"(39, 49)",0.002132907,0.0003557811901902,0.06511447401430666,True
470_3,mp-2322,Y8 Al16,470,221,0.1562500000000002,96,0,na,"(13, 39)",0.0021321843,0.000355787222063,0.08479699838630518,True
480_11,mp-1194,Cd1 Pt1,480,001,0.25,6,0,na,"(48, 78)",0.0021300581,0.0003571279743788,,False
189_7,mp-13495,Zr4 Pd4,189,110,0.5,32,0,na,"(40, 46)",0.0021293792,0.0003571416945191,,False
646_10,mp-871,Fe4 Si4,646,110,0.0906444919809045,32,0,na,"(14, 26)",0.002122801,0.0003651737551864,0.1486563514601971,True
389_11,mp-1183837,Co6 Ni2,389,210,0.4978277706399883,64,0,na,"(27, 28)",0.0021194755,0.000364734879357,0.15764794905593013,True
112_5,mp-30581,Hf4 Cu2,112,212,0.0466944692038779,48,0,na,"(29, 72)",0.0021147914,0.0003705274312015,0.1282754110480267,True
870_33,mp-12104,Nb3 Si6,870,001,0.1666666666666666,18,0,na,"(14, 41)",0.0021054752,0.0003704259429727,0.1420901986180764,True
596_1,mp-574,Ta8 Co4,596,111,0.2139398897676372,48,0,na,"(27, 73)",0.0021026882,0.0003700726977628,0.1736942695538261,True
862_4,mp-1842,Nb2 Al6,862,211,0.0625,96,0,na,"(13, 41)",0.002099698,0.0003696832328391,0.13257848955652948,True
196_8,mp-862658,Li2 Cu6,196,101,0.375,32,0,na,"(3, 29)",0.0020994795,0.0003697814646539,,False
562_45,mp-611,Ag6 Sn2,562,021,0.0004919812879968,48,0,na,"(47, 50)",0.0020982858,0.0003697079293327,0.042482579364166446,True
248_20,mp-189,Si4 Ru4,248,100,0.1458846450113,24,0,na,"(14, 44)",0.0020953375,0.0003724775179976,0.16992808663637884,True
286_26,mp-31379,Zr8 Sb4,286,001,0.25,12,0,na,"(40, 51)",0.0020871053,0.0003832212917608,0.0744464167955372,True
422_36,mp-1072429,Ga16 Ru8,422,010,0.0403655620509724,48,0,na,"(31, 44)",0.0020859698,0.0003831596332441,0.12285000995532516,True
65_1,mp-2515,Cr1 Pt3,65,221,0.125,32,0,na,"(24, 78)",0.0020857668,0.000383269198643,0.12129162821109096,True
427_34,mp-865527,Y2 Al6,427,102,0.1400237959942964,48,0,na,"(13, 39)",0.002083979,0.0003830875078502,0.08668900881704072,True
112_6,mp-30581,Hf4 Cu2,112,212,0.125,48,0,na,"(29, 72)",0.0020818012,0.0003828338325527,0.12921958984114448,True
596_19,mp-574,Ta8 Co4,596,112,0.1694699448838185,72,0,na,"(27, 73)",0.0020814093,0.0003829083541866,0.17557817931301217,True
345_12,mp-1018104,Zr4 Cd2,345,201,0.0422534391098013,48,0,na,"(40, 48)",0.0020796764,0.0003827361125175,0.09686686713490665,True
652_24,mp-30866,Rh6 W2,652,001,0.0,24,0,na,"(45, 74)",0.002077397,0.0003845658628253,0.14907065119436094,True
557_46,mp-538,Ca4 Ag4,557,001,0.0,24,0,na,"(20, 47)",0.0020767467,0.0003845933813602,0.03987508468399525,True
504_28,mp-1822,Ti4 As4,504,001,0.1837049347526083,8,0,na,"(22, 33)",0.0020763841,0.0003846741744925,,False
761_56,mp-542634,Ta8 Te12,761,20-1,0.0199744833711985,40,0,na,"(52, 73)",0.0020759902,0.0003847492030428,0.11973789915199298,True
761_48,mp-542634,Ta8 Te12,761,201,0.2499999999999999,80,0,na,"(52, 73)",0.0020749713,0.0003847083836348,0.04890798174896673,True
728_42,mp-13010,Y4 Sn8,728,010,0.0810689633609574,12,0,na,"(39, 50)",0.0020734135,0.0003861470804445,0.0922933098376764,True
807_5,mp-9970,Sc4 Ge4,807,110,0.0,24,0,na,"(21, 32)",0.0020676686,0.0003852259192325,0.0990911167229639,True
835_21,mp-862259,Sc6 Al2,835,102,0.0,48,0,na,"(13, 21)",0.0020668765,0.0003852267429507,0.08588462901881114,True
239_1,mp-592,Ti1 Ru1,239,221,0.125,20,0,na,"(22, 44)",0.0020653214,0.000385085246817,,False
753_5,mp-1326,Nb6 Sn2,753,211,0.25,96,0,na,"(41, 50)",0.0020632278,0.0003848430863369,0.11542397269920329,True
872_36,mp-20928,Sb4 Ru2,872,010,0.25,12,0,na,"(44, 51)",0.0020623738,0.0003848318940791,0.09958429214677104,True
870_17,mp-12104,Nb3 Si6,870,210,0.0512328415599236,72,0,na,"(14, 41)",0.0020621424,0.0003928759608234,0.13932092552544476,True
835_22,mp-862259,Sc6 Al2,835,102,0.1238744811895944,48,0,na,"(13, 21)",0.002060968,0.0003952341628936,0.08767804248484093,True
122_2,mp-1169,Sc1 Cu1,122,110,0.5,10,0,na,"(21, 29)",0.00205312,0.0003998751578889,,False
581_16,mp-1186060,Mn2 Os6,581,201,0.2500000000000001,48,0,na,"(25, 76)",0.0020524003,0.0003998948938182,0.23762478447604748,True
529_1,mp-1294,Y8 Co16,529,111,0.3125000000000002,72,0,na,"(27, 39)",0.0020418824,0.0004027905792631,0.10824919495741121,True
742_9,mp-28246,Ag3 Te9,742,20-1,0.2469274583701883,48,0,na,"(47, 52)",0.0020396207,0.000402506552358,0.014740864697231832,True
628_16,mp-21294,Y4 In2,628,100,0.1666666666666667,18,0,na,"(39, 49)",0.0020395424,0.000402653170876,0.07054659306547052,True
743_39,mp-20619,Sb4 Rh4,743,102,0.1249999999999998,48,0,na,"(45, 51)",0.0020381217,0.0004054509370852,0.0726566967263634,True
92_18,mp-1260,Sr1 Pd5,92,001,0.25,18,0,na,"(38, 46)",0.0020375184,0.0004054953288906,0.07893487333349122,True
604_3,mp-21845,Fe1 Pd3,604,211,0.125,64,0,na,"(26, 46)",0.0020372234,0.0004056010890146,0.10223833143422675,True
557_45,mp-538,Ca4 Ag4,557,012,0.1249999999999999,48,0,na,"(20, 47)",0.0020352372,0.0004074349131602,0.04388984814820891,True
743_52,mp-20619,Sb4 Rh4,743,001,0.1430527370025843,16,0,na,"(45, 51)",0.0020350073,0.0004075549415035,0.09108450512571953,True
588_1,mp-608,Ti1 Co3,588,221,0.1250000000000002,40,0,na,"(22, 27)",0.002034062,0.0004075317159654,,False
761_47,mp-542634,Ta8 Te12,761,201,0.199276314113442,80,0,na,"(52, 73)",0.00203352,0.0004075892298334,,False
602_16,mp-2455,As4 Os2,602,100,0.2499999999999999,24,0,na,"(33, 76)",0.0020318704,0.000407424653632,0.09898908638658749,True
557_44,mp-538,Ca4 Ag4,557,012,0.05423250988562,48,0,na,"(20, 47)",0.0020285465,0.0004069239458653,0.044150676726171546,True
628_14,mp-21294,Y4 In2,628,201,0.125,36,0,na,"(39, 49)",0.0020265873,0.0004066964272574,0.07275099950760486,True
865_13,mp-1620,Si4 W2,865,201,0.1249999999999999,48,0,na,"(14, 74)",0.0020225474,0.0004138200895023,0.18903904275469233,True
843_42,mp-2430,Zr4 Ge8,843,010,0.0821498026853184,12,0,na,"(32, 40)",0.0020197951,0.0004300444629081,0.1436136868627801,True
106_19,mp-972042,Zn6 Cu2,106,100,0.5,24,0,na,"(29, 30)",0.0020175264,0.0004304724150441,,False
486_4,mp-30352,Na8 Ag16,486,110,0.125,48,0,na,"(11, 47)",0.0020161273,0.0004303591518086,,False
322_8,mp-999544,Y2 Ag4,322,211,0.25,96,0,na,"(39, 47)",0.0020128612,0.0004298469641557,0.0714328282251635,True
788_21,mp-1825,Cu4 Sb2,788,102,0.2683348624180515,36,0,na,"(29, 51)",0.002012759,0.0004300099778062,0.059399883075788494,True
459_9,mp-974616,Pt6 Rh2,459,201,0.0625,48,0,na,"(45, 78)",0.00200915,0.0004371183951458,,False
730_25,mp-10904,Al4 Pt4,730,210,0.5,48,0,na,"(13, 78)",0.0020059901,0.0004366217705659,0.10017414520610787,True
459_10,mp-974616,Pt6 Rh2,459,100,0.25,24,0,na,"(45, 78)",0.001998752,0.0004399190929948,0.12396970495503751,True
62_46,mp-16240,Ag6 Sb2,62,021,0.125,48,0,na,"(47, 51)",0.0019969267,0.0004397107873177,0.030082821323290144,True
62_47,mp-16240,Ag6 Sb2,62,021,0.2507804055716214,48,0,na,"(47, 51)",0.0019960436,0.0004397096793025,0.03529016738206867,True
807_16,mp-9970,Sc4 Ge4,807,100,0.2499999999999999,24,0,na,"(21, 32)",0.0019959516,0.0004398828333052,0.10284617645834995,True
695_4,mp-2176,Zn4 Te4,695,110,0.25,24,0,na,"(30, 52)",0.0019956517,0.0004400102920604,0.01529137142282446,True
92_5,mp-1260,Sr1 Pd5,92,211,0.0833333333333333,96,0,na,"(38, 46)",0.0019955095,0.0004401726196456,0.076126025137251,True
333_36,mp-9972,Y4 Si4,333,021,2.220446049250313e-16,32,0,na,"(14, 39)",0.0019934857,0.0004446915795962,,False
604_5,mp-21845,Fe1 Pd3,604,100,0.25,12,0,na,"(26, 46)",0.0019916794,0.0004444863032907,0.10239270403406799,True
732_0,mp-1186074,Na12 Pd4,732,111,0.1250000000000003,48,0,na,"(11, 46)",0.001984903,0.0004492395691475,0.03002245583827975,True
287_3,mp-839,V6 Au2,287,110,0.375,24,0,na,"(23, 79)",0.0019823047,0.0004488531431178,,False
222_26,mp-636614,Y4 Pb8,222,010,0.0814099830495482,12,0,na,"(39, 82)",0.0019795338,0.000448427006256,,False
148_10,mp-1048,Ti2 Ni2,148,11-1,0.4999999999999999,20,0,na,"(22, 28)",0.0019709906,0.0004466920100475,,False
775_4,mp-2083,Sn8 Ir4,775,211,0.125,96,0,na,"(50, 77)",0.0019703833,0.0004467539370875,0.060270240186611965,True
743_38,mp-20619,Sb4 Rh4,743,102,0.0512897212974081,48,0,na,"(45, 51)",0.0019606273,0.0004450974604638,0.07675916413661055,True
106_17,mp-972042,Zn6 Cu2,106,100,0.0,24,0,na,"(29, 30)",0.0019578515,0.0004446652235839,,False
733_19,mp-975799,Li2 Zn6,733,100,0.4999999999999999,24,0,na,"(3, 30)",0.0019569404,0.0004446560185547,0.04381916744952373,True
775_1,mp-2083,Sn8 Ir4,775,111,0.5000000000000002,36,0,na,"(50, 77)",0.0019552058,0.0004444595143223,0.04382818357662755,True
64_36,mp-30435,Ba4 Zn8,64,20-1,0.0,48,0,na,"(30, 56)",0.0019547632,0.000444556489369,0.03460589136633075,True
845_1,mp-569671,Zr4 Sb4,845,111,0.293547306893327,32,0,na,"(40, 51)",0.0019536589,0.000444502953739,0.092179718274566,True
239_5,mp-592,Ti1 Ru1,239,100,0.25,8,0,na,"(22, 44)",0.0019520452,0.0004443333068292,,False
248_17,mp-189,Si4 Ru4,248,210,0.0,48,0,na,"(14, 44)",0.0019512046,0.0004443394004722,0.13371900141576626,True
737_34,mp-569426,Sr4 Zn8,737,010,0.0,24,0,na,"(30, 38)",0.0019489871,0.0004440317195579,0.044026430406668,True
62_35,mp-16240,Ag6 Sb2,62,120,0.125,48,0,na,"(47, 51)",0.0019476076,0.0004439145444663,0.04081520108255364,True
148_6,mp-1048,Ti2 Ni2,148,110,0.4999999999999999,20,0,na,"(22, 28)",0.0019461765,0.0004437853593052,,False
691_18,mp-30363,Ba1 Au2,691,001,0.25,9,0,na,"(56, 79)",0.0019427998,0.0004432120636292,0.04338238159946001,True
424_18,mp-1363,Na8 Au4,424,100,0.0864192343710916,24,0,na,"(11, 79)",0.001935359,0.0004484945226391,,False
528_6,mp-1349,Sr8 Pt16,528,210,0.03125,96,0,na,"(38, 78)",0.0019347933,0.0004485646077194,,False
309_4,mp-494,Ge2 Mo6,309,211,0.0625,96,0,na,"(32, 42)",0.0019340067,0.0004485834601736,0.16954653899624628,True
380_82,mp-1077791,Zr4 Sc8,380,001,0.5,24,0,na,"(21, 40)",0.0019288508,0.0004502419431887,0.10458858856389387,True
322_6,mp-999544,Y2 Ag4,322,212,0.125,48,0,na,"(39, 47)",0.0019274224,0.0004501111778906,0.07214420249477604,True
684_6,mp-318,Sr8 Ir16,684,210,0.03125,96,0,na,"(38, 77)",0.0019223641,0.0004547466020349,,False
581_9,mp-1186060,Mn2 Os6,581,210,0.0,48,0,na,"(25, 76)",0.0019223029,0.0004549390067803,0.21617301863174307,True
788_25,mp-1825,Cu4 Sb2,788,001,0.4999999999999999,12,0,na,"(29, 51)",0.0019119239,0.000452688621624,0.02935883669646072,True
188_0,mp-953,Nb1 Zn3,188,111,0.5,20,0,na,"(30, 41)",0.0019089438,0.000452187719842,,False
267_13,mp-862716,Li2 Ag6,267,001,0.125,16,0,na,"(3, 47)",0.0019061163,0.0004598505953402,0.04772992918454773,True
340_13,mp-1207193,Cu1 Te2,340,201,0.2797550318444508,24,0,na,"(29, 52)",0.0019044044,0.0004596489692833,0.0337081923142697,True
92_6,mp-1260,Sr1 Pd5,92,211,0.2083333333333333,96,0,na,"(38, 46)",0.0019026743,0.0004594425729051,0.07609678926874622,True
309_3,mp-494,Ge2 Mo6,309,110,0.375,24,0,na,"(32, 42)",0.001898357,0.0004688426913726,0.16707537785127435,True
110_4,mp-2363,Hf8 Mo16,110,110,0.125,48,0,na,"(42, 72)",0.0018979452,0.0004689608568118,0.16933234785277204,True
231_3,mp-865875,Li12 Ag4,231,110,0.25,48,0,na,"(3, 47)",0.001894887,0.0004684248830119,0.03694006965409134,True
844_3,mp-1216825,Ti1 In1,844,212,0.125,20,0,na,"(22, 49)",0.001890621,0.0004675893384441,0.0849717087946857,True
331_42,mp-864941,Mg4 Sc8,331,021,2.220446049250313e-16,36,0,na,"(12, 21)",0.0018814729,0.0004655445093913,0.08090248466621545,True
788_23,mp-1825,Cu4 Sb2,788,001,0.132163851706568,12,0,na,"(29, 51)",0.0018806718,0.0004655630285612,0.07784838885808743,True
736_6,mp-2647,Al8 Au4,736,100,0.125,24,0,na,"(13, 79)",0.0018781798,0.0004679510778237,0.0903563399539911,True
695_3,mp-2176,Zn4 Te4,695,221,0.1875,48,0,na,"(30, 52)",0.0018756276,0.0004675339767152,0.02712285340923723,True
82_44,mp-16315,Ge4 Pt12,82,010,0.0971682651559256,32,0,na,"(32, 78)",0.0018752487,0.0004676581751491,0.09842122065353873,True
122_5,mp-1169,Sc1 Cu1,122,100,0.25,8,0,na,"(21, 29)",0.0018751695,0.0004678572211418,0.09556338679842889,True
287_4,mp-839,V6 Au2,287,211,0.0625,96,0,na,"(23, 79)",0.0018734941,0.0004676580038441,,False
228_9,mp-1186374,Os6 W2,228,210,0.0,48,0,na,"(74, 76)",0.0018734423,0.0004678638739128,0.21563240527906766,True
486_2,mp-30352,Na8 Ag16,486,221,0.03125,96,0,na,"(11, 47)",0.0018684122,0.0004668260935952,0.039106369369509696,True
516_13,mp-865342,Zn6 Rh2,516,001,0.1249999999999999,16,0,na,"(30, 45)",0.0018669305,0.0004666737437097,0.07940520683085465,True
673_3,mp-11388,Ga1 Ir1,673,211,0.25,40,0,na,"(31, 77)",0.0018667737,0.00046685241642,0.08679334976164677,True
148_5,mp-1048,Ti2 Ni2,148,110,0.3542609790190665,20,0,na,"(22, 28)",0.0018659141,0.0004668553957782,0.14464229472608958,True
409_3,mp-1073,Ca1 Cd1,409,211,0.2499999999999999,32,0,na,"(20, 48)",0.001865611,0.0004669975798992,,False
82_30,mp-16315,Ge4 Pt12,82,20-1,0.0971827606759765,64,0,na,"(32, 78)",0.0018637433,0.0004667480296034,0.09814491015359265,True
718_34,mp-1007691,Hf4 Pt4,718,010,0.0,8,0,na,"(72, 78)",0.0018635876,0.0004669269739957,0.10304742275177059,True
736_3,mp-2647,Al8 Au4,736,110,0.25,36,0,na,"(13, 79)",0.0018627289,0.0004669298465007,0.07251246967374493,True
753_1,mp-1326,Nb6 Sn2,753,221,0.0625,48,0,na,"(41, 50)",0.0018614118,0.0004668176604299,0.1267422242244178,True
684_0,mp-318,Sr8 Ir16,684,111,0.1875,72,0,na,"(38, 77)",0.0018562537,0.0004677017156193,0.10742024551356853,True
807_31,mp-9970,Sc4 Ge4,807,021,0.0,32,0,na,"(21, 32)",0.0018552406,0.0004676651827334,0.09990481702942895,True
733_17,mp-975799,Li2 Zn6,733,100,0.0,24,0,na,"(3, 30)",0.0018551367,0.0004678577926381,0.05201044479824974,True
310_5,mp-1027,Hf1 Rh3,310,100,0.25,12,0,na,"(45, 72)",0.0018546707,0.00046795920773,,False
845_18,mp-569671,Zr4 Sb4,845,211,0.1716080234675099,96,0,na,"(40, 51)",0.0018537382,0.0004679429032034,0.08634923916738155,True
528_0,mp-1349,Sr8 Pt16,528,111,0.0625000000000002,72,0,na,"(38, 78)",0.0018510986,0.0004709306766699,0.07772535523150507,True
122_3,mp-1169,Sc1 Cu1,122,211,0.25,32,0,na,"(21, 29)",0.0018467127,0.0004700362316708,0.0881221104489146,True
106_18,mp-972042,Zn6 Cu2,106,100,0.2514423859023977,24,0,na,"(29, 30)",0.0018442096,0.0004696198662161,0.08713712005860276,True
737_36,mp-569426,Sr4 Zn8,737,010,0.25,24,0,na,"(30, 38)",0.0018438537,0.0004697498417037,0.04462500361127325,True
222_25,mp-636614,Y4 Pb8,222,010,0.0,12,0,na,"(39, 82)",0.0018429703,0.0004697454449336,,False
737_15,mp-569426,Sr4 Zn8,737,100,0.2499999999999999,36,0,na,"(30, 38)",0.0018427862,0.0004699192630424,0.04194647927821409,True
424_21,mp-1363,Na8 Au4,424,112,0.1635807656289084,72,0,na,"(11, 79)",0.0018411488,0.0004697224498667,0.027066589414269752,True
47_10,mp-1882,Ca1 Cu5,47,101,0.4166666666666667,24,0,na,"(20, 29)",0.0018398892,0.0004696216867022,0.07529919606030423,True
198_6,mp-333,Hf8 Fe16,198,210,0.03125,96,0,na,"(26, 72)",0.0018264591,0.0004863287759877,0.16389304179657072,True
600_0,mp-1038,Mg8 Cu16,600,111,0.1875,72,0,na,"(12, 29)",0.0018214211,0.000485223292642,0.07492888017386673,True
424_20,mp-1363,Na8 Au4,424,112,0.0,72,0,na,"(11, 79)",0.0018190169,0.0004961916253956,0.025849276843855393,True
423_51,mp-583,Co4 As4,423,001,0.0,16,0,na,"(27, 33)",0.0018186562,0.0004963395131206,0.06618970265439958,True
331_38,mp-864941,Mg4 Sc8,331,011,0.0,36,0,na,"(12, 21)",0.0018179903,0.0004964041636729,,False
486_3,mp-30352,Na8 Ag16,486,221,0.15625,96,0,na,"(11, 47)",0.0018101877,0.0004949982182549,0.036960075089907875,True
64_37,mp-30435,Ba4 Zn8,64,20-1,0.0822755879171169,48,0,na,"(30, 56)",0.001809654,0.0004950973495907,0.03757240099066329,True
310_0,mp-1027,Hf1 Rh3,310,111,0.5000000000000002,20,0,na,"(45, 72)",0.0018090205,0.0004951691893402,0.129839901950969,True
882_19,mp-22239,Ge4 Rh4,882,101,0.0,32,0,na,"(32, 45)",0.0018088253,0.0004953610462817,0.10906221641453184,True
333_27,mp-9972,Y4 Si4,333,120,0.25,32,0,na,"(14, 39)",0.0018078892,0.0004953500650549,,False
736_2,mp-2647,Al8 Au4,736,221,0.0625,72,0,na,"(13, 79)",0.0018006747,0.0005024950422013,0.08186543203081988,True
673_4,mp-11388,Ga1 Ir1,673,210,0.125,16,0,na,"(31, 77)",0.0017998666,0.00050252204921,0.09417073826074589,True
574_0,mp-675,Zr8 W16,574,111,0.0625000000000004,72,0,na,"(40, 74)",0.0017976324,0.0005021506031959,0.18652139926098638,True
682_55,mp-22240,Mn4 As4,682,001,0.25,16,0,na,"(25, 33)",0.0017950922,0.0005051309568554,0.10030526388449164,True
226_47,mp-31103,Ni6 Te4,226,112,2.220446049250313e-16,60,0,na,"(28, 52)",0.001794951,0.0005053464899597,0.045656895922281504,True
82_39,mp-16315,Ge4 Pt12,82,120,0.076858930533979,64,0,na,"(32, 78)",0.0017948032,0.0005055603618326,0.08902423726419018,True
459_2,mp-974616,Pt6 Rh2,459,110,0.25,32,0,na,"(45, 78)",0.0017944702,0.0005057222354725,,False
231_2,mp-865875,Li12 Ag4,231,221,0.0625,96,0,na,"(3, 47)",0.0017926162,0.0005054553564075,0.04108983261060913,True
846_37,mp-755328,Zr8 Sn16,846,010,0.125,48,0,na,"(40, 50)",0.0017902066,0.0005050312038277,0.06642250055713819,True
660_12,mp-867780,Al6 Cr2,660,102,0.2499999999999999,32,0,na,"(13, 24)",0.0017858599,0.0005290323770796,0.1041923728896457,True
660_2,mp-867780,Al6 Cr2,660,110,0.2499999999999999,32,0,na,"(13, 24)",0.0017821726,0.000528219518771,,False
714_3,mp-11575,Y1 Tl1,714,211,0.25,32,0,na,"(39, 81)",0.0017781678,0.0005273110689928,0.05402955757135717,True
581_3,mp-1186060,Mn2 Os6,581,212,0.0,64,0,na,"(25, 76)",0.0017774717,0.0005273827370904,0.21611920543750346,True
319_34,mp-9969,Sc4 Si4,319,021,0.5,32,0,na,"(14, 21)",0.001774977,0.0005269204386822,0.10215043438032483,True
604_0,mp-21845,Fe1 Pd3,604,111,0.5,20,0,na,"(26, 46)",0.0017745037,0.0005270576520891,0.08841830574417013,True
228_13,mp-1186374,Os6 W2,228,101,0.2498024689735031,32,0,na,"(74, 76)",0.0017665244,0.0005249643513292,,False
378_15,mp-865373,Y6 Co6,378,101,0.4999999999999999,48,0,na,"(27, 39)",0.0017662658,0.0005251631942012,0.10053440621398274,True
218_4,mp-2258,Cu3 Au1,218,210,0.125,24,0,na,"(29, 79)",0.0017660526,0.0005253757115064,0.08718298016970084,True
164_15,mp-267,Te4 Ru2,164,101,0.5000000000000002,18,0,na,"(44, 52)",0.0017622432,0.0005350361288833,,False
602_14,mp-2455,As4 Os2,602,201,0.0337381963555875,48,0,na,"(33, 76)",0.0017617389,0.0005351693528782,0.10842415118467387,True
718_36,mp-1007691,Hf4 Pt4,718,010,0.2499999999999999,8,0,na,"(72, 78)",0.0017606391,0.0005367901888223,0.10642287415806702,True
229_19,mp-1217358,Te3 Au1,229,001,0.1028727932415236,4,0,na,"(52, 79)",0.001759103,0.00053660990388,0.050590328631827455,True
673_1,mp-11388,Ga1 Ir1,673,221,0.125,20,0,na,"(31, 77)",0.0017577021,0.0005364704382421,0.08857958213664119,True
344_9,mp-865562,Be6 Ru2,344,201,0.0625,64,0,na,"(4, 44)",0.0017569369,0.0005365247202527,0.17192010221034157,True
227_5,mp-21215,In1 Pd1,227,100,0.25,8,0,na,"(46, 49)",0.0017562683,0.0005366084501828,,False
333_26,mp-9972,Y4 Si4,333,120,0.1855098080305735,32,0,na,"(14, 39)",0.0017554469,0.0005366454489355,,False
378_29,mp-865373,Y6 Co6,378,10-2,0.9999999999999998,48,0,na,"(27, 39)",0.001752277,0.0005387082939285,0.09674682514616786,True
196_6,mp-862658,Li2 Cu6,196,210,0.125,64,0,na,"(3, 29)",0.0017518447,0.0005388656819267,0.07740660545543689,True
228_15,mp-1186374,Os6 W2,228,201,0.0,48,0,na,"(74, 76)",0.0017499089,0.0005385604435187,0.2046966457829056,True
779_2,mp-549,Sc4 Sb4,779,110,0.25,24,0,na,"(21, 51)",0.0017495609,0.0005387434872836,0.06465619059553747,True
660_11,mp-867780,Al6 Cr2,660,112,0.4999999999999998,40,0,na,"(13, 24)",0.0017473883,0.0005383645174539,0.07442199011637018,True
694_0,mp-284,Al1 Co1,694,111,0.25,14,0,na,"(13, 27)",0.0017441836,0.0005376666206844,0.16568518003137697,True
416_38,mp-766,As4 Ru2,416,001,0.25,12,0,na,"(33, 44)",0.0017441273,0.0005379384970723,0.08027763211535666,True
188_2,mp-953,Nb1 Zn3,188,110,0.2499999999999999,16,0,na,"(30, 41)",0.0017440666,0.0005382092989662,0.12595428558197208,True
694_3,mp-284,Al1 Co1,694,211,0.25,40,0,na,"(13, 27)",0.0017399162,0.0005372176440312,0.15575699298560264,True
380_40,mp-1077791,Zr4 Sc8,380,10-1,0.0,24,0,na,"(21, 40)",0.0017380733,0.0005369370811166,0.09194088042763374,True
409_5,mp-1073,Ca1 Cd1,409,100,0.25,6,0,na,"(20, 48)",0.0017365173,0.0005453190612488,,False
734_3,mp-601820,Fe3 Co1,734,212,0.125,40,0,na,"(26, 27)",0.0017334528,0.0005446537254305,0.15834500015469166,True
728_10,mp-13010,Y4 Sn8,728,110,0.4999999999999999,36,0,na,"(39, 50)",0.0017300699,0.0005438870427816,0.06211482828988538,True
340_16,mp-1207193,Cu1 Te2,340,2-12,0.1130883651777842,24,0,na,"(29, 52)",0.0017268517,0.0005482411650622,,False
849_3,mp-865027,Mn12 Ge4,849,110,0.25,48,0,na,"(25, 32)",0.0017201207,0.0005464037671001,0.13738307349563267,True
47_9,mp-1882,Ca1 Cu5,47,101,0.1666666666666667,24,0,na,"(20, 29)",0.0017183658,0.0005461447310766,0.07368096143956292,True
702_5,mp-2781,Sc1 Pd1,702,100,0.25,8,0,na,"(21, 46)",0.0017122829,0.0005445087958671,0.09885192184353912,True
340_2,mp-1207193,Cu1 Te2,340,221,0.0684558174111077,36,0,na,"(29, 52)",0.0017122583,0.0005447976201225,0.02505944381693547,True
625_39,mp-22498,Cr2 Sb4,625,001,0.0690271681481675,12,0,na,"(24, 51)",0.0017075369,0.0005578792857776,0.07651426438279481,True
691_14,mp-30363,Ba1 Au2,691,100,0.5,9,0,na,"(56, 79)",0.0017063234,0.0005577939978704,0.037006510497761776,True
846_36,mp-755328,Zr8 Sn16,846,010,0.0402390478249543,48,0,na,"(40, 50)",0.0017044267,0.0005574849318592,0.08174982410014796,True
730_4,mp-10904,Al4 Pt4,730,221,0.0007498315119907,64,0,na,"(13, 78)",0.001704377,0.0005577796296915,0.11667517599725968,True
734_11,mp-601820,Fe3 Co1,734,001,0.25,16,0,na,"(26, 27)",0.0017042732,0.0005580569325752,0.16149434062348356,True
87_8,mp-30871,Ta6 Sn2,87,100,0.125,16,0,na,"(50, 73)",0.0017042343,0.0005583557892565,0.1342504722453834,True
