id,type,energy,time,convergence,lattice_1d,atom_amount,mag_per_atom,runtype
1000_14,bulk,-157.69954127,407.718,True,"[5.46669505, 0.0, 0.0, 0.0, 13.15813451, -6.57906725, 0.0, 0.0, 6.57906725]",28.0,3.281071428571429e-05,local
1000_16,bulk,-78.85469937,117.72,True,"[6.57906725, 0.0, 0.0, -0.0, 6.57906725, 5.46669505, 0.0, 0.0, 5.46669505]",14.0,0.0003744071428571429,local
1003_15,bulk,-100.19657533,514.559,True,"[20.31126254, 0.0, 0.0, 5.80321787, 5.0257341, 3.90912976, 0.0, 0.0, 3.90912976]",18.0,2.6833333333333336e-06,local
1008_0,bulk,-60.42704276,160.569,True,"[6.7768935, 0.0, -6.7768935, -0.0, 6.7768935, -6.7768935, 0.0, 0.0, 6.7768935]",16.0,6.4875e-05,local
1008_1,bulk,-60.42704276,133.626,True,"[6.7768935, 0.0, -6.7768935, -0.0, 6.7768935, -6.7768935, 0.0, 0.0, 6.7768935]",16.0,6.4875e-05,local
1008_3,bulk,-60.42445223,124.405,True,"[6.7768935, 0.0, 0.0, 0.0, 6.7768935, -6.7768935, 0.0, 0.0, 6.7768935]",16.0,7.9525e-05,local
1009_14,bulk,-119.73245309,235.183,True,"[3.89328572, 0.0, 0.0, 0.0, 19.86259498, -3.89328572, 0.0, 0.0, 3.89328572]",20.0,9.450000000000001e-06,local
1010_8,bulk,-53.56017894,169.909,True,"[11.8208815, 0.0, 0.0, 5.91044075, 3.41239456, 6.24725702, 0.0, 0.0, 3.12362851]",9.0,4.558888888888889e-05,local
1011_1,bulk,-57.61005801,108.839,True,"[3.74412447, 0.0, -6.48501381, -0.0, 17.95037657, -4.32334254, 0.0, 0.0, 4.32334254]",12.0,3.35e-06,local
1011_8,bulk,-57.6241305,98.111,True,"[8.97518829, 0.0, 0.0, 0.0, 7.48824894, -8.64668508, 0.0, 0.0, 4.32334254]",12.0,3.5e-07,local
1013_4,bulk,-36.61831723,117.43,True,"[7.47365144, 0.0, -8.62982934, -0.0, 8.24747705, -4.31491467, 0.0, 0.0, 4.31491467]",12.0,4.356666666666667e-05,local
1016_1,bulk,-136.16047797,336.33,True,"[6.78195511, 0.0, -6.78195511, -0.0, 6.78195511, -6.78195511, 0.0, 0.0, 6.78195511]",24.0,0.00017057499999999999,local
1021_50,bulk,-74.39529802,385.04,True,"[4.24728417, 0.0, 0.0, -0.0, 17.27467821, 8.19817077, 0.0, 0.0, 4.09908539]",16.0,3.29375e-06,local
1021_9,bulk,-74.40246344,268.857,True,"[4.09908539, 0.0, 0.0, 0.0, 17.27467821, -4.24728417, 0.0, 0.0, 4.24728417]",16.0,5.025e-06,local
1025_44,bulk,-156.02704028,285.179,True,"[11.60774482, 0.0, 0.0, 0.0, 6.70173459, -3.70867498, 0.0, 0.0, 3.70867498]",18.0,4.4666666666666665e-06,local
1025_4,bulk,-78.01030326,108.962,True,"[11.60774482, 0.0, 0.0, 5.80387241, 3.3508673, 3.70867498, 0.0, 0.0, 3.70867498]",9.0,3.328888888888889e-05,local
1025_5,bulk,-155.98287104,375.256,True,"[5.80387241, 0.0, 10.05260189, 5.80387241, 7.41734996, 3.3508673, 0.0, 0.0, 6.70173459]",18.0,1.5388888888888888e-06,local
1026_3,bulk,-92.34330169,364.585,True,"[10.60668719, 0.0, -7.92377353, -0.0, 13.24532766, -7.92377353, 0.0, 0.0, 7.92377353]",32.0,5.0440625e-05,local
1026_4,bulk,-92.34330169,481.684,True,"[10.60668719, 0.0, -7.92377353, -0.0, 13.24532766, -7.92377353, 0.0, 0.0, 7.92377353]",32.0,5.0440625e-05,local
1027_0,bulk,-138.82179132,170.91,True,"[5.733426, 0.0, -5.733426, -0.0, 5.733426, -5.733426, 0.0, 0.0, 5.733426]",16.0,1.21033448125,local
1031_6,bulk,-86.3176205,146.402,True,"[7.9557777, 0.0, -9.1865408, -0.0, 5.47924148, -4.5932704, 0.0, 0.0, 4.5932704]",12.0,0.000179825,local
1033_4,bulk,-122.53891368,746.378,True,"[6.82806087, 0.0, -6.82806087, 0.0, 13.65612173, -6.82806087, 0.0, 0.0, 6.82806087]",24.0,3.457916666666666e-05,local
1037_1,bulk,-46.61791669,86.493,True,"[4.04072813, 0.0, -6.99874642, -0.0, 18.23082505, -4.66583094, 0.0, 0.0, 4.66583094]",12.0,5.4416666666666665e-06,local
1039_3,bulk,-96.68065503,130.182,True,"[6.33916218, 0.0, 0.0, 0.0, 6.33916218, -6.33916218, 0.0, 0.0, 6.33916218]",16.0,1.84875e-05,local
1040_15,bulk,-116.61072214,784.804,True,"[3.89312693, 0.0, -2.24769788, 0.0, 49.45065247, -4.49539576, 0.0, 0.0, 4.49539576]",24.0,2.3333333333333333e-07,local
1040_16,bulk,-58.3047448,50.939,True,"[3.89312693, 0.0, -2.24769788, 0.0, 24.72532623, 0.0, 0.0, 0.0, 4.49539576]",12.0,1.4583333333333333e-06,local
1040_17,bulk,-116.61070855,884.413,True,"[3.89312693, 0.0, -2.24769788, -0.0, 49.45065247, 4.49539576, 0.0, 0.0, 4.49539576]",24.0,2.25e-07,local
1041_0,bulk,-82.00461616,192.149,True,"[6.7920001, 0.0, -6.7920001, -0.0, 6.7920001, -6.7920001, 0.0, 0.0, 6.7920001]",16.0,1.75e-07,local
1046_10,bulk,-151.83128595,574.847,True,"[7.67271543, 0.0, -3.83635771, -0.0, 17.43381648, -3.83635771, 0.0, 0.0, 3.83635771]",24.0,5.125000000000001e-07,local
1046_3,bulk,-75.88853363,136.568,True,"[3.83635771, 0.0, -3.83635771, 0.0, 17.43381648, -3.83635771, 0.0, 0.0, 3.83635771]",12.0,4.036666666666667e-05,local
1046_9,bulk,-151.83128595,562.425,True,"[7.67271543, 0.0, -3.83635771, -0.0, 17.43381648, -3.83635771, 0.0, 0.0, 3.83635771]",24.0,5.125000000000001e-07,local
1049_1,bulk,-102.87232976,123.664,True,"[6.21012321, 0.0, -6.21012321, -0.0, 6.21012321, -6.21012321, 0.0, 0.0, 6.21012321]",16.0,0.262261625,local
1050_16,bulk,-55.48213661,84.967,True,"[3.98084116, 0.0, 3.98084116, 7.96168233, 10.00715013, -0.0, 0.0, 0.0, 3.98084116]",10.0,4.58e-06,local
1050_5,bulk,-110.91264679,275.209,True,"[7.96168233, 0.0, -3.98084116, 0.0, 10.00715013, -3.98084116, 0.0, 0.0, 3.98084116]",20.0,9.245e-06,local
1055_7,bulk,-159.36659038,419.221,True,"[6.14814244, 0.0, 0.0, 0.0, 12.29628489, -6.14814244, 0.0, 0.0, 6.14814244]",24.0,2.188333333333333e-05,local
1057_12,bulk,-104.3173118,241.349,True,"[4.57793232, 0.0, -2.64307046, -0.0, 12.68776907, -5.28614091, 0.0, 0.0, 5.28614091]",18.0,4.997777777777778e-05,local
1058_1,bulk,-114.55377154,80.842,True,"[5.95139185, 0.0, -5.95139185, -0.0, 5.95139185, -5.95139185, 0.0, 0.0, 5.95139185]",16.0,1.101875e-05,local
1060_3,bulk,-42.58217347,60.641,True,"[6.29505393, 0.0, -6.29505393, -0.0, 6.29505393, -6.29505393, 0.0, 0.0, 6.29505393]",16.0,0.00015701875,local
1069_38,bulk,-96.26454823,323.883,True,"[8.89851862, 0.0, 0.0, 8.89851862, 8.89851862, 11.96960022, 0.0, 0.0, 11.96960022]",28.0,7.142857142857142e-08,local
1072_3,bulk,-97.659866,105.095,True,"[5.80322892, 0.0, 0.0, 0.0, 5.80322892, -5.80322892, 0.0, 0.0, 5.80322892]",16.0,1.275e-05,local
1077_34,bulk,-79.68294665,279.742,True,"[3.5886944, 0.0, -2.07193368, -0.0, 26.21641147, -8.28773471, 0.0, 0.0, 4.14386735]",21.0,2.9666666666666665e-06,local
1078_5,bulk,-49.40215226,121.575,True,"[12.72172369, 0.0, 0.0, 6.36086185, 3.6724453, 6.15683608, 0.0, 0.0, 3.07841804]",8.0,1.125e-07,local
1083_45,bulk,-156.75845043,318.373,True,"[11.22899274, 0.0, 0.0, 0.0, 6.48306198, -3.57701546, 0.0, 0.0, 3.57701546]",18.0,0.2359992833333333,local
1083_47,bulk,-156.75845043,315.159,True,"[11.22899274, 0.0, 0.0, 0.0, 6.48306198, -3.57701546, 0.0, 0.0, 3.57701546]",18.0,0.2359992833333333,local
1083_48,bulk,-156.76362251,502.574,True,"[6.48306198, 0.0, 0.0, 6.48306198, 11.22899274, 3.57701546, 0.0, 0.0, 3.57701546]",18.0,0.23593989999999998,local
1084_14,bulk,-140.71568714,306.926,True,"[16.92951895, 0.0, 0.0, 4.83700542, 4.18896957, 3.52407267, 0.0, 0.0, 3.52407267]",18.0,0.2178160388888889,local
1084_1,bulk,-70.35925223,91.463,True,"[11.08297173, 0.0, 0.0, 5.54148586, 3.19937835, 3.52407267, 0.0, 0.0, 3.52407267]",9.0,0.22412964444444444,local
1084_49,bulk,-140.71615295,447.738,True,"[6.39875671, 0.0, 0.0, 6.39875671, 11.08297173, 3.52407267, 0.0, 0.0, 3.52407267]",18.0,0.22034234444444445,local
1086_6,bulk,-125.13111321,53.893,True,"[5.9917108, 0.0, 0.0, 0.0, 5.9917108, 0.0, 0.0, 0.0, 5.9917108]",16.0,0.53865790625,local
1089_6,bulk,-94.00246014,47.864,True,"[5.91120325, 0.0, 0.0, 0.0, 5.91120325, 0.0, 0.0, 0.0, 5.91120325]",16.0,5.430625e-05,local
1090_2,bulk,-67.10949074,44.224,True,"[6.34797642, 0.0, -6.34797642, -0.0, 6.34797642, -6.34797642, 0.0, 0.0, 6.34797642]",16.0,5.053125e-05,local
1090_3,bulk,-67.10949074,42.195,True,"[6.34797642, 0.0, -6.34797642, -0.0, 6.34797642, -6.34797642, 0.0, 0.0, 6.34797642]",16.0,5.053125e-05,local
1090_8,bulk,-134.20843964,205.131,True,"[6.34797642, 0.0, 0.0, 0.0, 12.69595283, -6.34797642, 0.0, 0.0, 6.34797642]",32.0,5.2546875e-05,local
1092_42,bulk,-188.17487312,998.918,True,"[7.43264592, 0.0, 0.0, -0.0, 7.91287615, -7.75750177, 0.0, 0.0, 7.75750177]",32.0,1.875e-08,local
1097_20,bulk,-61.55003132,351.055,True,"[18.16884963, 0.0, -4.92527104, 15.22802568, 7.27311806, 0.0, 0.0, 0.0, 4.92527104]",18.0,4.444444444444444e-08,local
1103_3,bulk,-54.23307739,61.429,True,"[6.40143137, 0.0, -6.40143137, -0.0, 6.40143137, -6.40143137, 0.0, 0.0, 6.40143137]",16.0,4.353125e-05,local
1103_6,bulk,-54.24421616,66.086,True,"[6.40143137, 0.0, 0.0, 0.0, 6.40143137, -6.40143137, 0.0, 0.0, 6.40143137]",16.0,4.6275e-05,local
1103_8,bulk,-108.54473687,204.894,True,"[6.40143137, 0.0, 0.0, 0.0, 12.80286273, -6.40143137, 0.0, 0.0, 6.40143137]",32.0,2.7465625e-05,local
1109_20,bulk,-141.76349568,420.127,True,"[3.6796467, 0.0, -2.12444501, -0.0, 20.62798725, -4.24889003, 0.0, 0.0, 4.24889003]",21.0,0.14599087619047618,local
1109_23,bulk,-141.76349569,472.546,True,"[3.6796467, 0.0, -2.12444501, -0.0, 20.62798725, -4.24889003, 0.0, 0.0, 4.24889003]",21.0,0.14599087619047618,local
1109_28,bulk,-141.76679362,208.645,True,"[3.6796467, 0.0, -2.12444501, 0.0, 20.62798725, 0.0, 0.0, 0.0, 4.24889003]",21.0,0.14599722857142858,local
1111_33,bulk,-252.96944196,615.963,True,"[6.48623959, 0.0, 0.0, -0.0, 12.79146868, -10.63434327, 0.0, 0.0, 10.63434327]",40.0,9.909249999999999e-05,local
1111_40,bulk,-505.86435975,2428.239,True,"[6.48623959, 0.0, 0.0, -0.0, 21.26868653, 12.79146868, 0.0, 0.0, 12.79146868]",80.0,2.9000000000000003e-07,local
1113_13,bulk,-60.91967571,262.33,True,"[7.03526492, 0.0, 0.0, 0.0, 10.39677091, -4.04958045, 0.0, 0.0, 4.04958045]",16.0,0.0,local
1115_0,bulk,-115.23058387,95.016,True,"[6.23033658, 0.0, -6.23033658, -0.0, 6.23033658, -6.23033658, 0.0, 0.0, 6.23033658]",16.0,7.875e-07,local
1115_1,bulk,-115.23058387,139.037,True,"[6.23033658, 0.0, -6.23033658, -0.0, 6.23033658, -6.23033658, 0.0, 0.0, 6.23033658]",16.0,7.875e-07,local
1119_6,bulk,-115.26602546,212.262,True,"[5.53585408, 0.0, -9.58838053, -0.0, 8.02098306, -6.39225369, 0.0, 0.0, 6.39225369]",18.0,9.272222222222222e-06,local
1120_14,bulk,-124.98299748,297.879,True,"[11.36865623, 0.0, 0.0, 0.0, 11.51594975, -5.75797487, 0.0, 0.0, 5.75797487]",32.0,6.71875e-06,local
1120_19,bulk,-124.98480758,324.598,True,"[5.75797487, 0.0, 0.0, 0.0, 22.73731245, -5.75797487, 0.0, 0.0, 5.75797487]",32.0,2.53125e-07,local
1121_6,bulk,-140.0382862,31.722,True,"[6.56066591, 0.0, 0.0, 0.0, 6.56066591, 0.0, 0.0, 0.0, 6.56066591]",16.0,6.28125e-06,local
1124_5,bulk,-88.85712253,500.195,True,"[9.70064336, 0.0, -11.20133812, -0.0, 9.19832416, -5.60066906, 0.0, 0.0, 5.60066906]",24.0,0.0,local
1124_6,bulk,-88.85712253,499.563,True,"[9.70064336, 0.0, -11.20133812, -0.0, 9.19832416, -5.60066906, 0.0, 0.0, 5.60066906]",24.0,0.0,local
1128_32,bulk,-89.1956196,655.028,True,"[3.80090003, 0.0, 0.0, 0.0, 19.34934908, -3.80090003, 0.0, 0.0, 3.80090003]",18.0,8.01111111111111e-06,local
1131_3,bulk,-58.13131369,105.965,True,"[5.69802252, 0.0, 0.0, -0.0, 5.69802252, 5.69802252, 0.0, 0.0, 5.69802252]",16.0,0.000236725,local
1134_1,bulk,-55.5016944,44.391,True,"[6.3498439, 0.0, -6.3498439, -0.0, 6.3498439, -6.3498439, 0.0, 0.0, 6.3498439]",12.0,1.3316666666666667e-05,local
1135_1,bulk,-108.4627994,65.228,True,"[5.80893148, 0.0, -5.80893148, -0.0, 5.80893148, -5.80893148, 0.0, 0.0, 5.80893148]",16.0,0.00037281875,local
1136_12,bulk,-107.93625346,201.133,True,"[4.62946964, 0.0, -2.67282554, -0.0, 12.80955937, -5.34565109, 0.0, 0.0, 5.34565109]",18.0,0.00045402777777777775,local
1143_11,bulk,-113.74047674,94.779,True,"[7.0159996, 0.0, 0.0, 0.0, 9.86510329, -3.73433358, 0.0, 0.0, 3.73433358]",16.0,7.8e-06,local
1143_48,bulk,-227.41807343,432.105,True,"[3.73433358, 0.0, 0.0, 0.0, 14.0319992, -9.86510329, 0.0, 0.0, 9.86510329]",32.0,1.5778125e-05,local
1143_9,bulk,-113.74047674,119.316,True,"[7.0159996, 0.0, 0.0, 0.0, 9.86510329, -3.73433358, 0.0, 0.0, 3.73433358]",16.0,7.8e-06,local
1146_23,bulk,-107.89131958,220.849,True,"[4.02327052, 0.0, 0.0, 0.0, 11.18387267, -12.91402379, 0.0, 0.0, 6.45701189]",18.0,3.906666666666666e-05,local
1146_29,bulk,-107.89131958,200.685,True,"[4.02327052, 0.0, 0.0, 0.0, 11.18387267, -12.91402379, 0.0, 0.0, 6.45701189]",18.0,3.906666666666666e-05,local
1148_1,bulk,-173.16073504,197.451,True,"[6.41188364, 0.0, -6.41188364, -0.0, 6.41188364, -6.41188364, 0.0, 0.0, 6.41188364]",16.0,3.21875e-05,local
1150_6,bulk,-63.0042858,80.514,True,"[6.07010468, 0.0, 0.0, -0.0, 6.07010468, 6.07010468, 0.0, 0.0, 6.07010468]",16.0,4.525e-06,local
1151_1,bulk,-196.01660209,137.214,True,"[6.4229219, 0.0, -6.4229219, -0.0, 6.4229219, -6.4229219, 0.0, 0.0, 6.4229219]",16.0,4.85e-06,local
1154_0,bulk,-165.69717595,191.875,True,"[6.40336456, 0.0, -6.40336456, -0.0, 6.40336456, -6.40336456, 0.0, 0.0, 6.40336456]",16.0,0.03436145625,local
1162_6,bulk,-95.76711176,26.125,True,"[5.61037426, 0.0, 0.0, 0.0, 5.61037426, 0.0, 0.0, 0.0, 5.61037426]",16.0,9.75e-07,local
1163_6,bulk,-158.79616244,34.244,True,"[6.58671293, 0.0, 0.0, 0.0, 6.58671293, 0.0, 0.0, 0.0, 6.58671293]",16.0,3.28125e-06,local
1169_21,bulk,-151.97962517,415.373,True,"[6.96932215, 0.0, 0.0, 0.0, 27.1763841, -6.65265674, 0.0, 0.0, 6.65265674]",40.0,1.77e-06,local
1169_36,bulk,-75.98733994,258.775,True,"[6.96932215, 0.0, -6.65265674, 0.0, 13.58819205, -13.30531348, 0.0, 0.0, 6.65265674]",20.0,0.00018764,local
1170_0,bulk,-107.89435228,184.648,True,"[6.56762024, 0.0, -6.56762024, -0.0, 6.56762024, -6.56762024, 0.0, 0.0, 6.56762024]",16.0,1.878125e-05,local
1171_1,bulk,-147.61707394,189.666,True,"[6.0955285, 0.0, -6.0955285, -0.0, 6.0955285, -6.0955285, 0.0, 0.0, 6.0955285]",16.0,0.0001455,local
1175_1,bulk,-69.68814884,324.636,True,"[9.92232612, 0.0, 4.1196044, 14.15623614, 4.92559318, 0.0, 0.0, 0.0, 4.1196044]",12.0,8.333333333333334e-09,local
1175_49,bulk,-139.2801433,1029.45,True,"[4.1196044, 0.0, 0.0, 0.0, 9.85118636, -18.39014617, 0.0, 0.0, 9.92232612]",24.0,5e-08,local
1175_61,bulk,-139.26456401,1046.71,True,"[4.1196044, 0.0, 0.0, 0.0, 9.85118636, 1.45450606, 0.0, 0.0, 9.92232612]",24.0,1.6666666666666667e-08,local
1176_1,bulk,-95.27660156,183.441,True,"[6.5657104, 0.0, -6.5657104, -0.0, 6.5657104, -6.5657104, 0.0, 0.0, 6.5657104]",16.0,9.45e-06,local
1176_5,bulk,-190.53483783,470.261,True,"[6.5657104, 0.0, 0.0, 0.0, 13.13142081, -6.5657104, 0.0, 0.0, 6.5657104]",32.0,3.896875e-06,local
1177_3,bulk,-96.80451954,173.982,True,"[5.98071006, 0.0, 0.0, -0.0, 5.98071006, 5.98071006, 0.0, 0.0, 5.98071006]",16.0,0.45557495,local
1183_3,bulk,-92.37120745,146.821,True,"[9.15643117, 0.0, -4.57821558, 0.0, 6.4185316, -4.57821558, 0.0, 0.0, 4.57821558]",16.0,0.000122325,local
1187_2,bulk,-54.14197294,80.628,True,"[6.25340646, 0.0, -6.25340646, -0.0, 6.25340646, -6.25340646, 0.0, 0.0, 6.25340646]",16.0,1.70875e-05,local
1187_6,bulk,-54.15144438,101.675,True,"[6.25340646, 0.0, 0.0, 0.0, 6.25340646, -6.25340646, 0.0, 0.0, 6.25340646]",16.0,2.33375e-05,local
1187_8,bulk,-108.2493948,314.98,True,"[6.25340646, 0.0, 0.0, 0.0, 12.50681292, -6.25340646, 0.0, 0.0, 6.25340646]",32.0,1.2471875e-05,local
1189_16,bulk,-68.80456943,149.35,True,"[4.13462931, 0.0, -4.13462931, 0.0, 10.38773947, -8.26925863, 0.0, 0.0, 4.13462931]",10.0,0.00014913,local
1189_4,bulk,-68.77283132,101.339,True,"[10.38773947, 0.0, 0.0, 0.0, 4.13462931, -4.13462931, 0.0, 0.0, 4.13462931]",10.0,8.763e-05,local
1189_9,bulk,-137.55489613,215.695,True,"[10.38773947, 0.0, 0.0, 0.0, 8.26925863, -4.13462931, 0.0, 0.0, 4.13462931]",20.0,9.2155e-05,local
1203_0,bulk,-140.29028986,117.022,True,"[5.93353648, 0.0, -5.93353648, -0.0, 5.93353648, -5.93353648, 0.0, 0.0, 5.93353648]",16.0,0.23870295,local
1203_1,bulk,-140.29028986,112.095,True,"[5.93353648, 0.0, -5.93353648, -0.0, 5.93353648, -5.93353648, 0.0, 0.0, 5.93353648]",16.0,0.23870295,local
1204_2,bulk,-132.64641072,420.354,True,"[4.72594346, 0.0, -3.24212276, -0.0, 13.55975251, -3.24212276, 0.0, 0.0, 3.24212276]",12.0,2.9166666666666664e-07,local
1204_37,bulk,-265.30485407,442.659,True,"[3.24212276, 0.0, 0.0, 0.0, 27.11950502, -4.72594346, 0.0, 0.0, 4.72594346]",24.0,1.90375e-05,local
1205_10,bulk,-82.39391919,79.438,True,"[3.80257832, 0.0, 0.0, -0.0, 5.8242744, 10.08793918, 0.0, 0.0, 6.72529279]",9.0,4.444444444444444e-08,local
1205_16,bulk,-164.75546408,450.862,True,"[17.79345221, 0.0, 0.0, 5.08384349, 4.40273761, 3.80257832, 0.0, 0.0, 3.80257832]",18.0,9.295555555555555e-05,local
1205_27,bulk,-164.76626767,292.755,True,"[3.80257832, 0.0, 0.0, 0.0, 11.6485488, -13.45058558, 0.0, 0.0, 6.72529279]",18.0,3.571111111111111e-05,local
1207_0,bulk,-96.04559601,112.054,True,"[6.12595321, 0.0, -6.12595321, -0.0, 6.12595321, -6.12595321, 0.0, 0.0, 6.12595321]",16.0,1.1287830625,local
1207_3,bulk,-96.05361796,230.499,True,"[6.12595321, 0.0, 0.0, 0.0, 6.12595321, -6.12595321, 0.0, 0.0, 6.12595321]",16.0,1.1335635625,local
1207_5,bulk,-192.10633383,689.035,True,"[6.12595321, 0.0, 0.0, 0.0, 12.25190641, -6.12595321, 0.0, 0.0, 6.12595321]",32.0,1.13524995,local
1209_0,bulk,-156.87919006,135.492,True,"[6.49707683, 0.0, -6.49707683, 0.0, 6.49707683, -6.49707683, 0.0, 0.0, 6.49707683]",16.0,8.16875e-05,local
1213_6,bulk,-126.19538057,98.607,True,"[5.99184496, 0.0, 0.0, 0.0, 5.99184496, 0.0, 0.0, 0.0, 5.99184496]",16.0,0.28761064375,local
1222_3,bulk,-141.06680903,221.485,True,"[6.28429227, 0.0, 0.0, 0.0, 6.28429227, -6.28429227, 0.0, 0.0, 6.28429227]",16.0,6.45625e-06,local
1224_0,bulk,-38.9439947,46.167,True,"[6.2197362, 0.0, -6.2197362, -0.0, 6.2197362, -6.2197362, 0.0, 0.0, 6.2197362]",16.0,0.00023976875,local
1224_3,bulk,-38.93832171,70.104,True,"[6.2197362, 0.0, 0.0, 0.0, 6.2197362, -6.2197362, 0.0, 0.0, 6.2197362]",16.0,0.00019565625,local
1224_5,bulk,-77.92133653,270.571,True,"[6.2197362, 0.0, 0.0, 0.0, 12.4394724, -6.2197362, 0.0, 0.0, 6.2197362]",32.0,3.7759375e-05,local
1229_32,bulk,-90.0381779,551.608,True,"[10.65761872, 0.0, 0.0, -0.0, 15.95836038, 6.28643271, 0.0, 0.0, 6.28643271]",32.0,9.71875e-07,local
1229_33,bulk,-90.0381779,553.855,True,"[10.65761872, 0.0, 0.0, -0.0, 15.95836038, 6.28643271, 0.0, 0.0, 6.28643271]",32.0,9.71875e-07,local
1229_40,bulk,-90.03615001,799.439,True,"[7.97918019, 0.0, 0.0, -0.0, 21.31523744, 6.28643271, 0.0, 0.0, 6.28643271]",32.0,5.703125e-06,local
1230_48,bulk,-133.9049735,462.842,True,"[6.99398481, 0.0, 0.0, 6.99398481, 12.11393704, 3.48289775, 0.0, 0.0, 3.48289775]",18.0,5.722222222222222e-07,local
1233_0,bulk,-94.9264247,186.432,True,"[6.31935093, 0.0, -6.31935093, -0.0, 6.31935093, -6.31935093, 0.0, 0.0, 6.31935093]",16.0,9.320625e-05,local
1234_1,bulk,-104.8707418,266.388,True,"[6.03486585, 0.0, 6.03486585, 6.03486585, 6.03486585, -0.0, 0.0, 0.0, 6.03486585]",16.0,0.0009892625,local
1235_15,bulk,-62.36127933,53.753,True,"[5.75212512, 0.0, 0.0, 0.0, 8.72163236, -4.07705565, 0.0, 0.0, 4.07705565]",10.0,1.581e-05,local
1235_32,bulk,-62.36528403,57.832,True,"[4.07705565, 0.0, 0.0, 0.0, 8.72163236, -5.75212512, 0.0, 0.0, 5.75212512]",10.0,6e-08,local
1244_1,bulk,-35.66718952,122.593,True,"[7.70819386, 0.0, -7.70819386, 0.0, 7.70819386, -7.70819386, 0.0, 0.0, 7.70819386]",16.0,4.334375e-05,local
1244_2,bulk,-71.32888431,694.931,True,"[7.70819386, 0.0, -7.70819386, 0.0, 15.41638772, -7.70819386, 0.0, 0.0, 7.70819386]",32.0,4.428125e-05,local
1247_7,bulk,-112.52911693,291.994,True,"[5.85748733, 0.0, 10.14546566, 5.85748733, 7.91359124, 3.38182189, 0.0, 0.0, 6.76364377]",18.0,4.605555555555556e-06,local
1248_3,bulk,-110.25617136,149.508,True,"[6.49118212, 0.0, 0.0, 0.0, 6.49118212, -6.49118212, 0.0, 0.0, 6.49118212]",16.0,0.00013976875,local
1252_3,bulk,-198.03976647,362.594,True,"[6.99802207, 0.0, -6.99802207, -0.0, 6.99802207, -6.99802207, 0.0, 0.0, 6.99802207]",24.0,1.0212016708333334,local
1257_1,bulk,-114.31089806,146.741,True,"[6.13400181, 0.0, -6.13400181, -0.0, 6.13400181, -6.13400181, 0.0, 0.0, 6.13400181]",16.0,9.55625e-06,local
1259_3,bulk,-113.8364002,153.03,True,"[6.05456115, 0.0, 0.0, 0.0, 6.05456115, -6.05456115, 0.0, 0.0, 6.05456115]",16.0,1.03288920625,local
1260_0,bulk,-91.13278764,60.381,True,"[5.9187769, 0.0, -5.9187769, -0.0, 5.9187769, -5.9187769, 0.0, 0.0, 5.9187769]",16.0,1.89875e-05,local
1261_19,bulk,-39.83617669,241.545,True,"[4.59391998, 0.0, 0.0, 0.0, 22.17670991, -4.59391998, 0.0, 0.0, 4.59391998]",16.0,8.25e-07,local
1261_5,bulk,-39.83905496,199.707,True,"[4.59391998, 0.0, -4.59391998, -0.0, 22.17670991, -4.59391998, 0.0, 0.0, 4.59391998]",16.0,1.125e-06,local
1261_8,bulk,-39.83575554,197.449,True,"[9.18783995, 0.0, -4.59391998, -0.0, 11.08835495, -4.59391998, 0.0, 0.0, 4.59391998]",16.0,3.215625e-05,local
1263_46,bulk,-141.02343707,562.108,True,"[7.8334555, 0.0, 0.0, 7.8334555, 13.56794292, 3.59499924, 0.0, 0.0, 3.59499924]",18.0,2.097777777777778e-05,local
1264_14,bulk,-96.42083134,287.949,True,"[5.0953872, 0.0, 0.0, 5.0953872, 5.0953872, 7.10886703, 0.0, 0.0, 7.10886703]",16.0,0.00051185625,local
1266_37,bulk,-107.54894408,315.458,True,"[10.13068203, 0.0, 0.0, 3.19259675, 7.38198422, 7.11687554, 0.0, 0.0, 7.11687554]",32.0,9.375e-08,local
1266_38,bulk,-107.54894408,314.591,True,"[10.13068203, 0.0, 0.0, 3.19259675, 7.38198422, 7.11687554, 0.0, 0.0, 7.11687554]",32.0,9.375e-08,local
1266_40,bulk,-107.54227672,331.271,True,"[9.29834002, 0.0, 0.0, -0.0, 8.04278342, 7.11687554, 0.0, 0.0, 7.11687554]",32.0,4.6875e-08,local
1269_8,bulk,-84.15521126,203.035,True,"[7.08561109, 0.0, 0.0, 0.0, 7.08561109, -7.08561109, 0.0, 0.0, 7.08561109]",24.0,5.1075e-05,local
1272_6,bulk,-128.69291041,289.036,True,"[5.71924256, 0.0, 9.9060187, 5.71924256, 7.8503376, 3.30200623, 0.0, 0.0, 6.60401247]",18.0,0.7245968277777778,local
1272_8,bulk,-128.69291041,276.629,True,"[5.71924256, 0.0, 9.9060187, 5.71924256, 7.8503376, 3.30200623, 0.0, 0.0, 6.60401247]",18.0,0.7245968277777778,local
1272_9,bulk,-128.69291041,273.848,True,"[5.71924256, 0.0, 9.9060187, 5.71924256, 7.8503376, 3.30200623, 0.0, 0.0, 6.60401247]",18.0,0.7245968277777778,local
1277_3,bulk,-54.14438389,48.914,True,"[6.42288729, 0.0, 0.0, 0.0, 6.42288729, -6.42288729, 0.0, 0.0, 6.42288729]",16.0,5.02375e-05,local
1277_5,bulk,-108.3449753,111.472,True,"[6.42288729, 0.0, 0.0, 0.0, 12.84577457, -6.42288729, 0.0, 0.0, 6.42288729]",32.0,9.646875e-06,local
1279_18,bulk,-136.43121799,392.894,True,"[20.45310754, 0.0, 0.0, 5.84374501, 5.06083163, 3.71068553, 0.0, 0.0, 3.71068553]",18.0,6.935555555555555e-05,local
1279_27,bulk,-136.44033075,335.017,True,"[3.71068553, 0.0, 0.0, 0.0, 13.38970193, -15.46109602, 0.0, 0.0, 7.73054801]",18.0,3.1166666666666668e-06,local
1279_28,bulk,-136.44033074,403.646,True,"[3.71068553, 0.0, 0.0, 0.0, 13.38970193, -15.46109602, 0.0, 0.0, 7.73054801]",18.0,3.1166666666666668e-06,local
1280_22,bulk,-268.62148267,1174.255,True,"[4.5468117, 0.0, 0.0, 0.0, 13.03153362, -6.49343734, 0.0, 0.0, 6.49343734]",32.0,1.583125e-05,local
1281_75,bulk,-163.5456477,1005.495,True,"[11.47332977, 0.0, -2.6014059, 17.11982714, 9.98771062, 3.0161712, 0.0, 0.0, 8.21898301]",40.0,2.8814999999999998e-05,local
1281_90,bulk,-163.53727057,911.452,True,"[10.24587838, 0.0, 0.0, -4.17356328, 15.89931119, -5.78157287, 0.0, 0.0, 5.78157287]",40.0,2.131e-05,local
1282_0,bulk,-80.86198887,82.327,True,"[5.7444847, 0.0, -5.7444847, 0.0, 5.7444847, -5.7444847, 0.0, 0.0, 5.7444847]",16.0,0.0846070375,local
1289_13,bulk,-156.4805196,581.92,True,"[10.57544644, 0.0, -6.1037467, 6.59921422, 16.35835027, 0.0, 0.0, 0.0, 6.1037467]",40.0,9.985e-06,local
1289_4,bulk,-78.24784034,254.27,True,"[10.57544644, 0.0, 6.1037467, 12.56356255, 8.17917514, 0.0, 0.0, 0.0, 6.1037467]",20.0,4.6785e-05,local
1289_87,bulk,-156.48896844,1062.811,True,"[10.57544644, 0.0, 0.0, -3.97623222, 16.35835027, -6.1037467, 0.0, 0.0, 6.1037467]",40.0,9.55e-06,local
1292_21,bulk,-105.49640144,283.697,True,"[7.34517657, 0.0, 0.0, -0.0, 8.38983489, -7.34517657, 0.0, 0.0, 7.34517657]",20.0,8.925e-06,local
1300_1,bulk,-68.60291833,33.26,True,"[6.09394083, 0.0, -6.09394083, -0.0, 6.09394083, -6.09394083, 0.0, 0.0, 6.09394083]",16.0,6.4875e-06,local
1300_3,bulk,-68.60018706,45.585,True,"[6.09394083, 0.0, 0.0, -0.0, 6.09394083, 6.09394083, 0.0, 0.0, 6.09394083]",16.0,4.3375e-06,local
1301_6,bulk,-106.27936822,54.474,True,"[6.44759297, 0.0, 0.0, 0.0, 6.44759297, 0.0, 0.0, 0.0, 6.44759297]",16.0,1.53125e-06,local
1302_11,bulk,-124.89406041,566.25,True,"[19.71884076, 0.0, -3.2804619, 0.0, 4.08296529, -3.2804619, 0.0, 0.0, 3.2804619]",16.0,2.095e-05,local
1302_29,bulk,-124.90584182,329.65,True,"[10.39084214, 0.0, 0.0, 2.07132976, 6.22537662, 4.08296529, 0.0, 0.0, 4.08296529]",16.0,0.00017275,local
1302_32,bulk,-124.90584182,344.573,True,"[10.39084214, 0.0, 0.0, 2.07132976, 6.22537662, 4.08296529, 0.0, 0.0, 4.08296529]",16.0,0.00017275,local
1306_10,bulk,-46.85429522,124.02,True,"[8.27419292, 0.0, 0.0, 0.0, 11.36807991, -4.37507515, 0.0, 0.0, 4.37507515]",16.0,2.06875e-06,local
1306_28,bulk,-93.60389095,346.834,True,"[14.34567431, 0.0, 0.0, 5.337158, 6.93396531, 8.27419292, 0.0, 0.0, 8.27419292]",32.0,8.21875e-07,local
1306_2,bulk,-46.80963235,182.62,True,"[11.36807991, 0.0, -4.37507515, -0.0, 8.27419292, -4.37507515, 0.0, 0.0, 4.37507515]",16.0,4.1875e-07,local
1313_1,bulk,-63.21509273,47.174,True,"[6.38131787, 0.0, -6.38131787, -0.0, 6.38131787, -6.38131787, 0.0, 0.0, 6.38131787]",16.0,1.751875e-05,local
1313_2,bulk,-63.21509273,54.483,True,"[6.38131787, 0.0, -6.38131787, -0.0, 6.38131787, -6.38131787, 0.0, 0.0, 6.38131787]",16.0,1.751875e-05,local
1317_41,bulk,-155.68838684,1088.191,True,"[10.92841359, 0.0, 0.0, -0.0, 8.75230023, 7.6381404, 0.0, 0.0, 7.6381404]",32.0,1.28125e-07,local
1318_1,bulk,-140.11486933,102.832,True,"[6.26437455, 0.0, -6.26437455, -0.0, 6.26437455, -6.26437455, 0.0, 0.0, 6.26437455]",16.0,0.00038538125,local
1320_2,bulk,-154.0696383,332.914,True,"[4.9385425, 0.0, -4.9385425, 0.0, 9.87708499, -4.9385425, 0.0, 0.0, 4.9385425]",16.0,7.5e-08,local
1320_9,bulk,-154.09008985,176.632,True,"[4.9385425, 0.0, 0.0, 0.0, 9.87708499, -4.9385425, 0.0, 0.0, 4.9385425]",16.0,1.93375e-05,local
1326_29,bulk,-124.21410745,325.576,True,"[7.88297092, 0.0, 0.0, -0.0, 15.76594183, 3.67932265, 0.0, 0.0, 3.67932265]",20.0,1.1385e-05,local
1327_16,bulk,-95.05821581,173.108,True,"[9.88962227, 0.0, -5.70258275, 8.17922843, 7.67444153, 0.0, 0.0, 0.0, 5.70258275]",20.0,6.605e-06,local
1327_37,bulk,-95.07168697,309.049,True,"[5.70258275, 0.0, 0.0, -0.0, 9.65279771, 10.0140363, 0.0, 0.0, 7.86272853]",20.0,1.6675e-05,local
1328_10,bulk,-75.4318747,544.362,True,"[7.37601519, 0.0, 0.0, 0.0, 10.5050818, -4.34392558, 0.0, 0.0, 4.34392558]",16.0,4.375e-08,local
1328_3,bulk,-75.44723861,360.255,True,"[10.5050818, 0.0, -4.34392558, 0.0, 7.37601519, -4.34392558, 0.0, 0.0, 4.34392558]",16.0,2.125e-07,local
1328_9,bulk,-75.4318747,419.377,True,"[7.37601519, 0.0, 0.0, 0.0, 10.5050818, -4.34392558, 0.0, 0.0, 4.34392558]",16.0,4.375e-08,local
1331_5,bulk,-266.98320988,718.812,True,"[6.301511, 0.0, 0.0, 0.0, 12.60302201, -6.301511, 0.0, 0.0, 6.301511]",32.0,4.153125e-06,local
1334_21,bulk,-51.92393664,333.141,True,"[5.05918371, 0.0, -2.92092108, 0.0, 28.14093381, -5.84184215, 0.0, 0.0, 5.84184215]",21.0,1.544761904761905e-05,local
1334_41,bulk,-51.92434245,256.859,True,"[5.05918371, 0.0, -2.92092108, 0.0, 28.14093381, 11.6836843, 0.0, 0.0, 5.84184215]",21.0,5.628571428571429e-06,local
1334_42,bulk,-51.92434245,255.1,True,"[5.05918371, 0.0, -2.92092108, 0.0, 28.14093381, 11.6836843, 0.0, 0.0, 5.84184215]",21.0,5.628571428571429e-06,local
1335_0,bulk,-57.8935498,65.693,True,"[6.42011847, 0.0, -6.42011847, -0.0, 6.42011847, -6.42011847, 0.0, 0.0, 6.42011847]",16.0,9.2e-06,local
1335_1,bulk,-57.8935498,68.168,True,"[6.42011847, 0.0, -6.42011847, -0.0, 6.42011847, -6.42011847, 0.0, 0.0, 6.42011847]",16.0,9.2e-06,local
1336_6,bulk,-70.16339219,193.948,True,"[6.28147597, 0.0, 10.87983552, 6.28147597, 8.62262708, 3.62661184, 0.0, 0.0, 7.25322368]",18.0,1.011111111111111e-06,local
1336_7,bulk,-70.16339219,188.729,True,"[6.28147597, 0.0, 10.87983552, 6.28147597, 8.62262708, 3.62661184, 0.0, 0.0, 7.25322368]",18.0,1.011111111111111e-06,local
1336_8,bulk,-70.16339219,240.362,True,"[6.28147597, 0.0, 10.87983552, 6.28147597, 8.62262708, 3.62661184, 0.0, 0.0, 7.25322368]",18.0,1.011111111111111e-06,local
1342_0,bulk,-130.12063558,83.382,True,"[5.68772634, 0.0, -5.68772634, -0.0, 5.68772634, -5.68772634, 0.0, 0.0, 5.68772634]",16.0,6.85125e-05,local
1343_117,bulk,-154.64876375,510.802,True,"[10.38774165, 0.0, 0.0, -8.37388956, 14.70284046, -3.66948519, 0.0, 0.0, 3.66948519]",24.0,1.8333333333333333e-07,local
1343_24,bulk,-77.32622123,156.829,True,"[10.38774165, 0.0, 7.33897039, 14.57468643, 7.35142023, 0.0, 0.0, 0.0, 3.66948519]",12.0,8.333333333333334e-09,local
1343_85,bulk,-77.35937121,166.497,True,"[10.38774165, 0.0, 3.66948519, 24.96242808, 7.35142023, 0.0, 0.0, 0.0, 3.66948519]",12.0,0.0,local
1345_11,bulk,-219.29170875,1334.404,True,"[14.57126445, 0.0, -7.28563222, -0.0, 8.49087067, -7.28563222, 0.0, 0.0, 7.28563222]",40.0,5.85e-07,local
1345_12,bulk,-219.29170875,1388.484,True,"[14.57126445, 0.0, -7.28563222, -0.0, 8.49087067, -7.28563222, 0.0, 0.0, 7.28563222]",40.0,5.85e-07,local
1347_2,bulk,-53.40196849,76.627,True,"[6.59230628, 0.0, -6.59230628, -0.0, 6.59230628, -6.59230628, 0.0, 0.0, 6.59230628]",16.0,2.934375e-05,local
1349_0,bulk,-57.40913376,36.455,True,"[6.07954268, 0.0, -6.07954268, -0.0, 6.07954268, -6.07954268, 0.0, 0.0, 6.07954268]",16.0,4.728125e-05,local
1349_1,bulk,-57.40913376,39.936,True,"[6.07954268, 0.0, -6.07954268, -0.0, 6.07954268, -6.07954268, 0.0, 0.0, 6.07954268]",16.0,4.728125e-05,local
1349_3,bulk,-57.40913376,49.403,True,"[6.07954268, 0.0, -6.07954268, -0.0, 6.07954268, -6.07954268, 0.0, 0.0, 6.07954268]",16.0,4.728125e-05,local
1353_0,bulk,-142.85159182,180.894,True,"[6.21003182, 0.0, -6.21003182, -0.0, 6.21003182, -6.21003182, 0.0, 0.0, 6.21003182]",16.0,0.42676835,local
1353_3,bulk,-142.85115977,175.82,True,"[6.21003182, 0.0, 0.0, 0.0, 6.21003182, -6.21003182, 0.0, 0.0, 6.21003182]",16.0,0.427691825,local
1355_15,bulk,-149.92852249,351.268,True,"[17.52462656, 0.0, 0.0, 5.00703616, 4.33622051, 3.93739598, 0.0, 0.0, 3.93739598]",18.0,1.661111111111111e-05,local
1356_6,bulk,-127.30233504,67.596,True,"[6.1469944, 0.0, 0.0, 0.0, 6.1469944, 0.0, 0.0, 0.0, 6.1469944]",16.0,1.7575e-05,local
1362_18,bulk,-158.02442616,514.946,True,"[16.96527156, 0.0, 0.0, 4.84722045, 4.19781604, 3.48384394, 0.0, 0.0, 3.48384394]",18.0,0.2309685055555556,local
1362_47,bulk,-158.02329579,702.987,True,"[6.41226993, 0.0, 0.0, 6.41226993, 11.1063773, 3.48384394, 0.0, 0.0, 3.48384394]",18.0,0.22949636666666665,local
1362_50,bulk,-158.02329579,697.307,True,"[6.41226993, 0.0, 0.0, 6.41226993, 11.1063773, 3.48384394, 0.0, 0.0, 3.48384394]",18.0,0.22949636666666665,local
1363_17,bulk,-38.8505287,70.286,True,"[4.41435608, 0.0, -4.41435608, -0.0, 10.52857214, -8.82871217, 0.0, 0.0, 4.41435608]",10.0,2.232e-05,local
1365_43,bulk,-153.3959701,364.115,True,"[13.62431206, 0.0, 0.0, 0.0, 7.86600023, -3.61525774, 0.0, 0.0, 3.61525774]",18.0,0.0005211888888888888,local
1368_0,bulk,-69.71573604,165.376,True,"[6.17852714, 0.0, -6.17852714, -0.0, 6.17852714, -6.17852714, 0.0, 0.0, 6.17852714]",16.0,8.625e-06,local
1371_21,bulk,-63.53330546,88.913,True,"[5.19324478, 0.0, 0.0, 0.0, 7.37538432, -5.2813176, 0.0, 0.0, 5.2813176]",12.0,0.00031015833333333337,local
1371_3,bulk,-127.06600435,330.537,True,"[5.2813176, 0.0, -5.19324478, 0.0, 14.75076864, -5.19324478, 0.0, 0.0, 5.19324478]",24.0,4.9699999999999995e-05,local
1372_76,bulk,-245.0524853,843.257,True,"[11.23572538, 0.0, -1.76608476, 16.35667252, 10.00087121, 3.79710449, 0.0, 0.0, 7.32927402]",40.0,9.18e-06,local
1372_77,bulk,-245.0524853,865.013,True,"[11.23572538, 0.0, -1.76608476, 16.35667252, 10.00087121, 3.79710449, 0.0, 0.0, 7.32927402]",40.0,9.18e-06,local
1372_82,bulk,-245.05998526,820.873,True,"[5.8610566, 0.0, 0.0, 0.0, 19.17180641, 3.79710449, 0.0, 0.0, 7.32927402]",40.0,1.065e-06,local
1376_5,bulk,-119.5354996,243.097,True,"[6.38968221, 0.0, 0.0, 0.0, 12.77936441, -6.38968221, 0.0, 0.0, 6.38968221]",32.0,1.625e-06,local
1377_39,bulk,-137.99435949,977.84,True,"[11.99529051, 0.0, 0.0, 3.14056945, 8.09202752, 8.17318526, 0.0, 0.0, 8.17318526]",32.0,2.75e-07,local
1381_18,bulk,-50.51140083,146.468,True,"[4.15998739, 0.0, 4.15998739, 8.31997479, 10.63366984, -0.0, 0.0, 0.0, 4.15998739]",10.0,6.574e-05,local
1383_4,bulk,-47.232132,90.885,True,"[7.13688719, 0.0, -8.24096748, -0.0, 9.38895301, -4.12048374, 0.0, 0.0, 4.12048374]",12.0,0.0002290333333333333,local
1390_3,bulk,-71.94388492,67.67,True,"[6.29167601, 0.0, 0.0, 0.0, 6.29167601, -6.29167601, 0.0, 0.0, 6.29167601]",16.0,2.014375e-05,local
1391_18,bulk,-71.00101949,49.858,True,"[4.1998672, 0.0, 0.0, 0.0, 9.80833028, -4.1998672, 0.0, 0.0, 4.1998672]",10.0,1.9450000000000002e-05,local
1393_15,bulk,-172.18778478,296.423,True,"[18.50626001, 0.0, 0.0, 5.28750286, 4.5791118, 3.43584797, 0.0, 0.0, 3.43584797]",18.0,5.835000000000001e-05,local
1393_18,bulk,-172.18778478,327.327,True,"[18.50626001, 0.0, 0.0, 5.28750286, 4.5791118, 3.43584797, 0.0, 0.0, 3.43584797]",18.0,5.835000000000001e-05,local
1393_5,bulk,-86.09888934,149.44,True,"[12.11519104, 0.0, 0.0, 6.05759552, 3.49735441, 6.87169594, 0.0, 0.0, 3.43584797]",9.0,3.3333333333333334e-08,local
1394_7,bulk,-93.72881809,149.976,True,"[7.03403069, 0.0, -3.51701535, -0.0, 7.91969609, -3.51701535, 0.0, 0.0, 3.51701535]",12.0,4.166666666666666e-08,local
1395_3,bulk,-104.41182506,133.974,True,"[5.71802906, 0.0, 0.0, 0.0, 5.71802906, -5.71802906, 0.0, 0.0, 5.71802906]",16.0,1.25462138125,local
1401_0,bulk,-79.3984814,71.653,True,"[6.05813573, 0.0, 6.05813573, 6.05813573, 6.05813573, -0.0, 0.0, 0.0, 6.05813573]",16.0,5.79375e-06,local
1401_3,bulk,-79.41509495,92.195,True,"[6.05813573, 0.0, 0.0, -0.0, 6.05813573, 6.05813573, 0.0, 0.0, 6.05813573]",16.0,5.65e-06,local
1405_0,bulk,-177.09082101,141.901,True,"[6.46716294, 0.0, -6.46716294, -0.0, 6.46716294, -6.46716294, 0.0, 0.0, 6.46716294]",16.0,1.895625e-05,local
1407_75,bulk,-131.62645767,1040.205,True,"[9.37439682, 0.0, 0.0, -7.95359266, 10.03577853, -4.1133538, 0.0, 0.0, 4.1133538]",24.0,2.125e-07,local
1409_14,bulk,-113.43058927,369.011,True,"[4.02017166, 0.0, 0.0, 0.0, 20.47165232, -4.02017166, 0.0, 0.0, 4.02017166]",20.0,0.27488917,local
1411_11,bulk,-114.86539868,355.656,True,"[4.50643085, 0.0, -4.24675389, -0.0, 10.14715702, -4.24675389, 0.0, 0.0, 4.24675389]",16.0,1.2625e-06,local
1411_36,bulk,-114.86765613,345.992,True,"[4.50643085, 0.0, 0.0, 0.0, 10.14715702, -4.24675389, 0.0, 0.0, 4.24675389]",16.0,1.29375e-06,local
1414_14,bulk,-148.08969635,354.595,True,"[19.42157035, 0.0, 0.0, 5.5490201, 4.80559237, 3.71106147, 0.0, 0.0, 3.71106147]",18.0,0.00010963888888888888,local
1414_17,bulk,-148.08969635,301.457,True,"[19.42157035, 0.0, 0.0, 5.5490201, 4.80559237, 3.71106147, 0.0, 0.0, 3.71106147]",18.0,0.00010963888888888888,local
1414_45,bulk,-148.08839754,292.748,True,"[12.71440232, 0.0, 0.0, 0.0, 7.3406636, -3.71106147, 0.0, 0.0, 3.71106147]",18.0,0.00010842222222222222,local
1415_0,bulk,-103.61872596,151.311,True,"[6.54456752, 0.0, -6.54456752, -0.0, 6.54456752, -6.54456752, 0.0, 0.0, 6.54456752]",16.0,6.438125e-05,local
1416_1,bulk,-71.90223491,125.097,True,"[6.56220675, 0.0, -6.56220675, 0.0, 6.56220675, -6.56220675, 0.0, 0.0, 6.56220675]",16.0,1.4525e-05,local
1417_15,bulk,-70.89247826,104.945,True,"[5.30169663, 0.0, 0.0, 0.0, 12.88630375, -3.59934179, 0.0, 0.0, 3.59934179]",12.0,4.799166666666666e-05,local
1417_26,bulk,-141.77529906,426.508,True,"[12.88630375, 0.0, 0.0, -0.0, 7.19868359, 5.30169663, 0.0, 0.0, 5.30169663]",24.0,7.958333333333334e-07,local
1417_38,bulk,-141.79533839,283.884,True,"[3.59934179, 0.0, 0.0, 0.0, 25.7726075, -5.30169663, 0.0, 0.0, 5.30169663]",24.0,7.166666666666668e-07,local
1422_16,bulk,-117.75797332,349.204,True,"[5.76485554, 0.0, 0.0, 0.0, 12.1998569, -11.4901402, 0.0, 0.0, 5.76690073]",20.0,1.8e-07,local
1422_26,bulk,-117.72776453,301.398,True,"[7.77764723, 0.0, 2.44926662, 7.00937861, 7.7396098, 11.63633663, 0.0, 0.0, 6.7378034]",20.0,2e-08,local
1422_37,bulk,-58.8656044,63.728,True,"[5.22094216, 0.0, -2.44926662, 0.0, 5.76485554, 0.0, 0.0, 0.0, 6.7378034]",10.0,9.299999999999999e-06,local
1423_1,bulk,-62.98109194,65.013,True,"[6.05276321, 0.0, -6.05276321, 0.0, 6.05276321, -6.05276321, 0.0, 0.0, 6.05276321]",16.0,1.7575e-05,local
1425_10,bulk,-100.25985272,304.307,True,"[7.41966575, 0.0, -8.56749203, 0.0, 13.24153113, -4.28374602, 0.0, 0.0, 4.28374602]",20.0,7.185e-06,local
1426_3,bulk,-144.7172058,93.806,True,"[5.99871592, 0.0, 0.0, 0.0, 5.99871592, -5.99871592, 0.0, 0.0, 5.99871592]",16.0,0.5342760125,local
1428_17,bulk,-145.84047301,999.588,True,"[17.60617856, 0.0, 0.0, 5.03033673, 4.3563994, 3.60491376, 0.0, 0.0, 3.60491376]",18.0,0.27222938333333335,local
1428_18,bulk,-145.84047301,771.734,True,"[17.60617856, 0.0, 0.0, 5.03033673, 4.3563994, 3.60491376, 0.0, 0.0, 3.60491376]",18.0,0.27222938333333335,local
1428_19,bulk,-145.84047301,661.652,True,"[17.60617856, 0.0, 0.0, 5.03033673, 4.3563994, 3.60491376, 0.0, 0.0, 3.60491376]",18.0,0.27222938333333335,local
1429_17,bulk,-143.55210884,364.309,True,"[10.59726073, 0.0, -4.21560963, 5.76401805, 8.83304249, 0.0, 0.0, 0.0, 4.21560963]",20.0,3.6125000000000004e-05,local
1429_2,bulk,-143.56204963,427.436,True,"[10.59726073, 0.0, 4.21560963, 15.4305034, 8.83304249, 0.0, 0.0, 0.0, 4.21560963]",20.0,8.09e-06,local
1429_3,bulk,-143.56204963,331.137,True,"[10.59726073, 0.0, 4.21560963, 15.4305034, 8.83304249, 0.0, 0.0, 0.0, 4.21560963]",20.0,8.09e-06,local
1433_1,bulk,-193.29092892,231.961,True,"[6.4282341, 0.0, -6.4282341, -0.0, 6.4282341, -6.4282341, 0.0, 0.0, 6.4282341]",16.0,5.25e-05,local
1434_1,bulk,-63.51325158,71.192,True,"[5.9888584, 0.0, -5.9888584, -0.0, 5.9888584, -5.9888584, 0.0, 0.0, 5.9888584]",16.0,2.710625e-05,local
1434_2,bulk,-63.51325158,61.576,True,"[5.9888584, 0.0, -5.9888584, -0.0, 5.9888584, -5.9888584, 0.0, 0.0, 5.9888584]",16.0,2.710625e-05,local
1434_6,bulk,-63.54362559,98.22,True,"[5.9888584, 0.0, 0.0, 0.0, 5.9888584, -5.9888584, 0.0, 0.0, 5.9888584]",16.0,2.403125e-05,local
1435_42,bulk,-110.81265229,287.119,True,"[3.87478305, 0.0, 0.0, 0.0, 13.37222458, -5.01949274, 0.0, 0.0, 5.01949274]",20.0,0.12220718,local
1435_6,bulk,-110.818558,754.182,True,"[5.01949274, 0.0, -3.87478305, -0.0, 13.37222458, -3.87478305, 0.0, 0.0, 3.87478305]",20.0,0.10914364000000001,local
1436_1,bulk,-145.16278012,104.851,True,"[6.13647816, 0.0, -6.13647816, -0.0, 6.13647816, -6.13647816, 0.0, 0.0, 6.13647816]",16.0,0.18046024375,local
1436_3,bulk,-145.15578588,157.299,True,"[6.13647816, 0.0, 0.0, 0.0, 6.13647816, -6.13647816, 0.0, 0.0, 6.13647816]",16.0,0.1791673875,local
1437_10,bulk,-148.02298085,277.671,True,"[13.17247261, 0.0, 0.0, 0.0, 6.83090736, -7.8876524, 0.0, 0.0, 3.9438262]",20.0,1.3045e-05,local
1437_11,bulk,-148.02298085,284.351,True,"[13.17247261, 0.0, 0.0, 0.0, 6.83090736, -7.8876524, 0.0, 0.0, 3.9438262]",20.0,1.3045e-05,local
1437_4,bulk,-74.00686161,134.213,True,"[13.17247261, 0.0, 0.0, 0.0, 3.41545368, -5.9157393, 0.0, 0.0, 3.9438262]",10.0,2.918e-05,local
1439_0,bulk,-113.92451191,101.544,True,"[6.12735673, 0.0, -6.12735673, -0.0, 6.12735673, -6.12735673, 0.0, 0.0, 6.12735673]",16.0,1.59375e-06,local
1445_1,bulk,-109.092188,84.988,True,"[5.90167578, 0.0, -5.90167578, -0.0, 5.90167578, -5.90167578, 0.0, 0.0, 5.90167578]",16.0,0.03947883125,local
1446_31,bulk,-223.37936949,620.021,True,"[5.88145198, 0.0, -3.39565788, -0.0, 8.31379098, -6.79131577, 0.0, 0.0, 6.79131577]",24.0,0.0,local
1447_27,bulk,-145.53999017,670.015,True,"[5.99032075, 0.0, -3.4585133, -0.0, 21.89836759, -6.91702659, 0.0, 0.0, 6.91702659]",30.0,0.5999535766666667,local
1450_6,bulk,-124.86337585,64.528,True,"[5.98305872, 0.0, 0.0, 0.0, 5.98305872, 0.0, 0.0, 0.0, 5.98305872]",16.0,1.16232315625,local
1452_1,bulk,-91.02425911,79.338,True,"[6.11355196, 0.0, -6.11355196, -0.0, 6.11355196, -6.11355196, 0.0, 0.0, 6.11355196]",16.0,1.13053534375,local
1453_1,bulk,-52.43678543,46.966,True,"[6.11572602, 0.0, -6.11572602, -0.0, 6.11572602, -6.11572602, 0.0, 0.0, 6.11572602]",16.0,1.03625e-05,local
1454_6,bulk,-82.45372554,26.004,True,"[5.74076851, 0.0, 0.0, 0.0, 5.74076851, 0.0, 0.0, 0.0, 5.74076851]",16.0,1.4325e-05,local
1455_9,bulk,-65.33304151,312.105,True,"[5.7627029, 0.0, 0.0, 0.0, 7.70877891, -8.90133116, 0.0, 0.0, 4.45066558]",12.0,1.4583333333333333e-06,local
1462_41,bulk,-111.91163723,930.925,True,"[12.11778026, 0.0, 0.0, 3.30549265, 8.31770314, 8.4728323, 0.0, 0.0, 8.4728323]",32.0,2.9375e-07,local
1462_43,bulk,-111.84485682,1016.263,True,"[11.26112702, 0.0, 0.0, -0.0, 8.95044508, 8.4728323, 0.0, 0.0, 8.4728323]",32.0,0.0,local
1474_53,bulk,-74.4483911,235.889,True,"[4.95070107, 0.0, 0.0, -0.0, 18.73252293, 10.00726193, 0.0, 0.0, 5.00363097]",16.0,6.875e-07,local
1476_5,bulk,-229.48380088,843.494,True,"[5.83313898, 0.0, 0.0, 0.0, 11.66627795, -5.83313898, 0.0, 0.0, 5.83313898]",32.0,0.226226075,local
1478_1,bulk,-41.85944887,132.772,True,"[6.56709722, 0.0, -6.56709722, -0.0, 6.56709722, -6.56709722, 0.0, 0.0, 6.56709722]",16.0,9.23125e-06,local
1482_61,bulk,-72.9341116,339.046,True,"[4.44278001, 0.0, 0.0, 0.0, 17.31256784, 0.0, 0.0, 0.0, 4.22824963]",16.0,3.519375e-05,local
1483_3,bulk,-173.93104006,275.344,True,"[6.29082237, 0.0, 0.0, 0.0, 6.29082237, -6.29082237, 0.0, 0.0, 6.29082237]",16.0,1.71e-05,local
1488_12,bulk,-136.96001856,8999.131,True,"[3.61514315, 0.0, 0.0, 0.0, 14.62255802, -3.61514315, 0.0, 0.0, 3.61514315]",16.0,0.3270959875,local
1488_15,bulk,-67.20391832,475.274,False,"[3.61514315, 0.0, 0.0, -0.0, 7.31127901, -7.2302863, 0.0, 0.0, 3.61514315]",8.0,0.640061825,local
1488_4,bulk,-67.23171307,4129.155,False,"[7.31127901, 0.0, 0.0, 0.0, 3.61514315, -3.61514315, 0.0, 0.0, 3.61514315]",8.0,0.493657925,local
1490_0,bulk,-187.61589051,145.74,True,"[6.41424985, 0.0, -6.41424985, -0.0, 6.41424985, -6.41424985, 0.0, 0.0, 6.41424985]",16.0,2.475e-05,local
1490_3,bulk,-187.60606701,131.824,True,"[6.41424985, 0.0, 0.0, 0.0, 6.41424985, -6.41424985, 0.0, 0.0, 6.41424985]",16.0,2.546875e-05,local
1492_43,bulk,-100.24311946,333.072,True,"[7.20150755, 0.0, 0.0, -0.0, 17.83573035, 5.34559164, 0.0, 0.0, 5.34559164]",32.0,1.476875e-05,local
1492_7,bulk,-50.12074215,85.162,True,"[5.34559164, 0.0, 0.0, 0.0, 8.91786518, -7.20150755, 0.0, 0.0, 7.20150755]",16.0,0.00010984375,local
1494_0,bulk,-137.15019207,324.366,True,"[4.55472138, 0.0, -3.20906027, -0.0, 13.614145, -3.20906027, 0.0, 0.0, 3.20906027]",12.0,8.3075e-05,local
1494_6,bulk,-137.12969777,220.869,True,"[13.614145, 0.0, 0.0, 0.0, 4.55472138, -3.20906027, 0.0, 0.0, 3.20906027]",12.0,4.31e-05,local
1496_13,bulk,-131.68337945,186.118,True,"[4.20881024, 0.0, 0.0, 0.0, 20.87517472, -4.20881024, 0.0, 0.0, 4.20881024]",20.0,4e-07,local
1496_14,bulk,-131.68337945,235.988,True,"[4.20881024, 0.0, 0.0, 0.0, 20.87517472, -4.20881024, 0.0, 0.0, 4.20881024]",20.0,4e-07,local
1497_12,bulk,-141.84788,274.902,True,"[9.418896, 0.0, 0.0, 4.7322093, 8.67990768, 3.98558924, 0.0, 0.0, 3.98558924]",20.0,0.000326525,local
1497_31,bulk,-141.84830267,571.406,True,"[9.88608124, 0.0, -7.97117847, 5.37750133, 8.26972243, 0.0, 0.0, 0.0, 3.98558924]",20.0,2.16e-06,local
1497_74,bulk,-283.69639283,1613.158,True,"[3.98558924, 0.0, 0.0, 0.0, 17.35981537, -0.04552261, 0.0, 0.0, 9.418896]",40.0,1.42825e-05,local
1498_3,bulk,-70.24511336,157.054,True,"[6.08895082, 0.0, 0.0, 0.0, 6.08895082, -6.08895082, 0.0, 0.0, 6.08895082]",16.0,1.64125e-05,local
1500_34,bulk,-143.82525115,486.328,True,"[9.72550433, 0.0, -7.51785043, 6.77460083, 8.15936249, 0.0, 0.0, 0.0, 3.75892521]",18.0,1.111111111111111e-08,local
1500_35,bulk,-143.82525115,356.696,True,"[9.72550433, 0.0, -7.51785043, 6.77460083, 8.15936249, 0.0, 0.0, 0.0, 3.75892521]",18.0,1.111111111111111e-08,local
1500_46,bulk,-287.63757772,1512.613,True,"[3.75892521, 0.0, 0.0, 0.0, 16.31872498, -15.62731133, 0.0, 0.0, 9.72550433]",36.0,2.0583333333333332e-06,local
1502_12,bulk,-92.5589413,108.881,True,"[7.03444507, 0.0, 0.0, 0.0, 10.05327091, -4.02305014, 0.0, 0.0, 4.02305014]",16.0,2.8725e-05,local
1502_24,bulk,-92.55792629,119.053,True,"[10.05327091, 0.0, 0.0, 0.0, 7.03444507, -4.02305014, 0.0, 0.0, 4.02305014]",16.0,5.825e-06,local
1502_40,bulk,-185.11583885,335.745,True,"[10.82835114, 0.0, 0.0, 2.98936231, 7.47017018, 7.03444507, 0.0, 0.0, 7.03444507]",32.0,3.2375e-05,local
1503_30,bulk,-156.85373546,234.309,True,"[3.91598859, 0.0, 0.0, 0.0, 11.40233074, -13.16627744, 0.0, 0.0, 6.58313872]",18.0,1.388888888888889e-07,local
1503_31,bulk,-156.85373546,224.019,True,"[3.91598859, 0.0, 0.0, 0.0, 11.40233074, -13.16627744, 0.0, 0.0, 6.58313872]",18.0,1.388888888888889e-07,local
1503_6,bulk,-156.76848579,202.359,True,"[5.70116537, 0.0, -9.87470808, -0.0, 7.83197718, -6.58313872, 0.0, 0.0, 6.58313872]",18.0,3.8333333333333335e-07,local
1507_50,bulk,-174.62492451,517.141,True,"[4.01417962, 0.0, 0.0, 0.0, 13.40015673, -9.54886921, 0.0, 0.0, 9.54886921]",32.0,1.06875e-06,local
1507_55,bulk,-174.61964566,589.758,True,"[4.01417962, 0.0, 0.0, -0.0, 19.09773842, 6.70007837, 0.0, 0.0, 6.70007837]",32.0,7.290625e-06,local
1513_17,bulk,-64.47873703,273.285,True,"[3.67777551, 0.0, 0.0, 0.0, 12.94523355, -3.67777551, 0.0, 0.0, 3.67777551]",12.0,0.5763269583333334,local
1513_3,bulk,-64.47849501,395.508,True,"[3.67777551, 0.0, -3.67777551, -0.0, 12.94523355, -3.67777551, 0.0, 0.0, 3.67777551]",12.0,0.5984735250000001,local
1513_5,bulk,-64.47849501,382.841,True,"[3.67777551, 0.0, -3.67777551, -0.0, 12.94523355, -3.67777551, 0.0, 0.0, 3.67777551]",12.0,0.5984735250000001,local
1516_0,bulk,-96.00019492,244.93,True,"[3.79055058, 0.0, -3.79055058, -0.0, 14.89476626, -3.79055058, 0.0, 0.0, 3.79055058]",12.0,3.3333333333333334e-08,local
1518_16,bulk,-148.39481506,676.043,True,"[31.11675839, 0.0, 0.0, 1.92062919, 7.4883201, 7.08370025, 0.0, 0.0, 7.08370025]",40.0,4.3749999999999994e-07,local
1518_33,bulk,,,False,,,,local
1518_47,bulk,-148.39185235,1625.253,True,"[15.07057479, 0.0, 0.0, -0.0, 15.46140414, 7.08370025, 0.0, 0.0, 7.08370025]",40.0,0.0,local
1519_1,bulk,-65.41263331,68.161,True,"[6.34329845, 0.0, -6.34329845, -0.0, 6.34329845, -6.34329845, 0.0, 0.0, 6.34329845]",16.0,0.0001947375,local
1519_6,bulk,-65.43532325,66.563,True,"[6.34329845, 0.0, 0.0, -0.0, 6.34329845, 6.34329845, 0.0, 0.0, 6.34329845]",16.0,0.00017959375,local
1519_8,bulk,-130.88857504,318.096,True,"[6.34329845, 0.0, 0.0, 0.0, 12.68659689, -6.34329845, 0.0, 0.0, 6.34329845]",32.0,9.06875e-06,local
1523_24,bulk,-151.53140925,288.167,True,"[5.92311362, 0.0, -3.41971124, 0.0, 22.39193763, -6.83942248, 0.0, 0.0, 6.83942248]",30.0,0.6006286200000001,local
1523_25,bulk,-151.53140925,284.748,True,"[5.92311362, 0.0, -3.41971124, 0.0, 22.39193763, -6.83942248, 0.0, 0.0, 6.83942248]",30.0,0.6006286200000001,local
1523_26,bulk,-151.53140925,294.713,True,"[5.92311362, 0.0, -3.41971124, 0.0, 22.39193763, -6.83942248, 0.0, 0.0, 6.83942248]",30.0,0.6006286200000001,local
1535_21,bulk,-62.12355737,55.931,True,"[7.02663706, 0.0, 0.0, -0.0, 7.02663706, 2.76072908, 0.0, 0.0, 2.76072908]",10.0,2.348e-05,local
1535_5,bulk,-62.11220291,59.942,True,"[9.93716543, 0.0, 0.0, 4.96858271, 4.96858271, 5.52145815, 0.0, 0.0, 2.76072908]",10.0,1.6e-06,local
1537_41,bulk,-158.47525011,246.092,True,"[13.41555433, 0.0, 0.0, 0.0, 7.7454739, -3.56948539, 0.0, 0.0, 3.56948539]",18.0,0.00015903333333333331,local
1537_42,bulk,-158.47525011,297.474,True,"[13.41555433, 0.0, 0.0, 0.0, 7.7454739, -3.56948539, 0.0, 0.0, 3.56948539]",18.0,0.00015903333333333331,local
1537_44,bulk,-158.47795715,369.807,True,"[7.7454739, 0.0, 0.0, 7.7454739, 13.41555433, 3.56948539, 0.0, 0.0, 3.56948539]",18.0,0.0001564,local
1539_2,bulk,-67.05103788,395.769,True,"[4.0346703, 0.0, -4.0346703, 0.0, 31.21873285, -4.0346703, 0.0, 0.0, 4.0346703]",20.0,3.08e-06,local
1540_6,bulk,-117.1130693,42.777,True,"[5.9157063, 0.0, 0.0, 0.0, 5.9157063, 0.0, 0.0, 0.0, 5.9157063]",16.0,1.45875e-05,local
1541_0,bulk,-117.09795569,149.416,True,"[6.33578754, 0.0, -6.33578754, -0.0, 6.33578754, -6.33578754, 0.0, 0.0, 6.33578754]",16.0,2.43125e-06,local
1542_3,bulk,-119.0141404,184.895,True,"[6.91444456, 0.0, 0.0, 0.0, 6.91444456, -6.91444456, 0.0, 0.0, 6.91444456]",16.0,5.64375e-06,local
1543_0,bulk,-122.89000376,153.938,True,"[5.91186847, 0.0, -5.91186847, -0.0, 5.91186847, -5.91186847, 0.0, 0.0, 5.91186847]",16.0,2.131875e-05,local
1543_1,bulk,-122.89000376,126.853,True,"[5.91186847, 0.0, -5.91186847, -0.0, 5.91186847, -5.91186847, 0.0, 0.0, 5.91186847]",16.0,2.131875e-05,local
1545_6,bulk,-123.71285925,60.12,True,"[6.08611208, 0.0, 0.0, 0.0, 6.08611208, 0.0, 0.0, 0.0, 6.08611208]",16.0,1.0136017375,local
1547_5,bulk,-194.4392684,381.528,True,"[6.6255389, 0.0, 0.0, 0.0, 13.2510778, -6.6255389, 0.0, 0.0, 6.6255389]",32.0,3.0725e-05,local
1548_10,bulk,-123.98016616,259.288,True,"[5.62031615, 0.0, -9.73467313, -0.0, 7.9258494, -6.48978209, 0.0, 0.0, 6.48978209]",18.0,0.5933154444444444,local
1548_17,bulk,-124.01012446,365.619,True,"[17.17034946, 0.0, 0.0, 4.90581413, 4.24855966, 3.9629247, 0.0, 0.0, 3.9629247]",18.0,0.6162068722222221,local
1548_9,bulk,-123.98016616,371.935,True,"[5.62031615, 0.0, -9.73467313, -0.0, 7.9258494, -6.48978209, 0.0, 0.0, 6.48978209]",18.0,0.5933154444444444,local
1549_3,bulk,-47.48064928,93.548,True,"[6.58290569, 0.0, -6.58290569, -0.0, 6.58290569, -6.58290569, 0.0, 0.0, 6.58290569]",16.0,1.3225e-05,local
1552_15,bulk,-59.77599491,39.345,True,"[3.53084464, 0.0, -2.0385341, -0.0, 10.96762696, -4.0770682, 0.0, 0.0, 4.0770682]",12.0,0.00024850833333333336,local
1552_17,bulk,-29.87743911,17.689,True,"[3.53084464, 0.0, -2.0385341, 0.0, 5.48381348, 0.0, 0.0, 0.0, 4.0770682]",6.0,1.8933333333333334e-05,local
1558_14,bulk,-94.27903816,343.217,True,"[5.04705608, 0.0, 0.0, 5.04705608, 5.04705608, 7.12300227, 0.0, 0.0, 7.12300227]",16.0,2.76375e-05,local
1561_29,bulk,-120.88363214,266.063,True,"[7.75528314, 0.0, 0.0, -0.0, 15.51056627, 3.71393093, 0.0, 0.0, 3.71393093]",20.0,2.045e-06,local
1567_1,bulk,-109.05317816,96.615,True,"[5.39251421, 0.0, -5.39251421, -0.0, 5.39251421, -5.39251421, 0.0, 0.0, 5.39251421]",16.0,0.272761475,local
1567_6,bulk,-109.05132766,31.217,True,"[5.39251421, 0.0, 0.0, 0.0, 5.39251421, 0.0, 0.0, 0.0, 5.39251421]",16.0,0.26322541875,local
1569_3,bulk,-27.94313612,94.599,True,"[6.71047483, 0.0, 0.0, 0.0, 6.71047483, -6.71047483, 0.0, 0.0, 6.71047483]",16.0,3.239375e-05,local
1572_10,bulk,,,False,,,,local
1572_12,bulk,,,False,,,,local
1572_1,bulk,-100.34041724,96.792,True,"[7.18221431, 0.0, -12.43996009, -0.0, 12.75008221, -8.29330673, 0.0, 0.0, 8.29330673]",20.0,3.2029999999999997e-05,local
1573_0,bulk,-98.41530374,164.275,True,"[6.9628797, 0.0, -6.9628797, -0.0, 6.9628797, -6.9628797, 0.0, 0.0, 6.9628797]",16.0,3.31875e-06,local
1574_0,bulk,-118.20556991,163.147,True,"[6.20926474, 0.0, -6.20926474, -0.0, 6.20926474, -6.20926474, 0.0, 0.0, 6.20926474]",16.0,1.6925e-05,local
1574_6,bulk,-118.20874061,91.261,True,"[6.20926474, 0.0, 0.0, 0.0, 6.20926474, 0.0, 0.0, 0.0, 6.20926474]",16.0,4.125e-06,local
1580_0,bulk,-95.4914693,170.768,True,"[6.4512105, 0.0, -6.4512105, -0.0, 6.4512105, -6.4512105, 0.0, 0.0, 6.4512105]",16.0,1.37875e-05,local
1581_23,bulk,-160.54113207,489.345,True,"[14.41812179, 0.0, 0.0, 0.0, 12.41958298, -6.50964526, 0.0, 0.0, 6.50964526]",40.0,6.975e-07,local
1581_5,bulk,-160.53464328,472.96,True,"[14.41812179, 0.0, -6.50964526, -0.0, 12.41958298, -6.50964526, 0.0, 0.0, 6.50964526]",40.0,8.825000000000001e-06,local
1582_12,bulk,-163.5950891,539.515,True,"[5.19674473, 0.0, 0.0, 0.0, 12.98018821, -6.4900941, 0.0, 0.0, 6.4900941]",28.0,0.00010795,local
1582_17,bulk,-81.79154027,133.797,True,"[6.4900941, 0.0, 0.0, -0.0, 6.4900941, 5.19674473, 0.0, 0.0, 5.19674473]",14.0,0.00015985714285714285,local
1587_17,bulk,-78.82771243,514.024,True,"[7.51704973, 0.0, 0.0, -0.0, 17.14701432, 4.33997069, 0.0, 0.0, 4.33997069]",24.0,0.00015910416666666666,local
1587_2,bulk,-39.23648906,157.332,True,"[17.14701432, 0.0, 0.0, 0.0, 3.75852487, -6.50995603, 0.0, 0.0, 4.33997069]",12.0,9.645e-05,local
1592_1,bulk,-57.32667122,85.657,True,"[6.04740986, 0.0, -6.04740986, -0.0, 6.04740986, -6.04740986, 0.0, 0.0, 6.04740986]",16.0,4.7625e-06,local
1595_0,bulk,-63.79146859,148.076,True,"[6.52607001, 0.0, -6.52607001, -0.0, 6.52607001, -6.52607001, 0.0, 0.0, 6.52607001]",16.0,2.18875e-05,local
1595_1,bulk,-63.79146859,107.451,True,"[6.52607001, 0.0, -6.52607001, -0.0, 6.52607001, -6.52607001, 0.0, 0.0, 6.52607001]",16.0,2.18875e-05,local
1596_3,bulk,-62.58256709,97.473,True,"[6.23981856, 0.0, 0.0, 0.0, 6.23981856, -6.23981856, 0.0, 0.0, 6.23981856]",16.0,1.829375e-05,local
1596_5,bulk,-125.18651601,298.467,True,"[6.23981856, 0.0, 0.0, 0.0, 12.47963711, -6.23981856, 0.0, 0.0, 6.23981856]",32.0,2.578125e-06,local
1597_37,bulk,-97.61765933,180.854,True,"[8.60746583, 0.0, 0.0, 8.60746583, 8.60746583, 12.00928936, 0.0, 0.0, 12.00928936]",28.0,1.2346428571428571e-05,local
1597_38,bulk,-97.61765933,207.507,True,"[8.60746583, 0.0, 0.0, 8.60746583, 8.60746583, 12.00928936, 0.0, 0.0, 12.00928936]",28.0,1.2346428571428571e-05,local
1597_39,bulk,-97.61765933,223.855,True,"[8.60746583, 0.0, 0.0, 8.60746583, 8.60746583, 12.00928936, 0.0, 0.0, 12.00928936]",28.0,1.2346428571428571e-05,local
1599_0,bulk,-83.94056723,60.29,True,"[5.89242947, 0.0, 5.89242947, 5.89242947, 5.89242947, -0.0, 0.0, 0.0, 5.89242947]",12.0,7.666666666666667e-07,local
1601_41,bulk,-86.89849217,1105.503,True,"[11.43280105, 0.0, 0.0, 3.65906627, 8.38319673, 8.12091148, 0.0, 0.0, 8.12091148]",32.0,1.0625e-07,local
1601_43,bulk,-86.94582174,700.504,True,"[10.47817978, 0.0, 0.0, -0.0, 9.14695323, 8.12091148, 0.0, 0.0, 8.12091148]",32.0,5.3125e-08,local
1602_12,bulk,-167.72682208,561.743,True,"[5.1938183, 0.0, 0.0, 0.0, 12.93067362, -6.46533681, 0.0, 0.0, 6.46533681]",28.0,6.324642857142857e-05,local
1602_15,bulk,-83.85495047,124.578,True,"[6.46533681, 0.0, 0.0, -0.0, 6.46533681, 5.1938183, 0.0, 0.0, 5.1938183]",14.0,4.5971428571428574e-05,local
1602_1,bulk,-83.85357161,155.315,True,"[9.143367, 0.0, 0.0, 4.5716835, 4.5716835, 5.1938183, 0.0, 0.0, 5.1938183]",14.0,5.514285714285714e-05,local
1605_33,bulk,-181.85066347,371.919,True,"[5.11586884, 0.0, 0.0, -0.0, 10.49819478, -8.12789024, 0.0, 0.0, 8.12789024]",32.0,9.15625e-07,local
1605_37,bulk,-90.92169816,76.319,True,"[5.11586884, 0.0, 0.0, 0.0, 8.12789024, 0.0, 0.0, 0.0, 5.24909739]",16.0,1.59375e-05,local
1605_7,bulk,-90.92989858,95.826,True,"[5.24909739, 0.0, 0.0, 0.0, 8.12789024, -5.11586884, 0.0, 0.0, 5.11586884]",16.0,1.333125e-05,local
1609_29,bulk,-213.86691156,1457.228,True,"[7.67703586, 0.0, -0.05149146, -0.0, 19.36209059, -5.58184815, 0.0, 0.0, 5.58184815]",36.0,9.166666666666667e-08,local
1609_57,bulk,-213.91876923,905.764,True,"[11.17489441, 0.0, 0.03743776, 5.57600386, 9.6711266, 7.75208406, 0.0, 0.0, 7.67720854]",36.0,4.638888888888888e-06,local
1609_58,bulk,-213.91876923,920.43,True,"[11.17489441, 0.0, 0.03743776, 5.57600386, 9.6711266, 7.75208406, 0.0, 0.0, 7.67720854]",36.0,4.638888888888888e-06,local
1610_0,bulk,-87.47098434,166.633,True,"[10.02946028, 0.0, 5.80003259, 11.72649892, 7.60465303, 0.0, 0.0, 0.0, 5.80003259]",20.0,3.119e-05,local
1610_14,bulk,-87.47046953,138.299,True,"[10.02946028, 0.0, -5.80003259, 8.33242164, 7.60465303, 0.0, 0.0, 0.0, 5.80003259]",20.0,3.101e-05,local
1610_68,bulk,-174.89018565,1065.908,True,"[11.37799403, 0.0, -2.18442288, 16.84275275, 9.97973749, 3.42286059, 0.0, 0.0, 7.79170635]",40.0,1.5e-07,local
1613_20,bulk,-52.16368343,249.882,True,"[19.53027959, 0.0, 0.0, 5.58007988, 4.83249093, 4.50995916, 0.0, 0.0, 4.50995916]",18.0,7.926666666666666e-05,local
1613_44,bulk,-52.16017167,178.589,True,"[12.78556922, 0.0, 0.0, 0.0, 7.38175183, -4.50995916, 0.0, 0.0, 4.50995916]",18.0,7.468888888888889e-05,local
1613_5,bulk,-52.18297913,286.505,True,"[6.39278461, 0.0, -11.07262775, -0.0, 9.01991832, -7.38175183, 0.0, 0.0, 7.38175183]",18.0,3.6944444444444446e-06,local
1615_16,bulk,-133.84081703,391.118,True,"[4.08329343, 0.0, 0.0, 0.0, 32.85806659, -4.29065514, 0.0, 0.0, 4.29065514]",24.0,6.8675e-05,local
1615_18,bulk,-133.85863288,884.664,True,"[16.4290333, 0.0, 0.0, 0.0, 8.16658685, -4.29065514, 0.0, 0.0, 4.29065514]",24.0,1.25e-07,local
1618_1,bulk,-176.50757796,159.504,True,"[6.4531014, 0.0, -6.4531014, -0.0, 6.4531014, -6.4531014, 0.0, 0.0, 6.4531014]",16.0,1.010625e-05,local
1619_0,bulk,-81.03212579,47.787,True,"[6.26614105, 0.0, -6.26614105, -0.0, 6.26614105, -6.26614105, 0.0, 0.0, 6.26614105]",16.0,2.459375e-05,local
1621_5,bulk,-326.10576349,411.695,True,"[6.38897905, 0.0, 0.0, 0.0, 12.77795811, -6.38897905, 0.0, 0.0, 6.38897905]",32.0,8.096875e-06,local
1624_4,bulk,-41.26180738,265.122,True,"[10.80741175, 0.0, -4.44733268, -0.0, 8.30440075, -4.44733268, 0.0, 0.0, 4.44733268]",16.0,6.1875e-07,local
1624_50,bulk,-82.55307112,657.184,True,"[4.44733268, 0.0, 0.0, 0.0, 16.60880149, -10.80741175, 0.0, 0.0, 10.80741175]",32.0,6.25e-07,local
1624_9,bulk,-41.25586964,236.949,True,"[8.30440075, 0.0, 0.0, 0.0, 10.80741175, -4.44733268, 0.0, 0.0, 4.44733268]",16.0,0.00013469375,local
1625_1,bulk,-53.71927259,134.885,True,"[6.7798159, 0.0, -6.7798159, -0.0, 6.7798159, -6.7798159, 0.0, 0.0, 6.7798159]",16.0,3.053125e-05,local
1625_3,bulk,-53.71530038,116.476,True,"[6.7798159, 0.0, 0.0, -0.0, 6.7798159, 6.7798159, 0.0, 0.0, 6.7798159]",16.0,1.436875e-05,local
1625_5,bulk,-107.42769287,437.946,True,"[6.7798159, 0.0, 0.0, 0.0, 13.55963179, -6.7798159, 0.0, 0.0, 6.7798159]",32.0,4.9671875e-05,local
1626_24,bulk,-94.14942778,245.382,True,"[5.55491778, 0.0, 0.0, 0.0, 8.02963028, -5.55491778, 0.0, 0.0, 5.55491778]",16.0,6.15625e-06,local
1626_27,bulk,-188.30244034,928.76,True,"[5.55491778, 0.0, 0.0, 0.0, 16.05926055, -5.55491778, 0.0, 0.0, 5.55491778]",32.0,2.09375e-07,local
1626_30,bulk,-188.29843097,913.716,True,"[7.85584006, 0.0, 0.0, 7.85584006, 7.85584006, 8.02963028, 0.0, 0.0, 8.02963028]",32.0,3.125e-09,local
1633_10,bulk,-124.90997981,456.486,True,"[7.7598599, 0.0, -3.87992995, -0.0, 13.04583859, -3.87992995, 0.0, 0.0, 3.87992995]",24.0,0.6949538458333334,local
1638_53,bulk,-76.12699025,346.279,True,"[6.66838832, 0.0, 0.0, -0.0, 14.07671751, 11.61848008, 0.0, 0.0, 5.80924004]",20.0,8.450000000000001e-07,local
1638_54,bulk,-76.12699025,304.01,True,"[6.66838832, 0.0, 0.0, -0.0, 14.07671751, 11.61848008, 0.0, 0.0, 5.80924004]",20.0,8.450000000000001e-07,local
1638_7,bulk,-152.25430251,1005.589,True,"[14.07671751, 0.0, -6.66838832, -0.0, 11.61848008, -6.66838832, 0.0, 0.0, 6.66838832]",40.0,5.1425e-06,local
1639_2,bulk,-188.33258824,305.065,True,"[6.83843635, 0.0, -6.83843635, -0.0, 6.83843635, -6.83843635, 0.0, 0.0, 6.83843635]",24.0,1.0146143583333334,local
1639_8,bulk,-188.33870531,283.051,True,"[6.83843635, 0.0, 0.0, 0.0, 6.83843635, -6.83843635, 0.0, 0.0, 6.83843635]",24.0,1.0168694458333334,local
1640_13,bulk,-150.32783939,772.624,True,"[20.69043898, 0.0, 0.0, 5.91155399, 5.11955594, 3.67178713, 0.0, 0.0, 3.67178713]",18.0,3.8055555555555556e-06,local
1641_0,bulk,-185.28599677,207.104,True,"[6.28269399, 0.0, -6.28269399, -0.0, 6.28269399, -6.28269399, 0.0, 0.0, 6.28269399]",16.0,0.00012461875,local
1644_2,bulk,-90.10485911,317.423,True,"[4.6148228, 0.0, -4.6148228, -0.0, 23.50876143, -4.6148228, 0.0, 0.0, 4.6148228]",20.0,3.66e-06,local
1645_4,bulk,-77.40565643,52.897,True,"[13.74398159, 0.0, 0.0, 6.87199079, 3.96754574, 6.69403846, 0.0, 0.0, 3.34701923]",9.0,3.94e-05,local
1645_5,bulk,-77.40565643,53.274,True,"[13.74398159, 0.0, 0.0, 6.87199079, 3.96754574, 6.69403846, 0.0, 0.0, 3.34701923]",9.0,3.94e-05,local
1646_0,bulk,-72.02544408,62.757,True,"[6.06034384, 0.0, -6.06034384, -0.0, 6.06034384, -6.06034384, 0.0, 0.0, 6.06034384]",16.0,6.3125e-07,local
1647_21,bulk,-48.83728151,87.295,True,"[7.30616336, 0.0, 0.0, -0.0, 7.30616336, 6.88327766, 0.0, 0.0, 3.44163883]",10.0,1.4760000000000001e-05,local
1649_18,bulk,-61.15989957,140.945,True,"[4.09119793, 0.0, -4.09119793, 0.0, 14.86968193, -8.18239586, 0.0, 0.0, 4.09119793]",10.0,2.4e-07,local
1662_13,bulk,-60.48388122,103.034,True,"[6.12476559, 0.0, 0.0, 0.0, 7.49992585, -3.74996293, 0.0, 0.0, 3.74996293]",12.0,0.006716291666666666,local
1668_0,bulk,-61.51331102,94.84,True,"[6.02172832, 0.0, -6.02172832, -0.0, 6.02172832, -6.02172832, 0.0, 0.0, 6.02172832]",16.0,2.01625e-05,local
1675_3,bulk,-188.50354566,336.142,True,"[6.33705022, 0.0, -6.33705022, 0.0, 12.67410044, -6.33705022, 0.0, 0.0, 6.33705022]",24.0,2.593333333333333e-05,local
1675_5,bulk,-94.25541643,73.214,True,"[6.33705022, 0.0, 0.0, 0.0, 6.33705022, -6.33705022, 0.0, 0.0, 6.33705022]",12.0,0.00020616666666666667,local
1675_7,bulk,-188.51315455,313.661,True,"[6.33705022, 0.0, 0.0, 0.0, 12.67410044, -6.33705022, 0.0, 0.0, 6.33705022]",24.0,3.0566666666666667e-05,local
1676_43,bulk,-126.50073062,424.522,True,"[11.92546004, 0.0, 0.0, 0.0, 6.88516756, -3.44746566, 0.0, 0.0, 3.44746566]",18.0,1.0555555555555555e-07,local
1676_6,bulk,-126.50726266,561.171,True,"[5.96273002, 0.0, -10.32775135, -0.0, 6.89493133, -6.88516756, 0.0, 0.0, 6.88516756]",18.0,1.111111111111111e-08,local
1676_7,bulk,-126.50726266,493.93,True,"[5.96273002, 0.0, -10.32775135, -0.0, 6.89493133, -6.88516756, 0.0, 0.0, 6.88516756]",18.0,1.111111111111111e-08,local
1678_13,bulk,-97.18490473,434.46,True,"[9.09797043, 0.0, 0.0, 0.0, 7.60857992, -3.80428996, 0.0, 0.0, 3.80428996]",16.0,0.0,local
1678_22,bulk,-48.58470116,161.085,True,"[3.80428996, 0.0, -3.80428996, -0.0, 9.09797043, -7.60857992, 0.0, 0.0, 3.80428996]",8.0,3.1125e-06,local
1681_3,bulk,-56.51425962,49.189,True,"[6.48583848, 0.0, 0.0, 0.0, 6.48583848, -6.48583848, 0.0, 0.0, 6.48583848]",16.0,2.364375e-05,local
1681_5,bulk,-113.06627106,150.487,True,"[6.48583848, 0.0, 0.0, 0.0, 12.97167697, -6.48583848, 0.0, 0.0, 6.48583848]",32.0,3.596875e-05,local
1683_6,bulk,-109.85984166,33.36,True,"[5.69616085, 0.0, 0.0, 0.0, 5.69616085, 0.0, 0.0, 0.0, 5.69616085]",16.0,1.24650534375,local
1686_15,bulk,-116.70749193,212.676,True,"[3.945392, 0.0, 0.0, 0.0, 21.48123917, -3.945392, 0.0, 0.0, 3.945392]",20.0,1.6235e-05,local
1689_14,bulk,-100.95691871,493.443,True,"[5.15182138, 0.0, 0.0, 5.15182138, 5.15182138, 7.21298148, 0.0, 0.0, 7.21298148]",16.0,6.25e-09,local
1693_0,bulk,-52.3365124,76.432,True,"[5.91054859, 0.0, -5.91054859, -0.0, 5.91054859, -5.91054859, 0.0, 0.0, 5.91054859]",16.0,1.78e-05,local
1696_17,bulk,-121.34187497,805.952,True,"[20.16480945, 0.0, 0.0, 5.76137413, 4.98949636, 3.80174871, 0.0, 0.0, 3.80174871]",18.0,8.277777777777777e-07,local
1696_7,bulk,-60.67217368,49.272,True,"[13.20096653, 0.0, 0.0, 6.60048326, 3.81079079, 7.60349741, 0.0, 0.0, 3.80174871]",9.0,2.7277777777777777e-05,local
1696_8,bulk,-60.67217368,70.163,True,"[13.20096653, 0.0, 0.0, 6.60048326, 3.81079079, 7.60349741, 0.0, 0.0, 3.80174871]",9.0,2.7277777777777777e-05,local
1697_1,bulk,-127.54428595,96.875,True,"[6.15776055, 0.0, -6.15776055, -0.0, 6.15776055, -6.15776055, 0.0, 0.0, 6.15776055]",16.0,4.15e-06,local
1701_45,bulk,-128.98474034,1592.128,True,"[12.59214885, 0.0, 0.0, 3.20524684, 8.39334756, 8.17411989, 0.0, 0.0, 8.17411989]",32.0,6.25e-09,local
1702_3,bulk,-71.88532194,330.003,True,"[3.13783318, 0.0, 3.13783318, 3.13783318, 15.86704643, 0.0, 0.0, 0.0, 3.13783318]",12.0,6.1583333333333325e-06,local
1703_0,bulk,-129.87356389,122.088,True,"[5.9134586, 0.0, -5.9134586, -0.0, 5.9134586, -5.9134586, 0.0, 0.0, 5.9134586]",16.0,4.313125e-05,local
1703_1,bulk,-129.87356389,121.716,True,"[5.9134586, 0.0, -5.9134586, -0.0, 5.9134586, -5.9134586, 0.0, 0.0, 5.9134586]",16.0,4.313125e-05,local
1704_3,bulk,-186.31089713,182.629,True,"[6.31532923, 0.0, 0.0, 0.0, 6.31532923, -6.31532923, 0.0, 0.0, 6.31532923]",16.0,5.243125e-05,local
1705_1,bulk,-121.96532138,133.414,True,"[6.54139589, 0.0, -6.54139589, -0.0, 6.54139589, -6.54139589, 0.0, 0.0, 6.54139589]",16.0,0.00015915,local
1705_6,bulk,-122.13992362,36.706,True,"[6.54139589, 0.0, 0.0, 0.0, 6.54139589, 0.0, 0.0, 0.0, 6.54139589]",16.0,1.126875e-05,local
1706_1,bulk,-45.56336804,95.701,True,"[3.95984947, 0.0, -6.85866047, -0.0, 16.87267009, -4.57244031, 0.0, 0.0, 4.57244031]",12.0,5.783333333333334e-06,local
1708_6,bulk,-70.17926049,99.538,True,"[13.50551879, 0.0, 0.0, 6.75275939, 3.89870745, 7.33608632, 0.0, 0.0, 3.66804316]",9.0,1.3333333333333333e-05,local
1708_8,bulk,-70.17926049,71.561,True,"[13.50551879, 0.0, 0.0, 6.75275939, 3.89870745, 7.33608632, 0.0, 0.0, 3.66804316]",9.0,1.3333333333333333e-05,local
1712_38,bulk,-212.44212613,563.297,True,"[8.54579886, 0.0, 0.0, -0.0, 9.26278365, -8.54579886, 0.0, 0.0, 8.54579886]",36.0,0.0,local
1712_52,bulk,-106.21133936,91.952,True,"[8.54579886, 0.0, 0.0, 0.0, 8.54579886, 0.0, 0.0, 0.0, 4.63139183]",18.0,7.761111111111112e-06,local
1714_10,bulk,-132.0469942,179.819,True,"[8.32921082, 0.0, 0.0, 0.0, 6.03063935, -10.44537375, 0.0, 0.0, 6.9635825]",24.0,3.1541666666666664e-06,local
1714_40,bulk,-132.07451365,175.8,True,"[6.03063935, 0.0, -3.48179125, -0.0, 8.32921082, -6.9635825, 0.0, 0.0, 6.9635825]",24.0,3.995833333333333e-06,local
1717_0,bulk,-93.72157939,151.867,True,"[6.21699697, 0.0, 6.21699697, 6.21699697, 6.21699697, -0.0, 0.0, 0.0, 6.21699697]",16.0,1.06625e-05,local
1717_1,bulk,-93.72157939,235.289,True,"[6.21699697, 0.0, 6.21699697, 6.21699697, 6.21699697, -0.0, 0.0, 0.0, 6.21699697]",16.0,1.06625e-05,local
1720_22,bulk,-46.00062413,50.701,True,"[3.19424034, 0.0, -3.19424034, -0.0, 8.07830149, -6.38848067, 0.0, 0.0, 3.19424034]",6.0,2.8333333333333335e-06,local
1720_23,bulk,-46.00062413,56.434,True,"[3.19424034, 0.0, -3.19424034, -0.0, 8.07830149, -6.38848067, 0.0, 0.0, 3.19424034]",6.0,2.8333333333333335e-06,local
1720_8,bulk,-92.00390965,103.515,True,"[6.38848067, 0.0, -3.19424034, -0.0, 8.07830149, -3.19424034, 0.0, 0.0, 3.19424034]",12.0,3.333333333333333e-07,local
1723_13,bulk,-126.23545724,271.503,True,"[4.23281296, 0.0, 0.0, 0.0, 21.75665565, -4.23281296, 0.0, 0.0, 4.23281296]",20.0,6.049999999999999e-07,local
1723_14,bulk,-126.23545724,331.611,True,"[4.23281296, 0.0, 0.0, 0.0, 21.75665565, -4.23281296, 0.0, 0.0, 4.23281296]",20.0,6.049999999999999e-07,local
1723_18,bulk,-63.12433229,74.293,True,"[4.23281296, 0.0, 0.0, -0.0, 10.87832783, -8.46562591, 0.0, 0.0, 4.23281296]",10.0,7.154000000000001e-05,local
1726_18,bulk,-154.0830872,582.03,True,"[6.08357801, 0.0, 0.0, 0.0, 29.20600328, -6.57414142, 0.0, 0.0, 6.57414142]",40.0,2.75e-07,local
1726_19,bulk,-154.0830872,568.753,True,"[6.08357801, 0.0, 0.0, 0.0, 29.20600328, -6.57414142, 0.0, 0.0, 6.57414142]",40.0,2.75e-07,local
1726_6,bulk,-154.08622968,621.044,True,"[14.60300164, 0.0, -6.57414142, -0.0, 12.16715603, -6.57414142, 0.0, 0.0, 6.57414142]",40.0,6.85e-06,local
1728_38,bulk,-65.49131336,477.384,True,"[3.62865068, 0.0, -2.09500245, 0.0, 33.2285703, 8.38000979, 0.0, 0.0, 4.1900049]",24.0,9.583333333333334e-08,local
1736_7,bulk,-66.4488354,426.394,True,"[10.88475966, 0.0, -3.9788227, -0.0, 9.03683122, -3.9788227, 0.0, 0.0, 3.9788227]",16.0,7.2875e-06,local
1739_10,bulk,-88.01122777,152.286,True,"[6.88125811, 0.0, 0.0, 0.0, 10.29950435, -4.04958969, 0.0, 0.0, 4.04958969]",16.0,6.28125e-06,local
1739_55,bulk,-176.08413549,564.324,True,"[4.04958969, 0.0, 0.0, 0.0, 13.76251622, -10.29950435, 0.0, 0.0, 10.29950435]",32.0,1.40625e-07,local
1740_6,bulk,-161.02230341,71.566,True,"[6.25875209, 0.0, 0.0, 0.0, 6.25875209, 0.0, 0.0, 0.0, 6.25875209]",16.0,1.426875e-05,local
1744_1,bulk,-133.85388524,187.996,True,"[6.56180289, 0.0, -6.56180289, -0.0, 6.56180289, -6.56180289, 0.0, 0.0, 6.56180289]",16.0,9.625e-07,local
1748_18,bulk,-130.23379115,539.749,True,"[9.93810587, 0.0, 0.0, 0.0, 11.0937471, -3.95615254, 0.0, 0.0, 3.95615254]",24.0,8.333333333333333e-08,local
1748_21,bulk,-130.22870618,484.777,True,"[12.70316968, 0.0, 0.0, 4.92826383, 6.19005552, 5.54687355, 0.0, 0.0, 5.54687355]",24.0,1.3291666666666667e-05,local
1748_7,bulk,-65.11705358,66.634,True,"[5.54687355, 0.0, 0.0, 0.0, 9.93810587, -3.95615254, 0.0, 0.0, 3.95615254]",12.0,3.1725e-05,local
1759_31,bulk,-81.42035503,1056.677,True,"[10.19566911, 0.0, -8.2140188, 0.0, 6.69547243, -4.1070094, 0.0, 0.0, 4.1070094]",16.0,0.0,local
1759_41,bulk,-162.79760439,2075.733,True,"[10.99177851, 0.0, 0.0, 3.06911683, 7.61909619, 6.69547243, 0.0, 0.0, 6.69547243]",32.0,1.5625e-08,local
1760_1,bulk,-104.54346242,298.951,True,"[16.88472198, 0.0, 0.0, 0.94907246, 3.88896979, 3.97987912, 0.0, 0.0, 3.97987912]",16.0,6.25e-08,local
1760_35,bulk,-104.52127844,211.923,True,"[3.97987912, 0.0, 0.0, 0.0, 16.40332319, -8.00620374, 0.0, 0.0, 4.00310187]",16.0,4.3125e-07,local
1760_9,bulk,-104.53648747,196.935,True,"[3.97987912, 0.0, 0.0, 0.0, 16.40332319, -4.00310187, 0.0, 0.0, 4.00310187]",16.0,4.40625e-06,local
1762_44,bulk,-110.88442405,547.474,True,"[13.03448442, 0.0, 0.0, 0.0, 7.52546309, -3.94307492, 0.0, 0.0, 3.94307492]",18.0,1.1111111111111112e-06,local
1763_6,bulk,-96.05609093,66.855,True,"[6.09668273, 0.0, 0.0, 0.0, 6.09668273, 0.0, 0.0, 0.0, 6.09668273]",16.0,6.79375e-06,local
1765_1,bulk,-174.82123066,280.894,True,"[6.40256734, 0.0, -6.40256734, -0.0, 6.40256734, -6.40256734, 0.0, 0.0, 6.40256734]",16.0,7.141875e-05,local
1767_12,bulk,-81.91367854,277.435,True,"[9.93414147, 0.0, 0.0, 0.0, 6.91572806, -7.98559491, 0.0, 0.0, 3.99279746]",16.0,5.625e-08,local
1767_19,bulk,-81.90776922,279.008,True,"[3.45786403, 0.0, -1.99639873, 0.0, 19.86828294, -3.99279746, 0.0, 0.0, 3.99279746]",16.0,1.199375e-05,local
1767_20,bulk,-81.90776922,226.264,True,"[3.45786403, 0.0, -1.99639873, 0.0, 19.86828294, -3.99279746, 0.0, 0.0, 3.99279746]",16.0,1.199375e-05,local
1768_32,bulk,-181.74852813,689.097,True,"[10.04516503, 0.0, 0.0, 0.0, 15.60856675, -5.6064656, 0.0, 0.0, 5.6064656]",40.0,2.2125e-06,local
1768_34,bulk,-181.74852813,636.935,True,"[10.04516503, 0.0, 0.0, 0.0, 15.60856675, -5.6064656, 0.0, 0.0, 5.6064656]",40.0,2.2125e-06,local
1769_1,bulk,-112.01538806,176.36,True,"[6.45567297, 0.0, 6.45567297, 6.45567297, 6.45567297, -0.0, 0.0, 0.0, 6.45567297]",16.0,0.00040646875,local
1769_6,bulk,-112.10781811,42.047,True,"[6.45567297, 0.0, 0.0, 0.0, 6.45567297, 0.0, 0.0, 0.0, 6.45567297]",16.0,0.0001845875,local
1770_12,bulk,-66.83713966,257.56,True,"[8.38358619, 0.0, -4.1917931, -0.0, 14.24641934, -4.1917931, 0.0, 0.0, 4.1917931]",24.0,1.25e-08,local
1777_3,bulk,-154.5284304,408.75,True,"[3.72699825, 0.0, -3.72699825, -0.0, 19.21217105, -3.72699825, 0.0, 0.0, 3.72699825]",20.0,2.5795e-05,local
1779_4,bulk,-56.66780589,94.068,True,"[14.33385181, 0.0, 0.0, 0.0, 3.73211316, -3.73211316, 0.0, 0.0, 3.73211316]",10.0,0.31254472,local
1784_5,bulk,-148.72653229,384.391,True,"[7.9220825, 0.0, -3.96104125, 0.0, 9.534285, -3.96104125, 0.0, 0.0, 3.96104125]",20.0,0.00012783,local
1785_3,bulk,-180.81179955,231.186,True,"[6.3394547, 0.0, 0.0, -0.0, 6.3394547, 6.3394547, 0.0, 0.0, 6.3394547]",16.0,0.0001176875,local
1788_0,bulk,-80.77915361,88.943,True,"[6.3878995, 0.0, -6.3878995, -0.0, 6.3878995, -6.3878995, 0.0, 0.0, 6.3878995]",16.0,0.943778675,local
1791_13,bulk,-128.62649087,297.354,True,"[4.10264247, 0.0, 0.0, 0.0, 20.08693956, -4.10264247, 0.0, 0.0, 4.10264247]",20.0,8.075e-06,local
1791_14,bulk,-128.62649087,314.282,True,"[4.10264247, 0.0, 0.0, 0.0, 20.08693956, -4.10264247, 0.0, 0.0, 4.10264247]",20.0,8.075e-06,local
1791_18,bulk,-64.3050763,58.219,True,"[4.10264247, 0.0, 0.0, -0.0, 10.04346978, -8.20528494, 0.0, 0.0, 4.10264247]",10.0,3.967e-05,local
1794_12,bulk,-76.86129177,105.163,True,"[3.89079126, 0.0, 0.0, 0.0, 10.33153935, -3.89079126, 0.0, 0.0, 3.89079126]",10.0,0.71292956,local
1794_17,bulk,-76.86843252,99.842,True,"[3.89079126, 0.0, -3.89079126, -0.0, 10.33153935, -7.78158251, 0.0, 0.0, 3.89079126]",10.0,0.7168399599999999,local
1794_4,bulk,-76.86405441,52.298,True,"[10.33153935, 0.0, 0.0, 0.0, 3.89079126, -3.89079126, 0.0, 0.0, 3.89079126]",10.0,0.70503474,local
1796_6,bulk,-131.71107021,73.719,True,"[5.99936424, 0.0, 0.0, 0.0, 5.99936424, 0.0, 0.0, 0.0, 5.99936424]",16.0,0.7594638125,local
1799_2,bulk,-62.51776807,244.946,True,"[4.22768271, 0.0, -4.22768271, 0.0, 13.70036542, -4.22768271, 0.0, 0.0, 4.22768271]",14.0,3.5842857142857146e-05,local
1799_3,bulk,-62.51776807,292.01,True,"[4.22768271, 0.0, -4.22768271, 0.0, 13.70036542, -4.22768271, 0.0, 0.0, 4.22768271]",14.0,3.5842857142857146e-05,local
1803_44,bulk,-139.64340755,421.79,True,"[7.99207695, 0.0, 0.0, 7.99207695, 13.84268334, 3.50024308, 0.0, 0.0, 3.50024308]",18.0,4.3555555555555555e-06,local
1803_47,bulk,-139.64340755,389.182,True,"[7.99207695, 0.0, 0.0, 7.99207695, 13.84268334, 3.50024308, 0.0, 0.0, 3.50024308]",18.0,4.3555555555555555e-06,local
1805_6,bulk,-91.99269359,24.933,True,"[5.44325899, 0.0, 0.0, 0.0, 5.44325899, 0.0, 0.0, 0.0, 5.44325899]",16.0,0.00010208125,local
1808_5,bulk,-150.91199146,344.346,True,"[6.34195428, 0.0, 0.0, 0.0, 12.68390857, -6.34195428, 0.0, 0.0, 6.34195428]",32.0,3.94375e-06,local
1809_5,bulk,-204.0242829,417.22,True,"[6.5625103, 0.0, 0.0, 0.0, 13.1250206, -6.5625103, 0.0, 0.0, 6.5625103]",32.0,1.675e-05,local
1811_6,bulk,-137.8380618,46.603,True,"[6.5030402, 0.0, 0.0, 0.0, 6.5030402, 0.0, 0.0, 0.0, 6.5030402]",16.0,4.780625e-05,local
1816_3,bulk,-69.43803046,204.491,True,"[6.41865684, 0.0, 0.0, 0.0, 6.41865684, -6.41865684, 0.0, 0.0, 6.41865684]",16.0,6.33625e-05,local
1816_5,bulk,-138.88099649,430.481,True,"[6.41865684, 0.0, 0.0, 0.0, 12.83731368, -6.41865684, 0.0, 0.0, 6.41865684]",32.0,6.0125e-06,local
1817_5,bulk,-96.88993819,363.463,True,"[6.68409821, 0.0, 0.0, 0.0, 13.36819642, -6.68409821, 0.0, 0.0, 6.68409821]",32.0,2.915625e-06,local
1821_12,bulk,-147.60238814,2678.252,True,"[12.73002208, 0.0, -6.36501104, -0.0, 11.2533386, -6.36501104, 0.0, 0.0, 6.36501104]",40.0,2.5e-09,local
1824_3,bulk,-110.93214697,170.899,True,"[6.20995162, 0.0, 0.0, 0.0, 6.20995162, -6.20995162, 0.0, 0.0, 6.20995162]",16.0,1.3975e-05,local
1826_0,bulk,-56.36387739,101.207,True,"[6.87866322, 0.0, -6.87866322, -0.0, 6.87866322, -6.87866322, 0.0, 0.0, 6.87866322]",16.0,3.3425e-05,local
1826_1,bulk,-56.3638774,83.431,True,"[6.87866322, 0.0, -6.87866322, -0.0, 6.87866322, -6.87866322, 0.0, 0.0, 6.87866322]",16.0,3.3425e-05,local
1826_3,bulk,-56.36604312,98.133,True,"[6.87866322, 0.0, 0.0, 0.0, 6.87866322, -6.87866322, 0.0, 0.0, 6.87866322]",16.0,1.716875e-05,local
1832_3,bulk,-33.15946483,458.577,True,"[10.66793445, 0.0, 4.51572888, 15.75621689, 5.35015966, 0.0, 0.0, 0.0, 4.51572888]",12.0,4.166666666666666e-08,local
1833_4,bulk,-76.09399327,148.996,True,"[8.19944384, 0.0, -4.09972192, -0.0, 8.09543798, -4.09972192, 0.0, 0.0, 4.09972192]",16.0,1.15e-06,local
1834_3,bulk,-65.12246463,138.099,True,"[5.81564689, 0.0, 0.0, 0.0, 5.81564689, -5.81564689, 0.0, 0.0, 5.81564689]",16.0,9.84375e-06,local
1834_5,bulk,-130.23769588,555.578,True,"[5.81564689, 0.0, 0.0, 0.0, 11.63129379, -5.81564689, 0.0, 0.0, 5.81564689]",32.0,2.1875e-05,local
1841_6,bulk,-153.74145595,37.689,True,"[6.44878061, 0.0, 0.0, 0.0, 6.44878061, 0.0, 0.0, 0.0, 6.44878061]",16.0,0.25902916875,local
1846_1,bulk,-116.8253053,120.954,True,"[6.22780231, 0.0, -6.22780231, -0.0, 6.22780231, -6.22780231, 0.0, 0.0, 6.22780231]",16.0,3.990625e-05,local
1850_0,bulk,-49.77667878,60.965,True,"[6.10634239, 0.0, -6.10634239, -0.0, 6.10634239, -6.10634239, 0.0, 0.0, 6.10634239]",16.0,2.240625e-05,local
1855_2,bulk,-58.35254448,619.378,True,"[7.76350761, 0.0, -7.76350761, 0.0, 15.52701521, -7.76350761, 0.0, 0.0, 7.76350761]",32.0,0.00010433125,local
1855_3,bulk,-29.1583141,162.868,True,"[7.76350761, 0.0, 0.0, 0.0, 7.76350761, -7.76350761, 0.0, 0.0, 7.76350761]",16.0,0.00014900625,local
1855_5,bulk,-58.44520554,493.238,True,"[7.76350761, 0.0, 0.0, 0.0, 15.52701521, -7.76350761, 0.0, 0.0, 7.76350761]",32.0,1.1534375e-05,local
1856_19,bulk,-61.8760332,129.967,True,"[5.85636058, 0.0, 0.0, 5.85636058, 5.85636058, 6.64066826, 0.0, 0.0, 6.64066826]",14.0,6.65e-06,local
1859_68,bulk,-140.65921499,883.308,True,"[10.79502194, 0.0, 4.29563244, 26.44747653, 8.98713983, 0.0, 0.0, 0.0, 4.29563244]",20.0,5.55e-07,local
1859_69,bulk,-140.65921499,925.217,True,"[10.79502194, 0.0, 4.29563244, 26.44747653, 8.98713983, 0.0, 0.0, 0.0, 4.29563244]",20.0,5.55e-07,local
1859_9,bulk,-140.67721869,655.286,True,"[10.21583743, 0.0, 0.0, 5.13282366, 9.49666362, 4.29563244, 0.0, 0.0, 4.29563244]",20.0,4.535e-06,local
1861_3,bulk,-156.41147367,250.619,True,"[6.17272075, 0.0, 0.0, 0.0, 6.17272075, -6.17272075, 0.0, 0.0, 6.17272075]",16.0,2.625e-07,local
1862_26,bulk,-57.65167738,153.993,True,"[3.66141675, 0.0, -2.11391995, 0.0, 16.12075033, -4.2278399, 0.0, 0.0, 4.2278399]",18.0,2.7777777777777777e-08,local
1862_9,bulk,-28.83207665,93.633,True,"[8.06037517, 0.0, 0.0, 0.0, 3.66141675, -6.34175985, 0.0, 0.0, 4.2278399]",9.0,0.0,local
1863_25,bulk,-133.65738086,2274.517,True,"[15.48871853, 0.0, 0.0, 0.0, 14.16754496, -7.82690462, 0.0, 0.0, 7.82690462]",40.0,7.5e-09,local
1863_41,bulk,-133.67133675,2010.054,True,"[17.35398622, 0.0, 0.0, 7.06009964, 13.97128258, 7.08377248, 0.0, 0.0, 7.08377248]",40.0,0.0,local
1863_55,bulk,-133.66330037,1583.517,True,"[7.82690462, 0.0, 0.0, -0.0, 30.97743705, 7.08377248, 0.0, 0.0, 7.08377248]",40.0,3.4999999999999996e-08,local
1866_5,bulk,-119.94551649,372.823,True,"[8.40355698, 0.0, -9.70359177, -0.0, 6.7186617, -4.85179588, 0.0, 0.0, 4.85179588]",18.0,6.518333333333334e-05,local
1866_9,bulk,-119.94551649,317.001,True,"[8.40355698, 0.0, -9.70359177, -0.0, 6.7186617, -4.85179588, 0.0, 0.0, 4.85179588]",18.0,6.518333333333334e-05,local
1868_0,bulk,-72.63313835,63.664,True,"[6.27951153, 0.0, -6.27951153, -0.0, 6.27951153, -6.27951153, 0.0, 0.0, 6.27951153]",16.0,0.00020583125,local
1868_1,bulk,-72.63313835,51.75,True,"[6.27951153, 0.0, -6.27951153, -0.0, 6.27951153, -6.27951153, 0.0, 0.0, 6.27951153]",16.0,0.00020583125,local
1868_9,bulk,-72.62781546,30.455,True,"[6.27951153, 0.0, 0.0, 0.0, 6.27951153, 0.0, 0.0, 0.0, 6.27951153]",16.0,0.0002106125,local
1869_78,bulk,-133.86677551,1835.9,True,"[16.68959315, 0.0, 6.49289474, 30.78773601, 8.93223865, 20.41432973, 0.0, 0.0, 7.42854024]",36.0,0.0,local
1871_3,bulk,-46.83935237,91.502,True,"[6.50359503, 0.0, 0.0, 0.0, 6.50359503, -6.50359503, 0.0, 0.0, 6.50359503]",16.0,2.05e-05,local
1872_9,bulk,-136.92827167,774.925,True,"[10.73352636, 0.0, 0.0, 0.0, 7.88172402, -3.94086201, 0.0, 0.0, 3.94086201]",20.0,0.9115886,local
1874_6,bulk,-120.27426348,40.992,True,"[6.29111729, 0.0, 0.0, 0.0, 6.29111729, 0.0, 0.0, 0.0, 6.29111729]",16.0,0.000286,local
1875_3,bulk,-177.7947805,270.786,True,"[6.32142692, 0.0, 0.0, 0.0, 6.32142692, -6.32142692, 0.0, 0.0, 6.32142692]",16.0,6.25e-08,local
1877_8,bulk,-94.93811678,76.038,True,"[8.59861093, 0.0, 0.0, 0.0, 7.70790601, -3.853953, 0.0, 0.0, 3.853953]",16.0,8.95625e-05,local
1882_5,bulk,-198.64160033,534.961,True,"[6.02975738, 0.0, 0.0, 0.0, 12.05951476, -6.02975738, 0.0, 0.0, 6.02975738]",32.0,3.3246875e-05,local
1883_10,bulk,-78.04735977,152.387,True,"[3.6088772, 0.0, 0.0, 0.0, 13.51930588, -3.62777074, 0.0, 0.0, 3.62777074]",12.0,2.0833333333333336e-07,local
1883_13,bulk,-78.04735977,141.281,True,"[3.6088772, 0.0, 0.0, 0.0, 13.51930588, -3.62777074, 0.0, 0.0, 3.62777074]",12.0,2.0833333333333336e-07,local
1883_23,bulk,-156.09607095,266.188,True,"[3.6088772, 0.0, 0.0, 0.0, 27.03861177, -3.62777074, 0.0, 0.0, 3.62777074]",24.0,2.4583333333333334e-07,local
1889_3,bulk,-41.19838556,128.432,True,"[6.99865589, 0.0, 0.0, 0.0, 6.99865589, -6.99865589, 0.0, 0.0, 6.99865589]",16.0,5.77625e-05,local
1891_5,bulk,-70.48462241,320.511,True,"[6.61822707, 0.0, 0.0, 0.0, 13.23645414, -6.61822707, 0.0, 0.0, 6.61822707]",32.0,3.29375e-06,local
1894_0,bulk,-114.30682192,74.292,True,"[6.01628049, 0.0, -6.01628049, -0.0, 6.01628049, -6.01628049, 0.0, 0.0, 6.01628049]",16.0,3.69375e-06,local
1900_29,bulk,-184.13356641,714.639,True,"[7.94737861, 0.0, -2.09008889, -0.0, 11.45849111, -10.17583123, 0.0, 0.0, 10.17583123]",40.0,0.00019230499999999998,local
1900_82,bulk,-184.23754229,458.328,True,"[5.72924555, 0.0, 0.0, -0.0, 19.68238287, 13.39391037, 0.0, 0.0, 8.21762121]",40.0,7.6e-07,local
1900_83,bulk,-184.23754229,729.869,True,"[5.72924555, 0.0, 0.0, -0.0, 19.68238287, 13.39391037, 0.0, 0.0, 8.21762121]",40.0,7.6e-07,local
1912_4,bulk,-41.58991465,85.942,True,"[6.22650911, 0.0, 0.0, -0.0, 3.09740464, 3.09740464, 0.0, 0.0, 3.09740464]",4.0,1.5e-07,local
1912_5,bulk,-83.1923798,187.319,True,"[6.19480927, 0.0, -3.09740464, -0.0, 6.22650911, -3.09740464, 0.0, 0.0, 3.09740464]",8.0,1.25e-08,local
1912_7,bulk,-166.38811966,441.045,True,"[6.19480927, 0.0, -3.09740464, -0.0, 12.45301821, -3.09740464, 0.0, 0.0, 3.09740464]",16.0,3.543125e-05,local
1916_0,bulk,-120.58577552,109.123,True,"[5.95551792, 0.0, -5.95551792, -0.0, 5.95551792, -5.95551792, 0.0, 0.0, 5.95551792]",16.0,0.4925457625,local
1916_6,bulk,-120.59473022,53.189,True,"[5.95551792, 0.0, 0.0, 0.0, 5.95551792, 0.0, 0.0, 0.0, 5.95551792]",16.0,0.50174824375,local
1921_3,bulk,-76.22462506,62.769,True,"[6.15784499, 0.0, 0.0, 0.0, 6.15784499, -6.15784499, 0.0, 0.0, 6.15784499]",16.0,1.863125e-05,local
1921_5,bulk,-152.44393026,249.098,True,"[6.15784499, 0.0, 0.0, 0.0, 12.31568997, -6.15784499, 0.0, 0.0, 6.15784499]",32.0,2.360625e-05,local
1922_6,bulk,-127.37536184,42.927,True,"[5.83735805, 0.0, 0.0, 0.0, 5.83735805, 0.0, 0.0, 0.0, 5.83735805]",16.0,0.7620062375,local
1929_2,bulk,-124.45973938,416.752,True,"[21.08895937, 0.0, 0.0, 0.70540482, 3.79192004, 3.828419, 0.0, 0.0, 3.828419]",20.0,1.55e-07,local
1929_3,bulk,-124.45973938,401.12,True,"[21.08895937, 0.0, 0.0, 0.70540482, 3.79192004, 3.828419, 0.0, 0.0, 3.828419]",20.0,1.55e-07,local
1930_0,bulk,-80.80115836,96.752,True,"[6.70711433, 0.0, -6.70711433, -0.0, 6.70711433, -6.70711433, 0.0, 0.0, 6.70711433]",16.0,0.00039528125,local
1934_5,bulk,-331.26264341,708.711,True,"[6.08155428, 0.0, 0.0, 0.0, 12.16310856, -6.08155428, 0.0, 0.0, 6.08155428]",32.0,9.146875e-06,local
1935_31,bulk,-203.05818871,794.446,True,"[5.81162785, 0.0, 0.0, -0.0, 13.58913586, -10.57891276, 0.0, 0.0, 10.57891276]",40.0,0.00013746749999999998,local
1935_40,bulk,-203.04810716,743.14,True,"[5.81162785, 0.0, 0.0, 0.0, 10.57891276, 0.0, 0.0, 0.0, 13.58913586]",40.0,9.501750000000001e-05,local
1936_14,bulk,-115.75984633,306.933,True,"[12.20208945, 0.0, 0.0, 0.0, 12.44613487, -6.22306744, 0.0, 0.0, 6.22306744]",32.0,1.9159375e-05,local
1936_5,bulk,-115.76378033,390.982,True,"[12.44613487, 0.0, -6.22306744, -0.0, 12.20208945, -6.22306744, 0.0, 0.0, 6.22306744]",32.0,1.93125e-05,local
1939_7,bulk,-69.24077719,261.631,True,"[7.22381894, 0.0, -8.34134762, -0.0, 10.72984348, -4.17067381, 0.0, 0.0, 4.17067381]",16.0,0.000128275,local
1943_21,bulk,-70.86866674,566.499,True,"[9.24132961, 0.0, 0.0, 0.0, 11.02463095, -7.45352136, 0.0, 0.0, 7.45352136]",32.0,4.013125e-05,local
1944_10,bulk,-121.31225234,570.614,True,"[16.00099194, 0.0, 0.0, 3.20019839, 6.40039678, 3.35593405, 0.0, 0.0, 3.35593405]",20.0,2.9750000000000003e-06,local
1945_14,bulk,-88.28884187,292.522,True,"[5.01608198, 0.0, 0.0, 5.01608198, 5.01608198, 7.08552092, 0.0, 0.0, 7.08552092]",16.0,0.11458974375,local
1946_0,bulk,-59.06774608,79.4,True,"[6.379238, 0.0, -6.379238, -0.0, 6.379238, -6.379238, 0.0, 0.0, 6.379238]",16.0,2.959375e-05,local
1946_6,bulk,-59.05421282,75.861,True,"[6.379238, 0.0, 0.0, 0.0, 6.379238, -6.379238, 0.0, 0.0, 6.379238]",16.0,2.980625e-05,local
1948_1,bulk,-95.22193656,80.365,True,"[5.84355286, 0.0, -5.84355286, -0.0, 5.84355286, -5.84355286, 0.0, 0.0, 5.84355286]",16.0,2.7325e-05,local
1949_10,bulk,-138.30012005,455.676,True,"[9.44104166, 0.0, 0.0, 4.76111236, 8.65933353, 3.95529759, 0.0, 0.0, 3.95529759]",20.0,5.1799999999999995e-06,local
1949_29,bulk,-138.29947348,322.57,True,"[9.88191521, 0.0, -7.91059518, 5.33321597, 8.27300446, 0.0, 0.0, 0.0, 3.95529759]",20.0,1.4329999999999998e-05,local
1949_78,bulk,-276.59667534,1281.84,True,"[3.95529759, 0.0, 0.0, 0.0, 17.31866707, -0.08118307, 0.0, 0.0, 9.44104166]",40.0,1.2847499999999999e-05,local
1959_1,bulk,-139.91971284,96.083,True,"[5.91846062, 0.0, -5.91846062, -0.0, 5.91846062, -5.91846062, 0.0, 0.0, 5.91846062]",16.0,0.50353793125,local
1963_1,bulk,-109.99194592,159.943,True,"[6.26396983, 0.0, -6.26396983, -0.0, 6.26396983, -6.26396983, 0.0, 0.0, 6.26396983]",16.0,9.359375e-05,local
1967_32,bulk,-135.13864805,154.785,True,"[3.8226062, 0.0, 0.0, 0.0, 11.30216511, -13.05061613, 0.0, 0.0, 6.52530807]",18.0,0.6862653055555555,local
1967_7,bulk,-135.13991002,152.865,True,"[5.65108255, 0.0, -9.7879621, -0.0, 7.64521241, -6.52530807, 0.0, 0.0, 6.52530807]",18.0,0.6966769166666666,local
1967_9,bulk,-135.13991002,202.034,True,"[5.65108255, 0.0, -9.7879621, -0.0, 7.64521241, -6.52530807, 0.0, 0.0, 6.52530807]",18.0,0.6966769166666666,local
1974_18,bulk,-57.3037398,89.406,True,"[3.63636517, 0.0, -2.09945641, -0.0, 15.88542878, -4.19891282, 0.0, 0.0, 4.19891282]",16.0,1.25e-08,local
1977_25,bulk,-141.73403556,229.585,True,"[3.38701008, 0.0, 0.0, 0.0, 11.96827313, -13.81977142, 0.0, 0.0, 6.90988571]",18.0,3.996111111111111e-05,local
1977_27,bulk,-141.73403556,245.771,True,"[3.38701008, 0.0, 0.0, 0.0, 11.96827313, -13.81977142, 0.0, 0.0, 6.90988571]",18.0,3.996111111111111e-05,local
1977_44,bulk,-141.73847605,291.952,True,"[11.96827313, 0.0, 0.0, 0.0, 6.90988571, -3.38701008, 0.0, 0.0, 3.38701008]",18.0,4.277777777777778e-07,local
1982_0,bulk,-100.04553142,84.454,True,"[6.08244673, 0.0, 6.08244673, 6.08244673, 6.08244673, -0.0, 0.0, 0.0, 6.08244673]",16.0,1.0892182125,local
1982_5,bulk,-200.11123702,437.624,True,"[6.08244673, 0.0, 0.0, 0.0, 12.16489347, -6.08244673, 0.0, 0.0, 6.08244673]",32.0,1.1053505375,local
1986_14,bulk,-120.32534962,269.956,True,"[3.92456171, 0.0, 0.0, 0.0, 22.80003694, -3.92456171, 0.0, 0.0, 3.92456171]",20.0,0.9551114549999999,local
1988_2,bulk,-109.96119441,208.502,True,"[16.76061729, 0.0, 0.0, 0.97014321, 3.91395213, 3.97320275, 0.0, 0.0, 3.97320275]",16.0,4.3875e-06,local
1988_3,bulk,-109.96119441,270.183,True,"[16.76061729, 0.0, 0.0, 0.97014321, 3.91395213, 3.97320275, 0.0, 0.0, 3.97320275]",16.0,4.3875e-06,local
1992_17,bulk,-104.35953903,688.836,True,"[20.64900515, 0.0, 0.0, 5.89971576, 5.10930372, 3.94754867, 0.0, 0.0, 3.94754867]",18.0,5.555555555555556e-07,local
1992_44,bulk,-104.36386035,522.811,True,"[13.51794701, 0.0, 0.0, 0.0, 7.80459035, -3.94754867, 0.0, 0.0, 3.94754867]",18.0,7.777777777777777e-08,local
2002_1,bulk,-185.45628238,176.307,True,"[6.46310142, 0.0, -6.46310142, -0.0, 6.46310142, -6.46310142, 0.0, 0.0, 6.46310142]",16.0,1.235e-05,local
2002_3,bulk,-185.46398201,128.893,True,"[6.46310142, 0.0, 0.0, 0.0, 6.46310142, -6.46310142, 0.0, 0.0, 6.46310142]",16.0,2.381875e-05,local
2004_28,bulk,-53.81202198,154.245,True,"[4.60093206, 0.0, -4.60093206, 0.0, 10.33603927, -9.20186413, 0.0, 0.0, 4.60093206]",10.0,1.1969999999999999e-05,local
2005_0,bulk,-148.17469562,216.452,True,"[6.00348991, 0.0, -6.00348991, -0.0, 6.00348991, -6.00348991, 0.0, 0.0, 6.00348991]",16.0,0.987729275,local
2011_1,bulk,-78.00351007,85.513,True,"[7.30292002, 0.0, 7.30292002, 7.30292002, 7.30292002, -0.0, 0.0, 0.0, 7.30292002]",16.0,7.429375e-05,local
2013_12,bulk,-176.74596423,853.921,True,"[10.43831274, 0.0, -6.04586504, 6.5310482, 16.34803624, 0.0, 0.0, 0.0, 6.04586504]",40.0,4.6105e-05,local
2013_4,bulk,-88.38370934,226.759,True,"[10.43831274, 0.0, 6.04586504, 12.39194501, 8.17401812, 0.0, 0.0, 0.0, 6.04586504]",20.0,7.5305e-05,local
2013_73,bulk,-176.81554028,998.959,True,"[11.8162222, 0.0, 2.42646859, 17.44561354, 10.38908371, 13.25717727, 0.0, 0.0, 8.40424008]",40.0,7.250000000000001e-08,local
2017_13,bulk,-112.40481468,463.954,True,"[4.56419213, 0.0, -2.63513756, -0.0, 12.47690123, -5.27027512, 0.0, 0.0, 5.27027512]",18.0,0.00019715555555555554,local
2017_23,bulk,-112.41273855,239.616,True,"[4.56419213, 0.0, -2.63513756, -0.0, 12.47690123, -10.54055023, 0.0, 0.0, 5.27027512]",18.0,0.0002776444444444444,local
2018_7,bulk,-75.86396762,112.655,True,"[13.43587206, 0.0, 0.0, 6.71793603, 3.87860218, 6.66639705, 0.0, 0.0, 3.33319852]",9.0,0.0004005555555555556,local
2025_1,bulk,-110.91713433,113.749,True,"[6.4039855, 0.0, -6.4039855, -0.0, 6.4039855, -6.4039855, 0.0, 0.0, 6.4039855]",16.0,1.721875e-05,local
2025_3,bulk,-110.8682284,107.073,True,"[6.4039855, 0.0, 0.0, -0.0, 6.4039855, 6.4039855, 0.0, 0.0, 6.4039855]",16.0,1.638125e-05,local
2027_46,bulk,-125.79224098,296.433,True,"[11.63927445, 0.0, 0.0, 0.0, 6.71993823, -3.84650007, 0.0, 0.0, 3.84650007]",18.0,0.00016916666666666667,local
2027_5,bulk,-125.82031494,339.701,True,"[5.81963722, 0.0, -10.07990735, -0.0, 7.69300015, -6.71993823, 0.0, 0.0, 6.71993823]",18.0,8.333333333333334e-08,local
2028_2,bulk,-121.6066126,74.98,True,"[5.60331169, 0.0, -5.60331169, -0.0, 5.60331169, -5.60331169, 0.0, 0.0, 5.60331169]",16.0,1.24151395,local
2032_36,bulk,-210.25402907,265.322,True,"[5.63474239, 0.0, -3.25322004, -0.0, 7.95798221, 6.50644007, 0.0, 0.0, 6.50644007]",24.0,0.00029339583333333333,local
2033_2,bulk,-74.88675215,216.946,True,"[15.52150539, 0.0, 0.0, 0.95725811, 3.73386446, 3.79111752, 0.0, 0.0, 3.79111752]",12.0,6e-07,local
2033_45,bulk,-149.83383899,858.535,True,"[15.52150539, 0.0, 0.0, 1.91451622, 7.46772892, 3.79111752, 0.0, 0.0, 3.79111752]",24.0,1.3333333333333334e-07,local
2033_69,bulk,-149.82444806,431.859,True,"[3.8546189, 0.0, 0.0, -0.0, 30.07051995, 3.79111752, 0.0, 0.0, 3.79111752]",24.0,2.416666666666667e-07,local
2035_0,bulk,-192.26711672,150.695,True,"[6.47297177, 0.0, -6.47297177, -0.0, 6.47297177, -6.47297177, 0.0, 0.0, 6.47297177]",16.0,0.000106725,local
2035_3,bulk,-192.28491434,174.434,True,"[6.47297177, 0.0, 0.0, 0.0, 6.47297177, -6.47297177, 0.0, 0.0, 6.47297177]",16.0,7.9325e-05,local
2036_6,bulk,-63.52301822,218.115,True,"[12.529781, 0.0, 0.0, 6.2648905, 3.61703622, 6.84225997, 0.0, 0.0, 3.42112998]",9.0,4.444444444444444e-08,local
2036_7,bulk,-63.52301822,202.18,True,"[12.529781, 0.0, 0.0, 6.2648905, 3.61703622, 6.84225997, 0.0, 0.0, 3.42112998]",9.0,4.444444444444444e-08,local
2039_22,bulk,-183.03358722,444.718,True,"[4.35824467, 0.0, -2.51623373, -0.0, 12.01615011, -10.06493494, 0.0, 0.0, 5.03246747]",18.0,5.2127777777777775e-05,local
2039_26,bulk,-183.03743485,144.867,True,"[5.03246747, 0.0, 0.0, -2.51623373, 4.35824467, 0.0, 0.0, 0.0, 12.01615011]",18.0,4.6805555555555556e-05,local
2040_0,bulk,-161.04271554,225.11,True,"[6.42568799, 0.0, -6.42568799, -0.0, 6.42568799, -6.42568799, 0.0, 0.0, 6.42568799]",16.0,0.00011590625,local
2042_13,bulk,-64.25897057,563.807,True,"[13.10285113, 0.0, 0.0, 0.0, 7.49965603, -8.65985685, 0.0, 0.0, 4.32992843]",20.0,1e-08,local
2042_14,bulk,-64.25897057,525.317,True,"[13.10285113, 0.0, 0.0, 0.0, 7.49965603, -8.65985685, 0.0, 0.0, 4.32992843]",20.0,1e-08,local
2042_5,bulk,-32.11651172,178.923,True,"[13.10285113, 0.0, 0.0, 0.0, 3.74982801, -6.49489264, 0.0, 0.0, 4.32992843]",10.0,0.0,local
2044_15,bulk,-25.11876872,62.315,True,"[2.70301811, 0.0, 0.0, 0.0, 7.35760129, -5.40603621, 0.0, 0.0, 2.70301811]",4.0,0.8234194,local
2045_35,bulk,-92.63422177,282.017,True,"[11.59946266, 0.0, 0.0, 9.48785498, 11.40564102, 5.6825638, 0.0, 0.0, 5.6825638]",32.0,4.7471875e-05,local
2045_6,bulk,-92.64742533,337.338,True,"[8.91742812, 0.0, -7.41801926, -0.0, 11.3651276, -7.41801926, 0.0, 0.0, 7.41801926]",32.0,4.825625e-05,local
2046_27,bulk,-143.2779807,485.485,True,"[3.47429434, 0.0, 0.0, 0.0, 12.11798208, -13.99264043, 0.0, 0.0, 6.99632021]",18.0,8.555555555555556e-07,local
2046_2,bulk,-71.64058371,174.777,True,"[12.11798208, 0.0, 0.0, 6.05899104, 3.49816011, 3.47429434, 0.0, 0.0, 3.47429434]",9.0,1.111111111111111e-08,local
2046_6,bulk,-71.63670779,178.047,True,"[12.11798208, 0.0, 0.0, 6.05899104, 3.49816011, 6.94858869, 0.0, 0.0, 3.47429434]",9.0,2.222222222222222e-08,local
2048_3,bulk,-95.35454282,455.119,True,"[10.15741912, 0.0, -7.65252039, 0.0, 11.84533193, -7.65252039, 0.0, 0.0, 7.65252039]",32.0,5.714375e-05,local
2048_44,bulk,-95.35781347,789.08,True,"[7.65252039, 0.0, 0.0, -0.0, 20.31483824, 5.92266596, 0.0, 0.0, 5.92266596]",32.0,1.403125e-06,local
2050_27,bulk,-115.70887418,108.48,True,"[10.16097835, 0.0, 0.0, 10.16097835, 10.16097835, 4.20216797, 0.0, 0.0, 4.20216797]",20.0,2.0265e-05,local
2050_30,bulk,-115.69991291,155.086,True,"[7.1848967, 0.0, 0.0, -0.0, 14.36979339, 4.20216797, 0.0, 0.0, 4.20216797]",20.0,9.2e-07,local
2050_31,bulk,-115.69991291,146.236,True,"[7.1848967, 0.0, 0.0, -0.0, 14.36979339, 4.20216797, 0.0, 0.0, 4.20216797]",20.0,9.2e-07,local
2057_5,bulk,-87.20152627,604.341,True,"[6.69453896, 0.0, 11.59528162, 6.69453896, 8.09816117, 3.86509387, 0.0, 0.0, 7.73018775]",18.0,2.111111111111111e-07,local
2057_6,bulk,-87.20152627,741.67,True,"[6.69453896, 0.0, 11.59528162, 6.69453896, 8.09816117, 3.86509387, 0.0, 0.0, 7.73018775]",18.0,2.111111111111111e-07,local
2072_1,bulk,-66.97667785,144.872,True,"[6.61252557, 0.0, -6.61252557, -0.0, 6.61252557, -6.61252557, 0.0, 0.0, 6.61252557]",16.0,0.0005835,local
2075_18,bulk,-88.480654,82.254,True,"[3.50847862, 0.0, 0.0, 0.0, 15.92100746, -3.50847862, 0.0, 0.0, 3.50847862]",12.0,2.15e-06,local
2075_21,bulk,-44.24719872,81.379,True,"[3.50847862, 0.0, -3.50847862, 0.0, 7.96050373, -7.01695725, 0.0, 0.0, 3.50847862]",6.0,8.333333333333333e-08,local
2075_5,bulk,-88.48265328,108.67,True,"[3.50847862, 0.0, -3.50847862, -0.0, 15.92100746, -3.50847862, 0.0, 0.0, 3.50847862]",12.0,9.166666666666666e-06,local
2084_6,bulk,-113.88960316,81.961,True,"[5.95629222, 0.0, 0.0, 0.0, 5.95629222, 0.0, 0.0, 0.0, 5.95629222]",16.0,0.506094675,local
2105_1,bulk,-45.28664355,57.84,True,"[6.2632504, 0.0, -6.2632504, -0.0, 6.2632504, -6.2632504, 0.0, 0.0, 6.2632504]",16.0,2.303125e-05,local
2106_0,bulk,-60.0387274,251.396,True,"[10.51238386, 0.0, 4.48931021, 15.27415497, 5.33615879, 0.0, 0.0, 0.0, 4.48931021]",12.0,5.833333333333333e-08,local
2106_35,bulk,-120.04688823,855.335,True,"[4.48931021, 0.0, 0.0, 0.0, 10.67231757, -20.03592609, 0.0, 0.0, 10.51238386]",24.0,4.5e-07,local
2106_61,bulk,-120.09737335,637.28,True,"[9.03740848, 0.0, 6.99924057, 13.61470958, 7.79250068, 21.15033787, 0.0, 0.0, 7.15185673]",24.0,1.25e-08,local
2108_2,bulk,-98.56390501,627.698,True,"[4.10000488, 0.0, 4.10000488, 4.10000488, 20.07020397, 0.0, 0.0, 0.0, 4.10000488]",20.0,2.7765e-05,local
2111_47,bulk,-138.54663994,423.659,True,"[7.94528574, 0.0, 0.0, 7.94528574, 13.76163858, 3.65677465, 0.0, 0.0, 3.65677465]",18.0,3.7611111111111113e-06,local
2111_48,bulk,-138.54663994,433.43,True,"[7.94528574, 0.0, 0.0, 7.94528574, 13.76163858, 3.65677465, 0.0, 0.0, 3.65677465]",18.0,3.7611111111111113e-06,local
2111_49,bulk,-138.54663994,544.889,True,"[7.94528574, 0.0, 0.0, 7.94528574, 13.76163858, 3.65677465, 0.0, 0.0, 3.65677465]",18.0,3.7611111111111113e-06,local
2112_1,bulk,-105.00368304,72.77,True,"[5.88692188, 0.0, 5.88692188, 5.88692188, 5.88692188, -0.0, 0.0, 0.0, 5.88692188]",16.0,1.675625e-05,local
2115_0,bulk,-108.31577543,305.035,True,"[6.87410709, 0.0, -6.87410709, -0.0, 6.87410709, -6.87410709, 0.0, 0.0, 6.87410709]",16.0,5.76875e-06,local
2117_1,bulk,-45.62460308,135.948,True,"[7.02098119, 0.0, -7.02098119, -0.0, 7.02098119, -7.02098119, 0.0, 0.0, 7.02098119]",16.0,3.52625e-05,local
2121_0,bulk,-127.79860078,353.83,True,"[9.33490127, 0.0, 0.0, 4.66021857, 4.66744503, 4.62276713, 0.0, 0.0, 4.62276713]",16.0,0.00020758125,local
2121_1,bulk,-127.79860078,431.935,True,"[9.33490127, 0.0, 0.0, 4.66021857, 4.66744503, 4.62276713, 0.0, 0.0, 4.62276713]",16.0,0.00020758125,local
2123_32,bulk,-63.01247561,112.099,True,"[5.98631289, 0.0, -5.98631289, -0.0, 12.62500238, -11.97262577, 0.0, 0.0, 5.98631289]",14.0,0.7144110571428571,local
2123_33,bulk,-63.01247561,86.891,True,"[5.98631289, 0.0, -5.98631289, -0.0, 12.62500238, -11.97262577, 0.0, 0.0, 5.98631289]",14.0,0.7144110571428571,local
2124_3,bulk,-107.38336728,105.741,True,"[5.71486852, 0.0, 0.0, -0.0, 5.71486852, 5.71486852, 0.0, 0.0, 5.71486852]",16.0,1.02625196875,local
2125_0,bulk,-63.30051761,121.84,True,"[6.18950129, 0.0, -6.18950129, -0.0, 6.18950129, -6.18950129, 0.0, 0.0, 6.18950129]",16.0,3.2025e-05,local
2126_27,bulk,-112.3262851,170.735,True,"[3.99910127, 0.0, 0.0, 0.0, 11.05921059, -12.77007642, 0.0, 0.0, 6.38503821]",18.0,0.00012128333333333333,local
2126_31,bulk,-112.3262851,161.133,True,"[3.99910127, 0.0, 0.0, 0.0, 11.05921059, -12.77007642, 0.0, 0.0, 6.38503821]",18.0,0.00012128333333333333,local
2126_32,bulk,-112.3262851,200.452,True,"[3.99910127, 0.0, 0.0, 0.0, 11.05921059, -12.77007642, 0.0, 0.0, 6.38503821]",18.0,0.00012128333333333333,local
2127_0,bulk,-111.49889405,94.682,True,"[5.9147007, 0.0, -5.9147007, -0.0, 5.9147007, -5.9147007, 0.0, 0.0, 5.9147007]",16.0,0.23974753125,local
2130_1,bulk,-35.15764103,90.921,True,"[6.36829607, 0.0, -6.36829607, -0.0, 6.36829607, -6.36829607, 0.0, 0.0, 6.36829607]",16.0,2.405625e-05,local
2130_5,bulk,-70.13979603,294.731,True,"[6.36829607, 0.0, 0.0, 0.0, 12.73659213, -6.36829607, 0.0, 0.0, 6.36829607]",32.0,5.7434375e-05,local
2133_12,bulk,-44.49860248,50.389,True,"[4.07749323, 0.0, 0.0, 0.0, 9.89240222, -4.07749323, 0.0, 0.0, 4.07749323]",10.0,6.4e-06,local
2134_13,bulk,-213.27353634,117.262,True,"[7.00575795, 0.0, 0.0, 0.0, 7.00575795, 0.0, 0.0, 0.0, 7.00575795]",24.0,1.0523424833333335,local
2134_1,bulk,-213.28779586,516.982,True,"[7.00575795, 0.0, -7.00575795, -0.0, 7.00575795, -7.00575795, 0.0, 0.0, 7.00575795]",24.0,1.0428071666666667,local
2134_3,bulk,-213.28779586,554.412,True,"[7.00575795, 0.0, -7.00575795, -0.0, 7.00575795, -7.00575795, 0.0, 0.0, 7.00575795]",24.0,1.0428071791666667,local
2137_6,bulk,-108.28231732,28.166,True,"[5.58568302, 0.0, 0.0, 0.0, 5.58568302, 0.0, 0.0, 0.0, 5.58568302]",16.0,4.83125e-06,local
2141_16,bulk,-128.08714577,332.678,True,"[11.10015097, 0.0, 0.0, 0.0, 11.9611038, -5.9805519, 0.0, 0.0, 5.9805519]",32.0,3.125e-08,local
2142_0,bulk,-143.52839638,126.775,True,"[6.07280678, 0.0, -6.07280678, -0.0, 6.07280678, -6.07280678, 0.0, 0.0, 6.07280678]",16.0,0.12662288125,local
2143_0,bulk,-50.05601333,98.89,True,"[11.44053208, 0.0, 0.0, 4.46152576, 5.58005524, 5.82501061, 0.0, 0.0, 5.82501061]",16.0,1.940625e-05,local
2143_3,bulk,-50.05601333,96.148,True,"[11.44053208, 0.0, 0.0, 4.46152576, 5.58005524, 5.82501061, 0.0, 0.0, 5.82501061]",16.0,1.940625e-05,local
2143_48,bulk,-100.12580199,319.768,True,"[7.14438441, 0.0, 0.0, -0.0, 17.87104313, 5.82501061, 0.0, 0.0, 5.82501061]",32.0,5.125e-07,local
2148_6,bulk,-90.32900053,27.622,True,"[5.59800933, 0.0, 0.0, 0.0, 5.59800933, 0.0, 0.0, 0.0, 5.59800933]",16.0,7.9375e-06,local
2150_14,bulk,-90.51405243,154.903,True,"[5.72629805, 0.0, 0.0, 5.70721084, 5.72626624, 8.07902331, 0.0, 0.0, 8.07902331]",16.0,0.000152075,local
2152_15,bulk,-68.59130783,286.939,True,"[17.08229741, 0.0, -4.51776047, 14.20383268, 6.74090908, 0.0, 0.0, 0.0, 4.51776047]",18.0,3.6111111111111107e-07,local
2156_5,bulk,-100.0970862,247.257,True,"[6.42796101, 0.0, 0.0, 0.0, 12.85592203, -6.42796101, 0.0, 0.0, 6.42796101]",32.0,2.678125e-06,local
2157_1,bulk,-50.90181476,77.62,True,"[6.30172445, 0.0, -6.30172445, -0.0, 6.30172445, -6.30172445, 0.0, 0.0, 6.30172445]",16.0,9.625e-06,local
2157_2,bulk,-50.90181476,81.885,True,"[6.30172445, 0.0, -6.30172445, -0.0, 6.30172445, -6.30172445, 0.0, 0.0, 6.30172445]",16.0,9.625e-06,local
2157_8,bulk,-101.80674343,450.184,True,"[6.30172445, 0.0, 0.0, 0.0, 12.6034489, -6.30172445, 0.0, 0.0, 6.30172445]",32.0,4.184375e-06,local
2159_42,bulk,-149.56595237,1198.645,True,"[16.01715903, 0.0, 0.0, 6.04524694, 12.53436687, 5.99727947, 0.0, 0.0, 5.99727947]",40.0,2.05e-07,local
2159_48,bulk,-149.56308849,827.653,True,"[14.42690343, 0.0, 0.0, -0.0, 13.91601104, 5.99727947, 0.0, 0.0, 5.99727947]",40.0,1.80575e-05,local
2159_52,bulk,-74.78820272,303.751,True,"[6.95800552, 0.0, 0.0, -0.0, 14.42690343, 11.99455895, 0.0, 0.0, 5.99727947]",20.0,1.4395e-05,local
2161_6,bulk,-121.65973888,31.759,True,"[6.42886135, 0.0, 0.0, 0.0, 6.42886135, 0.0, 0.0, 0.0, 6.42886135]",16.0,3.0125e-05,local
2166_1,bulk,-92.75676147,143.341,True,"[6.37736541, 0.0, -6.37736541, -0.0, 6.37736541, -6.37736541, 0.0, 0.0, 6.37736541]",16.0,5.291875e-05,local
2168_38,bulk,-211.66518206,808.014,True,"[11.45421394, 0.0, 0.0, -0.0, 10.82322916, 6.50298278, 0.0, 0.0, 6.50298278]",40.0,3.4999999999999996e-08,local
2168_40,bulk,-211.66518206,815.719,True,"[11.45421394, 0.0, 0.0, -0.0, 10.82322916, 6.50298278, 0.0, 0.0, 6.50298278]",40.0,3.4999999999999996e-08,local
2168_44,bulk,-105.85818464,543.924,True,"[6.50298278, 0.0, -5.41161458, -0.0, 11.45421394, -10.82322916, 0.0, 0.0, 5.41161458]",20.0,1.55e-07,local
2169_3,bulk,-76.00133973,142.577,True,"[6.57631744, 0.0, 0.0, 0.0, 6.57631744, -6.57631744, 0.0, 0.0, 6.57631744]",16.0,3.90125e-05,local
2172_46,bulk,-98.80772176,252.331,True,"[11.33695641, 0.0, 0.0, 0.0, 6.54539483, -3.99361075, 0.0, 0.0, 3.99361075]",18.0,2.777777777777778e-05,local
2174_11,bulk,-140.45563999,751.577,True,"[8.21868865, 0.0, -4.10934432, -0.0, 17.56695989, -4.10934432, 0.0, 0.0, 4.10934432]",24.0,1.2083333333333335e-07,local
2176_93,bulk,-130.59696726,830.538,True,"[8.57391242, 0.0, -6.5789465, 13.10683607, 7.27767664, -6.54848693, 0.0, 0.0, 6.60940606]",24.0,8.333333333333334e-09,local
2178_3,bulk,-67.9976297,112.895,True,"[7.15852331, 0.0, 0.0, 0.0, 7.15852331, -7.15852331, 0.0, 0.0, 7.15852331]",16.0,8.003125e-05,local
2178_5,bulk,-135.99387087,512.003,True,"[7.15852331, 0.0, 0.0, 0.0, 14.31704663, -7.15852331, 0.0, 0.0, 7.15852331]",32.0,0.000387715625,local
2180_17,bulk,-51.1549765,93.345,True,"[4.11071013, 0.0, 4.11071013, 8.22142026, 9.97878655, -0.0, 0.0, 0.0, 4.11071013]",10.0,1.815e-05,local
2180_3,bulk,-102.2959106,461.263,True,"[4.11071013, 0.0, -4.11071013, 0.0, 19.9575731, -4.11071013, 0.0, 0.0, 4.11071013]",20.0,9.915e-05,local
2180_9,bulk,-102.2869553,291.361,True,"[9.97878655, 0.0, 0.0, 0.0, 8.22142026, -4.11071013, 0.0, 0.0, 4.11071013]",20.0,1.8245e-05,local
2182_2,bulk,-48.02778859,60.211,True,"[6.24575649, 0.0, -6.24575649, -0.0, 6.24575649, -6.24575649, 0.0, 0.0, 6.24575649]",16.0,9.675e-06,local
2182_6,bulk,-48.05672159,73.649,True,"[6.24575649, 0.0, 0.0, 0.0, 6.24575649, -6.24575649, 0.0, 0.0, 6.24575649]",16.0,7.35e-06,local
2182_8,bulk,-96.07339053,264.014,True,"[6.24575649, 0.0, 0.0, 0.0, 12.49151298, -6.24575649, 0.0, 0.0, 6.24575649]",32.0,5.81875e-06,local
2186_47,bulk,-164.80283489,1841.033,True,"[12.89043256, 0.0, 0.0, -0.0, 7.73492002, -7.65972186, 0.0, 0.0, 7.65972186]",36.0,2.7777777777777776e-09,local
2186_48,bulk,-164.80283489,1898.062,True,"[12.89043256, 0.0, 0.0, -0.0, 7.73492002, -7.65972186, 0.0, 0.0, 7.65972186]",36.0,2.7777777777777776e-09,local
2190_6,bulk,-157.5250028,77.128,True,"[5.90774073, 0.0, 0.0, 0.0, 5.90774073, 0.0, 0.0, 0.0, 5.90774073]",16.0,0.0001664125,local
2192_0,bulk,-172.73863086,128.678,True,"[6.09376875, 0.0, -6.09376875, -0.0, 6.09376875, -6.09376875, 0.0, 0.0, 6.09376875]",16.0,3.96375e-05,local
2192_1,bulk,-172.73863086,129.209,True,"[6.09376875, 0.0, -6.09376875, -0.0, 6.09376875, -6.09376875, 0.0, 0.0, 6.09376875]",16.0,3.96375e-05,local
2192_6,bulk,-172.75445251,93.328,True,"[6.09376875, 0.0, 0.0, 0.0, 6.09376875, 0.0, 0.0, 0.0, 6.09376875]",16.0,2.36125e-05,local
2193_0,bulk,-118.31879207,96.53,True,"[5.71559001, 0.0, -5.71559001, -0.0, 5.71559001, -5.71559001, 0.0, 0.0, 5.71559001]",16.0,0.0001754125,local
2193_3,bulk,-118.31530299,133.655,True,"[5.71559001, 0.0, 0.0, 0.0, 5.71559001, -5.71559001, 0.0, 0.0, 5.71559001]",16.0,3.004375e-05,local
2196_3,bulk,-99.02213232,105.031,True,"[6.37356383, 0.0, 0.0, 0.0, 6.37356383, -6.37356383, 0.0, 0.0, 6.37356383]",16.0,6.635e-05,local
2201_3,bulk,-140.22183644,510.904,True,"[6.26111495, 0.0, -6.26111495, 0.0, 12.5222299, -6.26111495, 0.0, 0.0, 6.26111495]",24.0,1.685416666666667e-05,local
2202_2,bulk,-124.4742778,281.633,True,"[10.32550319, 0.0, 0.0, 2.65485366, 4.51269897, 4.18892407, 0.0, 0.0, 4.18892407]",16.0,7.33125e-06,local
2202_61,bulk,-124.46767464,219.06,True,"[5.23571389, 0.0, 0.0, 0.0, 8.8996245, 0.0, 0.0, 0.0, 4.18892407]",16.0,2.01e-05,local
2202_7,bulk,-124.47257556,304.995,True,"[4.18892407, 0.0, 0.0, 0.0, 8.8996245, -5.23571389, 0.0, 0.0, 5.23571389]",16.0,1.853125e-05,local
2204_1,bulk,-96.63922528,96.259,True,"[6.47268111, 0.0, -6.47268111, -0.0, 6.47268111, -6.47268111, 0.0, 0.0, 6.47268111]",16.0,6.2125e-06,local
2204_3,bulk,-96.74526577,87.661,True,"[6.47268111, 0.0, 0.0, 0.0, 6.47268111, -6.47268111, 0.0, 0.0, 6.47268111]",16.0,1.53125e-06,local
2206_6,bulk,-150.91415454,84.549,True,"[5.91976433, 0.0, 0.0, 0.0, 5.91976433, 0.0, 0.0, 0.0, 5.91976433]",16.0,3.580625e-05,local
2207_1,bulk,-116.90445401,99.717,True,"[5.92833454, 0.0, -5.92833454, 0.0, 5.92833454, -5.92833454, 0.0, 0.0, 5.92833454]",16.0,4.695e-05,local
2210_0,bulk,-96.88901958,121.511,True,"[5.9926563, 0.0, 5.9926563, 5.9926563, 5.9926563, -0.0, 0.0, 0.0, 5.9926563]",16.0,1.005e-05,local
2211_1,bulk,-71.51910655,131.544,True,"[6.49110583, 0.0, -6.49110583, -0.0, 6.49110583, -6.49110583, 0.0, 0.0, 6.49110583]",12.0,8.858333333333333e-06,local
2215_4,bulk,-52.58724798,104.936,True,"[14.42133567, 0.0, 0.0, 0.0, 3.79550711, -3.79550711, 0.0, 0.0, 3.79550711]",10.0,4.1999999999999995e-07,local
2216_6,bulk,-128.0782328,84.14,True,"[6.24735918, 0.0, 0.0, 0.0, 6.24735918, 0.0, 0.0, 0.0, 6.24735918]",16.0,0.25481089375,local
2217_6,bulk,-113.89113386,34.414,True,"[5.74793985, 0.0, 0.0, 0.0, 5.74793985, 0.0, 0.0, 0.0, 5.74793985]",16.0,0.503924875,local
2221_29,bulk,-158.17918153,818.899,True,"[20.06928466, 0.0, 0.0, 9.23438333, 10.00268125, 6.39464698, 0.0, 0.0, 6.39464698]",40.0,2.45e-07,local
2221_30,bulk,-158.17918153,812.087,True,"[20.06928466, 0.0, 0.0, 9.23438333, 10.00268125, 6.39464698, 0.0, 0.0, 6.39464698]",40.0,2.45e-07,local
2221_31,bulk,-158.17918153,515.258,True,"[20.06928466, 0.0, 0.0, 9.23438333, 10.00268125, 6.39464698, 0.0, 0.0, 6.39464698]",40.0,2.45e-07,local
2226_11,bulk,-108.46138093,184.92,True,"[8.27312121, 0.0, 0.0, 0.0, 7.3046646, -8.43470015, 0.0, 0.0, 4.21735008]",16.0,3.75e-08,local
2226_5,bulk,-108.46323512,260.834,True,"[7.3046646, 0.0, -8.43470015, 0.0, 8.27312121, -4.21735008, 0.0, 0.0, 4.21735008]",16.0,3.125e-07,local
2227_2,bulk,-100.50551537,712.191,True,"[7.5604051, 0.0, -7.5604051, 0.0, 15.12081019, -7.5604051, 0.0, 0.0, 7.5604051]",32.0,4.921875e-06,local
2227_3,bulk,-50.2409777,139.73,True,"[7.5604051, 0.0, 0.0, 0.0, 7.5604051, -7.5604051, 0.0, 0.0, 7.5604051]",16.0,2.984375e-05,local
2227_5,bulk,-100.46249033,537.126,True,"[7.5604051, 0.0, 0.0, 0.0, 15.12081019, -7.5604051, 0.0, 0.0, 7.5604051]",32.0,2.6978125e-05,local
2231_3,bulk,-132.63855924,114.0,True,"[6.49841921, 0.0, 0.0, 0.0, 6.49841921, -6.49841921, 0.0, 0.0, 6.49841921]",16.0,2.933125e-05,local
2235_6,bulk,-98.80213413,20.554,True,"[6.52746913, 0.0, 0.0, 0.0, 6.52746913, 0.0, 0.0, 0.0, 6.52746913]",16.0,0.00070459375,local
2236_1,bulk,-86.62996419,105.605,True,"[6.23618516, 0.0, -6.23618516, -0.0, 6.23618516, -6.23618516, 0.0, 0.0, 6.23618516]",16.0,3.600625e-05,local
2236_3,bulk,-86.6302943,128.192,True,"[6.23618516, 0.0, 0.0, 0.0, 6.23618516, -6.23618516, 0.0, 0.0, 6.23618516]",16.0,2.705e-05,local
2239_53,bulk,-74.14933646,740.331,True,"[11.66313384, 0.0, 3.55911958, 20.06189176, 8.09256181, 11.99276112, 0.0, 0.0, 4.87452197]",20.0,2e-08,local
2240_36,bulk,-155.46686048,208.976,True,"[4.05443552, 0.0, 0.0, 0.0, 12.99267642, -12.73498033, 0.0, 0.0, 10.19377979]",28.0,7.342857142857143e-06,local
2241_7,bulk,-97.61731481,605.879,True,"[4.55511229, 0.0, -4.55511229, -0.0, 20.43538735, -4.55511229, 0.0, 0.0, 4.55511229]",20.0,6.800000000000001e-07,local
2242_3,bulk,-44.84935106,64.399,True,"[4.58419519, 0.0, -4.52963408, -0.0, 4.5613794, -4.67627732, 0.0, 0.0, 4.52963408]",8.0,4.74875e-05,local
2244_16,bulk,-63.75560317,133.648,True,"[4.29388295, 0.0, -4.29388295, -0.0, 10.02372507, -8.58776591, 0.0, 0.0, 4.29388295]",10.0,4.79e-06,local
2245_0,bulk,-200.36967247,185.071,True,"[6.4405414, 0.0, -6.4405414, -0.0, 6.4405414, -6.4405414, 0.0, 0.0, 6.4405414]",16.0,4.286875e-05,local
2246_31,bulk,-133.66531678,363.855,True,"[11.21537813, 0.0, 0.0, 2.94945012, 7.58018078, 5.78791167, 0.0, 0.0, 5.78791167]",24.0,3.15125e-05,local
2246_7,bulk,-66.83655789,109.49,True,"[5.78791167, 0.0, 0.0, 0.0, 10.45203843, -4.0668906, 0.0, 0.0, 4.0668906]",12.0,0.00032546666666666665,local
2248_1,bulk,-100.74749182,55.05,True,"[5.79415447, 0.0, -5.79415447, -0.0, 5.79415447, -5.79415447, 0.0, 0.0, 5.79415447]",16.0,7.9625e-06,local
2250_16,bulk,-61.22514773,187.242,True,"[4.00085791, 0.0, 4.00085791, 8.00171582, 11.00688397, 0.0, 0.0, 0.0, 4.00085791]",10.0,0.88174584,local
2255_38,bulk,-111.32626985,346.669,True,"[8.49415534, 0.0, 4.50517796, 8.49415534, 5.0704393, -0.0, 0.0, 0.0, 4.50517796]",16.0,2.54375e-06,local
2255_53,bulk,-111.31236681,668.103,True,"[6.19146971, 0.0, 0.0, 5.82661939, 6.18071043, 5.0704393, 0.0, 0.0, 5.0704393]",16.0,1.39375e-06,local
2255_8,bulk,-111.316673,383.645,True,"[4.50517796, 0.0, -4.24707767, -0.0, 10.1408786, -4.24707767, 0.0, 0.0, 4.24707767]",16.0,5.05e-06,local
2258_3,bulk,-135.42051278,112.073,True,"[5.90685887, 0.0, 0.0, 0.0, 5.90685887, -5.90685887, 0.0, 0.0, 5.90685887]",16.0,5.11875e-06,local
2262_13,bulk,-92.96648002,484.175,True,"[9.20427765, 0.0, 0.0, 0.0, 7.64266364, -3.82133182, 0.0, 0.0, 3.82133182]",16.0,5.625e-08,local
2265_0,bulk,-117.57588848,112.488,True,"[6.57454211, 0.0, -6.57454211, -0.0, 6.57454211, -6.57454211, 0.0, 0.0, 6.57454211]",16.0,2.345e-05,local
2266_41,bulk,-92.38712516,1236.857,True,"[12.27868709, 0.0, 0.0, 3.34111572, 8.41938089, 8.40864715, 0.0, 0.0, 8.40864715]",32.0,1.25e-08,local
2266_51,bulk,-92.44325259,699.453,True,"[4.52904595, 0.0, 0.0, 0.0, 16.8172943, -11.41288305, 0.0, 0.0, 11.41288305]",32.0,1.01875e-05,local
2269_43,bulk,-180.6363507,265.12,True,"[12.06179458, 0.0, 0.0, 0.0, 6.96388035, -3.40167059, 0.0, 0.0, 3.40167059]",18.0,3.9e-06,local
2269_7,bulk,-90.31993807,138.96,True,"[12.06179458, 0.0, 0.0, 6.03089729, 3.48194017, 6.80334118, 0.0, 0.0, 3.40167059]",9.0,2.222222222222222e-08,local
2275_1,bulk,-119.89170401,90.397,True,"[5.74333035, 0.0, -5.74333035, -0.0, 5.74333035, -5.74333035, 0.0, 0.0, 5.74333035]",16.0,0.49353415625,local
2278_0,bulk,-157.82314717,358.178,True,"[9.94097876, 0.0, 3.88587574, 14.45597839, 8.31466454, 0.0, 0.0, 0.0, 3.88587574]",20.0,1.9675e-05,local
2278_17,bulk,-157.82232068,657.081,True,"[9.94097876, 0.0, -3.88587574, 5.42597912, 8.31466454, 0.0, 0.0, 0.0, 3.88587574]",20.0,4.9e-07,local
2278_67,bulk,-157.8166412,371.392,True,"[9.94097876, 0.0, -3.88587574, 15.36695787, 8.31466454, 0.0, 0.0, 0.0, 3.88587574]",20.0,1.3275e-05,local
2279_0,bulk,-111.88497887,124.149,True,"[6.28645191, 0.0, -6.28645191, -0.0, 6.28645191, -6.28645191, 0.0, 0.0, 6.28645191]",16.0,0.51087008125,local
2282_13,bulk,-154.74956378,513.999,True,"[5.19971208, 0.0, 0.0, 0.0, 13.00867594, -6.50433797, 0.0, 0.0, 6.50433797]",28.0,8.310714285714286e-06,local
2286_13,bulk,-130.41800908,517.591,True,"[3.95881301, 0.0, 0.0, 0.0, 20.26790417, -3.95881301, 0.0, 0.0, 3.95881301]",20.0,5.528e-05,local
2286_14,bulk,-130.41800908,419.466,True,"[3.95881301, 0.0, 0.0, 0.0, 20.26790417, -3.95881301, 0.0, 0.0, 3.95881301]",20.0,5.528e-05,local
2287_6,bulk,-50.18634646,85.116,True,"[7.55711846, 0.0, -8.72620875, -0.0, 7.92994751, -4.36310438, 0.0, 0.0, 4.36310438]",12.0,2.5e-08,local
2287_7,bulk,-50.18634646,90.413,True,"[7.55711846, 0.0, -8.72620875, -0.0, 7.92994751, -4.36310438, 0.0, 0.0, 4.36310438]",12.0,2.5e-08,local
2287_8,bulk,-50.18634646,82.137,True,"[7.55711846, 0.0, -8.72620875, -0.0, 7.92994751, -4.36310438, 0.0, 0.0, 4.36310438]",12.0,2.5e-08,local
2291_23,bulk,-68.04058786,63.728,True,"[7.45457949, 0.0, 0.0, -0.0, 8.56407641, 4.30390348, 0.0, 0.0, 4.30390348]",16.0,1.4375e-07,local
2292_1,bulk,-56.42751196,50.79,True,"[6.0890065, 0.0, -6.0890065, -0.0, 6.0890065, -6.0890065, 0.0, 0.0, 6.0890065]",16.0,0.00017884375,local
2292_6,bulk,-56.43800882,59.885,True,"[6.0890065, 0.0, 0.0, 0.0, 6.0890065, -6.0890065, 0.0, 0.0, 6.0890065]",16.0,0.000155025,local
2293_0,bulk,-41.23293979,86.476,True,"[6.58614725, 0.0, -6.58614725, -0.0, 6.58614725, -6.58614725, 0.0, 0.0, 6.58614725]",16.0,0.00017981875,local
2300_12,bulk,-79.71063204,163.826,True,"[5.02098027, 0.0, 0.0, 0.0, 14.10518449, -4.96433797, 0.0, 0.0, 4.96433797]",24.0,0.32805945,local
2300_2,bulk,-79.72565452,247.417,True,"[5.02098027, 0.0, -4.96433797, -0.0, 14.10518449, -4.96433797, 0.0, 0.0, 4.96433797]",24.0,0.32949969583333333,local
2305_6,bulk,-133.31109419,64.773,True,"[6.02889388, 0.0, 0.0, 0.0, 6.02889388, 0.0, 0.0, 0.0, 6.02889388]",16.0,0.25471520625,local
2311_27,bulk,-140.76432942,204.8,True,"[3.60678143, 0.0, 0.0, 0.0, 11.32162573, -13.07308733, 0.0, 0.0, 6.53654366]",18.0,1.3336623222222221,local
2311_41,bulk,-140.76450268,250.155,True,"[11.32162573, 0.0, 0.0, 0.0, 6.53654366, -3.60678143, 0.0, 0.0, 3.60678143]",18.0,1.3363937166666666,local
2311_7,bulk,-140.78164225,406.774,True,"[5.66081287, 0.0, -9.8048155, -0.0, 7.21356286, -6.53654366, 0.0, 0.0, 6.53654366]",18.0,1.3408853888888888,local
2312_0,bulk,-57.74496034,250.3,True,"[3.86663481, 0.0, -6.69720795, -0.0, 24.47271733, -4.4648053, 0.0, 0.0, 4.4648053]",12.0,5.833333333333333e-08,local
2312_1,bulk,-57.74496034,259.435,True,"[3.86663481, 0.0, -6.69720795, -0.0, 24.47271733, -4.4648053, 0.0, 0.0, 4.4648053]",12.0,5.833333333333333e-08,local
2312_21,bulk,-115.49008071,359.962,True,"[7.73326962, 0.0, 0.0, 0.0, 24.47271733, 4.4648053, 0.0, 0.0, 4.4648053]",24.0,1.2083333333333335e-07,local
2313_16,bulk,-64.01373191,84.513,True,"[3.82942699, 0.0, -3.82942699, 0.0, 9.56890098, -7.65885398, 0.0, 0.0, 3.82942699]",10.0,7.46e-05,local
2314_16,bulk,-84.2397348,43.203,True,"[6.42098087, 0.0, 0.0, -0.0, 7.13242267, 3.70715504, 0.0, 0.0, 3.70715504]",12.0,3.346666666666667e-05,local
2314_3,bulk,-84.25621301,66.609,True,"[6.42098087, 0.0, -7.41431007, -0.0, 7.13242267, -3.70715504, 0.0, 0.0, 3.70715504]",12.0,5.580833333333333e-05,local
2323_6,bulk,-60.92471291,61.137,True,"[6.38167487, 0.0, 0.0, 0.0, 6.38167487, -6.38167487, 0.0, 0.0, 6.38167487]",16.0,2.3625e-06,local
2329_3,bulk,-157.99950725,174.636,True,"[6.26142175, 0.0, 0.0, 0.0, 6.26142175, -6.26142175, 0.0, 0.0, 6.26142175]",16.0,5.941875e-05,local
2332_16,bulk,-71.02249607,63.254,True,"[3.87723255, 0.0, -3.87723255, 0.0, 9.75343665, -7.75446511, 0.0, 0.0, 3.87723255]",10.0,8.8e-06,local
2333_3,bulk,-179.10512828,252.294,True,"[6.2471007, 0.0, 0.0, 0.0, 6.2471007, -6.2471007, 0.0, 0.0, 6.2471007]",16.0,1.8275e-05,local
2335_0,bulk,-57.33713317,92.096,True,"[6.54215557, 0.0, -6.54215557, -0.0, 6.54215557, -6.54215557, 0.0, 0.0, 6.54215557]",16.0,2.463125e-05,local
2335_2,bulk,-57.33713317,73.578,True,"[6.54215557, 0.0, -6.54215557, -0.0, 6.54215557, -6.54215557, 0.0, 0.0, 6.54215557]",16.0,2.463125e-05,local
2335_8,bulk,-114.63285313,228.309,True,"[6.54215557, 0.0, 0.0, 0.0, 13.08431115, -6.54215557, 0.0, 0.0, 6.54215557]",32.0,6.453125e-06,local
2338_12,bulk,-110.96693492,196.3,True,"[4.15366911, 0.0, 0.0, -0.0, 8.30733823, 7.07295054, 0.0, 0.0, 7.07295054]",16.0,0.9873442375,local
2346_0,bulk,-119.58513108,77.054,True,"[5.8278075, 0.0, -5.8278075, -0.0, 5.8278075, -5.8278075, 0.0, 0.0, 5.8278075]",16.0,0.23339785625,local
2349_29,bulk,-39.99466165,97.544,True,"[4.27933678, 0.0, -4.27933678, -0.0, 10.94060697, -8.55867356, 0.0, 0.0, 4.27933678]",10.0,0.00020427000000000002,local
2363_19,bulk,-122.92100525,259.622,True,"[9.51916496, 0.0, 0.0, -0.0, 6.05803045, 4.67232705, 0.0, 0.0, 4.67232705]",16.0,5.875e-06,local
2363_7,bulk,-122.92770716,109.746,True,"[4.67232705, 0.0, 0.0, 0.0, 9.51916496, -6.05803045, 0.0, 0.0, 6.05803045]",16.0,5.911875e-05,local
2368_6,bulk,-105.40061422,36.826,True,"[6.05189191, 0.0, 0.0, 0.0, 6.05189191, 0.0, 0.0, 0.0, 6.05189191]",16.0,3.07e-05,local
2369_42,bulk,-104.87680979,392.896,True,"[12.54811964, 0.0, 0.0, 0.0, 7.24466025, -3.54952261, 0.0, 0.0, 3.54952261]",18.0,4.777777777777778e-07,local
2374_25,bulk,-86.10466443,138.36,True,"[4.89896686, 0.0, -2.82841984, -0.0, 12.47181563, 11.31367935, 0.0, 0.0, 5.65683968]",18.0,0.0003493944444444444,local
2379_2,bulk,-58.64053923,271.29,True,"[4.19516437, 0.0, -4.19516437, -0.0, 13.21111451, -4.19516437, 0.0, 0.0, 4.19516437]",14.0,1.8714285714285717e-05,local
2379_3,bulk,-58.64053923,253.716,True,"[4.19516437, 0.0, -4.19516437, -0.0, 13.21111451, -4.19516437, 0.0, 0.0, 4.19516437]",14.0,1.8714285714285717e-05,local
2382_0,bulk,-130.35866141,121.056,True,"[6.13751909, 0.0, -6.13751909, -0.0, 6.13751909, -6.13751909, 0.0, 0.0, 6.13751909]",16.0,4.45625e-06,local
2382_6,bulk,-130.36075054,69.411,True,"[6.13751909, 0.0, 0.0, 0.0, 6.13751909, 0.0, 0.0, 0.0, 6.13751909]",16.0,1.5125e-05,local
2384_35,bulk,-60.05823272,312.622,True,"[3.92604158, 0.0, -2.26670116, -0.0, 34.27189721, 9.06680466, 0.0, 0.0, 4.53340233]",24.0,7.791666666666667e-07,local
2388_1,bulk,-120.97885808,148.722,True,"[6.3251882, 0.0, -6.3251882, -0.0, 6.3251882, -6.3251882, 0.0, 0.0, 6.3251882]",16.0,0.27063290625,local
2391_3,bulk,-107.46336196,141.392,True,"[5.83383841, 0.0, 0.0, 0.0, 5.83383841, -5.83383841, 0.0, 0.0, 5.83383841]",16.0,0.25454456875,local
2398_40,bulk,-121.83371452,580.221,True,"[10.76789716, 0.0, 0.0, 0.0, 6.21684832, -3.63283732, 0.0, 0.0, 3.63283732]",18.0,0.9942867888888889,local
2398_7,bulk,-121.82875166,259.914,True,"[5.38394858, 0.0, -9.32527249, 0.0, 7.26567465, -6.21684832, 0.0, 0.0, 6.21684832]",18.0,0.9935618722222223,local
2401_0,bulk,-45.56080171,137.315,True,"[3.53892362, 0.0, -3.53892362, -0.0, 7.06356879, -3.53892362, 0.0, 0.0, 3.53892362]",8.0,0.099035475,local
2401_14,bulk,-91.12238838,295.044,True,"[5.00479377, 0.0, 0.0, 5.00479377, 5.00479377, 7.06356879, 0.0, 0.0, 7.06356879]",16.0,0.09010034375,local
2403_14,bulk,-135.02747269,527.096,True,"[16.88344702, 0.0, 0.0, 4.823842, 4.17756972, 3.33295505, 0.0, 0.0, 3.33295505]",18.0,1.4914769277777777,local
2403_15,bulk,-135.02747269,499.363,True,"[16.88344702, 0.0, 0.0, 4.823842, 4.17756972, 3.33295505, 0.0, 0.0, 3.33295505]",18.0,1.4914769277777777,local
2403_42,bulk,-135.0147011,305.552,True,"[11.05281056, 0.0, 0.0, 0.0, 6.38134315, -3.33295505, 0.0, 0.0, 3.33295505]",18.0,1.4910408944444444,local
2404_6,bulk,-100.35144065,30.035,True,"[6.05147563, 0.0, 0.0, 0.0, 6.05147563, 0.0, 0.0, 0.0, 6.05147563]",16.0,1.425625e-05,local
2407_51,bulk,-118.46206226,602.787,True,"[7.6559798, 0.0, 0.0, 7.6559798, 13.260546, 3.89983861, 0.0, 0.0, 3.89983861]",18.0,0.002353938888888889,local
2409_1,bulk,-75.32462112,98.197,True,"[5.68406771, 0.0, -5.68406771, -0.0, 5.68406771, -5.68406771, 0.0, 0.0, 5.68406771]",16.0,5.1525e-05,local
2409_3,bulk,-75.34398955,111.315,True,"[5.68406771, 0.0, 0.0, 0.0, 5.68406771, -5.68406771, 0.0, 0.0, 5.68406771]",16.0,4.521875e-05,local
2409_6,bulk,-75.35057883,39.053,True,"[5.68406771, 0.0, 0.0, 0.0, 5.68406771, 0.0, 0.0, 0.0, 5.68406771]",16.0,0.0001807625,local
2413_1,bulk,-107.86503312,96.142,True,"[6.53747089, 0.0, -6.53747089, -0.0, 6.53747089, -6.53747089, 0.0, 0.0, 6.53747089]",16.0,3.428125e-05,local
2413_3,bulk,-107.861171,91.43,True,"[6.53747089, 0.0, 0.0, 0.0, 6.53747089, -6.53747089, 0.0, 0.0, 6.53747089]",16.0,9.2625e-06,local
2413_5,bulk,-215.74455395,311.766,True,"[6.53747089, 0.0, 0.0, 0.0, 13.07494179, -6.53747089, 0.0, 0.0, 6.53747089]",32.0,1.7428125e-05,local
2423_1,bulk,-53.96000741,97.032,True,"[6.82293309, 0.0, -6.82293309, -0.0, 6.82293309, -6.82293309, 0.0, 0.0, 6.82293309]",16.0,1.074375e-05,local
2423_3,bulk,-53.96786899,116.36,True,"[6.82293309, 0.0, 0.0, 0.0, 6.82293309, -6.82293309, 0.0, 0.0, 6.82293309]",16.0,2.71e-05,local
2423_5,bulk,-107.93008926,317.173,True,"[6.82293309, 0.0, 0.0, 0.0, 13.64586618, -6.82293309, 0.0, 0.0, 6.82293309]",32.0,5e-06,local
2424_50,bulk,-95.08186833,294.727,True,"[4.10340496, 0.0, 0.0, -0.0, 16.78572011, 8.37450942, 0.0, 0.0, 4.18725471]",16.0,1.39375e-06,local
2424_9,bulk,-95.08522384,306.724,True,"[4.18725471, 0.0, 0.0, 0.0, 16.78572011, -4.10340496, 0.0, 0.0, 4.10340496]",16.0,8.04375e-06,local
2425_0,bulk,-57.58251887,127.48,True,"[8.40197821, 0.0, 8.40197821, 8.40197821, 8.40197821, -0.0, 0.0, 0.0, 8.40197821]",16.0,1.60375e-05,local
2430_3,bulk,-91.44469627,109.457,True,"[6.1868959, 0.0, 0.0, 0.0, 6.1868959, -6.1868959, 0.0, 0.0, 6.1868959]",16.0,3.65625e-06,local
2430_6,bulk,-91.45294544,42.455,True,"[6.1868959, 0.0, 0.0, 0.0, 6.1868959, 0.0, 0.0, 0.0, 6.1868959]",16.0,5.2875e-06,local
2433_0,bulk,-191.11119545,1628.576,True,"[6.46653292, 0.0, -11.20036356, 0.0, 9.15054259, -7.46690904, 0.0, 0.0, 7.46690904]",24.0,0.0517318875,local
2433_9,bulk,-191.11454798,1896.847,True,"[9.15054259, 0.0, 0.0, 0.0, 6.46653292, -11.20036356, 0.0, 0.0, 7.46690904]",24.0,0.0600151125,local
2434_12,bulk,-84.47009714,429.995,True,"[12.83129913, 0.0, -6.41564956, -0.0, 12.69793464, -6.41564956, 0.0, 0.0, 6.41564956]",28.0,2.4642857142857143e-07,local
2442_35,bulk,-190.39434754,878.709,True,"[8.80818516, 0.0, 0.0, -0.0, 9.61006449, -8.80818516, 0.0, 0.0, 8.80818516]",36.0,8.116666666666666e-06,local
2442_36,bulk,-190.39434754,888.039,True,"[8.80818516, 0.0, 0.0, -0.0, 9.61006449, -8.80818516, 0.0, 0.0, 8.80818516]",36.0,8.116666666666666e-06,local
2442_37,bulk,-190.39434754,837.005,True,"[8.80818516, 0.0, 0.0, -0.0, 9.61006449, -8.80818516, 0.0, 0.0, 8.80818516]",36.0,8.116666666666666e-06,local
2445_19,bulk,-102.04692118,549.275,True,"[4.55382762, 0.0, 0.0, 0.0, 20.90468487, -4.55382762, 0.0, 0.0, 4.55382762]",20.0,1.6e-07,local
2445_24,bulk,-102.03753099,499.363,True,"[4.55382762, 0.0, 0.0, 0.0, 20.90468487, 0.0, 0.0, 0.0, 4.55382762]",20.0,2e-08,local
2445_28,bulk,-102.05052243,521.929,True,"[4.55382762, 0.0, 4.55382762, 9.10765524, 20.90468487, 0.0, 0.0, 0.0, 4.55382762]",20.0,1.3999999999999998e-07,local
2450_23,bulk,-178.9302269,639.991,True,"[3.43873902, 0.0, -1.9853569, -0.0, 19.4756813, -3.97071379, 0.0, 0.0, 3.97071379]",24.0,1.3526799374999998,local
2450_27,bulk,-178.9302269,617.831,True,"[3.43873902, 0.0, -1.9853569, -0.0, 19.4756813, -3.97071379, 0.0, 0.0, 3.97071379]",24.0,1.3526799374999998,local
2453_6,bulk,-127.00354185,518.111,True,"[5.35007291, 0.0, -9.2665981, 0.0, 7.50143991, -6.17773206, 0.0, 0.0, 6.17773206]",18.0,0.05924601666666667,local
2453_7,bulk,-127.00354185,485.988,True,"[5.35007291, 0.0, -9.2665981, 0.0, 7.50143991, -6.17773206, 0.0, 0.0, 6.17773206]",18.0,0.05924601666666667,local
2453_8,bulk,-127.00354185,601.969,True,"[5.35007291, 0.0, -9.2665981, 0.0, 7.50143991, -6.17773206, 0.0, 0.0, 6.17773206]",18.0,0.05924601666666667,local
2456_64,bulk,-202.52770117,857.329,True,"[11.06925582, 0.0, -2.01792536, 16.34760308, 9.72972121, 3.96733177, 0.0, 0.0, 8.00318249]",40.0,1.3785e-05,local
2457_1,bulk,-58.65348901,116.73,True,"[6.65816828, 0.0, -6.65816828, -0.0, 6.65816828, -6.65816828, 0.0, 0.0, 6.65816828]",16.0,6.05875e-05,local
2459_18,bulk,-107.93499367,205.399,True,"[16.28260219, 0.0, 0.0, 4.65217205, 4.02889918, 3.50187446, 0.0, 0.0, 3.50187446]",18.0,3.9277777777777774e-05,local
2460_10,bulk,-63.84432303,101.926,True,"[4.19558054, 0.0, 0.0, 0.0, 10.42964081, -4.19558054, 0.0, 0.0, 4.19558054]",10.0,2.93e-06,local
2460_13,bulk,-127.68428718,315.419,True,"[4.19558054, 0.0, 0.0, 0.0, 20.85928163, -4.19558054, 0.0, 0.0, 4.19558054]",20.0,4.54e-06,local
2460_14,bulk,-127.68428718,351.897,True,"[4.19558054, 0.0, 0.0, 0.0, 20.85928163, -4.19558054, 0.0, 0.0, 4.19558054]",20.0,4.54e-06,local
2462_0,bulk,-134.05080781,83.713,True,"[5.90781595, 0.0, -5.90781595, -0.0, 5.90781595, -5.90781595, 0.0, 0.0, 5.90781595]",16.0,0.97578486875,local
2463_11,bulk,-53.15346474,81.909,True,"[4.263496, 0.0, 0.0, 0.0, 10.271825, -4.263496, 0.0, 0.0, 4.263496]",10.0,1.01e-06,local
2464_48,bulk,-136.62637795,622.74,True,"[6.38347415, 0.0, 0.0, 6.38347415, 11.05650156, 3.52910143, 0.0, 0.0, 3.52910143]",18.0,0.42089346666666666,local
2464_7,bulk,-136.63436393,254.257,True,"[5.52825078, 0.0, 9.57521123, 5.52825078, 7.05820286, 3.19173708, 0.0, 0.0, 6.38347415]",18.0,0.4272385666666667,local
2467_0,bulk,-131.37255017,78.738,True,"[5.62153043, 0.0, -5.62153043, -0.0, 5.62153043, -5.62153043, 0.0, 0.0, 5.62153043]",16.0,0.20164639375,local
2467_3,bulk,-131.37098472,85.852,True,"[5.62153043, 0.0, 0.0, 0.0, 5.62153043, -5.62153043, 0.0, 0.0, 5.62153043]",16.0,0.20258471875,local
2469_12,bulk,-112.41217793,247.528,True,"[4.61431029, 0.0, -2.66407329, -0.0, 12.79579492, -5.32814658, 0.0, 0.0, 5.32814658]",18.0,1.782222222222222e-05,local
2469_22,bulk,-112.42240735,218.225,True,"[4.61431029, 0.0, -2.66407329, 0.0, 12.79579492, -10.65629316, 0.0, 0.0, 5.32814658]",18.0,4.49e-05,local
2469_23,bulk,-112.42240735,208.856,True,"[4.61431029, 0.0, -2.66407329, 0.0, 12.79579492, -10.65629316, 0.0, 0.0, 5.32814658]",18.0,4.49e-05,local
2473_0,bulk,-50.36391438,188.661,True,"[6.60025737, 0.0, -6.60025737, -0.0, 6.60025737, -6.60025737, 0.0, 0.0, 6.60025737]",16.0,3.80625e-06,local
2473_1,bulk,-50.36391438,118.493,True,"[6.60025737, 0.0, -6.60025737, -0.0, 6.60025737, -6.60025737, 0.0, 0.0, 6.60025737]",16.0,3.80625e-06,local
2473_5,bulk,-100.56729337,330.98,True,"[6.60025737, 0.0, 0.0, 0.0, 13.20051475, -6.60025737, 0.0, 0.0, 6.60025737]",32.0,5.0134375e-05,local
2478_6,bulk,-109.77104467,55.461,True,"[5.73801489, 0.0, 0.0, 0.0, 5.73801489, 0.0, 0.0, 0.0, 5.73801489]",16.0,1.3987979625,local
2488_7,bulk,-113.50462933,331.386,True,"[12.82098962, 0.0, -6.41049481, 0.0, 12.24330888, -6.41049481, 0.0, 0.0, 6.41049481]",32.0,2.5128125e-05,local
2492_12,bulk,-199.32096115,827.093,True,"[15.03787139, 0.0, -7.5189357, 0.0, 7.59136039, -7.5189357, 0.0, 0.0, 7.5189357]",40.0,7.8285e-05,local
2499_59,bulk,-145.2849688,873.67,True,"[17.65543309, 0.0, 0.0, 2.28540516, 8.68772462, 7.7146663, 0.0, 0.0, 7.7146663]",40.0,2.2925e-06,local
2499_66,bulk,-145.2849688,814.528,True,"[17.65543309, 0.0, 0.0, 2.28540516, 8.68772462, 7.7146663, 0.0, 0.0, 7.7146663]",40.0,2.2925e-06,local
2499_68,bulk,-145.28354487,928.234,True,"[17.07452513, 0.0, 0.0, -0.0, 8.9832976, 7.7146663, 0.0, 0.0, 7.7146663]",40.0,1.25e-08,local
2502_3,bulk,-85.9453548,76.345,True,"[6.50756617, 0.0, 0.0, 0.0, 6.50756617, -6.50756617, 0.0, 0.0, 6.50756617]",16.0,2.635625e-05,local
2502_5,bulk,-172.01908451,280.945,True,"[6.50756617, 0.0, 0.0, 0.0, 13.01513234, -6.50756617, 0.0, 0.0, 6.50756617]",32.0,3.50625e-06,local
2504_24,bulk,-126.46194444,1682.845,True,"[23.17603603, 0.0, 0.0, 4.63520721, 9.27041441, 6.56350029, 0.0, 0.0, 6.56350029]",40.0,0.5000003225,local
2504_52,bulk,-126.45981898,1135.071,True,"[14.65781219, 0.0, 0.0, 14.65781219, 14.65781219, 6.56350029, 0.0, 0.0, 6.56350029]",40.0,0.5000015624999999,local
2504_55,bulk,-126.45981898,1136.626,True,"[14.65781219, 0.0, 0.0, 14.65781219, 14.65781219, 6.56350029, 0.0, 0.0, 6.56350029]",40.0,0.5000015624999999,local
2507_5,bulk,-172.49259919,721.919,True,"[6.28517737, 0.0, 0.0, 0.0, 12.57035475, -6.28517737, 0.0, 0.0, 6.28517737]",32.0,2.3728125e-05,local
2516_0,bulk,-96.87342317,253.608,True,"[11.96140833, 0.0, 0.0, 5.98070417, 5.98070417, 4.62157455, 0.0, 0.0, 4.62157455]",18.0,5.555555555555555e-09,local
2516_11,bulk,-96.86734482,205.94,True,"[4.62157455, 0.0, 0.0, 0.0, 8.45799295, -8.45799295, 0.0, 0.0, 8.45799295]",18.0,5.555555555555555e-09,local
2516_56,bulk,-96.87373785,94.467,True,"[8.45799295, 0.0, 0.0, 0.0, 8.45799295, 0.0, 0.0, 0.0, 4.62157455]",18.0,4.931111111111111e-05,local
2518_2,bulk,-57.25649575,183.213,True,"[9.77788943, 0.0, 4.19496661, 14.08439811, 4.93539074, 0.0, 0.0, 0.0, 4.19496661]",12.0,2.5e-08,local
2518_59,bulk,-114.56593231,861.106,True,"[8.47803533, 0.0, 6.42866888, 12.80469734, 7.29089013, 19.40745979, 0.0, 0.0, 6.55012204]",24.0,1.25e-08,local
2518_62,bulk,-114.5501334,629.114,True,"[8.47803533, 0.0, -6.42866888, 12.80469734, 7.29089013, -6.30721571, 0.0, 0.0, 6.55012204]",24.0,9.166666666666667e-08,local
2521_3,bulk,-230.3358476,895.283,True,"[5.36140801, 0.0, -5.24850037, 0.0, 14.90280208, -5.24850037, 0.0, 0.0, 5.24850037]",24.0,1.4304166666666666e-05,local
2523_36,bulk,-87.39430944,134.542,True,"[3.56709133, 0.0, -2.05946114, -0.0, 19.87004926, -4.11892227, 0.0, 0.0, 4.11892227]",20.0,3.2e-06,local
2523_37,bulk,-87.39430944,131.376,True,"[3.56709133, 0.0, -2.05946114, -0.0, 19.87004926, -4.11892227, 0.0, 0.0, 4.11892227]",20.0,3.2e-06,local
2523_3,bulk,-43.73341397,83.829,True,"[3.56709133, 0.0, -6.17838341, 0.0, 9.93502463, -4.11892227, 0.0, 0.0, 4.11892227]",10.0,3.6e-07,local
2524_30,bulk,-127.92793113,120.908,True,"[4.11853524, 0.0, -2.37783743, -0.0, 13.23253019, -4.75567486, 0.0, 0.0, 4.75567486]",18.0,1.0377777777777776e-05,local
2527_3,bulk,-158.40561455,144.799,True,"[6.44497593, 0.0, 0.0, 0.0, 6.44497593, -6.44497593, 0.0, 0.0, 6.44497593]",16.0,0.2536585,local
2531_6,bulk,-59.56800012,53.874,True,"[6.09457478, 0.0, 0.0, 0.0, 6.09457478, -6.09457478, 0.0, 0.0, 6.09457478]",16.0,1.22125e-05,local
2532_6,bulk,-146.13425294,56.887,True,"[6.241252, 0.0, 0.0, 0.0, 6.241252, 0.0, 0.0, 0.0, 6.241252]",16.0,1.535625e-05,local
2533_25,bulk,-83.54201353,420.536,True,"[7.43426567, 0.0, 0.0, 5.4397126, 7.16170818, 8.59813824, 0.0, 0.0, 8.59813824]",20.0,1e-08,local
2535_2,bulk,-54.91919997,493.086,True,"[4.57950654, 0.0, 4.57950654, 4.57950654, 23.64614358, 0.0, 0.0, 0.0, 4.57950654]",20.0,6.7e-07,local
2535_3,bulk,-54.91919997,453.517,True,"[4.57950654, 0.0, 4.57950654, 4.57950654, 23.64614358, 0.0, 0.0, 0.0, 4.57950654]",20.0,6.7e-07,local
2535_5,bulk,-54.90793486,377.412,True,"[9.15901308, 0.0, -4.57950654, 0.0, 11.82307179, -4.57950654, 0.0, 0.0, 4.57950654]",20.0,9.5715e-05,local
2539_31,bulk,-49.70155341,125.365,True,"[3.70883579, 0.0, -2.14129734, 0.0, 18.88817822, -4.28259468, 0.0, 0.0, 4.28259468]",18.0,9.277777777777777e-07,local
2539_32,bulk,-49.70155341,109.996,True,"[3.70883579, 0.0, -2.14129734, 0.0, 18.88817822, -4.28259468, 0.0, 0.0, 4.28259468]",18.0,9.277777777777777e-07,local
2540_1,bulk,-138.39603552,90.364,True,"[6.53694497, 0.0, -6.53694497, -0.0, 6.53694497, -6.53694497, 0.0, 0.0, 6.53694497]",16.0,3.134375e-05,local
2543_6,bulk,-65.33615702,84.449,True,"[13.6060735, 0.0, 0.0, 6.80303675, 3.9277351, 7.61195541, 0.0, 0.0, 3.8059777]",9.0,0.0005302111111111111,local
2545_24,bulk,-147.53839658,288.509,True,"[4.40569968, 0.0, -2.5436319, 0.0, 11.50399123, 10.17452758, 0.0, 0.0, 5.08726379]",18.0,6.625555555555556e-05,local
2555_45,bulk,-137.57747849,345.17,True,"[13.73990766, 0.0, 0.0, 0.0, 7.93273939, -3.33394295, 0.0, 0.0, 3.33394295]",18.0,2.9033333333333335e-05,local
2559_10,bulk,-69.42560534,423.197,True,"[8.25756647, 0.0, 0.0, 0.0, 11.86480941, -4.42688621, 0.0, 0.0, 4.42688621]",16.0,4.375e-08,local
2559_11,bulk,-69.42560534,387.795,True,"[8.25756647, 0.0, 0.0, 0.0, 11.86480941, -4.42688621, 0.0, 0.0, 4.42688621]",16.0,4.375e-08,local
2559_46,bulk,-138.85078202,1180.23,True,"[12.66376815, 0.0, 0.0, 3.09502216, 8.29518679, 8.25756647, 0.0, 0.0, 8.25756647]",32.0,6.25e-09,local
2561_0,bulk,-86.42800658,42.03,True,"[6.00963155, 0.0, -6.00963155, -0.0, 6.00963155, -6.00963155, 0.0, 0.0, 6.00963155]",16.0,2.755625e-05,local
2563_10,bulk,-120.79543468,206.193,True,"[14.15570355, 0.0, 0.0, 0.0, 8.13087862, -4.06543931, 0.0, 0.0, 4.06543931]",20.0,6.660000000000001e-06,local
2563_2,bulk,-120.77629059,209.481,True,"[4.06543931, 0.0, 4.06543931, 4.06543931, 28.3114071, 0.0, 0.0, 0.0, 4.06543931]",20.0,6.4e-07,local
2563_6,bulk,-120.79160608,224.422,True,"[8.13087862, 0.0, -4.06543931, -0.0, 14.15570355, -4.06543931, 0.0, 0.0, 4.06543931]",20.0,2.31e-06,local
2564_2,bulk,-91.66965174,95.071,True,"[6.32280193, 0.0, -6.32280193, -0.0, 6.32280193, -6.32280193, 0.0, 0.0, 6.32280193]",12.0,2.68e-05,local
2564_7,bulk,-183.34068342,322.661,True,"[6.32280193, 0.0, 0.0, 0.0, 12.64560387, -6.32280193, 0.0, 0.0, 6.32280193]",24.0,5.8875e-06,local
2568_58,bulk,-82.97278028,116.041,True,"[4.3548125, 0.0, 0.0, 0.0, 10.8751284, 0.0, 0.0, 0.0, 7.70344415]",16.0,4.445625e-05,local
2571_1,bulk,-120.24968377,70.18,True,"[6.02852669, 0.0, -6.02852669, -0.0, 6.02852669, -6.02852669, 0.0, 0.0, 6.02852669]",16.0,3.914375e-05,local
2576_0,bulk,-88.30244322,73.737,True,"[5.9629178, 0.0, -5.9629178, -0.0, 5.9629178, -5.9629178, 0.0, 0.0, 5.9629178]",12.0,3.911666666666667e-05,local
2579_0,bulk,-46.96880659,141.462,True,"[6.60353644, 0.0, -6.60353644, -0.0, 6.60353644, -6.60353644, 0.0, 0.0, 6.60353644]",16.0,3.565625e-05,local
2580_2,bulk,-85.1002331,315.119,True,"[8.07685424, 0.0, -8.07685424, -0.0, 8.07685424, -8.07685424, 0.0, 0.0, 8.07685424]",24.0,8.75e-08,local
2580_3,bulk,-85.1002331,326.903,True,"[8.07685424, 0.0, -8.07685424, -0.0, 8.07685424, -8.07685424, 0.0, 0.0, 8.07685424]",24.0,8.75e-08,local
2586_13,bulk,-72.42533185,162.043,True,"[3.61170763, 0.0, 0.0, 0.0, 6.78339933, -11.74919229, 0.0, 0.0, 7.83279486]",9.0,0.00015254444444444444,local
2586_41,bulk,-144.86235304,317.676,True,"[13.56679866, 0.0, 0.0, 0.0, 7.83279486, -3.61170763, 0.0, 0.0, 3.61170763]",18.0,0.00025310555555555555,local
2586_45,bulk,-144.86235304,333.515,True,"[13.56679866, 0.0, 0.0, 0.0, 7.83279486, -3.61170763, 0.0, 0.0, 3.61170763]",18.0,0.00025310555555555555,local
2590_0,bulk,-160.27897205,167.369,True,"[6.55350672, 0.0, -6.55350672, -0.0, 6.55350672, -6.55350672, 0.0, 0.0, 6.55350672]",16.0,0.00015008125,local
2593_0,bulk,-85.32806822,132.613,True,"[6.27333406, 0.0, 6.27333406, 6.27333406, 6.27333406, -0.0, 0.0, 0.0, 6.27333406]",16.0,1.4725e-05,local
2593_1,bulk,-85.32806822,120.651,True,"[6.27333406, 0.0, 6.27333406, 6.27333406, 6.27333406, -0.0, 0.0, 0.0, 6.27333406]",16.0,1.4725e-05,local
2597_0,bulk,-74.11699587,69.635,True,"[6.09666702, 0.0, -6.09666702, 0.0, 6.09666702, -6.09666702, 0.0, 0.0, 6.09666702]",16.0,6.7375e-06,local
2599_11,bulk,-65.69443156,246.099,True,"[4.07631253, 0.0, 0.0, 0.0, 16.49412777, -4.01942813, 0.0, 0.0, 4.01942813]",16.0,3.375e-07,local
2599_22,bulk,-65.71377375,221.252,True,"[4.01942813, 0.0, 0.0, 0.0, 16.49412777, -4.07631253, 0.0, 0.0, 4.07631253]",16.0,6.80625e-06,local
2599_8,bulk,-65.70294622,201.239,True,"[8.24706389, 0.0, 0.0, 0.0, 8.15262507, -4.01942813, 0.0, 0.0, 4.01942813]",16.0,1.8275e-05,local
2600_3,bulk,-107.87745668,175.114,True,"[6.45698987, 0.0, 0.0, 0.0, 6.45698987, -6.45698987, 0.0, 0.0, 6.45698987]",16.0,3.01125e-05,local
2602_0,bulk,-102.36100513,288.932,True,"[7.25830431, 0.0, -7.25830431, -0.0, 7.25830431, -7.25830431, 0.0, 0.0, 7.25830431]",24.0,1.7191666666666667e-05,local
2602_2,bulk,-102.36100513,278.179,True,"[7.25830431, 0.0, -7.25830431, -0.0, 7.25830431, -7.25830431, 0.0, 0.0, 7.25830431]",24.0,1.7191666666666667e-05,local
2603_1,bulk,-81.01197388,84.412,True,"[6.0356783, 0.0, -6.0356783, -0.0, 6.0356783, -6.0356783, 0.0, 0.0, 6.0356783]",16.0,1.3025e-05,local
2604_0,bulk,-76.99288071,65.936,True,"[6.07521994, 0.0, 6.07521994, 6.07521994, 6.07521994, -0.0, 0.0, 0.0, 6.07521994]",16.0,3.1075e-05,local
2604_1,bulk,-76.99288071,76.876,True,"[6.07521994, 0.0, 6.07521994, 6.07521994, 6.07521994, -0.0, 0.0, 0.0, 6.07521994]",16.0,3.1075e-05,local
2605_10,bulk,-112.34890556,233.949,True,"[11.62121203, 0.0, 0.0, 0.0, 7.95199384, -3.97599692, 0.0, 0.0, 3.97599692]",20.0,0.21965516,local
2605_2,bulk,-112.3558212,255.631,True,"[3.97599692, 0.0, -3.97599692, 0.0, 23.24242406, -3.97599692, 0.0, 0.0, 3.97599692]",20.0,0.21761111,local
2607_3,bulk,-75.07646491,84.347,True,"[6.34704648, 0.0, 0.0, 0.0, 6.34704648, -6.34704648, 0.0, 0.0, 6.34704648]",16.0,3.98875e-05,local
2607_5,bulk,-150.16016042,412.218,True,"[6.34704648, 0.0, 0.0, 0.0, 12.69409295, -6.34704648, 0.0, 0.0, 6.34704648]",32.0,3.753125e-06,local
2610_40,bulk,-75.84331611,313.463,True,"[6.25971957, 0.0, 0.0, 0.0, 14.93435888, -13.75725533, 0.0, 0.0, 6.87862767]",20.0,1.85e-07,local
2610_6,bulk,-151.68158261,799.514,True,"[14.93435888, 0.0, -6.87862767, -0.0, 12.51943915, -6.87862767, 0.0, 0.0, 6.87862767]",40.0,5.75e-08,local
2610_7,bulk,-151.68158261,797.36,True,"[14.93435888, 0.0, -6.87862767, -0.0, 12.51943915, -6.87862767, 0.0, 0.0, 6.87862767]",40.0,5.75e-08,local
2611_3,bulk,-51.98285206,105.795,True,"[6.03003397, 0.0, 0.0, -0.0, 6.03003397, 6.03003397, 0.0, 0.0, 6.03003397]",16.0,1.144375e-05,local
2612_10,bulk,-82.55320693,348.226,True,"[7.64674257, 0.0, -8.82969776, -0.0, 11.11886279, -4.41484888, 0.0, 0.0, 4.41484888]",16.0,9.375e-08,local
2614_17,bulk,-157.08626732,418.029,True,"[17.87934813, 0.0, 0.0, 5.10838518, 4.42399134, 3.83388037, 0.0, 0.0, 3.83388037]",18.0,0.0001779277777777778,local
2614_38,bulk,-157.04664721,152.073,True,"[5.85239044, 0.0, -3.3788792, -0.0, 7.66776075, -6.75775839, 0.0, 0.0, 6.75775839]",18.0,1.533333333333333e-05,local
2614_45,bulk,-157.09326503,329.372,True,"[11.70478088, 0.0, 0.0, 0.0, 6.75775839, -3.83388037, 0.0, 0.0, 3.83388037]",18.0,4.2372222222222225e-05,local
893_14,bulk,-161.69260936,204.917,True,"[4.07756424, 0.0, 0.0, 0.0, 19.97263826, -4.07756424, 0.0, 0.0, 4.07756424]",20.0,3.315e-06,local
893_3,bulk,-161.67821497,304.401,True,"[4.07756424, 0.0, -4.07756424, -0.0, 19.97263826, -4.07756424, 0.0, 0.0, 4.07756424]",20.0,3.23e-06,local
894_3,bulk,-109.77994933,192.133,True,"[6.33864537, 0.0, 0.0, -0.0, 6.33864537, 6.33864537, 0.0, 0.0, 6.33864537]",16.0,2.535625e-05,local
899_3,bulk,-85.88348074,88.668,True,"[6.37146232, 0.0, 0.0, -0.0, 6.37146232, 6.37146232, 0.0, 0.0, 6.37146232]",16.0,5.9875e-05,local
899_5,bulk,-171.71361333,303.325,True,"[6.37146232, 0.0, 0.0, 0.0, 12.74292464, -6.37146232, 0.0, 0.0, 6.37146232]",32.0,1.71875e-05,local
901_9,bulk,-119.61873908,615.982,True,"[9.77830433, 0.0, 0.0, 0.0, 8.16074083, -4.08037041, 0.0, 0.0, 4.08037041]",20.0,1.137e-05,local
902_7,bulk,-54.74941495,169.08,True,"[12.6340155, 0.0, 0.0, 0.0, 6.2979912, -6.2979912, 0.0, 0.0, 6.2979912]",16.0,0.00031209375,local
906_6,bulk,-148.44714669,46.64,True,"[6.49456724, 0.0, 0.0, 0.0, 6.49456724, 0.0, 0.0, 0.0, 6.49456724]",16.0,0.2578934,local
908_3,bulk,-170.71956881,93.551,True,"[6.38821418, 0.0, 0.0, -0.0, 6.38821418, 6.38821418, 0.0, 0.0, 6.38821418]",16.0,3.726875e-05,local
911_3,bulk,-81.07810167,132.616,True,"[6.5737687, 0.0, 0.0, 0.0, 6.5737687, -6.5737687, 0.0, 0.0, 6.5737687]",16.0,0.00016070625,local
918_11,bulk,-53.23143289,86.931,True,"[4.34159957, 0.0, 0.0, 0.0, 10.01503413, -4.34159957, 0.0, 0.0, 4.34159957]",10.0,9.1e-07,local
918_2,bulk,-106.4482269,326.415,True,"[4.34159957, 0.0, -4.34159957, -0.0, 20.03006826, -4.34159957, 0.0, 0.0, 4.34159957]",20.0,1.3550000000000002e-06,local
918_3,bulk,-106.4482269,342.472,True,"[4.34159957, 0.0, -4.34159957, -0.0, 20.03006826, -4.34159957, 0.0, 0.0, 4.34159957]",20.0,1.3550000000000002e-06,local
919_28,bulk,-94.19634913,256.208,True,"[4.22385588, 0.0, 0.0, 0.0, 12.42398321, -14.3459801, 0.0, 0.0, 7.17299005]",18.0,0.00015652777777777778,local
919_33,bulk,-94.19634914,249.59,True,"[4.22385588, 0.0, 0.0, 0.0, 12.42398321, -14.3459801, 0.0, 0.0, 7.17299005]",18.0,0.00015652777777777778,local
919_6,bulk,-94.19952664,277.821,True,"[6.2119916, 0.0, 10.75948507, 6.2119916, 8.44771176, 3.58649502, 0.0, 0.0, 7.17299005]",18.0,3.467222222222223e-05,local
922_11,bulk,-144.90912999,414.717,True,"[4.30484484, 0.0, -2.48540333, -0.0, 11.72704759, -4.97080665, 0.0, 0.0, 4.97080665]",18.0,0.5005415277777777,local
926_2,bulk,-81.89281067,236.804,True,"[7.28639294, 0.0, -7.28639294, 0.0, 7.28639294, -7.28639294, 0.0, 0.0, 7.28639294]",24.0,2.745e-05,local
933_14,bulk,-71.5526429,119.169,True,"[3.70313232, 0.0, 0.0, 0.0, 14.14855658, -3.69708009, 0.0, 0.0, 3.69708009]",12.0,1.125e-06,local
933_21,bulk,-143.09134133,282.396,True,"[3.70313232, 0.0, 0.0, 0.0, 28.29711316, -3.69708009, 0.0, 0.0, 3.69708009]",24.0,3.7916666666666665e-07,local
933_22,bulk,-143.09134133,341.331,True,"[3.70313232, 0.0, 0.0, 0.0, 28.29711316, -3.69708009, 0.0, 0.0, 3.69708009]",24.0,3.7916666666666665e-07,local
937_3,bulk,-112.83446605,102.166,True,"[5.69170433, 0.0, 0.0, 0.0, 5.69170433, -5.69170433, 0.0, 0.0, 5.69170433]",16.0,1.00449316875,local
941_10,bulk,-57.69529291,274.723,True,"[8.44231733, 0.0, -9.74834836, -0.0, 16.31957089, -4.87417418, 0.0, 0.0, 4.87417418]",20.0,1.2845e-05,local
941_12,bulk,-57.69529291,239.896,True,"[8.44231733, 0.0, -9.74834836, -0.0, 16.31957089, -4.87417418, 0.0, 0.0, 4.87417418]",20.0,1.2845e-05,local
945_6,bulk,-133.45902354,44.084,True,"[6.39029792, 0.0, 0.0, 0.0, 6.39029792, 0.0, 0.0, 0.0, 6.39029792]",16.0,0.1334195,local
949_3,bulk,-104.99424257,127.501,True,"[6.12951913, 0.0, 0.0, 0.0, 6.12951913, -6.12951913, 0.0, 0.0, 6.12951913]",16.0,0.92170798125,local
953_1,bulk,-118.67792801,443.96,False,"[5.67248399, 0.0, -5.67248399, -0.0, 5.67248399, -5.67248399, 0.0, 0.0, 5.67248399]",16.0,0.99416735625,local
955_35,bulk,-165.46992827,993.314,True,"[11.09750185, 0.0, 0.0, 3.55816839, 8.14327933, 6.63835819, 0.0, 0.0, 6.63835819]",32.0,1.03125e-07,local
955_39,bulk,-165.48933679,762.674,True,"[10.16912765, 0.0, 0.0, -0.0, 8.88670696, 6.63835819, 0.0, 0.0, 6.63835819]",32.0,5.625e-07,local
955_8,bulk,-82.73975788,249.58,True,"[6.63835819, 0.0, 0.0, 0.0, 10.16912765, -4.44335348, 0.0, 0.0, 4.44335348]",16.0,1.681875e-05,local
957_6,bulk,-61.86222701,68.919,True,"[6.06947351, 0.0, 0.0, -0.0, 6.06947351, 6.06947351, 0.0, 0.0, 6.06947351]",16.0,3.15e-05,local
958_3,bulk,-92.07602005,170.498,True,"[6.07861197, 0.0, 0.0, 0.0, 6.07861197, -6.07861197, 0.0, 0.0, 6.07861197]",16.0,2.154375e-05,local
959_45,bulk,-155.27497462,434.795,True,"[11.68156828, 0.0, 0.0, 0.0, 6.74435659, -3.75713739, 0.0, 0.0, 3.75713739]",18.0,3.3333333333333335e-07,local
959_47,bulk,-155.27497462,502.842,True,"[11.68156828, 0.0, 0.0, 0.0, 6.74435659, -3.75713739, 0.0, 0.0, 3.75713739]",18.0,3.3333333333333335e-07,local
959_4,bulk,-77.63797199,146.89,True,"[11.68156828, 0.0, 0.0, 5.84078414, 3.3721783, 3.75713739, 0.0, 0.0, 3.75713739]",9.0,6.666666666666667e-07,local
963_35,bulk,-83.81696597,333.126,True,"[7.73093187, 0.0, -7.15750091, 0.0, 14.82563484, -14.31500181, 0.0, 0.0, 7.15750091]",20.0,1.000292325,local
963_36,bulk,-83.81696597,265.707,True,"[7.73093187, 0.0, -7.15750091, 0.0, 14.82563484, -14.31500181, 0.0, 0.0, 7.15750091]",20.0,1.000292325,local
963_37,bulk,-83.81696597,425.448,True,"[7.73093187, 0.0, -7.15750091, 0.0, 14.82563484, -14.31500181, 0.0, 0.0, 7.15750091]",20.0,1.000292325,local
965_0,bulk,-89.84795075,120.389,True,"[6.20236618, 0.0, -6.20236618, -0.0, 6.20236618, -6.20236618, 0.0, 0.0, 6.20236618]",16.0,3.199375e-05,local
965_3,bulk,-89.83892868,132.205,True,"[6.20236618, 0.0, 0.0, 0.0, 6.20236618, -6.20236618, 0.0, 0.0, 6.20236618]",16.0,3.731875e-05,local
965_5,bulk,-179.68753944,528.972,True,"[6.20236618, 0.0, 0.0, 0.0, 12.40473236, -6.20236618, 0.0, 0.0, 6.20236618]",32.0,6.684375e-06,local
966_3,bulk,-73.24503091,177.637,True,"[6.99738749, 0.0, 0.0, 0.0, 6.99738749, -6.99738749, 0.0, 0.0, 6.99738749]",16.0,0.00018183125,local
967_0,bulk,-54.64333815,78.535,True,"[6.38370973, 0.0, -6.38370973, -0.0, 6.38370973, -6.38370973, 0.0, 0.0, 6.38370973]",16.0,3.25e-05,local
969_0,bulk,-50.0901171,59.613,True,"[6.642721, 0.0, -6.642721, -0.0, 6.642721, -6.642721, 0.0, 0.0, 6.642721]",16.0,1.65e-06,local
974_59,bulk,-254.80364862,888.353,True,"[9.72413474, 0.0, 0.019403, 4.85617051, 8.41794041, 6.77437977, 0.0, 0.0, 6.73557377]",36.0,1.488888888888889e-05,local
974_82,bulk,-254.80814466,875.539,True,"[4.85911805, 0.0, -0.019403, -0.0, 16.84609964, 6.73557377, 0.0, 0.0, 6.73557377]",36.0,1.2113888888888889e-05,local
974_83,bulk,-254.80814466,856.578,True,"[4.85911805, 0.0, -0.019403, -0.0, 16.84609964, 6.73557377, 0.0, 0.0, 6.73557377]",36.0,1.2113888888888889e-05,local
977_25,bulk,-110.57530266,211.792,True,"[3.29415689, 0.0, -1.90188237, -0.0, 18.64811157, -7.60752947, 0.0, 0.0, 3.80376473]",18.0,9.533333333333332e-06,local
979_1,bulk,-108.30479201,92.436,True,"[5.90811778, 0.0, -5.90811778, -0.0, 5.90811778, -5.90811778, 0.0, 0.0, 5.90811778]",16.0,1.5e-07,local
982_8,bulk,-137.75033132,396.503,True,"[6.91409293, 0.0, 0.0, 0.0, 6.91409293, -6.91409293, 0.0, 0.0, 6.91409293]",24.0,0.00020430833333333332,local
984_0,bulk,-148.13271098,151.032,True,"[6.36477549, 0.0, -6.36477549, -0.0, 6.36477549, -6.36477549, 0.0, 0.0, 6.36477549]",16.0,1.64375e-05,local
984_1,bulk,-148.13271099,169.556,True,"[6.36477549, 0.0, -6.36477549, -0.0, 6.36477549, -6.36477549, 0.0, 0.0, 6.36477549]",16.0,1.64375e-05,local
986_3,bulk,-83.50869127,108.502,True,"[6.37361344, 0.0, 0.0, 0.0, 6.37361344, -6.37361344, 0.0, 0.0, 6.37361344]",16.0,7.15625e-06,local
986_5,bulk,-167.12731693,348.298,True,"[6.37361344, 0.0, 0.0, 0.0, 12.74722688, -6.37361344, 0.0, 0.0, 6.37361344]",32.0,1.17125e-05,local
987_15,bulk,-42.77565425,97.896,True,"[3.26397371, 0.0, 0.0, 0.0, 8.19097366, -3.26397371, 0.0, 0.0, 3.26397371]",6.0,3.3333333333333334e-08,local
987_2,bulk,-42.77517341,93.802,True,"[3.26397371, 0.0, -3.26397371, -0.0, 8.19097366, -3.26397371, 0.0, 0.0, 3.26397371]",6.0,4.766666666666667e-06,local
993_10,bulk,-125.9894255,205.119,True,"[10.38476185, 0.0, 0.0, 0.0, 8.70690335, -4.35345168, 0.0, 0.0, 4.35345168]",20.0,3.5145e-05,local
993_2,bulk,-125.99389431,403.299,True,"[4.35345168, 0.0, -4.35345168, 0.0, 20.76952371, -4.35345168, 0.0, 0.0, 4.35345168]",20.0,8.3e-07,local
993_3,bulk,-125.99389431,417.349,True,"[4.35345168, 0.0, -4.35345168, 0.0, 20.76952371, -4.35345168, 0.0, 0.0, 4.35345168]",20.0,8.3e-07,local
994_13,bulk,-50.93067957,269.663,True,"[4.6839121, 0.0, 0.0, 0.0, 24.18927769, -4.6839121, 0.0, 0.0, 4.6839121]",16.0,1.375e-06,local
994_1,bulk,-50.96816845,313.542,True,"[4.6839121, 0.0, -4.6839121, 0.0, 24.18927769, -4.6839121, 0.0, 0.0, 4.6839121]",16.0,3.75e-08,local
994_20,bulk,-50.92301208,87.298,True,"[4.6839121, 0.0, 0.0, 0.0, 24.18927769, 0.0, 0.0, 0.0, 4.6839121]",16.0,1.598125e-05,local
1900_83,slab,-351.0383141,104717.782,True,"[5.72924555, 0.0, 0.0, -0.0, 19.68238287, 13.39391037, 0.0, 0.0, 41.08810603]",80.0,0.0,local
1912_4,slab,-198.31207352,3283.5,True,"[6.22650911, 0.0, 0.0, -0.0, 3.09740464, 3.09740464, 0.0, 0.0, 37.16885563]",20.0,2.2500000000000002e-07,local
1912_5,slab,-315.10390366,11013.779,True,"[6.19480927, 0.0, -3.09740464, -0.0, 6.22650911, -3.09740464, 0.0, 0.0, 30.97404636]",32.0,1.875e-08,local
1912_7,slab,-631.61688756,50146.789,True,"[6.19480927, 0.0, -3.09740464, -0.0, 12.45301821, -3.09740464, 0.0, 0.0, 30.97404636]",64.0,7.65625e-08,local
1916_0,slab,-344.36270277,21890.547,True,"[5.95551792, 0.0, -5.95551792, -0.0, 5.95551792, -5.95551792, 0.0, 0.0, 47.64414335]",48.0,0.16935983750000003,local
1916_6,slab,-229.69082497,8080.336,True,"[5.95551792, 0.0, 0.0, 0.0, 5.95551792, 0.0, 0.0, 0.0, 29.77758959]",32.0,0.40630725,local
1921_3,slab,-224.43198333,9586.387,True,"[6.15784499, 0.0, 0.0, 0.0, 6.15784499, -6.15784499, 0.0, 0.0, 43.1049149]",48.0,0.0,local
1921_5,slab,-296.90672894,29248.411,True,"[6.15784499, 0.0, 0.0, 0.0, 12.31568997, -6.15784499, 0.0, 0.0, 30.78922493]",64.0,0.0,local
1922_6,slab,-244.44111349,8780.971,True,"[5.83735805, 0.0, 0.0, 0.0, 5.83735805, 0.0, 0.0, 0.0, 29.18679024]",32.0,0.79952713125,local
1929_2,slab,-472.73564537,129859.391,True,"[21.08895937, 0.0, 0.0, 0.70540482, 3.79192004, 3.828419, 0.0, 0.0, 38.28418997]",80.0,0.0,local
1929_3,slab,-477.03301891,55378.717,True,"[21.08895937, 0.0, 0.0, 0.70540482, 3.79192004, 3.828419, 0.0, 0.0, 38.28418997]",80.0,0.0,local
1930_0,slab,-230.45188119,17699.509,True,"[6.70711433, 0.0, -6.70711433, -0.0, 6.70711433, -6.70711433, 0.0, 0.0, 46.94980032]",48.0,6.458333333333333e-08,local
1934_5,slab,-628.77094573,52107.353,True,"[6.08155428, 0.0, 0.0, 0.0, 12.16310856, -6.08155428, 0.0, 0.0, 30.4077714]",64.0,7.8125e-09,local
1935_31,slab,-389.09648116,98649.846,True,"[5.81162785, 0.0, 0.0, -0.0, 13.58913586, -10.57891276, 0.0, 0.0, 42.31565106]",80.0,1.25e-09,local
1935_40,slab,-191.10654827,20251.848,True,"[5.81162785, 0.0, 0.0, 0.0, 10.57891276, 0.0, 0.0, 0.0, 40.76740757]",40.0,7.5e-09,local
1936_14,slab,,,False,,,,local
1936_5,slab,,,False,,,,local
1939_7,slab,-262.7698891,55572.267,True,"[7.22381894, 0.0, -8.34134762, -0.0, 10.72984348, -4.17067381, 0.0, 0.0, 41.70673812]",64.0,0.0,local
1943_21,slab,-133.1890132,70090.596,True,"[9.24132961, 0.0, 0.0, 0.0, 11.02463095, -7.45352136, 0.0, 0.0, 37.26760681]",64.0,0.0187933265625,local
1944_10,slab,-464.72212818,99644.333,True,"[16.00099194, 0.0, 0.0, 3.20019839, 6.40039678, 3.35593405, 0.0, 0.0, 33.55934046]",80.0,0.0,local
1945_14,slab,-255.48765877,17972.56,True,"[5.01608198, 0.0, 0.0, 5.01608198, 5.01608198, 7.08552092, 0.0, 0.0, 49.59864646]",48.0,0.11208405625000001,local
1946_0,slab,-167.3288766,12282.314,True,"[6.379238, 0.0, -6.379238, -0.0, 6.379238, -6.379238, 0.0, 0.0, 51.03390403]",48.0,0.0,local
1946_6,slab,-171.13807675,11593.831,True,"[6.379238, 0.0, 0.0, 0.0, 6.379238, -6.379238, 0.0, 0.0, 44.65466603]",48.0,0.0,local
1948_1,slab,-269.01960998,8430.807,True,"[5.84355286, 0.0, -5.84355286, -0.0, 5.84355286, -5.84355286, 0.0, 0.0, 46.74842284]",48.0,6.25e-09,local
1949_10,slab,-388.58734196,63614.873,True,"[9.44104166, 0.0, 0.0, 4.76111236, 8.65933353, 3.95529759, 0.0, 0.0, 31.64238073]",60.0,1.2716666666666666e-06,local
1949_29,slab,-527.33454604,89693.474,True,"[9.88191521, 0.0, -7.91059518, 5.33321597, 8.27300446, 0.0, 0.0, 0.0, 39.55297591]",80.0,0.007019715,local
1949_78,slab,-536.88456921,73967.676,True,"[3.95529759, 0.0, 0.0, 0.0, 17.31866707, -0.08118307, 0.0, 0.0, 37.76416664]",80.0,0.0167670375,local
1959_1,slab,-398.91814309,13925.789,True,"[5.91846062, 0.0, -5.91846062, -0.0, 5.91846062, -5.91846062, 0.0, 0.0, 47.34768499]",48.0,0.5258938562500001,local
1963_1,slab,-315.24704709,13643.246,True,"[6.26396983, 0.0, -6.26396983, -0.0, 6.26396983, -6.26396983, 0.0, 0.0, 50.1117586]",48.0,2.0833333333333334e-09,local
1967_32,slab,-388.22224179,76669.612,True,"[3.8226062, 0.0, 0.0, 0.0, 11.30216511, -13.05061613, 0.0, 0.0, 45.67715647]",54.0,0.8113451814814815,local
1967_7,slab,-516.14882379,126889.641,True,"[5.65108255, 0.0, -9.7879621, -0.0, 7.64521241, -6.52530807, 0.0, 0.0, 58.7277726]",72.0,0.7926739444444445,local
1967_9,slab,-516.48504459,162115.206,True,"[5.65108255, 0.0, -9.7879621, -0.0, 7.64521241, -6.52530807, 0.0, 0.0, 58.7277726]",72.0,0.8264271638888889,local
1974_18,slab,-162.80638916,38839.725,True,"[3.63636517, 0.0, -2.09945641, -0.0, 15.88542878, -4.19891282, 0.0, 0.0, 33.59130259]",48.0,0.005767091666666667,local
1977_25,slab,-405.85629392,64314.455,True,"[3.38701008, 0.0, 0.0, 0.0, 11.96827313, -13.81977142, 0.0, 0.0, 48.36919998]",54.0,0.0,local
1977_27,slab,-407.30561976,56987.18,True,"[3.38701008, 0.0, 0.0, 0.0, 11.96827313, -13.81977142, 0.0, 0.0, 48.36919998]",54.0,3.7037037037037036e-09,local
1977_44,slab,-540.16261086,50830.414,True,"[11.96827313, 0.0, 0.0, 0.0, 6.90988571, -3.38701008, 0.0, 0.0, 30.48309072]",72.0,0.0,local
1982_0,slab,-287.86227174,10956.912,True,"[6.08244673, 0.0, 6.08244673, 6.08244673, 6.08244673, -0.0, 0.0, 0.0, 48.65957388]",48.0,1.1013520166666666,local
1982_5,slab,-383.88021572,61399.01,True,"[6.08244673, 0.0, 0.0, 0.0, 12.16489347, -6.08244673, 0.0, 0.0, 30.41223367]",64.0,1.133413840625,local
1986_14,slab,,,False,,,,local
1988_2,slab,-417.81454801,64407.903,True,"[16.76061729, 0.0, 0.0, 0.97014321, 3.91395213, 3.97320275, 0.0, 0.0, 39.73202746]",64.0,0.0231547140625,local
1988_3,slab,-420.92651353,52481.022,True,"[16.76061729, 0.0, 0.0, 0.97014321, 3.91395213, 3.97320275, 0.0, 0.0, 39.73202746]",64.0,0.0001710046875,local
1992_17,slab,-402.15707123,124569.121,True,"[20.64900515, 0.0, 0.0, 5.89971576, 5.10930372, 3.94754867, 0.0, 0.0, 35.52793801]",72.0,0.0,local
1992_44,slab,-298.22260783,41083.981,True,"[13.51794701, 0.0, 0.0, 0.0, 7.80459035, -3.94754867, 0.0, 0.0, 31.58038935]",54.0,0.0,local
2002_1,slab,-529.28169136,20613.7,True,"[6.46310142, 0.0, -6.46310142, -0.0, 6.46310142, -6.46310142, 0.0, 0.0, 51.70481139]",48.0,0.04041356041666667,local
2002_3,slab,-536.90660924,13615.743,True,"[6.46310142, 0.0, 0.0, 0.0, 6.46310142, -6.46310142, 0.0, 0.0, 45.24170996]",48.0,8.333333333333334e-09,local
2004_28,slab,-204.72006165,41434.964,True,"[4.60093206, 0.0, -4.60093206, 0.0, 10.33603927, -9.20186413, 0.0, 0.0, 46.00932064]",40.0,0.0,local
2005_0,slab,-422.70263158,23277.183,True,"[6.00348991, 0.0, -6.00348991, -0.0, 6.00348991, -6.00348991, 0.0, 0.0, 48.02791924]",48.0,0.9090911416666666,local
2011_1,slab,-221.45373101,13168.487,True,"[7.30292002, 0.0, 7.30292002, 7.30292002, 7.30292002, -0.0, 0.0, 0.0, 51.12044014]",48.0,0.04547719791666666,local
2013_12,slab,-333.37586499,60806.503,True,"[10.43831274, 0.0, -6.04586504, 6.5310482, 16.34803624, 0.0, 0.0, 0.0, 30.22932521]",80.0,0.0,local
2013_4,slab,-249.80352978,47028.192,True,"[10.43831274, 0.0, 6.04586504, 12.39194501, 8.17401812, 0.0, 0.0, 0.0, 42.32105529]",60.0,0.0,local
2013_73,slab,-336.08162198,70840.174,True,"[11.8162222, 0.0, 2.42646859, 17.44561354, 10.38908371, 13.25717727, 0.0, 0.0, 42.02120039]",80.0,0.0,local
2017_13,slab,-322.02116502,28150.081,True,"[4.56419213, 0.0, -2.63513756, -0.0, 12.47690123, -5.27027512, 0.0, 0.0, 36.89192581]",54.0,8.640370370370371e-05,local
2017_23,slab,-317.66461777,36273.332,True,"[4.56419213, 0.0, -2.63513756, -0.0, 12.47690123, -10.54055023, 0.0, 0.0, 42.16220092]",54.0,0.013356353703703704,local
2018_7,slab,-429.47052177,56278.734,True,"[13.43587206, 0.0, 0.0, 6.71793603, 3.87860218, 6.66639705, 0.0, 0.0, 49.99797785]",54.0,1.4814814814814814e-08,local
2025_1,slab,-315.5744471,10844.475,True,"[6.4039855, 0.0, -6.4039855, -0.0, 6.4039855, -6.4039855, 0.0, 0.0, 51.231884]",48.0,6.25e-09,local
2025_3,slab,-320.50705337,12735.406,True,"[6.4039855, 0.0, 0.0, -0.0, 6.4039855, 6.4039855, 0.0, 0.0, 44.8278985]",48.0,1.25e-08,local
2027_46,slab,-358.36244136,53434.137,True,"[11.63927445, 0.0, 0.0, 0.0, 6.71993823, -3.84650007, 0.0, 0.0, 30.77200059]",54.0,0.0,local
2027_5,slab,-481.35560837,118568.125,True,"[5.81963722, 0.0, -10.07990735, -0.0, 7.69300015, -6.71993823, 0.0, 0.0, 60.47944411]",72.0,0.0,local
2028_2,slab,-469.90294456,24857.579,True,"[5.60331169, 0.0, -5.60331169, -0.0, 5.60331169, -5.60331169, 0.0, 0.0, 50.42980519]",64.0,1.2912467875,local
2032_36,slab,,,False,,,,local
2033_2,slab,-285.13096599,78913.681,True,"[15.52150539, 0.0, 0.0, 0.95725811, 3.73386446, 3.79111752, 0.0, 0.0, 37.9111752]",48.0,0.0,local
2033_45,slab,,,False,,,,local
2033_69,slab,-431.78850114,94137.505,True,"[3.8546189, 0.0, 0.0, -0.0, 30.07051995, 3.79111752, 0.0, 0.0, 26.53782264]",72.0,0.0,local
2035_0,slab,-547.11051918,20035.924,True,"[6.47297177, 0.0, -6.47297177, -0.0, 6.47297177, -6.47297177, 0.0, 0.0, 51.78377417]",48.0,0.0,local
2035_3,slab,-556.37327927,17420.511,True,"[6.47297177, 0.0, 0.0, 0.0, 6.47297177, -6.47297177, 0.0, 0.0, 45.3108024]",48.0,1.6666666666666667e-08,local
2036_6,slab,-423.9496283,86135.42,True,"[12.529781, 0.0, 0.0, 6.2648905, 3.61703622, 6.84225997, 0.0, 0.0, 58.1592097]",63.0,3.1746031746031745e-09,local
2036_7,slab,-423.11830411,107317.574,True,"[12.529781, 0.0, 0.0, 6.2648905, 3.61703622, 6.84225997, 0.0, 0.0, 58.1592097]",63.0,0.0,local
2039_22,slab,-519.40522513,145486.224,True,"[4.35824467, 0.0, -2.51623373, -0.0, 12.01615011, -10.06493494, 0.0, 0.0, 40.25973974]",54.0,0.06702721666666667,local
2039_26,slab,-173.21736569,3254.018,True,"[5.03246747, 0.0, 0.0, -2.51623373, 4.35824467, 0.0, 0.0, 0.0, 36.04845034]",18.0,0.12364996666666667,local
2040_0,slab,-460.33119911,27700.042,True,"[6.42568799, 0.0, -6.42568799, -0.0, 6.42568799, -6.42568799, 0.0, 0.0, 51.40550393]",48.0,0.2941803,local
2042_13,slab,-244.47510746,132830.397,True,"[13.10285113, 0.0, 0.0, 0.0, 7.49965603, -8.65985685, 0.0, 0.0, 43.29928427]",80.0,0.0,local
2042_14,slab,-244.23870829,147308.645,True,"[13.10285113, 0.0, 0.0, 0.0, 7.49965603, -8.65985685, 0.0, 0.0, 43.29928427]",80.0,0.0,local
2042_5,slab,-152.46139003,17116.738,True,"[13.10285113, 0.0, 0.0, 0.0, 3.74982801, -6.49489264, 0.0, 0.0, 51.95914113]",50.0,0.0,local
2044_15,slab,-120.38673145,4647.559,True,"[2.70301811, 0.0, 0.0, 0.0, 7.35760129, -5.40603621, 0.0, 0.0, 32.43621729]",20.0,0.848236225,local
2045_35,slab,-172.14451686,31674.689,True,"[11.59946266, 0.0, 0.0, 9.48785498, 11.40564102, 5.6825638, 0.0, 0.0, 28.41281901]",64.0,0.054073175,local
2045_6,slab,-173.21605361,132054.99,True,"[8.91742812, 0.0, -7.41801926, -0.0, 11.3651276, -7.41801926, 0.0, 0.0, 37.09009631]",64.0,0.0105470703125,local
2046_27,slab,-411.28079506,71300.543,True,"[3.47429434, 0.0, 0.0, 0.0, 12.11798208, -13.99264043, 0.0, 0.0, 48.97424149]",54.0,0.0,local
2046_2,slab,-342.20690959,52569.433,True,"[12.11798208, 0.0, 0.0, 6.05899104, 3.49816011, 3.47429434, 0.0, 0.0, 41.69153213]",45.0,3.993333333333333e-05,local
2046_6,slab,,,False,,,,local
2048_3,slab,-176.82350803,123769.185,True,"[10.15741912, 0.0, -7.65252039, 0.0, 11.84533193, -7.65252039, 0.0, 0.0, 38.26260193]",64.0,0.0747026828125,local
2048_44,slab,,,False,,,,local
2050_27,slab,-323.96012411,15125.442,True,"[10.16097835, 0.0, 0.0, 10.16097835, 10.16097835, 4.20216797, 0.0, 0.0, 29.41517578]",60.0,0.015127274999999999,local
2050_30,slab,-325.26992478,22410.325,True,"[7.1848967, 0.0, 0.0, -0.0, 14.36979339, 4.20216797, 0.0, 0.0, 29.41517578]",60.0,0.036962645,local
2050_31,slab,-325.09368474,15565.307,True,"[7.1848967, 0.0, 0.0, -0.0, 14.36979339, 4.20216797, 0.0, 0.0, 29.41517578]",60.0,0.041036326666666664,local
2057_5,slab,-244.00562569,76658.228,True,"[6.69453896, 0.0, 11.59528162, 6.69453896, 8.09816117, 3.86509387, 0.0, 0.0, 61.84150197]",54.0,0.0,local
2057_6,slab,-244.79462354,87907.042,True,"[6.69453896, 0.0, 11.59528162, 6.69453896, 8.09816117, 3.86509387, 0.0, 0.0, 61.84150197]",54.0,0.0,local
2072_1,slab,-189.2212415,22364.178,True,"[6.61252557, 0.0, -6.61252557, -0.0, 6.61252557, -6.61252557, 0.0, 0.0, 46.28767902]",48.0,0.0,local
2075_18,slab,-250.82693862,17847.699,True,"[3.50847862, 0.0, 0.0, 0.0, 15.92100746, -3.50847862, 0.0, 0.0, 28.06782899]",36.0,0.027536691666666665,local
2075_21,slab,-211.9431006,10576.113,True,"[3.50847862, 0.0, -3.50847862, 0.0, 7.96050373, -7.01695725, 0.0, 0.0, 45.61022211]",30.0,0.0,local
2075_5,slab,-424.6490375,43145.13,True,"[3.50847862, 0.0, -3.50847862, -0.0, 15.92100746, -3.50847862, 0.0, 0.0, 42.10174349]",60.0,9e-07,local
2084_6,slab,-216.93195787,8982.423,True,"[5.95629222, 0.0, 0.0, 0.0, 5.95629222, 0.0, 0.0, 0.0, 29.78146109]",32.0,0.422507203125,local
2105_1,slab,-129.2451641,8755.095,True,"[6.2632504, 0.0, -6.2632504, -0.0, 6.2632504, -6.2632504, 0.0, 0.0, 50.10600318]",48.0,0.0,local
2106_0,slab,-225.17019639,49425.638,True,"[10.51238386, 0.0, 4.48931021, 15.27415497, 5.33615879, 0.0, 0.0, 0.0, 44.89310211]",48.0,0.0,local
2106_35,slab,,,False,,,,local
2106_61,slab,-338.78483555,52098.743,True,"[9.03740848, 0.0, 6.99924057, 13.61470958, 7.79250068, 21.15033787, 0.0, 0.0, 50.06299712]",72.0,0.0,local
2108_2,slab,,,False,,,,local
2111_47,slab,-393.19133117,97715.381,True,"[7.94528574, 0.0, 0.0, 7.94528574, 13.76163858, 3.65677465, 0.0, 0.0, 29.2541972]",54.0,0.0007099833333333333,local
2111_48,slab,-393.87783549,168393.824,True,"[7.94528574, 0.0, 0.0, 7.94528574, 13.76163858, 3.65677465, 0.0, 0.0, 29.2541972]",54.0,4.109259259259259e-06,local
2111_49,slab,-394.79688064,68895.272,True,"[7.94528574, 0.0, 0.0, 7.94528574, 13.76163858, 3.65677465, 0.0, 0.0, 29.2541972]",54.0,4.62962962962963e-08,local
2112_1,slab,-296.18456633,9753.913,True,"[5.88692188, 0.0, 5.88692188, 5.88692188, 5.88692188, -0.0, 0.0, 0.0, 47.09537505]",48.0,2.2916666666666667e-08,local
2115_0,slab,-308.18931976,47724.566,True,"[6.87410709, 0.0, -6.87410709, -0.0, 6.87410709, -6.87410709, 0.0, 0.0, 48.1187496]",48.0,1.5025e-05,local
2117_1,slab,-129.06903576,44154.441,True,"[7.02098119, 0.0, -7.02098119, -0.0, 7.02098119, -7.02098119, 0.0, 0.0, 49.1468683]",48.0,0.0,local
2121_0,slab,,,False,,,,local
2121_1,slab,,,False,,,,local
2123_32,slab,,,False,,,,local
2123_33,slab,,,False,,,,local
2124_3,slab,-310.04959827,28791.177,True,"[5.71486852, 0.0, 0.0, -0.0, 5.71486852, 5.71486852, 0.0, 0.0, 40.00407965]",48.0,1.1271970416666666,local
2125_0,slab,-177.18025335,11315.862,True,"[6.18950129, 0.0, -6.18950129, -0.0, 6.18950129, -6.18950129, 0.0, 0.0, 49.51601033]",48.0,2.0833333333333334e-09,local
2126_27,slab,-319.40844396,53101.512,True,"[3.99910127, 0.0, 0.0, 0.0, 11.05921059, -12.77007642, 0.0, 0.0, 44.69526747]",54.0,0.00023095185185185185,local
2126_31,slab,-318.93508992,32062.015,True,"[3.99910127, 0.0, 0.0, 0.0, 11.05921059, -12.77007642, 0.0, 0.0, 44.69526747]",54.0,0.03448570555555556,local
2126_32,slab,-319.9588899,40136.737,True,"[3.99910127, 0.0, 0.0, 0.0, 11.05921059, -12.77007642, 0.0, 0.0, 44.69526747]",54.0,0.012989703703703703,local
2127_0,slab,-316.38642843,12635.56,True,"[5.9147007, 0.0, -5.9147007, -0.0, 5.9147007, -5.9147007, 0.0, 0.0, 47.31760558]",48.0,0.03658476458333333,local
2130_1,slab,-97.01517547,9210.464,True,"[6.36829607, 0.0, -6.36829607, -0.0, 6.36829607, -6.36829607, 0.0, 0.0, 50.94636853]",48.0,0.0,local
2130_5,slab,-130.16898141,53410.589,True,"[6.36829607, 0.0, 0.0, 0.0, 12.73659213, -6.36829607, 0.0, 0.0, 31.84148033]",64.0,0.0,local
2133_12,slab,-125.25492833,6194.323,True,"[4.07749323, 0.0, 0.0, 0.0, 9.89240222, -4.07749323, 0.0, 0.0, 28.54245264]",30.0,1.3333333333333332e-08,local
2134_13,slab,-410.77029991,35965.166,True,"[7.00575795, 0.0, 0.0, 0.0, 7.00575795, 0.0, 0.0, 0.0, 35.02878974]",48.0,1.1172665645833333,local
2134_1,slab,-613.72842489,81222.565,True,"[7.00575795, 0.0, -7.00575795, -0.0, 7.00575795, -7.00575795, 0.0, 0.0, 49.04030564]",72.0,1.1510723944444445,local
2134_3,slab,-612.0004486,69070.004,True,"[7.00575795, 0.0, -7.00575795, -0.0, 7.00575795, -7.00575795, 0.0, 0.0, 49.04030564]",72.0,1.1080413249999999,local
2137_6,slab,-207.34749953,3972.25,True,"[5.58568302, 0.0, 0.0, 0.0, 5.58568302, 0.0, 0.0, 0.0, 27.92841511]",32.0,0.0,local
2141_16,slab,-242.52975029,78952.734,True,"[11.10015097, 0.0, 0.0, 0.0, 11.9611038, -5.9805519, 0.0, 0.0, 29.90275951]",64.0,0.02776754375,local
2142_0,slab,-408.26506632,33940.031,True,"[6.07280678, 0.0, -6.07280678, -0.0, 6.07280678, -6.07280678, 0.0, 0.0, 48.58245421]",48.0,0.1689796,local
2143_0,slab,-143.68172127,48432.853,True,"[11.44053208, 0.0, 0.0, 4.46152576, 5.58005524, 5.82501061, 0.0, 0.0, 40.7750743]",48.0,0.006172758333333334,local
2143_3,slab,-139.3612151,85901.639,True,"[11.44053208, 0.0, 0.0, 4.46152576, 5.58005524, 5.82501061, 0.0, 0.0, 40.7750743]",48.0,1.25e-08,local
2143_48,slab,-188.01827642,43752.392,True,"[7.14438441, 0.0, 0.0, -0.0, 17.87104313, 5.82501061, 0.0, 0.0, 29.12505307]",64.0,0.062313621875,local
2148_6,slab,-171.71051551,2743.472,True,"[5.59800933, 0.0, 0.0, 0.0, 5.59800933, 0.0, 0.0, 0.0, 27.99004666]",32.0,0.0,local
2150_14,slab,-262.97115434,18635.024,True,"[5.72629805, 0.0, 0.0, 5.70721084, 5.72626624, 8.07902331, 0.0, 0.0, 56.55316318]",48.0,0.0,local
2152_15,slab,,,False,,,,local
2156_5,slab,-191.45174437,17785.469,True,"[6.42796101, 0.0, 0.0, 0.0, 12.85592203, -6.42796101, 0.0, 0.0, 32.13980507]",64.0,0.0,local
2157_1,slab,-144.33280235,9522.786,True,"[6.30172445, 0.0, -6.30172445, -0.0, 6.30172445, -6.30172445, 0.0, 0.0, 50.41379559]",48.0,2.3541666666666668e-07,local
2157_2,slab,-146.42579731,8951.271,True,"[6.30172445, 0.0, -6.30172445, -0.0, 6.30172445, -6.30172445, 0.0, 0.0, 50.41379559]",48.0,2.0833333333333334e-09,local
2157_8,slab,-193.71228984,35914.292,True,"[6.30172445, 0.0, 0.0, 0.0, 12.6034489, -6.30172445, 0.0, 0.0, 31.50862224]",64.0,0.0,local
2159_42,slab,,,False,,,,local
2159_48,slab,,,False,,,,local
2159_52,slab,-216.84457731,85480.475,True,"[6.95800552, 0.0, 0.0, -0.0, 14.42690343, 11.99455895, 0.0, 0.0, 41.98095632]",60.0,0.07245816833333334,local
2161_6,slab,-233.00658759,4217.452,True,"[6.42886135, 0.0, 0.0, 0.0, 6.42886135, 0.0, 0.0, 0.0, 32.14430675]",32.0,0.0,local
2166_1,slab,-266.36710732,9078.339,True,"[6.37736541, 0.0, -6.37736541, -0.0, 6.37736541, -6.37736541, 0.0, 0.0, 51.01892324]",48.0,0.0,local
2168_38,slab,-399.12727548,51050.359,True,"[11.45421394, 0.0, 0.0, -0.0, 10.82322916, 6.50298278, 0.0, 0.0, 32.51491389]",80.0,0.0,local
2168_40,slab,-398.27057503,60085.554,True,"[11.45421394, 0.0, 0.0, -0.0, 10.82322916, 6.50298278, 0.0, 0.0, 32.51491389]",80.0,0.0,local
2168_44,slab,-300.58481536,56246.777,True,"[6.50298278, 0.0, -5.41161458, -0.0, 11.45421394, -10.82322916, 0.0, 0.0, 43.29291663]",60.0,0.0,local
2169_3,slab,-222.09450839,21889.889,True,"[6.57631744, 0.0, 0.0, 0.0, 6.57631744, -6.57631744, 0.0, 0.0, 46.03422211]",48.0,2.0833333333333334e-09,local
2172_46,slab,-277.47157736,43292.764,True,"[11.33695641, 0.0, 0.0, 0.0, 6.54539483, -3.99361075, 0.0, 0.0, 31.94888599]",54.0,0.01387196111111111,local
2174_11,slab,-404.9972096,64137.754,True,"[8.21868865, 0.0, -4.10934432, -0.0, 17.56695989, -4.10934432, 0.0, 0.0, 32.87475459]",72.0,2.222222222222222e-08,local
2176_93,slab,-370.09508727,101128.839,True,"[8.57391242, 0.0, -6.5789465, 13.10683607, 7.27767664, -6.54848693, 0.0, 0.0, 46.26584244]",72.0,1.6666666666666667e-08,local
2178_3,slab,-127.47008863,9685.325,True,"[7.15852331, 0.0, 0.0, 0.0, 7.15852331, -7.15852331, 0.0, 0.0, 35.79261657]",32.0,1e-07,local
2178_5,slab,-256.55362842,62682.601,True,"[7.15852331, 0.0, 0.0, 0.0, 14.31704663, -7.15852331, 0.0, 0.0, 35.79261657]",64.0,0.08051085,local
2180_17,slab,-197.70420937,18993.207,True,"[4.11071013, 0.0, 4.11071013, 8.22142026, 9.97878655, -0.0, 0.0, 0.0, 41.10710129]",40.0,1.7499999999999998e-08,local
2180_3,slab,-393.11809697,136461.521,True,"[4.11071013, 0.0, -4.11071013, 0.0, 19.9575731, -4.11071013, 0.0, 0.0, 41.10710129]",80.0,0.0,local
2180_9,slab,-293.32358856,40290.637,True,"[9.97878655, 0.0, 0.0, 0.0, 8.22142026, -4.11071013, 0.0, 0.0, 32.88568103]",60.0,1.6666666666666665e-09,local
2182_2,slab,-135.60759701,8279.204,True,"[6.24575649, 0.0, -6.24575649, -0.0, 6.24575649, -6.24575649, 0.0, 0.0, 49.96605193]",48.0,0.0,local
2182_6,slab,-138.76908224,11027.747,True,"[6.24575649, 0.0, 0.0, 0.0, 6.24575649, -6.24575649, 0.0, 0.0, 43.72029544]",48.0,0.0,local
2182_8,slab,-182.7875951,30722.638,True,"[6.24575649, 0.0, 0.0, 0.0, 12.49151298, -6.24575649, 0.0, 0.0, 31.22878246]",64.0,0.0,local
2186_47,slab,-308.95913142,81810.807,True,"[12.89043256, 0.0, 0.0, -0.0, 7.73492002, -7.65972186, 0.0, 0.0, 38.2986093]",72.0,0.0,local
2186_48,slab,-308.61307707,46059.5,True,"[12.89043256, 0.0, 0.0, -0.0, 7.73492002, -7.65972186, 0.0, 0.0, 38.2986093]",72.0,0.0,local
2190_6,slab,-301.87748724,18698.252,True,"[5.90774073, 0.0, 0.0, 0.0, 5.90774073, 0.0, 0.0, 0.0, 29.53870367]",32.0,0.424870903125,local
2192_0,slab,-491.91461379,27807.109,True,"[6.09376875, 0.0, -6.09376875, -0.0, 6.09376875, -6.09376875, 0.0, 0.0, 48.75015003]",48.0,0.0,local
2192_1,slab,-491.19798001,16536.478,True,"[6.09376875, 0.0, -6.09376875, -0.0, 6.09376875, -6.09376875, 0.0, 0.0, 48.75015003]",48.0,0.0,local
2192_6,slab,-329.27713096,9610.999,True,"[6.09376875, 0.0, 0.0, 0.0, 6.09376875, 0.0, 0.0, 0.0, 30.46884377]",32.0,0.175754503125,local
2193_0,slab,-453.95893277,56809.713,True,"[5.71559001, 0.0, -5.71559001, -0.0, 5.71559001, -5.71559001, 0.0, 0.0, 51.44031007]",64.0,0.2389335640625,local
2193_3,slab,-341.17822889,26679.724,True,"[5.71559001, 0.0, 0.0, 0.0, 5.71559001, -5.71559001, 0.0, 0.0, 40.00913005]",48.0,0.20157242916666665,local
2196_3,slab,-287.94274846,13258.644,True,"[6.37356383, 0.0, 0.0, 0.0, 6.37356383, -6.37356383, 0.0, 0.0, 44.61494683]",48.0,1.0416666666666666e-08,local
2201_3,slab,-398.78070676,119925.901,True,"[6.26111495, 0.0, -6.26111495, 0.0, 12.5222299, -6.26111495, 0.0, 0.0, 43.82780464]",72.0,0.04457429861111111,local
2202_2,slab,-475.97107597,60862.646,True,"[10.32550319, 0.0, 0.0, 2.65485366, 4.51269897, 4.18892407, 0.0, 0.0, 37.7003166]",64.0,0.06714306875,local
2202_61,slab,-360.03232791,24180.762,True,"[5.23571389, 0.0, 0.0, 0.0, 8.8996245, 0.0, 0.0, 0.0, 29.32246847]",48.0,0.04298478541666667,local
2202_7,slab,-358.90793571,20431.379,True,"[4.18892407, 0.0, 0.0, 0.0, 8.8996245, -5.23571389, 0.0, 0.0, 36.64999724]",48.0,0.06572589375,local
2204_1,slab,-277.98136674,9114.847,True,"[6.47268111, 0.0, -6.47268111, -0.0, 6.47268111, -6.47268111, 0.0, 0.0, 51.78144889]",48.0,0.0,local
2204_3,slab,-281.65299653,9581.629,True,"[6.47268111, 0.0, 0.0, 0.0, 6.47268111, -6.47268111, 0.0, 0.0, 45.30876778]",48.0,4.166666666666667e-09,local
2206_6,slab,,,False,,,,local
2207_1,slab,-332.63092803,15806.179,True,"[5.92833454, 0.0, -5.92833454, 0.0, 5.92833454, -5.92833454, 0.0, 0.0, 47.42667633]",48.0,1.4583333333333333e-08,local
2210_0,slab,-275.07373839,15797.852,True,"[5.9926563, 0.0, 5.9926563, 5.9926563, 5.9926563, -0.0, 0.0, 0.0, 47.9412504]",48.0,9.683333333333334e-06,local
2211_1,slab,-199.15259565,18013.895,True,"[6.49110583, 0.0, -6.49110583, -0.0, 6.49110583, -6.49110583, 0.0, 0.0, 51.92884662]",36.0,0.08113265833333333,local
2215_4,slab,-200.29462071,27206.458,True,"[14.42133567, 0.0, 0.0, 0.0, 3.79550711, -3.79550711, 0.0, 0.0, 37.95507114]",40.0,0.2247285325,local
2216_6,slab,-245.42690472,19335.996,True,"[6.24735918, 0.0, 0.0, 0.0, 6.24735918, 0.0, 0.0, 0.0, 31.23679589]",32.0,0.161502490625,local
2217_6,slab,-216.45177632,10477.5,True,"[5.74793985, 0.0, 0.0, 0.0, 5.74793985, 0.0, 0.0, 0.0, 28.73969927]",32.0,0.447956959375,local
2221_29,slab,,,False,,,,local
2221_30,slab,,,False,,,,local
2221_31,slab,,,False,,,,local
2226_11,slab,-414.40138277,30192.468,True,"[8.27312121, 0.0, 0.0, 0.0, 7.3046646, -8.43470015, 0.0, 0.0, 42.17350075]",64.0,0.0,local
2226_5,slab,-412.46823788,66588.75,True,"[7.3046646, 0.0, -8.43470015, 0.0, 8.27312121, -4.21735008, 0.0, 0.0, 42.17350075]",64.0,0.0,local
2227_2,slab,-185.33409981,93399.87,True,"[7.5604051, 0.0, -7.5604051, 0.0, 15.12081019, -7.5604051, 0.0, 0.0, 37.80202548]",64.0,0.0,local
2227_3,slab,-94.19182175,7173.764,True,"[7.5604051, 0.0, 0.0, 0.0, 7.5604051, -7.5604051, 0.0, 0.0, 37.80202548]",32.0,0.0,local
2227_5,slab,-187.5374849,92063.256,True,"[7.5604051, 0.0, 0.0, 0.0, 15.12081019, -7.5604051, 0.0, 0.0, 37.80202548]",64.0,3.125e-09,local
2231_3,slab,-384.6660624,12034.698,True,"[6.49841921, 0.0, 0.0, 0.0, 6.49841921, -6.49841921, 0.0, 0.0, 45.48893447]",48.0,8.333333333333334e-09,local
2235_6,slab,-188.48580102,3622.202,True,"[6.52746913, 0.0, 0.0, 0.0, 6.52746913, 0.0, 0.0, 0.0, 32.63734565]",32.0,0.0,local
2236_1,slab,-246.342033,14329.039,True,"[6.23618516, 0.0, -6.23618516, -0.0, 6.23618516, -6.23618516, 0.0, 0.0, 49.88948131]",48.0,5.416666666666667e-08,local
2236_3,slab,-250.41058864,15369.944,True,"[6.23618516, 0.0, 0.0, 0.0, 6.23618516, -6.23618516, 0.0, 0.0, 43.65329615]",48.0,8.208333333333333e-07,local
2239_53,slab,-209.41905743,31427.909,True,"[11.66313384, 0.0, 3.55911958, 20.06189176, 8.09256181, 11.99276112, 0.0, 0.0, 34.1216538]",60.0,1.6666666666666665e-09,local
2240_36,slab,-298.09246924,21796.737,True,"[4.05443552, 0.0, 0.0, 0.0, 12.99267642, -12.73498033, 0.0, 0.0, 50.96889897]",56.0,0.0,local
2241_7,slab,-375.78341681,118415.393,True,"[4.55511229, 0.0, -4.55511229, -0.0, 20.43538735, -4.55511229, 0.0, 0.0, 40.99601057]",80.0,0.0,local
2242_3,slab,-171.54599323,6911.139,True,"[4.58419519, 0.0, -4.52963408, 0.0, 4.5613794, -4.67627732, 0.0, 0.0, 45.29634078]",32.0,0.0,local
2244_16,slab,-240.09360282,57045.121,True,"[4.29388295, 0.0, -4.29388295, -0.0, 10.02372507, -8.58776591, 0.0, 0.0, 42.93882955]",40.0,0.0433298325,local
2245_0,slab,-569.78670976,18530.313,True,"[6.4405414, 0.0, -6.4405414, -0.0, 6.4405414, -6.4405414, 0.0, 0.0, 51.52433117]",48.0,1.0416666666666668e-07,local
2246_31,slab,-386.37701038,20445.659,True,"[11.21537813, 0.0, 0.0, 2.94945012, 7.58018078, 5.78791167, 0.0, 0.0, 40.51538169]",72.0,2.7777777777777776e-09,local
2246_7,slab,-190.37266473,3254.328,True,"[5.78791167, 0.0, 0.0, 0.0, 10.45203843, -4.0668906, 0.0, 0.0, 28.4682342]",36.0,2.7777777777777776e-09,local
2248_1,slab,-288.61837499,9031.402,True,"[5.79415447, 0.0, -5.79415447, -0.0, 5.79415447, -5.79415447, 0.0, 0.0, 46.35323573]",48.0,0.0,local
2250_16,slab,-232.08397712,46193.199,True,"[4.00085791, 0.0, 4.00085791, 8.00171582, 11.00688397, 0.0, 0.0, 0.0, 40.00857908]",40.0,1.017702225,local
2255_38,slab,-425.1797555,84160.235,True,"[8.49415534, 0.0, 4.50517796, 8.49415534, 5.0704393, -0.0, 0.0, 0.0, 40.54660162]",64.0,4.6875e-09,local
2255_53,slab,-319.23480709,38331.653,True,"[6.19146971, 0.0, 0.0, 5.82661939, 6.18071043, 5.0704393, 0.0, 0.0, 35.49307509]",48.0,2.0833333333333334e-09,local
2255_8,slab,-423.13800211,67930.447,True,"[4.50517796, 0.0, -4.24707767, -0.0, 10.1408786, -4.24707767, 0.0, 0.0, 42.47077671]",64.0,1.71875e-08,local
2258_3,slab,-389.3401762,33997.582,True,"[5.90685887, 0.0, 0.0, 0.0, 5.90685887, -5.90685887, 0.0, 0.0, 41.3480121]",48.0,0.20202120416666666,local
2262_13,slab,-263.51820583,70021.689,True,"[9.20427765, 0.0, 0.0, 0.0, 7.64266364, -3.82133182, 0.0, 0.0, 30.57065455]",48.0,0.0,local
2265_0,slab,-334.3894889,13423.1,True,"[6.57454211, 0.0, -6.57454211, -0.0, 6.57454211, -6.57454211, 0.0, 0.0, 46.02179475]",48.0,0.0,local
2266_41,slab,-172.53262268,80567.519,True,"[12.27868709, 0.0, 0.0, 3.34111572, 8.41938089, 8.40864715, 0.0, 0.0, 42.04323576]",64.0,0.0,local
2266_51,slab,-177.39442998,54393.912,True,"[4.52904595, 0.0, 0.0, 0.0, 16.8172943, -11.41288305, 0.0, 0.0, 45.65153219]",64.0,0.0,local
2269_43,slab,-689.50467775,38897.081,True,"[12.06179458, 0.0, 0.0, 0.0, 6.96388035, -3.40167059, 0.0, 0.0, 30.61503533]",72.0,2.7777777777777776e-09,local
2269_7,slab,-598.90666573,67636.497,True,"[12.06179458, 0.0, 0.0, 6.03089729, 3.48194017, 6.80334118, 0.0, 0.0, 57.82840007]",63.0,3.9682539682539686e-08,local
2275_1,slab,-464.3112789,62265.553,True,"[5.74333035, 0.0, -5.74333035, -0.0, 5.74333035, -5.74333035, 0.0, 0.0, 51.68997313]",64.0,0.266170184375,local
2278_0,slab,-601.88436522,49084.827,True,"[9.94097876, 0.0, 3.88587574, 14.45597839, 8.31466454, 0.0, 0.0, 0.0, 34.97288165]",80.0,0.07792858999999999,local
2278_17,slab,-446.2300906,30461.763,True,"[9.94097876, 0.0, -3.88587574, 5.42597912, 8.31466454, 0.0, 0.0, 0.0, 31.08700591]",60.0,1.215e-06,local
2278_67,slab,-598.47956632,132982.712,True,"[9.94097876, 0.0, -3.88587574, 15.36695787, 8.31466454, 0.0, 0.0, 0.0, 34.97288165]",80.0,0.037605860000000005,local
2279_0,slab,-319.61440274,30031.822,True,"[6.28645191, 0.0, -6.28645191, -0.0, 6.28645191, -6.28645191, 0.0, 0.0, 50.2916153]",48.0,0.21573249791666668,local
2282_13,slab,-292.55255533,94204.06,True,"[5.19971208, 0.0, 0.0, 0.0, 13.00867594, -6.50433797, 0.0, 0.0, 32.52168985]",56.0,0.07966024821428572,local
2286_13,slab,,,False,,,,local
2286_14,slab,,,False,,,,local
2287_6,slab,-188.27287574,65944.679,True,"[7.55711846, 0.0, -8.72620875, -0.0, 7.92994751, -4.36310438, 0.0, 0.0, 43.63104376]",48.0,0.0,local
2287_7,slab,-188.11820707,72146.962,True,"[7.55711846, 0.0, -8.72620875, -0.0, 7.92994751, -4.36310438, 0.0, 0.0, 43.63104376]",48.0,0.0,local
2287_8,slab,-190.12645013,64922.865,True,"[7.55711846, 0.0, -8.72620875, -0.0, 7.92994751, -4.36310438, 0.0, 0.0, 43.63104376]",48.0,0.0,local
2291_23,slab,-194.3833468,16292.501,True,"[7.45457949, 0.0, 0.0, -0.0, 8.56407641, 4.30390348, 0.0, 0.0, 30.12732433]",48.0,0.0,local
2292_1,slab,-163.39393082,5355.437,True,"[6.0890065, 0.0, -6.0890065, -0.0, 6.0890065, -6.0890065, 0.0, 0.0, 48.71205202]",48.0,0.0,local
2292_6,slab,-163.38692425,10840.942,True,"[6.0890065, 0.0, 0.0, 0.0, 6.0890065, -6.0890065, 0.0, 0.0, 42.62304552]",48.0,8.333333333333334e-09,local
2293_0,slab,-113.42616365,11496.55,True,"[6.58614725, 0.0, -6.58614725, -0.0, 6.58614725, -6.58614725, 0.0, 0.0, 46.10303077]",48.0,4.166666666666667e-09,local
2300_12,slab,-225.79861938,68053.127,True,"[5.02098027, 0.0, 0.0, 0.0, 14.10518449, -4.96433797, 0.0, 0.0, 34.75036581]",72.0,0.32301660833333334,local
2300_2,slab,-221.06810575,58286.725,True,"[5.02098027, 0.0, -4.96433797, -0.0, 14.10518449, -4.96433797, 0.0, 0.0, 39.71470378]",72.0,0.3366574375,local
2305_6,slab,-256.08285355,10290.615,True,"[6.02889388, 0.0, 0.0, 0.0, 6.02889388, 0.0, 0.0, 0.0, 30.14446939]",32.0,0.148762815625,local
2311_27,slab,-408.41948968,91586.801,True,"[3.60678143, 0.0, 0.0, 0.0, 11.32162573, -13.07308733, 0.0, 0.0, 45.75580565]",54.0,1.3187628425925926,local
2311_41,slab,-546.24019834,102945.522,True,"[11.32162573, 0.0, 0.0, 0.0, 6.53654366, -3.60678143, 0.0, 0.0, 32.46103288]",72.0,1.3335674499999999,local
2311_7,slab,,,False,,,,local
2312_0,slab,-277.980708,71213.679,True,"[3.86663481, 0.0, -6.69720795, -0.0, 24.47271733, -4.4648053, 0.0, 0.0, 53.57766356]",60.0,0.0,local
2312_1,slab,-276.43962544,74431.563,True,"[3.86663481, 0.0, -6.69720795, -0.0, 24.47271733, -4.4648053, 0.0, 0.0, 53.57766356]",60.0,0.0,local
2312_21,slab,-334.00265845,116045.449,True,"[7.73326962, 0.0, 0.0, 0.0, 24.47271733, 4.4648053, 0.0, 0.0, 31.25363708]",72.0,0.0038266680555555555,local
2313_16,slab,-303.84803809,65334.89,True,"[3.82942699, 0.0, -3.82942699, 0.0, 9.56890098, -7.65885398, 0.0, 0.0, 45.95312386]",50.0,0.0,local
2314_16,slab,-321.38368568,14759.793,True,"[6.42098087, 0.0, -0.0, 0.0, 7.13242267, 3.70715504, 0.0, 0.0, 33.36439532]",48.0,0.0,local
2314_3,slab,-397.51022181,65900.993,True,"[6.42098087, 0.0, -7.41431007, -0.0, 7.13242267, -3.70715504, 0.0, 0.0, 44.48586043]",60.0,0.0,local
2323_6,slab,-176.87583471,6710.736,True,"[6.38167487, 0.0, 0.0, 0.0, 6.38167487, -6.38167487, 0.0, 0.0, 44.67172406]",48.0,0.0,local
2329_3,slab,-456.41735049,23634.584,True,"[6.26142175, 0.0, 0.0, 0.0, 6.26142175, -6.26142175, 0.0, 0.0, 43.82995224]",48.0,4.791666666666667e-08,local
2332_16,slab,-336.84864293,33059.023,True,"[3.87723255, 0.0, -3.87723255, 0.0, 9.75343665, -7.75446511, 0.0, 0.0, 46.52679063]",50.0,0.105035028,local
2333_3,slab,-516.87896397,21097.068,True,"[6.2471007, 0.0, 0.0, 0.0, 6.2471007, -6.2471007, 0.0, 0.0, 43.72970491]",48.0,5.625e-08,local
2335_0,slab,-161.39622702,17237.122,True,"[6.54215557, 0.0, -6.54215557, -0.0, 6.54215557, -6.54215557, 0.0, 0.0, 45.79508901]",48.0,0.0,local
2335_2,slab,-166.07426993,16258.746,True,"[6.54215557, 0.0, -6.54215557, -0.0, 6.54215557, -6.54215557, 0.0, 0.0, 45.79508901]",48.0,2.0833333333333334e-09,local
2335_8,slab,-220.08137152,28912.118,True,"[6.54215557, 0.0, 0.0, 0.0, 13.08431115, -6.54215557, 0.0, 0.0, 32.71077787]",64.0,0.0,local
2338_12,slab,-212.81241781,20517.612,True,"[4.15366911, 0.0, 0.0, -0.0, 8.30733823, 7.07295054, 0.0, 0.0, 35.3647527]",32.0,1.002960303125,local
2346_0,slab,-337.95040316,17280.589,True,"[5.8278075, 0.0, -5.8278075, -0.0, 5.8278075, -5.8278075, 0.0, 0.0, 46.62246003]",48.0,0.52366101875,local
2349_29,slab,-149.12653448,47464.151,True,"[4.27933678, 0.0, -4.27933678, -0.0, 10.94060697, -8.55867356, 0.0, 0.0, 42.7933678]",40.0,0.0,local
2363_19,slab,-347.24753961,34447.416,True,"[9.51916496, 0.0, 0.0, -0.0, 6.05803045, 4.67232705, 0.0, 0.0, 37.37861637]",48.0,0.029857593749999998,local
2363_7,slab,-230.5562616,20217.533,True,"[4.67232705, 0.0, 0.0, 0.0, 9.51916496, -6.05803045, 0.0, 0.0, 30.29015223]",32.0,0.000118534375,local
2368_6,slab,-198.59736413,3890.441,True,"[6.05189191, 0.0, 0.0, 0.0, 6.05189191, 0.0, 0.0, 0.0, 30.25945953]",32.0,0.090410221875,local
2369_42,slab,-401.9040793,83548.858,True,"[12.54811964, 0.0, 0.0, 0.0, 7.24466025, -3.54952261, 0.0, 0.0, 31.94570349]",72.0,0.0,local
2374_25,slab,-246.06863784,26156.474,True,"[4.89896686, 0.0, -2.82841984, -0.0, 12.47181563, 11.31367935, 0.0, 0.0, 39.59787773]",54.0,0.0,local
2379_2,slab,-223.91362657,67705.229,True,"[4.19516437, 0.0, -4.19516437, -0.0, 13.21111451, -4.19516437, 0.0, 0.0, 41.95164372]",56.0,0.0,local
2379_3,slab,-223.72839243,88558.747,True,"[4.19516437, 0.0, -4.19516437, -0.0, 13.21111451, -4.19516437, 0.0, 0.0, 41.95164372]",56.0,0.0,local
2382_0,slab,-373.13850681,22646.879,True,"[6.13751909, 0.0, -6.13751909, -0.0, 6.13751909, -6.13751909, 0.0, 0.0, 49.10015272]",48.0,0.09566445208333334,local
2382_6,slab,-249.84066932,22151.151,True,"[6.13751909, 0.0, 0.0, 0.0, 6.13751909, 0.0, 0.0, 0.0, 30.68759545]",32.0,0.07228736875,local
2384_35,slab,-169.0457836,91211.403,True,"[3.92604158, 0.0, -2.26670116, -0.0, 34.27189721, 9.06680466, 0.0, 0.0, 31.7338163]",72.0,0.0,local
2388_1,slab,-346.98279422,16051.723,True,"[6.3251882, 0.0, -6.3251882, -0.0, 6.3251882, -6.3251882, 0.0, 0.0, 50.6015056]",48.0,0.145512675,local
2391_3,slab,-310.71480654,28084.289,True,"[5.83383841, 0.0, 0.0, 0.0, 5.83383841, -5.83383841, 0.0, 0.0, 40.83686888]",48.0,0.04459984375,local
2398_40,slab,,,False,,,,local
2398_7,slab,-473.50024548,166113.087,True,"[5.38394858, 0.0, -9.32527249, -0.0, 7.26567465, -6.21684832, 0.0, 0.0, 62.16848323]",72.0,1.0586729583333332,local
2401_0,slab,-217.89655854,21732.727,True,"[3.53892362, 0.0, -3.53892362, -0.0, 7.06356879, -3.53892362, 0.0, 0.0, 42.46708339]",40.0,0.1009186025,local
2401_14,slab,-263.30525361,28549.866,True,"[5.00479377, 0.0, 0.0, 5.00479377, 5.00479377, 7.06356879, 0.0, 0.0, 49.4449815]",48.0,0.09006103958333334,local
2403_14,slab,-524.68705434,108419.703,True,"[16.88344702, 0.0, 0.0, 4.823842, 4.17756972, 3.33295505, 0.0, 0.0, 33.32955049]",72.0,1.5762931791666666,local
2403_15,slab,-524.56247834,112071.139,True,"[16.88344702, 0.0, 0.0, 4.823842, 4.17756972, 3.33295505, 0.0, 0.0, 33.32955049]",72.0,1.597749425,local
2403_42,slab,-525.98543529,106545.838,True,"[11.05281056, 0.0, 0.0, 0.0, 6.38134315, -3.33295505, 0.0, 0.0, 33.32955049]",72.0,1.5609745819444445,local
2404_6,slab,-189.2318301,3770.525,True,"[6.05147563, 0.0, 0.0, 0.0, 6.05147563, 0.0, 0.0, 0.0, 30.25737814]",32.0,6.75e-07,local
2407_51,slab,-338.51627982,93424.524,True,"[7.6559798, 0.0, 0.0, 7.6559798, 13.260546, 3.89983861, 0.0, 0.0, 31.19870891]",54.0,0.054697194444444444,local
2409_1,slab,-292.9211239,35760.496,True,"[5.68406771, 0.0, -5.68406771, -0.0, 5.68406771, -5.68406771, 0.0, 0.0, 51.15660938]",64.0,0.0,local
2409_3,slab,-219.77211277,16698.419,True,"[5.68406771, 0.0, 0.0, 0.0, 5.68406771, -5.68406771, 0.0, 0.0, 39.78847396]",48.0,2.0833333333333334e-09,local
2409_6,slab,-144.36493898,6001.944,True,"[5.68406771, 0.0, 0.0, 0.0, 5.68406771, 0.0, 0.0, 0.0, 28.42033854]",32.0,0.0,local
2413_1,slab,-311.70146536,23753.858,True,"[6.53747089, 0.0, -6.53747089, -0.0, 6.53747089, -6.53747089, 0.0, 0.0, 45.76229625]",48.0,2.2916666666666667e-08,local
2413_3,slab,-312.55909703,13561.435,True,"[6.53747089, 0.0, 0.0, 0.0, 6.53747089, -6.53747089, 0.0, 0.0, 45.76229625]",48.0,8.772916666666667e-06,local
2413_5,slab,-413.58769691,33104.214,True,"[6.53747089, 0.0, 0.0, 0.0, 13.07494179, -6.53747089, 0.0, 0.0, 32.68735446]",64.0,0.0,local
2423_1,slab,-149.49416008,35344.679,True,"[6.82293309, 0.0, -6.82293309, -0.0, 6.82293309, -6.82293309, 0.0, 0.0, 47.76053163]",48.0,0.0,local
2423_3,slab,-154.58145315,33436.586,True,"[6.82293309, 0.0, 0.0, 0.0, 6.82293309, -6.82293309, 0.0, 0.0, 47.76053163]",48.0,0.0744592375,local
2423_5,slab,-203.55017885,43671.758,True,"[6.82293309, 0.0, 0.0, 0.0, 13.64586618, -6.82293309, 0.0, 0.0, 34.11466545]",64.0,0.018481215625,local
2424_50,slab,-273.08333996,21230.899,True,"[4.10340496, 0.0, 0.0, -0.0, 16.78572011, 8.37450942, 0.0, 0.0, 33.49803769]",48.0,6.25e-09,local
2424_9,slab,-275.45722267,35400.474,True,"[4.18725471, 0.0, 0.0, 0.0, 16.78572011, -4.10340496, 0.0, 0.0, 28.72383471]",48.0,0.0,local
2425_0,slab,-160.13786011,25782.622,True,"[8.40197821, 0.0, 8.40197821, 8.40197821, 8.40197821, -0.0, 0.0, 0.0, 58.8138475]",48.0,0.13272004375,local
2430_3,slab,-266.8475832,19720.262,True,"[6.1868959, 0.0, 0.0, 0.0, 6.1868959, -6.1868959, 0.0, 0.0, 43.30827133]",48.0,2.0833333333333334e-09,local
2430_6,slab,-175.38588837,4832.918,True,"[6.1868959, 0.0, 0.0, 0.0, 6.1868959, 0.0, 0.0, 0.0, 30.93447952]",32.0,0.0,local
2433_0,slab,,,False,,,,local
2433_9,slab,-545.16256853,109083.564,True,"[9.15054259, 0.0, 0.0, 0.0, 6.46653292, -11.20036356, 0.0, 0.0, 59.73527234]",72.0,6.958333333333333e-07,local
2434_12,slab,-158.96917557,140252.745,True,"[12.83129913, 0.0, -6.41564956, -0.0, 12.69793464, -6.41564956, 0.0, 0.0, 32.07824782]",56.0,0.0,local
2442_35,slab,,,False,,,,local
2442_36,slab,,,False,,,,local
2442_37,slab,,,False,,,,local
2445_19,slab,-295.38797138,46655.353,True,"[4.55382762, 0.0, 0.0, 0.0, 20.90468487, -4.55382762, 0.0, 0.0, 31.87679334]",60.0,0.0,local
2445_24,slab,-297.10159481,30513.005,True,"[4.55382762, 0.0, 0.0, 0.0, 20.90468487, 0.0, 0.0, 0.0, 31.87679334]",60.0,0.0,local
2445_28,slab,-394.68361361,59768.682,True,"[4.55382762, 0.0, 4.55382762, 9.10765524, 20.90468487, 0.0, 0.0, 0.0, 40.98444857]",80.0,0.0,local
2450_23,slab,-512.66743918,75829.776,True,"[3.43873902, 0.0, -1.9853569, -0.0, 19.4756813, -3.97071379, 0.0, 0.0, 31.76571034]",72.0,1.32790365,local
2450_27,slab,-512.48646752,77905.592,True,"[3.43873902, 0.0, -1.9853569, -0.0, 19.4756813, -3.97071379, 0.0, 0.0, 31.76571034]",72.0,1.3034733708333333,local
2453_6,slab,,,False,,,,local
2453_7,slab,,,False,,,,local
2453_8,slab,,,False,,,,local
2456_64,slab,-385.67675851,73837.901,True,"[11.06925582, 0.0, -2.01792536, 16.34760308, 9.72972121, 3.96733177, 0.0, 0.0, 40.01591247]",80.0,1.25e-09,local
2457_1,slab,-170.46876924,21821.918,True,"[6.65816828, 0.0, -6.65816828, -0.0, 6.65816828, -6.65816828, 0.0, 0.0, 46.60717793]",48.0,0.0,local
2459_18,slab,-411.86957855,48609.09,True,"[16.28260219, 0.0, 0.0, 4.65217205, 4.02889918, 3.50187446, 0.0, 0.0, 35.01874457]",72.0,0.0,local
2460_10,slab,-183.00237873,10018.014,True,"[4.19558054, 0.0, 0.0, 0.0, 10.42964081, -4.19558054, 0.0, 0.0, 29.36906378]",30.0,6.666666666666666e-09,local
2460_13,slab,,,False,,,,local
2460_14,slab,-364.98648898,111699.212,True,"[4.19558054, 0.0, 0.0, 0.0, 20.85928163, -4.19558054, 0.0, 0.0, 29.36906378]",60.0,0.0,local
2462_0,slab,-382.77526984,14856.82,True,"[5.90781595, 0.0, -5.90781595, -0.0, 5.90781595, -5.90781595, 0.0, 0.0, 47.26252758]",48.0,0.8767947187499999,local
2463_11,slab,-151.71882666,8668.583,True,"[4.263496, 0.0, 0.0, 0.0, 10.271825, -4.263496, 0.0, 0.0, 29.84447202]",30.0,0.0,local
2464_48,slab,,,False,,,,local
2464_7,slab,,,False,,,,local
2467_0,slab,-508.5728029,50593.707,True,"[5.62153043, 0.0, -5.62153043, -0.0, 5.62153043, -5.62153043, 0.0, 0.0, 50.59377388]",64.0,0.183023865625,local
2467_3,slab,-381.98857766,27120.232,True,"[5.62153043, 0.0, 0.0, 0.0, 5.62153043, -5.62153043, 0.0, 0.0, 39.35071302]",48.0,0.026243141666666667,local
2469_12,slab,-322.38782784,23841.762,True,"[4.61431029, 0.0, -2.66407329, -0.0, 12.79579492, -5.32814658, 0.0, 0.0, 37.29702606]",54.0,0.000779925925925926,local
2469_22,slab,-318.63414724,32331.575,True,"[4.61431029, 0.0, -2.66407329, 0.0, 12.79579492, -10.65629316, 0.0, 0.0, 42.62517264]",54.0,0.044664437037037034,local
2469_23,slab,-318.37038644,29442.353,True,"[4.61431029, 0.0, -2.66407329, 0.0, 12.79579492, -10.65629316, 0.0, 0.0, 42.62517264]",54.0,0.06391558703703704,local
2473_0,slab,-143.33834334,33038.645,True,"[6.60025737, 0.0, -6.60025737, -0.0, 6.60025737, -6.60025737, 0.0, 0.0, 46.20180161]",48.0,0.0,local
2473_1,slab,-144.92779977,29039.59,True,"[6.60025737, 0.0, -6.60025737, -0.0, 6.60025737, -6.60025737, 0.0, 0.0, 46.20180161]",48.0,0.0,local
2473_5,slab,-192.71088762,41489.564,True,"[6.60025737, 0.0, 0.0, 0.0, 13.20051475, -6.60025737, 0.0, 0.0, 33.00128687]",64.0,0.0,local
2478_6,slab,-211.12804746,8222.424,True,"[5.73801489, 0.0, 0.0, 0.0, 5.73801489, 0.0, 0.0, 0.0, 28.69007447]",32.0,1.35684049375,local
2488_7,slab,-217.29500478,89013.739,True,"[12.82098962, 0.0, -6.41049481, 0.0, 12.24330888, -6.41049481, 0.0, 0.0, 32.05247405]",64.0,0.0,local
2492_12,slab,-375.13975925,85935.173,True,"[15.03787139, 0.0, -7.5189357, 0.0, 7.59136039, -7.5189357, 0.0, 0.0, 37.59467848]",80.0,0.0,local
2499_59,slab,-267.56377269,150079.687,True,"[17.65543309, 0.0, 0.0, 2.28540516, 8.68772462, 7.7146663, 0.0, 0.0, 38.57333151]",80.0,0.039776650000000004,local
2499_66,slab,,,False,,,,local
2499_68,slab,,,False,,,,local
2502_3,slab,-249.54484575,8712.263,True,"[6.50756617, 0.0, 0.0, 0.0, 6.50756617, -6.50756617, 0.0, 0.0, 45.55296319]",48.0,1.0416666666666666e-08,local
2502_5,slab,-327.69299148,19102.395,True,"[6.50756617, 0.0, 0.0, 0.0, 13.01513234, -6.50756617, 0.0, 0.0, 32.53783085]",64.0,0.0,local
2504_24,slab,,,False,,,,local
2504_52,slab,,,False,,,,local
2504_55,slab,,,False,,,,local
2507_5,slab,-327.62098096,77593.31,True,"[6.28517737, 0.0, 0.0, 0.0, 12.57035475, -6.28517737, 0.0, 0.0, 31.42588687]",64.0,0.0,local
2516_0,slab,-277.14777396,47269.479,True,"[11.96140833, 0.0, 0.0, 5.98070417, 5.98070417, 4.62157455, 0.0, 0.0, 36.97259637]",54.0,0.0,local
2516_11,slab,-187.77950172,7710.116,True,"[4.62157455, 0.0, 0.0, 0.0, 8.45799295, -8.45799295, 0.0, 0.0, 42.28996473]",36.0,0.0,local
2516_56,slab,-281.54478043,37050.234,True,"[8.45799295, 0.0, 0.0, 0.0, 8.45799295, 0.0, 0.0, 0.0, 32.35102182]",54.0,0.0,local
2518_2,slab,-212.76215184,43634.708,True,"[9.77788943, 0.0, 4.19496661, 14.08439811, 4.93539074, 0.0, 0.0, 0.0, 41.9496661]",48.0,1.25e-08,local
2518_59,slab,-321.51625416,70316.018,True,"[8.47803533, 0.0, 6.42866888, 12.80469734, 7.29089013, 19.40745979, 0.0, 0.0, 52.40097632]",72.0,6.944444444444444e-09,local
2518_62,slab,-325.93185923,81792.034,True,"[8.47803533, 0.0, -6.42866888, 12.80469734, 7.29089013, -6.30721571, 0.0, 0.0, 45.85085428]",72.0,5.555555555555555e-09,local
2521_3,slab,,,False,,,,local
2523_36,slab,-244.513916,32243.171,True,"[3.56709133, 0.0, -2.05946114, -0.0, 19.87004926, -4.11892227, 0.0, 0.0, 32.95137819]",60.0,0.00612298,local
2523_37,slab,-245.87524689,24455.109,True,"[3.56709133, 0.0, -2.05946114, -0.0, 19.87004926, -4.11892227, 0.0, 0.0, 32.95137819]",60.0,1.5166666666666666e-07,local
2523_3,slab,-204.77789285,37444.162,True,"[3.56709133, 0.0, -6.17838341, 0.0, 9.93502463, -4.11892227, 0.0, 0.0, 53.54598956]",50.0,0.013184808,local
2524_30,slab,-363.72753295,46947.953,True,"[4.11853524, 0.0, -2.37783743, 0.0, 13.23253019, -4.75567486, 0.0, 0.0, 33.28972402]",54.0,0.010893396296296296,local
2527_3,slab,-461.05244161,110132.034,False,"[6.44497593, 0.0, 0.0, 0.0, 6.44497593, -6.44497593, 0.0, 0.0, 45.11483152]",48.0,0.028544870833333333,local
2531_6,slab,-172.24416144,7000.913,True,"[6.09457478, 0.0, 0.0, 0.0, 6.09457478, -6.09457478, 0.0, 0.0, 42.66202347]",48.0,0.0,local
2532_6,slab,,,False,,,,local
2533_25,slab,-155.83376942,30371.06,True,"[7.43426567, 0.0, 0.0, 5.4397126, 7.16170818, 8.59813824, 0.0, 0.0, 42.99069118]",40.0,0.0,local
2535_2,slab,,,False,,,,local
2535_3,slab,-208.66427697,75154.092,True,"[4.57950654, 0.0, 4.57950654, 4.57950654, 23.64614358, 0.0, 0.0, 0.0, 41.21555885]",80.0,0.0,local
2535_5,slab,-154.47351588,54175.376,True,"[9.15901308, 0.0, -4.57950654, 0.0, 11.82307179, -4.57950654, 0.0, 0.0, 32.05654577]",60.0,6.35e-07,local
2539_31,slab,-139.82826214,64005.56,True,"[3.70883579, 0.0, -2.14129734, 0.0, 18.88817822, -4.28259468, 0.0, 0.0, 34.26075748]",54.0,3.555740740740741e-05,local
2539_32,slab,-139.31382844,61100.812,True,"[3.70883579, 0.0, -2.14129734, 0.0, 18.88817822, -4.28259468, 0.0, 0.0, 34.26075748]",54.0,1.8518518518518518e-09,local
2540_1,slab,-399.59375519,28204.376,True,"[6.53694497, 0.0, -6.53694497, -0.0, 6.53694497, -6.53694497, 0.0, 0.0, 45.75861481]",48.0,1.1666666666666667e-07,local
2543_6,slab,-370.79027216,94322.372,True,"[13.6060735, 0.0, 0.0, 6.80303675, 3.9277351, 7.61195541, 0.0, 0.0, 57.08966555]",54.0,0.09687205,local
2545_24,slab,-420.01071111,56864.956,True,"[4.40569968, 0.0, -2.5436319, 0.0, 11.50399123, 10.17452758, 0.0, 0.0, 40.69811034]",54.0,0.022224272222222223,local
2555_45,slab,-523.77092319,68131.025,True,"[13.73990766, 0.0, 0.0, 0.0, 7.93273939, -3.33394295, 0.0, 0.0, 30.00548652]",72.0,0.011227909722222222,local
2559_10,slab,-196.33627094,23413.707,True,"[8.25756647, 0.0, 0.0, 0.0, 11.86480941, -4.42688621, 0.0, 0.0, 30.98820347]",48.0,8.333333333333334e-09,local
2559_11,slab,-196.62526083,25127.38,True,"[8.25756647, 0.0, 0.0, 0.0, 11.86480941, -4.42688621, 0.0, 0.0, 30.98820347]",48.0,2.0833333333333334e-09,local
2559_46,slab,-261.30912227,88084.099,True,"[12.66376815, 0.0, 0.0, 3.09502216, 8.29518679, 8.25756647, 0.0, 0.0, 41.28783234]",64.0,0.0,local
2561_0,slab,-248.131386,4840.99,True,"[6.00963155, 0.0, -6.00963155, -0.0, 6.00963155, -6.00963155, 0.0, 0.0, 48.07705239]",48.0,0.0,local
2563_10,slab,-347.17736575,85690.568,True,"[14.15570355, 0.0, 0.0, 0.0, 8.13087862, -4.06543931, 0.0, 0.0, 32.52351446]",60.0,0.0,local
2563_2,slab,-461.48089341,152869.318,True,"[4.06543931, 0.0, 4.06543931, 4.06543931, 28.3114071, 0.0, 0.0, 0.0, 40.65439308]",80.0,0.0,local
2563_6,slab,-347.47407136,71764.292,True,"[8.13087862, 0.0, -4.06543931, -0.0, 14.15570355, -4.06543931, 0.0, 0.0, 32.52351446]",60.0,0.0,local
2564_2,slab,-260.37093804,5822.452,True,"[6.32280193, 0.0, -6.32280193, -0.0, 6.32280193, -6.32280193, 0.0, 0.0, 50.58241548]",36.0,7.744444444444444e-06,local
2564_7,slab,-347.63789342,23247.112,True,"[6.32280193, 0.0, 0.0, 0.0, 12.64560387, -6.32280193, 0.0, 0.0, 31.61400967]",48.0,8.75e-08,local
2568_58,slab,-161.07153527,10914.86,True,"[4.3548125, 0.0, 0.0, 0.0, 10.8751284, 0.0, 0.0, 0.0, 30.81377661]",32.0,0.0,local
2571_1,slab,-342.46460109,9724.77,True,"[6.02852669, 0.0, -6.02852669, -0.0, 6.02852669, -6.02852669, 0.0, 0.0, 48.22821349]",48.0,0.0,local
2576_0,slab,-249.92370926,5603.399,True,"[5.9629178, 0.0, -5.9629178, -0.0, 5.9629178, -5.9629178, 0.0, 0.0, 47.70334238]",36.0,4.916666666666667e-07,local
2579_0,slab,-129.26225353,24181.613,True,"[6.60353644, 0.0, -6.60353644, -0.0, 6.60353644, -6.60353644, 0.0, 0.0, 46.22475505]",48.0,6.25e-09,local
2580_2,slab,-244.85902484,108831.915,True,"[8.07685424, 0.0, -8.07685424, -0.0, 8.07685424, -8.07685424, 0.0, 0.0, 56.53797971]",72.0,0.0,local
2580_3,slab,-245.89175275,44601.172,True,"[8.07685424, 0.0, -8.07685424, -0.0, 8.07685424, -8.07685424, 0.0, 0.0, 56.53797971]",72.0,4.166666666666667e-09,local
2586_13,slab,-206.06191716,15319.005,True,"[3.61170763, 0.0, 0.0, 0.0, 6.78339933, -11.74919229, 0.0, 0.0, 54.82956402]",27.0,0.020556703703703706,local
2586_41,slab,-554.52368363,89496.319,True,"[13.56679866, 0.0, 0.0, 0.0, 7.83279486, -3.61170763, 0.0, 0.0, 32.50536867]",72.0,0.01800353888888889,local
2586_45,slab,,,False,,,,local
2590_0,slab,-459.62169474,33859.246,True,"[6.55350672, 0.0, -6.55350672, -0.0, 6.55350672, -6.55350672, 0.0, 0.0, 45.87454704]",48.0,8.333333333333334e-09,local
2593_0,slab,-244.15604165,14687.021,True,"[6.27333406, 0.0, 6.27333406, 6.27333406, 6.27333406, -0.0, 0.0, 0.0, 50.18667249]",48.0,2.0833333333333334e-09,local
2593_1,slab,-243.00732189,11909.018,True,"[6.27333406, 0.0, 6.27333406, 6.27333406, 6.27333406, -0.0, 0.0, 0.0, 50.18667249]",48.0,0.0,local
2597_0,slab,-209.86464407,13836.533,True,"[6.09666702, 0.0, -6.09666702, 0.0, 6.09666702, -6.09666702, 0.0, 0.0, 48.77333613]",48.0,6.25e-09,local
2599_11,slab,-182.46529819,37938.829,True,"[4.07631253, 0.0, 0.0, 0.0, 16.49412777, -4.01942813, 0.0, 0.0, 28.13599692]",48.0,0.0,local
2599_22,slab,-183.04765128,27866.517,True,"[4.01942813, 0.0, 0.0, 0.0, 16.49412777, -4.07631253, 0.0, 0.0, 28.53418774]",48.0,0.0,local
2599_8,slab,-181.24533202,54456.058,True,"[8.24706389, 0.0, 0.0, 0.0, 8.15262507, -4.01942813, 0.0, 0.0, 32.15542506]",48.0,0.0,local
2600_3,slab,-314.72151598,13976.419,True,"[6.45698987, 0.0, 0.0, 0.0, 6.45698987, -6.45698987, 0.0, 0.0, 45.19892908]",48.0,4.791666666666667e-08,local
2602_0,slab,-288.79594453,39934.549,True,"[7.25830431, 0.0, -7.25830431, -0.0, 7.25830431, -7.25830431, 0.0, 0.0, 50.80813017]",72.0,8.888888888888888e-08,local
2602_2,slab,-291.80468035,23032.198,True,"[7.25830431, 0.0, -7.25830431, -0.0, 7.25830431, -7.25830431, 0.0, 0.0, 50.80813017]",72.0,4.166666666666667e-09,local
2603_1,slab,-228.378739,13157.627,True,"[6.0356783, 0.0, -6.0356783, -0.0, 6.0356783, -6.0356783, 0.0, 0.0, 48.28542644]",48.0,3.5208333333333333e-07,local
2604_0,slab,-220.42171888,6325.509,True,"[6.07521994, 0.0, 6.07521994, 6.07521994, 6.07521994, -0.0, 0.0, 0.0, 48.60175955]",48.0,6.25e-09,local
2604_1,slab,-223.76172061,7347.898,True,"[6.07521994, 0.0, 6.07521994, 6.07521994, 6.07521994, -0.0, 0.0, 0.0, 48.60175955]",48.0,4.166666666666667e-09,local
2605_10,slab,-320.97004696,47690.631,True,"[11.62121203, 0.0, 0.0, 0.0, 7.95199384, -3.97599692, 0.0, 0.0, 31.80797534]",60.0,0.20238712166666667,local
2605_2,slab,-428.34325021,125432.415,True,"[3.97599692, 0.0, -3.97599692, 0.0, 23.24242406, -3.97599692, 0.0, 0.0, 39.75996918]",80.0,0.2958656425,local
2607_3,slab,-219.04406053,16250.582,True,"[6.34704648, 0.0, 0.0, 0.0, 6.34704648, -6.34704648, 0.0, 0.0, 44.42932534]",48.0,0.0,local
2607_5,slab,-288.23889854,36368.886,True,"[6.34704648, 0.0, 0.0, 0.0, 12.69409295, -6.34704648, 0.0, 0.0, 31.73523239]",64.0,1.5625e-09,local
2610_40,slab,-143.42578474,56325.837,True,"[6.25971957, 0.0, 0.0, 0.0, 14.93435888, -13.75725533, 0.0, 0.0, 34.39313833]",40.0,0.0682872425,local
2610_6,slab,-290.97859223,129191.982,True,"[14.93435888, 0.0, -6.87862767, -0.0, 12.51943915, -6.87862767, 0.0, 0.0, 34.39313833]",80.0,0.047089346250000004,local
2610_7,slab,,,False,,,,local
2611_3,slab,-148.90023397,11133.288,True,"[6.03003397, 0.0, 0.0, -0.0, 6.03003397, 6.03003397, 0.0, 0.0, 42.21023779]",48.0,2.0833333333333334e-09,local
2612_10,slab,-317.39908244,68115.379,True,"[7.64674257, 0.0, -8.82969776, -0.0, 11.11886279, -4.41484888, 0.0, 0.0, 44.14848879]",64.0,0.0,local
2614_17,slab,-602.73539615,157713.436,True,"[17.87934813, 0.0, 0.0, 5.10838518, 4.42399134, 3.83388037, 0.0, 0.0, 38.33880373]",72.0,0.0,local
2614_38,slab,-453.52365653,65911.935,True,"[5.85239044, 0.0, -3.3788792, -0.0, 7.66776075, -6.75775839, 0.0, 0.0, 47.30430875]",54.0,0.0,local
2614_45,slab,-447.7442239,49473.231,True,"[11.70478088, 0.0, 0.0, 0.0, 6.75775839, -3.83388037, 0.0, 0.0, 30.67104298]",54.0,7.037037037037038e-08,local
893_14,slab,-461.79655716,40035.055,True,"[4.07756424, 0.0, 0.0, 0.0, 19.97263826, -4.07756424, 0.0, 0.0, 28.54294966]",60.0,0.0,local
893_3,slab,-614.41619623,56748.784,True,"[4.07756424, 0.0, -4.07756424, -0.0, 19.97263826, -4.07756424, 0.0, 0.0, 40.77564237]",80.0,0.0,local
894_3,slab,-320.33493673,27577.78,True,"[6.33864537, 0.0, 0.0, -0.0, 6.33864537, 6.33864537, 0.0, 0.0, 44.37051758]",48.0,0.0,local
899_3,slab,-249.798007,6289.202,True,"[6.37146232, 0.0, 0.0, -0.0, 6.37146232, 6.37146232, 0.0, 0.0, 44.60023623]",48.0,4.166666666666667e-09,local
899_5,slab,-328.70701205,32973.019,True,"[6.37146232, 0.0, 0.0, 0.0, 12.74292464, -6.37146232, 0.0, 0.0, 31.85731159]",64.0,1.5625e-09,local
901_9,slab,-339.98766461,55619.936,True,"[9.77830433, 0.0, 0.0, 0.0, 8.16074083, -4.08037041, 0.0, 0.0, 32.64296331]",60.0,0.0,local
902_7,slab,-160.36130472,43581.536,True,"[12.6340155, 0.0, 0.0, 0.0, 6.2979912, -6.2979912, 0.0, 0.0, 44.08593842]",48.0,0.0,local
906_6,slab,,,False,,,,local
908_3,slab,-493.3933161,10617.022,True,"[6.38821418, 0.0, 0.0, -0.0, 6.38821418, 6.38821418, 0.0, 0.0, 44.71749928]",48.0,0.0,local
911_3,slab,-235.26489938,25316.12,True,"[6.5737687, 0.0, 0.0, 0.0, 6.5737687, -6.5737687, 0.0, 0.0, 46.01638092]",48.0,0.0,local
918_11,slab,-150.57914641,5172.463,True,"[4.34159957, 0.0, 0.0, 0.0, 10.01503413, -4.34159957, 0.0, 0.0, 30.391197]",30.0,0.0,local
918_2,slab,-407.02883853,94207.335,True,"[4.34159957, 0.0, -4.34159957, -0.0, 20.03006826, -4.34159957, 0.0, 0.0, 39.07439614]",80.0,0.0,local
918_3,slab,-408.98545119,57772.588,True,"[4.34159957, 0.0, -4.34159957, -0.0, 20.03006826, -4.34159957, 0.0, 0.0, 39.07439614]",80.0,0.0,local
919_28,slab,-267.84888301,89769.99,True,"[4.22385588, 0.0, 0.0, 0.0, 12.42398321, -14.3459801, 0.0, 0.0, 50.21093034]",54.0,0.01911149074074074,local
919_33,slab,-268.75756389,69498.47,True,"[4.22385588, 0.0, 0.0, 0.0, 12.42398321, -14.3459801, 0.0, 0.0, 50.21093034]",54.0,0.0006507925925925926,local
919_6,slab,-357.56511175,71797.942,True,"[6.2119916, 0.0, 10.75948507, 6.2119916, 8.44771176, 3.58649502, 0.0, 0.0, 64.55691044]",72.0,1.3888888888888888e-09,local
922_11,slab,-416.29678781,40976.772,True,"[4.30484484, 0.0, -2.48540333, -0.0, 11.72704759, -4.97080665, 0.0, 0.0, 34.79564656]",54.0,0.6236640185185186,local
926_2,slab,-231.49058964,26994.108,True,"[7.28639294, 0.0, -7.28639294, -0.0, 7.28639294, -7.28639294, 0.0, 0.0, 51.0047506]",72.0,2.7777777777777776e-09,local
933_14,slab,-201.16089664,40977.962,True,"[3.70313232, 0.0, 0.0, 0.0, 14.14855658, -3.69708009, 0.0, 0.0, 29.57664076]",36.0,0.032294747222222225,local
933_21,slab,-404.78706786,76678.289,True,"[3.70313232, 0.0, 0.0, 0.0, 28.29711316, -3.69708009, 0.0, 0.0, 29.57664076]",72.0,0.06546630416666667,local
933_22,slab,-405.30712828,169692.587,True,"[3.70313232, 0.0, 0.0, 0.0, 28.29711316, -3.69708009, 0.0, 0.0, 29.57664076]",72.0,0.059298101388888885,local
937_3,slab,-324.97884904,12117.299,True,"[5.69170433, 0.0, 0.0, 0.0, 5.69170433, -5.69170433, 0.0, 0.0, 39.84193028]",48.0,1.0983591291666668,local
941_10,slab,,,False,,,,local
941_12,slab,-220.99681081,75837.38,True,"[8.44231733, 0.0, -9.74834836, -0.0, 16.31957089, -4.87417418, 0.0, 0.0, 43.86756763]",80.0,0.0,local
945_6,slab,-256.58052633,6424.108,True,"[6.39029792, 0.0, 0.0, 0.0, 6.39029792, 0.0, 0.0, 0.0, 31.95148961]",32.0,0.0784714,local
949_3,slab,-304.18965077,25516.301,True,"[6.12951913, 0.0, 0.0, 0.0, 6.12951913, -6.12951913, 0.0, 0.0, 42.90663392]",48.0,0.9757827708333333,local
953_1,slab,-460.1891039,101653.255,True,"[5.67248399, 0.0, -5.67248399, -0.0, 5.67248399, -5.67248399, 0.0, 0.0, 51.05235594]",64.0,0.7567647390625,local
955_35,slab,-310.17472272,60613.231,True,"[11.09750185, 0.0, 0.0, 3.55816839, 8.14327933, 6.63835819, 0.0, 0.0, 33.19179096]",64.0,0.0,local
955_39,slab,-314.05724067,38053.104,True,"[10.16912765, 0.0, 0.0, -0.0, 8.88670696, 6.63835819, 0.0, 0.0, 33.19179096]",64.0,0.0,local
955_8,slab,-235.49991547,15146.383,True,"[6.63835819, 0.0, 0.0, 0.0, 10.16912765, -4.44335348, 0.0, 0.0, 31.10347436]",48.0,2.0833333333333334e-09,local
957_6,slab,-179.50462313,12392.93,True,"[6.06947351, 0.0, 0.0, -0.0, 6.06947351, 6.06947351, 0.0, 0.0, 42.4863146]",48.0,0.0,local
958_3,slab,-264.92468703,13258.343,True,"[6.07861197, 0.0, 0.0, 0.0, 6.07861197, -6.07861197, 0.0, 0.0, 42.55028377]",48.0,4.166666666666667e-09,local
959_45,slab,-597.60195746,93893.032,True,"[11.68156828, 0.0, 0.0, 0.0, 6.74435659, -3.75713739, 0.0, 0.0, 33.81423651]",72.0,0.0,local
959_47,slab,,,False,,,,local
959_4,slab,,,False,,,,local
963_35,slab,,,False,,,,local
963_36,slab,-239.25196648,156253.158,True,"[7.73093187, 0.0, -7.15750091, 0.0, 14.82563484, -14.31500181, 0.0, 0.0, 50.10250634]",60.0,0.938091415,local
963_37,slab,-243.25931828,119945.735,True,"[7.73093187, 0.0, -7.15750091, 0.0, 14.82563484, -14.31500181, 0.0, 0.0, 50.10250634]",60.0,1.0000162983333334,local
965_0,slab,-251.78541199,11763.091,True,"[6.20236618, 0.0, -6.20236618, -0.0, 6.20236618, -6.20236618, 0.0, 0.0, 49.61892943]",48.0,6.25e-09,local
965_3,slab,-259.25433439,30325.873,True,"[6.20236618, 0.0, 0.0, 0.0, 6.20236618, -6.20236618, 0.0, 0.0, 43.41656326]",48.0,0.0,local
965_5,slab,-340.83945373,42441.597,True,"[6.20236618, 0.0, 0.0, 0.0, 12.40473236, -6.20236618, 0.0, 0.0, 31.0118309]",64.0,0.0,local
966_3,slab,-212.16499862,20839.322,True,"[6.99738749, 0.0, 0.0, 0.0, 6.99738749, -6.99738749, 0.0, 0.0, 48.98171242]",48.0,0.0,local
967_0,slab,-149.76849328,5500.404,True,"[6.38370973, 0.0, -6.38370973, -0.0, 6.38370973, -6.38370973, 0.0, 0.0, 51.06967786]",48.0,1.0416666666666666e-08,local
969_0,slab,-139.00763795,30830.693,True,"[6.642721, 0.0, -6.642721, -0.0, 6.642721, -6.642721, 0.0, 0.0, 46.49904698]",48.0,0.00026828541666666666,local
974_59,slab,-477.83928629,98407.888,True,"[9.72413474, 0.0, 0.019403, 4.85617051, 8.41794041, 6.77437977, 0.0, 0.0, 33.67786885]",72.0,0.0,local
974_82,slab,-485.10978924,74962.207,True,"[4.85911805, 0.0, -0.019403, -0.0, 16.84609964, 6.73557377, 0.0, 0.0, 33.67786885]",72.0,0.0,local
974_83,slab,-484.76008119,113948.838,True,"[4.85911805, 0.0, -0.019403, -0.0, 16.84609964, 6.73557377, 0.0, 0.0, 33.67786885]",72.0,0.0,local
977_25,slab,-423.78133774,22759.99,True,"[3.29415689, 0.0, -1.90188237, -0.0, 18.64811157, -7.60752947, 0.0, 0.0, 34.23388259]",72.0,1.5277777777777778e-08,local
979_1,slab,-305.50321695,15278.528,True,"[5.90811778, 0.0, -5.90811778, -0.0, 5.90811778, -5.90811778, 0.0, 0.0, 47.26494226]",48.0,1.6666666666666667e-08,local
982_8,slab,-399.88394065,133143.692,True,"[6.91409293, 0.0, 0.0, 0.0, 6.91409293, -6.91409293, 0.0, 0.0, 48.39865051]",72.0,0.0,local
984_0,slab,-421.25078021,19349.389,True,"[6.36477549, 0.0, -6.36477549, -0.0, 6.36477549, -6.36477549, 0.0, 0.0, 50.91820391]",48.0,2.0833333333333334e-09,local
984_1,slab,-422.62084552,15141.851,True,"[6.36477549, 0.0, -6.36477549, -0.0, 6.36477549, -6.36477549, 0.0, 0.0, 50.91820391]",48.0,3.75e-08,local
986_3,slab,-242.38385082,10034.712,True,"[6.37361344, 0.0, 0.0, 0.0, 6.37361344, -6.37361344, 0.0, 0.0, 44.61529409]",48.0,0.0,local
986_5,slab,-318.67471438,29113.823,True,"[6.37361344, 0.0, 0.0, 0.0, 12.74722688, -6.37361344, 0.0, 0.0, 31.8680672]",64.0,0.0,local
987_15,slab,-163.40430369,3335.343,True,"[3.26397371, 0.0, 0.0, 0.0, 8.19097366, -3.26397371, 0.0, 0.0, 29.37576339]",24.0,6.25e-08,local
987_2,slab,-202.8148185,9940.798,True,"[3.26397371, 0.0, -3.26397371, 0.0, 8.19097366, -3.26397371, 0.0, 0.0, 39.16768451]",30.0,0.02489325,local
993_10,slab,-356.56944001,68817.964,True,"[10.38476185, 0.0, 0.0, 0.0, 8.70690335, -4.35345168, 0.0, 0.0, 30.47416173]",60.0,0.06240315666666666,local
993_2,slab,,,False,,,,local
993_3,slab,,,False,,,,local
994_13,slab,-145.50569283,38951.704,True,"[4.6839121, 0.0, 0.0, 0.0, 24.18927769, -4.6839121, 0.0, 0.0, 32.78738468]",48.0,1.25e-08,local
994_1,slab,-193.22083403,118395.856,True,"[4.6839121, 0.0, -4.6839121, 0.0, 24.18927769, -4.6839121, 0.0, 0.0, 42.15520888]",64.0,0.0,local
994_20,slab,-147.68365676,29621.145,True,"[4.6839121, 0.0, 0.0, 0.0, 24.18927769, 0.0, 0.0, 0.0, 32.78738468]",48.0,0.0,local
1000_14,slab,-297.8607453,64852.62,True,"[5.46669505, 0.0, 0.0, 0.0, 13.15813451, -6.57906725, 0.0, 0.0, 32.89533627]",56.0,1.7857142857142855e-09,remote
1000_16,slab,-221.50050726,74264.566,True,"[6.57906725, 0.0, 0.0, -0.0, 6.57906725, 5.46669505, 0.0, 0.0, 38.26686533]",42.0,0.06423685238095238,remote
1003_15,slab,-382.94601128,108632.753,True,"[20.31126254, 0.0, 0.0, 5.80321787, 5.0257341, 3.90912976, 0.0, 0.0, 35.18216788]",72.0,5.555555555555555e-09,remote
1008_0,slab,-167.59806932,44742.336,True,"[6.7768935, 0.0, -6.7768935, -0.0, 6.7768935, -6.7768935, 0.0, 0.0, 47.43825453]",48.0,1.25e-08,remote
1008_1,slab,-168.48342656,28212.956,True,"[6.7768935, 0.0, -6.7768935, -0.0, 6.7768935, -6.7768935, 0.0, 0.0, 47.43825453]",48.0,5e-08,remote
1008_3,slab,-171.37404429,26526.259,True,"[6.7768935, 0.0, 0.0, 0.0, 6.7768935, -6.7768935, 0.0, 0.0, 47.43825453]",48.0,4.375e-08,remote
1009_14,slab,-339.42372124,87750.827,True,"[3.89328572, 0.0, 0.0, 0.0, 19.86259498, -3.89328572, 0.0, 0.0, 27.25300001]",60.0,0.04265760833333333,remote
1010_8,slab,-352.94765388,313423.651,True,"[11.8208815, 0.0, 0.0, 5.91044075, 3.41239456, 6.24725702, 0.0, 0.0, 56.22531321]",63.0,0.015907438095238098,remote
1011_1,slab,-272.40956358,116341.546,True,"[3.74412447, 0.0, -6.48501381, -0.0, 17.95037657, -4.32334254, 0.0, 0.0, 51.88011049]",60.0,0.0,remote
1011_8,slab,-217.92341686,39360.534,True,"[8.97518829, 0.0, 0.0, 0.0, 7.48824894, -8.64668508, 0.0, 0.0, 43.23342541]",48.0,0.02185714583333333,remote
1013_4,slab,-134.55684216,193456.15,True,"[7.47365144, 0.0, -8.62982934, -0.0, 8.24747705, -4.31491467, 0.0, 0.0, 43.14914668]",48.0,0.0,remote
1016_1,slab,-387.68695084,106811.917,True,"[6.78195511, 0.0, -6.78195511, -0.0, 6.78195511, -6.78195511, 0.0, 0.0, 47.47368579]",72.0,1.3888888888888888e-09,remote
1021_50,slab,-212.58274277,71763.08,True,"[4.24728417, 0.0, 0.0, -0.0, 17.27467821, 8.19817077, 0.0, 0.0, 32.7926831]",48.0,2.0833333333333334e-09,remote
1021_9,slab,-215.62619928,58184.57,True,"[4.09908539, 0.0, 0.0, 0.0, 17.27467821, -4.24728417, 0.0, 0.0, 29.73098916]",48.0,0.0,remote
1025_44,slab,-597.13133449,114602.586,True,"[11.60774482, 0.0, 0.0, 0.0, 6.70173459, -3.70867498, 0.0, 0.0, 33.37807483]",72.0,1.3888888888888888e-09,remote
1025_4,slab,-375.56845249,62899.71,True,"[11.60774482, 0.0, 0.0, 5.80387241, 3.3508673, 3.70867498, 0.0, 0.0, 44.50409978]",45.0,0.0,remote
1025_5,slab,,,False,,,,remote
1026_3,slab,,,False,,,,remote
1026_4,slab,,,False,,,,remote
1027_0,slab,,,False,,,,remote
1031_6,slab,-324.34692475,86859.733,True,"[7.9557777, 0.0, -9.1865408, -0.0, 5.47924148, -4.5932704, 0.0, 0.0, 45.932704]",48.0,0.06139893541666667,remote
1033_4,slab,,,False,,,,remote
1037_1,slab,-220.40029543,126965.502,True,"[4.04072813, 0.0, -6.99874642, -0.0, 18.23082505, -4.66583094, 0.0, 0.0, 55.98997134]",60.0,6.848166666666668e-05,remote
1039_3,slab,-281.80736229,35506.626,True,"[6.33916218, 0.0, 0.0, 0.0, 6.33916218, -6.33916218, 0.0, 0.0, 44.37413528]",48.0,0.0,remote
1040_15,slab,-326.48194096,338051.158,True,"[3.89312693, 0.0, -2.24769788, 0.0, 49.45065247, -4.49539576, 0.0, 0.0, 31.46777035]",72.0,0.028358566666666665,remote
1040_16,slab,-163.6452375,52602.391,True,"[3.89312693, 0.0, -2.24769788, 0.0, 24.72532623, 0.0, 0.0, 0.0, 31.46777035]",36.0,0.02692472222222222,remote
1040_17,slab,-328.04773808,322036.736,True,"[3.89312693, 0.0, -2.24769788, -0.0, 49.45065247, 4.49539576, 0.0, 0.0, 31.46777035]",72.0,0.024715929166666664,remote
1041_0,slab,-234.14862732,44674.989,True,"[6.7920001, 0.0, -6.7920001, -0.0, 6.7920001, -6.7920001, 0.0, 0.0, 47.54400071]",48.0,6.25e-09,remote
1046_10,slab,-429.71907377,183016.462,True,"[7.67271543, 0.0, -3.83635771, -0.0, 17.43381648, -3.83635771, 0.0, 0.0, 30.6908617]",72.0,0.0,remote
1046_3,slab,-288.77235888,58781.476,True,"[3.83635771, 0.0, -3.83635771, 0.0, 17.43381648, -3.83635771, 0.0, 0.0, 38.36357713]",48.0,0.0,remote
1046_9,slab,,,False,,,,remote
1049_1,slab,-293.68197592,49081.492,True,"[6.21012321, 0.0, -6.21012321, -0.0, 6.21012321, -6.21012321, 0.0, 0.0, 49.6809857]",48.0,0.030553635416666666,remote
1050_16,slab,-262.37565898,86387.763,True,"[3.98084116, 0.0, 3.98084116, 7.96168233, 10.00715013, -0.0, 0.0, 0.0, 47.77009395]",50.0,1.9999999999999997e-09,remote
1050_5,slab,-312.83979021,51377.882,True,"[7.96168233, 0.0, -3.98084116, 0.0, 10.00715013, -3.98084116, 0.0, 0.0, 31.8467293]",60.0,1.6666666666666665e-09,remote
1055_7,slab,-298.51696017,87027.149,True,"[6.14814244, 0.0, 0.0, 0.0, 12.29628489, -6.14814244, 0.0, 0.0, 30.74071222]",48.0,1.8729166666666668e-06,remote
1057_12,slab,-298.51398023,27421.848,True,"[4.57793232, 0.0, -2.64307046, -0.0, 12.68776907, -5.28614091, 0.0, 0.0, 37.0029864]",54.0,3.148148148148148e-08,remote
1058_1,slab,-326.72577271,20104.314,True,"[5.95139185, 0.0, -5.95139185, -0.0, 5.95139185, -5.95139185, 0.0, 0.0, 47.61113484]",48.0,0.044942047916666665,remote
1060_3,slab,-118.92652457,16716.301,True,"[6.29505393, 0.0, -6.29505393, -0.0, 6.29505393, -6.29505393, 0.0, 0.0, 50.36043142]",48.0,8.333333333333334e-09,remote
1069_38,slab,,,False,,,,remote
1072_3,slab,-280.06743156,34460.753,True,"[5.80322892, 0.0, 0.0, 0.0, 5.80322892, -5.80322892, 0.0, 0.0, 40.62260244]",48.0,2.770833333333333e-07,remote
1077_34,slab,-228.83499098,110816.679,True,"[3.5886944, 0.0, -2.07193368, -0.0, 26.21641147, -8.28773471, 0.0, 0.0, 33.15093882]",63.0,0.0,remote
1078_5,slab,,,False,,,,remote
1083_45,slab,,,False,,,,remote
1083_47,slab,,,False,,,,remote
1083_48,slab,,,False,,,,remote
1084_14,slab,,,False,,,,remote
1084_1,slab,-337.82632271,340748.848,True,"[11.08297173, 0.0, 0.0, 5.54148586, 3.19937835, 3.52407267, 0.0, 0.0, 42.28887199]",45.0,0.3487040577777778,remote
1084_49,slab,,,False,,,,remote
1086_6,slab,-239.06528391,31499.683,True,"[5.9917108, 0.0, 0.0, 0.0, 5.9917108, 0.0, 0.0, 0.0, 29.95855401]",32.0,0.645640503125,remote
1089_6,slab,-179.74024594,19755.774,True,"[5.91120325, 0.0, 0.0, 0.0, 5.91120325, 0.0, 0.0, 0.0, 29.55601623]",32.0,0.0,remote
1090_2,slab,-192.02525367,12733.863,True,"[6.34797642, 0.0, -6.34797642, -0.0, 6.34797642, -6.34797642, 0.0, 0.0, 50.78381134]",48.0,2.0833333333333334e-09,remote
1090_3,slab,-189.47753077,16547.128,True,"[6.34797642, 0.0, -6.34797642, -0.0, 6.34797642, -6.34797642, 0.0, 0.0, 50.78381134]",48.0,0.0,remote
1090_8,slab,-259.7633586,66540.498,True,"[6.34797642, 0.0, 0.0, 0.0, 12.69595283, -6.34797642, 0.0, 0.0, 31.73988209]",64.0,0.0,remote
1092_42,slab,-360.46636659,246579.801,True,"[7.43264592, 0.0, 0.0, -0.0, 7.91287615, -7.75750177, 0.0, 0.0, 38.78750884]",64.0,4.915625e-06,remote
1097_20,slab,-176.02549588,60750.77,True,"[18.16884963, 0.0, -4.92527104, 15.22802568, 7.27311806, 0.0, 0.0, 0.0, 34.4768973]",54.0,1.8518518518518518e-09,remote
1103_3,slab,-151.29468232,19409.597,True,"[6.40143137, 0.0, -6.40143137, -0.0, 6.40143137, -6.40143137, 0.0, 0.0, 51.21145093]",48.0,4.166666666666667e-09,remote
1103_6,slab,-156.91605528,24507.308,True,"[6.40143137, 0.0, 0.0, 0.0, 6.40143137, -6.40143137, 0.0, 0.0, 44.81001957]",48.0,4.166666666666667e-09,remote
1103_8,slab,-207.15314537,48901.608,True,"[6.40143137, 0.0, 0.0, 0.0, 12.80286273, -6.40143137, 0.0, 0.0, 32.00715683]",64.0,0.0,remote
1109_20,slab,-405.37821155,220741.93,True,"[3.6796467, 0.0, -2.12444501, -0.0, 20.62798725, -4.24889003, 0.0, 0.0, 33.99112022]",63.0,0.030431566666666666,remote
1109_23,slab,,,False,,,,remote
1109_28,slab,,,False,,,,remote
1111_33,slab,-486.65038848,191351.159,True,"[6.48623959, 0.0, 0.0, -0.0, 12.79146868, -10.63434327, 0.0, 0.0, 42.53737307]",80.0,3.75e-09,remote
1111_40,slab,-476.4467825,230643.954,True,"[6.48623959, 0.0, 0.0, -0.0, 21.26868653, 12.79146868, 0.0, 0.0, 38.37440605]",80.0,6.262499999999999e-07,remote
1113_13,slab,-171.16855366,26681.437,True,"[7.03526492, 0.0, 0.0, 0.0, 10.39677091, -4.04958045, 0.0, 0.0, 28.34706312]",48.0,2.0833333333333334e-09,remote
1115_0,slab,-328.13463806,29063.701,True,"[6.23033658, 0.0, -6.23033658, -0.0, 6.23033658, -6.23033658, 0.0, 0.0, 49.84269263]",48.0,1.25e-08,remote
1115_1,slab,-326.34229699,32384.22,True,"[6.23033658, 0.0, -6.23033658, -0.0, 6.23033658, -6.23033658, 0.0, 0.0, 49.84269263]",48.0,0.0,remote
1119_6,slab,-438.56119357,230856.508,True,"[5.53585408, 0.0, -9.58838053, -0.0, 8.02098306, -6.39225369, 0.0, 0.0, 63.92253687]",72.0,8.333333333333334e-09,remote
1120_14,slab,-236.35547958,257773.881,True,"[11.36865623, 0.0, 0.0, 0.0, 11.51594975, -5.75797487, 0.0, 0.0, 28.78987437]",64.0,0.028705003125,remote
1120_19,slab,,,False,,,,remote
1121_6,slab,-268.86672793,18445.862,True,"[6.56066591, 0.0, 0.0, 0.0, 6.56066591, 0.0, 0.0, 0.0, 32.80332954]",32.0,0.038066709375,remote
1124_5,slab,-249.58519703,95881.274,True,"[9.70064336, 0.0, -11.20133812, -0.0, 9.19832416, -5.60066906, 0.0, 0.0, 44.80535246]",72.0,0.0,remote
1124_6,slab,-249.9700866,75158.874,True,"[9.70064336, 0.0, -11.20133812, -0.0, 9.19832416, -5.60066906, 0.0, 0.0, 44.80535246]",72.0,0.0,remote
1128_32,slab,-256.10675922,131029.223,True,"[3.80090003, 0.0, 0.0, 0.0, 19.34934908, -3.80090003, 0.0, 0.0, 30.40720026]",54.0,0.0,remote
1131_3,slab,-166.76224875,63490.784,True,"[5.69802252, 0.0, 0.0, -0.0, 5.69802252, 5.69802252, 0.0, 0.0, 39.88615761]",48.0,0.0,remote
1134_1,slab,-154.38609176,5121.878,True,"[6.3498439, 0.0, -6.3498439, -0.0, 6.3498439, -6.3498439, 0.0, 0.0, 50.79875121]",36.0,0.0,remote
1135_1,slab,-310.93928648,22975.582,True,"[5.80893148, 0.0, -5.80893148, -0.0, 5.80893148, -5.80893148, 0.0, 0.0, 46.47145185]",48.0,0.12084022083333333,remote
1136_12,slab,-309.08826573,50153.49,True,"[4.62946964, 0.0, -2.67282554, -0.0, 12.80955937, -5.34565109, 0.0, 0.0, 37.41955762]",54.0,0.0016957814814814816,remote
1143_11,slab,-324.4461147,18625.559,True,"[7.0159996, 0.0, 0.0, 0.0, 9.86510329, -3.73433358, 0.0, 0.0, 29.87466868]",48.0,2.0833333333333334e-09,remote
1143_48,slab,-440.75633855,65368.281,True,"[3.73433358, 0.0, 0.0, 0.0, 14.0319992, -9.86510329, 0.0, 0.0, 39.46041315]",64.0,0.0,remote
1143_9,slab,-325.01592268,37081.704,True,"[7.0159996, 0.0, 0.0, 0.0, 9.86510329, -3.73433358, 0.0, 0.0, 29.87466868]",48.0,0.0,remote
1146_23,slab,-308.27136047,147698.585,True,"[4.02327052, 0.0, 0.0, 0.0, 11.18387267, -12.91402379, 0.0, 0.0, 45.19908326]",54.0,1.8518518518518518e-09,remote
1146_29,slab,-307.52472172,167006.982,True,"[4.02327052, 0.0, 0.0, 0.0, 11.18387267, -12.91402379, 0.0, 0.0, 45.19908326]",54.0,0.015990014814814817,remote
1148_1,slab,-494.42359394,52753.37,True,"[6.41188364, 0.0, -6.41188364, -0.0, 6.41188364, -6.41188364, 0.0, 0.0, 51.29506912]",48.0,1.25e-08,remote
1150_6,slab,-183.62086249,26232.23,True,"[6.07010468, 0.0, 0.0, -0.0, 6.07010468, 6.07010468, 0.0, 0.0, 42.49073278]",48.0,2.0833333333333334e-09,remote
1151_1,slab,-558.60175633,49333.208,True,"[6.4229219, 0.0, -6.4229219, -0.0, 6.4229219, -6.4229219, 0.0, 0.0, 51.38337516]",48.0,0.0,remote
1154_0,slab,-475.01241605,74365.961,True,"[6.40336456, 0.0, -6.40336456, -0.0, 6.40336456, -6.40336456, 0.0, 0.0, 51.22691645]",48.0,0.20991685000000002,remote
1162_6,slab,-182.1647099,8675.076,True,"[5.61037426, 0.0, 0.0, 0.0, 5.61037426, 0.0, 0.0, 0.0, 28.0518713]",32.0,0.0,remote
1163_6,slab,-302.9646063,21607.347,True,"[6.58671293, 0.0, 0.0, 0.0, 6.58671293, 0.0, 0.0, 0.0, 32.93356463]",32.0,0.05230349375,remote
1169_21,slab,-289.8241555,89146.362,True,"[6.96932215, 0.0, 0.0, 0.0, 27.1763841, -6.65265674, 0.0, 0.0, 33.2632837]",80.0,0.0,remote
1169_36,slab,-213.69517672,220376.332,True,"[6.96932215, 0.0, -6.65265674, 0.0, 13.58819205, -13.30531348, 0.0, 0.0, 46.56859718]",60.0,0.0,remote
1170_0,slab,-307.2995381,60581.503,True,"[6.56762024, 0.0, -6.56762024, -0.0, 6.56762024, -6.56762024, 0.0, 0.0, 45.9733417]",48.0,1.4583333333333333e-08,remote
1171_1,slab,-417.72062675,64477.813,True,"[6.0955285, 0.0, -6.0955285, -0.0, 6.0955285, -6.0955285, 0.0, 0.0, 48.76422797]",48.0,0.11083643124999999,remote
1175_1,slab,-261.98994587,122993.503,True,"[9.92232612, 0.0, 4.1196044, 14.15623614, 4.92559318, 0.0, 0.0, 0.0, 41.19604402]",48.0,0.0,remote
1175_49,slab,-399.44685845,279879.22,True,"[4.1196044, 0.0, 0.0, 0.0, 9.85118636, -18.39014617, 0.0, 0.0, 69.45628282]",72.0,1.3888888888888888e-09,remote
1175_61,slab,-267.70735933,149129.92,True,"[4.1196044, 0.0, 0.0, 0.0, 9.85118636, 1.45450606, 0.0, 0.0, 39.68930447]",48.0,2.7083333333333334e-08,remote
1176_1,slab,-274.87426472,53328.163,True,"[6.5657104, 0.0, -6.5657104, -0.0, 6.5657104, -6.5657104, 0.0, 0.0, 45.95997283]",48.0,1.6666666666666667e-08,remote
1176_5,slab,-365.36572821,181666.174,True,"[6.5657104, 0.0, 0.0, 0.0, 13.13142081, -6.5657104, 0.0, 0.0, 32.82855202]",64.0,0.020507584375,remote
1177_3,slab,-279.53414272,49975.991,True,"[5.98071006, 0.0, 0.0, -0.0, 5.98071006, 5.98071006, 0.0, 0.0, 41.8649704]",48.0,0.45249570208333334,remote
1183_3,slab,-263.78379989,79974.412,True,"[9.15643117, 0.0, -4.57821558, 0.0, 6.4185316, -4.57821558, 0.0, 0.0, 36.62572468]",48.0,8.875e-07,remote
1187_2,slab,-153.96817204,23298.561,True,"[6.25340646, 0.0, -6.25340646, -0.0, 6.25340646, -6.25340646, 0.0, 0.0, 50.02725166]",48.0,2.0833333333333334e-09,remote
1187_6,slab,-157.31742888,33925.289,True,"[6.25340646, 0.0, 0.0, 0.0, 6.25340646, -6.25340646, 0.0, 0.0, 43.7738452]",48.0,0.0,remote
1187_8,slab,-207.34527156,89557.323,True,"[6.25340646, 0.0, 0.0, 0.0, 12.50681292, -6.25340646, 0.0, 0.0, 31.26703229]",64.0,0.0,remote
1189_16,slab,-260.40905648,88786.734,True,"[4.13462931, 0.0, -4.13462931, 0.0, 10.38773947, -8.26925863, 0.0, 0.0, 41.34629313]",40.0,2.5e-09,remote
1189_4,slab,-261.86062584,30681.216,True,"[10.38773947, 0.0, 0.0, 0.0, 4.13462931, -4.13462931, 0.0, 0.0, 41.34629313]",40.0,1.5e-08,remote
1189_9,slab,-391.41163409,99233.984,True,"[10.38773947, 0.0, 0.0, 0.0, 8.26925863, -4.13462931, 0.0, 0.0, 33.0770345]",60.0,3.333333333333333e-09,remote
1203_0,slab,-403.3164226,44493.013,True,"[5.93353648, 0.0, -5.93353648, -0.0, 5.93353648, -5.93353648, 0.0, 0.0, 47.46829185]",48.0,2.0833333333333334e-09,remote
1203_1,slab,-403.24713833,31455.597,True,"[5.93353648, 0.0, -5.93353648, -0.0, 5.93353648, -5.93353648, 0.0, 0.0, 47.46829185]",48.0,0.05335824583333334,remote
1204_2,slab,-503.76696481,102792.211,True,"[4.72594346, 0.0, -3.24212276, -0.0, 13.55975251, -3.24212276, 0.0, 0.0, 32.42122757]",48.0,2.5e-08,remote
1204_37,slab,-766.98427951,191155.109,True,"[3.24212276, 0.0, 0.0, 0.0, 27.11950502, -4.72594346, 0.0, 0.0, 33.0816042]",72.0,0.0,remote
1205_10,slab,-234.21525019,29091.055,True,"[3.80257832, 0.0, 0.0, -0.0, 5.8242744, 10.08793918, 0.0, 0.0, 53.8023423]",27.0,0.0,remote
1205_16,slab,-633.48422691,292921.793,True,"[17.79345221, 0.0, 0.0, 5.08384349, 4.40273761, 3.80257832, 0.0, 0.0, 38.0257832]",72.0,0.0,remote
1205_27,slab,-474.46620834,150538.104,True,"[3.80257832, 0.0, 0.0, 0.0, 11.6485488, -13.45058558, 0.0, 0.0, 47.07704951]",54.0,0.0,remote
1207_0,slab,-274.63263374,45482.929,True,"[6.12595321, 0.0, -6.12595321, -0.0, 6.12595321, -6.12595321, 0.0, 0.0, 49.00762566]",48.0,1.1712422083333334,remote
1207_3,slab,-279.04380922,57021.463,True,"[6.12595321, 0.0, 0.0, 0.0, 6.12595321, -6.12595321, 0.0, 0.0, 42.88167245]",48.0,1.16806365,remote
1207_5,slab,-367.82970782,96060.169,True,"[6.12595321, 0.0, 0.0, 0.0, 12.25190641, -6.12595321, 0.0, 0.0, 30.62976603]",64.0,1.1612323453125,remote
1209_0,slab,-447.92743237,44264.182,True,"[6.49707683, 0.0, -6.49707683, 0.0, 6.49707683, -6.49707683, 0.0, 0.0, 45.4795378]",48.0,4.166666666666666e-08,remote
1213_6,slab,-240.87938914,41149.073,True,"[5.99184496, 0.0, 0.0, 0.0, 5.99184496, 0.0, 0.0, 0.0, 29.95922482]",32.0,0.3390003,remote
1222_3,slab,-407.08211079,44052.815,True,"[6.28429227, 0.0, 0.0, 0.0, 6.28429227, -6.28429227, 0.0, 0.0, 43.99004587]",48.0,2.5e-08,remote
1224_0,slab,-110.55148756,13331.637,True,"[6.2197362, 0.0, -6.2197362, -0.0, 6.2197362, -6.2197362, 0.0, 0.0, 49.7578896]",48.0,4.166666666666667e-09,remote
1224_3,slab,-112.38360718,32820.873,True,"[6.2197362, 0.0, 0.0, 0.0, 6.2197362, -6.2197362, 0.0, 0.0, 43.5381534]",48.0,0.0,remote
1224_5,slab,-147.68150944,94753.621,True,"[6.2197362, 0.0, 0.0, 0.0, 12.4394724, -6.2197362, 0.0, 0.0, 31.098681]",64.0,0.0,remote
1229_32,slab,,,False,,,,remote
1229_33,slab,-167.71736479,291369.075,True,"[10.65761872, 0.0, 0.0, -0.0, 15.95836038, 6.28643271, 0.0, 0.0, 31.43216355]",64.0,0.063488578125,remote
1229_40,slab,,,False,,,,remote
1230_48,slab,-380.54484915,78305.781,True,"[6.99398481, 0.0, 0.0, 6.99398481, 12.11393704, 3.48289775, 0.0, 0.0, 27.86318196]",54.0,1.111111111111111e-08,remote
1233_0,slab,-269.62387324,41029.402,True,"[6.31935093, 0.0, -6.31935093, -0.0, 6.31935093, -6.31935093, 0.0, 0.0, 50.55480745]",48.0,0.0,remote
1234_1,slab,-298.41988378,47565.144,True,"[6.03486585, 0.0, 6.03486585, 6.03486585, 6.03486585, -0.0, 0.0, 0.0, 48.27892676]",48.0,0.06484898541666667,remote
1235_15,slab,-175.47298421,16616.056,True,"[5.75212512, 0.0, 0.0, 0.0, 8.72163236, -4.07705565, 0.0, 0.0, 32.61644517]",30.0,0.04207686,remote
1235_32,slab,-180.71811425,4471.15,True,"[4.07705565, 0.0, 0.0, 0.0, 8.72163236, -5.75212512, 0.0, 0.0, 40.26487582]",30.0,3.333333333333333e-09,remote
1244_1,slab,-96.41894097,79430.548,True,"[7.70819386, 0.0, -7.70819386, 0.0, 7.70819386, -7.70819386, 0.0, 0.0, 53.95735701]",48.0,2.604166666666667e-07,remote
1244_2,slab,-126.44745645,91515.493,True,"[7.70819386, 0.0, -7.70819386, 0.0, 15.41638772, -7.70819386, 0.0, 0.0, 38.54096929]",64.0,1.5625e-09,remote
1247_7,slab,-431.51490835,231116.083,True,"[5.85748733, 0.0, 10.14546566, 5.85748733, 7.91359124, 3.38182189, 0.0, 0.0, 60.87279395]",72.0,0.0,remote
1248_3,slab,-321.725133,47093.027,True,"[6.49118212, 0.0, 0.0, 0.0, 6.49118212, -6.49118212, 0.0, 0.0, 45.43827483]",48.0,2.0833333333333334e-09,remote
1252_3,slab,-569.37841379,213675.393,True,"[6.99802207, 0.0, -6.99802207, -0.0, 6.99802207, -6.99802207, 0.0, 0.0, 48.98615449]",72.0,1.0932157833333334,remote
1257_1,slab,-328.30774225,27105.197,True,"[6.13400181, 0.0, -6.13400181, -0.0, 6.13400181, -6.13400181, 0.0, 0.0, 49.07201446]",48.0,1.875e-08,remote
1259_3,slab,-329.89300671,60340.496,True,"[6.05456115, 0.0, 0.0, 0.0, 6.05456115, -6.05456115, 0.0, 0.0, 42.38192806]",48.0,1.0742812979166667,remote
1260_0,slab,-259.52076853,14041.772,True,"[5.9187769, 0.0, -5.9187769, -0.0, 5.9187769, -5.9187769, 0.0, 0.0, 47.35021522]",48.0,8.333333333333334e-09,remote
1261_19,slab,,,False,,,,remote
1261_5,slab,,,False,,,,remote
1261_8,slab,,,False,,,,remote
1263_46,slab,-401.78307235,200987.015,True,"[7.8334555, 0.0, 0.0, 7.8334555, 13.56794292, 3.59499924, 0.0, 0.0, 28.75999393]",54.0,0.02804488888888889,remote
1264_14,slab,-277.47877818,49345.015,True,"[5.0953872, 0.0, 0.0, 5.0953872, 5.0953872, 7.10886703, 0.0, 0.0, 49.76206918]",48.0,0.00051646875,remote
1266_37,slab,-199.21246113,22238.61,True,"[10.13068203, 0.0, 0.0, 3.19259675, 7.38198422, 7.11687554, 0.0, 0.0, 35.58437771]",64.0,0.0,remote
1266_38,slab,-196.40502647,21131.36,True,"[10.13068203, 0.0, 0.0, 3.19259675, 7.38198422, 7.11687554, 0.0, 0.0, 35.58437771]",64.0,0.0,remote
1266_40,slab,-202.10179754,25257.8,True,"[9.29834002, 0.0, 0.0, -0.0, 8.04278342, 7.11687554, 0.0, 0.0, 35.58437771]",64.0,0.0,remote
1269_8,slab,-157.86450646,32061.809,True,"[7.08561109, 0.0, 0.0, 0.0, 7.08561109, -7.08561109, 0.0, 0.0, 35.42805543]",48.0,0.0,remote
1272_6,slab,-493.2122778,297377.77,True,"[5.71924256, 0.0, 9.9060187, 5.71924256, 7.8503376, 3.30200623, 0.0, 0.0, 59.43611222]",72.0,0.8511905972222222,remote
1272_8,slab,,,False,,,,remote
1272_9,slab,,,False,,,,remote
1277_3,slab,-155.11874612,7708.088,True,"[6.42288729, 0.0, 0.0, 0.0, 6.42288729, -6.42288729, 0.0, 0.0, 44.960211]",48.0,1.4583333333333333e-08,remote
1277_5,slab,-204.59170678,32997.974,True,"[6.42288729, 0.0, 0.0, 0.0, 12.84577457, -6.42288729, 0.0, 0.0, 32.11443643]",64.0,0.0,remote
1279_18,slab,-521.20968964,236498.846,True,"[20.45310754, 0.0, 0.0, 5.84374501, 5.06083163, 3.71068553, 0.0, 0.0, 37.10685527]",72.0,0.006566145833333333,remote
1279_27,slab,-256.50564312,87486.31,True,"[3.71068553, 0.0, 0.0, 0.0, 13.38970193, -15.46109602, 0.0, 0.0, 38.65274006]",36.0,0.03487531944444444,remote
1279_28,slab,-256.31600074,72352.776,True,"[3.71068553, 0.0, 0.0, 0.0, 13.38970193, -15.46109602, 0.0, 0.0, 38.65274006]",36.0,0.019099705555555554,remote
1280_22,slab,-514.44100668,307491.021,True,"[4.5468117, 0.0, 0.0, 0.0, 13.03153362, -6.49343734, 0.0, 0.0, 32.46718671]",64.0,0.052031840625,remote
1281_75,slab,-309.7253833,180159.425,True,"[11.47332977, 0.0, -2.6014059, 17.11982714, 9.98771062, 3.0161712, 0.0, 0.0, 41.09491503]",80.0,1.25e-09,remote
1281_90,slab,-303.05300586,160806.985,True,"[10.24587838, 0.0, 0.0, -4.17356328, 15.89931119, -5.78157287, 0.0, 0.0, 28.90786435]",80.0,0.0,remote
1282_0,slab,-311.21982643,157322.082,True,"[5.7444847, 0.0, -5.7444847, 0.0, 5.7444847, -5.7444847, 0.0, 0.0, 51.70036228]",64.0,0.124915171875,remote
1289_13,slab,-294.39578959,134180.217,True,"[10.57544644, 0.0, -6.1037467, 6.59921422, 16.35835027, 0.0, 0.0, 0.0, 30.51873351]",80.0,1.7000000000000001e-07,remote
1289_4,slab,-223.40420017,94612.615,True,"[10.57544644, 0.0, 6.1037467, 12.56356255, 8.17917514, 0.0, 0.0, 0.0, 42.72622692]",60.0,1.6666666666666665e-09,remote
1289_87,slab,-290.9134927,169474.759,True,"[10.57544644, 0.0, 0.0, -3.97623222, 16.35835027, -6.1037467, 0.0, 0.0, 30.51873351]",80.0,0.0,remote
1292_21,slab,-198.67368567,26277.937,True,"[7.34517657, 0.0, 0.0, -0.0, 8.38983489, -7.34517657, 0.0, 0.0, 36.72588286]",40.0,2.5e-09,remote
1300_1,slab,-191.35505657,8441.806,True,"[6.09394083, 0.0, -6.09394083, -0.0, 6.09394083, -6.09394083, 0.0, 0.0, 48.75152666]",48.0,0.0,remote
1300_3,slab,-198.65249108,42918.653,True,"[6.09394083, 0.0, 0.0, -0.0, 6.09394083, 6.09394083, 0.0, 0.0, 42.65758583]",48.0,0.0,remote
1301_6,slab,-202.38805309,14925.323,True,"[6.44759297, 0.0, 0.0, 0.0, 6.44759297, 0.0, 0.0, 0.0, 32.23796484]",32.0,1.875e-08,remote
1302_11,slab,-477.36694642,167111.383,True,"[19.71884076, 0.0, -3.2804619, 0.0, 4.08296529, -3.2804619, 0.0, 0.0, 32.80461899]",64.0,0.0,remote
1302_29,slab,-355.32560291,115502.28,True,"[10.39084214, 0.0, 0.0, 2.07132976, 6.22537662, 4.08296529, 0.0, 0.0, 32.66372233]",48.0,2.0833333333333334e-09,remote
1302_32,slab,-355.88095519,107367.995,True,"[10.39084214, 0.0, 0.0, 2.07132976, 6.22537662, 4.08296529, 0.0, 0.0, 32.66372233]",48.0,8.333333333333334e-09,remote
1306_10,slab,-129.8271465,18663.255,True,"[8.27419292, 0.0, 0.0, 0.0, 11.36807991, -4.37507515, 0.0, 0.0, 30.62552607]",48.0,0.0,remote
1306_28,slab,-172.61021954,44123.107,True,"[14.34567431, 0.0, 0.0, 5.337158, 6.93396531, 8.27419292, 0.0, 0.0, 41.37096459]",64.0,0.0,remote
1306_2,slab,-128.47632547,25157.233,True,"[11.36807991, 0.0, -4.37507515, -0.0, 8.27419292, -4.37507515, 0.0, 0.0, 35.00060123]",48.0,6.25e-09,remote
1313_1,slab,-184.33382928,14735.54,True,"[6.38131787, 0.0, -6.38131787, -0.0, 6.38131787, -6.38131787, 0.0, 0.0, 51.05054292]",48.0,0.0,remote
1313_2,slab,-181.27985931,16302.982,True,"[6.38131787, 0.0, -6.38131787, -0.0, 6.38131787, -6.38131787, 0.0, 0.0, 51.05054292]",48.0,1.0416666666666666e-08,remote
1317_41,slab,-296.46219382,81886.054,True,"[10.92841359, 0.0, 0.0, -0.0, 8.75230023, 7.6381404, 0.0, 0.0, 38.19070198]",64.0,0.0,remote
1318_1,slab,-398.25219163,26718.151,True,"[6.26437455, 0.0, -6.26437455, -0.0, 6.26437455, -6.26437455, 0.0, 0.0, 50.11499638]",48.0,0.0,remote
1320_2,slab,,,False,,,,remote
1320_9,slab,-442.79372246,63087.334,True,"[4.9385425, 0.0, 0.0, 0.0, 9.87708499, -4.9385425, 0.0, 0.0, 34.56979748]",48.0,0.0,remote
1326_29,slab,-353.85475195,85622.309,True,"[7.88297092, 0.0, 0.0, -0.0, 15.76594183, 3.67932265, 0.0, 0.0, 29.43458117]",60.0,0.0,remote
1327_16,slab,-271.36226214,90006.495,True,"[9.88962227, 0.0, -5.70258275, 8.17922843, 7.67444153, 0.0, 0.0, 0.0, 39.91807923]",60.0,0.0,remote
1327_37,slab,-178.29985055,45604.2,True,"[5.70258275, 0.0, 0.0, -0.0, 9.65279771, 10.0140363, 0.0, 0.0, 39.31364263]",40.0,2.5e-09,remote
1328_10,slab,-213.24287277,74665.602,True,"[7.37601519, 0.0, 0.0, 0.0, 10.5050818, -4.34392558, 0.0, 0.0, 30.40747904]",48.0,0.0,remote
1328_3,slab,-211.36324484,97419.164,True,"[10.5050818, 0.0, -4.34392558, 0.0, 7.37601519, -4.34392558, 0.0, 0.0, 34.75140461]",48.0,0.0,remote
1328_9,slab,-213.12500568,56883.829,True,"[7.37601519, 0.0, 0.0, 0.0, 10.5050818, -4.34392558, 0.0, 0.0, 30.40747904]",48.0,2.0833333333333334e-09,remote
1331_5,slab,-507.5501358,129758.604,True,"[6.301511, 0.0, 0.0, 0.0, 12.60302201, -6.301511, 0.0, 0.0, 31.50755502]",64.0,9.375e-09,remote
1334_21,slab,-152.18107134,69616.093,True,"[5.05918371, 0.0, -2.92092108, -0.0, 28.14093381, -5.84184215, 0.0, 0.0, 40.89289506]",63.0,0.0,remote
1334_41,slab,-147.21740218,161969.588,True,"[5.05918371, 0.0, -2.92092108, 0.0, 28.14093381, 11.6836843, 0.0, 0.0, 40.89289506]",63.0,0.04128972063492063,remote
1334_42,slab,-148.06374177,102045.607,True,"[5.05918371, 0.0, -2.92092108, 0.0, 28.14093381, 11.6836843, 0.0, 0.0, 40.89289506]",63.0,0.0,remote
1335_0,slab,-163.40659228,9272.192,True,"[6.42011847, 0.0, -6.42011847, -0.0, 6.42011847, -6.42011847, 0.0, 0.0, 51.36094779]",48.0,0.0,remote
1335_1,slab,-160.14819635,11618.036,True,"[6.42011847, 0.0, -6.42011847, -0.0, 6.42011847, -6.42011847, 0.0, 0.0, 51.36094779]",48.0,1.5833333333333333e-07,remote
1336_6,slab,-197.05516243,70665.226,True,"[6.28147597, 0.0, 10.87983552, 6.28147597, 8.62262708, 3.62661184, 0.0, 0.0, 58.02578946]",54.0,0.0,remote
1336_7,slab,-198.5981133,40936.609,True,"[6.28147597, 0.0, 10.87983552, 6.28147597, 8.62262708, 3.62661184, 0.0, 0.0, 58.02578946]",54.0,0.0,remote
1336_8,slab,-196.69573197,145046.645,True,"[6.28147597, 0.0, 10.87983552, 6.28147597, 8.62262708, 3.62661184, 0.0, 0.0, 58.02578946]",54.0,0.0,remote
1342_0,slab,-500.38839839,88557.256,True,"[5.68772634, 0.0, -5.68772634, -0.0, 5.68772634, -5.68772634, 0.0, 0.0, 51.18953703]",64.0,0.1782035703125,remote
1343_117,slab,-439.65826131,214463.202,True,"[10.38774165, 0.0, 0.0, -8.37388956, 14.70284046, -3.66948519, 0.0, 0.0, 29.35588155]",72.0,0.07808340972222222,remote
1343_24,slab,-444.15149481,268345.28,True,"[10.38774165, 0.0, 7.33897039, 14.57468643, 7.35142023, 0.0, 0.0, 0.0, 51.37279272]",72.0,0.03586466527777778,remote
1343_85,slab,-372.22429271,151045.514,True,"[10.38774165, 0.0, 3.66948519, 24.96242808, 7.35142023, 0.0, 0.0, 0.0, 44.03382233]",60.0,0.018105468333333333,remote
1345_11,slab,-413.39811705,133774.868,True,"[14.57126445, 0.0, -7.28563222, -0.0, 8.49087067, -7.28563222, 0.0, 0.0, 36.42816112]",80.0,1.4375e-07,remote
1345_12,slab,-410.28002891,131583.17,True,"[14.57126445, 0.0, -7.28563222, -0.0, 8.49087067, -7.28563222, 0.0, 0.0, 36.42816112]",80.0,0.006800815,remote
1347_2,slab,-155.09704138,40475.211,True,"[6.59230628, 0.0, -6.59230628, -0.0, 6.59230628, -6.59230628, 0.0, 0.0, 46.14614395]",48.0,0.0,remote
1349_0,slab,-166.43593078,14898.356,True,"[6.07954268, 0.0, -6.07954268, -0.0, 6.07954268, -6.07954268, 0.0, 0.0, 48.63634145]",48.0,5.083333333333334e-07,remote
1349_1,slab,-161.75197207,10230.899,True,"[6.07954268, 0.0, -6.07954268, -0.0, 6.07954268, -6.07954268, 0.0, 0.0, 48.63634145]",48.0,1.9585416666666667e-05,remote
1349_3,slab,-163.187223,5265.401,True,"[6.07954268, 0.0, -6.07954268, -0.0, 6.07954268, -6.07954268, 0.0, 0.0, 48.63634145]",48.0,4.166666666666667e-09,remote
1353_0,slab,-409.64249958,130869.043,True,"[6.21003182, 0.0, -6.21003182, -0.0, 6.21003182, -6.21003182, 0.0, 0.0, 49.68025456]",48.0,0.17166107083333335,remote
1353_3,slab,-413.09701115,156067.825,True,"[6.21003182, 0.0, 0.0, 0.0, 6.21003182, -6.21003182, 0.0, 0.0, 43.47022274]",48.0,0.4074342958333333,remote
1355_15,slab,-577.63955624,256146.376,True,"[17.52462656, 0.0, 0.0, 5.00703616, 4.33622051, 3.93739598, 0.0, 0.0, 39.37395977]",72.0,0.0,remote
1356_6,slab,-242.22907607,16392.273,True,"[6.1469944, 0.0, 0.0, 0.0, 6.1469944, 0.0, 0.0, 0.0, 30.734972]",32.0,1.776875e-05,remote
1362_18,slab,,,False,,,,remote
1362_47,slab,,,False,,,,remote
1362_50,slab,,,False,,,,remote
1363_17,slab,-143.72489507,49821.873,True,"[4.41435608, 0.0, -4.41435608, 0.0, 10.52857214, -8.82871217, 0.0, 0.0, 44.14356085]",40.0,7.905e-06,remote
1365_43,slab,,,False,,,,remote
1368_0,slab,-196.778724,23209.928,True,"[6.17852714, 0.0, -6.17852714, -0.0, 6.17852714, -6.17852714, 0.0, 0.0, 49.42821716]",48.0,6.25e-09,remote
1371_21,slab,-181.01245626,23291.757,True,"[5.19324478, 0.0, 0.0, 0.0, 7.37538432, -5.2813176, 0.0, 0.0, 36.96922317]",36.0,4.380833333333333e-05,remote
1371_3,slab,-355.97759063,51591.742,True,"[5.2813176, 0.0, -5.19324478, 0.0, 14.75076864, -5.19324478, 0.0, 0.0, 41.54595824]",72.0,2.084722222222222e-06,remote
1372_76,slab,-467.7665808,169677.646,True,"[11.23572538, 0.0, -1.76608476, 16.35667252, 10.00087121, 3.79710449, 0.0, 0.0, 36.6463701]",80.0,0.0,remote
1372_77,slab,-467.36332679,154559.011,True,"[11.23572538, 0.0, -1.76608476, 16.35667252, 10.00087121, 3.79710449, 0.0, 0.0, 36.6463701]",80.0,0.0,remote
1372_82,slab,-471.01981757,134273.884,True,"[5.8610566, 0.0, 0.0, 0.0, 19.17180641, 3.79710449, 0.0, 0.0, 36.6463701]",80.0,0.0,remote
1376_5,slab,-228.378685,53419.055,True,"[6.38968221, 0.0, 0.0, 0.0, 12.77936441, -6.38968221, 0.0, 0.0, 31.94841103]",64.0,0.0,remote
1377_39,slab,-262.72688831,102810.69,True,"[11.99529051, 0.0, 0.0, 3.14056945, 8.09202752, 8.17318526, 0.0, 0.0, 40.86592631]",64.0,0.0,remote
1381_18,slab,-195.41220755,39641.107,True,"[4.15998739, 0.0, 4.15998739, 8.31997479, 10.63366984, -0.0, 0.0, 0.0, 41.59987394]",40.0,0.0,remote
1383_4,slab,-176.51208704,49323.039,True,"[7.13688719, 0.0, -8.24096748, -0.0, 9.38895301, -4.12048374, 0.0, 0.0, 41.20483741]",48.0,0.00010507916666666668,remote
1390_3,slab,-206.24372637,14820.979,True,"[6.29167601, 0.0, 0.0, 0.0, 6.29167601, -6.29167601, 0.0, 0.0, 44.04173206]",48.0,2.0833333333333334e-09,remote
1391_18,slab,-203.43259247,10248.168,True,"[4.1998672, 0.0, 0.0, 0.0, 9.80833028, -4.1998672, 0.0, 0.0, 29.39907037]",30.0,0.0,remote
1393_15,slab,-654.26816768,126269.411,True,"[18.50626001, 0.0, 0.0, 5.28750286, 4.5791118, 3.43584797, 0.0, 0.0, 34.35847972]",72.0,1.1111111111111111e-07,remote
1393_18,slab,-654.07745539,129453.78,True,"[18.50626001, 0.0, 0.0, 5.28750286, 4.5791118, 3.43584797, 0.0, 0.0, 34.35847972]",72.0,1.159722222222222e-06,remote
1393_5,slab,-570.04708101,109268.589,True,"[12.11519104, 0.0, 0.0, 6.05759552, 3.49735441, 6.87169594, 0.0, 0.0, 58.40941553]",63.0,7.142857142857144e-08,remote
1394_7,slab,-359.2706524,31293.699,True,"[7.03403069, 0.0, -3.51701535, -0.0, 7.91969609, -3.51701535, 0.0, 0.0, 35.17015346]",48.0,0.0,remote
1395_3,slab,-301.52637848,28786.044,True,"[5.71802906, 0.0, 0.0, 0.0, 5.71802906, -5.71802906, 0.0, 0.0, 40.02620339]",48.0,1.2555250479166666,remote
1401_0,slab,-228.9410732,9728.711,True,"[6.05813573, 0.0, 6.05813573, 6.05813573, 6.05813573, -0.0, 0.0, 0.0, 48.46508583]",48.0,6.25e-09,remote
1401_3,slab,-231.56500482,28779.069,True,"[6.05813573, 0.0, 0.0, -0.0, 6.05813573, 6.05813573, 0.0, 0.0, 42.4069501]",48.0,0.0,remote
1405_0,slab,-505.26697488,35564.378,True,"[6.46716294, 0.0, -6.46716294, -0.0, 6.46716294, -6.46716294, 0.0, 0.0, 51.73730355]",48.0,0.08722251666666668,remote
1407_75,slab,-373.09630873,115473.143,True,"[9.37439682, 0.0, 0.0, -7.95359266, 10.03577853, -4.1133538, 0.0, 0.0, 28.79347658]",72.0,8.333333333333334e-09,remote
1409_14,slab,-326.15290589,248073.205,True,"[4.02017166, 0.0, 0.0, 0.0, 20.47165232, -4.02017166, 0.0, 0.0, 28.14120161]",60.0,0.138726875,remote
1411_11,slab,-436.71298489,127050.512,True,"[4.50643085, 0.0, -4.24675389, -0.0, 10.14715702, -4.24675389, 0.0, 0.0, 42.46753891]",64.0,1.5625e-09,remote
1411_36,slab,-327.99009904,112421.405,True,"[4.50643085, 0.0, 0.0, 0.0, 10.14715702, -4.24675389, 0.0, 0.0, 29.72727724]",48.0,1.6937499999999999e-06,remote
1414_14,slab,,,False,,,,remote
1414_17,slab,,,False,,,,remote
1414_45,slab,-571.88483416,138211.558,True,"[12.71440232, 0.0, 0.0, 0.0, 7.3406636, -3.71106147, 0.0, 0.0, 33.39955319]",72.0,0.0,remote
1415_0,slab,-299.2429851,37714.933,True,"[6.54456752, 0.0, -6.54456752, -0.0, 6.54456752, -6.54456752, 0.0, 0.0, 45.81197266]",48.0,1.875e-08,remote
1416_1,slab,-206.78346485,37306.406,True,"[6.56220675, 0.0, -6.56220675, 0.0, 6.56220675, -6.56220675, 0.0, 0.0, 45.93544725]",48.0,6.25e-09,remote
1417_15,slab,-199.52690554,96803.148,True,"[5.30169663, 0.0, 0.0, 0.0, 12.88630375, -3.59934179, 0.0, 0.0, 28.79473435]",36.0,0.10260188333333334,remote
1417_26,slab,-411.59463537,139945.689,True,"[12.88630375, 0.0, 0.0, -0.0, 7.19868359, 5.30169663, 0.0, 0.0, 37.11187639]",72.0,0.0,remote
1417_38,slab,-273.71947717,227640.167,True,"[3.59934179, 0.0, 0.0, 0.0, 25.7726075, -5.30169663, 0.0, 0.0, 26.50848314]",48.0,2.0833333333333334e-09,remote
1422_16,slab,-344.37549156,172280.368,True,"[5.76485554, 0.0, 0.0, 0.0, 12.1998569, -11.4901402, 0.0, 0.0, 40.36830512]",60.0,0.0,remote
1422_26,slab,-345.28202314,180641.777,True,"[7.77764723, 0.0, 2.44926662, 7.00937861, 7.7396098, 11.63633663, 0.0, 0.0, 47.16462378]",60.0,0.0,remote
1422_37,slab,-115.29300554,13207.111,True,"[5.22094216, 0.0, -2.44926662, 0.0, 5.76485554, 0.0, 0.0, 0.0, 33.68901698]",20.0,0.0,remote
1423_1,slab,-179.05793728,15189.359,True,"[6.05276321, 0.0, -6.05276321, 0.0, 6.05276321, -6.05276321, 0.0, 0.0, 48.4221057]",48.0,0.0,remote
1425_10,slab,-381.12869535,331356.457,True,"[7.41966575, 0.0, -8.56749203, 0.0, 13.24153113, -4.28374602, 0.0, 0.0, 42.83746015]",80.0,0.0,remote
1426_3,slab,-416.92006353,30729.804,True,"[5.99871592, 0.0, 0.0, 0.0, 5.99871592, -5.99871592, 0.0, 0.0, 41.99101146]",48.0,0.5846663166666667,remote
1428_17,slab,,,False,,,,remote
1428_18,slab,,,False,,,,remote
1428_19,slab,,,False,,,,remote
1429_17,slab,-408.6686583,33715.876,True,"[10.59726073, 0.0, -4.21560963, 5.76401805, 8.83304249, 0.0, 0.0, 0.0, 29.50926744]",60.0,1e-08,remote
1429_2,slab,-549.05368975,156826.325,True,"[10.59726073, 0.0, 4.21560963, 15.4305034, 8.83304249, 0.0, 0.0, 0.0, 37.94048671]",80.0,2.25e-08,remote
1429_3,slab,-546.81842981,93262.399,True,"[10.59726073, 0.0, 4.21560963, 15.4305034, 8.83304249, 0.0, 0.0, 0.0, 37.94048671]",80.0,2.5e-08,remote
1433_1,slab,-550.54239715,31690.057,True,"[6.4282341, 0.0, -6.4282341, -0.0, 6.4282341, -6.4282341, 0.0, 0.0, 51.42587282]",48.0,4.375e-08,remote
1434_1,slab,-184.05733884,19914.41,True,"[5.9888584, 0.0, -5.9888584, -0.0, 5.9888584, -5.9888584, 0.0, 0.0, 47.91086722]",48.0,4.166666666666667e-09,remote
1434_2,slab,-181.24498424,8354.337,True,"[5.9888584, 0.0, -5.9888584, -0.0, 5.9888584, -5.9888584, 0.0, 0.0, 47.91086722]",48.0,8.333333333333334e-09,remote
1434_6,slab,-184.30901836,47687.492,True,"[5.9888584, 0.0, 0.0, 0.0, 5.9888584, -5.9888584, 0.0, 0.0, 41.92200882]",48.0,0.0,remote
1435_42,slab,-320.2551614,271438.008,True,"[3.87478305, 0.0, 0.0, 0.0, 13.37222458, -5.01949274, 0.0, 0.0, 35.1364492]",60.0,0.09002678666666666,remote
1435_6,slab,,,False,,,,remote
1436_1,slab,-416.72880272,26787.396,True,"[6.13647816, 0.0, -6.13647816, -0.0, 6.13647816, -6.13647816, 0.0, 0.0, 49.09182528]",48.0,0.3611635270833333,remote
1436_3,slab,-419.90937861,99530.713,True,"[6.13647816, 0.0, 0.0, 0.0, 6.13647816, -6.13647816, 0.0, 0.0, 42.95534712]",48.0,0.32580085416666665,remote
1437_10,slab,-561.24668722,336698.293,True,"[13.17247261, 0.0, 0.0, 0.0, 6.83090736, -7.8876524, 0.0, 0.0, 39.43826202]",80.0,0.0181599575,remote
1437_11,slab,-563.0004091,188840.814,True,"[13.17247261, 0.0, 0.0, 0.0, 6.83090736, -7.8876524, 0.0, 0.0, 39.43826202]",80.0,0.017049035,remote
1437_4,slab,-426.21892768,63961.206,True,"[13.17247261, 0.0, 0.0, 0.0, 3.41545368, -5.9157393, 0.0, 0.0, 55.21356683]",60.0,8.65e-07,remote
1439_0,slab,-322.06881104,20071.334,True,"[6.12735673, 0.0, -6.12735673, -0.0, 6.12735673, -6.12735673, 0.0, 0.0, 49.01885386]",48.0,1.875e-08,remote
1445_1,slab,-310.18054059,19303.039,True,"[5.90167578, 0.0, -5.90167578, -0.0, 5.90167578, -5.90167578, 0.0, 0.0, 47.21340625]",48.0,0.33665100000000003,remote
1446_31,slab,,,False,,,,remote
1447_27,slab,-284.36696776,232190.457,True,"[5.99032075, 0.0, -3.4585133, -0.0, 21.89836759, -6.91702659, 0.0, 0.0, 34.58513295]",60.0,0.51017493,remote
1450_6,slab,-240.57791369,21958.465,True,"[5.98305872, 0.0, 0.0, 0.0, 5.98305872, 0.0, 0.0, 0.0, 29.91529359]",32.0,1.138236653125,remote
1452_1,slab,-262.54155562,15829.798,True,"[6.11355196, 0.0, -6.11355196, -0.0, 6.11355196, -6.11355196, 0.0, 0.0, 48.90841565]",48.0,1.1414840479166666,remote
1453_1,slab,-150.2540986,11807.142,True,"[6.11572602, 0.0, -6.11572602, -0.0, 6.11572602, -6.11572602, 0.0, 0.0, 48.92580815]",48.0,0.0,remote
1454_6,slab,-158.15141347,7045.156,True,"[5.74076851, 0.0, 0.0, 0.0, 5.74076851, 0.0, 0.0, 0.0, 28.70384254]",32.0,6.25e-09,remote
1455_9,slab,-247.53154154,46649.458,True,"[5.7627029, 0.0, 0.0, 0.0, 7.70877891, -8.90133116, 0.0, 0.0, 44.50665579]",48.0,0.072746175,remote
1462_41,slab,-211.62132209,131231.288,True,"[12.11778026, 0.0, 0.0, 3.30549265, 8.31770314, 8.4728323, 0.0, 0.0, 42.3641615]",64.0,0.0,remote
1462_43,slab,-214.90247358,91933.325,True,"[11.26112702, 0.0, 0.0, -0.0, 8.95044508, 8.4728323, 0.0, 0.0, 42.3641615]",64.0,0.0,remote
1474_53,slab,-215.151094,47262.313,True,"[4.95070107, 0.0, 0.0, -0.0, 18.73252293, 10.00726193, 0.0, 0.0, 35.02541677]",48.0,0.0,remote
1476_5,slab,-438.15232062,233935.919,True,"[5.83313898, 0.0, 0.0, 0.0, 11.66627795, -5.83313898, 0.0, 0.0, 29.16569489]",64.0,0.4137249171875,remote
1478_1,slab,-117.05600656,23608.391,True,"[6.56709722, 0.0, -6.56709722, -0.0, 6.56709722, -6.56709722, 0.0, 0.0, 45.96968056]",48.0,0.0,remote
1482_61,slab,-210.711521,51717.152,True,"[4.44278001, 0.0, 0.0, 0.0, 17.31256784, 0.0, 0.0, 0.0, 29.59774739]",48.0,0.0,remote
1483_3,slab,-502.88094698,64688.508,True,"[6.29082237, 0.0, 0.0, 0.0, 6.29082237, -6.29082237, 0.0, 0.0, 44.03575661]",48.0,0.07203455416666667,remote
1488_12,slab,,,False,,,,remote
1488_15,slab,-261.67910029,126109.614,True,"[3.61514315, 0.0, 0.0, -0.0, 7.31127901, -7.2302863, 0.0, 0.0, 36.15143152]",32.0,0.779692525,remote
1488_4,slab,-260.34756201,153646.637,True,"[7.31127901, 0.0, 0.0, 0.0, 3.61514315, -3.61514315, 0.0, 0.0, 36.15143152]",32.0,1.321331446875,remote
1490_0,slab,-532.95225086,37923.637,True,"[6.41424985, 0.0, -6.41424985, -0.0, 6.41424985, -6.41424985, 0.0, 0.0, 51.31399884]",48.0,3.125e-08,remote
1490_3,slab,-542.13416237,40366.263,True,"[6.41424985, 0.0, 0.0, 0.0, 6.41424985, -6.41424985, 0.0, 0.0, 44.89974898]",48.0,1.2291666666666667e-07,remote
1492_43,slab,-186.58990943,83592.351,True,"[7.20150755, 0.0, 0.0, -0.0, 17.83573035, 5.34559164, 0.0, 0.0, 26.72795822]",64.0,0.0020395203125,remote
1492_7,slab,-95.08630035,25711.301,True,"[5.34559164, 0.0, 0.0, 0.0, 8.91786518, -7.20150755, 0.0, 0.0, 36.00753777]",32.0,0.048616228125,remote
1494_0,slab,-519.7480314,80376.698,True,"[4.55472138, 0.0, -3.20906027, -0.0, 13.614145, -3.20906027, 0.0, 0.0, 32.09060267]",48.0,0.0,remote
1494_6,slab,-520.34022217,67085.635,True,"[13.614145, 0.0, 0.0, 0.0, 4.55472138, -3.20906027, 0.0, 0.0, 32.09060267]",48.0,0.0,remote
1496_13,slab,-379.03103123,153409.259,True,"[4.20881024, 0.0, 0.0, 0.0, 20.87517472, -4.20881024, 0.0, 0.0, 29.46167167]",60.0,0.0,remote
1496_14,slab,-376.99733711,131162.859,True,"[4.20881024, 0.0, 0.0, 0.0, 20.87517472, -4.20881024, 0.0, 0.0, 29.46167167]",60.0,9.516666666666666e-07,remote
1497_12,slab,-401.31858616,144739.438,True,"[9.418896, 0.0, 0.0, 4.7322093, 8.67990768, 3.98558924, 0.0, 0.0, 31.88471388]",60.0,0.084568305,remote
1497_31,slab,-540.69152772,322683.43,True,"[9.88608124, 0.0, -7.97117847, 5.37750133, 8.26972243, 0.0, 0.0, 0.0, 39.85589235]",80.0,0.07581029875,remote
1497_74,slab,-550.28604575,260209.677,True,"[3.98558924, 0.0, 0.0, 0.0, 17.35981537, -0.04552261, 0.0, 0.0, 37.67558398]",80.0,0.02826650625,remote
1498_3,slab,-200.68731917,25959.918,True,"[6.08895082, 0.0, 0.0, 0.0, 6.08895082, -6.08895082, 0.0, 0.0, 42.62265577]",48.0,6.25e-09,remote
1500_34,slab,-546.43594893,106599.661,True,"[9.72550433, 0.0, -7.51785043, 6.77460083, 8.15936249, 0.0, 0.0, 0.0, 37.58925215]",72.0,0.0,remote
1500_35,slab,-547.86371171,39267.239,True,"[9.72550433, 0.0, -7.51785043, 6.77460083, 8.15936249, 0.0, 0.0, 0.0, 37.58925215]",72.0,0.009193352777777778,remote
1500_46,slab,-551.81724424,110912.003,True,"[3.75892521, 0.0, 0.0, 0.0, 16.31872498, -15.62731133, 0.0, 0.0, 48.62752166]",72.0,2.7777777777777776e-09,remote
1502_12,slab,-260.06411507,35733.559,True,"[7.03444507, 0.0, 0.0, 0.0, 10.05327091, -4.02305014, 0.0, 0.0, 32.18440109]",48.0,9.7175e-05,remote
1502_24,slab,-258.95880717,15735.955,True,"[10.05327091, 0.0, 0.0, 0.0, 7.03444507, -4.02305014, 0.0, 0.0, 32.18440109]",48.0,2.0833333333333334e-09,remote
1502_40,slab,-349.95235608,27084.687,True,"[10.82835114, 0.0, 0.0, 2.98936231, 7.47017018, 7.03444507, 0.0, 0.0, 35.17222535]",64.0,0.0,remote
1503_30,slab,-453.48130197,119157.925,True,"[3.91598859, 0.0, 0.0, 0.0, 11.40233074, -13.16627744, 0.0, 0.0, 46.08197106]",54.0,1.3175925925925927e-05,remote
1503_31,slab,-452.89487342,144591.386,True,"[3.91598859, 0.0, 0.0, 0.0, 11.40233074, -13.16627744, 0.0, 0.0, 46.08197106]",54.0,0.0,remote
1503_6,slab,-606.94765387,100708.916,True,"[5.70116537, 0.0, -9.87470808, -0.0, 7.83197718, -6.58313872, 0.0, 0.0, 59.2482485]",72.0,0.0,remote
1507_50,slab,-335.58164074,59286.864,True,"[4.01417962, 0.0, 0.0, 0.0, 13.40015673, -9.54886921, 0.0, 0.0, 38.19547685]",64.0,1.5625e-09,remote
1507_55,slab,-329.34163079,121690.851,True,"[4.01417962, 0.0, 0.0, -0.0, 19.09773842, 6.70007837, 0.0, 0.0, 33.50039183]",64.0,1.5625e-09,remote
1513_17,slab,-186.44022489,37510.715,True,"[3.67777551, 0.0, 0.0, 0.0, 12.94523355, -3.67777551, 0.0, 0.0, 29.42220408]",36.0,0.6135420166666666,remote
1513_3,slab,-248.70385415,123436.852,True,"[3.67777551, 0.0, -3.67777551, -0.0, 12.94523355, -3.67777551, 0.0, 0.0, 36.77775511]",48.0,0.5487782416666667,remote
1513_5,slab,-248.88902114,108822.343,True,"[3.67777551, 0.0, -3.67777551, -0.0, 12.94523355, -3.67777551, 0.0, 0.0, 36.77775511]",48.0,0.6320588375,remote
1516_0,slab,-367.51961225,78619.174,True,"[3.79055058, 0.0, -3.79055058, -0.0, 14.89476626, -3.79055058, 0.0, 0.0, 37.90550584]",48.0,0.05590402916666667,remote
1518_16,slab,,,False,,,,remote
1518_33,slab,,,False,,,,remote
1518_47,slab,,,False,,,,remote
1519_1,slab,-190.08537116,8896.241,True,"[6.34329845, 0.0, -6.34329845, -0.0, 6.34329845, -6.34329845, 0.0, 0.0, 50.74638757]",48.0,8.333333333333334e-09,remote
1519_6,slab,-190.65131061,27230.898,True,"[6.34329845, 0.0, 0.0, -0.0, 6.34329845, 6.34329845, 0.0, 0.0, 44.40308913]",48.0,0.0,remote
1519_8,slab,-251.36010132,65012.027,True,"[6.34329845, 0.0, 0.0, 0.0, 12.68659689, -6.34329845, 0.0, 0.0, 31.71649223]",64.0,0.0,remote
1523_24,slab,-293.94083418,88556.666,True,"[5.92311362, 0.0, -3.41971124, 0.0, 22.39193763, -6.83942248, 0.0, 0.0, 34.19711242]",60.0,0.5249457566666667,remote
1523_25,slab,-290.33088575,315947.529,True,"[5.92311362, 0.0, -3.41971124, 0.0, 22.39193763, -6.83942248, 0.0, 0.0, 34.19711242]",60.0,0.6001015783333333,remote
1523_26,slab,-291.94293245,176271.866,True,"[5.92311362, 0.0, -3.41971124, 0.0, 22.39193763, -6.83942248, 0.0, 0.0, 34.19711242]",60.0,0.49869073333333336,remote
1535_21,slab,-237.80681148,20058.692,True,"[7.02663706, 0.0, 0.0, -0.0, 7.02663706, 2.76072908, 0.0, 0.0, 27.60729075]",40.0,0.0,remote
1535_5,slab,-359.44741442,58152.424,True,"[9.93716543, 0.0, 0.0, 4.96858271, 4.96858271, 5.52145815, 0.0, 0.0, 41.41093613]",60.0,0.0,remote
1537_41,slab,-607.95292335,214357.177,True,"[13.41555433, 0.0, 0.0, 0.0, 7.7454739, -3.56948539, 0.0, 0.0, 32.12536849]",72.0,5.694444444444444e-08,remote
1537_42,slab,-606.52160625,143549.098,True,"[13.41555433, 0.0, 0.0, 0.0, 7.7454739, -3.56948539, 0.0, 0.0, 32.12536849]",72.0,0.00017408194444444445,remote
1537_44,slab,,,False,,,,remote
1539_2,slab,,,False,,,,remote
1540_6,slab,-222.94555519,12771.45,True,"[5.9157063, 0.0, 0.0, 0.0, 5.9157063, 0.0, 0.0, 0.0, 29.57853148]",32.0,0.059654553125,remote
1541_0,slab,-336.19675095,32690.288,True,"[6.33578754, 0.0, -6.33578754, -0.0, 6.33578754, -6.33578754, 0.0, 0.0, 50.68630031]",48.0,1.0416666666666666e-08,remote
1542_3,slab,-346.27826744,53864.964,True,"[6.91444456, 0.0, 0.0, 0.0, 6.91444456, -6.91444456, 0.0, 0.0, 48.4011119]",48.0,0.0,remote
1543_0,slab,-348.30765093,42371.358,True,"[5.91186847, 0.0, -5.91186847, -0.0, 5.91186847, -5.91186847, 0.0, 0.0, 47.29494778]",48.0,0.31920557916666664,remote
1543_1,slab,-349.68471698,50893.0,True,"[5.91186847, 0.0, -5.91186847, -0.0, 5.91186847, -5.91186847, 0.0, 0.0, 47.29494778]",48.0,0.23962946666666665,remote
1545_6,slab,-236.65243414,21545.104,True,"[6.08611208, 0.0, 0.0, 0.0, 6.08611208, 0.0, 0.0, 0.0, 30.43056041]",32.0,1.005127484375,remote
1547_5,slab,-370.15341932,67015.74,True,"[6.6255389, 0.0, 0.0, 0.0, 13.2510778, -6.6255389, 0.0, 0.0, 33.1276945]",64.0,0.0,remote
1548_10,slab,,,False,,,,remote
1548_17,slab,,,False,,,,remote
1548_9,slab,-476.77772403,158195.54,True,"[5.62031615, 0.0, -9.73467313, -0.0, 7.9258494, -6.48978209, 0.0, 0.0, 58.40803878]",72.0,0.6640905875,remote
1549_3,slab,-132.63874101,22004.597,True,"[6.58290569, 0.0, -6.58290569, -0.0, 6.58290569, -6.58290569, 0.0, 0.0, 46.08033984]",48.0,2.4375e-07,remote
1552_15,slab,-170.62830617,95516.167,True,"[3.53084464, 0.0, -2.0385341, -0.0, 10.96762696, -4.0770682, 0.0, 0.0, 32.61654562]",36.0,2.7777777777777776e-09,remote
1552_17,slab,-86.64708731,4588.217,True,"[3.53084464, 0.0, -2.0385341, 0.0, 5.48381348, 0.0, 0.0, 0.0, 32.61654562]",18.0,1.111111111111111e-08,remote
1558_14,slab,-271.92569223,47046.75,True,"[5.04705608, 0.0, 0.0, 5.04705608, 5.04705608, 7.12300227, 0.0, 0.0, 49.86101586]",48.0,8.333333333333334e-09,remote
1561_29,slab,-343.37855301,54537.612,True,"[7.75528314, 0.0, 0.0, -0.0, 15.51056627, 3.71393093, 0.0, 0.0, 29.71144744]",60.0,1.6666666666666665e-09,remote
1567_1,slab,-418.2678714,48082.516,True,"[5.39251421, 0.0, -5.39251421, -0.0, 5.39251421, -5.39251421, 0.0, 0.0, 48.53262786]",64.0,0.42567055625,remote
1567_6,slab,-208.84271821,10896.056,True,"[5.39251421, 0.0, 0.0, 0.0, 5.39251421, 0.0, 0.0, 0.0, 26.96257103]",32.0,0.395525028125,remote
1569_3,slab,-78.45262796,16442.133,True,"[6.71047483, 0.0, 0.0, 0.0, 6.71047483, -6.71047483, 0.0, 0.0, 46.97332379]",48.0,4.166666666666667e-09,remote
1572_10,slab,,,False,,,,remote
1572_12,slab,-194.30666197,102533.649,True,"[6.3750411, 0.0, 0.0, 0.0, 14.36442861, -16.58661345, 0.0, 0.0, 41.46653363]",40.0,4.6500000000000005e-07,remote
1572_1,slab,,,False,,,,remote
1573_0,slab,-282.7273498,42316.646,True,"[6.9628797, 0.0, -6.9628797, -0.0, 6.9628797, -6.9628797, 0.0, 0.0, 48.7401579]",48.0,0.0,remote
1574_0,slab,-339.13548338,22014.933,True,"[6.20926474, 0.0, -6.20926474, -0.0, 6.20926474, -6.20926474, 0.0, 0.0, 49.67411789]",48.0,6.25e-09,remote
1574_6,slab,-224.7907833,15256.081,True,"[6.20926474, 0.0, 0.0, 0.0, 6.20926474, 0.0, 0.0, 0.0, 31.04632368]",32.0,9.0625e-08,remote
1580_0,slab,-270.37021742,33390.268,True,"[6.4512105, 0.0, -6.4512105, -0.0, 6.4512105, -6.4512105, 0.0, 0.0, 51.60968398]",48.0,4.166666666666666e-08,remote
1581_23,slab,-312.01246374,217960.377,True,"[14.41812179, 0.0, 0.0, 0.0, 12.41958298, -6.50964526, 0.0, 0.0, 32.5482263]",80.0,0.0,remote
1581_5,slab,-307.27977197,321263.351,True,"[14.41812179, 0.0, -6.50964526, -0.0, 12.41958298, -6.50964526, 0.0, 0.0, 32.5482263]",80.0,0.045789065000000004,remote
1582_12,slab,-308.74195633,290935.936,True,"[5.19674473, 0.0, 0.0, 0.0, 12.98018821, -6.4900941, 0.0, 0.0, 32.45047052]",56.0,0.0546682,remote
1582_17,slab,-235.58311901,54637.693,True,"[6.4900941, 0.0, 0.0, -0.0, 6.4900941, 5.19674473, 0.0, 0.0, 36.37721311]",42.0,0.08803812857142856,remote
1587_17,slab,-223.61722085,253214.452,True,"[7.51704973, 0.0, 0.0, -0.0, 17.14701432, 4.33997069, 0.0, 0.0, 30.3797948]",72.0,4.166666666666667e-09,remote
1587_2,slab,-184.90699369,97722.993,True,"[17.14701432, 0.0, 0.0, 0.0, 3.75852487, -6.50995603, 0.0, 0.0, 52.07964822]",60.0,1e-08,remote
1592_1,slab,-156.04153033,13740.593,True,"[6.04740986, 0.0, -6.04740986, -0.0, 6.04740986, -6.04740986, 0.0, 0.0, 48.37927885]",48.0,0.0,remote
1595_0,slab,-183.6005088,17535.827,True,"[6.52607001, 0.0, -6.52607001, -0.0, 6.52607001, -6.52607001, 0.0, 0.0, 45.68249004]",48.0,0.0,remote
1595_1,slab,-179.58376697,51826.482,True,"[6.52607001, 0.0, -6.52607001, -0.0, 6.52607001, -6.52607001, 0.0, 0.0, 45.68249004]",48.0,0.0,remote
1596_3,slab,-180.33288754,18119.218,True,"[6.23981856, 0.0, 0.0, 0.0, 6.23981856, -6.23981856, 0.0, 0.0, 43.67872989]",48.0,0.0,remote
1596_5,slab,-236.35854727,41213.164,True,"[6.23981856, 0.0, 0.0, 0.0, 12.47963711, -6.23981856, 0.0, 0.0, 31.19909278]",64.0,0.0,remote
1597_37,slab,,,False,,,,remote
1597_38,slab,,,False,,,,remote
1597_39,slab,,,False,,,,remote
1599_0,slab,-238.45358226,13447.651,True,"[5.89242947, 0.0, 5.89242947, 5.89242947, 5.89242947, -0.0, 0.0, 0.0, 47.13943572]",36.0,0.018828266666666666,remote
1601_41,slab,-165.65155044,121724.422,True,"[11.43280105, 0.0, 0.0, 3.65906627, 8.38319673, 8.12091148, 0.0, 0.0, 40.6045574]",64.0,0.0,remote
1601_43,slab,-165.68227516,55105.325,True,"[10.47817978, 0.0, 0.0, -0.0, 9.14695323, 8.12091148, 0.0, 0.0, 40.6045574]",64.0,0.0,remote
1602_12,slab,,,False,,,,remote
1602_15,slab,-239.08036437,84123.13,True,"[6.46533681, 0.0, 0.0, -0.0, 6.46533681, 5.1938183, 0.0, 0.0, 36.35672807]",42.0,0.08469987142857142,remote
1602_1,slab,-237.21517739,62590.456,True,"[9.143367, 0.0, 0.0, 4.5716835, 4.5716835, 5.1938183, 0.0, 0.0, 41.55054637]",42.0,0.1054640380952381,remote
1605_33,slab,-346.65357892,32953.854,True,"[5.11586884, 0.0, 0.0, -0.0, 10.49819478, -8.12789024, 0.0, 0.0, 40.63945122]",64.0,0.0,remote
1605_37,slab,-171.86792093,5611.568,True,"[5.11586884, 0.0, 0.0, 0.0, 8.12789024, 0.0, 0.0, 0.0, 26.24548696]",32.0,0.0,remote
1605_7,slab,-262.93844474,26108.534,True,"[5.24909739, 0.0, 0.0, 0.0, 8.12789024, -5.11586884, 0.0, 0.0, 35.81108188]",48.0,0.0,remote
1609_29,slab,-405.93701566,215002.153,True,"[7.67703586, 0.0, -0.05149146, -0.0, 19.36209059, -5.58184815, 0.0, 0.0, 27.90924074]",72.0,0.009698277777777778,remote
1609_57,slab,-405.74615649,172122.171,True,"[11.17489441, 0.0, 0.03743776, 5.57600386, 9.6711266, 7.75208406, 0.0, 0.0, 38.38604271]",72.0,0.0013601708333333333,remote
1609_58,slab,-406.11018707,134048.163,True,"[11.17489441, 0.0, 0.03743776, 5.57600386, 9.6711266, 7.75208406, 0.0, 0.0, 38.38604271]",72.0,5.555555555555555e-09,remote
1610_0,slab,-246.61970034,63239.634,True,"[10.02946028, 0.0, 5.80003259, 11.72649892, 7.60465303, 0.0, 0.0, 0.0, 40.60022814]",60.0,0.0,remote
1610_14,slab,-249.6906091,52055.255,True,"[10.02946028, 0.0, -5.80003259, 8.33242164, 7.60465303, 0.0, 0.0, 0.0, 40.60022814]",60.0,1e-08,remote
1610_68,slab,-330.05918587,78313.735,True,"[11.37799403, 0.0, -2.18442288, 16.84275275, 9.97973749, 3.42286059, 0.0, 0.0, 38.95853175]",80.0,0.0,remote
1613_20,slab,-194.13522952,146041.066,True,"[19.53027959, 0.0, 0.0, 5.58007988, 4.83249093, 4.50995916, 0.0, 0.0, 40.58963242]",72.0,0.020327754166666667,remote
1613_44,slab,-144.17467828,83987.483,True,"[12.78556922, 0.0, 0.0, 0.0, 7.38175183, -4.50995916, 0.0, 0.0, 31.56971411]",54.0,0.0,remote
1613_5,slab,-143.43491713,290454.142,True,"[6.39278461, 0.0, -11.07262775, -0.0, 9.01991832, -7.38175183, 0.0, 0.0, 59.05401465]",54.0,0.0,remote
1615_16,slab,,,False,,,,remote
1615_18,slab,-379.73039017,121533.103,True,"[16.4290333, 0.0, 0.0, 0.0, 8.16658685, -4.29065514, 0.0, 0.0, 30.03458596]",72.0,1.3888888888888888e-09,remote
1618_1,slab,-503.12055817,49062.65,True,"[6.4531014, 0.0, -6.4531014, -0.0, 6.4531014, -6.4531014, 0.0, 0.0, 51.62481118]",48.0,0.06658639791666666,remote
1619_0,slab,-226.80042793,10667.278,True,"[6.26614105, 0.0, -6.26614105, -0.0, 6.26614105, -6.26614105, 0.0, 0.0, 50.12912838]",48.0,0.0,remote
1621_5,slab,-619.76036109,57900.487,True,"[6.38897905, 0.0, 0.0, 0.0, 12.77795811, -6.38897905, 0.0, 0.0, 31.94489527]",64.0,9.375e-09,remote
1624_4,slab,-113.95469783,54641.633,True,"[10.80741175, 0.0, -4.44733268, -0.0, 8.30440075, -4.44733268, 0.0, 0.0, 35.57866143]",48.0,6.25e-09,remote
1624_50,slab,-156.99583289,67755.97,True,"[4.44733268, 0.0, 0.0, 0.0, 16.60880149, -10.80741175, 0.0, 0.0, 43.22964698]",64.0,0.0,remote
1624_9,slab,-113.93893479,31400.185,True,"[8.30440075, 0.0, 0.0, 0.0, 10.80741175, -4.44733268, 0.0, 0.0, 31.13132875]",48.0,0.0,remote
1625_1,slab,-150.26396693,31676.517,True,"[6.7798159, 0.0, -6.7798159, -0.0, 6.7798159, -6.7798159, 0.0, 0.0, 47.45871127]",48.0,1.25e-08,remote
1625_3,slab,-153.20163744,21585.258,True,"[6.7798159, 0.0, 0.0, -0.0, 6.7798159, 6.7798159, 0.0, 0.0, 47.45871127]",48.0,1.875e-08,remote
1625_5,slab,-200.6113361,76830.088,True,"[6.7798159, 0.0, 0.0, 0.0, 13.55963179, -6.7798159, 0.0, 0.0, 33.89907948]",64.0,0.0,remote
1626_24,slab,-273.26203022,43171.693,True,"[5.55491778, 0.0, 0.0, 0.0, 8.02963028, -5.55491778, 0.0, 0.0, 38.88442446]",48.0,0.0,remote
1626_27,slab,-358.93403192,90882.585,True,"[5.55491778, 0.0, 0.0, 0.0, 16.05926055, -5.55491778, 0.0, 0.0, 27.7745889]",64.0,0.0,remote
1626_30,slab,-358.57394185,141867.933,True,"[7.85584006, 0.0, 0.0, 7.85584006, 7.85584006, 8.02963028, 0.0, 0.0, 40.14815138]",64.0,1.5625e-09,remote
1633_10,slab,-354.46888699,165995.323,True,"[7.7598599, 0.0, -3.87992995, -0.0, 13.04583859, -3.87992995, 0.0, 0.0, 31.03943959]",72.0,0.8211754250000001,remote
1638_53,slab,-219.63616241,251971.326,True,"[6.66838832, 0.0, 0.0, -0.0, 14.07671751, 11.61848008, 0.0, 0.0, 40.66468026]",60.0,0.03599752166666667,remote
1638_54,slab,-220.50783993,144353.907,True,"[6.66838832, 0.0, 0.0, -0.0, 14.07671751, 11.61848008, 0.0, 0.0, 40.66468026]",60.0,0.06990477166666667,remote
1638_7,slab,,,False,,,,remote
1639_2,slab,-540.40335653,124442.588,True,"[6.83843635, 0.0, -6.83843635, -0.0, 6.83843635, -6.83843635, 0.0, 0.0, 47.86905445]",72.0,1.1146493,remote
1639_8,slab,-546.23632988,201639.548,True,"[6.83843635, 0.0, 0.0, 0.0, 6.83843635, -6.83843635, 0.0, 0.0, 47.86905445]",72.0,1.1277573069444444,remote
1640_13,slab,,,False,,,,remote
1641_0,slab,-526.3558503,59714.252,True,"[6.28269399, 0.0, -6.28269399, -0.0, 6.28269399, -6.28269399, 0.0, 0.0, 50.26155192]",48.0,0.21854047916666666,remote
1644_2,slab,-344.8697182,178988.722,True,"[4.6148228, 0.0, -4.6148228, -0.0, 23.50876143, -4.6148228, 0.0, 0.0, 41.5334052]",80.0,0.0,remote
1645_4,slab,-438.16367003,42322.965,True,"[13.74398159, 0.0, 0.0, 6.87199079, 3.96754574, 6.69403846, 0.0, 0.0, 50.20528844]",54.0,9.259259259259259e-09,remote
1645_5,slab,-436.97821724,45847.605,True,"[13.74398159, 0.0, 0.0, 6.87199079, 3.96754574, 6.69403846, 0.0, 0.0, 50.20528844]",54.0,0.032325705555555556,remote
1646_0,slab,-207.43958075,16403.866,True,"[6.06034384, 0.0, -6.06034384, -0.0, 6.06034384, -6.06034384, 0.0, 0.0, 48.4827507]",48.0,8.333333333333334e-09,remote
1647_21,slab,-184.34930158,19080.855,True,"[7.30616336, 0.0, 0.0, -0.0, 7.30616336, 6.88327766, 0.0, 0.0, 34.41638829]",40.0,0.0,remote
1649_18,slab,-233.56346699,73003.859,True,"[4.09119793, 0.0, -4.09119793, 0.0, 14.86968193, -8.18239586, 0.0, 0.0, 40.9119793]",40.0,1e-08,remote
1662_13,slab,-173.421933,34622.801,True,"[6.12476559, 0.0, 0.0, 0.0, 7.49992585, -3.74996293, 0.0, 0.0, 29.9997034]",36.0,0.1248989138888889,remote
1668_0,slab,-169.00682593,14251.97,True,"[6.02172832, 0.0, -6.02172832, -0.0, 6.02172832, -6.02172832, 0.0, 0.0, 48.17382657]",48.0,2.0833333333333334e-09,remote
1675_3,slab,-542.17784354,101515.018,True,"[6.33705022, 0.0, -6.33705022, -0.0, 12.67410044, -6.33705022, 0.0, 0.0, 44.35935155]",72.0,1.8055555555555556e-08,remote
1675_5,slab,-273.35224979,25956.544,True,"[6.33705022, 0.0, 0.0, 0.0, 6.33705022, -6.33705022, 0.0, 0.0, 44.35935155]",36.0,2.7777777777777776e-09,remote
1675_7,slab,-360.96502234,47458.596,True,"[6.33705022, 0.0, 0.0, 0.0, 12.67410044, -6.33705022, 0.0, 0.0, 31.68525111]",48.0,6.25e-09,remote
1676_43,slab,-481.74415442,66417.917,True,"[11.92546004, 0.0, 0.0, 0.0, 6.88516756, -3.44746566, 0.0, 0.0, 31.02719096]",72.0,1.5277777777777778e-08,remote
1676_6,slab,-481.0763327,251982.997,True,"[5.96273002, 0.0, -10.32775135, -0.0, 6.89493133, -6.88516756, 0.0, 0.0, 61.96650807]",72.0,2.5e-08,remote
1676_7,slab,-482.00075197,165467.878,True,"[5.96273002, 0.0, -10.32775135, -0.0, 6.89493133, -6.88516756, 0.0, 0.0, 61.96650807]",72.0,2.7777777777777776e-09,remote
1678_13,slab,-276.56380474,140713.978,True,"[9.09797043, 0.0, 0.0, 0.0, 7.60857992, -3.80428996, 0.0, 0.0, 30.43431967]",48.0,0.0,remote
1678_22,slab,-233.50103552,34935.683,True,"[3.80428996, 0.0, -3.80428996, -0.0, 9.09797043, -7.60857992, 0.0, 0.0, 45.65147951]",40.0,2.5e-09,remote
1681_3,slab,-162.33219768,7994.221,True,"[6.48583848, 0.0, 0.0, 0.0, 6.48583848, -6.48583848, 0.0, 0.0, 45.40086938]",48.0,6.25e-09,remote
1681_5,slab,-212.59623016,23041.595,True,"[6.48583848, 0.0, 0.0, 0.0, 12.97167697, -6.48583848, 0.0, 0.0, 32.42919241]",64.0,0.0,remote
1683_6,slab,-208.93062765,8373.834,True,"[5.69616085, 0.0, 0.0, 0.0, 5.69616085, 0.0, 0.0, 0.0, 28.48080427]",32.0,1.27826800625,remote
1686_15,slab,,,False,,,,remote
1689_14,slab,-291.40831552,56368.58,True,"[5.15182138, 0.0, 0.0, 5.15182138, 5.15182138, 7.21298148, 0.0, 0.0, 50.49087036]",48.0,6.041666666666667e-08,remote
1693_0,slab,-145.80846171,13830.439,True,"[5.91054859, 0.0, -5.91054859, -0.0, 5.91054859, -5.91054859, 0.0, 0.0, 47.28438872]",48.0,2.0833333333333334e-09,remote
1696_17,slab,-466.01503294,238457.097,True,"[20.16480945, 0.0, 0.0, 5.76137413, 4.98949636, 3.80174871, 0.0, 0.0, 34.21573835]",72.0,0.0,remote
1696_7,slab,-346.06586374,114198.627,True,"[13.20096653, 0.0, 0.0, 6.60048326, 3.81079079, 7.60349741, 0.0, 0.0, 57.02623059]",54.0,0.0,remote
1696_8,slab,-344.45147061,69059.041,True,"[13.20096653, 0.0, 0.0, 6.60048326, 3.81079079, 7.60349741, 0.0, 0.0, 57.02623059]",54.0,1.8518518518518518e-09,remote
1697_1,slab,-359.970602,17629.735,True,"[6.15776055, 0.0, -6.15776055, -0.0, 6.15776055, -6.15776055, 0.0, 0.0, 49.26208442]",48.0,1.4583333333333333e-08,remote
1701_45,slab,-242.14088455,147005.349,True,"[12.59214885, 0.0, 0.0, 3.20524684, 8.39334756, 8.17411989, 0.0, 0.0, 40.87059946]",64.0,0.0,remote
1702_3,slab,-342.63763069,93573.315,True,"[3.13783318, 0.0, 3.13783318, 3.13783318, 15.86704643, 0.0, 0.0, 0.0, 37.65399811]",60.0,0.0,remote
1703_0,slab,-368.95860897,20081.923,True,"[5.9134586, 0.0, -5.9134586, -0.0, 5.9134586, -5.9134586, 0.0, 0.0, 47.30766883]",48.0,0.23899942291666665,remote
1703_1,slab,-368.30254361,31974.354,True,"[5.9134586, 0.0, -5.9134586, -0.0, 5.9134586, -5.9134586, 0.0, 0.0, 47.30766883]",48.0,0.32035027708333336,remote
1704_3,slab,-538.28067116,58079.101,True,"[6.31532923, 0.0, 0.0, 0.0, 6.31532923, -6.31532923, 0.0, 0.0, 44.20730462]",48.0,0.1258556375,remote
1705_1,slab,-349.1166315,34726.242,True,"[6.54139589, 0.0, -6.54139589, -0.0, 6.54139589, -6.54139589, 0.0, 0.0, 45.78977122]",48.0,0.0,remote
1705_6,slab,-233.31848202,7979.229,True,"[6.54139589, 0.0, 0.0, 0.0, 6.54139589, 0.0, 0.0, 0.0, 32.70697945]",32.0,0.03798901875,remote
1706_1,slab,-215.01684669,328523.483,True,"[3.95984947, 0.0, -6.85866047, -0.0, 16.87267009, -4.57244031, 0.0, 0.0, 54.86928374]",60.0,0.0,remote
1708_6,slab,-397.0459843,87854.503,True,"[13.50551879, 0.0, 0.0, 6.75275939, 3.89870745, 7.33608632, 0.0, 0.0, 55.0206474]",54.0,0.006157053703703704,remote
1708_8,slab,-396.85535372,99910.037,True,"[13.50551879, 0.0, 0.0, 6.75275939, 3.89870745, 7.33608632, 0.0, 0.0, 55.0206474]",54.0,0.03795695,remote
1712_38,slab,-409.38454851,171734.006,True,"[8.54579886, 0.0, 0.0, -0.0, 9.26278365, -8.54579886, 0.0, 0.0, 42.72899429]",72.0,0.0,remote
1712_52,slab,-309.70561804,69209.778,True,"[8.54579886, 0.0, 0.0, 0.0, 8.54579886, 0.0, 0.0, 0.0, 32.41974278]",54.0,0.0,remote
1714_10,slab,-376.38766142,120225.84,True,"[8.32921082, 0.0, 0.0, 0.0, 6.03063935, -10.44537375, 0.0, 0.0, 55.70866002]",72.0,2.7777777777777776e-09,remote
1714_40,slab,-384.40215705,22305.242,True,"[6.03063935, 0.0, -3.48179125, -0.0, 8.32921082, -6.9635825, 0.0, 0.0, 48.74507752]",72.0,0.0,remote
1717_0,slab,-266.56169605,25186.517,True,"[6.21699697, 0.0, 6.21699697, 6.21699697, 6.21699697, -0.0, 0.0, 0.0, 49.73597573]",48.0,0.0,remote
1717_1,slab,-264.34740551,34047.301,True,"[6.21699697, 0.0, 6.21699697, 6.21699697, 6.21699697, -0.0, 0.0, 0.0, 49.73597573]",48.0,0.09357195416666668,remote
1720_22,slab,-261.41592725,11566.026,True,"[3.19424034, 0.0, -3.19424034, -0.0, 8.07830149, -6.38848067, 0.0, 0.0, 44.71936471]",36.0,0.0,remote
1720_23,slab,-260.81508247,12850.841,True,"[3.19424034, 0.0, -3.19424034, -0.0, 8.07830149, -6.38848067, 0.0, 0.0, 44.71936471]",36.0,2.013888888888889e-06,remote
1720_8,slab,-348.08699725,21173.357,True,"[6.38848067, 0.0, -3.19424034, -0.0, 8.07830149, -3.19424034, 0.0, 0.0, 31.94240337]",48.0,3.9583333333333334e-08,remote
1723_13,slab,-363.13250041,243814.377,True,"[4.23281296, 0.0, 0.0, 0.0, 21.75665565, -4.23281296, 0.0, 0.0, 29.6296907]",60.0,0.0,remote
1723_14,slab,-361.00691794,266237.555,True,"[4.23281296, 0.0, 0.0, 0.0, 21.75665565, -4.23281296, 0.0, 0.0, 29.6296907]",60.0,0.0,remote
1723_18,slab,-179.04384841,58893.64,True,"[4.23281296, 0.0, 0.0, -0.0, 10.87832783, -8.46562591, 0.0, 0.0, 33.86250366]",30.0,0.0,remote
1726_18,slab,,,False,,,,remote
1726_19,slab,,,False,,,,remote
1726_6,slab,-295.39084898,247350.096,True,"[14.60300164, 0.0, -6.57414142, -0.0, 12.16715603, -6.57414142, 0.0, 0.0, 32.8707071]",80.0,0.04536559625,remote
1728_38,slab,-174.7883032,146967.402,True,"[3.62865068, 0.0, -2.09500245, 0.0, 33.2285703, 8.38000979, 0.0, 0.0, 33.52003918]",72.0,0.07718926666666666,remote
1736_7,slab,-186.78353045,67446.503,True,"[10.88475966, 0.0, -3.9788227, -0.0, 9.03683122, -3.9788227, 0.0, 0.0, 31.8305816]",48.0,0.0,remote
1739_10,slab,-247.36540889,22546.515,True,"[6.88125811, 0.0, 0.0, 0.0, 10.29950435, -4.04958969, 0.0, 0.0, 28.34712784]",48.0,2.0833333333333334e-09,remote
1739_55,slab,-338.11489073,70534.128,True,"[4.04958969, 0.0, 0.0, 0.0, 13.76251622, -10.29950435, 0.0, 0.0, 41.19801741]",64.0,0.0,remote
1740_6,slab,-308.68215131,46650.25,True,"[6.25875209, 0.0, 0.0, 0.0, 6.25875209, 0.0, 0.0, 0.0, 31.29376044]",32.0,0.081342696875,remote
1744_1,slab,-385.79426622,59168.964,True,"[6.56180289, 0.0, -6.56180289, -0.0, 6.56180289, -6.56180289, 0.0, 0.0, 45.93262022]",48.0,2.0833333333333334e-09,remote
1748_18,slab,-371.57239353,92181.531,True,"[9.93810587, 0.0, 0.0, 0.0, 11.0937471, -3.95615254, 0.0, 0.0, 31.64922031]",72.0,1.3888888888888888e-09,remote
1748_21,slab,-373.48829353,322648.66,True,"[12.70316968, 0.0, 0.0, 4.92826383, 6.19005552, 5.54687355, 0.0, 0.0, 38.82811483]",72.0,0.0,remote
1748_7,slab,-186.060668,9776.798,True,"[5.54687355, 0.0, 0.0, 0.0, 9.93810587, -3.95615254, 0.0, 0.0, 31.64922031]",36.0,2.7777777777777776e-09,remote
1759_31,slab,-308.91712298,89851.121,True,"[10.19566911, 0.0, -8.2140188, 0.0, 6.69547243, -4.1070094, 0.0, 0.0, 41.070094]",64.0,0.0,remote
1759_41,slab,-303.96607951,198099.594,True,"[10.99177851, 0.0, 0.0, 3.06911683, 7.61909619, 6.69547243, 0.0, 0.0, 33.47736213]",64.0,0.0,remote
1760_1,slab,-395.10453179,135683.42,True,"[16.88472198, 0.0, 0.0, 0.94907246, 3.88896979, 3.97987912, 0.0, 0.0, 39.79879115]",64.0,0.0,remote
1760_35,slab,-297.24899759,48376.85,True,"[3.97987912, 0.0, 0.0, 0.0, 16.40332319, -8.00620374, 0.0, 0.0, 32.02481496]",48.0,7.527083333333334e-06,remote
1760_9,slab,-297.60847029,44151.432,True,"[3.97987912, 0.0, 0.0, 0.0, 16.40332319, -4.00310187, 0.0, 0.0, 28.02171309]",48.0,8.583333333333333e-07,remote
1762_44,slab,-314.78313436,109429.264,True,"[13.03448442, 0.0, 0.0, 0.0, 7.52546309, -3.94307492, 0.0, 0.0, 31.54459933]",54.0,0.0,remote
1763_6,slab,-182.11119899,11848.41,True,"[6.09668273, 0.0, 0.0, 0.0, 6.09668273, 0.0, 0.0, 0.0, 30.48341365]",32.0,1.25e-08,remote
1765_1,slab,-498.17787186,43170.474,True,"[6.40256734, 0.0, -6.40256734, -0.0, 6.40256734, -6.40256734, 0.0, 0.0, 51.22053875]",48.0,1.25e-08,remote
1767_12,slab,-307.81666298,59239.674,True,"[9.93414147, 0.0, 0.0, 0.0, 6.91572806, -7.98559491, 0.0, 0.0, 39.92797457]",64.0,1.5625e-09,remote
1767_19,slab,-229.96517246,135097.08,True,"[3.45786403, 0.0, -1.99639873, 0.0, 19.86828294, -3.99279746, 0.0, 0.0, 31.94237966]",48.0,0.0,remote
1767_20,slab,-230.03464399,71611.956,True,"[3.45786403, 0.0, -1.99639873, 0.0, 19.86828294, -3.99279746, 0.0, 0.0, 31.94237966]",48.0,0.0,remote
1768_32,slab,-340.47015749,85429.125,True,"[10.04516503, 0.0, 0.0, 0.0, 15.60856675, -5.6064656, 0.0, 0.0, 28.03232799]",80.0,1.25e-09,remote
1768_34,slab,-341.66671948,133548.288,True,"[10.04516503, 0.0, 0.0, 0.0, 15.60856675, -5.6064656, 0.0, 0.0, 28.03232799]",80.0,5e-09,remote
1769_1,slab,-321.76753381,40486.92,True,"[6.45567297, 0.0, 6.45567297, 6.45567297, 6.45567297, -0.0, 0.0, 0.0, 51.64538372]",48.0,1.0416666666666666e-08,remote
1769_6,slab,-215.35008453,18111.742,True,"[6.45567297, 0.0, 0.0, 0.0, 6.45567297, 0.0, 0.0, 0.0, 32.27836483]",32.0,1.128125e-06,remote
1770_12,slab,-190.13209869,111143.455,True,"[8.38358619, 0.0, -4.1917931, -0.0, 14.24641934, -4.1917931, 0.0, 0.0, 33.53434477]",72.0,0.0,remote
1777_3,slab,-585.0045956,177243.699,True,"[3.72699825, 0.0, -3.72699825, -0.0, 19.21217105, -3.72699825, 0.0, 0.0, 37.26998252]",80.0,0.0425185,remote
1779_4,slab,-217.99680463,99243.35,True,"[14.33385181, 0.0, 0.0, 0.0, 3.73211316, -3.73211316, 0.0, 0.0, 37.32113156]",40.0,0.49643728,remote
1784_5,slab,-570.05206237,314230.531,True,"[7.9220825, 0.0, -3.96104125, 0.0, 9.534285, -3.96104125, 0.0, 0.0, 35.64937125]",80.0,0.21561088625,remote
1785_3,slab,-522.78666301,81976.016,True,"[6.3394547, 0.0, 0.0, -0.0, 6.3394547, 6.3394547, 0.0, 0.0, 44.37618287]",48.0,0.07927341458333333,remote
1788_0,slab,-232.93105607,37106.694,True,"[6.3878995, 0.0, -6.3878995, -0.0, 6.3878995, -6.3878995, 0.0, 0.0, 51.103196]",48.0,0.9573776416666666,remote
1791_13,slab,-368.29240543,99134.806,True,"[4.10264247, 0.0, 0.0, 0.0, 20.08693956, -4.10264247, 0.0, 0.0, 28.7184973]",60.0,0.0,remote
1791_14,slab,-366.6752329,69610.66,True,"[4.10264247, 0.0, 0.0, 0.0, 20.08693956, -4.10264247, 0.0, 0.0, 28.7184973]",60.0,0.0,remote
1791_18,slab,-245.62545946,29138.273,True,"[4.10264247, 0.0, 0.0, -0.0, 10.04346978, -8.20528494, 0.0, 0.0, 36.92378225]",40.0,0.0,remote
1794_12,slab,-219.77037355,24144.469,True,"[3.89079126, 0.0, 0.0, 0.0, 10.33153935, -3.89079126, 0.0, 0.0, 31.12633006]",30.0,0.8652143999999999,remote
1794_17,slab,-369.31628853,51035.209,True,"[3.89079126, 0.0, -3.89079126, -0.0, 10.33153935, -7.78158251, 0.0, 0.0, 46.68949509]",50.0,0.8886067900000001,remote
1794_4,slab,-293.29072038,32966.577,True,"[10.33153935, 0.0, 0.0, 0.0, 3.89079126, -3.89079126, 0.0, 0.0, 38.90791257]",40.0,0.8948607799999999,remote
1796_6,slab,-252.75165384,42227.421,True,"[5.99936424, 0.0, 0.0, 0.0, 5.99936424, 0.0, 0.0, 0.0, 29.99682118]",32.0,0.757152584375,remote
1799_2,slab,-236.58403412,120081.198,True,"[4.22768271, 0.0, -4.22768271, 0.0, 13.70036542, -4.22768271, 0.0, 0.0, 42.27682714]",56.0,0.02218040357142857,remote
1799_3,slab,-236.89421753,258984.304,True,"[4.22768271, 0.0, -4.22768271, 0.0, 13.70036542, -4.22768271, 0.0, 0.0, 42.27682714]",56.0,0.011509726785714285,remote
1803_44,slab,-394.39833441,98254.507,True,"[7.99207695, 0.0, 0.0, 7.99207695, 13.84268334, 3.50024308, 0.0, 0.0, 28.00194464]",54.0,1.8518518518518518e-09,remote
1803_47,slab,-395.03078831,110927.924,True,"[7.99207695, 0.0, 0.0, 7.99207695, 13.84268334, 3.50024308, 0.0, 0.0, 28.00194464]",54.0,1.8518518518518518e-09,remote
1805_6,slab,-174.79879212,3612.303,True,"[5.44325899, 0.0, 0.0, 0.0, 5.44325899, 0.0, 0.0, 0.0, 27.21629493]",32.0,0.074430278125,remote
1808_5,slab,-288.62338228,126482.891,True,"[6.34195428, 0.0, 0.0, 0.0, 12.68390857, -6.34195428, 0.0, 0.0, 31.70977142]",64.0,0.0,remote
1809_5,slab,-389.76289279,77134.062,True,"[6.5625103, 0.0, 0.0, 0.0, 13.1250206, -6.5625103, 0.0, 0.0, 32.8125515]",64.0,4.890625e-07,remote
1811_6,slab,-264.09040133,19127.464,True,"[6.5030402, 0.0, 0.0, 0.0, 6.5030402, 0.0, 0.0, 0.0, 32.51520101]",32.0,0.035235015625,remote
1816_3,slab,-197.46638919,21649.947,True,"[6.41865684, 0.0, 0.0, 0.0, 6.41865684, -6.41865684, 0.0, 0.0, 44.93059788]",48.0,6.25e-09,remote
1816_5,slab,-258.83425529,86691.126,True,"[6.41865684, 0.0, 0.0, 0.0, 12.83731368, -6.41865684, 0.0, 0.0, 32.0932842]",64.0,0.0,remote
1817_5,slab,-185.04139589,67250.749,True,"[6.68409821, 0.0, 0.0, 0.0, 13.36819642, -6.68409821, 0.0, 0.0, 33.42049105]",64.0,0.0,remote
1821_12,slab,,,False,,,,remote
1824_3,slab,-321.4685554,42726.495,True,"[6.20995162, 0.0, 0.0, 0.0, 6.20995162, -6.20995162, 0.0, 0.0, 43.46966134]",48.0,1.25e-08,remote
1826_0,slab,-155.59759918,84094.521,True,"[6.87866322, 0.0, -6.87866322, -0.0, 6.87866322, -6.87866322, 0.0, 0.0, 48.15064255]",48.0,6.458333333333333e-08,remote
1826_1,slab,-158.15423566,63725.967,True,"[6.87866322, 0.0, -6.87866322, -0.0, 6.87866322, -6.87866322, 0.0, 0.0, 48.15064255]",48.0,0.07275843541666667,remote
1826_3,slab,-160.92985393,47224.613,True,"[6.87866322, 0.0, 0.0, 0.0, 6.87866322, -6.87866322, 0.0, 0.0, 48.15064255]",48.0,0.06464922916666667,remote
1832_3,slab,-120.27712574,106348.019,True,"[10.66793445, 0.0, 4.51572888, 15.75621689, 5.35015966, 0.0, 0.0, 0.0, 45.15728882]",48.0,0.0,remote
1833_4,slab,-211.33734471,23600.159,True,"[8.19944384, 0.0, -4.09972192, -0.0, 8.09543798, -4.09972192, 0.0, 0.0, 32.79777536]",48.0,0.0,remote
1834_3,slab,-187.69326168,30280.355,True,"[5.81564689, 0.0, 0.0, 0.0, 5.81564689, -5.81564689, 0.0, 0.0, 40.70952826]",48.0,0.0,remote
1834_5,slab,-245.56286171,106111.48,True,"[5.81564689, 0.0, 0.0, 0.0, 11.63129379, -5.81564689, 0.0, 0.0, 29.07823447]",64.0,0.0,remote
1841_6,slab,-295.46815181,28304.8,True,"[6.44878061, 0.0, 0.0, 0.0, 6.44878061, 0.0, 0.0, 0.0, 32.24390303]",32.0,0.08583895,remote
1846_1,slab,-330.83880913,18271.963,True,"[6.22780231, 0.0, -6.22780231, -0.0, 6.22780231, -6.22780231, 0.0, 0.0, 49.82241847]",48.0,2.7083333333333334e-08,remote
1850_0,slab,-136.58887012,16273.835,True,"[6.10634239, 0.0, -6.10634239, -0.0, 6.10634239, -6.10634239, 0.0, 0.0, 48.85073914]",48.0,0.0,remote
1855_2,slab,-102.97098872,55109.865,True,"[7.76350761, 0.0, -7.76350761, 0.0, 15.52701521, -7.76350761, 0.0, 0.0, 38.81753803]",64.0,1.5625e-09,remote
1855_3,slab,-52.67708555,9584.1,True,"[7.76350761, 0.0, 0.0, 0.0, 7.76350761, -7.76350761, 0.0, 0.0, 38.81753803]",32.0,1e-07,remote
1855_5,slab,-106.71778029,124566.415,True,"[7.76350761, 0.0, 0.0, 0.0, 15.52701521, -7.76350761, 0.0, 0.0, 38.81753803]",64.0,6.25e-09,remote
1856_19,slab,-178.73214629,55366.725,True,"[5.85636058, 0.0, 0.0, 5.85636058, 5.85636058, 6.64066826, 0.0, 0.0, 46.48467785]",42.0,0.0,remote
1859_68,slab,-531.02827347,211930.447,True,"[10.79502194, 0.0, 4.29563244, 26.44747653, 8.98713983, 0.0, 0.0, 0.0, 42.9563244]",80.0,5e-09,remote
1859_69,slab,-531.71518653,217182.083,True,"[10.79502194, 0.0, 4.29563244, 26.44747653, 8.98713983, 0.0, 0.0, 0.0, 42.9563244]",80.0,0.0,remote
1859_9,slab,-400.73638698,111074.343,True,"[10.21583743, 0.0, 0.0, 5.13282366, 9.49666362, 4.29563244, 0.0, 0.0, 30.06942708]",60.0,0.00021119,remote
1861_3,slab,-450.87401523,68125.749,True,"[6.17272075, 0.0, 0.0, 0.0, 6.17272075, -6.17272075, 0.0, 0.0, 43.20904525]",48.0,4.375e-08,remote
1862_26,slab,-163.45303305,89001.873,True,"[3.66141675, 0.0, -2.11391995, 0.0, 16.12075033, -4.2278399, 0.0, 0.0, 33.82271917]",54.0,0.0,remote
1862_9,slab,-137.67893479,35040.135,True,"[8.06037517, 0.0, 0.0, 0.0, 3.66141675, -6.34175985, 0.0, 0.0, 54.96191866]",45.0,2.222222222222222e-09,remote
1863_25,slab,,,False,,,,remote
1863_41,slab,,,False,,,,remote
1863_55,slab,,,False,,,,remote
1866_5,slab,-455.49851735,320842.909,True,"[8.40355698, 0.0, -9.70359177, -0.0, 6.7186617, -4.85179588, 0.0, 0.0, 48.51795884]",72.0,1.1438888888888888e-05,remote
1866_9,slab,,,False,,,,remote
1868_0,slab,-208.56137781,12373.763,True,"[6.27951153, 0.0, -6.27951153, -0.0, 6.27951153, -6.27951153, 0.0, 0.0, 50.2360922]",48.0,2.0833333333333334e-09,remote
1868_1,slab,-210.52572784,8947.014,True,"[6.27951153, 0.0, -6.27951153, -0.0, 6.27951153, -6.27951153, 0.0, 0.0, 50.2360922]",48.0,0.0,remote
1868_9,slab,-139.17235057,15830.955,True,"[6.27951153, 0.0, 0.0, 0.0, 6.27951153, 0.0, 0.0, 0.0, 31.39755763]",32.0,0.0,remote
1869_78,slab,-252.59414063,179652.193,True,"[16.68959315, 0.0, 6.49289474, 30.78773601, 8.93223865, 20.41432973, 0.0, 0.0, 37.14270122]",72.0,0.020837479166666666,remote
1871_3,slab,-133.84311046,33589.185,True,"[6.50359503, 0.0, 0.0, 0.0, 6.50359503, -6.50359503, 0.0, 0.0, 45.52516519]",48.0,6.25e-09,remote
1872_9,slab,-391.0533444,213330.67,True,"[10.73352636, 0.0, 0.0, 0.0, 7.88172402, -3.94086201, 0.0, 0.0, 31.5268961]",60.0,0.8309789266666667,remote
1874_6,slab,-228.99643518,20421.524,True,"[6.29111729, 0.0, 0.0, 0.0, 6.29111729, 0.0, 0.0, 0.0, 31.45558647]",32.0,6.125e-06,remote
1875_3,slab,-512.96746321,63074.818,True,"[6.32142692, 0.0, 0.0, 0.0, 6.32142692, -6.32142692, 0.0, 0.0, 44.24998844]",48.0,1.875e-08,remote
1877_8,slab,-264.8248088,17910.654,True,"[8.59861093, 0.0, 0.0, 0.0, 7.70790601, -3.853953, 0.0, 0.0, 30.83162402]",48.0,0.0,remote
1882_5,slab,-376.00222316,259606.599,True,"[6.02975738, 0.0, 0.0, 0.0, 12.05951476, -6.02975738, 0.0, 0.0, 30.14878691]",64.0,0.0381517296875,remote
1883_10,slab,-220.00403756,38172.025,True,"[3.6088772, 0.0, 0.0, 0.0, 13.51930588, -3.62777074, 0.0, 0.0, 29.02216595]",36.0,0.0523936,remote
1883_13,slab,-219.12421828,32597.354,True,"[3.6088772, 0.0, 0.0, 0.0, 13.51930588, -3.62777074, 0.0, 0.0, 29.02216595]",36.0,0.053562791666666665,remote
1883_23,slab,-440.81630824,142030.37,True,"[3.6088772, 0.0, 0.0, 0.0, 27.03861177, -3.62777074, 0.0, 0.0, 29.02216595]",72.0,0.05525899305555556,remote
1889_3,slab,-115.52783629,24818.539,True,"[6.99865589, 0.0, 0.0, 0.0, 6.99865589, -6.99865589, 0.0, 0.0, 48.9905912]",48.0,7.708333333333333e-08,remote
1891_5,slab,-132.15830944,92815.567,True,"[6.61822707, 0.0, 0.0, 0.0, 13.23645414, -6.61822707, 0.0, 0.0, 33.09113535]",64.0,0.0,remote
1894_0,slab,-324.91976747,21288.85,True,"[6.01628049, 0.0, -6.01628049, -0.0, 6.01628049, -6.01628049, 0.0, 0.0, 48.13024388]",48.0,0.11176009166666667,remote
1900_29,slab,-351.64514246,183682.531,True,"[7.94737861, 0.0, -2.09008889, -0.0, 11.45849111, -10.17583123, 0.0, 0.0, 50.87915615]",80.0,0.0,remote
1900_82,slab,-352.32552779,241225.285,True,"[5.72924555, 0.0, 0.0, -0.0, 19.68238287, 13.39391037, 0.0, 0.0, 41.08810603]",80.0,0.0,remote
