id,type,energy,time,convergence,lattice_1d,atom_amount,mag_per_atom,runtype
0_0,bulk,-23.52674229,101.695,TRUE,"[7.92786231, 0.0, 0.0, 3.96393115, 2.28857672, 2.82886, 0.0, 0.0, 2.82886]",3,2.05E-05,local
0_10,bulk,-23.5248553,193.343,TRUE,"[4.57715344, 0.0, 0.0, 2.28857672, 3.96393115, 2.82886, 0.0, 0.0, 2.82886]",3,2.22E-05,local
0_11,bulk,-47.04350419,132.486,TRUE,"[3.96393115, 0.0, -2.28857672, -0.0, 5.65772, -4.57715344, 0.0, 0.0, 4.57715344]",6,4.33E-05,local
0_12,bulk,-47.04350419,137.792,TRUE,"[3.96393115, 0.0, -2.28857672, -0.0, 5.65772, -4.57715344, 0.0, 0.0, 4.57715344]",6,4.33E-05,local
0_13,bulk,-23.52325028,38.291,TRUE,"[3.96393115, 0.0, -2.28857672, 0.0, 2.82886, 0.0, 0.0, 0.0, 4.57715344]",3,2.60E-05,local
0_14,bulk,-23.52325028,33.708,TRUE,"[3.96393115, 0.0, -2.28857672, 0.0, 2.82886, 0.0, 0.0, 0.0, 4.57715344]",3,2.60E-05,local
0_15,bulk,-47.04836051,145.171,TRUE,"[7.92786231, 0.0, 0.0, -0.0, 4.57715344, -2.82886, 0.0, 0.0, 2.82886]",6,5.89E-05,local
0_16,bulk,-47.05125621,146.451,TRUE,"[4.57715344, 0.0, 0.0, 4.57715344, 7.92786231, 2.82886, 0.0, 0.0, 2.82886]",6,5.03E-05,local
0_17,bulk,-47.05125621,163.119,TRUE,"[4.57715344, 0.0, 0.0, 4.57715344, 7.92786231, 2.82886, 0.0, 0.0, 2.82886]",6,5.03E-05,local
0_18,bulk,-23.5232503,42.52,TRUE,"[4.57715344, 0.0, 0.0, -2.28857672, 3.96393115, 0.0, 0.0, 0.0, 2.82886]",3,2.59E-05,local
0_1,bulk,-47.04418968,138.125,TRUE,"[3.96393115, 0.0, -6.86573015, -0.0, 5.65772, -4.57715344, 0.0, 0.0, 4.57715344]",6,8.33E-08,local
0_2,bulk,-23.52412967,36.046,TRUE,"[2.82886, 0.0, 0.0, 0.0, 3.96393115, -6.86573015, 0.0, 0.0, 4.57715344]",3,4.82E-05,local
0_3,bulk,-47.05101952,204.914,TRUE,"[12.11000971, 0.0, 0.0, 3.46000277, 2.9964503, 2.82886, 0.0, 0.0, 2.82886]",6,7.30E-05,local
0_4,bulk,-47.05101952,195.694,TRUE,"[12.11000971, 0.0, 0.0, 3.46000277, 2.9964503, 2.82886, 0.0, 0.0, 2.82886]",6,7.30E-05,local
0_5,bulk,-94.0924013,422.069,TRUE,"[7.92786231, 0.0, -9.15430687, 0.0, 5.65772, -4.57715344, 0.0, 0.0, 4.57715344]",12,1.54E-05,local
0_6,bulk,-94.0924013,538.788,TRUE,"[7.92786231, 0.0, -9.15430687, 0.0, 5.65772, -4.57715344, 0.0, 0.0, 4.57715344]",12,1.54E-05,local
0_7,bulk,-47.05036641,145.408,TRUE,"[2.82886, 0.0, 0.0, 0.0, 7.92786231, -9.15430687, 0.0, 0.0, 4.57715344]",6,4.84E-05,local
0_8,bulk,-47.05036641,153.664,TRUE,"[2.82886, 0.0, 0.0, 0.0, 7.92786231, -9.15430687, 0.0, 0.0, 4.57715344]",6,4.84E-05,local
0_9,bulk,-23.5248553,194.504,TRUE,"[4.57715344, 0.0, 0.0, 2.28857672, 3.96393115, 2.82886, 0.0, 0.0, 2.82886]",3,2.22E-05,local
10_0,bulk,-19.84990122,73.032,TRUE,"[2.77011776, 0.0, -4.79798471, -0.0, 5.05863472, -3.19865647, 0.0, 0.0, 3.19865647]",2,0.00023635,local
10_10,bulk,-19.84981935,69.629,TRUE,"[2.77011776, 0.0, -1.59932824, 0.0, 5.05863472, -3.19865647, 0.0, 0.0, 3.19865647]",2,0.00024,local
10_11,bulk,-39.70042223,72.33,TRUE,"[2.77011776, 0.0, -1.59932824, 0.0, 10.11726944, -3.19865647, 0.0, 0.0, 3.19865647]",4,0.00054975,local
10_12,bulk,-39.70042223,88.026,TRUE,"[2.77011776, 0.0, -1.59932824, 0.0, 10.11726944, -3.19865647, 0.0, 0.0, 3.19865647]",4,0.00054975,local
10_13,bulk,-19.85199589,20.02,TRUE,"[2.77011776, 0.0, -1.59932824, 0.0, 5.05863472, 0.0, 0.0, 0.0, 3.19865647]",2,0.00025615,local
10_14,bulk,-19.85199589,20.96,TRUE,"[2.77011776, 0.0, -1.59932824, 0.0, 5.05863472, 0.0, 0.0, 0.0, 3.19865647]",2,0.00025615,local
10_15,bulk,-39.69788195,97.594,TRUE,"[5.54023552, 0.0, 0.0, -0.0, 5.05863472, 3.19865647, 0.0, 0.0, 3.19865647]",4,5.14E-05,local
10_16,bulk,-39.7012477,105.787,TRUE,"[3.19865647, 0.0, 0.0, 3.19865647, 5.54023552, 5.05863472, 0.0, 0.0, 5.05863472]",4,4.57E-05,local
10_17,bulk,-39.7012477,100.642,TRUE,"[3.19865647, 0.0, 0.0, 3.19865647, 5.54023552, 5.05863472, 0.0, 0.0, 5.05863472]",4,4.57E-05,local
10_18,bulk,-19.85199596,16.624,TRUE,"[3.19865647, 0.0, 0.0, -1.59932824, 2.77011776, 0.0, 0.0, 0.0, 5.05863472]",2,0.00024745,local
10_1,bulk,-39.70306295,73.837,TRUE,"[2.77011776, 0.0, -4.79798471, -0.0, 10.11726944, -3.19865647, 0.0, 0.0, 3.19865647]",4,0.000442475,local
10_2,bulk,-19.84971967,52.393,TRUE,"[5.05863472, 0.0, 0.0, 0.0, 2.77011776, -4.79798471, 0.0, 0.0, 3.19865647]",2,0.00026605,local
10_3,bulk,-39.70367686,109.174,TRUE,"[5.54023552, 0.0, -6.39731294, 0.0, 5.05863472, -3.19865647, 0.0, 0.0, 3.19865647]",4,3.91E-05,local
10_4,bulk,-39.70367686,113.685,TRUE,"[5.54023552, 0.0, -6.39731294, 0.0, 5.05863472, -3.19865647, 0.0, 0.0, 3.19865647]",4,3.91E-05,local
10_5,bulk,-79.41222833,227.189,TRUE,"[5.54023552, 0.0, -6.39731294, -0.0, 10.11726944, -3.19865647, 0.0, 0.0, 3.19865647]",8,0.000367988,local
10_6,bulk,-79.41222833,176.347,TRUE,"[5.54023552, 0.0, -6.39731294, -0.0, 10.11726944, -3.19865647, 0.0, 0.0, 3.19865647]",8,0.000367988,local
10_7,bulk,-39.70348038,68.337,TRUE,"[5.05863472, 0.0, 0.0, 0.0, 5.54023552, -6.39731294, 0.0, 0.0, 3.19865647]",4,4.97E-05,local
10_8,bulk,-39.70348038,67.061,TRUE,"[5.05863472, 0.0, 0.0, 0.0, 5.54023552, -6.39731294, 0.0, 0.0, 3.19865647]",4,4.97E-05,local
10_9,bulk,-19.84981935,58.807,TRUE,"[2.77011776, 0.0, -1.59932824, 0.0, 5.05863472, -3.19865647, 0.0, 0.0, 3.19865647]",2,0.00024,local
11_0,bulk,-19.99194195,176.093,TRUE,"[3.11794139, 0.0, 5.40043291, 3.11794139, 25.13062152, 1.8001443, 0.0, 0.0, 3.60028861]",9,0.000110956,local
11_10,bulk,-79.85448981,5167.866,TRUE,"[6.23588279, 0.0, 7.20057721, 0.0, 50.26124305, 3.60028861, 0.0, 0.0, 3.60028861]",36,2.71E-06,local
11_11,bulk,-40.03546725,1108.154,TRUE,"[6.23588279, 0.0, 7.20057721, -0.0, 25.13062152, 3.60028861, 0.0, 0.0, 3.60028861]",18,4.78E-07,local
11_12,bulk,-40.03546725,1418.011,TRUE,"[6.23588279, 0.0, 7.20057721, -0.0, 25.13062152, 3.60028861, 0.0, 0.0, 3.60028861]",18,4.78E-07,local
11_13,bulk,-20.03099745,276.715,TRUE,"[3.11794139, 0.0, -1.8001443, -0.0, 25.13062152, -3.60028861, 0.0, 0.0, 3.60028861]",9,4.89E-05,local
11_14,bulk,-20.03099745,193.581,TRUE,"[3.11794139, 0.0, -1.8001443, -0.0, 25.13062152, -3.60028861, 0.0, 0.0, 3.60028861]",9,4.89E-05,local
11_15,bulk,-39.91397623,1417.211,TRUE,"[3.11794139, 0.0, -1.8001443, -0.0, 50.26124305, -3.60028861, 0.0, 0.0, 3.60028861]",18,0.000156517,local
11_16,bulk,-39.91397623,1240.057,TRUE,"[3.11794139, 0.0, -1.8001443, -0.0, 50.26124305, -3.60028861, 0.0, 0.0, 3.60028861]",18,0.000156517,local
11_17,bulk,-20.03650655,76.153,TRUE,"[3.11794139, 0.0, -1.8001443, 0.0, 25.13062152, 0.0, 0.0, 0.0, 3.60028861]",9,2.57E-05,local
11_18,bulk,-39.91394312,1158.85,TRUE,"[3.11794139, 0.0, -1.8001443, 0.0, 50.26124305, 3.60028861, 0.0, 0.0, 3.60028861]",18,0.000156844,local
11_19,bulk,-39.91394311,1019.293,TRUE,"[3.11794139, 0.0, -1.8001443, 0.0, 50.26124305, 3.60028861, 0.0, 0.0, 3.60028861]",18,0.000156844,local
11_1,bulk,-19.99194195,294.511,TRUE,"[3.11794139, 0.0, 5.40043291, 3.11794139, 25.13062152, 1.8001443, 0.0, 0.0, 3.60028861]",9,0.000110956,local
11_20,bulk,-20.03096761,171.456,TRUE,"[3.11794139, 0.0, -1.8001443, -0.0, 25.13062152, 3.60028861, 0.0, 0.0, 3.60028861]",9,4.87E-05,local
11_21,bulk,-20.03096761,176.038,TRUE,"[3.11794139, 0.0, -1.8001443, -0.0, 25.13062152, 3.60028861, 0.0, 0.0, 3.60028861]",9,4.87E-05,local
11_22,bulk,-40.05506836,743.938,TRUE,"[6.23588279, 0.0, -0.0, 0.0, 25.13062152, 3.60028861, 0.0, 0.0, 3.60028861]",18,1.27E-05,local
11_23,bulk,-40.05506836,614.134,TRUE,"[6.23588279, 0.0, -0.0, 0.0, 25.13062152, 3.60028861, 0.0, 0.0, 3.60028861]",18,1.27E-05,local
11_24,bulk,-19.94021891,229.848,TRUE,"[3.11794139, 0.0, -1.8001443, -0.0, 25.13062152, -7.20057721, 0.0, 0.0, 3.60028861]",9,0.000100722,local
11_25,bulk,-19.94021891,142.609,TRUE,"[3.11794139, 0.0, -1.8001443, -0.0, 25.13062152, -7.20057721, 0.0, 0.0, 3.60028861]",9,0.000100722,local
11_26,bulk,-19.94021551,233.158,TRUE,"[3.11794139, 0.0, -1.8001443, -0.0, 25.13062152, 7.20057721, 0.0, 0.0, 3.60028861]",9,0.0001012,local
11_27,bulk,-19.94021551,232.033,TRUE,"[3.11794139, 0.0, -1.8001443, -0.0, 25.13062152, 7.20057721, 0.0, 0.0, 3.60028861]",9,0.0001012,local
11_28,bulk,-20.03650682,95.647,TRUE,"[3.60028861, 0.0, 0.0, -1.8001443, 3.11794139, 0.0, 0.0, 0.0, 25.13062152]",9,2.56E-05,local
11_29,bulk,-20.03650682,82.487,TRUE,"[3.60028861, 0.0, 0.0, -1.8001443, 3.11794139, 0.0, 0.0, 0.0, 25.13062152]",9,2.56E-05,local
11_2,bulk,-39.75348066,1496.74,TRUE,"[3.11794139, 0.0, 5.40043291, 3.11794139, 50.26124305, 1.8001443, 0.0, 0.0, 3.60028861]",18,6.33E-07,local
11_3,bulk,-19.97033812,152.974,TRUE,"[25.13062152, 0.0, 0.0, -0.0, 3.11794139, 5.40043291, 0.0, 0.0, 3.60028861]",9,2.59E-06,local
11_4,bulk,-40.11493654,573.477,TRUE,"[6.23588279, 0.0, -7.20057721, 0.0, 25.13062152, -3.60028861, 0.0, 0.0, 3.60028861]",18,0.000149178,local
11_5,bulk,-40.11493654,674.968,TRUE,"[6.23588279, 0.0, -7.20057721, 0.0, 25.13062152, -3.60028861, 0.0, 0.0, 3.60028861]",18,0.000149178,local
11_6,bulk,-79.83060306,4509.715,TRUE,"[6.23588279, 0.0, -7.20057721, 0.0, 50.26124305, -3.60028861, 0.0, 0.0, 3.60028861]",36,6.59E-06,local
11_7,bulk,-79.83060306,5231.754,TRUE,"[6.23588279, 0.0, -7.20057721, 0.0, 50.26124305, -3.60028861, 0.0, 0.0, 3.60028861]",36,6.59E-06,local
11_8,bulk,-40.12149206,534.938,TRUE,"[25.13062152, 0.0, 0.0, 0.0, 6.23588279, -7.20057721, 0.0, 0.0, 3.60028861]",18,3.74E-05,local
11_9,bulk,-79.85448981,6011.848,TRUE,"[6.23588279, 0.0, 7.20057721, 0.0, 50.26124305, 3.60028861, 0.0, 0.0, 3.60028861]",36,2.71E-06,local
12_0,bulk,-12.49714714,128.994,TRUE,"[2.8752276, 0.0, -4.98004028, 0.0, 5.16249699, -3.32002685, 0.0, 0.0, 3.32002685]",2,0.0004856,local
12_10,bulk,-12.49776726,83.862,TRUE,"[2.8752276, 0.0, -1.66001343, 0.0, 5.16249699, -3.32002685, 0.0, 0.0, 3.32002685]",2,0.0004227,local
12_11,bulk,-24.99556334,139.472,TRUE,"[2.8752276, 0.0, -1.66001343, 0.0, 10.32499397, -3.32002685, 0.0, 0.0, 3.32002685]",4,0.000122475,local
12_12,bulk,-24.99556334,166.066,TRUE,"[2.8752276, 0.0, -1.66001343, 0.0, 10.32499397, -3.32002685, 0.0, 0.0, 3.32002685]",4,0.000122475,local
12_13,bulk,-12.4977457,26.938,TRUE,"[2.8752276, 0.0, -1.66001343, 0.0, 5.16249699, 0.0, 0.0, 0.0, 3.32002685]",2,0.001202,local
12_14,bulk,-12.4977457,30.592,TRUE,"[2.8752276, 0.0, -1.66001343, 0.0, 5.16249699, 0.0, 0.0, 0.0, 3.32002685]",2,0.001202,local
12_15,bulk,-24.99688317,193.085,TRUE,"[5.75045519, 0.0, -0.0, 0.0, 5.16249699, 3.32002685, 0.0, 0.0, 3.32002685]",4,0.000162225,local
12_16,bulk,-24.99711733,237.383,TRUE,"[3.32002685, 0.0, 0.0, 3.32002685, 5.75045519, 5.16249699, 0.0, 0.0, 5.16249699]",4,0.00054665,local
12_17,bulk,-24.99711733,183.097,TRUE,"[3.32002685, 0.0, 0.0, 3.32002685, 5.75045519, 5.16249699, 0.0, 0.0, 5.16249699]",4,0.00054665,local
12_18,bulk,-12.49774579,63.439,TRUE,"[3.32002685, 0.0, 0.0, -1.66001343, 2.8752276, 0.0, 0.0, 0.0, 5.16249699]",2,0.00123425,local
12_1,bulk,-24.99355568,179.289,TRUE,"[2.8752276, 0.0, -4.98004028, -0.0, 10.32499397, -3.32002685, 0.0, 0.0, 3.32002685]",4,0.0056676,local
12_2,bulk,-12.49692872,80.527,TRUE,"[5.16249699, 0.0, 0.0, 0.0, 2.8752276, -4.98004028, 0.0, 0.0, 3.32002685]",2,0.000485,local
12_3,bulk,-24.9957198,268.844,TRUE,"[5.75045519, 0.0, -6.6400537, 0.0, 5.16249699, -3.32002685, 0.0, 0.0, 3.32002685]",4,0.001953875,local
12_4,bulk,-24.9957198,177.415,TRUE,"[5.75045519, 0.0, -6.6400537, 0.0, 5.16249699, -3.32002685, 0.0, 0.0, 3.32002685]",4,0.001953875,local
12_5,bulk,-49.99070038,326.61,TRUE,"[5.75045519, 0.0, -6.6400537, 0.0, 10.32499397, -3.32002685, 0.0, 0.0, 3.32002685]",8,0.00198075,local
12_6,bulk,-49.99070038,286.202,TRUE,"[5.75045519, 0.0, -6.6400537, 0.0, 10.32499397, -3.32002685, 0.0, 0.0, 3.32002685]",8,0.00198075,local
12_7,bulk,-24.99603403,111.18,TRUE,"[5.16249699, 0.0, 0.0, 0.0, 5.75045519, -6.6400537, 0.0, 0.0, 3.32002685]",4,0.002554325,local
12_8,bulk,-24.99603403,152.171,TRUE,"[5.16249699, 0.0, 0.0, 0.0, 5.75045519, -6.6400537, 0.0, 0.0, 3.32002685]",4,0.002554325,local
12_9,bulk,-12.49776726,107.646,TRUE,"[2.8752276, 0.0, -1.66001343, 0.0, 5.16249699, -3.32002685, 0.0, 0.0, 3.32002685]",2,0.0004227,local
13_0,bulk,-43.39969784,50.573,TRUE,"[5.47036725, 0.0, 5.47036725, 5.47036725, 5.47036725, -0.0, 0.0, 0.0, 5.47036725]",8,4.65E-06,local
13_1,bulk,-43.39969784,45.797,TRUE,"[5.47036725, 0.0, 5.47036725, 5.47036725, 5.47036725, -0.0, 0.0, 0.0, 5.47036725]",8,4.65E-06,local
13_2,bulk,-86.80276883,134.945,TRUE,"[5.47036725, 0.0, -5.47036725, 0.0, 10.94073449, -5.47036725, 0.0, 0.0, 5.47036725]",16,3.65E-05,local
13_3,bulk,-86.80276883,136.916,TRUE,"[5.47036725, 0.0, -5.47036725, 0.0, 10.94073449, -5.47036725, 0.0, 0.0, 5.47036725]",16,3.65E-05,local
13_4,bulk,-43.39862199,49.049,TRUE,"[5.47036725, 0.0, 0.0, 0.0, 5.47036725, -5.47036725, 0.0, 0.0, 5.47036725]",8,4.70E-06,local
13_5,bulk,-173.606658,228.859,TRUE,"[10.94073449, 0.0, -5.47036725, -0.0, 10.94073449, -5.47036725, 0.0, 0.0, 5.47036725]",32,2.50E-07,local
13_6,bulk,-86.8020634,61.198,TRUE,"[5.47036725, 0.0, 0.0, 0.0, 10.94073449, -5.47036725, 0.0, 0.0, 5.47036725]",16,3.63E-05,local
13_7,bulk,-43.39140827,15.381,TRUE,"[5.47036725, 0.0, 0.0, 0.0, 5.47036725, 0.0, 0.0, 0.0, 5.47036725]",8,4.78E-06,local
14_0,bulk,-24.43470957,279.691,TRUE,"[2.54629338, 0.0, -4.41030951, -0.0, 21.45880335, -2.94020634, 0.0, 0.0, 2.94020634]",9,3.23E-06,local
14_10,bulk,-97.62566228,2075.576,TRUE,"[5.09258677, 0.0, 5.88041268, -0.0, 42.9176067, 2.94020634, 0.0, 0.0, 2.94020634]",36,1.51E-06,local
14_11,bulk,-48.79477693,637.089,TRUE,"[5.09258677, 0.0, 5.88041268, -0.0, 21.45880335, 2.94020634, 0.0, 0.0, 2.94020634]",18,1.61E-05,local
14_12,bulk,-48.79477693,772.307,TRUE,"[5.09258677, 0.0, 5.88041268, -0.0, 21.45880335, 2.94020634, 0.0, 0.0, 2.94020634]",18,1.61E-05,local
14_13,bulk,-24.43239943,226.225,TRUE,"[2.54629338, 0.0, -1.47010317, -0.0, 21.45880335, -2.94020634, 0.0, 0.0, 2.94020634]",9,1.97E-05,local
14_14,bulk,-24.43239943,243.941,TRUE,"[2.54629338, 0.0, -1.47010317, -0.0, 21.45880335, -2.94020634, 0.0, 0.0, 2.94020634]",9,1.97E-05,local
14_15,bulk,-48.85046367,730.157,TRUE,"[2.54629338, 0.0, -1.47010317, -0.0, 42.9176067, -2.94020634, 0.0, 0.0, 2.94020634]",18,8.22E-06,local
14_16,bulk,-48.85046367,653.439,TRUE,"[2.54629338, 0.0, -1.47010317, -0.0, 42.9176067, -2.94020634, 0.0, 0.0, 2.94020634]",18,8.22E-06,local
14_17,bulk,-24.39667343,94.425,TRUE,"[2.54629338, 0.0, -1.47010317, 0.0, 21.45880335, 0.0, 0.0, 0.0, 2.94020634]",9,6.25E-05,local
14_18,bulk,-48.85043201,811.545,TRUE,"[2.54629338, 0.0, -1.47010317, -0.0, 42.9176067, 2.94020634, 0.0, 0.0, 2.94020634]",18,8.19E-06,local
14_19,bulk,-48.85043201,732.174,TRUE,"[2.54629338, 0.0, -1.47010317, -0.0, 42.9176067, 2.94020634, 0.0, 0.0, 2.94020634]",18,8.19E-06,local
14_1,bulk,-24.43470957,258.932,TRUE,"[2.54629338, 0.0, -4.41030951, -0.0, 21.45880335, -2.94020634, 0.0, 0.0, 2.94020634]",9,3.23E-06,local
14_20,bulk,-24.43240112,272.368,TRUE,"[2.54629338, 0.0, -1.47010317, 0.0, 21.45880335, 2.94020634, 0.0, 0.0, 2.94020634]",9,2.05E-05,local
14_21,bulk,-24.43240112,254.477,TRUE,"[2.54629338, 0.0, -1.47010317, 0.0, 21.45880335, 2.94020634, 0.0, 0.0, 2.94020634]",9,2.05E-05,local
14_22,bulk,-48.86954991,629.132,TRUE,"[5.09258677, 0.0, -0.0, 0.0, 21.45880335, 2.94020634, 0.0, 0.0, 2.94020634]",18,4.39E-07,local
14_23,bulk,-48.8695499,673.853,TRUE,"[5.09258677, 0.0, -0.0, 0.0, 21.45880335, 2.94020634, 0.0, 0.0, 2.94020634]",18,4.39E-07,local
14_24,bulk,-24.42580594,203.931,TRUE,"[2.54629338, 0.0, -1.47010317, -0.0, 21.45880335, -5.88041268, 0.0, 0.0, 2.94020634]",9,1.57E-05,local
14_25,bulk,-24.42580594,194.153,TRUE,"[2.54629338, 0.0, -1.47010317, -0.0, 21.45880335, -5.88041268, 0.0, 0.0, 2.94020634]",9,1.57E-05,local
14_26,bulk,-24.42576501,134.382,TRUE,"[2.54629338, 0.0, -1.47010317, -0.0, 21.45880335, 5.88041268, 0.0, 0.0, 2.94020634]",9,1.58E-05,local
14_27,bulk,-24.42576501,173.693,TRUE,"[2.54629338, 0.0, -1.47010317, -0.0, 21.45880335, 5.88041268, 0.0, 0.0, 2.94020634]",9,1.58E-05,local
14_28,bulk,-24.39667096,95.982,TRUE,"[2.94020634, 0.0, 0.0, -1.47010317, 2.54629338, 0.0, 0.0, 0.0, 21.45880335]",9,6.10E-05,local
14_29,bulk,-24.39667096,96.809,TRUE,"[2.94020634, 0.0, 0.0, -1.47010317, 2.54629338, 0.0, 0.0, 0.0, 21.45880335]",9,6.10E-05,local
14_2,bulk,-48.8640541,622.369,TRUE,"[2.54629338, 0.0, -4.41030951, -0.0, 42.9176067, -2.94020634, 0.0, 0.0, 2.94020634]",18,2.11E-06,local
14_3,bulk,-24.42005323,240.824,TRUE,"[21.45880335, 0.0, 0.0, 0.0, 2.54629338, -4.41030951, 0.0, 0.0, 2.94020634]",9,9.77E-06,local
14_4,bulk,-48.80688226,863.256,TRUE,"[5.09258677, 0.0, -5.88041268, -0.0, 21.45880335, -2.94020634, 0.0, 0.0, 2.94020634]",18,2.42E-05,local
14_5,bulk,-48.80688226,700.335,TRUE,"[5.09258677, 0.0, -5.88041268, -0.0, 21.45880335, -2.94020634, 0.0, 0.0, 2.94020634]",18,2.42E-05,local
14_6,bulk,-97.6231539,1690.875,TRUE,"[5.09258677, 0.0, -5.88041268, -0.0, 42.9176067, -2.94020634, 0.0, 0.0, 2.94020634]",36,2.44E-07,local
14_7,bulk,-97.6231539,2136.601,TRUE,"[5.09258677, 0.0, -5.88041268, -0.0, 42.9176067, -2.94020634, 0.0, 0.0, 2.94020634]",36,2.44E-07,local
14_8,bulk,-48.79095844,1013.455,TRUE,"[21.45880335, 0.0, 0.0, 0.0, 5.09258677, -5.88041268, 0.0, 0.0, 2.94020634]",18,5.02E-05,local
14_9,bulk,-97.62566228,2120.562,TRUE,"[5.09258677, 0.0, 5.88041268, -0.0, 42.9176067, 2.94020634, 0.0, 0.0, 2.94020634]",36,1.51E-06,local
15_0,bulk,-24.82734908,61.654,TRUE,"[3.7975597, 0.0, -6.57756634, -0.0, 11.40972836, -4.38504423, 0.0, 0.0, 4.38504423]",6,8.53E-06,local
15_10,bulk,-24.86051275,17.063,TRUE,"[3.7975597, 0.0, -2.19252211, 0.0, 11.40972836, 0.0, 0.0, 0.0, 4.38504423]",6,9.48E-06,local
15_11,bulk,-49.71470766,121.907,TRUE,"[3.7975597, 0.0, -2.19252211, 0.0, 22.81945671, 4.38504423, 0.0, 0.0, 4.38504423]",12,1.43E-05,local
15_12,bulk,-24.85980322,84.53,TRUE,"[3.7975597, 0.0, -2.19252211, 0.0, 11.40972836, 4.38504423, 0.0, 0.0, 4.38504423]",6,2.84E-05,local
15_13,bulk,-49.66605694,257.893,TRUE,"[7.5951194, 0.0, -0.0, -0.0, 11.40972836, 4.38504423, 0.0, 0.0, 4.38504423]",12,5.00E-08,local
15_14,bulk,-49.66605694,218.645,TRUE,"[7.5951194, 0.0, -0.0, -0.0, 11.40972836, 4.38504423, 0.0, 0.0, 4.38504423]",12,5.00E-08,local
15_15,bulk,-24.85334446,22.248,TRUE,"[3.7975597, 0.0, -2.19252211, -0.0, 11.40972836, -8.77008846, 0.0, 0.0, 4.38504423]",6,2.25E-05,local
15_16,bulk,-24.85334446,22.05,TRUE,"[3.7975597, 0.0, -2.19252211, -0.0, 11.40972836, -8.77008846, 0.0, 0.0, 4.38504423]",6,2.25E-05,local
15_17,bulk,-24.85335003,24.883,TRUE,"[3.7975597, 0.0, -2.19252211, 0.0, 11.40972836, 8.77008846, 0.0, 0.0, 4.38504423]",6,2.25E-05,local
15_18,bulk,-24.85335003,38.219,TRUE,"[3.7975597, 0.0, -2.19252211, 0.0, 11.40972836, 8.77008846, 0.0, 0.0, 4.38504423]",6,2.25E-05,local
15_19,bulk,-24.8605128,16.225,TRUE,"[4.38504423, 0.0, 0.0, -2.19252211, 3.7975597, 0.0, 0.0, 0.0, 11.40972836]",6,1.07E-05,local
15_1,bulk,-49.6470474,312.95,TRUE,"[3.7975597, 0.0, -6.57756634, -0.0, 22.81945671, -4.38504423, 0.0, 0.0, 4.38504423]",12,1.20E-06,local
15_2,bulk,-24.82467085,40.084,TRUE,"[11.40972836, 0.0, 0.0, 0.0, 3.7975597, -6.57756634, 0.0, 0.0, 4.38504423]",6,8.67E-06,local
15_3,bulk,-49.68793071,328.542,TRUE,"[7.5951194, 0.0, -8.77008846, -0.0, 11.40972836, -4.38504423, 0.0, 0.0, 4.38504423]",12,1.67E-08,local
15_4,bulk,-99.37179987,1003.914,TRUE,"[7.5951194, 0.0, -8.77008846, 0.0, 22.81945671, -4.38504423, 0.0, 0.0, 4.38504423]",24,1.45E-06,local
15_5,bulk,-49.69797837,217.667,TRUE,"[11.40972836, 0.0, 0.0, 0.0, 7.5951194, -8.77008846, 0.0, 0.0, 4.38504423]",12,4.17E-08,local
15_6,bulk,-99.37451669,525.574,TRUE,"[7.5951194, 0.0, 8.77008846, -0.0, 22.81945671, 4.38504423, 0.0, 0.0, 4.38504423]",24,6.64E-06,local
15_7,bulk,-49.68585547,199.062,TRUE,"[7.5951194, 0.0, 8.77008846, -0.0, 11.40972836, 4.38504423, 0.0, 0.0, 4.38504423]",12,3.57E-05,local
15_8,bulk,-24.85980019,47.665,TRUE,"[3.7975597, 0.0, -2.19252211, -0.0, 11.40972836, -4.38504423, 0.0, 0.0, 4.38504423]",6,2.78E-05,local
15_9,bulk,-49.71471384,125.005,TRUE,"[3.7975597, 0.0, -2.19252211, -0.0, 22.81945671, -4.38504423, 0.0, 0.0, 4.38504423]",12,1.43E-05,local
16_0,bulk,-14.91474748,95.534,TRUE,"[3.63204439, 0.0, -3.63204439, -0.0, 3.63204439, -3.63204439, 0.0, 0.0, 3.63204439]",4,3.78E-06,local
16_1,bulk,-29.83563394,223.679,TRUE,"[3.63204439, 0.0, -3.63204439, 0.0, 7.26408878, -3.63204439, 0.0, 0.0, 3.63204439]",8,8.53E-06,local
16_2,bulk,-14.91227347,97.743,TRUE,"[3.63204439, 0.0, 0.0, 0.0, 3.63204439, -3.63204439, 0.0, 0.0, 3.63204439]",4,2.25E-06,local
16_3,bulk,-59.68616362,273.629,TRUE,"[7.26408878, 0.0, -3.63204439, -0.0, 7.26408878, -3.63204439, 0.0, 0.0, 3.63204439]",16,1.40E-06,local
16_4,bulk,-29.83070597,223.177,TRUE,"[3.63204439, 0.0, 0.0, 0.0, 7.26408878, -3.63204439, 0.0, 0.0, 3.63204439]",8,5.30E-06,local
16_5,bulk,-14.91067216,26.317,TRUE,"[3.63204439, 0.0, 0.0, 0.0, 3.63204439, 0.0, 0.0, 0.0, 3.63204439]",4,1.65E-06,local
17_0,bulk,-57.8562435,511.333,TRUE,"[3.13093532, 0.0, -5.42293905, 0.0, 25.79564006, -3.6152927, 0.0, 0.0, 3.6152927]",9,5.45E-05,local
17_10,bulk,-231.4942545,5415.643,TRUE,"[6.26187064, 0.0, 7.2305854, -0.0, 51.59128012, 3.6152927, 0.0, 0.0, 3.6152927]",36,2.17E-05,local
17_11,bulk,-115.7489545,1278.212,TRUE,"[6.26187064, 0.0, 7.2305854, -0.0, 25.79564006, 3.6152927, 0.0, 0.0, 3.6152927]",18,6.65E-05,local
17_12,bulk,-115.7489545,1389.792,TRUE,"[6.26187064, 0.0, 7.2305854, -0.0, 25.79564006, 3.6152927, 0.0, 0.0, 3.6152927]",18,6.65E-05,local
17_13,bulk,-57.87246736,538.541,TRUE,"[3.13093532, 0.0, -1.80764635, -0.0, 25.79564006, -3.6152927, 0.0, 0.0, 3.6152927]",9,0.000480178,local
17_14,bulk,-57.87246736,450.03,TRUE,"[3.13093532, 0.0, -1.80764635, -0.0, 25.79564006, -3.6152927, 0.0, 0.0, 3.6152927]",9,0.000480178,local
17_15,bulk,-115.7403134,2812.296,TRUE,"[3.13093532, 0.0, -1.80764635, 0.0, 51.59128012, -3.6152927, 0.0, 0.0, 3.6152927]",18,5.75E-05,local
17_16,bulk,-115.7403134,1756.087,TRUE,"[3.13093532, 0.0, -1.80764635, 0.0, 51.59128012, -3.6152927, 0.0, 0.0, 3.6152927]",18,5.75E-05,local
17_17,bulk,-57.85785487,117.238,TRUE,"[3.13093532, 0.0, -1.80764635, 0.0, 25.79564006, 0.0, 0.0, 0.0, 3.6152927]",9,0.0004981,local
17_18,bulk,-115.7403287,2025.04,TRUE,"[3.13093532, 0.0, -1.80764635, 0.0, 51.59128012, 3.6152927, 0.0, 0.0, 3.6152927]",18,6.63E-05,local
17_19,bulk,-115.7403287,1880.988,TRUE,"[3.13093532, 0.0, -1.80764635, 0.0, 51.59128012, 3.6152927, 0.0, 0.0, 3.6152927]",18,6.63E-05,local
17_1,bulk,-57.8562435,454.602,TRUE,"[3.13093532, 0.0, -5.42293905, 0.0, 25.79564006, -3.6152927, 0.0, 0.0, 3.6152927]",9,5.45E-05,local
17_20,bulk,-57.87246914,411.874,TRUE,"[3.13093532, 0.0, -1.80764635, -0.0, 25.79564006, 3.6152927, 0.0, 0.0, 3.6152927]",9,3.96E-05,local
17_21,bulk,-57.87246914,359.11,TRUE,"[3.13093532, 0.0, -1.80764635, -0.0, 25.79564006, 3.6152927, 0.0, 0.0, 3.6152927]",9,3.96E-05,local
17_22,bulk,-115.7488071,1160.853,TRUE,"[6.26187064, 0.0, -0.0, 0.0, 25.79564006, 3.6152927, 0.0, 0.0, 3.6152927]",18,5.26E-05,local
17_23,bulk,-115.7488071,1171.845,TRUE,"[6.26187064, 0.0, -0.0, 0.0, 25.79564006, 3.6152927, 0.0, 0.0, 3.6152927]",18,5.26E-05,local
17_24,bulk,-57.86752227,283.883,TRUE,"[3.13093532, 0.0, -1.80764635, -0.0, 25.79564006, -7.2305854, 0.0, 0.0, 3.6152927]",9,0.000842189,local
17_25,bulk,-57.86752227,293.369,TRUE,"[3.13093532, 0.0, -1.80764635, -0.0, 25.79564006, -7.2305854, 0.0, 0.0, 3.6152927]",9,0.000842189,local
17_26,bulk,-57.86750814,292.264,TRUE,"[3.13093532, 0.0, -1.80764635, 0.0, 25.79564006, 7.2305854, 0.0, 0.0, 3.6152927]",9,0.000272389,local
17_27,bulk,-57.86750814,313.443,TRUE,"[3.13093532, 0.0, -1.80764635, 0.0, 25.79564006, 7.2305854, 0.0, 0.0, 3.6152927]",9,0.000272389,local
17_28,bulk,-57.857853,186.534,TRUE,"[3.6152927, 0.0, 0.0, -1.80764635, 3.13093532, 0.0, 0.0, 0.0, 25.79564006]",9,0.0001254,local
17_29,bulk,-57.857853,176.804,TRUE,"[3.6152927, 0.0, 0.0, -1.80764635, 3.13093532, 0.0, 0.0, 0.0, 25.79564006]",9,0.0001254,local
17_2,bulk,-115.6991272,1877.434,TRUE,"[3.13093532, 0.0, -5.42293905, -0.0, 51.59128012, -3.6152927, 0.0, 0.0, 3.6152927]",18,6.78E-05,local
17_3,bulk,-57.8285312,456.917,TRUE,"[25.79564006, 0.0, 0.0, 0.0, 3.13093532, -5.42293905, 0.0, 0.0, 3.6152927]",9,4.37E-06,local
17_4,bulk,-115.7526589,1262.648,TRUE,"[6.26187064, 0.0, -7.2305854, -0.0, 25.79564006, -3.6152927, 0.0, 0.0, 3.6152927]",18,0.0001559,local
17_5,bulk,-115.7526589,1232.982,TRUE,"[6.26187064, 0.0, -7.2305854, -0.0, 25.79564006, -3.6152927, 0.0, 0.0, 3.6152927]",18,0.0001559,local
17_6,bulk,-231.4940681,5181.728,TRUE,"[6.26187064, 0.0, -7.2305854, -0.0, 51.59128012, -3.6152927, 0.0, 0.0, 3.6152927]",36,7.66E-05,local
17_7,bulk,-231.4940681,7818.859,TRUE,"[6.26187064, 0.0, -7.2305854, -0.0, 51.59128012, -3.6152927, 0.0, 0.0, 3.6152927]",36,7.66E-05,local
17_8,bulk,-115.7311579,869.534,TRUE,"[25.79564006, 0.0, 0.0, 0.0, 6.26187064, -7.2305854, 0.0, 0.0, 3.6152927]",18,0.000341789,local
17_9,bulk,-231.4942545,8537.572,TRUE,"[6.26187064, 0.0, 7.2305854, -0.0, 51.59128012, 3.6152927, 0.0, 0.0, 3.6152927]",36,2.17E-05,local
18_0,bulk,-21.86392054,166.895,TRUE,"[3.51645998, 0.0, -3.51645998, -0.0, 3.51645998, -3.51645998, 0.0, 0.0, 3.51645998]",4,0.60252025,local
18_1,bulk,-43.73519946,300.563,TRUE,"[3.51645998, 0.0, -3.51645998, 0.0, 7.03291997, -3.51645998, 0.0, 0.0, 3.51645998]",8,0.6247163,local
18_2,bulk,-21.86662343,142.698,TRUE,"[3.51645998, 0.0, 0.0, 0.0, 3.51645998, -3.51645998, 0.0, 0.0, 3.51645998]",4,0.621149325,local
18_3,bulk,-87.48012849,482.405,TRUE,"[7.03291997, 0.0, -3.51645998, -0.0, 7.03291997, -3.51645998, 0.0, 0.0, 3.51645998]",16,0.626429531,local
18_4,bulk,-43.73836646,308.201,TRUE,"[3.51645998, 0.0, 0.0, 0.0, 7.03291997, -3.51645998, 0.0, 0.0, 3.51645998]",8,0.63814135,local
18_5,bulk,-21.86962262,41.106,TRUE,"[3.51645998, 0.0, 0.0, 0.0, 3.51645998, 0.0, 0.0, 0.0, 3.51645998]",4,0.63583545,local
19_0,bulk,-15.40885905,130.51,TRUE,"[4.65587733, 0.0, 4.59397396, 4.64905839, 6.55411855, 0.0, 0.0, 0.0, 4.59397396]",4,2.17E-05,local
19_10,bulk,-30.72018333,231.526,TRUE,"[9.31175465, 0.0, 4.59397396, 4.64905839, 6.55411855, 0.0, 0.0, 0.0, 4.59397396]",8,7.63E-05,local
19_11,bulk,-30.74293136,362.64,TRUE,"[6.5541221, 0.0, 0.0, -0.00968799, 9.31174961, 4.59397396, 0.0, 0.0, 4.59397396]",8,3.73E-06,local
19_12,bulk,-30.72177742,217.837,TRUE,"[6.54077724, 0.0, -0.00484399, 6.6283163, 6.54019142, 6.54443411, 0.0, 0.0, 6.5541221]",8,6.13E-07,local
19_13,bulk,-30.72338505,283.441,TRUE,"[4.59397396, 0.0, 0.0, -0.0, 9.31174961, 6.54443411, 0.0, 0.0, 6.5541221]",8,5.08E-06,local
19_14,bulk,-15.35842223,102.419,TRUE,"[4.65587733, 0.0, 0.0, 0.00681894, 6.55411855, -4.59397396, 0.0, 0.0, 4.59397396]",4,1.17E-05,local
19_15,bulk,-30.74544132,360.851,TRUE,"[4.65587733, 0.0, 0.0, 0.01363787, 13.10823711, -4.59397396, 0.0, 0.0, 4.59397396]",8,6.21E-06,local
19_16,bulk,-15.36903544,109.078,TRUE,"[4.65587733, 0.0, 0.0, 0.00681894, 6.55411855, 0.0, 0.0, 0.0, 4.59397396]",4,1.64E-05,local
19_17,bulk,-30.72669647,271.105,TRUE,"[4.65587481, 0.0, 0.00484399, 0.0, 9.18794791, 6.5541221, 0.0, 0.0, 6.5541221]",8,3.22E-05,local
19_18,bulk,-15.36903544,138.187,TRUE,"[4.65587481, 0.0, 0.00484399, 0.0, 4.59397396, 0.0, 0.0, 0.0, 6.5541221]",4,1.67E-05,local
19_1,bulk,-30.82487974,274.997,TRUE,"[4.65587733, 0.0, 4.59397396, 4.64223945, 13.10823711, 0.0, 0.0, 0.0, 4.59397396]",8,1.59E-05,local
19_2,bulk,-15.39208197,101.678,TRUE,"[6.5541221, 0.0, 0.0, -0.00484399, 4.65587481, 4.59397396, 0.0, 0.0, 4.59397396]",4,4.63E-06,local
19_3,bulk,-30.73009138,249.352,TRUE,"[9.18794791, 0.0, -4.65587733, -0.0, 6.55411855, -4.64905839, 0.0, 0.0, 4.65587733]",8,3.03E-05,local
19_4,bulk,-61.528877,1290.818,TRUE,"[9.18794791, 0.0, -4.65587733, 0.0, 13.10823711, -4.64223945, 0.0, 0.0, 4.65587733]",16,6.25E-09,local
19_5,bulk,-30.74455576,245.199,TRUE,"[6.55411855, 0.0, 0.00681894, -0.0, 9.18794791, -4.65587733, 0.0, 0.0, 4.65587733]",8,3.41E-05,local
19_6,bulk,-15.35895744,95.705,TRUE,"[4.59397396, 0.0, 0.0, 0.0, 6.55411855, -4.64905839, 0.0, 0.0, 4.65587733]",4,1.68E-05,local
19_7,bulk,-30.75759002,7855.439,TRUE,"[4.59397396, 0.0, 0.0, 0.0, 13.10823711, -4.64223945, 0.0, 0.0, 4.65587733]",8,0,local
19_8,bulk,-15.36903544,125.298,TRUE,"[4.59397396, 0.0, 0.0, 0.0, 6.55411855, 0.00681894, 0.0, 0.0, 4.65587733]",4,1.66E-05,local
19_9,bulk,-30.67586939,269.864,TRUE,"[9.31175465, 0.0, 4.59397396, 9.30493571, 6.55411855, 0.0, 0.0, 0.0, 4.59397396]",8,1.93E-05,local
1_0,bulk,-25.90454474,103.207,TRUE,"[3.18536261, 0.0, -3.18536261, -0.0, 3.18536261, -3.18536261, 0.0, 0.0, 3.18536261]",2,6.00E-07,local
1_1,bulk,-51.80830948,237.935,TRUE,"[3.18536261, 0.0, -3.18536261, 0.0, 6.37072522, -3.18536261, 0.0, 0.0, 3.18536261]",4,2.33E-06,local
1_2,bulk,-25.90634257,101.015,TRUE,"[3.18536261, 0.0, 0.0, 0.0, 3.18536261, -3.18536261, 0.0, 0.0, 3.18536261]",2,1.00E-06,local
1_3,bulk,-103.6375701,476.822,TRUE,"[6.37072522, 0.0, -3.18536261, -0.0, 6.37072522, -3.18536261, 0.0, 0.0, 3.18536261]",8,4.50E-07,local
1_4,bulk,-51.81648445,163.644,TRUE,"[3.18536261, 0.0, 0.0, 0.0, 6.37072522, -3.18536261, 0.0, 0.0, 3.18536261]",4,5.00E-07,local
1_5,bulk,-25.89873407,14.707,TRUE,"[3.18536261, 0.0, 0.0, 0.0, 3.18536261, 0.0, 0.0, 0.0, 3.18536261]",2,8.55E-06,local
20_0,bulk,-9.4265549,45.919,TRUE,"[3.90603497, 0.0, 6.76545103, 3.90603497, 5.96784108, 2.25515034, 0.0, 0.0, 4.51030069]",3,2.80E-06,local
20_10,bulk,-37.73021143,180.84,TRUE,"[7.81206995, 0.0, -9.02060137, -0.0, 11.93568216, -4.51030069, 0.0, 0.0, 4.51030069]",12,3.72E-05,local
20_11,bulk,-18.86163661,174.503,TRUE,"[5.96784108, 0.0, 0.0, 0.0, 7.81206995, -9.02060137, 0.0, 0.0, 4.51030069]",6,3.57E-05,local
20_12,bulk,-18.86163661,93.505,TRUE,"[5.96784108, 0.0, 0.0, 0.0, 7.81206995, -9.02060137, 0.0, 0.0, 4.51030069]",6,3.57E-05,local
20_13,bulk,-18.86163661,87.434,TRUE,"[5.96784108, 0.0, 0.0, 0.0, 7.81206995, -9.02060137, 0.0, 0.0, 4.51030069]",6,3.57E-05,local
20_14,bulk,-9.42942077,42.624,TRUE,"[3.90603497, 0.0, -2.25515034, -0.0, 5.96784108, -4.51030069, 0.0, 0.0, 4.51030069]",3,3.50E-06,local
20_15,bulk,-9.42942077,58.152,TRUE,"[3.90603497, 0.0, -2.25515034, -0.0, 5.96784108, -4.51030069, 0.0, 0.0, 4.51030069]",3,3.50E-06,local
20_16,bulk,-18.86370869,90.47,TRUE,"[3.90603497, 0.0, -2.25515034, -0.0, 11.93568216, -4.51030069, 0.0, 0.0, 4.51030069]",6,9.45E-05,local
20_17,bulk,-18.86370869,87.994,TRUE,"[3.90603497, 0.0, -2.25515034, -0.0, 11.93568216, -4.51030069, 0.0, 0.0, 4.51030069]",6,9.45E-05,local
20_18,bulk,-9.43093242,21.64,TRUE,"[3.90603497, 0.0, -2.25515034, 0.0, 5.96784108, 0.0, 0.0, 0.0, 4.51030069]",3,6.23E-06,local
20_19,bulk,-9.43093242,19.034,TRUE,"[3.90603497, 0.0, -2.25515034, 0.0, 5.96784108, 0.0, 0.0, 0.0, 4.51030069]",3,6.23E-06,local
20_1,bulk,-9.4265549,38.01,TRUE,"[3.90603497, 0.0, 6.76545103, 3.90603497, 5.96784108, 2.25515034, 0.0, 0.0, 4.51030069]",3,2.80E-06,local
20_20,bulk,-18.86184468,172.931,TRUE,"[7.81206995, 0.0, -0.0, -0.0, 5.96784108, 4.51030069, 0.0, 0.0, 4.51030069]",6,1.67E-08,local
20_21,bulk,-18.86184468,148.62,TRUE,"[7.81206995, 0.0, -0.0, -0.0, 5.96784108, 4.51030069, 0.0, 0.0, 4.51030069]",6,1.67E-08,local
20_22,bulk,-18.86184468,142.905,TRUE,"[7.81206995, 0.0, -0.0, -0.0, 5.96784108, 4.51030069, 0.0, 0.0, 4.51030069]",6,1.67E-08,local
20_23,bulk,-18.86009577,76.166,TRUE,"[4.51030069, 0.0, 0.0, 4.51030069, 7.81206995, 5.96784108, 0.0, 0.0, 5.96784108]",6,3.55E-05,local
20_24,bulk,-18.86009577,112.578,TRUE,"[4.51030069, 0.0, 0.0, 4.51030069, 7.81206995, 5.96784108, 0.0, 0.0, 5.96784108]",6,3.55E-05,local
20_25,bulk,-9.43093243,19.924,TRUE,"[4.51030069, 0.0, 0.0, -2.25515034, 3.90603497, 0.0, 0.0, 0.0, 5.96784108]",3,6.40E-06,local
20_2,bulk,-9.4265549,46.562,TRUE,"[3.90603497, 0.0, 6.76545103, 3.90603497, 5.96784108, 2.25515034, 0.0, 0.0, 4.51030069]",3,2.80E-06,local
20_3,bulk,-18.86398052,67.343,TRUE,"[3.90603497, 0.0, 6.76545103, 3.90603497, 11.93568216, 2.25515034, 0.0, 0.0, 4.51030069]",6,9.23E-05,local
20_4,bulk,-18.86398052,55.9,TRUE,"[3.90603497, 0.0, 6.76545103, 3.90603497, 11.93568216, 2.25515034, 0.0, 0.0, 4.51030069]",6,9.23E-05,local
20_5,bulk,-9.42919828,19.551,TRUE,"[5.96784108, 0.0, 0.0, -0.0, 3.90603497, 6.76545103, 0.0, 0.0, 4.51030069]",3,5.30E-06,local
20_6,bulk,-9.42919828,24.433,TRUE,"[5.96784108, 0.0, 0.0, -0.0, 3.90603497, 6.76545103, 0.0, 0.0, 4.51030069]",3,5.30E-06,local
20_7,bulk,-18.86494386,143.617,TRUE,"[7.81206995, 0.0, -9.02060137, -0.0, 5.96784108, -4.51030069, 0.0, 0.0, 4.51030069]",6,1.67E-08,local
20_8,bulk,-18.86494386,127.192,TRUE,"[7.81206995, 0.0, -9.02060137, -0.0, 5.96784108, -4.51030069, 0.0, 0.0, 4.51030069]",6,1.67E-08,local
20_9,bulk,-37.73021143,239.677,TRUE,"[7.81206995, 0.0, -9.02060137, -0.0, 11.93568216, -4.51030069, 0.0, 0.0, 4.51030069]",12,3.72E-05,local
21_0,bulk,-21.86457094,86.656,TRUE,"[3.16292194, 0.0, -3.16292194, -0.0, 3.16292194, -3.16292194, 0.0, 0.0, 3.16292194]",2,1.79E-05,local
21_1,bulk,-43.73953859,219.445,TRUE,"[3.16292194, 0.0, -3.16292194, 0.0, 6.32584389, -3.16292194, 0.0, 0.0, 3.16292194]",4,6.98E-05,local
21_2,bulk,-21.86921765,99.355,TRUE,"[3.16292194, 0.0, 0.0, 0.0, 3.16292194, -3.16292194, 0.0, 0.0, 3.16292194]",2,6.00E-05,local
21_3,bulk,-87.50879024,209.397,TRUE,"[6.32584389, 0.0, -3.16292194, -0.0, 6.32584389, -3.16292194, 0.0, 0.0, 3.16292194]",8,8.41E-05,local
21_4,bulk,-43.7430371,172.322,TRUE,"[3.16292194, 0.0, 0.0, 0.0, 6.32584389, -3.16292194, 0.0, 0.0, 3.16292194]",4,7.03E-05,local
21_5,bulk,-21.8676638,22.705,TRUE,"[3.16292194, 0.0, 0.0, 0.0, 3.16292194, 0.0, 0.0, 0.0, 3.16292194]",2,0.0003789,local
22_0,bulk,-14.23936197,66.784,TRUE,"[5.03283984, 0.0, 5.03283984, 5.03283984, 5.03283984, -0.0, 0.0, 0.0, 5.03283984]",4,4.60E-05,local
22_1,bulk,-28.53556857,177.6,TRUE,"[5.03283984, 0.0, -5.03283984, 0.0, 10.06567968, -5.03283984, 0.0, 0.0, 5.03283984]",8,7.38E-06,local
22_2,bulk,-14.2659392,73.589,TRUE,"[5.03283984, 0.0, 0.0, 0.0, 5.03283984, -5.03283984, 0.0, 0.0, 5.03283984]",4,3.98E-05,local
22_3,bulk,-56.99634735,389.196,TRUE,"[10.06567968, 0.0, -5.03283984, -0.0, 10.06567968, -5.03283984, 0.0, 0.0, 5.03283984]",16,1.08E-05,local
22_4,bulk,-28.49326057,144.517,TRUE,"[5.03283984, 0.0, 0.0, 0.0, 10.06567968, -5.03283984, 0.0, 0.0, 5.03283984]",8,4.05E-05,local
22_5,bulk,-14.24022846,16.823,TRUE,"[5.03283984, 0.0, 0.0, 0.0, 5.03283984, 0.0, 0.0, 0.0, 5.03283984]",4,0.000125225,local
23_0,bulk,-28.04310805,46.827,TRUE,"[3.31726786, 0.0, -5.74567648, -0.0, 10.61585559, -3.83045098, 0.0, 0.0, 3.83045098]",6,0.0001523,local
23_10,bulk,-112.2488282,438.702,TRUE,"[6.63453572, 0.0, 7.66090197, 0.0, 21.23171118, 3.83045098, 0.0, 0.0, 3.83045098]",24,4.47E-06,local
23_11,bulk,-112.2488282,609.979,TRUE,"[6.63453572, 0.0, 7.66090197, 0.0, 21.23171118, 3.83045098, 0.0, 0.0, 3.83045098]",24,4.47E-06,local
23_12,bulk,-56.12325583,121.816,TRUE,"[6.63453572, 0.0, 7.66090197, -0.0, 10.61585559, 3.83045098, 0.0, 0.0, 3.83045098]",12,8.04E-05,local
23_13,bulk,-56.12325583,109.358,TRUE,"[6.63453572, 0.0, 7.66090197, -0.0, 10.61585559, 3.83045098, 0.0, 0.0, 3.83045098]",12,8.04E-05,local
23_14,bulk,-28.044111,38.509,TRUE,"[3.31726786, 0.0, -1.91522549, -0.0, 10.61585559, -3.83045098, 0.0, 0.0, 3.83045098]",6,0.0001503,local
23_15,bulk,-28.044111,46.929,TRUE,"[3.31726786, 0.0, -1.91522549, -0.0, 10.61585559, -3.83045098, 0.0, 0.0, 3.83045098]",6,0.0001503,local
23_16,bulk,-56.0909443,286.753,TRUE,"[3.31726786, 0.0, -1.91522549, 0.0, 21.23171118, -3.83045098, 0.0, 0.0, 3.83045098]",12,7.01E-06,local
23_17,bulk,-56.0909443,168.557,TRUE,"[3.31726786, 0.0, -1.91522549, 0.0, 21.23171118, -3.83045098, 0.0, 0.0, 3.83045098]",12,7.01E-06,local
23_18,bulk,-28.03490048,19,TRUE,"[3.31726786, 0.0, -1.91522549, -0.0, 10.61585559, 0.0, 0.0, 0.0, 3.83045098]",6,0.0001211,local
23_19,bulk,-56.09095828,227.117,TRUE,"[3.31726786, 0.0, -1.91522549, -0.0, 21.23171118, 3.83045098, 0.0, 0.0, 3.83045098]",12,7.09E-06,local
23_1,bulk,-28.04310805,53.354,TRUE,"[3.31726786, 0.0, -5.74567648, -0.0, 10.61585559, -3.83045098, 0.0, 0.0, 3.83045098]",6,0.0001523,local
23_20,bulk,-56.09095828,184.89,TRUE,"[3.31726786, 0.0, -1.91522549, -0.0, 21.23171118, 3.83045098, 0.0, 0.0, 3.83045098]",12,7.09E-06,local
23_21,bulk,-28.04411255,157.38,TRUE,"[3.31726786, 0.0, -1.91522549, -0.0, 10.61585559, 3.83045098, 0.0, 0.0, 3.83045098]",6,0.0001512,local
23_22,bulk,-28.04411255,168.883,TRUE,"[3.31726786, 0.0, -1.91522549, -0.0, 10.61585559, 3.83045098, 0.0, 0.0, 3.83045098]",6,0.0001512,local
23_23,bulk,-56.03875557,122.419,TRUE,"[6.63453572, 0.0, 0.0, -0.0, 10.61585559, 3.83045098, 0.0, 0.0, 3.83045098]",12,8.52E-05,local
23_24,bulk,-56.03875557,109.302,TRUE,"[6.63453572, 0.0, 0.0, -0.0, 10.61585559, 3.83045098, 0.0, 0.0, 3.83045098]",12,8.52E-05,local
23_25,bulk,-28.0440205,54.774,TRUE,"[3.31726786, 0.0, -1.91522549, -0.0, 10.61585559, -7.66090197, 0.0, 0.0, 3.83045098]",6,0.0001504,local
23_26,bulk,-28.0440205,48.502,TRUE,"[3.31726786, 0.0, -1.91522549, -0.0, 10.61585559, -7.66090197, 0.0, 0.0, 3.83045098]",6,0.0001504,local
23_27,bulk,-28.04402053,48.138,TRUE,"[3.31726786, 0.0, -1.91522549, -0.0, 10.61585559, 7.66090197, 0.0, 0.0, 3.83045098]",6,0.000150283,local
23_28,bulk,-28.04402053,45.439,TRUE,"[3.31726786, 0.0, -1.91522549, -0.0, 10.61585559, 7.66090197, 0.0, 0.0, 3.83045098]",6,0.000150283,local
23_29,bulk,-28.03490046,17.756,TRUE,"[3.83045098, 0.0, 0.0, -1.91522549, 3.31726786, -0.0, 0.0, 0.0, 10.61585559]",6,0.000121883,local
23_2,bulk,-56.08794335,168.501,TRUE,"[3.31726786, 0.0, -5.74567648, -0.0, 21.23171118, -3.83045098, 0.0, 0.0, 3.83045098]",12,4.37E-06,local
23_30,bulk,-28.03490046,21.507,TRUE,"[3.83045098, 0.0, 0.0, -1.91522549, 3.31726786, -0.0, 0.0, 0.0, 10.61585559]",6,0.000121883,local
23_3,bulk,-56.08794335,157.685,TRUE,"[3.31726786, 0.0, -5.74567648, -0.0, 21.23171118, -3.83045098, 0.0, 0.0, 3.83045098]",12,4.37E-06,local
23_4,bulk,-28.03548185,42.166,TRUE,"[10.61585559, 0.0, 0.0, -0.0, 3.31726786, -5.74567648, 0.0, 0.0, 3.83045098]",6,0.000146217,local
23_5,bulk,-56.12234339,121.643,TRUE,"[6.63453572, 0.0, -7.66090197, -0.0, 10.61585559, -3.83045098, 0.0, 0.0, 3.83045098]",12,7.98E-05,local
23_6,bulk,-56.12234339,126.948,TRUE,"[6.63453572, 0.0, -7.66090197, -0.0, 10.61585559, -3.83045098, 0.0, 0.0, 3.83045098]",12,7.98E-05,local
23_7,bulk,-112.2502811,479.917,TRUE,"[6.63453572, 0.0, -7.66090197, -0.0, 21.23171118, -3.83045098, 0.0, 0.0, 3.83045098]",24,2.22E-06,local
23_8,bulk,-112.2502811,468.994,TRUE,"[6.63453572, 0.0, -7.66090197, -0.0, 21.23171118, -3.83045098, 0.0, 0.0, 3.83045098]",24,2.22E-06,local
23_9,bulk,-56.11072496,83.317,TRUE,"[10.61585559, 0.0, 0.0, -0.0, 6.63453572, -7.66090197, 0.0, 0.0, 3.83045098]",12,7.94E-05,local
24_0,bulk,-2.97662816,46.224,TRUE,"[4.53122686, 0.0, 4.53122686, 4.53122686, 4.53122686, -0.0, 0.0, 0.0, 4.53122686]",4,7.65E-06,local
24_1,bulk,-5.99763624,149.325,TRUE,"[4.53122686, 0.0, -4.53122686, 0.0, 9.06245372, -4.53122686, 0.0, 0.0, 4.53122686]",8,8.95E-05,local
24_2,bulk,-2.99315017,72.103,TRUE,"[4.53122686, 0.0, 0.0, 0.0, 4.53122686, -4.53122686, 0.0, 0.0, 4.53122686]",4,4.88E-06,local
24_3,bulk,-11.88058392,271.919,TRUE,"[9.06245372, 0.0, -4.53122686, -0.0, 9.06245372, -4.53122686, 0.0, 0.0, 4.53122686]",16,3.29E-06,local
24_4,bulk,-5.929395,190.923,TRUE,"[4.53122686, 0.0, 0.0, 0.0, 9.06245372, -4.53122686, 0.0, 0.0, 4.53122686]",8,3.31E-05,local
24_5,bulk,-2.95937364,21.516,TRUE,"[4.53122686, 0.0, 0.0, 0.0, 4.53122686, 0.0, 0.0, 0.0, 4.53122686]",4,8.53E-06,local
25_0,bulk,-19.02121376,37.023,TRUE,"[2.84166098, 0.0, -2.84166098, -0.0, 2.84166098, -2.84166098, 0.0, 0.0, 2.84166098]",2,0.0001728,local
25_1,bulk,-38.04277223,168.584,TRUE,"[2.84166098, 0.0, 2.84166098, 2.84166098, 5.68332196, 0.0, 0.0, 0.0, 2.84166098]",4,0.00037035,local
25_2,bulk,-19.02327861,75.159,TRUE,"[2.84166098, 0.0, 0.0, 0.0, 2.84166098, -2.84166098, 0.0, 0.0, 2.84166098]",2,8.20E-05,local
25_3,bulk,-76.0924965,150.176,TRUE,"[5.68332196, 0.0, -2.84166098, 0.0, 5.68332196, -2.84166098, 0.0, 0.0, 2.84166098]",8,2.22E-05,local
25_4,bulk,-38.04521108,84.021,TRUE,"[2.84166098, 0.0, 0.0, 0.0, 5.68332196, -2.84166098, 0.0, 0.0, 2.84166098]",4,0.00037455,local
25_5,bulk,-19.02265381,29.987,TRUE,"[2.84166098, 0.0, 0.0, 0.0, 2.84166098, 0.0, 0.0, 0.0, 2.84166098]",2,9.34E-05,local
26_0,bulk,-20.42394184,62.543,TRUE,"[3.30910593, 0.0, -3.30910593, -0.0, 3.30910593, -3.30910593, 0.0, 0.0, 3.30910593]",2,0.0001252,local
26_1,bulk,-40.85184653,189.002,TRUE,"[3.30910593, 0.0, -3.30910593, 0.0, 6.61821185, -3.30910593, 0.0, 0.0, 3.30910593]",4,0.00011015,local
26_2,bulk,-20.42414325,99.266,TRUE,"[3.30910593, 0.0, 0.0, 0.0, 3.30910593, -3.30910593, 0.0, 0.0, 3.30910593]",2,0.00018755,local
26_3,bulk,-81.73239953,255.635,TRUE,"[6.61821185, 0.0, -3.30910593, -0.0, 6.61821185, -3.30910593, 0.0, 0.0, 3.30910593]",8,2.00E-05,local
26_4,bulk,-40.85678792,131.436,TRUE,"[3.30910593, 0.0, 0.0, 0.0, 6.61821185, -3.30910593, 0.0, 0.0, 3.30910593]",4,0.000372675,local
26_5,bulk,-20.42708205,15.466,TRUE,"[3.30910593, 0.0, 0.0, 0.0, 3.30910593, 0.0, 0.0, 0.0, 3.30910593]",2,0.00013895,local
27_0,bulk,-18.45576433,74.775,TRUE,"[2.35781543, 0.0, -4.08385611, -0.0, 4.28283247, -2.72257074, 0.0, 0.0, 2.72257074]",2,6.30E-05,local
27_10,bulk,-18.466523,83.606,TRUE,"[2.35781543, 0.0, -1.36128537, -0.0, 4.28283247, -2.72257074, 0.0, 0.0, 2.72257074]",2,6.65E-05,local
27_11,bulk,-36.92894893,106.597,TRUE,"[2.35781543, 0.0, -1.36128537, -0.0, 8.56566494, -2.72257074, 0.0, 0.0, 2.72257074]",4,0.000225375,local
27_12,bulk,-36.92894893,117.266,TRUE,"[2.35781543, 0.0, -1.36128537, -0.0, 8.56566494, -2.72257074, 0.0, 0.0, 2.72257074]",4,0.000225375,local
27_13,bulk,-18.46832136,26.217,TRUE,"[2.35781543, 0.0, -1.36128537, 0.0, 4.28283247, 0.0, 0.0, 0.0, 2.72257074]",2,6.45E-05,local
27_14,bulk,-18.46832136,30.482,TRUE,"[2.35781543, 0.0, -1.36128537, 0.0, 4.28283247, 0.0, 0.0, 0.0, 2.72257074]",2,6.45E-05,local
27_15,bulk,-36.9399174,123.626,TRUE,"[4.71563085, 0.0, 0.0, -0.0, 4.28283247, 2.72257074, 0.0, 0.0, 2.72257074]",4,9.24E-05,local
27_16,bulk,-36.94560754,122.102,TRUE,"[2.72257074, 0.0, 0.0, 2.72257074, 4.71563085, 4.28283247, 0.0, 0.0, 4.28283247]",4,6.91E-05,local
27_17,bulk,-36.94560754,161.348,TRUE,"[2.72257074, 0.0, 0.0, 2.72257074, 4.71563085, 4.28283247, 0.0, 0.0, 4.28283247]",4,6.91E-05,local
27_18,bulk,-18.46832133,30.336,TRUE,"[2.72257074, 0.0, 0.0, -1.36128537, 2.35781543, 0.0, 0.0, 0.0, 4.28283247]",2,5.80E-05,local
27_1,bulk,-36.90585337,102.579,TRUE,"[2.35781543, 0.0, -4.08385611, -0.0, 8.56566494, -2.72257074, 0.0, 0.0, 2.72257074]",4,0.00019285,local
27_2,bulk,-18.4561621,55.479,TRUE,"[4.28283247, 0.0, 0.0, 0.0, 2.35781543, -4.08385611, 0.0, 0.0, 2.72257074]",2,7.50E-05,local
27_3,bulk,-36.93486805,211.48,TRUE,"[4.71563085, 0.0, -5.44514148, -0.0, 4.28283247, -2.72257074, 0.0, 0.0, 2.72257074]",4,3.00E-07,local
27_4,bulk,-36.93486805,240.444,TRUE,"[4.71563085, 0.0, -5.44514148, -0.0, 4.28283247, -2.72257074, 0.0, 0.0, 2.72257074]",4,3.00E-07,local
27_5,bulk,-73.86068549,445.156,TRUE,"[4.71563085, 0.0, -5.44514148, -0.0, 8.56566494, -2.72257074, 0.0, 0.0, 2.72257074]",8,5.00E-08,local
27_6,bulk,-73.86068549,501.352,TRUE,"[4.71563085, 0.0, -5.44514148, -0.0, 8.56566494, -2.72257074, 0.0, 0.0, 2.72257074]",8,5.00E-08,local
27_7,bulk,-36.93656207,131.257,TRUE,"[4.28283247, 0.0, 0.0, 0.0, 4.71563085, -5.44514148, 0.0, 0.0, 2.72257074]",4,4.75E-07,local
27_8,bulk,-36.93656207,142.157,TRUE,"[4.28283247, 0.0, 0.0, 0.0, 4.71563085, -5.44514148, 0.0, 0.0, 2.72257074]",4,4.75E-07,local
27_9,bulk,-18.466523,62.258,TRUE,"[2.35781543, 0.0, -1.36128537, -0.0, 4.28283247, -2.72257074, 0.0, 0.0, 2.72257074]",2,6.65E-05,local
28_0,bulk,-17.98102434,49.874,TRUE,"[2.99808838, 0.0, -2.99808838, -0.0, 2.99808838, -2.99808838, 0.0, 0.0, 2.99808838]",2,0.000308,local
28_1,bulk,-35.963564,220.961,TRUE,"[2.99808838, 0.0, 2.99808838, 2.99808838, 5.99617676, 0.0, 0.0, 0.0, 2.99808838]",4,9.04E-05,local
28_2,bulk,-17.98401738,77.091,TRUE,"[2.99808838, 0.0, 0.0, 0.0, 2.99808838, -2.99808838, 0.0, 0.0, 2.99808838]",2,8.78E-05,local
28_3,bulk,-71.9339681,558.424,TRUE,"[5.99617676, 0.0, -2.99808838, -0.0, 5.99617676, -2.99808838, 0.0, 0.0, 2.99808838]",8,3.73E-05,local
28_4,bulk,-35.96438245,230.724,TRUE,"[2.99808838, 0.0, 0.0, 0.0, 5.99617676, -2.99808838, 0.0, 0.0, 2.99808838]",4,6.08E-05,local
28_5,bulk,-17.98475697,20.002,TRUE,"[2.99808838, 0.0, 0.0, 0.0, 2.99808838, 0.0, 0.0, 0.0, 2.99808838]",2,2.81E-05,local
29_0,bulk,-9.84082678,102.241,TRUE,"[7.39433486, 0.0, 4.26942702, 9.85121672, 10.49013274, 0.0, 0.0, 0.0, 4.26942702]",6,0.00020875,local
29_10,bulk,-19.60176013,494.01,TRUE,"[10.49013274, 0.0, -2.45688187, -0.0, 8.53885403, -7.39433486, 0.0, 0.0, 7.39433486]",12,0.000860383,local
29_11,bulk,-19.60176013,570.096,TRUE,"[10.49013274, 0.0, -2.45688187, -0.0, 8.53885403, -7.39433486, 0.0, 0.0, 7.39433486]",12,0.000860383,local
29_12,bulk,-39.24098162,1617.742,TRUE,"[8.53885403, 0.0, 7.39433486, -0.0, 20.98026549, 2.48057112, 0.0, 0.0, 7.39433486]",24,4.68E-05,local
29_13,bulk,-39.24098162,1723.216,TRUE,"[8.53885403, 0.0, 7.39433486, -0.0, 20.98026549, 2.48057112, 0.0, 0.0, 7.39433486]",24,4.68E-05,local
29_14,bulk,-19.62083706,447.408,TRUE,"[8.53885403, 0.0, 7.39433486, -0.0, 10.49013274, 4.93745299, 0.0, 0.0, 7.39433486]",12,0.000306633,local
29_15,bulk,-19.62083706,540.175,TRUE,"[8.53885403, 0.0, 7.39433486, -0.0, 10.49013274, 4.93745299, 0.0, 0.0, 7.39433486]",12,0.000306633,local
29_16,bulk,-9.81615737,100.062,TRUE,"[4.26942702, 0.0, 0.0, 0.0, 10.49013274, -9.85121672, 0.0, 0.0, 7.39433486]",6,0.000219083,local
29_17,bulk,-9.81615737,123.84,TRUE,"[4.26942702, 0.0, 0.0, 0.0, 10.49013274, -9.85121672, 0.0, 0.0, 7.39433486]",6,0.000219083,local
29_18,bulk,-19.61144223,341.127,TRUE,"[4.26942702, 0.0, 0.0, 0.0, 20.98026549, -12.30809859, 0.0, 0.0, 7.39433486]",12,0.000178692,local
29_19,bulk,-19.61144223,426.506,TRUE,"[4.26942702, 0.0, 0.0, 0.0, 20.98026549, -12.30809859, 0.0, 0.0, 7.39433486]",12,0.000178692,local
29_1,bulk,-9.84082678,101.635,TRUE,"[7.39433486, 0.0, 4.26942702, 9.85121672, 10.49013274, 0.0, 0.0, 0.0, 4.26942702]",6,0.00020875,local
29_20,bulk,-9.80462857,416.99,TRUE,"[4.26942702, 0.0, 0.0, 0.0, 10.49013274, -2.45688187, 0.0, 0.0, 7.39433486]",6,0.000828933,local
29_21,bulk,-9.80462857,246.63,TRUE,"[4.26942702, 0.0, 0.0, 0.0, 10.49013274, -2.45688187, 0.0, 0.0, 7.39433486]",6,0.000828933,local
29_22,bulk,-19.62599245,425.08,TRUE,"[4.26942702, 0.0, 0.0, 0.0, 20.98026549, 2.48057112, 0.0, 0.0, 7.39433486]",12,0.000118458,local
29_23,bulk,-19.62599245,532.986,TRUE,"[4.26942702, 0.0, 0.0, 0.0, 20.98026549, 2.48057112, 0.0, 0.0, 7.39433486]",12,0.000118458,local
29_24,bulk,-9.81213227,276.848,TRUE,"[4.26942702, 0.0, 0.0, -0.0, 10.49013274, 4.93745299, 0.0, 0.0, 7.39433486]",6,4.48E-05,local
29_25,bulk,-9.81213227,257.701,TRUE,"[4.26942702, 0.0, 0.0, -0.0, 10.49013274, 4.93745299, 0.0, 0.0, 7.39433486]",6,4.48E-05,local
29_26,bulk,-19.62231112,428.755,TRUE,"[8.53885403, 0.0, 7.39433486, -0.0, 10.49013274, 9.85121672, 0.0, 0.0, 7.39433486]",12,0.0001559,local
29_27,bulk,-19.62231112,324.711,TRUE,"[8.53885403, 0.0, 7.39433486, -0.0, 10.49013274, 9.85121672, 0.0, 0.0, 7.39433486]",12,0.0001559,local
29_28,bulk,-19.61068802,504.062,TRUE,"[4.26942702, 0.0, 0.0, -0.0, 14.3990214, 14.14638176, 0.0, 0.0, 10.7740036]",12,8.16E-06,local
29_29,bulk,-19.61068802,437.857,TRUE,"[4.26942702, 0.0, 0.0, -0.0, 14.3990214, 14.14638176, 0.0, 0.0, 10.7740036]",12,8.16E-06,local
29_2,bulk,-19.64419113,301.1,TRUE,"[7.39433486, 0.0, 4.26942702, 12.30809859, 20.98026549, 0.0, 0.0, 0.0, 4.26942702]",12,0.00021195,local
29_30,bulk,-19.60230169,360.181,TRUE,"[4.26942702, 0.0, 0.0, -0.0, 14.3990214, 7.40162544, 0.0, 0.0, 10.7740036]",12,0.000306625,local
29_31,bulk,-19.60230169,486.114,TRUE,"[4.26942702, 0.0, 0.0, -0.0, 14.3990214, 7.40162544, 0.0, 0.0, 10.7740036]",12,0.000306625,local
29_32,bulk,-9.80462895,162.426,TRUE,"[7.1995107, 0.0, -1.68618908, 0.0, 4.26942702, 0.0, 0.0, 0.0, 10.7740036]",6,0.000195867,local
29_33,bulk,-9.80462895,251.177,TRUE,"[7.1995107, 0.0, -1.68618908, 0.0, 4.26942702, 0.0, 0.0, 0.0, 10.7740036]",6,0.000195867,local
29_3,bulk,-19.64419113,366.993,TRUE,"[7.39433486, 0.0, 4.26942702, 12.30809859, 20.98026549, 0.0, 0.0, 0.0, 4.26942702]",12,0.00021195,local
29_4,bulk,-9.81865273,123.324,TRUE,"[10.7740036, 0.0, 0.0, 1.68618908, 7.1995107, 4.26942702, 0.0, 0.0, 4.26942702]",6,0.00031875,local
29_5,bulk,-9.81865273,133.991,TRUE,"[10.7740036, 0.0, 0.0, 1.68618908, 7.1995107, 4.26942702, 0.0, 0.0, 4.26942702]",6,0.00031875,local
29_6,bulk,-19.62231112,416.316,TRUE,"[8.53885403, 0.0, -7.39433486, -0.0, 10.49013274, -9.85121672, 0.0, 0.0, 7.39433486]",12,0.000145008,local
29_7,bulk,-19.62231112,366.366,TRUE,"[8.53885403, 0.0, -7.39433486, -0.0, 10.49013274, -9.85121672, 0.0, 0.0, 7.39433486]",12,0.000145008,local
29_8,bulk,-39.20129099,963.334,TRUE,"[8.53885403, 0.0, -7.39433486, -0.0, 20.98026549, -12.30809859, 0.0, 0.0, 7.39433486]",24,0.000269775,local
29_9,bulk,-39.201291,1029.539,TRUE,"[8.53885403, 0.0, -7.39433486, -0.0, 20.98026549, -12.30809859, 0.0, 0.0, 7.39433486]",24,0.000269775,local
2_0,bulk,-12.88346678,38.286,TRUE,"[4.1675754, 0.0, 4.1675754, 4.1675754, 4.1675754, -0.0, 0.0, 0.0, 4.1675754]",4,9.55E-06,local
2_1,bulk,-25.77791779,170.068,TRUE,"[4.1675754, 0.0, 4.1675754, 4.1675754, 8.33515081, 0.0, 0.0, 0.0, 4.1675754]",8,6.08E-06,local
2_2,bulk,-12.88739421,62.586,TRUE,"[4.1675754, 0.0, 0.0, 0.0, 4.1675754, -4.1675754, 0.0, 0.0, 4.1675754]",4,4.18E-06,local
2_3,bulk,-51.56381615,253.51,TRUE,"[8.33515081, 0.0, -4.1675754, -0.0, 8.33515081, -4.1675754, 0.0, 0.0, 4.1675754]",16,3.96E-06,local
2_4,bulk,-25.78044387,90.637,TRUE,"[4.1675754, 0.0, 0.0, 0.0, 8.33515081, -4.1675754, 0.0, 0.0, 4.1675754]",8,4.98E-06,local
2_5,bulk,-12.88634522,18.194,TRUE,"[4.1675754, 0.0, 0.0, 0.0, 4.1675754, 0.0, 0.0, 0.0, 4.1675754]",4,0.000147275,local
30_0,bulk,-22.48520227,82.277,TRUE,"[2.38598736, 0.0, -4.13265133, 0.0, 4.33689184, -2.75510088, 0.0, 0.0, 2.75510088]",2,2.76E-05,local
30_10,bulk,-22.50260311,69.898,TRUE,"[2.38598736, 0.0, -1.37755044, -0.0, 4.33689184, -2.75510088, 0.0, 0.0, 2.75510088]",2,1.87E-05,local
30_11,bulk,-45.00233971,81.762,TRUE,"[2.38598736, 0.0, -1.37755044, -0.0, 8.67378369, -2.75510088, 0.0, 0.0, 2.75510088]",4,5.88E-05,local
30_12,bulk,-45.00233971,79.532,TRUE,"[2.38598736, 0.0, -1.37755044, -0.0, 8.67378369, -2.75510088, 0.0, 0.0, 2.75510088]",4,5.88E-05,local
30_13,bulk,-22.50355803,18.961,TRUE,"[2.38598736, 0.0, -1.37755044, 0.0, 4.33689184, 0.0, 0.0, 0.0, 2.75510088]",2,1.56E-05,local
30_14,bulk,-22.50355803,26.23,TRUE,"[2.38598736, 0.0, -1.37755044, 0.0, 4.33689184, 0.0, 0.0, 0.0, 2.75510088]",2,1.56E-05,local
30_15,bulk,-45.002881,106.796,TRUE,"[4.77197471, 0.0, 0.0, -0.0, 4.33689184, 2.75510088, 0.0, 0.0, 2.75510088]",4,4.50E-06,local
30_16,bulk,-45.00886769,181.578,TRUE,"[2.75510088, 0.0, 0.0, 2.75510088, 4.77197471, 4.33689184, 0.0, 0.0, 4.33689184]",4,3.43E-06,local
30_17,bulk,-45.00886769,142.558,TRUE,"[2.75510088, 0.0, 0.0, 2.75510088, 4.77197471, 4.33689184, 0.0, 0.0, 4.33689184]",4,3.43E-06,local
30_18,bulk,-22.50355803,19.72,TRUE,"[2.75510088, 0.0, 0.0, -1.37755044, 2.38598736, 0.0, 0.0, 0.0, 4.33689184]",2,1.56E-05,local
30_1,bulk,-44.96398021,82.076,TRUE,"[2.38598736, 0.0, -4.13265133, -0.0, 8.67378369, -2.75510088, 0.0, 0.0, 2.75510088]",4,1.15E-05,local
30_2,bulk,-22.65506194,46.913,TRUE,"[4.33689184, 0.0, 0.0, 0.0, 2.38598736, -4.13265133, 0.0, 0.0, 2.75510088]",2,2.43E-05,local
30_3,bulk,-45.00462794,160.84,TRUE,"[4.77197471, 0.0, -5.51020177, -0.0, 4.33689184, -2.75510088, 0.0, 0.0, 2.75510088]",4,5.30E-06,local
30_4,bulk,-45.00462794,193.416,TRUE,"[4.77197471, 0.0, -5.51020177, -0.0, 4.33689184, -2.75510088, 0.0, 0.0, 2.75510088]",4,5.30E-06,local
30_5,bulk,-89.99326425,258.796,TRUE,"[4.77197471, 0.0, -5.51020177, -0.0, 8.67378369, -2.75510088, 0.0, 0.0, 2.75510088]",8,1.35E-06,local
30_6,bulk,-89.99326425,466.976,TRUE,"[4.77197471, 0.0, -5.51020177, -0.0, 8.67378369, -2.75510088, 0.0, 0.0, 2.75510088]",8,1.35E-06,local
30_7,bulk,-45.00094656,125.819,TRUE,"[4.33689184, 0.0, 0.0, 0.0, 4.77197471, -5.51020177, 0.0, 0.0, 2.75510088]",4,6.43E-06,local
30_8,bulk,-45.00094656,111.272,TRUE,"[4.33689184, 0.0, 0.0, 0.0, 4.77197471, -5.51020177, 0.0, 0.0, 2.75510088]",4,6.43E-06,local
30_9,bulk,-22.50260311,76.566,TRUE,"[2.38598736, 0.0, -1.37755044, -0.0, 4.33689184, -2.75510088, 0.0, 0.0, 2.75510088]",2,1.87E-05,local
31_0,bulk,-35.43071885,29.744,TRUE,"[3.87113476, 0.0, -3.87113476, -0.0, 3.87113476, -3.87113476, 0.0, 0.0, 3.87113476]",4,1.20E-05,local
31_1,bulk,-70.81787933,160.144,TRUE,"[3.87113476, 0.0, -3.87113476, 0.0, 7.74226952, -3.87113476, 0.0, 0.0, 3.87113476]",8,0.000136925,local
31_2,bulk,-35.40963753,107.582,TRUE,"[3.87113476, 0.0, 0.0, 0.0, 3.87113476, -3.87113476, 0.0, 0.0, 3.87113476]",4,3.09E-05,local
31_3,bulk,-141.5547566,348.429,TRUE,"[7.74226952, 0.0, -3.87113476, -0.0, 7.74226952, -3.87113476, 0.0, 0.0, 3.87113476]",16,0.000153969,local
31_4,bulk,-70.80084436,129.341,TRUE,"[3.87113476, 0.0, 0.0, 0.0, 7.74226952, -3.87113476, 0.0, 0.0, 3.87113476]",8,0.000139488,local
31_5,bulk,-35.40719772,13.7,TRUE,"[3.87113476, 0.0, 0.0, 0.0, 3.87113476, 0.0, 0.0, 0.0, 3.87113476]",4,5.04E-05,local
32_0,bulk,-5.98003246,15.82,TRUE,"[6.38136464, 0.0, 0.0, 3.19068232, 3.19068232, 4.51230621, 0.0, 0.0, 4.51230621]",4,0.000235,local
32_1,bulk,-12.01539983,33.79,TRUE,"[4.51230621, 0.0, -4.51230621, 0.0, 9.02461242, -4.51230621, 0.0, 0.0, 4.51230621]",8,6.40E-05,local
32_2,bulk,-6.00345083,22.5,TRUE,"[4.51230621, 0.0, 0.0, 0.0, 4.51230621, -4.51230621, 0.0, 0.0, 4.51230621]",4,9.43E-05,local
32_3,bulk,-23.9444626,45.921,TRUE,"[9.02461242, 0.0, -4.51230621, -0.0, 9.02461242, -4.51230621, 0.0, 0.0, 4.51230621]",16,5.67E-06,local
32_4,bulk,-11.96904614,34.759,TRUE,"[4.51230621, 0.0, 0.0, 0.0, 9.02461242, -4.51230621, 0.0, 0.0, 4.51230621]",8,2.97E-05,local
32_5,bulk,-5.98633969,7.445,TRUE,"[4.51230621, 0.0, 0.0, 0.0, 4.51230621, 0.0, 0.0, 0.0, 4.51230621]",4,2.18E-05,local
33_0,bulk,-17.03988664,61.847,TRUE,"[2.80001333, 0.0, -4.84976535, -0.0, 5.16595638, -3.2331769, 0.0, 0.0, 3.2331769]",2,0.0001525,local
33_10,bulk,-17.03928145,72.001,TRUE,"[2.80001333, 0.0, -1.61658845, -0.0, 5.16595638, -3.2331769, 0.0, 0.0, 3.2331769]",2,0.00021295,local
33_11,bulk,-34.08215091,101.148,TRUE,"[2.80001333, 0.0, -1.61658845, 0.0, 10.33191276, -3.2331769, 0.0, 0.0, 3.2331769]",4,0.000292425,local
33_12,bulk,-34.08215091,91.343,TRUE,"[2.80001333, 0.0, -1.61658845, 0.0, 10.33191276, -3.2331769, 0.0, 0.0, 3.2331769]",4,0.000292425,local
33_13,bulk,-17.04036002,17.014,TRUE,"[2.80001333, 0.0, -1.61658845, 0.0, 5.16595638, 0.0, 0.0, 0.0, 3.2331769]",2,0.00010685,local
33_14,bulk,-17.04036002,23.021,TRUE,"[2.80001333, 0.0, -1.61658845, 0.0, 5.16595638, 0.0, 0.0, 0.0, 3.2331769]",2,0.00010685,local
33_15,bulk,-34.08474137,107.606,TRUE,"[5.60002666, 0.0, 0.0, -0.0, 5.16595638, 3.2331769, 0.0, 0.0, 3.2331769]",4,0.000189725,local
33_16,bulk,-34.08308089,947.838,TRUE,"[3.2331769, 0.0, 0.0, 3.2331769, 5.60002666, 5.16595638, 0.0, 0.0, 5.16595638]",4,0.00015805,local
33_17,bulk,-34.08308089,108.24,TRUE,"[3.2331769, 0.0, 0.0, 3.2331769, 5.60002666, 5.16595638, 0.0, 0.0, 5.16595638]",4,0.00015805,local
33_18,bulk,-17.04035986,22.201,TRUE,"[3.2331769, 0.0, 0.0, -1.61658845, 2.80001333, 0.0, 0.0, 0.0, 5.16595638]",2,0.00010815,local
33_1,bulk,-34.08437536,80.571,TRUE,"[2.80001333, 0.0, -4.84976535, -0.0, 10.33191276, -3.2331769, 0.0, 0.0, 3.2331769]",4,0.000269275,local
33_2,bulk,-17.04249732,37.795,TRUE,"[5.16595638, 0.0, 0.0, 0.0, 2.80001333, -4.84976535, 0.0, 0.0, 3.2331769]",2,5.46E-05,local
33_3,bulk,-34.08407145,99.678,TRUE,"[5.60002666, 0.0, -6.4663538, 0.0, 5.16595638, -3.2331769, 0.0, 0.0, 3.2331769]",4,0.000187675,local
33_4,bulk,-34.08407145,157.216,TRUE,"[5.60002666, 0.0, -6.4663538, 0.0, 5.16595638, -3.2331769, 0.0, 0.0, 3.2331769]",4,0.000187675,local
33_5,bulk,-68.16929367,214.673,TRUE,"[5.60002666, 0.0, -6.4663538, -0.0, 10.33191276, -3.2331769, 0.0, 0.0, 3.2331769]",8,0.000225963,local
33_6,bulk,-68.16929367,684.271,TRUE,"[5.60002666, 0.0, -6.4663538, -0.0, 10.33191276, -3.2331769, 0.0, 0.0, 3.2331769]",8,0.000225963,local
33_7,bulk,-34.08327186,61.089,TRUE,"[5.16595638, 0.0, 0.0, 0.0, 5.60002666, -6.4663538, 0.0, 0.0, 3.2331769]",4,0.000168025,local
33_8,bulk,-34.08327186,90.936,TRUE,"[5.16595638, 0.0, 0.0, 0.0, 5.60002666, -6.4663538, 0.0, 0.0, 3.2331769]",4,0.000168025,local
33_9,bulk,-17.03928145,66.96,TRUE,"[2.80001333, 0.0, -1.61658845, -0.0, 5.16595638, -3.2331769, 0.0, 0.0, 3.2331769]",2,0.00021295,local
34_0,bulk,-7.53094883,62.712,TRUE,"[1.95666614, 0.0, -3.38904517, -0.0, 3.5749731, -2.25936345, 0.0, 0.0, 2.25936345]",2,1.55E-05,local
34_10,bulk,-7.52921652,52.418,TRUE,"[1.95666614, 0.0, -1.12968172, 0.0, 3.5749731, -2.25936345, 0.0, 0.0, 2.25936345]",2,5.65E-06,local
34_11,bulk,-15.05806116,37.489,TRUE,"[1.95666614, 0.0, -1.12968172, -0.0, 7.1499462, -2.25936345, 0.0, 0.0, 2.25936345]",4,7.25E-06,local
34_12,bulk,-15.05806116,36.119,TRUE,"[1.95666614, 0.0, -1.12968172, -0.0, 7.1499462, -2.25936345, 0.0, 0.0, 2.25936345]",4,7.25E-06,local
34_13,bulk,-7.52872713,16.584,TRUE,"[1.95666614, 0.0, -1.12968172, 0.0, 3.5749731, 0.0, 0.0, 0.0, 2.25936345]",2,8.30E-06,local
34_14,bulk,-7.52872713,16.238,TRUE,"[1.95666614, 0.0, -1.12968172, 0.0, 3.5749731, 0.0, 0.0, 0.0, 2.25936345]",2,8.30E-06,local
34_15,bulk,-15.05355181,74.085,TRUE,"[3.91333228, 0.0, -0.0, -0.0, 3.5749731, 2.25936345, 0.0, 0.0, 2.25936345]",4,8.60E-06,local
34_16,bulk,-15.05464132,85.488,TRUE,"[2.25936345, 0.0, 0.0, 2.25936345, 3.91333228, 3.5749731, 0.0, 0.0, 3.5749731]",4,4.28E-06,local
34_17,bulk,-15.05464132,63.032,TRUE,"[2.25936345, 0.0, 0.0, 2.25936345, 3.91333228, 3.5749731, 0.0, 0.0, 3.5749731]",4,4.28E-06,local
34_18,bulk,-7.52872706,19.249,TRUE,"[2.25936345, 0.0, 0.0, -1.12968172, 1.95666614, 0.0, 0.0, 0.0, 3.5749731]",2,8.30E-06,local
34_1,bulk,-15.06160989,59.186,TRUE,"[1.95666614, 0.0, -3.38904517, -0.0, 7.1499462, -2.25936345, 0.0, 0.0, 2.25936345]",4,3.97E-05,local
34_2,bulk,-7.53146468,42.082,TRUE,"[3.5749731, 0.0, 0.0, 0.0, 1.95666614, -3.38904517, 0.0, 0.0, 2.25936345]",2,6.95E-06,local
34_3,bulk,-15.06207863,76.668,TRUE,"[3.91333228, 0.0, -4.51872689, -0.0, 3.5749731, -2.25936345, 0.0, 0.0, 2.25936345]",4,6.75E-06,local
34_4,bulk,-15.06207863,80.751,TRUE,"[3.91333228, 0.0, -4.51872689, -0.0, 3.5749731, -2.25936345, 0.0, 0.0, 2.25936345]",4,6.75E-06,local
34_5,bulk,-30.1222554,204.34,TRUE,"[3.91333228, 0.0, -4.51872689, -0.0, 7.1499462, -2.25936345, 0.0, 0.0, 2.25936345]",8,2.85E-06,local
34_6,bulk,-30.1222554,101.78,TRUE,"[3.91333228, 0.0, -4.51872689, -0.0, 7.1499462, -2.25936345, 0.0, 0.0, 2.25936345]",8,2.85E-06,local
34_7,bulk,-15.06092285,62.953,TRUE,"[3.5749731, 0.0, 0.0, 0.0, 3.91333228, -4.51872689, 0.0, 0.0, 2.25936345]",4,4.63E-06,local
34_8,bulk,-15.06092285,63.953,TRUE,"[3.5749731, 0.0, 0.0, 0.0, 3.91333228, -4.51872689, 0.0, 0.0, 2.25936345]",4,4.63E-06,local
34_9,bulk,-7.52921652,58.468,TRUE,"[1.95666614, 0.0, -1.12968172, 0.0, 3.5749731, -2.25936345, 0.0, 0.0, 2.25936345]",2,5.65E-06,local
35_0,bulk,-29.04977932,56.558,TRUE,"[3.82936206, 0.0, -3.82936206, -0.0, 3.82936206, -3.82936206, 0.0, 0.0, 3.82936206]",4,4.75E-07,local
35_1,bulk,-58.06898711,188.045,TRUE,"[3.82936206, 0.0, -3.82936206, 0.0, 7.65872413, -3.82936206, 0.0, 0.0, 3.82936206]",8,0.00019295,local
35_2,bulk,-29.03925739,70.612,TRUE,"[3.82936206, 0.0, 0.0, 0.0, 3.82936206, -3.82936206, 0.0, 0.0, 3.82936206]",4,3.63E-06,local
35_3,bulk,-116.1131743,394.859,TRUE,"[7.65872413, 0.0, -3.82936206, -0.0, 7.65872413, -3.82936206, 0.0, 0.0, 3.82936206]",16,2.28E-05,local
35_4,bulk,-58.06519149,235.269,TRUE,"[3.82936206, 0.0, 0.0, 0.0, 7.65872413, -3.82936206, 0.0, 0.0, 3.82936206]",8,0.000210975,local
35_5,bulk,-29.03774137,27.2,TRUE,"[3.82936206, 0.0, 0.0, 0.0, 3.82936206, 0.0, 0.0, 0.0, 3.82936206]",4,7.03E-06,local
36_0,bulk,-14.06957658,68.286,TRUE,"[2.15494828, 0.0, -3.73247992, -0.0, 4.03132046, -2.48831994, 0.0, 0.0, 2.48831994]",2,1.5875752,local
36_10,bulk,-14.06585514,41.36,TRUE,"[2.15494828, 0.0, -1.24415997, -0.0, 4.03132046, -2.48831994, 0.0, 0.0, 2.48831994]",2,1.5688486,local
36_11,bulk,-28.12738994,90.236,TRUE,"[2.15494828, 0.0, -1.24415997, 0.0, 8.06264092, -2.48831994, 0.0, 0.0, 2.48831994]",4,1.581638575,local
36_12,bulk,-28.12738994,82.041,TRUE,"[2.15494828, 0.0, -1.24415997, 0.0, 8.06264092, -2.48831994, 0.0, 0.0, 2.48831994]",4,1.581638575,local
36_13,bulk,-14.0671258,32.87,TRUE,"[2.15494828, 0.0, -1.24415997, 0.0, 4.03132046, 0.0, 0.0, 0.0, 2.48831994]",2,1.5917532,local
36_14,bulk,-14.0671258,30.506,TRUE,"[2.15494828, 0.0, -1.24415997, 0.0, 4.03132046, 0.0, 0.0, 0.0, 2.48831994]",2,1.5917532,local
36_15,bulk,-28.13586733,71.197,TRUE,"[4.30989657, 0.0, -0.0, -0.0, 4.03132046, 2.48831994, 0.0, 0.0, 2.48831994]",4,1.5809014,local
36_16,bulk,-28.13807438,172.067,TRUE,"[2.48831994, 0.0, 0.0, 2.48831994, 4.30989657, 4.03132046, 0.0, 0.0, 4.03132046]",4,1.596615,local
36_17,bulk,-28.13807438,156.078,TRUE,"[2.48831994, 0.0, 0.0, 2.48831994, 4.30989657, 4.03132046, 0.0, 0.0, 4.03132046]",4,1.596615,local
36_18,bulk,-14.06712576,30.606,TRUE,"[2.48831994, 0.0, 0.0, -1.24415997, 2.15494828, 0.0, 0.0, 0.0, 4.03132046]",2,1.59176595,local
36_1,bulk,-28.13376042,176.615,TRUE,"[2.15494828, 0.0, -3.73247992, -0.0, 8.06264092, -2.48831994, 0.0, 0.0, 2.48831994]",4,1.589423025,local
36_2,bulk,-14.26665637,68.691,TRUE,"[4.03132046, 0.0, 0.0, 0.0, 2.15494828, -3.73247992, 0.0, 0.0, 2.48831994]",2,1.6037286,local
36_3,bulk,-28.13057075,76.059,TRUE,"[4.30989657, 0.0, -4.97663989, -0.0, 4.03132046, -2.48831994, 0.0, 0.0, 2.48831994]",4,1.58127915,local
36_4,bulk,-28.13057075,81.608,TRUE,"[4.30989657, 0.0, -4.97663989, -0.0, 4.03132046, -2.48831994, 0.0, 0.0, 2.48831994]",4,1.58127915,local
36_5,bulk,-56.2622887,202.051,TRUE,"[4.30989657, 0.0, -4.97663989, -0.0, 8.06264092, -2.48831994, 0.0, 0.0, 2.48831994]",8,1.596417163,local
36_6,bulk,-56.2622887,205.989,TRUE,"[4.30989657, 0.0, -4.97663989, -0.0, 8.06264092, -2.48831994, 0.0, 0.0, 2.48831994]",8,1.596417163,local
36_7,bulk,-28.13195179,99.363,TRUE,"[4.03132046, 0.0, 0.0, 0.0, 4.30989657, -4.97663989, 0.0, 0.0, 2.48831994]",4,1.591403475,local
36_8,bulk,-28.13195179,88.602,TRUE,"[4.03132046, 0.0, 0.0, 0.0, 4.30989657, -4.97663989, 0.0, 0.0, 2.48831994]",4,1.591403475,local
36_9,bulk,-14.06585514,34.524,TRUE,"[2.15494828, 0.0, -1.24415997, -0.0, 4.03132046, -2.48831994, 0.0, 0.0, 2.48831994]",2,1.5688486,local
37_0,bulk,-36.13251772,125.208,TRUE,"[5.75617747, 0.0, 5.75617747, 5.75617747, 5.75617747, -0.0, 0.0, 0.0, 5.75617747]",8,6.25E-08,local
37_1,bulk,-36.13251772,105.427,TRUE,"[5.75617747, 0.0, 5.75617747, 5.75617747, 5.75617747, -0.0, 0.0, 0.0, 5.75617747]",8,6.25E-08,local
37_2,bulk,-72.29583156,460.761,TRUE,"[5.75617747, 0.0, -5.75617747, 0.0, 11.51235495, -5.75617747, 0.0, 0.0, 5.75617747]",16,2.44E-05,local
37_3,bulk,-72.29583156,596.393,TRUE,"[5.75617747, 0.0, -5.75617747, 0.0, 11.51235495, -5.75617747, 0.0, 0.0, 5.75617747]",16,2.44E-05,local
37_4,bulk,-36.14360155,109.583,TRUE,"[5.75617747, 0.0, 0.0, -0.0, 5.75617747, 5.75617747, 0.0, 0.0, 5.75617747]",8,3.25E-07,local
37_5,bulk,-144.6096735,1032.729,TRUE,"[11.51235495, 0.0, -5.75617747, -0.0, 11.51235495, -5.75617747, 0.0, 0.0, 5.75617747]",32,2.01E-05,local
37_6,bulk,-72.30341476,317.439,TRUE,"[5.75617747, 0.0, 0.0, 0.0, 11.51235495, -5.75617747, 0.0, 0.0, 5.75617747]",16,2.34E-05,local
37_7,bulk,-36.14687239,55.787,TRUE,"[5.75617747, 0.0, 0.0, 0.0, 5.75617747, 0.0, 0.0, 0.0, 5.75617747]",8,4.00E-07,local
38_0,bulk,-24.8550747,116.306,TRUE,"[2.40156039, 0.0, -4.15962461, 0.0, 4.48819243, -2.77308308, 0.0, 0.0, 2.77308308]",2,3.61E-05,local
38_10,bulk,-24.85204918,79.695,TRUE,"[2.40156039, 0.0, -1.38654154, -0.0, 4.48819243, -2.77308308, 0.0, 0.0, 2.77308308]",2,5.46E-05,local
38_11,bulk,-49.70529428,116.92,TRUE,"[2.40156039, 0.0, -1.38654154, -0.0, 8.97638485, -2.77308308, 0.0, 0.0, 2.77308308]",4,2.00E-05,local
38_12,bulk,-49.70529428,112.537,TRUE,"[2.40156039, 0.0, -1.38654154, -0.0, 8.97638485, -2.77308308, 0.0, 0.0, 2.77308308]",4,2.00E-05,local
38_13,bulk,-24.85339093,24.757,TRUE,"[2.40156039, 0.0, -1.38654154, 0.0, 4.48819243, 0.0, 0.0, 0.0, 2.77308308]",2,8.67E-05,local
38_14,bulk,-24.85339093,26.615,TRUE,"[2.40156039, 0.0, -1.38654154, 0.0, 4.48819243, 0.0, 0.0, 0.0, 2.77308308]",2,8.67E-05,local
38_15,bulk,-49.70296976,199.045,TRUE,"[4.80312078, 0.0, 0.0, -0.0, 4.48819243, 2.77308308, 0.0, 0.0, 2.77308308]",4,5.00E-08,local
38_16,bulk,-49.70602678,144.463,TRUE,"[2.77308308, 0.0, 0.0, 2.77308308, 4.80312078, 4.48819243, 0.0, 0.0, 4.48819243]",4,0.000223175,local
38_17,bulk,-49.70602678,178.681,TRUE,"[2.77308308, 0.0, 0.0, 2.77308308, 4.80312078, 4.48819243, 0.0, 0.0, 4.48819243]",4,0.000223175,local
38_18,bulk,-24.85339092,24.384,TRUE,"[2.77308308, 0.0, 0.0, -1.38654154, 2.40156039, 0.0, 0.0, 0.0, 4.48819243]",2,8.93E-05,local
38_1,bulk,-49.7136051,832.695,TRUE,"[2.40156039, 0.0, -4.15962461, -0.0, 8.97638485, -2.77308308, 0.0, 0.0, 2.77308308]",4,3.10E-05,local
38_2,bulk,-24.86754684,65.555,TRUE,"[4.48819243, 0.0, 0.0, 0.0, 2.40156039, -4.15962461, 0.0, 0.0, 2.77308308]",2,2.87E-05,local
38_3,bulk,-49.69958348,108.983,TRUE,"[4.80312078, 0.0, -5.54616615, -0.0, 4.48819243, -2.77308308, 0.0, 0.0, 2.77308308]",4,0.0001798,local
38_4,bulk,-49.69958348,178.698,TRUE,"[4.80312078, 0.0, -5.54616615, -0.0, 4.48819243, -2.77308308, 0.0, 0.0, 2.77308308]",4,0.0001798,local
38_5,bulk,-99.39705878,252.515,TRUE,"[4.80312078, 0.0, -5.54616615, -0.0, 8.97638485, -2.77308308, 0.0, 0.0, 2.77308308]",8,5.13E-07,local
38_6,bulk,-99.39705878,234.927,TRUE,"[4.80312078, 0.0, -5.54616615, -0.0, 8.97638485, -2.77308308, 0.0, 0.0, 2.77308308]",8,5.13E-07,local
38_7,bulk,-49.69507802,110.573,TRUE,"[4.48819243, 0.0, 0.0, 0.0, 4.80312078, -5.54616615, 0.0, 0.0, 2.77308308]",4,0.000240075,local
38_8,bulk,-49.69507802,77.336,TRUE,"[4.48819243, 0.0, 0.0, 0.0, 4.80312078, -5.54616615, 0.0, 0.0, 2.77308308]",4,0.000240075,local
38_9,bulk,-24.85204918,57.16,TRUE,"[2.40156039, 0.0, -1.38654154, -0.0, 4.48819243, -2.77308308, 0.0, 0.0, 2.77308308]",2,5.46E-05,local
39_0,bulk,-17.13639023,231.146,TRUE,"[2.66790949, 0.0, -4.62095478, 0.0, 22.65251628, -3.08063652, 0.0, 0.0, 3.08063652]",9,2.28E-06,local
39_10,bulk,-68.4877135,617.678,TRUE,"[5.33581897, 0.0, 6.16127304, -0.0, 45.30503257, 3.08063652, 0.0, 0.0, 3.08063652]",36,4.44E-05,local
39_11,bulk,-34.25108991,304.347,TRUE,"[5.33581897, 0.0, 6.16127304, -0.0, 22.65251628, 3.08063652, 0.0, 0.0, 3.08063652]",18,1.43E-05,local
39_12,bulk,-34.25108991,289.441,TRUE,"[5.33581897, 0.0, 6.16127304, -0.0, 22.65251628, 3.08063652, 0.0, 0.0, 3.08063652]",18,1.43E-05,local
39_13,bulk,-17.13964272,166.744,TRUE,"[2.66790949, 0.0, -1.54031826, 0.0, 22.65251628, -3.08063652, 0.0, 0.0, 3.08063652]",9,9.92E-06,local
39_14,bulk,-17.13964272,166.938,TRUE,"[2.66790949, 0.0, -1.54031826, 0.0, 22.65251628, -3.08063652, 0.0, 0.0, 3.08063652]",9,9.92E-06,local
39_15,bulk,-34.27148751,432.33,TRUE,"[2.66790949, 0.0, -1.54031826, 0.0, 45.30503257, -3.08063652, 0.0, 0.0, 3.08063652]",18,6.03E-06,local
39_16,bulk,-34.27148751,488.198,TRUE,"[2.66790949, 0.0, -1.54031826, 0.0, 45.30503257, -3.08063652, 0.0, 0.0, 3.08063652]",18,6.03E-06,local
39_17,bulk,-17.12420158,41.042,TRUE,"[2.66790949, 0.0, -1.54031826, 0.0, 22.65251628, 0.0, 0.0, 0.0, 3.08063652]",9,0.000140833,local
39_18,bulk,-34.27148347,350.122,TRUE,"[2.66790949, 0.0, -1.54031826, 0.0, 45.30503257, 3.08063652, 0.0, 0.0, 3.08063652]",18,5.14E-06,local
39_19,bulk,-34.27148347,499.721,TRUE,"[2.66790949, 0.0, -1.54031826, 0.0, 45.30503257, 3.08063652, 0.0, 0.0, 3.08063652]",18,5.14E-06,local
39_1,bulk,-17.13639023,165.857,TRUE,"[2.66790949, 0.0, -4.62095478, 0.0, 22.65251628, -3.08063652, 0.0, 0.0, 3.08063652]",9,2.28E-06,local
39_20,bulk,-17.13964105,179.423,TRUE,"[2.66790949, 0.0, -1.54031826, 0.0, 22.65251628, 3.08063652, 0.0, 0.0, 3.08063652]",9,8.49E-06,local
39_21,bulk,-17.13964105,167.233,TRUE,"[2.66790949, 0.0, -1.54031826, 0.0, 22.65251628, 3.08063652, 0.0, 0.0, 3.08063652]",9,8.49E-06,local
39_22,bulk,-34.30292389,429.021,TRUE,"[5.33581897, 0.0, 0.0, -0.0, 22.65251628, 3.08063652, 0.0, 0.0, 3.08063652]",18,2.67E-07,local
39_23,bulk,-34.30292389,432.139,TRUE,"[5.33581897, 0.0, 0.0, -0.0, 22.65251628, 3.08063652, 0.0, 0.0, 3.08063652]",18,2.67E-07,local
39_24,bulk,-17.13872777,195.902,TRUE,"[2.66790949, 0.0, -1.54031826, -0.0, 22.65251628, -6.16127304, 0.0, 0.0, 3.08063652]",9,2.62E-06,local
39_25,bulk,-17.13872777,165.745,TRUE,"[2.66790949, 0.0, -1.54031826, -0.0, 22.65251628, -6.16127304, 0.0, 0.0, 3.08063652]",9,2.62E-06,local
39_26,bulk,-17.13881455,152.79,TRUE,"[2.66790949, 0.0, -1.54031826, -0.0, 22.65251628, 6.16127304, 0.0, 0.0, 3.08063652]",9,2.80E-06,local
39_27,bulk,-17.13881455,123.597,TRUE,"[2.66790949, 0.0, -1.54031826, -0.0, 22.65251628, 6.16127304, 0.0, 0.0, 3.08063652]",9,2.80E-06,local
39_28,bulk,-17.12416757,30.9,TRUE,"[3.08063652, 0.0, 0.0, -1.54031826, 2.66790949, 0.0, 0.0, 0.0, 22.65251628]",9,0.000144689,local
39_29,bulk,-17.12416757,32.109,TRUE,"[3.08063652, 0.0, 0.0, -1.54031826, 2.66790949, 0.0, 0.0, 0.0, 22.65251628]",9,0.000144689,local
39_2,bulk,-34.27192814,394.328,TRUE,"[2.66790949, 0.0, -4.62095478, -0.0, 45.30503257, -3.08063652, 0.0, 0.0, 3.08063652]",18,1.03E-06,local
39_3,bulk,-17.13678874,81.848,TRUE,"[22.65251628, 0.0, 0.0, 0.0, 2.66790949, -4.62095478, 0.0, 0.0, 3.08063652]",9,1.02E-06,local
39_4,bulk,-34.24945357,446.663,TRUE,"[5.33581897, 0.0, -6.16127304, -0.0, 22.65251628, -3.08063652, 0.0, 0.0, 3.08063652]",18,1.34E-05,local
39_5,bulk,-34.24945357,491.424,TRUE,"[5.33581897, 0.0, -6.16127304, -0.0, 22.65251628, -3.08063652, 0.0, 0.0, 3.08063652]",18,1.34E-05,local
39_6,bulk,-68.48639525,627.552,TRUE,"[5.33581897, 0.0, -6.16127304, 0.0, 45.30503257, -3.08063652, 0.0, 0.0, 3.08063652]",36,5.05E-05,local
39_7,bulk,-68.48639525,647.338,TRUE,"[5.33581897, 0.0, -6.16127304, 0.0, 45.30503257, -3.08063652, 0.0, 0.0, 3.08063652]",36,5.05E-05,local
39_8,bulk,-34.25802995,326.963,TRUE,"[22.65251628, 0.0, 0.0, 0.0, 5.33581897, -6.16127304, 0.0, 0.0, 3.08063652]",18,1.63E-05,local
39_9,bulk,-68.4877135,894.507,TRUE,"[5.33581897, 0.0, 6.16127304, -0.0, 45.30503257, 3.08063652, 0.0, 0.0, 3.08063652]",36,4.44E-05,local
3_0,bulk,-30.76677757,241.773,TRUE,"[6.63829402, 0.0, -6.63829402, -0.0, 6.63829402, -6.63829402, 0.0, 0.0, 6.63829402]",8,3.98E-06,local
3_1,bulk,-30.76677757,148.274,TRUE,"[6.63829402, 0.0, -6.63829402, -0.0, 6.63829402, -6.63829402, 0.0, 0.0, 6.63829402]",8,3.98E-06,local
3_2,bulk,-61.5617368,916.464,TRUE,"[6.63829402, 0.0, -6.63829402, 0.0, 13.27658804, -6.63829402, 0.0, 0.0, 6.63829402]",16,1.28E-05,local
3_3,bulk,-61.5617368,534.766,TRUE,"[6.63829402, 0.0, -6.63829402, 0.0, 13.27658804, -6.63829402, 0.0, 0.0, 6.63829402]",16,1.28E-05,local
3_4,bulk,-30.77020697,182.116,TRUE,"[6.63829402, 0.0, 0.0, 0.0, 6.63829402, -6.63829402, 0.0, 0.0, 6.63829402]",8,3.94E-06,local
3_5,bulk,-123.1383593,1397.491,TRUE,"[13.27658804, 0.0, -6.63829402, -0.0, 13.27658804, -6.63829402, 0.0, 0.0, 6.63829402]",32,1.72E-05,local
3_6,bulk,-61.55786184,598.438,TRUE,"[6.63829402, 0.0, 0.0, 0.0, 13.27658804, -6.63829402, 0.0, 0.0, 6.63829402]",16,9.04E-06,local
3_7,bulk,-30.76252126,39.747,TRUE,"[6.63829402, 0.0, 0.0, 0.0, 6.63829402, 0.0, 0.0, 0.0, 6.63829402]",8,0.000121588,local
40_0,bulk,-22.89323231,253.393,TRUE,"[2.94727254, 0.0, -5.10482579, -0.0, 24.80538747, -3.40321719, 0.0, 0.0, 3.40321719]",9,4.37E-05,local
40_10,bulk,-92.138063,3652.777,TRUE,"[5.89454508, 0.0, 6.80643438, 0.0, 49.61077493, 3.40321719, 0.0, 0.0, 3.40321719]",36,2.69E-06,local
40_11,bulk,-46.13729171,557.096,TRUE,"[5.89454508, 0.0, 6.80643438, -0.0, 24.80538747, 3.40321719, 0.0, 0.0, 3.40321719]",18,4.70E-05,local
40_12,bulk,-46.13729171,665.908,TRUE,"[5.89454508, 0.0, 6.80643438, -0.0, 24.80538747, 3.40321719, 0.0, 0.0, 3.40321719]",18,4.70E-05,local
40_13,bulk,-23.0928414,223.505,TRUE,"[2.94727254, 0.0, -1.7016086, -0.0, 24.80538747, -3.40321719, 0.0, 0.0, 3.40321719]",9,8.91E-05,local
40_14,bulk,-23.0928414,223.112,TRUE,"[2.94727254, 0.0, -1.7016086, -0.0, 24.80538747, -3.40321719, 0.0, 0.0, 3.40321719]",9,8.91E-05,local
40_15,bulk,-46.10174462,1583.986,TRUE,"[2.94727254, 0.0, -1.7016086, -0.0, 49.61077493, -3.40321719, 0.0, 0.0, 3.40321719]",18,5.26E-05,local
40_16,bulk,-46.10174462,2308.701,TRUE,"[2.94727254, 0.0, -1.7016086, -0.0, 49.61077493, -3.40321719, 0.0, 0.0, 3.40321719]",18,5.26E-05,local
40_17,bulk,-23.07826929,98.389,TRUE,"[2.94727254, 0.0, -1.7016086, 0.0, 24.80538747, 0.0, 0.0, 0.0, 3.40321719]",9,0.000306578,local
40_18,bulk,-46.10169957,1558.277,TRUE,"[2.94727254, 0.0, -1.7016086, -0.0, 49.61077493, 3.40321719, 0.0, 0.0, 3.40321719]",18,5.17E-05,local
40_19,bulk,-46.10169957,1409.504,TRUE,"[2.94727254, 0.0, -1.7016086, -0.0, 49.61077493, 3.40321719, 0.0, 0.0, 3.40321719]",18,5.17E-05,local
40_1,bulk,-22.89323231,265.52,TRUE,"[2.94727254, 0.0, -5.10482579, -0.0, 24.80538747, -3.40321719, 0.0, 0.0, 3.40321719]",9,4.37E-05,local
40_20,bulk,-23.09282773,268.107,TRUE,"[2.94727254, 0.0, -1.7016086, -0.0, 24.80538747, 3.40321719, 0.0, 0.0, 3.40321719]",9,9.70E-05,local
40_21,bulk,-23.09282773,197.34,TRUE,"[2.94727254, 0.0, -1.7016086, -0.0, 24.80538747, 3.40321719, 0.0, 0.0, 3.40321719]",9,9.70E-05,local
40_22,bulk,-46.06352829,755.655,TRUE,"[5.89454508, 0.0, -0.0, -0.0, 24.80538747, 3.40321719, 0.0, 0.0, 3.40321719]",18,1.06E-05,local
40_23,bulk,-46.06352829,653.67,TRUE,"[5.89454508, 0.0, -0.0, -0.0, 24.80538747, 3.40321719, 0.0, 0.0, 3.40321719]",18,1.06E-05,local
40_24,bulk,-23.02603738,167.443,TRUE,"[2.94727254, 0.0, -1.7016086, 0.0, 24.80538747, -6.80643438, 0.0, 0.0, 3.40321719]",9,3.53E-05,local
40_25,bulk,-23.02603738,210.76,TRUE,"[2.94727254, 0.0, -1.7016086, 0.0, 24.80538747, -6.80643438, 0.0, 0.0, 3.40321719]",9,3.53E-05,local
40_26,bulk,-23.02604079,171.151,TRUE,"[2.94727254, 0.0, -1.7016086, -0.0, 24.80538747, 6.80643438, 0.0, 0.0, 3.40321719]",9,3.54E-05,local
40_27,bulk,-23.02604079,210.548,TRUE,"[2.94727254, 0.0, -1.7016086, -0.0, 24.80538747, 6.80643438, 0.0, 0.0, 3.40321719]",9,3.54E-05,local
40_28,bulk,-23.07826894,80.938,TRUE,"[3.40321719, 0.0, 0.0, -1.7016086, 2.94727254, -0.0, 0.0, 0.0, 24.80538747]",9,0.000341556,local
40_29,bulk,-23.07826894,102.973,TRUE,"[3.40321719, 0.0, 0.0, -1.7016086, 2.94727254, -0.0, 0.0, 0.0, 24.80538747]",9,0.000341556,local
40_2,bulk,-45.72635619,1633.31,TRUE,"[2.94727254, 0.0, -5.10482579, -0.0, 49.61077493, -3.40321719, 0.0, 0.0, 3.40321719]",18,2.32E-05,local
40_3,bulk,-22.86621878,205.839,TRUE,"[24.80538747, 0.0, 0.0, 0.0, 2.94727254, -5.10482579, 0.0, 0.0, 3.40321719]",9,9.70E-05,local
40_4,bulk,-46.14852892,574.203,TRUE,"[5.89454508, 0.0, -6.80643438, -0.0, 24.80538747, -3.40321719, 0.0, 0.0, 3.40321719]",18,2.02E-05,local
40_5,bulk,-46.14852892,758.664,TRUE,"[5.89454508, 0.0, -6.80643438, -0.0, 24.80538747, -3.40321719, 0.0, 0.0, 3.40321719]",18,2.02E-05,local
40_6,bulk,-92.15367807,3857.106,TRUE,"[5.89454508, 0.0, -6.80643438, -0.0, 49.61077493, -3.40321719, 0.0, 0.0, 3.40321719]",36,4.89E-06,local
40_7,bulk,-92.15367807,3549.247,TRUE,"[5.89454508, 0.0, -6.80643438, -0.0, 49.61077493, -3.40321719, 0.0, 0.0, 3.40321719]",36,4.89E-06,local
40_8,bulk,-46.21052209,708.717,TRUE,"[24.80538747, 0.0, 0.0, 0.0, 5.89454508, -6.80643438, 0.0, 0.0, 3.40321719]",18,4.98E-06,local
40_9,bulk,-92.138063,4017.85,TRUE,"[5.89454508, 0.0, 6.80643438, 0.0, 49.61077493, 3.40321719, 0.0, 0.0, 3.40321719]",36,2.69E-06,local
41_0,bulk,-7.63984924,79.21,TRUE,"[7.13522996, 0.0, -5.01357372, -0.0, 7.13538791, -5.01357372, 0.0, 0.0, 5.01357372]",4,0.000416225,local
41_10,bulk,-15.26094681,163.61,TRUE,"[5.01357372, 0.0, 0.0, 0.0, 14.27077582, -7.13522996, 0.0, 0.0, 7.13522996]",8,3.71E-05,local
41_11,bulk,-7.63446546,39.092,TRUE,"[5.01357372, 0.0, 0.0, 0.0, 7.13538791, 0.0, 0.0, 0.0, 7.13522996]",4,0.0005247,local
41_1,bulk,-15.25710332,168.423,TRUE,"[7.13522996, 0.0, -5.01357372, 0.0, 14.27077582, -5.01357372, 0.0, 0.0, 5.01357372]",8,5.43E-05,local
41_2,bulk,-7.63578424,46.28,TRUE,"[7.13538791, 0.0, 0.0, 0.0, 7.13522996, -5.01357372, 0.0, 0.0, 5.01357372]",4,0.000611425,local
41_3,bulk,-30.48708469,561.065,TRUE,"[14.27045991, 0.0, -5.01357372, 0.0, 14.27077582, -5.01357372, 0.0, 0.0, 5.01357372]",16,4.82E-05,local
41_4,bulk,-15.25504316,125.394,TRUE,"[7.13538791, 0.0, 0.0, 0.0, 14.27045991, -5.01357372, 0.0, 0.0, 5.01357372]",8,2.10E-05,local
41_5,bulk,-7.63446548,38.291,TRUE,"[7.13522996, 0.0, 0.0, 0.0, 7.13538791, 0.0, 0.0, 0.0, 5.01357372]",4,0.000528425,local
41_6,bulk,-15.22967053,179.842,TRUE,"[10.02714743, 0.0, 7.13522996, 10.02714743, 7.13538791, -0.0, 0.0, 0.0, 7.13522996]",8,0.000164813,local
41_7,bulk,-15.2507293,253.404,TRUE,"[10.02714743, 0.0, 7.13522996, 5.01357372, 7.13538791, -0.0, 0.0, 0.0, 7.13522996]",8,0.000210575,local
41_8,bulk,-15.25570786,162.441,TRUE,"[7.13538791, 0.0, 0.0, -0.0, 10.02714743, 7.13522996, 0.0, 0.0, 7.13522996]",8,0.000132325,local
41_9,bulk,-7.62064425,50.444,TRUE,"[5.01357372, 0.0, 0.0, -0.0, 7.13538791, -7.13522996, 0.0, 0.0, 7.13522996]",4,2.28E-06,local
42_0,bulk,-2.22300638,85.18,TRUE,"[2.30994836, 0.0, -4.00094792, 0.0, 4.927747, -2.66729862, 0.0, 0.0, 2.66729862]",2,5.00E-07,local
42_10,bulk,-2.22702619,75.948,TRUE,"[2.30994836, 0.0, -1.33364931, 0.0, 4.927747, -2.66729862, 0.0, 0.0, 2.66729862]",2,3.75E-06,local
42_11,bulk,-4.45152394,68.874,TRUE,"[2.30994836, 0.0, -1.33364931, 0.0, 9.85549399, -2.66729862, 0.0, 0.0, 2.66729862]",4,9.60E-05,local
42_12,bulk,-4.45152394,70.875,TRUE,"[2.30994836, 0.0, -1.33364931, 0.0, 9.85549399, -2.66729862, 0.0, 0.0, 2.66729862]",4,9.60E-05,local
42_13,bulk,-2.22705906,20.01,TRUE,"[2.30994836, 0.0, -1.33364931, 0.0, 4.927747, 0.0, 0.0, 0.0, 2.66729862]",2,5.20E-06,local
42_14,bulk,-2.22705906,22.888,TRUE,"[2.30994836, 0.0, -1.33364931, 0.0, 4.927747, 0.0, 0.0, 0.0, 2.66729862]",2,5.20E-06,local
42_15,bulk,-4.44605429,111.734,TRUE,"[4.61989672, 0.0, 0.0, -0.0, 4.927747, 2.66729862, 0.0, 0.0, 2.66729862]",4,3.83E-06,local
42_16,bulk,-4.42612609,142.124,TRUE,"[2.66729862, 0.0, 0.0, 2.66729862, 4.61989672, 4.927747, 0.0, 0.0, 4.927747]",4,4.53E-06,local
42_17,bulk,-4.42612609,180.493,TRUE,"[2.66729862, 0.0, 0.0, 2.66729862, 4.61989672, 4.927747, 0.0, 0.0, 4.927747]",4,4.53E-06,local
42_18,bulk,-2.22705907,21.186,TRUE,"[2.66729862, 0.0, 0.0, -1.33364931, 2.30994836, 0.0, 0.0, 0.0, 4.927747]",2,5.20E-06,local
42_1,bulk,-4.44218184,106.435,TRUE,"[2.30994836, 0.0, -4.00094792, -0.0, 9.85549399, -2.66729862, 0.0, 0.0, 2.66729862]",4,8.58E-06,local
42_2,bulk,-2.22971225,58.919,TRUE,"[4.927747, 0.0, 0.0, 0.0, 2.30994836, -4.00094792, 0.0, 0.0, 2.66729862]",2,1.50E-07,local
42_3,bulk,-4.43063143,105.67,TRUE,"[4.61989672, 0.0, -5.33459723, 0.0, 4.927747, -2.66729862, 0.0, 0.0, 2.66729862]",4,4.03E-06,local
42_4,bulk,-4.43063143,87.573,TRUE,"[4.61989672, 0.0, -5.33459723, 0.0, 4.927747, -2.66729862, 0.0, 0.0, 2.66729862]",4,4.03E-06,local
42_5,bulk,-8.84878236,180.02,TRUE,"[4.61989672, 0.0, -5.33459723, -0.0, 9.85549399, -2.66729862, 0.0, 0.0, 2.66729862]",8,8.21E-06,local
42_6,bulk,-8.84878236,233.882,TRUE,"[4.61989672, 0.0, -5.33459723, -0.0, 9.85549399, -2.66729862, 0.0, 0.0, 2.66729862]",8,8.21E-06,local
42_7,bulk,-4.42772581,77.371,TRUE,"[4.927747, 0.0, 0.0, 0.0, 4.61989672, -5.33459723, 0.0, 0.0, 2.66729862]",4,6.25E-06,local
42_8,bulk,-4.42772581,72.821,TRUE,"[4.927747, 0.0, 0.0, 0.0, 4.61989672, -5.33459723, 0.0, 0.0, 2.66729862]",4,6.25E-06,local
42_9,bulk,-2.22702619,73.93,TRUE,"[2.30994836, 0.0, -1.33364931, 0.0, 4.927747, -2.66729862, 0.0, 0.0, 2.66729862]",2,3.75E-06,local
43_0,bulk,-14.99674274,13.125,TRUE,"[4.03892969, 0.0, -4.03892969, -0.0, 4.03892969, -4.03892969, 0.0, 0.0, 4.03892969]",4,6.18E-06,local
43_1,bulk,-29.97712602,52.886,TRUE,"[4.03892969, 0.0, 4.03892969, 4.03892969, 8.07785939, 0.0, 0.0, 0.0, 4.03892969]",8,1.94E-05,local
43_2,bulk,-14.98031629,16.817,TRUE,"[4.03892969, 0.0, 0.0, 0.0, 4.03892969, -4.03892969, 0.0, 0.0, 4.03892969]",4,6.68E-06,local
43_3,bulk,-59.94170806,88.823,TRUE,"[8.07785939, 0.0, -4.03892969, -0.0, 8.07785939, -4.03892969, 0.0, 0.0, 4.03892969]",16,8.96E-06,local
43_4,bulk,-29.946248,44.09,TRUE,"[4.03892969, 0.0, 0.0, 0.0, 8.07785939, -4.03892969, 0.0, 0.0, 4.03892969]",8,5.68E-06,local
43_5,bulk,-14.96402097,5.77,TRUE,"[4.03892969, 0.0, 0.0, 0.0, 4.03892969, 0.0, 0.0, 0.0, 4.03892969]",4,5.95E-06,local
44_0,bulk,-24.39551936,39.941,TRUE,"[3.9670337, 0.0, -3.9670337, -0.0, 3.9670337, -3.9670337, 0.0, 0.0, 3.9670337]",4,0.0003157,local
44_1,bulk,-48.79872491,165.053,TRUE,"[3.9670337, 0.0, -3.9670337, 0.0, 7.93406741, -3.9670337, 0.0, 0.0, 3.9670337]",8,0.000497113,local
44_2,bulk,-24.3945499,43.878,TRUE,"[3.9670337, 0.0, 0.0, 0.0, 3.9670337, -3.9670337, 0.0, 0.0, 3.9670337]",4,0.004130825,local
44_3,bulk,-97.61261187,388.266,TRUE,"[7.93406741, 0.0, -3.9670337, -0.0, 7.93406741, -3.9670337, 0.0, 0.0, 3.9670337]",16,0.000415938,local
44_4,bulk,-48.80332158,154.127,TRUE,"[3.9670337, 0.0, 0.0, 0.0, 7.93406741, -3.9670337, 0.0, 0.0, 3.9670337]",8,0.000311638,local
44_5,bulk,-24.39591532,16.739,TRUE,"[3.9670337, 0.0, 0.0, 0.0, 3.9670337, 0.0, 0.0, 0.0, 3.9670337]",4,0.001578,local
4_0,bulk,-7.71963525,46.274,TRUE,"[5.52578882, 0.0, -5.52578882, -0.0, 5.52578882, -5.52578882, 0.0, 0.0, 5.52578882]",4,2.23E-05,local
4_1,bulk,-15.42784652,183.982,TRUE,"[5.52578882, 0.0, -5.52578882, 0.0, 11.05157765, -5.52578882, 0.0, 0.0, 5.52578882]",8,0.000240838,local
4_2,bulk,-7.70917334,34.119,TRUE,"[5.52578882, 0.0, 0.0, 0.0, 5.52578882, -5.52578882, 0.0, 0.0, 5.52578882]",4,5.14E-05,local
4_3,bulk,-30.87666212,222.599,TRUE,"[11.05157765, 0.0, -5.52578882, -0.0, 11.05157765, -5.52578882, 0.0, 0.0, 5.52578882]",16,0.000318456,local
4_4,bulk,-15.43264372,104.229,TRUE,"[5.52578882, 0.0, 0.0, 0.0, 11.05157765, -5.52578882, 0.0, 0.0, 5.52578882]",8,7.11E-05,local
4_5,bulk,-7.70878668,20.109,TRUE,"[5.52578882, 0.0, 0.0, 0.0, 5.52578882, 0.0, 0.0, 0.0, 5.52578882]",4,5.99E-05,local
5_0,bulk,-23.24327818,218.389,TRUE,"[7.77898636, 0.0, -4.52913507, 0.0, 4.63289909, -4.52913507, 0.0, 0.0, 4.52913507]",8,2.13E-07,local
5_10,bulk,-92.98816951,2551.914,TRUE,"[15.55797273, 0.0, -4.52913507, 0.0, 9.26579818, -4.52913507, 0.0, 0.0, 4.52913507]",32,3.25E-07,local
5_11,bulk,-92.98816951,2425.544,TRUE,"[15.55797273, 0.0, -4.52913507, 0.0, 9.26579818, -4.52913507, 0.0, 0.0, 4.52913507]",32,3.25E-07,local
5_12,bulk,-46.46158301,824.687,TRUE,"[4.63289909, 0.0, 0.0, 0.0, 15.55797273, -4.52913507, 0.0, 0.0, 4.52913507]",16,1.31E-07,local
5_13,bulk,-46.46158301,766.481,TRUE,"[4.63289909, 0.0, 0.0, 0.0, 15.55797273, -4.52913507, 0.0, 0.0, 4.52913507]",16,1.31E-07,local
5_14,bulk,-23.21291883,122.932,TRUE,"[7.77898636, 0.0, 0.0, -0.0, 4.63289909, -4.52913507, 0.0, 0.0, 4.52913507]",8,2.11E-05,local
5_15,bulk,-23.21291883,166.277,TRUE,"[7.77898636, 0.0, 0.0, -0.0, 4.63289909, -4.52913507, 0.0, 0.0, 4.52913507]",8,2.11E-05,local
5_16,bulk,-46.43754226,433.13,TRUE,"[7.77898636, 0.0, 0.0, 0.0, 9.26579818, -4.52913507, 0.0, 0.0, 4.52913507]",16,0.000106063,local
5_17,bulk,-46.43754226,484.232,TRUE,"[7.77898636, 0.0, 0.0, 0.0, 9.26579818, -4.52913507, 0.0, 0.0, 4.52913507]",16,0.000106063,local
5_18,bulk,-23.20720214,143.967,TRUE,"[7.77898636, 0.0, 0.0, 0.0, 4.63289909, 0.0, 0.0, 0.0, 4.52913507]",8,1.95E-05,local
5_19,bulk,-46.51615178,931.594,TRUE,"[11.94005389, 0.0, 0.0, 6.87201739, 5.9014943, 4.63289909, 0.0, 0.0, 4.63289909]",16,8.75E-08,local
5_1,bulk,-23.24327818,223.123,TRUE,"[7.77898636, 0.0, -4.52913507, 0.0, 4.63289909, -4.52913507, 0.0, 0.0, 4.52913507]",8,2.13E-07,local
5_20,bulk,-46.51615178,906.008,TRUE,"[11.94005389, 0.0, 0.0, 6.87201739, 5.9014943, 4.63289909, 0.0, 0.0, 4.63289909]",16,8.75E-08,local
5_21,bulk,-46.51615178,833.821,TRUE,"[11.94005389, 0.0, 0.0, 6.87201739, 5.9014943, 4.63289909, 0.0, 0.0, 4.63289909]",16,8.75E-08,local
5_22,bulk,-46.50809489,757.524,TRUE,"[9.05827014, 0.0, 7.77898636, 4.52913507, 4.63289909, -0.0, 0.0, 0.0, 7.77898636]",16,1.46E-06,local
5_23,bulk,-46.50809489,846.511,TRUE,"[9.05827014, 0.0, 7.77898636, 4.52913507, 4.63289909, -0.0, 0.0, 0.0, 7.77898636]",16,1.46E-06,local
5_24,bulk,-46.49235423,558.493,TRUE,"[4.63289909, 0.0, 0.0, -0.0, 9.05827014, 7.77898636, 0.0, 0.0, 7.77898636]",16,3.10E-05,local
5_25,bulk,-46.49235423,524.648,TRUE,"[4.63289909, 0.0, 0.0, -0.0, 9.05827014, 7.77898636, 0.0, 0.0, 7.77898636]",16,3.10E-05,local
5_26,bulk,-46.50606975,1085.534,TRUE,"[9.00142729, 0.0, 0.0, 4.55773597, 7.82810966, 4.63289909, 0.0, 0.0, 4.63289909]",16,1.13E-07,local
5_27,bulk,-46.50606975,771.136,TRUE,"[9.00142729, 0.0, 0.0, 4.55773597, 7.82810966, 4.63289909, 0.0, 0.0, 4.63289909]",16,1.13E-07,local
5_28,bulk,-46.48342582,325.22,TRUE,"[7.77898636, 0.0, 0.0, -0.0, 9.05827014, 4.63289909, 0.0, 0.0, 4.63289909]",16,0.000201269,local
5_29,bulk,-46.48342582,323.363,TRUE,"[7.77898636, 0.0, 0.0, -0.0, 9.05827014, 4.63289909, 0.0, 0.0, 4.63289909]",16,0.000201269,local
5_2,bulk,-23.24327818,233.693,TRUE,"[7.77898636, 0.0, -4.52913507, 0.0, 4.63289909, -4.52913507, 0.0, 0.0, 4.52913507]",8,2.13E-07,local
5_30,bulk,-23.22500255,296.315,TRUE,"[4.52913507, 0.0, 0.0, -0.0, 7.77898636, 4.63289909, 0.0, 0.0, 4.63289909]",8,1.38E-07,local
5_31,bulk,-23.22500255,328.063,TRUE,"[4.52913507, 0.0, 0.0, -0.0, 7.77898636, 4.63289909, 0.0, 0.0, 4.63289909]",8,1.38E-07,local
5_32,bulk,-23.22500255,270.692,TRUE,"[4.52913507, 0.0, 0.0, -0.0, 7.77898636, 4.63289909, 0.0, 0.0, 4.63289909]",8,1.38E-07,local
5_33,bulk,-46.41238029,390.296,TRUE,"[4.52913507, 0.0, 0.0, -0.0, 9.26579818, -7.77898636, 0.0, 0.0, 7.77898636]",16,8.42E-05,local
5_34,bulk,-46.41238029,463.967,TRUE,"[4.52913507, 0.0, 0.0, -0.0, 9.26579818, -7.77898636, 0.0, 0.0, 7.77898636]",16,8.42E-05,local
5_35,bulk,-46.41238029,464.509,TRUE,"[4.52913507, 0.0, 0.0, -0.0, 9.26579818, -7.77898636, 0.0, 0.0, 7.77898636]",16,8.42E-05,local
5_36,bulk,-23.20720214,188.671,TRUE,"[4.52913507, 0.0, 0.0, 0.0, 4.63289909, 0.0, 0.0, 0.0, 7.77898636]",8,1.95E-05,local
5_37,bulk,-23.20720214,140.459,TRUE,"[4.52913507, 0.0, 0.0, 0.0, 4.63289909, 0.0, 0.0, 0.0, 7.77898636]",8,1.95E-05,local
5_38,bulk,-46.46150044,894.144,TRUE,"[4.52913507, 0.0, 0.0, -0.0, 15.55797273, 4.63289909, 0.0, 0.0, 4.63289909]",16,1.13E-07,local
5_39,bulk,-46.46150043,904.504,TRUE,"[4.52913507, 0.0, 0.0, -0.0, 15.55797273, 4.63289909, 0.0, 0.0, 4.63289909]",16,1.13E-07,local
5_3,bulk,-46.49852498,607.633,TRUE,"[7.77898636, 0.0, -4.52913507, 0.0, 9.26579818, -4.52913507, 0.0, 0.0, 4.52913507]",16,4.38E-08,local
5_40,bulk,-23.20720214,156.101,TRUE,"[4.52913507, 0.0, 0.0, 0.0, 7.77898636, 0.0, 0.0, 0.0, 4.63289909]",8,1.89E-05,local
5_41,bulk,-23.20720214,135.988,TRUE,"[4.52913507, 0.0, 0.0, 0.0, 7.77898636, 0.0, 0.0, 0.0, 4.63289909]",8,1.89E-05,local
5_4,bulk,-46.49852498,831.303,TRUE,"[7.77898636, 0.0, -4.52913507, 0.0, 9.26579818, -4.52913507, 0.0, 0.0, 4.52913507]",16,4.38E-08,local
5_5,bulk,-46.49852498,517.577,TRUE,"[7.77898636, 0.0, -4.52913507, 0.0, 9.26579818, -4.52913507, 0.0, 0.0, 4.52913507]",16,4.38E-08,local
5_6,bulk,-23.23082063,241.705,TRUE,"[4.63289909, 0.0, 0.0, 0.0, 7.77898636, -4.52913507, 0.0, 0.0, 4.52913507]",8,2.13E-07,local
5_7,bulk,-23.23082063,508.684,TRUE,"[4.63289909, 0.0, 0.0, 0.0, 7.77898636, -4.52913507, 0.0, 0.0, 4.52913507]",8,2.13E-07,local
5_8,bulk,-46.48065013,796.833,TRUE,"[15.55797273, 0.0, -4.52913507, -0.0, 4.63289909, -4.52913507, 0.0, 0.0, 4.52913507]",16,1.06E-07,local
5_9,bulk,-46.48065013,749.083,TRUE,"[15.55797273, 0.0, -4.52913507, -0.0, 4.63289909, -4.52913507, 0.0, 0.0, 4.52913507]",16,1.06E-07,local
6_0,bulk,-14.08049508,533.079,TRUE,"[25.01550772, 0.0, 7.808912, 22.52114916, 7.49505312, 15.57926129, 0.0, 0.0, 7.77034929]",16,7.68E-05,local
6_10,bulk,-29.797095,1395.666,TRUE,"[28.5126036, 0.0, -7.808912, 19.75891042, 13.15155654, 7.73178658, 0.0, 0.0, 7.77034929]",32,4.75E-05,local
6_11,bulk,-29.797095,706.67,TRUE,"[28.5126036, 0.0, -7.808912, 19.75891042, 13.15155654, 7.73178658, 0.0, 0.0, 7.77034929]",32,4.75E-05,local
6_12,bulk,-30.09131251,1453.003,TRUE,"[28.5126036, 0.0, -7.808912, 19.75891042, 13.15155654, -0.03856271, 0.0, 0.0, 7.77034929]",32,0.000316538,local
6_13,bulk,-14.91412328,388.147,TRUE,"[7.89921806, 0.0, 0.0, -0.0, 23.73558469, 15.57926129, 0.0, 0.0, 7.77034929]",16,0.000135231,local
6_14,bulk,-14.914557,320.725,TRUE,"[7.89921806, 0.0, 0.0, -0.0, 23.73558469, 23.34961059, 0.0, 0.0, 7.77034929]",16,0.000153069,local
6_15,bulk,-14.98691107,414.664,TRUE,"[7.89921806, 0.0, 0.0, 0.0, 7.38114867, -2.42836826, 0.0, 0.0, 24.98713844]",16,8.93E-05,local
6_16,bulk,-14.98594563,360.667,TRUE,"[7.89921806, 0.0, 0.0, -0.0, 23.73558469, 7.73178658, 0.0, 0.0, 7.77034929]",16,9.60E-05,local
6_17,bulk,-14.93810121,522.738,TRUE,"[7.89921806, 0.0, 0.0, 0.0, 23.73558469, -0.03856271, 0.0, 0.0, 7.77034929]",16,4.05E-05,local
6_18,bulk,-28.21176597,3574.346,TRUE,"[48.1238981, 0.0, 15.617824, 46.82729395, 7.79207698, 23.3881733, 0.0, 0.0, 7.77034929]",32,8.33E-05,local
6_19,bulk,-28.21176597,6039.546,TRUE,"[48.1238981, 0.0, 15.617824, 46.82729395, 7.79207698, 23.3881733, 0.0, 0.0, 7.77034929]",32,8.34E-05,local
6_1,bulk,-14.08049508,531.914,TRUE,"[25.01550772, 0.0, 7.808912, 22.52114916, 7.49505312, 15.57926129, 0.0, 0.0, 7.77034929]",16,7.68E-05,local
6_20,bulk,-30.20105237,2839.846,TRUE,"[49.97427687, 0.0, 7.89921806, 27.41550669, 7.38114867, 0.0, 0.0, 0.0, 7.89921806]",32,0.000133384,local
6_21,bulk,-29.88393911,4557.187,TRUE,"[7.77034929, 0.0, 0.0, 15.617824, 47.47116938, 7.89921806, 0.0, 0.0, 7.89921806]",32,1.01E-05,local
6_22,bulk,-29.88393911,4375.77,TRUE,"[7.77034929, 0.0, 0.0, 15.617824, 47.47116938, 7.89921806, 0.0, 0.0, 7.89921806]",32,1.01E-05,local
6_23,bulk,-29.98360457,1744.107,TRUE,"[49.97427687, 0.0, -7.89921806, 22.55877018, 7.38114867, 0.0, 0.0, 0.0, 7.89921806]",32,8.97E-05,local
6_24,bulk,-28.21644748,4579.263,TRUE,"[48.1238981, 0.0, -15.617824, 46.82729395, 7.79207698, -7.84747471, 0.0, 0.0, 7.77034929]",32,4.87E-06,local
6_25,bulk,-28.21644748,8254.832,TRUE,"[48.1238981, 0.0, -15.617824, 46.82729395, 7.79207698, -7.84747471, 0.0, 0.0, 7.77034929]",32,4.87E-06,local
6_26,bulk,-30.08890861,2530.589,TRUE,"[25.01550772, 0.0, 7.808912, 45.04229831, 14.99010624, 23.3881733, 0.0, 0.0, 7.77034929]",32,1.87E-05,local
6_27,bulk,-30.15154731,2321.138,TRUE,"[25.01550772, 0.0, -7.808912, 45.04229831, 14.99010624, -7.84747471, 0.0, 0.0, 7.77034929]",32,6.07E-05,local
6_28,bulk,,,FALSE,,,,local
6_29,bulk,-29.82249389,3484.394,TRUE,"[7.89921806, 0.0, 0.0, 0.0, 47.47116938, -7.84747471, 0.0, 0.0, 7.77034929]",32,6.44E-06,local
6_2,bulk,-30.08735174,1564.783,TRUE,"[24.98713844, 0.0, 7.89921806, 29.84387495, 14.76229734, 0.0, 0.0, 0.0, 7.89921806]",32,2.05E-06,local
6_30,bulk,-14.98691113,415.869,TRUE,"[24.98713844, 0.0, 0.0, -2.42836826, 7.38114867, 0.0, 0.0, 0.0, 7.89921806]",16,8.38E-05,local
6_31,bulk,-30.0283196,833.833,TRUE,"[23.73558469, 0.0, -7.808912, -0.0, 15.79843612, 7.77034929, 0.0, 0.0, 7.77034929]",32,1.63E-05,local
6_3,bulk,-14.98105524,561.224,TRUE,"[7.77034929, 0.0, 0.0, 7.808912, 23.73558469, 7.89921806, 0.0, 0.0, 7.89921806]",16,6.10E-05,local
6_4,bulk,-30.27151881,1210.048,TRUE,"[24.98713844, 0.0, -7.89921806, 20.13040192, 14.76229734, 0.0, 0.0, 0.0, 7.89921806]",32,0.000127594,local
6_5,bulk,-14.22570595,541.252,TRUE,"[25.01550772, 0.0, -7.808912, 22.52114916, 7.49505312, -0.03856271, 0.0, 0.0, 7.77034929]",16,3.89E-05,local
6_6,bulk,-29.94278107,1647.177,TRUE,"[28.5126036, 0.0, 7.808912, 19.75891042, 13.15155654, 15.57926129, 0.0, 0.0, 7.77034929]",32,9.18E-05,local
6_7,bulk,-29.55234615,1722.859,TRUE,"[28.5126036, 0.0, 7.808912, 19.75891042, 13.15155654, 23.34961059, 0.0, 0.0, 7.77034929]",32,3.51E-06,local
6_8,bulk,-29.55234615,927.012,TRUE,"[28.5126036, 0.0, 7.808912, 19.75891042, 13.15155654, 23.34961059, 0.0, 0.0, 7.77034929]",32,3.56E-06,local
6_9,bulk,-14.92111472,529.09,TRUE,"[7.77034929, 0.0, 0.0, 7.808912, 23.73558469, 15.79843612, 0.0, 0.0, 7.89921806]",16,2.04E-05,local
7_0,bulk,-23.62031009,36.722,TRUE,"[3.32171443, 0.0, -3.32171443, -0.0, 3.32171443, -3.32171443, 0.0, 0.0, 3.32171443]",2,0.0002313,local
7_1,bulk,-47.25062699,103.544,TRUE,"[3.32171443, 0.0, -3.32171443, 0.0, 6.64342885, -3.32171443, 0.0, 0.0, 3.32171443]",4,5.10E-05,local
7_2,bulk,-23.62473584,65.705,TRUE,"[3.32171443, 0.0, 0.0, 0.0, 3.32171443, -3.32171443, 0.0, 0.0, 3.32171443]",2,0.00019955,local
7_3,bulk,-94.5120824,166.29,TRUE,"[6.64342885, 0.0, -3.32171443, -0.0, 6.64342885, -3.32171443, 0.0, 0.0, 3.32171443]",8,8.45E-05,local
7_4,bulk,-47.25733935,99.732,TRUE,"[3.32171443, 0.0, 0.0, 0.0, 6.64342885, -3.32171443, 0.0, 0.0, 3.32171443]",4,0.000100125,local
7_5,bulk,-23.63043095,18.448,TRUE,"[3.32171443, 0.0, 0.0, 0.0, 3.32171443, 0.0, 0.0, 0.0, 3.32171443]",2,0.0001933,local
8_0,bulk,-20.88791022,30.98,TRUE,"[3.94026781, 0.0, -3.94026781, -0.0, 3.94026781, -3.94026781, 0.0, 0.0, 3.94026781]",4,0.317161875,local
8_1,bulk,-41.75827987,154.135,TRUE,"[3.94026781, 0.0, -3.94026781, 0.0, 7.88053562, -3.94026781, 0.0, 0.0, 3.94026781]",8,0.296483588,local
8_2,bulk,-20.88121077,41.79,TRUE,"[3.94026781, 0.0, 0.0, 0.0, 3.94026781, -3.94026781, 0.0, 0.0, 3.94026781]",4,0.276965625,local
8_3,bulk,-83.4813675,412.571,TRUE,"[7.88053562, 0.0, -3.94026781, -0.0, 7.88053562, -3.94026781, 0.0, 0.0, 3.94026781]",16,0.235364913,local
8_4,bulk,-41.74935607,172.424,TRUE,"[3.94026781, 0.0, 0.0, 0.0, 7.88053562, -3.94026781, 0.0, 0.0, 3.94026781]",8,0.21684325,local
8_5,bulk,-20.88371726,25.075,TRUE,"[3.94026781, 0.0, 0.0, 0.0, 3.94026781, 0.0, 0.0, 0.0, 3.94026781]",4,0.029447,local
9_0,bulk,-16.47298387,34.178,TRUE,"[2.8334953, 0.0, -2.8334953, -0.0, 2.8334953, -2.8334953, 0.0, 0.0, 2.8334953]",2,2.2068209,local
9_1,bulk,-32.94990562,135.497,TRUE,"[2.8334953, 0.0, 2.8334953, 2.8334953, 5.66699061, 0.0, 0.0, 0.0, 2.8334953]",4,2.203895025,local
9_2,bulk,-16.47495449,68.275,TRUE,"[2.8334953, 0.0, 0.0, 0.0, 2.8334953, -2.8334953, 0.0, 0.0, 2.8334953]",2,2.2070008,local
9_3,bulk,-65.90418651,162.885,TRUE,"[5.66699061, 0.0, -2.8334953, -0.0, 5.66699061, -2.8334953, 0.0, 0.0, 2.8334953]",8,2.211918488,local
9_4,bulk,-32.95380032,73.252,TRUE,"[2.8334953, 0.0, 0.0, 0.0, 5.66699061, -2.8334953, 0.0, 0.0, 2.8334953]",4,2.202879975,local
9_5,bulk,-16.475683,13.761,TRUE,"[2.8334953, 0.0, 0.0, 0.0, 2.8334953, 0.0, 0.0, 0.0, 2.8334953]",2,2.2068583,local
0_0_1,slab,-157.19921,26227.14,TRUE,"[7.92786231, 0.0, 0.0, 3.96393115, 2.28857672, 2.82886, 0.0, 0.0, 45.26175997]",21,0.032737671,local
0_0_2,slab,-180.7329027,36036.134,TRUE,"[7.92786231, 0.0, 0.0, 3.96393115, 2.28857672, 2.82886, 0.0, 0.0, 48.09061996]",24,0.029984983,local
0_0,slab,-133.6673217,18545.521,TRUE,"[7.92786231, 0.0, 0.0, 3.96393115, 2.28857672, 2.82886, 0.0, 0.0, 42.43289997]",18,0.047594083,local
0_10_1,slab,-135.6349698,16671.109,TRUE,"[4.57715344, 0.0, 0.0, 2.28857672, 3.96393115, 2.82886, 0.0, 0.0, 36.77517997]",18,0.152429528,local
0_10_2,slab,-159.1614171,28846.392,TRUE,"[4.57715344, 0.0, 0.0, 2.28857672, 3.96393115, 2.82886, 0.0, 0.0, 39.60403997]",21,0.129499719,local
0_10,slab,-112.1145852,11045.216,TRUE,"[4.57715344, 0.0, 0.0, 2.28857672, 3.96393115, 2.82886, 0.0, 0.0, 33.94631997]",15,0.1865303,local
0_11_1,slab,-226.3194953,61135.158,TRUE,"[3.96393115, 0.0, -2.28857672, -0.0, 5.65772, -4.57715344, 0.0, 0.0, 45.77153437]",30,0.077400423,local
0_11_2,slab,-273.3699971,124211.758,TRUE,"[3.96393115, 0.0, -2.28857672, -0.0, 5.65772, -4.57715344, 0.0, 0.0, 50.3486878]",36,0.063930225,local
0_11,slab,-179.2592481,41374.434,TRUE,"[3.96393115, 0.0, -2.28857672, -0.0, 5.65772, -4.57715344, 0.0, 0.0, 41.19438093]",24,0.093207508,local
0_12_1,slab,-227.6196948,79828.501,TRUE,"[3.96393115, 0.0, -2.28857672, -0.0, 5.65772, -4.57715344, 0.0, 0.0, 45.77153437]",30,2.25E-05,local
0_12_2,slab,-274.6739578,97863.049,TRUE,"[3.96393115, 0.0, -2.28857672, -0.0, 5.65772, -4.57715344, 0.0, 0.0, 50.3486878]",36,4.43E-06,local
0_12,slab,-180.5736225,46860.424,TRUE,"[3.96393115, 0.0, -2.28857672, -0.0, 5.65772, -4.57715344, 0.0, 0.0, 41.19438093]",24,3.40E-05,local
0_13_1,slab,-90.50759936,10972.505,TRUE,"[3.96393115, 0.0, -2.28857672, 0.0, 2.82886, 0.0, 0.0, 0.0, 36.61722749]",12,3.94E-05,local
0_13_2,slab,-114.0327381,11417.997,TRUE,"[3.96393115, 0.0, -2.28857672, 0.0, 2.82886, 0.0, 0.0, 0.0, 41.19438093]",15,2.47E-05,local
0_13,slab,-66.97561518,5891.471,TRUE,"[3.96393115, 0.0, -2.28857672, 0.0, 2.82886, 0.0, 0.0, 0.0, 32.04007406]",9,0.001034522,local
0_14_1,slab,-90.50095677,2613.331,TRUE,"[3.96393115, 0.0, -2.28857672, 0.0, 2.82886, 0.0, 0.0, 0.0, 36.61722749]",12,6.23E-06,local
0_14_2,slab,-114.0260351,4352.227,TRUE,"[3.96393115, 0.0, -2.28857672, 0.0, 2.82886, 0.0, 0.0, 0.0, 41.19438093]",15,6.29E-06,local
0_14,slab,-66.97670293,1609.21,TRUE,"[3.96393115, 0.0, -2.28857672, 0.0, 2.82886, 0.0, 0.0, 0.0, 32.04007406]",9,5.69E-06,local
0_15_1,slab,-271.6134245,37340.503,TRUE,"[7.92786231, 0.0, 0.0, -0.0, 4.57715344, -2.82886, 0.0, 0.0, 36.77517997]",36,2.95E-05,local
0_15_2,slab,-318.6672783,55590.091,TRUE,"[7.92786231, 0.0, 0.0, -0.0, 4.57715344, -2.82886, 0.0, 0.0, 39.60403997]",42,5.07E-06,local
0_15,slab,-224.5745741,32438.351,TRUE,"[7.92786231, 0.0, 0.0, -0.0, 4.57715344, -2.82886, 0.0, 0.0, 33.94631997]",30,1.05E-05,local
0_16_1,slab,-224.8813412,38565.668,TRUE,"[4.57715344, 0.0, 0.0, 4.57715344, 7.92786231, 2.82886, 0.0, 0.0, 31.11745998]",30,0.06894153,local
0_16_2,slab,-271.9306814,61690.512,TRUE,"[4.57715344, 0.0, 0.0, 4.57715344, 7.92786231, 2.82886, 0.0, 0.0, 33.94631997]",36,0.061380489,local
0_16,slab,-177.8513508,21175.661,TRUE,"[4.57715344, 0.0, 0.0, 4.57715344, 7.92786231, 2.82886, 0.0, 0.0, 28.28859998]",24,0.091375783,local
0_17_1,slab,-224.5585242,28086.602,TRUE,"[4.57715344, 0.0, 0.0, 4.57715344, 7.92786231, 2.82886, 0.0, 0.0, 31.11745998]",30,0.134099073,local
0_17_2,slab,-271.6160002,88034.951,TRUE,"[4.57715344, 0.0, 0.0, 4.57715344, 7.92786231, 2.82886, 0.0, 0.0, 33.94631997]",36,0.110973992,local
0_17,slab,-177.5333122,28570.845,TRUE,"[4.57715344, 0.0, 0.0, 4.57715344, 7.92786231, 2.82886, 0.0, 0.0, 28.28859998]",24,0.164452096,local
0_18_1,slab,,,FALSE,,,,local
0_18_2,slab,-136.2725718,11180.202,TRUE,"[4.57715344, 0.0, 0.0, -2.28857672, 3.96393115, 0.0, 0.0, 0.0, 33.94631997]",18,0.026484917,local
0_18,slab,-89.23125636,3196.667,TRUE,"[4.57715344, 0.0, 0.0, -2.28857672, 3.96393115, 0.0, 0.0, 0.0, 28.28859998]",12,0.034632567,local
0_1_1,slab,-269.3223289,124900.47,TRUE,"[3.96393115, 0.0, -6.86573015, -0.0, 5.65772, -4.57715344, 0.0, 0.0, 64.08014811]",36,0.144754278,local
0_1_2,slab,-316.3932431,161077.987,TRUE,"[3.96393115, 0.0, -6.86573015, -0.0, 5.65772, -4.57715344, 0.0, 0.0, 68.65730155]",42,0.117219688,local
0_1,slab,-222.2768827,103250.416,TRUE,"[3.96393115, 0.0, -6.86573015, -0.0, 5.65772, -4.57715344, 0.0, 0.0, 59.50299467]",30,0.154315487,local
0_2_1,slab,-135.5179551,19674.748,TRUE,"[2.82886, 0.0, 0.0, 0.0, 3.96393115, -6.86573015, 0.0, 0.0, 59.50299467]",18,0.205303506,local
0_2_2,slab,-159.0425048,18318.547,TRUE,"[2.82886, 0.0, 0.0, 0.0, 3.96393115, -6.86573015, 0.0, 0.0, 64.08014811]",21,0.172272548,local
0_2,slab,-111.9673088,11777.169,TRUE,"[2.82886, 0.0, 0.0, 0.0, 3.96393115, -6.86573015, 0.0, 0.0, 54.92584124]",15,0.230580507,local
0_3_1,slab,-269.3545192,71801.133,TRUE,"[12.11000971, 0.0, 0.0, 3.46000277, 2.9964503, 2.82886, 0.0, 0.0, 39.60403997]",36,0.0639017,local
0_3_2,slab,-316.4175205,132752.398,TRUE,"[12.11000971, 0.0, 0.0, 3.46000277, 2.9964503, 2.82886, 0.0, 0.0, 42.43289997]",42,0.0555412,local
0_3,slab,-222.3052832,56171.799,TRUE,"[12.11000971, 0.0, 0.0, 3.46000277, 2.9964503, 2.82886, 0.0, 0.0, 36.77517997]",30,0.082734843,local
0_4_1,slab,-269.5391192,71223.469,TRUE,"[12.11000971, 0.0, 0.0, 3.46000277, 2.9964503, 2.82886, 0.0, 0.0, 39.60403997]",36,0.093547925,local
0_4_2,slab,-316.6115998,98090.695,TRUE,"[12.11000971, 0.0, 0.0, 3.46000277, 2.9964503, 2.82886, 0.0, 0.0, 42.43289997]",42,0.080025636,local
0_4,slab,-222.4896696,45371.433,TRUE,"[12.11000971, 0.0, 0.0, 3.46000277, 2.9964503, 2.82886, 0.0, 0.0, 36.77517997]",30,0.10853267,local
0_5,slab,,,FALSE,,,,local
0_6,slab,-355.8575731,132892.933,TRUE,"[7.92786231, 0.0, -9.15430687, 0.0, 5.65772, -4.57715344, 0.0, 0.0, 45.77153437]",48,0.110846571,local
0_7_1,slab,,,FALSE,,,,local
0_7_2,slab,-273.110136,106498.855,TRUE,"[2.82886, 0.0, 0.0, 0.0, 7.92786231, -9.15430687, 0.0, 0.0, 54.92584124]",36,0.043471944,local
0_7,slab,-178.989661,54178.474,TRUE,"[2.82886, 0.0, 0.0, 0.0, 7.92786231, -9.15430687, 0.0, 0.0, 45.77153437]",24,0.0583487,local
0_8_1,slab,-226.0317961,68927.03,TRUE,"[2.82886, 0.0, 0.0, 0.0, 7.92786231, -9.15430687, 0.0, 0.0, 50.3486878]",30,0.151830573,local
0_8_2,slab,-273.0916914,92954.241,TRUE,"[2.82886, 0.0, 0.0, 0.0, 7.92786231, -9.15430687, 0.0, 0.0, 54.92584124]",36,0.128075436,local
0_8,slab,-178.9819649,61368.041,TRUE,"[2.82886, 0.0, 0.0, 0.0, 7.92786231, -9.15430687, 0.0, 0.0, 45.77153437]",24,0.181140329,local
0_9_1,slab,-134.8590514,47291.689,TRUE,"[4.57715344, 0.0, 0.0, 2.28857672, 3.96393115, 2.82886, 0.0, 0.0, 36.77517997]",18,0.165740372,local
0_9_2,slab,-158.3856003,69744.711,TRUE,"[4.57715344, 0.0, 0.0, 2.28857672, 3.96393115, 2.82886, 0.0, 0.0, 39.60403997]",21,0.130957971,local
0_9,slab,-111.3239709,31767.492,TRUE,"[4.57715344, 0.0, 0.0, 2.28857672, 3.96393115, 2.82886, 0.0, 0.0, 33.94631997]",15,0.22820838,local
10_0_1,slab,-151.6984816,11772.724,TRUE,"[2.77011776, 0.0, -4.79798471, -0.0, 5.05863472, -3.19865647, 0.0, 0.0, 57.57581648]",16,1.88E-08,local
10_0_2,slab,-171.5685456,15348.506,TRUE,"[2.77011776, 0.0, -4.79798471, -0.0, 5.05863472, -3.19865647, 0.0, 0.0, 60.77447295]",18,9.44E-08,local
10_0,slab,-131.8516686,8181.205,TRUE,"[2.77011776, 0.0, -4.79798471, -0.0, 5.05863472, -3.19865647, 0.0, 0.0, 54.37716001]",14,7.14E-08,local
10_10_1,slab,-113.7869665,12773.194,TRUE,"[2.77011776, 0.0, -1.59932824, -0.0, 5.05863472, -3.19865647, 0.0, 0.0, 41.58253412]",12,8.33E-07,local
10_10_2,slab,-133.6463461,16286.833,TRUE,"[2.77011776, 0.0, -1.59932824, -0.0, 5.05863472, -3.19865647, 0.0, 0.0, 44.78119059]",14,4.29E-08,local
10_10,slab,-93.92398597,7444.584,TRUE,"[2.77011776, 0.0, -1.59932824, -0.0, 5.05863472, -3.19865647, 0.0, 0.0, 38.38387765]",10,2.30E-07,local
10_11_1,slab,-190.0181229,20116.517,TRUE,"[2.77011776, 0.0, -1.59932824, -0.0, 10.11726944, -3.19865647, 0.0, 0.0, 35.18522118]",20,3.29E-05,local
10_11_2,slab,-229.7225035,19747.216,TRUE,"[2.77011776, 0.0, -1.59932824, -0.0, 10.11726944, -3.19865647, 0.0, 0.0, 38.38387765]",24,4.61E-05,local
10_11,slab,-150.3692021,11191.793,TRUE,"[2.77011776, 0.0, -1.59932824, -0.0, 10.11726944, -3.19865647, 0.0, 0.0, 31.98656471]",16,1.38E-05,local
10_12_1,slab,-190.734452,16484.809,TRUE,"[2.77011776, 0.0, -1.59932824, -0.0, 10.11726944, -3.19865647, 0.0, 0.0, 35.18522118]",20,0.009357575,local
10_12_2,slab,-230.4414544,22881.442,TRUE,"[2.77011776, 0.0, -1.59932824, -0.0, 10.11726944, -3.19865647, 0.0, 0.0, 38.38387765]",24,0.004667575,local
10_12,slab,-151.0432531,8191.903,TRUE,"[2.77011776, 0.0, -1.59932824, -0.0, 10.11726944, -3.19865647, 0.0, 0.0, 31.98656471]",16,0.033763838,local
10_13_1,slab,-95.50019587,2607.334,TRUE,"[2.77011776, 0.0, -1.59932824, 0.0, 5.05863472, 0.0, 0.0, 0.0, 35.18522118]",10,2.60E-05,local
10_13_2,slab,-115.3560657,4377.857,TRUE,"[2.77011776, 0.0, -1.59932824, 0.0, 5.05863472, 0.0, 0.0, 0.0, 38.38387765]",12,1.58E-06,local
10_13,slab,-75.63184889,1622.853,TRUE,"[2.77011776, 0.0, -1.59932824, 0.0, 5.05863472, 0.0, 0.0, 0.0, 31.98656471]",8,6.45E-06,local
10_14_1,slab,-94.86182161,4031.938,TRUE,"[2.77011776, 0.0, -1.59932824, 0.0, 5.05863472, 0.0, 0.0, 0.0, 35.18522118]",10,8.50E-07,local
10_14_2,slab,-114.701423,7059.475,TRUE,"[2.77011776, 0.0, -1.59932824, 0.0, 5.05863472, 0.0, 0.0, 0.0, 38.38387765]",12,5.03E-05,local
10_14,slab,-75.0233835,1751.398,TRUE,"[2.77011776, 0.0, -1.59932824, 0.0, 5.05863472, 0.0, 0.0, 0.0, 31.98656471]",8,4.33E-06,local
10_15_1,slab,-190.4032294,9208.626,TRUE,"[5.54023552, 0.0, 0.0, -0.0, 5.05863472, 3.19865647, 0.0, 0.0, 35.18522118]",20,1.45E-06,local
10_15_2,slab,-230.0847427,19505.888,TRUE,"[5.54023552, 0.0, -0.0, 0.0, 5.05863472, 3.19865647, 0.0, 0.0, 38.38387765]",24,2.07E-05,local
10_15,slab,-150.6609483,8505.734,TRUE,"[5.54023552, 0.0, 0.0, -0.0, 5.05863472, 3.19865647, 0.0, 0.0, 31.98656471]",16,3.48E-06,local
10_16_1,slab,-152.9631256,6508.815,TRUE,"[3.19865647, 0.0, 0.0, 3.19865647, 5.54023552, 5.05863472, 0.0, 0.0, 45.52771247]",16,1.01E-06,local
10_16_2,slab,-192.6672245,13925.784,TRUE,"[3.19865647, 0.0, 0.0, 3.19865647, 5.54023552, 5.05863472, 0.0, 0.0, 50.58634719]",20,4.96E-06,local
10_16,slab,-113.254886,4423.317,TRUE,"[3.19865647, 0.0, 0.0, 3.19865647, 5.54023552, 5.05863472, 0.0, 0.0, 40.46907775]",12,1.98E-06,local
10_17_1,slab,-153.0733434,12113.827,TRUE,"[3.19865647, 0.0, 0.0, 3.19865647, 5.54023552, 5.05863472, 0.0, 0.0, 45.52771247]",16,0.000729625,local
10_17_2,slab,-192.7872932,20351.492,TRUE,"[3.19865647, 0.0, 0.0, 3.19865647, 5.54023552, 5.05863472, 0.0, 0.0, 50.58634719]",20,5.45E-06,local
10_17,slab,-113.3688094,9803.197,TRUE,"[3.19865647, 0.0, 0.0, 3.19865647, 5.54023552, 5.05863472, 0.0, 0.0, 40.46907775]",12,0.000253133,local
10_18_1,slab,,,FALSE,,,,local
10_18_2,slab,-77.50562998,977.126,TRUE,"[3.19865647, 0.0, 0.0, -1.59932824, 2.77011776, 0.0, 0.0, 0.0, 35.41044304]",8,3.38E-07,local
10_18,slab,,,FALSE,,,,local
10_1_1,slab,-304.0633508,33127.463,TRUE,"[2.77011776, 0.0, -4.79798471, -0.0, 10.11726944, -3.19865647, 0.0, 0.0, 57.57581648]",32,0.000109978,local
10_1_2,slab,-343.792412,32563.489,TRUE,"[2.77011776, 0.0, -4.79798471, -0.0, 10.11726944, -3.19865647, 0.0, 0.0, 60.77447295]",36,0.000534572,local
10_1,slab,-264.3823816,25557.659,TRUE,"[2.77011776, 0.0, -4.79798471, -0.0, 10.11726944, -3.19865647, 0.0, 0.0, 54.37716001]",28,0.006129368,local
10_2_1,slab,-152.3628533,7062.308,TRUE,"[5.05863472, 0.0, 0.0, 0.0, 2.77011776, -4.79798471, 0.0, 0.0, 57.57581648]",16,9.38E-08,local
10_2_2,slab,-172.1945876,9710.106,TRUE,"[5.05863472, 0.0, 0.0, 0.0, 2.77011776, -4.79798471, 0.0, 0.0, 60.77447295]",18,8.89E-08,local
10_2,slab,-132.463561,6396.327,TRUE,"[5.05863472, 0.0, 0.0, 0.0, 2.77011776, -4.79798471, 0.0, 0.0, 54.37716001]",14,7.14E-09,local
10_3_1,slab,-266.7244396,41371.244,TRUE,"[5.54023552, 0.0, -6.39731294, 0.0, 5.05863472, -3.19865647, 0.0, 0.0, 47.97984706]",28,2.60E-05,local
10_3_2,slab,-306.4181814,44276.975,TRUE,"[5.54023552, 0.0, -6.39731294, 0.0, 5.05863472, -3.19865647, 0.0, 0.0, 51.17850354]",32,1.83E-06,local
10_3,slab,-226.9975349,17326.088,TRUE,"[5.54023552, 0.0, -6.39731294, 0.0, 5.05863472, -3.19865647, 0.0, 0.0, 44.78119059]",24,4.59E-05,local
10_4_1,slab,-266.7603331,22914.897,TRUE,"[5.54023552, 0.0, -6.39731294, 0.0, 5.05863472, -3.19865647, 0.0, 0.0, 47.97984706]",28,7.14E-09,local
10_4_2,slab,-306.4375974,39316.469,TRUE,"[5.54023552, 0.0, -6.39731294, 0.0, 5.05863472, -3.19865647, 0.0, 0.0, 51.17850354]",32,3.91E-07,local
10_4,slab,-227.0401732,20523.081,TRUE,"[5.54023552, 0.0, -6.39731294, 0.0, 5.05863472, -3.19865647, 0.0, 0.0, 44.78119059]",24,9.58E-08,local
10_5,slab,-376.3079209,38153.579,TRUE,"[5.54023552, 0.0, -6.39731294, -0.0, 10.11726944, -3.19865647, 0.0, 0.0, 41.58253412]",40,6.63E-07,local
10_6,slab,-375.3113627,31545.321,TRUE,"[5.54023552, 0.0, -6.39731294, -0.0, 10.11726944, -3.19865647, 0.0, 0.0, 41.58253412]",40,3.48E-06,local
10_7_1,slab,-228.1395947,9641.947,TRUE,"[5.05863472, 0.0, 0.0, 0.0, 5.54023552, -6.39731294, 0.0, 0.0, 44.78119059]",24,4.17E-09,local
10_7_2,slab,-267.8492227,15721.742,TRUE,"[5.05863472, 0.0, 0.0, 0.0, 5.54023552, -6.39731294, 0.0, 0.0, 47.97984706]",28,6.43E-08,local
10_7,slab,-188.4297399,5866.88,TRUE,"[5.05863472, 0.0, 0.0, 0.0, 5.54023552, -6.39731294, 0.0, 0.0, 41.58253412]",20,1.50E-08,local
10_8_1,slab,-227.3735111,17231.461,TRUE,"[5.05863472, 0.0, 0.0, 0.0, 5.54023552, -6.39731294, 0.0, 0.0, 44.78119059]",24,0.080885908,local
10_8_2,slab,-267.0955136,37671.654,TRUE,"[5.05863472, 0.0, 0.0, 0.0, 5.54023552, -6.39731294, 0.0, 0.0, 47.97984706]",28,0.07045445,local
10_8,slab,-187.6997491,16159.465,TRUE,"[5.05863472, 0.0, 0.0, 0.0, 5.54023552, -6.39731294, 0.0, 0.0, 41.58253412]",20,0.082958595,local
10_9_1,slab,-115.0244454,8131.426,TRUE,"[2.77011776, 0.0, -1.59932824, -0.0, 5.05863472, -3.19865647, 0.0, 0.0, 41.58253412]",12,0.006351367,local
10_9_2,slab,-134.8653865,14068.361,TRUE,"[2.77011776, 0.0, -1.59932824, -0.0, 5.05863472, -3.19865647, 0.0, 0.0, 44.78119059]",14,0.010059229,local
10_9,slab,-95.16132733,6408.295,TRUE,"[2.77011776, 0.0, -1.59932824, -0.0, 5.05863472, -3.19865647, 0.0, 0.0, 38.38387765]",10,0.05262311,local
11_0,slab,-114.6195402,104326.482,TRUE,"[3.11794139, 0.0, 5.40043291, 3.11794139, 25.13062152, 1.8001443, 0.0, 0.0, 54.00432908]",54,0,local
11_10,slab,,,FALSE,,,,local
11_11,slab,-191.5974844,221824.917,TRUE,"[6.23588279, 0.0, 7.20057721, 0.0, 25.13062152, 3.60028861, 0.0, 0.0, 43.20346326]",90,0,local
11_12,slab,-190.8673989,222253.112,TRUE,"[6.23588279, 0.0, 7.20057721, 0.0, 25.13062152, 3.60028861, 0.0, 0.0, 43.20346326]",90,0,local
11_13,slab,-76.36612856,34383.1,TRUE,"[3.11794139, 0.0, -1.8001443, -0.0, 25.13062152, -3.60028861, 0.0, 0.0, 32.40259745]",36,0,local
11_14,slab,-77.38783861,11148.237,TRUE,"[3.11794139, 0.0, -1.8001443, -0.0, 25.13062152, -3.60028861, 0.0, 0.0, 32.40259745]",36,0,local
11_15,slab,-153.3176121,246175.211,TRUE,"[3.11794139, 0.0, -1.8001443, -0.0, 50.26124305, -3.60028861, 0.0, 0.0, 32.40259745]",72,1.39E-09,local
11_16,slab,-152.9898754,234609.248,TRUE,"[3.11794139, 0.0, -1.8001443, -0.0, 50.26124305, -3.60028861, 0.0, 0.0, 32.40259745]",72,0,local
11_17,slab,-77.0209945,24385.431,TRUE,"[3.11794139, 0.0, -1.8001443, 0.0, 25.13062152, 0.0, 0.0, 0.0, 32.40259745]",36,0,local
11_18,slab,-153.6684973,133607.981,TRUE,"[3.11794139, 0.0, -1.8001443, 0.0, 50.26124305, 3.60028861, 0.0, 0.0, 32.40259745]",72,1.39E-09,local
11_19,slab,-152.7089176,72650.1,TRUE,"[3.11794139, 0.0, -1.8001443, 0.0, 50.26124305, 3.60028861, 0.0, 0.0, 32.40259745]",72,5.56E-09,local
11_1,slab,-114.6567553,104296.099,TRUE,"[3.11794139, 0.0, 5.40043291, 3.11794139, 25.13062152, 1.8001443, 0.0, 0.0, 54.00432908]",54,0,local
11_20,slab,-76.74636595,26356.883,TRUE,"[3.11794139, 0.0, -1.8001443, -0.0, 25.13062152, 3.60028861, 0.0, 0.0, 32.40259745]",36,0,local
11_21,slab,-77.01954158,19692.961,TRUE,"[3.11794139, 0.0, -1.8001443, -0.0, 25.13062152, 3.60028861, 0.0, 0.0, 32.40259745]",36,0,local
11_22,slab,-114.3794724,68969.548,TRUE,"[6.23588279, 0.0, -0.0, 0.0, 25.13062152, 3.60028861, 0.0, 0.0, 28.80230884]",54,0,local
11_23,slab,-114.4269883,66066.57,TRUE,"[6.23588279, 0.0, -0.0, 0.0, 25.13062152, 3.60028861, 0.0, 0.0, 28.80230884]",54,0,local
11_24,slab,-76.66651036,26232.569,TRUE,"[3.11794139, 0.0, -1.8001443, -0.0, 25.13062152, -7.20057721, 0.0, 0.0, 32.40259745]",36,0,local
11_25,slab,-76.92586599,23513.988,TRUE,"[3.11794139, 0.0, -1.8001443, -0.0, 25.13062152, -7.20057721, 0.0, 0.0, 32.40259745]",36,0,local
11_26,slab,-76.75442146,29536.297,TRUE,"[3.11794139, 0.0, -1.8001443, -0.0, 25.13062152, 7.20057721, 0.0, 0.0, 32.40259745]",36,0,local
11_27,slab,-75.80520293,19349.184,TRUE,"[3.11794139, 0.0, -1.8001443, -0.0, 25.13062152, 7.20057721, 0.0, 0.0, 32.40259745]",36,0,local
11_28,slab,-19.62297895,1174.096,TRUE,"[3.60028861, 0.0, 0.0, -1.8001443, 3.11794139, 0.0, 0.0, 0.0, 50.26124305]",9,2.22E-08,local
11_29,slab,-19.54841661,482.728,TRUE,"[3.60028861, 0.0, 0.0, -1.8001443, 3.11794139, 0.0, 0.0, 0.0, 50.26124305]",9,3.33E-08,local
11_2,slab,,,FALSE,,,,local
11_3,slab,-114.6634408,61623.986,TRUE,"[25.13062152, 0.0, 0.0, -0.0, 3.11794139, 5.40043291, 0.0, 0.0, 54.00432908]",54,0,local
11_4,slab,-191.5557713,203982.168,TRUE,"[6.23588279, 0.0, -7.20057721, 0.0, 25.13062152, -3.60028861, 0.0, 0.0, 43.20346326]",90,0,local
11_5,slab,-191.9168483,179201.482,TRUE,"[6.23588279, 0.0, -7.20057721, 0.0, 25.13062152, -3.60028861, 0.0, 0.0, 43.20346326]",90,0,local
11_6,slab,,,FALSE,,,,local
11_7,slab,,,FALSE,,,,local
11_8,slab,-191.5685402,171255.051,TRUE,"[25.13062152, 0.0, 0.0, 0.0, 6.23588279, -7.20057721, 0.0, 0.0, 43.20346326]",90,0,local
11_9,slab,,,FALSE,,,,local
12_0_1,slab,-94.64734407,35716.718,TRUE,"[2.8752276, 0.0, -4.98004028, -0.0, 5.16249699, -3.32002685, 0.0, 0.0, 59.76048334]",16,0.249620806,local
12_0_2,slab,-107.1402983,36775.195,TRUE,"[2.8752276, 0.0, -4.98004028, -0.0, 5.16249699, -3.32002685, 0.0, 0.0, 63.0805102]",18,0.226047367,local
12_0,slab,-82.14304935,23747.683,TRUE,"[2.8752276, 0.0, -4.98004028, -0.0, 5.16249699, -3.32002685, 0.0, 0.0, 56.44045649]",14,0.274100014,local
12_10_1,slab,-58.83866011,12228.016,TRUE,"[2.8752276, 0.0, -1.66001343, 0.0, 5.16249699, -3.32002685, 0.0, 0.0, 36.52029538]",10,0.24021969,local
12_10_2,slab,-71.33460869,25379.511,TRUE,"[2.8752276, 0.0, -1.66001343, 0.0, 5.16249699, -3.32002685, 0.0, 0.0, 39.84032223]",12,0.218708958,local
12_10,slab,-46.33205485,10900.213,TRUE,"[2.8752276, 0.0, -1.66001343, -0.0, 5.16249699, -3.32002685, 0.0, 0.0, 33.20026852]",8,0.353806463,local
12_11_1,slab,-118.7423809,28739.623,TRUE,"[2.8752276, 0.0, -1.66001343, 0.0, 10.32499397, -3.32002685, 0.0, 0.0, 36.52029538]",20,0.249709335,local
12_11_2,slab,-143.7395382,22428.538,TRUE,"[2.8752276, 0.0, -1.66001343, 0.0, 10.32499397, -3.32002685, 0.0, 0.0, 39.84032223]",24,0.221953075,local
12_11,slab,-93.74468992,17638.68,TRUE,"[2.8752276, 0.0, -1.66001343, 0.0, 10.32499397, -3.32002685, 0.0, 0.0, 33.20026852]",16,0.335488444,local
12_12_1,slab,-119.5201032,26011.1,TRUE,"[2.8752276, 0.0, -1.66001343, 0.0, 10.32499397, -3.32002685, 0.0, 0.0, 36.52029538]",20,0.10219612,local
12_12_2,slab,-144.5101525,32082.187,TRUE,"[2.8752276, 0.0, -1.66001343, 0.0, 10.32499397, -3.32002685, 0.0, 0.0, 39.84032223]",24,0.085315492,local
12_12,slab,-94.52859099,12337.318,TRUE,"[2.8752276, 0.0, -1.66001343, 0.0, 10.32499397, -3.32002685, 0.0, 0.0, 33.20026852]",16,0.132671238,local
12_13_1,slab,-59.91717457,3020.898,TRUE,"[2.8752276, 0.0, -1.66001343, 0.0, 5.16249699, 0.0, 0.0, 0.0, 36.52029538]",10,0.06426469,local
12_13_2,slab,-72.41045329,5574.174,TRUE,"[2.8752276, 0.0, -1.66001343, 0.0, 5.16249699, 0.0, 0.0, 0.0, 39.84032223]",12,0.05907925,local
12_13,slab,-47.42519204,2923.216,TRUE,"[2.8752276, 0.0, -1.66001343, 0.0, 5.16249699, 0.0, 0.0, 0.0, 33.20026852]",8,0.052507575,local
12_14_1,slab,-59.19682905,5046.089,TRUE,"[2.8752276, 0.0, -1.66001343, 0.0, 5.16249699, 0.0, 0.0, 0.0, 36.52029538]",10,0.19943379,local
12_14_2,slab,-71.69311246,8823.288,TRUE,"[2.8752276, 0.0, -1.66001343, 0.0, 5.16249699, 0.0, 0.0, 0.0, 39.84032223]",12,0.177936917,local
12_14,slab,-46.69163475,2751.634,TRUE,"[2.8752276, 0.0, -1.66001343, 0.0, 5.16249699, 0.0, 0.0, 0.0, 33.20026852]",8,0.258102588,local
12_15_1,slab,-119.1025392,13212.181,TRUE,"[5.75045519, 0.0, -0.0, 0.0, 5.16249699, 3.32002685, 0.0, 0.0, 36.52029538]",20,0.126647325,local
12_15_2,slab,-144.098359,20227.727,TRUE,"[5.75045519, 0.0, -0.0, 0.0, 5.16249699, 3.32002685, 0.0, 0.0, 39.84032223]",24,0.107333779,local
12_15,slab,-94.10644884,14358.969,TRUE,"[5.75045519, 0.0, -0.0, 0.0, 5.16249699, 3.32002685, 0.0, 0.0, 33.20026852]",16,0.164750063,local
12_16_1,slab,-95.68042929,13219.614,TRUE,"[3.32002685, 0.0, 0.0, 3.32002685, 5.75045519, 5.16249699, 0.0, 0.0, 41.2999759]",16,0.171525419,local
12_16_2,slab,-120.6781507,24791.237,TRUE,"[3.32002685, 0.0, 0.0, 3.32002685, 5.75045519, 5.16249699, 0.0, 0.0, 46.46247288]",20,0.13090642,local
12_16,slab,-70.68278125,9969.334,TRUE,"[3.32002685, 0.0, 0.0, 3.32002685, 5.75045519, 5.16249699, 0.0, 0.0, 36.13747891]",12,0.2548537,local
12_17_1,slab,-96.00740337,22732.699,TRUE,"[3.32002685, 0.0, 0.0, 3.32002685, 5.75045519, 5.16249699, 0.0, 0.0, 41.2999759]",16,0.220861575,local
12_17_2,slab,-121.0030579,29700.331,TRUE,"[3.32002685, 0.0, 0.0, 3.32002685, 5.75045519, 5.16249699, 0.0, 0.0, 46.46247288]",20,0.19974548,local
12_17,slab,-71.00822609,15202.829,TRUE,"[3.32002685, 0.0, 0.0, 3.32002685, 5.75045519, 5.16249699, 0.0, 0.0, 36.13747891]",12,0.209013625,local
12_18_1,slab,-36.03765193,484.477,TRUE,"[3.32002685, 0.0, 0.0, -1.66001343, 2.8752276, 0.0, 0.0, 0.0, 30.97498192]",6,0.426329433,local
12_18_2,slab,-48.52628133,1676.674,TRUE,"[3.32002685, 0.0, 0.0, -1.66001343, 2.8752276, 0.0, 0.0, 0.0, 36.13747891]",8,0.394373275,local
12_18,slab,-23.52547934,144.036,TRUE,"[3.32002685, 0.0, 0.0, -1.66001343, 2.8752276, 0.0, 0.0, 0.0, 25.81248493]",4,0.5027614,local
12_1_1,slab,-190.0301127,74875.826,TRUE,"[2.8752276, 0.0, -4.98004028, -0.0, 10.32499397, -3.32002685, 0.0, 0.0, 59.76048334]",32,0.191388844,local
12_1_2,slab,-215.0301182,108956.985,TRUE,"[2.8752276, 0.0, -4.98004028, -0.0, 10.32499397, -3.32002685, 0.0, 0.0, 63.0805102]",36,0.140993339,local
12_1,slab,-165.0377623,39485.47,TRUE,"[2.8752276, 0.0, -4.98004028, -0.0, 10.32499397, -3.32002685, 0.0, 0.0, 56.44045649]",28,0.169308532,local
12_2_1,slab,-95.36235091,11027.902,TRUE,"[5.16249699, 0.0, 0.0, 0.0, 2.8752276, -4.98004028, 0.0, 0.0, 59.76048334]",16,0.296275894,local
12_2_2,slab,-107.8604201,13858.118,TRUE,"[5.16249699, 0.0, 0.0, 0.0, 2.8752276, -4.98004028, 0.0, 0.0, 63.0805102]",18,0.266519089,local
12_2,slab,-82.86546068,11070.944,TRUE,"[5.16249699, 0.0, 0.0, 0.0, 2.8752276, -4.98004028, 0.0, 0.0, 56.44045649]",14,0.312834843,local
12_3_1,slab,-141.7500873,30023.281,TRUE,"[5.75045519, 0.0, -6.6400537, 0.0, 5.16249699, -3.32002685, 0.0, 0.0, 46.48037593]",24,0.255733158,local
12_3_2,slab,-166.745317,55988.639,TRUE,"[5.75045519, 0.0, -6.6400537, 0.0, 5.16249699, -3.32002685, 0.0, 0.0, 49.80040279]",28,0.206365204,local
12_3,slab,-116.7528077,27398.057,TRUE,"[5.75045519, 0.0, -6.6400537, 0.0, 5.16249699, -3.32002685, 0.0, 0.0, 43.16034908]",20,0.26332461,local
12_4_1,slab,-141.7445464,47678.338,TRUE,"[5.75045519, 0.0, -6.6400537, 0.0, 5.16249699, -3.32002685, 0.0, 0.0, 46.48037593]",24,0.219315196,local
12_4_2,slab,-166.7305347,69627.703,TRUE,"[5.75045519, 0.0, -6.6400537, 0.0, 5.16249699, -3.32002685, 0.0, 0.0, 49.80040279]",28,0.190000029,local
12_4,slab,-116.7379222,36311.442,TRUE,"[5.75045519, 0.0, -6.6400537, 0.0, 5.16249699, -3.32002685, 0.0, 0.0, 43.16034908]",20,0.257079135,local
12_5,slab,-234.7448349,66049.806,TRUE,"[5.75045519, 0.0, -6.6400537, 0.0, 10.32499397, -3.32002685, 0.0, 0.0, 43.16034908]",40,0.183632725,local
12_6,slab,-234.0094091,72442.555,TRUE,"[5.75045519, 0.0, -6.6400537, 0.0, 10.32499397, -3.32002685, 0.0, 0.0, 43.16034908]",40,0.16242174,local
12_7_1,slab,-142.8287744,25125.753,TRUE,"[5.16249699, 0.0, 0.0, 0.0, 5.75045519, -6.6400537, 0.0, 0.0, 43.16034908]",24,0.095666967,local
12_7_2,slab,-167.8205742,39579.804,TRUE,"[5.16249699, 0.0, 0.0, 0.0, 5.75045519, -6.6400537, 0.0, 0.0, 46.48037593]",28,0.076635396,local
12_7,slab,-117.8152156,15419.092,TRUE,"[5.16249699, 0.0, 0.0, 0.0, 5.75045519, -6.6400537, 0.0, 0.0, 39.84032223]",20,0.087730585,local
12_8_1,slab,-142.2623801,58831.603,TRUE,"[5.16249699, 0.0, 0.0, 0.0, 5.75045519, -6.6400537, 0.0, 0.0, 43.16034908]",24,0.000705442,local
12_8_2,slab,-167.2678965,85990.938,TRUE,"[5.16249699, 0.0, 0.0, 0.0, 5.75045519, -6.6400537, 0.0, 0.0, 46.48037593]",28,0.0032077,local
12_8,slab,-117.2542635,40899.852,TRUE,"[5.16249699, 0.0, 0.0, 0.0, 5.75045519, -6.6400537, 0.0, 0.0, 39.84032223]",20,0.0788775,local
12_9_1,slab,-59.56667691,6382.717,TRUE,"[2.8752276, 0.0, -1.66001343, 0.0, 5.16249699, -3.32002685, 0.0, 0.0, 36.52029538]",10,0.34346503,local
12_9_2,slab,-72.07173988,9389.155,TRUE,"[2.8752276, 0.0, -1.66001343, 0.0, 5.16249699, -3.32002685, 0.0, 0.0, 39.84032223]",12,0.284429133,local
12_9,slab,-47.08845908,3280.077,TRUE,"[2.8752276, 0.0, -1.66001343, -0.0, 5.16249699, -3.32002685, 0.0, 0.0, 33.20026852]",8,0.39456145,local
13_0,slab,-163.945358,5541.571,TRUE,"[5.47036725, 0.0, 5.47036725, 5.47036725, 5.47036725, -0.0, 0.0, 0.0, 49.23330521]",32,0.211495928,local
13_1,slab,-155.4299627,2715.109,TRUE,"[5.47036725, 0.0, 5.47036725, 5.47036725, 5.47036725, -0.0, 0.0, 0.0, 49.23330521]",32,1.56E-08,local
13_2,slab,-242.9879626,122494.081,TRUE,"[5.47036725, 0.0, -5.47036725, 0.0, 10.94073449, -5.47036725, 0.0, 0.0, 43.76293797]",48,0.120846448,local
13_3,slab,-241.7071711,92534.435,TRUE,"[5.47036725, 0.0, -5.47036725, 0.0, 10.94073449, -5.47036725, 0.0, 0.0, 43.76293797]",48,1.75E-06,local
13_4,slab,-121.0061139,7015.323,TRUE,"[5.47036725, 0.0, 0.0, 0.0, 5.47036725, -5.47036725, 0.0, 0.0, 38.29257072]",24,5.00E-08,local
13_5,slab,-490.7126485,69435.478,TRUE,"[10.94073449, 0.0, -5.47036725, -0.0, 10.94073449, -5.47036725, 0.0, 0.0, 38.29257072]",96,0.07142501,local
13_6,slab,-247.9734004,26620.741,TRUE,"[5.47036725, 0.0, 0.0, 0.0, 10.94073449, -5.47036725, 0.0, 0.0, 38.29257072]",48,0,local
13_7,slab,-78.82302639,989.739,TRUE,"[5.47036725, 0.0, 0.0, 0.0, 5.47036725, 0.0, 0.0, 0.0, 27.35183623]",16,3.75E-08,local
14_0,slab,-159.3510901,59934.527,TRUE,"[2.54629338, 0.0, -4.41030951, -0.0, 21.45880335, -2.94020634, 0.0, 0.0, 52.92371411]",63,0,local
14_10,slab,,,FALSE,,,,local
14_11,slab,-275.1090884,137584.01,TRUE,"[5.09258677, 0.0, 5.88041268, 0.0, 21.45880335, 2.94020634, 0.0, 0.0, 41.16288876]",108,0,local
14_12,slab,-273.9762741,151406.52,TRUE,"[5.09258677, 0.0, 5.88041268, 0.0, 21.45880335, 2.94020634, 0.0, 0.0, 41.16288876]",108,0,local
14_13,slab,-90.57430155,14415.613,TRUE,"[2.54629338, 0.0, -1.47010317, -0.0, 21.45880335, -2.94020634, 0.0, 0.0, 29.4020634]",36,0,local
14_14,slab,-91.74989214,13159.63,TRUE,"[2.54629338, 0.0, -1.47010317, -0.0, 21.45880335, -2.94020634, 0.0, 0.0, 29.4020634]",36,0,local
14_15,slab,-182.4189418,72626.582,TRUE,"[2.54629338, 0.0, -1.47010317, -0.0, 42.9176067, -2.94020634, 0.0, 0.0, 29.4020634]",72,8.33E-09,local
14_16,slab,-182.0066091,67682.981,TRUE,"[2.54629338, 0.0, -1.47010317, -0.0, 42.9176067, -2.94020634, 0.0, 0.0, 29.4020634]",72,1.39E-09,local
14_17,slab,-91.08804544,16293.934,TRUE,"[2.54629338, 0.0, -1.47010317, 0.0, 21.45880335, 0.0, 0.0, 0.0, 29.4020634]",36,0,local
14_18,slab,-182.8037436,45852.914,TRUE,"[2.54629338, 0.0, -1.47010317, -0.0, 42.9176067, 2.94020634, 0.0, 0.0, 29.4020634]",72,0,local
14_19,slab,-181.7030969,55117.969,TRUE,"[2.54629338, 0.0, -1.47010317, -0.0, 42.9176067, 2.94020634, 0.0, 0.0, 29.4020634]",72,0,local
14_1,slab,-159.3602655,61557.755,TRUE,"[2.54629338, 0.0, -4.41030951, -0.0, 21.45880335, -2.94020634, 0.0, 0.0, 52.92371411]",63,0,local
14_20,slab,-90.97380282,13974.318,TRUE,"[2.54629338, 0.0, -1.47010317, 0.0, 21.45880335, 2.94020634, 0.0, 0.0, 29.4020634]",36,0,local
14_21,slab,-91.35021077,20890.405,TRUE,"[2.54629338, 0.0, -1.47010317, 0.0, 21.45880335, 2.94020634, 0.0, 0.0, 29.4020634]",36,0,local
14_22,slab,-183.2792013,49025.476,TRUE,"[5.09258677, 0.0, -0.0, 0.0, 21.45880335, 2.94020634, 0.0, 0.0, 29.4020634]",72,0,local
14_23,slab,-183.2808818,56399.972,TRUE,"[5.09258677, 0.0, -0.0, 0.0, 21.45880335, 2.94020634, 0.0, 0.0, 29.4020634]",72,0,local
14_24,slab,-115.5843082,30684.274,TRUE,"[2.54629338, 0.0, -1.47010317, -0.0, 21.45880335, -5.88041268, 0.0, 0.0, 35.28247608]",45,0,local
14_25,slab,-115.936251,30058.032,TRUE,"[2.54629338, 0.0, -1.47010317, -0.0, 21.45880335, -5.88041268, 0.0, 0.0, 35.28247608]",45,0,local
14_26,slab,-115.6399979,30308.721,TRUE,"[2.54629338, 0.0, -1.47010317, -0.0, 21.45880335, 5.88041268, 0.0, 0.0, 35.28247608]",45,0,local
14_27,slab,-114.5793872,26245.861,TRUE,"[2.54629338, 0.0, -1.47010317, -0.0, 21.45880335, 5.88041268, 0.0, 0.0, 35.28247608]",45,0,local
14_28,slab,-23.75959785,512.918,TRUE,"[2.94020634, 0.0, 0.0, -1.47010317, 2.54629338, 0.0, 0.0, 0.0, 42.9176067]",9,2.22E-07,local
14_29,slab,-23.76168334,342.57,TRUE,"[2.94020634, 0.0, 0.0, -1.47010317, 2.54629338, 0.0, 0.0, 0.0, 42.9176067]",9,2.22E-08,local
14_2,slab,-318.7397317,164264.045,TRUE,"[2.54629338, 0.0, -4.41030951, -0.0, 42.9176067, -2.94020634, 0.0, 0.0, 52.92371411]",126,0,local
14_3,slab,-159.3656305,40104.755,TRUE,"[21.45880335, 0.0, 0.0, 0.0, 2.54629338, -4.41030951, 0.0, 0.0, 52.92371411]",63,1.59E-09,local
14_4,slab,-275.1134338,142206.284,TRUE,"[5.09258677, 0.0, -5.88041268, -0.0, 21.45880335, -2.94020634, 0.0, 0.0, 41.16288876]",108,0,local
14_5,slab,-275.4640101,149192.968,TRUE,"[5.09258677, 0.0, -5.88041268, -0.0, 21.45880335, -2.94020634, 0.0, 0.0, 41.16288876]",108,0,local
14_6,slab,,,FALSE,,,,local
14_7,slab,,,FALSE,,,,local
14_8,slab,-275.1250663,121188.147,TRUE,"[21.45880335, 0.0, 0.0, 0.0, 5.09258677, -5.88041268, 0.0, 0.0, 41.16288876]",108,0,local
14_9,slab,,,FALSE,,,,local
15_0_1,slab,-143.3605783,25210.487,TRUE,"[3.7975597, 0.0, -6.57756634, -0.0, 11.40972836, -4.38504423, 0.0, 0.0, 57.00557496]",36,0,local
15_0_2,slab,-168.0610269,79187.691,TRUE,"[3.7975597, 0.0, -6.57756634, -0.0, 11.40972836, -4.38504423, 0.0, 0.0, 61.39061919]",42,0,local
15_0,slab,-118.6146832,19270.619,TRUE,"[3.7975597, 0.0, -6.57756634, -0.0, 11.40972836, -4.38504423, 0.0, 0.0, 52.62053073]",30,3.33E-09,local
15_10_1,slab,-96.25975416,18531.886,TRUE,"[3.7975597, 0.0, -2.19252211, 0.0, 11.40972836, 0.0, 0.0, 0.0, 35.08035382]",24,0,local
15_10_2,slab,-121.1076592,27185.385,TRUE,"[3.7975597, 0.0, -2.19252211, 0.0, 11.40972836, 0.0, 0.0, 0.0, 39.46539805]",30,0,local
15_10,slab,-71.34824242,5049.928,TRUE,"[3.7975597, 0.0, -2.19252211, 0.0, 11.40972836, 0.0, 0.0, 0.0, 30.69530959]",18,0,local
15_11,slab,-143.578308,35619.766,TRUE,"[3.7975597, 0.0, -2.19252211, 0.0, 22.81945671, 4.38504423, 0.0, 0.0, 35.08035382]",36,0,local
15_12_1,slab,-95.9650788,11063.581,TRUE,"[3.7975597, 0.0, -2.19252211, -0.0, 11.40972836, 4.38504423, 0.0, 0.0, 39.46539805]",24,0,local
15_12_2,slab,-120.8344316,32636.988,TRUE,"[3.7975597, 0.0, -2.19252211, -0.0, 11.40972836, 4.38504423, 0.0, 0.0, 43.85044228]",30,0,local
15_12,slab,-71.64309261,11969.123,TRUE,"[3.7975597, 0.0, -2.19252211, 0.0, 11.40972836, 4.38504423, 0.0, 0.0, 35.08035382]",18,0,local
15_13,slab,-143.2688678,16000.375,TRUE,"[7.5951194, 0.0, -0.0, -0.0, 11.40972836, 4.38504423, 0.0, 0.0, 30.69530959]",36,0,local
15_14,slab,-144.1403227,12477.539,TRUE,"[7.5951194, 0.0, -0.0, -0.0, 11.40972836, 4.38504423, 0.0, 0.0, 30.69530959]",36,0,local
15_15_1,slab,-119.8262617,10163.718,TRUE,"[3.7975597, 0.0, -2.19252211, 0.0, 11.40972836, -8.77008846, 0.0, 0.0, 43.85044228]",30,0,local
15_15_2,slab,-144.4534071,19344.95,TRUE,"[3.7975597, 0.0, -2.19252211, 0.0, 11.40972836, -8.77008846, 0.0, 0.0, 48.2354865]",36,0,local
15_15,slab,-95.13582126,13584.778,TRUE,"[3.7975597, 0.0, -2.19252211, 0.0, 11.40972836, -8.77008846, 0.0, 0.0, 39.46539805]",24,0,local
15_16_1,slab,-120.4684649,25297.92,TRUE,"[3.7975597, 0.0, -2.19252211, 0.0, 11.40972836, -8.77008846, 0.0, 0.0, 43.85044228]",30,0,local
15_16_2,slab,-145.1184906,23351.669,TRUE,"[3.7975597, 0.0, -2.19252211, 0.0, 11.40972836, -8.77008846, 0.0, 0.0, 48.2354865]",36,0,local
15_16,slab,-95.77639402,11041.505,TRUE,"[3.7975597, 0.0, -2.19252211, 0.0, 11.40972836, -8.77008846, 0.0, 0.0, 39.46539805]",24,0,local
15_17_1,slab,-121.6978382,12830.898,TRUE,"[3.7975597, 0.0, -2.19252211, -0.0, 11.40972836, 8.77008846, 0.0, 0.0, 43.85044228]",30,0,local
15_17_2,slab,-146.5677533,13880.189,TRUE,"[3.7975597, 0.0, -2.19252211, -0.0, 11.40972836, 8.77008846, 0.0, 0.0, 48.2354865]",36,0,local
15_17,slab,-97.24278885,6269.415,TRUE,"[3.7975597, 0.0, -2.19252211, -0.0, 11.40972836, 8.77008846, 0.0, 0.0, 39.46539805]",24,0,local
15_18_1,slab,-115.4380992,5569.446,TRUE,"[3.7975597, 0.0, -2.19252211, -0.0, 11.40972836, 8.77008846, 0.0, 0.0, 43.85044228]",30,0,local
15_18_2,slab,-140.2864343,16358.14,TRUE,"[3.7975597, 0.0, -2.19252211, -0.0, 11.40972836, 8.77008846, 0.0, 0.0, 48.2354865]",36,2.78E-09,local
15_18,slab,-90.63782452,6910.78,TRUE,"[3.7975597, 0.0, -2.19252211, -0.0, 11.40972836, 8.77008846, 0.0, 0.0, 39.46539805]",24,4.17E-09,local
15_19_1,slab,,,FALSE,,,,local
15_19_2,slab,-72.0050224,1152.736,TRUE,"[4.38504423, 0.0, 0.0, -2.19252211, 3.7975597, 0.0, 0.0, 0.0, 57.04864178]",18,6.33E-07,local
15_19,slab,,,FALSE,,,,local
15_1,slab,-237.9302223,67435.197,TRUE,"[3.7975597, 0.0, -6.57756634, -0.0, 22.81945671, -4.38504423, 0.0, 0.0, 52.62053073]",60,0,local
15_2_1,slab,-144.2137214,8689.267,TRUE,"[11.40972836, 0.0, 0.0, 0.0, 3.7975597, -6.57756634, 0.0, 0.0, 57.00557496]",36,2.78E-09,local
15_2_2,slab,-169.1184289,15804.772,TRUE,"[11.40972836, 0.0, 0.0, 0.0, 3.7975597, -6.57756634, 0.0, 0.0, 61.39061919]",42,4.76E-09,local
15_2,slab,-119.9758932,10235.741,TRUE,"[11.40972836, 0.0, 0.0, 0.0, 3.7975597, -6.57756634, 0.0, 0.0, 52.62053073]",30,3.33E-09,local
15_3,slab,-189.887718,30875.401,TRUE,"[7.5951194, 0.0, -8.77008846, -0.0, 11.40972836, -4.38504423, 0.0, 0.0, 43.85044228]",48,0,local
15_4,slab,-382.4772793,138010.538,TRUE,"[7.5951194, 0.0, -8.77008846, 0.0, 22.81945671, -4.38504423, 0.0, 0.0, 43.85044228]",96,0,local
15_5,slab,-190.5362967,24059.009,TRUE,"[11.40972836, 0.0, 0.0, 0.0, 7.5951194, -8.77008846, 0.0, 0.0, 43.85044228]",48,4.17E-09,local
15_6,slab,-383.6876087,125219.429,TRUE,"[7.5951194, 0.0, 8.77008846, -0.0, 22.81945671, 4.38504423, 0.0, 0.0, 43.85044228]",96,0,local
15_7,slab,-192.6268278,28691.039,TRUE,"[7.5951194, 0.0, 8.77008846, -0.0, 11.40972836, 4.38504423, 0.0, 0.0, 43.85044228]",48,0,local
15_8_1,slab,-96.66571328,5517.987,TRUE,"[3.7975597, 0.0, -2.19252211, 0.0, 11.40972836, -4.38504423, 0.0, 0.0, 39.46539805]",24,4.17E-09,local
15_8_2,slab,-121.2524402,10099.464,TRUE,"[3.7975597, 0.0, -2.19252211, 0.0, 11.40972836, -4.38504423, 0.0, 0.0, 43.85044228]",30,6.67E-09,local
15_8,slab,-72.30716642,3330.877,TRUE,"[3.7975597, 0.0, -2.19252211, -0.0, 11.40972836, -4.38504423, 0.0, 0.0, 35.08035382]",18,0,local
15_9,slab,-141.6494109,28327.148,TRUE,"[3.7975597, 0.0, -2.19252211, -0.0, 22.81945671, -4.38504423, 0.0, 0.0, 35.08035382]",36,0,local
16_0_1,slab,-85.78853023,2233.892,TRUE,"[3.63204439, 0.0, -3.63204439, -0.0, 3.63204439, -3.63204439, 0.0, 0.0, 50.84862144]",24,6.25E-08,local
16_0_2,slab,-100.6440781,9985.049,TRUE,"[3.63204439, 0.0, -3.63204439, -0.0, 3.63204439, -3.63204439, 0.0, 0.0, 54.48066583]",28,6.79E-08,local
16_0,slab,-70.85105834,4021.777,TRUE,"[3.63204439, 0.0, -3.63204439, -0.0, 3.63204439, -3.63204439, 0.0, 0.0, 47.21657705]",20,0,local
16_1,slab,-141.9612599,30379.857,TRUE,"[3.63204439, 0.0, -3.63204439, 0.0, 7.26408878, -3.63204439, 0.0, 0.0, 43.58453267]",40,2.50E-09,local
16_2_1,slab,-70.98896325,4426.89,TRUE,"[3.63204439, 0.0, 0.0, 0.0, 3.63204439, -3.63204439, 0.0, 0.0, 39.95248828]",20,0,local
16_2_2,slab,-85.90225539,6380.153,TRUE,"[3.63204439, 0.0, 0.0, 0.0, 3.63204439, -3.63204439, 0.0, 0.0, 43.58453267]",24,2.50E-08,local
16_2,slab,-56.06778496,3722.035,TRUE,"[3.63204439, 0.0, 0.0, 0.0, 3.63204439, -3.63204439, 0.0, 0.0, 36.32044389]",16,6.25E-09,local
16_3,slab,-226.6639406,40566.033,TRUE,"[7.26408878, 0.0, -3.63204439, -0.0, 7.26408878, -3.63204439, 0.0, 0.0, 36.32044389]",64,1.56E-09,local
16_4,slab,-113.4704745,12055.641,TRUE,"[3.63204439, 0.0, 0.0, 0.0, 7.26408878, -3.63204439, 0.0, 0.0, 32.6883995]",32,0,local
16_5_1,slab,-57.24084093,1633.54,TRUE,"[3.63204439, 0.0, 0.0, 0.0, 3.63204439, 0.0, 0.0, 0.0, 32.6883995]",16,2.00E-07,local
16_5_2,slab,-72.16647325,1884.435,TRUE,"[3.63204439, 0.0, 0.0, 0.0, 3.63204439, 0.0, 0.0, 0.0, 36.32044389]",20,2.45E-07,local
16_5,slab,-42.32753342,1030.746,TRUE,"[3.63204439, 0.0, 0.0, 0.0, 3.63204439, 0.0, 0.0, 0.0, 29.05635511]",12,8.33E-09,local
17_0,slab,-325.6252261,173513.245,TRUE,"[3.13093532, 0.0, -5.42293905, 0.0, 25.79564006, -3.6152927, 0.0, 0.0, 54.22939049]",54,0.001144519,local
17_10,slab,,,FALSE,,,,local
17_11,slab,-545.4188794,273675.886,TRUE,"[6.26187064, 0.0, 7.2305854, -0.0, 25.79564006, 3.6152927, 0.0, 0.0, 43.38351239]",90,0.001438101,local
17_12,slab,,,FALSE,,,,local
17_13,slab,-218.0983978,48696.008,TRUE,"[3.13093532, 0.0, -1.80764635, -0.0, 25.79564006, -3.6152927, 0.0, 0.0, 32.53763429]",36,0.146808964,local
17_14,slab,-219.8797474,30766.926,TRUE,"[3.13093532, 0.0, -1.80764635, -0.0, 25.79564006, -3.6152927, 0.0, 0.0, 32.53763429]",36,0.083928783,local
17_15,slab,,,FALSE,,,,local
17_16,slab,,,FALSE,,,,local
17_17,slab,-218.922434,37102.499,TRUE,"[3.13093532, 0.0, -1.80764635, 0.0, 25.79564006, 0.0, 0.0, 0.0, 32.53763429]",36,0.096523433,local
17_18,slab,-438.9908134,283887.895,TRUE,"[3.13093532, 0.0, -1.80764635, 0.0, 51.59128012, 3.6152927, 0.0, 0.0, 32.53763429]",72,0.049005447,local
17_19,slab,-436.9382634,275075.802,TRUE,"[3.13093532, 0.0, -1.80764635, 0.0, 51.59128012, 3.6152927, 0.0, 0.0, 32.53763429]",72,0.1098374,local
17_1,slab,-325.5230523,162309.942,TRUE,"[3.13093532, 0.0, -5.42293905, 0.0, 25.79564006, -3.6152927, 0.0, 0.0, 54.22939049]",54,0.013465933,local
17_20,slab,-218.688017,36147.241,TRUE,"[3.13093532, 0.0, -1.80764635, -0.0, 25.79564006, 3.6152927, 0.0, 0.0, 32.53763429]",36,0.099169767,local
17_21,slab,-219.3663868,40704.764,TRUE,"[3.13093532, 0.0, -1.80764635, -0.0, 25.79564006, 3.6152927, 0.0, 0.0, 32.53763429]",36,0.076550431,local
17_22,slab,-325.0024262,125257.022,TRUE,"[6.26187064, 0.0, -0.0, 0.0, 25.79564006, 3.6152927, 0.0, 0.0, 28.92234159]",54,0.040046928,local
17_23,slab,-325.1040682,80073.322,TRUE,"[6.26187064, 0.0, -0.0, 0.0, 25.79564006, 3.6152927, 0.0, 0.0, 28.92234159]",54,0.040696719,local
17_24,slab,-218.9158581,32007.426,TRUE,"[3.13093532, 0.0, -1.80764635, -0.0, 25.79564006, -7.2305854, 0.0, 0.0, 32.53763429]",36,0.160770128,local
17_25,slab,-219.5023499,29838.016,TRUE,"[3.13093532, 0.0, -1.80764635, -0.0, 25.79564006, -7.2305854, 0.0, 0.0, 32.53763429]",36,0.146584336,local
17_26,slab,-219.1414893,50687.56,TRUE,"[3.13093532, 0.0, -1.80764635, 0.0, 25.79564006, 7.2305854, 0.0, 0.0, 32.53763429]",36,0.095090992,local
17_27,slab,-217.0397078,22546.664,TRUE,"[3.13093532, 0.0, -1.80764635, 0.0, 25.79564006, 7.2305854, 0.0, 0.0, 32.53763429]",36,0.098461614,local
17_28,slab,-56.47933168,2889.031,TRUE,"[3.6152927, 0.0, 0.0, -1.80764635, 3.13093532, 0.0, 0.0, 0.0, 51.59128012]",9,0.1390749,local
17_29,slab,-56.45162631,2718.937,TRUE,"[3.6152927, 0.0, 0.0, -1.80764635, 3.13093532, 0.0, 0.0, 0.0, 51.59128012]",9,0.178181111,local
17_2,slab,,,FALSE,,,,local
17_3,slab,-326.1431957,51365.031,TRUE,"[25.79564006, 0.0, 0.0, 0.0, 3.13093532, -5.42293905, 0.0, 0.0, 54.22939049]",54,1.03E-05,local
17_4,slab,,,FALSE,,,,local
17_5,slab,-545.9246572,275315.982,TRUE,"[6.26187064, 0.0, -7.2305854, -0.0, 25.79564006, -3.6152927, 0.0, 0.0, 43.38351239]",90,0.082395401,local
17_6,slab,,,FALSE,,,,local
17_7,slab,,,FALSE,,,,local
17_8,slab,,,FALSE,,,,local
17_9,slab,,,FALSE,,,,local
18_0_1,slab,-125.0286162,4435.246,TRUE,"[3.51645998, 0.0, -3.51645998, -0.0, 3.51645998, -3.51645998, 0.0, 0.0, 49.23043976]",24,0.05101015,local
18_0_2,slab,-147.8814398,12827.42,TRUE,"[3.51645998, 0.0, -3.51645998, -0.0, 3.51645998, -3.51645998, 0.0, 0.0, 52.74689974]",28,0.632632032,local
18_0,slab,-104.1645849,14548.44,TRUE,"[3.51645998, 0.0, -3.51645998, -0.0, 3.51645998, -3.51645998, 0.0, 0.0, 45.71397978]",20,0.655820095,local
18_1,slab,-208.6536597,73588.02,TRUE,"[3.51645998, 0.0, -3.51645998, 0.0, 7.03291997, -3.51645998, 0.0, 0.0, 42.19751979]",40,0.64839134,local
18_2_1,slab,-126.2143156,18866.828,TRUE,"[3.51645998, 0.0, 0.0, 0.0, 3.51645998, -3.51645998, 0.0, 0.0, 45.71397978]",24,0.644125029,local
18_2_2,slab,-148.0924016,17817.017,TRUE,"[3.51645998, 0.0, 0.0, 0.0, 3.51645998, -3.51645998, 0.0, 0.0, 49.23043976]",28,0.646946807,local
18_2,slab,-104.3713167,15654.139,TRUE,"[3.51645998, 0.0, 0.0, 0.0, 3.51645998, -3.51645998, 0.0, 0.0, 42.19751979]",20,0.656463545,local
18_3,slab,-333.0811076,96280.012,TRUE,"[7.03291997, 0.0, -3.51645998, -0.0, 7.03291997, -3.51645998, 0.0, 0.0, 35.16459983]",64,0.652118277,local
18_4,slab,-166.6949774,33842.398,TRUE,"[3.51645998, 0.0, 0.0, 0.0, 7.03291997, -3.51645998, 0.0, 0.0, 31.64813985]",32,0.660291459,local
18_5_1,slab,-84.06291455,5643.277,TRUE,"[3.51645998, 0.0, 0.0, 0.0, 3.51645998, 0.0, 0.0, 0.0, 31.64813985]",16,0.654198788,local
18_5_2,slab,,,FALSE,,,,local
18_5,slab,,,FALSE,,,,local
19_0_1,slab,-75.12409118,10179.096,TRUE,"[4.65587733, 0.0, 4.59397396, 4.64905839, 6.55411855, 0.0, 0.0, 0.0, 50.53371353]",20,0,local
19_0_2,slab,-90.52784233,13955.583,TRUE,"[4.65587733, 0.0, 4.59397396, 4.64905839, 6.55411855, 0.0, 0.0, 0.0, 55.12768749]",24,0,local
19_0,slab,-59.92137192,38385.983,TRUE,"[4.65587733, 0.0, 4.59397396, 4.64905839, 6.55411855, 0.0, 0.0, 0.0, 45.93973957]",16,0,local
19_10,slab,-90.57260122,31083.747,TRUE,"[9.31175465, 0.0, 4.59397396, 4.64905839, 6.55411855, 0.0, 0.0, 0.0, 32.1578177]",24,0,local
19_11,slab,-89.77174358,20920.101,TRUE,"[6.5541221, 0.0, 0.0, -0.00968799, 9.31174961, 4.59397396, 0.0, 0.0, 32.1578177]",24,0,local
19_12,slab,-89.8920165,113258.899,TRUE,"[6.54077724, 0.0, -0.00484399, 6.6283163, 6.54019142, 6.54443411, 0.0, 0.0, 45.87885471]",24,0,local
19_13,slab,-59.3415316,16352.537,TRUE,"[4.59397396, 0.0, 0.0, -0.0, 9.31174961, 6.54443411, 0.0, 0.0, 32.77061051]",16,0,local
19_14_1,slab,-60.56507023,10570.595,TRUE,"[4.65587733, 0.0, 0.0, 0.00681894, 6.55411855, -4.59397396, 0.0, 0.0, 36.75179166]",16,0,local
19_14_2,slab,-75.79222046,22987.468,TRUE,"[4.65587733, 0.0, 0.0, 0.00681894, 6.55411855, -4.59397396, 0.0, 0.0, 41.34576561]",20,0,local
19_14,slab,-45.45554469,9109.663,TRUE,"[4.65587733, 0.0, 0.0, 0.00681894, 6.55411855, -4.59397396, 0.0, 0.0, 32.1578177]",12,0,local
19_15,slab,-89.7109584,40840.858,TRUE,"[4.65587733, 0.0, 0.0, 0.01363787, 13.10823711, -4.59397396, 0.0, 0.0, 32.1578177]",24,0,local
19_16_1,slab,-60.24468272,28935.834,TRUE,"[4.65587733, 0.0, 0.0, 0.00681894, 6.55411855, 0.0, 0.0, 0.0, 36.75179166]",16,0,local
19_16_2,slab,-75.66616134,10913.116,TRUE,"[4.65587733, 0.0, 0.0, 0.00681894, 6.55411855, 0.0, 0.0, 0.0, 41.34576561]",20,0,local
19_16,slab,-44.98602234,27212.795,TRUE,"[4.65587733, 0.0, 0.0, 0.00681894, 6.55411855, 0.0, 0.0, 0.0, 32.1578177]",12,0,local
19_17,slab,-59.30742233,19721.926,TRUE,"[4.65587481, 0.0, 0.00484399, 0.0, 9.18794791, 6.5541221, 0.0, 0.0, 32.77061051]",16,0,local
19_18_1,slab,-45.47462977,3911.341,TRUE,"[4.65587481, 0.0, 0.00484399, 0.0, 4.59397396, 0.0, 0.0, 0.0, 39.32473261]",12,0,local
19_18_2,slab,-60.79774887,6937.73,TRUE,"[4.65587481, 0.0, 0.00484399, 0.0, 4.59397396, 0.0, 0.0, 0.0, 45.87885471]",16,1.25E-08,local
19_18,slab,-30.07956091,1866.447,TRUE,"[4.65587481, 0.0, 0.00484399, 0.0, 4.59397396, 0.0, 0.0, 0.0, 32.77061051]",8,1.25E-08,local
19_1,slab,-119.9637006,28225.142,TRUE,"[4.65587733, 0.0, 4.59397396, 4.64223945, 13.10823711, 0.0, 0.0, 0.0, 41.34576561]",32,0,local
19_2_1,slab,-75.59200939,17922.692,TRUE,"[6.5541221, 0.0, 0.0, -0.00484399, 4.65587481, 4.59397396, 0.0, 0.0, 45.93973957]",20,0,local
19_2_2,slab,-91.05935428,11049.351,TRUE,"[6.5541221, 0.0, 0.0, -0.00484399, 4.65587481, 4.59397396, 0.0, 0.0, 50.53371353]",24,1.25E-08,local
19_2,slab,-60.22426483,5764.436,TRUE,"[6.5541221, 0.0, 0.0, -0.00484399, 4.65587481, 4.59397396, 0.0, 0.0, 41.34576561]",16,6.25E-09,local
19_3,slab,-89.40422959,23493.743,TRUE,"[9.18794791, 0.0, -4.65587733, -0.0, 6.55411855, -4.64905839, 0.0, 0.0, 37.2470186]",24,0,local
19_4,slab,-181.2326331,82365.351,TRUE,"[9.18794791, 0.0, -4.65587733, 0.0, 13.10823711, -4.64223945, 0.0, 0.0, 32.59114128]",48,0,local
19_5,slab,-89.81224807,14468.993,TRUE,"[6.55411855, 0.0, 0.00681894, -0.0, 9.18794791, -4.65587733, 0.0, 0.0, 32.59114128]",24,0,local
19_6_1,slab,-60.58110942,21929.418,TRUE,"[4.59397396, 0.0, 0.0, 0.0, 6.55411855, -4.64905839, 0.0, 0.0, 37.2470186]",16,0,local
19_6_2,slab,-75.80363927,13006.284,TRUE,"[4.59397396, 0.0, 0.0, 0.0, 6.55411855, -4.64905839, 0.0, 0.0, 41.90289593]",20,0,local
19_6,slab,-45.47229318,8079.125,TRUE,"[4.59397396, 0.0, 0.0, 0.0, 6.55411855, -4.64905839, 0.0, 0.0, 32.59114128]",12,0,local
19_7,slab,-89.74509909,28468.327,TRUE,"[4.59397396, 0.0, 0.0, 0.0, 13.10823711, -4.64223945, 0.0, 0.0, 32.59114128]",24,0,local
19_8_1,slab,-60.2831379,21028.267,TRUE,"[4.59397396, 0.0, 0.0, 0.0, 6.55411855, 0.00681894, 0.0, 0.0, 37.2470186]",16,0,local
19_8_2,slab,-75.74525065,19992.353,TRUE,"[4.59397396, 0.0, 0.0, 0.0, 6.55411855, 0.00681894, 0.0, 0.0, 41.90289593]",20,0,local
19_8,slab,-44.96892887,11278.52,TRUE,"[4.59397396, 0.0, 0.0, 0.0, 6.55411855, 0.00681894, 0.0, 0.0, 32.59114128]",12,0,local
19_9,slab,-89.40188902,15600.589,TRUE,"[9.31175465, 0.0, 4.59397396, 9.30493571, 6.55411855, 0.0, 0.0, 0.0, 36.75179166]",24,0,local
1_0_1,slab,-173.4320919,3888.711,TRUE,"[3.18536261, 0.0, -3.18536261, -0.0, 3.18536261, -3.18536261, 0.0, 0.0, 50.96580179]",14,1.43E-08,local
1_0_2,slab,-199.4735702,10535.753,TRUE,"[3.18536261, 0.0, -3.18536261, -0.0, 3.18536261, -3.18536261, 0.0, 0.0, 54.1511644]",16,0,local
1_0,slab,-147.6961147,7843.98,TRUE,"[3.18536261, 0.0, -3.18536261, -0.0, 3.18536261, -3.18536261, 0.0, 0.0, 47.78043918]",12,0,local
1_1_1,slab,-297.0614071,31013.165,TRUE,"[3.18536261, 0.0, -3.18536261, 0.0, 6.37072522, -3.18536261, 0.0, 0.0, 44.59507657]",24,2.50E-08,local
1_1_2,slab,-348.9585217,40041.509,TRUE,"[3.18536261, 0.0, -3.18536261, 0.0, 6.37072522, -3.18536261, 0.0, 0.0, 47.78043918]",28,0,local
1_1,slab,-245.3490944,21969.273,TRUE,"[3.18536261, 0.0, -3.18536261, 0.0, 6.37072522, -3.18536261, 0.0, 0.0, 41.40971396]",20,0,local
1_2_1,slab,-149.6248504,4933.749,TRUE,"[3.18536261, 0.0, 0.0, 0.0, 3.18536261, -3.18536261, 0.0, 0.0, 41.40971396]",12,8.33E-09,local
1_2_2,slab,-175.5278022,6069.303,TRUE,"[3.18536261, 0.0, 0.0, 0.0, 3.18536261, -3.18536261, 0.0, 0.0, 44.59507657]",14,3.57E-08,local
1_2,slab,-123.6717805,4675.806,TRUE,"[3.18536261, 0.0, 0.0, 0.0, 3.18536261, -3.18536261, 0.0, 0.0, 38.22435134]",10,0,local
1_3,slab,-393.1696314,23070.915,TRUE,"[6.37072522, 0.0, -3.18536261, -0.0, 6.37072522, -3.18536261, 0.0, 0.0, 31.85362612]",32,3.13E-09,local
1_4_1,slab,-248.4871848,13334.67,TRUE,"[3.18536261, 0.0, 0.0, 0.0, 6.37072522, -3.18536261, 0.0, 0.0, 35.03898873]",20,5.00E-09,local
1_4_2,slab,-300.3039541,13696.41,TRUE,"[3.18536261, 0.0, 0.0, 0.0, 6.37072522, -3.18536261, 0.0, 0.0, 38.22435134]",24,2.50E-08,local
1_4,slab,-196.6385648,6535.363,TRUE,"[3.18536261, 0.0, 0.0, 0.0, 6.37072522, -3.18536261, 0.0, 0.0, 31.85362612]",16,0,local
1_5_1,slab,-124.4663343,1217.477,TRUE,"[3.18536261, 0.0, 0.0, 0.0, 3.18536261, 0.0, 0.0, 0.0, 31.85362612]",10,4.00E-06,local
1_5_2,slab,-150.3690933,2550.996,TRUE,"[3.18536261, 0.0, 0.0, 0.0, 3.18536261, 0.0, 0.0, 0.0, 35.03898873]",12,4.67E-07,local
1_5,slab,-98.54691314,873.298,TRUE,"[3.18536261, 0.0, 0.0, 0.0, 3.18536261, 0.0, 0.0, 0.0, 28.66826351]",8,1.88E-07,local
20_0_1,slab,-55.42437719,17819.221,TRUE,"[3.90603497, 0.0, 6.76545103, 3.90603497, 5.96784108, 2.25515034, 0.0, 0.0, 63.14420962]",18,0,local
20_0_2,slab,-64.72850061,21956.801,TRUE,"[3.90603497, 0.0, 6.76545103, 3.90603497, 5.96784108, 2.25515034, 0.0, 0.0, 67.65451031]",21,0,local
20_0,slab,-45.98622066,11113.272,TRUE,"[3.90603497, 0.0, 6.76545103, 3.90603497, 5.96784108, 2.25515034, 0.0, 0.0, 58.63390894]",15,0,local
20_10,slab,-146.2199946,128963.467,TRUE,"[7.81206995, 0.0, -9.02060137, -0.0, 11.93568216, -4.51030069, 0.0, 0.0, 45.10300687]",48,0,local
20_11_1,slab,-92.08847064,36404.571,TRUE,"[5.96784108, 0.0, 0.0, 0.0, 7.81206995, -9.02060137, 0.0, 0.0, 49.61330756]",30,0,local
20_11_2,slab,-110.9300872,59373.189,TRUE,"[5.96784108, 0.0, 0.0, 0.0, 7.81206995, -9.02060137, 0.0, 0.0, 54.12360825]",36,0,local
20_11,slab,-73.31530774,35216.377,TRUE,"[5.96784108, 0.0, 0.0, 0.0, 7.81206995, -9.02060137, 0.0, 0.0, 45.10300687]",24,0,local
20_12_1,slab,-91.44386296,95566.733,TRUE,"[5.96784108, 0.0, 0.0, 0.0, 7.81206995, -9.02060137, 0.0, 0.0, 49.61330756]",30,0,local
20_12_2,slab,-110.268873,88186.655,TRUE,"[5.96784108, 0.0, 0.0, 0.0, 7.81206995, -9.02060137, 0.0, 0.0, 54.12360825]",36,0,local
20_12,slab,-72.74318183,51349.065,TRUE,"[5.96784108, 0.0, 0.0, 0.0, 7.81206995, -9.02060137, 0.0, 0.0, 45.10300687]",24,0,local
20_13_1,slab,-91.22891991,56351.658,TRUE,"[5.96784108, 0.0, 0.0, 0.0, 7.81206995, -9.02060137, 0.0, 0.0, 49.61330756]",30,0,local
20_13_2,slab,-110.0397049,92820.66,TRUE,"[5.96784108, 0.0, 0.0, 0.0, 7.81206995, -9.02060137, 0.0, 0.0, 54.12360825]",36,0,local
20_13,slab,-72.41258489,39706.978,TRUE,"[5.96784108, 0.0, 0.0, 0.0, 7.81206995, -9.02060137, 0.0, 0.0, 45.10300687]",24,0,local
20_14_1,slab,-46.03729317,6010.904,TRUE,"[3.90603497, 0.0, -2.25515034, -0.0, 5.96784108, -4.51030069, 0.0, 0.0, 45.10300687]",15,0,local
20_14_2,slab,-55.46368054,5702.762,TRUE,"[3.90603497, 0.0, -2.25515034, 0.0, 5.96784108, -4.51030069, 0.0, 0.0, 49.61330756]",18,1.11E-08,local
20_14,slab,-36.67814926,5808.47,TRUE,"[3.90603497, 0.0, -2.25515034, -0.0, 5.96784108, -4.51030069, 0.0, 0.0, 40.59270619]",12,0,local
20_15_1,slab,-45.53224055,19225.137,TRUE,"[3.90603497, 0.0, -2.25515034, -0.0, 5.96784108, -4.51030069, 0.0, 0.0, 45.10300687]",15,0,local
20_15_2,slab,-54.9585319,25460.827,TRUE,"[3.90603497, 0.0, -2.25515034, 0.0, 5.96784108, -4.51030069, 0.0, 0.0, 49.61330756]",18,0,local
20_15,slab,-36.12252073,14432.985,TRUE,"[3.90603497, 0.0, -2.25515034, -0.0, 5.96784108, -4.51030069, 0.0, 0.0, 40.59270619]",12,0,local
20_16_1,slab,-74.07888649,12603.362,TRUE,"[3.90603497, 0.0, -2.25515034, -0.0, 11.93568216, -4.51030069, 0.0, 0.0, 40.59270619]",24,0,local
20_16_2,slab,-92.86759483,11321.779,TRUE,"[3.90603497, 0.0, -2.25515034, -0.0, 11.93568216, -4.51030069, 0.0, 0.0, 45.10300687]",30,0,local
20_16,slab,-55.30786509,9306.029,TRUE,"[3.90603497, 0.0, -2.25515034, -0.0, 11.93568216, -4.51030069, 0.0, 0.0, 36.0824055]",18,0,local
20_17_1,slab,-73.07599009,55242.807,TRUE,"[3.90603497, 0.0, -2.25515034, -0.0, 11.93568216, -4.51030069, 0.0, 0.0, 40.59270619]",24,0,local
20_17_2,slab,-91.73428628,97363.171,TRUE,"[3.90603497, 0.0, -2.25515034, -0.0, 11.93568216, -4.51030069, 0.0, 0.0, 45.10300687]",30,0,local
20_17,slab,-54.39453656,21220.809,TRUE,"[3.90603497, 0.0, -2.25515034, -0.0, 11.93568216, -4.51030069, 0.0, 0.0, 36.0824055]",18,0,local
20_18_1,slab,-36.42902917,7826.313,TRUE,"[3.90603497, 0.0, -2.25515034, 0.0, 5.96784108, 0.0, 0.0, 0.0, 36.0824055]",12,0,local
20_18_2,slab,-45.84064217,16171.077,TRUE,"[3.90603497, 0.0, -2.25515034, 0.0, 5.96784108, 0.0, 0.0, 0.0, 40.59270619]",15,0,local
20_18,slab,-27.12585403,5098.259,TRUE,"[3.90603497, 0.0, -2.25515034, 0.0, 5.96784108, 0.0, 0.0, 0.0, 31.57210481]",9,0,local
20_19_1,slab,-37.44341881,2141.149,TRUE,"[3.90603497, 0.0, -2.25515034, 0.0, 5.96784108, 0.0, 0.0, 0.0, 36.0824055]",12,0,local
20_19_2,slab,-46.87214407,3915.874,TRUE,"[3.90603497, 0.0, -2.25515034, 0.0, 5.96784108, 0.0, 0.0, 0.0, 40.59270619]",15,0,local
20_19,slab,-28.01255839,1163.561,TRUE,"[3.90603497, 0.0, -2.25515034, 0.0, 5.96784108, 0.0, 0.0, 0.0, 31.57210481]",9,0,local
20_1_1,slab,-54.43434467,35075.438,TRUE,"[3.90603497, 0.0, 6.76545103, 3.90603497, 5.96784108, 2.25515034, 0.0, 0.0, 63.14420962]",18,0,local
20_1_2,slab,-63.77830773,44459.849,TRUE,"[3.90603497, 0.0, 6.76545103, 3.90603497, 5.96784108, 2.25515034, 0.0, 0.0, 67.65451031]",21,0,local
20_1,slab,-45.07066455,22218.576,TRUE,"[3.90603497, 0.0, 6.76545103, 3.90603497, 5.96784108, 2.25515034, 0.0, 0.0, 58.63390894]",15,0,local
20_20_1,slab,-73.49055445,14973.679,TRUE,"[7.81206995, 0.0, -0.0, -0.0, 5.96784108, 4.51030069, 0.0, 0.0, 40.59270619]",24,0,local
20_20_2,slab,-92.30974156,30735.063,TRUE,"[7.81206995, 0.0, -0.0, 0.0, 5.96784108, 4.51030069, 0.0, 0.0, 45.10300687]",30,0,local
20_20,slab,-54.84482722,9681.08,TRUE,"[7.81206995, 0.0, -0.0, -0.0, 5.96784108, 4.51030069, 0.0, 0.0, 36.0824055]",18,0,local
20_21_1,slab,-73.6240961,25013.502,TRUE,"[7.81206995, 0.0, -0.0, -0.0, 5.96784108, 4.51030069, 0.0, 0.0, 40.59270619]",24,0,local
20_21_2,slab,-92.48565125,46566.671,TRUE,"[7.81206995, 0.0, -0.0, 0.0, 5.96784108, 4.51030069, 0.0, 0.0, 45.10300687]",30,0,local
20_21,slab,-54.88304604,13289.012,TRUE,"[7.81206995, 0.0, -0.0, -0.0, 5.96784108, 4.51030069, 0.0, 0.0, 36.0824055]",18,0,local
20_22_1,slab,-72.81869382,33930.376,TRUE,"[7.81206995, 0.0, -0.0, -0.0, 5.96784108, 4.51030069, 0.0, 0.0, 40.59270619]",24,0,local
20_22_2,slab,-91.73637002,55124.063,TRUE,"[7.81206995, 0.0, -0.0, 0.0, 5.96784108, 4.51030069, 0.0, 0.0, 45.10300687]",30,0,local
20_22,slab,-54.12437309,14259.105,TRUE,"[7.81206995, 0.0, -0.0, -0.0, 5.96784108, 4.51030069, 0.0, 0.0, 36.0824055]",18,0,local
20_23_1,slab,-73.81436059,24050.5,TRUE,"[4.51030069, 0.0, 0.0, 4.51030069, 7.81206995, 5.96784108, 0.0, 0.0, 47.74272863]",24,0,local
20_23_2,slab,-92.67169115,34528.717,TRUE,"[4.51030069, 0.0, 0.0, 4.51030069, 7.81206995, 5.96784108, 0.0, 0.0, 53.71056971]",30,0,local
20_23,slab,-54.95888153,17149.196,TRUE,"[4.51030069, 0.0, 0.0, 4.51030069, 7.81206995, 5.96784108, 0.0, 0.0, 41.77488755]",18,0,local
20_24_1,slab,-73.63365523,16105.978,TRUE,"[4.51030069, 0.0, 0.0, 4.51030069, 7.81206995, 5.96784108, 0.0, 0.0, 47.74272863]",24,0,local
20_24_2,slab,-92.49467679,23880.579,TRUE,"[4.51030069, 0.0, 0.0, 4.51030069, 7.81206995, 5.96784108, 0.0, 0.0, 53.71056971]",30,0,local
20_24,slab,-54.73426939,12478.466,TRUE,"[4.51030069, 0.0, 0.0, 4.51030069, 7.81206995, 5.96784108, 0.0, 0.0, 41.77488755]",18,0,local
20_25_1,slab,-27.32971481,2589.958,TRUE,"[4.51030069, 0.0, 0.0, -2.25515034, 3.90603497, 0.0, 0.0, 0.0, 35.80704647]",9,0,local
20_25_2,slab,-36.73788343,3458.587,TRUE,"[4.51030069, 0.0, 0.0, -2.25515034, 3.90603497, 0.0, 0.0, 0.0, 41.77488755]",12,0,local
20_25,slab,-17.96576592,549.246,TRUE,"[4.51030069, 0.0, 0.0, -2.25515034, 3.90603497, 0.0, 0.0, 0.0, 29.83920539]",6,0,local
20_2_1,slab,-54.61704064,20867.67,TRUE,"[3.90603497, 0.0, 6.76545103, 3.90603497, 5.96784108, 2.25515034, 0.0, 0.0, 63.14420962]",18,0,local
20_2_2,slab,-64.04962798,32494.102,TRUE,"[3.90603497, 0.0, 6.76545103, 3.90603497, 5.96784108, 2.25515034, 0.0, 0.0, 67.65451031]",21,0,local
20_2,slab,-45.24028112,26446.245,TRUE,"[3.90603497, 0.0, 6.76545103, 3.90603497, 5.96784108, 2.25515034, 0.0, 0.0, 58.63390894]",15,0,local
20_3_1,slab,-109.6093918,96411.268,TRUE,"[3.90603497, 0.0, 6.76545103, 3.90603497, 11.93568216, 2.25515034, 0.0, 0.0, 58.63390894]",36,0,local
20_3_2,slab,-128.3977889,171987.586,TRUE,"[3.90603497, 0.0, 6.76545103, 3.90603497, 11.93568216, 2.25515034, 0.0, 0.0, 63.14420962]",42,0,local
20_3,slab,-90.70089893,103459.719,TRUE,"[3.90603497, 0.0, 6.76545103, 3.90603497, 11.93568216, 2.25515034, 0.0, 0.0, 54.12360825]",30,0,local
20_4_1,slab,-110.0976255,54235.141,TRUE,"[3.90603497, 0.0, 6.76545103, 3.90603497, 11.93568216, 2.25515034, 0.0, 0.0, 58.63390894]",36,0,local
20_4_2,slab,-128.8620091,167943.478,TRUE,"[3.90603497, 0.0, 6.76545103, 3.90603497, 11.93568216, 2.25515034, 0.0, 0.0, 63.14420962]",42,0,local
20_4,slab,-91.58615613,52283.469,TRUE,"[3.90603497, 0.0, 6.76545103, 3.90603497, 11.93568216, 2.25515034, 0.0, 0.0, 54.12360825]",30,0,local
20_5_1,slab,-54.37296765,22443.903,TRUE,"[5.96784108, 0.0, 0.0, -0.0, 3.90603497, 6.76545103, 0.0, 0.0, 58.63390894]",18,0,local
20_5_2,slab,-63.83592741,25405.77,TRUE,"[5.96784108, 0.0, 0.0, -0.0, 3.90603497, 6.76545103, 0.0, 0.0, 63.14420962]",21,0,local
20_5,slab,-45.47565192,13239.023,TRUE,"[5.96784108, 0.0, 0.0, -0.0, 3.90603497, 6.76545103, 0.0, 0.0, 54.12360825]",15,0,local
20_6_1,slab,-55.95547865,7721.621,TRUE,"[5.96784108, 0.0, 0.0, -0.0, 3.90603497, 6.76545103, 0.0, 0.0, 58.63390894]",18,0,local
20_6_2,slab,-65.37927868,12007.111,TRUE,"[5.96784108, 0.0, 0.0, -0.0, 3.90603497, 6.76545103, 0.0, 0.0, 63.14420962]",21,0,local
20_6,slab,-46.52084889,7287.33,TRUE,"[5.96784108, 0.0, 0.0, -0.0, 3.90603497, 6.76545103, 0.0, 0.0, 54.12360825]",15,0,local
20_7_1,slab,-91.4493313,65103.858,TRUE,"[7.81206995, 0.0, -9.02060137, 0.0, 5.96784108, -4.51030069, 0.0, 0.0, 49.61330756]",30,0,local
20_7_2,slab,-110.1717682,83852.03,TRUE,"[7.81206995, 0.0, -9.02060137, -0.0, 5.96784108, -4.51030069, 0.0, 0.0, 54.12360825]",36,0,local
20_7,slab,-72.82147731,34138.389,TRUE,"[7.81206995, 0.0, -9.02060137, -0.0, 5.96784108, -4.51030069, 0.0, 0.0, 45.10300687]",24,0,local
20_8_1,slab,-92.10734244,36208.228,TRUE,"[7.81206995, 0.0, -9.02060137, 0.0, 5.96784108, -4.51030069, 0.0, 0.0, 49.61330756]",30,0,local
20_8_2,slab,-110.8067345,26693.911,TRUE,"[7.81206995, 0.0, -9.02060137, -0.0, 5.96784108, -4.51030069, 0.0, 0.0, 54.12360825]",36,0,local
20_8,slab,-73.55682482,13891.01,TRUE,"[7.81206995, 0.0, -9.02060137, -0.0, 5.96784108, -4.51030069, 0.0, 0.0, 45.10300687]",24,0,local
20_9,slab,-147.4051265,33259.639,TRUE,"[7.81206995, 0.0, -9.02060137, -0.0, 11.93568216, -4.51030069, 0.0, 0.0, 45.10300687]",48,0,local
21_0_1,slab,-146.5329534,4639.942,TRUE,"[3.16292194, 0.0, -3.16292194, -0.0, 3.16292194, -3.16292194, 0.0, 0.0, 50.60675111]",14,1.43E-08,local
21_0_2,slab,-168.4871115,13665.534,TRUE,"[3.16292194, 0.0, -3.16292194, -0.0, 3.16292194, -3.16292194, 0.0, 0.0, 53.76967305]",16,1.25E-08,local
21_0,slab,-124.808215,5768.029,TRUE,"[3.16292194, 0.0, -3.16292194, -0.0, 3.16292194, -3.16292194, 0.0, 0.0, 47.44382916]",12,0,local
21_1_1,slab,-251.0162285,26263.766,TRUE,"[3.16292194, 0.0, -3.16292194, 0.0, 6.32584389, -3.16292194, 0.0, 0.0, 44.28090722]",24,0,local
21_1_2,slab,-294.7858465,52765.88,TRUE,"[3.16292194, 0.0, -3.16292194, 0.0, 6.32584389, -3.16292194, 0.0, 0.0, 47.44382916]",28,0,local
21_1,slab,-207.3294862,26628.42,TRUE,"[3.16292194, 0.0, -3.16292194, 0.0, 6.32584389, -3.16292194, 0.0, 0.0, 41.11798527]",20,0,local
21_2_1,slab,-126.2830663,4267.322,TRUE,"[3.16292194, 0.0, 0.0, 0.0, 3.16292194, -3.16292194, 0.0, 0.0, 41.11798527]",12,8.33E-09,local
21_2_2,slab,-148.1553747,8026.666,TRUE,"[3.16292194, 0.0, 0.0, 0.0, 3.16292194, -3.16292194, 0.0, 0.0, 44.28090722]",14,7.14E-09,local
21_2,slab,-104.4142882,4250.127,TRUE,"[3.16292194, 0.0, 0.0, 0.0, 3.16292194, -3.16292194, 0.0, 0.0, 37.95506333]",10,0,local
21_3,slab,-332.2253468,19870.658,TRUE,"[6.32584389, 0.0, -3.16292194, -0.0, 6.32584389, -3.16292194, 0.0, 0.0, 31.62921944]",32,0,local
21_4_1,slab,-210.0539328,8511.924,TRUE,"[3.16292194, 0.0, 0.0, 0.0, 6.32584389, -3.16292194, 0.0, 0.0, 34.79214139]",20,5.00E-09,local
21_4_2,slab,-253.7519031,12835.562,TRUE,"[3.16292194, 0.0, 0.0, 0.0, 6.32584389, -3.16292194, 0.0, 0.0, 37.95506333]",24,2.50E-08,local
21_4,slab,-166.2444147,5775.683,TRUE,"[3.16292194, 0.0, 0.0, 0.0, 6.32584389, -3.16292194, 0.0, 0.0, 31.62921944]",16,6.25E-09,local
21_5_1,slab,-105.3572931,1285.063,TRUE,"[3.16292194, 0.0, 0.0, 0.0, 3.16292194, 0.0, 0.0, 0.0, 31.62921944]",10,6.80E-07,local
21_5_2,slab,-127.216919,2488.12,TRUE,"[3.16292194, 0.0, 0.0, 0.0, 3.16292194, 0.0, 0.0, 0.0, 34.79214139]",12,7.25E-07,local
21_5,slab,-83.50233252,934.241,TRUE,"[3.16292194, 0.0, 0.0, 0.0, 3.16292194, 0.0, 0.0, 0.0, 28.4662975]",8,6.25E-08,local
22_0_1,slab,-69.64270224,12980.939,TRUE,"[5.03283984, 0.0, 5.03283984, 5.03283984, 5.03283984, -0.0, 0.0, 0.0, 55.36123825]",20,8.50E-08,local
22_0_2,slab,-84.11677423,11943.498,TRUE,"[5.03283984, 0.0, 5.03283984, 5.03283984, 5.03283984, -0.0, 0.0, 0.0, 60.39407809]",24,1.25E-08,local
22_0,slab,-55.66536189,5282.741,TRUE,"[5.03283984, 0.0, 5.03283984, 5.03283984, 5.03283984, -0.0, 0.0, 0.0, 50.32839841]",16,0,local
22_1,slab,-82.66357355,25114.461,TRUE,"[5.03283984, 0.0, -5.03283984, 0.0, 10.06567968, -5.03283984, 0.0, 0.0, 40.26271873]",24,0,local
22_2_1,slab,-55.54244688,6001.954,TRUE,"[5.03283984, 0.0, 0.0, 0.0, 5.03283984, -5.03283984, 0.0, 0.0, 45.29555857]",16,3.13E-08,local
22_2_2,slab,-69.79973258,13380.749,TRUE,"[5.03283984, 0.0, 0.0, 0.0, 5.03283984, -5.03283984, 0.0, 0.0, 50.32839841]",20,0,local
22_2,slab,-41.20327533,4303.928,TRUE,"[5.03283984, 0.0, 0.0, 0.0, 5.03283984, -5.03283984, 0.0, 0.0, 40.26271873]",12,0,local
22_3,slab,-166.3116738,59842.247,TRUE,"[10.06567968, 0.0, -5.03283984, -0.0, 10.06567968, -5.03283984, 0.0, 0.0, 35.22987889]",48,0,local
22_4,slab,-83.07458952,11898.995,TRUE,"[5.03283984, 0.0, 0.0, 0.0, 10.06567968, -5.03283984, 0.0, 0.0, 35.22987889]",24,0,local
22_5_1,slab,-41.79256523,1050.38,TRUE,"[5.03283984, 0.0, 0.0, 0.0, 5.03283984, 0.0, 0.0, 0.0, 30.19703904]",12,2.50E-08,local
22_5_2,slab,-56.06579665,2197.302,TRUE,"[5.03283984, 0.0, 0.0, 0.0, 5.03283984, 0.0, 0.0, 0.0, 35.22987889]",16,1.25E-08,local
22_5,slab,-27.63816921,572.556,TRUE,"[5.03283984, 0.0, 0.0, 0.0, 5.03283984, 0.0, 0.0, 0.0, 25.1641992]",8,1.25E-08,local
23_0_1,slab,-190.6430349,53188.551,TRUE,"[3.31726786, 0.0, -5.74567648, -0.0, 10.61585559, -3.83045098, 0.0, 0.0, 57.45676477]",42,0,local
23_0_2,slab,-218.7517412,34530.689,TRUE,"[3.31726786, 0.0, -5.74567648, -0.0, 10.61585559, -3.83045098, 0.0, 0.0, 61.28721576]",48,0,local
23_0,slab,-162.8761735,20667.874,TRUE,"[3.31726786, 0.0, -5.74567648, 0.0, 10.61585559, -3.83045098, 0.0, 0.0, 53.62631379]",36,0,local
23_10,slab,-542.4198344,242247.003,TRUE,"[6.63453572, 0.0, 7.66090197, 0.0, 21.23171118, 3.83045098, 0.0, 0.0, 45.96541182]",120,0,local
23_11,slab,-544.4257384,286403.8,TRUE,"[6.63453572, 0.0, 7.66090197, 0.0, 21.23171118, 3.83045098, 0.0, 0.0, 45.96541182]",120,4.17E-09,local
23_12,slab,-272.9624062,99237.481,TRUE,"[6.63453572, 0.0, 7.66090197, -0.0, 10.61585559, 3.83045098, 0.0, 0.0, 45.96541182]",60,0,local
23_13,slab,-272.4165334,109168.932,TRUE,"[6.63453572, 0.0, 7.66090197, -0.0, 10.61585559, 3.83045098, 0.0, 0.0, 45.96541182]",60,0,local
23_14_1,slab,-133.8965829,12749.853,TRUE,"[3.31726786, 0.0, -1.91522549, -0.0, 10.61585559, -3.83045098, 0.0, 0.0, 38.30450985]",30,0,local
23_14_2,slab,-161.7376384,15264.84,TRUE,"[3.31726786, 0.0, -1.91522549, -0.0, 10.61585559, -3.83045098, 0.0, 0.0, 42.13496083]",36,2.78E-09,local
23_14,slab,-106.1206488,4365.519,TRUE,"[3.31726786, 0.0, -1.91522549, -0.0, 10.61585559, -3.83045098, 0.0, 0.0, 34.47405886]",24,0,local
23_15_1,slab,-136.6473549,8942.585,TRUE,"[3.31726786, 0.0, -1.91522549, -0.0, 10.61585559, -3.83045098, 0.0, 0.0, 38.30450985]",30,2.51E-06,local
23_15_2,slab,-164.5639113,17954.067,TRUE,"[3.31726786, 0.0, -1.91522549, -0.0, 10.61585559, -3.83045098, 0.0, 0.0, 42.13496083]",36,1.31E-07,local
23_15,slab,-108.8217482,4824.321,TRUE,"[3.31726786, 0.0, -1.91522549, -0.0, 10.61585559, -3.83045098, 0.0, 0.0, 34.47405886]",24,3.33E-08,local
23_16,slab,-216.8554142,81318.286,TRUE,"[3.31726786, 0.0, -1.91522549, -0.0, 21.23171118, -3.83045098, 0.0, 0.0, 34.47405886]",48,0,local
23_17,slab,-215.6200584,54443.67,TRUE,"[3.31726786, 0.0, -1.91522549, -0.0, 21.23171118, -3.83045098, 0.0, 0.0, 34.47405886]",48,0,local
23_18_1,slab,-137.2105578,27121.673,TRUE,"[3.31726786, 0.0, -1.91522549, -0.0, 10.61585559, 0.0, 0.0, 0.0, 38.30450985]",30,0,local
23_18_2,slab,-165.2264588,22273.34,TRUE,"[3.31726786, 0.0, -1.91522549, -0.0, 10.61585559, 0.0, 0.0, 0.0, 42.13496083]",36,0,local
23_18,slab,-109.1633501,11774.011,TRUE,"[3.31726786, 0.0, -1.91522549, -0.0, 10.61585559, 0.0, 0.0, 0.0, 34.47405886]",24,0,local
23_19,slab,-219.0869555,42777.908,TRUE,"[3.31726786, 0.0, -1.91522549, -0.0, 21.23171118, 3.83045098, 0.0, 0.0, 34.47405886]",48,0,local
23_1_1,slab,-190.1418713,48472.286,TRUE,"[3.31726786, 0.0, -5.74567648, -0.0, 10.61585559, -3.83045098, 0.0, 0.0, 57.45676477]",42,0,local
23_1_2,slab,-218.2386124,60875.288,TRUE,"[3.31726786, 0.0, -5.74567648, -0.0, 10.61585559, -3.83045098, 0.0, 0.0, 61.28721576]",48,0,local
23_1,slab,-162.6494052,26071.86,TRUE,"[3.31726786, 0.0, -5.74567648, 0.0, 10.61585559, -3.83045098, 0.0, 0.0, 53.62631379]",36,0,local
23_20,slab,-216.6706601,34304.625,TRUE,"[3.31726786, 0.0, -1.91522549, -0.0, 21.23171118, 3.83045098, 0.0, 0.0, 34.47405886]",48,4.17E-09,local
23_21_1,slab,-137.4515851,17353.792,TRUE,"[3.31726786, 0.0, -1.91522549, -0.0, 10.61585559, 3.83045098, 0.0, 0.0, 38.30450985]",30,0,local
23_21_2,slab,-165.2405025,20899.517,TRUE,"[3.31726786, 0.0, -1.91522549, -0.0, 10.61585559, 3.83045098, 0.0, 0.0, 42.13496083]",36,0,local
23_21,slab,-109.7424506,13350.191,TRUE,"[3.31726786, 0.0, -1.91522549, -0.0, 10.61585559, 3.83045098, 0.0, 0.0, 34.47405886]",24,0,local
23_22_1,slab,-136.8104388,18205.872,TRUE,"[3.31726786, 0.0, -1.91522549, -0.0, 10.61585559, 3.83045098, 0.0, 0.0, 38.30450985]",30,0,local
23_22_2,slab,-164.8253837,34681.975,TRUE,"[3.31726786, 0.0, -1.91522549, -0.0, 10.61585559, 3.83045098, 0.0, 0.0, 42.13496083]",36,0,local
23_22,slab,-108.8005008,11398.103,TRUE,"[3.31726786, 0.0, -1.91522549, -0.0, 10.61585559, 3.83045098, 0.0, 0.0, 34.47405886]",24,0,local
23_23,slab,-162.9576195,20844.514,TRUE,"[6.63453572, 0.0, 0.0, -0.0, 10.61585559, 3.83045098, 0.0, 0.0, 30.64360788]",36,0,local
23_24,slab,-162.4783516,42677.963,TRUE,"[6.63453572, 0.0, 0.0, -0.0, 10.61585559, 3.83045098, 0.0, 0.0, 30.64360788]",36,0,local
23_25_1,slab,-135.8805811,32341.122,TRUE,"[3.31726786, 0.0, -1.91522549, -0.0, 10.61585559, -7.66090197, 0.0, 0.0, 42.13496083]",30,0,local
23_25_2,slab,-164.0050414,31983.717,TRUE,"[3.31726786, 0.0, -1.91522549, -0.0, 10.61585559, -7.66090197, 0.0, 0.0, 45.96541182]",36,0,local
23_25,slab,-107.6460647,18744.727,TRUE,"[3.31726786, 0.0, -1.91522549, -0.0, 10.61585559, -7.66090197, 0.0, 0.0, 38.30450985]",24,0,local
23_26_1,slab,-136.5763422,27294.466,TRUE,"[3.31726786, 0.0, -1.91522549, -0.0, 10.61585559, -7.66090197, 0.0, 0.0, 42.13496083]",30,0,local
23_26_2,slab,-164.5536878,34073.949,TRUE,"[3.31726786, 0.0, -1.91522549, -0.0, 10.61585559, -7.66090197, 0.0, 0.0, 45.96541182]",36,0,local
23_26,slab,-108.6392203,17861.536,TRUE,"[3.31726786, 0.0, -1.91522549, -0.0, 10.61585559, -7.66090197, 0.0, 0.0, 38.30450985]",24,0,local
23_27_1,slab,-131.4454544,19550.253,TRUE,"[3.31726786, 0.0, -1.91522549, -0.0, 10.61585559, 7.66090197, 0.0, 0.0, 42.13496083]",30,1.33E-08,local
23_27_2,slab,-159.4632571,17926.997,TRUE,"[3.31726786, 0.0, -1.91522549, -0.0, 10.61585559, 7.66090197, 0.0, 0.0, 45.96541182]",36,0,local
23_27,slab,-103.4823361,5219.795,TRUE,"[3.31726786, 0.0, -1.91522549, -0.0, 10.61585559, 7.66090197, 0.0, 0.0, 38.30450985]",24,2.92E-08,local
23_28_1,slab,-137.8381887,20548.733,TRUE,"[3.31726786, 0.0, -1.91522549, -0.0, 10.61585559, 7.66090197, 0.0, 0.0, 42.13496083]",30,0,local
23_28_2,slab,-165.7349449,21530.999,TRUE,"[3.31726786, 0.0, -1.91522549, -0.0, 10.61585559, 7.66090197, 0.0, 0.0, 45.96541182]",36,0,local
23_28,slab,-110.1388598,8202.832,TRUE,"[3.31726786, 0.0, -1.91522549, -0.0, 10.61585559, 7.66090197, 0.0, 0.0, 38.30450985]",24,0,local
23_29_1,slab,,,FALSE,,,,local
23_29_2,slab,,,FALSE,,,,local
23_29,slab,-27.85460716,69.649,TRUE,"[3.83045098, 0.0, 0.0, -1.91522549, 3.31726786, -0.0, 0.0, 0.0, 31.84756678]",6,1.33E-07,local
23_2,slab,-325.3540849,72730.389,TRUE,"[3.31726786, 0.0, -5.74567648, -0.0, 21.23171118, -3.83045098, 0.0, 0.0, 53.62631379]",72,0,local
23_30_1,slab,-52.96180939,855.125,TRUE,"[3.83045098, 0.0, 0.0, -1.91522549, 3.31726786, -0.0, 0.0, 0.0, 42.46342237]",12,2.50E-08,local
23_30_2,slab,,,FALSE,,,,local
23_30,slab,-25.60988325,443.439,TRUE,"[3.83045098, 0.0, 0.0, -1.91522549, 3.31726786, -0.0, 0.0, 0.0, 31.84756678]",6,0,local
23_3,slab,-324.5837731,146341.52,TRUE,"[3.31726786, 0.0, -5.74567648, -0.0, 21.23171118, -3.83045098, 0.0, 0.0, 53.62631379]",72,1.39E-09,local
23_4_1,slab,-190.5116737,12547.091,TRUE,"[10.61585559, 0.0, 0.0, -0.0, 3.31726786, -5.74567648, 0.0, 0.0, 57.45676477]",42,0,local
23_4_2,slab,-218.4345286,18050,TRUE,"[10.61585559, 0.0, 0.0, -0.0, 3.31726786, -5.74567648, 0.0, 0.0, 61.28721576]",48,0,local
23_4,slab,-162.8395197,12215.964,TRUE,"[10.61585559, 0.0, 0.0, -0.0, 3.31726786, -5.74567648, 0.0, 0.0, 53.62631379]",36,0,local
23_5,slab,-270.4104399,105069.187,TRUE,"[6.63453572, 0.0, -7.66090197, -0.0, 10.61585559, -3.83045098, 0.0, 0.0, 45.96541182]",60,0,local
23_6,slab,-271.2562943,93049.017,TRUE,"[6.63453572, 0.0, -7.66090197, -0.0, 10.61585559, -3.83045098, 0.0, 0.0, 45.96541182]",60,0,local
23_7,slab,-539.7090985,244797.965,TRUE,"[6.63453572, 0.0, -7.66090197, -0.0, 21.23171118, -3.83045098, 0.0, 0.0, 45.96541182]",120,3.33E-09,local
23_8,slab,-542.4035724,173842.206,TRUE,"[6.63453572, 0.0, -7.66090197, -0.0, 21.23171118, -3.83045098, 0.0, 0.0, 45.96541182]",120,8.33E-10,local
23_9,slab,-215.5559154,35963.614,TRUE,"[10.61585559, 0.0, 0.0, -0.0, 6.63453572, -7.66090197, 0.0, 0.0, 38.30450985]",48,0,local
24_0_1,slab,-13.52223786,3045.08,TRUE,"[4.53122686, 0.0, 4.53122686, 4.53122686, 4.53122686, -0.0, 0.0, 0.0, 49.84349546]",20,1.50E-08,local
24_0_2,slab,-16.51683034,6227.696,TRUE,"[4.53122686, 0.0, 4.53122686, 4.53122686, 4.53122686, -0.0, 0.0, 0.0, 54.37472232]",24,8.33E-09,local
24_0,slab,-10.59866697,1183.215,TRUE,"[4.53122686, 0.0, 4.53122686, 4.53122686, 4.53122686, -0.0, 0.0, 0.0, 45.3122686]",16,1.25E-08,local
24_1,slab,-20.90215675,20127.826,TRUE,"[4.53122686, 0.0, -4.53122686, 0.0, 9.06245372, -4.53122686, 0.0, 0.0, 40.78104174]",32,3.13E-09,local
24_2_1,slab,-13.23774666,2728.203,TRUE,"[4.53122686, 0.0, 0.0, 0.0, 4.53122686, -4.53122686, 0.0, 0.0, 45.3122686]",20,2.85E-07,local
24_2_2,slab,-16.24045762,4771.623,TRUE,"[4.53122686, 0.0, 0.0, 0.0, 4.53122686, -4.53122686, 0.0, 0.0, 49.84349546]",24,3.92E-07,local
24_2,slab,-10.25381097,3056.156,TRUE,"[4.53122686, 0.0, 0.0, 0.0, 4.53122686, -4.53122686, 0.0, 0.0, 40.78104174]",16,0,local
24_3,slab,-30.36897325,66243.47,TRUE,"[9.06245372, 0.0, -4.53122686, -0.0, 9.06245372, -4.53122686, 0.0, 0.0, 36.24981488]",48,0,local
24_4,slab,-15.01523767,9397.529,TRUE,"[4.53122686, 0.0, 0.0, 0.0, 9.06245372, -4.53122686, 0.0, 0.0, 31.71858802]",24,0,local
24_5_1,slab,-10.56261756,1088.35,TRUE,"[4.53122686, 0.0, 0.0, 0.0, 4.53122686, 0.0, 0.0, 0.0, 36.24981488]",16,1.88E-07,local
24_5_2,slab,-13.48236681,2596.992,TRUE,"[4.53122686, 0.0, 0.0, 0.0, 4.53122686, 0.0, 0.0, 0.0, 40.78104174]",20,7.20E-07,local
24_5,slab,-7.66116481,1047.843,TRUE,"[4.53122686, 0.0, 0.0, 0.0, 4.53122686, 0.0, 0.0, 0.0, 31.71858802]",12,2.75E-07,local
25_0_1,slab,,,FALSE,,,,local
25_0_2,slab,,,FALSE,,,,local
25_0,slab,,,FALSE,,,,local
25_1_1,slab,,,FALSE,,,,local
25_1_2,slab,,,FALSE,,,,local
25_1,slab,,,FALSE,,,,local
25_2_1,slab,-109.5333639,8314.524,TRUE,"[2.84166098, 0.0, 0.0, 0.0, 2.84166098, -2.84166098, 0.0, 0.0, 39.78325374]",12,5.00E-08,local
25_2_2,slab,-128.5139111,75889.748,FALSE,"[2.84166098, 0.0, 0.0, 0.0, 2.84166098, -2.84166098, 0.0, 0.0, 42.62491472]",14,0,local
25_2,slab,-90.4724471,4127.004,TRUE,"[2.84166098, 0.0, 0.0, 0.0, 2.84166098, -2.84166098, 0.0, 0.0, 36.94159276]",10,4.00E-08,local
25_3,slab,,,FALSE,,,,local
25_4_1,slab,,,FALSE,,,,local
25_4_2,slab,,,FALSE,,,,local
25_4,slab,,,FALSE,,,,local
25_5_1,slab,,,FALSE,,,,local
25_5_2,slab,,,FALSE,,,,local
25_5,slab,,,FALSE,,,,local
26_0_1,slab,-137.465277,5459.93,TRUE,"[3.30910593, 0.0, -3.30910593, -0.0, 3.30910593, -3.30910593, 0.0, 0.0, 49.6365889]",14,2.14E-08,local
26_0_2,slab,-157.8100211,9149.755,TRUE,"[3.30910593, 0.0, -3.30910593, -0.0, 3.30910593, -3.30910593, 0.0, 0.0, 52.94569483]",16,3.75E-08,local
26_0,slab,-117.0540132,3596.265,TRUE,"[3.30910593, 0.0, -3.30910593, -0.0, 3.30910593, -3.30910593, 0.0, 0.0, 46.32748297]",12,5.83E-08,local
26_1_1,slab,-235.6154261,29855.143,TRUE,"[3.30910593, 0.0, -3.30910593, 0.0, 6.61821185, -3.30910593, 0.0, 0.0, 43.01837705]",24,8.33E-09,local
26_1_2,slab,-276.4920315,27864.977,TRUE,"[3.30910593, 0.0, -3.30910593, 0.0, 6.61821185, -3.30910593, 0.0, 0.0, 46.32748297]",28,1.79E-08,local
26_1,slab,-194.7619819,13766.395,TRUE,"[3.30910593, 0.0, -3.30910593, 0.0, 6.61821185, -3.30910593, 0.0, 0.0, 39.70927112]",20,5.00E-09,local
26_2_1,slab,-118.5633814,2763.392,TRUE,"[3.30910593, 0.0, 0.0, 0.0, 3.30910593, -3.30910593, 0.0, 0.0, 43.01837705]",12,1.00E-07,local
26_2_2,slab,-139.0106667,5349.559,TRUE,"[3.30910593, 0.0, 0.0, 0.0, 3.30910593, -3.30910593, 0.0, 0.0, 46.32748297]",14,2.36E-07,local
26_2,slab,-98.14021126,1981.402,TRUE,"[3.30910593, 0.0, 0.0, 0.0, 3.30910593, -3.30910593, 0.0, 0.0, 39.70927112]",10,1.80E-07,local
26_3,slab,-311.0474526,30652.966,TRUE,"[6.61821185, 0.0, -3.30910593, -0.0, 6.61821185, -3.30910593, 0.0, 0.0, 33.09105927]",32,5.00E-08,local
26_4_1,slab,-197.3987004,13827.197,TRUE,"[3.30910593, 0.0, 0.0, 0.0, 6.61821185, -3.30910593, 0.0, 0.0, 36.40016519]",20,6.00E-08,local
26_4_2,slab,-238.2873087,28021.356,TRUE,"[3.30910593, 0.0, 0.0, 0.0, 6.61821185, -3.30910593, 0.0, 0.0, 39.70927112]",24,5.00E-08,local
26_4,slab,-156.5280175,6995.343,TRUE,"[3.30910593, 0.0, 0.0, 0.0, 6.61821185, -3.30910593, 0.0, 0.0, 33.09105927]",16,3.13E-08,local
26_5_1,slab,-98.97909547,1760.406,TRUE,"[3.30910593, 0.0, 0.0, 0.0, 3.30910593, 0.0, 0.0, 0.0, 33.09105927]",10,3.70E-07,local
26_5_2,slab,-119.40586,1747.358,TRUE,"[3.30910593, 0.0, 0.0, 0.0, 3.30910593, 0.0, 0.0, 0.0, 36.40016519]",12,8.33E-09,local
26_5,slab,-78.5700697,1169.166,TRUE,"[3.30910593, 0.0, 0.0, 0.0, 3.30910593, 0.0, 0.0, 0.0, 29.78195334]",8,1.25E-07,local
27_0_1,slab,-157.4351745,11226.198,TRUE,"[2.35781543, 0.0, -4.08385611, -0.0, 4.28283247, -2.72257074, 0.0, 0.0, 57.17398557]",18,4.44E-08,local
27_0_2,slab,-175.8978593,15642.501,TRUE,"[2.35781543, 0.0, -4.08385611, -0.0, 4.28283247, -2.72257074, 0.0, 0.0, 59.89655631]",20,2.50E-08,local
27_0,slab,-138.9549639,9356.721,TRUE,"[2.35781543, 0.0, -4.08385611, -0.0, 4.28283247, -2.72257074, 0.0, 0.0, 54.45141483]",16,0,local
27_10_1,slab,-104.9763115,6748.118,TRUE,"[2.35781543, 0.0, -1.36128537, -0.0, 4.28283247, -2.72257074, 0.0, 0.0, 38.11599038]",12,2.50E-07,local
27_10_2,slab,-123.4231757,6327.093,TRUE,"[2.35781543, 0.0, -1.36128537, -0.0, 4.28283247, -2.72257074, 0.0, 0.0, 40.83856112]",14,4.79E-07,local
27_10,slab,-86.48029886,3175.294,TRUE,"[2.35781543, 0.0, -1.36128537, -0.0, 4.28283247, -2.72257074, 0.0, 0.0, 35.39341964]",10,2.60E-07,local
27_11_1,slab,-211.4683631,13591.069,TRUE,"[2.35781543, 0.0, -1.36128537, -0.0, 8.56566494, -2.72257074, 0.0, 0.0, 35.39341964]",24,5.83E-08,local
27_11_2,slab,-248.4171155,18918.945,TRUE,"[2.35781543, 0.0, -1.36128537, -0.0, 8.56566494, -2.72257074, 0.0, 0.0, 38.11599038]",28,3.21E-08,local
27_11,slab,-174.571505,11193.688,TRUE,"[2.35781543, 0.0, -1.36128537, -0.0, 8.56566494, -2.72257074, 0.0, 0.0, 32.6708489]",20,2.50E-08,local
27_12_1,slab,-212.4341869,14985.442,TRUE,"[2.35781543, 0.0, -1.36128537, -0.0, 8.56566494, -2.72257074, 0.0, 0.0, 35.39341964]",24,8.33E-09,local
27_12_2,slab,-249.3648841,32069.578,TRUE,"[2.35781543, 0.0, -1.36128537, -0.0, 8.56566494, -2.72257074, 0.0, 0.0, 38.11599038]",28,3.21E-08,local
27_12,slab,-175.5070363,8613.829,TRUE,"[2.35781543, 0.0, -1.36128537, -0.0, 8.56566494, -2.72257074, 0.0, 0.0, 32.6708489]",20,5.00E-09,local
27_13_1,slab,-106.4557985,3886.794,TRUE,"[2.35781543, 0.0, -1.36128537, 0.0, 4.28283247, 0.0, 0.0, 0.0, 35.39341964]",12,0.000241925,local
27_13_2,slab,-124.9449709,3895.859,TRUE,"[2.35781543, 0.0, -1.36128537, 0.0, 4.28283247, 0.0, 0.0, 0.0, 38.11599038]",14,0.000291343,local
27_13,slab,-88.02137343,1707.374,TRUE,"[2.35781543, 0.0, -1.36128537, 0.0, 4.28283247, 0.0, 0.0, 0.0, 32.6708489]",10,0.00016845,local
27_14_1,slab,-105.5392672,3353.943,TRUE,"[2.35781543, 0.0, -1.36128537, 0.0, 4.28283247, 0.0, 0.0, 0.0, 35.39341964]",12,9.17E-08,local
27_14_2,slab,-124.0084052,4700.354,TRUE,"[2.35781543, 0.0, -1.36128537, 0.0, 4.28283247, 0.0, 0.0, 0.0, 38.11599038]",14,7.86E-08,local
27_14,slab,-87.10188333,1864.892,TRUE,"[2.35781543, 0.0, -1.36128537, 0.0, 4.28283247, 0.0, 0.0, 0.0, 32.6708489]",10,1.20E-07,local
27_15_1,slab,-212.125783,6757.986,TRUE,"[4.71563085, 0.0, 0.0, -0.0, 4.28283247, 2.72257074, 0.0, 0.0, 35.39341964]",24,5.42E-08,local
27_15_2,slab,-249.0632774,10054.856,TRUE,"[4.71563085, 0.0, 0.0, -0.0, 4.28283247, 2.72257074, 0.0, 0.0, 38.11599038]",28,3.57E-08,local
27_15,slab,-175.1841638,7334.233,TRUE,"[4.71563085, 0.0, 0.0, -0.0, 4.28283247, 2.72257074, 0.0, 0.0, 32.6708489]",20,0,local
27_16_1,slab,-177.9564194,16102.767,TRUE,"[2.72257074, 0.0, 0.0, 2.72257074, 4.71563085, 4.28283247, 0.0, 0.0, 42.8283247]",20,0,local
27_16_2,slab,-214.8929414,18228.394,TRUE,"[2.72257074, 0.0, 0.0, 2.72257074, 4.71563085, 4.28283247, 0.0, 0.0, 47.11115717]",24,4.17E-09,local
27_16,slab,-141.0262117,8048.814,TRUE,"[2.72257074, 0.0, 0.0, 2.72257074, 4.71563085, 4.28283247, 0.0, 0.0, 38.54549223]",16,0,local
27_17_1,slab,-177.8122727,20115.324,TRUE,"[2.72257074, 0.0, 0.0, 2.72257074, 4.71563085, 4.28283247, 0.0, 0.0, 42.8283247]",20,3.40E-07,local
27_17_2,slab,-214.7191912,19052.678,TRUE,"[2.72257074, 0.0, 0.0, 2.72257074, 4.71563085, 4.28283247, 0.0, 0.0, 47.11115717]",24,1.33E-07,local
27_17,slab,-140.8504199,6133.48,TRUE,"[2.72257074, 0.0, 0.0, 2.72257074, 4.71563085, 4.28283247, 0.0, 0.0, 38.54549223]",16,5.44E-07,local
27_18_1,slab,-71.75036116,520.256,TRUE,"[2.72257074, 0.0, 0.0, -1.36128537, 2.35781543, 0.0, 0.0, 0.0, 34.26265976]",8,3.88E-07,local
27_18_2,slab,-90.2119233,901.919,TRUE,"[2.72257074, 0.0, 0.0, -1.36128537, 2.35781543, 0.0, 0.0, 0.0, 38.54549223]",10,2.50E-07,local
27_18,slab,-53.30340652,691.136,TRUE,"[2.72257074, 0.0, 0.0, -1.36128537, 2.35781543, 0.0, 0.0, 0.0, 29.97982729]",6,1.17E-07,local
27_1_1,slab,-315.1771341,35401.368,TRUE,"[2.35781543, 0.0, -4.08385611, -0.0, 8.56566494, -2.72257074, 0.0, 0.0, 57.17398557]",36,1.14E-07,local
27_1_2,slab,-352.1183789,60109.009,TRUE,"[2.35781543, 0.0, -4.08385611, -0.0, 8.56566494, -2.72257074, 0.0, 0.0, 59.89655631]",40,7.23E-07,local
27_1,slab,-278.1813161,40786.478,TRUE,"[2.35781543, 0.0, -4.08385611, -0.0, 8.56566494, -2.72257074, 0.0, 0.0, 54.45141483]",32,2.55E-05,local
27_2_1,slab,-157.682058,7727.792,TRUE,"[4.28283247, 0.0, 0.0, 0.0, 2.35781543, -4.08385611, 0.0, 0.0, 57.17398557]",18,0.000354911,local
27_2_2,slab,-176.150632,13534.211,TRUE,"[4.28283247, 0.0, 0.0, 0.0, 2.35781543, -4.08385611, 0.0, 0.0, 59.89655631]",20,0.079482515,local
27_2,slab,-139.1704937,6563.112,TRUE,"[4.28283247, 0.0, 0.0, 0.0, 2.35781543, -4.08385611, 0.0, 0.0, 54.45141483]",16,7.57E-06,local
27_3_1,slab,-281.9067741,19645.44,TRUE,"[4.71563085, 0.0, -5.44514148, -0.0, 4.28283247, -2.72257074, 0.0, 0.0, 49.00627335]",32,2.81E-08,local
27_3_2,slab,-318.8512705,37870.811,TRUE,"[4.71563085, 0.0, -5.44514148, -0.0, 4.28283247, -2.72257074, 0.0, 0.0, 51.72884409]",36,2.78E-08,local
27_3,slab,-244.9829064,17109.065,TRUE,"[4.71563085, 0.0, -5.44514148, -0.0, 4.28283247, -2.72257074, 0.0, 0.0, 46.28370261]",28,3.57E-09,local
27_4_1,slab,-281.9204945,28662.529,TRUE,"[4.71563085, 0.0, -5.44514148, -0.0, 4.28283247, -2.72257074, 0.0, 0.0, 49.00627335]",32,9.38E-09,local
27_4_2,slab,-318.8969405,35910.32,TRUE,"[4.71563085, 0.0, -5.44514148, -0.0, 4.28283247, -2.72257074, 0.0, 0.0, 51.72884409]",36,1.94E-08,local
27_4,slab,-245.0085198,24658.153,TRUE,"[4.71563085, 0.0, -5.44514148, -0.0, 4.28283247, -2.72257074, 0.0, 0.0, 46.28370261]",28,3.57E-09,local
27_5,slab,-417.2005626,53047.666,TRUE,"[4.71563085, 0.0, -5.44514148, -0.0, 8.56566494, -2.72257074, 0.0, 0.0, 40.83856112]",48,1.46E-07,local
27_6,slab,-417.0387496,48727.047,TRUE,"[4.71563085, 0.0, -5.44514148, -0.0, 8.56566494, -2.72257074, 0.0, 0.0, 40.83856112]",48,2.08E-09,local
27_7_1,slab,-245.7533909,22792.503,TRUE,"[4.28283247, 0.0, 0.0, 0.0, 4.71563085, -5.44514148, 0.0, 0.0, 43.56113186]",28,0.075036957,local
27_7_2,slab,-282.694936,26826.299,TRUE,"[4.28283247, 0.0, 0.0, 0.0, 4.71563085, -5.44514148, 0.0, 0.0, 46.28370261]",32,0.070949003,local
27_7,slab,-208.7582517,10978.99,TRUE,"[4.28283247, 0.0, 0.0, 0.0, 4.71563085, -5.44514148, 0.0, 0.0, 40.83856112]",24,0.095802679,local
27_8_1,slab,-245.4939066,22821.088,TRUE,"[4.28283247, 0.0, 0.0, 0.0, 4.71563085, -5.44514148, 0.0, 0.0, 43.56113186]",28,6.83E-06,local
27_8_2,slab,-282.4085389,29793.063,TRUE,"[4.28283247, 0.0, 0.0, 0.0, 4.71563085, -5.44514148, 0.0, 0.0, 46.28370261]",32,7.41E-06,local
27_8,slab,-208.5358441,14092.982,TRUE,"[4.28283247, 0.0, 0.0, 0.0, 4.71563085, -5.44514148, 0.0, 0.0, 40.83856112]",24,1.06E-06,local
27_9_1,slab,-105.927477,5735.734,TRUE,"[2.35781543, 0.0, -1.36128537, -0.0, 4.28283247, -2.72257074, 0.0, 0.0, 38.11599038]",12,0,local
27_9_2,slab,-124.3977929,5911.3,TRUE,"[2.35781543, 0.0, -1.36128537, -0.0, 4.28283247, -2.72257074, 0.0, 0.0, 40.83856112]",14,2.86E-08,local
27_9,slab,-87.45738282,4486.643,TRUE,"[2.35781543, 0.0, -1.36128537, -0.0, 4.28283247, -2.72257074, 0.0, 0.0, 35.39341964]",10,0,local
28_0_1,slab,-120.7240628,4441.24,TRUE,"[2.99808838, 0.0, -2.99808838, -0.0, 2.99808838, -2.99808838, 0.0, 0.0, 47.96941406]",14,0.221305586,local
28_0_2,slab,-138.6974415,16553.131,TRUE,"[2.99808838, 0.0, -2.99808838, -0.0, 2.99808838, -2.99808838, 0.0, 0.0, 50.96750244]",16,0.20175945,local
28_0,slab,-102.7027159,9001.021,TRUE,"[2.99808838, 0.0, -2.99808838, -0.0, 2.99808838, -2.99808838, 0.0, 0.0, 44.97132568]",12,0.175021292,local
28_1_1,slab,-242.8376583,67606.998,TRUE,"[2.99808838, 0.0, 2.99808838, 2.99808838, 5.99617676, 0.0, 0.0, 0.0, 44.97132568]",28,0.022830221,local
28_1_2,slab,,,FALSE,,,,local
28_1,slab,-206.8561693,25391.007,TRUE,"[2.99808838, 0.0, 2.99808838, 2.99808838, 5.99617676, 0.0, 0.0, 0.0, 41.9732373]",24,0.046160879,local
28_2_1,slab,-104.0718585,3961.942,TRUE,"[2.99808838, 0.0, 0.0, 0.0, 2.99808838, -2.99808838, 0.0, 0.0, 41.9732373]",12,3.61E-06,local
28_2_2,slab,-122.0592344,7163.02,TRUE,"[2.99808838, 0.0, 0.0, 0.0, 2.99808838, -2.99808838, 0.0, 0.0, 44.97132568]",14,3.79E-07,local
28_2,slab,-86.09967931,4903.201,TRUE,"[2.99808838, 0.0, 0.0, 0.0, 2.99808838, -2.99808838, 0.0, 0.0, 38.97514892]",10,3.50E-07,local
28_3,slab,-345.0485111,58790.827,TRUE,"[5.99617676, 0.0, -2.99808838, -0.0, 5.99617676, -2.99808838, 0.0, 0.0, 35.97706054]",40,0.286716763,local
28_4_1,slab,-173.5157788,27049.698,TRUE,"[2.99808838, 0.0, 0.0, 0.0, 5.99617676, -2.99808838, 0.0, 0.0, 32.97897217]",20,3.00E-08,local
28_4_2,slab,-209.4879464,37241.448,TRUE,"[2.99808838, 0.0, 0.0, 0.0, 5.99617676, -2.99808838, 0.0, 0.0, 35.97706054]",24,0,local
28_4,slab,-137.5570912,12119.46,TRUE,"[2.99808838, 0.0, 0.0, 0.0, 5.99617676, -2.99808838, 0.0, 0.0, 29.98088379]",16,4.13E-07,local
28_5_1,slab,-87.2101833,4268.716,TRUE,"[2.99808838, 0.0, 0.0, 0.0, 2.99808838, 0.0, 0.0, 0.0, 32.97897217]",10,5.60E-07,local
28_5_2,slab,-105.2277775,4904.687,TRUE,"[2.99808838, 0.0, 0.0, 0.0, 2.99808838, 0.0, 0.0, 0.0, 35.97706054]",12,6.67E-08,local
28_5,slab,-69.25777286,3135.806,TRUE,"[2.99808838, 0.0, 0.0, 0.0, 2.99808838, 0.0, 0.0, 0.0, 29.98088379]",8,0,local
29_0_1,slab,-34.05832392,16836.087,TRUE,"[7.39433486, 0.0, 4.26942702, 9.85121672, 10.49013274, 0.0, 0.0, 0.0, 38.42484315]",24,0.002427542,local
29_0_2,slab,-43.88968998,34556.385,TRUE,"[7.39433486, 0.0, 4.26942702, 9.85121672, 10.49013274, 0.0, 0.0, 0.0, 42.69427017]",30,0.004575253,local
29_0,slab,-24.21588369,14129.604,TRUE,"[7.39433486, 0.0, 4.26942702, 9.85121672, 10.49013274, 0.0, 0.0, 0.0, 34.15541613]",18,0.065664794,local
29_10,slab,-33.21890879,11487.792,TRUE,"[10.49013274, 0.0, -2.45688187, -0.0, 8.53885403, -7.39433486, 0.0, 0.0, 36.97167428]",24,4.83E-06,local
29_11,slab,-33.35139252,12601.711,TRUE,"[10.49013274, 0.0, -2.45688187, -0.0, 8.53885403, -7.39433486, 0.0, 0.0, 36.97167428]",24,4.33E-07,local
29_12,slab,-66.61947785,43241.821,TRUE,"[8.53885403, 0.0, 7.39433486, -0.0, 20.98026549, 2.48057112, 0.0, 0.0, 36.97167428]",48,6.88E-07,local
29_13,slab,-66.0374793,48398.043,TRUE,"[8.53885403, 0.0, 7.39433486, -0.0, 20.98026549, 2.48057112, 0.0, 0.0, 36.97167428]",48,5.00E-08,local
29_14,slab,-32.9742243,9183.743,TRUE,"[8.53885403, 0.0, 7.39433486, -0.0, 10.49013274, 4.93745299, 0.0, 0.0, 36.97167428]",24,4.22E-06,local
29_15,slab,-32.90037389,9811.979,TRUE,"[8.53885403, 0.0, 7.39433486, -0.0, 10.49013274, 4.93745299, 0.0, 0.0, 36.97167428]",24,1.85E-06,local
29_16_1,slab,-26.482834,6834.349,TRUE,"[4.26942702, 0.0, 0.0, 0.0, 10.49013274, -9.85121672, 0.0, 0.0, 44.36600913]",18,1.50E-05,local
29_16_2,slab,-36.30811082,22069.845,TRUE,"[4.26942702, 0.0, 0.0, 0.0, 10.49013274, -9.85121672, 0.0, 0.0, 51.76034399]",24,8.11E-05,local
29_16,slab,-16.67597992,2852.496,TRUE,"[4.26942702, 0.0, 0.0, 0.0, 10.49013274, -9.85121672, 0.0, 0.0, 36.97167428]",12,3.48E-06,local
29_17_1,slab,-26.59587204,5392.395,TRUE,"[4.26942702, 0.0, 0.0, 0.0, 10.49013274, -9.85121672, 0.0, 0.0, 44.36600913]",18,0.006378483,local
29_17_2,slab,-36.42594906,13706.63,TRUE,"[4.26942702, 0.0, 0.0, 0.0, 10.49013274, -9.85121672, 0.0, 0.0, 51.76034399]",24,0.000267608,local
29_17,slab,-16.78691334,3113.214,TRUE,"[4.26942702, 0.0, 0.0, 0.0, 10.49013274, -9.85121672, 0.0, 0.0, 36.97167428]",12,0.020442708,local
29_18,slab,-33.79676367,12252.279,TRUE,"[4.26942702, 0.0, 0.0, 0.0, 20.98026549, -12.30809859, 0.0, 0.0, 36.97167428]",24,0.041636513,local
29_19,slab,-34.74892545,5116.127,TRUE,"[4.26942702, 0.0, 0.0, 0.0, 20.98026549, -12.30809859, 0.0, 0.0, 36.97167428]",24,1.22E-05,local
29_1_1,slab,-34.9742288,10587.292,TRUE,"[7.39433486, 0.0, 4.26942702, 9.85121672, 10.49013274, 0.0, 0.0, 0.0, 38.42484315]",24,1.12E-05,local
29_1_2,slab,-44.81993888,13736.506,TRUE,"[7.39433486, 0.0, 4.26942702, 9.85121672, 10.49013274, 0.0, 0.0, 0.0, 42.69427017]",30,7.24E-06,local
29_1,slab,-25.12462296,7455.247,TRUE,"[7.39433486, 0.0, 4.26942702, 9.85121672, 10.49013274, 0.0, 0.0, 0.0, 34.15541613]",18,0.000336761,local
29_20_1,slab,-27.2728568,8193.714,TRUE,"[4.26942702, 0.0, 0.0, 0.0, 10.49013274, -2.45688187, 0.0, 0.0, 44.36600913]",18,7.10E-05,local
29_20_2,slab,-37.08428318,20240.059,TRUE,"[4.26942702, 0.0, 0.0, 0.0, 10.49013274, -2.45688187, 0.0, 0.0, 51.76034399]",24,0.000748288,local
29_20,slab,-17.46713929,2606.689,TRUE,"[4.26942702, 0.0, 0.0, 0.0, 10.49013274, -2.45688187, 0.0, 0.0, 36.97167428]",12,1.68E-05,local
29_21_1,slab,-26.9572694,6126.127,TRUE,"[4.26942702, 0.0, 0.0, 0.0, 10.49013274, -2.45688187, 0.0, 0.0, 44.36600913]",18,0.038471083,local
29_21_2,slab,-36.76950672,12053.649,TRUE,"[4.26942702, 0.0, 0.0, 0.0, 10.49013274, -2.45688187, 0.0, 0.0, 51.76034399]",24,0.028255079,local
29_21,slab,-17.15908743,2476.054,TRUE,"[4.26942702, 0.0, 0.0, 0.0, 10.49013274, -2.45688187, 0.0, 0.0, 36.97167428]",12,0.062258083,local
29_22,slab,-34.58885258,20620.201,TRUE,"[4.26942702, 0.0, 0.0, 0.0, 20.98026549, 2.48057112, 0.0, 0.0, 36.97167428]",24,0.03135505,local
29_23,slab,-35.28980331,12323.033,TRUE,"[4.26942702, 0.0, 0.0, 0.0, 20.98026549, 2.48057112, 0.0, 0.0, 36.97167428]",24,1.37E-05,local
29_24_1,slab,-26.83034372,14301.297,TRUE,"[4.26942702, 0.0, 0.0, -0.0, 10.49013274, 4.93745299, 0.0, 0.0, 44.36600913]",18,0.001391394,local
29_24_2,slab,-36.64769323,32540.72,TRUE,"[4.26942702, 0.0, 0.0, -0.0, 10.49013274, 4.93745299, 0.0, 0.0, 51.76034399]",24,0.0013805,local
29_24,slab,-17.01891091,4358.639,TRUE,"[4.26942702, 0.0, 0.0, -0.0, 10.49013274, 4.93745299, 0.0, 0.0, 36.97167428]",12,0.005510017,local
29_25_1,slab,-27.28664215,5927.877,TRUE,"[4.26942702, 0.0, 0.0, -0.0, 10.49013274, 4.93745299, 0.0, 0.0, 44.36600913]",18,2.70E-05,local
29_25_2,slab,-37.09508046,9429.741,TRUE,"[4.26942702, 0.0, 0.0, -0.0, 10.49013274, 4.93745299, 0.0, 0.0, 51.76034399]",24,7.13E-05,local
29_25,slab,-17.47365058,1961.87,TRUE,"[4.26942702, 0.0, 0.0, -0.0, 10.49013274, 4.93745299, 0.0, 0.0, 36.97167428]",12,7.03E-06,local
29_26,slab,-51.59290695,16124.998,TRUE,"[8.53885403, 0.0, 7.39433486, 0.0, 10.49013274, 9.85121672, 0.0, 0.0, 51.76034399]",36,4.16E-06,local
29_27,slab,-51.60819569,20313.58,TRUE,"[8.53885403, 0.0, 7.39433486, 0.0, 10.49013274, 9.85121672, 0.0, 0.0, 51.76034399]",36,3.59E-05,local
29_28,slab,-35.01186537,12855.445,TRUE,"[4.26942702, 0.0, 0.0, -0.0, 14.3990214, 14.14638176, 0.0, 0.0, 43.09601439]",24,3.07E-06,local
29_29,slab,-35.01713252,21745.626,TRUE,"[4.26942702, 0.0, 0.0, -0.0, 14.3990214, 14.14638176, 0.0, 0.0, 43.09601439]",24,8.53E-06,local
29_2,slab,-49.85410855,28749.69,TRUE,"[7.39433486, 0.0, 4.26942702, 12.30809859, 20.98026549, 0.0, 0.0, 0.0, 34.15541613]",36,0.044127089,local
29_30,slab,-35.80069845,24718.902,TRUE,"[4.26942702, 0.0, 0.0, -0.0, 14.3990214, 7.40162544, 0.0, 0.0, 43.09601439]",24,0.001609025,local
29_31,slab,-35.85984483,11558.179,TRUE,"[4.26942702, 0.0, 0.0, -0.0, 14.3990214, 7.40162544, 0.0, 0.0, 43.09601439]",24,0.025836325,local
29_32_1,slab,-18.27364278,3151.928,TRUE,"[7.1995107, 0.0, -1.68618908, 0.0, 4.26942702, 0.0, 0.0, 0.0, 43.09601439]",12,0.000100375,local
29_32_2,slab,-28.08663672,8554.678,TRUE,"[7.1995107, 0.0, -1.68618908, 0.0, 4.26942702, 0.0, 0.0, 0.0, 53.87001799]",18,0.000135089,local
29_32,slab,-8.47037592,934.721,TRUE,"[7.1995107, 0.0, -1.68618908, 0.0, 4.26942702, 0.0, 0.0, 0.0, 32.32201079]",6,0.0052877,local
29_33_1,slab,-18.27877733,2029.096,TRUE,"[7.1995107, 0.0, -1.68618908, 0.0, 4.26942702, 0.0, 0.0, 0.0, 43.09601439]",12,3.37E-05,local
29_33_2,slab,-28.09227617,10096.442,TRUE,"[7.1995107, 0.0, -1.68618908, 0.0, 4.26942702, 0.0, 0.0, 0.0, 53.87001799]",18,0.0004711,local
29_33,slab,-8.47812638,763.523,TRUE,"[7.1995107, 0.0, -1.68618908, 0.0, 4.26942702, 0.0, 0.0, 0.0, 32.32201079]",6,0.000172733,local
29_3,slab,-50.53685155,27896.481,TRUE,"[7.39433486, 0.0, 4.26942702, 12.30809859, 20.98026549, 0.0, 0.0, 0.0, 34.15541613]",36,0.019911803,local
29_4_1,slab,-34.56308027,12638.19,TRUE,"[10.7740036, 0.0, 0.0, 1.68618908, 7.1995107, 4.26942702, 0.0, 0.0, 38.42484315]",24,0.034058696,local
29_4_2,slab,-44.36136694,15138.78,TRUE,"[10.7740036, 0.0, 0.0, 1.68618908, 7.1995107, 4.26942702, 0.0, 0.0, 42.69427017]",30,0.0285792,local
29_4,slab,-24.77498499,5215.192,TRUE,"[10.7740036, 0.0, 0.0, 1.68618908, 7.1995107, 4.26942702, 0.0, 0.0, 34.15541613]",18,0.041490861,local
29_5_1,slab,-35.2667634,10072.863,TRUE,"[10.7740036, 0.0, 0.0, 1.68618908, 7.1995107, 4.26942702, 0.0, 0.0, 38.42484315]",24,9.78E-06,local
29_5_2,slab,-45.05400637,11661.592,TRUE,"[10.7740036, 0.0, 0.0, 1.68618908, 7.1995107, 4.26942702, 0.0, 0.0, 42.69427017]",30,1.23E-05,local
29_5,slab,-25.44727383,5437.019,TRUE,"[10.7740036, 0.0, 0.0, 1.68618908, 7.1995107, 4.26942702, 0.0, 0.0, 34.15541613]",18,4.27E-06,local
29_6,slab,-51.59290574,20623.778,TRUE,"[8.53885403, 0.0, -7.39433486, -0.0, 10.49013274, -9.85121672, 0.0, 0.0, 51.76034399]",36,1.60E-05,local
29_7,slab,-51.60820099,24976.953,TRUE,"[8.53885403, 0.0, -7.39433486, -0.0, 10.49013274, -9.85121672, 0.0, 0.0, 51.76034399]",36,3.11E-05,local
29_8,slab,-65.64205834,35530.086,TRUE,"[8.53885403, 0.0, -7.39433486, -0.0, 20.98026549, -12.30809859, 0.0, 0.0, 36.97167428]",48,0.00020511,local
29_9,slab,-65.66034508,29307.264,TRUE,"[8.53885403, 0.0, -7.39433486, -0.0, 20.98026549, -12.30809859, 0.0, 0.0, 36.97167428]",48,4.68E-06,local
2_0_1,slab,-74.4630918,5955.958,TRUE,"[4.1675754, 0.0, 4.1675754, 4.1675754, 4.1675754, -0.0, 0.0, 0.0, 54.17848026]",24,1.67E-08,local
2_0_2,slab,-87.49142715,10797.342,TRUE,"[4.1675754, 0.0, 4.1675754, 4.1675754, 4.1675754, -0.0, 0.0, 0.0, 58.34605566]",28,1.43E-08,local
2_0,slab,-61.68125278,3698.84,TRUE,"[4.1675754, 0.0, 4.1675754, 4.1675754, 4.1675754, -0.0, 0.0, 0.0, 50.01090485]",20,0,local
2_1,slab,-97.83063489,33836.595,TRUE,"[4.1675754, 0.0, 4.1675754, 4.1675754, 8.33515081, 0.0, 0.0, 0.0, 41.67575404]",32,0,local
2_2_1,slab,-61.67409751,9063.383,TRUE,"[4.1675754, 0.0, 0.0, 0.0, 4.1675754, -4.1675754, 0.0, 0.0, 45.84332945]",20,0,local
2_2_2,slab,-74.5141566,14312.938,TRUE,"[4.1675754, 0.0, 0.0, 0.0, 4.1675754, -4.1675754, 0.0, 0.0, 50.01090485]",24,1.25E-08,local
2_2,slab,-48.74832033,3684.656,TRUE,"[4.1675754, 0.0, 0.0, 0.0, 4.1675754, -4.1675754, 0.0, 0.0, 41.67575404]",16,0,local
2_3,slab,-145.9841921,33721.661,TRUE,"[8.33515081, 0.0, -4.1675754, -0.0, 8.33515081, -4.1675754, 0.0, 0.0, 33.34060324]",48,0,local
2_4,slab,-72.94061093,18086.954,TRUE,"[4.1675754, 0.0, 0.0, 0.0, 8.33515081, -4.1675754, 0.0, 0.0, 33.34060324]",24,0,local
2_5_1,slab,-49.60396438,777.439,TRUE,"[4.1675754, 0.0, 0.0, 0.0, 4.1675754, 0.0, 0.0, 0.0, 33.34060324]",16,2.19E-07,local
2_5_2,slab,-62.48776371,3859.932,TRUE,"[4.1675754, 0.0, 0.0, 0.0, 4.1675754, 0.0, 0.0, 0.0, 37.50817864]",20,0,local
2_5,slab,-36.74412728,330.2,TRUE,"[4.1675754, 0.0, 0.0, 0.0, 4.1675754, 0.0, 0.0, 0.0, 29.17302783]",12,8.33E-09,local
30_0_1,slab,-191.835078,11009.795,TRUE,"[2.38598736, 0.0, -4.13265133, 0.0, 4.33689184, -2.75510088, 0.0, 0.0, 57.85711856]",18,0,local
30_0_2,slab,-214.3477368,9755.099,TRUE,"[2.38598736, 0.0, -4.13265133, 0.0, 4.33689184, -2.75510088, 0.0, 0.0, 60.61221945]",20,9.00E-08,local
30_0,slab,-169.322961,6301.945,TRUE,"[2.38598736, 0.0, -4.13265133, 0.0, 4.33689184, -2.75510088, 0.0, 0.0, 55.10201768]",16,1.88E-08,local
30_10_1,slab,-128.0225851,4816.231,TRUE,"[2.38598736, 0.0, -1.37755044, 0.0, 4.33689184, -2.75510088, 0.0, 0.0, 38.57141238]",12,4.33E-07,local
30_10_2,slab,-150.5307351,6222.656,TRUE,"[2.38598736, 0.0, -1.37755044, -0.0, 4.33689184, -2.75510088, 0.0, 0.0, 41.32651326]",14,9.86E-07,local
30_10,slab,-105.4895449,2741.672,TRUE,"[2.38598736, 0.0, -1.37755044, 0.0, 4.33689184, -2.75510088, 0.0, 0.0, 35.81631149]",10,1.91E-06,local
30_11_1,slab,-257.6548223,10983.591,TRUE,"[2.38598736, 0.0, -1.37755044, -0.0, 8.67378369, -2.75510088, 0.0, 0.0, 35.81631149]",24,6.25E-08,local
30_11_2,slab,-302.6992131,12239.108,TRUE,"[2.38598736, 0.0, -1.37755044, -0.0, 8.67378369, -2.75510088, 0.0, 0.0, 38.57141238]",28,9.64E-08,local
30_11,slab,-212.6816043,6217.914,TRUE,"[2.38598736, 0.0, -1.37755044, -0.0, 8.67378369, -2.75510088, 0.0, 0.0, 33.06121061]",20,1.00E-08,local
30_12_1,slab,-258.9930752,17769.994,TRUE,"[2.38598736, 0.0, -1.37755044, -0.0, 8.67378369, -2.75510088, 0.0, 0.0, 35.81631149]",24,8.33E-09,local
30_12_2,slab,-304.0195942,20999.455,TRUE,"[2.38598736, 0.0, -1.37755044, -0.0, 8.67378369, -2.75510088, 0.0, 0.0, 38.57141238]",28,0,local
30_12,slab,-213.99788,6684.368,TRUE,"[2.38598736, 0.0, -1.37755044, -0.0, 8.67378369, -2.75510088, 0.0, 0.0, 33.06121061]",20,0,local
30_13_1,slab,-129.8803473,1889.085,TRUE,"[2.38598736, 0.0, -1.37755044, 0.0, 4.33689184, 0.0, 0.0, 0.0, 35.81631149]",12,7.44E-05,local
30_13_2,slab,-152.4294851,2738.013,TRUE,"[2.38598736, 0.0, -1.37755044, 0.0, 4.33689184, 0.0, 0.0, 0.0, 38.57141238]",14,3.50E-06,local
30_13,slab,-107.4345189,1627.764,TRUE,"[2.38598736, 0.0, -1.37755044, 0.0, 4.33689184, 0.0, 0.0, 0.0, 33.06121061]",10,1.65E-06,local
30_14_1,slab,-128.4319572,2645.126,TRUE,"[2.38598736, 0.0, -1.37755044, 0.0, 4.33689184, 0.0, 0.0, 0.0, 35.81631149]",12,1.92E-07,local
30_14_2,slab,-150.9681394,3142.932,TRUE,"[2.38598736, 0.0, -1.37755044, 0.0, 4.33689184, 0.0, 0.0, 0.0, 38.57141238]",14,1.36E-07,local
30_14,slab,-105.962571,1662.937,TRUE,"[2.38598736, 0.0, -1.37755044, 0.0, 4.33689184, 0.0, 0.0, 0.0, 33.06121061]",10,1.40E-07,local
30_15_1,slab,-258.4692508,5324.612,TRUE,"[4.77197471, 0.0, 0.0, -0.0, 4.33689184, 2.75510088, 0.0, 0.0, 35.81631149]",24,2.50E-08,local
30_15_2,slab,-303.476026,8322.263,TRUE,"[4.77197471, 0.0, 0.0, -0.0, 4.33689184, 2.75510088, 0.0, 0.0, 38.57141238]",28,6.43E-08,local
30_15,slab,-213.4348772,4564.647,TRUE,"[4.77197471, 0.0, 0.0, -0.0, 4.33689184, 2.75510088, 0.0, 0.0, 33.06121061]",20,1.50E-08,local
30_16_1,slab,-217.0494701,10164.018,TRUE,"[2.75510088, 0.0, 0.0, 2.75510088, 4.77197471, 4.33689184, 0.0, 0.0, 43.36891844]",20,5.00E-09,local
30_16_2,slab,-262.0509967,12369.617,TRUE,"[2.75510088, 0.0, 0.0, 2.75510088, 4.77197471, 4.33689184, 0.0, 0.0, 47.70581028]",24,4.21E-07,local
30_16,slab,-172.0304137,6071.903,TRUE,"[2.75510088, 0.0, 0.0, 2.75510088, 4.77197471, 4.33689184, 0.0, 0.0, 39.03202659]",16,1.25E-08,local
30_17_1,slab,-216.6241459,7801.639,TRUE,"[2.75510088, 0.0, 0.0, 2.75510088, 4.77197471, 4.33689184, 0.0, 0.0, 43.36891844]",20,1.40E-07,local
30_17_2,slab,-261.6201329,18194.508,TRUE,"[2.75510088, 0.0, 0.0, 2.75510088, 4.77197471, 4.33689184, 0.0, 0.0, 47.70581028]",24,2.92E-08,local
30_17,slab,-171.6012628,5251.978,TRUE,"[2.75510088, 0.0, 0.0, 2.75510088, 4.77197471, 4.33689184, 0.0, 0.0, 39.03202659]",16,9.38E-08,local
30_18_1,slab,-87.56763449,571.05,TRUE,"[2.75510088, 0.0, 0.0, -1.37755044, 2.38598736, 0.0, 0.0, 0.0, 34.69513475]",8,1.13E-06,local
30_18_2,slab,-110.0845019,1076.921,TRUE,"[2.75510088, 0.0, 0.0, -1.37755044, 2.38598736, 0.0, 0.0, 0.0, 39.03202659]",10,1.90E-07,local
30_18,slab,,,FALSE,,,,local
30_1_1,slab,-383.8997812,38425.44,TRUE,"[2.38598736, 0.0, -4.13265133, -0.0, 8.67378369, -2.75510088, 0.0, 0.0, 57.85711856]",36,5.28E-08,local
30_1_2,slab,-428.8760089,46759.911,TRUE,"[2.38598736, 0.0, -4.13265133, -0.0, 8.67378369, -2.75510088, 0.0, 0.0, 60.61221945]",40,1.50E-08,local
30_1,slab,-338.81773,19424.294,TRUE,"[2.38598736, 0.0, -4.13265133, -0.0, 8.67378369, -2.75510088, 0.0, 0.0, 55.10201768]",32,9.38E-09,local
30_2_1,slab,-191.9298725,5824.943,TRUE,"[4.33689184, 0.0, 0.0, 0.0, 2.38598736, -4.13265133, 0.0, 0.0, 55.10201768]",18,5.94E-07,local
30_2_2,slab,-214.4413357,4669.995,TRUE,"[4.33689184, 0.0, 0.0, 0.0, 2.38598736, -4.13265133, 0.0, 0.0, 57.85711856]",20,1.69E-05,local
30_2,slab,-169.3765629,4117.585,TRUE,"[4.33689184, 0.0, 0.0, 0.0, 2.38598736, -4.13265133, 0.0, 0.0, 52.3469168]",16,1.88E-06,local
30_3_1,slab,-343.6251246,20525.166,TRUE,"[4.77197471, 0.0, -5.51020177, -0.0, 4.33689184, -2.75510088, 0.0, 0.0, 49.59181591]",32,7.50E-08,local
30_3_2,slab,-388.6452985,30459.422,TRUE,"[4.77197471, 0.0, -5.51020177, -0.0, 4.33689184, -2.75510088, 0.0, 0.0, 52.3469168]",36,1.58E-07,local
30_3,slab,-298.6153902,16328.683,TRUE,"[4.77197471, 0.0, -5.51020177, 0.0, 4.33689184, -2.75510088, 0.0, 0.0, 46.83671503]",28,2.14E-08,local
30_4_1,slab,-343.5713977,23067.512,TRUE,"[4.77197471, 0.0, -5.51020177, -0.0, 4.33689184, -2.75510088, 0.0, 0.0, 49.59181591]",32,7.19E-08,local
30_4_2,slab,-388.6398243,26774.482,TRUE,"[4.77197471, 0.0, -5.51020177, -0.0, 4.33689184, -2.75510088, 0.0, 0.0, 52.3469168]",36,6.94E-08,local
30_4,slab,-298.5718356,14463.84,TRUE,"[4.77197471, 0.0, -5.51020177, 0.0, 4.33689184, -2.75510088, 0.0, 0.0, 46.83671503]",28,3.57E-09,local
30_5,slab,-508.3776425,37090.438,TRUE,"[4.77197471, 0.0, -5.51020177, -0.0, 8.67378369, -2.75510088, 0.0, 0.0, 41.32651326]",48,1.46E-08,local
30_6,slab,-508.6422691,35953.755,TRUE,"[4.77197471, 0.0, -5.51020177, -0.0, 8.67378369, -2.75510088, 0.0, 0.0, 41.32651326]",48,2.29E-08,local
30_7_1,slab,-299.4231069,17967.73,TRUE,"[4.33689184, 0.0, 0.0, 0.0, 4.77197471, -5.51020177, 0.0, 0.0, 44.08161414]",28,0.045211446,local
30_7_2,slab,-344.3888235,19933.687,TRUE,"[4.33689184, 0.0, 0.0, 0.0, 4.77197471, -5.51020177, 0.0, 0.0, 46.83671503]",32,0.039974988,local
30_7,slab,-254.3477755,14272.722,TRUE,"[4.33689184, 0.0, 0.0, 0.0, 4.77197471, -5.51020177, 0.0, 0.0, 41.32651326]",24,0.056754321,local
30_8_1,slab,-299.0294268,16282.736,TRUE,"[4.33689184, 0.0, 0.0, 0.0, 4.77197471, -5.51020177, 0.0, 0.0, 44.08161414]",28,3.57E-09,local
30_8_2,slab,-344.0405317,15160.472,TRUE,"[4.33689184, 0.0, 0.0, 0.0, 4.77197471, -5.51020177, 0.0, 0.0, 46.83671503]",32,1.56E-08,local
30_8,slab,-254.0060408,12618.117,TRUE,"[4.33689184, 0.0, 0.0, 0.0, 4.77197471, -5.51020177, 0.0, 0.0, 41.32651326]",24,2.92E-08,local
30_9_1,slab,-129.1333283,3372.89,TRUE,"[2.38598736, 0.0, -1.37755044, 0.0, 4.33689184, -2.75510088, 0.0, 0.0, 38.57141238]",12,0,local
30_9_2,slab,-151.6523724,3908.544,TRUE,"[2.38598736, 0.0, -1.37755044, -0.0, 4.33689184, -2.75510088, 0.0, 0.0, 41.32651326]",14,7.14E-09,local
30_9,slab,-106.6540929,2359.806,TRUE,"[2.38598736, 0.0, -1.37755044, 0.0, 4.33689184, -2.75510088, 0.0, 0.0, 35.81631149]",10,0,local
31_0_1,slab,-205.031367,4508.984,TRUE,"[3.87113476, 0.0, -3.87113476, -0.0, 3.87113476, -3.87113476, 0.0, 0.0, 50.32475188]",24,4.46E-07,local
31_0_2,slab,-240.5418148,8487.499,TRUE,"[3.87113476, 0.0, -3.87113476, -0.0, 3.87113476, -3.87113476, 0.0, 0.0, 54.19588664]",28,4.57E-07,local
31_0,slab,-169.6391675,1853.125,TRUE,"[3.87113476, 0.0, -3.87113476, -0.0, 3.87113476, -3.87113476, 0.0, 0.0, 46.45361712]",20,6.00E-08,local
31_1,slab,-268.5952956,15030.245,TRUE,"[3.87113476, 0.0, -3.87113476, 0.0, 7.74226952, -3.87113476, 0.0, 0.0, 38.7113476]",32,3.13E-09,local
31_2_1,slab,-169.381946,6670.507,TRUE,"[3.87113476, 0.0, 0.0, 0.0, 3.87113476, -3.87113476, 0.0, 0.0, 42.58248236]",20,5.00E-09,local
31_2_2,slab,-204.7309016,5180.93,TRUE,"[3.87113476, 0.0, 0.0, 0.0, 3.87113476, -3.87113476, 0.0, 0.0, 46.45361712]",24,2.96E-07,local
31_2,slab,-134.0315065,3093.65,TRUE,"[3.87113476, 0.0, 0.0, 0.0, 3.87113476, -3.87113476, 0.0, 0.0, 38.7113476]",16,5.00E-08,local
31_3,slab,-541.2637442,27635.901,TRUE,"[7.74226952, 0.0, -3.87113476, -0.0, 7.74226952, -3.87113476, 0.0, 0.0, 34.84021284]",64,0,local
31_4,slab,-199.6243937,8649.522,TRUE,"[3.87113476, 0.0, 0.0, 0.0, 7.74226952, -3.87113476, 0.0, 0.0, 30.96907808]",24,8.33E-09,local
31_5_1,slab,-136.1964722,1681.182,TRUE,"[3.87113476, 0.0, 0.0, 0.0, 3.87113476, 0.0, 0.0, 0.0, 30.96907808]",16,2.19E-07,local
31_5_2,slab,-171.6227145,3672.239,TRUE,"[3.87113476, 0.0, 0.0, 0.0, 3.87113476, 0.0, 0.0, 0.0, 34.84021284]",20,2.00E-08,local
31_5,slab,-100.886109,625.337,TRUE,"[3.87113476, 0.0, 0.0, 0.0, 3.87113476, 0.0, 0.0, 0.0, 27.09794332]",12,8.33E-09,local
32_0_1,slab,-27.54609051,929.323,TRUE,"[6.38136464, 0.0, 0.0, 3.19068232, 3.19068232, 4.51230621, 0.0, 0.0, 49.63536833]",20,4.00E-08,local
32_0_2,slab,-33.48430726,1160.671,TRUE,"[6.38136464, 0.0, 0.0, 3.19068232, 3.19068232, 4.51230621, 0.0, 0.0, 54.14767454]",24,4.17E-09,local
32_0,slab,-21.6696656,328.128,TRUE,"[6.38136464, 0.0, 0.0, 3.19068232, 3.19068232, 4.51230621, 0.0, 0.0, 45.12306212]",16,3.75E-08,local
32_1,slab,-43.0189498,1651.84,TRUE,"[4.51230621, 0.0, -4.51230621, 0.0, 9.02461242, -4.51230621, 0.0, 0.0, 40.61075591]",32,0,local
32_2_1,slab,-27.37162114,517.208,TRUE,"[4.51230621, 0.0, 0.0, 0.0, 4.51230621, -4.51230621, 0.0, 0.0, 45.12306212]",20,1.00E-06,local
32_2_2,slab,-33.37724661,812.821,TRUE,"[4.51230621, 0.0, 0.0, 0.0, 4.51230621, -4.51230621, 0.0, 0.0, 49.63536833]",24,1.46E-07,local
32_2,slab,-21.36951865,743.87,TRUE,"[4.51230621, 0.0, 0.0, 0.0, 4.51230621, -4.51230621, 0.0, 0.0, 40.61075591]",16,4.25E-07,local
32_3,slab,-63.2096837,3701.051,TRUE,"[9.02461242, 0.0, -4.51230621, -0.0, 9.02461242, -4.51230621, 0.0, 0.0, 36.0984497]",48,0,local
32_4,slab,-31.56764322,2562.136,TRUE,"[4.51230621, 0.0, 0.0, 0.0, 9.02461242, -4.51230621, 0.0, 0.0, 31.58614348]",24,2.08E-08,local
32_5_1,slab,-22.10846272,248.433,TRUE,"[4.51230621, 0.0, 0.0, 0.0, 4.51230621, 0.0, 0.0, 0.0, 36.0984497]",16,7.94E-07,local
32_5_2,slab,-28.04807267,456.077,TRUE,"[4.51230621, 0.0, 0.0, 0.0, 4.51230621, 0.0, 0.0, 0.0, 40.61075591]",20,6.95E-07,local
32_5,slab,-16.1384693,108.938,TRUE,"[4.51230621, 0.0, 0.0, 0.0, 4.51230621, 0.0, 0.0, 0.0, 31.58614348]",12,0.000165942,local
33_0_1,slab,-129.794532,12100.01,TRUE,"[2.80001333, 0.0, -4.84976535, -0.0, 5.16595638, -3.2331769, 0.0, 0.0, 58.19718418]",16,1.39E-06,local
33_0_2,slab,-146.8693982,17021.486,TRUE,"[2.80001333, 0.0, -4.84976535, -0.0, 5.16595638, -3.2331769, 0.0, 0.0, 61.43036108]",18,1.31E-06,local
33_0,slab,-112.7304778,12367.497,TRUE,"[2.80001333, 0.0, -4.84976535, -0.0, 5.16595638, -3.2331769, 0.0, 0.0, 54.96400728]",14,2.31E-06,local
33_10_1,slab,-97.36354038,12120.584,TRUE,"[2.80001333, 0.0, -1.61658845, -0.0, 5.16595638, -3.2331769, 0.0, 0.0, 42.03129969]",12,8.33E-09,local
33_10_2,slab,-114.416507,27497.979,TRUE,"[2.80001333, 0.0, -1.61658845, -0.0, 5.16595638, -3.2331769, 0.0, 0.0, 45.26447659]",14,2.86E-08,local
33_10,slab,-80.3220228,10640.605,TRUE,"[2.80001333, 0.0, -1.61658845, -0.0, 5.16595638, -3.2331769, 0.0, 0.0, 38.79812279]",10,0,local
33_11_1,slab,-162.7329531,23484.998,TRUE,"[2.80001333, 0.0, -1.61658845, 0.0, 10.33191276, -3.2331769, 0.0, 0.0, 35.56494589]",20,5.94E-05,local
33_11_2,slab,-196.8281235,25626.508,TRUE,"[2.80001333, 0.0, -1.61658845, 0.0, 10.33191276, -3.2331769, 0.0, 0.0, 38.79812279]",24,1.33E-05,local
33_11,slab,-128.6619143,10854.446,TRUE,"[2.80001333, 0.0, -1.61658845, 0.0, 10.33191276, -3.2331769, 0.0, 0.0, 32.33176899]",16,5.69E-06,local
33_12_1,slab,-163.3251704,22060.931,TRUE,"[2.80001333, 0.0, -1.61658845, 0.0, 10.33191276, -3.2331769, 0.0, 0.0, 35.56494589]",20,4.28E-05,local
33_12_2,slab,-197.4150853,23643.059,TRUE,"[2.80001333, 0.0, -1.61658845, 0.0, 10.33191276, -3.2331769, 0.0, 0.0, 38.79812279]",24,5.03E-05,local
33_12,slab,-129.2306309,10509.734,TRUE,"[2.80001333, 0.0, -1.61658845, 0.0, 10.33191276, -3.2331769, 0.0, 0.0, 32.33176899]",16,0.000885725,local
33_13_1,slab,-81.74682874,2394.333,TRUE,"[2.80001333, 0.0, -1.61658845, 0.0, 5.16595638, 0.0, 0.0, 0.0, 35.56494589]",10,2.76E-05,local
33_13_2,slab,-98.79367047,3203.842,TRUE,"[2.80001333, 0.0, -1.61658845, 0.0, 5.16595638, 0.0, 0.0, 0.0, 38.79812279]",12,1.44E-05,local
33_13,slab,-64.68937155,1620.115,TRUE,"[2.80001333, 0.0, -1.61658845, 0.0, 5.16595638, 0.0, 0.0, 0.0, 32.33176899]",8,0.00013875,local
33_14_1,slab,-81.18959198,3030.698,TRUE,"[2.80001333, 0.0, -1.61658845, 0.0, 5.16595638, 0.0, 0.0, 0.0, 35.56494589]",10,8.98E-05,local
33_14_2,slab,-98.23604986,4145.07,TRUE,"[2.80001333, 0.0, -1.61658845, 0.0, 5.16595638, 0.0, 0.0, 0.0, 38.79812279]",12,0.000124925,local
33_14,slab,-64.15543318,3575.157,TRUE,"[2.80001333, 0.0, -1.61658845, 0.0, 5.16595638, 0.0, 0.0, 0.0, 32.33176899]",8,1.02E-05,local
33_15_1,slab,-163.0707355,11262.273,TRUE,"[5.60002666, 0.0, -0.0, 0.0, 5.16595638, 3.2331769, 0.0, 0.0, 35.56494589]",20,3.11E-06,local
33_15_2,slab,-197.1758962,16412.753,TRUE,"[5.60002666, 0.0, -0.0, 0.0, 5.16595638, 3.2331769, 0.0, 0.0, 38.79812279]",24,1.26E-06,local
33_15,slab,-128.9708506,8182.761,TRUE,"[5.60002666, 0.0, -0.0, 0.0, 5.16595638, 3.2331769, 0.0, 0.0, 32.33176899]",16,1.31E-07,local
33_16_1,slab,-130.891634,7309.916,TRUE,"[3.2331769, 0.0, 0.0, 3.2331769, 5.60002666, 5.16595638, 0.0, 0.0, 41.32765103]",16,0.000133288,local
33_16_2,slab,-164.9874874,15054.392,TRUE,"[3.2331769, 0.0, 0.0, 3.2331769, 5.60002666, 5.16595638, 0.0, 0.0, 46.49360741]",20,4.70E-05,local
33_16,slab,-96.81098725,5157.033,TRUE,"[3.2331769, 0.0, 0.0, 3.2331769, 5.60002666, 5.16595638, 0.0, 0.0, 36.16169465]",12,1.09E-05,local
33_17_1,slab,-131.1467475,7676.544,TRUE,"[3.2331769, 0.0, 0.0, 3.2331769, 5.60002666, 5.16595638, 0.0, 0.0, 41.32765103]",16,2.63E-06,local
33_17_2,slab,-165.2381346,16309.123,TRUE,"[3.2331769, 0.0, 0.0, 3.2331769, 5.60002666, 5.16595638, 0.0, 0.0, 46.49360741]",20,9.85E-06,local
33_17,slab,-97.06164215,5476.853,TRUE,"[3.2331769, 0.0, 0.0, 3.2331769, 5.60002666, 5.16595638, 0.0, 0.0, 36.16169465]",12,1.45E-06,local
33_18_1,slab,-49.33460723,919.218,TRUE,"[3.2331769, 0.0, 0.0, -1.61658845, 2.80001333, 0.0, 0.0, 0.0, 30.99573827]",6,4.47E-06,local
33_18_2,slab,-66.3838055,919.589,TRUE,"[3.2331769, 0.0, 0.0, -1.61658845, 2.80001333, 0.0, 0.0, 0.0, 36.16169465]",8,6.14E-06,local
33_18,slab,-32.27145616,167.832,TRUE,"[3.2331769, 0.0, 0.0, -1.61658845, 2.80001333, 0.0, 0.0, 0.0, 25.82978189]",4,0.000512725,local
33_1_1,slab,-260.2209625,39641.676,TRUE,"[2.80001333, 0.0, -4.84976535, -0.0, 10.33191276, -3.2331769, 0.0, 0.0, 58.19718418]",32,7.44E-05,local
33_1_2,slab,-294.3367795,36707,TRUE,"[2.80001333, 0.0, -4.84976535, -0.0, 10.33191276, -3.2331769, 0.0, 0.0, 61.43036108]",36,0.000122133,local
33_1,slab,-226.1247365,30109.107,TRUE,"[2.80001333, 0.0, -4.84976535, -0.0, 10.33191276, -3.2331769, 0.0, 0.0, 54.96400728]",28,0.000231593,local
33_2_1,slab,-130.3746678,5514.305,TRUE,"[5.16595638, 0.0, 0.0, 0.0, 2.80001333, -4.84976535, 0.0, 0.0, 58.19718418]",16,1.19E-07,local
33_2_2,slab,-147.3869303,11883.917,TRUE,"[5.16595638, 0.0, 0.0, 0.0, 2.80001333, -4.84976535, 0.0, 0.0, 61.43036108]",18,1.44E-07,local
33_2,slab,-113.2819913,8379.788,TRUE,"[5.16595638, 0.0, 0.0, 0.0, 2.80001333, -4.84976535, 0.0, 0.0, 54.96400728]",14,1.43E-08,local
33_3_1,slab,-228.3654726,44182.661,TRUE,"[5.60002666, 0.0, -6.4663538, 0.0, 5.16595638, -3.2331769, 0.0, 0.0, 48.49765349]",28,2.33E-06,local
33_3_2,slab,-262.4471595,49371.759,TRUE,"[5.60002666, 0.0, -6.4663538, 0.0, 5.16595638, -3.2331769, 0.0, 0.0, 51.73083038]",32,6.98E-06,local
33_3,slab,-194.2361028,28286.587,TRUE,"[5.60002666, 0.0, -6.4663538, 0.0, 5.16595638, -3.2331769, 0.0, 0.0, 45.26447659]",24,7.91E-06,local
33_4_1,slab,-228.3724553,29250.029,TRUE,"[5.60002666, 0.0, -6.4663538, 0.0, 5.16595638, -3.2331769, 0.0, 0.0, 48.49765349]",28,3.36E-07,local
33_4_2,slab,-262.45874,40193.397,TRUE,"[5.60002666, 0.0, -6.4663538, 0.0, 5.16595638, -3.2331769, 0.0, 0.0, 51.73083038]",32,3.38E-07,local
33_4,slab,-194.2598416,27017.709,TRUE,"[5.60002666, 0.0, -6.4663538, 0.0, 5.16595638, -3.2331769, 0.0, 0.0, 45.26447659]",24,2.08E-08,local
33_5,slab,-321.8109987,45474.343,TRUE,"[5.60002666, 0.0, -6.4663538, -0.0, 10.33191276, -3.2331769, 0.0, 0.0, 42.03129969]",40,3.41E-06,local
33_6,slab,-320.7665421,54892.405,TRUE,"[5.60002666, 0.0, -6.4663538, -0.0, 10.33191276, -3.2331769, 0.0, 0.0, 42.03129969]",40,1.10E-06,local
33_7_1,slab,-195.1680183,12369.431,TRUE,"[5.16595638, 0.0, 0.0, 0.0, 5.60002666, -6.4663538, 0.0, 0.0, 45.26447659]",24,1.29E-07,local
33_7_2,slab,-229.2612779,16501.205,TRUE,"[5.16595638, 0.0, 0.0, 0.0, 5.60002666, -6.4663538, 0.0, 0.0, 48.49765349]",28,1.18E-07,local
33_7,slab,-161.0533943,8131.298,TRUE,"[5.16595638, 0.0, 0.0, 0.0, 5.60002666, -6.4663538, 0.0, 0.0, 42.03129969]",20,5.00E-08,local
33_8_1,slab,-194.59875,29579.627,TRUE,"[5.16595638, 0.0, 0.0, 0.0, 5.60002666, -6.4663538, 0.0, 0.0, 45.26447659]",24,0.067556213,local
33_8_2,slab,-228.684891,51123.801,TRUE,"[5.16595638, 0.0, 0.0, 0.0, 5.60002666, -6.4663538, 0.0, 0.0, 48.49765349]",28,0.067659389,local
33_8,slab,-160.5043075,14032.897,TRUE,"[5.16595638, 0.0, 0.0, 0.0, 5.60002666, -6.4663538, 0.0, 0.0, 42.03129969]",20,0.08445517,local
33_9_1,slab,-98.50687726,8219.757,TRUE,"[2.80001333, 0.0, -1.61658845, -0.0, 5.16595638, -3.2331769, 0.0, 0.0, 42.03129969]",12,0.003668475,local
33_9_2,slab,-115.5433447,11529.091,TRUE,"[2.80001333, 0.0, -1.61658845, -0.0, 5.16595638, -3.2331769, 0.0, 0.0, 45.26447659]",14,0.052839493,local
33_9,slab,-81.45247318,6943.899,TRUE,"[2.80001333, 0.0, -1.61658845, -0.0, 5.16595638, -3.2331769, 0.0, 0.0, 38.79812279]",10,0.06001555,local
34_0_1,slab,-78.2777158,5404.398,TRUE,"[1.95666614, 0.0, -3.38904517, -0.0, 3.5749731, -2.25936345, 0.0, 0.0, 56.48408617]",22,0,local
34_0_2,slab,-85.80781396,4642.884,TRUE,"[1.95666614, 0.0, -3.38904517, -0.0, 3.5749731, -2.25936345, 0.0, 0.0, 58.74344962]",24,0,local
34_0,slab,-70.76404481,5958.099,TRUE,"[1.95666614, 0.0, -3.38904517, -0.0, 3.5749731, -2.25936345, 0.0, 0.0, 54.22472272]",20,0,local
34_10_1,slab,-50.48863007,1058.969,TRUE,"[1.95666614, 0.0, -1.12968172, 0.0, 3.5749731, -2.25936345, 0.0, 0.0, 36.14981515]",14,0,local
34_10_2,slab,-58.01476146,1405.089,TRUE,"[1.95666614, 0.0, -1.12968172, 0.0, 3.5749731, -2.25936345, 0.0, 0.0, 38.4091786]",16,2.50E-08,local
34_10,slab,-42.95246134,804.404,TRUE,"[1.95666614, 0.0, -1.12968172, 0.0, 3.5749731, -2.25936345, 0.0, 0.0, 33.8904517]",12,0,local
34_11_1,slab,-101.3966644,3179.728,TRUE,"[1.95666614, 0.0, -1.12968172, -0.0, 7.1499462, -2.25936345, 0.0, 0.0, 33.8904517]",28,0,local
34_11_2,slab,-116.4336987,3910.593,TRUE,"[1.95666614, 0.0, -1.12968172, -0.0, 7.1499462, -2.25936345, 0.0, 0.0, 36.14981515]",32,3.13E-09,local
34_11,slab,-86.34277257,3052.383,TRUE,"[1.95666614, 0.0, -1.12968172, -0.0, 7.1499462, -2.25936345, 0.0, 0.0, 31.63108826]",24,0,local
34_12_1,slab,-99.88115883,3169.902,TRUE,"[1.95666614, 0.0, -1.12968172, -0.0, 7.1499462, -2.25936345, 0.0, 0.0, 33.8904517]",28,6.68E-07,local
34_12_2,slab,-114.9440166,6187.827,TRUE,"[1.95666614, 0.0, -1.12968172, -0.0, 7.1499462, -2.25936345, 0.0, 0.0, 36.14981515]",32,0,local
34_12,slab,-84.83951772,2456.47,TRUE,"[1.95666614, 0.0, -1.12968172, -0.0, 7.1499462, -2.25936345, 0.0, 0.0, 31.63108826]",24,1.02E-06,local
34_13_1,slab,-50.76466016,671.214,TRUE,"[1.95666614, 0.0, -1.12968172, 0.0, 3.5749731, 0.0, 0.0, 0.0, 33.8904517]",14,0,local
34_13_2,slab,-58.27891649,972.288,TRUE,"[1.95666614, 0.0, -1.12968172, 0.0, 3.5749731, 0.0, 0.0, 0.0, 36.14981515]",16,1.50E-07,local
34_13,slab,-43.24569356,609.54,TRUE,"[1.95666614, 0.0, -1.12968172, 0.0, 3.5749731, 0.0, 0.0, 0.0, 31.63108826]",12,1.67E-08,local
34_14_1,slab,-49.29056921,636.276,TRUE,"[1.95666614, 0.0, -1.12968172, 0.0, 3.5749731, 0.0, 0.0, 0.0, 33.8904517]",14,1.31E-05,local
34_14_2,slab,-56.831851,726.502,TRUE,"[1.95666614, 0.0, -1.12968172, 0.0, 3.5749731, 0.0, 0.0, 0.0, 36.14981515]",16,1.00E-05,local
34_14,slab,-41.77413428,561.085,TRUE,"[1.95666614, 0.0, -1.12968172, 0.0, 3.5749731, 0.0, 0.0, 0.0, 31.63108826]",12,1.88E-06,local
34_15_1,slab,-100.2231286,3072.124,TRUE,"[3.91333228, 0.0, -0.0, -0.0, 3.5749731, 2.25936345, 0.0, 0.0, 33.8904517]",28,3.57E-09,local
34_15_2,slab,-115.2549723,3675.858,TRUE,"[3.91333228, 0.0, -0.0, -0.0, 3.5749731, 2.25936345, 0.0, 0.0, 36.14981515]",32,3.13E-09,local
34_15,slab,-85.13592118,2176.209,TRUE,"[3.91333228, 0.0, -0.0, -0.0, 3.5749731, 2.25936345, 0.0, 0.0, 31.63108826]",24,4.17E-09,local
34_16_1,slab,-71.91628292,2440.349,TRUE,"[2.25936345, 0.0, 0.0, 2.25936345, 3.91333228, 3.5749731, 0.0, 0.0, 39.32470411]",20,2.50E-08,local
34_16_2,slab,-86.98086218,2719.14,TRUE,"[2.25936345, 0.0, 0.0, 2.25936345, 3.91333228, 3.5749731, 0.0, 0.0, 42.89967721]",24,0,local
34_16,slab,-56.83409561,2337.958,TRUE,"[2.25936345, 0.0, 0.0, 2.25936345, 3.91333228, 3.5749731, 0.0, 0.0, 35.74973101]",16,0,local
34_17_1,slab,-71.70455755,2096.641,TRUE,"[2.25936345, 0.0, 0.0, 2.25936345, 3.91333228, 3.5749731, 0.0, 0.0, 39.32470411]",20,1.00E-08,local
34_17_2,slab,-86.77835241,2636.771,TRUE,"[2.25936345, 0.0, 0.0, 2.25936345, 3.91333228, 3.5749731, 0.0, 0.0, 42.89967721]",24,5.83E-08,local
34_17,slab,-56.64288897,931.856,TRUE,"[2.25936345, 0.0, 0.0, 2.25936345, 3.91333228, 3.5749731, 0.0, 0.0, 35.74973101]",16,1.25E-08,local
34_18_1,slab,-29.14115608,214.679,TRUE,"[2.25936345, 0.0, 0.0, -1.12968172, 1.95666614, 0.0, 0.0, 0.0, 32.17475791]",8,2.50E-08,local
34_18_2,slab,-36.66826558,471.903,TRUE,"[2.25936345, 0.0, 0.0, -1.12968172, 1.95666614, 0.0, 0.0, 0.0, 35.74973101]",10,0,local
34_18,slab,-21.59576259,128.851,TRUE,"[2.25936345, 0.0, 0.0, -1.12968172, 1.95666614, 0.0, 0.0, 0.0, 28.59978481]",6,0,local
34_1_1,slab,-142.2078309,16013.697,TRUE,"[1.95666614, 0.0, -3.38904517, -0.0, 7.1499462, -2.25936345, 0.0, 0.0, 54.22472272]",40,2.50E-09,local
34_1_2,slab,-157.2554782,15611.533,TRUE,"[1.95666614, 0.0, -3.38904517, -0.0, 7.1499462, -2.25936345, 0.0, 0.0, 56.48408617]",44,0,local
34_1,slab,-127.2266956,9951.327,TRUE,"[1.95666614, 0.0, -3.38904517, -0.0, 7.1499462, -2.25936345, 0.0, 0.0, 51.96535928]",36,0,local
34_2_1,slab,-71.56110614,1974.844,TRUE,"[3.5749731, 0.0, 0.0, 0.0, 1.95666614, -3.38904517, 0.0, 0.0, 54.22472272]",20,5.00E-09,local
34_2_2,slab,-79.04278997,1542.258,TRUE,"[3.5749731, 0.0, 0.0, 0.0, 1.95666614, -3.38904517, 0.0, 0.0, 56.48408617]",22,6.36E-08,local
34_2,slab,-64.02878532,1426.929,TRUE,"[3.5749731, 0.0, 0.0, 0.0, 1.95666614, -3.38904517, 0.0, 0.0, 51.96535928]",18,4.44E-08,local
34_3_1,slab,-128.850179,7871.746,TRUE,"[3.91333228, 0.0, -4.51872689, -0.0, 3.5749731, -2.25936345, 0.0, 0.0, 45.18726894]",36,0,local
34_3_2,slab,-143.8878354,9917.011,TRUE,"[3.91333228, 0.0, -4.51872689, -0.0, 3.5749731, -2.25936345, 0.0, 0.0, 47.44663238]",40,0,local
34_3,slab,-113.7752903,6249.763,TRUE,"[3.91333228, 0.0, -4.51872689, -0.0, 3.5749731, -2.25936345, 0.0, 0.0, 42.92790549]",32,0,local
34_4_1,slab,-128.6192919,9121.379,TRUE,"[3.91333228, 0.0, -4.51872689, -0.0, 3.5749731, -2.25936345, 0.0, 0.0, 45.18726894]",36,0,local
34_4_2,slab,-143.6581334,11704.921,TRUE,"[3.91333228, 0.0, -4.51872689, -0.0, 3.5749731, -2.25936345, 0.0, 0.0, 47.44663238]",40,0,local
34_4,slab,-113.5411581,8492.2,TRUE,"[3.91333228, 0.0, -4.51872689, -0.0, 3.5749731, -2.25936345, 0.0, 0.0, 42.92790549]",32,0,local
34_5,slab,-197.7796648,13502.7,TRUE,"[3.91333228, 0.0, -4.51872689, -0.0, 7.1499462, -2.25936345, 0.0, 0.0, 40.66854204]",56,5.36E-09,local
34_6,slab,-198.1031896,8653.61,TRUE,"[3.91333228, 0.0, -4.51872689, -0.0, 7.1499462, -2.25936345, 0.0, 0.0, 40.66854204]",56,0,local
34_7_1,slab,-114.8229823,3666.074,TRUE,"[3.5749731, 0.0, 0.0, 0.0, 3.91333228, -4.51872689, 0.0, 0.0, 42.92790549]",32,3.13E-09,local
34_7_2,slab,-129.8727249,7297.719,TRUE,"[3.5749731, 0.0, 0.0, 0.0, 3.91333228, -4.51872689, 0.0, 0.0, 45.18726894]",36,2.78E-09,local
34_7,slab,-99.73922428,4290.995,TRUE,"[3.5749731, 0.0, 0.0, 0.0, 3.91333228, -4.51872689, 0.0, 0.0, 40.66854204]",28,3.57E-09,local
34_8_1,slab,-113.4747951,18567.49,TRUE,"[3.5749731, 0.0, 0.0, 0.0, 3.91333228, -4.51872689, 0.0, 0.0, 42.92790549]",32,0,local
34_8_2,slab,-128.4466344,24846.871,TRUE,"[3.5749731, 0.0, 0.0, 0.0, 3.91333228, -4.51872689, 0.0, 0.0, 45.18726894]",36,0,local
34_8,slab,-98.36995537,10911.846,TRUE,"[3.5749731, 0.0, 0.0, 0.0, 3.91333228, -4.51872689, 0.0, 0.0, 40.66854204]",28,0,local
34_9_1,slab,-49.38171965,3241.28,TRUE,"[1.95666614, 0.0, -1.12968172, 0.0, 3.5749731, -2.25936345, 0.0, 0.0, 36.14981515]",14,0,local
34_9_2,slab,-56.90723963,3407.535,TRUE,"[1.95666614, 0.0, -1.12968172, 0.0, 3.5749731, -2.25936345, 0.0, 0.0, 38.4091786]",16,0,local
34_9,slab,-41.85050698,3241.327,TRUE,"[1.95666614, 0.0, -1.12968172, 0.0, 3.5749731, -2.25936345, 0.0, 0.0, 33.8904517]",12,0,local
35_0_1,slab,-167.893657,6249.813,TRUE,"[3.82936206, 0.0, -3.82936206, -0.0, 3.82936206, -3.82936206, 0.0, 0.0, 49.78170684]",24,3.33E-07,local
35_0_2,slab,-196.8157625,6589.892,TRUE,"[3.82936206, 0.0, -3.82936206, -0.0, 3.82936206, -3.82936206, 0.0, 0.0, 53.6110689]",28,6.00E-07,local
35_0,slab,-138.788789,1573.952,TRUE,"[3.82936206, 0.0, -3.82936206, -0.0, 3.82936206, -3.82936206, 0.0, 0.0, 45.95234477]",20,2.85E-06,local
35_1,slab,-219.8709983,25535.422,TRUE,"[3.82936206, 0.0, -3.82936206, 0.0, 7.65872413, -3.82936206, 0.0, 0.0, 38.29362064]",32,8.13E-08,local
35_2_1,slab,-138.9826067,9631.374,TRUE,"[3.82936206, 0.0, 0.0, 0.0, 3.82936206, -3.82936206, 0.0, 0.0, 42.12298271]",20,4.05E-07,local
35_2_2,slab,-168.0022815,10380.765,TRUE,"[3.82936206, 0.0, 0.0, 0.0, 3.82936206, -3.82936206, 0.0, 0.0, 45.95234477]",24,2.29E-07,local
35_2,slab,-109.9888185,5214.139,TRUE,"[3.82936206, 0.0, 0.0, 0.0, 3.82936206, -3.82936206, 0.0, 0.0, 38.29362064]",16,1.24E-06,local
35_3,slab,-443.5444918,48977.554,TRUE,"[7.65872413, 0.0, -3.82936206, -0.0, 7.65872413, -3.82936206, 0.0, 0.0, 34.46425858]",64,1.72E-08,local
35_4,slab,-163.8834613,12029.691,TRUE,"[3.82936206, 0.0, 0.0, 0.0, 7.65872413, -3.82936206, 0.0, 0.0, 30.63489652]",24,1.04E-07,local
35_5_1,slab,-111.7922416,2250.681,TRUE,"[3.82936206, 0.0, 0.0, 0.0, 3.82936206, 0.0, 0.0, 0.0, 30.63489652]",16,2.69E-07,local
35_5_2,slab,-140.8577315,2772.225,TRUE,"[3.82936206, 0.0, 0.0, 0.0, 3.82936206, 0.0, 0.0, 0.0, 34.46425858]",20,6.00E-08,local
35_5,slab,-82.78653924,1355.196,TRUE,"[3.82936206, 0.0, 0.0, 0.0, 3.82936206, 0.0, 0.0, 0.0, 26.80553445]",12,3.33E-07,local
36_0_1,slab,-130.146748,122428.815,FALSE,"[2.15494828, 0.0, -3.73247992, -0.0, 4.03132046, -2.48831994, 0.0, 0.0, 57.23135871]",20,0.071742005,local
36_0_2,slab,-143.6642004,116808.506,FALSE,"[2.15494828, 0.0, -3.73247992, -0.0, 4.03132046, -2.48831994, 0.0, 0.0, 59.71967865]",22,0.082577136,local
36_0,slab,-118.695358,27596.633,TRUE,"[2.15494828, 0.0, -3.73247992, -0.0, 4.03132046, -2.48831994, 0.0, 0.0, 54.74303876]",18,0.752044544,local
36_10_1,slab,,,FALSE,,,,local
36_10_2,slab,-105.8620974,90091.735,TRUE,"[2.15494828, 0.0, -1.24415997, -0.0, 4.03132046, -2.48831994, 0.0, 0.0, 39.8131191]",16,0.559584669,local
36_10,slab,-79.12130313,20776.435,TRUE,"[2.15494828, 0.0, -1.24415997, -0.0, 4.03132046, -2.48831994, 0.0, 0.0, 34.83647921]",12,0.8966449,local
36_11_1,slab,,,FALSE,,,,local
36_11_2,slab,,,FALSE,,,,local
36_11,slab,-128.892846,42869.515,TRUE,"[2.15494828, 0.0, -1.24415997, 0.0, 8.06264092, -2.48831994, 0.0, 0.0, 32.34815927]",20,0.067310745,local
36_12_1,slab,,,FALSE,,,,local
36_12_2,slab,,,FALSE,,,,local
36_12,slab,-129.5252566,36436.775,FALSE,"[2.15494828, 0.0, -1.24415997, 0.0, 8.06264092, -2.48831994, 0.0, 0.0, 32.34815927]",20,0.075803715,local
36_13_1,slab,-79.12672179,7400.909,TRUE,"[2.15494828, 0.0, -1.24415997, 0.0, 4.03132046, 0.0, 0.0, 0.0, 32.34815927]",12,0.431673967,local
36_13_2,slab,,,FALSE,,,,local
36_13,slab,-65.20260513,6477.28,TRUE,"[2.15494828, 0.0, -1.24415997, 0.0, 4.03132046, 0.0, 0.0, 0.0, 29.85983932]",10,0.00160732,local
36_14_1,slab,-77.94592566,9713.451,TRUE,"[2.15494828, 0.0, -1.24415997, 0.0, 4.03132046, 0.0, 0.0, 0.0, 32.34815927]",12,0.066636942,local
36_14_2,slab,,,FALSE,,,,local
36_14,slab,-64.33760674,4271.242,TRUE,"[2.15494828, 0.0, -1.24415997, 0.0, 4.03132046, 0.0, 0.0, 0.0, 29.85983932]",10,0.0122315,local
36_15_1,slab,-156.395288,18323.872,TRUE,"[4.30989657, 0.0, -0.0, -0.0, 4.03132046, 2.48831994, 0.0, 0.0, 34.83647921]",24,0.009940525,local
36_15_2,slab,-187.9694686,171177.361,TRUE,"[4.30989657, 0.0, -0.0, -0.0, 4.03132046, 2.48831994, 0.0, 0.0, 37.32479916]",28,1.10335115,local
36_15,slab,-129.1673032,17949.995,TRUE,"[4.30989657, 0.0, -0.0, -0.0, 4.03132046, 2.48831994, 0.0, 0.0, 32.34815927]",20,0.05103612,local
36_16_1,slab,,,FALSE,,,,local
36_16_2,slab,-160.8775342,60517.155,TRUE,"[2.48831994, 0.0, 0.0, 2.48831994, 4.30989657, 4.03132046, 0.0, 0.0, 48.37584552]",24,0.541684213,local
36_16,slab,,,FALSE,,,,local
36_17_1,slab,-132.3817141,208629.117,FALSE,"[2.48831994, 0.0, 0.0, 2.48831994, 4.30989657, 4.03132046, 0.0, 0.0, 44.34452506]",20,0.414090115,local
36_17_2,slab,,,FALSE,,,,local
36_17,slab,-103.9085778,118174.541,FALSE,"[2.48831994, 0.0, 0.0, 2.48831994, 4.30989657, 4.03132046, 0.0, 0.0, 40.3132046]",16,0.090107906,local
36_18_1,slab,,,FALSE,,,,local
36_18_2,slab,-66.99518393,1613.917,TRUE,"[2.48831994, 0.0, 0.0, -1.24415997, 2.15494828, 0.0, 0.0, 0.0, 36.28188414]",10,0.40358601,local
36_18,slab,,,FALSE,,,,local
36_1_1,slab,,,FALSE,,,,local
36_1_2,slab,,,FALSE,,,,local
36_1,slab,,,FALSE,,,,local
36_2_1,slab,-129.8485367,10617.506,TRUE,"[4.03132046, 0.0, 0.0, 0.0, 2.15494828, -3.73247992, 0.0, 0.0, 57.23135871]",20,3.44E-06,local
36_2_2,slab,-144.2661255,26318.107,TRUE,"[4.03132046, 0.0, 0.0, 0.0, 2.15494828, -3.73247992, 0.0, 0.0, 59.71967865]",22,0.154696605,local
36_2,slab,-116.6468784,10441.676,TRUE,"[4.03132046, 0.0, 0.0, 0.0, 2.15494828, -3.73247992, 0.0, 0.0, 54.74303876]",18,0.09880505,local
36_3_1,slab,,,FALSE,,,,local
36_3_2,slab,,,FALSE,,,,local
36_3,slab,,,FALSE,,,,local
36_4_1,slab,-207.738186,152508.457,FALSE,"[4.30989657, 0.0, -4.97663989, -0.0, 4.03132046, -2.48831994, 0.0, 0.0, 44.78975899]",32,0.040086072,local
36_4_2,slab,,,FALSE,,,,local
36_4,slab,,,FALSE,,,,local
36_5,slab,,,FALSE,,,,local
36_6,slab,,,FALSE,,,,local
36_7_1,slab,,,FALSE,,,,local
36_7_2,slab,,,FALSE,,,,local
36_7,slab,-182.864234,123048.049,FALSE,"[4.03132046, 0.0, 0.0, 0.0, 4.30989657, -4.97663989, 0.0, 0.0, 42.30143904]",28,0.189181564,local
36_8_1,slab,-209.4058221,152482.87,FALSE,"[4.03132046, 0.0, 0.0, 0.0, 4.30989657, -4.97663989, 0.0, 0.0, 44.78975899]",32,0.20530295,local
36_8_2,slab,,,FALSE,,,,local
36_8,slab,,,FALSE,,,,local
36_9_1,slab,-92.09026454,41361.561,FALSE,"[2.15494828, 0.0, -1.24415997, -0.0, 4.03132046, -2.48831994, 0.0, 0.0, 37.32479916]",14,0.038627914,local
36_9_2,slab,,,FALSE,,,,local
36_9,slab,-78.05235037,32428.353,TRUE,"[2.15494828, 0.0, -1.24415997, -0.0, 4.03132046, -2.48831994, 0.0, 0.0, 34.83647921]",12,0.055363825,local
37_0,slab,-131.3125838,9493.979,TRUE,"[5.75617747, 0.0, 5.75617747, 5.75617747, 5.75617747, -0.0, 0.0, 0.0, 51.80559727]",32,0,local
37_1,slab,-137.0323028,16813.217,TRUE,"[5.75617747, 0.0, 5.75617747, 5.75617747, 5.75617747, -0.0, 0.0, 0.0, 51.80559727]",32,0.145752103,local
37_2,slab,-204.3920695,221363.099,TRUE,"[5.75617747, 0.0, -5.75617747, 0.0, 11.51235495, -5.75617747, 0.0, 0.0, 40.29324232]",48,0,local
37_3,slab,-204.3669872,233300.096,TRUE,"[5.75617747, 0.0, -5.75617747, 0.0, 11.51235495, -5.75617747, 0.0, 0.0, 40.29324232]",48,6.25E-09,local
37_4,slab,-101.1951308,7644.387,TRUE,"[5.75617747, 0.0, 0.0, -0.0, 5.75617747, 5.75617747, 0.0, 0.0, 40.29324232]",24,1.10E-05,local
37_5,slab,,,FALSE,,,,local
37_6,slab,-135.7893288,66732.277,TRUE,"[5.75617747, 0.0, 0.0, 0.0, 11.51235495, -5.75617747, 0.0, 0.0, 28.78088737]",32,0,local
37_7,slab,-66.56114654,3044.064,TRUE,"[5.75617747, 0.0, 0.0, 0.0, 5.75617747, 0.0, 0.0, 0.0, 28.78088737]",16,1.25E-08,local
38_0_1,slab,-214.1769961,17686.435,TRUE,"[2.40156039, 0.0, -4.15962461, 0.0, 4.48819243, -2.77308308, 0.0, 0.0, 58.23474459]",18,4.44E-08,local
38_0_2,slab,-239.0180567,21011.912,TRUE,"[2.40156039, 0.0, -4.15962461, 0.0, 4.48819243, -2.77308308, 0.0, 0.0, 61.00782767]",20,5.00E-09,local
38_0,slab,-189.3052631,10641.312,TRUE,"[2.40156039, 0.0, -4.15962461, 0.0, 4.48819243, -2.77308308, 0.0, 0.0, 55.46166151]",16,0,local
38_10_1,slab,-142.4127423,7709.346,TRUE,"[2.40156039, 0.0, -1.38654154, -0.0, 4.48819243, -2.77308308, 0.0, 0.0, 38.82316306]",12,3.33E-08,local
38_10_2,slab,-167.2452169,10350.086,TRUE,"[2.40156039, 0.0, -1.38654154, -0.0, 4.48819243, -2.77308308, 0.0, 0.0, 41.59624614]",14,2.00E-07,local
38_10,slab,-117.5632504,3319.527,TRUE,"[2.40156039, 0.0, -1.38654154, -0.0, 4.48819243, -2.77308308, 0.0, 0.0, 36.05007998]",10,1.87E-06,local
38_11_1,slab,-286.3938432,17212.99,TRUE,"[2.40156039, 0.0, -1.38654154, -0.0, 8.97638485, -2.77308308, 0.0, 0.0, 36.05007998]",24,1.25E-08,local
38_11_2,slab,-336.0956285,20844.36,TRUE,"[2.40156039, 0.0, -1.38654154, -0.0, 8.97638485, -2.77308308, 0.0, 0.0, 38.82316306]",28,1.29E-07,local
38_11,slab,-236.7350049,14134.034,TRUE,"[2.40156039, 0.0, -1.38654154, -0.0, 8.97638485, -2.77308308, 0.0, 0.0, 33.27699691]",20,5.00E-09,local
38_12_1,slab,-287.9740874,9080.762,TRUE,"[2.40156039, 0.0, -1.38654154, -0.0, 8.97638485, -2.77308308, 0.0, 0.0, 36.05007998]",24,1.46E-07,local
38_12_2,slab,-337.6794152,31788.841,TRUE,"[2.40156039, 0.0, -1.38654154, -0.0, 8.97638485, -2.77308308, 0.0, 0.0, 38.82316306]",28,2.86E-08,local
38_12,slab,-238.3415625,10290.002,TRUE,"[2.40156039, 0.0, -1.38654154, -0.0, 8.97638485, -2.77308308, 0.0, 0.0, 33.27699691]",20,5.00E-09,local
38_13_1,slab,-144.5773762,5124.131,TRUE,"[2.40156039, 0.0, -1.38654154, 0.0, 4.48819243, 0.0, 0.0, 0.0, 36.05007998]",12,2.75E-07,local
38_13_2,slab,-169.4421829,4617.075,TRUE,"[2.40156039, 0.0, -1.38654154, 0.0, 4.48819243, 0.0, 0.0, 0.0, 38.82316306]",14,2.21E-07,local
38_13,slab,-119.7711776,1363.857,TRUE,"[2.40156039, 0.0, -1.38654154, 0.0, 4.48819243, 0.0, 0.0, 0.0, 33.27699691]",10,8.20E-07,local
38_14_1,slab,-142.9594729,4502.931,TRUE,"[2.40156039, 0.0, -1.38654154, 0.0, 4.48819243, 0.0, 0.0, 0.0, 36.05007998]",12,1.67E-07,local
38_14_2,slab,-167.8364364,7603.215,TRUE,"[2.40156039, 0.0, -1.38654154, 0.0, 4.48819243, 0.0, 0.0, 0.0, 38.82316306]",14,7.14E-07,local
38_14,slab,-118.1474505,2529.546,TRUE,"[2.40156039, 0.0, -1.38654154, 0.0, 4.48819243, 0.0, 0.0, 0.0, 33.27699691]",10,5.00E-08,local
38_15_1,slab,-287.2894927,11291.039,TRUE,"[4.80312078, 0.0, 0.0, -0.0, 4.48819243, 2.77308308, 0.0, 0.0, 36.05007998]",24,8.33E-09,local
38_15_2,slab,-336.9739642,23322.834,TRUE,"[4.80312078, 0.0, 0.0, -0.0, 4.48819243, 2.77308308, 0.0, 0.0, 38.82316306]",28,0,local
38_15,slab,-237.5976269,7157.173,TRUE,"[4.80312078, 0.0, 0.0, -0.0, 4.48819243, 2.77308308, 0.0, 0.0, 33.27699691]",20,4.50E-08,local
38_16_1,slab,-240.91932,13894.714,TRUE,"[2.77308308, 0.0, 0.0, 2.77308308, 4.80312078, 4.48819243, 0.0, 0.0, 44.88192426]",20,5.00E-09,local
38_16_2,slab,-290.6227276,27093.805,TRUE,"[2.77308308, 0.0, 0.0, 2.77308308, 4.80312078, 4.48819243, 0.0, 0.0, 49.37011669]",24,8.33E-09,local
38_16,slab,-191.2365624,10802.586,TRUE,"[2.77308308, 0.0, 0.0, 2.77308308, 4.80312078, 4.48819243, 0.0, 0.0, 40.39373184]",16,0,local
38_17_1,slab,-240.7570478,12295.594,TRUE,"[2.77308308, 0.0, 0.0, 2.77308308, 4.80312078, 4.48819243, 0.0, 0.0, 44.88192426]",20,1.50E-08,local
38_17_2,slab,-290.4571492,32370.165,TRUE,"[2.77308308, 0.0, 0.0, 2.77308308, 4.80312078, 4.48819243, 0.0, 0.0, 49.37011669]",24,2.92E-08,local
38_17,slab,-191.0541244,10311.384,TRUE,"[2.77308308, 0.0, 0.0, 2.77308308, 4.80312078, 4.48819243, 0.0, 0.0, 40.39373184]",16,6.25E-09,local
38_18_1,slab,-97.22860221,599.156,TRUE,"[2.77308308, 0.0, 0.0, -1.38654154, 2.40156039, 0.0, 0.0, 0.0, 35.90553941]",8,1.38E-06,local
38_18_2,slab,-122.0543949,1418.197,TRUE,"[2.77308308, 0.0, 0.0, -1.38654154, 2.40156039, 0.0, 0.0, 0.0, 40.39373184]",10,4.80E-07,local
38_18,slab,-72.3868042,252.434,TRUE,"[2.77308308, 0.0, 0.0, -1.38654154, 2.40156039, 0.0, 0.0, 0.0, 31.41734699]",6,2.67E-07,local
38_1_1,slab,-429.4434008,56986.025,TRUE,"[2.40156039, 0.0, -4.15962461, -0.0, 8.97638485, -2.77308308, 0.0, 0.0, 55.46166151]",36,1.67E-08,local
38_1_2,slab,-479.1195086,66537.01,TRUE,"[2.40156039, 0.0, -4.15962461, -0.0, 8.97638485, -2.77308308, 0.0, 0.0, 58.23474459]",40,5.00E-09,local
38_1,slab,-379.7561205,52568.747,TRUE,"[2.40156039, 0.0, -4.15962461, -0.0, 8.97638485, -2.77308308, 0.0, 0.0, 52.68857844]",32,3.13E-09,local
38_2_1,slab,-215.3380487,8961.976,TRUE,"[4.48819243, 0.0, 0.0, 0.0, 2.40156039, -4.15962461, 0.0, 0.0, 55.46166151]",18,2.44E-07,local
38_2_2,slab,-240.1873212,7766.069,TRUE,"[4.48819243, 0.0, 0.0, 0.0, 2.40156039, -4.15962461, 0.0, 0.0, 58.23474459]",20,5.00E-09,local
38_2,slab,,,FALSE,,,,local
38_3_1,slab,-332.510345,38363.11,TRUE,"[4.80312078, 0.0, -5.54616615, -0.0, 4.48819243, -2.77308308, 0.0, 0.0, 44.36932921]",28,3.57E-09,local
38_3_2,slab,-382.1924624,39709.166,TRUE,"[4.80312078, 0.0, -5.54616615, -0.0, 4.48819243, -2.77308308, 0.0, 0.0, 47.14241229]",32,0,local
38_3,slab,-282.7791007,21296.076,TRUE,"[4.80312078, 0.0, -5.54616615, -0.0, 4.48819243, -2.77308308, 0.0, 0.0, 41.59624614]",24,4.17E-09,local
38_4_1,slab,-332.5221105,39613.579,TRUE,"[4.80312078, 0.0, -5.54616615, -0.0, 4.48819243, -2.77308308, 0.0, 0.0, 44.36932921]",28,3.57E-09,local
38_4_2,slab,-382.2200392,31528.299,TRUE,"[4.80312078, 0.0, -5.54616615, -0.0, 4.48819243, -2.77308308, 0.0, 0.0, 47.14241229]",32,6.25E-09,local
38_4,slab,-282.8291191,13904.234,TRUE,"[4.80312078, 0.0, -5.54616615, -0.0, 4.48819243, -2.77308308, 0.0, 0.0, 41.59624614]",24,2.08E-08,local
38_5,slab,-568.6087932,56885.664,TRUE,"[4.80312078, 0.0, -5.54616615, -0.0, 8.97638485, -2.77308308, 0.0, 0.0, 41.59624614]",48,1.04E-08,local
38_6,slab,-568.5475676,65461.959,TRUE,"[4.80312078, 0.0, -5.54616615, -0.0, 8.97638485, -2.77308308, 0.0, 0.0, 41.59624614]",48,8.33E-09,local
38_7_1,slab,-335.0432504,17530.712,TRUE,"[4.48819243, 0.0, 0.0, 0.0, 4.80312078, -5.54616615, 0.0, 0.0, 44.36932921]",28,7.14E-09,local
38_7_2,slab,-384.7316188,31243.091,TRUE,"[4.48819243, 0.0, 0.0, 0.0, 4.80312078, -5.54616615, 0.0, 0.0, 47.14241229]",32,2.19E-08,local
38_7,slab,-285.3875805,11878.006,TRUE,"[4.48819243, 0.0, 0.0, 0.0, 4.80312078, -5.54616615, 0.0, 0.0, 41.59624614]",24,0,local
38_8_1,slab,-333.6445877,37237.878,TRUE,"[4.48819243, 0.0, 0.0, 0.0, 4.80312078, -5.54616615, 0.0, 0.0, 44.36932921]",28,3.57E-09,local
38_8_2,slab,-383.3140258,42395.941,TRUE,"[4.48819243, 0.0, 0.0, 0.0, 4.80312078, -5.54616615, 0.0, 0.0, 47.14241229]",32,1.25E-08,local
38_8,slab,-283.9450296,17715.99,TRUE,"[4.48819243, 0.0, 0.0, 0.0, 4.80312078, -5.54616615, 0.0, 0.0, 41.59624614]",24,4.17E-09,local
38_9_1,slab,-143.2872367,6983.227,TRUE,"[2.40156039, 0.0, -1.38654154, -0.0, 4.48819243, -2.77308308, 0.0, 0.0, 38.82316306]",12,5.00E-08,local
38_9_2,slab,-168.1137512,11271.927,TRUE,"[2.40156039, 0.0, -1.38654154, -0.0, 4.48819243, -2.77308308, 0.0, 0.0, 41.59624614]",14,1.43E-08,local
38_9,slab,-118.4473365,3949.174,TRUE,"[2.40156039, 0.0, -1.38654154, -0.0, 4.48819243, -2.77308308, 0.0, 0.0, 36.05007998]",10,1.00E-08,local
39_0,slab,,,FALSE,,,,local
39_10,slab,,,FALSE,,,,local
39_11,slab,-159.2290136,131892.318,TRUE,"[5.33581897, 0.0, 6.16127304, -0.0, 22.65251628, 3.08063652, 0.0, 0.0, 40.04827476]",90,8.89E-09,local
39_12,slab,-159.1006019,114601.111,TRUE,"[5.33581897, 0.0, 6.16127304, -0.0, 22.65251628, 3.08063652, 0.0, 0.0, 40.04827476]",90,4.44E-09,local
39_13,slab,-63.87666299,27261.621,TRUE,"[2.66790949, 0.0, -1.54031826, 0.0, 22.65251628, -3.08063652, 0.0, 0.0, 30.8063652]",36,2.78E-09,local
39_14,slab,-64.15615194,16116.278,TRUE,"[2.66790949, 0.0, -1.54031826, 0.0, 22.65251628, -3.08063652, 0.0, 0.0, 30.8063652]",36,2.22E-08,local
39_15,slab,-128.0813861,68174.013,TRUE,"[2.66790949, 0.0, -1.54031826, 0.0, 45.30503257, -3.08063652, 0.0, 0.0, 30.8063652]",72,5.56E-09,local
39_16,slab,-127.9888861,45795.332,TRUE,"[2.66790949, 0.0, -1.54031826, 0.0, 45.30503257, -3.08063652, 0.0, 0.0, 30.8063652]",72,2.78E-09,local
39_17,slab,-64.02452164,31881.41,TRUE,"[2.66790949, 0.0, -1.54031826, 0.0, 22.65251628, 0.0, 0.0, 0.0, 30.8063652]",36,0,local
39_18,slab,-128.1217232,19812.124,TRUE,"[2.66790949, 0.0, -1.54031826, 0.0, 45.30503257, 3.08063652, 0.0, 0.0, 30.8063652]",72,8.47E-08,local
39_19,slab,-127.8856938,37149.133,TRUE,"[2.66790949, 0.0, -1.54031826, 0.0, 45.30503257, 3.08063652, 0.0, 0.0, 30.8063652]",72,3.19E-08,local
39_1,slab,,,FALSE,,,,local
39_20,slab,-63.9772379,26402.181,TRUE,"[2.66790949, 0.0, -1.54031826, 0.0, 22.65251628, 3.08063652, 0.0, 0.0, 30.8063652]",36,0,local
39_21,slab,-64.04744307,21298.027,TRUE,"[2.66790949, 0.0, -1.54031826, 0.0, 22.65251628, 3.08063652, 0.0, 0.0, 30.8063652]",36,2.78E-09,local
39_22,slab,-129.1842773,57858.039,TRUE,"[5.33581897, 0.0, 0.0, -0.0, 22.65251628, 3.08063652, 0.0, 0.0, 27.72572868]",72,0,local
39_23,slab,-129.2044061,36361.426,TRUE,"[5.33581897, 0.0, 0.0, -0.0, 22.65251628, 3.08063652, 0.0, 0.0, 27.72572868]",72,0,local
39_24,slab,-63.98277205,11843.793,TRUE,"[2.66790949, 0.0, -1.54031826, -0.0, 22.65251628, -6.16127304, 0.0, 0.0, 30.8063652]",36,0,local
39_25,slab,-64.07177758,6896.93,TRUE,"[2.66790949, 0.0, -1.54031826, -0.0, 22.65251628, -6.16127304, 0.0, 0.0, 30.8063652]",36,2.78E-09,local
39_26,slab,-63.97155997,13189.726,TRUE,"[2.66790949, 0.0, -1.54031826, -0.0, 22.65251628, 6.16127304, 0.0, 0.0, 30.8063652]",36,4.72E-08,local
39_27,slab,-63.70376383,5652.698,TRUE,"[2.66790949, 0.0, -1.54031826, -0.0, 22.65251628, 6.16127304, 0.0, 0.0, 30.8063652]",36,2.78E-09,local
39_28,slab,,,FALSE,,,,local
39_29,slab,-16.64077831,356.649,TRUE,"[3.08063652, 0.0, 0.0, -1.54031826, 2.66790949, 0.0, 0.0, 0.0, 45.30503257]",9,9.11E-07,local
39_2,slab,,,FALSE,,,,local
39_3,slab,,,FALSE,,,,local
39_4,slab,,,FALSE,,,,local
39_5,slab,-159.3836701,181368.901,TRUE,"[5.33581897, 0.0, -6.16127304, -0.0, 22.65251628, -3.08063652, 0.0, 0.0, 40.04827476]",90,0,local
39_6,slab,,,FALSE,,,,local
39_7,slab,-319.0055551,263004.64,TRUE,"[5.33581897, 0.0, -6.16127304, 0.0, 45.30503257, -3.08063652, 0.0, 0.0, 40.04827476]",180,4.72E-08,local
39_8,slab,-159.4658184,137893.572,TRUE,"[22.65251628, 0.0, 0.0, 0.0, 5.33581897, -6.16127304, 0.0, 0.0, 40.04827476]",90,1.11E-09,local
39_9,slab,,,FALSE,,,,local
3_0,slab,-86.4275227,9285.196,TRUE,"[6.63829402, 0.0, -6.63829402, -0.0, 6.63829402, -6.63829402, 0.0, 0.0, 46.46805815]",24,3.75E-08,local
3_1,slab,-80.5695539,12088.137,TRUE,"[6.63829402, 0.0, -6.63829402, -0.0, 6.63829402, -6.63829402, 0.0, 0.0, 46.46805815]",24,8.33E-09,local
3_2,slab,,,FALSE,,,,local
3_3,slab,,,FALSE,,,,local
3_4,slab,-86.32048343,15781.674,TRUE,"[6.63829402, 0.0, 0.0, 0.0, 6.63829402, -6.63829402, 0.0, 0.0, 46.46805815]",24,0.074613738,local
3_5,slab,-228.4785828,252765.295,TRUE,"[13.27658804, 0.0, -6.63829402, -0.0, 13.27658804, -6.63829402, 0.0, 0.0, 33.1914701]",64,0,local
3_6,slab,-116.0202523,66227.212,TRUE,"[6.63829402, 0.0, 0.0, 0.0, 13.27658804, -6.63829402, 0.0, 0.0, 33.1914701]",32,0,local
3_7,slab,-56.68563718,4397.814,TRUE,"[6.63829402, 0.0, 0.0, 0.0, 6.63829402, 0.0, 0.0, 0.0, 33.1914701]",16,1.49E-06,local
40_0,slab,-132.026626,89941.363,TRUE,"[2.94727254, 0.0, -5.10482579, -0.0, 24.80538747, -3.40321719, 0.0, 0.0, 51.04825787]",54,0,local
40_10,slab,,,FALSE,,,,local
40_11,slab,-220.6986444,205237.977,TRUE,"[5.89454508, 0.0, 6.80643438, -0.0, 24.80538747, 3.40321719, 0.0, 0.0, 40.83860629]",90,0,local
40_12,slab,-220.1004307,208727.857,TRUE,"[5.89454508, 0.0, 6.80643438, -0.0, 24.80538747, 3.40321719, 0.0, 0.0, 40.83860629]",90,1.11E-09,local
40_13,slab,-88.36525143,43251.442,TRUE,"[2.94727254, 0.0, -1.7016086, -0.0, 24.80538747, -3.40321719, 0.0, 0.0, 34.03217191]",36,0,local
40_14,slab,-89.16017663,14922.196,TRUE,"[2.94727254, 0.0, -1.7016086, -0.0, 24.80538747, -3.40321719, 0.0, 0.0, 34.03217191]",36,0,local
40_15,slab,-177.1033563,273586.976,TRUE,"[2.94727254, 0.0, -1.7016086, -0.0, 49.61077493, -3.40321719, 0.0, 0.0, 34.03217191]",72,1.36E-07,local
40_16,slab,-176.8139062,252632.186,TRUE,"[2.94727254, 0.0, -1.7016086, -0.0, 49.61077493, -3.40321719, 0.0, 0.0, 34.03217191]",72,2.78E-09,local
40_17,slab,-88.92012467,36900.154,TRUE,"[2.94727254, 0.0, -1.7016086, 0.0, 24.80538747, 0.0, 0.0, 0.0, 34.03217191]",36,0,local
40_18,slab,-177.4947871,186715.908,TRUE,"[2.94727254, 0.0, -1.7016086, -0.0, 49.61077493, 3.40321719, 0.0, 0.0, 34.03217191]",72,4.17E-09,local
40_19,slab,-176.6207197,146099.34,TRUE,"[2.94727254, 0.0, -1.7016086, -0.0, 49.61077493, 3.40321719, 0.0, 0.0, 34.03217191]",72,2.78E-09,local
40_1,slab,-132.0237868,83438.61,TRUE,"[2.94727254, 0.0, -5.10482579, -0.0, 24.80538747, -3.40321719, 0.0, 0.0, 51.04825787]",54,0,local
40_20,slab,-88.61712131,29806.908,TRUE,"[2.94727254, 0.0, -1.7016086, -0.0, 24.80538747, 3.40321719, 0.0, 0.0, 34.03217191]",36,0,local
40_21,slab,-88.8545551,29501.852,TRUE,"[2.94727254, 0.0, -1.7016086, -0.0, 24.80538747, 3.40321719, 0.0, 0.0, 34.03217191]",36,0,local
40_22,slab,-131.8747628,137192.575,TRUE,"[5.89454508, 0.0, -0.0, -0.0, 24.80538747, 3.40321719, 0.0, 0.0, 27.22573753]",54,0,local
40_23,slab,-131.8571042,99002.282,TRUE,"[5.89454508, 0.0, -0.0, -0.0, 24.80538747, 3.40321719, 0.0, 0.0, 27.22573753]",54,0,local
40_24,slab,-88.56011376,36352.85,TRUE,"[2.94727254, 0.0, -1.7016086, 0.0, 24.80538747, -6.80643438, 0.0, 0.0, 34.03217191]",36,0,local
40_25,slab,-88.75521349,26618.943,TRUE,"[2.94727254, 0.0, -1.7016086, 0.0, 24.80538747, -6.80643438, 0.0, 0.0, 34.03217191]",36,0,local
40_26,slab,-88.6513476,29228.887,TRUE,"[2.94727254, 0.0, -1.7016086, -0.0, 24.80538747, 6.80643438, 0.0, 0.0, 34.03217191]",36,0,local
40_27,slab,-87.76271112,31927.853,TRUE,"[2.94727254, 0.0, -1.7016086, -0.0, 24.80538747, 6.80643438, 0.0, 0.0, 34.03217191]",36,0,local
40_28,slab,-22.69780607,1358.176,TRUE,"[3.40321719, 0.0, 0.0, -1.7016086, 2.94727254, -0.0, 0.0, 0.0, 49.61077493]",9,1.56E-07,local
40_29,slab,-22.67004661,574.741,TRUE,"[3.40321719, 0.0, 0.0, -1.7016086, 2.94727254, -0.0, 0.0, 0.0, 49.61077493]",9,1.22E-07,local
40_2,slab,,,FALSE,,,,local
40_3,slab,-132.0454238,56465.475,TRUE,"[24.80538747, 0.0, 0.0, 0.0, 2.94727254, -5.10482579, 0.0, 0.0, 51.04825787]",54,1.85E-09,local
40_4,slab,-220.6686642,250901.072,TRUE,"[5.89454508, 0.0, -6.80643438, -0.0, 24.80538747, -3.40321719, 0.0, 0.0, 40.83860629]",90,0,local
40_5,slab,-220.9454082,171405.124,TRUE,"[5.89454508, 0.0, -6.80643438, -0.0, 24.80538747, -3.40321719, 0.0, 0.0, 40.83860629]",90,0,local
40_6,slab,,,FALSE,,,,local
40_7,slab,,,FALSE,,,,local
40_8,slab,-220.8339686,211381.136,TRUE,"[24.80538747, 0.0, 0.0, 0.0, 5.89454508, -6.80643438, 0.0, 0.0, 40.83860629]",90,0,local
40_9,slab,,,FALSE,,,,local
41_0_1,slab,,,FALSE,,,,local
41_0_2,slab,,,FALSE,,,,local
41_0,slab,,,FALSE,,,,local
41_10,slab,-27.00828052,5284.494,TRUE,"[5.01357372, 0.0, 0.0, 0.0, 14.27077582, -7.13522996, 0.0, 0.0, 35.67614978]",16,4.31E-07,local
41_11_1,slab,-21.50733928,2186.13,TRUE,"[5.01357372, 0.0, 0.0, 0.0, 7.13538791, 0.0, 0.0, 0.0, 42.81137973]",12,4.00E-07,local
41_11_2,slab,-29.14587673,5773.785,TRUE,"[5.01357372, 0.0, 0.0, 0.0, 7.13538791, 0.0, 0.0, 0.0, 49.94660969]",16,3.88E-07,local
41_11,slab,-13.88108693,864.836,TRUE,"[5.01357372, 0.0, 0.0, 0.0, 7.13538791, 0.0, 0.0, 0.0, 35.67614978]",8,5.85E-06,local
41_1,slab,-40.17375505,10958.646,TRUE,"[7.13522996, 0.0, -5.01357372, 0.0, 14.27077582, -5.01357372, 0.0, 0.0, 35.09501601]",24,2.27E-06,local
41_2_1,slab,-27.66291314,4498.087,TRUE,"[7.13538791, 0.0, 0.0, 0.0, 7.13522996, -5.01357372, 0.0, 0.0, 40.10858973]",16,1.16E-05,local
41_2_2,slab,-35.29374714,9373.828,TRUE,"[7.13538791, 0.0, 0.0, 0.0, 7.13522996, -5.01357372, 0.0, 0.0, 45.12216344]",20,4.56E-05,local
41_2,slab,-20.00781049,2444.223,TRUE,"[7.13538791, 0.0, 0.0, 0.0, 7.13522996, -5.01357372, 0.0, 0.0, 35.09501601]",12,0.0002415,local
41_3,slab,,,FALSE,,,,local
41_4,slab,-40.78531754,15423.493,TRUE,"[7.13538791, 0.0, 0.0, 0.0, 14.27045991, -5.01357372, 0.0, 0.0, 35.09501601]",24,7.75E-07,local
41_5_1,slab,-20.88545224,823.863,TRUE,"[7.13522996, 0.0, 0.0, 0.0, 7.13538791, 0.0, 0.0, 0.0, 30.0814423]",12,1.04E-06,local
41_5_2,slab,-28.50112942,1809.376,TRUE,"[7.13522996, 0.0, 0.0, 0.0, 7.13538791, 0.0, 0.0, 0.0, 35.09501601]",16,1.81E-07,local
41_5,slab,-13.21699828,404.02,TRUE,"[7.13522996, 0.0, 0.0, 0.0, 7.13538791, 0.0, 0.0, 0.0, 25.06786858]",8,6.34E-06,local
41_6,slab,,,FALSE,,,,local
41_7,slab,-26.29921978,6054.601,TRUE,"[10.02714743, 0.0, 7.13522996, 5.01357372, 7.13538791, -0.0, 0.0, 0.0, 35.67614978]",16,3.13E-07,local
41_8,slab,-26.23275578,4646.753,TRUE,"[7.13538791, 0.0, 0.0, -0.0, 10.02714743, 7.13522996, 0.0, 0.0, 35.67614978]",16,6.09E-05,local
41_9_1,slab,-20.87539714,1436.924,TRUE,"[5.01357372, 0.0, 0.0, -0.0, 7.13538791, -7.13522996, 0.0, 0.0, 42.81137973]",12,1.55E-06,local
41_9_2,slab,,,FALSE,,,,local
41_9,slab,,,FALSE,,,,local
42_0_1,slab,-17.15306514,32276.05,TRUE,"[2.30994836, 0.0, -4.00094792, 0.0, 4.927747, -2.66729862, 0.0, 0.0, 56.01327094]",18,0,local
42_0_2,slab,-19.40940504,28338.008,TRUE,"[2.30994836, 0.0, -4.00094792, 0.0, 4.927747, -2.66729862, 0.0, 0.0, 58.68056956]",20,0,local
42_0,slab,-14.96561712,17043.056,TRUE,"[2.30994836, 0.0, -4.00094792, 0.0, 4.927747, -2.66729862, 0.0, 0.0, 53.34597233]",16,0,local
42_10_1,slab,-11.87718597,4084.399,TRUE,"[2.30994836, 0.0, -1.33364931, 0.0, 4.927747, -2.66729862, 0.0, 0.0, 37.34218063]",12,0,local
42_10_2,slab,-14.07804225,5574.657,TRUE,"[2.30994836, 0.0, -1.33364931, 0.0, 4.927747, -2.66729862, 0.0, 0.0, 40.00947925]",14,0,local
42_10,slab,-9.64519811,2835.277,TRUE,"[2.30994836, 0.0, -1.33364931, 0.0, 4.927747, -2.66729862, 0.0, 0.0, 34.67488201]",10,0,local
42_11_1,slab,-24.08242598,9961.168,TRUE,"[2.30994836, 0.0, -1.33364931, 0.0, 9.85549399, -2.66729862, 0.0, 0.0, 34.67488201]",24,0,local
42_11_2,slab,-28.4814238,17333.831,TRUE,"[2.30994836, 0.0, -1.33364931, 0.0, 9.85549399, -2.66729862, 0.0, 0.0, 37.34218063]",28,0,local
42_11,slab,-19.71852657,10412.102,TRUE,"[2.30994836, 0.0, -1.33364931, 0.0, 9.85549399, -2.66729862, 0.0, 0.0, 32.0075834]",20,0,local
42_12_1,slab,-23.44233437,7117.423,TRUE,"[2.30994836, 0.0, -1.33364931, 0.0, 9.85549399, -2.66729862, 0.0, 0.0, 34.67488201]",24,4.17E-09,local
42_12_2,slab,-27.85141482,11060.308,TRUE,"[2.30994836, 0.0, -1.33364931, 0.0, 9.85549399, -2.66729862, 0.0, 0.0, 37.34218063]",28,3.57E-09,local
42_12,slab,-19.03044539,4533.739,TRUE,"[2.30994836, 0.0, -1.33364931, 0.0, 9.85549399, -2.66729862, 0.0, 0.0, 32.0075834]",20,0,local
42_13_1,slab,-12.1381327,1857.709,TRUE,"[2.30994836, 0.0, -1.33364931, 0.0, 4.927747, 0.0, 0.0, 0.0, 34.67488201]",12,1.67E-08,local
42_13_2,slab,-14.31508119,2938.281,TRUE,"[2.30994836, 0.0, -1.33364931, 0.0, 4.927747, 0.0, 0.0, 0.0, 37.34218063]",14,2.14E-08,local
42_13,slab,-9.93651852,1061.072,TRUE,"[2.30994836, 0.0, -1.33364931, 0.0, 4.927747, 0.0, 0.0, 0.0, 32.0075834]",10,0,local
42_14_1,slab,-11.58493832,1925.52,TRUE,"[2.30994836, 0.0, -1.33364931, 0.0, 4.927747, 0.0, 0.0, 0.0, 34.67488201]",12,2.50E-08,local
42_14_2,slab,-13.80199198,2206.489,TRUE,"[2.30994836, 0.0, -1.33364931, 0.0, 4.927747, 0.0, 0.0, 0.0, 37.34218063]",14,6.43E-08,local
42_14,slab,-9.35985362,1012.404,TRUE,"[2.30994836, 0.0, -1.33364931, 0.0, 4.927747, 0.0, 0.0, 0.0, 32.0075834]",10,0,local
42_15_1,slab,-23.95747511,28395.138,TRUE,"[4.61989672, 0.0, 0.0, -0.0, 4.927747, 2.66729862, 0.0, 0.0, 34.67488201]",24,0,local
42_15_2,slab,-28.37901423,38631.865,TRUE,"[4.61989672, 0.0, 0.0, -0.0, 4.927747, 2.66729862, 0.0, 0.0, 37.34218063]",28,0,local
42_15,slab,-19.56949783,22812.83,TRUE,"[4.61989672, 0.0, 0.0, -0.0, 4.927747, 2.66729862, 0.0, 0.0, 32.0075834]",20,0,local
42_16_1,slab,-16.07669663,18397.876,TRUE,"[2.66729862, 0.0, 0.0, 2.66729862, 4.61989672, 4.927747, 0.0, 0.0, 44.34972297]",16,0,local
42_16_2,slab,-20.52556341,29624.199,TRUE,"[2.66729862, 0.0, 0.0, 2.66729862, 4.61989672, 4.927747, 0.0, 0.0, 49.27746997]",20,0,local
42_16,slab,-11.63838103,11022.71,TRUE,"[2.66729862, 0.0, 0.0, 2.66729862, 4.61989672, 4.927747, 0.0, 0.0, 39.42197597]",12,0,local
42_17_1,slab,-16.0495705,10516.714,TRUE,"[2.66729862, 0.0, 0.0, 2.66729862, 4.61989672, 4.927747, 0.0, 0.0, 44.34972297]",16,0,local
42_17_2,slab,-20.52473336,13547.395,TRUE,"[2.66729862, 0.0, 0.0, 2.66729862, 4.61989672, 4.927747, 0.0, 0.0, 49.27746997]",20,0,local
42_17,slab,-11.63139305,6959.859,TRUE,"[2.66729862, 0.0, 0.0, 2.66729862, 4.61989672, 4.927747, 0.0, 0.0, 39.42197597]",12,0,local
42_18_1,slab,-8.64061975,656.568,TRUE,"[2.66729862, 0.0, 0.0, -1.33364931, 2.30994836, 0.0, 0.0, 0.0, 39.42197597]",8,1.25E-08,local
42_18_2,slab,-10.86527377,591.561,TRUE,"[2.66729862, 0.0, 0.0, -1.33364931, 2.30994836, 0.0, 0.0, 0.0, 44.34972297]",10,2.00E-08,local
42_18,slab,-6.36534026,392.809,TRUE,"[2.66729862, 0.0, 0.0, -1.33364931, 2.30994836, 0.0, 0.0, 0.0, 34.49422898]",6,3.33E-08,local
42_1_1,slab,-34.55489736,65875.23,TRUE,"[2.30994836, 0.0, -4.00094792, -0.0, 9.85549399, -2.66729862, 0.0, 0.0, 56.01327094]",36,0,local
42_1_2,slab,-39.17612372,106733.027,TRUE,"[2.30994836, 0.0, -4.00094792, -0.0, 9.85549399, -2.66729862, 0.0, 0.0, 58.68056956]",40,0,local
42_1,slab,-30.30107132,56805.648,TRUE,"[2.30994836, 0.0, -4.00094792, -0.0, 9.85549399, -2.66729862, 0.0, 0.0, 53.34597233]",32,0,local
42_2_1,slab,-17.28618375,5557.47,TRUE,"[4.927747, 0.0, 0.0, 0.0, 2.30994836, -4.00094792, 0.0, 0.0, 56.01327094]",18,0,local
42_2_2,slab,-19.59759951,6466.549,TRUE,"[4.927747, 0.0, 0.0, 0.0, 2.30994836, -4.00094792, 0.0, 0.0, 58.68056956]",20,0,local
42_2,slab,-15.21765504,4989.083,TRUE,"[4.927747, 0.0, 0.0, 0.0, 2.30994836, -4.00094792, 0.0, 0.0, 53.34597233]",16,0,local
42_3_1,slab,-31.21406028,53477.571,TRUE,"[4.61989672, 0.0, -5.33459723, -0.0, 4.927747, -2.66729862, 0.0, 0.0, 48.01137509]",32,0,local
42_3_2,slab,-35.71798048,31217.199,TRUE,"[4.61989672, 0.0, -5.33459723, 0.0, 4.927747, -2.66729862, 0.0, 0.0, 50.67867371]",36,0,local
42_3,slab,-26.90433877,22492.031,TRUE,"[4.61989672, 0.0, -5.33459723, 0.0, 4.927747, -2.66729862, 0.0, 0.0, 45.34407648]",28,0,local
42_4_1,slab,-31.33838043,43109.098,TRUE,"[4.61989672, 0.0, -5.33459723, -0.0, 4.927747, -2.66729862, 0.0, 0.0, 48.01137509]",32,0,local
42_4_2,slab,-35.81598436,43700.183,TRUE,"[4.61989672, 0.0, -5.33459723, 0.0, 4.927747, -2.66729862, 0.0, 0.0, 50.67867371]",36,0,local
42_4,slab,-27.0186425,22053.537,TRUE,"[4.61989672, 0.0, -5.33459723, 0.0, 4.927747, -2.66729862, 0.0, 0.0, 45.34407648]",28,0,local
42_5,slab,-45.46844021,62749.252,TRUE,"[4.61989672, 0.0, -5.33459723, -0.0, 9.85549399, -2.66729862, 0.0, 0.0, 40.00947925]",48,0,local
42_6,slab,-45.72089242,76502.461,TRUE,"[4.61989672, 0.0, -5.33459723, -0.0, 9.85549399, -2.66729862, 0.0, 0.0, 40.00947925]",48,0,local
42_7_1,slab,-27.33966937,20635.737,TRUE,"[4.927747, 0.0, 0.0, 0.0, 4.61989672, -5.33459723, 0.0, 0.0, 42.67677786]",28,0,local
42_7_2,slab,-31.81656682,16266.815,TRUE,"[4.927747, 0.0, 0.0, 0.0, 4.61989672, -5.33459723, 0.0, 0.0, 45.34407648]",32,0,local
42_7,slab,-23.02051124,6339.59,TRUE,"[4.927747, 0.0, 0.0, 0.0, 4.61989672, -5.33459723, 0.0, 0.0, 40.00947925]",24,0,local
42_8_1,slab,-26.72981796,12837.179,TRUE,"[4.927747, 0.0, 0.0, 0.0, 4.61989672, -5.33459723, 0.0, 0.0, 42.67677786]",28,0,local
42_8_2,slab,-31.09282932,14168.769,TRUE,"[4.927747, 0.0, 0.0, 0.0, 4.61989672, -5.33459723, 0.0, 0.0, 45.34407648]",32,0,local
42_8,slab,-22.35922815,9282.053,TRUE,"[4.927747, 0.0, 0.0, 0.0, 4.61989672, -5.33459723, 0.0, 0.0, 40.00947925]",24,0,local
42_9_1,slab,-11.868955,10069.754,TRUE,"[2.30994836, 0.0, -1.33364931, 0.0, 4.927747, -2.66729862, 0.0, 0.0, 37.34218063]",12,0,local
42_9_2,slab,-14.05157227,8081.409,TRUE,"[2.30994836, 0.0, -1.33364931, 0.0, 4.927747, -2.66729862, 0.0, 0.0, 40.00947925]",14,0,local
42_9,slab,-9.66301205,4637.891,TRUE,"[2.30994836, 0.0, -1.33364931, 0.0, 4.927747, -2.66729862, 0.0, 0.0, 34.67488201]",10,0,local
43_0_1,slab,-87.07333337,698.789,TRUE,"[4.03892969, 0.0, -4.03892969, -0.0, 4.03892969, -4.03892969, 0.0, 0.0, 52.50608601]",24,4.17E-09,local
43_0_2,slab,-102.0422289,1165.055,TRUE,"[4.03892969, 0.0, -4.03892969, -0.0, 4.03892969, -4.03892969, 0.0, 0.0, 56.5450157]",28,1.32E-07,local
43_0,slab,-72.06962318,541.148,TRUE,"[4.03892969, 0.0, -4.03892969, -0.0, 4.03892969, -4.03892969, 0.0, 0.0, 48.46715632]",20,3.00E-08,local
43_1,slab,-114.2075127,3562.117,TRUE,"[4.03892969, 0.0, 4.03892969, 4.03892969, 8.07785939, 0.0, 0.0, 0.0, 40.38929693]",32,0,local
43_2_1,slab,-72.04603738,1753.805,TRUE,"[4.03892969, 0.0, 0.0, 0.0, 4.03892969, -4.03892969, 0.0, 0.0, 44.42822663]",20,0,local
43_2_2,slab,-87.02531874,2051.12,TRUE,"[4.03892969, 0.0, 0.0, 0.0, 4.03892969, -4.03892969, 0.0, 0.0, 48.46715632]",24,4.58E-08,local
43_2,slab,-57.13423093,498.516,TRUE,"[4.03892969, 0.0, 0.0, 0.0, 4.03892969, -4.03892969, 0.0, 0.0, 40.38929693]",16,6.25E-09,local
43_3,slab,-230.6316301,6589.939,TRUE,"[8.07785939, 0.0, -4.03892969, -0.0, 8.07785939, -4.03892969, 0.0, 0.0, 36.35036724]",64,0,local
43_4,slab,-85.21258347,1308.299,TRUE,"[4.03892969, 0.0, 0.0, 0.0, 8.07785939, -4.03892969, 0.0, 0.0, 32.31143755]",24,0,local
43_5_1,slab,-57.96235989,113.074,TRUE,"[4.03892969, 0.0, 0.0, 0.0, 4.03892969, 0.0, 0.0, 0.0, 32.31143755]",16,1.38E-06,local
43_5_2,slab,-72.97127236,1082.706,TRUE,"[4.03892969, 0.0, 0.0, 0.0, 4.03892969, 0.0, 0.0, 0.0, 36.35036724]",20,0,local
43_5,slab,-43.06752944,228.176,TRUE,"[4.03892969, 0.0, 0.0, 0.0, 4.03892969, 0.0, 0.0, 0.0, 28.27250785]",12,8.33E-09,local
44_0_1,slab,-141.4300021,1971.415,TRUE,"[3.9670337, 0.0, -3.9670337, -0.0, 3.9670337, -3.9670337, 0.0, 0.0, 51.57143816]",24,1.88E-06,local
44_0_2,slab,-165.7908002,3258.74,TRUE,"[3.9670337, 0.0, -3.9670337, -0.0, 3.9670337, -3.9670337, 0.0, 0.0, 55.53847186]",28,5.86E-07,local
44_0,slab,-116.9353667,1389.456,TRUE,"[3.9670337, 0.0, -3.9670337, -0.0, 3.9670337, -3.9670337, 0.0, 0.0, 47.60440446]",20,1.82E-05,local
44_1,slab,-185.4415685,26956.523,TRUE,"[3.9670337, 0.0, -3.9670337, 0.0, 7.93406741, -3.9670337, 0.0, 0.0, 39.67033705]",32,4.06E-08,local
44_2_1,slab,-116.7993032,4688.242,TRUE,"[3.9670337, 0.0, 0.0, 0.0, 3.9670337, -3.9670337, 0.0, 0.0, 43.63737075]",20,2.00E-08,local
44_2_2,slab,-141.1874448,13384.752,TRUE,"[3.9670337, 0.0, 0.0, 0.0, 3.9670337, -3.9670337, 0.0, 0.0, 47.60440446]",24,4.29E-07,local
44_2,slab,-92.34607492,4592.313,TRUE,"[3.9670337, 0.0, 0.0, 0.0, 3.9670337, -3.9670337, 0.0, 0.0, 39.67033705]",16,1.14E-06,local
44_3,slab,-374.0166934,53273.573,TRUE,"[7.93406741, 0.0, -3.9670337, -0.0, 7.93406741, -3.9670337, 0.0, 0.0, 35.70330334]",64,4.84E-08,local
44_4,slab,-137.9686065,8793.744,TRUE,"[3.9670337, 0.0, 0.0, 0.0, 7.93406741, -3.9670337, 0.0, 0.0, 31.73626964]",24,3.33E-08,local
44_5_1,slab,-93.92556135,1497.365,TRUE,"[3.9670337, 0.0, 0.0, 0.0, 3.9670337, 0.0, 0.0, 0.0, 31.73626964]",16,2.81E-07,local
44_5_2,slab,-118.330938,2266.261,TRUE,"[3.9670337, 0.0, 0.0, 0.0, 3.9670337, 0.0, 0.0, 0.0, 35.70330334]",20,3.68E-05,local
44_5,slab,-69.54525811,840.352,TRUE,"[3.9670337, 0.0, 0.0, 0.0, 3.9670337, 0.0, 0.0, 0.0, 27.76923593]",12,1.50E-07,local
4_0_1,slab,-35.53274493,3957.188,TRUE,"[5.52578882, 0.0, -5.52578882, -0.0, 5.52578882, -5.52578882, 0.0, 0.0, 55.25788823]",20,2.09E-06,local
4_0_2,slab,-43.21874971,5763.904,TRUE,"[5.52578882, 0.0, -5.52578882, -0.0, 5.52578882, -5.52578882, 0.0, 0.0, 60.78367705]",24,4.29E-06,local
4_0,slab,-27.85929882,2310.452,TRUE,"[5.52578882, 0.0, -5.52578882, -0.0, 5.52578882, -5.52578882, 0.0, 0.0, 49.7320994]",16,6.11E-06,local
4_1,slab,-40.38144885,10730.607,TRUE,"[5.52578882, 0.0, -5.52578882, 0.0, 11.05157765, -5.52578882, 0.0, 0.0, 44.20631058]",24,2.50E-06,local
4_2_1,slab,-27.93410385,4113.415,TRUE,"[5.52578882, 0.0, 0.0, 0.0, 5.52578882, -5.52578882, 0.0, 0.0, 44.20631058]",16,3.08E-06,local
4_2_2,slab,-35.66845911,5088.706,TRUE,"[5.52578882, 0.0, 0.0, 0.0, 5.52578882, -5.52578882, 0.0, 0.0, 49.7320994]",20,1.05E-05,local
4_2,slab,-20.22977106,1809.46,TRUE,"[5.52578882, 0.0, 0.0, 0.0, 5.52578882, -5.52578882, 0.0, 0.0, 38.68052176]",12,2.88E-06,local
4_3,slab,-82.88986397,19892.541,TRUE,"[11.05157765, 0.0, -5.52578882, -0.0, 11.05157765, -5.52578882, 0.0, 0.0, 38.68052176]",48,9.02E-07,local
4_4,slab,-41.57273254,9083.778,TRUE,"[5.52578882, 0.0, 0.0, 0.0, 11.05157765, -5.52578882, 0.0, 0.0, 38.68052176]",24,6.80E-06,local
4_5_1,slab,-21.39822814,1173.864,TRUE,"[5.52578882, 0.0, 0.0, 0.0, 5.52578882, 0.0, 0.0, 0.0, 33.15473294]",12,1.85E-06,local
4_5_2,slab,-29.1041795,1332.465,TRUE,"[5.52578882, 0.0, 0.0, 0.0, 5.52578882, 0.0, 0.0, 0.0, 38.68052176]",16,9.38E-08,local
4_5,slab,-13.67046118,702.002,TRUE,"[5.52578882, 0.0, 0.0, 0.0, 5.52578882, 0.0, 0.0, 0.0, 27.62894411]",8,1.58E-06,local
5_0,slab,-88.81115046,166642.43,TRUE,"[7.77898636, 0.0, -4.52913507, 0.0, 4.63289909, -4.52913507, 0.0, 0.0, 45.29135072]",32,0,local
5_10,slab,,,FALSE,,,,local
5_11,slab,,,FALSE,,,,local
5_12,slab,-134.1683435,159741.385,TRUE,"[4.63289909, 0.0, 0.0, 0.0, 15.55797273, -4.52913507, 0.0, 0.0, 31.7039455]",48,0,local
5_13,slab,-134.8299748,113734.752,TRUE,"[4.63289909, 0.0, 0.0, 0.0, 15.55797273, -4.52913507, 0.0, 0.0, 31.7039455]",48,2.08E-09,local
5_14,slab,-89.11025454,116417.691,TRUE,"[7.77898636, 0.0, 0.0, -0.0, 4.63289909, -4.52913507, 0.0, 0.0, 40.76221564]",32,0,local
5_15,slab,-89.22617868,46974.175,TRUE,"[7.77898636, 0.0, 0.0, -0.0, 4.63289909, -4.52913507, 0.0, 0.0, 40.76221564]",32,0,local
5_16,slab,-133.2550495,125597.981,TRUE,"[7.77898636, 0.0, 0.0, 0.0, 9.26579818, -4.52913507, 0.0, 0.0, 31.7039455]",48,0,local
5_17,slab,-133.4759752,106525.75,TRUE,"[7.77898636, 0.0, 0.0, 0.0, 9.26579818, -4.52913507, 0.0, 0.0, 31.7039455]",48,0,local
5_18,slab,-67.52266764,10637.653,TRUE,"[7.77898636, 0.0, 0.0, 0.0, 4.63289909, 0.0, 0.0, 0.0, 31.7039455]",24,0,local
5_19,slab,-132.8554032,263295.086,TRUE,"[11.94005389, 0.0, 0.0, 6.87201739, 5.9014943, 4.63289909, 0.0, 0.0, 37.06319272]",48,0,local
5_1,slab,-88.38273624,93565.683,TRUE,"[7.77898636, 0.0, -4.52913507, 0.0, 4.63289909, -4.52913507, 0.0, 0.0, 45.29135072]",32,0,local
5_20,slab,-132.9901298,150390.395,TRUE,"[11.94005389, 0.0, 0.0, 6.87201739, 5.9014943, 4.63289909, 0.0, 0.0, 37.06319272]",48,0,local
5_21,slab,-132.7155622,203289.301,TRUE,"[11.94005389, 0.0, 0.0, 6.87201739, 5.9014943, 4.63289909, 0.0, 0.0, 37.06319272]",48,0,local
5_22,slab,-134.0809073,272483.52,TRUE,"[9.05827014, 0.0, 7.77898636, 4.52913507, 4.63289909, -0.0, 0.0, 0.0, 54.45290455]",48,0,local
5_23,slab,-134.3914183,279375.476,TRUE,"[9.05827014, 0.0, 7.77898636, 4.52913507, 4.63289909, -0.0, 0.0, 0.0, 54.45290455]",48,0,local
5_24,slab,-88.73377875,147456.402,TRUE,"[4.63289909, 0.0, 0.0, -0.0, 9.05827014, 7.77898636, 0.0, 0.0, 38.89493182]",32,0,local
5_25,slab,-88.89015797,110814.781,TRUE,"[4.63289909, 0.0, 0.0, -0.0, 9.05827014, 7.77898636, 0.0, 0.0, 38.89493182]",32,0,local
5_26,slab,-133.4930609,174762.414,TRUE,"[9.00142729, 0.0, 0.0, 4.55773597, 7.82810966, 4.63289909, 0.0, 0.0, 32.43029363]",48,0,local
5_27,slab,-133.0351256,83423.556,TRUE,"[9.00142729, 0.0, 0.0, 4.55773597, 7.82810966, 4.63289909, 0.0, 0.0, 32.43029363]",48,0,local
5_28,slab,-133.1494916,106862.881,TRUE,"[7.77898636, 0.0, 0.0, -0.0, 9.05827014, 4.63289909, 0.0, 0.0, 32.43029363]",48,0,local
5_29,slab,-133.8556566,116317.802,TRUE,"[7.77898636, 0.0, 0.0, -0.0, 9.05827014, 4.63289909, 0.0, 0.0, 32.43029363]",48,0,local
5_2,slab,-88.85112336,33636.036,TRUE,"[7.77898636, 0.0, -4.52913507, 0.0, 4.63289909, -4.52913507, 0.0, 0.0, 45.29135072]",32,0,local
5_30,slab,-66.00320537,56786.345,TRUE,"[4.52913507, 0.0, 0.0, -0.0, 7.77898636, 4.63289909, 0.0, 0.0, 32.43029363]",24,0,local
5_31,slab,-66.5020952,90189.72,TRUE,"[4.52913507, 0.0, 0.0, -0.0, 7.77898636, 4.63289909, 0.0, 0.0, 32.43029363]",24,0,local
5_32,slab,-65.87619094,38390.886,TRUE,"[4.52913507, 0.0, 0.0, -0.0, 7.77898636, 4.63289909, 0.0, 0.0, 32.43029363]",24,0,local
5_33,slab,-88.41968473,88759.188,TRUE,"[4.52913507, 0.0, 0.0, -0.0, 9.26579818, -7.77898636, 0.0, 0.0, 38.89493182]",32,0,local
5_34,slab,-88.36123433,74663.937,TRUE,"[4.52913507, 0.0, 0.0, -0.0, 9.26579818, -7.77898636, 0.0, 0.0, 38.89493182]",32,0,local
5_35,slab,-88.80374225,72958.233,TRUE,"[4.52913507, 0.0, 0.0, -0.0, 9.26579818, -7.77898636, 0.0, 0.0, 38.89493182]",32,0,local
5_36,slab,-44.26048144,9506.08,TRUE,"[4.52913507, 0.0, 0.0, 0.0, 4.63289909, 0.0, 0.0, 0.0, 31.11594546]",16,6.25E-09,local
5_37,slab,-44.0430562,11399.899,TRUE,"[4.52913507, 0.0, 0.0, 0.0, 4.63289909, 0.0, 0.0, 0.0, 31.11594546]",16,0,local
5_38,slab,-133.6124364,270612.565,TRUE,"[4.52913507, 0.0, 0.0, -0.0, 15.55797273, 4.63289909, 0.0, 0.0, 32.43029363]",48,0,local
5_39,slab,-133.056044,222888.817,TRUE,"[4.52913507, 0.0, 0.0, -0.0, 15.55797273, 4.63289909, 0.0, 0.0, 32.43029363]",48,0,local
5_3,slab,-132.6566149,168724.469,TRUE,"[7.77898636, 0.0, -4.52913507, 0.0, 9.26579818, -4.52913507, 0.0, 0.0, 36.23308057]",48,0,local
5_40,slab,-66.92567973,43855.632,TRUE,"[4.52913507, 0.0, 0.0, 0.0, 7.77898636, 0.0, 0.0, 0.0, 32.43029363]",24,0,local
5_41,slab,-67.18492879,41478.741,TRUE,"[4.52913507, 0.0, 0.0, 0.0, 7.77898636, 0.0, 0.0, 0.0, 32.43029363]",24,0,local
5_4,slab,-132.1609876,229075.261,TRUE,"[7.77898636, 0.0, -4.52913507, 0.0, 9.26579818, -4.52913507, 0.0, 0.0, 36.23308057]",48,0,local
5_5,slab,-132.3255984,112830.283,TRUE,"[7.77898636, 0.0, -4.52913507, 0.0, 9.26579818, -4.52913507, 0.0, 0.0, 36.23308057]",48,0,local
5_6,slab,-66.23819002,35424.694,TRUE,"[4.63289909, 0.0, 0.0, 0.0, 7.77898636, -4.52913507, 0.0, 0.0, 31.7039455]",24,0,local
5_7,slab,-66.11387376,39608.56,TRUE,"[4.63289909, 0.0, 0.0, 0.0, 7.77898636, -4.52913507, 0.0, 0.0, 31.7039455]",24,0,local
5_8,slab,,,FALSE,,,,local
5_9,slab,-177.8500458,209724.758,TRUE,"[15.55797273, 0.0, -4.52913507, -0.0, 4.63289909, -4.52913507, 0.0, 0.0, 40.76221564]",64,0,local
6_0,slab,-25.13806467,11788.165,TRUE,"[25.01550772, 0.0, 7.808912, 22.52114916, 7.49505312, 15.57926129, 0.0, 0.0, 38.85174646]",32,0.012596663,local
6_10,slab,-53.00127306,36216.238,TRUE,"[28.5126036, 0.0, -7.808912, 19.75891042, 13.15155654, 7.73178658, 0.0, 0.0, 38.85174646]",64,3.92E-07,local
6_11,slab,-53.22415613,30041.79,TRUE,"[28.5126036, 0.0, -7.808912, 19.75891042, 13.15155654, 7.73178658, 0.0, 0.0, 38.85174646]",64,1.59E-07,local
6_12,slab,-55.31093259,44269.534,TRUE,"[28.5126036, 0.0, -7.808912, 19.75891042, 13.15155654, -0.03856271, 0.0, 0.0, 38.85174646]",64,7.81E-08,local
6_13,slab,-27.16055069,21727.22,TRUE,"[7.89921806, 0.0, 0.0, -0.0, 23.73558469, 15.57926129, 0.0, 0.0, 38.85174646]",32,2.09E-07,local
6_14,slab,-26.75851715,19238.115,TRUE,"[7.89921806, 0.0, 0.0, -0.0, 23.73558469, 23.34961059, 0.0, 0.0, 38.85174646]",32,1.06E-07,local
6_15,slab,-14.24008368,3499.587,TRUE,"[7.89921806, 0.0, 0.0, 0.0, 7.38114867, -2.42836826, 0.0, 0.0, 49.97427687]",16,2.81E-07,local
6_16,slab,,,FALSE,,,,local
6_17,slab,-27.93037421,6652.828,TRUE,"[7.89921806, 0.0, 0.0, 0.0, 23.73558469, -0.03856271, 0.0, 0.0, 31.08139717]",32,6.88E-08,local
6_18,slab,,,FALSE,,,,local
6_19,slab,,,FALSE,,,,local
6_1,slab,-24.92867869,13055.978,TRUE,"[25.01550772, 0.0, 7.808912, 22.52114916, 7.49505312, 15.57926129, 0.0, 0.0, 38.85174646]",32,0.000152022,local
6_20,slab,-55.2568121,156689.198,TRUE,"[49.97427687, 0.0, 7.89921806, 27.41550669, 7.38114867, 0.0, 0.0, 0.0, 39.49609029]",64,2.66E-08,local
6_21,slab,-55.56398634,90205.672,TRUE,"[7.77034929, 0.0, 0.0, 15.617824, 47.47116938, 7.89921806, 0.0, 0.0, 31.59687223]",64,5.94E-08,local
6_22,slab,-55.58469752,143475.058,TRUE,"[7.77034929, 0.0, 0.0, 15.617824, 47.47116938, 7.89921806, 0.0, 0.0, 31.59687223]",64,9.38E-09,local
6_23,slab,-55.38582138,85032.088,TRUE,"[49.97427687, 0.0, -7.89921806, 22.55877018, 7.38114867, 0.0, 0.0, 0.0, 39.49609029]",64,6.25E-09,local
6_24,slab,,,FALSE,,,,local
6_25,slab,,,FALSE,,,,local
6_26,slab,-54.95943511,89631.062,TRUE,"[25.01550772, 0.0, 7.808912, 45.04229831, 14.99010624, 23.3881733, 0.0, 0.0, 38.85174646]",64,9.06E-08,local
6_27,slab,-55.71613367,157197.694,TRUE,"[25.01550772, 0.0, -7.808912, 45.04229831, 14.99010624, -7.84747471, 0.0, 0.0, 38.85174646]",64,2.03E-08,local
6_28,slab,-54.62371722,98948.896,TRUE,"[7.89921806, 0.0, 0.0, -0.0, 47.47116938, 23.3881733, 0.0, 0.0, 38.85174646]",64,1.06E-07,local
6_29,slab,,,FALSE,,,,local
6_2,slab,-55.07477784,59849.639,TRUE,"[24.98713844, 0.0, 7.89921806, 29.84387495, 14.76229734, 0.0, 0.0, 0.0, 39.49609029]",64,1.11E-07,local
6_30,slab,-28.05280953,8077.741,TRUE,"[24.98713844, 0.0, 0.0, -2.42836826, 7.38114867, 0.0, 0.0, 0.0, 31.59687223]",32,1.26E-05,local
6_31,slab,-54.84544309,89476.606,TRUE,"[23.73558469, 0.0, -7.808912, -0.0, 15.79843612, 7.77034929, 0.0, 0.0, 38.85174646]",64,3.44E-08,local
6_3,slab,-27.5966321,20601.15,TRUE,"[7.77034929, 0.0, 0.0, 7.808912, 23.73558469, 7.89921806, 0.0, 0.0, 39.49609029]",32,2.69E-07,local
6_4,slab,-55.7265822,47304.637,TRUE,"[24.98713844, 0.0, -7.89921806, 20.13040192, 14.76229734, 0.0, 0.0, 0.0, 39.49609029]",64,1.31E-07,local
6_5,slab,-25.21779675,14063.842,TRUE,"[25.01550772, 0.0, -7.808912, 22.52114916, 7.49505312, -0.03856271, 0.0, 0.0, 38.85174646]",32,0.000339822,local
6_6,slab,-54.53742729,57340.957,TRUE,"[28.5126036, 0.0, 7.808912, 19.75891042, 13.15155654, 15.57926129, 0.0, 0.0, 38.85174646]",64,2.34E-07,local
6_7,slab,,,FALSE,,,,local
6_8,slab,,,FALSE,,,,local
6_9,slab,-27.15034695,15711.147,TRUE,"[7.77034929, 0.0, 0.0, 7.808912, 23.73558469, 15.79843612, 0.0, 0.0, 39.49609029]",32,2.50E-08,local
7_0_1,slab,-158.8356659,4060.172,TRUE,"[3.32171443, 0.0, -3.32171443, -0.0, 3.32171443, -3.32171443, 0.0, 0.0, 49.82571641]",14,5.86E-07,local
7_0_2,slab,-182.4691355,5888.196,TRUE,"[3.32171443, 0.0, -3.32171443, -0.0, 3.32171443, -3.32171443, 0.0, 0.0, 53.14743083]",16,2.63E-07,local
7_0,slab,-135.2775309,2310.515,TRUE,"[3.32171443, 0.0, -3.32171443, -0.0, 3.32171443, -3.32171443, 0.0, 0.0, 46.50400198]",12,2.50E-08,local
7_1_1,slab,-272.5511743,17951.239,TRUE,"[3.32171443, 0.0, -3.32171443, 0.0, 6.64342885, -3.32171443, 0.0, 0.0, 43.18228755]",24,0,local
7_1_2,slab,-319.8198447,30342.047,TRUE,"[3.32171443, 0.0, -3.32171443, 0.0, 6.64342885, -3.32171443, 0.0, 0.0, 46.50400198]",28,3.57E-09,local
7_1,slab,-225.3314457,9324.442,TRUE,"[3.32171443, 0.0, -3.32171443, 0.0, 6.64342885, -3.32171443, 0.0, 0.0, 39.86057312]",20,0,local
7_2_1,slab,-137.1781982,2574.168,TRUE,"[3.32171443, 0.0, 0.0, 0.0, 3.32171443, -3.32171443, 0.0, 0.0, 43.18228755]",12,5.00E-08,local
7_2_2,slab,-160.8070783,4232.1,TRUE,"[3.32171443, 0.0, 0.0, 0.0, 3.32171443, -3.32171443, 0.0, 0.0, 46.50400198]",14,2.86E-08,local
7_2,slab,-113.5267261,1484.113,TRUE,"[3.32171443, 0.0, 0.0, 0.0, 3.32171443, -3.32171443, 0.0, 0.0, 39.86057312]",10,1.30E-07,local
7_3,slab,-360.017004,16251.594,TRUE,"[6.64342885, 0.0, -3.32171443, -0.0, 6.64342885, -3.32171443, 0.0, 0.0, 33.21714427]",32,1.22E-07,local
7_4_1,slab,-228.401556,10766.645,TRUE,"[3.32171443, 0.0, 0.0, 0.0, 6.64342885, -3.32171443, 0.0, 0.0, 36.5388587]",20,1.00E-08,local
7_4_2,slab,-275.7025286,11219.965,TRUE,"[3.32171443, 0.0, 0.0, 0.0, 6.64342885, -3.32171443, 0.0, 0.0, 39.86057312]",24,5.00E-08,local
7_4,slab,-181.1905073,5410.551,TRUE,"[3.32171443, 0.0, 0.0, 0.0, 6.64342885, -3.32171443, 0.0, 0.0, 33.21714427]",16,1.25E-08,local
7_5_1,slab,-114.6800013,1390.41,TRUE,"[3.32171443, 0.0, 0.0, 0.0, 3.32171443, 0.0, 0.0, 0.0, 33.21714427]",10,0,local
7_5_2,slab,-138.3449961,2582.341,TRUE,"[3.32171443, 0.0, 0.0, 0.0, 3.32171443, 0.0, 0.0, 0.0, 36.5388587]",12,3.33E-08,local
7_5,slab,-91.05881421,604.449,TRUE,"[3.32171443, 0.0, 0.0, 0.0, 3.32171443, 0.0, 0.0, 0.0, 29.89542984]",8,1.25E-08,local
8_0_1,slab,-120.7693741,3115.506,TRUE,"[3.94026781, 0.0, -3.94026781, -0.0, 3.94026781, -3.94026781, 0.0, 0.0, 51.22348154]",24,0.371516996,local
8_0_2,slab,-141.7036155,2860.158,TRUE,"[3.94026781, 0.0, -3.94026781, -0.0, 3.94026781, -3.94026781, 0.0, 0.0, 55.16374935]",28,0.360704125,local
8_0,slab,-99.96725917,1113.479,TRUE,"[3.94026781, 0.0, -3.94026781, -0.0, 3.94026781, -3.94026781, 0.0, 0.0, 47.28321372]",20,0.39464529,local
8_1,slab,-158.3659407,24037.217,TRUE,"[3.94026781, 0.0, -3.94026781, 0.0, 7.88053562, -3.94026781, 0.0, 0.0, 39.4026781]",32,0.337073553,local
8_2_1,slab,-100.0303767,8337.27,TRUE,"[3.94026781, 0.0, 0.0, 0.0, 3.94026781, -3.94026781, 0.0, 0.0, 43.34294591]",20,0.37510559,local
8_2_2,slab,-120.9003325,9455.853,TRUE,"[3.94026781, 0.0, 0.0, 0.0, 3.94026781, -3.94026781, 0.0, 0.0, 47.28321372]",24,0.349019246,local
8_2,slab,-79.18228317,4282.35,TRUE,"[3.94026781, 0.0, 0.0, 0.0, 3.94026781, -3.94026781, 0.0, 0.0, 39.4026781]",16,0.350886081,local
8_3,slab,-319.4522855,59663.067,TRUE,"[7.88053562, 0.0, -3.94026781, -0.0, 7.88053562, -3.94026781, 0.0, 0.0, 35.46241029]",64,0.288021541,local
8_4,slab,-118.1757859,9911.29,TRUE,"[3.94026781, 0.0, 0.0, 0.0, 7.88053562, -3.94026781, 0.0, 0.0, 31.52214248]",24,0.266089254,local
8_5_1,slab,-80.53391877,2245.896,TRUE,"[3.94026781, 0.0, 0.0, 0.0, 3.94026781, 0.0, 0.0, 0.0, 31.52214248]",16,0.2544111,local
8_5_2,slab,-101.4144075,3383.252,TRUE,"[3.94026781, 0.0, 0.0, 0.0, 3.94026781, 0.0, 0.0, 0.0, 35.46241029]",20,0.24989785,local
8_5,slab,,,FALSE,,,,local
9_0_1,slab,-127.1276713,4833.526,TRUE,"[2.8334953, 0.0, -2.8334953, -0.0, 2.8334953, -2.8334953, 0.0, 0.0, 51.00291545]",16,2.381948563,local
9_0_2,slab,-143.5841353,11872.237,TRUE,"[2.8334953, 0.0, -2.8334953, -0.0, 2.8334953, -2.8334953, 0.0, 0.0, 53.83641075]",18,2.342762644,local
9_0,slab,-110.6276109,5846.235,TRUE,"[2.8334953, 0.0, -2.8334953, -0.0, 2.8334953, -2.8334953, 0.0, 0.0, 48.16942014]",14,2.401300736,local
9_1_1,slab,-222.7286987,36002.09,TRUE,"[2.8334953, 0.0, 2.8334953, 2.8334953, 5.66699061, 0.0, 0.0, 0.0, 42.50242954]",28,2.382730675,local
9_1_2,slab,-255.6794091,48417.73,TRUE,"[2.8334953, 0.0, 2.8334953, 2.8334953, 5.66699061, 0.0, 0.0, 0.0, 45.33592484]",32,2.366434497,local
9_1,slab,-189.7636244,20398.637,TRUE,"[2.8334953, 0.0, 2.8334953, 2.8334953, 5.66699061, 0.0, 0.0, 0.0, 39.66893424]",24,2.42146645,local
9_2_1,slab,-95.40737286,1080.702,TRUE,"[2.8334953, 0.0, 0.0, 0.0, 2.8334953, -2.8334953, 0.0, 0.0, 39.66893424]",12,2.362902025,local
9_2_2,slab,-111.8733685,1602.285,TRUE,"[2.8334953, 0.0, 0.0, 0.0, 2.8334953, -2.8334953, 0.0, 0.0, 42.50242954]",14,2.34471295,local
9_2,slab,-78.91130455,1040.63,TRUE,"[2.8334953, 0.0, 0.0, 0.0, 2.8334953, -2.8334953, 0.0, 0.0, 36.83543893]",10,2.42201009,local
9_3,slab,-316.8388755,48842.084,TRUE,"[5.66699061, 0.0, -2.8334953, -0.0, 5.66699061, -2.8334953, 0.0, 0.0, 34.00194363]",40,2.401673903,local
9_4_1,slab,-159.0346715,12901.835,TRUE,"[2.8334953, 0.0, 0.0, 0.0, 5.66699061, -2.8334953, 0.0, 0.0, 31.16844833]",20,2.41565481,local
9_4_2,slab,-191.9930608,20128.7,TRUE,"[2.8334953, 0.0, 0.0, 0.0, 5.66699061, -2.8334953, 0.0, 0.0, 34.00194363]",24,2.378732804,local
9_4,slab,-126.0978802,13040.74,TRUE,"[2.8334953, 0.0, 0.0, 0.0, 5.66699061, -2.8334953, 0.0, 0.0, 28.33495303]",16,2.47664785,local
9_5_1,slab,-79.88248333,1571.171,TRUE,"[2.8334953, 0.0, 0.0, 0.0, 2.8334953, 0.0, 0.0, 0.0, 31.16844833]",10,2.45182434,local
9_5_2,slab,-96.3466595,2038.033,TRUE,"[2.8334953, 0.0, 0.0, 0.0, 2.8334953, 0.0, 0.0, 0.0, 34.00194363]",12,2.410704258,local
9_5,slab,-63.40023612,1688.934,TRUE,"[2.8334953, 0.0, 0.0, 0.0, 2.8334953, 0.0, 0.0, 0.0, 28.33495303]",8,2.537152575,local
