id,type,energy,time,convergence,lattice_1d,atom_amount,mag_per_atom,runtype
101_3,bulk,-74.70457728,99.994,True,"[6.01324683, 0.0, -3.00662341, 0.0, 6.01324683, -3.00662341, 0.0, 0.0, 3.00662341]",8.0,0.3019792875,local
102_2,bulk,-59.35511424,93.806,True,"[9.64852398, 0.0, 0.0, 0.0, 4.3889723, -4.3889723, 0.0, 0.0, 4.3889723]",8.0,0.0005083625,local
102_9,bulk,-118.72911125,225.896,True,"[4.3889723, 0.0, 0.0, 0.0, 19.29704795, -4.3889723, 0.0, 0.0, 4.3889723]",16.0,1.286875e-05,local
103_0,bulk,-36.28110387,115.541,True,"[6.7198867, 0.0, -6.7198867, -0.0, 6.7198867, -6.7198867, 0.0, 0.0, 6.7198867]",12.0,0.00013216666666666666,local
105_19,bulk,-34.50399555,35.514,True,"[3.03017989, 0.0, 0.0, 0.0, 3.03017989, 0.0, 0.0, 0.0, 10.68922171]",6.0,6.558333333333333e-05,local
105_5,bulk,-69.00683681,208.732,True,"[6.06035979, 0.0, -3.03017989, -0.0, 10.68922171, -3.03017989, 0.0, 0.0, 3.03017989]",12.0,8.103333333333333e-05,local
105_9,bulk,-69.00321332,145.176,True,"[10.68922171, 0.0, 0.0, 0.0, 6.06035979, -3.03017989, 0.0, 0.0, 3.03017989]",12.0,8.855833333333334e-05,local
106_20,bulk,-29.34476491,188.93,True,"[9.41416976, 0.0, 0.0, 0.0, 5.43527344, -4.33007478, 0.0, 0.0, 4.33007478]",16.0,5.015e-05,local
108_13,bulk,-57.89138942,139.926,True,"[3.30884336, 0.0, 0.0, 0.0, 16.79677489, -3.30884336, 0.0, 0.0, 3.30884336]",12.0,2.8791666666666667e-05,local
108_16,bulk,-28.95068725,73.464,True,"[3.30884336, 0.0, -3.30884336, -0.0, 8.39838744, -6.61768672, 0.0, 0.0, 3.30884336]",6.0,1.1849999999999998e-05,local
108_4,bulk,-28.9442729,76.455,True,"[8.39838744, 0.0, 0.0, 0.0, 3.30884336, -3.30884336, 0.0, 0.0, 3.30884336]",6.0,5.4e-06,local
108_5,bulk,-57.88774064,254.17,True,"[6.61768672, 0.0, -3.30884336, -0.0, 8.39838744, -3.30884336, 0.0, 0.0, 3.30884336]",12.0,2.375e-06,local
110_1,bulk,-258.35151151,323.439,True,"[7.57418574, 0.0, 7.57418574, 7.57418574, 7.57418574, -0.0, 0.0, 0.0, 7.57418574]",24.0,6.5125e-06,local
110_2,bulk,-516.71429355,1945.56,True,"[7.57418574, 0.0, -7.57418574, 0.0, 15.14837148, -7.57418574, 0.0, 0.0, 7.57418574]",48.0,7.012083333333333e-05,local
111_2,bulk,-42.52413014,185.301,True,"[2.92540826, 0.0, -2.92540826, -0.0, 20.44956728, -2.92540826, 0.0, 0.0, 2.92540826]",12.0,4.916666666666667e-07,local
111_4,bulk,-21.2603601,29.593,True,"[10.22478364, 0.0, 0.0, -0.0, 2.92540826, 2.92540826, 0.0, 0.0, 2.92540826]",6.0,4.8683333333333335e-05,local
113_0,bulk,-11.08843673,21.626,True,"[3.40273073, 0.0, -3.40273073, -0.0, 3.40273073, -3.40273073, 0.0, 0.0, 3.40273073]",2.0,1.705e-05,local
114_25,bulk,-81.49462435,125.289,True,"[13.57000559, 0.0, -7.0938884, 0.0, 3.580546, -3.5469442, 0.0, 0.0, 3.5469442]",12.0,0.0,local
114_45,bulk,-162.99647281,362.443,True,"[3.5469442, 0.0, 0.0, -0.0, 27.14001118, 3.580546, 0.0, 0.0, 3.580546]",24.0,2.5e-07,local
115_7,bulk,-82.69221924,276.231,True,"[10.13142114, 0.0, -11.69875744, -0.0, 9.67673575, -5.84937872, 0.0, 0.0, 5.84937872]",32.0,4.904375e-05,local
116_10,bulk,-118.14047044,246.016,True,"[8.41438692, 0.0, -9.71609711, -0.0, 9.12427211, -4.85804855, 0.0, 0.0, 4.85804855]",24.0,0.00034630833333333335,local
116_14,bulk,-118.14047044,234.79,True,"[8.41438692, 0.0, -9.71609711, -0.0, 9.12427211, -4.85804855, 0.0, 0.0, 4.85804855]",24.0,0.00034630833333333335,local
119_0,bulk,-49.77529396,67.462,True,"[4.62247317, 0.0, -3.24097964, -0.0, 4.54698159, -3.24097964, 0.0, 0.0, 3.24097964]",4.0,8.9825e-05,local
119_16,bulk,-49.78064173,53.141,True,"[3.24097964, 0.0, 0.0, 0.0, 4.54698159, 0.0, 0.0, 0.0, 4.62247317]",4.0,0.00013255,local
119_17,bulk,-99.55340017,83.742,True,"[3.24097964, 0.0, 0.0, -0.0, 9.24494634, 4.54698159, 0.0, 0.0, 4.54698159]",8.0,8.35e-06,local
120_4,bulk,-138.21102877,319.991,True,"[14.49828619, 0.0, 0.0, 4.14236748, 3.58739547, 4.35450023, 0.0, 0.0, 4.35450023]",16.0,0.0001804625,local
121_5,bulk,-287.53510003,588.626,True,"[10.58311176, 0.0, -5.29155588, -0.0, 10.58311176, -5.29155588, 0.0, 0.0, 5.29155588]",32.0,2.9565625e-05,local
123_17,bulk,-31.56226069,46.604,True,"[3.38857414, 0.0, 0.0, 0.0, 8.81016748, -6.77714829, 0.0, 0.0, 3.38857414]",6.0,1.3348511666666667,local
124_38,bulk,-131.99215895,411.581,True,"[3.31641402, 0.0, 0.0, -0.0, 20.6011109, 4.37866316, 0.0, 0.0, 4.37866316]",16.0,6.125e-07,local
124_41,bulk,-65.99852662,50.999,True,"[3.31641402, 0.0, 0.0, 0.0, 10.30055545, 0.0, 0.0, 0.0, 4.37866316]",8.0,8.9875e-05,local
124_5,bulk,-131.97735841,403.139,True,"[10.30055545, 0.0, -3.31641402, -0.0, 8.75732632, -3.31641402, 0.0, 0.0, 3.31641402]",16.0,5.625e-08,local
124_6,bulk,-65.98686507,75.328,True,"[4.37866316, 0.0, 0.0, 0.0, 10.30055545, -3.31641402, 0.0, 0.0, 3.31641402]",8.0,9.615e-05,local
125_1,bulk,-25.47673351,98.886,True,"[6.7313507, 0.0, -6.7313507, -0.0, 6.7313507, -6.7313507, 0.0, 0.0, 6.7313507]",16.0,3.375e-06,local
125_2,bulk,-25.4767335,92.581,True,"[6.7313507, 0.0, -6.7313507, -0.0, 6.7313507, -6.7313507, 0.0, 0.0, 6.7313507]",16.0,3.375e-06,local
125_7,bulk,-50.87537301,229.49,True,"[6.7313507, 0.0, 0.0, 0.0, 13.46270141, -6.7313507, 0.0, 0.0, 6.7313507]",32.0,4.646875e-06,local
126_10,bulk,-165.75692811,1472.723,True,"[20.5250061, 0.0, -4.07091797, -0.0, 7.75494487, -4.07091797, 0.0, 0.0, 4.07091797]",32.0,6.74375e-06,local
126_15,bulk,-41.43370105,67.972,True,"[10.26250305, 0.0, 0.0, -0.0, 4.07091797, 3.87747243, 0.0, 0.0, 3.87747243]",8.0,1.0675e-05,local
126_28,bulk,-82.8674738,180.661,True,"[10.26250305, 0.0, 0.0, -0.0, 8.14183595, 3.87747243, 0.0, 0.0, 3.87747243]",16.0,7.975e-05,local
126_36,bulk,-41.43808342,46.569,True,"[4.07091797, 0.0, 0.0, 0.0, 3.87747243, 0.0, 0.0, 0.0, 10.26250305]",8.0,7.28125e-05,local
127_1,bulk,-36.64632952,63.968,True,"[2.86418116, 0.0, -2.86418116, 0.0, 7.73556535, -2.86418116, 0.0, 0.0, 2.86418116]",4.0,0.0002529,local
127_7,bulk,-36.65462461,42.86,True,"[2.86418116, 0.0, 0.0, 0.0, 7.73556535, -2.86418116, 0.0, 0.0, 2.86418116]",4.0,8.25e-06,local
128_16,bulk,-150.58658165,1141.202,True,"[9.92228223, 0.0, -4.96114112, -0.0, 9.92228223, -4.96114112, 0.0, 0.0, 4.96114112]",32.0,0.0,local
129_2,bulk,-48.65775739,70.391,True,"[6.33160158, 0.0, 0.0, 0.0, 6.33160158, -6.33160158, 0.0, 0.0, 6.33160158]",8.0,6.52e-05,local
130_0,bulk,-51.42767606,37.272,True,"[5.6652667, 0.0, -3.62601853, -0.0, 5.98782068, -3.62601853, 0.0, 0.0, 3.62601853]",8.0,8e-07,local
130_26,bulk,-102.89956428,143.038,True,"[7.25203707, 0.0, 5.6652667, 7.25203707, 5.98782068, -0.0, 0.0, 0.0, 5.6652667]",16.0,4.625e-07,local
130_35,bulk,-102.87717846,103.679,True,"[6.72631082, 0.0, 0.0, 3.90942695, 6.10806209, 5.98782068, 0.0, 0.0, 5.98782068]",16.0,1.4475e-05,local
131_10,bulk,-20.51165688,65.301,True,"[5.68721961, 0.0, 0.0, 2.8436098, 4.92527666, 4.67505072, 0.0, 0.0, 4.67505072]",6.0,1.4333333333333334e-05,local
133_17,bulk,-59.95452887,123.134,True,"[5.60134879, 0.0, 0.0, 5.60134879, 9.7018207, 4.40009754, 0.0, 0.0, 4.40009754]",12.0,9.123333333333333e-05,local
136_18,bulk,-54.25942505,136.131,True,"[11.21780076, 0.0, 0.0, 0.0, 9.1709747, -4.01529994, 0.0, 0.0, 4.01529994]",16.0,7.58125e-06,local
136_31,bulk,-54.25294147,297.137,True,"[11.91476762, 0.0, 0.0, 2.70632784, 7.5608415, 4.58548735, 0.0, 0.0, 4.58548735]",16.0,1.6875e-06,local
136_32,bulk,-54.23508044,131.074,True,"[11.21780076, 0.0, 0.0, -0.0, 8.03059989, 4.58548735, 0.0, 0.0, 4.58548735]",16.0,6.08875e-05,local
137_3,bulk,-62.60327744,87.263,True,"[5.95236951, 0.0, -2.97618476, -0.0, 5.95236951, -2.97618476, 0.0, 0.0, 2.97618476]",8.0,0.3674118125,local
138_3,bulk,-182.04802622,116.848,True,"[6.46600445, 0.0, 0.0, 0.0, 6.46600445, -6.46600445, 0.0, 0.0, 6.46600445]",16.0,1.6875e-07,local
139_6,bulk,-50.4400227,222.452,True,"[7.12575583, 0.0, -3.56287791, -0.0, 8.98834542, -3.56287791, 0.0, 0.0, 3.56287791]",12.0,8.558333333333334e-06,local
141_2,bulk,-17.16026145,38.869,True,"[3.23009566, 0.0, 0.0, 0.0, 3.23009566, -3.23009566, 0.0, 0.0, 3.23009566]",2.0,3e-05,local
142_4,bulk,-110.53460581,372.779,True,"[3.21899134, 0.0, -3.21899134, -0.0, 15.84167873, -3.21899134, 0.0, 0.0, 3.21899134]",10.0,4.15e-06,local
143_13,bulk,-22.16984652,11.132,True,"[3.62305699, 0.0, -2.09177293, 0.0, 5.51661057, 0.0, 0.0, 0.0, 4.18354585]",4.0,5.9075e-05,local
144_11,bulk,-72.61900379,195.159,True,"[14.88902753, 0.0, 0.0, 2.97780551, 5.95561101, 4.12014832, 0.0, 0.0, 4.12014832]",20.0,5.935e-06,local
145_39,bulk,-102.42648856,263.617,True,"[5.49638606, 0.0, 0.0, -0.0, 8.24450501, 7.16158616, 0.0, 0.0, 7.16158616]",16.0,9.73125e-06,local
145_3,bulk,-51.21550234,122.146,True,"[5.49638606, 0.0, -4.1222525, 0.0, 7.16158616, -4.1222525, 0.0, 0.0, 4.1222525]",8.0,5.9925e-05,local
146_14,bulk,-74.7895787,123.104,True,"[4.17756243, 0.0, 0.0, 0.0, 15.58605874, -4.17756243, 0.0, 0.0, 4.17756243]",16.0,3.480625e-05,local
146_4,bulk,-74.78727978,159.031,True,"[15.58605874, 0.0, 0.0, 0.0, 4.17756243, -4.17756243, 0.0, 0.0, 4.17756243]",16.0,4.455e-05,local
147_14,bulk,-53.70022775,137.973,True,"[5.31665746, 0.0, 0.0, 2.65832873, 4.60436042, 4.31102614, 0.0, 0.0, 4.31102614]",8.0,1.4125e-06,local
148_12,bulk,-56.42192928,128.657,True,"[8.02529592, 0.0, -2.93577521, -0.0, 4.69789364, -4.22436806, 0.0, 0.0, 2.93577521]",8.0,2.1725e-05,local
148_59,bulk,-56.42534971,97.868,True,"[4.01264796, 0.0, 0.0, -0.0, 5.66240486, 6.42456439, 0.0, 0.0, 4.87141419]",8.0,2.725e-06,local
148_64,bulk,-28.21104078,86.882,True,"[2.93577521, 0.0, 0.0, -1.28859285, 4.69789364, -4.01264796, 0.0, 0.0, 4.01264796]",4.0,0.000107925,local
148_70,bulk,-56.42370222,210.209,True,"[2.83120243, 0.0, -0.7765751, -0.0, 8.02529592, 4.87141419, 0.0, 0.0, 4.87141419]",8.0,1.07375e-05,local
150_22,bulk,-188.1293666,423.041,True,"[6.49613647, 0.0, 0.0, -0.0, 12.99227293, 5.2450112, 0.0, 0.0, 5.2450112]",24.0,8.844166666666667e-05,local
151_31,bulk,-51.02664312,83.628,True,"[4.29085649, 0.0, 0.0, -0.0, 10.76423132, 3.96418092, 0.0, 0.0, 3.96418092]",8.0,0.0001581125,local
153_0,bulk,-31.36146134,62.316,True,"[4.5690562, 0.0, -4.24345668, -0.0, 5.17329995, -4.24345668, 0.0, 0.0, 4.24345668]",8.0,5.325e-06,local
153_8,bulk,-62.73533933,248.461,True,"[4.5690562, 0.0, -4.24345668, 0.0, 10.3465999, -4.24345668, 0.0, 0.0, 4.24345668]",16.0,5e-08,local
155_34,bulk,-45.8422037,85.959,True,"[3.76063857, 0.0, 0.0, -0.0, 11.00738419, 9.32046682, 0.0, 0.0, 4.66023341]",8.0,2.2e-06,local
155_37,bulk,-45.87002,46.062,True,"[3.76063857, 0.0, 0.0, 0.0, 4.66023341, 0.0, 0.0, 0.0, 11.00738419]",8.0,0.00040735,local
156_4,bulk,-217.74434041,407.028,True,"[6.85237492, 0.0, 0.0, 0.0, 6.85237492, -6.85237492, 0.0, 0.0, 6.85237492]",24.0,1.0041666666666667e-06,local
156_7,bulk,-217.75554926,105.021,True,"[6.85237492, 0.0, 0.0, 0.0, 6.85237492, 0.0, 0.0, 0.0, 6.85237492]",24.0,7.908333333333334e-06,local
158_13,bulk,-97.64742423,62.608,True,"[3.24583065, 0.0, 0.0, 0.0, 23.35644142, -3.24583065, 0.0, 0.0, 3.24583065]",12.0,3.1249999999999997e-06,local
158_15,bulk,-48.82377783,87.256,True,"[3.24583065, 0.0, -3.24583065, 0.0, 11.67822071, -6.4916613, 0.0, 0.0, 3.24583065]",6.0,7.615e-05,local
160_2,bulk,-39.53667779,24.798,True,"[6.0067172, 0.0, 0.0, 0.0, 3.9708037, -3.9708037, 0.0, 0.0, 3.9708037]",6.0,3.8033333333333334e-05,local
162_25,bulk,-62.06754251,41.012,True,"[3.31961987, 0.0, -1.91658342, -0.0, 12.9600019, -7.6663337, 0.0, 0.0, 3.83316685]",8.0,6.06375e-05,local
164_10,bulk,-131.75922217,264.463,True,"[10.69418023, 0.0, -4.06295771, 0.0, 12.92535333, -4.06295771, 0.0, 0.0, 4.06295771]",24.0,6.892083333333333e-05,local
164_17,bulk,-65.88499128,72.236,True,"[5.34709012, 0.0, 0.0, 0.0, 12.92535333, -4.06295771, 0.0, 0.0, 4.06295771]",12.0,6.410833333333334e-05,local
164_1,bulk,-32.94153246,74.718,True,"[5.34709012, 0.0, -4.06295771, -0.0, 6.46267667, -4.06295771, 0.0, 0.0, 4.06295771]",6.0,3.3333333333333334e-08,local
164_37,bulk,-65.88256999,89.424,True,"[4.06295771, 0.0, 0.0, -0.0, 10.69418023, 6.46267667, 0.0, 0.0, 6.46267667]",12.0,1.5e-07,local
165_0,bulk,-16.03398764,20.944,True,"[2.8536, 0.0, 2.8536, 2.8536, 2.8536, -0.0, 0.0, 0.0, 2.8536]",2.0,2.02162935,local
165_3,bulk,-64.14000828,70.642,True,"[5.7072, 0.0, -2.8536, -0.0, 5.7072, -2.8536, 0.0, 0.0, 2.8536]",8.0,2.022247125,local
167_4,bulk,-113.91668541,62.302,True,"[5.81855195, 0.0, 0.0, 0.0, 11.6371039, -5.81855195, 0.0, 0.0, 5.81855195]",16.0,0.00030808125,local
167_5,bulk,-56.96867645,13.195,True,"[5.81855195, 0.0, 0.0, 0.0, 5.81855195, 0.0, 0.0, 0.0, 5.81855195]",8.0,6.3875e-06,local
168_1,bulk,-16.35234289,33.179,True,"[3.18924018, 0.0, -3.18924018, 0.0, 6.37848036, -3.18924018, 0.0, 0.0, 3.18924018]",4.0,0.000710075,local
169_7,bulk,-52.72965912,69.845,True,"[3.95099376, 0.0, 0.0, 0.0, 8.11779901, -3.55238667, 0.0, 0.0, 3.55238667]",8.0,1.46375e-05,local
170_1,bulk,-172.01175363,317.236,True,"[5.15536088, 0.0, -5.15536088, 0.0, 10.31072177, -5.15536088, 0.0, 0.0, 5.15536088]",16.0,0.00024579375,local
170_5,bulk,-343.96828655,607.677,True,"[10.31072177, 0.0, -5.15536088, -0.0, 10.31072177, -5.15536088, 0.0, 0.0, 5.15536088]",32.0,1.901875e-05,local
173_15,bulk,-85.45592268,95.941,True,"[5.56110485, 0.0, 0.0, 2.78055243, 4.81605808, 4.42749772, 0.0, 0.0, 4.42749772]",8.0,4.1e-06,local
173_24,bulk,-170.90490394,306.152,True,"[5.56110485, 0.0, 0.0, 5.56110485, 9.63211615, 4.42749772, 0.0, 0.0, 4.42749772]",16.0,6.25e-09,local
174_3,bulk,-130.12193323,229.562,True,"[3.47211504, 0.0, 3.47211504, 3.47211504, 23.52087341, 0.0, 0.0, 0.0, 3.47211504]",16.0,2.5e-08,local
175_14,bulk,-40.53959564,58.289,True,"[3.80799544, 0.0, 0.0, 0.0, 8.30900365, 0.0, 0.0, 0.0, 2.73915402]",6.0,0.0001094,local
175_18,bulk,-81.06887781,231.918,True,"[5.47830804, 0.0, 3.80799544, 2.73915402, 8.30900365, 0.0, 0.0, 0.0, 3.80799544]",12.0,2.7408333333333337e-05,local
176_17,bulk,-47.68292075,78.904,True,"[2.76686062, 0.0, 0.0, 2.76686062, 4.79234317, 4.39350783, 0.0, 0.0, 4.39350783]",4.0,4.9175e-05,local
177_17,bulk,-52.69921396,269.641,True,"[6.42996443, 0.0, 0.0, 0.0, 12.44800018, -3.69840877, 0.0, 0.0, 3.69840877]",16.0,1.00625e-06,local
177_43,bulk,-26.36733508,152.517,True,"[3.69840877, 0.0, 0.0, -0.0, 6.42996443, -6.22400009, 0.0, 0.0, 6.22400009]",8.0,2.5e-08,local
177_54,bulk,-52.75004271,228.135,True,"[3.69840877, 0.0, 0.0, -0.0, 12.44800018, 6.42996443, 0.0, 0.0, 6.42996443]",16.0,4.375e-08,local
178_5,bulk,-24.99709803,54.637,True,"[7.1038059, 0.0, -8.2027685, -0.0, 5.20908273, -4.10138425, 0.0, 0.0, 4.10138425]",6.0,1.6666666666666667e-08,local
178_7,bulk,-49.99319731,74.737,True,"[7.1038059, 0.0, -8.2027685, -0.0, 10.41816546, -4.10138425, 0.0, 0.0, 4.10138425]",12.0,0.000658075,local
178_8,bulk,-49.99319731,74.331,True,"[7.1038059, 0.0, -8.2027685, -0.0, 10.41816546, -4.10138425, 0.0, 0.0, 4.10138425]",12.0,0.000658075,local
179_4,bulk,-234.33737815,319.831,True,"[7.08335444, 0.0, 0.0, 0.0, 7.08335444, -7.08335444, 0.0, 0.0, 7.08335444]",24.0,8.620833333333332e-06,local
183_3,bulk,-42.15999507,87.856,True,"[7.66173803, 0.0, -8.84701302, 0.0, 5.57495697, -4.42350651, 0.0, 0.0, 4.42350651]",8.0,9.45e-06,local
184_1,bulk,-78.55948841,295.158,True,"[3.84352997, 0.0, -3.84352997, 0.0, 15.77644046, -3.84352997, 0.0, 0.0, 3.84352997]",16.0,8.943125e-05,local
184_9,bulk,-78.52780763,191.46,True,"[3.84352997, 0.0, 0.0, 0.0, 15.77644046, -3.84352997, 0.0, 0.0, 3.84352997]",16.0,0.00016404375,local
185_12,bulk,-40.56760651,357.588,True,"[6.16554512, 0.0, 0.0, 0.0, 4.9619222, -4.86314498, 0.0, 0.0, 4.86314498]",8.0,0.0,local
185_27,bulk,-81.20476132,398.295,True,"[9.72628995, 0.0, 4.9619222, 9.72628995, 6.16554512, -0.0, 0.0, 0.0, 4.9619222]",16.0,0.0,local
188_4,bulk,-28.33863591,74.383,True,"[3.94046117, 0.0, 0.0, 0.0, 7.88092234, -3.94046117, 0.0, 0.0, 3.94046117]",8.0,0.0002260625,local
189_26,bulk,-120.41228886,178.407,True,"[10.960696, 0.0, 0.0, 2.09335695, 6.44260468, 4.36210267, 0.0, 0.0, 4.36210267]",16.0,8.125e-07,local
190_6,bulk,-425.18418099,1231.805,True,"[7.5792681, 0.0, 0.0, 0.0, 15.15853621, -7.5792681, 0.0, 0.0, 7.5792681]",48.0,1.6308333333333334e-05,local
192_4,bulk,-137.26573591,556.767,True,"[15.11045984, 0.0, 0.0, 1.48082796, 4.49256496, 4.63142154, 0.0, 0.0, 4.63142154]",20.0,3.5e-07,local
193_11,bulk,-87.20313308,169.142,True,"[5.24860609, 0.0, 0.0, 0.0, 11.111028, -12.82991002, 0.0, 0.0, 6.41495501]",16.0,0.417257525,local
195_26,bulk,-101.52453864,261.106,True,"[3.89182122, 0.0, 0.0, 0.0, 20.55604219, -7.78364243, 0.0, 0.0, 3.89182122]",16.0,4.269375e-05,local
196_7,bulk,-26.53627573,83.804,True,"[3.63489678, 0.0, 0.0, 0.0, 7.32959713, -3.63489678, 0.0, 0.0, 3.63489678]",8.0,9.3875e-06,local
198_1,bulk,-216.34104949,871.442,True,"[6.98446785, 0.0, -6.98446785, -0.0, 6.98446785, -6.98446785, 0.0, 0.0, 6.98446785]",24.0,5.8920833333333333e-05,local
199_12,bulk,-51.61157842,40.436,True,"[3.51137284, 0.0, -2.02729205, -0.0, 12.47208235, -4.05458411, 0.0, 0.0, 4.05458411]",8.0,5.06625e-05,local
201_24,bulk,-21.68252763,17.631,True,"[3.0944521, 0.0, 0.0, 0.0, 3.0944521, 0.0, 0.0, 0.0, 9.09932853]",4.0,0.00023375,local
201_5,bulk,-43.36322576,130.714,True,"[3.0944521, 0.0, -3.0944521, -0.0, 18.19865705, -3.0944521, 0.0, 0.0, 3.0944521]",8.0,4.555e-05,local
202_6,bulk,-105.05040912,104.321,True,"[4.79327015, 0.0, 0.0, 0.0, 8.48418461, -4.8453436, 0.0, 0.0, 4.8453436]",12.0,0.00020045833333333333,local
203_22,bulk,-60.8496169,80.703,True,"[4.33656403, 0.0, -2.50371641, 0.0, 6.8196816, -5.00743282, 0.0, 0.0, 5.00743282]",9.0,0.00012506666666666668,local
203_27,bulk,-60.85856565,25.84,True,"[4.33656403, 0.0, -2.50371641, 0.0, 6.8196816, 0.0, 0.0, 0.0, 5.00743282]",9.0,0.00015187777777777778,local
204_11,bulk,-52.72930314,34.845,True,"[3.54295364, 0.0, -2.04552524, -0.0, 11.20251504, -4.09105047, 0.0, 0.0, 4.09105047]",8.0,1.5950450625,local
205_0,bulk,-41.11859312,15.892,True,"[3.92461325, 0.0, -3.92461325, 0.0, 3.92461325, -3.92461325, 0.0, 0.0, 3.92461325]",4.0,1.725e-06,local
208_23,bulk,-22.32389686,110.109,True,"[6.31434986, 0.0, 0.0, 6.31434986, 10.93677477, 5.07187834, 0.0, 0.0, 5.07187834]",16.0,6.65e-06,local
211_14,bulk,-82.08166577,187.808,True,"[9.09836088, 0.0, -3.13227366, 5.31351232, 6.77316682, 0.0, 0.0, 0.0, 3.13227366]",12.0,5.629166666666667e-05,local
211_25,bulk,-164.16361441,891.1,True,"[9.09836088, 0.0, -6.26454731, 1.52866376, 13.54633364, 0.0, 0.0, 0.0, 3.13227366]",24.0,1.6625e-06,local
211_27,bulk,-82.08142195,243.736,True,"[9.09836088, 0.0, -6.26454731, 5.31351232, 6.77316682, 0.0, 0.0, 0.0, 3.13227366]",12.0,1.6666666666666667e-08,local
211_42,bulk,-164.16754538,465.775,True,"[3.13227366, 0.0, 0.0, 0.0, 13.54633364, 1.52866376, 0.0, 0.0, 9.09836088]",24.0,0.00012465416666666666,local
212_12,bulk,-82.64699976,283.876,True,"[3.56205217, 0.0, 0.0, 0.0, 15.22419825, -2.53660068, 0.0, 0.0, 2.53660068]",12.0,8.165833333333333e-05,local
212_15,bulk,-82.65639471,379.233,True,"[5.07320136, 0.0, 3.56205217, 5.07320136, 7.61209912, 0.0, 0.0, 0.0, 3.56205217]",12.0,2.5675e-05,local
213_22,bulk,-80.09965289,84.944,True,"[4.12344258, 0.0, 0.0, 0.0, 4.12344258, 0.0, 0.0, 0.0, 15.49199521]",16.0,3.56625e-05,local
214_10,bulk,-151.86230446,519.995,True,"[8.46201858, 0.0, -4.23100929, -0.0, 15.71618281, -4.23100929, 0.0, 0.0, 4.23100929]",24.0,0.102935575,local
214_12,bulk,-151.86230446,467.715,True,"[8.46201858, 0.0, -4.23100929, -0.0, 15.71618281, -4.23100929, 0.0, 0.0, 4.23100929]",24.0,0.102935575,local
214_16,bulk,-37.96562086,54.667,True,"[4.23100929, 0.0, 0.0, 0.0, 7.8580914, -4.23100929, 0.0, 0.0, 4.23100929]",6.0,0.09989284999999999,local
215_28,bulk,-70.78733619,135.198,True,"[4.50177358, 0.0, 0.0, -0.0, 5.49709886, 4.96717339, 0.0, 0.0, 4.96717339]",8.0,5e-08,local
215_2,bulk,-70.77744013,140.939,True,"[4.50177358, 0.0, -2.74854943, 0.0, 9.93434677, -2.74854943, 0.0, 0.0, 2.74854943]",8.0,6.6125e-06,local
216_34,bulk,-35.44786371,391.031,True,"[10.01710854, 0.0, 0.0, 5.65714339, 9.01849031, 8.76418293, 0.0, 0.0, 8.76418293]",24.0,0.00012917083333333334,local
216_40,bulk,-17.71473934,116.825,True,"[5.3229794, 0.0, 0.0, -0.0, 8.76418293, -8.48577362, 0.0, 0.0, 8.48577362]",12.0,0.000133825,local
216_51,bulk,-17.72929732,110.173,True,"[5.3229794, 0.0, 0.0, 0.0, 8.48577362, 0.0, 0.0, 0.0, 8.76418293]",12.0,2.5725000000000002e-05,local
216_7,bulk,-17.73435915,117.389,True,"[8.76418293, 0.0, 0.0, 0.0, 8.48577362, -5.3229794, 0.0, 0.0, 5.3229794]",12.0,4.615833333333333e-05,local
217_0,bulk,-31.07115325,106.882,True,"[10.54342779, 0.0, 0.0, 5.27171389, 5.27171389, 5.74907369, 0.0, 0.0, 5.74907369]",12.0,8.554166666666667e-05,local
217_11,bulk,-124.31986479,2068.485,True,"[14.91065857, 0.0, -7.45532928, 0.0, 11.49814739, -7.45532928, 0.0, 0.0, 7.45532928]",48.0,8.75e-08,local
217_21,bulk,-62.1608442,288.801,True,"[10.54342779, 0.0, 0.0, 10.54342779, 10.54342779, 5.74907369, 0.0, 0.0, 5.74907369]",24.0,3.149166666666667e-05,local
219_13,bulk,-60.91938659,274.051,True,"[4.74901622, 0.0, 0.0, -0.0, 12.91210389, 2.74184579, 0.0, 0.0, 2.74184579]",12.0,1.6691666666666665e-05,local
220_0,bulk,-30.11145527,73.687,True,"[5.25590504, 0.0, -3.89050089, -0.0, 6.25424562, -3.89050089, 0.0, 0.0, 3.89050089]",6.0,1e-07,local
220_25,bulk,-60.2226615,178.447,True,"[6.539154, 0.0, 0.0, 4.62934416, 6.2540516, 6.25424562, 0.0, 0.0, 6.25424562]",12.0,0.0,local
220_8,bulk,-60.22198174,128.076,True,"[10.51181008, 0.0, -3.89050089, -0.0, 6.25424562, -3.89050089, 0.0, 0.0, 3.89050089]",12.0,3.8333333333333335e-07,local
221_29,bulk,-83.76428441,153.166,True,"[7.65883876, 0.0, 0.0, 0.0, 9.69576744, -5.76134964, 0.0, 0.0, 2.88067482]",16.0,0.0,local
222_18,bulk,-58.97397186,211.784,True,"[16.82364646, 0.0, 0.0, 0.0, 4.54423059, 0.0, 0.0, 0.0, 4.54375586]",12.0,9.641666666666666e-06,local
223_17,bulk,-47.36849237,96.656,True,"[3.1213278, 0.0, 0.0, 0.0, 11.86503081, -3.1213278, 0.0, 0.0, 3.1213278]",8.0,4.625e-05,local
223_6,bulk,-23.68043119,64.45,True,"[5.9325154, 0.0, 0.0, -0.0, 3.1213278, 3.1213278, 0.0, 0.0, 3.1213278]",4.0,6.0725e-05,local
224_1,bulk,-81.50504622,243.445,True,"[15.42139795, 0.0, 0.0, 0.94895714, 3.70590421, 3.80049304, 0.0, 0.0, 3.80049304]",12.0,4.916666666666667e-07,local
224_26,bulk,-81.49176669,211.863,True,"[3.80049304, 0.0, 0.0, 0.0, 14.9393865, -7.65094653, 0.0, 0.0, 3.82547326]",12.0,1.075e-06,local
224_9,bulk,-81.48317594,152.971,True,"[3.80049304, 0.0, 0.0, 0.0, 14.9393865, -3.82547326, 0.0, 0.0, 3.82547326]",12.0,1.0333333333333333e-06,local
225_1,bulk,-143.63681032,226.757,True,"[3.85235771, 0.0, -3.85235771, -0.0, 15.43431384, -3.85235771, 0.0, 0.0, 3.85235771]",16.0,2.3e-06,local
226_32,bulk,-94.36622216,567.39,True,"[3.82095258, 0.0, 0.0, 0.0, 15.1550015, -6.48729846, 0.0, 0.0, 6.13210988]",20.0,3.26e-06,local
228_18,bulk,-93.88101718,26.464,True,"[4.80561786, 0.0, -2.77452476, 0.0, 4.41246096, 0.0, 0.0, 0.0, 5.54904953]",8.0,5e-08,local
228_23,bulk,-187.76481854,321.051,True,"[5.54904953, 0.0, 0.0, 5.54904953, 9.61123571, 4.41246096, 0.0, 0.0, 4.41246096]",16.0,3.125e-08,local
228_8,bulk,-375.43323649,494.374,True,"[9.61123571, 0.0, -11.09809905, -0.0, 8.82492191, -5.54904953, 0.0, 0.0, 5.54904953]",32.0,7.21875e-07,local
229_13,bulk,-25.22302298,30.698,True,"[3.12729241, 0.0, 0.0, 0.0, 25.69775904, -3.12729241, 0.0, 0.0, 3.12729241]",8.0,2.28375e-05,local
229_17,bulk,-12.61597666,21.478,True,"[3.12729241, 0.0, 0.0, 0.0, 12.84887952, -6.25458482, 0.0, 0.0, 3.12729241]",4.0,0.0001078,local
230_4,bulk,-44.18414575,104.983,True,"[3.57833782, 0.0, 0.0, 0.0, 7.15667565, -3.57833782, 0.0, 0.0, 3.57833782]",8.0,0.0002660625,local
231_6,bulk,-36.34200994,11.678,True,"[6.4055294, 0.0, 0.0, 0.0, 6.4055294, 0.0, 0.0, 0.0, 6.4055294]",16.0,1.2925e-05,local
233_3,bulk,-23.82785704,38.126,True,"[6.57984961, 0.0, -3.2899248, -0.0, 6.57984961, -3.2899248, 0.0, 0.0, 3.2899248]",8.0,2.075e-06,local
235_12,bulk,-58.38627157,128.953,True,"[9.94308591, 0.0, -2.69372935, 2.2338279, 4.14983802, -0.00073623, 0.0, 0.0, 2.69299311]",8.0,1.125e-07,local
235_29,bulk,-58.39322976,102.905,True,"[8.75521643, 0.0, 0.0, 0.0, 4.7128699, -0.00073623, 0.0, 0.0, 2.69299311]",8.0,7.5e-08,local
235_35,bulk,-116.77729473,202.698,True,"[2.69299311, 0.0, 0.0, 5.38745869, 9.4257398, 8.75521643, 0.0, 0.0, 8.75521643]",16.0,2.7625e-06,local
235_41,bulk,-116.77779118,255.618,True,"[9.94308591, 0.0, 2.69372935, 4.4676558, 8.29967605, 8.0804518, 0.0, 0.0, 2.69299311]",16.0,1.875e-08,local
236_23,bulk,-133.95197174,344.628,True,"[10.40709371, 0.0, 0.0, -0.0, 10.40709371, 3.68517883, 0.0, 0.0, 3.68517883]",18.0,5.277777777777779e-07,local
236_3,bulk,-133.95263164,391.477,True,"[14.71785306, 0.0, 0.0, 7.35892653, 7.35892653, 3.68517883, 0.0, 0.0, 3.68517883]",18.0,1.7777777777777776e-07,local
237_13,bulk,-164.7730735,440.334,True,"[6.33695632, 0.0, 4.44014958, 3.16847816, 8.97485095, 0.0, 0.0, 0.0, 4.44014958]",16.0,6.195e-05,local
239_0,bulk,-18.569709,29.904,True,"[3.0822493, 0.0, -3.0822493, -0.0, 3.0822493, -3.0822493, 0.0, 0.0, 3.0822493]",2.0,5.11e-05,local
241_18,bulk,-64.00806008,329.17,True,"[7.75529251, 0.0, 0.0, 0.0, 16.85938036, -4.8320555, 0.0, 0.0, 4.8320555]",24.0,2.6625e-06,local
242_20,bulk,-161.11261258,523.011,True,"[13.46278558, 0.0, -3.31266026, 7.95534541, 7.95709507, 0.0, 0.0, 0.0, 3.31266026]",20.0,2e-08,local
242_42,bulk,-161.06827484,794.236,True,"[3.31266026, 0.0, 0.0, -0.0, 11.06985521, 17.33906377, 0.0, 0.0, 9.6771514]",20.0,0.0,local
242_60,bulk,-161.10804641,363.399,True,"[3.31266026, 0.0, 0.0, 0.0, 11.06985521, 2.01523902, 0.0, 0.0, 9.6771514]",20.0,1.3e-07,local
242_98,bulk,-161.11889137,249.869,True,"[13.46278558, 0.0, 0.0, -5.50744017, 7.95709507, 0.0, 0.0, 0.0, 3.31266026]",20.0,2.0039999999999998e-05,local
244_18,bulk,-144.47970085,203.676,True,"[10.17493019, 0.0, -5.08746509, -0.0, 10.17493019, -5.08746509, 0.0, 0.0, 5.08746509]",32.0,4.403125e-05,local
246_18,bulk,-219.92645934,1291.745,True,"[9.51687468, 0.0, -4.75843734, -0.0, 9.51687468, -4.75843734, 0.0, 0.0, 4.75843734]",32.0,1.009188421875,local
246_21,bulk,-109.96265753,276.804,True,"[4.75843734, 0.0, 0.0, 0.0, 9.51687468, -4.75843734, 0.0, 0.0, 4.75843734]",16.0,1.00891949375,local
246_6,bulk,-109.95811053,367.142,True,"[4.75843734, 0.0, -4.75843734, 0.0, 9.51687468, -4.75843734, 0.0, 0.0, 4.75843734]",16.0,1.00969625625,local
247_1,bulk,-25.4844375,38.34,True,"[3.67238405, 0.0, -6.36075575, -0.0, 5.21596851, -4.24050384, 0.0, 0.0, 4.24050384]",5.0,4.1999999999999995e-07,local
247_20,bulk,-51.00775052,74.005,True,"[4.24050384, 0.0, 0.0, 4.24050384, 7.34476809, 5.21596851, 0.0, 0.0, 5.21596851]",10.0,8e-08,local
248_10,bulk,-63.67972615,43.058,True,"[4.73594847, 0.0, 0.0, 0.0, 4.73594847, -4.73594847, 0.0, 0.0, 4.73594847]",8.0,1.95875e-05,local
248_14,bulk,-254.72060178,345.02,True,"[9.47189693, 0.0, -4.73594847, -0.0, 9.47189693, -4.73594847, 0.0, 0.0, 4.73594847]",32.0,1.378125e-06,local
248_7,bulk,-127.35849692,116.386,True,"[4.73594847, 0.0, -4.73594847, 0.0, 9.47189693, -4.73594847, 0.0, 0.0, 4.73594847]",16.0,3.606875e-05,local
249_3,bulk,-65.95393274,76.118,True,"[6.4303695, 0.0, -3.21518475, -0.0, 6.4303695, -3.21518475, 0.0, 0.0, 3.21518475]",8.0,0.0006727625,local
252_14,bulk,-40.23245487,50.589,True,"[3.08105001, 0.0, 0.0, -0.0, 4.44996049, 4.26322553, 0.0, 0.0, 4.26322553]",4.0,2.585e-05,local
255_2,bulk,-43.12358818,123.941,True,"[4.95405684, 0.0, -4.83996814, -0.0, 6.10246974, -4.83996814, 0.0, 0.0, 4.83996814]",8.0,2.5e-07,local
255_40,bulk,-43.14392945,212.542,True,"[4.83996814, 0.0, 0.0, -0.0, 6.10246974, -4.95405684, 0.0, 0.0, 4.95405684]",8.0,0.0,local
256_20,bulk,-108.97231184,750.779,True,"[3.30355492, 0.0, 0.0, 0.0, 23.01897557, -3.30355492, 0.0, 0.0, 3.30355492]",16.0,7.375e-06,local
256_9,bulk,-108.97164145,605.113,True,"[6.60710983, 0.0, -3.30355492, 0.0, 11.50948779, -3.30355492, 0.0, 0.0, 3.30355492]",16.0,1.125e-06,local
258_11,bulk,-421.2091771,1106.892,True,"[13.24667006, 0.0, -6.62333503, 0.0, 10.62412858, -6.62333503, 0.0, 0.0, 6.62333503]",48.0,5.79625e-05,local
259_14,bulk,-110.66022088,40.996,True,"[5.97825599, 0.0, 0.0, 0.0, 5.97825599, 0.0, 0.0, 0.0, 5.97825599]",24.0,1.0433333333333334e-05,local
259_1,bulk,-110.68220452,101.654,True,"[5.97825599, 0.0, -5.97825599, -0.0, 5.97825599, -5.97825599, 0.0, 0.0, 5.97825599]",24.0,1.25e-08,local
260_6,bulk,-139.68235335,376.669,True,"[14.76253058, 0.0, 0.0, 2.95250612, 5.90501223, 5.59398954, 0.0, 0.0, 5.59398954]",24.0,0.00039635416666666665,local
261_22,bulk,-102.58684683,236.179,True,"[5.51023927, 0.0, 0.0, 5.51023927, 9.54401437, 4.4819604, 0.0, 0.0, 4.4819604]",16.0,0.2791699375,local
261_23,bulk,-102.58684683,191.119,True,"[5.51023927, 0.0, 0.0, 5.51023927, 9.54401437, 4.4819604, 0.0, 0.0, 4.4819604]",16.0,0.2791699375,local
263_2,bulk,-9.25501792,21.773,True,"[4.24351163, 0.0, 0.0, 0.0, 2.39115178, -4.14159636, 0.0, 0.0, 2.76106424]",2.0,1.815e-05,local
263_3,bulk,-18.4708162,36.365,True,"[4.78230355, 0.0, -5.52212848, -0.0, 4.24351163, -2.76106424, 0.0, 0.0, 2.76106424]",4.0,2.035e-05,local
266_15,bulk,-156.26918101,366.557,True,"[3.70425397, 0.0, 0.0, 0.0, 37.51596117, -3.70425397, 0.0, 0.0, 3.70425397]",20.0,1.068e-05,local
266_17,bulk,-156.26918101,402.915,True,"[3.70425397, 0.0, 0.0, 0.0, 37.51596117, -3.70425397, 0.0, 0.0, 3.70425397]",20.0,1.068e-05,local
267_10,bulk,-21.33564792,22.128,True,"[4.08102207, 0.0, 0.0, 0.0, 8.2182675, 0.0, 0.0, 0.0, 4.08102207]",8.0,0.0001600625,local
268_0,bulk,-132.52325118,304.039,True,"[7.95545932, 0.0, -7.95545932, -0.0, 7.95545932, -7.95545932, 0.0, 0.0, 7.95545932]",24.0,0.00022637916666666666,local
271_14,bulk,-228.38041771,1190.536,True,"[4.75007263, 0.0, 0.0, 0.0, 21.04218335, -5.76623326, 0.0, 0.0, 5.76623326]",32.0,4.8125e-06,local
271_26,bulk,-228.39177967,783.034,True,"[4.75007263, 0.0, 0.0, -0.0, 11.53246651, 10.52109168, 0.0, 0.0, 10.52109168]",32.0,1.40625e-07,local
274_15,bulk,-17.24952636,156.852,True,"[4.86119242, 0.0, 0.0, 0.0, 10.27245708, -3.11443056, 0.0, 0.0, 3.11443056]",8.0,3.75e-08,local
274_16,bulk,-17.24952636,139.925,True,"[4.86119242, 0.0, 0.0, 0.0, 10.27245708, -3.11443056, 0.0, 0.0, 3.11443056]",8.0,3.75e-08,local
274_19,bulk,-17.27872935,69.426,True,"[6.22886112, 0.0, 4.86119242, 6.22886112, 5.13622854, -0.0, 0.0, 0.0, 4.86119242]",8.0,5.605e-05,local
274_4,bulk,-17.25122122,307.292,True,"[4.86119242, 0.0, -3.11443056, 0.0, 10.27245708, -3.11443056, 0.0, 0.0, 3.11443056]",8.0,1.25e-08,local
275_0,bulk,-58.29729199,75.802,True,"[5.21736058, 0.0, -5.21736058, -0.0, 5.21736058, -5.21736058, 0.0, 0.0, 5.21736058]",8.0,0.0001537125,local
278_3,bulk,-85.92383471,287.796,True,"[3.23747795, 0.0, -3.23747795, -0.0, 22.71147985, -3.23747795, 0.0, 0.0, 3.23747795]",12.0,8.114166666666667e-05,local
278_9,bulk,-85.94455065,156.391,True,"[11.35573992, 0.0, 0.0, 0.0, 6.47495589, -3.23747795, 0.0, 0.0, 3.23747795]",12.0,9.458333333333332e-06,local
279_5,bulk,-77.01108071,256.747,True,"[13.25326782, 0.0, -6.62663391, -0.0, 13.25326782, -6.62663391, 0.0, 0.0, 6.62663391]",32.0,1.08125e-06,local
280_4,bulk,-24.45920092,39.192,True,"[2.78181521, 0.0, 0.0, 0.0, 5.56363042, -2.78181521, 0.0, 0.0, 2.78181521]",4.0,0.0001028,local
282_14,bulk,-53.89571455,52.087,True,"[10.55325081, 0.0, 0.0, -0.0, 4.58084131, -3.73921811, 0.0, 0.0, 3.73921811]",8.0,0.00016935,local
282_21,bulk,-53.89633434,93.427,True,"[10.55325081, 0.0, -7.47843621, 0.0, 4.58084131, -3.73921811, 0.0, 0.0, 3.73921811]",8.0,3.595e-05,local
282_9,bulk,-107.79820496,466.112,True,"[21.10650162, 0.0, -3.73921811, 0.0, 4.58084131, -3.73921811, 0.0, 0.0, 3.73921811]",16.0,1.22375e-05,local
283_24,bulk,-23.00020703,20.803,True,"[3.49527913, 0.0, 0.0, 0.0, 3.49527913, 0.0, 0.0, 0.0, 6.63904715]",4.0,0.00014675,local
285_63,bulk,-164.48029753,633.007,True,"[3.80746241, 0.0, 0.0, -0.0, 25.43807054, 20.91123866, 0.0, 0.0, 7.0385639]",28.0,0.051346689285714286,local
285_7,bulk,-82.24807278,327.126,True,"[7.0385639, 0.0, 0.0, 6.93633738, 12.71903527, 3.80746241, 0.0, 0.0, 3.80746241]",14.0,0.044929564285714284,local
286_13,bulk,-92.48425441,108.636,True,"[4.13654616, 0.0, 0.0, 0.0, 15.98534052, -4.13654616, 0.0, 0.0, 4.13654616]",12.0,0.00011787499999999999,local
286_17,bulk,-92.49610698,71.359,True,"[4.13654616, 0.0, 0.0, 0.0, 15.98534052, 0.0, 0.0, 0.0, 4.13654616]",12.0,8.0275e-05,local
286_2,bulk,-92.50326472,194.693,True,"[4.13654616, 0.0, -4.13654616, -0.0, 15.98534052, -4.13654616, 0.0, 0.0, 4.13654616]",12.0,1.1283333333333334e-05,local
288_1,bulk,-12.63836148,88.361,True,"[6.33541533, 0.0, -4.62096518, -0.0, 8.75532069, -4.62096518, 0.0, 0.0, 4.62096518]",8.0,1.6375e-06,local
288_41,bulk,-25.24185251,336.388,True,"[7.8416074, 0.0, 0.0, 5.44615871, 7.46676853, 8.75532069, 0.0, 0.0, 8.75532069]",16.0,5.19375e-06,local
289_14,bulk,-76.11663896,494.705,True,"[10.29429489, 0.0, -5.0480462, 0.0, 6.22217478, -5.0480462, 0.0, 0.0, 5.0480462]",16.0,1.25e-08,local
289_42,bulk,-38.05195803,67.612,True,"[5.0480462, 0.0, 0.0, -0.0, 6.22217478, -5.14714745, 0.0, 0.0, 5.14714745]",8.0,8.9375e-06,local
290_0,bulk,-14.44194171,39.991,True,"[3.70483082, 0.0, -3.70483082, 0.0, 3.70483082, -3.70483082, 0.0, 0.0, 3.70483082]",4.0,8e-07,local
295_5,bulk,-68.33082143,229.451,True,"[13.75649085, 0.0, 0.0, 0.0, 4.82394611, -5.57021318, 0.0, 0.0, 2.78510659]",12.0,0.00011729999999999999,local
296_13,bulk,-28.78487732,15.021,True,"[3.94721214, 0.0, -2.27892399, 0.0, 3.459239, 0.0, 0.0, 0.0, 4.55784798]",6.0,1.4833333333333332e-06,local
296_14,bulk,-28.78487732,13.886,True,"[3.94721214, 0.0, -2.27892399, 0.0, 3.459239, 0.0, 0.0, 0.0, 4.55784798]",6.0,1.4833333333333332e-06,local
296_16,bulk,-57.56541519,81.427,True,"[4.55784798, 0.0, 0.0, 4.55784798, 7.89442428, 3.459239, 0.0, 0.0, 3.459239]",12.0,7.439166666666667e-05,local
297_10,bulk,-19.88743626,27.56,True,"[3.7646464, 0.0, 0.0, 0.0, 8.18513787, 0.0, 0.0, 0.0, 3.7646464]",8.0,0.0002118875,local
298_34,bulk,-214.68569335,713.29,True,"[3.65460555, 0.0, 0.0, 0.0, 17.86333133, -22.39396631, 0.0, 0.0, 15.15813963]",36.0,2.7472222222222226e-06,local
298_69,bulk,-107.3648293,662.204,True,"[15.15813963, 0.0, -3.65460555, 26.69836593, 8.93166566, 0.0, 0.0, 0.0, 3.65460555]",18.0,5.555555555555555e-09,local
299_13,bulk,-121.33481364,353.828,True,"[8.40645402, 0.0, 0.0, -0.0, 8.40645402, 3.9365104, 0.0, 0.0, 3.9365104]",18.0,5.555555555555555e-09,local
300_0,bulk,-8.1559887,15.214,True,"[3.80127491, 0.0, -3.80127491, -0.0, 3.80127491, -3.80127491, 0.0, 0.0, 3.80127491]",2.0,0.0004753,local
304_57,bulk,-248.09642338,1280.399,True,"[5.49847632, 0.0, 0.0, 0.0, 13.68043222, -9.45579846, 0.0, 0.0, 9.45579846]",40.0,3.125e-07,local
305_7,bulk,-84.27811919,408.215,True,"[14.30269355, 0.0, -4.57890509, -0.0, 8.41544838, -4.57890509, 0.0, 0.0, 4.57890509]",24.0,6.416666666666667e-07,local
306_0,bulk,-7.08248375,57.856,True,"[2.73116253, 0.0, -2.73116253, -0.0, 3.24878766, -2.73116253, 0.0, 0.0, 2.73116253]",2.0,2.28e-05,local
310_3,bulk,-138.73652813,169.57,True,"[7.87932987, 0.0, -3.93966493, -0.0, 7.87932987, -3.93966493, 0.0, 0.0, 3.93966493]",16.0,0.00031853125,local
311_3,bulk,-161.89263634,282.787,True,"[6.02614633, 0.0, 0.0, 0.0, 6.02614633, -6.02614633, 0.0, 0.0, 6.02614633]",16.0,0.00113285,local
313_23,bulk,-238.41599666,381.875,True,"[6.23125415, 0.0, 0.0, -0.0, 12.46250829, 4.8612633, 0.0, 0.0, 4.8612633]",24.0,0.00014549166666666667,local
315_3,bulk,-69.61423496,129.375,True,"[4.65131896, 0.0, 0.0, 0.0, 4.65131896, -4.65131896, 0.0, 0.0, 4.65131896]",8.0,0.00014895,local
318_23,bulk,-219.98209592,179.592,True,"[6.57647276, 0.0, 0.0, -0.0, 13.15294553, 5.18555449, 0.0, 0.0, 5.18555449]",24.0,2.6783333333333335e-05,local
318_6,bulk,-219.97804461,254.138,True,"[14.70544015, 0.0, 0.0, 2.94108803, 5.88217606, 5.18555449, 0.0, 0.0, 5.18555449]",24.0,2.82875e-05,local
319_0,bulk,-53.38181413,53.94,True,"[10.69616413, 0.0, 0.0, 1.4943426, 3.70819011, 3.66600701, 0.0, 0.0, 3.66600701]",8.0,0.0001944625,local
319_19,bulk,-106.76327343,194.971,True,"[12.74202214, 0.0, 0.0, 5.01764432, 6.22560684, 3.66600701, 0.0, 0.0, 3.66600701]",16.0,2.709375e-05,local
319_32,bulk,-53.37958244,44.772,True,"[3.9979662, 0.0, 0.0, -0.0, 9.9208968, 3.66600701, 0.0, 0.0, 3.66600701]",8.0,0.00021725,local
319_3,bulk,-106.76165159,175.387,True,"[9.9208968, 0.0, -3.9979662, -0.0, 7.33201401, -3.9979662, 0.0, 0.0, 3.9979662]",16.0,2.1125e-06,local
320_6,bulk,-39.03680364,37.348,True,"[6.19936042, 0.0, 0.0, 0.0, 6.19936042, 0.0, 0.0, 0.0, 6.19936042]",12.0,1.0441666666666667e-05,local
321_0,bulk,-9.32497098,27.666,True,"[3.14398381, 0.0, -3.14398381, -0.0, 3.14398381, -3.14398381, 0.0, 0.0, 3.14398381]",2.0,5.17e-05,local
322_13,bulk,-51.55653203,158.853,True,"[3.75035213, 0.0, 0.0, 0.0, 18.49789069, -3.75035213, 0.0, 0.0, 3.75035213]",12.0,3.3333333333333334e-08,local
322_7,bulk,-103.12316744,551.45,True,"[7.50070426, 0.0, -3.75035213, 0.0, 18.49789069, -3.75035213, 0.0, 0.0, 3.75035213]",24.0,3.7999999999999996e-06,local
323_16,bulk,-45.88961268,44.181,True,"[3.23170662, 0.0, 0.0, 0.0, 4.48032499, 0.0, 0.0, 0.0, 4.67237082]",4.0,7.59e-05,local
323_8,bulk,-45.88961268,38.911,True,"[4.67237082, 0.0, 0.0, 0.0, 4.48032499, 0.0, 0.0, 0.0, 3.23170662]",4.0,7.56e-05,local
325_10,bulk,-153.82030269,439.934,True,"[8.91429312, 0.0, -3.22129841, 1.522076, 12.86102305, 0.0, 0.0, 0.0, 3.22129841]",24.0,3.81875e-05,local
325_80,bulk,-153.81998346,860.869,True,"[8.91429312, 0.0, 0.0, -7.39221712, 12.86102305, -3.22129841, 0.0, 0.0, 3.22129841]",24.0,4.166666666666667e-09,local
325_81,bulk,-76.90921221,110.147,True,"[8.91429312, 0.0, 0.0, -3.69610856, 6.43051152, 0.0, 0.0, 0.0, 3.22129841]",12.0,7.114166666666667e-05,local
326_2,bulk,-51.68332931,39.1,True,"[6.21157725, 0.0, 0.0, 0.0, 6.21157725, -6.21157725, 0.0, 0.0, 6.21157725]",8.0,9.5875e-06,local
329_0,bulk,-70.75684572,137.933,True,"[8.12471678, 0.0, 0.0, 4.06235839, 4.06235839, 3.55651605, 0.0, 0.0, 3.55651605]",10.0,5.000000000000001e-07,local
329_15,bulk,-141.5181541,479.764,True,"[3.55651605, 0.0, 0.0, 0.0, 11.49008465, -5.74504233, 0.0, 0.0, 5.74504233]",20.0,7.605000000000001e-06,local
329_1,bulk,-70.75684572,164.903,True,"[8.12471678, 0.0, 0.0, 4.06235839, 4.06235839, 3.55651605, 0.0, 0.0, 3.55651605]",10.0,5.000000000000001e-07,local
329_21,bulk,-141.51232301,314.62,True,"[5.74504233, 0.0, 0.0, -0.0, 7.1130321, -5.74504233, 0.0, 0.0, 5.74504233]",20.0,4.5795e-05,local
330_17,bulk,-90.35932451,31.546,True,"[4.80209413, 0.0, -2.77249034, 0.0, 4.399249, 0.0, 0.0, 0.0, 5.54498067]",8.0,5.695e-05,local
330_3,bulk,-180.69616868,265.263,True,"[14.67063989, 0.0, 0.0, 4.1916114, 3.63004195, 4.399249, 0.0, 0.0, 4.399249]",16.0,8.91625e-05,local
330_4,bulk,-180.69616868,260.574,True,"[14.67063989, 0.0, 0.0, 4.1916114, 3.63004195, 4.399249, 0.0, 0.0, 4.399249]",16.0,8.91625e-05,local
331_2,bulk,-56.4269247,172.95,True,"[16.55679968, 0.0, -3.35328783, 0.0, 5.14446868, -3.35328783, 0.0, 0.0, 3.35328783]",12.0,0.0002796,local
331_41,bulk,-56.42808122,159.07,True,"[3.35328783, 0.0, 0.0, -0.0, 16.55679968, 5.14446868, 0.0, 0.0, 5.14446868]",12.0,0.0007967416666666668,local
331_43,bulk,-56.42868007,139.02,True,"[3.35328783, 0.0, 0.0, -0.0, 16.55679968, 10.28893735, 0.0, 0.0, 5.14446868]",12.0,0.0008740250000000001,local
332_20,bulk,-47.2497748,63.985,True,"[3.86551776, 0.0, -2.89768583, -0.0, 8.49563574, -5.79537167, 0.0, 0.0, 2.89768583]",6.0,1.6666666666666667e-08,local
332_3,bulk,-94.50281441,169.443,True,"[3.86551776, 0.0, -2.89768583, 0.0, 16.99127149, -2.89768583, 0.0, 0.0, 2.89768583]",12.0,2.4e-06,local
333_14,bulk,-108.64489584,147.478,True,"[3.83442032, 0.0, 0.0, 0.0, 21.13159504, -4.28012711, 0.0, 0.0, 4.28012711]",16.0,5.443125e-05,local
333_1,bulk,-54.32418375,54.07,True,"[11.3998055, 0.0, 0.0, 1.60700006, 3.96699369, 3.83442032, 0.0, 0.0, 3.83442032]",8.0,0.00012,local
333_23,bulk,-54.32239056,73.677,True,"[13.59830981, 0.0, 0.0, 2.69437722, 3.32563069, 3.83442032, 0.0, 0.0, 3.83442032]",8.0,0.000130525,local
333_5,bulk,-108.64449994,101.631,True,"[10.56579752, 0.0, -4.28012711, -0.0, 7.66884064, -4.28012711, 0.0, 0.0, 4.28012711]",16.0,0.00010143125,local
334_14,bulk,-53.87653431,285.932,True,"[5.5529884, 0.0, 0.0, 0.0, 20.36842922, -5.00851649, 0.0, 0.0, 5.00851649]",20.0,3.4150000000000003e-06,local
336_2,bulk,-9.53092489,29.293,True,"[3.43903054, 0.0, 0.0, 0.0, 3.43903054, -3.43903054, 0.0, 0.0, 3.43903054]",2.0,0.0001375,local
336_5,bulk,-9.53003303,7.588,True,"[3.43903054, 0.0, 0.0, 0.0, 3.43903054, 0.0, 0.0, 0.0, 3.43903054]",2.0,0.00012835,local
337_6,bulk,-194.92280778,39.312,True,"[6.49923067, 0.0, 0.0, 0.0, 6.49923067, 0.0, 0.0, 0.0, 6.49923067]",16.0,3.99125e-05,local
339_21,bulk,-109.79467358,837.917,True,"[12.92050972, 0.0, 8.65156911, 15.65820181, 11.22758601, 0.0, 0.0, 0.0, 4.32578456]",24.0,8.333333333333334e-09,local
339_33,bulk,-54.84953749,161.765,True,"[4.32578456, 0.0, 0.0, -0.0, 12.55272932, 8.83908064, 0.0, 0.0, 5.77827062]",12.0,6.666666666666667e-08,local
339_36,bulk,-54.81181088,237.903,True,"[4.32578456, 0.0, 0.0, -0.0, 12.55272932, 14.61735127, 0.0, 0.0, 5.77827062]",12.0,3.3333333333333334e-08,local
339_64,bulk,-109.72449466,2403.721,True,"[4.32578456, 0.0, 0.0, -0.0, 25.10545865, 11.89989066, 0.0, 0.0, 5.77827062]",24.0,0.0,local
340_17,bulk,-20.08071793,67.372,True,"[6.98031097, 0.0, 0.0, -0.0, 5.11689113, 4.03008442, 0.0, 0.0, 4.03008442]",6.0,5.3500000000000004e-06,local
341_11,bulk,-12.41186758,44.299,True,"[3.37085145, 0.0, -1.94616199, -0.0, 5.31077975, -3.89232398, 0.0, 0.0, 3.89232398]",3.0,3.333333333333333e-07,local
341_19,bulk,-24.84546302,121.723,True,"[3.89232398, 0.0, 0.0, 3.89232398, 6.7417029, 5.31077975, 0.0, 0.0, 5.31077975]",6.0,0.0,local
341_8,bulk,-49.67947295,93.854,True,"[6.7417029, 0.0, -7.78464796, -0.0, 10.6215595, -3.89232398, 0.0, 0.0, 3.89232398]",12.0,1.1416666666666667e-05,local
343_30,bulk,-59.75504702,82.988,True,"[3.30348623, 0.0, 0.0, -0.0, 9.97237608, 4.07945159, 0.0, 0.0, 4.07945159]",8.0,6.29375e-05,local
344_3,bulk,-87.21630428,147.006,True,"[6.33970565, 0.0, -3.16985282, 0.0, 7.50185498, -3.16985282, 0.0, 0.0, 3.16985282]",16.0,1.49875e-05,local
345_10,bulk,-36.29716429,77.497,True,"[3.09652671, 0.0, 0.0, 0.0, 14.02984664, -3.09652671, 0.0, 0.0, 3.09652671]",6.0,1e-05,local
345_7,bulk,-145.19253737,729.622,True,"[6.19305342, 0.0, -3.09652671, -0.0, 28.05969328, -3.09652671, 0.0, 0.0, 3.09652671]",24.0,5.9374999999999995e-06,local
350_30,bulk,-133.95507665,367.466,True,"[9.04943674, 0.0, 0.0, 0.0, 10.74749453, -6.51497408, 0.0, 0.0, 3.25748704]",16.0,1.663125e-05,local
350_3,bulk,-133.95223648,377.754,True,"[10.74749453, 0.0, -3.25748704, 0.0, 9.04943674, -3.25748704, 0.0, 0.0, 3.25748704]",16.0,2.22375e-05,local
351_3,bulk,-29.77358433,89.642,True,"[7.64946027, 0.0, -8.83283589, -0.0, 5.63729348, -4.41641795, 0.0, 0.0, 4.41641795]",8.0,2.1625e-06,local
352_13,bulk,-63.98254574,46.15,True,"[3.78487085, 0.0, 0.0, 0.0, 3.78487085, 0.0, 0.0, 0.0, 7.6466862]",8.0,2.625e-07,local
352_6,bulk,-127.9584149,237.897,True,"[7.6466862, 0.0, 0.0, 0.0, 7.5697417, -3.78487085, 0.0, 0.0, 3.78487085]",16.0,0.0002057125,local
353_3,bulk,-90.32573652,63.284,True,"[6.51873947, 0.0, -3.25936973, -0.0, 6.51873947, -3.25936973, 0.0, 0.0, 3.25936973]",8.0,0.0002971375,local
354_8,bulk,-158.09712419,687.584,True,"[5.88213287, 0.0, -2.94106644, 0.0, 21.43525384, -2.94106644, 0.0, 0.0, 2.94106644]",24.0,2.025e-06,local
355_6,bulk,-60.43677206,29.818,True,"[6.55478289, 0.0, 0.0, 0.0, 6.55478289, 0.0, 0.0, 0.0, 6.55478289]",12.0,1.2583333333333334e-05,local
356_17,bulk,-73.47651605,126.317,True,"[5.77408596, 0.0, 5.30936349, 5.77408596, 5.98807485, -0.0, 0.0, 0.0, 5.30936349]",12.0,8.175e-06,local
356_3,bulk,-73.47585431,85.795,True,"[5.30936349, 0.0, -2.88704298, -0.0, 11.9761497, -2.88704298, 0.0, 0.0, 2.88704298]",12.0,0.00011718333333333334,local
357_0,bulk,-21.93362945,94.775,True,"[3.79210702, 0.0, -3.79210702, -0.0, 8.06879739, -3.79210702, 0.0, 0.0, 3.79210702]",8.0,0.000496775,local
358_3,bulk,-36.38069305,123.858,True,"[8.39596309, 0.0, -4.19798155, -0.0, 8.71541695, -4.19798155, 0.0, 0.0, 4.19798155]",16.0,7.4375e-07,local
360_35,bulk,-52.60792273,495.365,True,"[10.03563793, 0.0, 6.50844382, 5.01781896, 8.46725643, 0.0, 0.0, 0.0, 6.50844382]",16.0,6.25e-09,local
360_46,bulk,-26.30791057,84.448,True,"[5.01781896, 0.0, 0.0, 0.0, 8.46725643, -6.50844382, 0.0, 0.0, 6.50844382]",8.0,1.125e-07,local
360_62,bulk,-26.32201509,34.306,True,"[5.01781896, 0.0, 0.0, 0.0, 6.50844382, 0.0, 0.0, 0.0, 8.46725643]",8.0,0.0001102875,local
361_11,bulk,-97.28775996,354.373,True,"[8.78847696, 0.0, 0.0, 0.0, 9.51458892, -2.77274618, 0.0, 0.0, 2.77274618]",16.0,3.75e-08,local
361_25,bulk,-48.66070697,91.744,True,"[4.75729446, 0.0, -2.77274618, 0.0, 8.78847696, -5.54549237, 0.0, 0.0, 2.77274618]",8.0,1.21875e-05,local
361_4,bulk,-48.65674761,79.819,True,"[8.78847696, 0.0, 0.0, 0.0, 4.75729446, -2.77274618, 0.0, 0.0, 2.77274618]",8.0,1.2125e-05,local
362_1,bulk,-77.2067733,196.886,True,"[10.34427065, 0.0, 3.67139979, 14.5593798, 7.2814055, 0.0, 0.0, 0.0, 3.67139979]",12.0,0.0,local
362_92,bulk,-77.22563719,84.162,True,"[8.95243903, 0.0, -5.18244833, 0.0, 3.67139979, 0.0, 0.0, 0.0, 8.41344229]",12.0,5.191666666666666e-06,local
363_0,bulk,-55.38563211,114.64,True,"[9.86623141, 0.0, 0.0, 4.93311571, 2.84813568, 4.64815271, 0.0, 0.0, 4.64815271]",8.0,2.76375e-05,local
363_16,bulk,-110.77170343,78.512,True,"[4.93311571, 0.0, -2.84813568, 0.0, 9.29630543, -5.69627136, 0.0, 0.0, 5.69627136]",16.0,2.75375e-05,local
368_2,bulk,-13.31109256,27.528,True,"[3.72323538, 0.0, 0.0, 0.0, 2.68919234, -2.68919234, 0.0, 0.0, 2.68919234]",2.0,1.12228285,local
372_10,bulk,-241.04598766,828.543,True,"[3.91188971, 0.0, 0.0, 0.0, 16.76223466, -8.38111733, 0.0, 0.0, 8.38111733]",36.0,6.227777777777778e-06,local
372_3,bulk,-120.51695463,170.946,True,"[11.85268979, 0.0, 0.0, 5.9263449, 5.9263449, 7.82377942, 0.0, 0.0, 3.91188971]",18.0,7.388888888888889e-06,local
374_2,bulk,-16.39393267,25.336,True,"[4.70122858, 0.0, 0.0, 0.0, 4.96498527, -8.59960674, 0.0, 0.0, 5.73307116]",6.0,0.00010389999999999999,local
374_3,bulk,-32.84537488,156.349,True,"[15.16828054, 0.0, 0.0, 4.33379444, 3.75317608, 4.70122858, 0.0, 0.0, 4.70122858]",12.0,4.2e-06,local
376_27,bulk,-20.74412819,40.552,True,"[6.74671736, 0.0, 0.0, 0.0, 8.78114534, 0.0, 0.0, 0.0, 5.00992043]",8.0,0.0002549875,local
376_33,bulk,-41.50727384,166.593,True,"[10.01984087, 0.0, 6.74671736, 5.00992043, 8.78114534, 0.0, 0.0, 0.0, 6.74671736]",16.0,0.000318725,local
376_50,bulk,-41.49423885,165.655,True,"[5.00992043, 0.0, 0.0, 0.0, 17.56229068, -6.74671736, 0.0, 0.0, 6.74671736]",16.0,1.018125e-05,local
378_22,bulk,-166.56587336,1093.908,True,"[3.36621624, 0.0, -1.94348585, -0.0, 41.08978732, 3.88697171, 0.0, 0.0, 3.88697171]",24.0,0.10230930416666667,local
378_4,bulk,-166.56517824,2333.842,True,"[6.73243248, 0.0, -7.77394341, -0.0, 20.54489366, -3.88697171, 0.0, 0.0, 3.88697171]",24.0,0.1021546,local
379_2,bulk,-62.15773538,106.329,True,"[4.96130567, 0.0, 0.0, 0.0, 4.96130567, -4.96130567, 0.0, 0.0, 4.96130567]",8.0,0.000254775,local
380_24,bulk,-84.31059105,365.135,True,"[11.84312635, 0.0, -6.56044841, 10.09524923, 7.43082767, 0.0, 0.0, 0.0, 3.28022421]",12.0,8.319166666666666e-05,local
381_33,bulk,-53.76596622,32.975,True,"[6.52235247, 0.0, 0.0, 3.26117624, 5.64852293, 3.52348239, 0.0, 0.0, 3.52348239]",9.0,1.9444444444444444e-06,local
381_3,bulk,-53.78924388,45.922,True,"[11.29704586, 0.0, 0.0, 5.64852293, 3.26117624, 3.52348239, 0.0, 0.0, 3.52348239]",9.0,3.7500000000000003e-05,local
382_7,bulk,-86.49044084,776.7,True,"[10.25805591, 0.0, -11.84498268, -0.0, 8.78145838, -5.92249134, 0.0, 0.0, 5.92249134]",32.0,1.875e-08,local
382_8,bulk,-86.49044084,715.281,True,"[10.25805591, 0.0, -11.84498268, -0.0, 8.78145838, -5.92249134, 0.0, 0.0, 5.92249134]",32.0,1.875e-08,local
383_3,bulk,-78.07767743,124.833,True,"[5.16089009, 0.0, 0.0, 0.0, 5.16089009, -5.16089009, 0.0, 0.0, 5.16089009]",8.0,1.57125e-05,local
384_0,bulk,-35.51243748,58.514,True,"[3.31142733, 0.0, -3.31142733, -0.0, 6.09387921, -3.31142733, 0.0, 0.0, 3.31142733]",4.0,4.6375e-05,local
384_20,bulk,-71.02111674,97.636,True,"[4.68306545, 0.0, 0.0, 4.68306545, 4.68306545, 6.09387921, 0.0, 0.0, 6.09387921]",8.0,5.875e-06,local
386_35,bulk,-120.53714482,139.267,True,"[9.06838201, 0.0, 5.58437572, 4.534191, 7.04707524, 0.0, 0.0, 0.0, 5.58437572]",16.0,5.45e-06,local
386_58,bulk,-60.24724476,60.895,True,"[4.534191, 0.0, 0.0, 0.0, 5.58437572, 0.0, 0.0, 0.0, 7.04707524]",8.0,8.6875e-06,local
388_0,bulk,-31.5664663,72.125,True,"[4.62991858, 0.0, -2.77675161, 0.0, 4.87648666, -2.77675161, 0.0, 0.0, 2.77675161]",4.0,0.000145375,local
388_10,bulk,-126.27848802,340.715,True,"[9.25983716, 0.0, -2.77675161, -0.0, 9.75297331, -2.77675161, 0.0, 0.0, 2.77675161]",16.0,6.275e-06,local
388_35,bulk,-63.13885925,75.34,True,"[2.77675161, 0.0, 0.0, 0.0, 9.75297331, -4.62991858, 0.0, 0.0, 4.62991858]",8.0,4.08e-05,local
389_1,bulk,-106.66464459,237.357,True,"[4.32240078, 0.0, -7.48661776, -0.0, 8.04646745, -4.99107851, 0.0, 0.0, 4.99107851]",16.0,1.40639958125,local
389_23,bulk,-106.66275921,257.598,True,"[4.99107851, 0.0, 0.0, 4.99107851, 8.64480156, 4.02323372, 0.0, 0.0, 4.02323372]",16.0,1.412544325,local
389_5,bulk,-106.66381224,316.94,True,"[13.20515251, 0.0, 0.0, 3.77290072, 3.26742787, 4.02323372, 0.0, 0.0, 4.02323372]",16.0,1.39795375,local
390_2,bulk,-60.6022722,22.171,True,"[5.63213295, 0.0, -5.63213295, -0.0, 5.63213295, -5.63213295, 0.0, 0.0, 5.63213295]",8.0,6.4575e-05,local
391_4,bulk,-47.3554238,84.045,True,"[3.50637113, 0.0, 0.0, 0.0, 7.01274227, -3.50637113, 0.0, 0.0, 3.50637113]",8.0,0.0002238625,local
392_26,bulk,-137.36199169,478.426,True,"[10.86887323, 0.0, -6.5845232, -0.0, 8.91432078, -6.5845232, 0.0, 0.0, 3.2922616]",16.0,0.00014975625,local
392_51,bulk,-137.37089919,243.715,True,"[3.2922616, 0.0, 0.0, 0.0, 8.91432078, 0.0, 0.0, 0.0, 10.86887323]",16.0,0.00014883125,local
394_1,bulk,-127.62006728,238.968,True,"[5.61919788, 0.0, -9.73273623, -0.0, 10.28219155, -6.48849082, 0.0, 0.0, 6.48849082]",16.0,7.74e-05,local
394_24,bulk,-63.83270533,31.914,True,"[6.48849082, 0.0, 0.0, -3.24424541, 5.61919788, 0.0, 0.0, 0.0, 5.14109577]",8.0,8.53125e-05,local
394_4,bulk,-127.67860288,306.692,True,"[17.1669331, 0.0, 0.0, 4.90483803, 4.24771433, 5.14109577, 0.0, 0.0, 5.14109577]",16.0,2.795625e-05,local
395_7,bulk,-138.65243678,211.897,True,"[5.01098643, 0.0, 0.0, 0.0, 10.02197287, -5.01098643, 0.0, 0.0, 5.01098643]",16.0,0.000226725,local
396_10,bulk,-49.59489828,90.166,True,"[3.06601396, 0.0, 0.0, 0.0, 9.84419497, -3.06601396, 0.0, 0.0, 3.06601396]",6.0,1.72e-05,local
397_16,bulk,-77.36714869,58.1,True,"[3.97392982, 0.0, -2.29434945, 0.0, 7.27476038, -4.58869891, 0.0, 0.0, 4.58869891]",16.0,8.51875e-06,local
398_13,bulk,-51.94262891,177.049,True,"[4.39011197, 0.0, 0.0, 0.0, 10.20511335, -11.78384988, 0.0, 0.0, 5.89192494]",16.0,0.00010539375,local
399_19,bulk,-60.31862871,46.151,True,"[4.67777579, 0.0, -2.70071511, 0.0, 4.32376124, 0.0, 0.0, 0.0, 5.40143022]",8.0,0.836274925,local
399_22,bulk,-120.63156944,346.729,True,"[5.40143022, 0.0, 0.0, 5.40143022, 9.35555158, 4.32376124, 0.0, 0.0, 4.32376124]",16.0,0.84189450625,local
402_0,bulk,-41.00196282,63.425,True,"[4.11803028, 0.0, -7.13263768, -0.0, 5.63994345, -4.75509179, 0.0, 0.0, 4.75509179]",6.0,9.005e-05,local
402_8,bulk,-82.02334893,146.936,True,"[5.63994345, 0.0, 0.0, 0.0, 8.23606057, -9.51018357, 0.0, 0.0, 4.75509179]",12.0,8.736666666666666e-05,local
403_1,bulk,-41.03418309,61.128,True,"[3.09123958, 0.0, -3.09123958, 0.0, 6.18247916, -3.09123958, 0.0, 0.0, 3.09123958]",4.0,1.59e-05,local
406_17,bulk,-19.57861631,123.484,True,"[6.10562367, 0.0, -3.52508347, -0.0, 11.35629955, -7.05016693, 0.0, 0.0, 7.05016693]",16.0,8.0125e-06,local
406_19,bulk,-9.77759114,18.154,True,"[6.10562367, 0.0, -3.52508347, 0.0, 5.67814977, 0.0, 0.0, 0.0, 7.05016693]",8.0,7.75e-07,local
406_6,bulk,-19.48669536,214.004,True,"[18.65298841, 0.0, 0.0, 5.32942526, 4.61541766, 5.67814977, 0.0, 0.0, 5.67814977]",16.0,8.8125e-07,local
408_16,bulk,-17.85779434,219.525,True,"[7.51145219, 0.0, 0.0, 0.0, 8.56661331, -5.0084741, 0.0, 0.0, 5.0084741]",12.0,1.9166666666666668e-07,local
408_30,bulk,-35.70849965,614.855,True,"[9.0281076, 0.0, 0.0, 5.55704781, 8.33417487, 8.56661331, 0.0, 0.0, 8.56661331]",24.0,6.666666666666667e-08,local
408_32,bulk,-35.70849965,610.857,True,"[9.0281076, 0.0, 0.0, 5.55704781, 8.33417487, 8.56661331, 0.0, 0.0, 8.56661331]",24.0,6.666666666666667e-08,local
409_2,bulk,-3.40467505,11.521,True,"[3.85216336, 0.0, 0.0, 0.0, 3.85216336, -3.85216336, 0.0, 0.0, 3.85216336]",2.0,6.705e-05,local
412_10,bulk,-223.81210009,288.631,True,"[9.65324505, 0.0, -11.14660726, 0.0, 10.0890012, -5.57330363, 0.0, 0.0, 5.57330363]",24.0,0.00011591666666666667,local
412_15,bulk,-111.89848921,101.348,True,"[5.0445006, 0.0, 0.0, 0.0, 9.65324505, -11.14660726, 0.0, 0.0, 5.57330363]",12.0,0.000188875,local
415_18,bulk,-90.92745495,120.923,True,"[3.99737964, 0.0, -3.99737964, -0.0, 17.2051182, -7.99475928, 0.0, 0.0, 3.99737964]",16.0,2.51875e-06,local
416_19,bulk,-78.88118955,66.846,True,"[6.02418977, 0.0, 5.48449373, 3.01209488, 6.24169364, 0.0, 0.0, 0.0, 5.48449373]",12.0,7.819166666666667e-05,local
416_20,bulk,-78.88118955,74.545,True,"[6.02418977, 0.0, 5.48449373, 3.01209488, 6.24169364, 0.0, 0.0, 0.0, 5.48449373]",12.0,7.819166666666667e-05,local
417_11,bulk,-42.74809435,41.767,True,"[3.76862771, 0.0, -3.76862771, -0.0, 8.31208452, -7.53725542, 0.0, 0.0, 3.76862771]",8.0,3.19625e-05,local
418_25,bulk,-66.40341899,43.049,True,"[6.51560397, 0.0, 0.0, -0.0, 6.61867858, 5.74185489, 0.0, 0.0, 5.74185489]",12.0,0.30191866666666667,local
418_35,bulk,-66.40696971,77.48,True,"[3.30933929, 0.0, 0.0, 0.0, 13.03120794, -5.74185489, 0.0, 0.0, 5.74185489]",12.0,0.3103345,local
418_40,bulk,-33.20674509,26.648,True,"[3.30933929, 0.0, 0.0, 0.0, 5.74185489, 0.0, 0.0, 0.0, 6.51560397]",6.0,0.3115274,local
420_26,bulk,-63.88792512,20.761,True,"[3.95618934, 0.0, -2.28410698, 0.0, 6.36373823, 0.0, 0.0, 0.0, 4.56821396]",9.0,0.0007413888888888889,local
420_6,bulk,-127.76433422,124.086,True,"[7.91237868, 0.0, -9.13642792, 0.0, 6.36373823, -4.56821396, 0.0, 0.0, 4.56821396]",18.0,9.973333333333334e-05,local
422_33,bulk,-129.56471073,495.069,True,"[4.77850085, 0.0, 0.0, -0.0, 8.77899947, -8.27085585, 0.0, 0.0, 8.27085585]",24.0,0.0,local
422_9,bulk,-129.5651007,613.102,True,"[8.77899947, 0.0, 0.0, 0.0, 8.27085585, -4.77850085, 0.0, 0.0, 4.77850085]",24.0,7.916666666666667e-08,local
423_15,bulk,-98.28098229,231.984,True,"[5.84313504, 0.0, 0.0, 0.0, 10.56483494, -3.48727454, 0.0, 0.0, 3.48727454]",16.0,0.07059349375,local
423_34,bulk,-98.29018686,227.182,True,"[6.32969336, 0.0, 0.0, 3.84255066, 5.82057894, 5.84313504, 0.0, 0.0, 5.84313504]",16.0,0.06531231875,local
423_47,bulk,-98.28699848,122.877,True,"[3.48727454, 0.0, 0.0, -0.0, 10.56483494, 5.84313504, 0.0, 0.0, 5.84313504]",16.0,0.07728066875,local
424_1,bulk,-26.87746479,63.66,True,"[10.49870454, 0.0, 0.0, 5.24935227, 5.24935227, 5.63938724, 0.0, 0.0, 5.63938724]",12.0,6.949166666666667e-05,local
425_20,bulk,-110.9993249,228.552,True,"[5.0299144, 0.0, 0.0, 0.0, 8.93212672, -4.2391416, 0.0, 0.0, 4.2391416]",16.0,2.3125e-06,local
425_35,bulk,-110.99624261,262.783,True,"[5.0299144, 0.0, 0.0, -0.0, 8.47828321, 4.46606336, 0.0, 0.0, 4.46606336]",16.0,1.254375e-05,local
425_3,bulk,-55.49169191,128.287,True,"[4.46606336, 0.0, -4.2391416, -0.0, 5.0299144, -4.2391416, 0.0, 0.0, 4.2391416]",8.0,5.11e-05,local
425_7,bulk,-110.99474233,267.386,True,"[4.46606336, 0.0, -4.2391416, -0.0, 10.05982879, -4.2391416, 0.0, 0.0, 4.2391416]",16.0,2.99125e-05,local
426_3,bulk,-114.80555497,154.584,True,"[8.00673088, 0.0, -4.00336544, -0.0, 8.00673088, -4.00336544, 0.0, 0.0, 4.00336544]",16.0,3.079375e-05,local
427_10,bulk,-77.67564862,84.719,True,"[16.65333101, 0.0, 0.0, 4.75809457, 4.12063078, 4.59102487, 0.0, 0.0, 4.59102487]",16.0,6.59375e-06,local
427_1,bulk,-38.86739534,26.493,True,"[10.90216428, 0.0, 0.0, 5.45108214, 3.14718374, 4.59102487, 0.0, 0.0, 4.59102487]",8.0,2.36375e-05,local
427_23,bulk,-38.88677019,34.919,True,"[6.29436748, 0.0, 0.0, 3.14718374, 5.45108214, 4.59102487, 0.0, 0.0, 4.59102487]",8.0,0.0001274875,local
428_17,bulk,-155.34298623,231.515,True,"[3.3627423, 0.0, 0.0, 0.0, 13.02129731, -6.51064865, 0.0, 0.0, 6.51064865]",20.0,4.7e-07,local
429_16,bulk,-111.83351531,242.439,True,"[6.33142506, 0.0, 0.0, 0.0, 11.21079036, -3.61922223, 0.0, 0.0, 3.61922223]",16.0,2.875e-06,local
429_36,bulk,-111.82884432,353.731,True,"[6.67227283, 0.0, 0.0, 3.92632913, 6.08103757, 6.33142506, 0.0, 0.0, 6.33142506]",16.0,5.1875e-07,local
429_48,bulk,-55.91744898,72.502,True,"[3.61922223, 0.0, 0.0, 0.0, 6.33142506, 0.0, 0.0, 0.0, 5.60539518]",8.0,0.0001524625,local
429_8,bulk,-55.91772018,75.751,True,"[6.33142506, 0.0, 0.0, 0.0, 5.60539518, -3.61922223, 0.0, 0.0, 3.61922223]",8.0,3.4875e-06,local
432_11,bulk,-21.31038124,131.904,True,"[4.18670961, 0.0, 0.0, 0.0, 30.08981832, -4.18670961, 0.0, 0.0, 4.18670961]",12.0,0.00012569166666666665,local
432_2,bulk,-21.30907027,143.101,True,"[4.18670961, 0.0, 4.18670961, 4.18670961, 30.08981832, 0.0, 0.0, 0.0, 4.18670961]",12.0,4.9749999999999996e-05,local
438_10,bulk,-83.27245007,106.663,True,"[6.35832611, 0.0, 4.54296716, 3.17916306, 4.48324169, 0.0, 0.0, 0.0, 4.54296716]",8.0,0.0003129375,local
438_11,bulk,-83.27590936,115.847,True,"[4.48324169, 0.0, 0.0, -0.0, 6.35832611, 4.54296716, 0.0, 0.0, 4.54296716]",8.0,0.0001812375,local
439_5,bulk,-388.37351396,412.95,True,"[6.55850591, 0.0, 0.0, 0.0, 13.11701182, -6.55850591, 0.0, 0.0, 6.55850591]",32.0,4.084375e-06,local
440_0,bulk,-40.33632179,87.392,True,"[3.90253375, 0.0, -3.90253375, 0.0, 9.09787658, -3.90253375, 0.0, 0.0, 3.90253375]",8.0,5.76375e-05,local
444_4,bulk,-81.87015177,223.403,True,"[4.45456422, 0.0, -2.77465827, -0.0, 9.69267499, -2.77465827, 0.0, 0.0, 2.77465827]",8.0,2.5e-08,local
444_7,bulk,-81.88467738,220.776,True,"[8.90912845, 0.0, -2.77465827, -0.0, 4.84633749, -2.77465827, 0.0, 0.0, 2.77465827]",8.0,5e-08,local
445_7,bulk,-121.53521631,46.025,True,"[7.58790067, 0.0, 0.0, 0.0, 7.58790067, 0.0, 0.0, 0.0, 7.58790067]",24.0,0.00017852500000000002,local
448_8,bulk,-7.07540386,17.895,True,"[2.89870725, 0.0, 0.0, 0.0, 3.57489516, 0.0, 0.0, 0.0, 2.89870725]",2.0,2.95e-06,local
449_17,bulk,-43.32160725,71.112,True,"[2.76913675, 0.0, 0.0, 2.76913675, 4.79628555, 4.39540608, 0.0, 0.0, 4.39540608]",4.0,1.015e-05,local
449_7,bulk,-43.31145023,45.278,True,"[4.39540608, 0.0, 0.0, 0.0, 4.79628555, -5.5382735, 0.0, 0.0, 2.76913675]",4.0,1.3e-06,local
450_12,bulk,-86.23561509,119.954,True,"[3.30026673, 0.0, 0.0, 0.0, 23.45733715, -3.30026673, 0.0, 0.0, 3.30026673]",12.0,1.4575e-05,local
450_17,bulk,-43.1171217,73.687,True,"[3.30026673, 0.0, 0.0, 0.0, 11.72866857, -6.60053345, 0.0, 0.0, 3.30026673]",6.0,6.21e-05,local
451_1,bulk,-118.68276547,125.881,True,"[5.72010512, 0.0, -5.72010512, -0.0, 5.72010512, -5.72010512, 0.0, 0.0, 5.72010512]",16.0,1.3550397625,local
455_10,bulk,-18.05050537,18.396,True,"[2.54644355, 0.0, -1.47018987, 0.0, 14.29680906, 0.0, 0.0, 0.0, 2.94037974]",6.0,2.7733333333333334e-05,local
455_12,bulk,-18.0649544,46.391,True,"[2.54644355, 0.0, -1.47018987, -0.0, 14.29680906, 2.94037974, 0.0, 0.0, 2.94037974]",6.0,2.8650000000000002e-05,local
458_15,bulk,-31.40135542,58.257,True,"[2.77355852, 0.0, -2.77355852, 0.0, 9.86515858, -5.54711704, 0.0, 0.0, 2.77355852]",6.0,7.416666666666666e-06,local
458_3,bulk,-62.80919958,118.344,True,"[2.77355852, 0.0, -2.77355852, 0.0, 19.73031716, -2.77355852, 0.0, 0.0, 2.77355852]",12.0,4.2e-06,local
458_4,bulk,-31.40087452,47.386,True,"[9.86515858, 0.0, 0.0, 0.0, 2.77355852, -2.77355852, 0.0, 0.0, 2.77355852]",6.0,3.201666666666667e-05,local
459_11,bulk,-51.23413131,69.242,True,"[3.9276734, 0.0, -3.9276734, 0.0, 7.88434491, -7.8553468, 0.0, 0.0, 3.9276734]",8.0,8.6625e-05,local
459_13,bulk,-51.21948828,39.784,True,"[3.9276734, 0.0, 0.0, 0.0, 3.9276734, 0.0, 0.0, 0.0, 7.88434491]",8.0,0.0001103875,local
459_1,bulk,-102.45591889,275.635,True,"[3.9276734, 0.0, -3.9276734, 0.0, 15.76868982, -3.9276734, 0.0, 0.0, 3.9276734]",16.0,9.735625e-05,local
45_2,bulk,-16.88071724,29.581,True,"[3.42981044, 0.0, 0.0, 0.0, 3.42981044, -3.42981044, 0.0, 0.0, 3.42981044]",2.0,0.00112275,local
45_4,bulk,-33.7540874,38.123,True,"[3.42981044, 0.0, 0.0, 0.0, 6.85962088, -3.42981044, 0.0, 0.0, 3.42981044]",4.0,0.000210275,local
460_10,bulk,-106.40570566,280.265,True,"[4.79058881, 0.0, 0.0, 0.0, 10.24271738, -11.82727127, 0.0, 0.0, 5.91363564]",16.0,2.74e-05,local
460_14,bulk,-53.20448006,147.642,True,"[5.91363564, 0.0, 0.0, 2.95681782, 5.12135869, 4.79058881, 0.0, 0.0, 4.79058881]",8.0,7.925e-05,local
460_20,bulk,-106.41477135,341.251,True,"[10.24271738, 0.0, 0.0, 0.0, 5.91363564, -4.79058881, 0.0, 0.0, 4.79058881]",16.0,1.43125e-06,local
460_4,bulk,-106.40671086,400.172,True,"[15.64600924, 0.0, 0.0, 4.47028835, 3.87138328, 4.79058881, 0.0, 0.0, 4.79058881]",16.0,9.875e-07,local
461_31,bulk,-85.43761776,473.513,True,"[11.75675078, 0.0, 0.0, 3.22584364, 8.0897968, 4.05708215, 0.0, 0.0, 4.05708215]",16.0,0.00023143125,local
461_38,bulk,-42.71395958,91.071,True,"[4.35462052, 0.0, 0.0, -0.0, 10.92055259, 8.1141643, 0.0, 0.0, 4.05708215]",8.0,0.0004642375,local
461_4,bulk,-85.43973287,273.686,True,"[10.92055259, 0.0, -4.35462052, 0.0, 8.1141643, -4.35462052, 0.0, 0.0, 4.35462052]",16.0,0.00024069375,local
463_4,bulk,-43.78805215,47.707,True,"[3.87947276, 0.0, 0.0, 0.0, 7.75894551, -3.87947276, 0.0, 0.0, 3.87947276]",8.0,1.88125e-05,local
464_24,bulk,-52.35776691,61.394,True,"[2.79528334, 0.0, 0.0, 0.0, 8.35246564, -3.97445983, 0.0, 0.0, 3.97445983]",6.0,0.00019063333333333332,local
465_5,bulk,-27.67724031,83.468,True,"[3.57803404, 0.0, 0.0, 0.0, 5.02637506, -2.51318753, 0.0, 0.0, 2.51318753]",4.0,1.62503725,local
466_20,bulk,-67.3221299,94.758,True,"[10.42396088, 0.0, -6.89654254, -0.0, 4.30652599, -3.44827127, 0.0, 0.0, 3.44827127]",8.0,0.00020525,local
466_26,bulk,-134.64987939,122.709,True,"[10.97950523, 0.0, 0.0, 2.16595821, 6.54758918, 4.30652599, 0.0, 0.0, 4.30652599]",16.0,0.00017629375,local
466_33,bulk,-67.32357808,74.977,True,"[3.44827127, 0.0, 0.0, -0.0, 10.42396088, 8.61305197, 0.0, 0.0, 4.30652599]",8.0,0.0001943625,local
466_36,bulk,-67.33193713,51.739,True,"[3.44827127, 0.0, 0.0, 0.0, 4.30652599, 0.0, 0.0, 0.0, 10.42396088]",8.0,9.73625e-05,local
467_5,bulk,-319.63234991,482.138,True,"[10.59543381, 0.0, -5.2977169, -0.0, 10.59543381, -5.2977169, 0.0, 0.0, 5.2977169]",32.0,3.03125e-07,local
468_25,bulk,-89.67545025,206.912,True,"[5.2801324, 0.0, 0.0, 2.93768015, 4.73209421, 4.85673283, 0.0, 0.0, 4.85673283]",8.0,0.0,local
468_41,bulk,-44.83364273,39.86,True,"[2.78490037, 0.0, 0.0, 0.0, 4.48599244, 0.0, 0.0, 0.0, 4.85673283]",4.0,9.7675e-05,local
469_1,bulk,-37.19681153,130.187,True,"[4.43248201, 0.0, -2.75140214, 0.0, 4.8362835, -2.75140214, 0.0, 0.0, 2.75140214]",4.0,7.5e-08,local
469_25,bulk,-74.38988575,215.097,True,"[5.21700206, 0.0, 0.0, 2.90213178, 4.67530598, 4.8362835, 0.0, 0.0, 4.8362835]",8.0,7.5e-08,local
46_6,bulk,-443.09018647,1439.858,True,"[7.13385421, 0.0, 0.0, 0.0, 14.26770843, -7.13385421, 0.0, 0.0, 7.13385421]",48.0,0.000180375,local
472_10,bulk,-42.9690069,49.168,True,"[3.07830483, 0.0, 0.0, 0.0, 7.52804798, -3.07830483, 0.0, 0.0, 3.07830483]",6.0,2.3e-05,local
472_1,bulk,-42.96998572,65.059,True,"[3.07830483, 0.0, -3.07830483, 0.0, 7.52804798, -3.07830483, 0.0, 0.0, 3.07830483]",6.0,2.9933333333333334e-05,local
473_0,bulk,-186.05569558,863.194,True,"[6.04330919, 0.0, -10.46731857, -0.0, 20.43892595, -6.97821238, 0.0, 0.0, 6.97821238]",30.0,2.0666666666666666e-06,local
473_23,bulk,-186.14229024,764.129,True,"[6.04330919, 0.0, -3.48910619, -0.0, 20.43892595, -6.97821238, 0.0, 0.0, 6.97821238]",30.0,6e-08,local
475_27,bulk,-131.44378934,326.969,True,"[9.8352322, 0.0, 0.0, -0.0, 6.49213385, 4.08074062, 0.0, 0.0, 4.08074062]",16.0,0.00012294375,local
475_36,bulk,-65.72406068,127.697,True,"[3.24606693, 0.0, 0.0, 0.0, 4.08074062, 0.0, 0.0, 0.0, 9.8352322]",8.0,0.0002416375,local
475_7,bulk,-65.72258143,98.442,True,"[4.08074062, 0.0, 0.0, 0.0, 9.8352322, -3.24606693, 0.0, 0.0, 3.24606693]",8.0,0.00032235,local
475_8,bulk,-131.45443319,547.376,True,"[19.67046441, 0.0, -3.24606693, -0.0, 4.08074062, -3.24606693, 0.0, 0.0, 3.24606693]",16.0,5.819375e-05,local
477_19,bulk,-245.59289524,564.151,True,"[9.03064146, 0.0, -4.51532073, -0.0, 9.03064146, -4.51532073, 0.0, 0.0, 4.51532073]",32.0,0.482656203125,local
477_22,bulk,-122.79829625,174.21,True,"[4.51532073, 0.0, 0.0, 0.0, 9.03064146, -4.51532073, 0.0, 0.0, 4.51532073]",16.0,0.48284138125,local
477_2,bulk,-61.39709913,47.363,True,"[4.51532073, 0.0, -4.51532073, -0.0, 4.51532073, -4.51532073, 0.0, 0.0, 4.51532073]",8.0,0.48265945,local
477_7,bulk,-122.79373367,172.918,True,"[4.51532073, 0.0, -4.51532073, 0.0, 9.03064146, -4.51532073, 0.0, 0.0, 4.51532073]",16.0,0.482924475,local
478_6,bulk,-20.16428833,30.67,True,"[2.87156614, 0.0, 0.0, 0.0, 3.8928814, -2.87156614, 0.0, 0.0, 2.87156614]",2.0,7.86e-05,local
481_69,bulk,-164.11955196,209.685,True,"[3.69723781, 0.0, 0.0, -0.0, 17.82517195, 18.86975732, 0.0, 0.0, 8.38862394]",24.0,3.041666666666667e-07,local
481_78,bulk,-82.07397024,129.943,True,"[10.33913575, 0.0, 0.0, -4.25191663, 7.23119746, -3.69723781, 0.0, 0.0, 3.69723781]",12.0,8.333333333333334e-09,local
482_19,bulk,-91.86575656,79.975,True,"[5.54055328, 0.0, 0.0, 0.0, 8.00084444, 0.0, 0.0, 0.0, 5.54055328]",16.0,4.83875e-05,local
482_4,bulk,-91.86326519,129.095,True,"[8.00084444, 0.0, 0.0, 0.0, 5.54055328, -5.54055328, 0.0, 0.0, 5.54055328]",16.0,4.75375e-05,local
483_2,bulk,-10.17255014,17.847,True,"[2.72598044, 0.0, 0.0, 0.0, 3.67373021, -6.36308738, 0.0, 0.0, 4.24205825]",3.0,3.3e-06,local
483_8,bulk,-20.33938128,24.737,True,"[2.72598044, 0.0, 0.0, 0.0, 7.34746042, -8.4841165, 0.0, 0.0, 4.24205825]",6.0,1.5e-07,local
484_0,bulk,-47.58998847,101.687,True,"[5.19577259, 0.0, -3.34126286, 0.0, 5.63232102, -3.34126286, 0.0, 0.0, 3.34126286]",8.0,2.75e-07,local
484_25,bulk,-95.17326669,247.447,True,"[6.68252572, 0.0, 5.19577259, 6.68252572, 5.63232102, -0.0, 0.0, 0.0, 5.19577259]",16.0,8.125e-08,local
484_51,bulk,-95.17801019,138.314,True,"[3.34126286, 0.0, 0.0, -0.0, 10.39154518, 5.63232102, 0.0, 0.0, 5.63232102]",16.0,7.0625e-07,local
485_5,bulk,-74.32821939,261.524,True,"[5.8841432, 0.0, -2.9420716, -0.0, 12.04390918, -2.9420716, 0.0, 0.0, 2.9420716]",12.0,4.166666666666666e-08,local
487_14,bulk,-128.67356442,662.579,True,"[22.81403115, 0.0, -4.27914429, 0.0, 9.11262138, -4.27914429, 0.0, 0.0, 4.27914429]",32.0,1.3478125e-05,local
487_27,bulk,-32.1751017,57.775,True,"[4.55631069, 0.0, 0.0, 0.0, 11.40701558, -8.55828858, 0.0, 0.0, 4.27914429]",8.0,2.7925e-05,local
487_6,bulk,-32.16889486,72.341,True,"[4.55631069, 0.0, 0.0, 0.0, 11.40701558, -4.27914429, 0.0, 0.0, 4.27914429]",8.0,0.0001284125,local
48_10,bulk,-95.87652775,523.21,True,"[5.20443255, 0.0, -5.20443255, 0.0, 10.4088651, -5.20443255, 0.0, 0.0, 5.20443255]",16.0,0.0,local
48_16,bulk,-191.75750688,1923.741,True,"[10.4088651, 0.0, -5.20443255, -0.0, 10.4088651, -5.20443255, 0.0, 0.0, 5.20443255]",32.0,0.0,local
48_4,bulk,-95.87652775,535.63,True,"[5.20443255, 0.0, -5.20443255, 0.0, 10.4088651, -5.20443255, 0.0, 0.0, 5.20443255]",16.0,0.0,local
48_8,bulk,-95.87652775,553.816,True,"[5.20443255, 0.0, -5.20443255, 0.0, 10.4088651, -5.20443255, 0.0, 0.0, 5.20443255]",16.0,0.0,local
490_1,bulk,-25.28307964,40.743,True,"[2.87546725, 0.0, -2.87546725, 0.0, 5.7509345, -2.87546725, 0.0, 0.0, 2.87546725]",4.0,0.35525125,local
493_0,bulk,-46.17841081,82.438,True,"[5.81731152, 0.0, -3.75376161, -0.0, 6.17832782, -3.75376161, 0.0, 0.0, 3.75376161]",8.0,2.04375e-05,local
493_1,bulk,-46.17841081,104.996,True,"[5.81731152, 0.0, -3.75376161, -0.0, 6.17832782, -3.75376161, 0.0, 0.0, 3.75376161]",8.0,2.04375e-05,local
493_40,bulk,-92.36528112,188.438,True,"[5.81731152, 0.0, 0.0, -0.0, 7.50752323, 6.17832782, 0.0, 0.0, 6.17832782]",16.0,6.64375e-06,local
497_0,bulk,-111.73050601,187.223,True,"[7.93763792, 0.0, -7.93763792, -0.0, 7.93763792, -7.93763792, 0.0, 0.0, 7.93763792]",24.0,3.37375e-05,local
498_23,bulk,-168.19086606,405.996,True,"[9.1511645, 0.0, -6.65936048, 1.58042601, 13.56530761, 0.0, 0.0, 0.0, 3.32968024]",24.0,2.4291666666666666e-06,local
498_37,bulk,-84.09708996,109.658,True,"[3.32968024, 0.0, 0.0, 0.0, 6.78265381, -3.78536924, 0.0, 0.0, 9.1511645]",12.0,3.4075e-05,local
498_59,bulk,-168.2033596,584.246,True,"[18.302329, 0.0, -3.32968024, 14.51695976, 6.78265381, 0.0, 0.0, 0.0, 3.32968024]",24.0,3.0833333333333333e-07,local
49_10,bulk,-144.51702905,163.018,True,"[8.33003704, 0.0, -9.61869825, 0.0, 6.59341879, -4.80934913, 0.0, 0.0, 4.80934913]",18.0,4.577777777777778e-06,local
501_12,bulk,-81.79959008,110.766,True,"[5.50716766, 0.0, 0.0, 2.75358383, 4.7693471, 4.36439541, 0.0, 0.0, 4.36439541]",8.0,3.655e-05,local
501_3,bulk,-163.58951662,237.896,True,"[14.57059606, 0.0, 0.0, 4.16302745, 3.60528752, 4.36439541, 0.0, 0.0, 4.36439541]",16.0,1.85625e-06,local
502_33,bulk,-66.76673933,366.174,True,"[4.09898347, 0.0, 0.0, -0.0, 11.89165676, 8.47404719, 0.0, 0.0, 5.2672711]",14.0,4.285714285714286e-08,local
502_37,bulk,-66.7756319,339.256,True,"[4.09898347, 0.0, 0.0, -0.0, 11.89165676, 13.74131829, 0.0, 0.0, 5.2672711]",14.0,8.571428571428571e-07,local
502_47,bulk,-66.75971382,396.226,True,"[4.09898347, 0.0, 0.0, 0.0, 11.89165676, 2.06049502, 0.0, 0.0, 5.2672711]",14.0,3.6428571428571433e-07,local
502_4,bulk,-133.53504461,1328.705,True,"[12.31644889, 0.0, 4.09898347, 15.05927828, 10.17120771, 0.0, 0.0, 0.0, 4.09898347]",28.0,2.082142857142857e-06,local
503_19,bulk,-66.20785681,329.123,True,"[7.31973502, 0.0, 0.0, 0.0, 16.57600061, -4.69415533, 0.0, 0.0, 4.69415533]",24.0,3.858333333333333e-06,local
503_2,bulk,-33.0887525,135.003,True,"[7.31973502, 0.0, -4.69415533, -0.0, 8.28800031, -4.69415533, 0.0, 0.0, 4.69415533]",12.0,0.00012969166666666667,local
505_26,bulk,-40.26758993,124.459,True,"[6.88656048, 0.0, 0.0, 0.0, 6.8993911, 0.08294772, 0.0, 0.0, 5.88634391]",12.0,3.5808333333333334e-05,local
505_9,bulk,-40.23537532,115.072,True,"[9.74814407, 0.0, -5.80339619, 4.88314465, 4.87406359, 0.08294772, 0.0, 0.0, 5.88634391]",12.0,5.9425e-05,local
506_2,bulk,-78.36409197,501.96,True,"[26.82036961, 0.0, 0.0, 0.70272478, 4.2841004, 4.33687835, 0.0, 0.0, 4.33687835]",16.0,6.25e-09,local
506_5,bulk,-156.65854964,972.286,True,"[26.46667504, 0.0, -4.34135213, 0.0, 8.6737567, -4.34135213, 0.0, 0.0, 4.34135213]",32.0,1.25e-08,local
507_1,bulk,-21.69974136,71.958,True,"[3.52833471, 0.0, -6.11125499, -0.0, 4.93229051, -4.07416999, 0.0, 0.0, 4.07416999]",5.0,3.8e-07,local
507_25,bulk,-21.69285081,33.818,True,"[4.07416999, 0.0, 0.0, -2.037085, 3.52833471, 0.0, 0.0, 0.0, 4.93229051]",5.0,7.35e-05,local
507_4,bulk,-43.40169493,164.193,True,"[3.52833471, 0.0, -6.11125499, 0.0, 9.86458101, -4.07416999, 0.0, 0.0, 4.07416999]",10.0,2e-08,local
509_12,bulk,-72.2992803,110.667,True,"[5.44082501, 0.0, 0.0, 2.7204125, 4.71189267, 4.32841723, 0.0, 0.0, 4.32841723]",8.0,0.44801405,local
509_14,bulk,-72.2992803,118.148,True,"[5.44082501, 0.0, 0.0, 2.7204125, 4.71189267, 4.32841723, 0.0, 0.0, 4.32841723]",8.0,0.44801405,local
50_24,bulk,-70.22002493,56.282,True,"[3.46651403, 0.0, 0.0, 0.0, 11.74682249, -6.93302805, 0.0, 0.0, 3.46651403]",8.0,7.3025e-05,local
510_1,bulk,-127.84426596,229.592,True,"[4.93218755, 0.0, -4.93218755, 0.0, 9.8643751, -4.93218755, 0.0, 0.0, 4.93218755]",16.0,0.00010834375,local
513_2,bulk,-28.68025569,24.927,True,"[4.12143325, 0.0, 0.0, 0.0, 4.12143325, -4.12143325, 0.0, 0.0, 4.12143325]",4.0,3.725e-06,local
514_6,bulk,-11.67152243,34.172,True,"[2.82266608, 0.0, 0.0, 0.0, 3.95347902, -2.82266608, 0.0, 0.0, 2.82266608]",2.0,8.27e-05,local
515_0,bulk,-4.74053536,22.118,True,"[3.18676198, 0.0, -3.18676198, 0.0, 3.18676198, -3.18676198, 0.0, 0.0, 3.18676198]",2.0,3.49e-05,local
516_10,bulk,-23.69332554,33.809,True,"[3.7159114, 0.0, 0.0, 0.0, 8.14507129, 0.0, 0.0, 0.0, 3.7159114]",8.0,0.000247625,local
517_3,bulk,-33.13680207,89.408,True,"[5.91619375, 0.0, -2.95809688, -0.0, 3.42350706, -2.95809688, 0.0, 0.0, 2.95809688]",4.0,0.000613225,local
517_5,bulk,-33.14525065,66.155,True,"[3.42350706, 0.0, 0.0, 0.0, 5.91619375, -2.95809688, 0.0, 0.0, 2.95809688]",4.0,0.000161875,local
517_7,bulk,-33.13943364,88.153,True,"[2.95809688, 0.0, 0.0, 0.0, 6.84701412, -2.95809688, 0.0, 0.0, 2.95809688]",4.0,0.0010566,local
518_0,bulk,-20.20276755,164.979,True,"[7.39499884, 0.0, -4.60600003, 0.0, 7.52463384, -4.60600003, 0.0, 0.0, 4.60600003]",12.0,8.333333333333334e-09,local
518_35,bulk,-40.44703644,317.302,True,"[7.39499884, 0.0, 0.0, -0.0, 9.21200006, 7.52463384, 0.0, 0.0, 7.52463384]",24.0,5.325416666666666e-05,local
51_4,bulk,-108.6471508,554.855,True,"[8.22167539, 0.0, -4.11083769, -0.0, 16.17743273, -4.11083769, 0.0, 0.0, 4.11083769]",32.0,8.5625e-07,local
520_13,bulk,-66.21328179,56.439,True,"[3.10166576, 0.0, 0.0, 0.0, 14.36100085, -3.10166576, 0.0, 0.0, 3.10166576]",10.0,0.0001562,local
520_20,bulk,-66.21579544,119.423,True,"[3.10166576, 0.0, -3.10166576, -0.0, 14.36100085, -6.20333152, 0.0, 0.0, 3.10166576]",10.0,2.11e-06,local
520_25,bulk,-66.21641968,54.435,True,"[3.10166576, 0.0, 0.0, 0.0, 14.36100085, -6.20333152, 0.0, 0.0, 3.10166576]",10.0,0.00014430999999999998,local
520_28,bulk,-66.22151276,30.046,True,"[3.10166576, 0.0, 0.0, 0.0, 3.10166576, 0.0, 0.0, 0.0, 14.36100085]",10.0,0.00032502,local
521_8,bulk,-58.26210115,333.941,True,"[4.70703186, 0.0, -4.70703186, 0.0, 9.41406372, -4.70703186, 0.0, 0.0, 4.70703186]",16.0,8.75e-08,local
522_14,bulk,-159.88256899,906.399,True,"[4.17567762, 0.0, 0.0, 0.0, 28.58695448, -4.17567762, 0.0, 0.0, 4.17567762]",24.0,4.73875e-05,local
523_13,bulk,-136.24625419,402.957,True,"[2.78503379, 0.0, 0.0, 0.0, 13.41875346, -5.84575634, 0.0, 0.0, 5.84575634]",16.0,1.76375e-05,local
523_21,bulk,-68.12352788,71.424,True,"[6.70937673, 0.0, 0.0, 0.0, 2.78503379, 0.0, 0.0, 0.0, 5.84575634]",8.0,0.0001366625,local
526_0,bulk,-8.46638226,20.153,True,"[3.54185399, 0.0, -3.54185399, -0.0, 3.54185399, -3.54185399, 0.0, 0.0, 3.54185399]",2.0,1.675e-05,local
527_16,bulk,-172.74709323,116.583,True,"[4.68385345, 0.0, -2.70422405, -0.0, 8.7289986, -5.4084481, 0.0, 0.0, 5.4084481]",16.0,5.71875e-06,local
527_20,bulk,-172.72727459,289.697,True,"[9.36770691, 0.0, 0.0, 0.0, 5.4084481, -4.3644993, 0.0, 0.0, 4.3644993]",16.0,1.600625e-05,local
527_22,bulk,-172.73338562,323.844,True,"[5.4084481, 0.0, 0.0, 5.4084481, 9.36770691, 4.3644993, 0.0, 0.0, 4.3644993]",16.0,1.214375e-05,local
528_3,bulk,-261.97659374,723.967,True,"[7.88053727, 0.0, -7.88053727, 0.0, 15.76107454, -7.88053727, 0.0, 0.0, 7.88053727]",48.0,8.097291666666667e-05,local
529_4,bulk,-167.93475355,461.817,True,"[7.10225129, 0.0, 0.0, 0.0, 7.10225129, -7.10225129, 0.0, 0.0, 7.10225129]",24.0,7.24e-05,local
52_19,bulk,-44.47045606,34.575,True,"[3.11958695, 0.0, 0.0, 0.0, 3.11958695, 0.0, 0.0, 0.0, 9.94838444]",6.0,8.066666666666667e-05,local
530_3,bulk,-37.02693168,142.563,True,"[15.34597767, 0.0, 0.0, 4.38456505, 3.79714472, 4.55750076, 0.0, 0.0, 4.55750076]",12.0,7.5666666666666665e-06,local
531_21,bulk,-16.20599564,15.955,True,"[3.6081939, 0.0, 0.0, -1.80409695, 3.12478758, 0.0, 0.0, 0.0, 7.16441671]",3.0,0.28428396666666667,local
534_4,bulk,-249.77314421,401.788,True,"[6.91707394, 0.0, 0.0, -0.0, 6.91707394, 6.91707394, 0.0, 0.0, 6.91707394]",24.0,2.0375e-06,local
535_12,bulk,-172.46947644,663.996,True,"[3.76749282, 0.0, 0.0, 0.0, 14.98408297, -6.64961576, 0.0, 0.0, 6.64961576]",32.0,8.478125e-06,local
535_16,bulk,-86.24057817,125.573,True,"[7.49204148, 0.0, 0.0, 0.0, 3.76749282, 0.0, 0.0, 0.0, 6.64961576]",16.0,2.21e-05,local
535_2,bulk,-86.23679748,189.436,True,"[10.01738865, 0.0, 0.0, 4.41406351, 4.97327186, 3.76749282, 0.0, 0.0, 3.76749282]",16.0,2.54375e-06,local
538_2,bulk,-42.61343436,69.127,True,"[4.53299874, 0.0, 0.0, 0.0, 4.59793429, -3.22401238, 0.0, 0.0, 3.22401238]",4.0,2.555e-05,local
53_16,bulk,-167.69598731,2382.936,True,"[13.66672068, 0.0, -6.83336034, -0.0, 12.15409693, -6.83336034, 0.0, 0.0, 6.83336034]",40.0,5e-09,local
53_21,bulk,-41.94885302,210.19,True,"[6.83336034, 0.0, 0.0, -0.0, 6.83336034, 6.07704847, 0.0, 0.0, 6.07704847]",10.0,1e-08,local
53_28,bulk,-83.91616349,369.574,True,"[9.66383087, 0.0, 0.0, 9.66383087, 9.66383087, 6.07704847, 0.0, 0.0, 6.07704847]",20.0,2.9500000000000003e-07,local
53_29,bulk,-83.90141552,295.489,True,"[6.83336034, 0.0, 0.0, -0.0, 13.66672068, 6.07704847, 0.0, 0.0, 6.07704847]",20.0,3.9350000000000004e-06,local
540_11,bulk,-60.84567978,85.231,True,"[5.84910015, 0.0, 0.0, 5.84910015, 5.84910015, 8.05520252, 0.0, 0.0, 8.05520252]",16.0,5.0175e-05,local
542_11,bulk,-70.41932758,101.671,True,"[5.04710596, 0.0, 0.0, 0.0, 9.29226441, -2.80059545, 0.0, 0.0, 2.80059545]",8.0,0.0001733375,local
542_19,bulk,-70.40695672,162.212,True,"[5.60119091, 0.0, 4.6461322, 5.60119091, 5.04710596, -0.0, 0.0, 0.0, 4.6461322]",8.0,0.0001351,local
544_0,bulk,-111.53663084,113.357,True,"[8.53413607, 0.0, 0.0, 4.26706803, 4.26706803, 4.91206046, 0.0, 0.0, 4.91206046]",12.0,8.333333333333334e-09,local
544_11,bulk,-223.04032421,204.643,True,"[4.91206046, 0.0, 0.0, 0.0, 12.06909097, -6.03454549, 0.0, 0.0, 6.03454549]",24.0,0.00012647916666666667,local
544_18,bulk,-111.51400159,47.309,True,"[6.03454549, 0.0, 0.0, 0.0, 4.91206046, 0.0, 0.0, 0.0, 6.03454549]",12.0,4.241666666666666e-06,local
545_7,bulk,-13.52216032,38.697,True,"[3.06651729, 0.0, 0.0, 0.0, 7.47250317, -3.06651729, 0.0, 0.0, 3.06651729]",4.0,2.8275e-05,local
546_22,bulk,-65.84303001,432.476,True,"[9.87227135, 0.0, 0.0, 4.87825564, 8.51595847, 8.74933929, 0.0, 0.0, 8.74933929]",24.0,1.0025e-05,local
547_4,bulk,-158.072618,270.96,True,"[14.6210765, 0.0, 0.0, 4.17745043, 3.61777819, 4.39683572, 0.0, 0.0, 4.39683572]",16.0,2.88125e-06,local
547_7,bulk,-316.10814488,785.926,True,"[9.5717414, 0.0, -11.05249495, -0.0, 8.79367144, -5.52624747, 0.0, 0.0, 5.52624747]",32.0,4.0625e-08,local
54_0,bulk,-39.1232114,58.687,True,"[6.01382724, 0.0, -3.25325123, -0.0, 6.75805876, -3.25325123, 0.0, 0.0, 3.25325123]",6.0,9.333333333333333e-07,local
54_27,bulk,-39.12209517,54.21,True,"[6.01382724, 0.0, -3.25325123, 0.0, 6.75805876, -6.50650246, 0.0, 0.0, 3.25325123]",6.0,1e-06,local
550_1,bulk,-20.34191878,34.294,True,"[2.42558759, 0.0, -4.20124095, -0.0, 8.40713184, -2.8008273, 0.0, 0.0, 2.8008273]",4.0,1.1125e-05,local
550_2,bulk,-11.11007339,20.1,True,"[4.20356592, 0.0, 0.0, 0.0, 2.42558759, -4.20124095, 0.0, 0.0, 2.8008273]",2.0,0.0001013,local
553_1,bulk,-57.26362889,80.735,True,"[5.58004626, 0.0, -3.10342285, 0.0, 6.42684217, -3.10342285, 0.0, 0.0, 3.10342285]",8.0,1.11e-05,local
553_21,bulk,-57.26425958,53.253,True,"[5.58004626, 0.0, 0.0, 0.0, 6.42684217, -3.10342285, 0.0, 0.0, 3.10342285]",8.0,1.0975e-05,local
553_27,bulk,-114.51356648,172.687,True,"[6.2068457, 0.0, 5.58004626, 6.2068457, 6.42684217, -0.0, 0.0, 0.0, 5.58004626]",16.0,2.4375e-07,local
553_35,bulk,-114.51926615,81.437,True,"[6.42684217, 0.0, 0.0, -0.0, 6.2068457, 5.58004626, 0.0, 0.0, 5.58004626]",16.0,6.06875e-06,local
554_1,bulk,-170.6176228,512.417,True,"[6.84131168, 0.0, -6.84131168, -0.0, 6.84131168, -6.84131168, 0.0, 0.0, 6.84131168]",24.0,6.019583333333333e-05,local
554_6,bulk,-341.23727174,4282.891,False,"[6.84131168, 0.0, 0.0, 0.0, 13.68262336, -6.84131168, 0.0, 0.0, 6.84131168]",48.0,0.12694984166666667,local
555_16,bulk,-153.57755046,685.915,True,"[3.99024507, 0.0, 0.0, 0.0, 35.2029242, -3.99024507, 0.0, 0.0, 3.99024507]",32.0,2.515625e-06,local
556_15,bulk,-163.52434197,238.753,True,"[3.70217085, 0.0, 0.0, 0.0, 14.23251997, -7.11625999, 0.0, 0.0, 7.11625999]",20.0,3.3599999999999996e-06,local
557_28,bulk,-21.2967974,43.181,True,"[4.72115778, 0.0, 0.0, 0.0, 11.44036271, -8.08593661, 0.0, 0.0, 4.0429683]",8.0,0.0002241625,local
557_37,bulk,-21.28859215,41.883,True,"[4.0429683, 0.0, 0.0, -0.0, 11.44036271, 9.44231555, 0.0, 0.0, 4.72115778]",8.0,0.00028455,local
558_8,bulk,-154.13184175,344.642,True,"[7.32296563, 0.0, 5.36013818, 0.00609434, 14.64922414, 0.0060482, 0.0, 0.0, 3.57361719]",18.0,6.555555555555556e-07,local
55_63,bulk,-140.7764926,436.092,True,"[14.71605932, 0.0, 0.0, -7.34975849, 7.35889026, -7.14613857, 0.0, 0.0, 3.57306928]",18.0,4.277777777777778e-07,local
560_26,bulk,-56.4361941,646.38,True,"[13.66722052, 0.0, -11.42684995, 0.0, 7.34908433, -5.71342497, 0.0, 0.0, 5.71342497]",20.0,2e-08,local
560_40,bulk,-56.37659761,620.732,True,"[5.71342497, 0.0, 0.0, -0.0, 13.66722052, 7.34908433, 0.0, 0.0, 7.34908433]",20.0,2e-08,local
561_15,bulk,-60.20226039,66.465,True,"[7.82783448, 0.0, 0.0, 0.0, 4.51940234, -3.43969043, 0.0, 0.0, 3.43969043]",12.0,1.3833333333333334e-06,local
561_16,bulk,-60.20036151,81.545,True,"[4.51940234, 0.0, 0.0, 4.51940234, 7.82783448, 3.43969043, 0.0, 0.0, 3.43969043]",12.0,2.1666666666666665e-06,local
561_5,bulk,-120.38086729,126.309,True,"[7.82783448, 0.0, -9.03880469, -0.0, 6.87938086, -4.51940234, 0.0, 0.0, 4.51940234]",24.0,3.175416666666667e-05,local
562_26,bulk,-24.1912837,48.658,True,"[5.25336992, 0.0, 0.0, 0.0, 6.05876028, 0.0, 0.0, 0.0, 4.87149838]",8.0,1.77125e-05,local
562_48,bulk,-48.39250081,279.25,True,"[4.87149838, 0.0, 0.0, 0.0, 12.11752056, -5.25336992, 0.0, 0.0, 5.25336992]",16.0,1.9e-06,local
562_4,bulk,-24.19190728,149.978,True,"[5.25336992, 0.0, -4.87149838, 0.0, 6.05876028, -4.87149838, 0.0, 0.0, 4.87149838]",8.0,1.75e-07,local
562_9,bulk,-48.39318382,427.436,True,"[5.25336992, 0.0, -4.87149838, -0.0, 12.11752056, -4.87149838, 0.0, 0.0, 4.87149838]",16.0,5.875e-07,local
563_5,bulk,-244.55970443,706.842,True,"[9.57506761, 0.0, -4.78753381, -0.0, 9.57506761, -4.78753381, 0.0, 0.0, 4.78753381]",32.0,0.20124673125,local
564_30,bulk,-170.46972659,338.447,True,"[6.9016353, 0.0, 0.0, -0.0, 13.80327059, 3.51690246, 0.0, 0.0, 3.51690246]",20.0,6.55e-07,local
564_5,bulk,-85.23546427,100.905,True,"[3.51690246, 0.0, 0.0, 0.0, 6.9016353, -6.9016353, 0.0, 0.0, 6.9016353]",10.0,0.00010297,local
564_6,bulk,-85.23546427,100.148,True,"[3.51690246, 0.0, 0.0, 0.0, 6.9016353, -6.9016353, 0.0, 0.0, 6.9016353]",10.0,0.00010297,local
567_10,bulk,-153.00026323,609.757,True,"[15.51525231, 0.0, 0.0, 3.10305046, 6.20610092, 3.52201241, 0.0, 0.0, 3.52201241]",20.0,1.35e-07,local
567_14,bulk,-153.0097552,572.186,True,"[3.52201241, 0.0, 0.0, 0.0, 13.87726354, -6.93863177, 0.0, 0.0, 6.93863177]",20.0,6e-08,local
567_1,bulk,-76.49632269,190.741,True,"[9.81270715, 0.0, 0.0, 4.90635358, 4.90635358, 3.52201241, 0.0, 0.0, 3.52201241]",10.0,4e-08,local
56_31,bulk,-105.4610772,160.766,True,"[3.62684761, 0.0, 0.0, 0.0, 4.29681787, 0.0, 0.0, 0.0, 13.07326563]",12.0,7.426666666666666e-05,local
56_5,bulk,-210.91160293,859.249,True,"[8.59363574, 0.0, -3.62684761, -0.0, 13.07326563, -3.62684761, 0.0, 0.0, 3.62684761]",24.0,3.03625e-05,local
570_5,bulk,-20.89091544,7.789,True,"[3.28245977, 0.0, 0.0, 0.0, 3.28245977, 0.0, 0.0, 0.0, 3.28245977]",2.0,8.1e-06,local
571_18,bulk,-17.096318,10.535,True,"[4.68742857, 0.0, 0.0, -2.34371428, 4.05943222, 0.0, 0.0, 0.0, 2.76074304]",3.0,4.5333333333333335e-05,local
572_13,bulk,-44.39437347,176.338,True,"[6.58849926, 0.0, 0.0, -0.0, 6.58849926, 3.98843985, 0.0, 0.0, 3.98843985]",10.0,4.36e-05,local
572_25,bulk,-88.77767051,753.535,True,"[6.58849926, 0.0, 0.0, -0.0, 13.17699853, 3.98843985, 0.0, 0.0, 3.98843985]",20.0,4.669e-05,local
574_7,bulk,-278.95101777,173.208,True,"[7.65890503, 0.0, 0.0, 0.0, 7.65890503, 0.0, 0.0, 0.0, 7.65890503]",24.0,1.7808333333333334e-05,local
575_2,bulk,-35.78009691,58.19,True,"[6.83892205, 0.0, 0.0, 0.0, 3.14924912, -3.14924912, 0.0, 0.0, 3.14924912]",8.0,2.1275e-05,local
575_7,bulk,-35.78267325,69.805,True,"[3.14924912, 0.0, 0.0, 0.0, 6.83892205, -3.14924912, 0.0, 0.0, 3.14924912]",8.0,1.34625e-05,local
576_1,bulk,-31.53841502,54.743,True,"[2.93927593, 0.0, -2.93927593, -0.0, 7.0003929, -2.93927593, 0.0, 0.0, 2.93927593]",4.0,2.205878675,local
577_3,bulk,-41.36170865,152.883,True,"[15.46412139, 0.0, 0.0, 4.4183204, 3.82637771, 4.58212872, 0.0, 0.0, 4.58212872]",12.0,0.00013259166666666666,local
579_17,bulk,-71.51386885,212.504,True,"[4.88446208, 0.0, 0.0, 4.88446208, 8.46013649, 3.95291997, 0.0, 0.0, 3.95291997]",12.0,0.24927068333333333,local
579_6,bulk,-143.0281314,712.888,True,"[8.46013649, 0.0, -9.76892416, -0.0, 7.90583994, -4.88446208, 0.0, 0.0, 4.88446208]",24.0,0.24324298749999998,local
580_13,bulk,-9.516226,12.189,True,"[2.30774058, 0.0, -1.33237464, 0.0, 4.36400083, 0.0, 0.0, 0.0, 2.66474929]",2.0,0.0168662,local
581_14,bulk,-85.73804284,318.319,True,"[5.40719205, 0.0, 0.0, 2.70359602, 4.68276568, 4.25137297, 0.0, 0.0, 4.25137297]",8.0,0.0755959875,local
581_21,bulk,-171.47107638,266.626,True,"[5.40719205, 0.0, 0.0, 5.40719205, 9.36553136, 4.25137297, 0.0, 0.0, 4.25137297]",16.0,0.08208683125,local
582_10,bulk,-32.42627758,45.194,True,"[2.700131, 0.0, 0.0, -0.0, 5.400262, 3.91122284, 0.0, 0.0, 3.91122284]",4.0,0.00028245,local
584_15,bulk,-219.96382179,867.57,True,"[8.19527675, 0.0, 0.0, -0.0, 8.1954681, -7.22308848, 0.0, 0.0, 7.22308848]",32.0,1.705236253125,local
584_17,bulk,-109.98777827,164.217,True,"[8.19527675, 0.0, 0.0, 0.0, 4.09773405, 0.0, 0.0, 0.0, 7.22308848]",16.0,1.70371744375,local
585_14,bulk,-75.36627472,374.819,True,"[18.35138466, 0.0, 0.0, 1.33856116, 4.77207552, 4.63514763, 0.0, 0.0, 4.63514763]",24.0,3.975e-06,local
585_46,bulk,-75.3950662,183.446,True,"[4.9562537, 0.0, 0.0, -0.0, 9.27029526, -8.83471658, 0.0, 0.0, 8.83471658]",24.0,1.2158333333333334e-05,local
585_48,bulk,-37.70513821,71.507,True,"[4.9562537, 0.0, 0.0, 0.0, 4.63514763, 0.0, 0.0, 0.0, 8.83471658]",12.0,5.913333333333333e-05,local
585_50,bulk,-75.40177364,339.105,True,"[4.9562537, 0.0, 0.0, -0.0, 17.66943316, 4.63514763, 0.0, 0.0, 4.63514763]",24.0,6.458333333333333e-07,local
587_8,bulk,-65.72149956,478.22,True,"[4.5120802, 0.0, 0.0, 0.0, 9.97861121, -11.52230774, 0.0, 0.0, 5.76115387]",12.0,8.333333333333334e-09,local
588_3,bulk,-119.69972011,740.297,False,"[7.1430464, 0.0, -3.5715232, -0.0, 7.1430464, -3.5715232, 0.0, 0.0, 3.5715232]",16.0,0.2524144125,local
589_39,bulk,-62.91602366,282.538,True,"[4.60384339, 0.0, 0.0, -0.0, 8.49407029, 5.29670123, 0.0, 0.0, 5.29670123]",16.0,1.25e-08,local
590_21,bulk,-155.43309305,230.001,True,"[5.4979785, 0.0, 0.0, 5.4979785, 9.52277811, 4.3478402, 0.0, 0.0, 4.3478402]",16.0,0.00015675625,local
590_2,bulk,-77.69601564,39.234,True,"[4.3478402, 0.0, 0.0, 0.0, 4.76138905, -8.24696776, 0.0, 0.0, 5.4979785]",8.0,0.0001136875,local
591_13,bulk,-48.55121468,45.429,True,"[5.44255143, 0.0, 0.0, 2.72127572, 4.7133878, 5.40320206, 0.0, 0.0, 5.40320206]",7.0,0.0002362,local
591_14,bulk,-48.55121468,45.791,True,"[5.44255143, 0.0, 0.0, 2.72127572, 4.7133878, 5.40320206, 0.0, 0.0, 5.40320206]",7.0,0.0002362,local
594_45,bulk,-169.36929462,412.169,True,"[18.87574951, 0.0, 3.41096762, 22.74377735, 6.85549901, 0.0, 0.0, 0.0, 3.41096762]",24.0,4.5833333333333333e-08,local
594_66,bulk,-84.67603646,176.861,True,"[9.43787475, 0.0, -3.41096762, 15.00772166, 6.85549901, 0.0, 0.0, 0.0, 3.41096762]",12.0,8.333333333333334e-09,local
594_80,bulk,-169.36948563,530.831,True,"[9.43787475, 0.0, 0.0, -7.73605569, 13.71099802, -3.41096762, 0.0, 0.0, 3.41096762]",24.0,4.875e-07,local
595_22,bulk,-145.76582811,1469.763,True,"[8.94682049, 0.0, 0.0, 0.0, 5.16544922, -4.04349744, 0.0, 0.0, 4.04349744]",16.0,9.2375e-05,local
595_5,bulk,-145.76612643,2017.169,True,"[13.66649404, 0.0, 0.0, 3.90471258, 3.38158029, 4.04349744, 0.0, 0.0, 4.04349744]",16.0,0.0001712125,local
596_18,bulk,-125.67807641,70.266,True,"[6.12814604, 0.0, 0.0, 0.0, 4.97469512, 0.0, 0.0, 0.0, 6.12814604]",12.0,6.624999999999999e-06,local
599_12,bulk,-41.00553356,50.55,True,"[2.37200964, 0.0, -1.36948041, -0.0, 8.63043945, -2.73896081, 0.0, 0.0, 2.73896081]",4.0,2.87e-05,local
599_1,bulk,-40.97176191,63.893,True,"[2.37200964, 0.0, -4.10844122, 0.0, 8.63043945, -2.73896081, 0.0, 0.0, 2.73896081]",4.0,7.975e-06,local
599_8,bulk,-40.99898982,37.643,True,"[4.31521972, 0.0, 0.0, 0.0, 4.74401929, -5.47792163, 0.0, 0.0, 2.73896081]",4.0,1.595e-05,local
601_8,bulk,-13.26032138,15.083,True,"[2.74707143, 0.0, 0.0, 0.0, 3.50514089, 0.0, 0.0, 0.0, 2.74707143]",2.0,1.1770644,local
602_1,bulk,-42.46195306,52.297,True,"[5.47599595, 0.0, -3.05304389, -0.0, 6.25302431, -3.05304389, 0.0, 0.0, 3.05304389]",6.0,0.00010494999999999999,local
602_25,bulk,-42.46213438,43.355,True,"[5.47599595, 0.0, -3.05304389, 0.0, 6.25302431, -6.10608778, 0.0, 0.0, 3.05304389]",6.0,0.00010183333333333333,local
602_36,bulk,-84.92359214,36.389,True,"[3.05304389, 0.0, 0.0, -0.0, 10.9519919, 6.25302431, 0.0, 0.0, 6.25302431]",12.0,8.093333333333333e-05,local
602_4,bulk,-42.46202395,40.542,True,"[6.25302431, 0.0, 0.0, 0.0, 5.47599595, -3.05304389, 0.0, 0.0, 3.05304389]",6.0,0.00010166666666666667,local
603_18,bulk,-74.29353128,43.876,True,"[4.71690581, 0.0, -2.72330684, 0.0, 4.26427691, 0.0, 0.0, 0.0, 5.44661368]",8.0,4.83375e-05,local
603_21,bulk,-148.55190818,392.443,True,"[5.44661368, 0.0, 0.0, 5.44661368, 9.43381163, 4.26427691, 0.0, 0.0, 4.26427691]",16.0,6.5975e-05,local
604_4,bulk,-48.60568966,86.029,True,"[3.88895628, 0.0, 0.0, 0.0, 7.77791256, -3.88895628, 0.0, 0.0, 3.88895628]",8.0,1.07615715,local
605_38,bulk,-153.31269603,270.092,True,"[3.40298125, 0.0, 0.0, -0.0, 19.83201975, 4.38607356, 0.0, 0.0, 4.38607356]",16.0,1.133125e-05,local
605_45,bulk,-153.30971861,280.874,True,"[3.40298125, 0.0, 0.0, 0.0, 4.38607356, 0.0, 0.0, 0.0, 19.83201975]",16.0,1.468125e-05,local
605_52,bulk,-153.30971861,269.445,True,"[3.40298125, 0.0, 0.0, 0.0, 19.83201975, 0.0, 0.0, 0.0, 4.38607356]",16.0,1.43e-05,local
605_8,bulk,-153.31019471,231.649,True,"[4.38607356, 0.0, 0.0, 0.0, 19.83201975, -3.40298125, 0.0, 0.0, 3.40298125]",16.0,1.6e-05,local
607_3,bulk,-66.87929629,67.419,True,"[4.73453308, 0.0, 0.0, 0.0, 4.73453308, -4.73453308, 0.0, 0.0, 4.73453308]",8.0,7.11625e-05,local
608_40,bulk,-79.1857696,626.618,True,"[11.3525391, 0.0, 0.0, -0.0, 13.51562176, 4.97721867, 0.0, 0.0, 4.97721867]",32.0,1.0625e-06,local
608_47,bulk,-39.56014104,95.456,True,"[6.75781088, 0.0, 0.0, 0.0, 4.97721867, 0.0, 0.0, 0.0, 11.3525391]",16.0,0.000169475,local
608_51,bulk,-79.10124463,716.07,True,"[6.75781088, 0.0, 0.0, -0.0, 22.70507819, 4.97721867, 0.0, 0.0, 4.97721867]",32.0,2.2090625e-05,local
612_8,bulk,-172.26587659,1040.813,True,"[19.0635546, 0.0, 0.0, 0.0, 5.8615111, -10.15243503, 0.0, 0.0, 6.76829002]",30.0,0.00018285333333333334,local
613_15,bulk,-28.47380248,41.997,True,"[7.29637846, 0.0, 0.0, 0.0, 4.21256607, -4.12866891, 0.0, 0.0, 4.12866891]",6.0,0.00019026666666666667,local
616_0,bulk,-58.72713683,59.996,True,"[2.99842346, 0.0, -2.99842346, -0.0, 9.64877153, -2.99842346, 0.0, 0.0, 2.99842346]",6.0,4.716666666666667e-06,local
616_17,bulk,-58.7347459,35.913,True,"[2.99842346, 0.0, 0.0, 0.0, 9.64877153, -5.99684693, 0.0, 0.0, 2.99842346]",6.0,1.33e-05,local
617_36,bulk,-111.53111231,209.642,True,"[5.11473803, 0.0, 0.0, -0.0, 8.50772777, 4.55477876, 0.0, 0.0, 4.55477876]",16.0,1.005e-05,local
618_2,bulk,-21.88544146,53.071,True,"[3.56809588, 0.0, 0.0, 0.0, 3.56809588, -3.56809588, 0.0, 0.0, 3.56809588]",4.0,0.18039715,local
61_2,bulk,-151.77446985,397.879,True,"[13.69366114, 0.0, 0.0, 6.84683057, 6.84683057, 3.29419894, 0.0, 0.0, 3.29419894]",18.0,5.811111111111111e-06,local
620_11,bulk,-147.15374258,244.989,True,"[4.30847671, 0.0, 0.0, 0.0, 9.46517228, -10.92943953, 0.0, 0.0, 5.46471976]",16.0,5.625e-08,local
620_21,bulk,-147.09120035,340.96,True,"[5.46471976, 0.0, 0.0, 5.46471976, 9.46517228, 4.30847671, 0.0, 0.0, 4.30847671]",16.0,1.25e-08,local
625_11,bulk,-70.03409353,103.262,True,"[6.89189366, 0.0, 0.0, 0.0, 11.99914989, -3.42198595, 0.0, 0.0, 3.42198595]",12.0,0.94708355,local
625_23,bulk,-70.02968683,79.469,True,"[6.89189366, 0.0, 0.0, -0.0, 6.8439719, 5.99957495, 0.0, 0.0, 5.99957495]",12.0,0.958936825,local
625_36,bulk,-70.03215159,110.379,True,"[3.42198595, 0.0, 0.0, -0.0, 11.99914989, 6.89189366, 0.0, 0.0, 6.89189366]",12.0,0.9454328083333333,local
625_6,bulk,-35.016351,27.384,True,"[6.89189366, 0.0, 0.0, 0.0, 5.99957495, -3.42198595, 0.0, 0.0, 3.42198595]",6.0,0.9470585499999999,local
626_16,bulk,-83.84075467,159.16,True,"[8.89883047, 0.0, 0.0, 0.0, 3.19830176, 0.0, 0.0, 0.0, 8.89883047]",18.0,6.777777777777778e-06,local
626_17,bulk,-83.84075467,189.32,True,"[8.89883047, 0.0, 0.0, 0.0, 3.19830176, 0.0, 0.0, 0.0, 8.89883047]",18.0,6.777777777777778e-06,local
627_33,bulk,-48.47416817,63.507,True,"[2.67358178, 0.0, 0.0, 0.0, 8.64933127, 0.0, 0.0, 0.0, 4.68858163]",8.0,4.1675e-05,local
629_7,bulk,-70.06290686,65.56,True,"[3.82551681, 0.0, 0.0, 0.0, 7.61796989, -3.82551681, 0.0, 0.0, 3.82551681]",8.0,0.7509355125,local
62_24,bulk,-24.40864421,70.988,True,"[5.36452615, 0.0, 0.0, -0.0, 6.02215405, -4.9166153, 0.0, 0.0, 4.9166153]",8.0,1.25e-07,local
62_29,bulk,-48.79258089,212.995,True,"[9.83323059, 0.0, 5.36452615, 9.83323059, 6.02215405, -0.0, 0.0, 0.0, 5.36452615]",16.0,3.125e-08,local
62_40,bulk,-24.39282846,99.911,True,"[4.9166153, 0.0, 0.0, -0.0, 6.02215405, -5.36452615, 0.0, 0.0, 5.36452615]",8.0,0.0,local
62_48,bulk,-48.81711254,204.674,True,"[4.9166153, 0.0, 0.0, 0.0, 12.04430809, -5.36452615, 0.0, 0.0, 5.36452615]",16.0,2.6875e-07,local
631_31,bulk,-117.63750321,707.816,True,"[8.11932124, 0.0, 0.0, 4.59980508, 7.31685612, 7.31317755, 0.0, 0.0, 7.31317755]",24.0,4.166666666666667e-09,local
631_40,bulk,-117.6489966,412.358,True,"[4.3213016, 0.0, 0.0, 0.0, 14.62635511, -6.87384389, 0.0, 0.0, 6.87384389]",24.0,1.1129166666666667e-05,local
633_11,bulk,-85.07177693,190.679,True,"[11.72435441, 0.0, -3.57171483, -0.0, 6.33529834, -3.57171483, 0.0, 0.0, 3.57171483]",16.0,0.00011994375,local
633_37,bulk,-85.08052884,201.91,True,"[6.86456615, 0.0, 0.0, 3.7168108, 6.10032005, 6.33529834, 0.0, 0.0, 6.33529834]",16.0,2.6e-05,local
634_12,bulk,-89.16017637,144.055,True,"[5.41020888, 0.0, 0.0, 2.70510444, 4.68537833, 4.33448622, 0.0, 0.0, 4.33448622]",8.0,0.000331625,local
634_15,bulk,-178.30629347,161.537,True,"[4.68537833, 0.0, -2.70510444, -0.0, 8.66897245, -5.41020888, 0.0, 0.0, 5.41020888]",16.0,0.0003116625,local
634_19,bulk,-89.15796378,40.74,True,"[4.68537833, 0.0, -2.70510444, 0.0, 4.33448622, 0.0, 0.0, 0.0, 5.41020888]",8.0,0.0003361375,local
635_10,bulk,-23.4630228,46.879,True,"[3.15260303, 0.0, 0.0, -0.0, 6.30520607, 4.45890018, 0.0, 0.0, 4.45890018]",4.0,6.9475e-05,local
637_17,bulk,-102.06065352,125.335,True,"[3.93613075, 0.0, 0.0, 0.0, 15.62806169, 0.0, 0.0, 0.0, 3.93613075]",16.0,1.1727120125,local
638_7,bulk,-196.51952486,627.712,True,"[7.96640764, 0.0, -2.83157274, -0.0, 17.10273992, -2.83157274, 0.0, 0.0, 2.83157274]",24.0,4.033333333333333e-06,local
640_13,bulk,-78.58743772,92.722,True,"[5.57719693, 0.0, 0.0, 2.78859847, 4.82999422, 4.47674953, 0.0, 0.0, 4.47674953]",8.0,8.45e-05,local
640_20,bulk,-157.17433946,223.958,True,"[9.65998845, 0.0, 0.0, 0.0, 5.57719693, -4.47674953, 0.0, 0.0, 4.47674953]",16.0,1.396875e-05,local
640_23,bulk,-157.17317645,229.349,True,"[5.57719693, 0.0, 0.0, 5.57719693, 9.65998845, 4.47674953, 0.0, 0.0, 4.47674953]",16.0,1.685625e-05,local
641_9,bulk,-23.46146821,11.189,True,"[3.56975503, 0.0, -2.06099903, -0.0, 7.0073328, -4.12199806, 0.0, 0.0, 4.12199806]",4.0,0.0009869,local
643_1,bulk,-46.30236709,72.568,True,"[2.95539167, 0.0, 2.95539167, 2.95539167, 8.65023504, 0.0, 0.0, 0.0, 2.95539167]",6.0,3.77e-05,local
643_2,bulk,-92.60697283,178.085,True,"[2.95539167, 0.0, -2.95539167, -0.0, 17.30047008, -2.95539167, 0.0, 0.0, 2.95539167]",12.0,3.3375e-05,local
646_7,bulk,-117.48256207,239.61,True,"[4.44891303, 0.0, -4.44891303, 0.0, 8.89782606, -4.44891303, 0.0, 0.0, 4.44891303]",16.0,1.29375e-06,local
649_6,bulk,-87.84674458,110.161,True,"[7.25940732, 0.0, 0.0, 0.0, 6.54463365, -3.27231682, 0.0, 0.0, 3.27231682]",16.0,1.14375e-06,local
649_9,bulk,-87.85649689,85.526,True,"[3.27231682, 0.0, 0.0, 0.0, 14.51881465, -3.27231682, 0.0, 0.0, 3.27231682]",16.0,6.38125e-06,local
64_10,bulk,-37.55314303,784.477,True,"[9.60771402, 0.0, -7.7469748, 4.25758438, 8.66338697, 0.0, 0.0, 0.0, 7.7469748]",24.0,1.5e-07,local
64_35,bulk,-18.76202133,122.821,True,"[7.7469748, 0.0, 0.0, 0.0, 4.33169349, -2.67506482, 0.0, 0.0, 9.60771402]",12.0,0.00017334999999999999,local
651_21,bulk,-71.02447402,116.337,True,"[4.14739837, 0.0, 0.0, 0.0, 9.48931885, -6.43353996, 0.0, 0.0, 3.21676998]",8.0,5.1625e-06,local
651_26,bulk,-142.05405522,221.103,True,"[10.01971962, 0.0, 0.0, 2.06544884, 6.09297609, 4.14739837, 0.0, 0.0, 4.14739837]",16.0,0.00019571875,local
651_38,bulk,-142.05250857,236.102,True,"[3.21676998, 0.0, 0.0, -0.0, 18.97863769, 4.14739837, 0.0, 0.0, 4.14739837]",16.0,0.000352,local
652_13,bulk,-71.71370063,120.071,True,"[5.50584132, 0.0, 0.0, 2.75292066, 4.76819845, 4.375845, 0.0, 0.0, 4.375845]",8.0,5.8325e-05,local
652_18,bulk,-71.71145779,34.964,True,"[4.76819845, 0.0, -2.75292066, 0.0, 4.375845, 0.0, 0.0, 0.0, 5.50584132]",8.0,6.43e-05,local
654_0,bulk,-42.34975311,85.325,True,"[3.83456512, 0.0, -3.83456512, 0.0, 8.76078449, -3.83456512, 0.0, 0.0, 3.83456512]",8.0,0.0001648875,local
656_10,bulk,-24.18881892,14.174,True,"[2.46377893, 0.0, -1.42246343, 0.0, 14.02538769, 0.0, 0.0, 0.0, 2.84492686]",6.0,3.483333333333333e-06,local
656_3,bulk,-48.34347528,107.786,True,"[4.92755786, 0.0, -5.68985372, -0.0, 14.02538769, -2.84492686, 0.0, 0.0, 2.84492686]",12.0,3.8641666666666666e-05,local
657_2,bulk,-35.32339604,39.347,True,"[4.39699426, 0.0, 0.0, 0.0, 4.7500549, -8.22733643, 0.0, 0.0, 5.48489095]",6.0,3.315e-05,local
657_4,bulk,-70.62953437,136.514,True,"[14.51165743, 0.0, 0.0, 4.14618784, 3.590704, 4.39699426, 0.0, 0.0, 4.39699426]",12.0,6.975e-06,local
659_3,bulk,-76.32661873,143.638,True,"[7.98679979, 0.0, -3.99339989, -0.0, 7.98679979, -3.99339989, 0.0, 0.0, 3.99339989]",16.0,2.93375e-05,local
660_13,bulk,-42.59293669,18.877,True,"[3.7737229, 0.0, 0.0, 0.0, 3.7737229, 0.0, 0.0, 0.0, 8.07620687]",8.0,0.2724634625,local
660_8,bulk,-42.59208649,42.6,True,"[3.7737229, 0.0, 0.0, 0.0, 8.07620687, -3.7737229, 0.0, 0.0, 3.7737229]",8.0,0.2722759,local
661_51,bulk,-106.56089516,181.338,True,"[3.30941375, 0.0, 0.0, -0.0, 10.79520567, 5.99786331, 0.0, 0.0, 5.99786331]",16.0,0.25511645,local
661_8,bulk,-53.27952228,82.755,True,"[5.99786331, 0.0, 0.0, 0.0, 5.39760283, -3.30941375, 0.0, 0.0, 3.30941375]",8.0,0.2560494125,local
664_4,bulk,-146.84489648,476.861,True,"[14.19321757, 0.0, 0.0, 4.05520502, 3.51191056, 4.22039846, 0.0, 0.0, 4.22039846]",16.0,0.12102603125,local
665_3,bulk,-94.9049792,275.78,True,"[3.34368922, 0.0, 3.34368922, 3.34368922, 21.69753308, 0.0, 0.0, 0.0, 3.34368922]",12.0,1.0383333333333333e-05,local
666_12,bulk,-18.77717631,81.641,True,"[6.40764954, 0.0, 0.0, 3.20382477, 5.54918728, 4.90467568, 0.0, 0.0, 4.90467568]",8.0,9.91375e-05,local
666_21,bulk,-37.55797575,251.413,True,"[6.40764954, 0.0, 0.0, 6.40764954, 11.09837456, 4.90467568, 0.0, 0.0, 4.90467568]",16.0,0.00012388125,local
666_3,bulk,-37.56017216,301.131,True,"[16.95304716, 0.0, 0.0, 4.84372776, 4.19479129, 4.90467568, 0.0, 0.0, 4.90467568]",16.0,1.033125e-05,local
669_13,bulk,-99.54709855,141.09,True,"[6.32641208, 0.0, 0.0, -0.0, 6.32641208, 5.52354502, 0.0, 0.0, 5.52354502]",12.0,0.00011125833333333335,local
669_7,bulk,-199.11654502,447.677,True,"[14.14628747, 0.0, 0.0, 2.82925749, 5.65851499, 5.52354502, 0.0, 0.0, 5.52354502]",24.0,1.8775e-05,local
672_1,bulk,-20.00517789,67.22,True,"[3.56280261, 0.0, -3.56280261, 0.0, 8.42170825, -3.56280261, 0.0, 0.0, 3.56280261]",4.0,0.000406475,local
672_7,bulk,-20.0118545,60.09,True,"[3.56280261, 0.0, 0.0, 0.0, 8.42170825, -3.56280261, 0.0, 0.0, 3.56280261]",4.0,0.000319225,local
673_2,bulk,-12.50094892,28.137,True,"[3.05728782, 0.0, 0.0, -0.0, 3.05728782, 3.05728782, 0.0, 0.0, 3.05728782]",2.0,6.32e-05,local
674_10,bulk,-88.28977645,167.763,True,"[6.19052162, 0.0, 4.45626846, 3.09526081, 4.30206283, 0.0, 0.0, 0.0, 4.45626846]",8.0,3.40375e-05,local
674_15,bulk,-88.29631594,105.592,True,"[3.09526081, 0.0, 0.0, 0.0, 8.60412566, -4.45626846, 0.0, 0.0, 4.45626846]",8.0,5.40375e-05,local
675_4,bulk,-56.49405586,90.575,True,"[4.4843356, 0.0, 0.0, 0.0, 8.9686712, -4.4843356, 0.0, 0.0, 4.4843356]",8.0,3.81875e-05,local
679_10,bulk,-67.92329965,48.71,True,"[6.89683759, 0.0, 0.0, 0.0, 5.24606348, -3.7895787, 0.0, 0.0, 3.7895787]",8.0,1.625e-07,local
679_30,bulk,-135.8651669,163.054,True,"[7.5791574, 0.0, 5.24606348, 7.5791574, 6.89683759, -0.0, 0.0, 0.0, 5.24606348]",16.0,1.875e-07,local
67_61,bulk,-247.05445666,612.799,True,"[5.58562101, 0.0, 0.0, 0.0, 13.96201283, -9.62637941, 0.0, 0.0, 9.62637941]",40.0,1.025e-07,local
67_69,bulk,-247.05852666,396.582,True,"[5.58562101, 0.0, 0.0, 0.0, 13.96201283, 0.0, 0.0, 0.0, 9.62637941]",40.0,1.725e-07,local
680_11,bulk,-79.04399864,102.519,True,"[2.85612836, 0.0, 0.0, -0.0, 11.62479996, 7.91344902, 0.0, 0.0, 7.91344902]",16.0,7.54375e-05,local
680_12,bulk,-78.99206019,167.335,True,"[9.81868977, 0.0, 0.0, 6.88156858, 9.3690975, 2.85612836, 0.0, 0.0, 2.85612836]",16.0,0.00012818125,local
680_13,bulk,-79.01230482,122.209,True,"[7.91344902, 0.0, 0.0, -0.0, 11.62479996, 2.85612836, 0.0, 0.0, 2.85612836]",16.0,5.890625e-05,local
682_26,bulk,-113.57059785,272.799,True,"[6.83978945, 0.0, 5.55141304, 6.83978945, 6.02613662, -0.0, 0.0, 0.0, 5.55141304]",16.0,0.91482285,local
682_29,bulk,-113.56537386,293.394,True,"[6.83978945, 0.0, 5.55141304, 3.41989472, 6.02613662, 0.0, 0.0, 0.0, 5.55141304]",16.0,0.91667031875,local
682_5,bulk,-113.56806749,144.902,True,"[5.55141304, 0.0, -3.41989472, -0.0, 12.05227324, -3.41989472, 0.0, 0.0, 3.41989472]",16.0,0.913088575,local
682_6,bulk,-113.56806749,127.355,True,"[5.55141304, 0.0, -3.41989472, -0.0, 12.05227324, -3.41989472, 0.0, 0.0, 3.41989472]",16.0,0.913088575,local
683_10,bulk,-19.00309833,27.729,True,"[4.47875445, 0.0, -2.58581009, -0.0, 5.45955226, -5.17162017, 0.0, 0.0, 5.17162017]",4.0,8.0525e-05,local
684_3,bulk,-321.78165198,1116.492,True,"[7.74942713, 0.0, -7.74942713, 0.0, 15.49885426, -7.74942713, 0.0, 0.0, 7.74942713]",48.0,0.00022828958333333333,local
689_43,bulk,-99.23063264,244.368,True,"[11.68316461, 0.0, 0.0, 0.0, 6.74527823, -3.52754204, 0.0, 0.0, 3.52754204]",18.0,1.7222222222222222e-07,local
689_50,bulk,-99.23772173,520.071,True,"[6.74527823, 0.0, 0.0, 6.74527823, 11.68316461, 3.52754204, 0.0, 0.0, 3.52754204]",18.0,7.444444444444444e-07,local
68_1,bulk,-20.94511027,43.789,True,"[2.88506971, 0.0, -2.88506971, 0.0, 5.77013943, -2.88506971, 0.0, 0.0, 2.88506971]",4.0,0.041297475,local
68_4,bulk,-20.94461788,42.061,True,"[2.88506971, 0.0, 0.0, 0.0, 5.77013943, -2.88506971, 0.0, 0.0, 2.88506971]",4.0,0.037160125,local
692_12,bulk,-95.81696203,299.909,True,"[11.72857227, 0.0, -3.76015151, 10.91445673, 4.86204252, 0.0, 0.0, 0.0, 3.76015151]",16.0,4.608125e-05,local
692_36,bulk,-95.80528695,210.598,True,"[3.76015151, 0.0, 0.0, 0.0, 4.86204252, -0.81411554, 0.0, 0.0, 11.72857227]",16.0,8.763125e-05,local
692_50,bulk,-191.61473202,930.229,True,"[4.92973037, 0.0, 0.0, 3.87380738, 23.1350653, 3.76015151, 0.0, 0.0, 3.76015151]",32.0,4.46375e-05,local
692_57,bulk,-191.6135351,978.509,True,"[12.16332812, 0.0, 1.93690369, 22.00184198, 7.15193652, 8.80353775, 0.0, 0.0, 4.92973037]",32.0,8.125e-08,local
694_4,bulk,-23.95457057,27.609,True,"[2.85239152, 0.0, 0.0, 0.0, 5.70478304, -2.85239152, 0.0, 0.0, 2.85239152]",4.0,0.0002419,local
696_0,bulk,-26.19891813,27.337,True,"[7.8361084, 0.0, 0.0, 3.9180542, 2.26208965, 3.51078008, 0.0, 0.0, 3.51078008]",6.0,5.7300000000000004e-05,local
696_1,bulk,-52.3658945,29.545,True,"[3.9180542, 0.0, -6.78626894, -0.0, 7.02156015, -4.5241793, 0.0, 0.0, 4.5241793]",12.0,9.658333333333334e-06,local
699_2,bulk,-15.38045434,27.238,True,"[2.84155347, 0.0, 0.0, 0.0, 2.84155347, -2.84155347, 0.0, 0.0, 2.84155347]",2.0,2.26612705,local
699_3,bulk,-61.52656428,36.704,True,"[5.68310693, 0.0, -2.84155347, -0.0, 5.68310693, -2.84155347, 0.0, 0.0, 2.84155347]",8.0,2.259379325,local
69_6,bulk,-28.85265983,14.837,True,"[6.63349336, 0.0, 0.0, 0.0, 6.63349336, 0.0, 0.0, 0.0, 6.63349336]",16.0,1.1375e-06,local
700_28,bulk,-93.72439623,159.378,True,"[6.90763994, 0.0, 5.64556337, 6.90763994, 6.17214547, -0.0, 0.0, 0.0, 5.64556337]",16.0,0.0,local
700_6,bulk,-93.73586401,90.179,True,"[5.64556337, 0.0, -3.45381997, 0.0, 12.34429094, -3.45381997, 0.0, 0.0, 3.45381997]",16.0,4.6725e-05,local
702_4,bulk,-26.50210158,55.412,True,"[3.31257222, 0.0, 0.0, 0.0, 6.62514444, -3.31257222, 0.0, 0.0, 3.31257222]",4.0,0.00029255,local
703_4,bulk,-110.31650443,272.779,True,"[13.81872661, 0.0, 0.0, 3.9482076, 3.41924808, 4.13449141, 0.0, 0.0, 4.13449141]",16.0,1.42139975625,local
704_14,bulk,-45.71156616,51.63,True,"[3.82363393, 0.0, 0.0, 0.0, 8.40832273, 0.0, 0.0, 0.0, 2.74136878]",6.0,0.0005341666666666666,local
705_4,bulk,-58.1382659,62.568,True,"[6.32474053, 0.0, -7.3031813, -0.0, 5.61979156, -3.65159065, 0.0, 0.0, 3.65159065]",8.0,1.22455335,local
707_5,bulk,-132.92852747,410.93,True,"[9.17076234, 0.0, -10.58948421, 0.0, 8.44833631, -5.2947421, 0.0, 0.0, 5.2947421]",24.0,6.98625e-05,local
708_11,bulk,-50.49945241,130.998,True,"[4.57960411, 0.0, -2.64403567, -0.0, 8.76173877, -5.28807133, 0.0, 0.0, 5.28807133]",12.0,4.796666666666667e-05,local
708_12,bulk,-50.49945241,139.409,True,"[4.57960411, 0.0, -2.64403567, -0.0, 8.76173877, -5.28807133, 0.0, 0.0, 5.28807133]",12.0,4.796666666666667e-05,local
708_13,bulk,-25.23479084,28.549,True,"[4.57960411, 0.0, -2.64403567, 0.0, 4.38086938, 0.0, 0.0, 0.0, 5.28807133]",6.0,3.8333333333333335e-07,local
710_13,bulk,-37.38463939,40.647,True,"[3.44317014, 0.0, -1.98791521, -0.0, 14.25695138, -3.97583041, 0.0, 0.0, 3.97583041]",6.0,8.363333333333334e-05,local
711_0,bulk,-28.37532985,39.866,True,"[3.67101495, 0.0, -6.35838441, -0.0, 5.22915389, -4.23892294, 0.0, 0.0, 4.23892294]",5.0,3.8e-07,local
711_15,bulk,-56.76110627,33.109,True,"[3.67101495, 0.0, -2.11946147, -0.0, 10.45830777, -4.23892294, 0.0, 0.0, 4.23892294]",10.0,5.819e-05,local
711_3,bulk,-56.75608527,77.54,True,"[3.67101495, 0.0, -6.35838441, -0.0, 10.45830777, -4.23892294, 0.0, 0.0, 4.23892294]",10.0,4e-08,local
713_5,bulk,-161.07714845,886.789,True,"[7.65963919, 0.0, -3.82981959, 0.0, 17.60304691, -3.82981959, 0.0, 0.0, 3.82981959]",32.0,4.71875e-07,local
714_5,bulk,-9.42021056,5.158,True,"[3.80656638, 0.0, 0.0, 0.0, 3.80656638, 0.0, 0.0, 0.0, 3.80656638]",2.0,6.015e-05,local
716_0,bulk,-13.04271827,14.276,True,"[4.05992149, 0.0, -4.05992149, -0.0, 4.05992149, -4.05992149, 0.0, 0.0, 4.05992149]",4.0,7.85e-06,local
716_3,bulk,-52.1828792,134.234,True,"[8.11984298, 0.0, -4.05992149, -0.0, 8.11984298, -4.05992149, 0.0, 0.0, 4.05992149]",16.0,5.68125e-06,local
717_10,bulk,-32.40887596,42.359,True,"[4.37848743, 0.0, -2.5279209, -0.0, 6.30724355, -5.0558418, 0.0, 0.0, 5.0558418]",6.0,0.21159019999999998,local
718_21,bulk,-73.22562512,92.384,True,"[10.3552445, 0.0, -6.78684135, -0.0, 4.29687023, -3.39342068, 0.0, 0.0, 3.39342068]",8.0,0.000126925,local
718_3,bulk,-146.45449251,335.263,True,"[10.3552445, 0.0, -3.39342068, -0.0, 8.59374046, -3.39342068, 0.0, 0.0, 3.39342068]",16.0,5.25e-07,local
718_9,bulk,-146.45769721,273.282,True,"[20.710489, 0.0, -3.39342068, 0.0, 4.29687023, -3.39342068, 0.0, 0.0, 3.39342068]",16.0,2.3375e-06,local
719_29,bulk,-174.17687127,1404.68,True,"[6.50872709, 0.0, 0.0, -0.0, 13.11074291, 11.65425176, 0.0, 0.0, 11.65425176]",40.0,1.25e-08,local
721_8,bulk,-81.97628352,198.807,True,"[4.97117129, 0.0, 4.97117129, 4.97117129, 9.94234258, 0.0, 0.0, 0.0, 4.97117129]",16.0,2.4525e-05,local
721_9,bulk,-81.97628352,177.345,True,"[4.97117129, 0.0, 4.97117129, 4.97117129, 9.94234258, 0.0, 0.0, 0.0, 4.97117129]",16.0,2.4525e-05,local
722_23,bulk,-80.81086406,285.643,True,"[6.23829783, 0.0, 0.0, 0.0, 12.95660693, -3.95419643, 0.0, 0.0, 3.95419643]",16.0,7.1875e-07,local
722_35,bulk,-80.87763989,86.678,True,"[6.47830347, 0.0, 0.0, -0.0, 7.90839286, 6.23829783, 0.0, 0.0, 6.23829783]",16.0,0.00010925625,local
722_51,bulk,-40.40032999,45.75,True,"[3.95419643, 0.0, 0.0, 0.0, 6.47830347, 0.0, 0.0, 0.0, 6.23829783]",8.0,8.925e-06,local
724_14,bulk,-35.61257029,22.057,True,"[4.65199974, 0.0, -2.6858333, 0.0, 4.44070696, 0.0, 0.0, 0.0, 5.3716666]",6.0,7.22e-05,local
727_10,bulk,-62.13370147,376.549,True,"[7.10503273, 0.0, -6.25117115, -0.0, 6.35977439, -6.29855808, 0.0, 0.0, 6.25117115]",16.0,0.0,local
727_14,bulk,-62.13370147,388.602,True,"[7.10503273, 0.0, -6.25117115, -0.0, 6.35977439, -6.29855808, 0.0, 0.0, 6.25117115]",16.0,0.0,local
727_22,bulk,-31.09797375,298.661,True,"[3.55251636, 0.0, 0.0, 0.0, 6.35977439, -6.29855808, 0.0, 0.0, 6.25117115]",8.0,0.0,local
727_41,bulk,-62.22333978,556.417,True,"[6.35995093, 0.0, 0.0, 0.09315286, 12.50199527, 3.55251636, 0.0, 0.0, 3.55251636]",16.0,2.5e-08,local
728_12,bulk,-127.64418898,850.893,True,"[33.29930227, 0.0, 0.0, 0.59129705, 4.39774339, 4.35463249, 0.0, 0.0, 4.35463249]",24.0,1.1666666666666667e-07,local
728_26,bulk,-63.86356355,191.576,True,"[4.35463249, 0.0, 0.0, 0.0, 16.50116475, -8.87463332, 0.0, 0.0, 4.43731666]",12.0,1.1750000000000001e-05,local
728_37,bulk,-63.87505581,178.209,True,"[4.43731666, 0.0, 0.0, -0.0, 16.50116475, 8.70926499, 0.0, 0.0, 4.35463249]",12.0,1.9866666666666667e-05,local
728_45,bulk,-127.67770769,563.356,True,"[4.43731666, 0.0, 0.0, -0.0, 33.0023295, 4.35463249, 0.0, 0.0, 4.35463249]",24.0,1.3708333333333333e-06,local
730_0,bulk,-47.68509958,30.709,True,"[4.91424045, 0.0, -4.91424045, -0.0, 4.91424045, -4.91424045, 0.0, 0.0, 4.91424045]",8.0,4.1375e-06,local
731_12,bulk,-56.74588069,81.285,True,"[5.74982684, 0.0, 0.0, 2.87491342, 4.97949611, 4.65474591, 0.0, 0.0, 4.65474591]",8.0,1.3425e-05,local
731_6,bulk,-226.97472026,362.737,True,"[9.95899223, 0.0, -11.49965368, -0.0, 9.30949182, -5.74982684, 0.0, 0.0, 5.74982684]",32.0,0.000145621875,local
731_7,bulk,-226.97472026,363.028,True,"[9.95899223, 0.0, -11.49965368, -0.0, 9.30949182, -5.74982684, 0.0, 0.0, 5.74982684]",32.0,0.000145621875,local
733_12,bulk,-11.79978878,84.311,True,"[5.5122883, 0.0, 0.0, 2.75614415, 4.7737817, 4.40345811, 0.0, 0.0, 4.40345811]",8.0,3.5375e-05,local
733_13,bulk,-11.79978878,78.85,True,"[5.5122883, 0.0, 0.0, 2.75614415, 4.7737817, 4.40345811, 0.0, 0.0, 4.40345811]",8.0,3.5375e-05,local
737_16,bulk,-36.65988512,759.536,True,"[9.60965205, 0.0, 7.75969417, 9.60965205, 7.78711496, -0.0, 0.0, 0.0, 7.75969417]",24.0,3.375e-07,local
737_1,bulk,-18.29921797,272.125,True,"[7.75969417, 0.0, -4.80482603, 0.0, 7.78711496, -4.80482603, 0.0, 0.0, 4.80482603]",12.0,4.166666666666666e-08,local
738_27,bulk,-32.71499989,36.46,True,"[4.71347328, 0.0, 0.0, 0.0, 11.96001103, -9.00401526, 0.0, 0.0, 4.50200763]",8.0,0.000220525,local
738_32,bulk,-65.42720681,165.97,True,"[12.77927762, 0.0, 0.0, 3.17202166, 8.42677693, 4.71347328, 0.0, 0.0, 4.71347328]",16.0,1.4175e-05,local
738_45,bulk,-65.41467506,169.867,True,"[4.50200763, 0.0, 0.0, -0.0, 23.92002205, 4.71347328, 0.0, 0.0, 4.71347328]",16.0,1.175e-06,local
739_12,bulk,-81.62002551,71.631,True,"[3.18443613, 0.0, 0.0, 0.0, 16.6808314, -3.18443613, 0.0, 0.0, 3.18443613]",12.0,2.25e-06,local
73_0,bulk,-19.28812554,10.193,True,"[4.10771789, 0.0, 4.10771789, 4.10771789, 4.10771789, -0.0, 0.0, 0.0, 4.10771789]",4.0,0.00016365,local
73_1,bulk,-38.58796052,41.036,True,"[4.10771789, 0.0, 4.10771789, 4.10771789, 8.21543578, 0.0, 0.0, 0.0, 4.10771789]",8.0,5.68375e-05,local
73_2,bulk,-19.29023484,10.465,True,"[4.10771789, 0.0, 0.0, 0.0, 4.10771789, -4.10771789, 0.0, 0.0, 4.10771789]",4.0,0.000222325,local
741_17,bulk,-64.7107274,32.564,True,"[4.6944287, 0.0, -2.71032967, 0.0, 4.31219253, 0.0, 0.0, 0.0, 5.42065935]",8.0,6.9875e-06,local
743_40,bulk,-49.42556731,39.489,True,"[3.91173883, 0.0, 0.0, -0.0, 6.42361469, -6.04053893, 0.0, 0.0, 6.04053893]",8.0,6.02875e-05,local
743_46,bulk,-49.42278286,36.113,True,"[3.91173883, 0.0, 0.0, 0.0, 6.42361469, 0.0, 0.0, 0.0, 6.04053893]",8.0,6.16375e-05,local
743_47,bulk,-49.42278286,36.142,True,"[3.91173883, 0.0, 0.0, 0.0, 6.42361469, 0.0, 0.0, 0.0, 6.04053893]",8.0,6.16375e-05,local
743_7,bulk,-49.42592675,37.264,True,"[6.42361469, 0.0, 0.0, 0.0, 6.04053893, -3.91173883, 0.0, 0.0, 3.91173883]",8.0,6.49e-05,local
744_12,bulk,-68.76969791,133.026,True,"[5.10654784, 0.0, 0.0, 2.55327392, 4.42240015, 4.08683475, 0.0, 0.0, 4.08683475]",8.0,0.0013510375,local
744_20,bulk,-137.61828191,362.227,True,"[8.84480031, 0.0, 0.0, 0.0, 5.10654784, -4.08683475, 0.0, 0.0, 4.08683475]",16.0,0.21664263125,local
745_13,bulk,-22.14413846,7.954,True,"[3.65742849, 0.0, -2.11161732, 0.0, 5.55248821, 0.0, 0.0, 0.0, 4.22323465]",4.0,2.9375e-05,local
745_15,bulk,-44.27136115,33.764,True,"[7.31485698, 0.0, 0.0, -0.0, 5.55248821, 4.22323465, 0.0, 0.0, 4.22323465]",8.0,0.0001249875,local
745_16,bulk,-44.17883138,26.834,True,"[4.22323465, 0.0, 0.0, 4.22323465, 7.31485698, 5.55248821, 0.0, 0.0, 5.55248821]",8.0,0.00011595,local
745_17,bulk,-44.17883138,31.022,True,"[4.22323465, 0.0, 0.0, 4.22323465, 7.31485698, 5.55248821, 0.0, 0.0, 5.55248821]",8.0,0.00011595,local
746_14,bulk,-51.72089739,114.603,True,"[7.01336374, 0.0, 0.0, -0.0, 7.01336374, 5.91098901, 0.0, 0.0, 5.91098901]",12.0,0.00016165,local
747_1,bulk,-22.99551768,44.656,True,"[3.21364701, 0.0, -3.21364701, -0.0, 10.06347387, -3.21364701, 0.0, 0.0, 3.21364701]",6.0,0.00010198333333333332,local
748_26,bulk,-33.63646003,319.276,True,"[10.28986708, 0.0, 8.13781066, 5.14493354, 8.60648429, 0.0, 0.0, 0.0, 8.13781066]",24.0,0.00020502499999999998,local
748_30,bulk,-33.57587344,405.759,True,"[9.62778809, 0.0, 0.0, 5.4987378, 8.69742762, 8.60648429, 0.0, 0.0, 8.60648429]",24.0,0.0003024083333333333,local
748_49,bulk,-33.53351654,349.204,True,"[5.14493354, 0.0, 0.0, -0.0, 16.27562132, 8.60648429, 0.0, 0.0, 8.60648429]",24.0,1.7283333333333334e-05,local
748_9,bulk,-33.58304385,419.348,True,"[16.27562132, 0.0, -5.14493354, 0.0, 8.60648429, -5.14493354, 0.0, 0.0, 5.14493354]",24.0,3.8625e-06,local
749_5,bulk,-165.30886494,289.046,True,"[7.68277641, 0.0, -3.84138821, 0.0, 17.24176333, -3.84138821, 0.0, 0.0, 3.84138821]",32.0,3.84875e-05,local
74_3,bulk,-198.68942128,332.637,True,"[6.62297451, 0.0, -6.62297451, -0.0, 10.63602545, -6.62297451, 0.0, 0.0, 6.62297451]",24.0,5.424583333333333e-05,local
752_2,bulk,-142.05198196,636.264,True,"[7.92423515, 0.0, -7.92423515, 0.0, 15.84847031, -7.92423515, 0.0, 0.0, 7.92423515]",48.0,3.4562499999999997e-06,local
753_3,bulk,-70.33813875,123.882,True,"[5.31832618, 0.0, 0.0, -0.0, 5.31832618, 5.31832618, 0.0, 0.0, 5.31832618]",8.0,0.000197975,local
753_4,bulk,-281.36690567,816.123,True,"[10.63665236, 0.0, -5.31832618, -0.0, 10.63665236, -5.31832618, 0.0, 0.0, 5.31832618]",32.0,4.113125e-05,local
756_28,bulk,-48.51392923,44.459,True,"[2.77587867, 0.0, 0.0, 0.0, 8.35206603, 0.0, 0.0, 0.0, 3.9784819]",6.0,0.00013918333333333332,local
758_20,bulk,-67.11643965,35.82,True,"[4.38166161, 0.0, 0.0, 4.38166161, 4.38166161, 5.98560021, 0.0, 0.0, 5.98560021]",8.0,2.7125e-06,local
759_10,bulk,-30.2246157,82.355,True,"[5.34506493, 0.0, 0.0, 2.67253247, 4.62896202, 4.46099132, 0.0, 0.0, 4.46099132]",6.0,5.338333333333333e-05,local
759_7,bulk,-60.44906928,100.802,True,"[4.46099132, 0.0, 0.0, 0.0, 9.25792403, -10.69012987, 0.0, 0.0, 5.34506493]",12.0,7.178333333333333e-05,local
760_14,bulk,-26.2636459,10.536,True,"[3.49115945, 0.0, -2.01562185, 0.0, 5.66722722, 0.0, 0.0, 0.0, 4.0312437]",4.0,5.8225e-05,local
760_15,bulk,-52.51164547,64.841,True,"[6.98231891, 0.0, 0.0, -0.0, 5.66722722, 4.0312437, 0.0, 0.0, 4.0312437]",8.0,1.815e-05,local
760_2,bulk,-26.25347172,22.775,True,"[5.66722722, 0.0, 0.0, 0.0, 3.49115945, -6.04686555, 0.0, 0.0, 4.0312437]",4.0,4.515e-05,local
760_6,bulk,-105.05200138,153.037,True,"[6.98231891, 0.0, -8.0624874, 0.0, 11.33445445, -4.0312437, 0.0, 0.0, 4.0312437]",16.0,1.648125e-05,local
761_0,bulk,-139.31650798,210.606,True,"[15.90503701, 0.0, 3.47956043, 23.05199017, 10.30308308, 0.0, 0.0, 0.0, 3.47956043]",20.0,2.895e-06,local
761_112,bulk,-139.34682074,204.246,True,"[13.06865162, 0.0, -9.06534871, 0.0, 3.47956043, 0.0, 0.0, 0.0, 12.53923684]",20.0,0.00041415999999999995,local
761_89,bulk,-278.68086585,1140.292,True,"[3.47956043, 0.0, 0.0, -0.0, 26.13730324, 30.66993426, 0.0, 0.0, 12.53923684]",40.0,5.475e-07,local
761_92,bulk,-278.68433175,842.647,True,"[3.47956043, 0.0, 0.0, 0.0, 26.13730324, -5.59146058, 0.0, 0.0, 12.53923684]",40.0,5.725e-07,local
763_19,bulk,-45.02663309,23.49,True,"[5.56036449, 0.0, -3.21027793, 0.0, 5.21820452, 0.0, 0.0, 0.0, 6.42055587]",8.0,0.3708521375,local
763_20,bulk,-90.05510643,185.221,True,"[11.12072898, 0.0, 0.0, 0.0, 6.42055587, -5.21820452, 0.0, 0.0, 5.21820452]",16.0,0.37494950625,local
764_0,bulk,-37.20059575,94.965,True,"[4.21112554, 0.0, -2.91154415, -0.0, 4.03621407, -2.91154415, 0.0, 0.0, 2.91154415]",4.0,1.3375e-05,local
767_5,bulk,-136.83876369,679.887,True,"[8.58939053, 0.0, -4.29469526, -0.0, 19.85566551, -4.29469526, 0.0, 0.0, 4.29469526]",32.0,3.833125e-05,local
767_9,bulk,-68.40924367,208.948,True,"[4.29469526, 0.0, 0.0, 0.0, 19.85566551, -4.29469526, 0.0, 0.0, 4.29469526]",16.0,2.415e-05,local
768_16,bulk,-42.78104953,109.028,True,"[2.92260964, 0.0, 0.0, 0.0, 16.36352398, -2.92260964, 0.0, 0.0, 2.92260964]",8.0,1.475e-06,local
769_1,bulk,-135.41848199,216.454,True,"[7.70839672, 0.0, -7.70839672, -0.0, 7.70839672, -7.70839672, 0.0, 0.0, 7.70839672]",24.0,0.00011987499999999999,local
769_4,bulk,-135.42530603,277.818,True,"[7.70839672, 0.0, 0.0, 0.0, 7.70839672, -7.70839672, 0.0, 0.0, 7.70839672]",24.0,3.4729166666666666e-05,local
76_2,bulk,-273.93818561,957.226,True,"[5.71099646, 0.0, -5.71099646, 0.0, 11.42199291, -5.71099646, 0.0, 0.0, 5.71099646]",32.0,1.23205241875,local
770_15,bulk,-66.37091837,26.895,True,"[3.29414305, 0.0, -1.90187438, -0.0, 12.75578844, -3.80374876, 0.0, 0.0, 3.80374876]",8.0,1.2025e-05,local
770_19,bulk,-132.73157457,79.169,True,"[3.29414305, 0.0, -1.90187438, -0.0, 25.51157689, -3.80374876, 0.0, 0.0, 3.80374876]",16.0,1.285625e-05,local
770_28,bulk,-66.37675079,15.455,True,"[3.80374876, 0.0, 0.0, -1.90187438, 3.29414305, 0.0, 0.0, 0.0, 12.75578844]",8.0,7.9875e-06,local
771_14,bulk,-234.59845293,699.652,True,"[10.85583533, 0.0, -3.93863485, -0.0, 14.21248347, -3.93863485, 0.0, 0.0, 3.93863485]",32.0,4.4340625e-05,local
771_23,bulk,-117.29146176,170.953,True,"[5.42791766, 0.0, 0.0, 0.0, 14.21248347, -3.93863485, 0.0, 0.0, 3.93863485]",16.0,4.591875e-05,local
774_12,bulk,-120.48627626,325.149,True,"[3.9633827, 0.0, 0.0, 0.0, 9.69964749, -9.69964749, 0.0, 0.0, 9.69964749]",18.0,0.07551659444444445,local
774_22,bulk,-240.96927518,2257.112,True,"[3.9633827, 0.0, 0.0, 0.0, 19.39929498, -9.69964749, 0.0, 0.0, 9.69964749]",36.0,0.07513891111111111,local
774_33,bulk,-120.4821617,225.035,True,"[9.69964749, 0.0, 0.0, 0.0, 3.9633827, 0.0, 0.0, 0.0, 9.69964749]",18.0,0.07570875,local
776_2,bulk,-35.2518079,28.109,True,"[4.346467, 0.0, 0.0, 0.0, 4.87153319, -8.437743, 0.0, 0.0, 5.625162]",6.0,1.2366666666666666e-05,local
779_0,bulk,-49.07227514,25.233,True,"[5.89123147, 0.0, -5.89123147, -0.0, 5.89123147, -5.89123147, 0.0, 0.0, 5.89123147]",8.0,5.525e-06,local
77_25,bulk,-44.61214699,38.563,True,"[6.57649642, 0.0, 0.0, 0.0, 3.99445703, 0.0, 0.0, 0.0, 6.57649642]",10.0,0.83618229,local
77_33,bulk,-44.61214699,39.033,True,"[6.57649642, 0.0, 0.0, 0.0, 6.57649642, 0.0, 0.0, 0.0, 3.99445703]",10.0,0.83618235,local
77_5,bulk,-89.19916219,361.358,True,"[6.57649642, 0.0, -6.57649642, -0.0, 7.98891405, -6.57649642, 0.0, 0.0, 6.57649642]",20.0,0.8208004600000001,local
780_2,bulk,-20.4650546,15.196,True,"[5.67633124, 0.0, 0.0, 0.0, 3.5875782, -6.21386772, 0.0, 0.0, 4.14257848]",4.0,7.94e-05,local
780_5,bulk,-81.81800347,74.591,True,"[7.1751564, 0.0, -8.28515696, 0.0, 11.35266248, -4.14257848, 0.0, 0.0, 4.14257848]",16.0,6.074375e-05,local
783_10,bulk,-163.73822532,199.74,True,"[4.42548213, 0.0, 0.0, 0.0, 9.60962508, -11.09623926, 0.0, 0.0, 5.54811963]",16.0,1.875e-08,local
783_16,bulk,-163.7360516,77.101,True,"[4.80481254, 0.0, -2.77405981, -0.0, 8.85096426, -5.54811963, 0.0, 0.0, 5.54811963]",16.0,3.94375e-05,local
784_17,bulk,-107.32886362,85.652,True,"[4.63399811, 0.0, -2.67544006, -0.0, 10.87091667, -5.35088012, 0.0, 0.0, 5.35088012]",14.0,0.0003583214285714286,local
784_18,bulk,-53.6537497,17.706,True,"[4.63399811, 0.0, -2.67544006, 0.0, 5.43545834, 0.0, 0.0, 0.0, 5.35088012]",7.0,0.00011238571428571428,local
785_2,bulk,-164.34838436,268.606,True,"[5.74028516, 0.0, -5.74028516, 0.0, 11.48057032, -5.74028516, 0.0, 0.0, 5.74028516]",24.0,1.82625e-05,local
785_6,bulk,-82.16159785,23.749,True,"[5.74028516, 0.0, 0.0, 0.0, 5.74028516, 0.0, 0.0, 0.0, 5.74028516]",12.0,6.185e-05,local
787_18,bulk,-68.19828131,43.366,True,"[4.29915743, 0.0, -2.4821197, 0.0, 3.94621478, 0.0, 0.0, 0.0, 4.9642394]",8.0,0.000212975,local
787_4,bulk,-136.39740427,596.573,True,"[13.13414291, 0.0, 0.0, 3.75261226, 3.24985755, 3.94621478, 0.0, 0.0, 3.94621478]",16.0,9.3625e-06,local
788_20,bulk,-46.21116968,74.266,True,"[4.03631994, 0.0, 0.0, -0.0, 8.07263988, 6.14225487, 0.0, 0.0, 6.14225487]",12.0,7.985833333333334e-05,local
789_20,bulk,-55.23387737,44.294,True,"[4.79640108, 0.0, -2.76920345, 0.0, 7.68375462, -5.53840691, 0.0, 0.0, 5.53840691]",9.0,5.022222222222222e-05,local
789_33,bulk,-55.24368038,26.624,True,"[5.53840691, 0.0, 0.0, -2.76920345, 4.79640108, 0.0, 0.0, 0.0, 7.68375462]",9.0,3.8955555555555555e-05,local
789_4,bulk,-55.23043013,46.109,True,"[7.68375462, 0.0, 0.0, 0.0, 4.79640108, -8.30761036, 0.0, 0.0, 5.53840691]",9.0,3.668888888888889e-05,local
78_3,bulk,-101.06885198,137.862,True,"[8.00875251, 0.0, -4.00437626, 0.0, 8.00875251, -4.00437626, 0.0, 0.0, 4.00437626]",16.0,0.00012423125,local
790_49,bulk,-84.79480458,236.652,True,"[3.48367284, 0.0, 0.0, 0.0, 11.68519386, -5.40280017, 0.0, 0.0, 5.40280017]",16.0,3.7625e-06,local
790_53,bulk,-84.80761923,217.659,True,"[3.48367284, 0.0, 0.0, -0.0, 10.80560033, 5.84259693, 0.0, 0.0, 5.84259693]",16.0,2.55375e-05,local
793_53,bulk,-156.23938137,358.574,True,"[18.23957608, 0.0, -3.28554701, 5.38048265, 6.51339406, 0.0, 0.0, 0.0, 3.28554701]",24.0,2.869166666666667e-05,local
793_68,bulk,-156.22686603,420.983,True,"[3.28554701, 0.0, 0.0, -0.0, 15.81818757, 16.59157844, 0.0, 0.0, 7.51043986]",24.0,1.1187500000000001e-05,local
793_77,bulk,-78.11959612,178.421,True,"[9.11978804, 0.0, 0.0, -3.73930539, 6.51339406, -3.28554701, 0.0, 0.0, 3.28554701]",12.0,1.6666666666666667e-08,local
794_21,bulk,-106.63703816,475.321,True,"[4.00094752, 0.0, 0.0, 0.0, 12.60100142, -6.30050071, 0.0, 0.0, 6.30050071]",20.0,9.95e-07,local
795_14,bulk,-43.39915435,42.3,True,"[3.96677775, 0.0, 0.0, 0.0, 8.27438046, 0.0, 0.0, 0.0, 2.76196388]",6.0,2.86e-05,local
795_25,bulk,-43.39892161,71.805,True,"[2.76196388, 0.0, 0.0, 0.0, 8.27438046, -3.96677775, 0.0, 0.0, 3.96677775]",6.0,2.633333333333333e-05,local
795_4,bulk,-43.39919114,96.127,True,"[8.27438046, 0.0, 0.0, 0.0, 3.96677775, -2.76196388, 0.0, 0.0, 2.76196388]",6.0,1.6666666666666667e-08,local
799_13,bulk,-44.75959785,202.19,True,"[15.73383088, 0.0, 0.0, 0.0, 7.47238813, -8.62837059, 0.0, 0.0, 4.3141853]",16.0,5.69375e-06,local
799_19,bulk,-22.37058347,42.093,True,"[3.73619406, 0.0, -2.15709265, -0.0, 15.73383088, -4.3141853, 0.0, 0.0, 4.3141853]",8.0,1.78e-05,local
799_2,bulk,-44.72628486,532.212,True,"[3.73619406, 0.0, -6.47127794, -0.0, 31.46766177, -4.3141853, 0.0, 0.0, 4.3141853]",16.0,3.75e-07,local
79_12,bulk,-116.37619868,696.577,True,"[5.9158593, 0.0, 0.0, 0.0, 13.62247674, -6.81123837, 0.0, 0.0, 6.81123837]",24.0,2.75e-07,local
79_13,bulk,-58.20589077,128.916,True,"[6.81123837, 0.0, 0.0, -0.0, 6.81123837, 5.9158593, 0.0, 0.0, 5.9158593]",12.0,1.1225e-05,local
79_3,bulk,-116.41052705,1262.154,True,"[6.81123837, 0.0, 6.81123837, 6.81123837, 11.83171859, 0.0, 0.0, 0.0, 6.81123837]",24.0,1.6666666666666667e-08,local
801_20,bulk,-129.06354313,450.152,True,"[8.83594734, 0.0, 0.0, 0.0, 5.10143658, -4.07716065, 0.0, 0.0, 4.07716065]",16.0,0.000723325,local
803_13,bulk,-82.62139072,178.314,True,"[8.97754134, 0.0, -3.15507352, -0.0, 5.08301776, -4.63724398, 0.0, 0.0, 3.15507352]",8.0,2.5e-08,local
803_29,bulk,-41.31078081,50.129,True,"[4.48877067, 0.0, 0.0, 0.0, 5.08301776, -1.48217046, 0.0, 0.0, 3.15507352]",4.0,1.075e-05,local
803_39,bulk,-82.61447158,108.939,True,"[6.31014703, 0.0, 4.48877067, 4.63724398, 5.08301776, 0.0, 0.0, 0.0, 4.48877067]",8.0,3.5e-07,local
803_44,bulk,-82.61738289,180.794,True,"[5.29470479, 0.0, 0.0, 1.76642776, 6.05786171, 4.48877067, 0.0, 0.0, 4.48877067]",8.0,0.0,local
804_0,bulk,-93.48111342,213.263,True,"[4.80401483, 0.0, -2.75358376, 0.0, 8.83395674, -2.75358376, 0.0, 0.0, 2.75358376]",8.0,8.75e-08,local
804_12,bulk,-186.9825012,383.526,True,"[8.83395674, 0.0, 0.0, 0.0, 9.60802967, -2.75358376, 0.0, 0.0, 2.75358376]",16.0,2.5e-08,local
807_11,bulk,-198.74400596,1770.092,True,"[20.28264281, 0.0, -4.02552524, 0.0, 7.57330899, -4.02552524, 0.0, 0.0, 4.02552524]",32.0,6.75e-07,local
808_12,bulk,-60.70210173,193.011,True,"[3.57189523, 0.0, 0.0, 0.0, 17.6013273, -3.57189523, 0.0, 0.0, 3.57189523]",12.0,2.6825e-05,local
808_3,bulk,-60.69084899,183.719,True,"[3.57189523, 0.0, -3.57189523, -0.0, 17.6013273, -3.57189523, 0.0, 0.0, 3.57189523]",12.0,4.975e-06,local
808_4,bulk,-30.34251101,134.678,True,"[8.80066365, 0.0, 0.0, -0.0, 3.57189523, 3.57189523, 0.0, 0.0, 3.57189523]",6.0,1.6666666666666667e-08,local
809_0,bulk,-39.01300076,57.317,True,"[8.59772106, 0.0, 0.0, 4.29886053, 2.48194829, 4.04482863, 0.0, 0.0, 4.04482863]",6.0,0.6666185666666666,local
809_15,bulk,-78.01952517,141.583,True,"[8.59772106, 0.0, 0.0, 0.0, 4.96389657, -4.04482863, 0.0, 0.0, 4.04482863]",12.0,0.6660024583333334,local
809_3,bulk,-78.01957413,228.636,True,"[13.13323586, 0.0, 0.0, 3.7523531, 3.24963311, 4.04482863, 0.0, 0.0, 4.04482863]",12.0,0.6692957,local
811_44,bulk,-59.20960656,58.518,True,"[3.64882, 0.0, 0.0, 0.0, 6.53509265, -5.01148305, 0.0, 0.0, 5.01148305]",8.0,7.375e-07,local
811_46,bulk,-118.42539414,176.995,True,"[3.64882, 0.0, 0.0, 0.0, 13.07018531, -5.01148305, 0.0, 0.0, 5.01148305]",16.0,3.675e-06,local
813_4,bulk,-31.66292959,101.069,True,"[4.64091288, 0.0, 0.0, 0.0, 9.28182575, -4.64091288, 0.0, 0.0, 4.64091288]",8.0,4.73625e-05,local
814_0,bulk,-41.25129409,186.353,True,"[7.60950091, 0.0, -4.75244204, 0.0, 8.42312491, -4.75244204, 0.0, 0.0, 4.75244204]",12.0,3.4275e-05,local
814_43,bulk,-41.2433255,89.295,True,"[4.75244204, 0.0, 0.0, 0.0, 8.42312491, 0.0, 0.0, 0.0, 7.60950091]",12.0,3.514166666666667e-05,local
814_47,bulk,-82.45276482,258.233,True,"[4.75244204, 0.0, 0.0, -0.0, 15.21900181, 8.42312491, 0.0, 0.0, 8.42312491]",24.0,0.00016127083333333333,local
816_58,bulk,-42.78745461,66.883,True,"[4.49358909, 0.0, 0.0, 0.0, 5.3940937, 0.0, 0.0, 0.0, 7.18264033]",8.0,1.72375e-05,local
816_8,bulk,-42.78420267,138.81,True,"[7.18264033, 0.0, 0.0, 0.0, 5.3940937, -4.49358909, 0.0, 0.0, 4.49358909]",8.0,5e-08,local
819_1,bulk,-25.42612281,1218.876,True,"[5.23868532, 0.0, -4.76749359, 0.0, 6.07284682, -4.76749359, 0.0, 0.0, 4.76749359]",8.0,0.0,local
819_2,bulk,-25.42376659,2173.397,True,"[5.23868532, 0.0, -4.76749359, 0.0, 6.07284682, -4.76749359, 0.0, 0.0, 4.76749359]",8.0,0.0,local
819_47,bulk,-50.84311504,543.95,True,"[4.76749359, 0.0, 0.0, 0.0, 12.14569364, -5.23868532, 0.0, 0.0, 5.23868532]",16.0,2.5e-08,local
81_15,bulk,-75.87260042,204.051,True,"[3.41180719, 0.0, 0.0, 0.0, 15.31743443, -3.41180719, 0.0, 0.0, 3.41180719]",10.0,1.7000000000000001e-07,local
81_21,bulk,-75.8777986,362.939,True,"[3.41180719, 0.0, -3.41180719, -0.0, 15.31743443, -6.82361437, 0.0, 0.0, 3.41180719]",10.0,8e-08,local
81_24,bulk,-75.87865678,335.253,True,"[3.41180719, 0.0, 0.0, 0.0, 15.31743443, -6.82361437, 0.0, 0.0, 3.41180719]",10.0,6e-08,local
820_16,bulk,-17.66877395,105.184,True,"[5.41617383, 0.0, 0.0, 5.41617383, 9.38108826, 4.21612108, 0.0, 0.0, 4.21612108]",12.0,0.00020168333333333332,local
820_4,bulk,-17.69729227,107.732,True,"[14.32984902, 0.0, 0.0, 4.09424258, 3.54571808, 4.21612108, 0.0, 0.0, 4.21612108]",12.0,1.0549999999999999e-05,local
821_0,bulk,-97.57434734,97.528,True,"[9.60558828, 0.0, 0.0, 4.80279414, 2.77289449, 4.42207237, 0.0, 0.0, 4.42207237]",8.0,9.3125e-06,local
821_19,bulk,-97.56493932,25.436,True,"[4.80279414, 0.0, -2.77289449, 0.0, 4.42207237, 0.0, 0.0, 0.0, 5.54578898]",8.0,1.205e-05,local
821_8,bulk,-390.15450393,863.028,True,"[9.60558828, 0.0, -11.09157796, -0.0, 8.84414474, -5.54578898, 0.0, 0.0, 5.54578898]",32.0,2.1875e-08,local
823_29,bulk,-230.59196142,1616.74,True,"[9.53363715, 0.0, 0.0, 0.0, 13.83535592, -5.54420437, 0.0, 0.0, 5.54420437]",40.0,2e-08,local
824_11,bulk,-25.41973462,71.914,True,"[2.89678702, 0.0, 0.0, 0.0, 6.84217645, -11.85099725, 0.0, 0.0, 7.90066484]",9.0,4.272222222222223e-05,local
824_17,bulk,-50.83896195,279.586,True,"[20.90319435, 0.0, 0.0, 5.97234124, 5.17219924, 2.89678702, 0.0, 0.0, 2.89678702]",18.0,5.102777777777778e-05,local
824_28,bulk,-50.83517265,235.826,True,"[2.89678702, 0.0, 0.0, 0.0, 13.68435291, -15.80132967, 0.0, 0.0, 7.90066484]",18.0,4.0955555555555556e-05,local
824_43,bulk,-50.82232573,254.286,True,"[13.68435291, 0.0, 0.0, 0.0, 7.90066484, -2.89678702, 0.0, 0.0, 2.89678702]",18.0,2.3555555555555555e-06,local
825_13,bulk,-36.27895876,24.053,True,"[4.58590265, 0.0, -2.64767213, 0.0, 4.45934305, 0.0, 0.0, 0.0, 5.29534426]",6.0,0.9468649666666668,local
825_16,bulk,-72.55353982,204.681,True,"[5.29534426, 0.0, 0.0, 5.29534426, 9.17180529, 4.45934305, 0.0, 0.0, 4.45934305]",12.0,0.952753,local
827_53,bulk,-41.57463801,53.406,True,"[3.92841207, 0.0, 0.0, -0.0, 10.48803891, 4.59276799, 0.0, 0.0, 5.95826651]",8.0,6.25e-08,local
827_98,bulk,-41.57464378,32.161,True,"[5.95826651, 0.0, 0.0, -1.36549852, 10.48803891, 0.0, 0.0, 0.0, 3.92841207]",8.0,3.43375e-05,local
828_11,bulk,-47.76298566,109.089,True,"[6.09567548, 0.0, 0.0, 0.0, 6.72066323, -3.36033162, 0.0, 0.0, 3.36033162]",8.0,0.0,local
829_12,bulk,-91.73489525,104.174,True,"[3.21980919, 0.0, 0.0, 0.0, 24.00982658, -3.21980919, 0.0, 0.0, 3.21980919]",12.0,9.108333333333334e-06,local
829_18,bulk,-45.87391455,105.192,True,"[3.21980919, 0.0, 0.0, 0.0, 12.00491329, -6.43961838, 0.0, 0.0, 3.21980919]",6.0,3.3166666666666665e-06,local
82_3,bulk,-96.23162216,985.579,True,"[9.69108017, 0.0, 5.49670982, 3.28354448, 4.58687567, 11.12220286, 0.0, 0.0, 5.62549304]",16.0,0.0,local
831_10,bulk,-29.28980521,221.156,True,"[16.17879669, 0.0, -3.1920336, 0.0, 10.11581889, -3.1920336, 0.0, 0.0, 3.1920336]",24.0,1.7841666666666666e-05,local
831_11,bulk,-14.67415462,71.498,True,"[5.05790944, 0.0, 0.0, 0.0, 16.17879669, -3.1920336, 0.0, 0.0, 3.1920336]",12.0,2.6316666666666665e-05,local
831_76,bulk,-29.31247012,166.861,True,"[3.1920336, 0.0, 0.0, -0.0, 32.35759339, 5.05790944, 0.0, 0.0, 5.05790944]",24.0,3.620833333333333e-06,local
836_15,bulk,-249.74286165,1192.136,True,"[9.85027543, 0.0, -4.60966951, 0.0, 11.20525788, -4.60966951, 0.0, 0.0, 4.60966951]",32.0,3.3125e-07,local
837_0,bulk,-23.63038211,17.767,True,"[5.74130353, 0.0, 0.0, 2.87065176, 2.87065176, 4.05971466, 0.0, 0.0, 4.05971466]",4.0,1.675e-05,local
837_4,bulk,-47.24850512,64.53,True,"[4.05971466, 0.0, 0.0, 0.0, 8.11942932, -4.05971466, 0.0, 0.0, 4.05971466]",8.0,5.69125e-05,local
838_18,bulk,-52.21185562,192.299,True,"[10.1050343, 0.0, 5.57835665, 10.1050343, 10.77550556, -0.0, 0.0, 0.0, 5.57835665]",20.0,6.405e-06,local
838_3,bulk,-52.31508131,614.805,True,"[5.57835665, 0.0, -5.05251715, -0.0, 21.55101111, -5.05251715, 0.0, 0.0, 5.05251715]",20.0,3.15e-07,local
839_7,bulk,-40.59079576,38.747,True,"[5.17001413, 0.0, 0.0, 0.0, 6.88061056, -7.94504472, 0.0, 0.0, 3.97252236]",8.0,0.0002507625,local
83_13,bulk,-77.74350198,106.142,True,"[5.53804514, 0.0, 0.0, 2.76902257, 4.79608778, 4.41510167, 0.0, 0.0, 4.41510167]",8.0,3.89375e-05,local
840_11,bulk,-23.08232628,16.043,True,"[3.62905643, 0.0, -2.0952367, -0.0, 5.34667906, -4.19047341, 0.0, 0.0, 4.19047341]",6.0,0.00029535,local
841_17,bulk,-23.07179498,77.606,True,"[3.8795558, 0.0, -2.23986258, -0.0, 16.76092227, -4.47972517, 0.0, 0.0, 4.47972517]",8.0,1.7125e-06,local
842_29,bulk,-79.02410931,170.735,True,"[4.1134662, 0.0, 0.0, -0.0, 9.95115941, 13.79306053, 0.0, 0.0, 6.90636162]",20.0,0.0,local
842_8,bulk,-79.00260664,179.423,True,"[6.90636162, 0.0, 0.0, 6.88669891, 9.95115941, 4.1134662, 0.0, 0.0, 4.1134662]",20.0,5.655e-06,local
843_24,bulk,-77.50552592,140.632,True,"[16.97776903, 0.0, 0.0, 1.73884538, 3.42597057, 3.81508527, 0.0, 0.0, 3.81508527]",12.0,7.341666666666667e-06,local
843_38,bulk,-77.48547531,158.502,True,"[3.84198615, 0.0, 0.0, -0.0, 15.13939268, 7.63017053, 0.0, 0.0, 3.81508527]",12.0,1.2541666666666667e-05,local
845_20,bulk,-225.68990705,297.117,True,"[11.36531712, 0.0, -5.68265856, -0.0, 11.36531712, -5.68265856, 0.0, 0.0, 5.68265856]",32.0,1.826875e-05,local
846_0,bulk,-140.10577696,249.52,True,"[9.69612027, 0.0, -5.71116239, -0.0, 10.02901667, -5.71116239, 0.0, 0.0, 5.71116239]",24.0,1.7e-06,local
846_19,bulk,-279.89826139,1955.887,True,"[9.69612027, 0.0, 0.0, 0.0, 20.05803335, -5.71116239, 0.0, 0.0, 5.71116239]",48.0,4.145833333333333e-07,local
846_3,bulk,-140.10577696,253.317,True,"[9.69612027, 0.0, -5.71116239, -0.0, 10.02901667, -5.71116239, 0.0, 0.0, 5.71116239]",24.0,1.7e-06,local
846_8,bulk,-140.04533094,199.639,True,"[10.02901667, 0.0, 0.0, 0.0, 9.69612027, -5.71116239, 0.0, 0.0, 5.71116239]",24.0,7.870833333333334e-06,local
848_14,bulk,-42.4896725,115.168,True,"[7.47374378, 0.0, 0.0, -0.0, 7.47374378, 5.78170733, 0.0, 0.0, 5.78170733]",12.0,0.00025619166666666666,local
848_21,bulk,-84.92569239,566.402,True,"[10.56946981, 0.0, 0.0, 10.56946981, 10.56946981, 5.78170733, 0.0, 0.0, 5.78170733]",24.0,2.083333333333333e-08,local
849_5,bulk,-253.67200214,3044.314,False,"[5.76486652, 0.0, 0.0, 0.0, 11.52973304, -5.76486652, 0.0, 0.0, 5.76486652]",32.0,0.78617683125,local
84_1,bulk,-62.58366988,55.226,True,"[5.5809192, 0.0, -3.261513, -0.0, 6.32786803, -3.261513, 0.0, 0.0, 3.261513]",8.0,1.51e-05,local
84_47,bulk,-125.16533695,71.53,True,"[3.261513, 0.0, 0.0, 0.0, 12.65573606, -5.5809192, 0.0, 0.0, 5.5809192]",16.0,4.903125e-05,local
84_50,bulk,-62.58424277,40.748,True,"[3.261513, 0.0, 0.0, 0.0, 6.32786803, 0.0, 0.0, 0.0, 5.5809192]",8.0,3.6375e-06,local
84_54,bulk,-125.16864421,78.195,True,"[3.261513, 0.0, 0.0, -0.0, 11.16183841, 6.32786803, 0.0, 0.0, 6.32786803]",16.0,5.848125e-05,local
850_0,bulk,-21.65510446,43.895,True,"[3.05715288, 0.0, -3.05715288, -0.0, 3.42435322, -3.05715288, 0.0, 0.0, 3.05715288]",2.0,3.355e-05,local
850_11,bulk,-21.64837115,16.995,True,"[3.05715288, 0.0, 0.0, 0.0, 3.05715288, 0.0, 0.0, 0.0, 3.42435322]",2.0,2.785e-05,local
851_8,bulk,-23.12715731,36.58,True,"[4.15543707, 0.0, 0.0, 0.0, 8.28469996, -4.15543707, 0.0, 0.0, 4.15543707]",8.0,3.55e-06,local
853_17,bulk,-46.5204361,39.708,True,"[3.21869316, 0.0, 0.0, -0.0, 7.87351566, -6.43738631, 0.0, 0.0, 3.21869316]",6.0,6.366666666666667e-06,local
853_9,bulk,-93.047261,68.742,True,"[7.87351566, 0.0, 0.0, 0.0, 6.43738631, -3.21869316, 0.0, 0.0, 3.21869316]",12.0,3.178333333333333e-05,local
855_16,bulk,-169.68323234,348.036,True,"[3.92846312, 0.0, 0.0, 0.0, 29.55783459, -3.92846312, 0.0, 0.0, 3.92846312]",24.0,0.000154675,local
855_17,bulk,-84.84878714,66.488,True,"[3.92846312, 0.0, 0.0, 0.0, 14.77891729, 0.0, 0.0, 0.0, 3.92846312]",12.0,0.00019288333333333332,local
859_15,bulk,-16.00360723,26.805,True,"[4.85319101, 0.0, 0.0, -0.0, 4.18912673, 2.80199114, 0.0, 0.0, 2.80199114]",4.0,3.6525e-05,local
85_5,bulk,-58.07118519,96.64,True,"[11.60910191, 0.0, 0.0, 3.31688626, 2.87250776, 2.83319577, 0.0, 0.0, 2.83319577]",6.0,3.4233333333333336e-05,local
861_1,bulk,-15.80546491,58.759,True,"[3.75352055, 0.0, -3.75352055, 0.0, 7.50704111, -3.75352055, 0.0, 0.0, 3.75352055]",4.0,0.00061385,local
862_3,bulk,-92.58315989,93.254,True,"[7.70007041, 0.0, -3.8500352, -0.0, 8.6282159, -3.8500352, 0.0, 0.0, 3.8500352]",16.0,6.18125e-06,local
862_7,bulk,-46.29332567,38.843,True,"[3.8500352, 0.0, 0.0, 0.0, 8.6282159, -3.8500352, 0.0, 0.0, 3.8500352]",8.0,1.35875e-05,local
863_3,bulk,-79.02651362,67.981,True,"[4.90795995, 0.0, 0.0, 0.0, 4.90795995, -4.90795995, 0.0, 0.0, 4.90795995]",8.0,0.000101,local
864_15,bulk,-135.93726888,436.091,True,"[3.832552, 0.0, 0.0, 0.0, 29.83752149, -3.91292029, 0.0, 0.0, 3.91292029]",24.0,2.645833333333333e-06,local
864_17,bulk,-67.92826626,286.476,True,"[14.91876075, 0.0, 0.0, -0.0, 3.91292029, 3.832552, 0.0, 0.0, 3.832552]",12.0,6.666666666666667e-08,local
864_1,bulk,-67.95255768,289.533,True,"[15.42337082, 0.0, 0.0, 0.99271069, 3.78490035, 3.832552, 0.0, 0.0, 3.832552]",12.0,4.166666666666666e-08,local
865_2,bulk,-99.25912912,157.213,True,"[3.229367, 0.0, 3.229367, 3.229367, 15.7339055, 0.0, 0.0, 0.0, 3.229367]",12.0,6.258333333333333e-06,local
866_11,bulk,-90.23115263,83.854,True,"[9.44282811, 0.0, -3.42223573, 5.5536588, 6.81392556, 0.0, 0.0, 0.0, 3.42223573]",12.0,2.6166666666666665e-06,local
866_66,bulk,-90.2246912,101.747,True,"[9.44282811, 0.0, -3.42223573, 14.99648691, 6.81392556, 0.0, 0.0, 0.0, 3.42223573]",12.0,6.666666666666667e-08,local
866_79,bulk,-90.23182233,128.188,True,"[9.44282811, 0.0, 0.0, -3.88916931, 6.81392556, -3.42223573, 0.0, 0.0, 3.42223573]",12.0,2.7583333333333333e-06,local
867_4,bulk,-41.70738297,97.302,True,"[13.80170712, 0.0, 0.0, 0.0, 3.08924919, -3.08924919, 0.0, 0.0, 3.08924919]",6.0,1.4833333333333332e-06,local
868_5,bulk,-61.01187379,221.114,True,"[7.27021295, 0.0, -8.3949188, -0.0, 10.15602347, -4.1974594, 0.0, 0.0, 4.1974594]",16.0,0.0,local
868_7,bulk,-30.51122765,68.992,True,"[5.07801173, 0.0, 0.0, 0.0, 7.27021295, -8.3949188, 0.0, 0.0, 4.1974594]",8.0,1.25e-08,local
869_25,bulk,-64.13668176,128.862,True,"[4.14977107, 0.0, 0.0, 0.0, 13.01920885, -8.02908847, 0.0, 0.0, 4.01454424]",12.0,4.883333333333334e-06,local
870_0,bulk,-68.22945957,76.331,True,"[4.16757117, 0.0, -7.21844501, -0.0, 6.60453038, -4.81229667, 0.0, 0.0, 4.81229667]",9.0,2.222222222222222e-08,local
870_25,bulk,-68.23557135,17.734,True,"[4.16757117, 0.0, -2.40614834, 0.0, 6.60453038, 0.0, 0.0, 0.0, 4.81229667]",9.0,1.2433333333333333e-05,local
870_7,bulk,-136.44108496,197.629,True,"[8.33514234, 0.0, -9.62459334, -0.0, 6.60453038, -4.81229667, 0.0, 0.0, 4.81229667]",18.0,5.194444444444445e-06,local
871_40,bulk,-139.32322692,182.102,True,"[6.94237279, 0.0, 0.0, 5.81738935, 6.85061692, 6.16682904, 0.0, 0.0, 6.16682904]",16.0,0.00012073125,local
871_46,bulk,-69.65244097,134.713,True,"[4.49368922, 0.0, 0.0, -0.0, 6.16682904, -5.29181417, 0.0, 0.0, 5.29181417]",8.0,1.25e-08,local
871_55,bulk,-69.65140971,77.637,True,"[4.49368922, 0.0, 0.0, 0.0, 6.16682904, 0.0, 0.0, 0.0, 5.29181417]",8.0,1.17e-05,local
871_59,bulk,-139.2970417,287.17,True,"[4.49368922, 0.0, 0.0, -0.0, 10.58362833, 6.16682904, 0.0, 0.0, 6.16682904]",16.0,3.875e-07,local
872_0,bulk,-36.4167468,55.624,True,"[6.01763404, 0.0, -3.22496052, -0.0, 6.74619542, -3.22496052, 0.0, 0.0, 3.22496052]",6.0,3.9766666666666667e-05,local
872_38,bulk,-72.82960151,71.864,True,"[3.22496052, 0.0, 0.0, -0.0, 12.03526808, 6.74619542, 0.0, 0.0, 6.74619542]",12.0,5.93e-05,local
872_7,bulk,-72.83340912,128.098,True,"[12.03526808, 0.0, -3.22496052, 0.0, 6.74619542, -3.22496052, 0.0, 0.0, 3.22496052]",12.0,6.320833333333333e-05,local
873_30,bulk,-175.43207101,290.751,True,"[6.51382347, 0.0, 0.0, -0.0, 13.02764694, 3.34594042, 0.0, 0.0, 3.34594042]",20.0,1.5e-08,local
875_23,bulk,-85.46210447,93.793,True,"[16.56204295, 0.0, 0.0, 1.65634215, 3.31251197, 3.67685676, 0.0, 0.0, 3.67685676]",12.0,0.00016945833333333334,local
875_40,bulk,-85.43266427,80.327,True,"[3.70353951, 0.0, 0.0, -0.0, 14.81338743, 7.35371352, 0.0, 0.0, 3.67685676]",12.0,3.350833333333333e-05,local
879_5,bulk,-32.43735078,43.294,True,"[6.54239047, 0.0, -7.5545018, -0.0, 6.80890844, -3.7772509, 0.0, 0.0, 3.7772509]",6.0,1.7583333333333335e-05,local
880_40,bulk,-144.98969962,358.172,True,"[5.06903548, 0.0, 0.0, 0.0, 8.66404833, 0.0, 0.0, 0.0, 8.82815968]",24.0,5.8658333333333334e-05,local
881_7,bulk,-29.62171978,44.545,True,"[2.72622515, 0.0, 0.0, 0.0, 7.53314179, -2.72622515, 0.0, 0.0, 2.72622515]",4.0,1.646479025,local
882_30,bulk,-102.7408334,278.007,True,"[6.64146285, 0.0, 5.72050782, 3.32073142, 6.51223722, 0.0, 0.0, 0.0, 5.72050782]",16.0,2.535e-05,local
882_37,bulk,-102.71783881,299.829,True,"[6.61448917, 0.0, 0.0, 3.33427326, 5.74383587, 6.51223722, 0.0, 0.0, 6.51223722]",16.0,4.2375e-06,local
882_44,bulk,-51.36885337,117.982,True,"[3.32073142, 0.0, 0.0, -0.0, 6.51223722, -5.72050782, 0.0, 0.0, 5.72050782]",8.0,3.7e-06,local
885_1,bulk,-132.2408617,333.762,True,"[4.66889837, 0.0, -4.66889837, 0.0, 9.33779675, -4.66889837, 0.0, 0.0, 4.66889837]",16.0,0.00013635625,local
887_12,bulk,-87.80314068,211.994,True,"[3.95682495, 0.0, 0.0, 0.0, 16.91587715, -2.84231388, 0.0, 0.0, 2.84231388]",12.0,5e-07,local
887_2,bulk,-87.79827272,311.198,True,"[3.95682495, 0.0, -2.84231388, 0.0, 16.91587715, -2.84231388, 0.0, 0.0, 2.84231388]",12.0,8.416666666666666e-07,local
888_18,bulk,-191.63167758,191.0,True,"[6.71862559, 0.0, 0.0, 0.0, 10.55001317, -6.71862559, 0.0, 0.0, 6.71862559]",24.0,0.00010872083333333334,local
888_22,bulk,-191.58575207,317.584,True,"[9.50157143, 0.0, 0.0, 9.50157143, 9.50157143, 5.27500658, 0.0, 0.0, 5.27500658]",24.0,0.00011452083333333334,local
889_10,bulk,-27.14116963,46.4,True,"[5.36741613, 0.0, 0.0, 0.0, 7.08004646, -8.17533346, 0.0, 0.0, 4.08766673]",6.0,3.3166666666666665e-06,local
889_14,bulk,-27.13896935,26.72,True,"[3.54002323, 0.0, -2.04383337, 0.0, 10.73483226, -4.08766673, 0.0, 0.0, 4.08766673]",6.0,0.0008185333333333334,local
89_2,bulk,-350.72308328,1265.154,True,"[7.68663287, 0.0, -7.68663287, 0.0, 15.37326573, -7.68663287, 0.0, 0.0, 7.68663287]",48.0,4.714583333333333e-06,local
93_16,bulk,-57.39307835,112.894,True,"[5.24574384, 0.0, 0.0, 0.0, 12.7382465, -3.88232989, 0.0, 0.0, 3.88232989]",12.0,2.25e-06,local
93_35,bulk,-57.3990316,144.448,True,"[3.88232989, 0.0, 0.0, 0.0, 12.7382465, -5.24574384, 0.0, 0.0, 5.24574384]",12.0,2.5833333333333333e-06,local
94_1,bulk,-49.92197107,186.793,True,"[13.73238516, 0.0, -4.48770043, 0.0, 4.48849166, -4.48770043, 0.0, 0.0, 4.48770043]",12.0,5.496666666666666e-05,local
96_24,bulk,-151.30689283,411.377,True,"[13.46903163, 0.0, 0.0, 10.08327796, 5.84290128, 2.80975503, 0.0, 0.0, 2.80975503]",16.0,2.9375e-06,local
96_2,bulk,-75.64895689,110.219,True,"[8.91940697, 0.0, 0.0, 3.80664292, 4.41162862, 5.61951006, 0.0, 0.0, 2.80975503]",8.0,6.12125e-05,local
96_39,bulk,-75.6471901,140.508,True,"[5.82692007, 0.0, 0.0, -0.0, 6.75298625, 5.61951006, 0.0, 0.0, 2.80975503]",8.0,6.0325e-05,local
96_40,bulk,-75.64656593,68.73,True,"[5.82692007, 0.0, 0.0, 0.0, 2.80975503, 0.0, 0.0, 0.0, 6.75298625]",8.0,0.0004515625,local
101_3,slab,-359.96077531,31442.159,True,"[6.01324683, 0.0, -3.00662341, 0.0, 6.01324683, -3.00662341, 0.0, 0.0, 36.07948097]",40.0,6.25e-07,local
102_2,slab,-226.46095313,10706.507,True,"[9.64852398, 0.0, 0.0, 0.0, 4.3889723, -4.3889723, 0.0, 0.0, 39.50075074]",32.0,0.04650750625,local
102_9,slab,-340.52864981,63980.388,True,"[4.3889723, 0.0, 0.0, 0.0, 19.29704795, -4.3889723, 0.0, 0.0, 30.72280613]",48.0,0.029622899999999997,local
103_0,slab,-101.37668787,24421.681,True,"[6.7198867, 0.0, -6.7198867, -0.0, 6.7198867, -6.7198867, 0.0, 0.0, 47.03920692]",36.0,5.555555555555555e-09,local
105_19,slab,-32.74070221,607.765,True,"[3.03017989, 0.0, 0.0, 0.0, 3.03017989, 0.0, 0.0, 0.0, 32.06766513]",6.0,0.08233201666666666,local
105_5,slab,-257.65482737,44515.808,True,"[6.06035979, 0.0, -3.03017989, -0.0, 10.68922171, -3.03017989, 0.0, 0.0, 30.30179893]",48.0,0.12632660416666666,local
105_9,slab,-258.32540974,18629.127,True,"[10.68922171, 0.0, 0.0, 0.0, 6.06035979, -3.03017989, 0.0, 0.0, 30.30179893]",48.0,0.16144392500000002,local
106_20,slab,-78.26210617,19415.128,True,"[9.41416976, 0.0, 0.0, 0.0, 5.43527344, -4.33007478, 0.0, 0.0, 34.64059825]",48.0,0.0,local
108_13,slab,-219.47189425,18511.514,True,"[3.30884336, 0.0, 0.0, 0.0, 16.79677489, -3.30884336, 0.0, 0.0, 29.77959022]",48.0,1.5833333333333333e-07,local
108_16,slab,-136.76393302,8169.645,True,"[3.30884336, 0.0, -3.30884336, -0.0, 8.39838744, -6.61768672, 0.0, 0.0, 43.01496365]",30.0,0.0,local
108_4,slab,-138.54595183,4574.587,True,"[8.39838744, 0.0, 0.0, 0.0, 3.30884336, -3.30884336, 0.0, 0.0, 39.70612029]",30.0,9e-08,local
108_5,slab,-218.64765645,26897.741,True,"[6.61768672, 0.0, -3.30884336, -0.0, 8.39838744, -3.30884336, 0.0, 0.0, 33.08843358]",48.0,2.0833333333333334e-09,local
110_1,slab,-739.50063132,63532.408,True,"[7.57418574, 0.0, 7.57418574, 7.57418574, 7.57418574, -0.0, 0.0, 0.0, 53.01930017]",72.0,2.7777777777777776e-09,local
110_2,slab,-972.86576637,148503.791,True,"[7.57418574, 0.0, -7.57418574, 0.0, 15.14837148, -7.57418574, 0.0, 0.0, 37.87092869]",96.0,3.125e-09,local
111_2,slab,-201.57048009,155751.934,True,"[2.92540826, 0.0, -2.92540826, -0.0, 20.44956728, -2.92540826, 0.0, 0.0, 38.03030732]",60.0,0.0,local
111_4,slab,-101.08144073,2599.25,True,"[10.22478364, 0.0, 0.0, -0.0, 2.92540826, 2.92540826, 0.0, 0.0, 38.03030732]",30.0,0.0,local
113_0,slab,-63.4757286,972.312,True,"[3.40273073, 0.0, -3.40273073, -0.0, 3.40273073, -3.40273073, 0.0, 0.0, 47.63823017]",12.0,0.0,local
114_25,slab,-392.65378906,21691.755,True,"[13.57000559, 0.0, -7.0938884, 0.0, 3.580546, -3.5469442, 0.0, 0.0, 42.56333041]",60.0,1.6666666666666665e-09,local
114_45,slab,-468.17131434,50222.576,True,"[3.5469442, 0.0, 0.0, -0.0, 27.14001118, 3.580546, 0.0, 0.0, 28.64436801]",72.0,0.0,local
115_7,slab,-229.2885694,28177.661,True,"[10.13142114, 0.0, -11.69875744, -0.0, 9.67673575, -5.84937872, 0.0, 0.0, 46.79502976]",96.0,0.0,local
116_10,slab,-449.90554211,49203.534,True,"[8.41438692, 0.0, -9.71609711, -0.0, 9.12427211, -4.85804855, 0.0, 0.0, 43.72243698]",96.0,0.0,local
116_14,slab,-449.22014867,44600.5,True,"[8.41438692, 0.0, -9.71609711, -0.0, 9.12427211, -4.85804855, 0.0, 0.0, 43.72243698]",96.0,0.0,local
119_0,slab,-238.54276967,7158.538,True,"[4.62247317, 0.0, -3.24097964, -0.0, 4.54698159, -3.24097964, 0.0, 0.0, 38.89175565]",20.0,0.0,local
119_16,slab,-144.28315097,1539.879,True,"[3.24097964, 0.0, 0.0, 0.0, 4.54698159, 0.0, 0.0, 0.0, 32.3573122]",12.0,0.0,local
119_17,slab,-285.2818106,4606.789,True,"[3.24097964, 0.0, 0.0, -0.0, 9.24494634, 4.54698159, 0.0, 0.0, 31.82887115]",24.0,8.333333333333334e-09,local
120_4,slab,-525.19850781,85803.446,True,"[14.49828619, 0.0, 0.0, 4.14236748, 3.58739547, 4.35450023, 0.0, 0.0, 43.54500228]",64.0,3.4421875e-06,local
121_5,slab,-829.41508658,83591.381,True,"[10.58311176, 0.0, -5.29155588, -0.0, 10.58311176, -5.29155588, 0.0, 0.0, 37.04089117]",96.0,1.6666666666666667e-08,local
123_17,slab,-120.56151611,12428.337,True,"[3.38857414, 0.0, 0.0, 0.0, 8.81016748, -6.77714829, 0.0, 0.0, 33.88574144]",24.0,1.4293620416666668,local
124_38,slab,-379.51999463,64056.26,True,"[3.31641402, 0.0, 0.0, -0.0, 20.6011109, 4.37866316, 0.0, 0.0, 30.65064212]",48.0,0.00031883333333333335,local
124_41,slab,-190.51600867,3639.878,True,"[3.31641402, 0.0, 0.0, 0.0, 10.30055545, 0.0, 0.0, 0.0, 30.65064212]",24.0,4.166666666666667e-09,local
124_5,slab,-504.34800589,53755.635,True,"[10.30055545, 0.0, -3.31641402, -0.0, 8.75732632, -3.31641402, 0.0, 0.0, 33.16414018]",64.0,0.0,local
124_6,slab,-253.74350941,8436.513,True,"[4.37866316, 0.0, 0.0, 0.0, 10.30055545, -3.31641402, 0.0, 0.0, 29.84772616]",32.0,0.0,local
125_1,slab,-66.87498249,7305.843,True,"[6.7313507, 0.0, -6.7313507, -0.0, 6.7313507, -6.7313507, 0.0, 0.0, 47.11945493]",48.0,1.1458333333333333e-07,local
125_2,slab,-70.28648213,12734.492,True,"[6.7313507, 0.0, -6.7313507, -0.0, 6.7313507, -6.7313507, 0.0, 0.0, 47.11945493]",48.0,0.0,local
125_7,slab,-92.81266345,14464.673,True,"[6.7313507, 0.0, 0.0, 0.0, 13.46270141, -6.7313507, 0.0, 0.0, 33.65675352]",64.0,0.0,local
126_10,slab,,,False,,,,local
126_15,slab,-157.14182804,13513.287,True,"[10.26250305, 0.0, 0.0, -0.0, 4.07091797, 3.87747243, 0.0, 0.0, 38.77472434]",32.0,6.25e-09,local
126_28,slab,-233.08067294,20791.429,True,"[10.26250305, 0.0, 0.0, -0.0, 8.14183595, 3.87747243, 0.0, 0.0, 31.01977947]",48.0,4.166666666666667e-09,local
126_36,slab,-37.25754676,901.354,True,"[4.07091797, 0.0, 0.0, 0.0, 3.87747243, 0.0, 0.0, 0.0, 30.78750915]",8.0,7.6e-06,local
127_1,slab,-209.69284134,16193.341,True,"[2.86418116, 0.0, -2.86418116, 0.0, 7.73556535, -2.86418116, 0.0, 0.0, 40.09853628]",24.0,8.333333333333334e-09,local
127_7,slab,-139.42621855,4056.757,True,"[2.86418116, 0.0, 0.0, 0.0, 7.73556535, -2.86418116, 0.0, 0.0, 28.64181163]",16.0,3.8625e-06,local
128_16,slab,-432.31997461,60320.716,True,"[9.92228223, 0.0, -4.96114112, -0.0, 9.92228223, -4.96114112, 0.0, 0.0, 34.72798781]",96.0,0.0,local
129_2,slab,-139.41866116,9514.082,True,"[6.33160158, 0.0, 0.0, 0.0, 6.33160158, -6.33160158, 0.0, 0.0, 44.32121109]",24.0,0.0,local
130_0,slab,-196.12069393,9272.233,True,"[5.6652667, 0.0, -3.62601853, -0.0, 5.98782068, -3.62601853, 0.0, 0.0, 36.26018534]",32.0,0.0,local
130_26,slab,-295.49245138,31672.363,True,"[7.25203707, 0.0, 5.6652667, 7.25203707, 5.98782068, -0.0, 0.0, 0.0, 45.32213363]",48.0,0.0,local
130_35,slab,-298.87710035,31212.754,True,"[6.72631082, 0.0, 0.0, 3.90942695, 6.10806209, 5.98782068, 0.0, 0.0, 41.91474474]",48.0,0.0,local
131_10,slab,-57.91182575,4942.53,True,"[5.68721961, 0.0, 0.0, 2.8436098, 4.92527666, 4.67505072, 0.0, 0.0, 37.40040576]",18.0,0.0,local
133_17,slab,-170.57512764,7986.964,True,"[5.60134879, 0.0, 0.0, 5.60134879, 9.7018207, 4.40009754, 0.0, 0.0, 30.80068279]",36.0,0.0,local
136_18,slab,-153.06994468,15208.584,True,"[11.21780076, 0.0, 0.0, 0.0, 9.1709747, -4.01529994, 0.0, 0.0, 32.12239955]",48.0,0.0,local
136_31,slab,-153.54755894,26253.415,True,"[11.91476762, 0.0, 0.0, 2.70632784, 7.5608415, 4.58548735, 0.0, 0.0, 32.09841147]",48.0,0.0,local
136_32,slab,-153.91318851,15850.002,True,"[11.21780076, 0.0, 0.0, -0.0, 8.03059989, 4.58548735, 0.0, 0.0, 32.09841147]",48.0,0.0,local
137_3,slab,-301.92893124,15935.686,True,"[5.95236951, 0.0, -2.97618476, -0.0, 5.95236951, -2.97618476, 0.0, 0.0, 35.71421707]",40.0,0.1609181525,local
138_3,slab,-527.2095317,14748.124,True,"[6.46600445, 0.0, 0.0, 0.0, 6.46600445, -6.46600445, 0.0, 0.0, 45.26203114]",48.0,8.333333333333334e-09,local
139_6,slab,-189.22271474,14675.787,True,"[7.12575583, 0.0, -3.56287791, -0.0, 8.98834542, -3.56287791, 0.0, 0.0, 32.06590122]",48.0,2.0833333333333334e-09,local
141_2,slab,-82.35107377,705.153,True,"[3.23009566, 0.0, 0.0, 0.0, 3.23009566, -3.23009566, 0.0, 0.0, 38.76114795]",10.0,0.0,local
142_4,slab,-531.43322433,40267.095,True,"[3.21899134, 0.0, -3.21899134, -0.0, 15.84167873, -3.21899134, 0.0, 0.0, 38.62789607]",50.0,1.9999999999999997e-09,local
143_13,slab,-62.74441269,1484.782,True,"[3.62305699, 0.0, -2.09177293, 0.0, 5.51661057, 0.0, 0.0, 0.0, 33.46836683]",12.0,0.0,local
144_11,slab,-201.52756719,24798.162,True,"[14.88902753, 0.0, 0.0, 2.97780551, 5.95561101, 4.12014832, 0.0, 0.0, 32.96118657]",60.0,0.0,local
145_39,slab,-192.90600727,12745.16,True,"[5.49638606, 0.0, 0.0, -0.0, 8.24450501, 7.16158616, 0.0, 0.0, 35.80793079]",32.0,0.0,local
145_3,slab,-196.00759269,18804.698,True,"[5.49638606, 0.0, -4.1222525, 0.0, 7.16158616, -4.1222525, 0.0, 0.0, 41.22252503]",32.0,2.5e-07,local
146_14,slab,-214.15939352,18680.613,True,"[4.17756243, 0.0, 0.0, 0.0, 15.58605874, -4.17756243, 0.0, 0.0, 29.24293704]",48.0,0.0,local
146_4,slab,-285.36593079,43044.193,True,"[15.58605874, 0.0, 0.0, 0.0, 4.17756243, -4.17756243, 0.0, 0.0, 41.77562434]",64.0,0.0,local
147_14,slab,-205.29062108,9662.149,True,"[5.31665746, 0.0, 0.0, 2.65832873, 4.60436042, 4.31102614, 0.0, 0.0, 38.79923527]",32.0,2.625e-07,local
148_12,slab,-267.5636456,41694.528,True,"[8.02529592, 0.0, -2.93577521, -0.0, 4.69789364, -4.22436806, 0.0, 0.0, 38.1650777]",40.0,0.03004236,local
148_59,slab,-216.92873439,17202.11,True,"[4.01264796, 0.0, 0.0, -0.0, 5.66240486, 6.42456439, 0.0, 0.0, 43.84272769]",32.0,4.0625e-08,local
148_64,slab,-106.91811778,5297.605,True,"[2.93577521, 0.0, 0.0, -1.28859285, 4.69789364, -4.01264796, 0.0, 0.0, 36.11383163]",16.0,6.25e-08,local
148_70,slab,-161.44623643,15076.273,True,"[2.83120243, 0.0, -0.7765751, -0.0, 8.02529592, 4.87141419, 0.0, 0.0, 34.09989932]",24.0,0.04295295,local
150_22,slab,-542.95137585,49885.597,True,"[6.49613647, 0.0, 0.0, -0.0, 12.99227293, 5.2450112, 0.0, 0.0, 36.7150784]",72.0,2.5e-08,local
151_31,slab,-145.49311903,7326.706,True,"[4.29085649, 0.0, 0.0, -0.0, 10.76423132, 3.96418092, 0.0, 0.0, 31.7134474]",24.0,0.0129366375,local
153_0,slab,-118.05082723,8199.672,True,"[4.5690562, 0.0, -4.24345668, -0.0, 5.17329995, -4.24345668, 0.0, 0.0, 42.43456685]",32.0,0.0,local
153_8,slab,-237.16894651,22628.009,True,"[4.5690562, 0.0, -4.24345668, 0.0, 10.3465999, -4.24345668, 0.0, 0.0, 42.43456685]",64.0,0.0,local
155_34,slab,-128.84608591,4386.151,True,"[3.76063857, 0.0, 0.0, -0.0, 11.00738419, 9.32046682, 0.0, 0.0, 37.28186727]",24.0,4e-07,local
155_37,slab,-43.78748492,624.669,True,"[3.76063857, 0.0, 0.0, 0.0, 4.66023341, 0.0, 0.0, 0.0, 33.02215258]",8.0,4e-07,local
156_4,slab,,,False,,,,local
156_7,slab,,,False,,,,local
158_13,slab,-371.58943099,19708.011,True,"[3.24583065, 0.0, 0.0, 0.0, 23.35644142, -3.24583065, 0.0, 0.0, 29.21247583]",48.0,6.25e-09,local
158_15,slab,-230.53262901,45877.704,True,"[3.24583065, 0.0, -3.24583065, 0.0, 11.67822071, -6.4916613, 0.0, 0.0, 42.19579842]",30.0,6.333333333333333e-08,local
160_2,slab,-150.52931812,1840.905,True,"[6.0067172, 0.0, 0.0, 0.0, 3.9708037, -3.9708037, 0.0, 0.0, 39.70803704]",24.0,4.166666666666667e-09,local
162_25,slab,-235.95373469,14668.946,True,"[3.31961987, 0.0, -1.91658342, -0.0, 12.9600019, -7.6663337, 0.0, 0.0, 38.3316685]",32.0,0.02356155625,local
164_10,slab,-374.75203558,51870.555,True,"[10.69418023, 0.0, -4.06295771, 0.0, 12.92535333, -4.06295771, 0.0, 0.0, 32.5036617]",72.0,0.0,local
164_17,slab,-186.09366016,9985.877,True,"[5.34709012, 0.0, 0.0, 0.0, 12.92535333, -4.06295771, 0.0, 0.0, 28.44070398]",36.0,0.0,local
164_1,slab,-125.49180463,12114.298,True,"[5.34709012, 0.0, -4.06295771, 0.0, 6.46267667, -4.06295771, 0.0, 0.0, 40.62957712]",24.0,0.0,local
164_37,slab,-125.24794637,2859.115,True,"[4.06295771, 0.0, 0.0, -0.0, 10.69418023, 6.46267667, 0.0, 0.0, 32.31338333]",24.0,8.333333333333334e-09,local
165_0,slab,-107.52884736,4229.818,True,"[2.8536, 0.0, 2.8536, 2.8536, 2.8536, -0.0, 0.0, 0.0, 48.5112]",14.0,2.063845807142857,local
165_3,slab,-307.86708175,14868.574,True,"[5.7072, 0.0, -2.8536, -0.0, 5.7072, -2.8536, 0.0, 0.0, 34.2432]",40.0,2.1340901975,local
167_4,slab,-217.92653226,4991.766,True,"[5.81855195, 0.0, 0.0, 0.0, 11.6371039, -5.81855195, 0.0, 0.0, 29.09275974]",32.0,0.0,local
167_5,slab,-111.1426183,685.791,True,"[5.81855195, 0.0, 0.0, 0.0, 5.81855195, 0.0, 0.0, 0.0, 29.09275974]",16.0,6.25e-09,local
168_1,slab,-76.92834502,2125.873,True,"[3.18924018, 0.0, -3.18924018, 0.0, 6.37848036, -3.18924018, 0.0, 0.0, 41.46012235]",20.0,0.0,local
169_7,slab,-201.13057127,6399.683,True,"[3.95099376, 0.0, 0.0, 0.0, 8.11779901, -3.55238667, 0.0, 0.0, 31.97148002]",32.0,0.1882080125,local
170_1,slab,-488.51222247,43748.407,True,"[5.15536088, 0.0, -5.15536088, 0.0, 10.31072177, -5.15536088, 0.0, 0.0, 41.24288707]",48.0,0.0,local
170_5,slab,-987.94641061,60947.416,True,"[10.31072177, 0.0, -5.15536088, -0.0, 10.31072177, -5.15536088, 0.0, 0.0, 36.08752619]",96.0,1.0416666666666667e-09,local
173_15,slab,-328.08820739,8629.426,True,"[5.56110485, 0.0, 0.0, 2.78055243, 4.81605808, 4.42749772, 0.0, 0.0, 39.84747947]",32.0,6.25e-09,local
173_24,slab,-488.00309658,15218.639,True,"[5.56110485, 0.0, 0.0, 5.56110485, 9.63211615, 4.42749772, 0.0, 0.0, 30.99248403]",48.0,2.2291666666666664e-07,local
174_3,slab,-621.32153889,142436.55,True,"[3.47211504, 0.0, 3.47211504, 3.47211504, 23.52087341, 0.0, 0.0, 0.0, 41.66538051]",80.0,2.0874999999999999e-07,local
175_14,slab,-154.5354926,8427.965,True,"[3.80799544, 0.0, 0.0, 0.0, 8.30900365, 0.0, 0.0, 0.0, 27.39154019]",24.0,0.14689819166666665,local
175_18,slab,-310.14090227,52814.985,True,"[5.47830804, 0.0, 3.80799544, 2.73915402, 8.30900365, 0.0, 0.0, 0.0, 34.27195895]",48.0,0.11031856458333333,local
176_17,slab,-182.69802797,4249.501,True,"[2.76686062, 0.0, 0.0, 2.76686062, 4.79234317, 4.39350783, 0.0, 0.0, 39.5415705]",16.0,0.0,local
177_17,slab,-150.44293168,26353.083,True,"[6.42996443, 0.0, 0.0, 0.0, 12.44800018, -3.69840877, 0.0, 0.0, 29.58727016]",48.0,0.0,local
177_43,slab,-76.0750958,5947.737,True,"[3.69840877, 0.0, 0.0, -0.0, 6.42996443, -6.22400009, 0.0, 0.0, 43.56800063]",24.0,0.0,local
177_54,slab,-99.73112719,22520.382,True,"[3.69840877, 0.0, 0.0, -0.0, 12.44800018, 6.42996443, 0.0, 0.0, 32.14982217]",32.0,0.0,local
178_5,slab,-120.84477738,49239.493,True,"[7.1038059, 0.0, -8.2027685, 0.0, 5.20908273, -4.10138425, 0.0, 0.0, 49.216611]",30.0,0.0,local
178_7,slab,-192.19230858,85295.4,True,"[7.1038059, 0.0, -8.2027685, -0.0, 10.41816546, -4.10138425, 0.0, 0.0, 41.0138425]",48.0,0.0,local
178_8,slab,-189.43913834,27395.029,True,"[7.1038059, 0.0, -8.2027685, -0.0, 10.41816546, -4.10138425, 0.0, 0.0, 41.0138425]",48.0,0.0,local
179_4,slab,,,False,,,,local
183_3,slab,-161.03311149,18953.891,True,"[7.66173803, 0.0, -8.84701302, 0.0, 5.57495697, -4.42350651, 0.0, 0.0, 44.23506512]",32.0,0.0,local
184_1,slab,-297.57129026,36993.876,True,"[3.84352997, 0.0, -3.84352997, 0.0, 15.77644046, -3.84352997, 0.0, 0.0, 38.43529968]",64.0,3.28125e-08,local
184_9,slab,-222.96496611,23799.427,True,"[3.84352997, 0.0, 0.0, 0.0, 15.77644046, -3.84352997, 0.0, 0.0, 30.74823975]",48.0,8.333333333333334e-09,local
185_12,slab,-113.63493063,8174.646,True,"[6.16554512, 0.0, 0.0, 0.0, 4.9619222, -4.86314498, 0.0, 0.0, 38.90515981]",24.0,4.166666666666667e-09,local
185_27,slab,-229.57861949,47636.232,True,"[9.72628995, 0.0, 4.9619222, 9.72628995, 6.16554512, -0.0, 0.0, 0.0, 39.69537763]",48.0,0.0,local
188_4,slab,-76.31390733,6147.21,True,"[3.94046117, 0.0, 0.0, 0.0, 7.88092234, -3.94046117, 0.0, 0.0, 31.52368935]",24.0,0.04244916666666667,local
189_26,slab,-343.2164097,18336.842,True,"[10.960696, 0.0, 0.0, 2.09335695, 6.44260468, 4.36210267, 0.0, 0.0, 34.89682138]",48.0,1.0416666666666666e-08,local
190_6,slab,-817.6156847,123302.156,True,"[7.5792681, 0.0, 0.0, 0.0, 15.15853621, -7.5792681, 0.0, 0.0, 37.89634052]",96.0,0.0,local
192_4,slab,-525.85670942,118308.843,True,"[15.11045984, 0.0, 0.0, 1.48082796, 4.49256496, 4.63142154, 0.0, 0.0, 41.68279385]",80.0,0.09039505125,local
193_11,slab,-247.73267322,54382.077,True,"[5.24860609, 0.0, 0.0, 0.0, 11.111028, -12.82991002, 0.0, 0.0, 44.90468507]",48.0,0.36478550625,local
195_26,slab,-282.11753647,83145.191,True,"[3.89182122, 0.0, 0.0, 0.0, 20.55604219, -7.78364243, 0.0, 0.0, 31.13456974]",48.0,0.007541585416666666,local
196_7,slab,-101.87662648,5836.102,True,"[3.63489678, 0.0, 0.0, 0.0, 7.32959713, -3.63489678, 0.0, 0.0, 32.71407099]",32.0,0.0,local
198_1,slab,-629.7832933,63955.176,True,"[6.98446785, 0.0, -6.98446785, -0.0, 6.98446785, -6.98446785, 0.0, 0.0, 48.89127497]",72.0,1.1145437,local
199_12,slab,-144.97814267,12886.307,True,"[3.51137284, 0.0, -2.02729205, -0.0, 12.47208235, -4.05458411, 0.0, 0.0, 32.43667285]",24.0,0.19535466666666668,local
201_24,slab,-42.35665865,258.997,True,"[3.0944521, 0.0, 0.0, 0.0, 3.0944521, 0.0, 0.0, 0.0, 36.3973141]",8.0,1.3125e-06,local
201_5,slab,-202.37948892,36574.766,True,"[3.0944521, 0.0, -3.0944521, -0.0, 18.19865705, -3.0944521, 0.0, 0.0, 37.13342521]",40.0,0.0892370975,local
202_6,slab,-302.98832486,5822.456,True,"[4.79327015, 0.0, 0.0, 0.0, 8.48418461, -4.8453436, 0.0, 0.0, 33.91740522]",36.0,0.0,local
203_22,slab,-174.99422556,13390.549,True,"[4.33656403, 0.0, -2.50371641, 0.0, 6.8196816, -5.00743282, 0.0, 0.0, 40.05946259]",27.0,0.0,local
203_27,slab,-173.99977165,18940.727,True,"[4.33656403, 0.0, -2.50371641, 0.0, 6.8196816, 0.0, 0.0, 0.0, 35.05202977]",27.0,0.014479285185185185,local
204_11,slab,-152.74587144,13052.573,True,"[3.54295364, 0.0, -2.04552524, -0.0, 11.20251504, -4.09105047, 0.0, 0.0, 32.72840377]",24.0,1.6701545416666665,local
205_0,slab,-196.68738338,1041.42,True,"[3.92461325, 0.0, -3.92461325, 0.0, 3.92461325, -3.92461325, 0.0, 0.0, 47.09535896]",20.0,5e-09,local
208_23,slab,-60.16554317,4770.513,True,"[6.31434986, 0.0, 0.0, 6.31434986, 10.93677477, 5.07187834, 0.0, 0.0, 35.50314839]",48.0,2.0833333333333334e-09,local
211_14,slab,-315.63796137,53494.848,True,"[9.09836088, 0.0, -3.13227366, 5.31351232, 6.77316682, 0.0, 0.0, 0.0, 31.32273657]",48.0,0.0,local
211_25,slab,-624.8345786,159462.487,True,"[9.09836088, 0.0, -6.26454731, 1.52866376, 13.54633364, 0.0, 0.0, 0.0, 31.32273657]",96.0,0.0,local
211_27,slab,-392.69540079,127224.685,True,"[9.09836088, 0.0, -6.26454731, 5.31351232, 6.77316682, 0.0, 0.0, 0.0, 37.58728389]",60.0,0.0,local
211_42,slab,-322.83549211,23238.539,True,"[3.13227366, 0.0, 0.0, 0.0, 13.54633364, 1.52866376, 0.0, 0.0, 36.39344353]",48.0,0.0,local
212_12,slab,-312.30789776,34299.255,True,"[3.56205217, 0.0, 0.0, 0.0, 15.22419825, -2.53660068, 0.0, 0.0, 25.36600681]",48.0,3.8333333333333335e-07,local
212_15,slab,-313.61276331,58364.02,True,"[5.07320136, 0.0, 3.56205217, 5.07320136, 7.61209912, 0.0, 0.0, 0.0, 35.6205217]",48.0,1.3964583333333333e-05,local
213_22,slab,-77.17297219,905.523,True,"[4.12344258, 0.0, 0.0, 0.0, 4.12344258, 0.0, 0.0, 0.0, 30.98399042]",16.0,0.0,local
214_10,slab,-432.8102955,115999.304,True,"[8.46201858, 0.0, -4.23100929, -0.0, 15.71618281, -4.23100929, 0.0, 0.0, 33.84807433]",72.0,0.18435702222222222,local
214_12,slab,-432.26119746,132155.085,True,"[8.46201858, 0.0, -4.23100929, -0.0, 15.71618281, -4.23100929, 0.0, 0.0, 33.84807433]",72.0,0.1674043722222222,local
214_16,slab,-107.47602728,3538.598,True,"[4.23100929, 0.0, 0.0, 0.0, 7.8580914, -4.23100929, 0.0, 0.0, 33.84807433]",18.0,0.043580383333333333,local
215_28,slab,-200.64230211,9817.368,True,"[4.50177358, 0.0, 0.0, -0.0, 5.49709886, 4.96717339, 0.0, 0.0, 39.73738709]",24.0,2.2458333333333336e-06,local
215_2,slab,-336.39564213,13955.353,True,"[4.50177358, 0.0, -2.74854943, 0.0, 9.93434677, -2.74854943, 0.0, 0.0, 32.98259319]",40.0,2.5e-09,local
216_34,slab,-63.05323539,13385.128,True,"[10.01710854, 0.0, 0.0, 5.65714339, 9.01849031, 8.76418293, 0.0, 0.0, 43.82091464]",48.0,6.25e-09,local
216_40,slab,-29.91430004,7598.686,True,"[5.3229794, 0.0, 0.0, -0.0, 8.76418293, -8.48577362, 0.0, 0.0, 42.42886808]",24.0,0.0,local
216_51,slab,-32.35359002,4442.115,True,"[5.3229794, 0.0, 0.0, 0.0, 8.48577362, 0.0, 0.0, 0.0, 35.05673172]",24.0,0.0,local
216_7,slab,-47.24075691,11223.676,True,"[8.76418293, 0.0, 0.0, 0.0, 8.48577362, -5.3229794, 0.0, 0.0, 37.26085579]",36.0,0.0,local
217_0,slab,-89.99947169,41632.162,True,"[10.54342779, 0.0, 0.0, 5.27171389, 5.27171389, 5.74907369, 0.0, 0.0, 40.24351586]",36.0,0.0,local
217_11,slab,,,False,,,,local
217_21,slab,-119.36507144,34529.207,True,"[10.54342779, 0.0, 0.0, 10.54342779, 10.54342779, 5.74907369, 0.0, 0.0, 28.74536847]",48.0,0.0,local
219_13,slab,-229.03059615,19661.038,True,"[4.74901622, 0.0, 0.0, -0.0, 12.91210389, 2.74184579, 0.0, 0.0, 27.41845792]",48.0,0.0,local
220_0,slab,-115.95827967,21726.036,True,"[5.25590504, 0.0, -3.89050089, -0.0, 6.25424562, -3.89050089, 0.0, 0.0, 38.90500891]",24.0,0.25450849166666667,local
220_25,slab,,,False,,,,local
220_8,slab,-231.19078091,44488.713,True,"[10.51181008, 0.0, -3.89050089, -0.0, 6.25424562, -3.89050089, 0.0, 0.0, 35.01450802]",48.0,0.20080506875,local
221_29,slab,-400.87505742,27469.667,True,"[7.65883876, 0.0, 0.0, 0.0, 9.69576744, -5.76134964, 0.0, 0.0, 34.56809785]",80.0,0.0,local
222_18,slab,-168.6910042,49441.818,True,"[16.82364646, 0.0, 0.0, 0.0, 4.54423059, 0.0, 0.0, 0.0, 31.80629099]",36.0,0.04187803611111111,local
223_17,slab,-179.32459233,7821.09,True,"[3.1213278, 0.0, 0.0, 0.0, 11.86503081, -3.1213278, 0.0, 0.0, 28.09195021]",32.0,1.78125e-07,local
223_6,slab,-112.55317061,5492.581,True,"[5.9325154, 0.0, 0.0, -0.0, 3.1213278, 3.1213278, 0.0, 0.0, 37.45593361]",20.0,0.10936315999999999,local
224_1,slab,-309.60490259,125942.948,True,"[15.42139795, 0.0, 0.0, 0.94895714, 3.70590421, 3.80049304, 0.0, 0.0, 38.00493039]",48.0,4.166666666666667e-09,local
224_26,slab,-231.79269154,37918.704,True,"[3.80049304, 0.0, 0.0, 0.0, 14.9393865, -7.65094653, 0.0, 0.0, 30.60378611]",36.0,0.0,local
224_9,slab,-233.5436865,24647.042,True,"[3.80049304, 0.0, 0.0, 0.0, 14.9393865, -3.82547326, 0.0, 0.0, 30.60378611]",36.0,0.0,local
225_1,slab,-544.26034206,31432.872,True,"[3.85235771, 0.0, -3.85235771, -0.0, 15.43431384, -3.85235771, 0.0, 0.0, 38.52357713]",64.0,2.5e-08,local
226_32,slab,-181.74873287,65172.234,True,"[3.82095258, 0.0, 0.0, 0.0, 15.1550015, -6.48729846, 0.0, 0.0, 30.66054941]",40.0,0.0,local
228_18,slab,-269.38472148,11257.789,True,"[4.80561786, 0.0, -2.77452476, 0.0, 4.41246096, 0.0, 0.0, 0.0, 38.84334668]",24.0,2.083333333333333e-08,local
228_23,slab,-539.21698321,10999.698,True,"[5.54904953, 0.0, 0.0, 5.54904953, 9.61123571, 4.41246096, 0.0, 0.0, 30.8872267]",48.0,0.0,local
228_8,slab,-1064.06993072,69180.72,True,"[9.61123571, 0.0, -11.09809905, -0.0, 8.82492191, -5.54904953, 0.0, 0.0, 44.39239621]",96.0,0.0,local
229_13,slab,-99.46896514,5825.092,True,"[3.12729241, 0.0, 0.0, 0.0, 25.69775904, -3.12729241, 0.0, 0.0, 28.14563169]",32.0,0.0,local
229_17,slab,-49.51502903,10384.315,True,"[3.12729241, 0.0, 0.0, 0.0, 12.84887952, -6.25458482, 0.0, 0.0, 31.2729241]",16.0,0.0,local
230_4,slab,-169.18131948,19268.099,True,"[3.57833782, 0.0, 0.0, 0.0, 7.15667565, -3.57833782, 0.0, 0.0, 32.20504042]",32.0,0.0294047625,local
231_6,slab,-69.59582463,1947.081,True,"[6.4055294, 0.0, 0.0, 0.0, 6.4055294, 0.0, 0.0, 0.0, 32.02764702]",32.0,0.0,local
233_3,slab,-89.25729138,4010.922,True,"[6.57984961, 0.0, -3.2899248, -0.0, 6.57984961, -3.2899248, 0.0, 0.0, 32.89924804]",32.0,0.0,local
235_12,slab,-220.05664416,6289.909,True,"[9.94308591, 0.0, -2.69372935, 2.2338279, 4.14983802, -0.00073623, 0.0, 0.0, 26.92993113]",32.0,0.0,local
235_29,slab,-220.45492246,6451.748,True,"[8.75521643, 0.0, 0.0, 0.0, 4.7128699, -0.00073623, 0.0, 0.0, 26.92993113]",32.0,3.125e-09,local
235_35,slab,-223.25674807,13710.627,True,"[2.69299311, 0.0, 0.0, 5.38745869, 9.4257398, 8.75521643, 0.0, 0.0, 43.77608214]",32.0,0.0,local
235_41,slab,-550.87682402,62637.252,True,"[9.94308591, 0.0, 2.69372935, 4.4676558, 8.29967605, 8.0804518, 0.0, 0.0, 35.00891047]",80.0,0.0,local
236_23,slab,,,False,,,,local
236_3,slab,,,False,,,,local
237_13,slab,-469.08364037,50111.929,True,"[6.33695632, 0.0, 4.44014958, 3.16847816, 8.97485095, 0.0, 0.0, 0.0, 35.5211966]",48.0,6.458333333333333e-08,local
239_0,slab,-105.55163888,2418.794,True,"[3.0822493, 0.0, -3.0822493, 0.0, 3.0822493, -3.0822493, 0.0, 0.0, 46.23373949]",12.0,4.083333333333333e-07,local
241_18,slab,-179.93796547,46099.264,True,"[7.75529251, 0.0, 0.0, 0.0, 16.85938036, -4.8320555, 0.0, 0.0, 33.8243885]",72.0,0.0,local
242_20,slab,-618.94694277,168976.168,True,"[13.46278558, 0.0, -3.31266026, 7.95534541, 7.95709507, 0.0, 0.0, 0.0, 29.81394237]",80.0,0.0,local
242_42,slab,-304.62498012,57214.729,True,"[3.31266026, 0.0, 0.0, -0.0, 11.06985521, 17.33906377, 0.0, 0.0, 48.38575699]",40.0,0.0,local
242_60,slab,-314.11595616,19983.604,True,"[3.31266026, 0.0, 0.0, 0.0, 11.06985521, 2.01523902, 0.0, 0.0, 38.70860559]",40.0,3.5e-07,local
242_98,slab,-623.73983714,68294.28,True,"[13.46278558, 0.0, 0.0, -5.50744017, 7.95709507, 0.0, 0.0, 0.0, 29.81394237]",80.0,0.0,local
244_18,slab,-412.0072267,28063.286,True,"[10.17493019, 0.0, -5.08746509, -0.0, 10.17493019, -5.08746509, 0.0, 0.0, 35.61225566]",96.0,0.0,local
246_18,slab,,,False,,,,local
246_21,slab,-318.99109024,100139.005,True,"[4.75843734, 0.0, 0.0, 0.0, 9.51687468, -4.75843734, 0.0, 0.0, 33.30906139]",48.0,1.170281675,local
246_6,slab,-426.33940496,124601.203,True,"[4.75843734, 0.0, -4.75843734, 0.0, 9.51687468, -4.75843734, 0.0, 0.0, 42.82593607]",64.0,1.1512657671875,local
247_1,slab,-144.80874159,9103.411,True,"[3.67238405, 0.0, -6.36075575, -0.0, 5.21596851, -4.24050384, 0.0, 0.0, 59.3670537]",30.0,0.0,local
247_20,slab,-144.72889959,3342.677,True,"[4.24050384, 0.0, 0.0, 4.24050384, 7.34476809, 5.21596851, 0.0, 0.0, 36.51177957]",30.0,0.0,local
248_10,slab,-182.29057938,3166.095,True,"[4.73594847, 0.0, 0.0, 0.0, 4.73594847, -4.73594847, 0.0, 0.0, 37.88758773]",24.0,0.0,local
248_14,slab,-729.97970148,49284.97,True,"[9.47189693, 0.0, -4.73594847, -0.0, 9.47189693, -4.73594847, 0.0, 0.0, 33.15163927]",96.0,0.0,local
248_7,slab,-490.17201322,31193.752,True,"[4.73594847, 0.0, -4.73594847, 0.0, 9.47189693, -4.73594847, 0.0, 0.0, 42.6235362]",64.0,0.0,local
249_3,slab,-251.29718366,6776.974,True,"[6.4303695, 0.0, -3.21518475, -0.0, 6.4303695, -3.21518475, 0.0, 0.0, 32.15184749]",32.0,3.125e-09,local
252_14,slab,-153.61744209,7210.099,True,"[3.08105001, 0.0, 0.0, -0.0, 4.44996049, 4.26322553, 0.0, 0.0, 38.36902976]",16.0,0.22779638125,local
255_2,slab,-163.75965507,16088.456,True,"[4.95405684, 0.0, -4.83996814, -0.0, 6.10246974, -4.83996814, 0.0, 0.0, 43.55971327]",32.0,0.0,local
255_40,slab,-123.1047882,7987.007,True,"[4.83996814, 0.0, 0.0, -0.0, 6.10246974, -4.95405684, 0.0, 0.0, 34.67839787]",24.0,0.0,local
256_20,slab,-417.14281033,138896.909,True,"[3.30355492, 0.0, 0.0, 0.0, 23.01897557, -3.30355492, 0.0, 0.0, 29.73199425]",64.0,0.049194246875,local
256_9,slab,-415.95577278,59341.615,True,"[6.60710983, 0.0, -3.30355492, 0.0, 11.50948779, -3.30355492, 0.0, 0.0, 33.03554916]",64.0,0.04803891875,local
258_11,slab,-784.99128582,70928.31,True,"[13.24667006, 0.0, -6.62333503, 0.0, 10.62412858, -6.62333503, 0.0, 0.0, 33.11667515]",96.0,4.895833333333333e-08,local
259_14,slab,-210.54040338,4600.715,True,"[5.97825599, 0.0, 0.0, 0.0, 5.97825599, 0.0, 0.0, 0.0, 29.89127996]",48.0,0.0,local
259_1,slab,-315.34437554,6320.089,True,"[5.97825599, 0.0, -5.97825599, -0.0, 5.97825599, -5.97825599, 0.0, 0.0, 47.82604793]",72.0,6.944444444444444e-09,local
260_6,slab,-408.39165549,123633.532,True,"[14.76253058, 0.0, 0.0, 2.95250612, 5.90501223, 5.59398954, 0.0, 0.0, 39.15792675]",72.0,0.07157597916666666,local
261_22,slab,-294.91913664,70518.35,True,"[5.51023927, 0.0, 0.0, 5.51023927, 9.54401437, 4.4819604, 0.0, 0.0, 31.37372283]",48.0,0.28095673958333334,local
261_23,slab,-295.17160017,24534.805,True,"[5.51023927, 0.0, 0.0, 5.51023927, 9.54401437, 4.4819604, 0.0, 0.0, 31.37372283]",48.0,0.25662259375,local
263_2,slab,-70.21214061,2484.456,True,"[4.24351163, 0.0, 0.0, 0.0, 2.39115178, -4.14159636, 0.0, 0.0, 52.4602206]",16.0,0.0,local
263_3,slab,-123.36274776,12681.642,True,"[4.78230355, 0.0, -5.52212848, -0.0, 4.24351163, -2.76106424, 0.0, 0.0, 46.93809212]",28.0,0.0,local
266_15,slab,,,False,,,,local
266_17,slab,-446.1196646,67157.11,True,"[3.70425397, 0.0, 0.0, 0.0, 37.51596117, -3.70425397, 0.0, 0.0, 29.63403177]",60.0,0.09353825333333333,local
267_10,slab,-60.87130672,1184.601,True,"[4.08102207, 0.0, 0.0, 0.0, 8.2182675, 0.0, 0.0, 0.0, 28.56715452]",24.0,0.0,local
268_0,slab,-380.43659579,79656.913,True,"[7.95545932, 0.0, -7.95545932, -0.0, 7.95545932, -7.95545932, 0.0, 0.0, 55.68821521]",72.0,0.11627112361111111,local
271_14,slab,-432.65516983,159833.026,True,"[4.75007263, 0.0, 0.0, 0.0, 21.04218335, -5.76623326, 0.0, 0.0, 28.83116628]",64.0,0.202624728125,local
271_26,slab,-439.81548805,104113.847,True,"[4.75007263, 0.0, 0.0, -0.0, 11.53246651, 10.52109168, 0.0, 0.0, 42.08436671]",64.0,0.0001819484375,local
274_15,slab,-64.80170112,9303.879,True,"[4.86119242, 0.0, 0.0, 0.0, 10.27245708, -3.11443056, 0.0, 0.0, 31.14430558]",32.0,0.0,local
274_16,slab,-64.36127015,6356.208,True,"[4.86119242, 0.0, 0.0, 0.0, 10.27245708, -3.11443056, 0.0, 0.0, 31.14430558]",32.0,0.0,local
274_19,slab,-64.53584138,29891.754,True,"[6.22886112, 0.0, 4.86119242, 6.22886112, 5.13622854, -0.0, 0.0, 0.0, 43.75073179]",32.0,0.0,local
274_4,slab,-64.11341144,12275.705,True,"[4.86119242, 0.0, -3.11443056, 0.0, 10.27245708, -3.11443056, 0.0, 0.0, 31.14430558]",32.0,0.0,local
275_0,slab,-224.17013174,15602.234,True,"[5.21736058, 0.0, -5.21736058, -0.0, 5.21736058, -5.21736058, 0.0, 0.0, 46.95624526]",32.0,2.421875e-06,local
278_3,slab,-404.82205472,94467.047,True,"[3.23747795, 0.0, -3.23747795, -0.0, 22.71147985, -3.23747795, 0.0, 0.0, 38.84973536]",60.0,1.7616666666666666e-06,local
278_9,slab,-323.81761325,18907.414,True,"[11.35573992, 0.0, 0.0, 0.0, 6.47495589, -3.23747795, 0.0, 0.0, 32.37477947]",48.0,0.0011871041666666666,local
279_5,slab,-144.0254422,67434.272,True,"[13.25326782, 0.0, -6.62663391, -0.0, 13.25326782, -6.62663391, 0.0, 0.0, 33.13316954]",64.0,0.0,local
280_4,slab,-117.08322947,3477.564,True,"[2.78181521, 0.0, 0.0, 0.0, 5.56363042, -2.78181521, 0.0, 0.0, 33.3817825]",20.0,0.0,local
282_14,slab,-207.43119336,6965.995,True,"[10.55325081, 0.0, 0.0, -0.0, 4.58084131, -3.73921811, 0.0, 0.0, 37.39218106]",32.0,0.0,local
282_21,slab,-205.59191309,9184.692,True,"[10.55325081, 0.0, -7.47843621, -0.0, 4.58084131, -3.73921811, 0.0, 0.0, 37.39218106]",32.0,0.0,local
282_9,slab,-412.94628206,85980.562,True,"[21.10650162, 0.0, -3.73921811, 0.0, 4.58084131, -3.73921811, 0.0, 0.0, 37.39218106]",64.0,0.0,local
283_24,slab,-42.5938392,408.941,True,"[3.49527913, 0.0, 0.0, 0.0, 3.49527913, 0.0, 0.0, 0.0, 33.19523576]",8.0,0.2725056625,local
285_63,slab,-313.34532206,115559.689,True,"[3.80746241, 0.0, 0.0, -0.0, 25.43807054, 20.91123866, 0.0, 0.0, 35.19281948]",56.0,0.21877891964285714,local
285_7,slab,-238.72409898,130875.006,True,"[7.0385639, 0.0, 0.0, 6.93633738, 12.71903527, 3.80746241, 0.0, 0.0, 30.45969927]",42.0,0.12815614761904762,local
286_13,slab,-264.0270428,26054.703,True,"[4.13654616, 0.0, 0.0, 0.0, 15.98534052, -4.13654616, 0.0, 0.0, 28.95582315]",36.0,0.049750666666666665,local
286_17,slab,-265.58096325,13695.862,True,"[4.13654616, 0.0, 0.0, 0.0, 15.98534052, 0.0, 0.0, 0.0, 28.95582315]",36.0,0.09037609166666666,local
286_2,slab,-352.72964798,40746.572,True,"[4.13654616, 0.0, -4.13654616, -0.0, 15.98534052, -4.13654616, 0.0, 0.0, 41.36546164]",48.0,0.01234955625,local
288_1,slab,-32.69403812,7945.053,True,"[6.33541533, 0.0, -4.62096518, -0.0, 8.75532069, -4.62096518, 0.0, 0.0, 36.96772147]",24.0,8.333333333333334e-09,local
288_41,slab,-43.47954116,13085.336,True,"[7.8416074, 0.0, 0.0, 5.44615871, 7.46676853, 8.75532069, 0.0, 0.0, 43.77660346]",32.0,0.0,local
289_14,slab,-216.93870371,25580.989,True,"[10.29429489, 0.0, -5.0480462, 0.0, 6.22217478, -5.0480462, 0.0, 0.0, 40.38436963]",48.0,0.0,local
289_42,slab,-108.8160968,6363.397,True,"[5.0480462, 0.0, 0.0, -0.0, 6.22217478, -5.14714745, 0.0, 0.0, 36.03003213]",24.0,0.0,local
290_0,slab,-69.21743202,2610.668,True,"[3.70483082, 0.0, -3.70483082, 0.0, 3.70483082, -3.70483082, 0.0, 0.0, 48.16280067]",20.0,0.0,local
295_5,slab,-387.88937294,55374.4,True,"[13.75649085, 0.0, 0.0, 0.0, 4.82394611, -5.57021318, 0.0, 0.0, 41.77659882]",72.0,9.166666666666667e-08,local
296_13,slab,-81.48964878,945.514,True,"[3.94721214, 0.0, -2.27892399, 0.0, 3.459239, 0.0, 0.0, 0.0, 31.90493589]",18.0,1.1277777777777776e-06,local
296_14,slab,-80.45005826,1483.181,True,"[3.94721214, 0.0, -2.27892399, 0.0, 3.459239, 0.0, 0.0, 0.0, 31.90493589]",18.0,6.111111111111111e-08,local
296_16,slab,-216.57622223,7427.608,True,"[4.55784798, 0.0, 0.0, 4.55784798, 7.89442428, 3.459239, 0.0, 0.0, 31.133151]",48.0,0.0,local
297_10,slab,-55.1687187,2077.387,True,"[3.7646464, 0.0, 0.0, 0.0, 8.18513787, 0.0, 0.0, 0.0, 26.35252483]",24.0,4.166666666666667e-09,local
298_34,slab,-414.44672903,142840.799,True,"[3.65460555, 0.0, 0.0, 0.0, 17.86333133, -22.39396631, 0.0, 0.0, 60.63255853]",72.0,0.04941865972222222,local
298_69,slab,,,False,,,,local
299_13,slab,-343.93287039,21806.219,True,"[8.40645402, 0.0, 0.0, -0.0, 8.40645402, 3.9365104, 0.0, 0.0, 31.4920832]",54.0,0.0,local
300_0,slab,-37.30704511,979.18,True,"[3.80127491, 0.0, -3.80127491, 0.0, 3.80127491, -3.80127491, 0.0, 0.0, 45.61529887]",10.0,0.13141369,local
304_57,slab,-476.65524244,114209.592,True,"[5.49847632, 0.0, 0.0, 0.0, 13.68043222, -9.45579846, 0.0, 0.0, 37.82319383]",80.0,8.749999999999999e-09,local
305_7,slab,-238.04892325,74487.561,True,"[14.30269355, 0.0, -4.57890509, -0.0, 8.41544838, -4.57890509, 0.0, 0.0, 32.05233563]",72.0,0.0,local
306_0,slab,-46.24486315,3134.946,True,"[2.73116253, 0.0, -2.73116253, -0.0, 3.24878766, -2.73116253, 0.0, 0.0, 46.42976309]",14.0,0.0,local
310_3,slab,-532.6998065,34494.096,True,"[7.87932987, 0.0, -3.93966493, -0.0, 7.87932987, -3.93966493, 0.0, 0.0, 35.4569844]",64.0,2.03125e-08,local
311_3,slab,-467.51210617,30861.885,True,"[6.02614633, 0.0, 0.0, 0.0, 6.02614633, -6.02614633, 0.0, 0.0, 42.18302433]",48.0,4.2708333333333336e-07,local
313_23,slab,-687.41535355,47110.471,True,"[6.23125415, 0.0, 0.0, -0.0, 12.46250829, 4.8612633, 0.0, 0.0, 34.02884308]",72.0,1.3888888888888888e-09,local
315_3,slab,,,False,,,,local
318_23,slab,-632.85371182,25163.121,True,"[6.57647276, 0.0, 0.0, -0.0, 13.15294553, 5.18555449, 0.0, 0.0, 36.2988814]",72.0,0.000466125,local
318_6,slab,-626.90775013,50452.505,True,"[14.70544015, 0.0, 0.0, 2.94108803, 5.88217606, 5.18555449, 0.0, 0.0, 36.2988814]",72.0,8.360277777777779e-05,local
319_0,slab,-200.64729071,7155.616,True,"[10.69616413, 0.0, 0.0, 1.4943426, 3.70819011, 3.66600701, 0.0, 0.0, 36.66007007]",32.0,3.125e-09,local
319_19,slab,-409.47028647,20989.163,True,"[12.74202214, 0.0, 0.0, 5.01764432, 6.22560684, 3.66600701, 0.0, 0.0, 32.99406306]",64.0,7.8125e-09,local
319_32,slab,-151.41151606,2777.71,True,"[3.9979662, 0.0, 0.0, -0.0, 9.9208968, 3.66600701, 0.0, 0.0, 29.32805605]",24.0,2.9166666666666666e-08,local
319_3,slab,-408.70747461,21467.6,True,"[9.9208968, 0.0, -3.9979662, -0.0, 7.33201401, -3.9979662, 0.0, 0.0, 35.98169581]",64.0,1.5625e-09,local
320_6,slab,-73.88203981,4047.153,True,"[6.19936042, 0.0, 0.0, 0.0, 6.19936042, 0.0, 0.0, 0.0, 30.99680212]",24.0,8.333333333333334e-09,local
321_0,slab,-51.7093149,2729.517,True,"[3.14398381, 0.0, -3.14398381, -0.0, 3.14398381, -3.14398381, 0.0, 0.0, 47.15975715]",12.0,0.07073994166666667,local
322_13,slab,-143.73509655,10054.419,True,"[3.75035213, 0.0, 0.0, 0.0, 18.49789069, -3.75035213, 0.0, 0.0, 30.00281704]",36.0,2.222222222222222e-08,local
322_7,slab,-390.07435433,81033.743,True,"[7.50070426, 0.0, -3.75035213, 0.0, 18.49789069, -3.75035213, 0.0, 0.0, 33.75316918]",96.0,2.0833333333333334e-09,local
323_16,slab,,,False,,,,local
323_8,slab,-175.22298866,2420.336,True,"[4.67237082, 0.0, 0.0, 0.0, 4.48032499, 0.0, 0.0, 0.0, 29.08535955]",16.0,4.375e-08,local
325_10,slab,,,False,,,,local
325_80,slab,-601.8240891,96172.325,True,"[8.91429312, 0.0, 0.0, -7.39221712, 12.86102305, -3.22129841, 0.0, 0.0, 28.99168571]",96.0,0.13430959895833333,local
325_81,slab,-300.7130672,37106.981,True,"[8.91429312, 0.0, 0.0, -3.69610856, 6.43051152, 0.0, 0.0, 0.0, 28.99168571]",48.0,0.19575889999999999,local
326_2,slab,-147.92150548,4558.827,True,"[6.21157725, 0.0, 0.0, 0.0, 6.21157725, -6.21157725, 0.0, 0.0, 43.48104074]",24.0,0.0,local
329_0,slab,-268.14051754,20801.439,True,"[8.12471678, 0.0, 0.0, 4.06235839, 4.06235839, 3.55651605, 0.0, 0.0, 35.56516052]",40.0,1.25e-08,local
329_15,slab,-266.44222203,24795.959,True,"[3.55651605, 0.0, 0.0, 0.0, 11.49008465, -5.74504233, 0.0, 0.0, 28.72521164]",40.0,0.01060354,local
329_1,slab,-268.23656595,19532.979,True,"[8.12471678, 0.0, 0.0, 4.06235839, 4.06235839, 3.55651605, 0.0, 0.0, 35.56516052]",40.0,5e-09,local
329_21,slab,-406.54854515,66500.995,True,"[5.74504233, 0.0, 0.0, -0.0, 7.1130321, -5.74504233, 0.0, 0.0, 40.21529629]",60.0,3.3333333333333334e-08,local
330_17,slab,-260.75099933,6282.51,True,"[4.80209413, 0.0, -2.77249034, 0.0, 4.399249, 0.0, 0.0, 0.0, 38.81486472]",24.0,6.666666666666667e-08,local
330_3,slab,-686.48408796,86173.945,True,"[14.67063989, 0.0, 0.0, 4.1916114, 3.63004195, 4.399249, 0.0, 0.0, 43.99249004]",64.0,6.25e-09,local
330_4,slab,-686.98372085,56542.592,True,"[14.67063989, 0.0, 0.0, 4.1916114, 3.63004195, 4.399249, 0.0, 0.0, 43.99249004]",64.0,6.25e-09,local
331_2,slab,-209.97249821,28535.629,True,"[16.55679968, 0.0, -3.35328783, 0.0, 5.14446868, -3.35328783, 0.0, 0.0, 33.53287832]",48.0,0.12598569166666665,local
331_41,slab,-160.91639473,22022.562,True,"[3.35328783, 0.0, 0.0, -0.0, 16.55679968, 5.14446868, 0.0, 0.0, 36.01128074]",36.0,0.007150116666666668,local
331_43,slab,-159.4522423,24602.262,True,"[3.35328783, 0.0, 0.0, -0.0, 16.55679968, 10.28893735, 0.0, 0.0, 36.01128074]",36.0,0.050992436111111115,local
332_20,slab,-222.97874867,8736.826,True,"[3.86551776, 0.0, -2.89768583, 0.0, 8.49563574, -5.79537167, 0.0, 0.0, 37.66991583]",30.0,0.0,local
332_3,slab,-452.40993615,37369.281,True,"[3.86551776, 0.0, -2.89768583, 0.0, 16.99127149, -2.89768583, 0.0, 0.0, 34.77223]",60.0,0.0,local
333_14,slab,-307.99745097,31988.736,True,"[3.83442032, 0.0, 0.0, 0.0, 21.13159504, -4.28012711, 0.0, 0.0, 29.9608898]",48.0,0.0162087,local
333_1,slab,-208.44538008,4957.287,True,"[11.3998055, 0.0, 0.0, 1.60700006, 3.96699369, 3.83442032, 0.0, 0.0, 38.34420321]",32.0,4.0625e-08,local
333_23,slab,-205.19874317,40948.957,True,"[13.59830981, 0.0, 0.0, 2.69437722, 3.32563069, 3.83442032, 0.0, 0.0, 38.34420321]",32.0,0.0,local
333_5,slab,-305.39266547,19402.973,True,"[10.56579752, 0.0, -4.28012711, -0.0, 7.66884064, -4.28012711, 0.0, 0.0, 34.24101692]",48.0,2.0833333333333334e-09,local
334_14,slab,-156.34894661,95823.778,True,"[5.5529884, 0.0, 0.0, 0.0, 20.36842922, -5.00851649, 0.0, 0.0, 35.05961544]",60.0,0.0,local
336_2,slab,-45.31869816,727.004,True,"[3.43903054, 0.0, 0.0, 0.0, 3.43903054, -3.43903054, 0.0, 0.0, 41.26836652]",10.0,1.24e-06,local
336_5,slab,-26.68606834,264.54,True,"[3.43903054, 0.0, 0.0, 0.0, 3.43903054, 0.0, 0.0, 0.0, 27.51224435]",6.0,2.7783333333333336e-05,local
337_6,slab,-372.74281005,4782.6,True,"[6.49923067, 0.0, 0.0, 0.0, 6.49923067, 0.0, 0.0, 0.0, 32.49615334]",32.0,1.290625e-06,local
339_21,slab,,,False,,,,local
339_33,slab,-158.38627711,26389.302,True,"[4.32578456, 0.0, 0.0, -0.0, 12.55272932, 8.83908064, 0.0, 0.0, 40.44789437]",36.0,0.0,local
339_36,slab,-155.56575771,24481.635,True,"[4.32578456, 0.0, 0.0, -0.0, 12.55272932, 14.61735127, 0.0, 0.0, 40.44789437]",36.0,0.0,local
339_64,slab,-210.80566111,34958.743,True,"[4.32578456, 0.0, 0.0, -0.0, 25.10545865, 11.89989066, 0.0, 0.0, 28.89135312]",48.0,0.0,local
340_17,slab,-78.45405823,7621.689,True,"[6.98031097, 0.0, 0.0, -0.0, 5.11689113, 4.03008442, 0.0, 0.0, 36.27075974]",24.0,0.0,local
341_11,slab,-47.57582713,3268.233,True,"[3.37085145, 0.0, -1.94616199, -0.0, 5.31077975, -3.89232398, 0.0, 0.0, 38.92323982]",12.0,0.0,local
341_19,slab,-72.24486295,6479.487,True,"[3.89232398, 0.0, 0.0, 3.89232398, 6.7417029, 5.31077975, 0.0, 0.0, 37.17545824]",18.0,0.0,local
341_8,slab,-238.42892943,66634.508,True,"[6.7417029, 0.0, -7.78464796, -0.0, 10.6215595, -3.89232398, 0.0, 0.0, 46.70788779]",60.0,0.0,local
343_30,slab,-170.00965698,6074.987,True,"[3.30348623, 0.0, 0.0, -0.0, 9.97237608, 4.07945159, 0.0, 0.0, 28.55616113]",24.0,4.166666666666667e-09,local
344_3,slab,-330.77557061,16768.532,True,"[6.33970565, 0.0, -3.16985282, 0.0, 7.50185498, -3.16985282, 0.0, 0.0, 31.69852823]",64.0,0.0,local
345_10,slab,-136.5263898,4854.748,True,"[3.09652671, 0.0, 0.0, 0.0, 14.02984664, -3.09652671, 0.0, 0.0, 27.86874038]",24.0,8.583333333333333e-07,local
345_7,slab,-541.7040145,171315.309,True,"[6.19305342, 0.0, -3.09652671, -0.0, 28.05969328, -3.09652671, 0.0, 0.0, 30.96526709]",96.0,0.049271226041666664,local
350_30,slab,-510.31294488,69483.193,True,"[9.04943674, 0.0, 0.0, 0.0, 10.74749453, -6.51497408, 0.0, 0.0, 32.57487041]",64.0,2.91875e-05,local
350_3,slab,-511.35431074,93707.035,True,"[10.74749453, 0.0, -3.25748704, 0.0, 9.04943674, -3.25748704, 0.0, 0.0, 32.57487041]",64.0,1.2109375e-06,local
351_3,slab,-113.20066513,27357.807,True,"[7.64946027, 0.0, -8.83283589, -0.0, 5.63729348, -4.41641795, 0.0, 0.0, 44.16417946]",32.0,0.0,local
352_13,slab,-122.96159726,1422.174,True,"[3.78487085, 0.0, 0.0, 0.0, 3.78487085, 0.0, 0.0, 0.0, 30.5867448]",16.0,5.59375e-06,local
352_6,slab,-361.25013268,28223.432,True,"[7.6466862, 0.0, 0.0, 0.0, 7.5697417, -3.78487085, 0.0, 0.0, 30.2789668]",48.0,0.08826744166666667,local
353_3,slab,-343.21531103,6040.653,True,"[6.51873947, 0.0, -3.25936973, -0.0, 6.51873947, -3.25936973, 0.0, 0.0, 32.59369735]",32.0,3.125e-08,local
354_8,slab,-594.724869,139205.351,True,"[5.88213287, 0.0, -2.94106644, 0.0, 21.43525384, -2.94106644, 0.0, 0.0, 29.41066436]",96.0,0.12650819375,local
355_6,slab,-116.56447152,2384.063,True,"[6.55478289, 0.0, 0.0, 0.0, 6.55478289, 0.0, 0.0, 0.0, 32.77391447]",24.0,0.0,local
356_17,slab,-284.23178301,123697.573,True,"[5.77408596, 0.0, 5.30936349, 5.77408596, 5.98807485, -0.0, 0.0, 0.0, 47.78427137]",48.0,0.04349265833333333,local
356_3,slab,-354.71488599,171246.872,True,"[5.30936349, 0.0, -2.88704298, -0.0, 11.9761497, -2.88704298, 0.0, 0.0, 34.64451577]",60.0,0.07847852666666667,local
357_0,slab,-81.59341192,21904.925,True,"[3.79210702, 0.0, -3.79210702, -0.0, 8.06879739, -3.79210702, 0.0, 0.0, 37.92107017]",32.0,0.0,local
358_3,slab,-101.83507133,67526.545,True,"[8.39596309, 0.0, -4.19798155, -0.0, 8.71541695, -4.19798155, 0.0, 0.0, 33.58385238]",48.0,0.0,local
360_35,slab,-97.97103813,21785.467,True,"[10.03563793, 0.0, 6.50844382, 5.01781896, 8.46725643, 0.0, 0.0, 0.0, 32.54221909]",32.0,0.0,local
360_46,slab,-49.41073003,2648.014,True,"[5.01781896, 0.0, 0.0, 0.0, 8.46725643, -6.50844382, 0.0, 0.0, 32.54221909]",16.0,0.0,local
360_62,slab,-50.52269537,2923.033,True,"[5.01781896, 0.0, 0.0, 0.0, 6.50844382, 0.0, 0.0, 0.0, 33.8690257]",16.0,0.0,local
361_11,slab,-366.79405035,43924.598,True,"[8.78847696, 0.0, 0.0, 0.0, 9.51458892, -2.77274618, 0.0, 0.0, 27.72746183]",64.0,0.0,local
361_25,slab,-230.73421324,16912.356,True,"[4.75729446, 0.0, -2.77274618, 0.0, 8.78847696, -5.54549237, 0.0, 0.0, 36.04570038]",40.0,0.0,local
361_4,slab,-229.42372082,17691.518,True,"[8.78847696, 0.0, 0.0, 0.0, 4.75729446, -2.77274618, 0.0, 0.0, 33.27295419]",40.0,0.0,local
362_1,slab,-292.10547486,63126.056,True,"[10.34427065, 0.0, 3.67139979, 14.5593798, 7.2814055, 0.0, 0.0, 0.0, 36.71399791]",48.0,0.0,local
362_92,slab,-144.13723071,11026.572,True,"[8.95243903, 0.0, -5.18244833, 0.0, 3.67139979, 0.0, 0.0, 0.0, 42.06721146]",24.0,0.25114071666666665,local
363_0,slab,-263.04993721,66462.292,True,"[9.86623141, 0.0, 0.0, 4.93311571, 2.84813568, 4.64815271, 0.0, 0.0, 55.77783258]",40.0,0.1649232625,local
363_16,slab,-318.45611965,31380.534,True,"[4.93311571, 0.0, -2.84813568, 0.0, 9.29630543, -5.69627136, 0.0, 0.0, 39.87389953]",48.0,0.0943997875,local
368_2,slab,-76.07224115,1003.322,True,"[3.72323538, 0.0, 0.0, 0.0, 2.68919234, -2.68919234, 0.0, 0.0, 37.64869279]",12.0,1.17514955,local
372_10,slab,-462.49305276,128434.66,True,"[3.91188971, 0.0, 0.0, 0.0, 16.76223466, -8.38111733, 0.0, 0.0, 41.90558664]",72.0,0.006564561111111112,local
372_3,slab,-573.37191682,77163.891,True,"[11.85268979, 0.0, 0.0, 5.9263449, 5.9263449, 7.82377942, 0.0, 0.0, 46.94267653]",90.0,0.0,local
374_2,slab,-61.49258786,6851.939,True,"[4.70122858, 0.0, 0.0, 0.0, 4.96498527, -8.59960674, 0.0, 0.0, 57.33071161]",24.0,0.0,local
374_3,slab,-123.1627761,24564.128,True,"[15.16828054, 0.0, 0.0, 4.33379444, 3.75317608, 4.70122858, 0.0, 0.0, 47.01228585]",48.0,0.0,local
376_27,slab,-38.32715429,1110.059,True,"[6.74671736, 0.0, 0.0, 0.0, 8.78114534, 0.0, 0.0, 0.0, 25.04960217]",16.0,1.25e-08,local
376_33,slab,-75.98803072,7473.151,True,"[10.01984087, 0.0, 6.74671736, 5.00992043, 8.78114534, 0.0, 0.0, 0.0, 33.73358682]",32.0,8.4375e-08,local
376_50,slab,-77.77431411,9507.714,True,"[5.00992043, 0.0, 0.0, 0.0, 17.56229068, -6.74671736, 0.0, 0.0, 33.73358682]",32.0,3.125e-09,local
378_22,slab,-468.71772902,107331.473,True,"[3.36621624, 0.0, -1.94348585, -0.0, 41.08978732, 3.88697171, 0.0, 0.0, 31.09577365]",72.0,0.3088874833333333,local
378_4,slab,,,False,,,,local
379_2,slab,-177.17736353,13857.451,True,"[4.96130567, 0.0, 0.0, 0.0, 4.96130567, -4.96130567, 0.0, 0.0, 39.69044538]",24.0,0.06973488333333333,local
380_24,slab,-399.4687429,103099.098,True,"[11.84312635, 0.0, -6.56044841, 10.09524923, 7.43082767, 0.0, 0.0, 0.0, 39.36269047]",60.0,0.08415006,local
381_33,slab,-206.91041983,8750.843,True,"[6.52235247, 0.0, 0.0, 3.26117624, 5.64852293, 3.52348239, 0.0, 0.0, 35.23482386]",36.0,0.0,local
381_3,slab,-260.0589147,20142.531,True,"[11.29704586, 0.0, 0.0, 5.64852293, 3.26117624, 3.52348239, 0.0, 0.0, 42.28178863]",45.0,0.0,local
382_7,slab,-235.02399539,102494.56,True,"[10.25805591, 0.0, -11.84498268, -0.0, 8.78145838, -5.92249134, 0.0, 0.0, 47.37993073]",96.0,2.0833333333333334e-09,local
382_8,slab,-235.31371073,112060.15,True,"[10.25805591, 0.0, -11.84498268, -0.0, 8.78145838, -5.92249134, 0.0, 0.0, 47.37993073]",96.0,0.0,local
383_3,slab,-221.82193642,27459.907,True,"[5.16089009, 0.0, 0.0, 0.0, 5.16089009, -5.16089009, 0.0, 0.0, 41.28712073]",24.0,0.02351045833333333,local
384_0,slab,-169.2240959,3364.223,True,"[3.31142733, 0.0, -3.31142733, -0.0, 6.09387921, -3.31142733, 0.0, 0.0, 39.737128]",20.0,3e-08,local
384_20,slab,-202.80640089,9873.979,True,"[4.68306545, 0.0, 0.0, 4.68306545, 4.68306545, 6.09387921, 0.0, 0.0, 48.7510337]",24.0,0.0,local
386_35,slab,-346.97691648,24441.823,True,"[9.06838201, 0.0, 5.58437572, 4.534191, 7.04707524, 0.0, 0.0, 0.0, 39.09063005]",48.0,0.0,local
386_58,slab,-116.71418062,2524.994,True,"[4.534191, 0.0, 0.0, 0.0, 5.58437572, 0.0, 0.0, 0.0, 35.2353762]",16.0,1.25e-08,local
388_0,slab,-148.99334957,9168.48,True,"[4.62991858, 0.0, -2.77675161, 0.0, 4.87648666, -2.77675161, 0.0, 0.0, 36.09777088]",20.0,6.5e-08,local
388_10,slab,-479.24894893,69511.999,True,"[9.25983716, 0.0, -2.77675161, -0.0, 9.75297331, -2.77675161, 0.0, 0.0, 27.76751606]",64.0,0.09004798125,local
388_35,slab,-181.76248731,9021.219,True,"[2.77675161, 0.0, 0.0, 0.0, 9.75297331, -4.62991858, 0.0, 0.0, 32.40943007]",24.0,0.12537559166666667,local
389_1,slab,-509.21796234,101357.998,True,"[4.32240078, 0.0, -7.48661776, -0.0, 8.04646745, -4.99107851, 0.0, 0.0, 59.89294209]",80.0,1.4536908800000001,local
389_23,slab,-304.99903525,17266.165,True,"[4.99107851, 0.0, 0.0, 4.99107851, 8.64480156, 4.02323372, 0.0, 0.0, 32.18586979]",48.0,1.4623504604166666,local
389_5,slab,-404.24112783,38000.873,True,"[13.20515251, 0.0, 0.0, 3.77290072, 3.26742787, 4.02323372, 0.0, 0.0, 40.23233724]",64.0,1.450525490625,local
390_2,slab,-233.74870354,8510.61,True,"[5.63213295, 0.0, -5.63213295, -0.0, 5.63213295, -5.63213295, 0.0, 0.0, 50.68919656]",32.0,1.5625e-08,local
391_4,slab,-181.09401995,11063.909,True,"[3.50637113, 0.0, 0.0, 0.0, 7.01274227, -3.50637113, 0.0, 0.0, 31.5573402]",32.0,1.39375e-06,local
392_26,slab,,,False,,,,local
392_51,slab,-129.27381211,8538.291,True,"[3.2922616, 0.0, 0.0, 0.0, 8.91432078, 0.0, 0.0, 0.0, 32.60661969]",16.0,0.12124660625,local
394_1,slab,-484.88649534,100748.391,True,"[5.61919788, 0.0, -9.73273623, -0.0, 10.28219155, -6.48849082, 0.0, 0.0, 58.3964174]",64.0,0.011300096875,local
394_24,slab,-120.81955067,1465.948,True,"[6.48849082, 0.0, 0.0, -3.24424541, 5.61919788, 0.0, 0.0, 0.0, 25.70547887]",16.0,0.11933391875,local
394_4,slab,-486.43376669,83775.723,True,"[17.1669331, 0.0, 0.0, 4.90483803, 4.24771433, 5.14109577, 0.0, 0.0, 46.26986196]",64.0,1.435e-05,local
395_7,slab,-400.20776025,64802.506,True,"[5.01098643, 0.0, 0.0, 0.0, 10.02197287, -5.01098643, 0.0, 0.0, 35.07690504]",48.0,0.0061357708333333325,local
396_10,slab,-189.19157861,7696.008,True,"[3.06601396, 0.0, 0.0, 0.0, 9.84419497, -3.06601396, 0.0, 0.0, 30.66013964]",24.0,8.333333333333334e-09,local
397_16,slab,-217.3274137,15373.198,True,"[3.97392982, 0.0, -2.29434945, 0.0, 7.27476038, -4.58869891, 0.0, 0.0, 36.70959125]",48.0,0.043398614583333335,local
398_13,slab,-143.09767333,17384.159,True,"[4.39011197, 0.0, 0.0, 0.0, 10.20511335, -11.78384988, 0.0, 0.0, 41.24347459]",48.0,6.25e-09,local
399_19,slab,-174.97092245,6891.609,True,"[4.67777579, 0.0, -2.70071511, 0.0, 4.32376124, 0.0, 0.0, 0.0, 37.81001156]",24.0,0.9248742041666667,local
399_22,slab,-346.83756007,38310.309,True,"[5.40143022, 0.0, 0.0, 5.40143022, 9.35555158, 4.32376124, 0.0, 0.0, 30.26632867]",48.0,0.9955924500000001,local
402_0,slab,-194.47529728,38795.226,True,"[4.11803028, 0.0, -7.13263768, -0.0, 5.63994345, -4.75509179, 0.0, 0.0, 57.06110144]",30.0,0.11870526333333334,local
402_8,slab,-314.99980249,57253.633,True,"[5.63994345, 0.0, 0.0, 0.0, 8.23606057, -9.51018357, 0.0, 0.0, 42.79582608]",48.0,0.0069290666666666665,local
403_1,slab,-193.83519905,5930.206,True,"[3.09123958, 0.0, -3.09123958, 0.0, 6.18247916, -3.09123958, 0.0, 0.0, 40.18611452]",20.0,5e-09,local
406_17,slab,-35.13575509,8500.339,True,"[6.10562367, 0.0, -3.52508347, -0.0, 11.35629955, -7.05016693, 0.0, 0.0, 35.25083467]",32.0,0.0,local
406_19,slab,-17.9123123,1122.968,True,"[6.10562367, 0.0, -3.52508347, 0.0, 5.67814977, 0.0, 0.0, 0.0, 35.25083467]",16.0,0.0,local
406_6,slab,-53.53774325,20468.271,True,"[18.65298841, 0.0, 0.0, 5.32942526, 4.61541766, 5.67814977, 0.0, 0.0, 45.42519819]",48.0,0.0,local
408_16,slab,-46.12131515,10270.179,True,"[7.51145219, 0.0, 0.0, 0.0, 8.56661331, -5.0084741, 0.0, 0.0, 35.05931867]",36.0,2.7777777777777776e-09,local
408_30,slab,-61.44194824,41836.335,True,"[9.0281076, 0.0, 0.0, 5.55704781, 8.33417487, 8.56661331, 0.0, 0.0, 42.83306657]",48.0,0.0,local
408_32,slab,-61.33583386,61122.139,True,"[9.0281076, 0.0, 0.0, 5.55704781, 8.33417487, 8.56661331, 0.0, 0.0, 42.83306657]",48.0,0.0,local
409_2,slab,-12.05376465,431.945,True,"[3.85216336, 0.0, 0.0, 0.0, 3.85216336, -3.85216336, 0.0, 0.0, 38.52163356]",8.0,1e-07,local
412_10,slab,-633.75907582,68417.582,True,"[9.65324505, 0.0, -11.14660726, 0.0, 10.0890012, -5.57330363, 0.0, 0.0, 44.58642903]",72.0,2.6043055555555556e-05,local
412_15,slab,-318.5379701,34486.466,True,"[5.0445006, 0.0, 0.0, 0.0, 9.65324505, -11.14660726, 0.0, 0.0, 44.58642903]",36.0,0.016774227777777775,local
415_18,slab,-343.95578369,13455.399,True,"[3.99737964, 0.0, -3.99737964, -0.0, 17.2051182, -7.99475928, 0.0, 0.0, 39.9737964]",64.0,0.0,local
416_19,slab,-227.16226257,21553.636,True,"[6.02418977, 0.0, 5.48449373, 3.01209488, 6.24169364, 0.0, 0.0, 0.0, 38.39145612]",36.0,0.0,local
416_20,slab,-227.06487707,9990.901,True,"[6.02418977, 0.0, 5.48449373, 3.01209488, 6.24169364, 0.0, 0.0, 0.0, 38.39145612]",36.0,0.0,local
417_11,slab,-203.67784439,11876.313,True,"[3.76862771, 0.0, -3.76862771, -0.0, 8.31208452, -7.53725542, 0.0, 0.0, 45.2235325]",40.0,0.1427323675,local
418_25,slab,-192.40845224,15068.266,True,"[6.51560397, 0.0, 0.0, -0.0, 6.61867858, 5.74185489, 0.0, 0.0, 40.19298424]",36.0,0.36660101666666667,local
418_35,slab,-126.50313453,14183.858,True,"[3.30933929, 0.0, 0.0, 0.0, 13.03120794, -5.74185489, 0.0, 0.0, 28.70927445]",24.0,0.3759394166666667,local
418_40,slab,-63.01167106,2402.248,True,"[3.30933929, 0.0, 0.0, 0.0, 5.74185489, 0.0, 0.0, 0.0, 32.57801985]",12.0,0.4140320083333333,local
420_26,slab,-182.84765638,8313.585,True,"[3.95618934, 0.0, -2.28410698, 0.0, 6.36373823, 0.0, 0.0, 0.0, 31.97749772]",27.0,0.04285514074074074,local
420_6,slab,-486.5550337,157730.727,True,"[7.91237868, 0.0, -9.13642792, -0.0, 6.36373823, -4.56821396, 0.0, 0.0, 45.6821396]",72.0,0.02110187638888889,local
422_33,slab,-245.89820322,15834.671,True,"[4.77850085, 0.0, 0.0, -0.0, 8.77899947, -8.27085585, 0.0, 0.0, 41.35427924]",48.0,2.083333333333333e-08,local
422_9,slab,-366.97720898,67030.13,True,"[8.77899947, 0.0, 0.0, 0.0, 8.27085585, -4.77850085, 0.0, 0.0, 33.44950593]",72.0,1.3888888888888888e-09,local
423_15,slab,-382.5061108,56740.735,True,"[5.84313504, 0.0, 0.0, 0.0, 10.56483494, -3.48727454, 0.0, 0.0, 31.38547082]",64.0,0.0490405703125,local
423_34,slab,-286.79954094,45605.518,True,"[6.32969336, 0.0, 0.0, 3.84255066, 5.82057894, 5.84313504, 0.0, 0.0, 40.90194528]",48.0,0.026144072916666667,local
423_47,slab,-190.16914494,7802.217,True,"[3.48727454, 0.0, 0.0, -0.0, 10.56483494, 5.84313504, 0.0, 0.0, 29.2156752]",32.0,0.02270745625,local
424_1,slab,-76.32306639,16401.538,True,"[10.49870454, 0.0, 0.0, 5.24935227, 5.24935227, 5.63938724, 0.0, 0.0, 39.47571069]",36.0,0.0,local
425_20,slab,-317.1365193,20571.047,True,"[5.0299144, 0.0, 0.0, 0.0, 8.93212672, -4.2391416, 0.0, 0.0, 29.67399122]",48.0,0.0007077791666666666,local
425_35,slab,-318.29545873,14777.888,True,"[5.0299144, 0.0, 0.0, -0.0, 8.47828321, 4.46606336, 0.0, 0.0, 31.26244353]",48.0,2.0833333333333334e-09,local
425_3,slab,-209.72610206,21690.876,True,"[4.46606336, 0.0, -4.2391416, -0.0, 5.0299144, -4.2391416, 0.0, 0.0, 42.39141603]",32.0,1.0625e-07,local
425_7,slab,-421.52205615,82035.885,True,"[4.46606336, 0.0, -4.2391416, -0.0, 10.05982879, -4.2391416, 0.0, 0.0, 42.39141603]",64.0,2.1875e-08,local
426_3,slab,-439.72069622,26059.434,True,"[8.00673088, 0.0, -4.00336544, -0.0, 8.00673088, -4.00336544, 0.0, 0.0, 36.03028894]",64.0,0.0,local
427_10,slab,-292.45454237,18851.953,True,"[16.65333101, 0.0, 0.0, 4.75809457, 4.12063078, 4.59102487, 0.0, 0.0, 41.31922379]",64.0,0.0,local
427_1,slab,-144.94664249,5554.295,True,"[10.90216428, 0.0, 0.0, 5.45108214, 3.14718374, 4.59102487, 0.0, 0.0, 45.91024865]",32.0,0.0,local
427_23,slab,-109.39453992,2707.413,True,"[6.29436748, 0.0, 0.0, 3.14718374, 5.45108214, 4.59102487, 0.0, 0.0, 36.72819892]",24.0,0.0,local
428_17,slab,-294.24779252,14435.461,True,"[3.3627423, 0.0, 0.0, 0.0, 13.02129731, -6.51064865, 0.0, 0.0, 32.55324327]",40.0,1.375e-07,local
429_16,slab,-320.14621467,33432.379,True,"[6.33142506, 0.0, 0.0, 0.0, 11.21079036, -3.61922223, 0.0, 0.0, 28.95377787]",48.0,0.0,local
429_36,slab,-323.24945276,42913.811,True,"[6.67227283, 0.0, 0.0, 3.92632913, 6.08103757, 6.33142506, 0.0, 0.0, 44.31997541]",48.0,0.0,local
429_48,slab,-106.22788232,6362.363,True,"[3.61922223, 0.0, 0.0, 0.0, 6.33142506, 0.0, 0.0, 0.0, 28.02697591]",16.0,0.0,local
429_8,slab,-214.78302114,13397.648,True,"[6.33142506, 0.0, 0.0, 0.0, 5.60539518, -3.61922223, 0.0, 0.0, 32.57300011]",32.0,0.0,local
432_11,slab,-56.23095552,16476.943,True,"[4.18670961, 0.0, 0.0, 0.0, 30.08981832, -4.18670961, 0.0, 0.0, 29.30696726]",36.0,0.0,local
432_2,slab,-76.55811942,33172.265,True,"[4.18670961, 0.0, 4.18670961, 4.18670961, 30.08981832, 0.0, 0.0, 0.0, 41.86709608]",48.0,6.25e-09,local
438_10,slab,-237.68207055,12818.041,True,"[6.35832611, 0.0, 4.54296716, 3.17916306, 4.48324169, 0.0, 0.0, 0.0, 36.34373727]",24.0,4.166666666666667e-09,local
438_11,slab,-237.97774933,19213.057,True,"[4.48324169, 0.0, 0.0, -0.0, 6.35832611, 4.54296716, 0.0, 0.0, 36.34373727]",24.0,0.09354475,local
439_5,slab,-742.97182292,33734.205,True,"[6.55850591, 0.0, 0.0, 0.0, 13.11701182, -6.55850591, 0.0, 0.0, 32.79252954]",64.0,1.5625e-08,local
440_0,slab,-152.52343532,58968.02,True,"[3.90253375, 0.0, -3.90253375, 0.0, 9.09787658, -3.90253375, 0.0, 0.0, 39.02533747]",32.0,0.0,local
444_4,slab,-389.5483221,15134.004,True,"[4.45456422, 0.0, -2.77465827, -0.0, 9.69267499, -2.77465827, 0.0, 0.0, 33.29589923]",40.0,0.0,local
444_7,slab,-389.24803798,20889.735,True,"[8.90912845, 0.0, -2.77465827, -0.0, 4.84633749, -2.77465827, 0.0, 0.0, 33.29589923]",40.0,0.0,local
445_7,slab,-232.19961566,6011.56,True,"[7.58790067, 0.0, 0.0, 0.0, 7.58790067, 0.0, 0.0, 0.0, 30.35160269]",48.0,0.00011245,local
448_8,slab,-26.75177823,607.08,True,"[2.89870725, 0.0, 0.0, 0.0, 3.57489516, 0.0, 0.0, 0.0, 28.98707249]",8.0,0.0,local
449_17,slab,-165.45661886,4162.906,True,"[2.76913675, 0.0, 0.0, 2.76913675, 4.79628555, 4.39540608, 0.0, 0.0, 39.55865473]",16.0,9.386875e-05,local
449_7,slab,-245.77440231,6075.153,True,"[4.39540608, 0.0, 0.0, 0.0, 4.79628555, -5.5382735, 0.0, 0.0, 41.53705127]",24.0,1.2833333333333335e-06,local
450_12,slab,-327.79291437,76809.199,True,"[3.30026673, 0.0, 0.0, 0.0, 23.45733715, -3.30026673, 0.0, 0.0, 29.70240054]",48.0,0.008327102083333334,local
450_17,slab,-163.47099342,10788.203,True,"[3.30026673, 0.0, 0.0, 0.0, 11.72866857, -6.60053345, 0.0, 0.0, 33.00266727]",24.0,1.6100000000000002e-05,local
451_1,slab,-459.70439335,54040.961,True,"[5.72010512, 0.0, -5.72010512, -0.0, 5.72010512, -5.72010512, 0.0, 0.0, 51.48094609]",64.0,1.5639644515625,local
455_10,slab,-67.92888194,3034.375,True,"[2.54644355, 0.0, -1.47018987, 0.0, 14.29680906, 0.0, 0.0, 0.0, 29.40379738]",24.0,0.0,local
455_12,slab,-68.20234309,3491.37,True,"[2.54644355, 0.0, -1.47018987, -0.0, 14.29680906, 2.94037974, 0.0, 0.0, 29.40379738]",24.0,0.0,local
458_15,slab,-179.32830972,4689.079,True,"[2.77355852, 0.0, -2.77355852, 0.0, 9.86515858, -5.54711704, 0.0, 0.0, 41.6033778]",36.0,2.7777777777777776e-09,local
458_3,slab,-360.43726723,21292.119,True,"[2.77355852, 0.0, -2.77355852, 0.0, 19.73031716, -2.77355852, 0.0, 0.0, 38.82981928]",72.0,0.0,local
458_4,slab,-180.55736641,4019.692,True,"[9.86515858, 0.0, 0.0, 0.0, 2.77355852, -2.77355852, 0.0, 0.0, 38.82981928]",36.0,0.0,local
459_11,slab,-245.40464196,10878.003,True,"[3.9276734, 0.0, -3.9276734, 0.0, 7.88434491, -7.8553468, 0.0, 0.0, 47.13208078]",40.0,0.0013047775,local
459_13,slab,-98.60828662,1333.182,True,"[3.9276734, 0.0, 0.0, 0.0, 3.9276734, 0.0, 0.0, 0.0, 31.53737964]",16.0,8.6e-06,local
459_1,slab,-388.53672511,86924.582,True,"[3.9276734, 0.0, -3.9276734, 0.0, 15.76868982, -3.9276734, 0.0, 0.0, 39.27673398]",64.0,0.1064737984375,local
45_2,slab,-81.59528331,981.997,True,"[3.42981044, 0.0, 0.0, 0.0, 3.42981044, -3.42981044, 0.0, 0.0, 41.15772531]",10.0,1e-08,local
45_4,slab,-129.6346468,4011.691,True,"[3.42981044, 0.0, 0.0, 0.0, 6.85962088, -3.42981044, 0.0, 0.0, 30.86829398]",16.0,0.0,local
460_10,slab,-300.64422702,92456.825,True,"[4.79058881, 0.0, 0.0, 0.0, 10.24271738, -11.82727127, 0.0, 0.0, 41.39544946]",48.0,0.17236446875,local
460_14,slab,-150.00044163,21387.698,True,"[5.91363564, 0.0, 0.0, 2.95681782, 5.12135869, 4.79058881, 0.0, 0.0, 38.32471049]",24.0,0.13716659583333332,local
460_20,slab,-300.19731272,41666.787,True,"[10.24271738, 0.0, 0.0, 0.0, 5.91363564, -4.79058881, 0.0, 0.0, 38.32471049]",48.0,0.25356307083333335,local
460_4,slab,-402.80653075,143465.504,True,"[15.64600924, 0.0, 0.0, 4.47028835, 3.87138328, 4.79058881, 0.0, 0.0, 43.1152993]",64.0,0.1529044671875,local
461_31,slab,-240.73848338,34304.339,True,"[11.75675078, 0.0, 0.0, 3.22584364, 8.0897968, 4.05708215, 0.0, 0.0, 32.4566572]",48.0,1.875e-08,local
461_38,slab,-159.51089084,11513.605,True,"[4.35462052, 0.0, 0.0, -0.0, 10.92055259, 8.1141643, 0.0, 0.0, 36.51373935]",32.0,6.25e-09,local
461_4,slab,-238.83815796,50418.26,True,"[10.92055259, 0.0, -4.35462052, 0.0, 8.1141643, -4.35462052, 0.0, 0.0, 34.83696414]",48.0,1.1458333333333333e-07,local
463_4,slab,-123.7732778,2857.102,True,"[3.87947276, 0.0, 0.0, 0.0, 7.75894551, -3.87947276, 0.0, 0.0, 31.03578205]",24.0,0.0,local
464_24,slab,-147.81444134,4846.062,True,"[2.79528334, 0.0, 0.0, 0.0, 8.35246564, -3.97445983, 0.0, 0.0, 31.79567865]",18.0,0.048767177777777775,local
465_5,slab,-132.0969714,4732.027,True,"[3.57803404, 0.0, 0.0, 0.0, 5.02637506, -2.51318753, 0.0, 0.0, 30.15825037]",20.0,1.70358191,local
466_20,slab,-320.63848915,20216.152,True,"[10.42396088, 0.0, -6.89654254, -0.0, 4.30652599, -3.44827127, 0.0, 0.0, 41.37925523]",40.0,0.0,local
466_26,slab,-384.58546545,18166.525,True,"[10.97950523, 0.0, 0.0, 2.16595821, 6.54758918, 4.30652599, 0.0, 0.0, 34.45220789]",48.0,2.5e-08,local
466_33,slab,-256.254673,9648.243,True,"[3.44827127, 0.0, 0.0, -0.0, 10.42396088, 8.61305197, 0.0, 0.0, 38.75873387]",32.0,0.000165078125,local
466_36,slab,-64.37131369,414.065,True,"[3.44827127, 0.0, 0.0, 0.0, 4.30652599, 0.0, 0.0, 0.0, 31.27188264]",8.0,2.5e-08,local
467_5,slab,-926.51560275,44849.103,True,"[10.59543381, 0.0, -5.2977169, -0.0, 10.59543381, -5.2977169, 0.0, 0.0, 37.08401832]",96.0,6.25e-09,local
468_25,slab,-253.69816824,11610.567,True,"[5.2801324, 0.0, 0.0, 2.93768015, 4.73209421, 4.85673283, 0.0, 0.0, 38.85386264]",24.0,0.0,local
468_41,slab,-130.64428219,1420.026,True,"[2.78490037, 0.0, 0.0, 0.0, 4.48599244, 0.0, 0.0, 0.0, 33.99712981]",12.0,5.833333333333333e-08,local
469_1,slab,-175.08130516,8874.515,True,"[4.43248201, 0.0, -2.75140214, 0.0, 4.8362835, -2.75140214, 0.0, 0.0, 35.76822779]",20.0,0.0,local
469_25,slab,-210.70627725,16281.072,True,"[5.21700206, 0.0, 0.0, 2.90213178, 4.67530598, 4.8362835, 0.0, 0.0, 38.69026798]",24.0,0.0,local
46_6,slab,,,False,,,,local
472_10,slab,,,False,,,,local
472_1,slab,-205.04855589,7941.175,True,"[3.07830483, 0.0, -3.07830483, 0.0, 7.52804798, -3.07830483, 0.0, 0.0, 40.01796284]",30.0,0.03959861333333334,local
473_0,slab,,,False,,,,local
473_23,slab,,,False,,,,local
475_27,slab,-375.44063544,27482.138,True,"[9.8352322, 0.0, 0.0, -0.0, 6.49213385, 4.08074062, 0.0, 0.0, 32.64592493]",48.0,0.0,local
475_36,slab,-128.62070148,3209.227,True,"[3.24606693, 0.0, 0.0, 0.0, 4.08074062, 0.0, 0.0, 0.0, 39.34092881]",16.0,1.125e-07,local
475_7,slab,-252.24309309,5881.485,True,"[4.08074062, 0.0, 0.0, 0.0, 9.8352322, -3.24606693, 0.0, 0.0, 29.21460233]",32.0,0.0,local
475_8,slab,-502.313339,56730.247,True,"[19.67046441, 0.0, -3.24606693, 0.0, 4.08074062, -3.24606693, 0.0, 0.0, 32.46066926]",64.0,0.0,local
477_19,slab,-707.21713835,91088.148,True,"[9.03064146, 0.0, -4.51532073, -0.0, 9.03064146, -4.51532073, 0.0, 0.0, 36.12256585]",96.0,0.7764689947916666,local
477_22,slab,-356.07527601,18815.022,True,"[4.51532073, 0.0, 0.0, 0.0, 9.03064146, -4.51532073, 0.0, 0.0, 31.60724512]",48.0,0.7364220416666667,local
477_2,slab,-235.12211205,5909.928,True,"[4.51532073, 0.0, -4.51532073, -0.0, 4.51532073, -4.51532073, 0.0, 0.0, 45.15320731]",32.0,0.66146599375,local
477_7,slab,-472.77937752,53664.941,True,"[4.51532073, 0.0, -4.51532073, 0.0, 9.03064146, -4.51532073, 0.0, 0.0, 40.63788658]",64.0,0.7043050953125,local
478_6,slab,-97.03012779,3927.658,True,"[2.87156614, 0.0, 0.0, 0.0, 3.8928814, -2.87156614, 0.0, 0.0, 34.45879368]",10.0,0.0,local
481_69,slab,-309.75414527,22357.383,True,"[3.69723781, 0.0, 0.0, -0.0, 17.82517195, 18.86975732, 0.0, 0.0, 41.94311971]",48.0,0.10564982916666667,local
481_78,slab,-315.40570948,21582.151,True,"[10.33913575, 0.0, 0.0, -4.25191663, 7.23119746, -3.69723781, 0.0, 0.0, 33.2751403]",48.0,0.0,local
482_19,slab,-174.20478481,10337.647,True,"[5.54055328, 0.0, 0.0, 0.0, 8.00084444, 0.0, 0.0, 0.0, 27.70276639]",32.0,0.0,local
482_4,slab,-260.87549506,14073.294,True,"[8.00084444, 0.0, 0.0, 0.0, 5.54055328, -5.54055328, 0.0, 0.0, 38.78387294]",48.0,4.166666666666667e-09,local
483_2,slab,-48.92329433,900.94,True,"[2.72598044, 0.0, 0.0, 0.0, 3.67373021, -6.36308738, 0.0, 0.0, 55.14675727]",15.0,0.0,local
483_8,slab,-78.3909294,2397.119,True,"[2.72598044, 0.0, 0.0, 0.0, 7.34746042, -8.4841165, 0.0, 0.0, 42.42058252]",24.0,0.0,local
484_0,slab,-180.84378515,51666.527,True,"[5.19577259, 0.0, -3.34126286, 0.0, 5.63232102, -3.34126286, 0.0, 0.0, 33.4126286]",32.0,0.0,local
484_25,slab,-366.11968023,49846.049,True,"[6.68252572, 0.0, 5.19577259, 6.68252572, 5.63232102, -0.0, 0.0, 0.0, 46.76195333]",64.0,0.0,local
484_51,slab,-276.15806323,14393.278,True,"[3.34126286, 0.0, 0.0, -0.0, 10.39154518, 5.63232102, 0.0, 0.0, 39.42624712]",48.0,0.0,local
485_5,slab,-278.29859507,45399.61,True,"[5.8841432, 0.0, -2.9420716, -0.0, 12.04390918, -2.9420716, 0.0, 0.0, 29.42071599]",48.0,0.2055077,local
487_14,slab,-364.67933144,65508.168,True,"[22.81403115, 0.0, -4.27914429, 0.0, 9.11262138, -4.27914429, 0.0, 0.0, 29.95401004]",96.0,4.166666666666667e-09,local
487_27,slab,-89.7897844,6593.517,True,"[4.55631069, 0.0, 0.0, 0.0, 11.40701558, -8.55828858, 0.0, 0.0, 34.23315433]",24.0,4.166666666666667e-09,local
487_6,slab,-91.31619081,3113.249,True,"[4.55631069, 0.0, 0.0, 0.0, 11.40701558, -4.27914429, 0.0, 0.0, 29.95401004]",24.0,1.25e-08,local
48_10,slab,-274.58223397,53695.991,True,"[5.20443255, 0.0, -5.20443255, 0.0, 10.4088651, -5.20443255, 0.0, 0.0, 41.63546039]",48.0,0.0,local
48_16,slab,-552.83450392,161316.427,True,"[10.4088651, 0.0, -5.20443255, -0.0, 10.4088651, -5.20443255, 0.0, 0.0, 36.43102785]",96.0,0.0,local
48_4,slab,-274.76716314,45856.729,True,"[5.20443255, 0.0, -5.20443255, 0.0, 10.4088651, -5.20443255, 0.0, 0.0, 41.63546039]",48.0,0.0,local
48_8,slab,-274.61607319,50249.873,True,"[5.20443255, 0.0, -5.20443255, 0.0, 10.4088651, -5.20443255, 0.0, 0.0, 41.63546039]",48.0,0.0,local
490_1,slab,-144.72995095,11557.634,True,"[2.87546725, 0.0, -2.87546725, 0.0, 5.7509345, -2.87546725, 0.0, 0.0, 40.25654152]",24.0,0.5761469,local
493_0,slab,-176.70044412,16866.093,True,"[5.81731152, 0.0, -3.75376161, -0.0, 6.17832782, -3.75376161, 0.0, 0.0, 37.53761613]",32.0,0.0,local
493_1,slab,-178.03351638,36802.93,True,"[5.81731152, 0.0, -3.75376161, -0.0, 6.17832782, -3.75376161, 0.0, 0.0, 37.53761613]",32.0,0.0,local
493_40,slab,-268.50154867,47167.268,True,"[5.81731152, 0.0, 0.0, -0.0, 7.50752323, 6.17832782, 0.0, 0.0, 43.24829472]",48.0,0.0,local
497_0,slab,-319.82068922,39748.522,True,"[7.93763792, 0.0, -7.93763792, -0.0, 7.93763792, -7.93763792, 0.0, 0.0, 55.56346541]",72.0,0.0,local
498_23,slab,-646.80659003,66154.205,True,"[9.1511645, 0.0, -6.65936048, 1.58042601, 13.56530761, 0.0, 0.0, 0.0, 33.29680238]",96.0,5.552083333333333e-07,local
498_37,slab,-163.60973136,3836.054,True,"[3.32968024, 0.0, 0.0, 0.0, 6.78265381, -3.78536924, 0.0, 0.0, 36.604658]",24.0,4.166666666666667e-09,local
498_59,slab,,,False,,,,local
49_10,slab,-551.8238671,47291.218,True,"[8.33003704, 0.0, -9.61869825, 0.0, 6.59341879, -4.80934913, 0.0, 0.0, 48.09349127]",72.0,0.0,local
501_12,slab,-313.79596412,14563.437,True,"[5.50716766, 0.0, 0.0, 2.75358383, 4.7693471, 4.36439541, 0.0, 0.0, 39.27955869]",32.0,0.0,local
501_3,slab,-623.09123347,51490.18,True,"[14.57059606, 0.0, 0.0, 4.16302745, 3.60528752, 4.36439541, 0.0, 0.0, 43.6439541]",64.0,0.0,local
502_33,slab,-193.70201366,20244.113,True,"[4.09898347, 0.0, 0.0, -0.0, 11.89165676, 8.47404719, 0.0, 0.0, 36.87089771]",42.0,0.0,local
502_37,slab,-191.20941587,47023.806,True,"[4.09898347, 0.0, 0.0, -0.0, 11.89165676, 13.74131829, 0.0, 0.0, 42.13816881]",42.0,0.0,local
502_47,slab,-126.51578575,16085.541,True,"[4.09898347, 0.0, 0.0, 0.0, 11.89165676, 2.06049502, 0.0, 0.0, 26.33635551]",28.0,0.0,local
502_4,slab,-381.37946688,148758.082,True,"[12.31644889, 0.0, 4.09898347, 15.05927828, 10.17120771, 0.0, 0.0, 0.0, 32.79186775]",84.0,0.0,local
503_19,slab,-185.98278363,34609.1,True,"[7.31973502, 0.0, 0.0, 0.0, 16.57600061, -4.69415533, 0.0, 0.0, 32.85908731]",72.0,1.3888888888888888e-09,local
503_2,slab,-91.91689851,14877.456,True,"[7.31973502, 0.0, -4.69415533, -0.0, 8.28800031, -4.69415533, 0.0, 0.0, 37.55324264]",36.0,0.0,local
505_26,slab,-76.94671435,4432.56,True,"[6.88656048, 0.0, 0.0, 0.0, 6.8993911, 0.08294772, 0.0, 0.0, 29.43171956]",24.0,0.0,local
505_9,slab,-117.47600211,21386.362,True,"[9.74814407, 0.0, -5.80339619, 4.88314465, 4.87406359, 0.08294772, 0.0, 0.0, 41.20440738]",36.0,0.0,local
506_2,slab,-306.37255114,35719.462,True,"[26.82036961, 0.0, 0.0, 0.70272478, 4.2841004, 4.33687835, 0.0, 0.0, 39.03190516]",64.0,0.0,local
506_5,slab,-454.94776007,120010.372,True,"[26.46667504, 0.0, -4.34135213, 0.0, 8.6737567, -4.34135213, 0.0, 0.0, 30.38946492]",96.0,0.0,local
507_1,slab,-123.27980122,22098.172,True,"[3.52833471, 0.0, -6.11125499, -0.0, 4.93229051, -4.07416999, 0.0, 0.0, 57.03837988]",30.0,0.0,local
507_25,slab,-62.64404982,814.126,True,"[4.07416999, 0.0, 0.0, -2.037085, 3.52833471, 0.0, 0.0, 0.0, 34.52603354]",15.0,1.3333333333333332e-08,local
507_4,slab,-248.42488713,50053.107,True,"[3.52833471, 0.0, -6.11125499, 0.0, 9.86458101, -4.07416999, 0.0, 0.0, 57.03837988]",60.0,0.0,local
509_12,slab,-277.93400981,13196.107,True,"[5.44082501, 0.0, 0.0, 2.7204125, 4.71189267, 4.32841723, 0.0, 0.0, 38.95575507]",32.0,0.546985721875,local
509_14,slab,-277.20767142,11233.305,True,"[5.44082501, 0.0, 0.0, 2.7204125, 4.71189267, 4.32841723, 0.0, 0.0, 38.95575507]",32.0,0.577160159375,local
50_24,slab,-266.79915444,18972.326,True,"[3.46651403, 0.0, 0.0, 0.0, 11.74682249, -6.93302805, 0.0, 0.0, 34.66514026]",32.0,0.0001236125,local
510_1,slab,,,False,,,,local
513_2,slab,-109.4262321,2546.292,True,"[4.12143325, 0.0, 0.0, 0.0, 4.12143325, -4.12143325, 0.0, 0.0, 41.21433252]",16.0,0.0,local
514_6,slab,-55.80077644,1386.224,True,"[2.82266608, 0.0, 0.0, 0.0, 3.95347902, -2.82266608, 0.0, 0.0, 33.87199296]",10.0,0.16797514,local
515_0,slab,-26.70341019,2366.046,True,"[3.18676198, 0.0, -3.18676198, 0.0, 3.18676198, -3.18676198, 0.0, 0.0, 47.80142968]",12.0,0.0,local
516_10,slab,-65.80115276,2785.748,True,"[3.7159114, 0.0, 0.0, 0.0, 8.14507129, 0.0, 0.0, 0.0, 29.72729124]",24.0,8.333333333333334e-09,local
517_3,slab,-158.72959316,12199.471,True,"[5.91619375, 0.0, -2.95809688, -0.0, 3.42350706, -2.95809688, 0.0, 0.0, 38.4552594]",20.0,0.0,local
517_5,slab,-126.45339786,5027.555,True,"[3.42350706, 0.0, 0.0, 0.0, 5.91619375, -2.95809688, 0.0, 0.0, 29.58096877]",16.0,5.21125e-05,local
517_7,slab,-126.95647222,7586.961,True,"[2.95809688, 0.0, 0.0, 0.0, 6.84701412, -2.95809688, 0.0, 0.0, 29.58096877]",16.0,0.08254028125,local
518_0,slab,-52.1594227,14210.779,True,"[7.39499884, 0.0, -4.60600003, 0.0, 7.52463384, -4.60600003, 0.0, 0.0, 36.84800024]",36.0,0.0,local
518_35,slab,-71.18400228,17271.667,True,"[7.39499884, 0.0, 0.0, -0.0, 9.21200006, 7.52463384, 0.0, 0.0, 37.62316919]",48.0,0.0,local
51_4,slab,-305.97678617,64049.84,True,"[8.22167539, 0.0, -4.11083769, -0.0, 16.17743273, -4.11083769, 0.0, 0.0, 32.88670155]",96.0,0.0,local
520_13,slab,-250.78433728,8331.198,True,"[3.10166576, 0.0, 0.0, 0.0, 14.36100085, -3.10166576, 0.0, 0.0, 27.91499183]",40.0,3.4e-06,local
520_20,slab,-312.12616944,12574.004,True,"[3.10166576, 0.0, -3.10166576, -0.0, 14.36100085, -6.20333152, 0.0, 0.0, 40.32165487]",50.0,1.9999999999999997e-09,local
520_25,slab,-249.88078225,9883.949,True,"[3.10166576, 0.0, 0.0, 0.0, 14.36100085, -6.20333152, 0.0, 0.0, 31.01665759]",40.0,5.2499999999999994e-08,local
520_28,slab,-64.68885284,280.282,True,"[3.10166576, 0.0, 0.0, 0.0, 3.10166576, 0.0, 0.0, 0.0, 43.08300255]",10.0,0.0,local
521_8,slab,-222.23550299,76758.868,True,"[4.70703186, 0.0, -4.70703186, 0.0, 9.41406372, -4.70703186, 0.0, 0.0, 42.36328673]",64.0,0.0,local
522_14,slab,,,False,,,,local
523_13,slab,-259.56476671,28941.834,True,"[2.78503379, 0.0, 0.0, 0.0, 13.41875346, -5.84575634, 0.0, 0.0, 29.22878171]",32.0,0.0944441,local
523_21,slab,-129.75039044,5177.434,True,"[6.70937673, 0.0, 0.0, 0.0, 2.78503379, 0.0, 0.0, 0.0, 29.22878171]",16.0,6.07875e-05,local
526_0,slab,-39.89963706,1357.47,True,"[3.54185399, 0.0, -3.54185399, -0.0, 3.54185399, -3.54185399, 0.0, 0.0, 46.04410185]",10.0,0.0,local
527_16,slab,-492.29750645,28388.994,True,"[4.68385345, 0.0, -2.70422405, 0.0, 8.7289986, -5.4084481, 0.0, 0.0, 37.85913673]",48.0,6.3125e-07,local
527_20,slab,-488.66045163,25135.851,True,"[9.36770691, 0.0, 0.0, 0.0, 5.4084481, -4.3644993, 0.0, 0.0, 34.91599441]",48.0,1.0416666666666666e-08,local
527_22,slab,-494.81730415,19855.705,True,"[5.4084481, 0.0, 0.0, 5.4084481, 9.36770691, 4.3644993, 0.0, 0.0, 30.55149511]",48.0,1.25e-08,local
528_3,slab,-497.20705539,128551.822,True,"[7.88053727, 0.0, -7.88053727, 0.0, 15.76107454, -7.88053727, 0.0, 0.0, 39.40268636]",96.0,0.0,local
529_4,slab,-320.77245366,41046.419,True,"[7.10225129, 0.0, 0.0, 0.0, 7.10225129, -7.10225129, 0.0, 0.0, 35.51125646]",48.0,0.40247159791666665,local
52_19,slab,-86.78169027,1270.666,True,"[3.11958695, 0.0, 0.0, 0.0, 3.11958695, 0.0, 0.0, 0.0, 39.79353777]",12.0,0.028990291666666668,local
530_3,slab,-140.69964619,38444.31,True,"[15.34597767, 0.0, 0.0, 4.38456505, 3.79714472, 4.55750076, 0.0, 0.0, 45.57500762]",48.0,0.0,local
531_21,slab,-32.39618861,71.755,True,"[3.6081939, 0.0, 0.0, -1.80409695, 3.12478758, 0.0, 0.0, 0.0, 35.82208356]",6.0,0.2843470666666667,local
534_4,slab,,,False,,,,local
535_12,slab,-327.22841648,24198.898,True,"[3.76749282, 0.0, 0.0, 0.0, 14.98408297, -6.64961576, 0.0, 0.0, 33.24807878]",64.0,6.25e-09,local
535_16,slab,-164.47047575,7642.048,True,"[7.49204148, 0.0, 0.0, 0.0, 3.76749282, 0.0, 0.0, 0.0, 33.24807878]",32.0,0.0,local
535_2,slab,-328.80677139,20800.579,True,"[10.01738865, 0.0, 0.0, 4.41406351, 4.97327186, 3.76749282, 0.0, 0.0, 33.90743541]",64.0,1.5625e-09,local
538_2,slab,-161.75208897,4306.595,True,"[4.53299874, 0.0, 0.0, 0.0, 4.59793429, -3.22401238, 0.0, 0.0, 32.24012376]",16.0,1.0625e-07,local
53_16,slab,,,False,,,,local
53_21,slab,-122.59146111,25056.538,True,"[6.83336034, 0.0, 0.0, -0.0, 6.83336034, 6.07704847, 0.0, 0.0, 42.53933926]",30.0,0.0,local
53_28,slab,-161.75000476,38101.852,True,"[9.66383087, 0.0, 0.0, 9.66383087, 9.66383087, 6.07704847, 0.0, 0.0, 30.38524233]",40.0,0.0,local
53_29,slab,-162.26355952,98696.351,True,"[6.83336034, 0.0, 0.0, -0.0, 13.66672068, 6.07704847, 0.0, 0.0, 30.38524233]",40.0,0.0,local
540_11,slab,-176.14229343,10393.255,True,"[5.84910015, 0.0, 0.0, 5.84910015, 5.84910015, 8.05520252, 0.0, 0.0, 56.38641764]",48.0,2.0833333333333334e-09,local
542_11,slab,-266.83082297,14902.355,True,"[5.04710596, 0.0, 0.0, 0.0, 9.29226441, -2.80059545, 0.0, 0.0, 28.00595453]",32.0,2.8125e-08,local
542_19,slab,-267.90379185,26131.513,True,"[5.60119091, 0.0, 4.6461322, 5.60119091, 5.04710596, -0.0, 0.0, 0.0, 46.46132204]",32.0,9.375e-09,local
544_0,slab,-426.03875713,14294.002,True,"[8.53413607, 0.0, 0.0, 4.26706803, 4.26706803, 4.91206046, 0.0, 0.0, 44.20854411]",48.0,0.0,local
544_11,slab,-422.57422232,13343.235,True,"[4.91206046, 0.0, 0.0, 0.0, 12.06909097, -6.03454549, 0.0, 0.0, 30.17272743]",48.0,0.0,local
544_18,slab,-210.89856349,3569.706,True,"[6.03454549, 0.0, 0.0, 0.0, 4.91206046, 0.0, 0.0, 0.0, 30.17272743]",24.0,8.116666666666666e-06,local
545_7,slab,-50.84361052,1990.241,True,"[3.06651729, 0.0, 0.0, 0.0, 7.47250317, -3.06651729, 0.0, 0.0, 30.66517294]",16.0,0.0,local
546_22,slab,-121.19229962,37255.58,True,"[9.87227135, 0.0, 0.0, 4.87825564, 8.51595847, 8.74933929, 0.0, 0.0, 43.74669647]",48.0,4.166666666666667e-09,local
547_4,slab,-600.58014593,40802.834,True,"[14.6210765, 0.0, 0.0, 4.17745043, 3.61777819, 4.39683572, 0.0, 0.0, 43.96835722]",64.0,4.6875e-09,local
547_7,slab,-895.37140531,59581.545,True,"[9.5717414, 0.0, -11.05249495, -0.0, 8.79367144, -5.52624747, 0.0, 0.0, 44.20997979]",96.0,3.125e-09,local
54_0,slab,-148.32757305,5848.432,True,"[6.01382724, 0.0, -3.25325123, -0.0, 6.75805876, -3.25325123, 0.0, 0.0, 32.53251231]",24.0,0.0,local
54_27,slab,-184.81569156,12127.719,True,"[6.01382724, 0.0, -3.25325123, 0.0, 6.75805876, -6.50650246, 0.0, 0.0, 39.03901477]",30.0,0.0,local
550_1,slab,-154.33776874,49701.054,True,"[2.42558759, 0.0, -4.20124095, -0.0, 8.40713184, -2.8008273, 0.0, 0.0, 53.21571868]",32.0,0.0,local
550_2,slab,-77.21939364,2300.427,True,"[4.20356592, 0.0, 0.0, 0.0, 2.42558759, -4.20124095, 0.0, 0.0, 53.21571868]",16.0,3.125e-08,local
553_1,slab,-275.16383741,29157.801,True,"[5.58004626, 0.0, -3.10342285, 0.0, 6.42684217, -3.10342285, 0.0, 0.0, 37.24107419]",40.0,0.0,local
553_21,slab,-218.03514829,6487.061,True,"[5.58004626, 0.0, 0.0, 0.0, 6.42684217, -3.10342285, 0.0, 0.0, 31.03422849]",32.0,0.0,local
553_27,slab,-326.19150361,36161.634,True,"[6.2068457, 0.0, 5.58004626, 6.2068457, 6.42684217, -0.0, 0.0, 0.0, 44.64037007]",48.0,0.0,local
553_35,slab,-330.9843181,10475.133,True,"[6.42684217, 0.0, 0.0, -0.0, 6.2068457, 5.58004626, 0.0, 0.0, 39.06032381]",48.0,0.0,local
554_1,slab,,,False,,,,local
554_6,slab,,,False,,,,local
555_16,slab,,,False,,,,local
556_15,slab,-309.66740483,17699.298,True,"[3.70217085, 0.0, 0.0, 0.0, 14.23251997, -7.11625999, 0.0, 0.0, 35.58129993]",40.0,0.021205845,local
557_28,slab,-79.84281878,6790.518,True,"[4.72115778, 0.0, 0.0, 0.0, 11.44036271, -8.08593661, 0.0, 0.0, 36.38671474]",32.0,3.125e-09,local
557_37,slab,-58.37724498,5230.872,True,"[4.0429683, 0.0, 0.0, -0.0, 11.44036271, 9.44231555, 0.0, 0.0, 37.76926221]",24.0,4.166666666666667e-09,local
558_8,slab,-590.57312257,156903.621,True,"[7.32296563, 0.0, 5.36013818, 0.00609434, 14.64922414, 0.0060482, 0.0, 0.0, 35.73617188]",72.0,1.5425e-05,local
55_63,slab,,,False,,,,local
560_26,slab,-160.34272603,134918.974,True,"[13.66722052, 0.0, -11.42684995, 0.0, 7.34908433, -5.71342497, 0.0, 0.0, 39.99397482]",60.0,0.0,local
560_40,slab,-107.48926112,43706.793,True,"[5.71342497, 0.0, 0.0, -0.0, 13.66722052, 7.34908433, 0.0, 0.0, 36.74542166]",40.0,0.0,local
561_15,slab,-225.45744896,6318.044,True,"[7.82783448, 0.0, 0.0, 0.0, 4.51940234, -3.43969043, 0.0, 0.0, 34.3969043]",48.0,0.0,local
561_16,slab,-226.97331083,5787.441,True,"[4.51940234, 0.0, 0.0, 4.51940234, 7.82783448, 3.43969043, 0.0, 0.0, 30.95721387]",48.0,2.0833333333333334e-09,local
561_5,slab,-451.16489962,31484.957,True,"[7.82783448, 0.0, -9.03880469, -0.0, 6.87938086, -4.51940234, 0.0, 0.0, 45.19402344]",96.0,0.0,local
562_26,slab,-70.3599585,3122.875,True,"[5.25336992, 0.0, 0.0, 0.0, 6.05876028, 0.0, 0.0, 0.0, 34.10048869]",24.0,0.0,local
562_48,slab,-139.20500744,18958.576,True,"[4.87149838, 0.0, 0.0, 0.0, 12.11752056, -5.25336992, 0.0, 0.0, 36.77358942]",48.0,0.0,local
562_4,slab,-92.08006085,9340.862,True,"[5.25336992, 0.0, -4.87149838, 0.0, 6.05876028, -4.87149838, 0.0, 0.0, 43.84348546]",32.0,0.0,local
562_9,slab,-136.57135154,19326.667,True,"[5.25336992, 0.0, -4.87149838, -0.0, 12.11752056, -4.87149838, 0.0, 0.0, 38.97198708]",48.0,0.0,local
563_5,slab,,,False,,,,local
564_30,slab,-478.7490185,43102.69,True,"[6.9016353, 0.0, 0.0, -0.0, 13.80327059, 3.51690246, 0.0, 0.0, 28.13521967]",60.0,1.6666666666666665e-09,local
564_5,slab,-242.80823634,20169.55,True,"[3.51690246, 0.0, 0.0, 0.0, 6.9016353, -6.9016353, 0.0, 0.0, 48.31144707]",30.0,0.030102786666666666,local
564_6,slab,-244.77178443,11224.019,True,"[3.51690246, 0.0, 0.0, 0.0, 6.9016353, -6.9016353, 0.0, 0.0, 48.31144707]",30.0,7.976666666666666e-06,local
567_10,slab,-578.0181085,131609.987,True,"[15.51525231, 0.0, 0.0, 3.10305046, 6.20610092, 3.52201241, 0.0, 0.0, 31.69811168]",80.0,6.625e-08,local
567_14,slab,-290.19401325,36081.368,True,"[3.52201241, 0.0, 0.0, 0.0, 13.87726354, -6.93863177, 0.0, 0.0, 34.69315885]",40.0,5e-09,local
567_1,slab,-289.1108127,24552.466,True,"[9.81270715, 0.0, 0.0, 4.90635358, 4.90635358, 3.52201241, 0.0, 0.0, 35.22012408]",40.0,2.5e-09,local
56_31,slab,-101.96723324,1590.258,True,"[3.62684761, 0.0, 0.0, 0.0, 4.29681787, 0.0, 0.0, 0.0, 39.21979689]",12.0,1.6666666666666667e-08,local
56_5,slab,-807.81354464,144082.742,True,"[8.59363574, 0.0, -3.62684761, -0.0, 13.07326563, -3.62684761, 0.0, 0.0, 32.64162852]",96.0,8.333333333333334e-09,local
570_5,slab,-79.55689148,394.392,True,"[3.28245977, 0.0, 0.0, 0.0, 3.28245977, 0.0, 0.0, 0.0, 29.54213792]",8.0,1e-07,local
571_18,slab,-64.72960842,726.641,True,"[4.68742857, 0.0, 0.0, -2.34371428, 4.05943222, 0.0, 0.0, 0.0, 27.60743044]",12.0,2.5e-08,local
572_13,slab,-124.96115426,21733.834,True,"[6.58849926, 0.0, 0.0, -0.0, 6.58849926, 3.98843985, 0.0, 0.0, 31.90751882]",30.0,0.0,local
572_25,slab,-251.02704056,84404.763,True,"[6.58849926, 0.0, 0.0, -0.0, 13.17699853, 3.98843985, 0.0, 0.0, 27.91907897]",60.0,0.012964616666666668,local
574_7,slab,-535.25322142,27045.091,True,"[7.65890503, 0.0, 0.0, 0.0, 7.65890503, 0.0, 0.0, 0.0, 30.63562012]",48.0,2.7083333333333334e-08,local
575_2,slab,-169.17640155,4019.33,True,"[6.83892205, 0.0, 0.0, 0.0, 3.14924912, -3.14924912, 0.0, 0.0, 37.79098944]",40.0,2.5e-09,local
575_7,slab,-134.72065485,3451.591,True,"[3.14924912, 0.0, 0.0, 0.0, 6.83892205, -3.14924912, 0.0, 0.0, 31.4924912]",32.0,6.25e-09,local
576_1,slab,-180.83681691,22361.445,True,"[2.93927593, 0.0, -2.93927593, -0.0, 7.0003929, -2.93927593, 0.0, 0.0, 41.14986302]",24.0,2.0144776791666668,local
577_3,slab,-158.21212432,39404.96,True,"[15.46412139, 0.0, 0.0, 4.4183204, 3.82637771, 4.58212872, 0.0, 0.0, 45.8212872]",48.0,0.0,local
579_17,slab,-202.4724434,19348.586,True,"[4.88446208, 0.0, 0.0, 4.88446208, 8.46013649, 3.95291997, 0.0, 0.0, 31.62335974]",36.0,0.006927372222222223,local
579_6,slab,,,False,,,,local
580_13,slab,-45.51727165,993.494,True,"[2.30774058, 0.0, -1.33237464, 0.0, 4.36400083, 0.0, 0.0, 0.0, 31.97699147]",10.0,2.09e-06,local
581_14,slab,-328.0853064,12499.68,True,"[5.40719205, 0.0, 0.0, 2.70359602, 4.68276568, 4.25137297, 0.0, 0.0, 38.26235673]",32.0,0.2791121875,local
581_21,slab,-491.16156511,26444.096,True,"[5.40719205, 0.0, 0.0, 5.40719205, 9.36553136, 4.25137297, 0.0, 0.0, 29.75961079]",48.0,0.26442483541666667,local
582_10,slab,-124.03563371,6472.593,True,"[2.700131, 0.0, 0.0, -0.0, 5.400262, 3.91122284, 0.0, 0.0, 35.20100559]",16.0,0.08427256875,local
584_15,slab,-422.48889761,38564.122,True,"[8.19527675, 0.0, 0.0, -0.0, 8.1954681, -7.22308848, 0.0, 0.0, 36.11544238]",64.0,1.7421703546875,local
584_17,slab,-212.90681753,15447.27,True,"[8.19527675, 0.0, 0.0, 0.0, 4.09773405, 0.0, 0.0, 0.0, 36.11544238]",32.0,1.732699065625,local
585_14,slab,-285.63175569,41343.818,True,"[18.35138466, 0.0, 0.0, 1.33856116, 4.77207552, 4.63514763, 0.0, 0.0, 41.71632866]",96.0,0.0,local
585_46,slab,-142.48856556,16269.479,True,"[4.9562537, 0.0, 0.0, -0.0, 9.27029526, -8.83471658, 0.0, 0.0, 44.17358289]",48.0,0.0,local
585_48,slab,-72.70442903,1244.982,True,"[4.9562537, 0.0, 0.0, 0.0, 4.63514763, 0.0, 0.0, 0.0, 35.33886632]",24.0,5.833333333333333e-08,local
585_50,slab,-216.47919582,28766.255,True,"[4.9562537, 0.0, 0.0, -0.0, 17.66943316, 4.63514763, 0.0, 0.0, 32.4460334]",72.0,0.0,local
587_8,slab,-187.59409723,39083.921,True,"[4.5120802, 0.0, 0.0, 0.0, 9.97861121, -11.52230774, 0.0, 0.0, 40.32807708]",36.0,0.0,local
588_3,slab,-459.57893819,98310.973,True,"[7.1430464, 0.0, -3.5715232, -0.0, 7.1430464, -3.5715232, 0.0, 0.0, 35.71523202]",64.0,0.709249809375,local
589_39,slab,-182.2047093,26322.113,True,"[4.60384339, 0.0, 0.0, -0.0, 8.49407029, 5.29670123, 0.0, 0.0, 37.07690858]",48.0,0.0,local
590_21,slab,-446.16159609,21612.839,True,"[5.4979785, 0.0, 0.0, 5.4979785, 9.52277811, 4.3478402, 0.0, 0.0, 30.43488143]",48.0,0.0,local
590_2,slab,-295.53689977,33234.539,True,"[4.3478402, 0.0, 0.0, 0.0, 4.76138905, -8.24696776, 0.0, 0.0, 54.97978503]",32.0,2.2253125e-05,local
591_13,slab,-135.8023011,4699.971,True,"[5.44255143, 0.0, 0.0, 2.72127572, 4.7133878, 5.40320206, 0.0, 0.0, 43.22561652]",21.0,1.6266666666666668e-05,local
591_14,slab,-136.63832977,5257.756,True,"[5.44255143, 0.0, 0.0, 2.72127572, 4.7133878, 5.40320206, 0.0, 0.0, 43.22561652]",21.0,5.89047619047619e-06,local
594_45,slab,,,False,,,,local
594_66,slab,-319.61861155,50987.379,True,"[9.43787475, 0.0, -3.41096762, 15.00772166, 6.85549901, 0.0, 0.0, 0.0, 34.10967623]",48.0,4.020833333333334e-07,local
594_80,slab,-653.7063344,55785.906,True,"[9.43787475, 0.0, 0.0, -7.73605569, 13.71099802, -3.41096762, 0.0, 0.0, 30.69870861]",96.0,2.0833333333333334e-09,local
595_22,slab,,,False,,,,local
595_5,slab,,,False,,,,local
596_18,slab,-240.32808728,3794.877,True,"[6.12814604, 0.0, 0.0, 0.0, 4.97469512, 0.0, 0.0, 0.0, 30.64073018]",24.0,0.0,local
599_12,slab,-193.800934,4750.766,True,"[2.37200964, 0.0, -1.36948041, -0.0, 8.63043945, -2.73896081, 0.0, 0.0, 32.86752977]",20.0,1.5e-08,local
599_1,slab,-308.75865828,17700.917,True,"[2.37200964, 0.0, -4.10844122, 0.0, 8.63043945, -2.73896081, 0.0, 0.0, 54.77921628]",32.0,1.03125e-07,local
599_8,slab,-231.47496253,6446.552,True,"[4.31521972, 0.0, 0.0, 0.0, 4.74401929, -5.47792163, 0.0, 0.0, 41.08441221]",24.0,8.333333333333333e-08,local
601_8,slab,-50.56961044,494.643,True,"[2.74707143, 0.0, 0.0, 0.0, 3.50514089, 0.0, 0.0, 0.0, 27.47071426]",8.0,1.2704256,local
602_1,slab,-203.72523824,15029.799,True,"[5.47599595, 0.0, -3.05304389, -0.0, 6.25302431, -3.05304389, 0.0, 0.0, 36.63652666]",30.0,0.0,local
602_25,slab,-201.61099024,18517.427,True,"[5.47599595, 0.0, -3.05304389, 0.0, 6.25302431, -6.10608778, 0.0, 0.0, 39.68957055]",30.0,0.0,local
602_36,slab,-161.60015404,2323.804,True,"[3.05304389, 0.0, 0.0, -0.0, 10.9519919, 6.25302431, 0.0, 0.0, 31.26512156]",24.0,0.0,local
602_4,slab,-159.87905113,16790.404,True,"[6.25302431, 0.0, 0.0, 0.0, 5.47599595, -3.05304389, 0.0, 0.0, 30.53043889]",24.0,0.0,local
603_18,slab,-213.85393244,9345.808,True,"[4.71690581, 0.0, -2.72330684, 0.0, 4.26427691, 0.0, 0.0, 0.0, 38.12629577]",24.0,2.0583333333333332e-06,local
603_21,slab,-426.81332578,26454.921,True,"[5.44661368, 0.0, 0.0, 5.44661368, 9.43381163, 4.26427691, 0.0, 0.0, 29.84993834]",48.0,0.0,local
604_4,slab,-138.44110462,7814.054,True,"[3.88895628, 0.0, 0.0, 0.0, 7.77791256, -3.88895628, 0.0, 0.0, 31.11165025]",24.0,1.097858225,local
605_38,slab,-441.60727491,48756.943,True,"[3.40298125, 0.0, 0.0, -0.0, 19.83201975, 4.38607356, 0.0, 0.0, 30.70251495]",48.0,0.0,local
605_45,slab,-150.20757197,2680.229,True,"[3.40298125, 0.0, 0.0, 0.0, 4.38607356, 0.0, 0.0, 0.0, 39.6640395]",16.0,1.875e-08,local
605_52,slab,-443.40494873,24094.088,True,"[3.40298125, 0.0, 0.0, 0.0, 19.83201975, 0.0, 0.0, 0.0, 30.70251495]",48.0,4.166666666666667e-09,local
605_8,slab,-431.61046652,51932.569,True,"[4.38607356, 0.0, 0.0, 0.0, 19.83201975, -3.40298125, 0.0, 0.0, 27.22384996]",48.0,0.08261222291666666,local
607_3,slab,-190.24033246,8467.996,True,"[4.73453308, 0.0, 0.0, 0.0, 4.73453308, -4.73453308, 0.0, 0.0, 37.87626466]",24.0,0.28893269166666663,local
608_40,slab,-219.37714445,75551.808,True,"[11.3525391, 0.0, 0.0, -0.0, 13.51562176, 4.97721867, 0.0, 0.0, 34.84053071]",96.0,0.0,local
608_47,slab,-36.52357944,1317.305,True,"[6.75781088, 0.0, 0.0, 0.0, 4.97721867, 0.0, 0.0, 0.0, 34.05761729]",16.0,6.25e-09,local
608_51,slab,-220.5082158,124291.031,True,"[6.75781088, 0.0, 0.0, -0.0, 22.70507819, 4.97721867, 0.0, 0.0, 34.84053071]",96.0,2.0833333333333334e-09,local
612_8,slab,,,False,,,,local
613_15,slab,-107.7903382,8994.358,True,"[7.29637846, 0.0, 0.0, 0.0, 4.21256607, -4.12866891, 0.0, 0.0, 41.28668909]",24.0,0.0,local
616_0,slab,-279.0751667,8035.673,True,"[2.99842346, 0.0, -2.99842346, -0.0, 9.64877153, -2.99842346, 0.0, 0.0, 38.97950503]",30.0,0.0,local
616_17,slab,-222.21144137,3182.945,True,"[2.99842346, 0.0, 0.0, 0.0, 9.64877153, -5.99684693, 0.0, 0.0, 29.98423464]",24.0,2.5e-08,local
617_36,slab,-320.39321034,16373.874,True,"[5.11473803, 0.0, 0.0, -0.0, 8.50772777, 4.55477876, 0.0, 0.0, 31.88345132]",48.0,4.166666666666667e-09,local
618_2,slab,-82.54625142,2077.039,True,"[3.56809588, 0.0, 0.0, 0.0, 3.56809588, -3.56809588, 0.0, 0.0, 35.68095878]",16.0,0.18045604375,local
61_2,slab,,,False,,,,local
620_11,slab,-415.14957196,39435.412,True,"[4.30847671, 0.0, 0.0, 0.0, 9.46517228, -10.92943953, 0.0, 0.0, 43.71775812]",48.0,0.09643913958333333,local
620_21,slab,-419.97268729,11998.605,True,"[5.46471976, 0.0, 0.0, 5.46471976, 9.46517228, 4.30847671, 0.0, 0.0, 30.159337]",48.0,2.9166666666666666e-08,local
625_11,slab,-271.97429414,155001.876,True,"[6.89189366, 0.0, 0.0, 0.0, 11.99914989, -3.42198595, 0.0, 0.0, 30.79787355]",48.0,1.0186237437499999,local
625_23,slab,-203.41274184,39020.005,True,"[6.89189366, 0.0, 0.0, -0.0, 6.8439719, 5.99957495, 0.0, 0.0, 41.99702462]",36.0,1.010913486111111,local
625_36,slab,,,False,,,,local
625_6,slab,-136.49644209,9125.027,True,"[6.89189366, 0.0, 0.0, 0.0, 5.99957495, -3.42198595, 0.0, 0.0, 34.2198595]",24.0,1.0327116416666666,local
626_16,slab,,,False,,,,local
626_17,slab,,,False,,,,local
627_33,slab,-139.26935653,6550.573,True,"[2.67358178, 0.0, 0.0, 0.0, 8.64933127, 0.0, 0.0, 0.0, 32.82007143]",24.0,8.333333333333334e-09,local
629_7,slab,-199.22681084,6684.22,True,"[3.82551681, 0.0, 0.0, 0.0, 7.61796989, -3.82551681, 0.0, 0.0, 30.60413448]",24.0,0.7866536833333333,local
62_24,slab,-70.09815438,3581.85,True,"[5.36452615, 0.0, 0.0, -0.0, 6.02215405, -4.9166153, 0.0, 0.0, 34.41630708]",24.0,0.0,local
62_29,slab,-140.18862036,14416.486,True,"[9.83323059, 0.0, 5.36452615, 9.83323059, 6.02215405, -0.0, 0.0, 0.0, 42.9162092]",48.0,0.0,local
62_40,slab,-70.16826976,6166.515,True,"[4.9166153, 0.0, 0.0, -0.0, 6.02215405, -5.36452615, 0.0, 0.0, 37.55168305]",24.0,0.0,local
62_48,slab,-141.30646361,16112.626,True,"[4.9166153, 0.0, 0.0, 0.0, 12.04430809, -5.36452615, 0.0, 0.0, 37.55168305]",48.0,0.0,local
631_31,slab,-220.29223329,28797.49,True,"[8.11932124, 0.0, 0.0, 4.59980508, 7.31685612, 7.31317755, 0.0, 0.0, 36.56588777]",48.0,6.25e-09,local
631_40,slab,-224.43634718,22316.713,True,"[4.3213016, 0.0, 0.0, 0.0, 14.62635511, -6.87384389, 0.0, 0.0, 34.36921947]",48.0,1.0416666666666666e-08,local
633_11,slab,-327.91608681,91680.939,True,"[11.72435441, 0.0, -3.57171483, -0.0, 6.33529834, -3.57171483, 0.0, 0.0, 32.14543345]",64.0,0.0,local
633_37,slab,-247.40502916,35130.437,True,"[6.86456615, 0.0, 0.0, 3.7168108, 6.10032005, 6.33529834, 0.0, 0.0, 44.34708837]",48.0,0.0,local
634_12,slab,-342.24423819,18787.656,True,"[5.41020888, 0.0, 0.0, 2.70510444, 4.68537833, 4.33448622, 0.0, 0.0, 39.01037602]",32.0,0.06054165,local
634_15,slab,-513.40600902,35363.657,True,"[4.68537833, 0.0, -2.70510444, -0.0, 8.66897245, -5.41020888, 0.0, 0.0, 37.87146215]",48.0,0.06028682916666667,local
634_19,slab,-259.27630736,5535.476,True,"[4.68537833, 0.0, -2.70510444, 0.0, 4.33448622, 0.0, 0.0, 0.0, 37.87146215]",24.0,0.0415724625,local
635_10,slab,-65.82968807,3291.077,True,"[3.15260303, 0.0, 0.0, -0.0, 6.30520607, 4.45890018, 0.0, 0.0, 35.67120148]",12.0,0.03480093333333333,local
637_17,slab,-294.52288996,16499.535,True,"[3.93613075, 0.0, 0.0, 0.0, 15.62806169, 0.0, 0.0, 0.0, 27.55291522]",48.0,1.2123888375,local
638_7,slab,-746.39379803,99953.175,True,"[7.96640764, 0.0, -2.83157274, -0.0, 17.10273992, -2.83157274, 0.0, 0.0, 28.31572736]",96.0,2.0833333333333334e-09,local
640_13,slab,-299.88117165,10705.722,True,"[5.57719693, 0.0, 0.0, 2.78859847, 4.82999422, 4.47674953, 0.0, 0.0, 40.29074578]",32.0,3.125e-09,local
640_20,slab,-443.2126105,17868.035,True,"[9.65998845, 0.0, 0.0, 0.0, 5.57719693, -4.47674953, 0.0, 0.0, 35.81399625]",48.0,2.0833333333333334e-09,local
640_23,slab,-449.76680449,11001.924,True,"[5.57719693, 0.0, 0.0, 5.57719693, 9.65998845, 4.47674953, 0.0, 0.0, 31.33724672]",48.0,2.0833333333333334e-09,local
641_9,slab,-90.82567911,3972.574,True,"[3.56975503, 0.0, -2.06099903, -0.0, 7.0073328, -4.12199806, 0.0, 0.0, 37.09798254]",16.0,0.09907696875,local
643_1,slab,-219.69617657,20789.83,True,"[2.95539167, 0.0, 2.95539167, 2.95539167, 8.65023504, 0.0, 0.0, 0.0, 38.42009171]",30.0,0.21943614,local
643_2,slab,,,False,,,,local
646_7,slab,-451.05826405,75612.23,True,"[4.44891303, 0.0, -4.44891303, 0.0, 8.89782606, -4.44891303, 0.0, 0.0, 44.48913032]",64.0,0.298932828125,local
649_6,slab,-335.58659301,13395.815,True,"[7.25940732, 0.0, 0.0, 0.0, 6.54463365, -3.27231682, 0.0, 0.0, 32.72316824]",64.0,0.0,local
649_9,slab,-336.0163033,18538.915,True,"[3.27231682, 0.0, 0.0, 0.0, 14.51881465, -3.27231682, 0.0, 0.0, 29.45085141]",64.0,0.0,local
64_10,slab,-67.3376492,26525.732,True,"[9.60771402, 0.0, -7.7469748, 4.25758438, 8.66338697, 0.0, 0.0, 0.0, 38.734874]",48.0,1.0416666666666666e-08,local
64_35,slab,-34.45945442,4066.694,True,"[7.7469748, 0.0, 0.0, 0.0, 4.33169349, -2.67506482, 0.0, 0.0, 38.43085608]",24.0,4.166666666666667e-09,local
651_21,slab,-271.3225801,10849.068,True,"[4.14739837, 0.0, 0.0, 0.0, 9.48931885, -6.43353996, 0.0, 0.0, 32.16769982]",32.0,0.028965928125,local
651_26,slab,-406.43095672,25935.567,True,"[10.01971962, 0.0, 0.0, 2.06544884, 6.09297609, 4.14739837, 0.0, 0.0, 33.179187]",48.0,2.0833333333333334e-09,local
651_38,slab,-408.72765402,43781.221,True,"[3.21676998, 0.0, 0.0, -0.0, 18.97863769, 4.14739837, 0.0, 0.0, 29.03178862]",48.0,0.016287433333333334,local
652_13,slab,-274.37635008,15456.523,True,"[5.50584132, 0.0, 0.0, 2.75292066, 4.76819845, 4.375845, 0.0, 0.0, 39.38260501]",32.0,6.25e-09,local
652_18,slab,-205.37334768,6984.712,True,"[4.76819845, 0.0, -2.75292066, 0.0, 4.375845, 0.0, 0.0, 0.0, 38.54088921]",24.0,3.3333333333333334e-08,local
654_0,slab,-161.81206997,18699.486,True,"[3.83456512, 0.0, -3.83456512, 0.0, 8.76078449, -3.83456512, 0.0, 0.0, 38.34565121]",32.0,0.0,local
656_10,slab,-114.97160251,5728.304,True,"[2.46377893, 0.0, -1.42246343, 0.0, 14.02538769, 0.0, 0.0, 0.0, 34.13912229]",30.0,0.0,local
656_3,slab,-273.04467917,29827.369,True,"[4.92755786, 0.0, -5.68985372, -0.0, 14.02538769, -2.84492686, 0.0, 0.0, 42.67390287]",72.0,0.0,local
657_2,slab,-133.57051918,9586.666,True,"[4.39699426, 0.0, 0.0, 0.0, 4.7500549, -8.22733643, 0.0, 0.0, 54.84890955]",24.0,0.0,local
657_4,slab,-267.26470523,24413.977,True,"[14.51165743, 0.0, 0.0, 4.14618784, 3.590704, 4.39699426, 0.0, 0.0, 43.96994262]",48.0,0.0,local
659_3,slab,-291.79415878,20466.296,True,"[7.98679979, 0.0, -3.99339989, -0.0, 7.98679979, -3.99339989, 0.0, 0.0, 35.94059905]",64.0,1.5625e-09,local
660_13,slab,,,False,,,,local
660_8,slab,-120.3317977,2805.806,True,"[3.7737229, 0.0, 0.0, 0.0, 8.07620687, -3.7737229, 0.0, 0.0, 30.18978321]",24.0,0.462780875,local
661_51,slab,-204.029997,59782.129,True,"[3.30941375, 0.0, 0.0, -0.0, 10.79520567, 5.99786331, 0.0, 0.0, 29.98931657]",32.0,0.50452753125,local
661_8,slab,-206.48482603,73801.944,True,"[5.99786331, 0.0, 0.0, 0.0, 5.39760283, -3.30941375, 0.0, 0.0, 33.09413754]",32.0,0.438991075,local
664_4,slab,-558.442366,41651.602,True,"[14.19321757, 0.0, 0.0, 4.05520502, 3.51191056, 4.22039846, 0.0, 0.0, 42.20398463]",64.0,0.2843895875,local
665_3,slab,,,False,,,,local
666_12,slab,-51.09450039,4415.939,True,"[6.40764954, 0.0, 0.0, 3.20382477, 5.54918728, 4.90467568, 0.0, 0.0, 39.23740541]",24.0,0.0,local
666_21,slab,-103.76706909,27249.034,True,"[6.40764954, 0.0, 0.0, 6.40764954, 11.09837456, 4.90467568, 0.0, 0.0, 34.33272973]",48.0,0.0,local
666_3,slab,-137.27834167,57166.757,True,"[16.95304716, 0.0, 0.0, 4.84372776, 4.19479129, 4.90467568, 0.0, 0.0, 44.14208109]",64.0,1.5625e-09,local
669_13,slab,-287.07729138,12858.32,True,"[6.32641208, 0.0, 0.0, -0.0, 6.32641208, 5.52354502, 0.0, 0.0, 38.66481511]",36.0,4.166666666666667e-08,local
669_7,slab,-571.28598375,70964.357,True,"[14.14628747, 0.0, 0.0, 2.82925749, 5.65851499, 5.52354502, 0.0, 0.0, 38.66481511]",72.0,6.75e-07,local
672_1,slab,-94.56496633,8506.514,True,"[3.56280261, 0.0, -3.56280261, 0.0, 8.42170825, -3.56280261, 0.0, 0.0, 42.75363132]",20.0,0.024246415,local
672_7,slab,-75.83748065,4698.917,True,"[3.56280261, 0.0, 0.0, 0.0, 8.42170825, -3.56280261, 0.0, 0.0, 32.06522349]",16.0,0.000317875,local
673_2,slab,-60.68227362,786.46,True,"[3.05728782, 0.0, 0.0, -0.0, 3.05728782, 3.05728782, 0.0, 0.0, 36.68745383]",10.0,0.0,local
674_10,slab,-250.71726961,18174.985,True,"[6.19052162, 0.0, 4.45626846, 3.09526081, 4.30206283, 0.0, 0.0, 0.0, 35.65014765]",24.0,2.225e-06,local
674_15,slab,-252.63177765,15639.365,True,"[3.09526081, 0.0, 0.0, 0.0, 8.60412566, -4.45626846, 0.0, 0.0, 31.1938792]",24.0,0.0,local
675_4,slab,-159.64503161,6173.331,True,"[4.4843356, 0.0, 0.0, 0.0, 8.9686712, -4.4843356, 0.0, 0.0, 31.39034919]",24.0,0.07397558333333333,local
679_10,slab,-259.69668356,4029.695,True,"[6.89683759, 0.0, 0.0, 0.0, 5.24606348, -3.7895787, 0.0, 0.0, 34.10620831]",32.0,3.125e-09,local
679_30,slab,-388.02203097,18381.532,True,"[7.5791574, 0.0, 5.24606348, 7.5791574, 6.89683759, -0.0, 0.0, 0.0, 41.96850782]",48.0,0.0,local
67_61,slab,-471.78169339,44411.311,True,"[5.58562101, 0.0, 0.0, 0.0, 13.96201283, -9.62637941, 0.0, 0.0, 38.50551763]",80.0,1.545e-06,local
67_69,slab,-477.1950764,25332.129,True,"[5.58562101, 0.0, 0.0, 0.0, 13.96201283, 0.0, 0.0, 0.0, 38.50551763]",80.0,4.375e-08,local
680_11,slab,-151.05343372,15640.215,True,"[2.85612836, 0.0, 0.0, -0.0, 11.62479996, 7.91344902, 0.0, 0.0, 39.56724508]",32.0,0.0,local
680_12,slab,-298.42376542,87773.815,True,"[9.81868977, 0.0, 0.0, 6.88156858, 9.3690975, 2.85612836, 0.0, 0.0, 28.56128365]",64.0,0.0,local
680_13,slab,-297.56211882,26055.121,True,"[7.91344902, 0.0, 0.0, -0.0, 11.62479996, 2.85612836, 0.0, 0.0, 28.56128365]",64.0,0.0,local
682_26,slab,-330.94086351,87708.138,True,"[6.83978945, 0.0, 5.55141304, 6.83978945, 6.02613662, -0.0, 0.0, 0.0, 44.41130428]",48.0,1.1693534354166666,local
682_29,slab,-333.62391068,53001.76,True,"[6.83978945, 0.0, 5.55141304, 3.41989472, 6.02613662, 0.0, 0.0, 0.0, 38.85989125]",48.0,1.1463444958333333,local
682_5,slab,-441.6254107,103846.115,True,"[5.55141304, 0.0, -3.41989472, -0.0, 12.05227324, -3.41989472, 0.0, 0.0, 34.19894724]",64.0,1.127135971875,local
682_6,slab,-441.33560175,62456.234,True,"[5.55141304, 0.0, -3.41989472, -0.0, 12.05227324, -3.41989472, 0.0, 0.0, 34.19894724]",64.0,1.1615210140625,local
683_10,slab,-53.04486256,3144.973,True,"[4.47875445, 0.0, -2.58581009, -0.0, 5.45955226, -5.17162017, 0.0, 0.0, 41.37296139]",12.0,0.0,local
684_3,slab,-610.77145394,169359.027,True,"[7.74942713, 0.0, -7.74942713, 0.0, 15.49885426, -7.74942713, 0.0, 0.0, 38.74713564]",96.0,0.000713203125,local
689_43,slab,-382.41188595,44547.828,True,"[11.68316461, 0.0, 0.0, 0.0, 6.74527823, -3.52754204, 0.0, 0.0, 31.74787832]",72.0,0.0,local
689_50,slab,-284.64315771,21159.966,True,"[6.74527823, 0.0, 0.0, 6.74527823, 11.68316461, 3.52754204, 0.0, 0.0, 28.22033628]",54.0,0.0,local
68_1,slab,-120.43323716,16650.144,True,"[2.88506971, 0.0, -2.88506971, 0.0, 5.77013943, -2.88506971, 0.0, 0.0, 40.39097598]",24.0,0.08663326666666667,local
68_4,slab,-79.63047421,4763.541,True,"[2.88506971, 0.0, 0.0, 0.0, 5.77013943, -2.88506971, 0.0, 0.0, 28.85069713]",16.0,0.0467176875,local
692_12,slab,-366.62461359,122631.957,True,"[11.72857227, 0.0, -3.76015151, 10.91445673, 4.86204252, 0.0, 0.0, 0.0, 37.60151506]",64.0,0.0860484125,local
692_36,slab,-91.36297405,5993.89,True,"[3.76015151, 0.0, 0.0, 0.0, 4.86204252, -0.81411554, 0.0, 0.0, 35.18571682]",16.0,0.14684265,local
692_50,slab,-550.8498248,127895.161,True,"[4.92973037, 0.0, 0.0, 3.87380738, 23.1350653, 3.76015151, 0.0, 0.0, 30.08121205]",96.0,0.11900822500000001,local
692_57,slab,-553.42058018,141964.219,True,"[12.16332812, 0.0, 1.93690369, 22.00184198, 7.15193652, 8.80353775, 0.0, 0.0, 34.5081126]",96.0,0.10176960520833334,local
694_4,slab,-90.08584704,1558.533,True,"[2.85239152, 0.0, 0.0, 0.0, 5.70478304, -2.85239152, 0.0, 0.0, 28.52391519]",16.0,0.0917757875,local
696_0,slab,-147.97828602,5050.198,True,"[7.8361084, 0.0, 0.0, 3.9180542, 2.26208965, 3.51078008, 0.0, 0.0, 49.15092108]",36.0,0.0,local
696_1,slab,-244.45758313,11232.722,True,"[3.9180542, 0.0, -6.78626894, -0.0, 7.02156015, -4.5241793, 0.0, 0.0, 54.29015156]",60.0,0.0,local
699_2,slab,-73.69498994,1333.082,True,"[2.84155347, 0.0, 0.0, 0.0, 2.84155347, -2.84155347, 0.0, 0.0, 36.94019507]",10.0,2.23700391,local
699_3,slab,-295.42262245,15465.355,True,"[5.68310693, 0.0, -2.84155347, -0.0, 5.68310693, -2.84155347, 0.0, 0.0, 34.09864161]",40.0,2.268242565,local
69_6,slab,-54.33011603,1802.84,True,"[6.63349336, 0.0, 0.0, 0.0, 6.63349336, 0.0, 0.0, 0.0, 33.1674668]",32.0,2.375e-07,local
700_28,slab,-269.75166239,17944.616,True,"[6.90763994, 0.0, 5.64556337, 6.90763994, 6.17214547, -0.0, 0.0, 0.0, 45.16450698]",48.0,0.0,local
700_6,slab,-361.35234371,45581.543,True,"[5.64556337, 0.0, -3.45381997, 0.0, 12.34429094, -3.45381997, 0.0, 0.0, 34.53819971]",64.0,0.0,local
702_4,slab,-101.56912016,2312.087,True,"[3.31257222, 0.0, 0.0, 0.0, 6.62514444, -3.31257222, 0.0, 0.0, 33.12572221]",16.0,5.125e-07,local
703_4,slab,-415.66256919,136794.195,True,"[13.81872661, 0.0, 0.0, 3.9482076, 3.41924808, 4.13449141, 0.0, 0.0, 41.34491406]",64.0,1.2187114015625,local
704_14,slab,-173.8657109,5029.236,True,"[3.82363393, 0.0, 0.0, 0.0, 8.40832273, 0.0, 0.0, 0.0, 27.41368775]",24.0,1.25e-08,local
705_4,slab,-281.03740932,43524.103,True,"[6.32474053, 0.0, -7.3031813, -0.0, 5.61979156, -3.65159065, 0.0, 0.0, 43.8190878]",40.0,1.3179155200000001,local
707_5,slab,,,False,,,,local
708_11,slab,-143.33681325,19440.339,True,"[4.57960411, 0.0, -2.64403567, -0.0, 8.76173877, -5.28807133, 0.0, 0.0, 37.01649932]",36.0,0.0,local
708_12,slab,-144.20266771,13615.037,True,"[4.57960411, 0.0, -2.64403567, -0.0, 8.76173877, -5.28807133, 0.0, 0.0, 37.01649932]",36.0,0.0,local
708_13,slab,-72.41301404,4919.83,True,"[4.57960411, 0.0, -2.64403567, 0.0, 4.38086938, 0.0, 0.0, 0.0, 37.01649932]",18.0,0.0,local
710_13,slab,-106.21010346,16153.968,True,"[3.44317014, 0.0, -1.98791521, -0.0, 14.25695138, -3.97583041, 0.0, 0.0, 31.80664331]",18.0,0.03839179444444444,local
711_0,slab,-162.21808522,7910.875,True,"[3.67101495, 0.0, -6.35838441, -0.0, 5.22915389, -4.23892294, 0.0, 0.0, 59.34492114]",30.0,0.0,local
711_15,slab,-159.66369406,2515.107,True,"[3.67101495, 0.0, -2.11946147, -0.0, 10.45830777, -4.23892294, 0.0, 0.0, 33.91138351]",30.0,0.0,local
711_3,slab,-269.15832009,14952.209,True,"[3.67101495, 0.0, -6.35838441, -0.0, 10.45830777, -4.23892294, 0.0, 0.0, 55.1059982]",50.0,0.0,local
713_5,slab,,,False,,,,local
714_5,slab,-26.39052133,363.995,True,"[3.80656638, 0.0, 0.0, 0.0, 3.80656638, 0.0, 0.0, 0.0, 26.64596464]",6.0,0.13662254999999998,local
716_0,slab,-62.66849813,1146.707,True,"[4.05992149, 0.0, -4.05992149, -0.0, 4.05992149, -4.05992149, 0.0, 0.0, 48.71905788]",20.0,0.0,local
716_3,slab,-200.09864347,28488.07,True,"[8.11984298, 0.0, -4.05992149, -0.0, 8.11984298, -4.05992149, 0.0, 0.0, 36.53929341]",64.0,0.0,local
717_10,slab,-90.63020606,7959.181,True,"[4.37848743, 0.0, -2.5279209, -0.0, 6.30724355, -5.0558418, 0.0, 0.0, 40.44673436]",18.0,0.1945487277777778,local
718_21,slab,-351.81754511,16195.542,True,"[10.3552445, 0.0, -6.78684135, -0.0, 4.29687023, -3.39342068, 0.0, 0.0, 40.72104813]",40.0,0.0,local
718_3,slab,-563.42751626,32386.264,True,"[10.3552445, 0.0, -3.39342068, -0.0, 8.59374046, -3.39342068, 0.0, 0.0, 30.5407861]",64.0,3.125e-09,local
718_9,slab,-563.10938014,36291.302,True,"[20.710489, 0.0, -3.39342068, 0.0, 4.29687023, -3.39342068, 0.0, 0.0, 33.93420677]",64.0,0.0,local
719_29,slab,,,False,,,,local
721_8,slab,-315.43653776,78965.578,True,"[4.97117129, 0.0, 4.97117129, 4.97117129, 9.94234258, 0.0, 0.0, 0.0, 44.7405416]",64.0,0.0,local
721_9,slab,-315.17148936,71405.522,True,"[4.97117129, 0.0, 4.97117129, 4.97117129, 9.94234258, 0.0, 0.0, 0.0, 44.7405416]",64.0,0.0,local
722_23,slab,-231.61148503,18318.057,True,"[6.23829783, 0.0, 0.0, 0.0, 12.95660693, -3.95419643, 0.0, 0.0, 27.679375]",48.0,0.0,local
722_35,slab,-234.87667863,24636.46,True,"[6.47830347, 0.0, 0.0, -0.0, 7.90839286, 6.23829783, 0.0, 0.0, 43.66808478]",48.0,0.0,local
722_51,slab,-77.14921073,2653.024,True,"[3.95419643, 0.0, 0.0, 0.0, 6.47830347, 0.0, 0.0, 0.0, 31.19148913]",16.0,0.0,local
724_14,slab,-101.78672744,2687.37,True,"[4.65199974, 0.0, -2.6858333, 0.0, 4.44070696, 0.0, 0.0, 0.0, 37.60166623]",18.0,1.111111111111111e-08,local
727_10,slab,-177.15260727,72925.315,True,"[7.10503273, 0.0, -6.25117115, -0.0, 6.35977439, -6.29855808, 0.0, 0.0, 43.75819807]",48.0,0.0,local
727_14,slab,-176.77613232,71840.288,True,"[7.10503273, 0.0, -6.25117115, -0.0, 6.35977439, -6.29855808, 0.0, 0.0, 43.75819807]",48.0,0.0,local
727_22,slab,-88.34935771,7375.145,True,"[3.55251636, 0.0, 0.0, 0.0, 6.35977439, -6.29855808, 0.0, 0.0, 43.75819807]",24.0,0.0,local
727_41,slab,-176.02256257,20843.697,True,"[6.35995093, 0.0, 0.0, 0.09315286, 12.50199527, 3.55251636, 0.0, 0.0, 28.42013091]",48.0,0.0,local
728_12,slab,,,False,,,,local
728_26,slab,-181.18152953,37860.766,True,"[4.35463249, 0.0, 0.0, 0.0, 16.50116475, -8.87463332, 0.0, 0.0, 31.06121661]",36.0,1.3580555555555556e-05,local
728_37,slab,-182.7959758,32271.767,True,"[4.43731666, 0.0, 0.0, -0.0, 16.50116475, 8.70926499, 0.0, 0.0, 30.48242745]",36.0,0.0,local
728_45,slab,,,False,,,,local
730_0,slab,-179.47237774,2282.823,True,"[4.91424045, 0.0, -4.91424045, -0.0, 4.91424045, -4.91424045, 0.0, 0.0, 49.14240449]",32.0,0.0,local
731_12,slab,-159.88714979,7940.901,True,"[5.74982684, 0.0, 0.0, 2.87491342, 4.97949611, 4.65474591, 0.0, 0.0, 37.23796727]",24.0,0.17002470416666668,local
731_6,slab,-640.25844575,116418.563,True,"[9.95899223, 0.0, -11.49965368, -0.0, 9.30949182, -5.74982684, 0.0, 0.0, 45.99861474]",96.0,0.06585601875000001,local
731_7,slab,,,False,,,,local
733_12,slab,-43.09916512,7841.927,True,"[5.5122883, 0.0, 0.0, 2.75614415, 4.7737817, 4.40345811, 0.0, 0.0, 39.63112295]",32.0,0.0,local
733_13,slab,-43.12442915,7437.589,True,"[5.5122883, 0.0, 0.0, 2.75614415, 4.7737817, 4.40345811, 0.0, 0.0, 39.63112295]",32.0,0.0,local
737_16,slab,-99.38469277,76755.989,True,"[9.60965205, 0.0, 7.75969417, 9.60965205, 7.78711496, -0.0, 0.0, 0.0, 54.31785921]",72.0,0.0,local
737_1,slab,-47.91545537,19085.147,True,"[7.75969417, 0.0, -4.80482603, 0.0, 7.78711496, -4.80482603, 0.0, 0.0, 38.4386082]",36.0,0.0,local
738_27,slab,-92.36603042,7750.953,True,"[4.71347328, 0.0, 0.0, 0.0, 11.96001103, -9.00401526, 0.0, 0.0, 36.01606104]",24.0,0.0,local
738_32,slab,-188.03438172,16308.536,True,"[12.77927762, 0.0, 0.0, 3.17202166, 8.42677693, 4.71347328, 0.0, 0.0, 32.99431295]",48.0,0.0,local
738_45,slab,-188.147655,30118.316,True,"[4.50200763, 0.0, 0.0, -0.0, 23.92002205, 4.71347328, 0.0, 0.0, 32.99431295]",48.0,2.083333333333333e-08,local
739_12,slab,-307.84522403,6756.281,True,"[3.18443613, 0.0, 0.0, 0.0, 16.6808314, -3.18443613, 0.0, 0.0, 28.65992519]",48.0,2.9729166666666666e-06,local
73_0,slab,-91.98924715,776.166,True,"[4.10771789, 0.0, 4.10771789, 4.10771789, 4.10771789, -0.0, 0.0, 0.0, 49.29261466]",20.0,0.0,local
73_1,slab,-145.6608313,4507.991,True,"[4.10771789, 0.0, 4.10771789, 4.10771789, 8.21543578, 0.0, 0.0, 0.0, 41.07717889]",32.0,0.0,local
73_2,slab,-72.93932376,724.782,True,"[4.10771789, 0.0, 0.0, 0.0, 4.10771789, -4.10771789, 0.0, 0.0, 41.07717889]",16.0,6.25e-09,local
741_17,slab,-187.31782251,3422.033,True,"[4.6944287, 0.0, -2.71032967, 0.0, 4.31219253, 0.0, 0.0, 0.0, 37.94461542]",24.0,2.5e-08,local
743_40,slab,-143.60146868,6621.902,True,"[3.91173883, 0.0, 0.0, -0.0, 6.42361469, -6.04053893, 0.0, 0.0, 42.28377251]",24.0,0.0,local
743_46,slab,-94.84920122,2215.121,True,"[3.91173883, 0.0, 0.0, 0.0, 6.42361469, 0.0, 0.0, 0.0, 30.20269465]",16.0,0.0,local
743_47,slab,-94.33157044,1213.513,True,"[3.91173883, 0.0, 0.0, 0.0, 6.42361469, 0.0, 0.0, 0.0, 30.20269465]",16.0,0.0,local
743_7,slab,-190.73524756,10413.216,True,"[6.42361469, 0.0, 0.0, 0.0, 6.04053893, -3.91173883, 0.0, 0.0, 35.20564944]",32.0,0.0,local
744_12,slab,-263.043436,11523.809,True,"[5.10654784, 0.0, 0.0, 2.55327392, 4.42240015, 4.08683475, 0.0, 0.0, 36.78151271]",32.0,0.381051221875,local
744_20,slab,-526.67667075,48292.244,True,"[8.84480031, 0.0, 0.0, 0.0, 5.10654784, -4.08683475, 0.0, 0.0, 36.78151271]",64.0,0.3619347859375,local
745_13,slab,-63.47167331,1328.106,True,"[3.65742849, 0.0, -2.11161732, 0.0, 5.55248821, 0.0, 0.0, 0.0, 33.78587718]",12.0,0.0,local
745_15,slab,-127.48923264,3624.243,True,"[7.31485698, 0.0, 0.0, -0.0, 5.55248821, 4.22323465, 0.0, 0.0, 33.78587718]",24.0,0.0,local
745_16,slab,-128.06263858,9671.985,True,"[4.22323465, 0.0, 0.0, 4.22323465, 7.31485698, 5.55248821, 0.0, 0.0, 38.86741749]",24.0,0.0,local
745_17,slab,-129.31737696,4171.257,True,"[4.22323465, 0.0, 0.0, 4.22323465, 7.31485698, 5.55248821, 0.0, 0.0, 38.86741749]",24.0,0.0,local
746_14,slab,-150.47001728,26483.014,True,"[7.01336374, 0.0, 0.0, -0.0, 7.01336374, 5.91098901, 0.0, 0.0, 41.37692309]",36.0,0.0,local
747_1,slab,-107.12709676,4691.999,True,"[3.21364701, 0.0, -3.21364701, -0.0, 10.06347387, -3.21364701, 0.0, 0.0, 38.56376417]",30.0,6.666666666666666e-09,local
748_26,slab,-58.32176919,26172.106,True,"[10.28986708, 0.0, 8.13781066, 5.14493354, 8.60648429, 0.0, 0.0, 0.0, 40.6890533]",48.0,0.0,local
748_30,slab,-57.22275917,26652.966,True,"[9.62778809, 0.0, 0.0, 5.4987378, 8.69742762, 8.60648429, 0.0, 0.0, 43.03242146]",48.0,1.0416666666666666e-08,local
748_49,slab,-59.91196713,32879.793,True,"[5.14493354, 0.0, 0.0, -0.0, 16.27562132, 8.60648429, 0.0, 0.0, 34.42593717]",48.0,2.0833333333333334e-09,local
748_9,slab,-86.93070797,60743.491,True,"[16.27562132, 0.0, -5.14493354, -0.0, 8.60648429, -5.14493354, 0.0, 0.0, 36.01453478]",72.0,0.0,local
749_5,slab,-459.33331792,51206.306,True,"[7.68277641, 0.0, -3.84138821, 0.0, 17.24176333, -3.84138821, 0.0, 0.0, 30.73110566]",96.0,6.713541666666667e-06,local
74_3,slab,-566.33712889,61968.743,True,"[6.62297451, 0.0, -6.62297451, -0.0, 10.63602545, -6.62297451, 0.0, 0.0, 46.36082154]",72.0,0.03293352916666667,local
752_2,slab,-266.89103959,115301.02,True,"[7.92423515, 0.0, -7.92423515, 0.0, 15.84847031, -7.92423515, 0.0, 0.0, 39.62117577]",96.0,0.0,local
753_3,slab,-200.34759191,8764.563,True,"[5.31832618, 0.0, 0.0, -0.0, 5.31832618, 5.31832618, 0.0, 0.0, 37.22828327]",24.0,0.00708945,local
753_4,slab,-806.81908884,120827.36,True,"[10.63665236, 0.0, -5.31832618, -0.0, 10.63665236, -5.31832618, 0.0, 0.0, 37.22828327]",96.0,4.166666666666667e-09,local
756_28,slab,-137.70026602,2104.501,True,"[2.77587867, 0.0, 0.0, 0.0, 8.35206603, 0.0, 0.0, 0.0, 27.84937331]",18.0,1.3333333333333334e-07,local
758_20,slab,-189.25399922,5375.599,True,"[4.38166161, 0.0, 0.0, 4.38166161, 4.38166161, 5.98560021, 0.0, 0.0, 47.88480167]",24.0,4.166666666666667e-09,local
759_10,slab,-115.32775925,8270.124,True,"[5.34506493, 0.0, 0.0, 2.67253247, 4.62896202, 4.46099132, 0.0, 0.0, 40.14892184]",24.0,0.0,local
759_7,slab,-171.32641423,22305.546,True,"[4.46099132, 0.0, 0.0, 0.0, 9.25792403, -10.69012987, 0.0, 0.0, 42.76051947]",36.0,2.7777777777777776e-09,local
760_14,slab,-75.48565145,1161.233,True,"[3.49115945, 0.0, -2.01562185, 0.0, 5.66722722, 0.0, 0.0, 0.0, 32.24994961]",12.0,0.0,local
760_15,slab,-200.6563391,14053.194,True,"[6.98231891, 0.0, 0.0, -0.0, 5.66722722, 4.0312437, 0.0, 0.0, 36.28119331]",32.0,0.0,local
760_2,slab,-124.42872236,4239.298,True,"[5.66722722, 0.0, 0.0, 0.0, 3.49115945, -6.04686555, 0.0, 0.0, 52.40616811]",20.0,1e-08,local
760_6,slab,-394.60257241,94117.63,True,"[6.98231891, 0.0, -8.0624874, 0.0, 11.33445445, -4.0312437, 0.0, 0.0, 40.31243701]",64.0,0.0,local
761_0,slab,-532.80317021,109144.632,True,"[15.90503701, 0.0, 3.47956043, 23.05199017, 10.30308308, 0.0, 0.0, 0.0, 31.31604391]",80.0,0.02704262875,local
761_112,slab,-131.74407784,18037.363,True,"[13.06865162, 0.0, -9.06534871, 0.0, 3.47956043, 0.0, 0.0, 0.0, 37.61771052]",20.0,0.00015709,local
761_89,slab,,,False,,,,local
761_92,slab,-268.65452418,102232.534,True,"[3.47956043, 0.0, 0.0, 0.0, 26.13730324, -5.59146058, 0.0, 0.0, 37.61771052]",40.0,0.0331957725,local
763_19,slab,-85.37975881,1396.313,True,"[5.56036449, 0.0, -3.21027793, 0.0, 5.21820452, 0.0, 0.0, 0.0, 32.10277934]",16.0,0.16861214375,local
763_20,slab,-254.15421883,22729.049,True,"[11.12072898, 0.0, 0.0, 0.0, 6.42055587, -5.21820452, 0.0, 0.0, 36.52743163]",48.0,0.3026738583333333,local
764_0,slab,-177.4857444,8122.488,True,"[4.21112554, 0.0, -2.91154415, 0.0, 4.03621407, -2.91154415, 0.0, 0.0, 37.85007393]",20.0,2e-08,local
767_5,slab,-383.79709376,172021.591,True,"[8.58939053, 0.0, -4.29469526, -0.0, 19.85566551, -4.29469526, 0.0, 0.0, 30.06286685]",96.0,1.0416666666666667e-09,local
767_9,slab,-192.93452411,63964.612,True,"[4.29469526, 0.0, 0.0, 0.0, 19.85566551, -4.29469526, 0.0, 0.0, 30.06286685]",48.0,0.0,local
768_16,slab,-161.48183631,17280.362,True,"[2.92260964, 0.0, 0.0, 0.0, 16.36352398, -2.92260964, 0.0, 0.0, 29.22609636]",32.0,0.03432258125,local
769_1,slab,-389.51866764,25027.759,True,"[7.70839672, 0.0, -7.70839672, -0.0, 7.70839672, -7.70839672, 0.0, 0.0, 53.95877702]",72.0,2.7777777777777776e-09,local
769_4,slab,-256.32530642,15527.095,True,"[7.70839672, 0.0, 0.0, 0.0, 7.70839672, -7.70839672, 0.0, 0.0, 38.54198359]",48.0,2.0833333333333334e-09,local
76_2,slab,-787.60978821,139626.515,True,"[5.71099646, 0.0, -5.71099646, 0.0, 11.42199291, -5.71099646, 0.0, 0.0, 39.97697519]",96.0,1.30491849375,local
770_15,slab,-253.93301299,13460.602,True,"[3.29414305, 0.0, -1.90187438, -0.0, 12.75578844, -3.80374876, 0.0, 0.0, 34.23373882]",32.0,0.025886915625,local
770_19,slab,-505.60526103,26691.535,True,"[3.29414305, 0.0, -1.90187438, 0.0, 25.51157689, -3.80374876, 0.0, 0.0, 34.23373882]",64.0,0.0150537484375,local
770_28,slab,-62.96888323,437.127,True,"[3.80374876, 0.0, 0.0, -1.90187438, 3.29414305, 0.0, 0.0, 0.0, 38.26736533]",8.0,0.1156107125,local
771_14,slab,-669.8636059,97373.905,True,"[10.85583533, 0.0, -3.93863485, -0.0, 14.21248347, -3.93863485, 0.0, 0.0, 31.50907876]",96.0,0.032153683333333336,local
771_23,slab,-336.79252388,19315.355,True,"[5.42791766, 0.0, 0.0, 0.0, 14.21248347, -3.93863485, 0.0, 0.0, 27.57044392]",48.0,2.0833333333333334e-09,local
774_12,slab,-239.99866572,42308.291,True,"[3.9633827, 0.0, 0.0, 0.0, 9.69964749, -9.69964749, 0.0, 0.0, 48.49823745]",36.0,0.007991944444444446,local
774_22,slab,,,False,,,,local
774_33,slab,,,False,,,,local
776_2,slab,-133.83285361,6677.731,True,"[4.346467, 0.0, 0.0, 0.0, 4.87153319, -8.437743, 0.0, 0.0, 56.25162]",24.0,0.0,local
779_0,slab,-133.88738733,2648.943,True,"[5.89123147, 0.0, -5.89123147, -0.0, 5.89123147, -5.89123147, 0.0, 0.0, 47.12985175]",24.0,0.18081131250000002,local
77_25,slab,-85.58126847,7893.782,True,"[6.57649642, 0.0, 0.0, 0.0, 3.99445703, 0.0, 0.0, 0.0, 32.88248209]",20.0,0.870074515,local
77_33,slab,-128.05885939,4520.847,True,"[6.57649642, 0.0, 0.0, 0.0, 6.57649642, 0.0, 0.0, 0.0, 27.96119918]",30.0,0.8824875266666666,local
77_5,slab,-256.84122223,100468.396,True,"[6.57649642, 0.0, -6.57649642, -0.0, 7.98891405, -6.57649642, 0.0, 0.0, 46.03547493]",60.0,0.869851665,local
780_2,slab,-98.64873526,2368.803,True,"[5.67633124, 0.0, 0.0, 0.0, 3.5875782, -6.21386772, 0.0, 0.0, 53.85352025]",20.0,0.0,local
780_5,slab,-315.29414847,80143.383,True,"[7.1751564, 0.0, -8.28515696, 0.0, 11.35266248, -4.14257848, 0.0, 0.0, 41.42578481]",64.0,0.0,local
783_10,slab,-462.41273831,37263.708,True,"[4.42548213, 0.0, 0.0, 0.0, 9.60962508, -11.09623926, 0.0, 0.0, 44.38495704]",48.0,0.0,local
783_16,slab,-470.53033218,12912.12,True,"[4.80481254, 0.0, -2.77405981, 0.0, 8.85096426, -5.54811963, 0.0, 0.0, 38.83683741]",48.0,0.0,local
784_17,slab,-306.80379341,11486.992,True,"[4.63399811, 0.0, -2.67544006, -0.0, 10.87091667, -5.35088012, 0.0, 0.0, 37.45616081]",42.0,1.6666666666666667e-08,local
784_18,slab,-153.91654701,3191.633,True,"[4.63399811, 0.0, -2.67544006, 0.0, 5.43545834, 0.0, 0.0, 0.0, 37.45616081]",21.0,0.0,local
785_2,slab,-472.33997248,47525.089,True,"[5.74028516, 0.0, -5.74028516, 0.0, 11.48057032, -5.74028516, 0.0, 0.0, 40.18199611]",72.0,1.3888888888888888e-09,local
785_6,slab,-157.1730093,2122.684,True,"[5.74028516, 0.0, 0.0, 0.0, 5.74028516, 0.0, 0.0, 0.0, 28.70142579]",24.0,0.0,local
787_18,slab,-196.90602291,7908.084,True,"[4.29915743, 0.0, -2.4821197, 0.0, 3.94621478, 0.0, 0.0, 0.0, 34.74967581]",24.0,0.36596982083333335,local
787_4,slab,,,False,,,,local
788_20,slab,-134.03398162,7473.132,True,"[4.03631994, 0.0, 0.0, -0.0, 8.07263988, 6.14225487, 0.0, 0.0, 42.99578408]",36.0,0.0,local
789_20,slab,-158.64407847,16334.978,True,"[4.79640108, 0.0, -2.76920345, 0.0, 7.68375462, -5.53840691, 0.0, 0.0, 38.76884834]",27.0,0.0,local
789_33,slab,-106.56189215,2040.183,True,"[5.53840691, 0.0, 0.0, -2.76920345, 4.79640108, 0.0, 0.0, 0.0, 30.7350185]",18.0,5.555555555555555e-09,local
789_4,slab,-210.79053497,31626.481,True,"[7.68375462, 0.0, 0.0, 0.0, 4.79640108, -8.30761036, 0.0, 0.0, 55.38406906]",36.0,2.7777777777777776e-09,local
78_3,slab,-388.54683023,23504.1,True,"[8.00875251, 0.0, -4.00437626, 0.0, 8.00875251, -4.00437626, 0.0, 0.0, 36.03938631]",64.0,1.5625e-09,local
790_49,slab,-245.09973363,24937.738,True,"[3.48367284, 0.0, 0.0, 0.0, 11.68519386, -5.40280017, 0.0, 0.0, 37.81960116]",48.0,8.333333333333334e-09,local
790_53,slab,-161.92028239,9832.049,True,"[3.48367284, 0.0, 0.0, -0.0, 10.80560033, 5.84259693, 0.0, 0.0, 29.21298465]",32.0,0.0,local
793_53,slab,,,False,,,,local
793_68,slab,-297.93359817,61312.485,True,"[3.28554701, 0.0, 0.0, -0.0, 15.81818757, 16.59157844, 0.0, 0.0, 37.55219932]",48.0,0.19944161666666668,local
793_77,slab,-300.63563215,65926.571,True,"[9.11978804, 0.0, 0.0, -3.73930539, 6.51339406, -3.28554701, 0.0, 0.0, 32.85547006]",48.0,0.083561775,local
794_21,slab,-202.42388608,22548.412,True,"[4.00094752, 0.0, 0.0, 0.0, 12.60100142, -6.30050071, 0.0, 0.0, 31.50250355]",40.0,7.425e-07,local
795_14,slab,-165.22070359,5186.507,True,"[3.96677775, 0.0, 0.0, 0.0, 8.27438046, 0.0, 0.0, 0.0, 27.61963884]",24.0,0.0,local
795_25,slab,-123.17253,2331.075,True,"[2.76196388, 0.0, 0.0, 0.0, 8.27438046, -3.96677775, 0.0, 0.0, 31.73422201]",18.0,3.6666666666666667e-07,local
795_4,slab,-208.05489492,5213.05,True,"[8.27438046, 0.0, 0.0, 0.0, 3.96677775, -2.76196388, 0.0, 0.0, 33.1435666]",30.0,6.666666666666666e-09,local
799_13,slab,-164.79876218,37351.452,True,"[15.73383088, 0.0, 0.0, 0.0, 7.47238813, -8.62837059, 0.0, 0.0, 43.14185296]",64.0,1.25e-08,local
799_19,slab,-61.72889705,5427.922,True,"[3.73619406, 0.0, -2.15709265, -0.0, 15.73383088, -4.3141853, 0.0, 0.0, 34.51348237]",24.0,2.1666666666666667e-07,local
799_2,slab,-205.69497219,78992.286,True,"[3.73619406, 0.0, -6.47127794, -0.0, 31.46766177, -4.3141853, 0.0, 0.0, 51.77022355]",80.0,0.0,local
79_12,slab,-226.34501957,45201.239,True,"[5.9158593, 0.0, 0.0, 0.0, 13.62247674, -6.81123837, 0.0, 0.0, 34.05619186]",48.0,0.0,local
79_13,slab,-170.64241392,28040.187,True,"[6.81123837, 0.0, 0.0, -0.0, 6.81123837, 5.9158593, 0.0, 0.0, 41.41101507]",36.0,0.0,local
79_3,slab,,,False,,,,local
801_20,slab,-494.17977759,53454.063,True,"[8.83594734, 0.0, 0.0, 0.0, 5.10143658, -4.07716065, 0.0, 0.0, 36.69444581]",64.0,0.3747061453125,local
803_13,slab,-395.77762739,20591.581,True,"[8.97754134, 0.0, -3.15507352, -0.0, 5.08301776, -4.63724398, 0.0, 0.0, 37.86088221]",40.0,0.0,local
803_29,slab,-159.03441831,2946.699,True,"[4.48877067, 0.0, 0.0, 0.0, 5.08301776, -1.48217046, 0.0, 0.0, 28.39566165]",16.0,0.0,local
803_39,slab,-318.43229402,15235.085,True,"[6.31014703, 0.0, 4.48877067, 4.63724398, 5.08301776, 0.0, 0.0, 0.0, 40.39893604]",32.0,0.0,local
803_44,slab,-237.3273701,10047.504,True,"[5.29470479, 0.0, 0.0, 1.76642776, 6.05786171, 4.48877067, 0.0, 0.0, 35.91016537]",24.0,0.0,local
804_0,slab,-447.12408312,23620.533,True,"[4.80401483, 0.0, -2.75358376, 0.0, 8.83395674, -2.75358376, 0.0, 0.0, 33.04300515]",40.0,2.5e-09,local
804_12,slab,-710.46457289,47423.268,True,"[8.83395674, 0.0, 0.0, 0.0, 9.60802967, -2.75358376, 0.0, 0.0, 27.53583762]",64.0,0.0,local
807_11,slab,-565.78997663,124145.758,True,"[20.28264281, 0.0, -4.02552524, 0.0, 7.57330899, -4.02552524, 0.0, 0.0, 32.20420195]",96.0,0.042332560416666665,local
808_12,slab,-169.8024625,18631.759,True,"[3.57189523, 0.0, 0.0, 0.0, 17.6013273, -3.57189523, 0.0, 0.0, 28.57516185]",36.0,0.0,local
808_3,slab,-230.43179574,21003.886,True,"[3.57189523, 0.0, -3.57189523, -0.0, 17.6013273, -3.57189523, 0.0, 0.0, 35.71895231]",48.0,0.0,local
808_4,slab,-115.61681912,2387.434,True,"[8.80066365, 0.0, 0.0, -0.0, 3.57189523, 3.57189523, 0.0, 0.0, 35.71895231]",24.0,0.0,local
809_0,slab,-187.40166108,23904.877,True,"[8.59772106, 0.0, 0.0, 4.29886053, 2.48194829, 4.04482863, 0.0, 0.0, 52.58277224]",30.0,0.8481874533333333,local
809_15,slab,-301.07934864,29239.193,True,"[8.59772106, 0.0, 0.0, 0.0, 4.96389657, -4.04482863, 0.0, 0.0, 36.4034577]",48.0,0.8030200104166667,local
809_3,slab,-298.80408308,56669.96,True,"[13.13323586, 0.0, 0.0, 3.7523531, 3.24963311, 4.04482863, 0.0, 0.0, 40.44828634]",48.0,0.8461273458333333,local
811_44,slab,-168.54963675,5016.677,True,"[3.64882, 0.0, 0.0, 0.0, 6.53509265, -5.01148305, 0.0, 0.0, 35.08038138]",24.0,0.060671891666666665,local
811_46,slab,-341.18581853,24868.048,True,"[3.64882, 0.0, 0.0, 0.0, 13.07018531, -5.01148305, 0.0, 0.0, 35.08038138]",48.0,0.029691902083333332,local
813_4,slab,-89.84973781,6674.12,True,"[4.64091288, 0.0, 0.0, 0.0, 9.28182575, -4.64091288, 0.0, 0.0, 32.48639013]",24.0,0.0,local
814_0,slab,-116.94493588,20106.797,True,"[7.60950091, 0.0, -4.75244204, 0.0, 8.42312491, -4.75244204, 0.0, 0.0, 38.0195363]",36.0,0.0,local
814_43,slab,-78.77375933,4509.605,True,"[4.75244204, 0.0, 0.0, 0.0, 8.42312491, 0.0, 0.0, 0.0, 30.43800362]",24.0,0.0,local
814_47,slab,-157.82140999,34734.718,True,"[4.75244204, 0.0, 0.0, -0.0, 15.21900181, 8.42312491, 0.0, 0.0, 42.11562457]",48.0,0.0,local
816_58,slab,-81.77116802,2700.129,True,"[4.49358909, 0.0, 0.0, 0.0, 5.3940937, 0.0, 0.0, 0.0, 35.91320167]",16.0,1.875e-08,local
816_8,slab,-120.25875094,4728.134,True,"[7.18264033, 0.0, 0.0, 0.0, 5.3940937, -4.49358909, 0.0, 0.0, 35.94871275]",24.0,8.333333333333334e-09,local
819_1,slab,-97.17143335,20152.017,True,"[5.23868532, 0.0, -4.76749359, 0.0, 6.07284682, -4.76749359, 0.0, 0.0, 42.90744235]",32.0,0.0,local
819_2,slab,-97.16124828,47274.41,True,"[5.23868532, 0.0, -4.76749359, 0.0, 6.07284682, -4.76749359, 0.0, 0.0, 42.90744235]",32.0,0.0,local
819_47,slab,-147.67794599,92038.857,True,"[4.76749359, 0.0, 0.0, 0.0, 12.14569364, -5.23868532, 0.0, 0.0, 36.67079724]",48.0,0.0,local
81_15,slab,-290.43448608,28566.442,True,"[3.41180719, 0.0, 0.0, 0.0, 15.31743443, -3.41180719, 0.0, 0.0, 30.70626469]",40.0,5e-09,local
81_21,slab,-359.00463215,54540.798,True,"[3.41180719, 0.0, -3.41180719, -0.0, 15.31743443, -6.82361437, 0.0, 0.0, 40.94168625]",50.0,1.3e-07,local
81_24,slab,-288.69866507,44273.112,True,"[3.41180719, 0.0, 0.0, 0.0, 15.31743443, -6.82361437, 0.0, 0.0, 30.70626469]",40.0,0.0416058725,local
820_16,slab,-46.02532395,8918.186,True,"[5.41617383, 0.0, 0.0, 5.41617383, 9.38108826, 4.21612108, 0.0, 0.0, 29.51284759]",36.0,0.0,local
820_4,slab,-61.84916309,15872.33,True,"[14.32984902, 0.0, 0.0, 4.09424258, 3.54571808, 4.21612108, 0.0, 0.0, 42.16121084]",48.0,0.0,local
821_0,slab,-465.22774977,26273.57,True,"[9.60558828, 0.0, 0.0, 4.80279414, 2.77289449, 4.42207237, 0.0, 0.0, 53.06486847]",40.0,2.5e-09,local
821_19,slab,-283.74887078,3879.953,True,"[4.80279414, 0.0, -2.77289449, 0.0, 4.42207237, 0.0, 0.0, 0.0, 38.82052287]",24.0,7.583333333333333e-07,local
821_8,slab,-1106.92685599,67650.231,True,"[9.60558828, 0.0, -11.09157796, -0.0, 8.84414474, -5.54578898, 0.0, 0.0, 44.36631185]",96.0,4.166666666666667e-09,local
823_29,slab,-430.94984985,97921.888,True,"[9.53363715, 0.0, 0.0, 0.0, 13.83535592, -5.54420437, 0.0, 0.0, 27.72102184]",80.0,0.03920388125,local
824_11,slab,-72.6652224,7676.058,True,"[2.89678702, 0.0, 0.0, 0.0, 6.84217645, -11.85099725, 0.0, 0.0, 55.30465385]",27.0,0.0,local
824_17,slab,-192.33640957,134325.056,True,"[20.90319435, 0.0, 0.0, 5.97234124, 5.17219924, 2.89678702, 0.0, 0.0, 28.96787022]",72.0,0.0,local
824_28,slab,-95.24597784,17210.932,True,"[2.89678702, 0.0, 0.0, 0.0, 13.68435291, -15.80132967, 0.0, 0.0, 39.50332418]",36.0,0.0,local
824_43,slab,-192.98699332,36710.718,True,"[13.68435291, 0.0, 0.0, 0.0, 7.90066484, -2.89678702, 0.0, 0.0, 28.96787022]",72.0,0.0,local
825_13,slab,-105.67864182,7737.748,True,"[4.58590265, 0.0, -2.64767213, 0.0, 4.45934305, 0.0, 0.0, 0.0, 37.06740979]",18.0,1.0115790222222223,local
825_16,slab,-209.83572698,32229.255,True,"[5.29534426, 0.0, 0.0, 5.29534426, 9.17180529, 4.45934305, 0.0, 0.0, 31.21540133]",36.0,1.0392378305555556,local
827_53,slab,-78.76569619,3648.344,True,"[3.92841207, 0.0, 0.0, -0.0, 10.48803891, 4.59276799, 0.0, 0.0, 29.79133257]",16.0,0.0,local
827_98,slab,-119.83205008,5187.94,True,"[5.95826651, 0.0, 0.0, -1.36549852, 10.48803891, 0.0, 0.0, 0.0, 27.4988845]",24.0,0.0,local
828_11,slab,-181.71603122,15673.361,True,"[6.09567548, 0.0, 0.0, 0.0, 6.72066323, -3.36033162, 0.0, 0.0, 30.24298455]",32.0,0.1120249875,local
829_12,slab,-348.34555461,35283.658,True,"[3.21980919, 0.0, 0.0, 0.0, 24.00982658, -3.21980919, 0.0, 0.0, 28.9782827]",48.0,3.235e-05,local
829_18,slab,-173.61777206,3704.323,True,"[3.21980919, 0.0, 0.0, 0.0, 12.00491329, -6.43961838, 0.0, 0.0, 32.19809189]",24.0,1.1958333333333332e-06,local
82_3,slab,-462.51634963,90268.118,True,"[9.69108017, 0.0, 5.49670982, 3.28354448, 4.58687567, 11.12220286, 0.0, 0.0, 67.5059165]",80.0,0.0,local
831_10,slab,-102.80186799,30735.438,True,"[16.17879669, 0.0, -3.1920336, 0.0, 10.11581889, -3.1920336, 0.0, 0.0, 31.92033604]",96.0,0.0,local
831_11,slab,-50.85084214,5415.007,True,"[5.05790944, 0.0, 0.0, 0.0, 16.17879669, -3.1920336, 0.0, 0.0, 28.72830243]",48.0,0.0,local
831_76,slab,-80.73169242,19935.011,True,"[3.1920336, 0.0, 0.0, -0.0, 32.35759339, 5.05790944, 0.0, 0.0, 35.4053661]",72.0,0.0,local
836_15,slab,-713.84248561,78127.582,True,"[9.85027543, 0.0, -4.60966951, 0.0, 11.20525788, -4.60966951, 0.0, 0.0, 32.26768659]",96.0,1.0416666666666667e-09,local
837_0,slab,-113.84679379,1203.118,True,"[5.74130353, 0.0, 0.0, 2.87065176, 2.87065176, 4.05971466, 0.0, 0.0, 48.71657589]",20.0,0.0,local
837_4,slab,-134.6558336,6317.661,True,"[4.05971466, 0.0, 0.0, 0.0, 8.11942932, -4.05971466, 0.0, 0.0, 32.47771726]",24.0,0.0,local
838_18,slab,-151.66610052,91971.585,True,"[10.1050343, 0.0, 5.57835665, 10.1050343, 10.77550556, -0.0, 0.0, 0.0, 39.04849654]",60.0,0.0,local
838_3,slab,,,False,,,,local
839_7,slab,-155.04234527,8994.564,True,"[5.17001413, 0.0, 0.0, 0.0, 6.88061056, -7.94504472, 0.0, 0.0, 39.72522359]",32.0,0.0,local
83_13,slab,-296.77185264,9537.296,True,"[5.53804514, 0.0, 0.0, 2.76902257, 4.79608778, 4.41510167, 0.0, 0.0, 39.73591502]",32.0,0.0,local
840_11,slab,-88.20510761,4588.26,True,"[3.62905643, 0.0, -2.0952367, -0.0, 5.34667906, -4.19047341, 0.0, 0.0, 37.71426067]",24.0,0.0,local
841_17,slab,-64.18476919,10322.076,True,"[3.8795558, 0.0, -2.23986258, -0.0, 16.76092227, -4.47972517, 0.0, 0.0, 31.35807616]",24.0,0.0,local
842_29,slab,-222.55607799,99799.991,True,"[4.1134662, 0.0, 0.0, -0.0, 9.95115941, 13.79306053, 0.0, 0.0, 48.34453136]",60.0,0.0,local
842_8,slab,-223.34793788,16900.674,True,"[6.90636162, 0.0, 0.0, 6.88669891, 9.95115941, 4.1134662, 0.0, 0.0, 28.79426342]",60.0,0.0,local
843_24,slab,-296.48573711,29717.678,True,"[16.97776903, 0.0, 0.0, 1.73884538, 3.42597057, 3.81508527, 0.0, 0.0, 38.15085265]",48.0,0.0,local
843_38,slab,-218.2378755,31632.571,True,"[3.84198615, 0.0, 0.0, -0.0, 15.13939268, 7.63017053, 0.0, 0.0, 30.52068212]",36.0,3.9480555555555554e-05,local
845_20,slab,-647.47350869,158391.756,True,"[11.36531712, 0.0, -5.68265856, -0.0, 11.36531712, -5.68265856, 0.0, 0.0, 39.77860993]",96.0,0.021213246874999998,local
846_0,slab,-402.7445148,94283.539,True,"[9.69612027, 0.0, -5.71116239, -0.0, 10.02901667, -5.71116239, 0.0, 0.0, 39.97813674]",72.0,1.3888888888888888e-09,local
846_19,slab,,,False,,,,local
846_3,slab,-403.92619351,75726.087,True,"[9.69612027, 0.0, -5.71116239, -0.0, 10.02901667, -5.71116239, 0.0, 0.0, 39.97813674]",72.0,8.333333333333334e-09,local
846_8,slab,-401.90519117,74483.491,True,"[10.02901667, 0.0, 0.0, 0.0, 9.69612027, -5.71116239, 0.0, 0.0, 39.97813674]",72.0,0.0,local
848_14,slab,-123.23157805,54496.092,True,"[7.47374378, 0.0, 0.0, -0.0, 7.47374378, 5.78170733, 0.0, 0.0, 40.47195134]",36.0,0.0,local
848_21,slab,-161.82560748,32605.088,True,"[10.56946981, 0.0, 0.0, 10.56946981, 10.56946981, 5.78170733, 0.0, 0.0, 28.90853667]",48.0,0.0,local
849_5,slab,-489.34035069,115280.774,True,"[5.76486652, 0.0, 0.0, 0.0, 11.52973304, -5.76486652, 0.0, 0.0, 28.8243326]",64.0,0.94545115625,local
84_1,slab,-238.78015618,30765.913,True,"[5.5809192, 0.0, -3.261513, -0.0, 6.32786803, -3.261513, 0.0, 0.0, 32.61512997]",32.0,0.0,local
84_47,slab,-236.08679369,8382.721,True,"[3.261513, 0.0, 0.0, 0.0, 12.65573606, -5.5809192, 0.0, 0.0, 27.90459601]",32.0,0.01028786875,local
84_50,slab,-118.40210336,2308.598,True,"[3.261513, 0.0, 0.0, 0.0, 6.32786803, 0.0, 0.0, 0.0, 27.90459601]",16.0,0.0,local
84_54,slab,-237.12096068,6642.689,True,"[3.261513, 0.0, 0.0, -0.0, 11.16183841, 6.32786803, 0.0, 0.0, 31.63934014]",32.0,0.0,local
850_0,slab,-124.54334194,6466.683,True,"[3.05715288, 0.0, -3.05715288, -0.0, 3.42435322, -3.05715288, 0.0, 0.0, 45.85729319]",12.0,0.0,local
850_11,slab,-61.62988923,607.952,True,"[3.05715288, 0.0, 0.0, 0.0, 3.05715288, 0.0, 0.0, 0.0, 27.39482577]",6.0,0.006445533333333333,local
851_8,slab,-65.0551023,5123.555,True,"[4.15543707, 0.0, 0.0, 0.0, 8.28469996, -4.15543707, 0.0, 0.0, 33.24349658]",24.0,0.0,local
853_17,slab,-221.72806645,3658.845,True,"[3.21869316, 0.0, 0.0, -0.0, 7.87351566, -6.43738631, 0.0, 0.0, 38.62431786]",30.0,6.666666666666666e-09,local
853_9,slab,-355.33607844,13002.968,True,"[7.87351566, 0.0, 0.0, 0.0, 6.43738631, -3.21869316, 0.0, 0.0, 32.18693155]",48.0,0.0,local
855_16,slab,-486.04885454,101781.469,True,"[3.92846312, 0.0, 0.0, 0.0, 29.55783459, -3.92846312, 0.0, 0.0, 27.49924181]",72.0,0.19571064166666666,local
855_17,slab,-243.72834438,14414.577,True,"[3.92846312, 0.0, 0.0, 0.0, 14.77891729, 0.0, 0.0, 0.0, 27.49924181]",36.0,0.1995721027777778,local
859_15,slab,-76.55246418,2489.366,True,"[4.85319101, 0.0, 0.0, -0.0, 4.18912673, 2.80199114, 0.0, 0.0, 33.62389364]",20.0,0.0,local
85_5,slab,-275.77173182,22533.036,True,"[11.60910191, 0.0, 0.0, 3.31688626, 2.87250776, 2.83319577, 0.0, 0.0, 36.83154502]",30.0,0.035328273333333333,local
861_1,slab,-57.61180754,5102.236,True,"[3.75352055, 0.0, -3.75352055, 0.0, 7.50704111, -3.75352055, 0.0, 0.0, 37.53520554]",16.0,0.03839610625,local
862_3,slab,-350.54926163,12741.896,True,"[7.70007041, 0.0, -3.8500352, -0.0, 8.6282159, -3.8500352, 0.0, 0.0, 34.65031684]",64.0,1.5625e-09,local
862_7,slab,-127.54162018,2751.539,True,"[3.8500352, 0.0, 0.0, 0.0, 8.6282159, -3.8500352, 0.0, 0.0, 30.80028164]",24.0,0.09052615833333333,local
863_3,slab,-224.50812509,6493.523,True,"[4.90795995, 0.0, 0.0, 0.0, 4.90795995, -4.90795995, 0.0, 0.0, 39.26367957]",24.0,3.2083333333333337e-07,local
864_15,slab,-388.79199115,88618.46,True,"[3.832552, 0.0, 0.0, 0.0, 29.83752149, -3.91292029, 0.0, 0.0, 27.390442]",72.0,0.011761616666666667,local
864_17,slab,-260.6134233,35060.827,True,"[14.91876075, 0.0, 0.0, -0.0, 3.91292029, 3.832552, 0.0, 0.0, 38.32552002]",48.0,0.0,local
864_1,slab,-260.73611958,94775.989,True,"[15.42337082, 0.0, 0.0, 0.99271069, 3.78490035, 3.832552, 0.0, 0.0, 38.32552002]",48.0,0.0,local
865_2,slab,-474.2287888,22702.278,True,"[3.229367, 0.0, 3.229367, 3.229367, 15.7339055, 0.0, 0.0, 0.0, 38.75240396]",60.0,1e-08,local
866_11,slab,-343.28716948,19233.037,True,"[9.44282811, 0.0, -3.42223573, 5.5536588, 6.81392556, 0.0, 0.0, 0.0, 30.80012154]",48.0,2.925e-06,local
866_66,slab,-341.32147442,25953.322,True,"[9.44282811, 0.0, -3.42223573, 14.99648691, 6.81392556, 0.0, 0.0, 0.0, 34.22235727]",48.0,0.0,local
866_79,slab,-345.80780882,61880.389,True,"[9.44282811, 0.0, 0.0, -3.88916931, 6.81392556, -3.42223573, 0.0, 0.0, 30.80012154]",48.0,0.02733790833333333,local
867_4,slab,-195.96284797,8635.389,True,"[13.80170712, 0.0, 0.0, 0.0, 3.08924919, -3.08924919, 0.0, 0.0, 37.07099028]",30.0,0.15302391999999998,local
868_5,slab,-231.70290365,46301.325,True,"[7.27021295, 0.0, -8.3949188, -0.0, 10.15602347, -4.1974594, 0.0, 0.0, 41.97459401]",64.0,0.0,local
868_7,slab,-115.91628697,21168.045,True,"[5.07801173, 0.0, 0.0, 0.0, 7.27021295, -8.3949188, 0.0, 0.0, 41.97459401]",32.0,0.0,local
869_25,slab,-180.03069115,18614.072,True,"[4.14977107, 0.0, 0.0, 0.0, 13.01920885, -8.02908847, 0.0, 0.0, 32.11635388]",36.0,2.222222222222222e-08,local
870_0,slab,-326.88197805,9956.647,True,"[4.16757117, 0.0, -7.21844501, -0.0, 6.60453038, -4.81229667, 0.0, 0.0, 57.74756006]",45.0,4.444444444444444e-09,local
870_25,slab,-195.91727904,4955.226,True,"[4.16757117, 0.0, -2.40614834, 0.0, 6.60453038, 0.0, 0.0, 0.0, 33.6860767]",27.0,3.7037037037037036e-09,local
870_7,slab,-521.11082235,65780.598,True,"[8.33514234, 0.0, -9.62459334, -0.0, 6.60453038, -4.81229667, 0.0, 0.0, 48.12296672]",72.0,0.0,local
871_40,slab,-404.13268117,22924.734,True,"[6.94237279, 0.0, 0.0, 5.81738935, 6.85061692, 6.16682904, 0.0, 0.0, 43.16780328]",48.0,2.0833333333333334e-09,local
871_46,slab,-199.49560418,9283.514,True,"[4.49368922, 0.0, 0.0, -0.0, 6.16682904, -5.29181417, 0.0, 0.0, 37.04269917]",24.0,1.6666666666666667e-08,local
871_55,slab,-132.20690105,2994.165,True,"[4.49368922, 0.0, 0.0, 0.0, 6.16682904, 0.0, 0.0, 0.0, 26.45907083]",16.0,0.0,local
871_59,slab,-265.01613147,13773.711,True,"[4.49368922, 0.0, 0.0, -0.0, 10.58362833, 6.16682904, 0.0, 0.0, 30.8341452]",32.0,6.25e-09,local
872_0,slab,-138.364039,6371.707,True,"[6.01763404, 0.0, -3.22496052, -0.0, 6.74619542, -3.22496052, 0.0, 0.0, 32.24960519]",24.0,0.0,local
872_38,slab,-138.66489188,3142.622,True,"[3.22496052, 0.0, 0.0, -0.0, 12.03526808, 6.74619542, 0.0, 0.0, 33.73097711]",24.0,0.0,local
872_7,slab,-275.95481055,25748.378,True,"[12.03526808, 0.0, -3.22496052, 0.0, 6.74619542, -3.22496052, 0.0, 0.0, 32.24960519]",48.0,0.0,local
873_30,slab,-669.13675298,33068.597,True,"[6.51382347, 0.0, 0.0, -0.0, 13.02764694, 3.34594042, 0.0, 0.0, 30.11346377]",80.0,0.0,local
875_23,slab,-409.38754556,81165.474,True,"[16.56204295, 0.0, 0.0, 1.65634215, 3.31251197, 3.67685676, 0.0, 0.0, 44.12228112]",60.0,0.0,local
875_40,slab,-324.76120851,13087.894,True,"[3.70353951, 0.0, 0.0, -0.0, 14.81338743, 7.35371352, 0.0, 0.0, 33.09171084]",48.0,0.0,local
879_5,slab,-156.51617574,63110.44,True,"[6.54239047, 0.0, -7.5545018, -0.0, 6.80890844, -3.7772509, 0.0, 0.0, 45.32701082]",30.0,0.027057136666666665,local
880_40,slab,-281.85921612,26591.288,True,"[5.06903548, 0.0, 0.0, 0.0, 8.66404833, 0.0, 0.0, 0.0, 35.31263872]",48.0,3.9583333333333334e-08,local
881_7,slab,-113.04392608,2925.446,True,"[2.72622515, 0.0, 0.0, 0.0, 7.53314179, -2.72622515, 0.0, 0.0, 27.26225154]",16.0,1.69599646875,local
882_30,slab,-295.73762718,53265.754,True,"[6.64146285, 0.0, 5.72050782, 3.32073142, 6.51223722, 0.0, 0.0, 0.0, 40.04355477]",48.0,0.0,local
882_37,slab,-296.91907787,54810.668,True,"[6.61448917, 0.0, 0.0, 3.33427326, 5.74383587, 6.51223722, 0.0, 0.0, 45.58566054]",48.0,0.0,local
882_44,slab,-147.67957716,5555.4,True,"[3.32073142, 0.0, 0.0, -0.0, 6.51223722, -5.72050782, 0.0, 0.0, 40.04355477]",24.0,0.0,local
885_1,slab,,,False,,,,local
887_12,slab,-333.35260718,20923.672,True,"[3.95682495, 0.0, 0.0, 0.0, 16.91587715, -2.84231388, 0.0, 0.0, 28.42313879]",48.0,2.0833333333333334e-09,local
887_2,slab,-419.16927108,37997.331,True,"[3.95682495, 0.0, -2.84231388, 0.0, 16.91587715, -2.84231388, 0.0, 0.0, 34.10776655]",60.0,0.0,local
888_18,slab,-360.99792239,29832.078,True,"[6.71862559, 0.0, 0.0, 0.0, 10.55001317, -6.71862559, 0.0, 0.0, 33.59312795]",48.0,8.75e-08,local
888_22,slab,-550.28965983,81789.111,True,"[9.50157143, 0.0, 0.0, 9.50157143, 9.50157143, 5.27500658, 0.0, 0.0, 36.92504608]",72.0,2.7777777777777776e-09,local
889_10,slab,-103.77266041,7420.536,True,"[5.36741613, 0.0, 0.0, 0.0, 7.08004646, -8.17533346, 0.0, 0.0, 40.8766673]",24.0,0.0,local
889_14,slab,-75.85618965,3456.04,True,"[3.54002323, 0.0, -2.04383337, 0.0, 10.73483226, -4.08766673, 0.0, 0.0, 32.70133384]",18.0,0.0,local
89_2,slab,-666.71071223,106771.674,True,"[7.68663287, 0.0, -7.68663287, 0.0, 15.37326573, -7.68663287, 0.0, 0.0, 38.43316434]",96.0,2.0833333333333334e-09,local
93_16,slab,-163.84436295,14729.758,True,"[5.24574384, 0.0, 0.0, 0.0, 12.7382465, -3.88232989, 0.0, 0.0, 31.05863911]",36.0,0.0,local
93_35,slab,-166.18385113,16491.284,True,"[3.88232989, 0.0, 0.0, 0.0, 12.7382465, -5.24574384, 0.0, 0.0, 36.72020687]",36.0,0.0,local
94_1,slab,-189.15259663,29862.788,True,"[13.73238516, 0.0, -4.48770043, 0.0, 4.48849166, -4.48770043, 0.0, 0.0, 40.38930389]",48.0,1.6666666666666667e-08,local
96_24,slab,-572.41060391,103786.746,True,"[13.46903163, 0.0, 0.0, 10.08327796, 5.84290128, 2.80975503, 0.0, 0.0, 28.09755028]",64.0,0.0737561890625,local
96_2,slab,-430.57082685,46296.573,True,"[8.91940697, 0.0, 0.0, 3.80664292, 4.41162862, 5.61951006, 0.0, 0.0, 42.14632542]",48.0,2.0833333333333334e-09,local
96_39,slab,-361.28623642,36772.72,True,"[5.82692007, 0.0, 0.0, -0.0, 6.75298625, 5.61951006, 0.0, 0.0, 33.71706034]",40.0,7.0565e-05,local
96_40,slab,-144.89132747,4929.657,True,"[5.82692007, 0.0, 0.0, 0.0, 2.80975503, 0.0, 0.0, 0.0, 33.76493126]",16.0,1.86e-05,local
